event_count,avg_time_delta,max_time_delta,min_time_delta,std_time_delta,unique_processes,total_processes,process_entropy,unique_commands,total_commands,avg_command_length,max_command_length,min_command_length,cmd_entropy,suspicious_patterns,contains_sudo,contains_pipe,contains_redirect,command_complexity_score,suspicion_intensity,entropy_variance,process_concentration,command_concentration,attack_vector_score,label
12,63.27272727272727,110.0,19.0,29.939608636207254,4,12,1.9591479164501666,8,12,22.083333333333332,49,2,2.8553885410533777,3,0.0,0.0,0.0,1.2611299389652417,0.23076923076923078,0.8962406246032111,0.2,0.1111111111111111,0.26119658119658123,0
12,112.0909090909091,296.0,10.0,96.24443742646734,7,12,2.5849624997112697,12,12,7.666666666666667,16,2,3.5849624989899223,1,0.0,0.0,0.0,1.6167477936621217,0.07692307692307693,0.9999999992786526,0.125,0.07692307692307693,0.2105769230769231,1
23,55.77272727272727,118.0,15.0,34.56999726271036,4,23,1.985277589931944,8,23,7.3478260869565215,30,2,2.8555389993984965,12,1.0,0.0,1.0,0.6768388371645805,0.5,0.8702614094665526,0.2,0.1111111111111111,0.7688888888888891,0
4,115.33333333333333,200.0,42.0,64.9991452935259,3,4,1.4999999995671913,4,4,8.0,10,5,1.9999999994229218,1,0.0,0.0,0.0,1.4545454541257614,0.2,0.4999999998557305,0.25,0.2,0.23500000000000004,1
7,134.16666666666666,265.0,2.0,103.22534680117195,4,7,1.8423709926000305,7,7,9.714285714285714,19,4,2.8073549210477173,0,0.0,0.0,0.0,1.3635723902231769,0.0,0.9649839284476869,0.2,0.125,0.16750000000000004,1
6,50.2,108.0,8.0,43.425338225510686,3,6,1.459147916594436,4,6,30.166666666666668,49,3,1.7924812497835,3,0.0,0.0,0.0,1.0814636873693786,0.42857142857142855,0.333333333189064,0.25,0.2,0.32642857142857146,0
29,52.142857142857146,117.0,0.0,35.14227641796608,4,29,1.8933544962388702,11,29,8.551724137931034,30,2,2.996802771091053,21,1.0,0.0,1.0,0.8267042127147732,0.7,1.1034482748521828,0.2,0.08333333333333333,0.8516666666666667,0
11,59.8,120.0,1.0,41.583169672356625,3,11,1.24067053124388,7,11,29.0,63,2,2.7321588903546834,4,0.0,1.0,1.0,1.238009497191966,0.3333333333333333,1.4914883591108035,0.25,0.125,0.6958333333333334,0
32,55.193548387096776,115.0,2.0,35.01743285190936,4,32,1.9192789738607006,12,32,5.625,15,2,3.3273191409146894,3,0.0,0.0,0.0,1.1697606354778205,0.09090909090909091,1.4080401670539888,0.2,0.07692307692307693,0.2086713286713287,0
32,53.03225806451613,119.0,4.0,34.11411955430861,4,32,1.8496017521375032,13,32,7.25,15,2,3.38981914077042,10,0.0,0.0,0.0,1.5360117981615966,0.30303030303030304,1.5402173886329167,0.2,0.07142857142857142,0.2940692640692641,0
12,168.0,276.0,4.0,95.95074494002354,10,12,3.2516291659451277,12,12,9.75,18,3,3.5849624989899223,2,0.0,0.0,0.0,1.8396518086921971,0.15384615384615385,0.3333333330447945,0.09090909090909091,0.07692307692307693,0.24475524475524477,1
12,128.36363636363637,267.0,5.0,81.3904983590867,9,12,2.9182958327560637,12,12,9.583333333333334,16,2,3.5849624989899223,0,0.0,0.0,0.0,2.0209347420776522,0.0,0.6666666662338585,0.1,0.07692307692307693,0.18230769230769234,1
18,52.1764705882353,108.0,4.0,35.708353437120444,4,18,1.81634011327633,8,18,6.222222222222222,11,2,2.705229001588141,3,0.0,0.0,0.0,1.4027113341568136,0.15789473684210525,0.8888888883118109,0.2,0.1111111111111111,0.232046783625731,0
32,59.903225806451616,120.0,3.0,36.28592088000939,4,32,1.9620310224310333,8,32,49.03125,78,3,2.7290301718753094,15,0.0,1.0,0.0,1.6937691217058388,0.45454545454545453,0.766999149444276,0.2,0.1111111111111111,0.5507070707070707,0
22,176.1904761904762,299.0,3.0,96.7892256142766,14,22,3.533771254044784,22,22,9.545454545454545,16,2,4.459431615463368,1,0.0,0.0,0.0,2.503958928468736,0.043478260869565216,0.9256603614185837,0.06666666666666667,0.043478260869565216,0.2063768115942029,1
4,53.333333333333336,76.0,11.0,29.95923155816176,4,4,1.9999999994229218,4,4,8.25,13,3,1.9999999994229218,0,0.0,0.0,0.0,1.1785714282313646,0.0,0.0,0.2,0.2,0.16000000000000003,1
7,67.5,109.0,29.0,30.225541075939955,4,7,1.8423709926000305,4,7,47.714285714285715,78,2,1.9502120643376688,2,0.0,1.0,0.0,1.1778857676108163,0.25,0.10784107173763835,0.2,0.2,0.4600000000000001,0
7,27.833333333333332,49.0,3.0,14.780805871880675,3,7,1.378783493053367,7,7,5.285714285714286,15,2,2.8073549210477173,1,0.0,0.0,0.0,0.9274297507032637,0.125,1.4285714279943504,0.25,0.125,0.21250000000000002,0
5,39.5,77.0,15.0,24.387496796514398,2,5,0.7219280945988233,4,5,16.6,27,2,1.9219280943102843,0,0.0,0.0,0.0,1.1394287987696685,0.0,1.199999999711461,0.3333333333333333,0.2,0.1466666666666667,0
26,60.04,113.0,2.0,36.83094351221538,4,26,1.8843135272227207,8,26,23.03846153846154,36,2,2.7036648338756426,10,0.0,0.0,1.0,1.6834669807604055,0.37037037037037035,0.8193513066529219,0.2,0.1111111111111111,0.5170370370370371,0
21,71.75,118.0,8.0,28.797352308849508,4,21,1.7723388503610216,10,21,31.666666666666668,63,2,3.0649696603395307,11,0.0,1.0,1.0,1.5165214465221637,0.5,1.292630809978509,0.2,0.09090909090909091,0.7709090909090911,0
17,59.625,112.0,0.0,34.66604065941191,4,17,1.9328045769620448,7,17,22.647058823529413,49,2,2.469240781162398,4,0.0,0.0,0.0,1.118420824408851,0.2222222222222222,0.5364362042003532,0.2,0.125,0.25638888888888894,0
11,129.9,221.0,40.0,54.67805775628831,8,11,2.9139770720285956,11,11,8.272727272727273,12,4,3.459431617050333,1,0.0,0.0,0.0,2.201456483577485,0.08333333333333333,0.5454545450217374,0.1111111111111111,0.08333333333333333,0.2138888888888889,1
14,71.84615384615384,112.0,13.0,32.27965816673012,4,14,1.9852281354571732,8,14,18.428571428571427,49,2,2.896291527891772,2,0.0,0.0,0.0,1.0674903059943959,0.13333333333333333,0.9110633924345986,0.2,0.1111111111111111,0.22222222222222227,0
23,164.1818181818182,278.0,2.0,72.89010181189734,13,23,3.464234650851062,22,23,7.913043478260869,19,2,4.436605431143953,4,0.0,0.0,0.0,1.7553525836265205,0.16666666666666666,0.9723707802928905,0.07142857142857142,0.043478260869565216,0.255175983436853,1
19,57.27777777777778,106.0,0.0,31.56088570006931,4,19,1.9937737537449056,7,19,43.1578947368421,78,3,2.6358648554289257,6,0.0,1.0,0.0,1.4399794679891533,0.3,0.6420911016840201,0.2,0.125,0.48750000000000004,0
16,127.2,273.0,12.0,87.62967533889419,12,16,3.4528195293835493,15,16,8.875,12,4,3.8749999978359577,2,0.0,0.0,0.0,2.6454326908303174,0.11764705882352941,0.4221804684524084,0.07692307692307693,0.0625,0.23311651583710408,1
12,141.8181818181818,274.0,15.0,85.1776946707381,11,12,3.418295832467525,12,12,7.916666666666667,13,3,3.5849624989899223,1,0.0,0.0,0.0,2.027210936928825,0.07692307692307693,0.16666666652239703,0.08333333333333333,0.07692307692307693,0.21474358974358976,1
14,118.46153846153847,284.0,31.0,77.52380813919274,13,14,3.664497777324958,14,14,6.857142857142857,13,2,3.8073549200378314,0,0.0,0.0,0.0,1.8648268996103663,0.0,0.1428571427128733,0.07142857142857142,0.06666666666666667,0.18619047619047618,1
36,61.4,120.0,0.0,36.44816279908456,4,36,1.9182958334774112,11,36,30.666666666666668,63,2,3.2029043356016427,15,0.0,1.0,1.0,1.534724994142454,0.40540540540540543,1.2846085021242315,0.2,0.08333333333333333,0.7338288288288289,0
4,171.66666666666666,261.0,69.0,78.94864716313312,3,4,1.4999999995671913,4,4,5.5,9,2,1.9999999994229218,0,0.0,0.0,0.0,1.099999999682607,0.0,0.4999999998557305,0.25,0.2,0.15500000000000003,1
6,87.4,120.0,70.0,17.613631085043195,3,6,1.459147916594436,2,6,56.666666666666664,63,44,0.9182958337659504,6,0.0,1.0,1.0,0.8130744361469352,0.8571428571428571,0.5408520828284857,0.25,0.3333333333333333,0.8845238095238095,0
19,163.77777777777777,292.0,32.0,94.13970443238752,12,19,3.471354485282695,19,19,10.263157894736842,16,2,4.247927510702465,2,0.0,0.0,0.0,2.5645382804550483,0.1,0.7765730254197698,0.07692307692307693,0.05,0.22730769230769232,1
6,218.8,300.0,146.0,64.73762429993859,5,6,2.251629166666475,6,6,8.166666666666666,13,2,2.584962499855539,1,0.0,0.0,0.0,1.5078947915823977,0.14285714285714285,0.333333333189064,0.16666666666666666,0.14285714285714285,0.22619047619047622,1
25,142.0,296.0,1.0,93.51693251313725,12,25,3.4332696877838744,25,25,8.8,14,2,4.643856186167987,0,0.0,0.0,0.0,2.7243956292185527,0.0,1.2105864983841128,0.07692307692307693,0.038461538461538464,0.18846153846153846,1
38,53.54054054054054,115.0,0.0,36.995686084961385,4,38,1.9488723207082028,11,38,29.210526315789473,63,2,3.2969021042929993,17,0.0,1.0,1.0,1.5047538387192554,0.4358974358974359,1.3480297835847965,0.2,0.08333333333333333,0.7460256410256411,0
26,64.28,118.0,8.0,37.499354661113834,4,26,1.8972601318593718,9,26,49.57692307692308,78,2,2.727970004721733,13,0.0,1.0,0.0,1.711953912408137,0.48148148148148145,0.830709872862361,0.2,0.1,0.5625925925925926,0
32,61.225806451612904,118.0,5.0,31.89368395094143,4,32,1.899214630216736,10,32,18.9375,49,2,3.024397468905004,4,0.0,0.0,0.0,1.1454905413477703,0.12121212121212122,1.125182838688268,0.2,0.09090909090909091,0.21939393939393942,0
20,131.52631578947367,290.0,5.0,90.62959225159157,14,20,3.684183717759416,19,20,8.3,14,2,4.221928092146242,2,0.0,0.0,0.0,2.3361335443209206,0.09523809523809523,0.537744374386826,0.06666666666666667,0.05,0.22642857142857145,1
23,163.0,297.0,38.0,72.77049851791216,15,23,3.7294461927412135,23,23,8.695652173913043,13,4,4.523561952738814,1,0.0,0.0,0.0,2.809665809154543,0.041666666666666664,0.7941157599976005,0.0625,0.041666666666666664,0.20625,1
22,177.38095238095238,298.0,11.0,92.04474904992897,15,22,3.788754911829461,22,22,8.227272727272727,18,2,4.459431615463368,1,0.0,0.0,0.0,1.9309979004757645,0.043478260869565216,0.670676703633907,0.0625,0.043478260869565216,0.20679347826086958,1
28,56.18518518518518,120.0,4.0,36.178607385762014,4,28,1.9437545833596674,7,28,37.57142857142857,63,3,2.5566567064529364,14,0.0,1.0,1.0,1.500894450440005,0.4827586206896552,0.612902123093269,0.2,0.125,0.7606034482758622,0
17,122.9375,261.0,27.0,74.11517114430757,13,17,3.572469456894632,17,17,9.705882352941176,19,3,4.087462838797758,0,0.0,0.0,0.0,1.9836216717694999,0.0,0.514993381903126,0.07142857142857142,0.05555555555555555,0.1873015873015873,1
29,56.142857142857146,120.0,1.0,39.13503571492127,4,29,1.848566209933808,10,29,16.551724137931036,36,2,3.1087032021952026,6,0.0,0.0,1.0,1.3906594007956172,0.2,1.2601369922613945,0.2,0.09090909090909091,0.4509090909090909,0
18,146.52941176470588,258.0,25.0,85.75897665040416,12,18,3.503258333044412,18,18,7.111111111111111,13,2,4.169924998845461,0,0.0,0.0,0.0,2.1180571422707106,0.0,0.6666666658010496,0.07692307692307693,0.05263157894736842,0.1870445344129555,1
22,112.61904761904762,299.0,1.0,90.83605126059136,16,22,3.9139770708744397,22,22,8.272727272727273,13,2,4.459431615463368,2,0.0,0.0,0.0,2.6351186818647174,0.08695652173913043,0.5454545445889281,0.058823529411764705,0.043478260869565216,0.22455242966751918,1
37,52.5,118.0,1.0,34.504830579693234,4,37,1.9183964835577831,14,37,6.378378378378378,15,2,3.566996608658718,7,0.0,0.0,0.0,1.4219783777761106,0.18421052631578946,1.648600125100935,0.2,0.06666666666666667,0.24701754385964914,0
31,67.8,120.0,5.0,29.75275897570958,4,31,1.8495291542210288,10,31,20.451612903225808,53,2,3.235350743939526,2,0.0,1.0,0.0,1.2253359448373116,0.0625,1.3858215897184971,0.2,0.09090909090909091,0.395909090909091,0
16,41.06666666666667,95.0,3.0,24.444404040370646,4,16,1.9772170008854044,8,16,23.125,49,2,2.8278195299606272,3,0.0,0.0,0.0,1.3078665326067902,0.17647058823529413,0.8506025290752228,0.2,0.1111111111111111,0.2394771241830066,0
11,127.6,219.0,17.0,57.48773782294795,9,11,3.095795253702508,11,11,8.272727272727273,13,4,3.459431617050333,0,0.0,0.0,0.0,2.0442095918933787,0.0,0.3636363633478248,0.1,0.08333333333333333,0.1816666666666667,1
36,56.142857142857146,118.0,2.0,34.801595084251,4,36,1.9411872988542813,8,36,25.61111111111111,49,3,2.7615021001704436,10,0.0,0.0,0.0,1.4145027424206384,0.2702702702702703,0.8203148013161623,0.2,0.1111111111111111,0.27699699699699704,0
4,197.33333333333334,295.0,82.0,87.84961898355368,4,4,1.9999999994229218,4,4,6.5,8,5,1.9999999994229218,1,0.0,0.0,0.0,1.4444444440276658,0.2,0.0,0.2,0.2,0.24000000000000005,1
13,53.916666666666664,107.0,3.0,30.660665173620888,4,13,1.854285871410168,7,13,38.15384615384615,63,3,2.6235166402081287,8,0.0,1.0,1.0,1.564019535508692,0.5714285714285714,0.7692307687979607,0.2,0.125,0.7960714285714287,0
38,64.72972972972973,120.0,4.0,34.70388143152637,4,38,1.918507087273168,10,38,24.526315789473685,36,2,2.8850209345845523,13,0.0,0.0,1.0,1.9124036351584657,0.3333333333333333,0.9665138473113843,0.2,0.09090909090909091,0.5042424242424243,0
30,51.93103448275862,114.0,1.0,30.95818206647283,4,30,1.8593598628574215,9,30,24.8,53,3,3.0192509115404036,5,0.0,1.0,0.0,1.386618937151889,0.16129032258064516,1.159891048682982,0.2,0.1,0.4345161290322581,0
20,67.57894736842105,119.0,1.0,38.32453630642507,4,20,1.8709505938775903,7,20,8.5,21,4,2.5464393436611292,18,1.0,0.0,0.0,0.9838515645963454,0.8571428571428571,0.6754887497835389,0.2,0.125,0.710357142857143,0
3,55.5,80.0,31.0,24.5,3,3,1.5849625002883474,3,3,7.0,9,4,1.5849625002883474,1,0.0,0.0,0.0,1.109473750201843,0.25,0.0,0.25,0.25,0.25,1
14,68.46153846153847,114.0,19.0,30.322916910165954,4,14,1.863120567989553,7,14,27.928571428571427,49,2,2.4956029227191263,1,0.0,0.0,0.0,1.3939724896902546,0.06666666666666667,0.6324823547295733,0.2,0.125,0.1941666666666667,0
18,133.47058823529412,297.0,5.0,92.86556865076771,14,18,3.7254805549780947,17,18,8.0,19,2,4.05881388787862,2,0.0,0.0,0.0,1.6235255551514483,0.10526315789473684,0.33333333290052547,0.06666666666666667,0.05555555555555555,0.22988304093567252,1
12,179.8181818181818,288.0,4.0,81.12484002709336,8,12,2.9182958329003332,12,12,9.333333333333334,14,5,3.5849624989899223,0,0.0,0.0,0.0,2.2306433327048407,0.0,0.666666666089589,0.1111111111111111,0.07692307692307693,0.18119658119658122,1
21,154.75,265.0,25.0,80.07301355637865,14,21,3.689703730179774,21,21,7.142857142857143,14,3,4.3923174197491,1,0.0,0.0,0.0,2.0915797236900477,0.045454545454545456,0.7026136895693256,0.06666666666666667,0.045454545454545456,0.20696969696969697,1
12,51.90909090909091,107.0,4.0,37.62362542449418,4,12,1.8553885416304556,6,12,31.0,53,3,2.4591479161616276,2,0.0,1.0,0.0,1.4117330629816751,0.15384615384615385,0.603759374531172,0.2,0.14285714285714285,0.4272527472527473,0
12,134.1818181818182,271.0,6.0,78.40317500739157,9,12,3.0849624994227307,12,12,8.583333333333334,13,2,3.5849624989899223,0,0.0,0.0,0.0,2.197923436880726,0.0,0.49999999956719154,0.1,0.07692307692307693,0.18230769230769234,1
19,146.5,300.0,3.0,95.62382896886459,12,19,3.471354485282695,19,19,7.526315789473684,15,2,4.247927510702465,1,0.0,0.0,0.0,1.9982027435212253,0.05,0.7765730254197698,0.07692307692307693,0.05,0.2073076923076923,1
5,145.5,274.0,51.0,82.96535421487695,5,5,2.3219280941660148,5,5,11.0,13,6,2.3219280941660148,0,0.0,0.0,0.0,1.824372073987583,0.0,0.0,0.16666666666666666,0.16666666666666666,0.16666666666666669,1
29,57.464285714285715,116.0,4.0,34.2912755906317,4,29,1.9329931415098993,9,29,35.89655172413793,63,2,2.9347245279388936,16,0.0,1.0,1.0,1.6460389189571056,0.5333333333333333,1.0017313864289943,0.2,0.1,0.7833333333333333,0
9,146.5,265.0,45.0,77.91501780786551,8,9,2.947702778065934,9,9,10.777777777777779,18,4,3.169925000143887,0,0.0,0.0,0.0,1.798144590724895,0.0,0.22222222207795284,0.1111111111111111,0.1,0.1788888888888889,1
31,61.63333333333333,120.0,4.0,30.449393352833084,4,31,1.951831864207728,9,31,35.54838709677419,53,2,2.461990471469696,9,0.0,1.0,0.0,1.6207368575624879,0.28125,0.5101586072619679,0.2,0.1,0.48250000000000004,0
9,63.375,116.0,1.0,44.894146333347294,4,9,1.9749375006248486,5,9,8.11111111111111,21,2,2.281036111832076,5,1.0,0.0,0.0,0.8409880614330381,0.5,0.30609861120722726,0.2,0.16666666666666666,0.5633333333333334,0
29,62.214285714285715,116.0,1.0,33.87303725769545,4,29,1.9497500832526535,8,29,32.44827586206897,63,2,2.8257155812303987,12,0.0,1.0,1.0,1.432649979492352,0.4,0.8759654979777451,0.2,0.1111111111111111,0.728888888888889,0
34,61.36363636363637,119.0,6.0,36.82457856889688,4,34,1.9927781068828607,9,34,23.558823529411764,36,2,2.764118179372768,10,0.0,0.0,1.0,1.7599830378995127,0.2857142857142857,0.7713400724899073,0.2,0.1,0.4842857142857143,0
23,129.86363636363637,296.0,13.0,75.10616453003855,15,23,3.8279097799799264,23,23,7.869565217391305,19,2,4.523561952738814,1,0.0,0.0,0.0,1.7799232900994029,0.041666666666666664,0.6956521727588876,0.0625,0.041666666666666664,0.20625,1
4,155.66666666666666,226.0,82.0,58.834985812487076,3,4,1.4999999995671913,4,4,6.0,13,2,1.9999999994229218,0,0.0,0.0,0.0,0.8571428568955379,0.0,0.4999999998557305,0.25,0.2,0.15500000000000003,1
36,59.8,118.0,2.0,37.31012884305969,4,36,1.9699150154197365,11,36,33.361111111111114,63,2,2.812479959838176,21,0.0,1.0,1.0,1.4660540068427297,0.5675675675675675,0.8425649444184393,0.2,0.08333333333333333,0.7986936936936938,0
21,64.2,117.0,0.0,40.27853026117016,4,21,1.9035239695116628,10,21,34.333333333333336,78,2,3.077572636839074,6,0.0,1.0,0.0,1.3375104708625511,0.2727272727272727,1.174048667327411,0.2,0.09090909090909091,0.48,0
6,162.2,281.0,36.0,91.6807504332289,6,6,2.584962499855539,6,6,10.833333333333334,18,6,2.584962499855539,1,0.0,0.0,0.0,1.4738821271106144,0.14285714285714285,0.0,0.14285714285714285,0.14285714285714285,0.2285714285714286,1
20,180.89473684210526,299.0,11.0,79.69606391709767,14,20,3.7219280928675893,20,20,8.8,19,3,4.321928092001972,0,0.0,0.0,0.0,1.901648360480868,0.0,0.5999999991343827,0.06666666666666667,0.047619047619047616,0.18857142857142856,1
19,43.55555555555556,120.0,2.0,34.29321640438564,4,19,1.8990227505985766,10,19,6.526315789473684,15,2,3.1555650118870235,3,0.0,0.0,0.0,1.2871383601118123,0.15,1.256542261288447,0.2,0.09090909090909091,0.23090909090909092,0
20,60.68421052631579,104.0,7.0,33.034356328842584,4,20,1.9588718478682823,9,20,29.85,53,2,2.9464393433725897,4,0.0,1.0,0.0,1.628726192586515,0.19047619047619047,0.9875674955043074,0.2,0.1,0.44619047619047625,0
36,53.65714285714286,119.0,1.0,33.534581602657674,4,36,1.944870829276503,9,36,39.27777777777778,78,2,3.0192049455544265,13,0.0,1.0,0.0,1.5011096318614483,0.35135135135135137,1.0743341162779236,0.2,0.1,0.5105405405405405,0
6,178.2,294.0,86.0,81.68818764056405,6,6,2.584962499855539,6,6,8.833333333333334,14,2,2.584962499855539,1,0.0,0.0,0.0,1.522255694359373,0.14285714285714285,0.0,0.14285714285714285,0.14285714285714285,0.2285714285714286,1
17,62.4375,104.0,3.0,29.78038102090032,4,17,1.9927781068828607,8,17,22.470588235294116,53,2,2.866587104674803,4,0.0,1.0,0.0,1.192849971662064,0.2222222222222222,0.8738089977919423,0.2,0.1111111111111111,0.45777777777777784,0
5,45.25,72.0,6.0,24.283482040267618,3,5,1.5219280944545537,5,5,27.2,49,2,2.3219280941660148,1,0.0,0.0,0.0,1.2631288832263121,0.16666666666666666,0.7999999997114611,0.25,0.16666666666666666,0.225,0
15,50.785714285714285,115.0,14.0,27.41787365785989,4,15,1.9329145634023197,7,15,24.2,36,2,2.549255396158613,5,0.0,0.0,1.0,1.6673508266767145,0.3125,0.6163408327562934,0.2,0.125,0.49250000000000005,0
23,145.04545454545453,295.0,9.0,92.32968461527975,14,23,3.551191172445923,23,23,7.521739130434782,14,2,4.523561952738814,2,0.0,0.0,0.0,2.2683368632574346,0.08333333333333333,0.9723707802928909,0.06666666666666667,0.041666666666666664,0.22250000000000003,1
7,60.833333333333336,100.0,30.0,23.27671702701125,4,7,1.8423709926000305,5,7,22.714285714285715,39,2,2.1280852781700466,0,0.0,0.0,0.0,1.2084484258179906,0.0,0.2857142855700161,0.2,0.16666666666666666,0.16333333333333336,0
13,155.75,291.0,30.0,80.82298043667201,10,13,3.1808329857627458,13,13,6.769230769230769,12,2,3.7004397162655884,0,0.0,0.0,0.0,1.9268561836175846,0.0,0.5196067305028427,0.09090909090909091,0.07142857142857142,0.18376623376623377,1
19,55.27777777777778,119.0,3.0,31.24954320653798,4,19,1.9937737537449056,7,19,33.578947368421055,53,2,2.5842622243054456,5,0.0,1.0,0.0,1.606977874373172,0.25,0.59048847056054,0.2,0.125,0.4675000000000001,0
20,145.10526315789474,300.0,1.0,82.04228353775048,15,20,3.7841837176151465,20,20,9.15,16,4,4.321928092001972,1,0.0,0.0,0.0,2.3262142377540025,0.047619047619047616,0.5377443743868255,0.0625,0.047619047619047616,0.20803571428571427,1
24,166.7826086956522,293.0,34.0,84.57410258452238,13,24,3.522055206998697,24,24,9.541666666666666,17,2,4.584962497258688,1,0.0,0.0,0.0,2.4304546571116656,0.04,1.0629072902599916,0.07142857142857142,0.04,0.20485714285714285,1
16,66.26666666666667,116.0,15.0,35.66411205804637,4,16,1.9772170008854044,8,16,28.625,53,2,2.7272170003083263,2,0.0,1.0,0.0,1.445677530256034,0.11764705882352941,0.7499999994229218,0.2,0.1111111111111111,0.4159477124183007,0
25,173.29166666666666,296.0,9.0,85.85281939005976,15,25,3.7532696873510663,25,25,8.2,16,2,4.643856186167987,3,0.0,0.0,0.0,2.239977689798676,0.11538461538461539,0.890586498816921,0.0625,0.038461538461538464,0.2360576923076923,1
18,108.76470588235294,257.0,14.0,70.62121778462961,14,18,3.683542360413458,18,18,7.611111111111111,13,2,4.169924998845461,2,0.0,0.0,0.0,2.2669830350866196,0.10526315789473684,0.4863826384320036,0.06666666666666667,0.05263157894736842,0.23017543859649126,1
23,67.31818181818181,109.0,0.0,34.703138924882126,4,23,1.7349112821139512,9,23,28.217391304347824,53,2,2.942495520993358,5,0.0,1.0,0.0,1.5375842134659334,0.20833333333333334,1.2075842388794067,0.2,0.1,0.45333333333333337,0
32,60.935483870967744,118.0,10.0,35.40360423047072,4,32,1.9715667050296533,10,32,23.5,36,2,2.9881081108196867,12,0.0,0.0,1.0,1.897852448763855,0.36363636363636365,1.0165414057900335,0.2,0.09090909090909091,0.5163636363636364,0
27,62.61538461538461,118.0,0.0,34.70876294038828,4,27,1.9892936325842756,12,27,8.666666666666666,30,2,3.3837930556672764,12,1.0,0.0,1.0,0.9460066607241847,0.42857142857142855,1.3944994230830008,0.2,0.07692307692307693,0.7437362637362638,0
36,53.2,118.0,5.0,33.2366407104311,4,36,1.944870829276503,13,36,6.277777777777778,15,2,3.4846184867041115,7,0.0,0.0,0.0,1.3672287812415438,0.1891891891891892,1.5397476574276086,0.2,0.07142857142857142,0.24853281853281856,0
25,146.95833333333334,290.0,4.0,70.62251716383065,13,25,3.543465187726144,25,25,9.64,16,3,4.643856186167987,2,0.0,0.0,0.0,2.6333396255682002,0.07692307692307693,1.1003909984418434,0.07142857142857142,0.038461538461538464,0.21978021978021978,1
12,73.63636363636364,111.0,7.0,28.8641732233537,3,12,1.5545851689049908,6,12,7.5,21,2,2.2212518351388493,10,1.0,0.0,0.0,0.7572449437973349,0.7692307692307693,0.6666666662338585,0.25,0.14285714285714285,0.6684065934065934,0
27,71.38461538461539,119.0,10.0,34.3377757031041,4,27,1.9110799549859894,8,27,34.81481481481482,53,2,2.5689782414295395,8,0.0,1.0,0.0,1.6562685507158896,0.2857142857142857,0.6578982864435501,0.2,0.1111111111111111,0.4831746031746032,0
35,56.470588235294116,107.0,0.0,34.093500583057185,4,35,1.9197280808677688,11,35,10.82857142857143,30,2,3.084031331773033,23,1.0,0.0,1.0,1.0772791472276309,0.6388888888888888,1.1643032509052642,0.2,0.08333333333333333,0.8272222222222222,0
17,138.1875,280.0,31.0,84.02024960537787,11,17,3.3371753395361123,17,17,7.764705882352941,14,2,4.087462838797758,0,0.0,0.0,0.0,2.1158631165541335,0.0,0.7502874992616455,0.08333333333333333,0.05555555555555555,0.18611111111111112,1
19,164.38888888888889,288.0,38.0,77.1356229052936,13,19,3.511085406304924,19,19,6.7894736842105265,13,2,4.247927510702465,2,0.0,0.0,0.0,2.060085146167737,0.1,0.736842104397541,0.07142857142857142,0.05,0.22785714285714287,1
9,55.25,103.0,12.0,36.95859169394851,4,9,1.8910611114955744,7,9,5.444444444444445,8,2,2.641604166858707,0,0.0,0.0,0.0,1.5980074589639093,0.0,0.7505430553631325,0.2,0.125,0.16750000000000004,0
19,153.5,276.0,3.0,83.21274608562747,15,19,3.8268748797005956,19,19,10.368421052631579,19,4,4.247927510702465,1,0.0,0.0,0.0,2.2022150516010144,0.05,0.4210526310018694,0.0625,0.05,0.20875,1
10,67.33333333333333,104.0,19.0,26.812103402920272,4,10,1.6854752966502564,6,10,40.5,63,3,2.5219280940217454,6,0.0,1.0,1.0,1.5959076219981359,0.5454545454545454,0.836452797371489,0.2,0.14285714285714285,0.783896103896104,0
22,54.23809523809524,116.0,0.0,33.80040118373458,4,22,1.9196905734726184,7,22,27.363636363636363,36,3,2.3334816206652755,13,0.0,0.0,1.0,1.7257443926787417,0.5652173913043478,0.41379104719265714,0.2,0.125,0.5935869565217392,0
38,52.189189189189186,117.0,0.0,35.25186430786921,4,38,1.9280875468660268,9,38,25.210526315789473,36,2,2.687009808622783,13,0.0,0.0,1.0,1.8308359862451111,0.3333333333333333,0.7589222617567564,0.2,0.1,0.5033333333333334,0
24,124.56521739130434,299.0,1.0,82.28150306534192,14,24,3.573934894264283,24,24,8.333333333333334,16,2,4.584962497258688,4,0.0,0.0,0.0,2.247530635911122,0.16,1.0110276029944054,0.06666666666666667,0.04,0.2533333333333333,1
20,140.73684210526315,255.0,4.0,82.32467309715852,12,20,3.4464393429397813,19,20,9.15,19,3,4.221928092146242,1,0.0,0.0,0.0,1.9315321021569056,0.047619047619047616,0.7754887492064606,0.07692307692307693,0.05,0.20635531135531138,1
22,148.0952380952381,286.0,15.0,87.1183676231612,16,22,3.879664002594282,22,22,11.136363636363637,19,2,4.459431615463368,3,0.0,0.0,0.0,2.4830926040648302,0.13043478260869565,0.5797676128690856,0.058823529411764705,0.043478260869565216,0.24194373401534527,1
35,70.23529411764706,119.0,3.0,32.55137010175962,4,35,1.9501757286892967,9,35,23.02857142857143,36,3,2.821543017556056,12,0.0,0.0,1.0,1.7561109437453133,0.3333333333333333,0.8713672888667592,0.2,0.1,0.5033333333333334,0
18,146.47058823529412,294.0,7.0,86.48503280715097,11,18,3.350209027512933,18,18,8.444444444444445,13,3,4.169924998845461,1,0.0,0.0,0.0,2.5151928564464687,0.05263157894736842,0.8197159713325286,0.08333333333333333,0.05263157894736842,0.20745614035087723,1
6,79.0,113.0,13.0,35.14541221838208,3,6,1.2516291669550144,6,6,23.333333333333332,49,2,2.584962499855539,1,0.0,0.0,0.0,1.206315833265918,0.14285714285714285,1.3333333329005248,0.25,0.14285714285714285,0.21785714285714286,0
13,49.75,101.0,6.0,34.29801986509814,3,13,1.526234909516714,9,13,8.384615384615385,30,2,3.0269868320608615,6,1.0,0.0,1.0,0.8187135600363125,0.42857142857142855,1.5007519225441475,0.25,0.1,0.7364285714285713,0
3,142.5,168.0,117.0,25.5,3,3,1.5849625002883474,3,3,6.666666666666667,11,3,1.5849625002883474,0,0.0,0.0,0.0,0.8805347223824153,0.0,0.0,0.25,0.25,0.15000000000000002,1
25,66.95833333333333,111.0,2.0,30.41994845309388,4,25,1.9419011883322592,7,25,40.36,76,2,2.473269688505222,11,0.0,1.0,0.0,1.2963787614035163,0.4230769230769231,0.5313685001729627,0.2,0.125,0.5367307692307692,0
35,56.14705882352941,118.0,0.0,38.07587807719582,4,35,1.9884425755325035,11,35,7.457142857142857,15,2,3.296741144288927,10,0.0,0.0,0.0,1.5365168547489463,0.2777777777777778,1.3082985687564235,0.2,0.08333333333333333,0.2827777777777778,0
15,66.21428571428571,120.0,9.0,33.75368460612553,4,15,1.88924642793208,5,15,40.733333333333334,63,2,2.173557261553838,9,0.0,1.0,1.0,1.3833786320931198,0.5625,0.2843108336217579,0.2,0.16666666666666666,0.7883333333333334,0
14,140.07692307692307,284.0,6.0,103.81082019969087,11,14,3.324862956030392,14,14,9.285714285714286,15,4,3.8073549200378314,1,0.0,0.0,0.0,2.2096256232362417,0.06666666666666667,0.4824919640074392,0.08333333333333333,0.06666666666666667,0.21166666666666667,1
36,53.91428571428571,118.0,0.0,31.046850706239276,4,36,1.926202588747661,9,36,23.86111111111111,49,2,2.867317972655523,8,0.0,0.0,0.0,1.3683478547283858,0.21621621621621623,0.9411153839078621,0.2,0.1,0.25648648648648653,0
15,158.35714285714286,279.0,15.0,93.70135472633798,11,15,3.3735572606882207,15,15,9.066666666666666,17,3,3.906890593444476,2,0.0,0.0,0.0,1.9679152618831433,0.125,0.5333333327562553,0.08333333333333333,0.0625,0.23541666666666666,1
20,65.89473684210526,117.0,7.0,33.17718736983069,4,20,1.9527241950475767,9,20,21.75,49,2,2.8609640461452557,5,0.0,0.0,0.0,1.2445193600731863,0.23809523809523808,0.908239851097679,0.2,0.1,0.2652380952380953,0
13,159.58333333333334,286.0,24.0,92.36202171648017,10,13,3.1808329857627458,13,13,8.76923076923077,14,2,3.7004397162655884,2,0.0,0.0,0.0,2.1633339879706517,0.14285714285714285,0.5196067305028427,0.09090909090909091,0.07142857142857142,0.2409090909090909,1
19,109.44444444444444,293.0,2.0,105.28491620477699,13,19,3.536886721866664,19,19,9.368421052631579,13,4,4.247927510702465,0,0.0,0.0,0.0,2.8425981086655594,0.0,0.7110407888358008,0.07142857142857142,0.05,0.18785714285714286,1
20,192.21052631578948,296.0,22.0,89.09107046480638,13,20,3.5841837179036853,20,20,8.65,17,2,4.321928092001972,2,0.0,0.0,0.0,2.07692655532317,0.09523809523809523,0.7377443740982867,0.07142857142857142,0.047619047619047616,0.2261904761904762,1
28,65.88888888888889,120.0,9.0,27.227890566317438,4,28,1.8453657439966864,10,28,31.0,63,2,3.0939917616492987,12,0.0,1.0,1.0,1.4986522595488792,0.41379310344827586,1.2486260176526123,0.2,0.09090909090909091,0.7364263322884014,0
6,175.6,294.0,6.0,97.79488739192863,6,6,2.584962499855539,6,6,8.833333333333334,13,4,2.584962499855539,0,0.0,0.0,0.0,1.6309882439564714,0.0,0.0,0.14285714285714285,0.14285714285714285,0.17142857142857146,1
26,71.28,118.0,5.0,37.55371619427297,4,26,1.8860872835727058,11,26,7.8076923076923075,15,2,3.162971699206547,8,0.0,0.0,0.0,1.543469362833964,0.2962962962962963,1.2768844156338413,0.2,0.08333333333333333,0.2901851851851852,0
34,60.57575757575758,113.0,3.0,35.59709751789893,4,34,1.9256994322506866,10,34,22.11764705882353,49,2,2.968665780475064,9,0.0,0.0,0.0,1.3131980393630869,0.2571428571428571,1.0429663482243772,0.2,0.09090909090909091,0.27376623376623377,0
17,117.875,299.0,2.0,84.3911095732246,12,17,3.454822398215372,17,17,9.235294117647058,13,4,4.087462838797758,0,0.0,0.0,0.0,2.6963515365178488,0.0,0.632640440582386,0.07692307692307693,0.05555555555555555,0.18675213675213675,1
9,170.5,265.0,49.0,82.02286266645416,7,9,2.725480555987981,9,9,7.222222222222222,13,2,3.169925000143887,0,0.0,0.0,0.0,1.6352787699154974,0.0,0.44444444415590567,0.125,0.1,0.17750000000000002,1
5,118.0,260.0,56.0,83.80035799446205,5,5,2.3219280941660148,5,5,8.8,13,4,2.3219280941660148,0,0.0,0.0,0.0,1.4594976591900666,0.0,0.0,0.16666666666666666,0.16666666666666666,0.16666666666666669,1
6,174.2,293.0,81.0,72.68947654234415,5,6,2.251629166666475,6,6,7.5,14,4,2.584962499855539,2,0.0,0.0,0.0,1.2924812499277696,0.2857142857142857,0.333333333189064,0.16666666666666666,0.14285714285714285,0.2833333333333334,1
12,66.63636363636364,118.0,0.0,31.404321437640995,4,12,1.7295739579365443,5,12,44.833333333333336,78,2,2.1887218748195196,4,0.0,1.0,0.0,1.2421227517435671,0.3076923076923077,0.4591479168829753,0.2,0.16666666666666666,0.4864102564102565,0
19,119.0,266.0,13.0,76.38644440533209,13,19,3.5766176430331624,19,19,8.210526315789474,19,2,4.247927510702465,0,0.0,0.0,0.0,1.7438860307094333,0.0,0.6713098676693026,0.07142857142857142,0.05,0.18785714285714286,1
4,168.0,222.0,77.0,64.71990935304736,4,4,1.9999999994229218,4,4,9.5,14,4,1.9999999994229218,0,0.0,0.0,0.0,1.2666666663011839,0.0,0.0,0.2,0.2,0.16000000000000003,1
11,132.7,286.0,36.0,79.05826964967042,11,11,3.459431617050333,11,11,9.727272727272727,15,5,3.459431617050333,2,0.0,0.0,0.0,2.1031771762749183,0.16666666666666666,0.0,0.08333333333333333,0.08333333333333333,0.25,1
33,63.5,108.0,12.0,27.147743920996454,4,33,1.8800794403701568,10,33,43.27272727272727,78,2,2.930017223648566,12,0.0,1.0,0.0,1.604934635738455,0.35294117647058826,1.0499377832784094,0.2,0.09090909090909091,0.5120855614973262,0
38,57.91891891891892,118.0,0.0,38.52719529383942,4,38,1.9127983860526945,9,38,7.7631578947368425,15,2,2.6824066089586243,8,0.0,0.0,0.0,1.3014966277019642,0.20512820512820512,0.7696082229059298,0.2,0.1,0.2520512820512821,0
17,171.8125,296.0,45.0,84.24163070448007,12,17,3.454822398215372,17,17,7.882352941176471,14,2,4.087462838797758,2,0.0,0.0,0.0,2.1479216486231354,0.1111111111111111,0.632640440582386,0.07692307692307693,0.05555555555555555,0.2311965811965812,1
40,64.48717948717949,120.0,2.0,37.55807250104064,4,40,1.9927744534107303,10,40,38.9,63,2,2.7799430756834025,19,0.0,1.0,1.0,1.689684150688818,0.4634146341463415,0.7871686222726721,0.2,0.09090909090909091,0.7562749445676277,0
27,52.38461538461539,119.0,1.0,30.941728014840713,4,27,1.8910611114955744,13,27,7.222222222222222,15,2,3.5878587964240043,8,0.0,0.0,0.0,1.6195195956080575,0.2857142857142857,1.6967976849284299,0.2,0.07142857142857142,0.28714285714285714,0
6,53.8,119.0,4.0,41.053136299191564,3,6,1.459147916594436,5,6,36.5,53,3,2.251629166666475,2,0.0,1.0,0.0,1.5219345293208582,0.2857142857142857,0.7924812500720391,0.25,0.16666666666666666,0.4726190476190476,0
17,77.1875,118.0,0.0,38.37189523270906,4,17,1.9210556981255889,8,17,26.764705882352942,53,2,2.816307518070489,2,0.0,1.0,0.0,1.3958822665817783,0.1111111111111111,0.8952518199449,0.2,0.1111111111111111,0.4133333333333334,0
39,55.1578947368421,120.0,0.0,38.97538110666748,4,39,1.96050431009651,11,39,22.666666666666668,49,2,3.1473489356021003,8,0.0,0.0,0.0,1.426798184139619,0.2,1.1868446255055902,0.2,0.08333333333333333,0.2516666666666667,0
12,144.8181818181818,288.0,12.0,80.72266571620749,9,12,3.0849624994227307,12,12,9.666666666666666,18,5,3.5849624989899223,1,0.0,0.0,0.0,1.8239282889597848,0.07692307692307693,0.49999999956719154,0.1,0.07692307692307693,0.2130769230769231,1
37,63.083333333333336,118.0,6.0,35.5577581783029,4,37,1.8497617111723779,11,37,23.756756756756758,53,2,3.212417812368182,6,0.0,1.0,0.0,1.4132708994352512,0.15789473684210525,1.362656101195804,0.2,0.08333333333333333,0.43482456140350884,0
19,162.66666666666666,295.0,7.0,92.46080250571049,12,19,3.471354485282695,19,19,9.526315789473685,16,3,4.247927510702465,0,0.0,0.0,0.0,2.3804175833967376,0.0,0.7765730254197698,0.07692307692307693,0.05,0.18730769230769231,1
17,152.125,298.0,1.0,92.17773253340526,11,17,3.2927701923500257,17,17,8.941176470588236,15,3,4.087462838797758,0,0.0,0.0,0.0,2.284170409916394,0.0,0.7946926464477322,0.08333333333333333,0.05555555555555555,0.18611111111111112,1
10,61.666666666666664,119.0,11.0,33.51616525399845,3,10,1.57095059402186,8,10,7.1,15,2,2.9219280937332064,3,0.0,0.0,0.0,1.2966055915941104,0.2727272727272727,1.3509774997113464,0.25,0.1111111111111111,0.272979797979798,0
6,151.2,268.0,51.0,86.93997929606378,5,6,2.251629166666475,6,6,6.833333333333333,11,2,2.584962499855539,0,0.0,0.0,0.0,1.4719925346399598,0.0,0.333333333189064,0.16666666666666666,0.14285714285714285,0.16904761904761906,1
36,65.0,117.0,6.0,32.0410451051237,4,36,1.954447201136417,9,36,31.02777777777778,53,2,2.90531979360693,8,0.0,1.0,0.0,1.6693632764706485,0.21621621621621623,0.950872592470513,0.2,0.1,0.45648648648648654,0
3,83.5,118.0,49.0,34.5,3,3,1.5849625002883474,3,3,7.333333333333333,12,3,1.5849625002883474,0,0.0,0.0,0.0,0.8940814104190677,0.0,0.0,0.25,0.25,0.15000000000000002,1
16,172.66666666666666,259.0,60.0,66.3271353888353,12,16,3.4528195293835493,16,16,8.75,16,2,3.9999999976916882,0,0.0,0.0,0.0,2.058823528223663,0.0,0.5471804683081389,0.07692307692307693,0.058823529411764705,0.18642533936651584,1
11,111.5,235.0,1.0,82.54725919132628,8,11,2.9139770720285956,11,11,9.454545454545455,14,3,3.459431617050333,0,0.0,0.0,0.0,2.1804902313529375,0.0,0.5454545450217374,0.1111111111111111,0.08333333333333333,0.18055555555555558,1
14,63.46153846153846,109.0,7.0,36.016268513452864,4,14,1.877387063719535,7,14,27.642857142857142,49,2,2.64559331344126,3,0.0,0.0,0.0,1.4626351604310965,0.2,0.768206249721725,0.2,0.125,0.24750000000000005,0
9,210.875,292.0,79.0,82.34597364170273,8,9,2.947702778065934,9,9,8.444444444444445,14,4,3.169925000143887,1,0.0,0.0,0.0,1.7845503704513734,0.1,0.22222222207795284,0.1111111111111111,0.1,0.2188888888888889,1
9,145.75,268.0,46.0,70.79856990081085,9,9,3.169925000143887,9,9,10.0,14,6,3.169925000143887,0,0.0,0.0,0.0,2.1132833334292576,0.0,0.0,0.1,0.1,0.18000000000000002,1
24,175.52173913043478,295.0,1.0,98.24055195869646,14,24,3.6682958320347163,24,24,9.125,15,3,4.584962497258688,1,0.0,0.0,0.0,2.6148614242178456,0.04,0.9166666652239721,0.06666666666666667,0.04,0.20533333333333334,1
9,145.25,280.0,62.0,71.38058209345172,6,9,2.419381944780754,9,9,8.222222222222221,12,4,3.169925000143887,1,0.0,0.0,0.0,2.0049098291508343,0.1,0.7505430553631327,0.14285714285714285,0.1,0.21571428571428575,1
9,114.125,275.0,8.0,92.06714601311371,8,9,2.947702778065934,9,9,9.11111111111111,12,3,3.169925000143887,0,0.0,0.0,0.0,2.2216568377076813,0.0,0.22222222207795284,0.1111111111111111,0.1,0.1788888888888889,1
15,184.64285714285714,282.0,24.0,65.80990713829506,9,15,3.0565647608325284,15,15,9.533333333333333,16,4,3.906890593444476,0,0.0,0.0,0.0,2.1909229602453335,0.0,0.8503258326119476,0.1,0.0625,0.18375000000000002,1
6,170.2,278.0,95.0,70.36874306110633,5,6,2.251629166666475,6,6,8.333333333333334,13,2,2.584962499855539,0,0.0,0.0,0.0,1.5386681546759162,0.0,0.333333333189064,0.16666666666666666,0.14285714285714285,0.16904761904761906,1
26,53.92,116.0,2.0,39.83959839155008,4,26,1.8860872835727058,13,26,10.307692307692308,30,2,3.51755942772084,12,1.0,0.0,1.0,1.1696103308054406,0.4444444444444444,1.6314721441481341,0.2,0.07142857142857142,0.7506349206349207,0
18,115.52941176470588,286.0,2.0,88.41154944985733,11,18,3.350209027512933,18,18,10.333333333333334,16,4,4.169924998845461,0,0.0,0.0,0.0,2.534660293415869,0.0,0.8197159713325286,0.08333333333333333,0.05263157894736842,0.18640350877192985,1
23,68.86363636363636,120.0,0.0,40.928202606455145,4,23,1.882045107559784,10,23,35.52173913043478,78,2,3.0464241958735743,10,0.0,1.0,0.0,1.3698010831198184,0.4166666666666667,1.1643790883137903,0.2,0.09090909090909091,0.5375757575757576,0
3,33.0,51.0,15.0,18.0,3,3,1.5849625002883474,3,3,9.0,11,6,1.5849625002883474,0,0.0,0.0,0.0,1.1887218752162605,0.0,0.0,0.25,0.25,0.15000000000000002,1
37,51.44444444444444,117.0,4.0,32.00212184323308,4,37,1.9560407509310447,10,37,21.81081081081081,36,2,2.959850840405792,12,0.0,0.0,1.0,1.7447769380624354,0.3157894736842105,1.0038100894747473,0.2,0.09090909090909091,0.4972248803827751,0
6,33.8,111.0,1.0,39.866778149230974,3,6,1.459147916594436,3,6,39.5,53,4,1.459147916594436,3,0.0,1.0,0.0,1.0673396797311154,0.42857142857142855,0.0,0.25,0.25,0.5214285714285715,0
24,61.95652173913044,119.0,12.0,28.537508895989117,4,24,1.9899343777484984,7,24,49.083333333333336,78,2,2.490601561940836,14,0.0,1.0,0.0,1.5474307172818063,0.56,0.5006671841923376,0.2,0.125,0.5915,0
9,90.25,107.0,58.0,16.17675801883678,3,9,1.530493056324674,6,9,17.77777777777778,30,3,2.419381944780754,5,1.0,0.0,1.0,1.3874591798025828,0.5,0.8888888884560802,0.25,0.14285714285714285,0.7607142857142858,0
5,130.75,196.0,5.0,74.6537842309417,5,5,2.3219280941660148,5,5,10.0,16,4,2.3219280941660148,0,0.0,0.0,0.0,1.3658400553917733,0.0,0.0,0.16666666666666666,0.16666666666666666,0.16666666666666669,1
22,79.28571428571429,118.0,3.0,36.31101480154978,4,22,1.877034167463247,9,22,35.81818181818182,78,2,2.9585429805818775,5,0.0,1.0,0.0,1.3413877265238894,0.21739130434782608,1.0815088131186306,0.2,0.1,0.4569565217391305,0
4,118.33333333333333,179.0,50.0,52.94231661807867,4,4,1.9999999994229218,4,4,5.25,8,3,1.9999999994229218,0,0.0,0.0,0.0,1.1666666663300378,0.0,0.0,0.2,0.2,0.16000000000000003,1
29,64.78571428571429,118.0,2.0,30.337808969357432,4,29,1.976985304149298,9,29,13.0,30,2,2.778540906801624,20,1.0,0.0,1.0,1.165194573820036,0.6666666666666666,0.8015556026523261,0.2,0.1,0.8366666666666668,0
23,133.72727272727272,298.0,26.0,92.12155103605917,15,23,3.762267388487451,23,23,8.391304347826088,16,2,4.523561952738814,1,0.0,0.0,0.0,2.232857945981052,0.041666666666666664,0.7612945642513629,0.0625,0.041666666666666664,0.20625,1
25,62.958333333333336,114.0,8.0,36.00865540240137,4,25,1.8186885698740194,8,25,31.72,53,3,2.6890255724894945,5,0.0,1.0,0.0,1.5795535399882734,0.19230769230769232,0.8703370026154751,0.2,0.1111111111111111,0.44581196581196586,0
22,156.14285714285714,295.0,56.0,70.89313601960261,14,22,3.663532752784482,22,22,8.636363636363637,15,2,4.459431615463368,1,0.0,0.0,0.0,2.407079565164886,0.043478260869565216,0.7958988626788859,0.06666666666666667,0.043478260869565216,0.2063768115942029,1
5,111.25,161.0,80.0,30.22726418318403,5,5,2.3219280941660148,5,5,6.6,9,5,2.3219280941660148,0,0.0,0.0,0.0,1.5324725421495695,0.0,0.0,0.16666666666666666,0.16666666666666666,0.16666666666666669,1
24,156.69565217391303,277.0,11.0,87.26443310676025,15,24,3.772055206710158,23,24,7.625,13,2,4.501629164069624,2,0.0,0.0,0.0,2.4517801697164914,0.08,0.7295739573594662,0.0625,0.041666666666666664,0.22158333333333335,1
39,61.3421052631579,112.0,5.0,37.397773868302764,4,39,1.957136737083511,12,39,7.461538461538462,15,2,3.18468296620954,10,0.0,0.0,0.0,1.4851646525111797,0.25,1.2275462291260288,0.2,0.07692307692307693,0.27230769230769236,0
15,147.14285714285714,288.0,13.0,68.75718886347931,9,15,3.0062389273549637,15,15,8.333333333333334,14,2,3.906890593444476,0,0.0,0.0,0.0,2.17049477413582,0.0,0.9006516660895123,0.1,0.0625,0.18375000000000002,1
5,79.5,113.0,22.0,34.860436027106715,3,5,1.5219280944545537,4,5,27.8,49,2,1.9219280943102843,1,0.0,0.0,0.0,1.0685920204365182,0.16666666666666666,0.39999999985573065,0.25,0.2,0.22166666666666668,0
6,166.6,253.0,59.0,69.4596285622087,5,6,2.251629166666475,6,6,6.5,10,4,2.584962499855539,0,0.0,0.0,0.0,1.5274778408237277,0.0,0.333333333189064,0.16666666666666666,0.14285714285714285,0.16904761904761906,1
16,158.4,294.0,3.0,105.20253482370724,11,16,3.327819529527819,14,16,6.8125,13,3,3.749999997980227,1,0.0,0.0,0.0,1.8247767847314498,0.058823529411764705,0.4221804684524084,0.08333333333333333,0.06666666666666667,0.2085294117647059,1
23,145.9090909090909,292.0,7.0,82.24514856701225,16,23,3.827909779835657,23,23,8.521739130434783,18,2,4.523561952738814,0,0.0,0.0,0.0,2.028874468505281,0.0,0.6956521729031571,0.058823529411764705,0.041666666666666664,0.18995098039215685,1
11,222.6,295.0,33.0,68.67343008762559,10,11,3.277613435376421,10,11,7.2727272727272725,12,4,3.277613435376421,0,0.0,0.0,0.0,1.8336298939168785,0.0,0.0,0.09090909090909091,0.09090909090909091,0.18181818181818182,1
38,60.729729729729726,114.0,1.0,33.399828975649406,4,38,1.9355224092061123,10,38,26.789473684210527,53,2,2.994013288533928,9,0.0,1.0,0.0,1.485334077839931,0.23076923076923078,1.0584908793278158,0.2,0.09090909090909091,0.4632167832167833,0
9,47.625,113.0,1.0,35.958091926574745,4,9,1.8910611114955744,5,9,11.666666666666666,30,3,2.1971597227028017,6,1.0,0.0,1.0,0.8268880676838501,0.6,0.30609861120722726,0.2,0.16666666666666666,0.8033333333333333,0
6,181.6,244.0,91.0,65.22760151960212,5,6,2.251629166666475,6,6,8.333333333333334,13,2,2.584962499855539,0,0.0,0.0,0.0,1.5386681546759162,0.0,0.333333333189064,0.16666666666666666,0.14285714285714285,0.16904761904761906,1
20,161.94736842105263,294.0,21.0,92.09575890812923,15,20,3.7464393425069726,18,20,8.15,14,3,4.121928092290511,0,0.0,0.0,0.0,2.239580930144511,0.0,0.3754887497835382,0.0625,0.05263157894736842,0.18848684210526317,1
15,150.78571428571428,281.0,1.0,77.70105585918799,10,15,3.240223927499157,14,15,8.066666666666666,12,3,3.773557260255412,0,0.0,0.0,0.0,2.3415406589277175,0.0,0.5333333327562553,0.09090909090909091,0.06666666666666667,0.18424242424242426,1
17,42.25,105.0,0.0,36.64611166276717,4,17,1.9328045769620448,7,17,38.88235294117647,78,2,2.609850165019056,4,0.0,1.0,0.0,1.2845204460741593,0.2222222222222222,0.6770455880570112,0.2,0.125,0.45638888888888896,0
28,47.629629629629626,119.0,1.0,33.089271113546594,4,28,1.9852281354571732,10,28,10.035714285714286,30,3,3.0116165299901265,14,1.0,0.0,1.0,0.9749588075198451,0.4827586206896552,1.0263883945329533,0.2,0.09090909090909091,0.7640125391849532,0
38,61.21621621621622,119.0,1.0,39.41267126132471,4,38,1.9024789439540228,9,38,11.631578947368421,30,2,2.8555626326560914,24,1.0,0.0,1.0,1.0714420064804688,0.6153846153846154,0.9530836887020686,0.2,0.1,0.8161538461538461,0
16,151.26666666666668,283.0,3.0,84.76120705972882,11,16,3.327819529527819,15,16,9.25,17,3,3.8749999978359577,1,0.0,0.0,0.0,1.9913194433323669,0.058823529411764705,0.5471804683081389,0.08333333333333333,0.0625,0.20894607843137256,1
24,141.95652173913044,281.0,8.0,86.48472006830458,12,24,3.3553885404762998,24,24,9.375,18,2,4.584962497258688,1,0.0,0.0,0.0,2.2623170216736948,0.04,1.2295739567823887,0.07692307692307693,0.04,0.2043076923076923,1
26,62.44,118.0,6.0,34.85407293272911,4,26,1.9542823938617964,9,26,7.769230769230769,30,2,2.8741341993286658,17,1.0,0.0,1.0,0.7203165114942809,0.6296296296296297,0.9198518054668694,0.2,0.1,0.8218518518518519,0
30,56.48275862068966,113.0,5.0,29.71081387904965,4,30,1.944623213677501,10,30,7.833333333333333,30,2,3.0322628955815736,18,1.0,0.0,1.0,0.7662169682383546,0.5806451612903226,1.0876396819040726,0.2,0.09090909090909091,0.8031671554252201,0
12,181.27272727272728,272.0,61.0,75.08067286603476,10,12,3.2516291659451277,12,12,9.083333333333334,14,4,3.5849624989899223,1,0.0,0.0,0.0,2.1708939577216753,0.07692307692307693,0.3333333330447945,0.09090909090909091,0.07692307692307693,0.213986013986014,1
12,154.72727272727272,289.0,34.0,81.6690560172199,8,12,2.9182958329003332,12,12,8.916666666666666,15,3,3.5849624989899223,1,0.0,0.0,0.0,1.997869725999592,0.07692307692307693,0.666666666089589,0.1111111111111111,0.07692307692307693,0.211965811965812,1
25,46.375,112.0,0.0,30.58432673227689,4,25,1.9394705702201742,9,25,38.96,78,2,2.919079569325749,10,0.0,1.0,0.0,1.4395865825434329,0.38461538461538464,0.979608999105575,0.2,0.1,0.5238461538461539,0
19,142.38888888888889,291.0,28.0,87.02818118855325,12,19,3.4058222485544567,19,19,9.68421052631579,17,2,4.247927510702465,3,0.0,0.0,0.0,2.285434684120624,0.15,0.8421052621480083,0.07692307692307693,0.05,0.2473076923076923,1
13,162.16666666666666,300.0,4.0,96.09182529689447,10,13,3.2389012551599357,13,13,7.538461538461538,15,2,3.7004397162655884,0,0.0,0.0,0.0,1.743476404778979,0.0,0.4615384611056528,0.09090909090909091,0.07142857142857142,0.18376623376623377,1
5,60.75,80.0,33.0,17.383541066192468,3,5,1.37095059402186,3,5,25.0,34,3,1.5219280944545537,2,0.0,0.0,0.0,1.087091496038967,0.3333333333333333,0.15097750043269365,0.25,0.25,0.2833333333333333,0
11,69.3,111.0,13.0,36.644372009900785,4,11,1.789929074732921,7,11,32.90909090909091,63,2,2.6635327537943683,4,0.0,1.0,1.0,1.3696006489681267,0.3333333333333333,0.8736036790614472,0.2,0.125,0.7008333333333333,0
17,139.25,275.0,4.0,93.27546569168122,11,17,3.263933427898669,17,17,8.235294117647058,16,2,4.087462838797758,0,0.0,0.0,0.0,1.9800858042618894,0.0,0.8235294108990887,0.08333333333333333,0.05555555555555555,0.18611111111111112,1
14,146.92307692307693,264.0,4.0,87.27274800519747,8,14,2.807354920903448,14,14,7.285714285714286,13,2,3.8073549200378314,1,0.0,0.0,0.0,1.9813785808360145,0.06666666666666667,0.9999999991343835,0.1111111111111111,0.06666666666666667,0.2088888888888889,1
26,60.68,119.0,0.0,33.628226239277026,4,26,1.8904916396424132,9,26,11.307692307692308,30,2,2.7304673726552195,16,1.0,0.0,1.0,0.995976932457363,0.5925925925925926,0.8399757330128064,0.2,0.1,0.8070370370370371,0
6,49.2,100.0,5.0,41.40241538847704,2,6,0.9182958337659504,5,6,10.833333333333334,30,2,2.251629166666475,2,1.0,0.0,1.0,0.7868596550178543,0.2857142857142857,1.3333333329005248,0.3333333333333333,0.16666666666666666,0.6642857142857143,0
5,202.0,287.0,124.0,67.15281081235543,5,5,2.3219280941660148,5,5,9.0,12,3,2.3219280941660148,1,0.0,0.0,0.0,1.6074886805764717,0.16666666666666666,0.0,0.16666666666666666,0.16666666666666666,0.23333333333333336,1
22,135.38095238095238,296.0,19.0,81.22776688656832,12,22,3.4594316169060635,21,22,9.863636363636363,16,2,4.368522524698546,0,0.0,0.0,0.0,2.534677507645948,0.0,0.9090909077924829,0.07692307692307693,0.045454545454545456,0.18776223776223777,1
8,135.0,282.0,8.0,91.75277341078814,7,8,2.749999998990113,8,8,4.75,10,2,2.9999999988458437,0,0.0,0.0,0.0,1.2954545449561599,0.0,0.24999999985573051,0.125,0.1111111111111111,0.1763888888888889,1
13,45.166666666666664,114.0,12.0,32.34407038220281,4,13,1.854285871410168,5,13,32.30769230769231,49,3,2.1996877940099804,2,0.0,0.0,0.0,1.421336728437218,0.14285714285714285,0.3454019225998124,0.2,0.16666666666666666,0.2204761904761905,0
39,55.55263157894737,116.0,1.0,32.11631604391585,4,39,1.9647405066930712,10,39,22.128205128205128,36,2,2.8337229522872165,12,0.0,0.0,1.0,1.6947352098571502,0.3,0.8689824455941453,0.2,0.09090909090909091,0.49090909090909096,0
22,150.04761904761904,297.0,1.0,83.58598435171623,15,22,3.6978458209203695,22,22,8.0,15,2,4.459431615463368,1,0.0,0.0,0.0,2.229715807731684,0.043478260869565216,0.7615857945429982,0.0625,0.043478260869565216,0.20679347826086958,1
17,121.0625,285.0,18.0,73.91504308156763,14,17,3.7345216627599784,16,17,7.9411764705882355,13,3,3.969815780118498,0,0.0,0.0,0.0,2.251786261831921,0.0,0.23529411735851946,0.06666666666666667,0.058823529411764705,0.18745098039215685,1
13,51.5,100.0,9.0,28.241517900660604,4,13,1.833927217064752,7,13,6.153846153846154,11,2,2.6612262552599026,2,0.0,0.0,0.0,1.3647314129537964,0.14285714285714285,0.8272990381951506,0.2,0.125,0.22464285714285714,0
8,148.14285714285714,279.0,44.0,94.23894944149545,7,8,2.749999998990113,8,8,7.25,13,3,2.9999999988458437,0,0.0,0.0,0.0,1.5535714279737407,0.0,0.24999999985573051,0.125,0.1111111111111111,0.1763888888888889,1
40,54.76923076923077,110.0,0.0,35.323023318104596,4,40,1.9894910697230563,11,40,10.2,30,2,3.1449929328098025,18,1.0,0.0,1.0,1.0348041262793541,0.43902439024390244,1.1555018630867462,0.2,0.08333333333333333,0.7472764227642278,0
3,212.5,242.0,183.0,29.5,3,3,1.5849625002883474,3,3,9.0,13,4,1.5849625002883474,0,0.0,0.0,0.0,1.0189044644710805,0.0,0.0,0.25,0.25,0.15000000000000002,1
11,133.1,300.0,38.0,80.24269437151273,10,11,3.277613435376421,11,11,8.818181818181818,13,3,3.459431617050333,0,0.0,0.0,0.0,2.178992641908327,0.0,0.18181818167391217,0.09090909090909091,0.08333333333333333,0.18257575757575759,1
20,48.26315789473684,111.0,5.0,27.867812229322084,4,20,1.9588718478682823,9,20,7.5,30,3,3.04643934337259,8,1.0,0.0,1.0,0.7370417766224008,0.38095238095238093,1.0875674955043075,0.2,0.1,0.7223809523809525,0
14,45.69230769230769,91.0,11.0,24.332266059650777,4,14,1.8423709926000305,8,14,7.142857142857143,15,2,2.8423709920229525,4,0.0,0.0,0.0,1.2689156214388182,0.26666666666666666,0.9999999994229221,0.2,0.1111111111111111,0.2755555555555556,0
7,146.0,225.0,32.0,73.7269738065158,5,7,2.235926349907685,7,7,9.428571428571429,13,4,2.8073549210477173,1,0.0,0.0,0.0,1.890667599889279,0.125,0.5714285711400322,0.16666666666666666,0.125,0.22083333333333338,1
15,168.42857142857142,283.0,19.0,71.32392334144502,11,15,3.3735572606882207,14,15,8.2,14,3,3.773557260255412,1,0.0,0.0,0.0,2.0628779689396253,0.0625,0.39999999956719146,0.08333333333333333,0.06666666666666667,0.21000000000000002,1
28,64.25925925925925,112.0,1.0,33.52123991407879,4,28,1.9766004597362388,7,28,27.142857142857142,49,3,2.5306189938386305,9,0.0,0.0,0.0,1.3737645966552565,0.3103448275862069,0.5540185341023918,0.2,0.125,0.2916379310344828,0
18,166.76470588235293,280.0,20.0,82.1959848824494,11,18,3.2390979164018217,18,18,9.5,18,3,4.169924998845461,0,0.0,0.0,0.0,2.0849624994227307,0.0,0.9308270824436398,0.08333333333333333,0.05263157894736842,0.18640350877192985,1
33,64.59375,114.0,2.0,34.54422833032314,4,33,1.9980509365698356,10,33,10.484848484848484,30,2,2.987597057887661,20,1.0,0.0,1.0,1.0104678221203622,0.5882352941176471,0.9895461213178254,0.2,0.09090909090909091,0.8062032085561498,0
18,63.94117647058823,112.0,0.0,37.033324560828746,4,18,1.925126558833751,5,18,22.333333333333332,36,2,2.1713600867744596,7,0.0,0.0,1.0,1.3106407730980971,0.3684210526315789,0.24623352794070863,0.2,0.16666666666666666,0.5107017543859649,0
22,174.71428571428572,277.0,24.0,66.62485083134762,14,22,3.663532752784482,21,22,9.636363636363637,17,3,4.368522524698546,0,0.0,0.0,0.0,2.338703977868919,0.0,0.7049897719140645,0.06666666666666667,0.045454545454545456,0.18878787878787878,1
33,56.9375,117.0,2.0,33.84702488772093,4,33,1.9065494211560818,10,33,10.272727272727273,30,2,2.9938639092670694,19,1.0,0.0,1.0,0.9921015300503779,0.5588235294117647,1.0873144881109875,0.2,0.09090909090909091,0.7944385026737969,0
6,143.8,225.0,58.0,58.75848874843532,5,6,2.251629166666475,6,6,6.833333333333333,11,4,2.584962499855539,0,0.0,0.0,0.0,1.4719925346399598,0.0,0.333333333189064,0.16666666666666666,0.14285714285714285,0.16904761904761906,1
36,55.2,119.0,0.0,33.19018787877784,4,36,1.9955380293420328,11,36,34.5,78,2,3.036758679870036,11,0.0,1.0,0.0,1.3261794234875475,0.2972972972972973,1.0412206505280033,0.2,0.08333333333333333,0.4905855855855856,0
36,61.02857142857143,120.0,6.0,32.798506685767364,4,36,1.991076059261144,10,36,21.805555555555557,49,2,3.1213526121703272,5,0.0,0.0,0.0,1.3612565558631704,0.13513513513513514,1.1302765529091832,0.2,0.09090909090909091,0.22496314496314498,0
25,72.08333333333333,116.0,3.0,31.20886181127975,4,25,1.6992365355912014,7,25,26.04,36,2,2.467711069008517,12,0.0,0.0,1.0,1.7367350334319402,0.46153846153846156,0.7684745334173158,0.2,0.125,0.5521153846153847,0
17,58.6875,114.0,11.0,30.55061118455734,4,17,1.9542473991150022,5,17,40.23529411764706,47,3,2.0216148711899478,10,0.0,1.0,0.0,1.694588936144515,0.5555555555555556,0.06736747207494553,0.2,0.16666666666666666,0.5855555555555557,0
35,59.38235294117647,118.0,0.0,34.56623199690223,4,35,1.9640600518475788,10,35,26.8,49,2,2.7853087292934786,12,0.0,0.0,0.0,1.4929254789013047,0.3333333333333333,0.8212486774458998,0.2,0.09090909090909091,0.30424242424242426,0
21,59.3,117.0,0.0,33.17242831026996,4,21,1.8841729239608678,10,21,31.571428571428573,63,2,3.041625612926528,8,0.0,1.0,1.0,1.5004447778052739,0.36363636363636365,1.1574526889656602,0.2,0.09090909090909091,0.7163636363636364,0
27,67.07692307692308,119.0,0.0,37.42060629049092,4,27,1.9493835770732633,10,27,20.444444444444443,49,2,2.9242977983051968,7,0.0,0.0,0.0,1.1957128775292358,0.25,0.9749142212319335,0.2,0.09090909090909091,0.27090909090909093,0
19,176.5,295.0,38.0,78.68379050915689,12,19,3.3005590906597195,19,19,8.473684210526315,15,2,4.247927510702465,1,0.0,0.0,0.0,2.2497247671812395,0.05,0.9473684200427455,0.07692307692307693,0.05,0.2073076923076923,1
7,125.83333333333333,285.0,4.0,90.55461826372462,6,7,2.5216406354777012,7,7,8.571428571428571,11,4,2.8073549210477173,2,0.0,0.0,0.0,2.005253515034084,0.25,0.2857142855700161,0.14285714285714285,0.125,0.27321428571428574,1
20,173.26315789473685,300.0,28.0,82.51624535764117,14,20,3.6464393426512425,20,20,9.2,17,4,4.321928092001972,0,0.0,0.0,0.0,2.208985469245452,0.0,0.6754887493507296,0.06666666666666667,0.047619047619047616,0.18857142857142856,1
13,128.25,202.0,11.0,67.71155120558579,9,13,3.085055101458051,13,13,9.923076923076923,19,2,3.7004397162655884,1,0.0,0.0,0.0,1.835987397685619,0.07142857142857142,0.6153846148075375,0.1,0.07142857142857142,0.21142857142857144,1
33,63.5,117.0,1.0,34.8245602987317,4,33,1.8250406073161036,12,33,8.969696969696969,30,2,3.3313842687490127,19,1.0,0.0,1.0,0.9639195929127152,0.5588235294117647,1.506343661432909,0.2,0.07692307692307693,0.7958371040723983,0
19,143.22222222222223,274.0,18.0,71.7654788224623,13,19,3.5766176430331624,19,19,8.894736842105264,13,4,4.247927510702465,1,0.0,0.0,0.0,2.698871238002694,0.05,0.6713098676693026,0.07142857142857142,0.05,0.20785714285714285,1
16,54.53333333333333,107.0,12.0,31.955941892271333,4,16,1.8050365320001875,7,16,5.6875,11,2,2.65563906121968,10,1.0,0.0,0.0,1.2586622633905773,0.5882352941176471,0.8506025292194923,0.2,0.125,0.6027941176470589,0
24,115.0,284.0,4.0,77.85772978296067,13,24,3.5424812484850743,24,24,7.833333333333333,18,2,4.584962497258688,1,0.0,0.0,0.0,1.890291555887354,0.04,1.0424812487736141,0.07142857142857142,0.04,0.20485714285714285,1
37,63.55555555555556,114.0,0.0,37.22412930437912,4,37,1.9355273426033928,10,37,21.91891891891892,49,2,2.939996748891555,7,0.0,0.0,0.0,1.2888310072167843,0.18421052631578946,1.004469406288162,0.2,0.09090909090909091,0.24459330143540672,0
21,64.1,111.0,2.0,26.298098790597013,4,21,1.8047604494570453,7,21,39.42857142857143,63,3,2.5887791845818633,10,0.0,1.0,1.0,1.5948728905013265,0.45454545454545453,0.784018735124818,0.2,0.125,0.7493181818181819,0
31,70.7,114.0,7.0,31.32959197521304,4,31,1.917455487635035,10,31,25.483870967741936,49,2,2.8319237301757654,9,0.0,0.0,0.0,1.4433675786057125,0.28125,0.9144682425407304,0.2,0.09090909090909091,0.28340909090909094,0
13,67.91666666666667,117.0,24.0,27.069227095644152,4,13,1.833927217064752,7,13,16.846153846153847,36,2,2.6612262552599026,4,0.0,0.0,1.0,1.211660186906276,0.2857142857142857,0.8272990381951506,0.2,0.125,0.4817857142857143,0
21,141.8,299.0,2.0,93.58130155111117,14,21,3.653756706267228,21,21,9.428571428571429,16,4,4.3923174197491,0,0.0,0.0,0.0,2.4360752075919376,0.0,0.7385607134818719,0.06666666666666667,0.045454545454545456,0.18878787878787878,1
16,153.6,300.0,33.0,91.78801664705475,11,16,3.327819529527819,16,16,7.25,14,2,3.9999999976916882,1,0.0,0.0,0.0,1.9333333322176494,0.058823529411764705,0.6721804681638694,0.08333333333333333,0.058823529411764705,0.20931372549019608,1
4,167.0,258.0,26.0,101.09731285581564,3,4,1.4999999995671913,4,4,9.25,13,4,1.9999999994229218,1,0.0,0.0,0.0,1.3214285710472875,0.2,0.4999999998557305,0.25,0.2,0.23500000000000004,1
3,266.0,273.0,259.0,7.0,3,3,1.5849625002883474,3,3,11.0,13,7,1.5849625002883474,0,0.0,0.0,0.0,1.2453276787979872,0.0,0.0,0.25,0.25,0.15000000000000002,1
7,79.5,118.0,2.0,50.38766383418333,3,7,1.5566567070300144,5,7,34.285714285714285,53,4,2.235926349907685,1,0.0,1.0,0.0,1.419635777719165,0.125,0.6792696428776708,0.25,0.16666666666666666,0.4083333333333333,0
7,112.16666666666667,162.0,54.0,39.83891174328045,6,7,2.5216406354777012,7,7,8.285714285714286,13,2,2.8073549210477173,0,0.0,0.0,0.0,1.6614957695996697,0.0,0.2857142855700161,0.14285714285714285,0.125,0.17321428571428574,1
10,143.77777777777777,253.0,7.0,89.90090566566153,9,10,3.121928093588937,10,10,9.8,15,4,3.3219280934446678,0,0.0,0.0,0.0,2.034680957234859,0.0,0.1999999998557307,0.1,0.09090909090909091,0.1809090909090909,1
32,54.064516129032256,107.0,2.0,31.00981684716795,4,32,1.9715667050296533,8,32,26.6875,36,2,2.5677408137899915,11,0.0,0.0,1.0,1.8520698099464972,0.3333333333333333,0.5961741087603383,0.2,0.1111111111111111,0.5022222222222222,0
39,65.52631578947368,119.0,1.0,35.168569132787376,4,39,1.9948463521352853,10,39,22.076923076923077,36,2,2.8830795386577335,13,0.0,0.0,1.0,1.7202574378269635,0.325,0.8882331865224482,0.2,0.09090909090909091,0.500909090909091,0
29,55.607142857142854,113.0,0.0,27.423060272221218,4,29,1.9552890805944467,12,29,6.0344827586206895,15,2,3.3880089077725213,5,0.0,0.0,0.0,1.277805083750412,0.16666666666666666,1.4327198271780746,0.2,0.07692307692307693,0.23897435897435898,0
12,100.27272727272727,243.0,11.0,66.70571858965305,10,12,3.2516291659451277,12,12,6.916666666666667,13,3,3.5849624989899223,0,0.0,0.0,0.0,1.7711421870009736,0.0,0.3333333330447945,0.09090909090909091,0.07692307692307693,0.18321678321678322,1
26,51.96,110.0,0.0,35.45868581885121,4,26,1.950063755859132,8,26,6.269230769230769,15,2,2.855279391947048,4,0.0,0.0,0.0,1.1187753386715598,0.14814814814814814,0.905215636087916,0.2,0.1111111111111111,0.22814814814814816,0
4,161.66666666666666,262.0,74.0,77.27152702573495,4,4,1.9999999994229218,4,4,10.25,17,3,1.9999999994229218,1,0.0,0.0,0.0,1.1388888885602748,0.2,0.0,0.2,0.2,0.24000000000000005,1
9,154.75,296.0,57.0,88.62385401233688,8,9,2.947702778065934,9,9,8.0,12,3,3.169925000143887,0,0.0,0.0,0.0,1.9507230770116228,0.0,0.22222222207795284,0.1111111111111111,0.1,0.1788888888888889,1
18,173.41176470588235,279.0,76.0,66.1327175623377,13,18,3.6143694440112535,18,18,7.777777777777778,19,2,4.169924998845461,0,0.0,0.0,0.0,1.6216374995510128,0.0,0.5555555548342079,0.07142857142857142,0.05263157894736842,0.18759398496240604,1
17,156.125,299.0,30.0,83.13458591344519,13,17,3.4992275452571886,17,17,7.764705882352941,14,2,4.087462838797758,1,0.0,0.0,0.0,2.1158631165541335,0.05555555555555555,0.5882352935405692,0.07142857142857142,0.05555555555555555,0.20952380952380953,1
18,160.11764705882354,290.0,25.0,87.89825826618167,11,18,3.308270832948296,18,18,9.333333333333334,14,2,4.169924998845461,1,0.0,0.0,0.0,2.5946199992816203,0.05263157894736842,0.8616541658971655,0.08333333333333333,0.05263157894736842,0.20745614035087723,1
30,54.06896551724138,115.0,4.0,34.06275246991055,4,30,1.9182958334774112,11,30,9.133333333333333,30,2,3.2192509112518644,20,1.0,0.0,1.0,0.9484674727774309,0.6451612903225806,1.3009550777744532,0.2,0.08333333333333333,0.8297311827956989,0
19,155.27777777777777,290.0,15.0,78.01268098880931,13,19,3.616348564199661,19,19,8.736842105263158,14,2,4.247927510702465,1,0.0,0.0,0.0,2.474231462374067,0.05,0.6315789465028039,0.07142857142857142,0.05,0.20785714285714285,1
27,49.15384615384615,116.0,2.0,33.42810000317824,4,27,1.9493835770732633,9,27,44.48148148148148,78,2,2.8517735014111856,12,0.0,1.0,0.0,1.6057102556000158,0.42857142857142855,0.9023899243379223,0.2,0.1,0.5414285714285715,0
18,131.8235294117647,295.0,9.0,88.62162483019172,11,18,3.308270832948296,18,18,8.88888888888889,16,2,4.169924998845461,1,0.0,0.0,0.0,2.1803529405727904,0.05263157894736842,0.8616541658971655,0.08333333333333333,0.05263157894736842,0.20745614035087723,1
21,99.1,277.0,6.0,73.67421529951982,12,21,3.368042420841481,21,21,7.476190476190476,13,2,4.3923174197491,1,0.0,0.0,0.0,2.345557261566696,0.045454545454545456,1.0242749989076185,0.07692307692307693,0.045454545454545456,0.20594405594405596,1
15,55.92857142857143,109.0,9.0,30.82314595447084,4,15,1.9086126982956342,9,15,17.266666666666666,49,2,2.9735572609767598,1,0.0,0.0,0.0,1.026868440790641,0.0625,1.0649445626811256,0.2,0.1,0.195,0
29,59.285714285714285,116.0,6.0,32.40354603925884,4,29,1.9180368233028604,11,29,9.793103448275861,30,2,3.0861162354283955,21,1.0,0.0,1.0,0.9749243724823852,0.7,1.1680794121255351,0.2,0.08333333333333333,0.8516666666666667,0
21,135.9,299.0,6.0,74.43513955115554,15,21,3.7849418252736,21,21,8.666666666666666,16,2,4.3923174197491,2,0.0,0.0,0.0,2.239220645362286,0.09090909090909091,0.6073755944754997,0.0625,0.045454545454545456,0.22556818181818183,1
13,45.583333333333336,87.0,6.0,28.505725545737107,4,13,1.950063755859132,7,13,7.923076923076923,15,2,2.6612262552599026,4,0.0,0.0,0.0,1.3178187706335096,0.2857142857142857,0.7111624994007706,0.2,0.125,0.2817857142857143,0
13,127.91666666666667,296.0,26.0,71.7198930252657,11,13,3.39274740886182,13,13,8.923076923076923,18,3,3.7004397162655884,0,0.0,0.0,0.0,1.737858328286673,0.0,0.3076923074037685,0.08333333333333333,0.07142857142857142,0.18452380952380953,1
4,137.0,275.0,52.0,98.45134161943486,4,4,1.9999999994229218,4,4,8.5,12,2,1.9999999994229218,0,0.0,0.0,0.0,1.3076923073149873,0.0,0.0,0.2,0.2,0.16000000000000003,1
22,60.142857142857146,120.0,1.0,33.69793792516337,4,22,1.764694685553661,10,22,5.909090909090909,15,2,3.1403611622557897,4,0.0,0.0,0.0,1.1597924746967405,0.17391304347826086,1.3756664767021287,0.2,0.09090909090909091,0.24047430830039526,0
8,64.14285714285714,96.0,16.0,33.06888296281208,3,8,1.4056390617967578,7,8,9.5,15,3,2.749999998990113,4,0.0,0.0,0.0,1.6328124994003796,0.4444444444444444,1.3443609371933554,0.25,0.125,0.3402777777777778,0
17,155.5625,292.0,26.0,86.91228965888541,10,17,3.175123133670766,17,17,9.588235294117647,16,2,4.087462838797758,2,0.0,0.0,0.0,2.305385614962057,0.1111111111111111,0.9123397051269917,0.09090909090909091,0.05555555555555555,0.2297979797979798,1
11,65.1,109.0,9.0,31.66528067142308,4,11,1.8230679816965827,8,11,7.090909090909091,15,2,2.9139770720285956,3,0.0,0.0,0.0,1.291421656921764,0.25,1.0909090903320129,0.2,0.1111111111111111,0.2688888888888889,0
9,60.875,103.0,25.0,24.012691956546647,4,9,1.836591667531901,8,9,6.333333333333333,15,2,2.947702778065934,2,0.0,0.0,0.0,1.1667990163177655,0.2,1.111111110534033,0.2,0.1111111111111111,0.24888888888888894,0
21,55.45,111.0,0.0,32.492268311092104,4,21,1.9502120643376688,9,21,7.095238095238095,30,2,2.8792489685842706,13,1.0,0.0,1.0,0.6589986118572294,0.5909090909090909,0.9290369042466018,0.2,0.1,0.8063636363636365,0
25,126.45833333333333,260.0,3.0,69.75312368553031,15,25,3.593269687351066,25,25,9.76,19,3,4.643856186167987,1,0.0,0.0,0.0,2.2662018188499777,0.038461538461538464,1.0505864988169211,0.0625,0.038461538461538464,0.20528846153846153,1
5,67.5,106.0,3.0,42.66438795998368,2,5,0.7219280945988233,4,5,32.0,78,2,1.9219280943102843,0,0.0,1.0,0.0,0.7785025192142924,0.0,1.199999999711461,0.3333333333333333,0.2,0.34666666666666673,0
12,52.72727272727273,104.0,1.0,35.365856438843565,4,12,1.9182958334774112,10,12,16.916666666666668,36,2,3.2516291659451277,2,0.0,0.0,1.0,1.4866682898352725,0.15384615384615385,1.3333333324677166,0.2,0.09090909090909091,0.4324475524475525,0
16,176.4,300.0,6.0,101.85532223043951,13,16,3.6249999981244967,16,16,8.6875,19,2,3.9999999976916882,1,0.0,0.0,0.0,1.7374999989973272,0.058823529411764705,0.37499999956719154,0.07142857142857142,0.058823529411764705,0.21050420168067227,1
35,63.6764705882353,119.0,12.0,32.3325738028961,4,35,1.9640600518475788,8,35,51.714285714285715,78,3,2.3936085597378263,8,0.0,1.0,0.0,1.566882999322049,0.2222222222222222,0.42954850789024746,0.2,0.1111111111111111,0.45777777777777784,0
12,44.36363636363637,87.0,3.0,29.20545629990996,4,12,1.8879185020940548,6,12,35.5,53,3,2.3553885413419167,3,0.0,1.0,0.0,1.5484498744007045,0.23076923076923078,0.4674700392478619,0.2,0.14285714285714285,0.4580219780219781,0
15,141.85714285714286,279.0,7.0,90.44560886668465,8,15,2.8225797606883356,15,15,5.933333333333334,12,3,3.906890593444476,0,0.0,0.0,0.0,1.7831449375208124,0.0,1.0843108327561404,0.1111111111111111,0.0625,0.1826388888888889,1
33,61.34375,120.0,0.0,36.66538675559689,4,33,1.948005953103071,12,33,10.666666666666666,30,2,3.217706998309222,15,1.0,0.0,1.0,1.1071679994182269,0.4411764705882353,1.2697010452061512,0.2,0.07692307692307693,0.7487782805429865,0
15,170.42857142857142,285.0,28.0,78.26029305712927,10,15,3.1395722605440275,15,15,8.933333333333334,17,2,3.906890593444476,1,0.0,0.0,0.0,1.9389753315613325,0.0625,0.7673183329004485,0.09090909090909091,0.0625,0.2096590909090909,1
40,60.97435897435897,120.0,0.0,35.748758041534295,4,40,1.9177560507236595,12,40,7.475,15,2,3.278212944109767,11,0.0,0.0,0.0,1.5315401098262817,0.2682926829268293,1.3604568933861076,0.2,0.07692307692307693,0.2796247654784241,0
23,142.5,292.0,1.0,81.40568999545648,14,23,3.708132062638828,22,23,9.217391304347826,16,2,4.436605431143953,0,0.0,0.0,0.0,2.405525195402859,0.0,0.7284733685051248,0.06666666666666667,0.043478260869565216,0.1889855072463768,1
27,56.15384615384615,120.0,1.0,35.5827230199544,4,27,1.7686211873978466,9,27,6.888888888888889,21,2,2.6000427057767452,22,1.0,0.0,0.0,0.8141547866573647,0.7857142857142857,0.8314215183788987,0.2,0.1,0.6842857142857143,0
39,60.973684210526315,120.0,6.0,31.54486098951215,4,39,1.9196526841337422,14,39,6.487179487179487,15,2,3.5371763330633974,9,0.0,0.0,0.0,1.4341436093991018,0.225,1.6175236489296552,0.2,0.06666666666666667,0.26333333333333336,0
29,56.17857142857143,120.0,1.0,34.47261187359837,4,29,1.9431766837580524,10,29,9.482758620689655,30,2,3.0382947890929124,18,1.0,0.0,1.0,0.9294005194666861,0.6,1.09511810533486,0.2,0.09090909090909091,0.8109090909090909,0
36,64.71428571428571,120.0,3.0,38.65937064639711,4,36,1.991076059261144,10,36,36.361111111111114,78,2,3.0498550300701637,14,0.0,1.0,0.0,1.4037483243185107,0.3783783783783784,1.0587789708090196,0.2,0.09090909090909091,0.5222604422604423,0
5,76.25,107.0,31.0,27.887048965424793,2,5,0.9709505941661296,4,5,26.0,49,4,1.9219280943102843,0,0.0,0.0,0.0,0.9994026090413479,0.0,0.9509775001441547,0.3333333333333333,0.2,0.1466666666666667,0
9,62.25,111.0,14.0,34.06886408438062,3,9,1.530493056324674,6,9,37.888888888888886,63,2,2.5032583339100283,5,0.0,1.0,1.0,1.4819637011515965,0.5,0.9727652775853544,0.25,0.14285714285714285,0.7607142857142858,0
28,60.925925925925924,119.0,9.0,31.510052394758706,4,28,1.9345491394181242,9,28,41.964285714285715,78,2,2.8154107239442734,6,0.0,1.0,0.0,1.4955278483881198,0.20689655172413793,0.8808615845261492,0.2,0.1,0.4527586206896552,0
8,197.71428571428572,295.0,109.0,72.81231113665618,6,8,2.4056390613639493,8,8,9.5,14,4,2.9999999988458437,1,0.0,0.0,0.0,1.8999999992690342,0.1111111111111111,0.5943609374818943,0.14285714285714285,0.1111111111111111,0.21904761904761905,1
38,64.24324324324324,118.0,5.0,34.442592586446914,4,38,1.982711722481889,9,38,26.44736842105263,36,2,2.503385965762587,17,0.0,0.0,1.0,1.7894046199085347,0.4358974358974359,0.5206742432806979,0.2,0.1,0.5443589743589744,0
22,166.76190476190476,282.0,17.0,84.44491287613242,14,22,3.5726236618753906,22,22,9.136363636363637,19,2,4.459431615463368,1,0.0,0.0,0.0,2.0371494425184933,0.043478260869565216,0.8868079535879771,0.06666666666666667,0.043478260869565216,0.2063768115942029,1
14,61.84615384615385,114.0,14.0,31.813993422938793,4,14,1.863120567989553,8,14,26.857142857142858,53,2,2.753434385034629,4,0.0,1.0,0.0,1.3694329745674876,0.26666666666666666,0.890313817045076,0.2,0.1111111111111111,0.4755555555555556,0
23,73.04545454545455,117.0,7.0,35.17162760563907,4,23,1.8973172600926291,8,23,36.08695652173913,63,2,2.7357612819131285,10,0.0,1.0,1.0,1.542582788035256,0.4166666666666667,0.8384440218204994,0.2,0.1111111111111111,0.7355555555555556,0
8,122.71428571428571,258.0,17.0,89.6369093075173,6,8,2.4999999991343826,8,8,8.0,13,4,2.9999999988458437,0,0.0,0.0,0.0,1.7142857136261962,0.0,0.49999999971146103,0.14285714285714285,0.1111111111111111,0.17460317460317462,1
3,110.5,122.0,99.0,11.5,3,3,1.5849625002883474,3,3,9.666666666666666,13,5,1.5849625002883474,0,0.0,0.0,0.0,1.094378869246716,0.0,0.0,0.25,0.25,0.15000000000000002,1
39,55.68421052631579,118.0,0.0,38.285702472991346,4,39,1.9137180592791614,11,39,9.615384615384615,30,2,3.223700372235112,23,1.0,0.0,1.0,0.9999070633483598,0.575,1.3099823129559507,0.2,0.08333333333333333,0.8016666666666666,0
6,164.2,274.0,95.0,66.58047761919406,6,6,2.584962499855539,6,6,8.0,19,2,2.584962499855539,1,0.0,0.0,0.0,1.0339849999422157,0.14285714285714285,0.0,0.14285714285714285,0.14285714285714285,0.2285714285714286,1
15,119.57142857142857,273.0,5.0,96.39480890418048,12,15,3.5068905938772845,15,15,10.4,16,3,3.906890593444476,0,0.0,0.0,0.0,2.3900977748130914,0.0,0.39999999956719146,0.07692307692307693,0.0625,0.1860576923076923,1
17,68.8125,115.0,15.0,34.79083706595747,4,17,1.9328045769620448,9,17,18.058823529411764,36,2,2.933954576749749,3,0.0,0.0,1.0,1.4319937282387485,0.16666666666666666,1.001149999787704,0.2,0.1,0.4366666666666667,0
17,72.5625,119.0,16.0,28.385667047825386,4,17,1.9927781068828607,10,17,7.411764705882353,15,2,3.175123133670766,5,0.0,0.0,0.0,1.4708290986857226,0.2777777777777778,1.1823450267879054,0.2,0.09090909090909091,0.28202020202020206,0
12,131.8181818181818,236.0,21.0,64.62312867952602,10,12,3.2516291659451277,12,12,9.166666666666666,15,3,3.5849624989899223,1,0.0,0.0,0.0,2.0538847650463095,0.07692307692307693,0.3333333330447945,0.09090909090909091,0.07692307692307693,0.213986013986014,1
27,41.69230769230769,118.0,1.0,34.053994717404564,4,27,1.7446231549255184,10,27,16.444444444444443,49,2,3.0982557987503823,3,0.0,0.0,0.0,1.01898190714457,0.10714285714285714,1.3536326438248638,0.2,0.09090909090909091,0.21376623376623377,0
13,180.33333333333334,294.0,16.0,95.73168522258217,8,13,2.873140678358977,13,13,8.23076923076923,15,3,3.7004397162655884,0,0.0,0.0,0.0,1.9035915848097016,0.0,0.8272990379066116,0.1111111111111111,0.07142857142857142,0.18174603174603177,1
13,137.58333333333334,270.0,3.0,93.28938697527292,10,13,3.1808329857627458,13,13,9.923076923076923,19,3,3.7004397162655884,0,0.0,0.0,0.0,1.835987397685619,0.0,0.5196067305028427,0.09090909090909091,0.07142857142857142,0.18376623376623377,1
11,131.5,257.0,21.0,78.25119807389532,10,11,3.277613435376421,11,11,7.818181818181818,14,2,3.459431617050333,0,0.0,0.0,0.0,1.8030976913110828,0.0,0.18181818167391217,0.09090909090909091,0.08333333333333333,0.18257575757575759,1
18,63.11764705882353,120.0,0.0,38.298951533708006,4,18,1.9071996701318696,7,18,4.777777777777778,8,2,2.5577277777294327,0,0.0,0.0,0.0,1.357806104226736,0.0,0.6505281075975631,0.2,0.125,0.16750000000000004,0
19,171.88888888888889,297.0,3.0,83.29925229015424,14,19,3.6818808007836297,18,19,7.842105263157895,16,3,4.142664352951997,0,0.0,0.0,0.0,1.9110123485753796,0.0,0.46078355216836764,0.06666666666666667,0.05263157894736842,0.1880701754385965,1
8,34.0,67.0,12.0,20.156530313665453,4,8,1.9056390616524883,6,8,26.625,76,2,2.4999999991343826,2,0.0,1.0,0.0,0.8644480516487395,0.2222222222222222,0.5943609374818943,0.2,0.14285714285714285,0.4546031746031747,0
17,61.5625,120.0,1.0,36.09357413377068,4,17,1.9210556981255889,9,17,25.294117647058822,53,2,2.933954576749749,5,0.0,1.0,0.0,1.3742924488043484,0.2777777777777778,1.01289887862416,0.2,0.1,0.48111111111111116,0
23,159.0,300.0,16.0,96.16085009456339,15,23,3.7950885842336888,23,23,8.652173913043478,18,3,4.523561952738814,1,0.0,0.0,0.0,2.059928669553831,0.041666666666666664,0.7284733685051252,0.0625,0.041666666666666664,0.20625,1
16,58.46666666666667,103.0,6.0,31.62671163571845,4,16,1.88024081436707,8,16,27.5,53,2,2.7272170003083263,2,0.0,1.0,0.0,1.3888605094162774,0.11764705882352941,0.8469761859412563,0.2,0.1111111111111111,0.4159477124183007,0
3,174.0,260.0,88.0,86.0,3,3,1.5849625002883474,3,3,6.666666666666667,10,3,1.5849625002883474,0,0.0,0.0,0.0,0.9605833335080893,0.0,0.0,0.25,0.25,0.15000000000000002,1
14,45.38461538461539,120.0,7.0,36.01610422177292,4,14,1.877387063719535,8,14,13.714285714285714,30,3,2.753434385034629,9,1.0,0.0,1.0,1.2181092210291447,0.6,0.8760473213150941,0.2,0.1111111111111111,0.8088888888888889,0
5,47.5,103.0,14.0,33.55964838909967,2,5,0.9709505941661296,4,5,7.2,15,2,1.9219280943102843,1,0.0,0.0,0.0,0.864867642439628,0.16666666666666666,0.9509775001441547,0.3333333333333333,0.2,0.21333333333333337,0
27,67.46153846153847,116.0,2.0,31.694734783836754,4,27,1.9803464133181214,11,27,7.925925925925926,30,2,3.246403946754261,17,1.0,0.0,1.0,0.8300244260518661,0.6071428571428571,1.2660575334361397,0.2,0.08333333333333333,0.8145238095238095,0
31,60.9,120.0,3.0,34.42707268028075,4,31,1.951831864207728,9,31,22.322580645161292,49,2,2.916736326548767,4,0.0,0.0,0.0,1.302181637401127,0.125,0.964904462341039,0.2,0.1,0.22000000000000003,0
8,120.28571428571429,259.0,16.0,88.334937734114,7,8,2.749999998990113,8,8,9.125,14,3,2.9999999988458437,0,0.0,0.0,0.0,1.824999999297888,0.0,0.24999999985573051,0.125,0.1111111111111111,0.1763888888888889,1
8,191.14285714285714,299.0,130.0,60.361834137210934,7,8,2.749999998990113,8,8,10.0,17,2,2.9999999988458437,0,0.0,0.0,0.0,1.6666666660254688,0.0,0.24999999985573051,0.125,0.1111111111111111,0.1763888888888889,1
25,183.54166666666666,286.0,31.0,77.57629533061129,17,25,3.9238561873221434,25,25,8.2,14,2,4.643856186167987,1,0.0,0.0,0.0,2.538641381771833,0.038461538461538464,0.7199999988458439,0.05555555555555555,0.038461538461538464,0.20598290598290597,1
31,65.93333333333334,120.0,0.0,33.94204210447896,4,31,1.816356672587736,10,31,37.645161290322584,63,2,2.8766599220439213,20,0.0,1.0,1.0,1.692067605355472,0.625,1.0603032494561853,0.2,0.09090909090909091,0.8209090909090909,0
13,66.58333333333333,117.0,16.0,36.57744827379601,4,13,1.7381493326157882,6,13,41.61538461538461,78,2,2.4116022171090545,4,0.0,1.0,0.0,1.2703766304342732,0.2857142857142857,0.6734528844932663,0.2,0.14285714285714285,0.48000000000000004,0
7,32.666666666666664,95.0,6.0,30.868898407440597,4,7,1.8423709926000305,4,7,41.42857142857143,63,3,1.6644977786233832,2,0.0,1.0,1.0,1.0774650799124579,0.25,0.17787321397664724,0.2,0.2,0.6600000000000001,0
8,107.14285714285714,211.0,2.0,68.89832793208218,7,8,2.749999998990113,8,8,8.25,15,3,2.9999999988458437,1,0.0,0.0,0.0,1.546874999404888,0.1111111111111111,0.24999999985573051,0.125,0.1111111111111111,0.22083333333333333,1
14,77.15384615384616,172.0,3.0,54.27117970659531,10,14,3.2359263491863377,14,14,8.928571428571429,12,5,3.8073549200378314,0,0.0,0.0,0.0,2.614941565960049,0.0,0.5714285708514937,0.09090909090909091,0.06666666666666667,0.18424242424242426,1
14,62.15384615384615,106.0,7.0,33.47983584613318,4,14,1.9591904228428676,8,14,11.071428571428571,30,2,2.807354920903448,8,1.0,0.0,1.0,1.0026267574655172,0.5333333333333333,0.8481644980605803,0.2,0.1111111111111111,0.7822222222222223,0
15,57.357142857142854,118.0,4.0,31.120978553420347,4,15,1.88924642793208,6,15,27.6,49,2,2.2062389277877723,6,0.0,0.0,0.0,1.2178438881388505,0.375,0.31699249985569233,0.2,0.14285714285714285,0.3157142857142858,0
7,120.83333333333333,273.0,24.0,84.87130780710811,7,7,2.8073549210477173,7,7,7.428571428571429,13,2,2.8073549210477173,0,0.0,0.0,0.0,1.4896168968824623,0.0,0.0,0.125,0.125,0.17500000000000002,1
9,72.875,176.0,17.0,58.05910243019608,6,9,2.5032583339100283,9,9,5.777777777777778,11,2,3.169925000143887,0,0.0,0.0,0.0,1.526260185254464,0.0,0.6666666662338585,0.14285714285714285,0.1,0.17571428571428574,1
14,133.84615384615384,290.0,14.0,95.613682762254,10,14,3.1820058133175184,14,14,7.785714285714286,14,2,3.8073549200378314,0,0.0,0.0,0.0,1.9761985061148746,0.0,0.625349106720313,0.09090909090909091,0.06666666666666667,0.18424242424242426,1
7,164.33333333333334,268.0,13.0,105.30379332620876,6,7,2.5216406354777012,7,7,9.857142857142858,17,6,2.8073549210477173,1,0.0,0.0,0.0,1.5373610281927976,0.125,0.2857142855700161,0.14285714285714285,0.125,0.22321428571428575,1
32,62.903225806451616,118.0,1.0,35.959076057158306,4,32,1.9166159212854708,9,32,23.9375,49,2,2.9528195298163573,4,0.0,0.0,0.0,1.413662349899581,0.12121212121212122,1.0362036085308866,0.2,0.1,0.2184848484848485,0
12,153.45454545454547,249.0,21.0,65.1757953347764,9,12,3.022055207575775,12,12,9.416666666666666,17,3,3.5849624989899223,0,0.0,0.0,0.0,1.8754664925271352,0.0,0.5629072914141471,0.1,0.07692307692307693,0.18230769230769234,1
17,142.375,271.0,6.0,94.3059349935093,10,17,3.175123133670766,17,17,8.764705882352942,19,2,4.087462838797758,1,0.0,0.0,0.0,1.791270479355488,0.05555555555555555,0.9123397051269917,0.09090909090909091,0.05555555555555555,0.20757575757575758,1
40,59.8974358974359,115.0,0.0,34.245564842386464,4,40,1.9525093243380018,8,40,24.85,49,2,2.7121169879170153,11,0.0,0.0,0.0,1.3479221429947568,0.2682926829268293,0.7596076635790134,0.2,0.1111111111111111,0.2762059620596206,0
6,39.8,98.0,13.0,29.955967685921948,4,6,1.9182958334774112,5,6,19.0,36,2,2.251629166666475,2,0.0,0.0,0.0,1.1562420045044062,0.2857142857142857,0.333333333189064,0.2,0.16666666666666666,0.27761904761904765,0
19,43.111111111111114,102.0,1.0,30.72619021994264,4,19,1.7142977503708432,8,19,21.210526315789473,49,2,2.7550576187841513,4,0.0,0.0,0.0,1.1687244424947505,0.2,1.0407598684133081,0.2,0.1111111111111111,0.24888888888888894,0
18,56.8235294117647,114.0,6.0,35.350738895876404,4,18,1.8412501697044767,9,18,9.88888888888889,30,3,3.0168756944681387,11,1.0,0.0,1.0,0.9623725333608042,0.5789473684210527,1.175625524763662,0.2,0.1,0.8015789473684211,0
17,67.3125,118.0,1.0,36.258996728398316,4,17,1.903967812510688,8,17,27.941176470588236,53,2,2.79334519303736,4,0.0,1.0,0.0,1.4453583515171524,0.2222222222222222,0.8893773805266718,0.2,0.1111111111111111,0.45777777777777784,0
24,144.8695652173913,292.0,7.0,98.4759093682202,15,24,3.74060156078668,24,24,8.291666666666666,17,4,4.584962497258688,4,0.0,0.0,0.0,2.1120544836909234,0.16,0.8443609364720084,0.0625,0.04,0.25375000000000003,1
10,45.333333333333336,94.0,4.0,34.06529677610991,3,10,1.4854752967945257,6,10,51.7,78,2,2.4464393438053986,3,0.0,1.0,0.0,1.601024228794166,0.2727272727272727,0.9609640470108729,0.25,0.14285714285714285,0.46980519480519484,0
10,137.0,288.0,10.0,81.43572789493427,9,10,3.121928093588937,10,10,7.9,15,3,3.3219280934446678,0,0.0,0.0,0.0,1.6402019961383048,0.0,0.1999999998557307,0.1,0.09090909090909091,0.1809090909090909,1
28,65.96296296296296,119.0,0.0,34.49904076120194,4,28,1.962757046775363,11,28,7.107142857142857,15,2,3.2673757962290773,7,0.0,0.0,0.0,1.4513566594856837,0.2413793103448276,1.3046187494537143,0.2,0.08333333333333333,0.26821839080459775,0
12,157.1818181818182,288.0,58.0,77.76049263524527,9,12,3.0849624994227307,12,12,8.666666666666666,18,2,3.5849624989899223,1,0.0,0.0,0.0,1.6352460521708416,0.07692307692307693,0.49999999956719154,0.1,0.07692307692307693,0.2130769230769231,1
11,170.8,274.0,78.0,59.73407737631845,9,11,3.095795253702508,11,11,8.727272727272727,13,2,3.459431617050333,0,0.0,0.0,0.0,2.1565288002391685,0.0,0.3636363633478248,0.1,0.08333333333333333,0.1816666666666667,1
19,152.61111111111111,280.0,8.0,95.57204315122057,13,19,3.5766176430331624,19,19,7.947368421052632,14,2,4.247927510702465,0,0.0,0.0,0.0,2.2506563302318323,0.0,0.6713098676693026,0.07142857142857142,0.05,0.18785714285714286,1
30,61.0,112.0,12.0,32.44836747394448,4,30,1.9413453554229891,7,30,26.933333333333334,36,3,2.5525842451622758,11,0.0,0.0,1.0,1.8580973604424493,0.3548387096774194,0.6112388897392866,0.2,0.125,0.5094354838709677,0
36,59.6,115.0,1.0,33.8899057875013,4,36,1.8879185020940548,10,36,38.55555555555556,63,2,2.8910611106299573,23,0.0,1.0,1.0,1.7416635510218668,0.6216216216216216,1.0031426085359025,0.2,0.09090909090909091,0.8195577395577397,0
23,146.6818181818182,272.0,34.0,78.08409590344151,14,23,3.6753108668925902,22,23,8.782608695652174,18,2,4.436605431143953,0,0.0,0.0,0.0,2.050787865196976,0.0,0.7612945642513624,0.06666666666666667,0.043478260869565216,0.1889855072463768,1
24,69.08695652173913,120.0,0.0,34.06887275413204,4,24,1.9899343777484984,11,24,6.375,15,2,3.1572682280304245,3,0.0,0.0,0.0,1.2579740596058722,0.12,1.1673338502819262,0.2,0.08333333333333333,0.21966666666666668,0
36,58.17142857142857,119.0,0.0,31.688200340447334,4,36,1.8571159750641222,9,36,46.416666666666664,78,2,2.8582828926522175,13,0.0,1.0,0.0,1.6793919527503007,0.35135135135135137,1.0011669175880953,0.2,0.1,0.5105405405405405,0
3,104.0,141.0,67.0,37.0,3,3,1.5849625002883474,3,3,7.333333333333333,9,6,1.5849625002883474,0,0.0,0.0,0.0,1.162305833544788,0.0,0.0,0.25,0.25,0.15000000000000002,1
25,54.791666666666664,119.0,1.0,36.23991718012366,4,25,1.7739119507234693,7,25,44.8,78,3,2.5028246913516203,11,0.0,1.0,0.0,1.4193233692728173,0.4230769230769231,0.728912740628151,0.2,0.125,0.5367307692307692,0
16,163.46666666666667,295.0,36.0,83.76146024408972,12,16,3.499999998268766,16,16,9.5,19,3,3.9999999976916882,1,0.0,0.0,0.0,1.8999999989035519,0.058823529411764705,0.49999999942292206,0.07692307692307693,0.058823529411764705,0.20995475113122172,1
29,61.607142857142854,112.0,2.0,32.635803395432234,4,29,1.9652114975873656,7,29,26.79310344827586,49,2,2.511805131451901,9,0.0,0.0,0.0,1.3459810945780188,0.3,0.5465936338645356,0.2,0.125,0.28750000000000003,0
36,57.34285714285714,107.0,1.0,33.462937158374274,4,36,1.986053574056032,9,36,21.13888888888889,36,2,2.936490889201997,11,0.0,0.0,1.0,1.6776798548669065,0.2972972972972973,0.9504373151459651,0.2,0.1,0.488918918918919,0
13,169.33333333333334,300.0,11.0,93.16681574227788,10,13,3.1808329857627458,13,13,9.76923076923077,14,3,3.7004397162655884,0,0.0,0.0,0.0,2.4100299690550244,0.0,0.5196067305028427,0.09090909090909091,0.07142857142857142,0.18376623376623377,1
6,193.2,277.0,63.0,71.34816045281055,5,6,2.251629166666475,6,6,6.333333333333333,9,4,2.584962499855539,0,0.0,0.0,0.0,1.6371429165751747,0.0,0.333333333189064,0.16666666666666666,0.14285714285714285,0.16904761904761906,1
5,51.0,102.0,30.0,29.68164415931166,3,5,1.37095059402186,4,5,8.0,27,3,1.9219280943102843,0,0.0,0.0,0.0,0.5491223126600812,0.0,0.5509775002884243,0.25,0.2,0.15500000000000003,0
14,162.76923076923077,292.0,61.0,68.74048616259432,11,14,3.378783491899211,14,14,8.5,19,2,3.8073549200378314,0,0.0,0.0,0.0,1.6181258410160784,0.0,0.42857142813862037,0.08333333333333333,0.06666666666666667,0.185,1
24,63.56521739130435,109.0,13.0,24.998827949841658,4,24,1.9591479164501666,9,24,24.125,49,2,2.8920795626272855,3,0.0,0.0,0.0,1.3954283889676653,0.12,0.9329316461771189,0.2,0.1,0.21800000000000003,0
39,50.526315789473685,119.0,2.0,37.85063222868018,4,39,1.9836546292977777,11,39,25.794871794871796,53,2,3.040183683702535,4,0.0,1.0,0.0,1.4522434880364434,0.1,1.0565290544047572,0.2,0.08333333333333333,0.41166666666666674,0
5,138.5,214.0,56.0,57.102977155311265,5,5,2.3219280941660148,5,5,7.8,11,4,2.3219280941660148,0,0.0,0.0,0.0,1.5092532612079097,0.0,0.0,0.16666666666666666,0.16666666666666666,0.16666666666666669,1
12,137.63636363636363,263.0,17.0,77.99099333463009,8,12,2.8553885410533777,12,12,9.583333333333334,14,3,3.5849624989899223,1,0.0,0.0,0.0,2.290392707688006,0.07692307692307693,0.7295739579365446,0.1111111111111111,0.07692307692307693,0.211965811965812,1
22,151.52380952380952,282.0,3.0,87.40634119287698,13,22,3.550340707670885,22,22,7.954545454545454,14,3,4.459431615463368,1,0.0,0.0,0.0,2.3648500991093617,0.043478260869565216,0.9090909077924829,0.07142857142857142,0.043478260869565216,0.20590062111801244,1
30,51.89655172413793,115.0,2.0,33.504857936585445,4,30,1.9182958334774112,10,30,23.133333333333333,49,2,3.0607546613240184,6,0.0,0.0,0.0,1.4161091566392459,0.1935483870967742,1.1424588278466072,0.2,0.09090909090909091,0.2483284457478006,0
8,78.0,120.0,43.0,25.4052862890496,4,8,1.9056390616524883,6,8,6.75,15,2,2.4999999991343826,2,0.0,0.0,0.0,1.0546874996348177,0.2222222222222222,0.5943609374818943,0.2,0.14285714285714285,0.25460317460317466,0
22,150.47619047619048,297.0,18.0,87.94512306661362,13,22,3.606936730299818,22,22,9.181818181818182,19,2,4.459431615463368,3,0.0,0.0,0.0,2.047284514371819,0.13043478260869565,0.8524948851635497,0.07142857142857142,0.043478260869565216,0.2406832298136646,1
14,54.30769230769231,120.0,3.0,32.629351146062,4,14,1.6893917461660097,6,14,34.5,53,3,2.352745780006253,2,0.0,1.0,0.0,1.5031431372262172,0.13333333333333333,0.6633540338402433,0.2,0.14285714285714285,0.4190476190476191,0
25,64.04166666666667,116.0,6.0,31.92371005833891,4,25,1.9103083320921517,10,25,33.04,78,2,2.88229218763972,6,0.0,1.0,0.0,1.2054548592356498,0.23076923076923078,0.9719838555475682,0.2,0.09090909090909091,0.4632167832167833,0
17,124.375,297.0,20.0,87.37982819278143,12,17,3.454822398215372,17,17,8.235294117647058,14,2,4.087462838797758,3,0.0,0.0,0.0,2.2440972448301415,0.16666666666666666,0.632640440582386,0.07692307692307693,0.05555555555555555,0.2534188034188034,1
36,63.22857142857143,117.0,1.0,32.08478563724176,4,36,1.9341956468808457,9,36,33.44444444444444,53,2,2.7478847390352557,10,0.0,1.0,0.0,1.7018792313778024,0.2702702702702703,0.81368909215441,0.2,0.1,0.47810810810810817,0
19,62.666666666666664,105.0,3.0,33.6270393846645,4,19,1.978484592931573,8,19,30.05263157894737,63,2,2.9311090907813306,8,0.0,1.0,1.0,1.3763678378586677,0.4,0.9526244978497576,0.2,0.1111111111111111,0.728888888888889,0
20,156.10526315789474,287.0,16.0,83.97048023708413,14,20,3.684183717759416,20,20,8.35,19,2,4.321928092001972,1,0.0,0.0,0.0,1.8044049784108231,0.047619047619047616,0.6377443742425561,0.06666666666666667,0.047619047619047616,0.20761904761904762,1
10,50.888888888888886,110.0,28.0,23.01421997347845,3,10,1.5219280944545537,6,10,42.3,63,4,2.370950593589052,5,0.0,1.0,1.0,1.5670501579502638,0.45454545454545453,0.8490224991344981,0.25,0.14285714285714285,0.7425324675324675,0
11,61.0,114.0,9.0,29.809394492340832,4,11,1.8230679816965827,9,11,30.636363636363637,78,2,3.095795253702508,3,0.0,1.0,0.0,1.2005558118501096,0.25,1.2727272720059255,0.2,0.1,0.4700000000000001,0
20,119.05263157894737,261.0,6.0,85.08662686945677,14,20,3.7219280928675893,20,20,6.9,15,2,4.321928092001972,0,0.0,0.0,0.0,1.8638314896758506,0.0,0.5999999991343827,0.06666666666666667,0.047619047619047616,0.18857142857142856,1
16,169.06666666666666,293.0,46.0,75.17221708997428,11,16,3.280639060642602,16,16,7.9375,16,4,3.9999999976916882,0,0.0,0.0,0.0,1.8676470577457516,0.0,0.7193609370490863,0.08333333333333333,0.058823529411764705,0.1857843137254902,1
13,157.91666666666666,271.0,30.0,73.04617071110268,9,13,3.0269868320608615,13,13,7.923076923076923,11,2,3.7004397162655884,1,0.0,0.0,0.0,2.443239043431767,0.07142857142857142,0.6734528842047269,0.1,0.07142857142857142,0.21142857142857144,1
6,204.4,298.0,71.0,74.4435356495109,5,6,2.251629166666475,6,6,5.333333333333333,9,3,2.584962499855539,0,0.0,0.0,0.0,1.3786466665896209,0.0,0.333333333189064,0.16666666666666666,0.14285714285714285,0.16904761904761906,1
6,149.2,273.0,59.0,73.00246571178263,3,6,1.2516291669550144,6,6,8.0,14,2,2.584962499855539,0,0.0,0.0,0.0,1.3786466665896209,0.0,1.3333333329005248,0.25,0.14285714285714285,0.16071428571428575,1
16,178.26666666666668,287.0,34.0,77.88920906575498,10,16,3.2028195296720883,16,16,8.5,14,2,3.9999999976916882,2,0.0,0.0,0.0,2.266666665358623,0.11764705882352941,0.7971804680196,0.09090909090909091,0.058823529411764705,0.2320855614973262,1
6,56.2,106.0,16.0,40.221387345540435,3,6,1.5849625002883474,4,6,8.166666666666666,15,2,1.9182958334774112,3,0.0,0.0,0.0,0.9791301650040952,0.42857142857142855,0.3333333331890638,0.25,0.2,0.32642857142857146,0
16,67.06666666666666,120.0,1.0,40.996693633619884,4,16,1.6774212832522866,6,16,34.75,53,2,2.2334585924787325,3,0.0,1.0,0.0,1.4372719646043695,0.17647058823529413,0.5560373092264459,0.2,0.14285714285714285,0.43630252100840344,0
9,153.375,250.0,52.0,71.49464577854764,7,9,2.725480555987981,9,9,9.88888888888889,14,4,3.169925000143887,2,0.0,0.0,0.0,2.0898024075022663,0.2,0.44444444415590567,0.125,0.1,0.25750000000000006,1
33,54.71875,119.0,1.0,38.34566009912334,4,33,1.972978460786929,9,33,42.878787878787875,63,2,2.6853495292126244,21,0.0,1.0,1.0,1.7991333256798594,0.6176470588235294,0.7123710684256954,0.2,0.1,0.8170588235294117,0
40,70.05128205128206,119.0,5.0,34.16772259877901,4,40,1.9670340271106674,10,40,46.725,78,2,2.941552911851156,17,0.0,1.0,0.0,1.7397982253955098,0.4146341463414634,0.9745188847404886,0.2,0.09090909090909091,0.5367627494456763,0
19,55.94444444444444,119.0,0.0,34.8576027451086,4,19,1.812945275682802,6,19,36.526315789473685,53,3,2.4047933015961855,6,0.0,1.0,0.0,1.6266340656020983,0.3,0.5918480259133836,0.2,0.14285714285714285,0.48571428571428577,0
27,59.96153846153846,115.0,4.0,31.556397339014342,4,27,1.9054172434550012,12,27,7.333333333333333,30,2,3.21223992804693,15,1.0,0.0,1.0,0.7598847141616393,0.5357142857142857,1.3068226845919286,0.2,0.07692307692307693,0.7865934065934067,0
26,50.72,115.0,1.0,37.96052686673355,4,26,1.6762400835989877,9,26,7.038461538461538,15,2,2.9360434483454663,6,0.0,0.0,0.0,1.2915768054019718,0.2222222222222222,1.2598033647464786,0.2,0.1,0.25888888888888895,0
40,57.58974358974359,119.0,6.0,35.60734435097801,4,40,1.9634212541045715,11,40,22.15,36,2,3.0282129442540366,12,0.0,0.0,1.0,1.8128355868980246,0.2926829268292683,1.0647916901494652,0.2,0.08333333333333333,0.488739837398374,0
17,151.125,290.0,5.0,89.46289384431961,11,17,3.3371753395361123,17,17,8.470588235294118,19,4,4.087462838797758,0,0.0,0.0,0.0,1.7311607317261093,0.0,0.7502874992616455,0.08333333333333333,0.05555555555555555,0.18611111111111112,1
12,147.1818181818182,269.0,7.0,98.69495536690837,11,12,3.418295832467525,12,12,8.25,15,2,3.5849624989899223,0,0.0,0.0,0.0,1.8484962885416787,0.0,0.16666666652239703,0.08333333333333333,0.07692307692307693,0.183974358974359,1
12,66.54545454545455,115.0,12.0,37.65721864002278,3,12,1.4999999995671913,9,12,6.083333333333333,15,2,3.022055207575775,1,0.0,0.0,0.0,1.1490105737137062,0.07692307692307693,1.5220552080085838,0.25,0.1,0.1957692307692308,0
12,56.63636363636363,119.0,10.0,30.746094289349774,4,12,1.8553885416304556,7,12,10.5,21,2,2.6887218745309807,10,1.0,0.0,0.0,1.2832536219352408,0.7692307692307693,0.833333332900525,0.2,0.125,0.6751923076923078,0
13,68.0,110.0,12.0,35.900324975316494,4,13,1.950063755859132,6,13,9.307692307692308,30,3,2.141619524468521,10,1.0,0.0,1.0,0.6430172765773972,0.7142857142857143,0.19155576860938894,0.2,0.14285714285714285,0.8514285714285715,0
20,69.94736842105263,118.0,14.0,31.520208528916353,4,20,1.9999999994229218,7,20,22.85,49,3,2.670950593444782,6,0.0,0.0,0.0,1.2206244212042654,0.2857142857142857,0.6709505940218603,0.2,0.125,0.2817857142857143,0
22,61.42857142857143,118.0,8.0,33.401698600337006,4,22,1.9808259356520006,10,22,33.40909090909091,78,2,3.2089872988161052,5,0.0,1.0,0.0,1.3570803593957637,0.21739130434782608,1.2281613631641046,0.2,0.09090909090909091,0.45786561264822134,0
21,48.65,117.0,4.0,33.71538966110283,4,21,1.938708496709756,10,21,8.80952380952381,15,2,3.041625612926528,8,0.0,0.0,0.0,1.6747045785458563,0.36363636363636365,1.102917116216772,0.2,0.09090909090909091,0.3163636363636364,0
14,41.69230769230769,89.0,13.0,24.00123270995957,4,14,1.8092000321207338,7,14,20.571428571428573,36,2,2.64559331344126,3,0.0,0.0,1.0,1.4709090236893492,0.2,0.8363932813205261,0.2,0.125,0.44750000000000006,0
26,56.36,113.0,2.0,34.286883789577615,4,26,1.950063755859132,7,26,23.615384615384617,49,2,2.364706795854261,0,0.0,0.0,0.0,1.1168692097342434,0.0,0.4146430399951291,0.2,0.125,0.16750000000000004,0
37,64.91666666666667,113.0,14.0,26.699328955362652,4,37,1.9809712509635493,10,37,34.729729729729726,53,2,2.6531540988351447,9,0.0,1.0,0.0,1.7063578663679482,0.23684210526315788,0.6721828478715954,0.2,0.09090909090909091,0.4656459330143541,0
10,159.22222222222223,268.0,24.0,92.09268010213982,7,10,2.6464393436611293,10,10,8.6,17,3,3.3219280934446678,0,0.0,0.0,0.0,1.5871434224235634,0.0,0.6754887497835385,0.125,0.09090909090909091,0.1784090909090909,1
27,73.8076923076923,119.0,18.0,31.819224028116704,4,27,1.9493835770732633,10,27,36.74074074074074,78,2,3.116412280071607,6,0.0,1.0,0.0,1.4493581724477422,0.21428571428571427,1.167028702998344,0.2,0.09090909090909091,0.4566233766233766,0
15,171.0,262.0,60.0,48.09959904792792,10,15,3.1395722605440275,15,15,7.866666666666666,14,2,3.906890593444476,0,0.0,0.0,0.0,2.048947066784214,0.0,0.7673183329004485,0.09090909090909091,0.0625,0.1846590909090909,1
8,39.42857142857143,93.0,3.0,31.33622797455797,4,8,1.9999999994229218,7,8,22.125,53,2,2.749999998990113,1,0.0,1.0,0.0,1.126736110697338,0.1111111111111111,0.7499999995671913,0.2,0.125,0.4119444444444445,0
5,72.25,111.0,27.0,29.894606536965828,3,5,1.37095059402186,3,5,26.6,34,4,1.37095059402186,3,0.0,0.0,0.0,1.0419224514566137,0.5,0.0,0.25,0.25,0.35000000000000003,0
12,157.45454545454547,259.0,18.0,74.54999986142752,8,12,2.8553885410533777,12,12,7.916666666666667,14,2,3.5849624989899223,2,0.0,0.0,0.0,1.8920635411335702,0.15384615384615385,0.7295739579365446,0.1111111111111111,0.07692307692307693,0.24273504273504276,1
29,57.75,112.0,11.0,32.37351761636574,4,29,1.936941874537913,9,29,29.620689655172413,53,2,2.7194978065531634,5,0.0,1.0,0.0,1.4917296397376545,0.16666666666666666,0.7825559320152504,0.2,0.1,0.4366666666666667,0
34,64.42424242424242,117.0,1.0,29.73114916189223,4,34,1.8138461080613069,14,34,6.4411764705882355,15,2,3.5617480456738835,8,0.0,0.0,0.0,1.4338654816223906,0.22857142857142856,1.7479019376125766,0.2,0.06666666666666667,0.26476190476190475,0
5,34.75,80.0,3.0,29.74369681125734,4,5,1.9219280943102843,2,5,55.2,76,50,0.7219280945988233,5,0.0,1.0,0.0,0.5175380626214942,0.8333333333333334,1.199999999711461,0.2,0.3333333333333333,0.6800000000000002,0
19,53.72222222222222,107.0,4.0,26.882058361077842,4,19,1.9440097491392787,8,19,15.105263157894736,30,2,2.79478853995065,10,1.0,0.0,1.0,1.361806979568483,0.5,0.8507787908113713,0.2,0.1111111111111111,0.7688888888888891,0
18,56.705882352941174,114.0,3.0,36.685891992430506,3,18,1.415268949594287,12,18,7.611111111111111,15,2,3.4613201384797745,6,0.0,0.0,0.0,1.6465307603185038,0.3157894736842105,2.0460511888854875,0.25,0.07692307692307693,0.29362348178137654,0
6,54.2,105.0,17.0,29.83554926593442,3,6,1.459147916594436,6,6,6.333333333333333,15,2,2.584962499855539,2,0.0,0.0,0.0,1.023214322859484,0.2857142857142857,1.125814583261103,0.25,0.14285714285714285,0.275,0
20,66.84210526315789,119.0,6.0,37.35218327712407,4,20,1.9527241950475767,9,20,37.45,63,2,2.884183718480763,11,0.0,1.0,1.0,1.6876981290172592,0.5238095238095238,0.9314595234331864,0.2,0.1,0.7795238095238096,0
24,151.0,298.0,2.0,82.91011371673385,15,24,3.653107166198769,24,24,8.375,17,3,4.584962497258688,2,0.0,0.0,0.0,2.133281161918973,0.08,0.9318553310599196,0.0625,0.04,0.22175,1
24,144.95652173913044,272.0,6.0,93.87479092126063,15,24,3.7091479148632023,24,24,8.708333333333334,15,3,4.584962497258688,3,0.0,0.0,0.0,2.4954613591850676,0.12,0.8758145823954862,0.0625,0.04,0.23775,1
12,157.0,266.0,15.0,81.24821676364797,8,12,2.792481249206422,12,12,9.083333333333334,18,2,3.5849624989899223,1,0.0,0.0,0.0,1.7138636508329015,0.07692307692307693,0.7924812497835001,0.1111111111111111,0.07692307692307693,0.211965811965812,1
17,58.875,117.0,2.0,39.306289255028894,4,17,1.903967812510688,10,17,7.235294117647059,15,2,3.0286393103958797,3,0.0,0.0,0.0,1.369568511686372,0.16666666666666666,1.1246714978851917,0.2,0.09090909090909091,0.23757575757575758,0
9,71.875,113.0,12.0,39.34602108218822,3,9,1.3516441147205838,8,9,9.444444444444445,30,3,2.947702778065934,4,1.0,0.0,1.0,0.8980456492315569,0.4,1.5960586633453502,0.25,0.1111111111111111,0.7238888888888889,0
12,145.27272727272728,290.0,3.0,94.0213620882277,9,12,3.0849624994227307,12,12,10.583333333333334,17,3,3.5849624989899223,0,0.0,0.0,0.0,2.107825173017223,0.0,0.49999999956719154,0.1,0.07692307692307693,0.18230769230769234,1
39,57.60526315789474,118.0,2.0,34.160256588525584,4,39,1.990727610522157,10,39,9.897435897435898,30,2,3.063138358434978,26,1.0,0.0,1.0,0.9779746950834587,0.65,1.072410747912821,0.2,0.09090909090909091,0.8309090909090909,0
34,51.24242424242424,119.0,1.0,34.55257768135511,4,34,1.957042599125789,11,34,19.88235294117647,36,2,3.1487526349312094,10,0.0,0.0,1.0,1.6920165192476133,0.2857142857142857,1.1917100358054205,0.2,0.08333333333333333,0.48595238095238097,0
3,68.5,105.0,32.0,36.5,3,3,1.5849625002883474,3,3,9.666666666666666,12,6,1.5849625002883474,0,0.0,0.0,0.0,1.178561859188771,0.0,0.0,0.25,0.25,0.15000000000000002,1
17,51.25,118.0,3.0,36.42886904640329,4,17,1.901506401924428,9,17,43.588235294117645,78,2,2.9686657806193333,6,0.0,1.0,0.0,1.6379607918383663,0.3333333333333333,1.0671593786949052,0.2,0.1,0.5033333333333334,0
8,95.85714285714286,240.0,9.0,66.11986641467054,8,8,2.9999999988458437,8,8,9.125,13,2,2.9999999988458437,0,0.0,0.0,0.0,1.9553571421048803,0.0,0.0,0.1111111111111111,0.1111111111111111,0.17777777777777778,1
39,67.10526315789474,119.0,5.0,34.05088257120682,4,39,1.957136737083511,8,39,24.615384615384617,49,2,2.717325860825499,9,0.0,0.0,0.0,1.337760423791015,0.225,0.760189123741988,0.2,0.1111111111111111,0.25888888888888895,0
13,51.5,111.0,6.0,32.82656444609051,4,13,1.950063755859132,8,13,27.923076923076923,53,3,2.873140678358977,3,0.0,1.0,0.0,1.4856838550488727,0.21428571428571427,0.9230769224998447,0.2,0.1111111111111111,0.4546031746031746,0
25,58.833333333333336,119.0,2.0,37.62829904325851,4,25,1.978688569874019,11,25,8.2,15,2,3.2390795690372105,9,0.0,0.0,0.0,1.6600282791315701,0.34615384615384615,1.2603909991631914,0.2,0.08333333333333333,0.31012820512820516,0
6,66.2,86.0,49.0,15.57433786714543,4,6,1.9182958334774112,5,6,20.166666666666668,35,3,2.251629166666475,1,0.0,0.0,1.0,1.2613293016974236,0.14285714285714285,0.333333333189064,0.2,0.16666666666666666,0.42047619047619056,0
32,56.903225806451616,106.0,4.0,30.614517786037265,4,32,1.9620310224310333,10,32,19.3125,36,2,3.038409375645837,6,0.0,0.0,1.0,1.5859265153286546,0.18181818181818182,1.0763783532148035,0.2,0.09090909090909091,0.4436363636363637,0
24,168.30434782608697,294.0,11.0,81.33314997861717,12,24,3.3758145819626773,24,24,8.583333333333334,14,2,4.584962497258688,1,0.0,0.0,0.0,2.6236174289869165,0.04,1.2091479152960112,0.07692307692307693,0.04,0.2043076923076923,1
9,178.25,298.0,23.0,86.4432617385531,8,9,2.947702778065934,9,9,9.555555555555555,14,3,3.169925000143887,0,0.0,0.0,0.0,2.019359629721291,0.0,0.22222222207795284,0.1111111111111111,0.1,0.1788888888888889,1
8,43.714285714285715,117.0,3.0,44.460943649500756,4,8,1.9056390616524883,4,8,39.875,76,3,1.5487949401183205,2,0.0,1.0,0.0,0.8020545225612732,0.2222222222222222,0.3568441215341678,0.2,0.2,0.44888888888888895,0
9,61.125,98.0,9.0,26.188917026100945,3,9,1.530493056324674,5,9,26.22222222222222,47,2,2.1971597227028017,5,0.0,1.0,0.0,1.200300218883938,0.5,0.6666666663781278,0.25,0.16666666666666666,0.5583333333333333,0
13,161.75,289.0,7.0,113.82378559276029,10,13,3.2389012551599357,13,13,7.384615384615385,14,2,3.7004397162655884,0,0.0,0.0,0.0,1.8217549372384436,0.0,0.4615384611056528,0.09090909090909091,0.07142857142857142,0.18376623376623377,1
16,185.66666666666666,299.0,10.0,100.14101168962804,11,16,3.280639060642602,15,16,7.375,15,2,3.8749999978359577,0,0.0,0.0,0.0,1.7861328115025117,0.0,0.5943609371933558,0.08333333333333333,0.0625,0.18541666666666667,1
4,92.66666666666667,139.0,21.0,51.39606556493946,4,4,1.9999999994229218,4,4,9.75,17,5,1.9999999994229218,0,0.0,0.0,0.0,1.0833333330207493,0.0,0.0,0.2,0.2,0.16000000000000003,1
26,61.32,116.0,9.0,29.344464554665162,4,26,1.9431095455751304,11,26,7.538461538461538,15,2,3.353533946990517,8,0.0,0.0,0.0,1.5800304173320705,0.2962962962962963,1.4104244014153868,0.2,0.08333333333333333,0.2901851851851852,0
24,122.8695652173913,295.0,11.0,86.47759415660978,13,24,3.5739348944085525,24,24,8.083333333333334,16,2,4.584962497258688,1,0.0,0.0,0.0,2.1801047168337884,0.04,1.011027602850136,0.07142857142857142,0.04,0.20485714285714285,1
5,73.0,119.0,24.0,37.19542982679458,3,5,1.5219280944545537,3,5,15.6,24,2,1.37095059402186,0,0.0,0.0,0.0,0.8554731706696407,0.0,0.15097750043269365,0.25,0.25,0.15000000000000002,0
31,61.13333333333333,109.0,2.0,32.85293830931346,4,31,1.862310134585142,10,31,39.193548387096776,78,2,2.932550035942338,8,0.0,1.0,0.0,1.4548992624213724,0.25,1.070239901357196,0.2,0.09090909090909091,0.47090909090909094,0
14,152.30769230769232,294.0,14.0,95.29903108344693,11,14,3.324862956030392,14,14,9.785714285714286,18,3,3.8073549200378314,1,0.0,0.0,0.0,1.9609309174630936,0.06666666666666667,0.4824919640074392,0.08333333333333333,0.06666666666666667,0.21166666666666667,1
19,52.72222222222222,120.0,3.0,40.4444826007146,4,19,1.5229571175603316,7,19,36.78947368421053,78,3,2.649794461033684,6,0.0,1.0,0.0,1.2339815644653866,0.3,1.1268373434733525,0.2,0.125,0.48750000000000004,0
17,159.0,276.0,2.0,86.48554792565056,11,17,3.3371753395361123,16,17,8.294117647058824,14,4,3.969815780118498,1,0.0,0.0,0.0,2.1950746078302283,0.05555555555555555,0.6326404405823856,0.08333333333333333,0.058823529411764705,0.20800653594771243,1
22,135.95238095238096,280.0,14.0,88.2655496569065,15,22,3.6978458209203695,22,22,9.863636363636363,13,4,4.459431615463368,0,0.0,0.0,0.0,3.141872274531009,0.0,0.7615857945429982,0.0625,0.043478260869565216,0.18940217391304348,1
12,154.36363636363637,243.0,17.0,59.83807350944977,10,12,3.2516291659451277,12,12,10.416666666666666,16,5,3.5849624989899223,1,0.0,0.0,0.0,2.1966681979104914,0.07692307692307693,0.3333333330447945,0.09090909090909091,0.07692307692307693,0.213986013986014,1
25,57.708333333333336,113.0,3.0,39.57006356522005,4,25,1.9132696889380303,9,25,7.8,30,2,2.8872103100405537,16,1.0,0.0,1.0,0.7264593683327845,0.6153846153846154,0.9739406211025234,0.2,0.1,0.8161538461538461,0
4,161.0,282.0,37.0,100.04332394851076,4,4,1.9999999994229218,4,4,10.75,13,7,1.9999999994229218,0,0.0,0.0,0.0,1.5357142852711723,0.0,0.0,0.2,0.2,0.16000000000000003,1
24,181.56521739130434,299.0,37.0,79.72388550870382,11,24,3.2924812487736133,24,24,7.791666666666667,13,2,4.584962497258688,1,0.0,0.0,0.0,2.5517499612719488,0.04,1.2924812484850752,0.08333333333333333,0.04,0.20366666666666666,1
9,73.0,116.0,11.0,34.292856398964496,4,9,1.8910611114955744,6,9,23.88888888888889,49,3,2.419381944780754,1,0.0,0.0,0.0,1.155926929173027,0.1,0.5283208332851796,0.2,0.14285714285714285,0.20571428571428574,0
12,172.54545454545453,299.0,11.0,92.46165164430813,9,12,3.022055207575775,12,12,7.5,13,4,3.5849624989899223,0,0.0,0.0,0.0,1.9205156244588868,0.0,0.5629072914141471,0.1,0.07692307692307693,0.18230769230769234,1
21,173.35,300.0,23.0,93.60409980337398,11,21,3.2368573018351094,21,21,10.238095238095237,17,2,4.3923174197491,1,0.0,0.0,0.0,2.498275781074223,0.045454545454545456,1.1554601179139903,0.08333333333333333,0.045454545454545456,0.20530303030303032,1
24,62.34782608695652,120.0,2.0,39.01126782114666,4,24,1.9798687560740746,9,24,39.291666666666664,78,2,2.6572682283189635,8,0.0,1.0,0.0,1.3216265502662354,0.32,0.6773994722448888,0.2,0.1,0.49800000000000005,0
30,62.724137931034484,120.0,1.0,32.52680226576457,4,30,1.7254927818239711,9,30,32.46666666666667,53,2,2.798277895437381,9,0.0,1.0,0.0,1.6824214013308698,0.2903225806451613,1.0727851136134097,0.2,0.1,0.4861290322580646,0
3,235.0,268.0,202.0,33.0,3,3,1.5849625002883474,3,3,11.333333333333334,19,2,1.5849625002883474,0,0.0,0.0,0.0,0.8981454168300635,0.0,0.0,0.25,0.25,0.15000000000000002,1
31,69.13333333333334,118.0,0.0,31.711967597247714,4,31,1.9793605199810296,7,31,36.516129032258064,63,2,2.6383753435118,19,0.0,1.0,1.0,1.5053633512375793,0.59375,0.6590148235307702,0.2,0.125,0.805,0
25,120.83333333333333,286.0,2.0,83.97552553505629,14,25,3.5892750686909407,25,25,9.32,18,2,4.643856186167987,1,0.0,0.0,0.0,2.277933666057139,0.038461538461538464,1.0545811174770465,0.06666666666666667,0.038461538461538464,0.20487179487179488,1
13,78.5,118.0,0.0,31.81063763376438,4,13,1.854285871410168,5,13,25.692307692307693,49,2,1.881094759388727,2,0.0,0.0,0.0,0.9665933071320536,0.14285714285714285,0.02680888797855907,0.2,0.16666666666666666,0.2204761904761905,0
32,63.74193548387097,117.0,2.0,36.31134874755833,4,32,1.954434002347887,7,32,23.25,49,2,2.6780074201214212,6,0.0,0.0,0.0,1.2452734503564609,0.18181818181818182,0.7235734177735342,0.2,0.125,0.2402272727272728,0
35,65.3529411764706,118.0,8.0,36.71903045059651,4,35,1.7272636670327548,10,35,9.8,30,2,2.910747572880998,27,1.0,0.0,1.0,0.9201718133623801,0.75,1.1834839058482431,0.2,0.09090909090909091,0.870909090909091,0
23,159.04545454545453,300.0,14.0,88.46441363248185,14,23,3.6211755408996975,22,23,7.739130434782608,14,2,4.436605431143953,1,0.0,0.0,0.0,2.289031207952532,0.041666666666666664,0.8154298902442552,0.06666666666666667,0.043478260869565216,0.20565217391304347,1
18,143.47058823529412,293.0,19.0,88.36096932273875,14,18,3.7254805549780947,17,18,7.666666666666667,15,2,4.05881388787862,0,0.0,0.0,0.0,1.9448483212751722,0.0,0.33333333290052547,0.06666666666666667,0.05555555555555555,0.18777777777777777,1
17,58.3125,117.0,3.0,37.699003219581286,4,17,1.7394541959148122,9,17,10.882352941176471,30,2,2.984234163354063,12,1.0,0.0,1.0,1.0475964330559804,0.6666666666666666,1.2447799674392508,0.2,0.1,0.8366666666666668,0
15,160.5,250.0,17.0,78.5791229998692,10,15,3.240223927499157,15,15,7.933333333333334,16,2,3.906890593444476,0,0.0,0.0,0.0,1.8232156102740888,0.0,0.6666666659453191,0.09090909090909091,0.0625,0.1846590909090909,1
27,48.42307692307692,120.0,4.0,35.129620503022664,4,27,1.9367376366919284,10,27,20.59259259259259,49,2,3.1723298728244567,5,0.0,0.0,0.0,1.3065299328077022,0.17857142857142858,1.2355922361325282,0.2,0.09090909090909091,0.24233766233766238,0
24,58.04347826086956,118.0,2.0,32.32508550830288,4,24,1.9329316463213881,8,24,37.083333333333336,63,3,2.7689704610055874,13,0.0,1.0,1.0,1.604416478056623,0.52,0.8360388146841993,0.2,0.1111111111111111,0.7768888888888891,0
36,66.25714285714285,114.0,1.0,35.1481296857765,4,36,1.9640787642311512,11,36,8.694444444444445,30,2,3.1734165837184807,22,1.0,0.0,1.0,0.8900352963296456,0.5945945945945946,1.2093378194873294,0.2,0.08333333333333333,0.8095045045045045,0
3,168.5,270.0,67.0,101.5,3,3,1.5849625002883474,3,3,9.0,15,4,1.5849625002883474,1,0.0,0.0,0.0,0.8915414064121954,0.25,0.0,0.25,0.25,0.25,1
29,54.464285714285715,106.0,5.0,33.49891484687776,4,29,1.9568813279257737,6,29,35.13793103448276,53,3,2.422491667258828,6,0.0,1.0,0.0,1.5763212062175902,0.2,0.4656103393330544,0.2,0.14285714285714285,0.4457142857142858,0
12,74.0,113.0,15.0,30.522718811343847,4,12,1.9999999994229218,6,12,27.583333333333332,36,3,2.418295833188872,6,0.0,0.0,1.0,1.8028286504178301,0.46153846153846156,0.41829583376595036,0.2,0.14285714285714285,0.5503296703296704,0
21,156.3,299.0,7.0,85.16812784134684,15,21,3.7849418252736,21,21,7.714285714285714,14,2,4.3923174197491,0,0.0,0.0,0.0,2.2589061015852514,0.0,0.6073755944754997,0.0625,0.045454545454545456,0.18920454545454546,1
6,62.2,90.0,15.0,27.036271932350434,3,6,1.459147916594436,5,6,18.5,49,2,2.251629166666475,0,0.0,0.0,0.0,0.8331027916665958,0.0,0.7924812500720391,0.25,0.16666666666666666,0.15833333333333335,0
6,81.6,114.0,67.0,16.596385148579795,3,6,1.459147916594436,5,6,9.666666666666666,30,3,2.251629166666475,3,1.0,0.0,1.0,0.7021209229390084,0.42857142857142855,0.7924812500720391,0.25,0.16666666666666666,0.7297619047619047,0
26,53.64,112.0,5.0,30.624016718908706,4,26,1.8608941284937215,5,26,39.11538461538461,63,2,2.2076418746069217,13,0.0,1.0,1.0,1.3492618909106004,0.48148148148148145,0.34674774611320025,0.2,0.16666666666666666,0.755925925925926,0
35,63.11764705882353,120.0,4.0,37.80971296457655,4,35,1.9838531205921603,11,35,35.42857142857143,78,2,3.212323474506549,9,0.0,1.0,0.0,1.4406079958004057,0.25,1.2284703539143889,0.2,0.08333333333333333,0.47166666666666673,0
18,170.76470588235293,296.0,12.0,91.63388110349777,12,18,3.4193819439151376,18,18,8.88888888888889,13,4,4.169924998845461,2,0.0,0.0,0.0,2.6475714278383884,0.10526315789473684,0.7505430549303238,0.07692307692307693,0.05263157894736842,0.22914979757085022,1
21,180.25,279.0,30.0,68.49808391480742,11,21,3.3087513496602017,21,21,8.952380952380953,14,3,4.3923174197491,0,0.0,0.0,0.0,2.6214465870248596,0.0,1.083566070088898,0.08333333333333333,0.045454545454545456,0.18712121212121213,1
12,53.72727272727273,112.0,9.0,36.131303247740256,4,12,1.8553885416304556,8,12,6.333333333333333,15,2,2.8553885410533777,3,0.0,0.0,0.0,1.130257964166962,0.23076923076923078,0.9999999994229221,0.2,0.1111111111111111,0.26119658119658123,0
25,131.83333333333334,299.0,19.0,77.17710512551993,12,25,3.4634651878704132,24,25,8.84,17,3,4.5638561863122575,0,0.0,0.0,0.0,2.241360482611131,0.0,1.1003909984418443,0.07692307692307693,0.04,0.18830769230769231,1
22,51.76190476190476,92.0,9.0,21.10722007344939,4,22,1.9196905734726184,11,22,19.681818181818183,49,2,3.2433003669519933,3,0.0,0.0,0.0,1.2766809626274667,0.13043478260869565,1.323609793479375,0.2,0.08333333333333333,0.22384057971014495,0
35,52.5,111.0,2.0,35.499171489917735,4,35,1.9197280808677688,9,35,10.085714285714285,30,2,2.8910345462854727,24,1.0,0.0,1.0,0.9405854330311261,0.6666666666666666,0.9713064654177039,0.2,0.1,0.8366666666666668,0
17,167.25,294.0,13.0,92.32720346680061,14,17,3.6901165155738918,16,17,6.588235294117647,14,2,3.969815780118498,1,0.0,0.0,0.0,1.7436053622481245,0.05555555555555555,0.27969926454460614,0.06666666666666667,0.058823529411764705,0.2096732026143791,1
23,127.68181818181819,285.0,1.0,87.5418789980681,14,23,3.551191172445923,23,23,7.695652173913044,13,2,4.523561952738814,1,0.0,0.0,0.0,2.4865542411017705,0.041666666666666664,0.9723707802928909,0.06666666666666667,0.041666666666666664,0.20583333333333334,1
6,76.6,114.0,42.0,29.316207121658834,4,6,1.9182958334774112,5,6,31.5,53,3,2.251629166666475,2,0.0,1.0,0.0,1.3134503472221106,0.2857142857142857,0.333333333189064,0.2,0.16666666666666666,0.4776190476190476,0
14,59.0,112.0,7.0,37.23935056857505,4,14,1.863120567989553,7,14,38.214285714285715,78,2,2.64559331344126,5,0.0,1.0,0.0,1.2797399843499766,0.3333333333333333,0.7824727454517069,0.2,0.125,0.5008333333333334,0
9,71.25,119.0,10.0,34.52082704687128,4,9,1.9749375006248486,6,9,26.444444444444443,36,2,2.419381944780754,3,0.0,0.0,1.0,1.7291678764499083,0.3,0.44444444415590545,0.2,0.14285714285714285,0.48571428571428577,0
29,58.32142857142857,114.0,1.0,31.66459669210188,4,29,1.93140287719612,9,29,26.03448275862069,36,2,2.6379623590841885,17,0.0,0.0,1.0,1.8561617717693963,0.5666666666666667,0.7065594818880685,0.2,0.1,0.5966666666666667,0
23,42.36363636363637,117.0,1.0,37.289464091501834,4,23,1.985277589931944,6,23,31.304347826086957,53,3,2.457223371046594,3,0.0,1.0,0.0,1.42447731654875,0.125,0.4719457811146499,0.2,0.14285714285714285,0.41571428571428576,0
14,134.69230769230768,279.0,30.0,78.21999018093345,12,14,3.5216406346120843,14,14,8.071428571428571,14,2,3.8073549200378314,2,0.0,0.0,0.0,2.048719552210833,0.13333333333333333,0.28571428542574706,0.07692307692307693,0.06666666666666667,0.23897435897435898,1
12,178.36363636363637,284.0,3.0,90.07196388269743,5,12,2.1887218748195196,12,12,9.166666666666666,18,2,3.5849624989899223,1,0.0,0.0,0.0,1.7295871705653132,0.07692307692307693,1.3962406241704026,0.16666666666666666,0.07692307692307693,0.20641025641025643,1
22,149.1904761904762,287.0,37.0,74.15852970727421,13,22,3.4594316167617936,22,22,8.272727272727273,15,3,4.459431615463368,2,0.0,0.0,0.0,2.3057288466316277,0.08695652173913043,0.9999999987015742,0.07142857142857142,0.043478260869565216,0.2232919254658385,1
6,55.4,73.0,23.0,21.546229368499723,4,6,1.9182958334774112,5,6,30.666666666666668,63,3,2.251629166666475,3,0.0,1.0,1.0,1.0789056423610195,0.42857142857142855,0.333333333189064,0.2,0.16666666666666666,0.7347619047619048,0
14,175.23076923076923,293.0,10.0,90.19479248668394,11,14,3.378783491899211,14,14,7.357142857142857,13,3,3.8073549200378314,0,0.0,0.0,0.0,2.0008038610402887,0.0,0.42857142813862037,0.08333333333333333,0.06666666666666667,0.185,1
22,130.52380952380952,298.0,6.0,83.46919537148851,12,22,3.390805480345748,22,22,7.363636363636363,13,2,4.459431615463368,2,0.0,0.0,0.0,2.345545200341122,0.08695652173913043,1.0686261351176198,0.07692307692307693,0.043478260869565216,0.22274247491638796,1
11,172.9,298.0,35.0,97.52994411974201,8,11,2.8453509354682804,11,11,7.0,10,3,3.459431617050333,1,0.0,0.0,0.0,2.2014564835774846,0.08333333333333333,0.6140806815820525,0.1111111111111111,0.08333333333333333,0.2138888888888889,1
14,62.46153846153846,119.0,17.0,30.409045680053783,4,14,1.6893917461660097,7,14,28.857142857142858,49,2,2.4956029227191263,5,0.0,0.0,0.0,1.4403194011121816,0.3333333333333333,0.8062111765531166,0.2,0.125,0.30083333333333334,0
21,185.35,297.0,45.0,73.76264298410138,11,21,3.272804325747656,21,21,9.714285714285714,16,2,4.3923174197491,3,0.0,0.0,0.0,2.5098956684280567,0.13636363636363635,1.119513094001444,0.08333333333333333,0.045454545454545456,0.24166666666666667,1
23,60.18181818181818,119.0,10.0,33.39928736805944,4,23,1.9141701106536952,9,23,29.26086956521739,53,2,2.914016302208419,4,0.0,1.0,0.0,1.5790120542562527,0.16666666666666666,0.9998461915547237,0.2,0.1,0.4366666666666667,0
33,63.40625,116.0,0.0,34.801992916175074,4,33,1.8763856874607256,9,33,38.303030303030305,78,2,2.8151964571710217,8,0.0,1.0,0.0,1.3649437368101924,0.23529411764705882,0.9388107697102961,0.2,0.1,0.4641176470588236,0
21,192.6,293.0,2.0,87.17361986289201,12,21,3.4632805160795765,20,21,9.523809523809524,18,2,4.297079324655274,3,0.0,0.0,0.0,2.1539244735114154,0.13636363636363635,0.8337988085756978,0.07692307692307693,0.047619047619047616,0.24209124209124208,1
38,49.21621621621622,107.0,0.0,34.24722133935488,4,38,1.8986735803789756,10,38,23.526315789473685,36,2,2.7765221699420755,8,0.0,0.0,1.0,1.7654415504468106,0.20512820512820512,0.8778485895630999,0.2,0.09090909090909091,0.45296037296037295,0
21,66.25,113.0,9.0,32.6080894871196,4,21,1.8735625179359159,9,21,29.476190476190474,63,2,2.7539187568819203,9,0.0,1.0,1.0,1.2683599036532058,0.4090909090909091,0.8803562389460045,0.2,0.1,0.7336363636363638,0
7,75.16666666666667,115.0,9.0,43.52553528932439,3,7,1.4488156352923758,5,7,6.857142857142857,11,3,2.235926349907685,2,0.0,0.0,0.0,1.2776721999472487,0.25,0.7871107146153093,0.25,0.16666666666666666,0.25833333333333336,0
7,160.16666666666666,251.0,29.0,69.01308249568017,5,7,2.235926349907685,7,7,9.428571428571429,12,7,2.8073549210477173,0,0.0,0.0,0.0,2.036103569111531,0.0,0.5714285711400322,0.16666666666666666,0.125,0.17083333333333334,1
20,190.42105263157896,292.0,9.0,75.54734715428373,11,20,3.2841837181922244,20,20,8.2,14,3,4.321928092001972,2,0.0,0.0,0.0,2.3626540236277447,0.09523809523809523,1.0377443738097476,0.08333333333333333,0.047619047619047616,0.225,1
21,69.8,118.0,5.0,32.80640181428009,4,21,1.9173570197713445,10,21,21.142857142857142,36,2,2.9649760665247746,4,0.0,0.0,1.0,1.694272038014157,0.18181818181818182,1.04761904675343,0.2,0.09090909090909091,0.4436363636363637,0
10,156.88888888888889,273.0,19.0,74.71195716356169,7,10,2.6464393436611293,10,10,10.2,15,3,3.3219280934446678,0,0.0,0.0,0.0,2.1177291595709757,0.0,0.6754887497835385,0.125,0.09090909090909091,0.1784090909090909,1
25,165.79166666666666,268.0,39.0,71.74897163413254,14,25,3.643074187408797,25,25,10.0,18,3,4.643856186167987,2,0.0,0.0,0.0,2.4441348348252565,0.07692307692307693,1.0007819987591904,0.06666666666666667,0.038461538461538464,0.22025641025641027,1
18,137.47058823529412,297.0,12.0,92.91812819204229,13,18,3.6143694440112535,18,18,8.666666666666666,16,2,4.169924998845461,0,0.0,0.0,0.0,2.1258441170584703,0.0,0.5555555548342079,0.07142857142857142,0.05263157894736842,0.18759398496240604,1
19,154.33333333333334,294.0,20.0,87.27287983993398,14,19,3.6818808007836297,18,19,8.842105263157896,19,2,4.142664352951997,0,0.0,0.0,0.0,1.8314937139366727,0.0,0.46078355216836764,0.06666666666666667,0.05263157894736842,0.1880701754385965,1
30,41.62068965517241,108.0,2.0,34.139080440420166,4,30,1.9689250787841865,9,30,27.233333333333334,53,2,2.9459265468664118,5,0.0,1.0,0.0,1.485692585672752,0.16129032258064516,0.9770014680822252,0.2,0.1,0.4345161290322581,0
18,158.52941176470588,299.0,21.0,94.7933465318785,14,18,3.7254805549780947,18,18,8.944444444444445,15,2,4.169924998845461,0,0.0,0.0,0.0,2.331103905604581,0.0,0.4444444438673667,0.06666666666666667,0.05263157894736842,0.1880701754385965,1
24,48.869565217391305,110.0,3.0,37.373908997106625,4,24,1.8478548138227873,8,24,26.625,49,2,2.5629072906927997,4,0.0,0.0,0.0,1.3647481322939157,0.16,0.7150524768700124,0.2,0.1111111111111111,0.23288888888888892,0
25,173.75,300.0,5.0,98.46795163909931,15,25,3.783465187437605,25,25,8.92,14,2,4.643856186167987,1,0.0,0.0,0.0,2.7615464787078965,0.038461538461538464,0.8603909987303822,0.0625,0.038461538461538464,0.20528846153846153,1
18,133.7058823529412,256.0,21.0,75.68492328368146,12,18,3.4613201384797745,18,18,7.944444444444445,19,2,4.169924998845461,1,0.0,0.0,0.0,1.6563868745413917,0.05263157894736842,0.7086048603656869,0.07692307692307693,0.05263157894736842,0.20809716599190287,1
11,138.5,285.0,3.0,109.1643256746452,10,11,3.277613435376421,11,11,7.2727272727272725,13,3,3.459431617050333,0,0.0,0.0,0.0,1.7971073335326404,0.0,0.18181818167391217,0.09090909090909091,0.08333333333333333,0.18257575757575759,1
7,160.83333333333334,277.0,54.0,97.29579755684323,6,7,2.5216406354777012,7,7,8.571428571428571,13,4,2.8073549210477173,2,0.0,0.0,0.0,1.7187887271720719,0.25,0.2857142855700161,0.14285714285714285,0.125,0.27321428571428574,1
30,48.93103448275862,110.0,3.0,29.751767301297164,4,30,1.9838711126410746,10,30,30.7,53,2,2.900863611919689,6,0.0,1.0,0.0,1.64919468307286,0.1935483870967742,0.9169924992786143,0.2,0.09090909090909091,0.4483284457478006,0
27,55.84615384615385,113.0,3.0,31.18886920249238,4,27,1.9493835770732633,8,27,32.148148148148145,53,3,2.6946781341411525,5,0.0,1.0,0.0,1.6042391086656518,0.17857142857142858,0.7452945570678893,0.2,0.1111111111111111,0.4403174603174604,0
23,173.5,280.0,9.0,80.94821577010599,16,23,3.8820451058285497,22,23,9.478260869565217,14,4,4.436605431143953,3,0.0,0.0,0.0,2.803420243447483,0.125,0.554560325315403,0.058823529411764705,0.043478260869565216,0.239769820971867,1
23,58.04545454545455,120.0,0.0,36.34365928532698,4,23,1.9531525868380326,10,23,6.913043478260869,15,2,3.170543890320242,5,0.0,0.0,0.0,1.369881735219887,0.20833333333333334,1.2173913034822093,0.2,0.09090909090909091,0.25424242424242427,0
16,168.13333333333333,292.0,14.0,95.54745185276033,9,16,3.0778195298163578,16,16,8.6875,17,2,3.9999999976916882,3,0.0,0.0,0.0,1.9305555544414745,0.17647058823529413,0.9221804678753305,0.1,0.058823529411764705,0.2547058823529412,1
18,197.0,278.0,42.0,67.40570756074523,14,18,3.7254805549780947,17,18,8.333333333333334,17,3,4.05881388787862,0,0.0,0.0,0.0,1.8790805036475096,0.0,0.33333333290052547,0.06666666666666667,0.05555555555555555,0.18777777777777777,1
32,62.193548387096776,119.0,0.0,32.829392175834684,4,32,1.9237949401183205,7,32,54.125,78,2,2.2697862094690433,20,0.0,1.0,0.0,1.555090868196354,0.6060606060606061,0.3459912693507228,0.2,0.125,0.6099242424242425,0
34,55.75757575757576,109.0,4.0,33.099510481622666,4,34,1.9168053769419466,11,34,7.647058823529412,30,2,3.2039598979778527,18,1.0,0.0,1.0,0.7903506389698689,0.5142857142857142,1.287154521035906,0.2,0.08333333333333333,0.7773809523809524,0
31,67.26666666666667,118.0,5.0,29.281317517412965,4,31,1.930047730395138,10,31,38.193548387096776,63,2,2.9253623415383383,18,0.0,1.0,1.0,1.7457807522083633,0.5625,0.9953146111432003,0.2,0.09090909090909091,0.795909090909091,0
9,52.5,103.0,25.0,27.54995462791182,4,9,1.836591667531901,5,9,8.0,30,3,2.0588138896098536,4,1.0,0.0,1.0,0.5313068102218976,0.4,0.2222222220779526,0.2,0.16666666666666666,0.7233333333333335,0
17,69.625,117.0,22.0,30.69380026976132,4,17,1.903967812510688,8,17,28.58823529411765,53,3,2.79334519303736,2,0.0,1.0,0.0,1.4788298080786022,0.1111111111111111,0.8893773805266718,0.2,0.1111111111111111,0.4133333333333334,0
40,65.12820512820512,117.0,1.0,35.790830717449154,4,40,1.9103909841883355,13,40,8.425,30,2,3.2450956476702553,26,1.0,0.0,1.0,0.8819332526329646,0.6341463414634146,1.3347046634819197,0.2,0.07142857142857142,0.8265156794425087,0
9,156.0,291.0,3.0,93.96408888506289,6,9,2.419381944780754,9,9,9.11111111111111,16,3,3.169925000143887,0,0.0,0.0,0.0,1.6989140523646975,0.0,0.7505430553631327,0.14285714285714285,0.1,0.17571428571428574,1
21,153.5,300.0,4.0,92.03559094176556,14,21,3.689703730179774,21,21,9.142857142857142,15,2,4.3923174197491,0,0.0,0.0,0.0,2.5098956684280567,0.0,0.7026136895693256,0.06666666666666667,0.045454545454545456,0.18878787878787878,1
14,68.07692307692308,111.0,13.0,33.13251142925129,4,14,1.9852281354571732,6,14,27.142857142857142,39,2,2.4137995637400627,0,0.0,1.0,0.0,1.6379354182521855,0.0,0.4285714282828894,0.2,0.14285714285714285,0.36571428571428577,0
7,126.66666666666667,300.0,12.0,89.092960190778,6,7,2.5216406354777012,7,7,8.571428571428571,13,6,2.8073549210477173,2,0.0,0.0,0.0,1.7187887271720719,0.25,0.2857142855700161,0.14285714285714285,0.125,0.27321428571428574,1
18,180.7058823529412,291.0,74.0,61.90292657329781,11,18,3.308270832948296,18,18,8.11111111111111,17,3,4.169924998845461,1,0.0,0.0,0.0,1.8790402772575228,0.05263157894736842,0.8616541658971655,0.08333333333333333,0.05263157894736842,0.20745614035087723,1
19,70.0,118.0,2.0,33.88706734630976,4,19,1.9312952796557963,8,19,39.89473684210526,63,2,2.689525382055913,11,0.0,1.0,1.0,1.6765298023013009,0.55,0.7582301024001166,0.2,0.1111111111111111,0.7888888888888891,0
19,64.88888888888889,119.0,16.0,32.56598240306199,4,19,1.7798299870990817,8,19,35.94736842105263,78,2,2.7550576187841513,6,0.0,1.0,0.0,1.2536338132109097,0.3,0.9752276316850697,0.2,0.1111111111111111,0.48888888888888893,0
20,70.57894736842105,120.0,14.0,34.21651769398068,4,20,1.9854752966502562,8,20,34.75,47,2,2.521127472183031,8,0.0,1.0,0.0,1.8251912428825068,0.38095238095238093,0.5356521755327746,0.2,0.1111111111111111,0.5212698412698413,0
6,84.4,106.0,59.0,19.147845831842286,2,6,0.9182958337659504,4,6,33.666666666666664,63,3,1.7924812497835,4,0.0,1.0,1.0,0.942919824104862,0.5714285714285714,0.8741854160175497,0.3333333333333333,0.2,0.7752380952380953,0
9,138.375,293.0,61.0,85.31696416891543,8,9,2.947702778065934,9,9,8.11111111111111,12,4,3.169925000143887,1,0.0,0.0,0.0,1.9778164530812286,0.1,0.22222222207795284,0.1111111111111111,0.1,0.2188888888888889,1
26,58.32,116.0,3.0,32.34776035523944,4,26,1.9127317991904116,9,26,26.115384615384617,53,2,2.987773370189559,4,0.0,1.0,0.0,1.4449416797426713,0.14814814814814814,1.0750415709991472,0.2,0.1,0.42925925925925934,0
34,59.333333333333336,120.0,0.0,35.60615087029178,4,34,1.9921846202807418,9,34,36.970588235294116,63,2,2.8739810468289324,19,0.0,1.0,1.0,1.66019952934925,0.5428571428571428,0.8817964265481906,0.2,0.1,0.7871428571428573,0
12,136.1818181818182,288.0,6.0,96.61057553800786,9,12,3.0849624994227307,12,12,7.333333333333333,14,3,3.5849624989899223,0,0.0,0.0,0.0,1.7526483328395175,0.0,0.49999999956719154,0.1,0.07692307692307693,0.18230769230769234,1
24,53.17391304347826,107.0,6.0,26.822528126984473,4,24,1.8553885416304556,8,24,22.708333333333332,36,2,2.5825518157765863,9,0.0,0.0,1.0,1.5850120941421617,0.36,0.7271632741461307,0.2,0.1111111111111111,0.5128888888888888,0
19,67.11111111111111,113.0,6.0,32.36577219651252,4,19,1.896820435863502,9,19,21.842105263157894,49,2,2.9258530132628575,3,0.0,0.0,0.0,1.2781357900043009,0.15,1.0290325773993556,0.2,0.1,0.23000000000000004,0
16,69.73333333333333,120.0,14.0,33.35958965908038,3,16,1.5794340024921563,6,16,32.3125,53,2,2.430036531711649,2,0.0,1.0,0.0,1.4540843598320863,0.11764705882352941,0.8506025292194925,0.25,0.14285714285714285,0.40777310924369753,0
16,48.86666666666667,110.0,0.0,32.52458898877723,4,16,1.8496017521375032,6,16,27.5625,49,2,2.180036531711649,6,0.0,0.0,0.0,1.2017451381060464,0.35294117647058826,0.3304347795741456,0.2,0.14285714285714285,0.30689075630252105,0
6,41.6,64.0,25.0,14.178857499812882,3,6,1.5849625002883474,6,6,6.833333333333333,15,2,2.584962499855539,1,0.0,0.0,0.0,1.1039944009799698,0.14285714285714285,0.9999999995671918,0.25,0.14285714285714285,0.21785714285714286,0
12,170.54545454545453,300.0,31.0,97.29090739199128,8,12,2.9182958329003332,12,12,8.833333333333334,13,3,3.5849624989899223,0,0.0,0.0,0.0,2.261940624362689,0.0,0.666666666089589,0.1111111111111111,0.07692307692307693,0.18119658119658122,1
11,148.1,285.0,2.0,100.32292858564287,7,11,2.6635327537943683,11,11,7.545454545454546,13,3,3.459431617050333,0,0.0,0.0,0.0,1.8644988585401145,0.0,0.7958988632559647,0.125,0.08333333333333333,0.1791666666666667,1
5,182.0,255.0,65.0,79.03480246068817,5,5,2.3219280941660148,5,5,7.6,14,2,2.3219280941660148,0,0.0,0.0,0.0,1.1764435677107807,0.0,0.0,0.16666666666666666,0.16666666666666666,0.16666666666666669,1
7,50.0,74.0,25.0,20.704266871026046,3,7,1.5566567070300144,6,7,5.285714285714286,8,2,2.5216406354777012,0,0.0,0.0,0.0,1.4809635478202372,0.0,0.9649839284476869,0.25,0.14285714285714285,0.16071428571428575,0
25,117.875,296.0,16.0,81.43878708371501,14,25,3.603856187754952,25,25,8.36,17,2,4.643856186167987,3,0.0,0.0,0.0,2.156813206464687,0.11538461538461539,1.0399999984130353,0.06666666666666667,0.038461538461538464,0.23564102564102563,1
20,118.05263157894737,273.0,8.0,74.48311266335585,13,20,3.484183717903685,20,20,7.6,13,2,4.321928092001972,1,0.0,0.0,0.0,2.346189535658213,0.047619047619047616,0.8377443740982868,0.07142857142857142,0.047619047619047616,0.20714285714285713,1
36,58.714285714285715,120.0,5.0,31.149933665209282,4,36,1.9775774117461475,9,36,28.083333333333332,53,3,2.9608753491624853,5,0.0,1.0,0.0,1.5398379516477738,0.13513513513513514,0.9832979374163378,0.2,0.1,0.4240540540540541,0
17,160.625,290.0,17.0,84.35333055072574,14,17,3.7345216627599784,17,17,8.0,18,2,4.087462838797758,2,0.0,0.0,0.0,1.7210369847569507,0.1111111111111111,0.3529411760377794,0.06666666666666667,0.05555555555555555,0.23222222222222222,1
17,104.625,262.0,20.0,67.9640300085273,11,17,3.3371753395361123,17,17,8.764705882352942,13,3,4.087462838797758,1,0.0,0.0,0.0,2.5589578276506977,0.05555555555555555,0.7502874992616455,0.08333333333333333,0.05555555555555555,0.20833333333333334,1
18,74.94117647058823,118.0,1.0,39.14147880857083,4,18,1.991076059261144,7,18,35.166666666666664,53,2,2.43552050327278,5,0.0,1.0,0.0,1.5860951425634462,0.2631578947368421,0.44444444401163574,0.2,0.125,0.4727631578947369,0
30,54.93103448275862,115.0,1.0,31.193424411501415,4,30,1.8743412037277387,10,30,32.46666666666667,63,2,3.002910078207032,15,0.0,1.0,1.0,1.5233512584237756,0.4838709677419355,1.1285688744792932,0.2,0.09090909090909091,0.7644574780058652,0
36,56.714285714285715,116.0,0.0,34.48359562671705,4,36,1.9546859463692776,10,36,47.388888888888886,78,2,2.908093834299046,14,0.0,1.0,0.0,1.7444472859754472,0.3783783783783784,0.9534078879297683,0.2,0.09090909090909091,0.5222604422604423,0
18,61.705882352941174,113.0,11.0,32.89513589268061,4,18,1.991076059261144,10,18,8.0,30,2,3.1132833328521796,11,1.0,0.0,1.0,0.8034279568650786,0.5789473684210527,1.1222072735910356,0.2,0.09090909090909091,0.802488038277512,0
12,74.27272727272727,119.0,7.0,37.48476274456768,4,12,1.8879185020940548,7,12,44.25,78,2,2.6887218745309807,4,0.0,1.0,0.0,1.506024594278429,0.3076923076923077,0.8008033724369259,0.2,0.125,0.49057692307692313,0
15,74.0,120.0,17.0,33.932706514932924,4,15,1.9086126982956342,8,15,38.93333333333333,63,2,2.7068905944543626,9,0.0,1.0,1.0,1.6466917782930706,0.5625,0.7982778961587285,0.2,0.1111111111111111,0.793888888888889,0
9,122.625,245.0,2.0,83.77788714810131,8,9,2.947702778065934,9,9,9.333333333333334,16,3,3.169925000143887,0,0.0,0.0,0.0,1.7403509804711537,0.0,0.22222222207795284,0.1111111111111111,0.1,0.1788888888888889,1
19,164.27777777777777,297.0,10.0,99.51315131152573,11,19,3.1761102499302902,19,19,9.842105263157896,15,2,4.247927510702465,2,0.0,0.0,0.0,2.613034356912372,0.1,1.0718172607721748,0.08333333333333333,0.05,0.22666666666666668,1
4,248.0,296.0,163.0,60.27160746708741,4,4,1.9999999994229218,4,4,7.25,13,5,1.9999999994229218,0,0.0,0.0,0.0,1.0357142854154417,0.0,0.0,0.2,0.2,0.16000000000000003,1
22,155.04761904761904,268.0,39.0,70.74870094077528,14,22,3.606936730155548,22,22,7.590909090909091,15,2,4.459431615463368,0,0.0,0.0,0.0,2.1156962493817684,0.0,0.8524948853078196,0.06666666666666667,0.043478260869565216,0.1889855072463768,1
4,174.33333333333334,204.0,125.0,35.122009560324926,4,4,1.9999999994229218,4,4,6.5,9,4,1.9999999994229218,0,0.0,0.0,0.0,1.2999999996248992,0.0,0.0,0.2,0.2,0.16000000000000003,1
10,58.333333333333336,120.0,0.0,41.354833118055524,3,10,1.57095059402186,7,10,25.0,49,2,2.7219280938774757,2,0.0,0.0,0.0,1.3609640469387378,0.18181818181818182,1.1509774998556157,0.25,0.125,0.23522727272727278,0
11,158.8,288.0,3.0,94.78480890944498,7,11,2.7321588903546834,11,11,7.909090909090909,12,3,3.459431617050333,0,0.0,0.0,0.0,2.104689165618035,0.0,0.7272727266956496,0.125,0.08333333333333333,0.1791666666666667,1
13,138.75,297.0,2.0,108.26135429290238,10,13,3.2389012551599357,13,13,8.615384615384615,12,5,3.7004397162655884,1,0.0,0.0,0.0,2.452362415513289,0.07142857142857142,0.4615384611056528,0.09090909090909091,0.07142857142857142,0.21233766233766233,1
5,174.5,245.0,112.0,47.193749586147526,5,5,2.3219280941660148,5,5,7.0,12,4,2.3219280941660148,0,0.0,0.0,0.0,1.2502689737817,0.0,0.0,0.16666666666666666,0.16666666666666666,0.16666666666666669,1
25,118.95833333333333,298.0,2.0,74.20606397428418,16,25,3.863465187293335,25,25,10.08,16,2,4.643856186167987,1,0.0,0.0,0.0,2.753533550386665,0.038461538461538464,0.780390998874652,0.058823529411764705,0.038461538461538464,0.20565610859728506,1
30,57.689655172413794,117.0,5.0,35.564514907007364,4,30,1.8743412037277387,9,30,33.9,63,2,2.671114000521288,15,0.0,1.0,1.0,1.4148556971511197,0.4838709677419355,0.7967727967935494,0.2,0.1,0.7635483870967742,0
16,64.33333333333333,114.0,7.0,35.574647651882024,4,16,1.882856063114971,8,16,23.125,49,3,2.6556390610754104,2,0.0,0.0,0.0,1.2282330657473775,0.11764705882352941,0.7727829979604395,0.2,0.1111111111111111,0.21594771241830069,0
6,47.8,83.0,6.0,26.209921785461322,4,6,1.7924812497835,4,6,18.666666666666668,27,3,1.7924812497835,0,0.0,0.0,0.0,1.1949874998556669,0.0,0.0,0.2,0.2,0.16000000000000003,0
11,49.8,110.0,1.0,36.610927330511586,4,11,1.8230679816965827,7,11,21.727272727272727,49,2,2.6635327537943683,0,0.0,0.0,0.0,1.15742605119428,0.0,0.8404647720977856,0.2,0.125,0.16750000000000004,0
18,147.64705882352942,286.0,4.0,81.78590499624836,13,18,3.6143694440112535,18,18,8.11111111111111,17,3,4.169924998845461,1,0.0,0.0,0.0,1.8790402772575228,0.05263157894736842,0.5555555548342079,0.07142857142857142,0.05263157894736842,0.2086466165413534,1
21,135.85,299.0,8.0,84.08048227739896,13,21,3.4225779934461,21,21,8.380952380952381,15,2,4.3923174197491,0,0.0,0.0,0.0,2.3007376960590524,0.0,0.9697394263029997,0.07142857142857142,0.045454545454545456,0.18831168831168832,1
24,52.04347826086956,109.0,0.0,35.763083055587245,4,24,1.9490822947757431,8,24,9.708333333333334,30,2,2.8087462294382215,17,1.0,0.0,1.0,0.8796207949719161,0.68,0.8596639346624784,0.2,0.1111111111111111,0.8408888888888889,0
13,83.91666666666667,120.0,20.0,26.964354041750912,4,13,1.854285871410168,6,13,32.07692307692308,78,2,2.3158243326600907,3,0.0,1.0,0.0,0.9403103668152463,0.21428571428571427,0.4615384612499227,0.2,0.14285714285714285,0.45142857142857146,0
23,188.27272727272728,299.0,37.0,87.56980686503863,15,23,3.7950885842336888,22,23,8.565217391304348,19,2,4.436605431143953,2,0.0,0.0,0.0,1.9000244998594753,0.08333333333333333,0.6415168469102639,0.0625,0.043478260869565216,0.2227355072463768,1
30,61.93103448275862,120.0,1.0,33.988772014707685,4,30,1.9689250787841865,11,30,10.066666666666666,30,2,3.2178561119196507,20,1.0,0.0,1.0,1.044938221290037,0.6451612903225806,1.2489310331354642,0.2,0.08333333333333333,0.8297311827956989,0
7,66.16666666666667,100.0,37.0,21.318354116165306,4,7,1.9502120643376688,5,7,20.142857142857142,36,2,2.1280852781700466,3,0.0,0.0,0.0,1.1585329120539636,0.375,0.17787321383237775,0.2,0.16666666666666666,0.31333333333333335,0
37,64.13888888888889,117.0,0.0,33.93961367698828,4,37,1.9085914641838475,11,37,25.7027027027027,49,2,3.0054297148086153,6,0.0,0.0,0.0,1.5449533290718882,0.15789473684210525,1.0968382506247678,0.2,0.08333333333333333,0.2348245614035088,0
27,63.15384615384615,118.0,3.0,33.01711946119457,4,27,1.8927713030736664,12,27,6.037037037037037,15,2,3.3339790568544463,5,0.0,0.0,0.0,1.2579596904335064,0.17857142857142858,1.44120775378078,0.2,0.07692307692307693,0.24373626373626378,0
15,118.5,259.0,19.0,85.56597287640523,13,15,3.6402239270663483,14,15,8.533333333333333,19,2,3.773557260255412,1,0.0,0.0,0.0,1.6100510977089757,0.0625,0.13333333318906382,0.07142857142857142,0.06666666666666667,0.2111904761904762,1
25,63.583333333333336,118.0,18.0,25.934077752811817,4,25,1.825451398734568,9,25,47.16,78,2,2.769025572345225,12,0.0,1.0,0.0,1.6530031138202634,0.46153846153846156,0.9435741736106571,0.2,0.1,0.5546153846153846,0
30,64.10344827586206,116.0,4.0,35.2756092619114,4,30,1.949397852762528,7,30,39.3,63,3,2.3437621616125957,20,0.0,1.0,1.0,1.4392164523652344,0.6451612903225806,0.3943643088500677,0.2,0.125,0.8255645161290323,0
8,39.714285714285715,74.0,10.0,20.8512711891645,4,8,1.8112781238820546,4,8,33.5,53,2,1.9056390616524883,3,0.0,1.0,0.0,1.1822020104695992,0.3333333333333333,0.09436093777043375,0.2,0.2,0.4933333333333334,0
11,59.8,117.0,6.0,40.64431079499319,4,11,1.8230679816965827,4,11,51.90909090909091,76,3,1.867633890394134,7,0.0,1.0,0.0,1.259054251965821,0.5833333333333334,0.04456590869755139,0.2,0.2,0.5933333333333335,0
18,202.47058823529412,292.0,4.0,85.25057712211678,12,18,3.4193819439151376,18,18,9.777777777777779,13,3,4.169924998845461,1,0.0,0.0,0.0,2.9123285706222273,0.05263157894736842,0.7505430549303238,0.07692307692307693,0.05263157894736842,0.20809716599190287,1
13,54.416666666666664,102.0,5.0,25.918006396240347,4,13,1.8843135272227207,6,13,30.076923076923077,53,3,2.5073801015580184,3,0.0,1.0,0.0,1.396560711836446,0.21428571428571427,0.6230665743352977,0.2,0.14285714285714285,0.45142857142857146,0
13,178.0,297.0,67.0,71.43995147441429,12,13,3.546593562563704,13,13,8.076923076923077,15,2,3.7004397162655884,1,0.0,0.0,0.0,1.8680104336917633,0.07142857142857142,0.15384615370188426,0.07692307692307693,0.07142857142857142,0.21373626373626375,1
17,124.6875,286.0,2.0,93.12137157360817,12,17,3.381580486577929,17,17,10.705882352941176,18,4,4.087462838797758,0,0.0,0.0,0.0,2.303152435483566,0.0,0.7058823522198288,0.07692307692307693,0.05555555555555555,0.18675213675213675,1
12,173.63636363636363,294.0,2.0,95.08873628666562,9,12,3.022055207575775,12,12,8.166666666666666,13,2,3.5849624989899223,0,0.0,0.0,0.0,2.0912281244107875,0.0,0.5629072914141471,0.1,0.07692307692307693,0.18230769230769234,1
19,156.88888888888889,297.0,12.0,93.44569955558201,10,19,3.195295933053522,19,19,7.894736842105263,14,3,4.247927510702465,0,0.0,0.0,0.0,2.2357513214223497,0.0,1.0526315776489428,0.09090909090909091,0.05,0.1859090909090909,1
18,161.41176470588235,276.0,13.0,86.8223736572207,9,18,3.0168756944681387,18,18,8.0,15,2,4.169924998845461,1,0.0,0.0,0.0,2.0849624994227307,0.05263157894736842,1.1530493043773227,0.1,0.05263157894736842,0.20578947368421055,1
15,143.85714285714286,292.0,21.0,86.16749233146963,12,15,3.5068905938772845,14,15,8.866666666666667,12,2,3.773557260255412,0,0.0,0.0,0.0,2.5737595672511273,0.0,0.26666666637812764,0.07692307692307693,0.06666666666666667,0.18564102564102564,1
15,185.14285714285714,296.0,33.0,79.71633381905505,10,15,3.189898094021592,15,15,8.866666666666667,17,3,3.906890593444476,0,0.0,0.0,0.0,1.9245053664004272,0.0,0.7169924994228838,0.09090909090909091,0.0625,0.1846590909090909,1
22,152.85714285714286,298.0,4.0,81.68364393851948,14,22,3.629219684504324,22,22,8.181818181818182,19,2,4.459431615463368,2,0.0,0.0,0.0,1.8243129335986503,0.08695652173913043,0.8302119309590439,0.06666666666666667,0.043478260869565216,0.223768115942029,1
21,61.2,117.0,4.0,44.21379875106865,4,21,1.9035239695116628,9,21,37.04761904761905,78,2,2.946387517832702,7,0.0,1.0,0.0,1.3817296497129852,0.3181818181818182,1.0428635483210393,0.2,0.1,0.4972727272727273,0
26,51.16,118.0,1.0,36.19246330384269,3,26,1.5827993320943752,8,26,34.26923076923077,63,2,2.724129025246392,11,0.0,1.0,1.0,1.4586532220520043,0.4074074074074074,1.141329693152017,0.25,0.1111111111111111,0.726851851851852,0
18,52.529411764705884,119.0,0.0,37.820190137106934,4,18,1.9546859463692776,10,18,18.166666666666668,49,2,2.85595364142166,1,0.0,0.0,0.0,1.0376631563832033,0.05263157894736842,0.9012676950523826,0.2,0.09090909090909091,0.19196172248803828,0
23,153.0,283.0,4.0,87.22280769281726,15,23,3.6753108667483207,23,23,7.826086956521739,14,2,4.523561952738814,1,0.0,0.0,0.0,2.360119279689816,0.041666666666666664,0.8482510859904933,0.0625,0.041666666666666664,0.20625,1
5,174.5,283.0,71.0,94.79583324176227,4,5,1.9219280943102843,5,5,10.6,15,6,2.3219280941660148,0,0.0,0.0,0.0,1.5382773623849848,0.0,0.3999999998557304,0.2,0.16666666666666666,0.16333333333333336,1
18,60.76470588235294,111.0,1.0,33.792671345695666,4,18,1.90487500457818,8,18,37.0,78,2,2.6688388886962744,6,0.0,1.0,0.0,1.2499625174906601,0.3157894736842105,0.7639638841180945,0.2,0.1111111111111111,0.49520467836257315,0
24,71.8695652173913,119.0,6.0,31.95690623844403,4,24,1.921789710106843,7,24,39.083333333333336,63,2,2.6420795629158245,14,0.0,1.0,1.0,1.6134574414160439,0.56,0.7202898528089814,0.2,0.125,0.7915000000000002,0
31,64.8,114.0,0.0,33.78697974072261,4,31,1.985193083445031,7,31,47.32258064516129,63,2,2.2987637186834182,20,0.0,1.0,1.0,1.6997411165869831,0.625,0.31357063523838713,0.2,0.125,0.8175,0
23,53.0,116.0,3.0,33.18542944234302,4,23,1.8503470226380205,8,23,30.304347826086957,49,2,2.457919563410381,1,0.0,0.0,0.0,1.4897129875626396,0.041666666666666664,0.6075725407723604,0.2,0.1111111111111111,0.18555555555555558,0
21,74.15,119.0,7.0,28.464495428515853,4,21,1.9035239695116628,5,21,9.857142857142858,30,7,2.069893615716128,19,1.0,0.0,1.0,0.6581689377161881,0.8636363636363636,0.16636964620446504,0.2,0.16666666666666666,0.9087878787878788,0
38,61.648648648648646,115.0,0.0,32.138396852175184,4,38,1.9771826424084922,10,38,28.657894736842106,53,2,2.9104367820488575,5,0.0,1.0,0.0,1.5445739062627708,0.1282051282051282,0.9332541396403653,0.2,0.09090909090909091,0.4221911421911422,0
19,130.72222222222223,292.0,9.0,75.75091165975464,13,19,3.5766176430331624,19,19,10.263157894736842,19,2,4.247927510702465,3,0.0,0.0,0.0,2.1798575383867913,0.15,0.6713098676693026,0.07142857142857142,0.05,0.24785714285714286,1
29,53.285714285714285,119.0,0.0,38.84847592419364,4,29,1.9497500832526535,9,29,20.689655172413794,49,2,2.7890154765877675,2,0.0,0.0,0.0,1.1540753696225245,0.06666666666666667,0.839265393335114,0.2,0.1,0.1966666666666667,0
7,59.666666666666664,106.0,11.0,33.058870048579834,4,7,1.8423709926000305,5,7,8.0,21,3,2.1280852781700466,5,1.0,0.0,0.0,0.7738491920618351,0.625,0.2857142855700161,0.2,0.16666666666666666,0.6133333333333334,0
35,60.705882352941174,120.0,1.0,33.833962585270044,4,35,1.97277839022346,10,35,36.05714285714286,63,2,2.8596308500661447,22,0.0,1.0,1.0,1.6110955949926227,0.6111111111111112,0.8868524598426848,0.2,0.09090909090909091,0.8153535353535354,0
15,171.57142857142858,297.0,82.0,63.07446198820915,11,15,3.3735572606882207,15,15,8.6,17,2,3.906890593444476,3,0.0,0.0,0.0,1.866625505756805,0.1875,0.5333333327562553,0.08333333333333333,0.0625,0.2604166666666667,1
23,46.09090909090909,113.0,0.0,34.03595570851119,4,23,1.8973172600926291,8,23,6.478260869565218,15,2,2.8555389993984965,4,0.0,0.0,0.0,1.1561829100825436,0.16666666666666666,0.9582217393058674,0.2,0.1111111111111111,0.23555555555555557,0
9,70.0,111.0,48.0,19.480759738778158,4,9,1.836591667531901,7,9,8.333333333333334,30,2,2.725480555987981,2,1.0,0.0,1.0,0.7326560634376295,0.2,0.8888888884560802,0.2,0.125,0.6475000000000001,0
4,201.33333333333334,236.0,183.0,24.526629518862872,4,4,1.9999999994229218,4,4,6.25,10,3,1.9999999994229218,0,0.0,0.0,0.0,1.1363636360357512,0.0,0.0,0.2,0.2,0.16000000000000003,1
30,62.93103448275862,119.0,7.0,32.83493832477708,4,30,1.7033667171703006,9,30,29.866666666666667,53,2,2.8015152790190876,7,0.0,1.0,0.0,1.5494800555562362,0.22580645161290322,1.098148561848787,0.2,0.1,0.46032258064516135,0
14,46.61538461538461,97.0,6.0,33.26013659608951,4,14,1.9241743517233632,7,14,21.071428571428573,34,2,2.4137995635957936,6,0.0,0.0,0.0,1.453205859715835,0.4,0.48962521187243047,0.2,0.125,0.32750000000000007,0
10,160.55555555555554,258.0,35.0,80.1416955025578,5,10,2.170950593733321,10,10,7.4,13,3,3.3219280934446678,0,0.0,0.0,0.0,1.7558762779636101,0.0,1.1509774997113467,0.16666666666666666,0.09090909090909091,0.17424242424242425,1
21,155.95,294.0,12.0,91.98993151426953,13,21,3.5585186111734024,21,21,8.952380952380953,19,3,4.3923174197491,1,0.0,0.0,0.0,1.9660849402686447,0.045454545454545456,0.8337988085756973,0.07142857142857142,0.045454545454545456,0.2064935064935065,1
13,58.666666666666664,116.0,18.0,28.81936077631764,4,13,1.833927217064752,8,13,7.461538461538462,15,2,2.873140678358977,4,0.0,0.0,0.0,1.3398781048116382,0.2857142857142857,1.0392134612942248,0.2,0.1111111111111111,0.2831746031746032,0
13,113.91666666666667,274.0,5.0,72.63775227494003,12,13,3.546593562563704,12,13,6.615384615384615,13,2,3.546593562563704,0,0.0,0.0,0.0,1.6758628922004315,0.0,0.0,0.07692307692307693,0.07692307692307693,0.18461538461538463,1
20,139.68421052631578,266.0,15.0,94.12760243502544,15,20,3.7841837176151465,20,20,9.75,14,2,4.321928092001972,0,0.0,0.0,0.0,2.809253259801282,0.0,0.5377443743868255,0.0625,0.047619047619047616,0.18898809523809523,1
9,85.125,119.0,29.0,32.47859872285133,4,9,1.8910611114955744,5,9,21.333333333333332,53,2,2.1971597227028017,2,0.0,1.0,0.0,0.8680137176109833,0.2,0.30609861120722726,0.2,0.16666666666666666,0.44333333333333336,0
10,62.55555555555556,116.0,8.0,36.63668808148803,4,10,1.8954618436612438,6,10,24.3,49,3,2.5219280940217454,1,0.0,0.0,0.0,1.2256570536945683,0.09090909090909091,0.6264662503605016,0.2,0.14285714285714285,0.20207792207792213,0
8,70.0,116.0,12.0,42.60114015912183,4,8,1.9056390616524883,5,8,20.625,34,2,2.155639061508219,1,0.0,0.0,0.0,1.2702873041030576,0.1111111111111111,0.24999999985573051,0.2,0.16666666666666666,0.2077777777777778,0
8,140.85714285714286,240.0,79.0,50.845504286243916,8,8,2.9999999988458437,8,8,7.25,13,4,2.9999999988458437,0,0.0,0.0,0.0,1.5535714279737407,0.0,0.0,0.1111111111111111,0.1111111111111111,0.17777777777777778,1
25,128.875,287.0,3.0,89.22084607870516,14,25,3.6234651875818744,25,25,8.76,14,3,4.643856186167987,4,0.0,0.0,0.0,2.7120120127221043,0.15384615384615385,1.0203909985861128,0.06666666666666667,0.038461538461538464,0.251025641025641,1
8,114.14285714285714,266.0,7.0,92.02240188660363,7,8,2.749999998990113,8,8,8.25,12,2,2.9999999988458437,0,0.0,0.0,0.0,1.9038461531137083,0.0,0.24999999985573051,0.125,0.1111111111111111,0.1763888888888889,1
23,155.63636363636363,293.0,8.0,91.20932241754551,16,23,3.8820451058285497,21,23,8.130434782608695,19,2,4.349648909549092,2,0.0,0.0,0.0,1.7682268393166962,0.08333333333333333,0.46760380372054255,0.058823529411764705,0.045454545454545456,0.2229055258467023,1
29,62.642857142857146,115.0,6.0,29.794791354139985,4,29,1.8359962797062122,7,29,27.79310344827586,49,3,2.611931755849849,7,0.0,0.0,0.0,1.4518737898034335,0.23333333333333334,0.775935476143637,0.2,0.125,0.26083333333333336,0
30,54.44827586206897,116.0,2.0,30.69492399561064,4,30,1.957543732440985,8,30,35.93333333333333,63,2,2.835591744873775,15,0.0,1.0,1.0,1.5920666150905882,0.4838709677419355,0.8780480124327901,0.2,0.1111111111111111,0.7624372759856631,0
29,74.71428571428571,118.0,0.0,35.15156686495247,4,29,1.9686551344877061,10,29,50.827586206896555,78,2,2.8033668928064666,13,0.0,1.0,0.0,1.8036502837174735,0.43333333333333335,0.8347117583187604,0.2,0.09090909090909091,0.5442424242424243,0
18,183.76470588235293,298.0,7.0,94.54630326040046,13,18,3.572431249446616,18,18,8.0,13,3,4.169924998845461,4,0.0,0.0,0.0,2.382814285054549,0.21052631578947367,0.5974937493988453,0.07142857142857142,0.05263157894736842,0.2718045112781955,1
16,157.6,264.0,8.0,83.87355562591425,12,16,3.4528195293835493,16,16,9.5625,16,3,3.9999999976916882,2,0.0,0.0,0.0,2.2499999987015746,0.11764705882352941,0.5471804683081389,0.07692307692307693,0.058823529411764705,0.2334841628959276,1
16,140.2,292.0,37.0,104.2632565512255,12,16,3.4528195293835493,16,16,8.125,14,3,3.9999999976916882,0,0.0,0.0,0.0,2.166666665416331,0.0,0.5471804683081389,0.07692307692307693,0.058823529411764705,0.18642533936651584,1
22,151.85714285714286,299.0,19.0,87.52049322698015,16,22,3.788754911685191,22,22,7.7727272727272725,18,2,4.459431615463368,1,0.0,0.0,0.0,1.8243129335986503,0.043478260869565216,0.6706767037781769,0.058823529411764705,0.043478260869565216,0.2071611253196931,1
3,48.0,87.0,9.0,39.0,3,3,1.5849625002883474,3,3,4.666666666666667,6,3,1.5849625002883474,0,0.0,0.0,0.0,1.0566416668588985,0.0,0.0,0.25,0.25,0.15000000000000002,1
5,142.75,289.0,42.0,90.37802553718464,5,5,2.3219280941660148,5,5,7.0,11,2,2.3219280941660148,0,0.0,0.0,0.0,1.3544580549301755,0.0,0.0,0.16666666666666666,0.16666666666666666,0.16666666666666669,1
15,181.57142857142858,272.0,27.0,72.21764157809393,12,15,3.45656476039972,15,15,9.733333333333333,19,2,3.906890593444476,2,0.0,0.0,0.0,1.9013534221429782,0.125,0.45032583304475615,0.07692307692307693,0.0625,0.2360576923076923,1
6,102.4,176.0,3.0,58.62286243437794,5,6,2.251629166666475,6,6,7.333333333333333,11,5,2.584962499855539,0,0.0,0.0,0.0,1.5796993054672739,0.0,0.333333333189064,0.16666666666666666,0.14285714285714285,0.16904761904761906,1
24,145.69565217391303,299.0,19.0,87.6169701562276,13,24,3.522055206998697,24,24,9.375,19,3,4.584962497258688,4,0.0,0.0,0.0,2.1492011705900103,0.16,1.0629072902599916,0.07142857142857142,0.04,0.2528571428571429,1
18,178.47058823529412,299.0,2.0,110.83804700715302,12,18,3.4613201384797745,17,18,7.111111111111111,13,3,4.05881388787862,0,0.0,0.0,0.0,2.061619752573267,0.0,0.5974937493988457,0.07692307692307693,0.05555555555555555,0.18675213675213675,1
33,53.40625,115.0,3.0,35.299485986873805,4,33,1.965611653433575,9,33,25.727272727272727,53,2,2.8620907110599214,7,0.0,1.0,0.0,1.363588672104306,0.20588235294117646,0.8964790576263464,0.2,0.1,0.4523529411764706,0
24,144.47826086956522,283.0,11.0,71.29660615449615,14,24,3.657268227597616,24,24,8.833333333333334,16,2,4.584962497258688,1,0.0,0.0,0.0,2.382382474065789,0.04,0.9276942696610724,0.06666666666666667,0.04,0.20533333333333334,1
33,63.8125,115.0,7.0,33.534904856730996,4,33,1.819420584013652,10,33,8.181818181818182,30,3,3.034130589805535,19,1.0,0.0,1.0,0.8007969298606983,0.5588235294117647,1.214710005791883,0.2,0.09090909090909091,0.7944385026737969,0
17,135.9375,291.0,5.0,68.08952631462492,13,17,3.6168746040807185,17,17,7.470588235294118,13,2,4.087462838797758,0,0.0,0.0,0.0,2.1811251282660304,0.0,0.47058823471703937,0.07142857142857142,0.05555555555555555,0.1873015873015873,1
9,153.375,257.0,23.0,79.14375765024049,8,9,2.947702778065934,9,9,9.0,14,3,3.169925000143887,2,0.0,0.0,0.0,1.901955000086332,0.2,0.22222222207795284,0.1111111111111111,0.1,0.25888888888888895,1
23,164.54545454545453,290.0,28.0,83.95384406853742,17,23,3.936180431677173,23,23,8.521739130434783,17,2,4.523561952738814,2,0.0,0.0,0.0,2.141589716755574,0.08333333333333333,0.5873815210616411,0.05555555555555555,0.041666666666666664,0.2236111111111111,1
21,154.0,289.0,5.0,86.07612909512137,13,21,3.499227539847853,20,21,8.80952380952381,17,3,4.297079324655274,0,0.0,0.0,0.0,2.1030679234423966,0.0,0.7978517848074214,0.07142857142857142,0.047619047619047616,0.1880952380952381,1
6,59.4,93.0,34.0,21.341040274550814,3,6,1.459147916594436,4,6,40.666666666666664,78,2,1.7924812497835,1,0.0,1.0,0.0,0.9227118669771602,0.14285714285714285,0.333333333189064,0.25,0.2,0.4121428571428572,0
24,130.6086956521739,243.0,2.0,79.04304778186696,16,24,3.803508852489366,24,24,8.666666666666666,19,2,4.584962497258688,2,0.0,0.0,0.0,1.9868170821454314,0.08,0.7814536447693223,0.058823529411764705,0.04,0.22211764705882353,1
5,110.5,171.0,23.0,54.11330705103875,4,5,1.9219280943102843,5,5,8.4,13,6,2.3219280941660148,0,0.0,0.0,0.0,1.3931568564996089,0.0,0.3999999998557304,0.2,0.16666666666666666,0.16333333333333336,1
31,56.53333333333333,118.0,0.0,35.88010900516082,4,31,1.900291972291826,11,31,8.129032258064516,30,2,3.1906145519271005,19,1.0,0.0,1.0,0.8366647940537246,0.59375,1.2903225796352746,0.2,0.08333333333333333,0.8091666666666667,0
4,125.66666666666667,191.0,18.0,76.7086841382527,4,4,1.9999999994229218,4,4,10.5,15,7,1.9999999994229218,0,0.0,0.0,0.0,1.3124999996212925,0.0,0.0,0.2,0.2,0.16000000000000003,1
15,116.28571428571429,291.0,8.0,89.72054118318772,12,15,3.5068905938772845,15,15,9.733333333333333,16,4,3.906890593444476,0,0.0,0.0,0.0,2.236886378991739,0.0,0.39999999956719146,0.07692307692307693,0.0625,0.1860576923076923,1
13,146.0,274.0,14.0,86.60254037844386,8,13,2.777362793910013,13,13,7.923076923076923,13,2,3.7004397162655884,2,0.0,0.0,0.0,2.0942048943700855,0.14285714285714285,0.9230769223555755,0.1111111111111111,0.07142857142857142,0.2388888888888889,1
32,61.96774193548387,118.0,9.0,32.537307491126434,4,32,1.8869602927245632,9,32,38.96875,63,2,2.8151204061736483,17,0.0,1.0,1.0,1.71408942700124,0.5151515151515151,0.9281601134490851,0.2,0.1,0.776060606060606,0
8,65.71428571428571,112.0,32.0,24.45236936059446,4,8,1.9056390616524883,6,8,22.25,53,3,2.4999999991343826,1,0.0,1.0,0.0,1.030092592235926,0.1111111111111111,0.5943609374818943,0.2,0.14285714285714285,0.4101587301587302,0
38,52.16216216216216,112.0,0.0,33.9287914995856,4,38,1.980985561362277,10,38,21.789473684210527,36,2,2.9086155912224405,10,0.0,0.0,1.0,1.7128973752006975,0.2564102564102564,0.9276300298601634,0.2,0.09090909090909091,0.4734731934731935,0
21,133.9,291.0,11.0,85.30761982378831,12,21,3.4039894447540275,20,21,7.809523809523809,16,3,4.297079324655274,1,0.0,0.0,0.0,1.9740084292534033,0.045454545454545456,0.8930898799012468,0.07692307692307693,0.047619047619047616,0.20572760572760573,1
22,136.0,295.0,9.0,91.82073632381532,11,22,3.2998963895809266,22,22,9.5,14,2,4.459431615463368,1,0.0,0.0,0.0,2.8243066897934663,0.043478260869565216,1.1595352258824412,0.08333333333333333,0.043478260869565216,0.20471014492753625,1
26,52.48,115.0,0.0,36.82838036080327,4,26,1.8875386441114275,11,26,7.153846153846154,15,2,3.21470162105064,7,0.0,0.0,0.0,1.4373425517197573,0.25925925925925924,1.3271629769392126,0.2,0.08333333333333333,0.2753703703703704,0
4,81.0,179.0,8.0,72.01388754955533,3,4,1.4999999995671913,4,4,6.75,11,5,1.9999999994229218,0,0.0,0.0,0.0,1.1249999996753934,0.0,0.4999999998557305,0.25,0.2,0.15500000000000003,1
40,69.92307692307692,120.0,0.0,40.2774891735109,4,40,1.9670340271106674,10,40,23.225,49,2,3.0537058215939914,7,0.0,0.0,0.0,1.418446354130409,0.17073170731707318,1.086671794483324,0.2,0.09090909090909091,0.2392017738359202,0
18,184.47058823529412,293.0,66.0,67.8060535620086,13,18,3.6143694440112535,17,18,7.833333333333333,13,2,4.05881388787862,0,0.0,0.0,0.0,2.27100300869399,0.0,0.4444444438673667,0.07142857142857142,0.05555555555555555,0.1873015873015873,1
10,54.111111111111114,91.0,3.0,30.31847417900858,4,10,1.8464393440939375,5,10,29.1,36,2,2.046439343949668,5,0.0,0.0,1.0,1.6094968894306851,0.45454545454545453,0.1999999998557307,0.2,0.16666666666666666,0.5451515151515152,0
6,77.6,169.0,2.0,62.38140748652599,5,6,2.251629166666475,6,6,6.833333333333333,13,2,2.584962499855539,0,0.0,0.0,0.0,1.2617078868342513,0.0,0.333333333189064,0.16666666666666666,0.14285714285714285,0.16904761904761906,1
40,60.0,118.0,0.0,36.35790747413052,4,40,1.9634212541045715,12,40,6.175,15,2,3.36386512021962,6,0.0,0.0,0.0,1.2982416948347597,0.14634146341463414,1.4004438661150487,0.2,0.07692307692307693,0.23084427767354598,0
31,53.13333333333333,111.0,0.0,32.546104050852065,4,31,1.917455487635035,8,31,41.225806451612904,63,2,2.568766086585165,16,0.0,1.0,1.0,1.6546789610160488,0.5,0.65131059895013,0.2,0.1111111111111111,0.7688888888888891,0
5,57.75,106.0,19.0,32.25968846718765,3,5,1.5219280944545537,3,5,42.0,76,4,1.5219280944545537,3,0.0,1.0,0.0,0.8301425969752111,0.5,0.0,0.25,0.25,0.55,0
28,64.74074074074075,115.0,6.0,30.585148408255385,4,28,1.925821411191206,10,28,20.25,49,2,2.9722092782844034,6,0.0,0.0,0.0,1.2037447577051834,0.20689655172413793,1.0463878670931974,0.2,0.09090909090909091,0.2536677115987461,0
23,58.13636363636363,115.0,8.0,34.61515098458983,4,23,1.9531525868380326,9,23,28.347826086956523,63,2,2.8750338260240813,12,0.0,1.0,1.0,1.273452482722623,0.5,0.9218812391860487,0.2,0.1,0.7700000000000001,0
32,57.354838709677416,118.0,9.0,34.43043326261529,4,32,1.9288146564593205,12,32,5.15625,15,2,3.355337795672182,4,0.0,0.0,0.0,1.0813100318084181,0.12121212121212122,1.4265231392128614,0.2,0.07692307692307693,0.22079254079254082,0
25,150.20833333333334,282.0,14.0,80.61378044244186,15,25,3.7230741872645274,25,25,8.64,19,2,4.643856186167987,1,0.0,0.0,0.0,2.006145872424571,0.038461538461538464,0.9207819989034598,0.0625,0.038461538461538464,0.20528846153846153,1
10,41.111111111111114,117.0,6.0,41.7570870749823,4,10,1.760964046866603,5,10,30.6,49,2,2.046439343949668,1,0.0,0.0,0.0,1.2524208784971969,0.09090909090909091,0.2854752970830652,0.2,0.16666666666666666,0.19969696969696973,0
19,161.05555555555554,285.0,2.0,81.13053420412633,13,19,3.616348564199661,18,19,8.789473684210526,17,3,4.142664352951997,2,0.0,0.0,0.0,2.022879961821589,0.1,0.5263157887523362,0.07142857142857142,0.05263157894736842,0.22759398496240604,1
8,41.857142857142854,88.0,0.0,31.970649805401077,4,8,1.8112781238820546,6,8,16.375,30,2,2.4056390613639493,3,1.0,0.0,1.0,1.2707206332204732,0.3333333333333333,0.5943609374818948,0.2,0.14285714285714285,0.6990476190476193,0
27,49.88461538461539,110.0,3.0,30.62970770482213,4,27,1.9529806699418266,8,27,38.2962962962963,78,2,2.713427668462507,9,0.0,1.0,0.0,1.315369999620362,0.32142857142857145,0.7604469985206803,0.2,0.1111111111111111,0.49746031746031755,0
16,141.66666666666666,256.0,28.0,70.92875925101812,10,16,3.2028195296720883,16,16,6.3125,15,2,3.9999999976916882,0,0.0,0.0,0.0,1.578124999089299,0.0,0.7971804680196,0.09090909090909091,0.058823529411764705,0.18502673796791444,1
34,56.515151515151516,119.0,3.0,34.814766296067106,4,34,1.9670849635462608,13,34,7.9411764705882355,15,2,3.3967586200994235,10,0.0,0.0,0.0,1.6858912268875816,0.2857142857142857,1.4296736565531627,0.2,0.07142857142857142,0.28714285714285714,0
8,39.57142857142857,89.0,2.0,34.11265849194042,4,8,1.9056390616524883,5,8,6.0,8,2,2.155639061508219,0,0.0,0.0,0.0,1.4370927076721458,0.0,0.24999999985573051,0.2,0.16666666666666666,0.16333333333333336,0
16,152.13333333333333,294.0,11.0,93.75988244209542,11,16,3.327819529527819,16,16,10.3125,14,5,3.9999999976916882,1,0.0,0.0,0.0,2.7499999984130357,0.058823529411764705,0.6721804681638694,0.08333333333333333,0.058823529411764705,0.20931372549019608,1
11,185.8,285.0,3.0,94.9281833809117,9,11,3.095795253702508,11,11,8.636363636363637,19,3,3.459431617050333,1,0.0,0.0,0.0,1.4938454709990074,0.08333333333333333,0.3636363633478248,0.1,0.08333333333333333,0.21500000000000002,1
9,187.875,289.0,34.0,81.10708584951132,8,9,2.947702778065934,9,9,8.333333333333334,13,3,3.169925000143887,1,0.0,0.0,0.0,1.886860119133266,0.1,0.22222222207795284,0.1111111111111111,0.1,0.2188888888888889,1
7,147.66666666666666,297.0,41.0,98.27795050546972,7,7,2.8073549210477173,7,7,6.857142857142857,13,3,2.8073549210477173,1,0.0,0.0,0.0,1.3750309817376574,0.125,0.0,0.125,0.125,0.22500000000000003,1
28,55.666666666666664,119.0,9.0,31.857320805254304,4,28,1.878309619039639,10,28,7.964285714285714,30,2,3.043637849712975,15,1.0,0.0,1.0,0.7819484337396239,0.5172413793103449,1.1653282306733361,0.2,0.09090909090909091,0.777805642633229,0
28,66.77777777777777,118.0,8.0,28.327886186626586,4,28,1.962757046775363,12,28,11.107142857142858,30,2,3.427740974501703,16,1.0,0.0,1.0,1.2281422155184674,0.5517241379310345,1.46498392772634,0.2,0.07692307692307693,0.7929973474801061,0
11,52.9,101.0,5.0,33.38098260986336,4,11,1.8230679816965827,4,11,29.363636363636363,49,3,1.6767370294750545,4,0.0,0.0,0.0,0.9847019282189866,0.3333333333333333,0.14633095222152814,0.2,0.2,0.29333333333333333,0
21,113.25,248.0,2.0,69.79604215139996,14,21,3.630412658854225,21,21,8.142857142857142,14,2,4.3923174197491,3,0.0,0.0,0.0,2.384400885006654,0.13636363636363635,0.7619047608948746,0.06666666666666667,0.045454545454545456,0.24333333333333335,1
12,133.72727272727272,228.0,23.0,77.51960562463115,9,12,3.0849624994227307,12,12,9.75,14,4,3.5849624989899223,1,0.0,0.0,0.0,2.3302256243434494,0.07692307692307693,0.49999999956719154,0.1,0.07692307692307693,0.2130769230769231,1
17,68.8125,118.0,3.0,35.91347022706104,4,17,1.9542473991150022,8,17,40.294117647058826,63,2,2.6542553120608727,9,0.0,1.0,1.0,1.6711074345236194,0.5,0.7000079129458705,0.2,0.1111111111111111,0.7688888888888891,0
9,79.875,109.0,27.0,30.254906626859718,4,9,1.9749375006248486,7,9,28.22222222222222,63,2,2.641604166858707,5,0.0,1.0,1.0,1.1648740596911658,0.5,0.6666666662338583,0.2,0.125,0.7675000000000002,0
32,54.38709677419355,115.0,2.0,37.68603524996497,4,32,1.9943497035671707,10,32,21.4375,36,2,2.9528195296720883,11,0.0,0.0,1.0,1.7108396937120376,0.3333333333333333,0.9584698261049176,0.2,0.09090909090909091,0.5042424242424243,0
19,128.0,285.0,8.0,84.35836255720788,11,19,3.3005590908039895,19,19,9.68421052631579,19,3,4.247927510702465,1,0.0,0.0,0.0,2.056891215708562,0.05,0.9473684198984755,0.08333333333333333,0.05,0.20666666666666667,1
7,156.0,264.0,11.0,92.88702815786498,7,7,2.8073549210477173,7,7,9.857142857142858,14,4,2.8073549210477173,1,0.0,0.0,0.0,1.8448332338313571,0.125,0.0,0.125,0.125,0.22500000000000003,1
31,62.86666666666667,119.0,6.0,35.99975308557299,4,31,1.8424470076311963,12,31,7.064516129032258,15,2,3.3164253430696093,7,0.0,0.0,0.0,1.464308770427912,0.21875,1.473978335438413,0.2,0.07692307692307693,0.25980769230769235,0
21,169.35,297.0,22.0,83.94895770645398,13,21,3.5585186111734024,21,21,8.523809523809524,14,3,4.3923174197491,2,0.0,0.0,0.0,2.4959518036034565,0.09090909090909091,0.8337988085756973,0.07142857142857142,0.045454545454545456,0.2246753246753247,1
18,99.41176470588235,251.0,11.0,68.14695092529985,12,18,3.4613201384797745,18,18,8.833333333333334,16,3,4.169924998845461,2,0.0,0.0,0.0,2.1667257346942104,0.10526315789473684,0.7086048603656869,0.07692307692307693,0.05263157894736842,0.22914979757085022,1
11,57.3,115.0,0.0,38.08949986544848,4,11,1.8585552112932362,7,11,26.0,49,2,2.6635327537943683,3,0.0,0.0,0.0,1.3850370319730716,0.25,0.8049775425011321,0.2,0.125,0.2675,0
22,64.19047619047619,111.0,1.0,34.45164872358423,4,22,1.8148493695427628,7,22,27.0,49,2,2.6469633003125375,6,0.0,0.0,0.0,1.4293601821687703,0.2608695652173913,0.8321139307697747,0.2,0.125,0.27184782608695657,0
19,144.33333333333334,299.0,2.0,90.75914401437589,10,19,3.0311161710133248,19,19,8.68421052631579,18,4,4.247927510702465,0,0.0,0.0,0.0,1.9415735159720409,0.0,1.2168113396891402,0.09090909090909091,0.05,0.1859090909090909,1
17,105.5,252.0,13.0,74.48573688968915,12,17,3.3371753393918424,17,17,7.823529411764706,13,2,4.087462838797758,0,0.0,0.0,0.0,2.284170409916394,0.0,0.7502874994059154,0.07692307692307693,0.05555555555555555,0.18675213675213675,1
9,66.75,115.0,8.0,42.50514674718816,4,9,1.9749375006248486,5,9,29.22222222222222,39,2,2.1971597227028017,0,0.0,1.0,0.0,1.6051472418634356,0.0,0.22222222207795306,0.2,0.16666666666666666,0.3633333333333334,0
32,65.19354838709677,117.0,6.0,39.39986847434958,4,32,1.9423688198344493,10,32,19.96875,36,2,3.147368357459046,9,0.0,0.0,1.0,1.698621942919198,0.2727272727272727,1.2049995376245968,0.2,0.09090909090909091,0.48,0
16,66.73333333333333,118.0,17.0,28.05581738051645,4,16,1.9772170008854044,10,16,6.125,15,2,3.2028195296720883,3,0.0,0.0,0.0,1.2260793512025963,0.17647058823529413,1.2256025287866839,0.2,0.09090909090909091,0.2414973262032086,0
8,152.85714285714286,284.0,14.0,82.85689655135805,8,8,2.9999999988458437,8,8,7.875,13,4,2.9999999988458437,0,0.0,0.0,0.0,1.687499999350787,0.0,0.0,0.1111111111111111,0.1111111111111111,0.17777777777777778,1
7,139.83333333333334,271.0,9.0,102.5059618862348,6,7,2.5216406354777012,7,7,7.285714285714286,16,3,2.8073549210477173,0,0.0,0.0,0.0,1.2031521090204502,0.0,0.2857142855700161,0.14285714285714285,0.125,0.17321428571428574,1
27,55.42307692307692,116.0,5.0,29.646861394295087,4,27,1.9259785976010648,6,27,54.074074074074076,78,2,2.383068982138305,12,0.0,1.0,0.0,1.631167704604747,0.42857142857142855,0.45709038453724027,0.2,0.14285714285714285,0.5371428571428571,0
10,172.88888888888889,300.0,23.0,94.40508983976616,8,10,2.9219280937332064,10,10,10.3,19,3,3.3219280934446678,1,0.0,0.0,0.0,1.710792968124004,0.09090909090909091,0.3999999997114614,0.1111111111111111,0.09090909090909091,0.21616161616161617,1
7,61.0,117.0,7.0,37.34077306823378,4,7,1.8423709926000305,5,7,25.285714285714285,36,3,2.1280852781700466,2,0.0,0.0,1.0,1.4543285491741245,0.25,0.2857142855700161,0.2,0.16666666666666666,0.4633333333333334,0
36,55.74285714285714,116.0,3.0,31.1744793583679,4,36,1.802354183720277,13,36,7.777777777777778,30,2,3.3400832500966082,22,1.0,0.0,1.0,0.8380137186622314,0.5945945945945946,1.5377290663763312,0.2,0.07142857142857142,0.8106949806949807,0
9,159.125,291.0,29.0,86.8338031817103,8,9,2.947702778065934,9,9,9.333333333333334,13,5,3.169925000143887,0,0.0,0.0,0.0,2.113283333429258,0.0,0.22222222207795284,0.1111111111111111,0.1,0.1788888888888889,1
14,57.07692307692308,116.0,3.0,38.90117961126537,4,14,1.9241743517233632,8,14,5.571428571428571,11,2,2.753434385034629,1,0.0,0.0,0.0,1.278380250194649,0.06666666666666667,0.8292600333112659,0.2,0.1111111111111111,0.1955555555555556,0
6,57.4,115.0,12.0,38.52583548737133,3,6,1.459147916594436,4,6,4.166666666666667,7,2,1.9182958334774112,2,1.0,0.0,0.0,0.9991124132694851,0.2857142857142857,0.45914791688297507,0.25,0.2,0.4692857142857143,0
5,216.0,277.0,109.0,64.08587988004847,3,5,1.5219280944545537,5,5,8.2,12,5,2.3219280941660148,0,0.0,0.0,0.0,1.4646007978585631,0.0,0.7999999997114611,0.25,0.16666666666666666,0.15833333333333335,1
7,148.83333333333334,230.0,36.0,64.94463454016471,5,7,2.235926349907685,7,7,7.285714285714286,13,2,2.8073549210477173,0,0.0,0.0,0.0,1.460970418096261,0.0,0.5714285711400322,0.16666666666666666,0.125,0.17083333333333334,1
10,134.88888888888889,300.0,50.0,84.20140463917379,7,10,2.7219280938774757,10,10,8.0,12,3,3.3219280934446678,0,0.0,0.0,0.0,2.044263442119796,0.0,0.5999999995671921,0.125,0.09090909090909091,0.1784090909090909,1
30,76.93103448275862,120.0,35.0,28.04790364590276,4,30,1.957543732440985,12,30,7.5,30,2,3.3348486119196123,15,1.0,0.0,1.0,0.8068182125611966,0.4838709677419355,1.3773048794786273,0.2,0.07692307692307693,0.7658560794044665,0
32,50.38709677419355,103.0,4.0,26.72883838195553,4,32,1.9056773207017512,7,32,32.3125,53,2,2.6144157356264457,8,0.0,1.0,0.0,1.5644131195820283,0.24242424242424243,0.7087384149246945,0.2,0.125,0.46446969696969703,0
10,30.11111111111111,105.0,2.0,35.77536223729784,4,10,1.8464393440939375,6,10,22.1,49,2,2.3219280940217453,4,0.0,0.0,0.0,1.0262922175576115,0.36363636363636365,0.47548874992780776,0.2,0.14285714285714285,0.3111688311688312,0
22,68.28571428571429,118.0,8.0,30.16327451142698,4,22,1.9290908505417312,8,22,28.272727272727273,49,2,2.7136874376392006,4,0.0,0.0,0.0,1.5344668965559842,0.17391304347826086,0.7845965870974694,0.2,0.1111111111111111,0.23845410628019326,0
21,78.2,118.0,25.0,28.303003374200415,4,21,1.938708496709756,9,21,24.523809523809526,53,2,3.082328135560004,3,0.0,1.0,0.0,1.399822742339861,0.13636363636363635,1.143619638850248,0.2,0.1,0.4245454545454546,0
22,44.19047619047619,100.0,1.0,31.74844435276887,4,22,1.7702834608452116,5,22,53.18181818181818,78,2,2.0969694155960816,10,0.0,1.0,0.0,1.4116537492792955,0.43478260869565216,0.32668595475087003,0.2,0.16666666666666666,0.5372463768115943,0
18,167.23529411764707,287.0,6.0,102.61207898841764,14,18,3.7254805549780947,18,18,8.38888888888889,18,2,4.169924998845461,0,0.0,0.0,0.0,1.8411072363323528,0.0,0.4444444438673667,0.06666666666666667,0.05263157894736842,0.1880701754385965,1
19,150.38888888888889,300.0,7.0,88.61222569831929,12,19,3.4058222485544567,19,19,9.263157894736842,19,2,4.247927510702465,0,0.0,0.0,0.0,1.967461162851668,0.0,0.8421052621480083,0.07692307692307693,0.05,0.18730769230769231,1
18,145.05882352941177,297.0,2.0,94.41115997607318,11,18,3.308270832948296,18,18,7.555555555555555,19,2,4.169924998845461,2,0.0,0.0,0.0,1.5753049995638408,0.10526315789473684,0.8616541658971655,0.08333333333333333,0.05263157894736842,0.22850877192982458,1
17,125.0625,290.0,10.0,80.41336079128891,11,17,3.263933427898669,17,17,8.588235294117647,19,3,4.087462838797758,0,0.0,0.0,0.0,1.7552046307778606,0.0,0.8235294108990887,0.08333333333333333,0.05555555555555555,0.18611111111111112,1
15,119.64285714285714,252.0,32.0,76.37464719849041,10,15,3.1395722605440275,14,15,8.2,13,4,3.773557260255412,0,0.0,0.0,0.0,2.2102263952924552,0.0,0.6339849997113847,0.09090909090909091,0.06666666666666667,0.18424242424242426,1
11,165.0,284.0,15.0,85.02705451795917,9,11,3.095795253702508,11,11,11.272727272727273,19,2,3.459431617050333,1,0.0,0.0,0.0,1.9498614568829151,0.08333333333333333,0.3636363633478248,0.1,0.08333333333333333,0.21500000000000002,1
34,66.96969696969697,120.0,4.0,29.7611551263325,4,34,1.9921846202807418,8,34,45.088235294117645,78,2,2.6482583398935704,14,0.0,1.0,0.0,1.5114594322624137,0.4,0.6560737196128286,0.2,0.1111111111111111,0.528888888888889,0
5,141.25,271.0,7.0,105.84038690405472,3,5,1.37095059402186,5,5,6.8,10,4,2.3219280941660148,1,0.0,0.0,0.0,1.435373730938991,0.16666666666666666,0.9509775001441547,0.25,0.16666666666666666,0.225,1
7,64.66666666666667,120.0,28.0,39.86505013445013,4,7,1.8423709926000305,3,7,27.142857142857142,34,24,1.378783493053367,1,0.0,0.0,0.0,1.0692606680822028,0.125,0.46358749954666356,0.2,0.25,0.20500000000000002,0
25,130.0,273.0,15.0,83.12741224570068,17,25,3.943465187149066,25,25,8.2,19,2,4.643856186167987,2,0.0,0.0,0.0,1.9039810363288747,0.07692307692307693,0.7003909990189214,0.05555555555555555,0.038461538461538464,0.22136752136752136,1
22,57.61904761904762,118.0,0.0,43.594971521382064,4,22,1.9698452574617202,11,22,7.5,15,2,3.14036116211152,6,0.0,0.0,0.0,1.4720442947397752,0.2608695652173913,1.1705159046498,0.2,0.08333333333333333,0.2760144927536232,0
3,135.0,170.0,100.0,35.0,3,3,1.5849625002883474,3,3,8.666666666666666,11,6,1.5849625002883474,0,0.0,0.0,0.0,1.1446951390971398,0.0,0.0,0.25,0.25,0.15000000000000002,1
13,53.75,113.0,11.0,36.75170064092273,4,13,1.950063755859132,4,13,55.53846153846154,78,38,1.826245257825531,7,0.0,1.0,0.0,1.2838842026777346,0.5,0.12381849803360101,0.2,0.2,0.56,0
14,54.92307692307692,118.0,0.0,38.05352816648096,4,14,1.9241743517233632,8,14,6.428571428571429,15,2,2.753434385034629,3,0.0,0.0,0.0,1.106290601129985,0.2,0.8292600333112659,0.2,0.1111111111111111,0.24888888888888894,0
40,62.743589743589745,120.0,0.0,38.02341919957438,4,40,1.9634212541045715,11,40,20.7,36,2,3.0082946572007896,12,0.0,0.0,1.0,1.6830189028123335,0.2926829268292683,1.0448734030962181,0.2,0.08333333333333333,0.488739837398374,0
12,68.81818181818181,120.0,14.0,35.21832730997309,4,12,1.8879185020940548,8,12,5.25,15,2,2.7516291662336667,2,0.0,0.0,0.0,0.9028783201704219,0.15384615384615385,0.863710664139612,0.2,0.1111111111111111,0.23042735042735046,0
17,145.5,298.0,53.0,84.33119233118906,13,17,3.6168746040807185,17,17,7.9411764705882355,13,2,4.087462838797758,0,0.0,0.0,0.0,2.318518837133182,0.0,0.47058823471703937,0.07142857142857142,0.05555555555555555,0.1873015873015873,1
24,57.30434782608695,119.0,1.0,35.03716633197766,4,24,1.7586169200696085,10,24,18.541666666666668,36,2,3.0545851678951044,6,0.0,0.0,1.0,1.5307324321095963,0.24,1.295968247825496,0.2,0.09090909090909091,0.46690909090909094,0
16,58.733333333333334,117.0,3.0,40.41363906185909,4,16,1.882856063114971,7,16,28.375,53,3,2.65563906121968,2,0.0,1.0,0.0,1.3954399696686741,0.11764705882352941,0.772782998104709,0.2,0.125,0.4145588235294118,0
10,159.55555555555554,274.0,3.0,105.40304772223526,5,10,2.121928094166015,10,10,7.1,11,2,3.3219280934446678,0,0.0,0.0,0.0,1.9654741219547618,0.0,1.1999999992786528,0.16666666666666666,0.09090909090909091,0.17424242424242425,1
24,55.69565217391305,117.0,8.0,29.637571311939872,4,24,1.9329316463213881,9,24,32.291666666666664,53,2,2.7883201878075745,4,0.0,1.0,0.0,1.6673982604559183,0.16,0.8553885414861864,0.2,0.1,0.43400000000000005,0
31,61.166666666666664,116.0,4.0,32.43463512289841,4,31,1.974178877306449,10,31,18.903225806451612,36,2,3.072302875794587,10,0.0,0.0,1.0,1.5696333785663714,0.3125,1.0981239984881381,0.2,0.09090909090909091,0.49590909090909097,0
5,209.5,276.0,122.0,56.8924423803373,5,5,2.3219280941660148,5,5,5.2,7,4,2.3219280941660148,0,0.0,0.0,0.0,1.5092532612079097,0.0,0.0,0.16666666666666666,0.16666666666666666,0.16666666666666669,1
14,155.07692307692307,293.0,24.0,84.00316984720695,12,14,3.5216406346120843,14,14,7.785714285714286,15,2,3.8073549200378314,0,0.0,0.0,0.0,1.8526860994826948,0.0,0.28571428542574706,0.07692307692307693,0.06666666666666667,0.18564102564102564,1
10,99.88888888888889,251.0,12.0,85.38467784021056,9,10,3.121928093588937,10,10,8.5,12,4,3.3219280934446678,0,0.0,0.0,0.0,2.172029907252283,0.0,0.1999999998557307,0.1,0.09090909090909091,0.1809090909090909,1
35,47.55882352941177,111.0,0.0,31.170490547453024,4,35,1.9797242371566224,11,35,10.485714285714286,30,2,3.296741144288927,15,1.0,0.0,1.0,1.1151188939668537,0.4166666666666667,1.3170169071323046,0.2,0.08333333333333333,0.7383333333333334,0
21,55.85,114.0,8.0,33.06096641055733,4,21,1.9699000220456413,11,21,7.0476190476190474,15,2,3.272804325747656,5,0.0,0.0,0.0,1.4415923815793246,0.22727272727272727,1.3029043037020145,0.2,0.08333333333333333,0.2625757575757576,0
36,64.05714285714286,118.0,7.0,33.07302989026631,4,36,1.9870618670321487,7,36,31.833333333333332,49,2,2.3629368095807344,10,0.0,0.0,0.0,1.5044031020997342,0.2702702702702703,0.37587494254858567,0.2,0.125,0.27560810810810815,0
24,155.6086956521739,296.0,2.0,96.80268552259092,15,24,3.772055206710158,22,24,6.916666666666667,14,2,4.386842184957082,1,0.0,0.0,0.0,2.0228216741746547,0.04,0.6147869782469244,0.0625,0.043478260869565216,0.2054021739130435,1
29,52.32142857142857,113.0,5.0,27.760523836438487,4,29,1.9903513580425574,7,29,28.17241379310345,49,2,2.498588429029058,6,0.0,0.0,0.0,1.407825342425338,0.2,0.5082370709865005,0.2,0.125,0.24750000000000005,0
13,162.25,276.0,97.0,55.37768052202981,9,13,3.085055101458051,12,13,7.538461538461538,13,2,3.546593562563704,0,0.0,0.0,0.0,1.9097042259958406,0.0,0.4615384611056532,0.1,0.07692307692307693,0.18230769230769234,1
28,64.37037037037037,110.0,5.0,34.1956767336199,4,28,1.8921530320005147,6,28,40.642857142857146,63,3,2.324862956751739,16,0.0,1.0,1.0,1.4763917660622095,0.5517241379310345,0.4327099247512245,0.2,0.14285714285714285,0.7864039408866995,0
13,150.16666666666666,269.0,11.0,84.64812789161705,10,13,3.2389012551599357,13,13,7.6923076923076925,13,3,3.7004397162655884,1,0.0,0.0,0.0,2.0332086353107632,0.07142857142857142,0.4615384611056528,0.09090909090909091,0.07142857142857142,0.21233766233766233,1
34,62.27272727272727,120.0,4.0,36.80272777050449,4,34,1.813145883058727,10,34,40.411764705882355,78,2,3.0948567821060435,11,0.0,1.0,0.0,1.5831471402135906,0.3142857142857143,1.2817108990473165,0.2,0.09090909090909091,0.49662337662337663,0
9,144.0,265.0,52.0,71.99826386795726,7,9,2.725480555987981,9,9,8.555555555555555,19,5,3.169925000143887,1,0.0,0.0,0.0,1.3560234722837736,0.1,0.44444444415590567,0.125,0.1,0.21750000000000003,1
14,145.92307692307693,298.0,29.0,77.96494432999167,11,14,3.378783491899211,14,14,8.285714285714286,19,2,3.8073549200378314,1,0.0,0.0,0.0,1.5773327525871017,0.06666666666666667,0.42857142813862037,0.08333333333333333,0.06666666666666667,0.21166666666666667,1
4,68.33333333333333,140.0,23.0,51.266189854739764,4,4,1.9999999994229218,4,4,6.75,10,3,1.9999999994229218,1,0.0,0.0,0.0,1.2272727269186112,0.2,0.0,0.2,0.2,0.24000000000000005,1
15,161.21428571428572,293.0,14.0,93.13368162518448,12,15,3.5068905938772845,15,15,8.533333333333333,15,3,3.906890593444476,0,0.0,0.0,0.0,2.083674983170387,0.0,0.39999999956719146,0.07692307692307693,0.0625,0.1860576923076923,1
3,180.0,202.0,158.0,22.0,3,3,1.5849625002883474,3,3,9.0,19,3,1.5849625002883474,0,0.0,0.0,0.0,0.7132331251297563,0.0,0.0,0.25,0.25,0.15000000000000002,1
10,159.55555555555554,292.0,3.0,112.59673481659237,6,10,2.4464393438053986,10,10,5.1,10,2,3.3219280934446678,0,0.0,0.0,0.0,1.5401666615061642,0.0,0.8754887496392691,0.14285714285714285,0.09090909090909091,0.17662337662337663,1
21,164.1,266.0,62.0,67.80184363275087,12,21,3.4632805160795765,20,21,7.857142857142857,13,3,4.297079324655274,0,0.0,0.0,0.0,2.4116261515922455,0.0,0.8337988085756978,0.07692307692307693,0.047619047619047616,0.18754578754578755,1
9,38.375,84.0,7.0,27.96398353239395,4,9,1.8910611114955744,6,9,24.22222222222222,36,3,2.419381944780754,4,0.0,0.0,1.0,1.5838596515381513,0.4,0.5283208332851796,0.2,0.14285714285714285,0.5257142857142858,0
19,149.38888888888889,299.0,6.0,83.57175153316453,14,19,3.6818808007836297,19,19,7.421052631578948,10,4,4.247927510702465,1,0.0,0.0,0.0,2.865826693823194,0.05,0.5660467099188353,0.06666666666666667,0.05,0.20833333333333334,1
4,129.33333333333334,175.0,104.0,32.355662392986005,4,4,1.9999999994229218,4,4,6.25,10,2,1.9999999994229218,0,0.0,0.0,0.0,1.1363636360357512,0.0,0.0,0.2,0.2,0.16000000000000003,1
16,52.333333333333336,107.0,1.0,34.76716202906927,4,16,1.882856063114971,6,16,25.5625,39,2,2.3522170005968652,0,0.0,1.0,0.0,1.5032136769439342,0.0,0.46936093748189434,0.2,0.14285714285714285,0.36571428571428577,0
18,60.8235294117647,120.0,7.0,41.606327706135176,4,18,1.7527152784026265,7,18,30.72222222222222,53,2,2.524944974074825,4,0.0,1.0,0.0,1.4365170480075906,0.21052631578947367,0.7722296956721983,0.2,0.125,0.4517105263157895,0
38,70.78378378378379,120.0,1.0,34.71438298001248,4,38,1.9819407862870193,11,38,17.5,49,2,3.1813663273044943,6,0.0,0.0,0.0,1.113478214556573,0.15384615384615385,1.199425541017475,0.2,0.08333333333333333,0.23320512820512823,0
38,58.13513513513514,113.0,1.0,31.36202055177323,4,38,1.9152312246708356,10,38,31.263157894736842,63,2,2.9964017915663903,19,0.0,1.0,1.0,1.463702848840819,0.48717948717948717,1.0811705668955547,0.2,0.09090909090909091,0.7657808857808858,0
40,65.41025641025641,118.0,2.0,35.41093409923562,4,40,1.9664303571929898,11,40,34.625,78,2,2.944992932809803,10,0.0,1.0,0.0,1.2907643075764483,0.24390243902439024,0.978562575616813,0.2,0.08333333333333333,0.46922764227642283,0
15,175.57142857142858,271.0,10.0,86.43718965296154,10,15,3.189898094021592,15,15,8.666666666666666,14,3,3.906890593444476,1,0.0,0.0,0.0,2.2573145651012525,0.0625,0.7169924994228838,0.09090909090909091,0.0625,0.2096590909090909,1
24,69.47826086956522,116.0,36.0,24.595633343829977,4,24,1.9899343777484984,9,24,17.708333333333332,36,2,2.755123042718829,8,0.0,0.0,1.0,1.3186118166165566,0.32,0.7651886649703308,0.2,0.1,0.49800000000000005,0
29,66.85714285714286,117.0,19.0,29.526881560603005,4,29,1.9329931415098993,7,29,36.275862068965516,53,3,2.457648563964692,8,0.0,1.0,0.0,1.6509874133402656,0.26666666666666666,0.5246554224547928,0.2,0.125,0.47416666666666674,0
6,38.6,85.0,12.0,25.91215930793881,3,6,1.459147916594436,4,6,33.666666666666664,63,3,1.7924812497835,4,0.0,1.0,1.0,0.942919824104862,0.5714285714285714,0.333333333189064,0.25,0.2,0.7835714285714286,0
24,145.30434782608697,283.0,5.0,72.6453175022964,16,24,3.855388539899222,24,24,8.208333333333334,16,2,4.584962497258688,1,0.0,0.0,0.0,2.213817676372455,0.04,0.7295739573594666,0.058823529411764705,0.04,0.20611764705882352,1
17,65.1875,118.0,15.0,31.72187484607428,4,17,1.851226815320114,7,17,23.823529411764707,36,3,2.609850165019056,5,0.0,0.0,1.0,1.680428166665688,0.2777777777777778,0.7586233496989421,0.2,0.125,0.47861111111111115,0
21,162.65,278.0,6.0,80.01517043661158,14,21,3.594465634941679,21,21,9.142857142857142,18,3,4.3923174197491,0,0.0,0.0,0.0,2.113596352360469,0.0,0.7978517848074209,0.06666666666666667,0.045454545454545456,0.18878787878787878,1
5,122.0,286.0,49.0,95.75750623319301,4,5,1.9219280943102843,5,5,6.6,10,4,2.3219280941660148,1,0.0,0.0,0.0,1.3931568564996089,0.16666666666666666,0.3999999998557304,0.2,0.16666666666666666,0.23,1
17,71.4375,117.0,24.0,28.679192696971093,4,17,1.7322216631845704,7,17,24.176470588235293,36,2,2.5580510755345705,8,0.0,0.0,1.0,1.6714769348882486,0.4444444444444444,0.8258294123500001,0.2,0.125,0.5452777777777778,0
20,168.31578947368422,293.0,25.0,97.02037367783768,12,20,3.484183718047955,20,20,9.85,19,2,4.321928092001972,0,0.0,0.0,0.0,2.1285495853109713,0.0,0.8377443739540169,0.07692307692307693,0.047619047619047616,0.18754578754578755,1
33,53.21875,113.0,2.0,36.41577128714288,4,33,1.9065494211560818,11,33,21.454545454545453,49,2,3.0922006514814826,5,0.0,0.0,0.0,1.3268351886356906,0.14705882352941177,1.1856512303254008,0.2,0.08333333333333333,0.2304901960784314,0
16,64.4,120.0,4.0,40.14108452280116,4,16,1.882856063114971,9,16,4.3125,7,2,2.9528195298163578,6,1.0,0.0,0.0,1.5917542777916303,0.35294117647058826,1.0699634667013869,0.2,0.1,0.5111764705882353,0
3,150.0,270.0,30.0,120.0,3,3,1.5849625002883474,3,3,7.0,10,2,1.5849625002883474,1,0.0,0.0,0.0,1.0086125001834938,0.25,0.0,0.25,0.25,0.25,1
20,148.52631578947367,283.0,8.0,94.57738041639023,14,20,3.621928092867589,19,20,8.25,15,3,4.221928092146242,0,0.0,0.0,0.0,2.176931672512906,0.0,0.5999999992786527,0.06666666666666667,0.05,0.18833333333333335,1
22,56.42857142857143,119.0,1.0,35.038171604519476,4,22,1.9196905734726184,9,22,22.40909090909091,49,2,2.9540036410314285,5,0.0,0.0,0.0,1.3239307227531767,0.21739130434782608,1.0343130675588101,0.2,0.1,0.2569565217391305,0
3,102.0,149.0,55.0,47.0,3,3,1.5849625002883474,3,3,8.666666666666666,15,3,1.5849625002883474,0,0.0,0.0,0.0,0.8585213543228548,0.0,0.0,0.25,0.25,0.15000000000000002,1
6,35.8,103.0,7.0,34.7470862087744,4,6,1.9182958334774112,5,6,31.666666666666668,53,4,2.251629166666475,2,0.0,1.0,0.0,1.3203998199587355,0.2857142857142857,0.333333333189064,0.2,0.16666666666666666,0.4776190476190476,0
30,67.79310344827586,119.0,3.0,36.85795596550107,4,30,1.9838711126410746,8,30,38.166666666666664,63,2,2.721302880611134,20,0.0,1.0,1.0,1.6228603116144522,0.6451612903225806,0.7374317679700593,0.2,0.1111111111111111,0.8269534050179211,0
9,67.875,117.0,14.0,34.599268417121195,3,9,1.530493056324674,4,9,43.44444444444444,63,3,1.7527152784026265,7,0.0,1.0,1.0,1.1897772115545606,0.7,0.2222222220779526,0.25,0.2,0.835,0
6,68.4,117.0,19.0,32.17203754815663,4,6,1.9182958334774112,5,6,9.833333333333334,30,4,2.251629166666475,3,1.0,0.0,1.0,0.7142264560931292,0.42857142857142855,0.333333333189064,0.2,0.16666666666666666,0.7347619047619048,0
32,66.45161290322581,115.0,0.0,29.93416292969905,4,32,1.9943497035671707,6,32,52.875,78,2,2.3763985310655897,16,0.0,1.0,0.0,1.5905325611404184,0.48484848484848486,0.38204882749841906,0.2,0.14285714285714285,0.5596536796536797,0
32,73.38709677419355,117.0,0.0,36.65328169909504,4,32,1.9715667050296533,9,32,33.15625,47,2,2.599730145352395,12,0.0,1.0,0.0,1.7957771381633407,0.36363636363636365,0.6281634403227419,0.2,0.1,0.5154545454545455,0
30,68.89655172413794,120.0,4.0,37.23119273199993,4,30,1.8739091025461811,10,30,29.8,63,2,2.965596228914907,15,0.0,1.0,1.0,1.3808557440885036,0.4838709677419355,1.091687126368726,0.2,0.09090909090909091,0.7644574780058652,0
21,55.35,116.0,0.0,32.63016242680995,4,21,1.9699000220456413,8,21,26.904761904761905,53,2,2.755911327500781,4,0.0,1.0,0.0,1.3730951499452744,0.18181818181818182,0.7860113054551396,0.2,0.1111111111111111,0.4416161616161617,0
20,36.21052631578947,98.0,0.0,33.323895247402184,4,20,1.9588718478682823,7,20,27.5,49,3,2.2149798195065946,0,0.0,0.0,0.0,1.2182389007286272,0.0,0.25610797163831234,0.2,0.125,0.16750000000000004,0
27,66.26923076923077,113.0,4.0,35.13113641148163,4,27,1.800278704889452,8,27,26.814814814814813,36,2,2.6113947980120082,14,0.0,0.0,1.0,1.8925423761368307,0.5,0.8111160931225563,0.2,0.1111111111111111,0.5688888888888889,0
18,151.7058823529412,298.0,73.0,69.62907160415645,11,18,3.308270832948296,18,18,9.11111111111111,19,3,4.169924998845461,1,0.0,0.0,0.0,1.8996324994740434,0.05263157894736842,0.8616541658971655,0.08333333333333333,0.05263157894736842,0.20745614035087723,1
35,67.3529411764706,120.0,11.0,31.648698842263716,4,35,1.968649506787922,11,35,31.542857142857144,53,2,2.9777696179635313,8,0.0,1.0,0.0,1.7393955863659993,0.2222222222222222,1.0091201111756094,0.2,0.08333333333333333,0.4605555555555556,0
5,37.75,53.0,17.0,13.026415470113028,3,5,1.5219280944545537,5,5,8.0,21,2,2.3219280941660148,3,1.0,0.0,0.0,0.8443374887876417,0.5,0.7999999997114611,0.25,0.16666666666666666,0.5583333333333333,0
9,129.625,269.0,3.0,92.41474111309299,8,9,2.947702778065934,9,9,9.555555555555555,15,4,3.169925000143887,0,0.0,0.0,0.0,1.8931496528637102,0.0,0.22222222207795284,0.1111111111111111,0.1,0.1788888888888889,1
3,27.0,52.0,2.0,25.0,3,3,1.5849625002883474,3,3,5.333333333333333,9,3,1.5849625002883474,0,0.0,0.0,0.0,0.8453133334871186,0.0,0.0,0.25,0.25,0.15000000000000002,1
6,196.6,228.0,178.0,17.24644890984808,6,6,2.584962499855539,6,6,8.5,12,5,2.584962499855539,0,0.0,0.0,0.0,1.6901677883670834,0.0,0.0,0.14285714285714285,0.14285714285714285,0.17142857142857146,1
10,153.88888888888889,275.0,28.0,76.99847681674467,9,10,3.121928093588937,10,10,9.0,13,2,3.3219280934446678,0,0.0,0.0,0.0,2.135525202928715,0.0,0.1999999998557307,0.1,0.09090909090909091,0.1809090909090909,1
23,70.04545454545455,115.0,3.0,30.53236326607507,4,23,1.9726474136078869,8,23,40.65217391304348,63,3,2.653146737135297,12,0.0,1.0,1.0,1.685252852731999,0.5,0.6804993235274099,0.2,0.1111111111111111,0.7688888888888891,0
14,188.30769230769232,297.0,9.0,98.13913562299396,11,14,3.378783491899211,14,14,8.642857142857142,13,2,3.8073549200378314,1,0.0,0.0,0.0,2.3504589047172324,0.06666666666666667,0.42857142813862037,0.08333333333333333,0.06666666666666667,0.21166666666666667,1
35,56.970588235294116,116.0,0.0,32.35782048767813,4,35,1.9699687974338782,10,35,30.65714285714286,53,2,2.9142605173499727,6,0.0,1.0,0.0,1.6544981667283178,0.16666666666666666,0.9442917199160945,0.2,0.09090909090909091,0.4375757575757576,0
8,150.28571428571428,269.0,6.0,98.24853948127718,7,8,2.749999998990113,8,8,9.75,13,6,2.9999999988458437,0,0.0,0.0,0.0,2.0892857134819267,0.0,0.24999999985573051,0.125,0.1111111111111111,0.1763888888888889,1
22,156.8095238095238,281.0,10.0,86.02636309522966,13,22,3.606936730299818,21,22,9.136363636363637,15,3,4.368522524698546,2,0.0,0.0,0.0,2.494525646205704,0.08695652173913043,0.7615857943987283,0.07142857142857142,0.045454545454545456,0.2230942970073405,1
19,87.61111111111111,283.0,3.0,79.25355855234437,12,19,3.431623564116197,19,19,7.842105263157895,15,2,4.247927510702465,0,0.0,0.0,0.0,2.0820434180745635,0.0,0.816303946586268,0.07692307692307693,0.05,0.18730769230769231,1
16,146.0,280.0,22.0,81.86085755719886,13,16,3.6249999981244967,16,16,7.75,12,2,3.9999999976916882,4,0.0,0.0,0.0,2.3846153832392756,0.23529411764705882,0.37499999956719154,0.07142857142857142,0.058823529411764705,0.2810924369747899,1
22,164.85714285714286,278.0,40.0,76.70120487927143,14,22,3.641249798435706,22,22,7.363636363636363,16,2,4.459431615463368,0,0.0,0.0,0.0,1.9316254591044533,0.0,0.8181818170276616,0.06666666666666667,0.043478260869565216,0.1889855072463768,1
32,58.25806451612903,115.0,3.0,34.06158345147277,4,32,1.9836796913704193,9,32,23.78125,49,2,2.8255059697805147,5,0.0,0.0,0.0,1.3438812768768573,0.15151515151515152,0.8418262784100954,0.2,0.1,0.23060606060606065,0
7,45.333333333333336,91.0,8.0,35.33490562539478,4,7,1.9502120643376688,4,7,36.0,53,4,1.9502120643376688,2,0.0,1.0,0.0,1.3001413762251124,0.25,0.0,0.2,0.2,0.4600000000000001,0
10,171.0,269.0,33.0,75.4261964513067,8,10,2.8464393435168596,10,10,9.6,14,4,3.3219280934446678,2,0.0,0.0,0.0,2.1260339798045873,0.18181818181818182,0.4754887499278082,0.1111111111111111,0.09090909090909091,0.25252525252525254,1
18,64.23529411764706,112.0,1.0,37.09689920729019,4,18,1.90487500457818,11,18,6.722222222222222,15,2,3.2390979164018217,3,0.0,0.0,0.0,1.3608709995993764,0.15789473684210525,1.3342229118236417,0.2,0.08333333333333333,0.2348245614035088,0
15,62.142857142857146,113.0,23.0,30.047241715236986,4,15,1.9086126982956342,9,15,27.6,53,2,2.9735572609767598,2,0.0,1.0,0.0,1.519818155610344,0.125,1.0649445626811256,0.2,0.1,0.42000000000000004,0
4,170.33333333333334,253.0,11.0,112.69230477523989,4,4,1.9999999994229218,4,4,6.75,10,3,1.9999999994229218,0,0.0,0.0,0.0,1.2272727269186112,0.0,0.0,0.2,0.2,0.16000000000000003,1
21,64.95,113.0,7.0,30.370174513821944,4,21,1.9814035896735542,6,21,32.19047619047619,49,2,2.1651317108099537,7,0.0,0.0,0.0,1.3939324157214559,0.3181818181818182,0.18372812113639947,0.2,0.14285714285714285,0.292987012987013,0
17,147.875,245.0,29.0,65.63428505743016,12,17,3.454822398215372,15,17,6.764705882352941,16,2,3.852168721439238,2,0.0,0.0,0.0,1.53286990645506,0.1111111111111111,0.3973463232238661,0.07692307692307693,0.0625,0.23050213675213677,1
6,58.4,113.0,19.0,36.8488805800122,4,6,1.9182958334774112,4,6,26.666666666666668,63,2,1.9182958334774112,1,0.0,0.0,1.0,0.7992899306155881,0.14285714285714285,0.0,0.2,0.2,0.4171428571428572,0
7,194.16666666666666,286.0,68.0,84.27221105177884,5,7,2.235926349907685,7,7,11.714285714285714,16,4,2.8073549210477173,0,0.0,0.0,0.0,1.9344798615622927,0.0,0.5714285711400322,0.16666666666666666,0.125,0.17083333333333334,1
7,176.5,298.0,23.0,102.16938549944075,7,7,2.8073549210477173,7,7,4.142857142857143,10,2,2.8073549210477173,0,0.0,0.0,0.0,1.0573154897452441,0.0,0.0,0.125,0.125,0.17500000000000002,1
27,63.61538461538461,117.0,7.0,34.6033312347869,4,27,1.9803464133181214,9,27,42.0,78,2,2.8744837996366366,10,0.0,1.0,0.0,1.5282065770220092,0.35714285714285715,0.8941373863185151,0.2,0.1,0.5128571428571429,0
18,50.1764705882353,113.0,2.0,33.006657606712956,4,18,1.9546859463692776,8,18,19.27777777777778,36,2,2.8638263889366598,4,0.0,0.0,1.0,1.492113749190722,0.21052631578947367,0.9091404425673821,0.2,0.1111111111111111,0.4530994152046784,0
3,98.5,150.0,47.0,51.5,3,3,1.5849625002883474,3,3,7.0,15,2,1.5849625002883474,0,0.0,0.0,0.0,0.693421093876152,0.0,0.0,0.25,0.25,0.15000000000000002,1
22,140.95238095238096,298.0,10.0,88.75245197979774,12,22,3.3342094577168147,22,22,9.136363636363637,19,2,4.459431615463368,2,0.0,0.0,0.0,2.0371494425184933,0.08695652173913043,1.125222157746553,0.07692307692307693,0.043478260869565216,0.22274247491638796,1
23,142.0,281.0,12.0,88.5945822271317,18,23,4.088779344764509,23,23,9.391304347826088,13,5,4.523561952738814,0,0.0,0.0,0.0,3.0344390738869067,0.0,0.4347826079743049,0.05263157894736842,0.041666666666666664,0.1905701754385965,1
36,56.68571428571428,118.0,2.0,31.403158556854418,4,36,1.9955380293420328,10,36,32.333333333333336,63,2,3.089540194733476,17,0.0,1.0,1.0,1.5608614525476416,0.4594594594594595,1.0940021653914431,0.2,0.09090909090909091,0.7546928746928748,0
13,141.0,255.0,72.0,57.73358352524696,12,13,3.546593562563704,13,13,8.923076923076923,19,3,3.7004397162655884,0,0.0,0.0,0.0,1.6509654118723396,0.0,0.15384615370188426,0.07692307692307693,0.07142857142857142,0.18516483516483517,1
39,64.89473684210526,119.0,0.0,38.4384603679318,4,39,1.957136737083511,10,39,26.794871794871796,49,2,2.8422172811338022,12,0.0,0.0,0.0,1.5231369532229864,0.3,0.8850805440502911,0.2,0.09090909090909091,0.2909090909090909,0
10,77.88888888888889,115.0,27.0,26.559971738792047,4,10,1.8464393440939375,5,10,26.9,49,4,2.246439343949668,1,0.0,0.0,0.0,1.2085843670449212,0.09090909090909091,0.3999999998557304,0.2,0.16666666666666666,0.19969696969696973,0
18,53.88235294117647,115.0,1.0,35.052703769074526,4,18,1.7882158117942981,9,18,9.444444444444445,30,3,2.7688538363175743,14,1.0,0.0,1.0,0.8435576203834904,0.7368421052631579,0.9806380245232762,0.2,0.1,0.8647368421052631,0
5,109.5,298.0,15.0,111.58516926545391,5,5,2.3219280941660148,5,5,9.4,12,6,2.3219280941660148,0,0.0,0.0,0.0,1.678932621935426,0.0,0.0,0.16666666666666666,0.16666666666666666,0.16666666666666669,1
11,132.8,261.0,5.0,90.66399505867807,10,11,3.277613435376421,11,11,8.272727272727273,15,2,3.459431617050333,0,0.0,0.0,0.0,1.7886833929067063,0.0,0.18181818167391217,0.09090909090909091,0.08333333333333333,0.18257575757575759,1
22,178.14285714285714,299.0,23.0,90.75308506590612,16,22,3.8453509343141246,22,22,8.454545454545455,16,2,4.459431615463368,0,0.0,0.0,0.0,2.217792193786595,0.0,0.6140806811492432,0.058823529411764705,0.043478260869565216,0.189769820971867,1
23,149.1818181818182,298.0,14.0,102.39035659654157,14,23,3.6753108668925902,23,23,9.521739130434783,18,2,4.523561952738814,1,0.0,0.0,0.0,2.2669566765441655,0.041666666666666664,0.8482510858462238,0.06666666666666667,0.041666666666666664,0.20583333333333334,1
34,65.93939393939394,120.0,3.0,32.7774306996301,4,34,1.9357417966711585,10,34,39.38235294117647,78,2,2.9422952818797765,11,0.0,1.0,0.0,1.4667659651664262,0.3142857142857143,1.006553485208618,0.2,0.09090909090909091,0.49662337662337663,0
5,112.75,246.0,43.0,79.6221545802423,5,5,2.3219280941660148,5,5,13.0,14,12,2.3219280941660148,1,0.0,0.0,0.0,2.0123376816105463,0.16666666666666666,0.0,0.16666666666666666,0.16666666666666666,0.23333333333333336,1
32,53.096774193548384,114.0,0.0,37.08956451679887,4,32,1.9575547982888204,12,32,6.375,15,2,3.491729294940941,7,0.0,0.0,0.0,1.3912358909530311,0.21212121212121213,1.5341744966521205,0.2,0.07692307692307693,0.25715617715617717,0
23,53.31818181818182,120.0,2.0,37.70626468763798,4,23,1.9336649374235495,9,23,39.0,78,2,2.8537196957774267,7,0.0,1.0,0.0,1.408798330826831,0.2916666666666667,0.9200547583538772,0.2,0.1,0.48666666666666675,0
19,161.22222222222223,284.0,6.0,85.74157267015002,12,19,3.471354485282695,19,19,8.789473684210526,17,3,4.247927510702465,1,0.0,0.0,0.0,2.0742803926529576,0.05,0.7765730254197698,0.07692307692307693,0.05,0.2073076923076923,1
20,67.3157894736842,114.0,29.0,24.78762983420932,4,20,1.9709505938775906,11,20,7.05,15,2,3.2037016944703836,4,0.0,0.0,0.0,1.4116310591260126,0.19047619047619047,1.232751100592793,0.2,0.08333333333333333,0.2478571428571429,0
11,194.8,300.0,32.0,84.1817082269064,10,11,3.277613435376421,11,11,7.636363636363637,15,3,3.459431617050333,1,0.0,0.0,0.0,1.6510923626831135,0.08333333333333333,0.18181818167391217,0.09090909090909091,0.08333333333333333,0.2159090909090909,1
20,62.31578947368421,115.0,11.0,35.99130396663667,4,20,1.940645449038268,6,20,22.0,35,2,2.284183718913572,3,0.0,0.0,1.0,1.395890050447183,0.14285714285714285,0.3435382698753038,0.2,0.14285714285714285,0.42285714285714293,0
9,58.375,116.0,26.0,29.397863442774206,4,9,1.8910611114955744,4,9,24.88888888888889,36,3,1.9749375006248486,5,0.0,0.0,1.0,1.3284864869068052,0.5,0.0838763891292742,0.2,0.2,0.56,0
25,66.33333333333333,116.0,2.0,34.40405337876467,4,25,1.9322381915248126,8,25,21.4,36,2,2.8692750695565574,8,0.0,0.0,1.0,1.6595266618516304,0.3076923076923077,0.9370368780317448,0.2,0.1111111111111111,0.491965811965812,0
10,144.88888888888889,287.0,35.0,74.67030414420216,8,10,2.9219280937332064,10,10,8.1,13,2,3.3219280934446678,0,0.0,0.0,0.0,1.9219726826358432,0.0,0.3999999997114614,0.1111111111111111,0.09090909090909091,0.1797979797979798,1
11,158.0,291.0,6.0,96.71090941563935,9,11,3.095795253702508,11,11,8.454545454545455,13,2,3.459431617050333,0,0.0,0.0,0.0,2.089137275231695,0.0,0.3636363633478248,0.1,0.08333333333333333,0.1816666666666667,1
23,163.45454545454547,284.0,3.0,84.25973225295013,13,23,3.5342190193048366,23,23,8.652173913043478,15,3,4.523561952738814,3,0.0,0.0,0.0,2.4461652950951738,0.125,0.9893429334339774,0.07142857142857142,0.041666666666666664,0.23869047619047618,1
15,152.57142857142858,270.0,69.0,62.93728657017497,10,15,3.240223927499157,15,15,9.066666666666666,18,2,3.906890593444476,2,0.0,0.0,0.0,1.8643407744156095,0.125,0.6666666659453191,0.09090909090909091,0.0625,0.23465909090909093,1
21,180.85,299.0,14.0,91.50643420000584,14,21,3.653756706267228,20,21,7.9523809523809526,15,2,4.297079324655274,1,0.0,0.0,0.0,2.1357507357661634,0.045454545454545456,0.6433226183880465,0.06666666666666667,0.047619047619047616,0.20675324675324674,1
25,50.875,97.0,2.0,25.136813143276537,4,25,1.95740581084844,10,25,37.96,78,2,3.018688569008402,5,0.0,1.0,0.0,1.4504989630323917,0.19230769230769232,1.0612827581599622,0.2,0.09090909090909091,0.44783216783216784,0
22,140.04761904761904,271.0,5.0,86.61874656352299,13,22,3.4817145711105693,21,22,7.136363636363637,13,2,4.368522524698546,1,0.0,0.0,0.0,2.2268118064210123,0.043478260869565216,0.8868079535879771,0.07142857142857142,0.045454545454545456,0.20570299265951442,1
10,45.333333333333336,107.0,4.0,34.43189735631128,4,10,1.8464393440939375,4,10,29.8,36,2,1.6854752966502564,6,0.0,0.0,1.0,1.3574909145993956,0.5454545454545454,0.1609640474436811,0.2,0.2,0.5781818181818182,0
17,173.1875,280.0,5.0,95.26753037499188,11,17,3.3371753395361123,16,17,7.823529411764706,14,3,3.969815780118498,1,0.0,0.0,0.0,2.070531367669648,0.05555555555555555,0.6326404405823856,0.08333333333333333,0.058823529411764705,0.20800653594771243,1
15,55.57142857142857,120.0,2.0,42.358528042876834,4,15,1.9329145634023197,7,15,12.6,30,2,2.739572260976836,9,1.0,0.0,1.0,1.1135035641389721,0.5625,0.8066576975745163,0.2,0.125,0.7925000000000001,0
25,127.375,297.0,1.0,94.53782862783906,15,25,3.6994705686332097,25,25,8.76,19,2,4.643856186167987,1,0.0,0.0,0.0,2.0340090095415784,0.038461538461538464,0.9443856175347776,0.0625,0.038461538461538464,0.20528846153846153,1
38,62.83783783783784,115.0,0.0,28.502739094086998,4,38,1.8885961613541684,9,38,24.394736842105264,49,2,2.9548899355723375,4,0.0,0.0,0.0,1.4416752475134509,0.10256410256410256,1.066293774218169,0.2,0.1,0.21102564102564103,0
3,205.0,291.0,119.0,86.0,3,3,1.5849625002883474,3,3,9.666666666666666,14,5,1.5849625002883474,0,0.0,0.0,0.0,1.0214202779636015,0.0,0.0,0.25,0.25,0.15000000000000002,1
23,122.13636363636364,269.0,4.0,82.5575807072337,13,23,3.464234650851062,22,23,7.782608695652174,13,2,4.436605431143953,0,0.0,0.0,0.0,2.466311714828471,0.0,0.9723707802928905,0.07142857142857142,0.043478260869565216,0.18850931677018634,1
34,62.75757575757576,120.0,6.0,35.230006410711965,4,34,1.9528296822860594,8,34,26.147058823529413,49,2,2.6030438897304635,13,0.0,0.0,0.0,1.3612388341002248,0.37142857142857144,0.6502142074444042,0.2,0.1111111111111111,0.3174603174603175,0
8,197.57142857142858,293.0,25.0,88.77878952423126,8,8,2.9999999988458437,8,8,7.5,14,2,2.9999999988458437,1,0.0,0.0,0.0,1.4999999994229218,0.1111111111111111,0.0,0.1111111111111111,0.1111111111111111,0.2222222222222222,1
28,64.07407407407408,108.0,6.0,32.542764941974234,4,28,1.9591904228428676,12,28,7.035714285714286,15,2,3.4102329389419506,7,0.0,0.0,0.0,1.499589037882956,0.2413793103448276,1.451042516099083,0.2,0.07692307692307693,0.2688594164456234,0
18,177.41176470588235,298.0,3.0,76.40300180700433,11,18,3.308270832948296,18,18,7.333333333333333,13,2,4.169924998845461,1,0.0,0.0,0.0,2.1842464279666705,0.05263157894736842,0.8616541658971655,0.08333333333333333,0.05263157894736842,0.20745614035087723,1
25,61.041666666666664,119.0,0.0,40.060869484933654,4,25,1.95740581084844,11,25,9.08,30,2,3.0577968100116313,17,1.0,0.0,1.0,0.8956385495130843,0.6538461538461539,1.1003909991631913,0.2,0.08333333333333333,0.8332051282051284,0
19,132.72222222222223,252.0,16.0,81.25802904298514,14,19,3.7216117219501283,19,19,8.631578947368421,14,3,4.247927510702465,2,0.0,0.0,0.0,2.4444214447551027,0.1,0.5263157887523366,0.06666666666666667,0.05,0.22833333333333336,1
11,127.9,236.0,14.0,74.13696783656586,9,11,3.095795253702508,11,11,8.363636363636363,14,2,3.459431617050333,0,0.0,0.0,0.0,1.9288952046583672,0.0,0.3636363633478248,0.1,0.08333333333333333,0.1816666666666667,1
10,192.55555555555554,297.0,78.0,61.052092713447244,8,10,2.9219280937332064,10,10,10.1,17,4,3.3219280934446678,0,0.0,0.0,0.0,1.8639707635439524,0.0,0.3999999997114614,0.1111111111111111,0.09090909090909091,0.1797979797979798,1
9,151.5,250.0,55.0,67.59622770539788,7,9,2.641604166858707,9,9,7.444444444444445,15,3,3.169925000143887,0,0.0,0.0,0.0,1.4748956597891696,0.0,0.5283208332851799,0.125,0.1,0.17750000000000002,1
26,56.56,118.0,2.0,32.32841474616409,4,26,1.9784820278268227,8,26,40.92307692307692,63,3,2.6535442958764124,15,0.0,1.0,1.0,1.6967374584209751,0.5555555555555556,0.6750622680495897,0.2,0.1111111111111111,0.7911111111111112,0
25,56.541666666666664,116.0,9.0,35.42124970346975,4,25,1.8744444540025613,10,25,8.52,15,2,3.102683187812797,11,0.0,0.0,0.0,1.6521787975103144,0.4230769230769231,1.2282387338102358,0.2,0.09090909090909091,0.3401398601398602,0
11,58.8,111.0,1.0,35.17612826904064,4,11,1.789929074732921,7,11,23.181818181818183,53,2,2.6635327537943683,1,0.0,1.0,0.0,1.1434357781440472,0.08333333333333333,0.8736036790614472,0.2,0.125,0.4008333333333334,0
18,135.0,289.0,1.0,92.00127876349136,12,18,3.3921472219333006,17,18,7.055555555555555,13,2,4.05881388787862,1,0.0,0.0,0.0,2.045513348256289,0.05263157894736842,0.6666666659453195,0.07692307692307693,0.05555555555555555,0.20780476833108413,1
10,65.66666666666667,115.0,3.0,38.626415831655926,4,10,1.8464393440939375,5,10,24.0,36,2,2.046439343949668,7,0.0,0.0,1.0,1.3274201149943794,0.6363636363636364,0.1999999998557307,0.2,0.16666666666666666,0.617878787878788,0
24,170.7391304347826,284.0,60.0,65.81345005346179,13,24,3.490601561075219,23,24,7.958333333333333,15,3,4.501629164069624,1,0.0,0.0,0.0,2.239091589420047,0.04,1.011027602994405,0.07142857142857142,0.041666666666666664,0.2046904761904762,1
10,78.88888888888889,118.0,28.0,29.975710331475767,4,10,1.8464393440939375,6,10,22.5,49,3,2.4464393438053986,2,0.0,0.0,0.0,1.1008977047124293,0.18181818181818182,0.5999999997114611,0.2,0.14285714285714285,0.2384415584415585,0
15,49.42857142857143,92.0,4.0,30.403745741306953,4,15,1.8256051984398654,9,15,6.6,21,2,2.9735572609767598,9,1.0,0.0,0.0,0.892067178293028,0.5625,1.1479520625368944,0.2,0.1,0.5950000000000001,0
21,64.1,117.0,1.0,35.74478983012769,4,21,1.938708496709756,9,21,13.0,30,3,2.910440493920156,13,1.0,0.0,1.0,1.220507303902001,0.5909090909090909,0.9717319972103997,0.2,0.1,0.8063636363636365,0
20,142.26315789473685,295.0,9.0,86.48142003390285,12,20,3.2414460694342875,20,20,7.75,14,3,4.321928092001972,0,0.0,0.0,0.0,2.2329961808676857,0.0,1.0804820225676846,0.07692307692307693,0.047619047619047616,0.18754578754578755,1
21,143.4,298.0,17.0,79.55589230220474,14,21,3.653756706267228,20,21,6.9523809523809526,13,2,4.297079324655274,0,0.0,0.0,0.0,2.133923746257381,0.0,0.6433226183880465,0.06666666666666667,0.047619047619047616,0.18857142857142856,1
27,55.0,114.0,6.0,32.956848243632855,4,27,1.9803464133181214,10,27,31.074074074074073,53,2,2.8465250031159424,3,0.0,1.0,0.0,1.6380209037134947,0.10714285714285714,0.8661785897978209,0.2,0.09090909090909091,0.4137662337662338,0
10,66.11111111111111,113.0,11.0,31.655943603565174,4,10,1.8464393440939375,5,10,32.6,49,2,2.170950593733321,3,0.0,0.0,0.0,1.4154597871141255,0.2727272727272727,0.3245112496393836,0.2,0.16666666666666666,0.27242424242424246,0
16,133.33333333333334,283.0,18.0,97.40613715549732,11,16,3.374999998413035,16,16,8.375,15,3,3.9999999976916882,2,0.0,0.0,0.0,2.093749998791743,0.11764705882352941,0.624999999278653,0.08333333333333333,0.058823529411764705,0.23284313725490197,1
36,58.08571428571429,120.0,4.0,35.82127973192266,4,36,1.9870618670321487,12,36,8.694444444444445,30,2,3.0786968742904035,22,1.0,0.0,1.0,0.8634696430581509,0.5945945945945946,1.0916350072582548,0.2,0.07692307692307693,0.8101455301455301,0
24,61.47826086956522,114.0,3.0,33.69539971854937,4,24,1.9677648370968532,7,24,35.791666666666664,63,2,2.505123043007368,13,0.0,1.0,1.0,1.4009770142860216,0.52,0.5373582059105149,0.2,0.125,0.7755000000000002,0
10,67.33333333333333,119.0,15.0,37.02251567177286,4,10,1.760964046866603,5,10,33.2,49,3,2.046439343949668,1,0.0,0.0,0.0,1.3588357243825797,0.09090909090909091,0.2854752970830652,0.2,0.16666666666666666,0.19969696969696973,0
27,47.38461538461539,114.0,0.0,31.859157508631068,4,27,1.9259785976010648,7,27,38.81481481481482,53,2,2.344014022272069,10,0.0,1.0,0.0,1.684860559218881,0.35714285714285715,0.4180354246710043,0.2,0.125,0.5103571428571428,0
29,58.035714285714285,107.0,0.0,31.94133254092252,4,29,1.984116548822418,10,29,7.586206896551724,15,2,3.190238649664178,10,0.0,0.0,0.0,1.5126131528580153,0.3333333333333333,1.20612210084176,0.2,0.09090909090909091,0.30424242424242426,0
38,73.05405405405405,119.0,3.0,32.73558766512161,4,38,1.980985561362277,9,38,20.789473684210527,49,2,2.8490192096169626,1,0.0,0.0,0.0,1.1845921976828424,0.02564102564102564,0.8680336482546855,0.2,0.1,0.1802564102564103,0
4,130.33333333333334,237.0,22.0,87.78129388175795,4,4,1.9999999994229218,4,4,9.25,13,3,1.9999999994229218,0,0.0,0.0,0.0,1.3214285710472875,0.0,0.0,0.2,0.2,0.16000000000000003,1
33,62.21875,120.0,0.0,37.00822068726758,4,33,1.9667116094075203,9,33,22.727272727272727,36,2,2.8663849368198093,14,0.0,0.0,1.0,1.760678708120276,0.4117647058823529,0.899673327412289,0.2,0.1,0.5347058823529413,0
37,57.666666666666664,120.0,0.0,37.1924424820121,4,37,1.9560407509310447,9,37,34.67567567567568,63,2,2.873713245747546,18,0.0,1.0,1.0,1.5569991952255495,0.47368421052631576,0.9176724948165011,0.2,0.1,0.7594736842105264,0
14,53.76923076923077,95.0,5.0,33.42535621156224,4,14,1.9852281354571732,8,14,17.785714285714285,36,3,2.8423709920229525,4,0.0,0.0,1.0,1.3663134691384462,0.26666666666666666,0.8571428565657793,0.2,0.1111111111111111,0.4755555555555556,0
22,111.19047619047619,294.0,3.0,88.69510055058286,13,22,3.5726236620196605,20,22,10.045454545454545,15,4,4.277613433933725,1,0.0,0.0,0.0,2.685660707100435,0.043478260869565216,0.7049897719140645,0.07142857142857142,0.047619047619047616,0.2054865424430642,1
22,65.66666666666667,120.0,1.0,32.36596291716895,4,22,1.9196905734726184,9,22,44.72727272727273,78,2,2.8389095966841795,11,0.0,1.0,0.0,1.6072997946704446,0.4782608695652174,0.9192190232115611,0.2,0.1,0.561304347826087,0
6,84.4,276.0,5.0,101.43884857390684,5,6,2.251629166666475,6,6,7.166666666666667,13,2,2.584962499855539,0,0.0,0.0,0.0,1.323254613021288,0.0,0.333333333189064,0.16666666666666666,0.14285714285714285,0.16904761904761906,1
22,53.857142857142854,118.0,1.0,36.04400183147275,4,22,1.7474594235398972,8,22,39.13636363636363,63,2,2.583925938899503,14,0.0,1.0,1.0,1.5800853930344259,0.6086956521739131,0.8364665153596056,0.2,0.1111111111111111,0.8123671497584543,0
31,60.46666666666667,120.0,1.0,37.92776760574705,4,31,1.9597149735739765,12,31,11.387096774193548,30,2,3.382291277907236,14,1.0,0.0,1.0,1.2424025193561439,0.4375,1.4225763043332593,0.2,0.07692307692307693,0.7473076923076923,0
23,168.77272727272728,292.0,20.0,80.92079843794616,16,23,3.849223910082312,23,23,8.91304347826087,13,2,4.523561952738814,3,0.0,0.0,0.0,2.8799074543834062,0.125,0.674338042656502,0.058823529411764705,0.041666666666666664,0.23995098039215684,1
12,67.63636363636364,113.0,1.0,33.716121655732174,4,12,1.8553885416304556,9,12,6.833333333333333,15,2,3.0849624994227307,3,0.0,0.0,0.0,1.317536067461791,0.23076923076923078,1.229573957792275,0.2,0.1,0.26230769230769235,0
25,130.54166666666666,286.0,20.0,64.7198959405495,13,25,3.50927506883521,25,25,8.48,14,2,4.643856186167987,4,0.0,0.0,0.0,2.625326697246969,0.15384615384615385,1.1345811173327771,0.07142857142857142,0.038461538461538464,0.25054945054945055,1
23,150.9090909090909,291.0,23.0,77.03535734318193,15,23,3.7950885842336888,23,23,8.782608695652174,19,3,4.523561952738814,2,0.0,0.0,0.0,1.9864337270722618,0.08333333333333333,0.7284733685051252,0.0625,0.041666666666666664,0.22291666666666665,1
6,27.8,88.0,4.0,31.179480431848127,3,6,1.459147916594436,6,6,7.333333333333333,21,2,2.584962499855539,3,1.0,0.0,0.0,0.861654166618513,0.42857142857142855,1.125814583261103,0.25,0.14285714285714285,0.5321428571428571,0
38,72.8108108108108,120.0,13.0,33.131056580697766,4,38,1.9440097491392787,10,38,31.07894736842105,53,2,2.8732214341712194,8,0.0,1.0,0.0,1.653642550563455,0.20512820512820512,0.9292116850319407,0.2,0.09090909090909091,0.45296037296037295,0
11,74.9,117.0,3.0,32.764157245380204,4,11,1.9808259356520006,7,11,29.0,53,2,2.4040097563149736,1,0.0,1.0,0.0,1.291042276539523,0.08333333333333333,0.423183820662973,0.2,0.125,0.4008333333333334,0
22,56.142857142857146,114.0,5.0,31.143730874593608,4,22,1.8910910060594053,6,22,35.72727272727273,53,2,2.0614821858551586,3,0.0,1.0,0.0,1.363909931045585,0.13043478260869565,0.17039117979575336,0.2,0.14285714285714285,0.417888198757764,0
15,51.42857142857143,117.0,4.0,36.531227904970535,4,15,1.8322628964471903,7,15,26.866666666666667,53,2,2.6062389276435027,1,0.0,1.0,0.0,1.296684305975718,0.0625,0.7739760311963124,0.2,0.125,0.39250000000000007,0
21,62.95,118.0,3.0,36.31318631020968,4,21,1.938708496709756,8,21,22.952380952380953,49,2,2.717971733113644,3,0.0,0.0,0.0,1.2476784527245488,0.13636363636363635,0.7792632364038878,0.2,0.1111111111111111,0.22343434343434343,0
9,104.75,292.0,3.0,103.05793273688349,7,9,2.725480555987981,9,9,8.666666666666666,13,6,3.169925000143887,0,0.0,0.0,0.0,1.9623345238985963,0.0,0.44444444415590567,0.125,0.1,0.17750000000000002,1
10,115.0,226.0,24.0,75.64537145273478,7,10,2.6464393436611293,10,10,8.0,13,3,3.3219280934446678,0,0.0,0.0,0.0,1.8982446248255243,0.0,0.6754887497835385,0.125,0.09090909090909091,0.1784090909090909,1
4,182.0,286.0,121.0,73.90534486760751,4,4,1.9999999994229218,4,4,12.0,19,7,1.9999999994229218,0,0.0,0.0,0.0,1.1999999996537531,0.0,0.0,0.2,0.2,0.16000000000000003,1
6,137.4,299.0,41.0,94.9033192254096,6,6,2.584962499855539,6,6,7.0,13,2,2.584962499855539,1,0.0,0.0,0.0,1.2924812499277696,0.14285714285714285,0.0,0.14285714285714285,0.14285714285714285,0.2285714285714286,1
20,159.68421052631578,274.0,7.0,86.92528711581116,12,20,3.408694967831608,20,20,8.5,15,3,4.321928092001972,0,0.0,0.0,0.0,2.2960242988760475,0.0,0.9132331241703642,0.07692307692307693,0.047619047619047616,0.18754578754578755,1
4,121.33333333333333,287.0,31.0,117.3039735994575,4,4,1.9999999994229218,4,4,8.0,13,2,1.9999999994229218,0,0.0,0.0,0.0,1.142857142527384,0.0,0.0,0.2,0.2,0.16000000000000003,1
24,57.17391304347826,118.0,5.0,33.03575424598528,4,24,1.7843371974882265,9,24,45.333333333333336,78,2,2.81290729054853,9,0.0,1.0,0.0,1.614157770103798,0.36,1.0285700930603037,0.2,0.1,0.514,0
10,58.888888888888886,113.0,18.0,34.88535013900516,3,10,1.156779649014231,9,10,7.2,15,2,3.121928093588937,3,0.0,0.0,0.0,1.4048676421150217,0.2727272727272727,1.965148444574706,0.25,0.1,0.2740909090909091,0
20,157.42105263157896,286.0,8.0,86.73269024299144,13,20,3.5841837179036853,20,20,6.75,12,3,4.321928092001972,2,0.0,0.0,0.0,2.244078047770255,0.09523809523809523,0.7377443740982867,0.07142857142857142,0.047619047619047616,0.2261904761904762,1
16,159.86666666666667,295.0,7.0,82.57268851677829,12,16,3.4528195293835493,16,16,8.4375,19,2,3.9999999976916882,2,0.0,0.0,0.0,1.687499999026181,0.11764705882352941,0.5471804683081389,0.07692307692307693,0.058823529411764705,0.2334841628959276,1
17,68.5625,118.0,13.0,32.68403423309307,4,17,1.9542473991150022,9,17,32.411764705882355,63,2,3.0130709278054195,8,0.0,1.0,1.0,1.525921030533811,0.4444444444444444,1.0588235286904173,0.2,0.1,0.7477777777777778,0
39,65.71052631578948,120.0,3.0,32.73249463432553,4,39,1.9563690408034455,9,39,26.692307692307693,49,2,2.80302416850912,7,0.0,0.0,0.0,1.4963836714964072,0.175,0.8466551277056746,0.2,0.1,0.24000000000000005,0
39,60.73684210526316,119.0,1.0,35.015548584297235,4,39,1.9647405066930712,13,39,5.6923076923076925,15,2,3.4011985386440773,5,0.0,0.0,0.0,1.2100417877868352,0.125,1.436458031951006,0.2,0.07142857142857142,0.22285714285714286,0
21,62.85,113.0,0.0,38.63065492584872,4,21,1.9699000220456413,9,21,28.285714285714285,53,2,2.7898657807944662,2,0.0,1.0,0.0,1.4613582661304347,0.09090909090909091,0.8199657587488249,0.2,0.1,0.4063636363636364,0
29,55.25,120.0,4.0,36.56562105116147,4,29,1.887119687018731,8,29,33.827586206896555,53,2,2.6330758264672065,5,0.0,1.0,0.0,1.6494555464650893,0.16666666666666666,0.7459561394484755,0.2,0.1111111111111111,0.4355555555555556,0
15,67.92857142857143,111.0,9.0,28.262707093357108,4,15,1.9219280943102843,6,15,38.266666666666666,63,2,2.3898980945986703,7,0.0,1.0,1.0,1.428959902395455,0.4375,0.467970000288386,0.2,0.14285714285714285,0.7407142857142858,0
26,60.4,117.0,1.0,34.092814492206415,4,26,1.9258641218941055,9,26,41.76923076923077,63,2,2.665339355948695,14,0.0,1.0,1.0,1.7395183537020928,0.5185185185185185,0.7394752340545894,0.2,0.1,0.7774074074074074,0
5,58.75,141.0,1.0,58.139379941654006,5,5,2.3219280941660148,5,5,9.6,14,5,2.3219280941660148,0,0.0,0.0,0.0,1.4860339802662494,0.0,0.0,0.16666666666666666,0.16666666666666666,0.16666666666666669,1
36,65.68571428571428,118.0,3.0,35.40280168781758,4,36,1.954447201136417,11,36,22.416666666666668,53,2,3.1185785711896723,6,0.0,1.0,0.0,1.294595116743861,0.16216216216216217,1.1641313700532554,0.2,0.08333333333333333,0.43653153153153157,0
11,62.9,107.0,19.0,26.074700381787707,4,11,1.789929074732921,8,11,41.45454545454545,78,2,2.8453509354682804,5,0.0,1.0,0.0,1.4930725277025727,0.4166666666666667,1.0554218607353594,0.2,0.1111111111111111,0.5355555555555556,0
9,153.75,290.0,41.0,78.4183492557705,8,9,2.947702778065934,9,9,8.0,12,2,3.169925000143887,1,0.0,0.0,0.0,1.9507230770116228,0.1,0.22222222207795284,0.1111111111111111,0.1,0.2188888888888889,1
32,61.935483870967744,120.0,2.0,38.39349363887229,4,32,1.9943497035671707,8,32,24.09375,36,2,2.690120406317918,15,0.0,0.0,1.0,1.7517591497222254,0.45454545454545453,0.6957707027507471,0.2,0.1111111111111111,0.5507070707070707,0
7,131.83333333333334,282.0,33.0,80.36462046337445,6,7,2.5216406354777012,7,7,5.571428571428571,10,2,2.8073549210477173,0,0.0,0.0,0.0,1.4219070379332592,0.0,0.2857142855700161,0.14285714285714285,0.125,0.17321428571428574,1
6,158.2,288.0,20.0,104.6602121152064,6,6,2.584962499855539,6,6,6.666666666666667,11,4,2.584962499855539,0,0.0,0.0,0.0,1.4360902776975217,0.0,0.0,0.14285714285714285,0.14285714285714285,0.17142857142857146,1
21,114.6,300.0,16.0,88.07349203931906,14,21,3.689703730179774,20,21,7.857142857142857,15,3,4.297079324655274,2,0.0,0.0,0.0,2.110172882643215,0.09090909090909091,0.6073755944755002,0.06666666666666667,0.047619047619047616,0.22493506493506493,1
4,107.66666666666667,216.0,6.0,85.86164581594171,3,4,1.4999999995671913,4,4,10.0,13,3,1.9999999994229218,0,0.0,0.0,0.0,1.4285714281592299,0.0,0.4999999998557305,0.25,0.2,0.15500000000000003,1
16,76.4,118.0,7.0,32.893363059032644,4,16,1.882856063114971,5,16,28.625,36,3,2.048794939974051,5,0.0,0.0,1.0,1.5850474366691139,0.29411764705882354,0.16593887685908015,0.2,0.16666666666666666,0.48098039215686283,0
14,146.84615384615384,294.0,6.0,88.6035649168606,10,14,3.1820058133175184,14,14,9.285714285714286,17,2,3.8073549200378314,0,0.0,0.0,0.0,1.9641116650988815,0.0,0.625349106720313,0.09090909090909091,0.06666666666666667,0.18424242424242426,1
39,60.21052631578947,115.0,0.0,36.888992720505634,4,39,1.9782673205083139,10,39,39.92307692307692,78,2,2.9998784248614183,13,0.0,1.0,0.0,1.5160047736154585,0.325,1.0216111043531044,0.2,0.09090909090909091,0.500909090909091,0
17,72.5,114.0,15.0,30.108138434649195,4,17,1.8654371047428295,6,17,39.1764705882353,63,2,2.34571928306491,8,0.0,1.0,1.0,1.435890664082013,0.4444444444444444,0.48028217832208053,0.2,0.14285714285714285,0.7434920634920635,0
12,153.45454545454547,265.0,28.0,84.50429105442853,9,12,3.022055207575775,12,12,8.916666666666666,13,6,3.5849624989899223,0,0.0,0.0,0.0,2.2832796868566767,0.0,0.5629072914141471,0.1,0.07692307692307693,0.18230769230769234,1
4,160.0,214.0,98.0,47.69346566005312,4,4,1.9999999994229218,4,4,9.25,12,6,1.9999999994229218,1,0.0,0.0,0.0,1.4230769226663098,0.2,0.0,0.2,0.2,0.24000000000000005,1
7,158.66666666666666,299.0,25.0,117.46583427627891,5,7,2.235926349907685,7,7,7.571428571428571,12,4,2.8073549210477173,0,0.0,0.0,0.0,1.6350528661047143,0.0,0.5714285711400322,0.16666666666666666,0.125,0.17083333333333334,1
20,123.47368421052632,294.0,6.0,98.98238462157781,15,20,3.82192809272332,20,20,8.75,17,4,4.321928092001972,4,0.0,0.0,0.0,2.100937266945403,0.19047619047619047,0.49999999927865213,0.0625,0.047619047619047616,0.26517857142857143,1
6,156.0,221.0,81.0,60.722318796304215,6,6,2.584962499855539,6,6,7.166666666666667,19,2,2.584962499855539,0,0.0,0.0,0.0,0.9262782291149015,0.0,0.0,0.14285714285714285,0.14285714285714285,0.17142857142857146,1
29,54.464285714285715,119.0,7.0,33.22056392277137,4,29,1.9903513580425574,9,29,30.20689655172414,53,2,2.913824428049706,7,0.0,1.0,0.0,1.629955427184893,0.23333333333333334,0.9234730700071485,0.2,0.1,0.4633333333333334,0
7,50.666666666666664,81.0,15.0,23.442601296689656,3,7,1.4488156352923758,5,7,6.857142857142857,11,2,2.1280852781700466,6,1.0,0.0,0.0,1.2160487303828837,0.75,0.6792696428776708,0.25,0.16666666666666666,0.6583333333333333,0
38,53.648648648648646,115.0,0.0,37.40083552775057,4,38,1.9899708347911205,10,38,29.236842105263158,53,2,2.8765292504626085,4,0.0,1.0,0.0,1.5574191019804862,0.10256410256410256,0.8865584156714881,0.2,0.09090909090909091,0.41193473193473196,0
9,132.875,249.0,35.0,76.8983704313687,6,9,2.419381944780754,9,9,7.0,15,2,3.169925000143887,0,0.0,0.0,0.0,1.3868421875629504,0.0,0.7505430553631327,0.14285714285714285,0.1,0.17571428571428574,1
19,155.27777777777777,270.0,29.0,74.421327256488,12,19,3.3918926429496983,18,19,7.315789473684211,13,2,4.142664352951997,0,0.0,0.0,0.0,2.1647757333095026,0.0,0.750771710002299,0.07692307692307693,0.05263157894736842,0.1870445344129555,1
20,75.89473684210526,120.0,15.0,34.0416072612729,4,20,1.9588718478682823,10,20,26.95,53,2,3.0464393432283203,4,0.0,1.0,0.0,1.5203988944445042,0.19047619047619047,1.087567495360038,0.2,0.09090909090909091,0.4470995670995671,0
25,61.541666666666664,117.0,14.0,31.100615168978393,4,25,1.9419011883322592,9,25,24.0,36,2,2.8244984502617383,8,0.0,0.0,1.0,1.832107102872479,0.3076923076923077,0.8825972619294791,0.2,0.1,0.49307692307692313,0
14,66.07692307692308,113.0,13.0,34.72188744085813,4,14,1.7884504567312112,6,14,41.57142857142857,78,2,2.352745780006253,4,0.0,1.0,0.0,1.2380633308893663,0.26666666666666666,0.5642953232750418,0.2,0.14285714285714285,0.47238095238095246,0
23,131.6818181818182,288.0,4.0,84.14834647737311,14,23,3.6211755408996975,23,23,7.826086956521739,19,2,4.523561952738814,0,0.0,0.0,0.0,1.770089459767362,0.0,0.9023864118391165,0.06666666666666667,0.041666666666666664,0.18916666666666668,1
24,139.2608695652174,292.0,12.0,89.16775464712046,16,24,3.8868421858226996,23,24,7.416666666666667,19,2,4.501629164069624,1,0.0,0.0,0.0,1.6693541483424856,0.04,0.6147869782469244,0.058823529411764705,0.041666666666666664,0.20595098039215687,1
6,221.6,260.0,128.0,51.17264894452895,5,6,2.251629166666475,6,6,6.166666666666667,12,3,2.584962499855539,0,0.0,0.0,0.0,1.226200160187884,0.0,0.333333333189064,0.16666666666666666,0.14285714285714285,0.16904761904761906,1
35,62.911764705882355,119.0,7.0,31.60544224083495,4,35,1.9884425755325035,10,35,36.94285714285714,78,2,2.949175514822324,12,0.0,1.0,0.0,1.3791261991556114,0.3333333333333333,0.9607329392898207,0.2,0.09090909090909091,0.5042424242424243,0
37,62.666666666666664,117.0,2.0,34.23448553724738,4,37,1.8731848678566263,11,37,38.189189189189186,63,2,2.977367379610884,23,0.0,1.0,1.0,1.776613221026258,0.6052631578947368,1.1041825117542579,0.2,0.08333333333333333,0.8137719298245615,0
8,122.71428571428571,252.0,46.0,63.82501588766918,6,8,2.4999999991343826,7,8,5.375,13,2,2.749999998990113,0,0.0,0.0,0.0,1.055803571040847,0.0,0.24999999985573051,0.14285714285714285,0.125,0.17321428571428574,1
37,67.83333333333333,119.0,2.0,30.790961877364815,4,37,1.9809712509635493,12,37,6.891891891891892,15,2,3.371182757654378,10,0.0,0.0,0.0,1.4521141945977474,0.2631578947368421,1.3902115066908287,0.2,0.07692307692307693,0.27757085020242916,0
4,224.66666666666666,273.0,165.0,44.81319250201019,4,4,1.9999999994229218,4,4,9.25,11,8,1.9999999994229218,0,0.0,0.0,0.0,1.5416666662218357,0.0,0.0,0.2,0.2,0.16000000000000003,1
20,55.526315789473685,106.0,1.0,31.853890815892544,4,20,1.8709505938775903,8,20,30.45,53,2,2.7232196711813517,3,0.0,1.0,0.0,1.5355933145828178,0.14285714285714285,0.8522690773037613,0.2,0.1111111111111111,0.4260317460317461,0
13,157.33333333333334,283.0,25.0,80.31016263351869,8,13,2.873140678358977,13,13,8.307692307692308,15,2,3.7004397162655884,2,0.0,0.0,0.0,1.9213821603686712,0.14285714285714285,0.8272990379066116,0.1111111111111111,0.07142857142857142,0.2388888888888889,1
12,58.81818181818182,119.0,7.0,38.66127539122362,4,12,1.825011210247099,6,12,25.0,36,3,2.418295833188872,6,0.0,0.0,1.0,1.6339836710735622,0.46153846153846156,0.5932846229417732,0.2,0.14285714285714285,0.5503296703296704,0
11,153.7,279.0,44.0,70.64708061908857,9,11,3.095795253702508,11,11,8.272727272727273,13,3,3.459431617050333,0,0.0,0.0,0.0,2.0442095918933787,0.0,0.3636363633478248,0.1,0.08333333333333333,0.1816666666666667,1
6,153.8,180.0,114.0,21.747643550509096,6,6,2.584962499855539,6,6,7.833333333333333,12,3,2.584962499855539,0,0.0,0.0,0.0,1.557605608887312,0.0,0.0,0.14285714285714285,0.14285714285714285,0.17142857142857146,1
17,177.75,293.0,48.0,65.99005606907755,13,17,3.572469456894632,17,17,9.647058823529411,17,2,4.087462838797758,3,0.0,0.0,0.0,2.1906663580484715,0.16666666666666666,0.514993381903126,0.07142857142857142,0.05555555555555555,0.25396825396825395,1
19,141.38888888888889,297.0,8.0,100.89220809517943,14,19,3.6818808007836297,19,19,9.052631578947368,15,3,4.247927510702465,0,0.0,0.0,0.0,2.403432670529026,0.0,0.5660467099188353,0.06666666666666667,0.05,0.18833333333333335,1
12,165.36363636363637,295.0,3.0,105.50249693492628,11,12,3.418295832467525,12,12,8.416666666666666,12,4,3.5849624989899223,0,0.0,0.0,0.0,2.321033412807578,0.0,0.16666666652239703,0.08333333333333333,0.07692307692307693,0.183974358974359,1
5,149.25,230.0,49.0,64.79342173400012,5,5,2.3219280941660148,5,5,12.2,15,10,2.3219280941660148,1,0.0,0.0,0.0,1.770470171801586,0.16666666666666666,0.0,0.16666666666666666,0.16666666666666666,0.23333333333333336,1
15,108.28571428571429,269.0,4.0,80.0824829886827,11,15,3.323231427210656,14,15,9.066666666666666,16,2,3.773557260255412,1,0.0,0.0,0.0,2.01256387213622,0.0625,0.45032583304475615,0.08333333333333333,0.06666666666666667,0.21000000000000002,1
10,139.11111111111111,218.0,53.0,60.40133266455568,7,10,2.6464393436611293,10,10,8.2,13,5,3.3219280934446678,1,0.0,0.0,0.0,1.9457007404461624,0.09090909090909091,0.6754887497835385,0.125,0.09090909090909091,0.21477272727272728,1
38,53.54054054054054,102.0,3.0,33.188726997398014,4,38,1.9656964005489448,11,38,36.1578947368421,78,2,3.0816535562908136,10,0.0,1.0,0.0,1.4104570240984602,0.2564102564102564,1.1159571557418688,0.2,0.08333333333333333,0.4742307692307693,0
17,180.3125,293.0,14.0,88.26927463024718,9,17,3.057476074991506,17,17,10.470588235294118,19,5,4.087462838797758,1,0.0,0.0,0.0,2.139907015605885,0.05555555555555555,1.0299867638062516,0.1,0.05555555555555555,0.20666666666666667,1
17,184.25,285.0,15.0,81.38143215746452,13,17,3.6168746040807185,17,17,10.294117647058824,14,3,4.087462838797758,0,0.0,0.0,0.0,2.805121556037677,0.0,0.47058823471703937,0.07142857142857142,0.05555555555555555,0.1873015873015873,1
26,55.08,117.0,0.0,36.33501892114548,4,26,1.9635737369458797,8,26,24.0,49,2,2.7681769878512634,5,0.0,0.0,0.0,1.3287249541686064,0.18518518518518517,0.8046032509053838,0.2,0.1111111111111111,0.242962962962963,0
6,63.8,100.0,37.0,23.777300099044048,2,6,0.9182958337659504,4,6,33.166666666666664,63,3,1.7924812497835,3,0.0,0.0,1.0,0.9289160643409283,0.42857142857142855,0.8741854160175497,0.3333333333333333,0.2,0.5180952380952382,0
24,68.6086956521739,120.0,10.0,36.8106070847908,4,24,1.921789710106843,9,24,24.583333333333332,53,2,2.986440500397719,3,0.0,1.0,0.0,1.3595678203971095,0.12,1.0646507902908757,0.2,0.1,0.41800000000000004,0
5,201.5,287.0,19.0,108.8221025343657,5,5,2.3219280941660148,5,5,8.4,12,5,2.3219280941660148,1,0.0,0.0,0.0,1.5003227685380405,0.16666666666666666,0.0,0.16666666666666666,0.16666666666666666,0.23333333333333336,1
10,134.0,288.0,1.0,97.021188980094,8,10,2.9219280937332064,10,10,7.6,13,2,3.3219280934446678,1,0.0,0.0,0.0,1.803332393584248,0.09090909090909091,0.3999999997114614,0.1111111111111111,0.09090909090909091,0.21616161616161617,1
26,49.52,108.0,5.0,30.98143960502804,4,26,1.826245257825531,9,26,6.615384615384615,21,2,2.7381493318944408,19,1.0,0.0,0.0,0.8233595893109157,0.7037037037037037,0.9119040740689097,0.2,0.1,0.6514814814814814,0
22,49.142857142857146,114.0,1.0,37.15384452873358,4,22,1.8566532122038537,10,22,10.545454545454545,30,2,3.135821822705341,13,1.0,0.0,1.0,1.0667311772252772,0.5652173913043478,1.2791686105014874,0.2,0.09090909090909091,0.7969960474308301,0
12,64.36363636363636,107.0,17.0,31.456384602039137,4,12,1.7295739579365443,6,12,44.333333333333336,63,2,2.3553885413419167,9,0.0,1.0,1.0,1.6315972708253903,0.6923076923076923,0.6258145834053723,0.2,0.14285714285714285,0.8426373626373628,0
15,58.0,109.0,0.0,32.854658291155175,4,15,1.8294732977827626,8,15,9.133333333333333,30,2,2.7068905944543626,12,1.0,0.0,1.0,0.7975140030973068,0.75,0.8774172966716001,0.2,0.1111111111111111,0.8688888888888889,0
38,66.56756756756756,119.0,5.0,32.25786352113446,4,38,1.9771826424084922,8,38,43.94736842105263,78,2,2.8356249626734624,12,0.0,1.0,0.0,1.577446265044864,0.3076923076923077,0.8584423202649702,0.2,0.1111111111111111,0.491965811965812,0
13,52.916666666666664,116.0,4.0,37.01454293772772,4,13,1.833927217064752,8,13,21.307692307692307,49,2,2.873140678358977,1,0.0,0.0,0.0,1.2243999506237484,0.07142857142857142,1.0392134612942248,0.2,0.1111111111111111,0.19746031746031747,0
21,49.65,115.0,3.0,33.83973256395505,4,21,1.7608352827331089,6,21,26.428571428571427,36,3,2.1892382549374094,7,0.0,0.0,1.0,1.5637416106695778,0.3181818181818182,0.42840297220430057,0.2,0.14285714285714285,0.49298701298701303,0
23,179.36363636363637,300.0,20.0,93.11700628512565,14,23,3.642489671146352,23,23,7.826086956521739,14,2,4.523561952738814,2,0.0,0.0,0.0,2.360119279689816,0.08333333333333333,0.8810722815924619,0.06666666666666667,0.041666666666666664,0.22250000000000003,1
23,150.4090909090909,296.0,5.0,94.585535647471,14,23,3.708132062638828,23,23,8.782608695652174,16,2,4.523561952738814,2,0.0,0.0,0.0,2.3369808553791316,0.08333333333333333,0.8154298900999861,0.06666666666666667,0.041666666666666664,0.22250000000000003,1
13,116.41666666666667,249.0,5.0,77.8368575219278,10,13,3.2389012551599357,13,13,8.307692307692308,16,2,3.7004397162655884,0,0.0,0.0,0.0,1.8083596803469846,0.0,0.4615384611056528,0.09090909090909091,0.07142857142857142,0.18376623376623377,1
25,129.29166666666666,292.0,2.0,93.98469696652157,14,25,3.6536606876684132,25,25,8.76,14,2,4.643856186167987,1,0.0,0.0,0.0,2.7120120127221043,0.038461538461538464,0.990195498499574,0.06666666666666667,0.038461538461538464,0.20487179487179488,1
19,63.72222222222222,114.0,18.0,30.979931775901417,4,19,1.959298909952611,7,19,42.05263157894737,63,2,2.510056459346653,13,0.0,1.0,1.0,1.6492887426134668,0.65,0.5507575493940418,0.2,0.125,0.8275,0
25,147.625,299.0,48.0,76.31339577688834,15,25,3.733660687524144,24,25,7.92,13,3,4.5638561863122575,3,0.0,0.0,0.0,2.5818386425423627,0.11538461538461539,0.8301954987881137,0.0625,0.04,0.23590384615384616,1
13,56.583333333333336,115.0,4.0,36.29843507492973,4,13,1.669180336289653,7,13,23.615384615384617,53,2,2.7773627940542824,2,0.0,1.0,0.0,1.2146016777416877,0.14285714285714285,1.1081824577646295,0.2,0.125,0.4246428571428572,0
5,37.25,67.0,3.0,22.741756748325315,2,5,0.9709505941661296,3,5,27.8,36,24,1.37095059402186,2,0.0,0.0,1.0,1.0300655814542623,0.3333333333333333,0.3999999998557304,0.3333333333333333,0.25,0.47500000000000003,0
21,60.8,112.0,11.0,25.69941633578475,4,21,1.9952366399332357,9,21,4.857142857142857,11,2,3.023037064234455,1,0.0,0.0,0.0,1.2236102402853746,0.045454545454545456,1.0278004243012193,0.2,0.1,0.18818181818181823,0
7,117.33333333333333,206.0,27.0,62.56907294253998,5,7,2.235926349907685,7,7,6.0,14,3,2.8073549210477173,0,0.0,0.0,0.0,1.1229419684190869,0.0,0.5714285711400322,0.16666666666666666,0.125,0.17083333333333334,1
37,52.69444444444444,120.0,0.0,34.85989373704436,4,37,1.9436487085914729,8,37,38.75675675675676,63,2,2.6042521689978306,22,0.0,1.0,1.0,1.5770682476110174,0.5789473684210527,0.6606034604063578,0.2,0.1111111111111111,0.80046783625731,0
22,53.142857142857146,117.0,5.0,29.107822077964695,4,22,1.9698452574617202,7,22,41.0,76,2,2.503997526324962,10,0.0,1.0,0.0,1.3332973841470575,0.43478260869565216,0.5341522688632416,0.2,0.125,0.5414130434782609,0
12,143.8181818181818,291.0,32.0,90.13708567995769,10,12,3.2516291659451277,12,12,9.666666666666666,14,3,3.5849624989899223,1,0.0,0.0,0.0,2.3103091660157276,0.07692307692307693,0.3333333330447945,0.09090909090909091,0.07692307692307693,0.213986013986014,1
9,138.125,285.0,15.0,78.49273453638878,8,9,2.947702778065934,9,9,9.11111111111111,13,6,3.169925000143887,0,0.0,0.0,0.0,2.0629670635857043,0.0,0.22222222207795284,0.1111111111111111,0.1,0.1788888888888889,1
21,184.8,298.0,7.0,94.52333045338595,15,21,3.7849418252736,21,21,7.238095238095238,16,2,4.3923174197491,0,0.0,0.0,0.0,1.8701183411816895,0.0,0.6073755944754997,0.0625,0.045454545454545456,0.18920454545454546,1
18,65.88235294117646,117.0,10.0,36.035737739966805,4,18,1.9071996701318696,7,18,50.333333333333336,78,2,2.3355055555072104,3,0.0,1.0,0.0,1.4880225269265348,0.15789473684210525,0.42830588537534076,0.2,0.125,0.4306578947368422,0
37,52.388888888888886,116.0,1.0,33.33773119136415,4,37,1.8641419537572286,10,37,41.648648648648646,78,2,2.884072282637397,14,0.0,1.0,0.0,1.5204773819857094,0.3684210526315789,1.0199303288801682,0.2,0.09090909090909091,0.5182775119617224,0
13,168.16666666666666,291.0,34.0,84.6687991857423,8,13,2.777362793910013,12,13,9.23076923076923,19,4,3.546593562563704,0,0.0,0.0,0.0,1.6368893365678634,0.0,0.7692307686536912,0.1111111111111111,0.07692307692307693,0.18119658119658122,1
21,123.4,293.0,7.0,85.82505461693572,15,21,3.7489948013610537,21,21,9.047619047619047,18,3,4.3923174197491,0,0.0,0.0,0.0,2.0915797236900473,0.0,0.643322618388046,0.0625,0.045454545454545456,0.18920454545454546,1
25,145.125,270.0,27.0,68.97602995485703,14,25,3.5892750686909407,25,25,8.6,15,2,4.643856186167987,1,0.0,0.0,0.0,2.496072700065293,0.038461538461538464,1.0545811174770465,0.06666666666666667,0.038461538461538464,0.20487179487179488,1
16,64.66666666666667,117.0,8.0,31.510139461590597,4,16,1.9772170008854044,6,16,44.0625,63,3,2.146782220734181,13,0.0,1.0,1.0,1.4780092437671852,0.7647058823529411,0.1695652198487767,0.2,0.14285714285714285,0.8715966386554622,0
24,63.0,119.0,1.0,39.775456710410495,4,24,1.8640054622771423,8,24,37.208333333333336,63,2,2.588456376196432,11,0.0,1.0,1.0,1.504877307254827,0.44,0.7244509139192898,0.2,0.1111111111111111,0.744888888888889,0
16,172.6,289.0,10.0,80.39386377910527,11,16,3.327819529527819,16,16,7.625,14,2,3.9999999976916882,3,0.0,0.0,0.0,2.0333333321599416,0.17647058823529413,0.6721804681638694,0.08333333333333333,0.058823529411764705,0.2563725490196079,1
24,61.34782608695652,117.0,7.0,36.07071399789004,4,24,1.8727298364023763,13,24,6.291666666666667,15,2,3.4387218736653633,5,0.0,0.0,0.0,1.3522057367798694,0.2,1.565992037262987,0.2,0.07142857142857142,0.2528571428571429,0
9,127.0,238.0,13.0,78.59071191941196,7,9,2.641604166858707,9,9,6.555555555555555,10,2,3.169925000143887,1,0.0,0.0,0.0,1.8891472223079728,0.1,0.5283208332851799,0.125,0.1,0.21750000000000003,1
5,64.0,106.0,12.0,33.67491648096547,2,5,0.9709505941661296,4,5,9.2,21,4,1.9219280943102843,4,1.0,0.0,0.0,0.8037153848933916,0.6666666666666666,0.9509775001441547,0.3333333333333333,0.2,0.6133333333333333,0
8,96.14285714285714,258.0,16.0,78.83332973781471,7,8,2.749999998990113,8,8,7.75,14,3,2.9999999988458437,1,0.0,0.0,0.0,1.5499999994036862,0.1111111111111111,0.24999999985573051,0.125,0.1111111111111111,0.22083333333333333,1
4,60.0,80.0,45.0,14.719601443879744,4,4,1.9999999994229218,4,4,7.0,10,4,1.9999999994229218,1,0.0,0.0,0.0,1.2727272723600411,0.2,0.0,0.2,0.2,0.24000000000000005,1
11,167.7,286.0,29.0,89.14488207407085,9,11,3.095795253702508,11,11,7.0,14,2,3.459431617050333,1,0.0,0.0,0.0,1.6144014212901554,0.08333333333333333,0.3636363633478248,0.1,0.08333333333333333,0.21500000000000002,1
19,58.388888888888886,107.0,5.0,31.97245149063468,4,19,1.959298909952611,6,19,27.63157894736842,49,3,2.247084753051468,2,0.0,0.0,0.0,1.2418099951073902,0.1,0.2877858430988569,0.2,0.14285714285714285,0.20571428571428574,0
26,70.76,112.0,3.0,39.81886989857949,4,26,1.9580178364560736,9,26,8.961538461538462,30,2,2.7461034124913826,22,1.0,0.0,1.0,0.793848753238824,0.8148148148148148,0.7880855760353089,0.2,0.1,0.8959259259259259,0
34,55.84848484848485,120.0,3.0,33.70740518596741,4,34,1.9140461854481128,11,34,26.735294117647058,63,2,3.097242343033765,11,0.0,1.0,1.0,1.293838828041219,0.3142857142857143,1.1831961575856522,0.2,0.08333333333333333,0.6973809523809525,0
16,67.66666666666667,120.0,1.0,45.97197213762123,4,16,1.649397469770621,7,16,37.75,63,2,2.5550365315673793,9,0.0,1.0,1.0,1.5070723291666963,0.5294117647058824,0.9056390617967582,0.2,0.125,0.7792647058823531,0
21,51.75,97.0,2.0,31.160672329075314,4,21,1.95606697178596,9,21,15.428571428571429,39,2,3.046381111647458,0,0.0,1.0,0.0,1.1750327144925912,0.0,1.0903141398614982,0.2,0.1,0.37000000000000005,0
14,128.6153846153846,258.0,2.0,88.69701101679588,11,14,3.324862956030392,14,14,8.357142857142858,19,3,3.8073549200378314,0,0.0,0.0,0.0,1.590930448730094,0.0,0.4824919640074392,0.08333333333333333,0.06666666666666667,0.185,1
5,146.5,288.0,3.0,130.60340730624145,4,5,1.9219280943102843,5,5,9.6,12,6,2.3219280941660148,0,0.0,0.0,0.0,1.714654592614903,0.0,0.3999999998557304,0.2,0.16666666666666666,0.16333333333333336,1
8,70.42857142857143,109.0,13.0,31.84272575759603,3,8,1.4999999995671913,6,8,28.375,53,2,2.4999999991343826,2,0.0,1.0,0.0,1.3136574069525575,0.2222222222222222,0.9999999995671913,0.25,0.14285714285714285,0.44960317460317467,0
20,132.0,286.0,8.0,87.00030247981294,12,20,3.4464393429397813,20,20,8.95,19,2,4.321928092001972,0,0.0,0.0,0.0,1.9340628211708824,0.0,0.8754887490621908,0.07692307692307693,0.047619047619047616,0.18754578754578755,1
31,63.53333333333333,118.0,8.0,35.247442775642924,4,31,1.9060572871401997,10,31,29.225806451612904,63,2,3.176983924111895,13,0.0,1.0,1.0,1.450779957280936,0.40625,1.2709266369716952,0.2,0.09090909090909091,0.733409090909091,0
26,61.16,106.0,6.0,29.01128056463554,4,26,1.9784820278268227,8,26,32.38461538461539,63,2,2.59386664263436,9,0.0,1.0,1.0,1.3125214621983963,0.3333333333333333,0.6153846148075375,0.2,0.1111111111111111,0.7022222222222222,0
5,125.25,242.0,73.0,68.34242825653769,5,5,2.3219280941660148,5,5,12.4,17,9,2.3219280941660148,1,0.0,0.0,0.0,1.5995504648699213,0.16666666666666666,0.0,0.16666666666666666,0.16666666666666666,0.23333333333333336,1
24,165.8695652173913,288.0,45.0,77.09920450039398,16,24,3.9182958317461773,24,24,7.833333333333333,13,2,4.584962497258688,0,0.0,0.0,0.0,2.5653956829899807,0.0,0.6666666655125111,0.058823529411764705,0.04,0.19011764705882353,1
25,52.208333333333336,104.0,6.0,30.404192647652323,4,25,1.9322381915248126,12,25,6.32,15,2,3.208884068806402,4,0.0,0.0,0.0,1.267509207178529,0.15384615384615385,1.2766458772815896,0.2,0.07692307692307693,0.23384615384615387,0
8,66.57142857142857,87.0,36.0,19.543776085328787,4,8,1.8112781238820546,5,8,31.0,49,4,2.249999999278652,2,0.0,0.0,0.0,1.3949999995527642,0.2222222222222222,0.43872187539659757,0.2,0.16666666666666666,0.25222222222222224,0
6,41.2,66.0,11.0,17.88183435780569,3,6,1.459147916594436,5,6,41.166666666666664,76,3,2.251629166666475,3,0.0,1.0,0.0,1.20379308261173,0.42857142857142855,0.7924812500720391,0.25,0.16666666666666666,0.5297619047619048,0
12,71.0909090909091,117.0,10.0,32.80092721930709,4,12,1.7295739579365443,4,12,48.416666666666664,63,2,1.5510981704301867,7,0.0,0.0,1.0,1.173421923203045,0.5384615384615384,0.17847578750635762,0.2,0.2,0.5753846153846154,0
19,159.33333333333334,285.0,3.0,74.36770505774369,13,19,3.616348564199661,18,19,9.263157894736842,15,2,4.142664352951997,1,0.0,0.0,0.0,2.3983846253932617,0.05,0.5263157887523362,0.07142857142857142,0.05263157894736842,0.20759398496240605,1
15,140.42857142857142,294.0,5.0,98.43105947508518,12,15,3.45656476039972,14,15,9.066666666666666,14,3,3.773557260255412,2,0.0,0.0,0.0,2.2809057217543827,0.125,0.31699249985569233,0.07692307692307693,0.06666666666666667,0.23564102564102563,1
23,163.3181818181818,274.0,11.0,74.56442386141748,13,23,3.480083693311944,23,23,9.304347826086957,19,2,4.523561952738814,2,0.0,0.0,0.0,2.104439691056753,0.08333333333333333,1.0434782594268701,0.07142857142857142,0.041666666666666664,0.2220238095238095,1
34,59.333333333333336,108.0,13.0,28.56323836434843,4,34,1.957042599125789,13,34,6.5588235294117645,15,2,3.47293775144598,7,0.0,0.0,0.0,1.4236491150228925,0.2,1.5158951523201911,0.2,0.07142857142857142,0.2528571428571429,0
18,129.76470588235293,212.0,15.0,59.780509721484925,14,18,3.7254805549780947,18,18,8.722222222222221,19,2,4.169924998845461,0,0.0,0.0,0.0,1.8185506244964926,0.0,0.4444444438673667,0.06666666666666667,0.05263157894736842,0.1880701754385965,1
13,53.083333333333336,112.0,1.0,33.28027026466115,4,13,1.9220231422744951,7,13,40.61538461538461,78,2,2.4996981421745277,4,0.0,1.0,0.0,1.2851417907187443,0.2857142857142857,0.5776749999000326,0.2,0.125,0.4817857142857143,0
11,114.9,268.0,4.0,90.46043333966514,9,11,3.095795253702508,11,11,7.7272727272727275,16,4,3.459431617050333,1,0.0,0.0,0.0,1.5724689168410606,0.08333333333333333,0.3636363633478248,0.1,0.08333333333333333,0.21500000000000002,1
4,165.66666666666666,246.0,111.0,58.02489887013065,4,4,1.9999999994229218,4,4,10.75,13,7,1.9999999994229218,0,0.0,0.0,0.0,1.5357142852711723,0.0,0.0,0.2,0.2,0.16000000000000003,1
16,185.53333333333333,284.0,21.0,77.54213191692773,11,16,3.374999998413035,16,16,8.4375,19,2,3.9999999976916882,0,0.0,0.0,0.0,1.687499999026181,0.0,0.624999999278653,0.08333333333333333,0.058823529411764705,0.1857843137254902,1
17,74.0,114.0,16.0,35.31465701376696,4,17,1.971335284729903,7,17,38.35294117647059,78,2,2.4980775456137545,3,0.0,1.0,0.0,1.2127673564707133,0.16666666666666666,0.5267422608838515,0.2,0.125,0.4341666666666667,0
5,165.0,211.0,142.0,27.97320146139873,4,5,1.9219280943102843,5,5,8.0,12,5,2.3219280941660148,0,0.0,0.0,0.0,1.428878827179086,0.0,0.3999999998557304,0.2,0.16666666666666666,0.16333333333333336,1
3,208.5,242.0,175.0,33.5,3,3,1.5849625002883474,3,3,7.0,11,5,1.5849625002883474,0,0.0,0.0,0.0,0.924561458501536,0.0,0.0,0.25,0.25,0.15000000000000002,1
33,62.1875,120.0,16.0,33.32082447584393,4,33,1.7871276242029406,10,33,30.666666666666668,53,2,2.938037299602821,8,0.0,1.0,0.0,1.6685150096509846,0.23529411764705882,1.1509096753998802,0.2,0.09090909090909091,0.4650267379679145,0
14,168.84615384615384,268.0,6.0,75.36867963433143,11,14,3.324862956030392,14,14,7.785714285714286,11,2,3.8073549200378314,2,0.0,0.0,0.0,2.470248132643593,0.13333333333333333,0.4824919640074392,0.08333333333333333,0.06666666666666667,0.23833333333333334,1
17,46.0,109.0,0.0,33.55778598179564,4,17,1.7130788420497156,6,17,27.529411764705884,36,3,2.3745560475162666,6,0.0,0.0,1.0,1.7667603024445355,0.3333333333333333,0.661477205466551,0.2,0.14285714285714285,0.49904761904761913,0
14,53.15384615384615,95.0,3.0,25.618040980306027,4,14,1.727396672997401,9,14,7.428571428571429,15,2,2.985228134735826,4,0.0,0.0,0.0,1.3859987768416335,0.26666666666666666,1.2578314617384247,0.2,0.1,0.2766666666666667,0
13,65.41666666666667,111.0,19.0,36.15812111023224,4,13,1.950063755859132,8,13,15.692307692307692,34,2,2.8150724089617873,1,0.0,0.0,0.0,1.2621423547872628,0.07142857142857142,0.8650086531026553,0.2,0.1111111111111111,0.19746031746031747,0
15,162.78571428571428,233.0,42.0,59.840476711513794,10,15,3.189898094021592,15,15,11.333333333333334,17,3,3.906890593444476,2,0.0,0.0,0.0,2.4598940773539293,0.125,0.7169924994228838,0.09090909090909091,0.0625,0.23465909090909093,1
17,56.75,106.0,8.0,25.8879798362097,4,17,1.9542473991150022,9,17,8.176470588235293,15,2,3.0130709278054195,6,0.0,0.0,0.0,1.53976786384174,0.3333333333333333,1.0588235286904173,0.2,0.1,0.30333333333333334,0
6,88.2,150.0,26.0,39.40253798932246,5,6,2.251629166666475,6,6,7.833333333333333,15,4,2.584962499855539,0,0.0,0.0,0.0,1.265554557220941,0.0,0.333333333189064,0.16666666666666666,0.14285714285714285,0.16904761904761906,1
18,146.23529411764707,279.0,4.0,74.7863855270972,12,18,3.3502090273686633,18,18,8.38888888888889,12,3,4.169924998845461,2,0.0,0.0,0.0,2.6908490377165157,0.10526315789473684,0.8197159714767981,0.07692307692307693,0.05263157894736842,0.22914979757085022,1
4,51.666666666666664,73.0,37.0,15.4344492037203,4,4,1.9999999994229218,4,4,9.5,12,8,1.9999999994229218,0,0.0,0.0,0.0,1.4615384611167506,0.0,0.0,0.2,0.2,0.16000000000000003,1
9,154.75,286.0,10.0,97.36753822501625,8,9,2.947702778065934,9,9,7.777777777777778,13,2,3.169925000143887,0,0.0,0.0,0.0,1.7610694445243815,0.0,0.22222222207795284,0.1111111111111111,0.1,0.1788888888888889,1
4,166.33333333333334,271.0,91.0,76.35589186318383,4,4,1.9999999994229218,4,4,10.75,13,8,1.9999999994229218,0,0.0,0.0,0.0,1.5357142852711723,0.0,0.0,0.2,0.2,0.16000000000000003,1
5,52.25,89.0,8.0,35.83556194620087,4,5,1.9219280943102843,4,5,43.2,53,34,1.9219280943102843,2,0.0,1.0,0.0,1.5375424754482276,0.3333333333333333,0.0,0.2,0.2,0.4933333333333334,0
5,106.75,197.0,39.0,64.42194889942402,4,5,1.9219280943102843,5,5,8.0,11,4,2.3219280941660148,0,0.0,0.0,0.0,1.547952062777343,0.0,0.3999999998557304,0.2,0.16666666666666666,0.16333333333333336,1
31,63.833333333333336,118.0,3.0,35.589402292755004,4,31,1.9616751494708193,8,31,44.83870967741935,78,2,2.5963387631101114,10,0.0,1.0,0.0,1.473626329409169,0.3125,0.634663613639292,0.2,0.1111111111111111,0.49388888888888893,0
32,66.90322580645162,120.0,1.0,32.57087045962079,4,32,1.7918370198886189,10,32,46.375,78,2,2.8241983452622947,14,0.0,1.0,0.0,1.6578759273612522,0.42424242424242425,1.0323613253736759,0.2,0.09090909090909091,0.5406060606060606,0
15,47.285714285714285,112.0,17.0,27.64424138283873,4,15,1.640223928364774,7,15,26.4,49,2,2.498929562681049,3,0.0,0.0,0.0,1.3194348090955939,0.1875,0.8587056343162749,0.2,0.125,0.24250000000000005,0
4,166.0,257.0,49.0,86.88306317497482,3,4,1.4999999995671913,4,4,8.0,12,6,1.9999999994229218,1,0.0,0.0,0.0,1.2307692304141058,0.2,0.4999999998557305,0.25,0.2,0.23500000000000004,1
7,157.0,298.0,58.0,89.71621926942753,7,7,2.8073549210477173,7,7,8.285714285714286,13,3,2.8073549210477173,0,0.0,0.0,0.0,1.6614957695996697,0.0,0.0,0.125,0.125,0.17500000000000002,1
23,64.18181818181819,120.0,1.0,35.57659644873344,4,23,1.8788262414229595,10,23,8.782608695652174,15,2,3.153571737034886,10,0.0,0.0,0.0,1.731036660002845,0.4166666666666667,1.2747454956119264,0.2,0.09090909090909091,0.33757575757575764,0
25,66.20833333333333,119.0,5.0,35.27035956563087,4,25,1.95740581084844,11,25,9.16,30,2,3.1076013099250925,14,1.0,0.0,1.0,0.9182460644810918,0.5384615384615384,1.1501954990766525,0.2,0.08333333333333333,0.7870512820512822,0
37,66.25,115.0,6.0,30.894421466953833,4,37,1.9504513969980588,12,37,6.054054054054054,15,2,3.365160635315892,7,0.0,0.0,0.0,1.2733040241735807,0.18421052631578946,1.414709238317833,0.2,0.07692307692307693,0.24599190283400812,0
9,174.625,280.0,97.0,57.212187294316934,7,9,2.725480555987981,9,9,7.777777777777778,14,3,3.169925000143887,0,0.0,0.0,0.0,1.6436648148894226,0.0,0.44444444415590567,0.125,0.1,0.17750000000000002,1
21,142.8,287.0,14.0,86.64617706511928,15,21,3.7849418252736,21,21,9.333333333333334,17,2,4.3923174197491,5,0.0,0.0,0.0,2.2774979213513853,0.22727272727272727,0.6073755944754997,0.0625,0.045454545454545456,0.2801136363636364,1
40,66.0,120.0,6.0,32.31495644831369,4,40,1.9177560507236595,8,40,26.85,49,2,2.6848295073491055,6,0.0,0.0,0.0,1.4417534454464698,0.14634146341463414,0.767073456625446,0.2,0.1111111111111111,0.22742547425474258,0
29,61.857142857142854,116.0,4.0,37.45827610795232,4,29,1.8933544962388702,9,29,41.689655172413794,78,2,2.9516288381345164,12,0.0,1.0,0.0,1.5576251703643083,0.4,1.0582743418956462,0.2,0.1,0.53,0
3,127.0,250.0,4.0,123.0,3,3,1.5849625002883474,3,3,12.333333333333334,15,10,1.5849625002883474,0,0.0,0.0,0.0,1.2217419273056012,0.0,0.0,0.25,0.25,0.15000000000000002,1
36,80.11428571428571,119.0,0.0,29.392682693459054,4,36,1.9494247159313047,14,36,6.5,15,2,3.589540194156398,7,0.0,0.0,0.0,1.4582507038760366,0.1891891891891892,1.6401154782250933,0.2,0.06666666666666667,0.24900900900900902,0
24,72.56521739130434,120.0,4.0,32.30940916520937,4,24,1.9329316463213881,9,24,11.625,30,2,3.0739348949856304,13,1.0,0.0,1.0,1.1527255856196115,0.52,1.1410032486642423,0.2,0.1,0.7780000000000001,0
10,165.77777777777777,291.0,15.0,71.84826260603782,8,10,2.9219280937332064,10,10,6.9,12,3,3.3219280934446678,1,0.0,0.0,0.0,1.7631772188283237,0.09090909090909091,0.3999999997114614,0.1111111111111111,0.09090909090909091,0.21616161616161617,1
5,65.25,80.0,58.0,8.699856320652657,3,5,1.5219280944545537,4,5,6.2,11,2,1.9219280943102843,3,1.0,0.0,0.0,0.9929961820603137,0.5,0.39999999985573065,0.25,0.2,0.555,0
3,122.5,235.0,10.0,112.5,3,3,1.5849625002883474,3,3,11.666666666666666,15,9,1.5849625002883474,0,0.0,0.0,0.0,1.1557018231269198,0.0,0.0,0.25,0.25,0.15000000000000002,1
20,134.1578947368421,274.0,1.0,81.74753378407445,13,20,3.4037016941818448,19,20,10.9,18,2,4.221928092146242,1,0.0,0.0,0.0,2.4220534844417916,0.047619047619047616,0.8182263979643971,0.07142857142857142,0.05,0.20690476190476192,1
37,67.5,119.0,13.0,31.894356867634123,4,37,1.8828651268939949,10,37,27.37837837837838,63,2,3.155664691698671,13,0.0,1.0,1.0,1.3499528431971088,0.34210526315789475,1.2727995648046762,0.2,0.09090909090909091,0.7077511961722488,0
3,121.5,134.0,109.0,12.5,3,3,1.5849625002883474,3,3,8.666666666666666,11,7,1.5849625002883474,0,0.0,0.0,0.0,1.1446951390971398,0.0,0.0,0.25,0.25,0.15000000000000002,1
35,45.05882352941177,118.0,1.0,31.00089294394275,4,35,1.9884425755325035,10,35,32.4,63,2,3.029741773920442,20,0.0,1.0,1.0,1.5338067730472236,0.5555555555555556,1.0412991983879385,0.2,0.09090909090909091,0.7931313131313132,0
21,53.2,111.0,0.0,36.64096068609555,4,21,1.8735625179359159,10,21,6.904761904761905,15,2,3.041625612926528,6,0.0,0.0,0.0,1.3126062912926981,0.2727272727272727,1.1680630949906121,0.2,0.09090909090909091,0.28,0
39,65.52631578947368,118.0,6.0,34.40145104199841,4,39,1.9836546292977777,9,39,27.923076923076923,53,2,2.966879540959458,7,0.0,1.0,0.0,1.5341556600687798,0.175,0.9832249116616805,0.2,0.1,0.44000000000000006,0
12,151.27272727272728,287.0,31.0,81.70133069917851,7,12,2.6258145826840247,12,12,8.666666666666666,19,3,3.5849624989899223,0,0.0,0.0,0.0,1.5534837495622995,0.0,0.9591479163058976,0.125,0.07692307692307693,0.17980769230769234,1
8,39.714285714285715,110.0,4.0,34.53244555368715,4,8,1.9056390616524883,6,8,39.25,63,3,2.4999999991343826,4,0.0,1.0,1.0,1.533203124469133,0.4444444444444444,0.5943609374818943,0.2,0.14285714285714285,0.7434920634920635,0
32,54.83870967741935,119.0,1.0,39.62330429805618,4,32,1.928728907626237,9,32,25.1875,36,2,2.769247561662382,14,0.0,0.0,1.0,1.885146566469493,0.42424242424242425,0.8405186540361449,0.2,0.1,0.5396969696969698,0
23,133.45454545454547,280.0,2.0,71.88104268526342,15,23,3.7950885842336888,23,23,8.173913043478262,17,2,4.523561952738814,0,0.0,0.0,0.0,2.054177891581877,0.0,0.7284733685051252,0.0625,0.041666666666666664,0.18958333333333333,1
31,60.46666666666667,117.0,3.0,34.32660128174002,4,31,1.9241266520066633,8,31,29.161290322580644,49,2,2.6145406636526927,4,0.0,0.0,0.0,1.5248675870593769,0.125,0.6904140116460293,0.2,0.1111111111111111,0.2188888888888889,0
3,235.5,294.0,177.0,58.5,3,3,1.5849625002883474,3,3,12.666666666666666,14,11,1.5849625002883474,1,0.0,0.0,0.0,1.3384127780212711,0.25,0.0,0.25,0.25,0.25,1
19,135.88888888888889,294.0,1.0,101.30859834567562,15,19,3.8268748797005956,19,19,7.315789473684211,12,3,4.247927510702465,4,0.0,0.0,0.0,2.390534105213128,0.2,0.4210526310018694,0.0625,0.05,0.26875000000000004,1
15,59.07142857142857,98.0,9.0,30.613872405716158,4,15,1.8294732977827626,9,15,6.8,15,2,2.955913093877399,3,0.0,0.0,0.0,1.2562630648978945,0.1875,1.1264397960946364,0.2,0.1,0.24500000000000005,0
5,44.0,67.0,13.0,21.874642854227357,3,5,1.5219280944545537,3,5,37.2,39,34,1.5219280944545537,0,0.0,1.0,0.0,1.415393127842735,0.0,0.0,0.25,0.25,0.35000000000000003,0
37,58.19444444444444,119.0,8.0,34.801675761412255,4,37,1.973515946429744,10,37,34.91891891891892,78,2,3.0843401078865065,12,0.0,1.0,0.0,1.3633142043754247,0.3157894736842105,1.1108241614567624,0.2,0.09090909090909091,0.4972248803827751,0
15,63.357142857142854,119.0,0.0,38.139981164983624,4,15,1.9898980948872094,9,15,27.6,53,2,3.0062389273549637,2,0.0,1.0,0.0,1.5365221184258706,0.125,1.0163408324677543,0.2,0.1,0.42000000000000004,0
6,203.8,260.0,113.0,48.66785386679795,6,6,2.584962499855539,6,6,6.833333333333333,10,2,2.584962499855539,0,0.0,0.0,0.0,1.605810037789047,0.0,0.0,0.14285714285714285,0.14285714285714285,0.17142857142857146,1
14,146.6153846153846,272.0,34.0,82.23469084697909,10,14,3.1820058133175184,14,14,8.714285714285714,16,2,3.8073549200378314,1,0.0,0.0,0.0,1.9516693287588882,0.06666666666666667,0.625349106720313,0.09090909090909091,0.06666666666666667,0.21090909090909093,1
7,124.33333333333333,239.0,33.0,63.88966183107318,6,7,2.5216406354777012,7,7,8.571428571428571,13,4,2.8073549210477173,0,0.0,0.0,0.0,1.7187887271720719,0.0,0.2857142855700161,0.14285714285714285,0.125,0.17321428571428574,1
26,55.12,114.0,8.0,31.18758727442699,4,26,1.9957274515078476,7,26,26.923076923076923,49,3,2.54758708439901,3,0.0,0.0,0.0,1.3717776608302361,0.1111111111111111,0.5518596328911625,0.2,0.125,0.2119444444444445,0
23,57.04545454545455,119.0,4.0,35.55083079546713,4,23,1.9531525868380326,6,23,27.08695652173913,49,2,2.374608826268762,6,0.0,0.0,0.0,1.286418520665599,0.25,0.4214562394307295,0.2,0.14285714285714285,0.26571428571428574,0
34,62.484848484848484,114.0,0.0,35.24298444016583,4,34,1.9874601813715653,10,34,22.676470588235293,49,2,2.81613543349594,13,0.0,0.0,0.0,1.2772002466031587,0.37142857142857144,0.8286752521243748,0.2,0.09090909090909091,0.3194805194805195,0
20,72.05263157894737,120.0,15.0,35.827765892729985,4,20,1.8954618436612438,7,20,8.9,30,3,2.4211274723273,16,1.0,0.0,1.0,0.6950978872165475,0.7619047619047619,0.5256656286660564,0.2,0.125,0.8722619047619048,0
34,48.93939393939394,118.0,1.0,38.314440187811925,4,34,1.9874601813715653,11,34,7.147058823529412,15,2,3.179499151331703,7,0.0,0.0,0.0,1.4202542164955954,0.2,1.1920389699601377,0.2,0.08333333333333333,0.2516666666666667,0
14,150.07692307692307,297.0,16.0,88.8572420653242,11,14,3.378783491899211,14,14,8.857142857142858,17,2,3.8073549200378314,0,0.0,0.0,0.0,1.873460357478933,0.0,0.42857142813862037,0.08333333333333333,0.06666666666666667,0.185,1
7,96.5,112.0,63.0,16.849826903166296,4,7,1.8423709926000305,5,7,9.571428571428571,30,2,2.235926349907685,5,1.0,0.0,1.0,0.6903551402940779,0.625,0.3935553573076547,0.2,0.16666666666666666,0.8133333333333334,0
20,150.57894736842104,281.0,13.0,75.26326831055574,13,20,3.546439342795512,20,20,7.75,13,2,4.321928092001972,1,0.0,0.0,0.0,2.3924959080725205,0.047619047619047616,0.7754887492064602,0.07142857142857142,0.047619047619047616,0.20714285714285713,1
19,169.83333333333334,271.0,8.0,76.14113357589459,13,19,3.616348564199661,19,19,9.473684210526315,19,3,4.247927510702465,2,0.0,0.0,0.0,2.012176189280115,0.1,0.6315789465028039,0.07142857142857142,0.05,0.22785714285714287,1
5,51.25,95.0,24.0,26.57418860473448,3,5,1.5219280944545537,5,5,7.2,15,2,2.3219280941660148,2,0.0,0.0,0.0,1.0448676423747068,0.3333333333333333,0.7999999997114611,0.25,0.16666666666666666,0.2916666666666667,0
20,147.52631578947367,293.0,3.0,96.20721519120924,13,20,3.5219280930118586,20,20,8.05,15,2,4.321928092001972,3,0.0,0.0,0.0,2.1744700712884923,0.14285714285714285,0.7999999989901134,0.07142857142857142,0.047619047619047616,0.24523809523809523,1
16,68.8,116.0,12.0,38.61467769298785,4,16,1.9772170008854044,6,16,49.625,78,2,2.3522170005968652,7,0.0,1.0,0.0,1.477579350058474,0.4117647058823529,0.3749999997114608,0.2,0.14285714285714285,0.5304201680672269,0
26,62.32,117.0,1.0,37.083387116065865,4,26,1.9258641218941055,9,26,7.423076923076923,30,2,2.713949697929414,18,1.0,0.0,1.0,0.6498663668739169,0.6666666666666666,0.7880855760353087,0.2,0.1,0.8366666666666668,0
5,72.5,118.0,49.0,26.874709300753377,4,5,1.9219280943102843,4,5,19.0,34,3,1.9219280943102843,1,0.0,0.0,0.0,1.0433323940541543,0.16666666666666666,0.0,0.2,0.2,0.22666666666666668,0
18,53.8235294117647,113.0,7.0,35.64239922953238,4,18,1.675822056999618,13,18,7.444444444444445,15,2,3.572431249446616,5,0.0,0.0,0.0,1.6621728730064118,0.2631578947368421,1.896609192446998,0.2,0.07142857142857142,0.2781203007518797,0
12,71.63636363636364,115.0,6.0,33.65404940452655,4,12,1.6258145831168334,8,12,23.916666666666668,49,2,2.8553885410533777,3,0.0,0.0,0.0,1.3658275188038658,0.23076923076923078,1.2295739579365443,0.2,0.1111111111111111,0.26119658119658123,0
5,160.5,300.0,48.0,90.51104904927354,5,5,2.3219280941660148,4,5,4.8,9,3,1.9219280943102843,1,0.0,0.0,0.0,0.9225254852689364,0.16666666666666666,0.3999999998557304,0.16666666666666666,0.2,0.23000000000000004,1
21,135.2,282.0,4.0,84.37274441429531,15,21,3.7849418252736,21,21,8.333333333333334,19,3,4.3923174197491,0,0.0,0.0,0.0,1.8301322582287916,0.0,0.6073755944754997,0.0625,0.045454545454545456,0.18920454545454546,1
9,192.375,273.0,110.0,53.930365982440726,7,9,2.725480555987981,9,9,9.0,12,5,3.169925000143887,0,0.0,0.0,0.0,2.1945634616380754,0.0,0.44444444415590567,0.125,0.1,0.17750000000000002,1
15,173.64285714285714,299.0,6.0,83.85583474277841,12,15,3.5068905938772845,15,15,9.466666666666667,15,3,3.906890593444476,2,0.0,0.0,0.0,2.3115769344546484,0.125,0.39999999956719146,0.07692307692307693,0.0625,0.2360576923076923,1
12,129.1818181818182,290.0,6.0,90.11993844752183,10,12,3.2516291659451277,12,12,8.5,14,3,3.5849624989899223,0,0.0,0.0,0.0,2.0314787494276225,0.0,0.3333333330447945,0.09090909090909091,0.07692307692307693,0.18321678321678322,1
6,52.6,120.0,20.0,34.788503848254244,4,6,1.9182958334774112,3,6,47.666666666666664,63,44,1.459147916594436,3,0.0,1.0,1.0,1.0867612087135643,0.42857142857142855,0.45914791688297507,0.2,0.25,0.7264285714285714,0
9,177.75,293.0,49.0,78.70792526804401,7,9,2.725480555987981,9,9,9.777777777777779,16,4,3.169925000143887,0,0.0,0.0,0.0,1.8232248366840658,0.0,0.44444444415590567,0.125,0.1,0.17750000000000002,1
21,169.25,299.0,18.0,92.20134218112011,11,21,3.344698373572748,20,21,6.904761904761905,16,2,4.297079324655274,0,0.0,0.0,0.0,1.7453123307423384,0.0,0.9523809510825263,0.08333333333333333,0.047619047619047616,0.1869047619047619,1
25,167.375,294.0,16.0,76.66855749479922,14,25,3.6234651875818744,25,25,9.52,19,2,4.643856186167987,2,0.0,0.0,0.0,2.210475544615962,0.07692307692307693,1.0203909985861128,0.06666666666666667,0.038461538461538464,0.22025641025641027,1
6,74.6,185.0,16.0,66.46382474700053,5,6,2.251629166666475,6,6,7.0,16,2,2.584962499855539,0,0.0,0.0,0.0,1.0643963234699279,0.0,0.333333333189064,0.16666666666666666,0.14285714285714285,0.16904761904761906,1
34,65.84848484848484,120.0,6.0,30.6812757153691,4,34,1.8597707581275642,12,34,5.529411764705882,15,2,3.2310094430848775,2,0.0,0.0,0.0,1.1165988516543326,0.05714285714285714,1.3712386849573133,0.2,0.07692307692307693,0.19516483516483518,0
22,147.85714285714286,300.0,8.0,89.29847527855574,17,22,3.9705730933591035,22,22,8.863636363636363,19,3,4.459431615463368,0,0.0,0.0,0.0,1.976339011398538,0.0,0.4888585221042643,0.05555555555555555,0.043478260869565216,0.19009661835748792,1
6,96.8,292.0,13.0,100.48164011400291,5,6,2.251629166666475,6,6,8.833333333333334,13,4,2.584962499855539,0,0.0,0.0,0.0,1.6309882439564714,0.0,0.333333333189064,0.16666666666666666,0.14285714285714285,0.16904761904761906,1
15,56.214285714285715,119.0,6.0,34.18056793691112,4,15,1.9655962297805238,7,15,22.733333333333334,47,2,2.6892464274992713,4,0.0,1.0,0.0,1.2736569885795161,0.25,0.7236501977187475,0.2,0.125,0.4675000000000001,0
12,165.1818181818182,269.0,41.0,71.70243837849232,9,12,3.0849624994227307,12,12,10.583333333333334,18,6,3.5849624989899223,2,0.0,0.0,0.0,1.9968870060163166,0.15384615384615385,0.49999999956719154,0.1,0.07692307692307693,0.24384615384615388,1
25,144.45833333333334,293.0,2.0,85.62368206609405,14,25,3.6732696874953357,25,25,9.16,16,2,4.643856186167987,3,0.0,0.0,0.0,2.502218980311692,0.11538461538461539,0.9705864986726516,0.06666666666666667,0.038461538461538464,0.23564102564102563,1
24,118.82608695652173,243.0,5.0,73.21300203718454,12,24,3.4591479152960107,24,24,7.291666666666667,13,2,4.584962497258688,0,0.0,0.0,0.0,2.388001300655567,0.0,1.1258145819626777,0.07692307692307693,0.04,0.18830769230769231,1
21,146.9,294.0,4.0,84.08442186279215,12,21,3.368042420841481,19,21,7.666666666666667,18,2,4.201841229561449,2,0.0,0.0,0.0,1.6954797943844444,0.09090909090909091,0.8337988087199677,0.07692307692307693,0.05,0.2236713286713287,1
23,57.0,119.0,4.0,36.404295450849304,4,23,1.9726474136078869,8,23,46.391304347826086,78,2,2.6098222839896605,9,0.0,1.0,0.0,1.5325703781051008,0.375,0.6371748703817737,0.2,0.1111111111111111,0.518888888888889,0
11,153.8,284.0,51.0,72.72798636013512,10,11,3.277613435376421,10,11,6.090909090909091,13,2,3.277613435376421,2,0.0,0.0,0.0,1.4259746764300012,0.16666666666666666,0.0,0.09090909090909091,0.09090909090909091,0.2484848484848485,1
10,45.22222222222222,96.0,5.0,32.42350922736902,4,10,1.9709505938775906,7,10,18.5,53,2,2.6464393436611293,1,0.0,1.0,0.0,0.9066505158839054,0.09090909090909091,0.6754887497835387,0.2,0.125,0.4038636363636364,0
19,169.72222222222223,249.0,55.0,65.44956120348245,12,19,3.32636040622146,18,19,8.578947368421053,18,3,4.142664352951997,0,0.0,0.0,0.0,1.8705104973162758,0.0,0.8163039467305375,0.07692307692307693,0.05263157894736842,0.1870445344129555,1
20,142.31578947368422,297.0,21.0,84.44746272812961,13,20,3.4219280930118585,19,20,8.9,16,2,4.221928092146242,0,0.0,0.0,0.0,2.210303530594209,0.0,0.7999999991343834,0.07142857142857142,0.05,0.18785714285714286,1
8,66.28571428571429,100.0,10.0,29.95574967807533,3,8,1.0612781240263243,4,8,29.875,36,3,1.8112781238820546,6,0.0,0.0,1.0,1.46248470137774,0.6666666666666666,0.7499999998557303,0.25,0.2,0.6216666666666668,0
23,61.27272727272727,119.0,6.0,38.288595285353836,4,23,1.9531525868380326,9,23,5.130434782608695,11,2,3.033794019693787,1,0.0,0.0,0.0,1.297056863492271,0.041666666666666664,1.0806414328557543,0.2,0.1,0.1866666666666667,0
39,62.5,115.0,0.0,37.13967236201599,4,39,1.9693766468824054,10,39,32.97435897435897,78,2,2.979554761369874,16,0.0,1.0,0.0,1.243657066900895,0.4,1.0101781144874686,0.2,0.09090909090909091,0.530909090909091,0
6,115.4,224.0,18.0,83.40407663897491,5,6,2.251629166666475,6,6,9.0,12,4,2.584962499855539,1,0.0,0.0,0.0,1.7895894229769116,0.14285714285714285,0.333333333189064,0.16666666666666666,0.14285714285714285,0.22619047619047622,1
13,67.0,117.0,3.0,32.43454948045371,4,13,1.826245257825531,4,13,31.53846153846154,49,24,1.833927217064752,3,0.0,0.0,0.0,1.1567848599946897,0.21428571428571427,0.007681959239220992,0.2,0.2,0.24571428571428575,0
22,142.57142857142858,300.0,1.0,84.09494148683065,12,22,3.390805480345748,22,22,6.363636363636363,13,2,4.459431615463368,1,0.0,0.0,0.0,2.027014370665167,0.043478260869565216,1.0686261351176198,0.07692307692307693,0.043478260869565216,0.2053511705685619,1
30,66.34482758620689,115.0,6.0,33.08117066484317,4,30,1.6648530974034392,7,30,28.366666666666667,49,2,2.404935593733245,9,0.0,0.0,0.0,1.364400126844661,0.2903225806451613,0.7400824963298056,0.2,0.125,0.2836290322580646,0
13,48.916666666666664,103.0,4.0,34.17469417891289,4,13,1.950063755859132,6,13,35.53846153846154,53,2,2.2877837190754535,3,0.0,1.0,0.0,1.5056354390496574,0.21428571428571427,0.3377199632163215,0.2,0.14285714285714285,0.45142857142857146,0
17,51.125,115.0,5.0,39.084643723590474,4,17,1.851226815320114,7,17,36.35294117647059,53,2,2.322756957887512,8,0.0,1.0,0.0,1.5636860566170832,0.4444444444444444,0.4715301425673981,0.2,0.125,0.5452777777777778,0
16,162.13333333333333,298.0,31.0,84.28196063742756,12,16,3.499999998268766,16,16,9.5625,13,2,3.9999999976916882,0,0.0,0.0,0.0,2.732142855566198,0.0,0.49999999942292206,0.07692307692307693,0.058823529411764705,0.18642533936651584,1
8,59.42857142857143,109.0,5.0,30.231757866082965,3,8,1.4056390617967578,7,8,6.875,15,2,2.749999998990113,2,0.0,0.0,0.0,1.1816406245660642,0.2222222222222222,1.3443609371933554,0.25,0.125,0.25138888888888894,0
12,161.72727272727272,272.0,31.0,76.79262619559594,8,12,2.8553885410533777,12,12,9.5,19,6,3.5849624989899223,1,0.0,0.0,0.0,1.702857187020213,0.07692307692307693,0.7295739579365446,0.1111111111111111,0.07692307692307693,0.211965811965812,1
14,53.53846153846154,99.0,8.0,30.88095102315786,3,14,1.5306189944157085,7,14,31.785714285714285,53,3,2.6105772423217557,2,0.0,1.0,0.0,1.5366493026893933,0.13333333333333333,1.0799582479060472,0.25,0.125,0.4158333333333334,0
12,194.45454545454547,299.0,2.0,101.1078305000644,10,12,3.2516291659451277,12,12,7.916666666666667,13,3,3.5849624989899223,0,0.0,0.0,0.0,2.027210936928825,0.0,0.3333333330447945,0.09090909090909091,0.07692307692307693,0.18321678321678322,1
5,156.25,229.0,62.0,60.05154036325796,4,5,1.9219280943102843,5,5,6.6,12,3,2.3219280941660148,0,0.0,0.0,0.0,1.1788250324227458,0.0,0.3999999998557304,0.2,0.16666666666666666,0.16333333333333336,1
4,155.66666666666666,211.0,122.0,39.43207943906698,4,4,1.9999999994229218,4,4,5.0,8,2,1.9999999994229218,0,0.0,0.0,0.0,1.1111111107905123,0.0,0.0,0.2,0.2,0.16000000000000003,1
7,117.0,220.0,83.0,48.86034520276472,6,7,2.5216406354777012,7,7,10.0,12,6,2.8073549210477173,0,0.0,0.0,0.0,2.1595037854213213,0.0,0.2857142855700161,0.14285714285714285,0.125,0.17321428571428574,1
10,75.55555555555556,111.0,35.0,25.26354910894839,4,10,1.9219280943102843,7,10,8.5,21,2,2.7219280938774757,7,1.0,0.0,0.0,1.0516540362708429,0.6363636363636364,0.7999999995671914,0.2,0.125,0.6220454545454547,0
19,140.77777777777777,299.0,5.0,93.91222589652268,12,19,3.471354485282695,19,19,8.052631578947368,16,3,4.247927510702465,0,0.0,0.0,0.0,2.012176189280115,0.0,0.7765730254197698,0.07692307692307693,0.05,0.18730769230769231,1
19,152.83333333333334,299.0,11.0,78.12827770902017,13,19,3.536886721866664,19,19,9.210526315789474,19,3,4.247927510702465,7,0.0,0.0,0.0,1.9562824062445565,0.35,0.7110407888358008,0.07142857142857142,0.05,0.32785714285714285,1
34,58.93939393939394,112.0,2.0,36.34676376235341,4,34,1.9774178169510936,11,34,25.470588235294116,49,2,3.001118811147272,9,0.0,0.0,0.0,1.5288052296785515,0.2571428571428571,1.0237009941961783,0.2,0.08333333333333333,0.27452380952380956,0
16,132.2,284.0,8.0,75.87639070663988,11,16,3.327819529527819,16,16,9.8125,19,4,3.9999999976916882,0,0.0,0.0,0.0,1.9624999988674845,0.0,0.6721804681638694,0.08333333333333333,0.058823529411764705,0.1857843137254902,1
7,193.0,266.0,53.0,76.47221717722064,7,7,2.8073549210477173,7,7,9.714285714285714,12,4,2.8073549210477173,0,0.0,0.0,0.0,2.097803677266426,0.0,0.0,0.125,0.125,0.17500000000000002,1
6,126.4,229.0,45.0,60.60231018698875,5,6,2.251629166666475,6,6,9.166666666666666,13,3,2.584962499855539,1,0.0,0.0,0.0,1.6925349701435077,0.14285714285714285,0.333333333189064,0.16666666666666666,0.14285714285714285,0.22619047619047622,1
6,139.4,200.0,26.0,65.64023156570975,5,6,2.251629166666475,6,6,5.333333333333333,13,2,2.584962499855539,0,0.0,0.0,0.0,0.9847476189925863,0.0,0.333333333189064,0.16666666666666666,0.14285714285714285,0.16904761904761906,1
40,60.0,115.0,6.0,33.63377423410535,4,40,1.9023238842724888,11,40,8.325,30,2,2.924924247134109,31,1.0,0.0,1.0,0.7854836889481114,0.7560975609756098,1.0226003628616203,0.2,0.08333333333333333,0.8741056910569106,0
16,155.86666666666667,280.0,29.0,64.53305785065169,12,16,3.4528195293835493,16,16,9.5625,17,2,3.9999999976916882,1,0.0,0.0,0.0,2.1249999987737094,0.058823529411764705,0.5471804683081389,0.07692307692307693,0.058823529411764705,0.20995475113122172,1
19,189.88888888888889,300.0,52.0,78.98093221987816,12,19,3.4058222485544567,19,19,11.052631578947368,19,4,4.247927510702465,2,0.0,0.0,0.0,2.3475388874934673,0.1,0.8421052621480083,0.07692307692307693,0.05,0.22730769230769232,1
16,166.8,293.0,44.0,74.26636744404114,9,16,3.030639060931141,15,16,6.9375,13,2,3.8749999978359577,0,0.0,0.0,0.0,1.9202008917847826,0.0,0.8443609369048168,0.1,0.0625,0.18375000000000002,1
29,63.714285714285715,120.0,6.0,36.25096761551648,4,29,1.9686551344877061,10,29,37.827586206896555,63,2,2.924951462272121,14,0.0,1.0,1.0,1.7288102123451061,0.4666666666666667,0.956296327784415,0.2,0.09090909090909091,0.7575757575757577,0
31,61.6,113.0,6.0,32.0235330134991,4,31,1.9597149735739765,7,31,36.03225806451613,53,2,2.4113278763669745,8,0.0,1.0,0.0,1.60899237628549,0.25,0.45161290279299804,0.2,0.125,0.4675000000000001,0
30,56.275862068965516,112.0,2.0,33.130771769609304,4,30,1.957543732440985,9,30,22.133333333333333,36,2,2.7344518181842923,6,0.0,0.0,1.0,1.6357441506976307,0.1935483870967742,0.7769080857433073,0.2,0.1,0.44741935483870976,0
13,152.91666666666666,297.0,1.0,99.22655754495479,10,13,3.2389012551599357,13,13,7.461538461538462,13,3,3.7004397162655884,1,0.0,0.0,0.0,1.9722123762514399,0.07142857142857142,0.4615384611056528,0.09090909090909091,0.07142857142857142,0.21233766233766233,1
4,75.33333333333333,104.0,33.0,30.554141381415967,4,4,1.9999999994229218,4,4,6.5,10,4,1.9999999994229218,0,0.0,0.0,0.0,1.181818181477181,0.0,0.0,0.2,0.2,0.16000000000000003,1
20,152.42105263157896,292.0,26.0,81.75658080029474,12,20,3.408694967831608,20,20,9.45,15,2,4.321928092001972,3,0.0,0.0,0.0,2.5526387793386647,0.14285714285714285,0.9132331241703642,0.07692307692307693,0.047619047619047616,0.24468864468864468,1
10,132.66666666666666,264.0,3.0,85.92761811871405,5,10,2.246439343949668,10,10,7.2,12,3,3.3219280934446678,1,0.0,0.0,0.0,1.839837097907816,0.09090909090909091,1.0754887494949998,0.16666666666666666,0.09090909090909091,0.21060606060606063,1
25,145.66666666666666,300.0,16.0,79.96335966484205,15,25,3.6536606875241437,25,25,8.28,19,2,4.643856186167987,2,0.0,0.0,0.0,1.9225564610735466,0.07692307692307693,0.9901954986438435,0.0625,0.038461538461538464,0.22067307692307692,1
14,55.69230769230769,119.0,3.0,42.53574897457905,4,14,1.9852281354571732,7,14,7.0,15,2,2.3598790277269743,1,0.0,0.0,0.0,1.0324470746305512,0.06666666666666667,0.3746508922698011,0.2,0.125,0.1941666666666667,0
7,199.0,290.0,8.0,95.50392662084633,5,7,2.235926349907685,7,7,8.571428571428571,19,3,2.8073549210477173,0,0.0,0.0,0.0,1.2031521090204502,0.0,0.5714285711400322,0.16666666666666666,0.125,0.17083333333333334,1
24,63.21739130434783,117.0,6.0,31.07208522373786,4,24,1.7586169200696085,7,24,41.25,63,3,2.5324156276762677,13,0.0,1.0,1.0,1.6322210100257195,0.52,0.7737987076066593,0.2,0.125,0.7755000000000002,0
5,58.75,116.0,1.0,41.8471922594575,3,5,1.5219280944545537,2,5,30.0,37,2,0.7219280945988233,0,0.0,1.0,0.0,0.5699432325780185,0.0,0.7999999998557303,0.25,0.3333333333333333,0.3416666666666667,0
31,55.3,114.0,10.0,31.183489221060558,4,31,1.9319193913675075,9,31,24.806451612903224,49,2,2.7633528587370417,2,0.0,0.0,0.0,1.3709795795927644,0.0625,0.8314334673695343,0.2,0.1,0.195,0
8,172.42857142857142,258.0,37.0,64.75637231270788,7,8,2.749999998990113,8,8,8.5,16,4,2.9999999988458437,0,0.0,0.0,0.0,1.4999999994229218,0.0,0.24999999985573051,0.125,0.1111111111111111,0.1763888888888889,1
15,151.42857142857142,299.0,21.0,95.55979002377389,10,15,3.1395722605440275,14,15,8.133333333333333,16,3,3.773557260255412,0,0.0,0.0,0.0,1.8053881794163147,0.0,0.6339849997113847,0.09090909090909091,0.06666666666666667,0.18424242424242426,1
23,159.95454545454547,260.0,31.0,74.57545128180115,15,23,3.762267388487451,22,23,8.608695652173912,16,2,4.436605431143953,3,0.0,0.0,0.0,2.2466697579705945,0.125,0.6743380426565015,0.0625,0.043478260869565216,0.23940217391304347,1
5,91.0,117.0,68.0,18.641351882307248,3,5,1.5219280944545537,3,5,7.8,11,3,1.5219280944545537,4,1.0,0.0,0.0,0.9892532613954599,0.6666666666666666,0.0,0.25,0.25,0.6166666666666667,0
7,107.0,224.0,25.0,72.0462814215048,6,7,2.5216406354777012,7,7,7.285714285714286,14,4,2.8073549210477173,0,0.0,0.0,0.0,1.3635723902231769,0.0,0.2857142855700161,0.14285714285714285,0.125,0.17321428571428574,1
15,147.21428571428572,277.0,16.0,75.54769408547592,9,15,3.106890594310093,14,15,9.066666666666666,17,4,3.773557260255412,1,0.0,0.0,0.0,1.9007547681286519,0.0625,0.6666666659453191,0.1,0.06666666666666667,0.20833333333333337,1
25,57.541666666666664,110.0,0.0,35.09864570828275,4,25,1.8171245691817093,11,25,7.8,30,2,3.1630741878416053,13,1.0,0.0,1.0,0.7958702795214361,0.5,1.345949618659896,0.2,0.08333333333333333,0.7716666666666668,0
22,150.0,300.0,5.0,96.54754565201837,15,22,3.788754911829461,22,22,7.454545454545454,14,2,4.459431615463368,1,0.0,0.0,0.0,2.2162023785939162,0.043478260869565216,0.670676703633907,0.0625,0.043478260869565216,0.20679347826086958,1
17,181.375,280.0,36.0,76.7348315629871,10,17,3.175123133670766,17,17,7.588235294117647,14,2,4.087462838797758,2,0.0,0.0,0.0,2.0677753184506305,0.1111111111111111,0.9123397051269917,0.09090909090909091,0.05555555555555555,0.2297979797979798,1
9,75.5,115.0,0.0,41.961291686505554,4,9,1.836591667531901,4,9,28.0,36,2,1.4466166670511302,1,0.0,0.0,0.0,1.0947369372278823,0.1,0.3899750004807707,0.2,0.2,0.20000000000000004,0
27,57.76923076923077,115.0,1.0,34.93214047077308,4,27,1.9153211867568187,9,27,42.629629629629626,78,2,2.8154605387687366,11,0.0,1.0,0.0,1.5192663291715027,0.39285714285714285,0.9001393520119179,0.2,0.1,0.5271428571428571,0
14,65.23076923076923,118.0,2.0,33.078354172976915,4,14,1.7783283531543332,6,14,41.42857142857143,63,3,2.263809173017929,8,0.0,1.0,1.0,1.4654121878910702,0.5333333333333333,0.4854808198635958,0.2,0.14285714285714285,0.7790476190476191,0
9,74.125,106.0,20.0,27.181967827955354,4,9,1.6577427259278108,6,9,30.22222222222222,63,2,2.5032583339100283,4,0.0,1.0,1.0,1.1820942132352912,0.4,0.8455156079822175,0.2,0.14285714285714285,0.7257142857142859,0
10,62.111111111111114,119.0,12.0,37.33167985756406,4,10,1.9709505938775906,7,10,12.9,30,2,2.6464393436611293,4,1.0,0.0,1.0,1.1012602430073732,0.36363636363636365,0.6754887497835387,0.2,0.125,0.7129545454545455,0
13,67.83333333333333,116.0,3.0,40.19086408072804,4,13,1.950063755859132,10,13,5.846153846153846,15,2,3.2389012551599357,2,0.0,0.0,0.0,1.183444689385361,0.14285714285714285,1.2888374993008036,0.2,0.09090909090909091,0.22805194805194806,0
30,62.0,112.0,2.0,34.436348078237295,4,30,1.944623213677501,11,30,8.8,30,2,3.2825887289148685,16,1.0,0.0,1.0,0.9318316391758337,0.5161290322580645,1.3379655152373675,0.2,0.08333333333333333,0.7781182795698925,0
40,53.30769230769231,120.0,0.0,36.40594051704978,4,40,1.9293658868914136,10,40,38.15,63,2,2.7547519210931517,26,0.0,1.0,1.0,1.6420904029641208,0.6341463414634146,0.8253860342017381,0.2,0.09090909090909091,0.8245676274944568,0
15,58.07142857142857,120.0,0.0,41.936115164641095,4,15,1.9219280943102843,6,15,44.53333333333333,63,3,2.282588729636216,8,0.0,1.0,1.0,1.5883013243718669,0.5,0.3606606353259316,0.2,0.14285714285714285,0.7657142857142859,0
23,138.45454545454547,284.0,29.0,74.66027742242449,13,23,3.621175541043967,23,23,7.826086956521739,14,2,4.523561952738814,3,0.0,0.0,0.0,2.360119279689816,0.125,0.902386411694847,0.07142857142857142,0.041666666666666664,0.23869047619047618,1
33,52.46875,112.0,3.0,33.94939651065244,4,33,1.965611653433575,11,33,8.151515151515152,15,2,3.2986474367279492,12,0.0,0.0,0.0,1.6805609099996561,0.35294117647058826,1.3330357832943742,0.2,0.08333333333333333,0.312843137254902,0
19,63.77777777777778,120.0,9.0,37.442631014445965,4,19,1.7142977503708432,7,19,5.842105263157895,11,2,2.353190670328436,2,0.0,0.0,0.0,1.1456323000283175,0.1,0.6388929199575928,0.2,0.125,0.20750000000000002,0
6,174.6,286.0,71.0,86.78617401406747,5,6,2.251629166666475,6,6,8.166666666666666,11,4,2.584962499855539,0,0.0,0.0,0.0,1.759210590179464,0.0,0.333333333189064,0.16666666666666666,0.14285714285714285,0.16904761904761906,1
15,57.07142857142857,114.0,11.0,31.31969778570277,4,15,1.7967916314045587,8,15,18.6,36,2,2.9232314276434646,4,0.0,0.0,1.0,1.46951633930185,0.25,1.1264397962389059,0.2,0.1111111111111111,0.46888888888888897,0
13,171.5,293.0,34.0,89.27065587302471,10,13,3.1808329857627458,13,13,7.769230769230769,15,3,3.7004397162655884,0,0.0,0.0,0.0,1.7968481314558866,0.0,0.5196067305028427,0.09090909090909091,0.07142857142857142,0.18376623376623377,1
20,132.73684210526315,272.0,13.0,81.26295336761827,13,20,3.4219280930118585,20,20,9.25,13,2,4.321928092001972,2,0.0,0.0,0.0,2.8555596322155887,0.09523809523809523,0.8999999989901135,0.07142857142857142,0.047619047619047616,0.2261904761904762,1
10,198.0,272.0,10.0,88.05175245905734,7,10,2.6464393436611293,9,10,6.9,13,2,3.121928093588937,0,0.0,0.0,0.0,1.5386645604116904,0.0,0.47548874992780776,0.125,0.1,0.17750000000000002,1
30,58.55172413793103,113.0,3.0,34.40688203703014,4,30,1.949397852762528,9,30,32.06666666666667,78,2,2.9055872603998347,7,0.0,1.0,0.0,1.1793987107614519,0.22580645161290322,0.9561894076373068,0.2,0.1,0.46032258064516135,0
14,74.61538461538461,120.0,31.0,29.87033120657574,4,14,1.9241743517233632,6,14,31.071428571428573,63,2,2.217021885014101,7,0.0,1.0,1.0,1.0763443303360871,0.4666666666666667,0.29284753329073787,0.2,0.14285714285714285,0.7523809523809525,0
6,140.6,298.0,16.0,95.15166840365964,6,6,2.584962499855539,6,6,8.0,11,3,2.584962499855539,0,0.0,0.0,0.0,1.723308333237026,0.0,0.0,0.14285714285714285,0.14285714285714285,0.17142857142857146,1
6,118.8,269.0,12.0,83.87466840470965,5,6,2.251629166666475,6,6,7.0,15,2,2.584962499855539,0,0.0,0.0,0.0,1.1309210936867984,0.0,0.333333333189064,0.16666666666666666,0.14285714285714285,0.16904761904761906,1
37,65.5,117.0,2.0,31.227213914931458,4,37,1.9305148893876927,12,37,6.378378378378378,15,2,3.3111065812618374,8,0.0,0.0,0.0,1.3199681641516783,0.21052631578947367,1.3805916918741448,0.2,0.07692307692307693,0.2565182186234818,0
18,127.17647058823529,253.0,6.0,80.08909398774934,13,18,3.6143694440112535,18,18,9.0,13,3,4.169924998845461,0,0.0,0.0,0.0,2.6806660706863683,0.0,0.5555555548342079,0.07142857142857142,0.05263157894736842,0.18759398496240604,1
21,61.95,116.0,5.0,39.93554181427867,4,21,1.7763318522232292,6,21,26.952380952380953,49,3,2.367111468914057,3,0.0,0.0,0.0,1.2759858013384344,0.13636363636363635,0.5907796166908277,0.2,0.14285714285714285,0.22025974025974027,0
9,139.375,260.0,15.0,100.33436288231465,9,9,3.169925000143887,9,9,9.444444444444445,13,5,3.169925000143887,0,0.0,0.0,0.0,2.138441468351035,0.0,0.0,0.1,0.1,0.18000000000000002,1
12,79.63636363636364,116.0,17.0,31.33767041081483,4,12,1.9591479164501666,7,12,35.0,53,2,2.450825793508202,5,0.0,1.0,0.0,1.5884981994960568,0.38461538461538464,0.49167787705803523,0.2,0.125,0.5213461538461539,0
40,58.84615384615385,118.0,0.0,31.981195164994375,4,40,1.9854752966502562,9,40,27.125,63,2,2.9613684838996814,15,0.0,1.0,1.0,1.2551112519652947,0.36585365853658536,0.9758931872494252,0.2,0.1,0.7163414634146342,0
34,55.81818181818182,119.0,1.0,35.73000991905022,4,34,1.9874601813715653,8,34,31.558823529411764,53,2,2.7821528281078365,8,0.0,1.0,0.0,1.6259531506316496,0.22857142857142856,0.7946926467362712,0.2,0.1111111111111111,0.46031746031746035,0
29,46.214285714285715,118.0,4.0,32.99280997738874,4,29,1.9075146907802456,10,29,25.82758620689655,49,2,2.7871621038569367,11,0.0,0.0,0.0,1.4397133901992039,0.36666666666666664,0.8796474130766911,0.2,0.09090909090909091,0.3175757575757576,0
7,191.5,273.0,18.0,82.03200594889778,6,7,2.5216406354777012,7,7,10.428571428571429,15,7,2.8073549210477173,0,0.0,0.0,0.0,1.8297938324686016,0.0,0.2857142855700161,0.14285714285714285,0.125,0.17321428571428574,1
25,50.416666666666664,118.0,1.0,33.11207819243942,4,25,1.9215419327588497,10,25,38.36,63,2,2.947601310069362,14,0.0,1.0,1.0,1.7667185352228238,0.5384615384615384,1.0260593773105122,0.2,0.09090909090909091,0.7862937062937064,0
13,145.0,278.0,22.0,92.83228605034637,9,13,3.0269868320608615,13,13,8.538461538461538,12,3,3.7004397162655884,1,0.0,0.0,0.0,2.4304663225176353,0.07142857142857142,0.6734528842047269,0.1,0.07142857142857142,0.21142857142857144,1
19,59.5,114.0,8.0,32.712977377317536,4,19,1.8990227505985766,7,19,36.421052631578945,63,3,2.5445313031389474,9,0.0,1.0,1.0,1.4480391955363088,0.45,0.6455085525403708,0.2,0.125,0.7475000000000002,0
40,62.282051282051285,119.0,0.0,32.300630078754644,4,40,1.9755700368680684,9,40,39.2,63,2,2.732978659176162,20,0.0,1.0,1.0,1.6739494287453993,0.4878048780487805,0.7574086223080934,0.2,0.1,0.7651219512195123,0
14,145.07692307692307,278.0,20.0,84.3203247133413,12,14,3.5216406346120843,14,14,8.142857142857142,16,2,3.8073549200378314,1,0.0,0.0,0.0,1.8236910121189611,0.06666666666666667,0.28571428542574706,0.07692307692307693,0.06666666666666667,0.2123076923076923,1
39,60.1578947368421,115.0,4.0,32.865376370717556,4,39,1.8051413781805037,11,39,28.28205128205128,53,2,3.1327035768085816,9,0.0,1.0,0.0,1.640727466866033,0.225,1.327562198628078,0.2,0.08333333333333333,0.4616666666666667,0
23,61.13636363636363,118.0,0.0,37.64100212962341,4,23,1.8643767616221014,7,23,17.782608695652176,36,2,2.61598356457203,8,0.0,0.0,1.0,1.2572705968389664,0.3333333333333333,0.7516068029499285,0.2,0.125,0.5008333333333334,0
9,69.125,119.0,6.0,30.912932164387126,4,9,1.9749375006248486,6,9,37.666666666666664,63,3,2.419381944780754,5,0.0,1.0,1.0,1.4239070820845061,0.5,0.44444444415590545,0.2,0.14285714285714285,0.7657142857142859,0
25,145.58333333333334,290.0,3.0,90.60119419129579,14,25,3.559079568604402,25,25,6.64,12,2,4.643856186167987,1,0.0,0.0,0.0,2.3719388520119566,0.038461538461538464,1.0847766175635853,0.06666666666666667,0.038461538461538464,0.20487179487179488,1
27,56.07692307692308,117.0,2.0,32.71781810117807,4,27,1.9493835770732633,7,27,51.925925925925924,78,2,2.4988649314038316,9,0.0,1.0,0.0,1.6424794345185991,0.32142857142857145,0.5494813543305683,0.2,0.125,0.49607142857142866,0
26,57.68,120.0,0.0,37.5176971574749,4,26,1.8516027854096382,10,26,29.346153846153847,53,2,3.0129665251242734,5,0.0,1.0,0.0,1.637388503326083,0.18518518518518517,1.1613637397146352,0.2,0.09090909090909091,0.44498316498316504,0
14,48.38461538461539,111.0,0.0,35.24756066090785,4,14,1.9241743517233632,8,14,19.714285714285715,49,3,2.753434385034629,1,0.0,0.0,0.0,1.0856398432422252,0.06666666666666667,0.8292600333112659,0.2,0.1111111111111111,0.1955555555555556,0
28,55.333333333333336,116.0,8.0,30.864098765274075,4,28,1.750641527232582,12,28,6.357142857142857,15,2,3.396291527314694,6,0.0,0.0,0.0,1.349419401477713,0.20689655172413793,1.645650000082112,0.2,0.07692307692307693,0.2550663129973475,0
24,130.91304347826087,292.0,5.0,82.62798401819539,13,24,3.6053885403320303,24,24,7.875,18,2,4.584962497258688,2,0.0,0.0,0.0,1.9003462982059038,0.08,0.9795739569266582,0.07142857142857142,0.04,0.22085714285714286,1
14,55.0,113.0,3.0,35.94012114187023,4,14,1.8423709926000305,7,14,29.714285714285715,47,2,2.5216406353334317,5,0.0,1.0,0.0,1.5610156313968864,0.3333333333333333,0.6792696427334013,0.2,0.125,0.5008333333333334,0
19,62.22222222222222,119.0,12.0,32.20344280344979,4,19,1.7798299870990817,8,19,38.94736842105263,63,2,2.6550505382636187,9,0.0,1.0,1.0,1.6157379920354258,0.45,0.875220551164537,0.2,0.1111111111111111,0.748888888888889,0
19,159.22222222222223,280.0,62.0,68.27766476801062,12,19,3.4058222485544567,19,19,8.263157894736842,15,2,4.247927510702465,1,0.0,0.0,0.0,2.193830984145681,0.05,0.8421052621480083,0.07692307692307693,0.05,0.2073076923076923,1
11,191.8,299.0,9.0,83.13338679495742,10,11,3.277613435376421,11,11,9.272727272727273,19,2,3.459431617050333,1,0.0,0.0,0.0,1.6039182951778819,0.08333333333333333,0.18181818167391217,0.09090909090909091,0.08333333333333333,0.2159090909090909,1
27,53.0,120.0,3.0,34.42047691083363,4,27,1.9726869282988442,12,27,6.407407407407407,15,2,3.411751852043701,5,0.0,0.0,0.0,1.366280255563797,0.17857142857142858,1.439064923744857,0.2,0.07692307692307693,0.24373626373626378,0
40,64.2051282051282,115.0,1.0,34.959448660191846,4,40,1.9350749858751684,10,40,36.2,63,2,2.845461842795627,22,0.0,1.0,1.0,1.6094643548312766,0.5365853658536586,0.9103868569204585,0.2,0.09090909090909091,0.7855432372505545,0
15,155.07142857142858,278.0,4.0,89.62418701421612,11,15,3.3735572606882207,15,15,9.733333333333333,19,2,3.906890593444476,1,0.0,0.0,0.0,1.9013534221429782,0.0625,0.5333333327562553,0.08333333333333333,0.0625,0.21041666666666667,1
18,146.1764705882353,286.0,18.0,88.18712410625197,12,18,3.503258333044412,18,18,8.555555555555555,16,3,4.169924998845461,2,0.0,0.0,0.0,2.0985897053013107,0.10526315789473684,0.6666666658010496,0.07692307692307693,0.05263157894736842,0.22914979757085022,1
6,52.4,117.0,5.0,38.22878496630516,4,6,1.9182958334774112,3,6,36.666666666666664,49,27,1.5849625002883474,2,0.0,0.0,0.0,1.162305833544788,0.2857142857142857,0.3333333331890638,0.2,0.25,0.2692857142857143,0
12,135.54545454545453,283.0,1.0,98.78660530876517,10,12,3.188721874098172,12,12,8.666666666666666,12,5,3.5849624989899223,1,0.0,0.0,0.0,2.389974999326615,0.07692307692307693,0.39624062489175005,0.09090909090909091,0.07692307692307693,0.213986013986014,1
18,147.2941176470588,263.0,10.0,75.03549333159323,11,18,3.308270832948296,18,18,8.333333333333334,15,2,4.169924998845461,1,0.0,0.0,0.0,2.171835936898678,0.05263157894736842,0.8616541658971655,0.08333333333333333,0.05263157894736842,0.20745614035087723,1
7,152.83333333333334,278.0,63.0,77.1997769138976,7,7,2.8073549210477173,7,7,9.857142857142858,13,6,2.8073549210477173,0,0.0,0.0,0.0,1.9766070362478827,0.0,0.0,0.125,0.125,0.17500000000000002,1
23,128.86363636363637,268.0,8.0,68.56536062536206,16,23,3.8820451058285497,22,23,8.0,12,2,4.436605431143953,2,0.0,0.0,0.0,2.7302187268578173,0.08333333333333333,0.554560325315403,0.058823529411764705,0.043478260869565216,0.22310315430520034,1
10,162.88888888888889,293.0,72.0,73.07293836289638,8,10,2.9219280937332064,10,10,8.3,13,2,3.3219280934446678,0,0.0,0.0,0.0,1.9694287982564815,0.0,0.3999999997114614,0.1111111111111111,0.09090909090909091,0.1797979797979798,1
13,109.33333333333333,239.0,32.0,70.21554117303536,9,13,3.0269868320608615,12,13,7.6923076923076925,19,2,3.546593562563704,0,0.0,0.0,0.0,1.3640744471398862,0.0,0.5196067305028427,0.1,0.07692307692307693,0.18230769230769234,1
5,70.75,101.0,29.0,26.156978036462853,3,5,1.37095059402186,4,5,23.0,63,2,1.9219280943102843,2,0.0,1.0,1.0,0.6906929088927585,0.3333333333333333,0.5509775002884243,0.25,0.2,0.6883333333333335,0
31,60.06666666666667,117.0,2.0,38.56417450893452,4,31,1.9918642478166593,14,31,5.32258064516129,15,2,3.590820098480315,3,0.0,0.0,0.0,1.1945268472767177,0.09375,1.5989558506636556,0.2,0.06666666666666667,0.21083333333333337,0
21,129.9,289.0,6.0,95.99942708162378,13,21,3.522571587260856,21,21,8.333333333333334,15,3,4.3923174197491,3,0.0,0.0,0.0,2.2876653227859896,0.13636363636363635,0.8697458324882437,0.07142857142857142,0.045454545454545456,0.24285714285714285,1
5,107.25,210.0,26.0,66.96034274105831,4,5,1.9219280943102843,5,5,7.2,11,4,2.3219280941660148,0,0.0,0.0,0.0,1.3931568564996089,0.0,0.3999999998557304,0.2,0.16666666666666666,0.16333333333333336,1
9,54.75,101.0,1.0,33.699962907991456,4,9,1.9749375006248486,7,9,13.0,36,2,2.725480555987981,2,0.0,0.0,1.0,0.9576012764282096,0.2,0.7505430553631325,0.2,0.125,0.44750000000000006,0
18,130.64705882352942,274.0,9.0,81.85564134964216,12,18,3.4613201384797745,18,18,7.777777777777778,14,2,4.169924998845461,1,0.0,0.0,0.0,2.1621833327346835,0.05263157894736842,0.7086048603656869,0.07692307692307693,0.05263157894736842,0.20809716599190287,1
5,101.0,245.0,7.0,89.406375611586,5,5,2.3219280941660148,5,5,11.0,13,9,2.3219280941660148,0,0.0,0.0,0.0,1.824372073987583,0.0,0.0,0.16666666666666666,0.16666666666666666,0.16666666666666669,1
14,59.38461538461539,113.0,11.0,33.82429363987792,4,14,1.8092000321207338,6,14,27.642857142857142,36,2,2.352745780006253,4,0.0,0.0,1.0,1.7577463645992661,0.26666666666666666,0.5435457478855192,0.2,0.14285714285714285,0.47238095238095246,0
7,165.33333333333334,296.0,19.0,100.86239250693106,5,7,2.235926349907685,7,7,8.285714285714286,13,3,2.8073549210477173,0,0.0,0.0,0.0,1.6614957695996697,0.0,0.5714285711400322,0.16666666666666666,0.125,0.17083333333333334,1
21,158.0,295.0,31.0,91.54343231493999,13,21,3.5944656350859483,20,21,7.476190476190476,13,3,4.297079324655274,2,0.0,0.0,0.0,2.2946988230301977,0.09090909090909091,0.702613689569326,0.07142857142857142,0.047619047619047616,0.22445887445887447,1
25,60.916666666666664,120.0,0.0,38.205493351378436,4,25,1.9656780546692594,9,25,5.36,15,2,3.0488840692392105,3,0.0,0.0,0.0,1.0213761631951357,0.11538461538461539,1.0832060145699511,0.2,0.1,0.2161538461538462,0
18,65.58823529411765,118.0,13.0,35.14182830880905,4,18,1.6158045313631737,7,18,24.77777777777778,36,3,2.641604166858707,7,0.0,0.0,1.0,1.7690021898182933,0.3684210526315789,1.0257996354955332,0.2,0.125,0.5148684210526315,0
21,143.9,272.0,2.0,84.32846494511803,14,21,3.689703730179774,21,21,8.476190476190476,15,3,4.3923174197491,2,0.0,0.0,0.0,2.3268824426051777,0.09090909090909091,0.7026136895693256,0.06666666666666667,0.045454545454545456,0.22515151515151516,1
20,56.578947368421055,112.0,0.0,32.67433531635572,4,20,1.8464393440939375,8,20,29.55,53,2,2.7659573197950187,4,0.0,1.0,0.0,1.5135933111100521,0.19047619047619047,0.9195179757010812,0.2,0.1111111111111111,0.44507936507936513,0
8,135.71428571428572,288.0,47.0,78.90267836430665,6,8,2.4999999991343826,8,8,9.375,13,6,2.9999999988458437,0,0.0,0.0,0.0,2.0089285706556987,0.0,0.49999999971146103,0.14285714285714285,0.1111111111111111,0.17460317460317462,1
38,48.486486486486484,119.0,0.0,36.091192023945084,4,38,1.973726449053046,10,38,23.18421052631579,49,2,3.0584443678946296,9,0.0,0.0,0.0,1.4181523621658783,0.23076923076923078,1.0847179188415836,0.2,0.09090909090909091,0.2632167832167832,0
12,70.9090909090909,115.0,11.0,31.454019964081322,4,12,1.8879185020940548,4,12,23.666666666666668,49,2,1.9591479164501666,0,0.0,0.0,0.0,0.9273300137864123,0.0,0.07122941435611185,0.2,0.2,0.16000000000000003,0
14,151.92307692307693,281.0,53.0,72.70642923477267,10,14,3.2359263491863377,14,14,9.214285714285714,15,2,3.8073549200378314,1,0.0,0.0,0.0,2.192628503057501,0.06666666666666667,0.5714285708514937,0.09090909090909091,0.06666666666666667,0.21090909090909093,1
22,62.95238095238095,119.0,4.0,37.465509459941565,4,22,1.9808259356520006,8,22,37.27272727272727,63,2,2.681276368448425,13,0.0,1.0,1.0,1.5615387941247931,0.5652173913043478,0.7004504327964245,0.2,0.1111111111111111,0.794975845410628,0
38,51.351351351351354,119.0,3.0,33.55770843593387,4,38,1.9554959909988259,13,38,9.81578947368421,30,2,3.458453827357556,22,1.0,0.0,1.0,1.0950791830257796,0.5641025641025641,1.50295783635873,0.2,0.07142857142857142,0.7984981684981686,0
15,114.28571428571429,284.0,18.0,83.91103160186864,12,15,3.45656476039972,15,15,9.666666666666666,19,3,3.906890593444476,2,0.0,0.0,0.0,1.888330453498163,0.125,0.45032583304475615,0.07692307692307693,0.0625,0.2360576923076923,1
26,62.24,119.0,2.0,38.868269835432606,4,26,1.8764713328500948,9,26,41.88461538461539,63,2,2.713949697929414,17,0.0,1.0,1.0,1.7761365511088536,0.6296296296296297,0.8374783650793194,0.2,0.1,0.8218518518518519,0
23,149.5909090909091,292.0,8.0,80.14626350441428,14,23,3.642489671146352,22,23,9.608695652173912,18,4,4.436605431143953,0,0.0,0.0,0.0,2.243683753507582,0.0,0.7941157599976005,0.06666666666666667,0.043478260869565216,0.1889855072463768,1
32,70.54838709677419,119.0,0.0,37.768256606255505,4,32,1.9575547982888204,10,32,18.28125,49,2,3.034567092632896,3,0.0,0.0,0.0,1.1095135932439026,0.09090909090909091,1.0770122943440756,0.2,0.09090909090909091,0.2072727272727273,0
14,144.76923076923077,279.0,4.0,99.66880064737012,10,14,3.1820058133175184,14,14,10.142857142857142,19,2,3.8073549200378314,0,0.0,0.0,0.0,1.9308728523049001,0.0,0.625349106720313,0.09090909090909091,0.06666666666666667,0.18424242424242426,1
22,60.666666666666664,111.0,0.0,38.3037152659452,4,22,1.7474594235398972,7,22,43.36363636363637,63,2,2.482888733292682,13,0.0,1.0,1.0,1.6822981900292748,0.5652173913043478,0.7354293097527849,0.2,0.125,0.7935869565217392,0
18,53.64705882352941,115.0,0.0,31.34239972882175,4,18,1.7177602515642552,8,18,32.55555555555556,53,2,2.7107770832609113,6,0.0,1.0,0.0,1.6342750728301378,0.3157894736842105,0.9930168316966561,0.2,0.1111111111111111,0.49520467836257315,0
21,149.2,282.0,50.0,72.84270725336889,12,21,3.4039894447540275,21,21,8.666666666666666,14,3,4.3923174197491,2,0.0,0.0,0.0,2.5377833980772575,0.09090909090909091,0.9883279749950722,0.07692307692307693,0.045454545454545456,0.22412587412587415,1
24,51.130434782608695,118.0,3.0,32.98920027211289,4,24,1.9490822947757431,8,24,12.25,30,2,2.473669396939621,14,1.0,0.0,1.0,0.9774983907261404,0.56,0.5245871021638777,0.2,0.1111111111111111,0.7928888888888891,0
14,53.92307692307692,113.0,10.0,36.08848428827196,4,14,1.8352377447350396,7,14,36.92857142857143,63,3,2.699513849310079,8,0.0,1.0,1.0,1.5576435938541418,0.5333333333333333,0.8642761045750396,0.2,0.125,0.7808333333333334,0
26,51.6,119.0,2.0,34.62138067726358,4,26,1.950063755859132,7,26,38.38461538461539,63,2,2.4062573905256457,14,0.0,1.0,1.0,1.4431760070580495,0.5185185185185185,0.45619363466651364,0.2,0.125,0.7749074074074075,0
12,69.81818181818181,118.0,14.0,30.186746585571086,3,12,1.5545851689049908,6,12,20.5,36,2,2.3553885413419167,4,0.0,0.0,1.0,1.3050125702029538,0.3076923076923077,0.8008033724369259,0.25,0.14285714285714285,0.48379120879120885,0
25,131.08333333333334,284.0,5.0,77.81008753511476,14,25,3.6536606876684132,25,25,9.44,19,2,4.643856186167987,2,0.0,0.0,0.0,2.1919001198712897,0.07692307692307693,0.990195498499574,0.06666666666666667,0.038461538461538464,0.22025641025641027,1
12,65.0,108.0,4.0,33.24290765096984,4,12,1.9591479164501666,7,12,5.166666666666667,8,2,2.450825793508202,0,0.0,0.0,0.0,1.4069555481250788,0.0,0.49167787705803523,0.2,0.125,0.16750000000000004,0
31,53.8,116.0,2.0,32.41440009214012,4,31,1.8409031390871875,8,31,23.64516129032258,49,2,2.7831327960454137,7,0.0,0.0,0.0,1.3161524770976054,0.21875,0.9422296569582262,0.2,0.1111111111111111,0.25638888888888894,0
23,149.13636363636363,298.0,5.0,90.19841535321675,15,23,3.7950885842336888,23,23,8.608695652173912,19,3,4.523561952738814,1,0.0,0.0,0.0,1.947098405744098,0.041666666666666664,0.7284733685051252,0.0625,0.041666666666666664,0.20625,1
9,175.625,265.0,58.0,57.56070165486172,7,9,2.725480555987981,9,9,7.555555555555555,13,3,3.169925000143887,1,0.0,0.0,0.0,1.7107531746808278,0.1,0.44444444415590567,0.125,0.1,0.21750000000000003,1
7,205.5,293.0,128.0,58.088294862218156,6,7,2.5216406354777012,7,7,9.142857142857142,19,3,2.8073549210477173,1,0.0,0.0,0.0,1.2833622496218136,0.125,0.2857142855700161,0.14285714285714285,0.125,0.22321428571428575,1
7,52.0,100.0,11.0,32.44482495971687,4,7,1.9502120643376688,7,7,35.857142857142854,78,2,2.8073549210477173,2,0.0,1.0,0.0,1.274224385502671,0.25,0.8571428567100485,0.2,0.125,0.4675000000000001,0
15,51.92857142857143,111.0,4.0,35.317871408344054,3,15,1.5655962299247932,7,15,29.466666666666665,78,2,2.6892464274992713,3,0.0,1.0,0.0,1.0030775704258885,0.1875,1.1236501975744781,0.25,0.125,0.43750000000000006,0
12,154.0909090909091,288.0,43.0,76.59985111005533,8,12,2.7516291662336667,12,12,9.916666666666666,14,4,3.5849624989899223,1,0.0,0.0,0.0,2.370058540998893,0.07692307692307693,0.8333333327562555,0.1111111111111111,0.07692307692307693,0.211965811965812,1
18,142.2941176470588,292.0,2.0,87.3234452082886,13,18,3.572431249446616,17,18,9.055555555555555,19,2,4.05881388787862,1,0.0,0.0,0.0,1.8377407325672641,0.05263157894736842,0.486382638432004,0.07142857142857142,0.05555555555555555,0.20835421888053468,1
12,62.72727272727273,118.0,8.0,37.6638020315405,4,12,1.8553885416304556,5,12,39.083333333333336,63,3,1.8962406244589416,3,0.0,0.0,1.0,1.157990693842765,0.23076923076923078,0.04085208282848596,0.2,0.16666666666666666,0.4556410256410257,0
5,111.75,196.0,73.0,49.93182852650201,5,5,2.3219280941660148,5,5,6.8,15,3,2.3219280941660148,0,0.0,0.0,0.0,0.9868194400205562,0.0,0.0,0.16666666666666666,0.16666666666666666,0.16666666666666669,1
33,64.96875,120.0,2.0,34.06380444749969,4,33,1.9612325346383073,9,33,37.878787878787875,78,2,2.913977071884326,12,0.0,1.0,0.0,1.397188853032377,0.35294117647058826,0.9527445372460188,0.2,0.1,0.5111764705882353,0
26,45.56,113.0,9.0,28.210749724174295,4,26,1.9431095455751304,8,26,44.11538461538461,78,2,2.589137678926125,9,0.0,1.0,0.0,1.44583296870899,0.3333333333333333,0.6460281333509947,0.2,0.1111111111111111,0.5022222222222222,0
12,58.45454545454545,119.0,9.0,29.818736136754495,4,12,1.9591479164501666,8,12,19.0,36,2,2.9182958329003332,3,0.0,0.0,1.0,1.4985843466244955,0.23076923076923078,0.9591479164501666,0.2,0.1111111111111111,0.46119658119658125,0
8,140.14285714285714,282.0,24.0,89.26754100764185,6,8,2.4999999991343826,8,8,7.125,11,2,2.9999999988458437,0,0.0,0.0,0.0,1.7812499993147197,0.0,0.49999999971146103,0.14285714285714285,0.1111111111111111,0.17460317460317462,1
11,62.3,101.0,25.0,25.103983747604683,4,11,1.789929074732921,7,11,18.0,36,2,2.7321588903546834,2,0.0,0.0,1.0,1.3291583790914676,0.16666666666666666,0.9422298156217623,0.2,0.125,0.4341666666666667,0
30,60.793103448275865,120.0,7.0,33.21962372925733,4,30,1.8682734118290572,10,30,30.9,53,2,2.801515278874818,7,0.0,1.0,0.0,1.603089298467257,0.22580645161290322,0.933241867045761,0.2,0.09090909090909091,0.46123167155425226,0
8,155.0,282.0,58.0,83.46770119547527,6,8,2.4999999991343826,8,8,9.125,13,3,2.9999999988458437,0,0.0,0.0,0.0,1.9553571421048803,0.0,0.49999999971146103,0.14285714285714285,0.1111111111111111,0.17460317460317462,1
11,167.8,275.0,16.0,98.2922173928333,9,11,3.095795253702508,11,11,7.363636363636363,13,2,3.459431617050333,0,0.0,0.0,0.0,1.8195711752017985,0.0,0.3636363633478248,0.1,0.08333333333333333,0.1816666666666667,1
19,133.5,300.0,12.0,81.92425363305627,12,19,3.471354485282695,18,19,7.578947368421052,14,2,4.142664352951997,3,0.0,0.0,0.0,2.093135673070483,0.15,0.6713098676693021,0.07692307692307693,0.05263157894736842,0.24704453441295549,1
34,63.24242424242424,114.0,0.0,33.625414543377126,4,34,1.9874601813715653,10,34,19.852941176470587,36,2,2.935310978520173,6,0.0,0.0,1.0,1.5749880051678193,0.17142857142857143,0.9478507971486079,0.2,0.09090909090909091,0.43948051948051947,0
14,128.76923076923077,285.0,1.0,110.76944444423836,9,14,2.8962915277475023,14,14,6.857142857142857,12,3,3.8073549200378314,1,0.0,0.0,0.0,2.008275122657318,0.06666666666666667,0.9110633922903291,0.1,0.06666666666666667,0.21000000000000002,1
23,154.13636363636363,295.0,8.0,78.95355104832521,14,23,3.642489671146352,21,23,8.0,19,2,4.349648909549092,0,0.0,0.0,0.0,1.739859563819637,0.0,0.7071592384027401,0.06666666666666667,0.045454545454545456,0.18878787878787878,1
12,147.27272727272728,294.0,11.0,91.8962764198567,8,12,2.7516291662336667,12,12,9.166666666666666,16,3,3.5849624989899223,1,0.0,0.0,0.0,1.9330680141612324,0.07692307692307693,0.8333333327562555,0.1111111111111111,0.07692307692307693,0.211965811965812,1
5,189.0,222.0,130.0,35.092734290733176,3,5,1.5219280944545537,5,5,7.6,13,2,2.3219280941660148,0,0.0,0.0,0.0,1.2604752511186936,0.0,0.7999999997114611,0.25,0.16666666666666666,0.15833333333333335,1
34,54.57575757575758,120.0,0.0,32.472860746046685,4,34,1.957042599125789,12,34,9.970588235294118,30,2,3.3930616490944936,17,1.0,0.0,1.0,1.0913167922609426,0.4857142857142857,1.4360190499687047,0.2,0.07692307692307693,0.7665934065934067,0
29,61.785714285714285,116.0,1.0,33.663627194917176,4,29,1.9497500832526535,10,29,21.689655172413794,49,2,3.0382947890929124,7,0.0,0.0,0.0,1.3179913257513394,0.23333333333333334,1.0885447058402589,0.2,0.09090909090909091,0.2642424242424243,0
13,175.0,294.0,44.0,97.79314904429656,8,13,2.873140678358977,13,13,7.384615384615385,13,3,3.7004397162655884,0,0.0,0.0,0.0,1.9518802898983325,0.0,0.8272990379066116,0.1111111111111111,0.07142857142857142,0.18174603174603177,1
15,174.0,299.0,14.0,88.66953092401987,13,15,3.6402239270663483,14,15,9.533333333333333,19,2,3.773557260255412,1,0.0,0.0,0.0,1.7987289607217465,0.0625,0.13333333318906382,0.07142857142857142,0.06666666666666667,0.2111904761904762,1
19,163.55555555555554,293.0,29.0,96.03773692450405,12,19,3.3660913273879585,19,19,8.0,14,3,4.247927510702465,0,0.0,0.0,0.0,2.2655613390413145,0.0,0.8818361833145065,0.07692307692307693,0.05,0.18730769230769231,1
40,52.64102564102564,119.0,2.0,35.91263414532207,4,40,1.9854752966502562,12,40,6.875,15,2,3.2124145829660335,6,0.0,0.0,0.0,1.3803343911182175,0.14634146341463414,1.2269392863157773,0.2,0.07692307692307693,0.23084427767354598,0
18,56.294117647058826,114.0,4.0,34.51472781272017,4,18,1.81634011327633,8,18,10.166666666666666,30,2,2.7107770832609113,11,1.0,0.0,1.0,0.889018290746858,0.5789473684210527,0.8944369699845813,0.2,0.1111111111111111,0.80046783625731,0
12,72.72727272727273,120.0,12.0,38.24107955182824,4,12,1.6258145831168334,6,12,22.833333333333332,34,2,2.3553885413419167,4,0.0,0.0,0.0,1.5366106198278218,0.3076923076923077,0.7295739582250833,0.2,0.14285714285714285,0.28879120879120884,0
31,60.5,116.0,1.0,35.79455265819088,4,31,1.974178877306449,8,31,32.96774193548387,53,2,2.6514841161600042,6,0.0,1.0,0.0,1.6187674831036585,0.1875,0.6773052388535552,0.2,0.1111111111111111,0.44388888888888894,0
22,61.23809523809524,112.0,3.0,35.42517904905487,4,22,1.877034167463247,8,22,23.772727272727273,36,2,2.7721854593575164,8,0.0,0.0,1.0,1.7811461858034168,0.34782608695652173,0.8951512918942695,0.2,0.1111111111111111,0.5080193236714976,0
37,61.583333333333336,116.0,3.0,36.20265106928559,4,37,1.9661537783739136,8,37,40.21621621621622,63,2,2.5154155074355886,20,0.0,1.0,1.0,1.580632717510201,0.5263157894736842,0.549261729061675,0.2,0.1111111111111111,0.7794152046783626,0
22,61.76190476190476,115.0,11.0,31.624139004887603,4,22,1.8778867308115275,9,22,32.13636363636363,63,2,2.8611925510329552,7,0.0,1.0,1.0,1.4366925664632806,0.30434782608695654,0.9833058202214278,0.2,0.1,0.6917391304347827,0
21,62.1,116.0,2.0,30.936871205731197,4,21,1.9814035896735542,9,21,42.61904761904762,78,2,2.7539187568819203,5,0.0,1.0,0.0,1.4856885397283415,0.22727272727272727,0.7725151672083661,0.2,0.1,0.46090909090909093,0
20,185.78947368421052,296.0,22.0,91.5673918904417,14,20,3.7219280928675893,20,20,9.1,15,3,4.321928092001972,1,0.0,0.0,0.0,2.4580966023261217,0.047619047619047616,0.5999999991343827,0.06666666666666667,0.047619047619047616,0.20761904761904762,1
23,151.77272727272728,296.0,8.0,90.24256797310328,14,23,3.6753108668925902,22,23,8.826086956521738,17,2,4.436605431143953,0,0.0,0.0,0.0,2.1754369626140635,0.0,0.7612945642513624,0.06666666666666667,0.043478260869565216,0.1889855072463768,1
12,214.0909090909091,285.0,100.0,62.274253465040424,10,12,3.2516291659451277,12,12,7.75,12,3,3.5849624989899223,1,0.0,0.0,0.0,2.137189182090146,0.07692307692307693,0.3333333330447945,0.09090909090909091,0.07692307692307693,0.213986013986014,1
31,62.53333333333333,118.0,1.0,31.778119656280623,4,31,1.985193083445031,11,31,7.290322580645161,15,2,3.284053163289674,9,0.0,0.0,0.0,1.4963629332731174,0.28125,1.2988600798446428,0.2,0.08333333333333333,0.2841666666666667,0
25,48.125,111.0,5.0,33.43938857594937,4,25,1.8106993322652292,9,25,20.52,49,2,2.9648894504348156,4,0.0,0.0,0.0,1.2167906304584484,0.15384615384615385,1.1541901181695864,0.2,0.1,0.23153846153846158,0
13,134.66666666666666,273.0,33.0,71.32476584064068,10,13,3.1808329857627458,12,13,6.384615384615385,15,2,3.546593562563704,1,0.0,0.0,0.0,1.4152272389076321,0.07142857142857142,0.3657605768009584,0.09090909090909091,0.07692307692307693,0.21178821178821178,1
13,135.5,267.0,5.0,88.24728513293388,10,13,3.2389012551599357,13,13,7.923076923076923,13,2,3.7004397162655884,0,0.0,0.0,0.0,2.0942048943700855,0.0,0.4615384611056528,0.09090909090909091,0.07142857142857142,0.18376623376623377,1
22,64.04761904761905,119.0,1.0,36.93298460013654,4,22,1.7416838934319987,10,22,7.954545454545454,15,2,3.231270253164881,8,0.0,0.0,0.0,1.6064553815450402,0.34782608695652173,1.4895863597328822,0.2,0.09090909090909091,0.3100395256916996,0
18,60.529411764705884,118.0,5.0,35.581088246854534,4,18,1.991076059261144,10,18,12.333333333333334,30,2,2.969389418086461,5,1.0,0.0,1.0,1.1813699835397748,0.2631578947368421,0.978313358825317,0.2,0.09090909090909091,0.6761722488038279,0
22,136.04761904761904,267.0,2.0,87.66792115188412,15,22,3.6978458209203695,22,22,6.636363636363637,13,2,4.459431615463368,1,0.0,0.0,0.0,2.113886415122246,0.043478260869565216,0.7615857945429982,0.0625,0.043478260869565216,0.20679347826086958,1
28,65.81481481481481,117.0,6.0,31.291978663379695,4,28,1.9299111703987917,9,28,20.357142857142858,36,2,2.6495593571302303,7,0.0,0.0,1.0,1.4577691443670187,0.2413793103448276,0.7196481867314386,0.2,0.1,0.4665517241379311,0
13,50.416666666666664,109.0,0.0,37.62414635428807,4,13,1.4885252943206704,5,13,42.07692307692308,78,2,2.1996877940099804,2,0.0,1.0,0.0,1.171596127870944,0.14285714285714285,0.71116249968931,0.2,0.16666666666666666,0.42047619047619056,0
14,133.07692307692307,260.0,8.0,87.25070997150993,13,14,3.664497777324958,14,14,8.214285714285714,15,2,3.8073549200378314,0,0.0,0.0,0.0,1.9546688205551364,0.0,0.1428571427128733,0.07142857142857142,0.06666666666666667,0.18619047619047618,1
9,112.625,242.0,2.0,78.88589465170564,7,9,2.641604166858707,9,9,8.666666666666666,13,3,3.169925000143887,1,0.0,0.0,0.0,1.9623345238985963,0.1,0.5283208332851799,0.125,0.1,0.21750000000000003,1
12,146.72727272727272,270.0,13.0,72.66372223417693,10,12,3.2516291659451277,12,12,8.583333333333334,12,2,3.5849624989899223,1,0.0,0.0,0.0,2.366994470486936,0.07692307692307693,0.3333333330447945,0.09090909090909091,0.07692307692307693,0.213986013986014,1
6,48.2,78.0,8.0,24.67711490429949,4,6,1.9182958334774112,4,6,43.0,78,2,1.9182958334774112,3,0.0,1.0,0.0,1.044135706829477,0.42857142857142855,0.0,0.2,0.2,0.5314285714285715,0
14,59.76923076923077,113.0,4.0,33.46445610622123,4,14,1.8092000321207338,7,14,5.857142857142857,15,2,2.6644977781905745,2,0.0,0.0,0.0,0.975396508087621,0.13333333333333333,0.8552977460698408,0.2,0.125,0.22083333333333338,0
12,113.27272727272727,246.0,12.0,70.84180957225101,9,12,3.0849624994227307,12,12,7.75,13,2,3.5849624989899223,1,0.0,0.0,0.0,1.9845328119408499,0.07692307692307693,0.49999999956719154,0.1,0.07692307692307693,0.2130769230769231,1
39,45.18421052631579,107.0,0.0,30.23839948350606,4,39,1.9693766468824054,10,39,28.71794871794872,53,2,3.0076307421175286,9,0.0,1.0,0.0,1.59949972990106,0.225,1.0382540952351231,0.2,0.09090909090909091,0.46090909090909093,0
16,51.93333333333333,117.0,6.0,39.929048184108886,4,16,1.9056390616524883,10,16,9.0,30,2,3.124999998557305,9,1.0,0.0,1.0,0.9072580640972822,0.5294117647058824,1.2193609369048168,0.2,0.09090909090909091,0.782673796791444,0
36,65.45714285714286,115.0,3.0,33.73539290854455,4,36,1.81634011327633,10,36,9.472222222222221,30,3,2.7670501815546755,29,1.0,0.0,1.0,0.8454875554750396,0.7837837837837838,0.9507100682783456,0.2,0.09090909090909091,0.8844226044226046,0
6,210.4,295.0,97.0,65.16317978736151,5,6,2.251629166666475,6,6,8.333333333333334,19,3,2.584962499855539,0,0.0,0.0,0.0,1.0770677082731415,0.0,0.333333333189064,0.16666666666666666,0.14285714285714285,0.16904761904761906,1
27,64.61538461538461,120.0,11.0,32.902042166075724,4,27,1.9803464133181214,9,27,26.25925925925926,49,2,2.8517735014111856,5,0.0,0.0,0.0,1.4977091944448375,0.17857142857142858,0.8714270880930641,0.2,0.1,0.2414285714285715,0
29,60.857142857142854,119.0,6.0,35.92125742083478,4,29,1.9552890805944467,11,29,35.6551724137931,78,2,3.1593215132357786,11,0.0,1.0,0.0,1.4259006742408533,0.36666666666666664,1.2040324326413319,0.2,0.08333333333333333,0.5183333333333333,0
9,124.0,261.0,30.0,79.48427517440163,8,9,2.947702778065934,9,9,8.777777777777779,13,3,3.169925000143887,2,0.0,0.0,0.0,1.9874926588203738,0.2,0.22222222207795284,0.1111111111111111,0.1,0.25888888888888895,1
20,151.3684210526316,294.0,1.0,93.58374269875578,13,20,3.621928093011859,19,20,7.7,13,3,4.221928092146242,2,0.0,0.0,0.0,2.3220604506804334,0.09523809523809523,0.5999999991343827,0.07142857142857142,0.05,0.22595238095238096,1
6,53.2,103.0,3.0,38.00210520484359,3,6,1.459147916594436,4,6,26.333333333333332,36,3,1.9182958334774112,2,0.0,0.0,0.0,1.365273611213653,0.2857142857142857,0.45914791688297507,0.25,0.2,0.2692857142857143,0
3,110.5,175.0,46.0,64.5,2,3,0.9182958337659504,3,3,8.666666666666666,15,5,1.5849625002883474,0,0.0,0.0,0.0,0.8585213543228548,0.0,0.666666666522397,0.3333333333333333,0.25,0.1416666666666667,1
8,56.42857142857143,91.0,12.0,24.563952350996793,4,8,1.9056390616524883,7,8,7.0,15,2,2.749999998990113,2,0.0,0.0,0.0,1.2031249995581745,0.2222222222222222,0.8443609373376249,0.2,0.125,0.25638888888888894,0
16,58.86666666666667,116.0,4.0,39.45438998247076,4,16,1.9237949401183205,8,16,7.3125,30,2,2.6084585921901935,10,1.0,0.0,1.0,0.6153017243674449,0.5882352941176471,0.684663652071873,0.2,0.1111111111111111,0.8041830065359478,0
17,133.9375,283.0,21.0,79.94800556455426,12,17,3.4992275454014585,17,17,8.470588235294118,19,2,4.087462838797758,0,0.0,0.0,0.0,1.7311607317261093,0.0,0.5882352933962993,0.07692307692307693,0.05555555555555555,0.18675213675213675,1
8,157.71428571428572,282.0,1.0,101.33355710680627,7,8,2.749999998990113,8,8,7.375,13,3,2.9999999988458437,0,0.0,0.0,0.0,1.5803571422491498,0.0,0.24999999985573051,0.125,0.1111111111111111,0.1763888888888889,1
5,86.25,141.0,17.0,53.64408168661292,5,5,2.3219280941660148,5,5,9.0,17,4,2.3219280941660148,0,0.0,0.0,0.0,1.1609640470830074,0.0,0.0,0.16666666666666666,0.16666666666666666,0.16666666666666669,1
7,171.0,294.0,54.0,92.9928312649242,7,7,2.8073549210477173,7,7,7.428571428571429,10,2,2.8073549210477173,2,0.0,0.0,0.0,1.8958760505776793,0.25,0.0,0.125,0.125,0.275,1
13,181.83333333333334,295.0,31.0,101.03368525177906,8,13,2.8150724089617873,13,13,8.307692307692308,12,3,3.7004397162655884,0,0.0,0.0,0.0,2.3647780435306722,0.0,0.8853673073038011,0.1111111111111111,0.07142857142857142,0.18174603174603177,1
15,120.28571428571429,250.0,5.0,73.005311520492,10,15,3.240223927499157,15,15,8.0,17,2,3.906890593444476,0,0.0,0.0,0.0,1.736395819308656,0.0,0.6666666659453191,0.09090909090909091,0.0625,0.1846590909090909,1
22,69.28571428571429,118.0,14.0,29.807545955988516,4,22,1.907660459541236,8,22,18.818181818181817,36,2,2.806498527637674,8,0.0,0.0,1.0,1.4273837720417653,0.34782608695652173,0.8988380680964378,0.2,0.1111111111111111,0.5080193236714976,0
18,145.41176470588235,295.0,8.0,86.29638314520857,11,18,3.350209027512933,18,18,8.38888888888889,16,3,4.169924998845461,2,0.0,0.0,0.0,2.057708087665571,0.10526315789473684,0.8197159713325286,0.08333333333333333,0.05263157894736842,0.22850877192982458,1
8,49.57142857142857,104.0,7.0,38.284115105194154,4,8,1.9056390616524883,6,8,23.875,36,2,2.4999999991343826,3,0.0,0.0,1.0,1.6131756751171185,0.3333333333333333,0.5943609374818943,0.2,0.14285714285714285,0.49904761904761913,0
5,184.75,272.0,80.0,72.42711853995021,3,5,1.37095059402186,5,5,8.0,13,2,2.3219280941660148,0,0.0,0.0,0.0,1.3268160538091511,0.0,0.9509775001441547,0.25,0.16666666666666666,0.15833333333333335,1
12,61.36363636363637,111.0,3.0,38.97148777637482,4,12,1.8553885416304556,7,12,6.916666666666667,30,2,2.5220552078643137,5,1.0,0.0,1.0,0.5627166189589732,0.38461538461538464,0.6666666662338581,0.2,0.125,0.721346153846154,0
35,63.205882352941174,120.0,2.0,37.58267702621445,4,35,1.9848902219390234,12,35,7.457142857142857,15,2,3.4325950727778993,13,0.0,0.0,0.0,1.5998344892768424,0.3611111111111111,1.447704850838876,0.2,0.07692307692307693,0.31675213675213676,0
12,89.0909090909091,287.0,7.0,79.47149808745563,11,12,3.418295832467525,11,12,10.916666666666666,19,5,3.418295832467525,2,0.0,0.0,0.0,1.8658198085551907,0.15384615384615385,0.0,0.08333333333333333,0.08333333333333333,0.2448717948717949,1
25,157.45833333333334,289.0,17.0,75.77487444544018,15,25,3.733660687524144,25,25,8.52,13,2,4.643856186167987,0,0.0,0.0,0.0,2.8261181932965176,0.0,0.9101954986438434,0.0625,0.038461538461538464,0.18990384615384615,1
6,201.8,267.0,127.0,49.482926348388084,4,6,1.9182958334774112,6,6,9.0,12,7,2.584962499855539,0,0.0,0.0,0.0,1.7895894229769116,0.0,0.666666666378128,0.2,0.14285714285714285,0.16571428571428576,1
39,57.026315789473685,120.0,0.0,42.38885581084854,4,39,1.9711943392839348,10,39,30.974358974358974,53,2,2.9338806567689595,7,0.0,1.0,0.0,1.6828717157535151,0.175,0.9626863174850246,0.2,0.09090909090909091,0.4409090909090909,0
6,196.6,282.0,50.0,81.16550991646638,6,6,2.584962499855539,6,6,5.166666666666667,8,2,2.584962499855539,1,0.0,0.0,0.0,1.4839599536207724,0.14285714285714285,0.0,0.14285714285714285,0.14285714285714285,0.2285714285714286,1
17,132.3125,251.0,10.0,83.2591727303965,10,17,3.1307179864846795,17,17,8.882352941176471,18,2,4.087462838797758,2,0.0,0.0,0.0,1.9108572404286732,0.1111111111111111,0.9567448523130784,0.09090909090909091,0.05555555555555555,0.2297979797979798,1
10,187.33333333333334,284.0,51.0,74.75143997126595,8,10,2.9219280937332064,10,10,6.7,12,4,3.3219280934446678,2,0.0,0.0,0.0,1.712070632775329,0.18181818181818182,0.3999999997114614,0.1111111111111111,0.09090909090909091,0.25252525252525254,1
11,99.9,289.0,33.0,70.70707178210677,9,11,3.095795253702508,11,11,5.181818181818182,8,2,3.459431617050333,1,0.0,0.0,0.0,1.9917939613320097,0.08333333333333333,0.3636363633478248,0.1,0.08333333333333333,0.21500000000000002,1
6,204.2,279.0,32.0,91.09862787111561,5,6,2.251629166666475,6,6,7.333333333333333,11,4,2.584962499855539,1,0.0,0.0,0.0,1.5796993054672739,0.14285714285714285,0.333333333189064,0.16666666666666666,0.14285714285714285,0.22619047619047622,1
9,147.75,273.0,30.0,80.41260784230293,8,9,2.947702778065934,9,9,9.555555555555555,16,4,3.169925000143887,0,0.0,0.0,0.0,1.7817879085776096,0.0,0.22222222207795284,0.1111111111111111,0.1,0.1788888888888889,1
14,171.07692307692307,272.0,49.0,78.63886447499836,13,14,3.664497777324958,14,14,8.785714285714286,13,2,3.8073549200378314,0,0.0,0.0,0.0,2.3893094651257822,0.0,0.1428571427128733,0.07142857142857142,0.06666666666666667,0.18619047619047618,1
5,128.75,244.0,11.0,82.63284758496467,4,5,1.9219280943102843,5,5,11.0,16,6,2.3219280941660148,0,0.0,0.0,0.0,1.5024240609309507,0.0,0.3999999998557304,0.2,0.16666666666666666,0.16333333333333336,1
13,174.25,298.0,37.0,89.6624456875155,11,13,3.39274740886182,13,13,9.692307692307692,16,4,3.7004397162655884,0,0.0,0.0,0.0,2.109752960404815,0.0,0.3076923074037685,0.08333333333333333,0.07142857142857142,0.18452380952380953,1
28,49.370370370370374,110.0,3.0,31.803969177107145,4,28,1.8978898506759432,11,28,18.678571428571427,36,2,3.261490187786915,6,0.0,0.0,1.0,1.6464858766530468,0.20689655172413793,1.363600337110972,0.2,0.08333333333333333,0.45442528735632187,0
24,168.3913043478261,297.0,15.0,89.94961832842378,14,24,3.6368421861112386,23,24,9.0,15,5,4.501629164069624,3,0.0,0.0,0.0,2.5321664047891637,0.12,0.8647869779583854,0.06666666666666667,0.041666666666666664,0.2371666666666667,1
15,158.35714285714286,294.0,4.0,96.68993679567185,12,15,3.5068905938772845,15,15,9.533333333333333,15,4,3.906890593444476,0,0.0,0.0,0.0,2.327855645260667,0.0,0.39999999956719146,0.07692307692307693,0.0625,0.1860576923076923,1
35,61.6764705882353,115.0,0.0,38.81761318558375,4,35,1.9502120643376688,9,35,25.742857142857144,49,2,2.811585430539005,8,0.0,0.0,0.0,1.447564841666082,0.2222222222222222,0.8613733662013361,0.2,0.1,0.25888888888888895,0
8,212.71428571428572,279.0,35.0,81.66956818391377,6,8,2.4999999991343826,8,8,7.75,15,2,2.9999999988458437,0,0.0,0.0,0.0,1.4531249994409556,0.0,0.49999999971146103,0.14285714285714285,0.1111111111111111,0.17460317460317462,1
22,69.04761904761905,120.0,0.0,33.78570589616997,4,22,1.8778867308115275,10,22,35.86363636363637,78,2,3.0151390030665413,6,0.0,1.0,0.0,1.3687828960986774,0.2608695652173913,1.1372522722550138,0.2,0.09090909090909091,0.47525691699604744,0
39,61.63157894736842,117.0,3.0,33.866161540790614,4,39,1.9050869895213942,9,39,46.51282051282051,78,2,2.5649674373515747,8,0.0,1.0,0.0,1.510175570060291,0.2,0.6598804478301805,0.2,0.1,0.45000000000000007,0
40,61.35897435897436,116.0,0.0,35.57115453349098,4,40,1.9253845968025556,9,40,28.275,63,2,3.105798020736582,16,0.0,1.0,1.0,1.372131859942607,0.3902439024390244,1.1804134239340263,0.2,0.1,0.7260975609756098,0
17,171.4375,283.0,3.0,71.40375405922296,13,17,3.6168746040807185,17,17,8.470588235294118,13,2,4.087462838797758,1,0.0,0.0,0.0,2.4730867596087274,0.05555555555555555,0.47058823471703937,0.07142857142857142,0.05555555555555555,0.20952380952380953,1
21,151.3,299.0,1.0,105.86222177906527,12,21,3.4399364686665734,21,21,9.428571428571429,19,2,4.3923174197491,0,0.0,0.0,0.0,2.070663926453147,0.0,0.9523809510825263,0.07692307692307693,0.045454545454545456,0.18776223776223777,1
20,149.73684210526315,298.0,13.0,83.08071034923186,14,20,3.684183717759416,19,20,8.2,18,2,4.221928092146242,0,0.0,0.0,0.0,1.8220952818736411,0.0,0.537744374386826,0.06666666666666667,0.05,0.18833333333333335,1
34,68.0909090909091,116.0,3.0,30.27386475249471,4,34,1.9874601813715653,13,34,6.235294117647059,15,2,3.5202801183411805,6,0.0,0.0,0.0,1.371873869647666,0.17142857142857143,1.5328199369696152,0.2,0.07142857142857142,0.24142857142857144,0
14,209.23076923076923,280.0,23.0,83.4848248266196,12,14,3.5216406346120843,14,14,8.714285714285714,19,3,3.8073549200378314,1,0.0,0.0,0.0,1.6589189294450548,0.06666666666666667,0.28571428542574706,0.07692307692307693,0.06666666666666667,0.2123076923076923,1
5,188.75,262.0,9.0,104.8746275321157,5,5,2.3219280941660148,5,5,9.2,19,3,2.3219280941660148,0,0.0,0.0,0.0,1.0680869233163668,0.0,0.0,0.16666666666666666,0.16666666666666666,0.16666666666666669,1
20,67.47368421052632,112.0,16.0,31.084550945433076,4,20,1.9261207462656025,8,20,22.2,36,2,2.7464393435168595,10,0.0,0.0,1.0,1.6478636061101157,0.47619047619047616,0.820318597251257,0.2,0.1111111111111111,0.5593650793650794,0
10,50.888888888888886,113.0,2.0,33.965487203743365,4,10,1.7219280943102842,6,10,19.1,36,2,2.5219280940217454,3,0.0,0.0,1.0,1.3018601782652794,0.2727272727272727,0.7999999997114613,0.2,0.14285714285714285,0.47480519480519484,0
25,188.16666666666666,294.0,2.0,75.76865373549201,16,25,3.863465187293335,25,25,8.52,14,2,4.643856186167987,0,0.0,0.0,0.0,2.6377103137434164,0.0,0.780390998874652,0.058823529411764705,0.038461538461538464,0.19027149321266967,1
36,61.371428571428574,113.0,3.0,36.40807266393046,4,36,1.9546859463692776,13,36,6.333333333333333,15,2,3.610509291582986,7,0.0,0.0,0.0,1.4291599279182652,0.1891891891891892,1.6558233452137086,0.2,0.07142857142857142,0.24853281853281856,0
40,51.794871794871796,113.0,1.0,38.23153449852319,4,40,1.9854752966502562,9,40,21.5,36,2,2.8883763704360814,11,0.0,0.0,1.0,1.6783808639020472,0.2682926829268293,0.9029010737858252,0.2,0.1,0.4773170731707318,0
4,209.33333333333334,292.0,149.0,60.47772776448828,4,4,1.9999999994229218,4,4,8.5,13,2,1.9999999994229218,2,0.0,0.0,0.0,1.2142857139353453,0.4,0.0,0.2,0.2,0.32000000000000006,1
30,59.55172413793103,114.0,2.0,28.902435414501273,4,30,1.9898980948872094,10,30,34.266666666666666,63,2,2.8477426771385788,14,0.0,1.0,1.0,1.5247288917179473,0.45161290322580644,0.8578445822513694,0.2,0.09090909090909091,0.7515542521994135,0
11,146.9,267.0,30.0,91.94286269200019,8,11,2.8453509354682804,11,11,7.0,12,2,3.459431617050333,0,0.0,0.0,0.0,1.86277087071941,0.0,0.6140806815820525,0.1111111111111111,0.08333333333333333,0.18055555555555558,1
22,171.23809523809524,285.0,35.0,86.16424225855485,13,22,3.5383105937395025,22,22,8.272727272727273,14,2,4.459431615463368,1,0.0,0.0,0.0,2.459444103073736,0.043478260869565216,0.9211210217238652,0.07142857142857142,0.043478260869565216,0.20590062111801244,1
6,195.0,270.0,124.0,55.86412086482701,6,6,2.584962499855539,6,6,6.166666666666667,12,2,2.584962499855539,0,0.0,0.0,0.0,1.226200160187884,0.0,0.0,0.14285714285714285,0.14285714285714285,0.17142857142857146,1
18,57.470588235294116,116.0,3.0,31.246868355195538,4,18,1.7652465278016631,8,18,24.833333333333332,49,3,2.8218881943720224,3,0.0,0.0,0.0,1.4015378032047712,0.15789473684210525,1.0566416665703593,0.2,0.1111111111111111,0.232046783625731,0
24,50.21739130434783,115.0,1.0,35.73569220740705,4,24,1.9899343777484984,9,24,23.375,36,2,2.81290729054853,9,0.0,0.0,1.0,1.7770731869343757,0.36,0.8229729128000318,0.2,0.1,0.514,0
31,69.0,118.0,4.0,34.783137677136985,4,31,1.914371881668045,10,31,29.774193548387096,53,2,2.8937349224626567,5,0.0,1.0,0.0,1.595530067761668,0.15625,0.9793630407946117,0.2,0.09090909090909091,0.43340909090909097,0
23,188.63636363636363,288.0,38.0,73.11295461292346,14,23,3.6211755408996975,23,23,8.478260869565217,19,2,4.523561952738814,1,0.0,0.0,0.0,1.9175969147479754,0.041666666666666664,0.9023864118391165,0.06666666666666667,0.041666666666666664,0.20583333333333334,1
38,62.67567567567568,119.0,2.0,35.54597635955824,4,38,1.8656090727769177,10,38,39.578947368421055,78,2,3.0105709328257886,14,0.0,1.0,0.0,1.5082940316355717,0.358974358974359,1.144961860048871,0.2,0.09090909090909091,0.5144988344988345,0
10,169.0,296.0,7.0,89.52218843517076,9,10,3.121928093588937,10,10,10.2,18,3,3.3219280934446678,0,0.0,0.0,0.0,1.7833508712176638,0.0,0.1999999998557307,0.1,0.09090909090909091,0.1809090909090909,1
3,197.0,286.0,108.0,89.0,3,3,1.5849625002883474,3,3,7.333333333333333,8,7,1.5849625002883474,0,0.0,0.0,0.0,1.2914509261608755,0.0,0.0,0.25,0.25,0.15000000000000002,1
20,58.526315789473685,119.0,5.0,33.800293398061115,4,20,1.9261207462656025,9,20,6.95,15,2,2.8086949682644162,3,0.0,0.0,0.0,1.220026876839856,0.14285714285714285,0.8825742219988137,0.2,0.1,0.22714285714285715,0
21,53.5,119.0,1.0,36.33937258676875,4,21,1.8726693563329548,10,21,23.238095238095237,49,2,3.041625612926528,4,0.0,0.0,0.0,1.4136317134363292,0.18181818181818182,1.1689562565935732,0.2,0.09090909090909091,0.24363636363636368,0
30,60.58620689655172,117.0,2.0,34.64252642831501,4,30,1.9655962297805238,10,30,34.06666666666667,63,2,2.8757006951809068,14,0.0,1.0,1.0,1.530711515872337,0.45161290322580644,0.9101044654003829,0.2,0.09090909090909091,0.7515542521994135,0
20,145.21052631578948,268.0,12.0,84.88108024721127,11,20,3.2841837181922244,20,20,7.95,19,3,4.321928092001972,1,0.0,0.0,0.0,1.717966416570784,0.047619047619047616,1.0377443738097476,0.08333333333333333,0.047619047619047616,0.20595238095238094,1
6,151.6,294.0,13.0,113.92383420513902,5,6,2.251629166666475,6,6,9.833333333333334,19,4,2.584962499855539,0,0.0,0.0,0.0,1.2709398957623068,0.0,0.333333333189064,0.16666666666666666,0.14285714285714285,0.16904761904761906,1
22,68.19047619047619,117.0,11.0,36.29065083280377,4,22,1.7863118313705038,9,22,37.59090909090909,63,2,2.8808381649206645,13,0.0,1.0,1.0,1.6920832119242823,0.5652173913043478,1.0945263335501607,0.2,0.1,0.7960869565217391,0
40,54.97435897435897,116.0,5.0,34.03202652968658,4,40,1.996387226416826,12,40,6.75,15,2,3.209986545279753,7,0.0,0.0,0.0,1.3542130737898959,0.17073170731707318,1.213599318862927,0.2,0.07692307692307693,0.2406003752345216,0
5,182.25,280.0,103.0,64.97836178298127,5,5,2.3219280941660148,5,5,7.8,11,6,2.3219280941660148,0,0.0,0.0,0.0,1.5092532612079097,0.0,0.0,0.16666666666666666,0.16666666666666666,0.16666666666666669,1
10,199.0,297.0,7.0,79.3025150224688,8,10,2.9219280937332064,10,10,8.7,13,3,3.3219280934446678,2,0.0,0.0,0.0,2.0643410294977573,0.18181818181818182,0.3999999997114614,0.1111111111111111,0.09090909090909091,0.25252525252525254,1
35,63.705882352941174,117.0,0.0,36.81713908091999,4,35,1.9382018589663939,11,35,29.6,63,2,3.199974802919989,14,0.0,1.0,1.0,1.4799883463504948,0.3888888888888889,1.261772943953595,0.2,0.08333333333333333,0.7272222222222223,0
25,72.45833333333333,118.0,9.0,34.554279964845,4,25,1.7095263317459968,13,25,9.16,30,2,3.4790795687486713,14,1.0,0.0,1.0,1.0280118983786397,0.5384615384615384,1.7695532370026745,0.2,0.07142857142857142,0.7882417582417584,0
18,55.76470588235294,120.0,0.0,38.01165364922696,4,18,1.9182958334774112,9,18,8.944444444444445,30,2,2.9749374999035014,9,1.0,0.0,1.0,0.8583601030187522,0.47368421052631576,1.0566416664260903,0.2,0.1,0.7594736842105264,0
8,45.714285714285715,107.0,12.0,33.575987532394485,3,8,1.4999999995671913,5,8,22.875,49,2,2.155639061508219,3,0.0,0.0,0.0,0.9862048706400102,0.3333333333333333,0.6556390619410275,0.25,0.16666666666666666,0.2916666666666667,0
30,55.206896551724135,112.0,0.0,35.99653173939346,4,30,1.9709505938775906,11,30,42.03333333333333,78,2,3.1730235129881037,8,0.0,1.0,0.0,1.6882627214675099,0.25806451612903225,1.202072919110513,0.2,0.08333333333333333,0.4748924731182796,0
17,172.875,277.0,60.0,79.82314435675909,10,17,3.101881222033323,15,17,7.0,15,2,3.852168721439238,0,0.0,0.0,0.0,1.6853238156296666,0.0,0.750287499405915,0.09090909090909091,0.0625,0.1846590909090909,1
17,70.6875,119.0,15.0,34.515791223004,4,17,1.851226815320114,5,17,26.764705882352942,49,2,2.2183782810691484,2,0.0,0.0,0.0,1.1874848445723087,0.1111111111111111,0.36715146574903446,0.2,0.16666666666666666,0.2077777777777778,0
25,184.0,289.0,10.0,78.39961734600494,16,25,3.863465187293335,24,25,8.84,19,3,4.5638561863122575,2,0.0,0.0,0.0,2.017224434350018,0.07692307692307693,0.7003909990189223,0.058823529411764705,0.04,0.2208868778280543,1
10,128.44444444444446,293.0,20.0,85.59739236826618,10,10,3.3219280934446678,10,10,10.1,15,4,3.3219280934446678,1,0.0,0.0,0.0,2.0969671089869464,0.09090909090909091,0.0,0.09090909090909091,0.09090909090909091,0.2181818181818182,1
10,181.66666666666666,300.0,62.0,80.7093550959243,8,10,2.9219280937332064,10,10,10.5,14,4,3.3219280934446678,1,0.0,0.0,0.0,2.325349665411267,0.09090909090909091,0.3999999997114614,0.1111111111111111,0.09090909090909091,0.21616161616161617,1
30,63.58620689655172,119.0,4.0,36.10665927821426,4,30,1.944623213677501,8,30,26.433333333333334,49,2,2.743762161468326,5,0.0,0.0,0.0,1.4505355960295883,0.16129032258064516,0.7991389477908251,0.2,0.1111111111111111,0.23340501792114698,0
8,203.28571428571428,298.0,6.0,92.26160675835129,7,8,2.749999998990113,8,8,8.375,13,3,2.9999999988458437,1,0.0,0.0,0.0,1.7946428564524244,0.1111111111111111,0.24999999985573051,0.125,0.1111111111111111,0.22083333333333333,1
11,163.4,293.0,14.0,102.43456447898825,11,11,3.459431617050333,11,11,8.454545454545455,12,4,3.459431617050333,1,0.0,0.0,0.0,2.24984014255721,0.08333333333333333,0.0,0.08333333333333333,0.08333333333333333,0.21666666666666667,1
17,137.0,246.0,17.0,66.17023500033834,9,17,2.984234163354063,17,17,8.176470588235293,13,2,4.087462838797758,1,0.0,0.0,0.0,2.3872156915667575,0.05555555555555555,1.1032286754436949,0.1,0.05555555555555555,0.20666666666666667,1
22,163.0952380952381,297.0,30.0,79.07374783309491,13,22,3.4817145711105693,22,22,8.136363636363637,14,2,4.459431615463368,0,0.0,0.0,0.0,2.418903815660433,0.0,0.9777170443527985,0.07142857142857142,0.043478260869565216,0.18850931677018634,1
30,55.0,104.0,1.0,33.19326894790984,4,30,1.8391564329645398,9,30,35.36666666666667,63,2,2.8778650808675312,16,0.0,1.0,1.0,1.5903202347919014,0.5161290322580645,1.0387086479029914,0.2,0.1,0.7764516129032258,0
23,59.81818181818182,119.0,5.0,37.66435059555818,4,23,1.8475239110610353,8,23,24.91304347826087,49,3,2.822717803652259,3,0.0,0.0,0.0,1.4064498273849952,0.125,0.9751938925912236,0.2,0.1111111111111111,0.2188888888888889,0
11,101.7,207.0,7.0,66.5177419941477,7,11,2.6635327537943683,11,11,10.545454545454545,15,4,3.459431617050333,0,0.0,0.0,0.0,2.2800799294195375,0.0,0.7958988632559647,0.125,0.08333333333333333,0.1791666666666667,1
13,131.41666666666666,248.0,1.0,82.06446483642533,9,13,3.085055101458051,12,13,8.23076923076923,14,3,3.546593562563704,1,0.0,0.0,0.0,1.9460795445862376,0.07142857142857142,0.4615384611056532,0.1,0.07692307692307693,0.2108791208791209,1
26,66.16,113.0,4.0,31.319872285818793,4,26,1.950063755859132,7,26,49.73076923076923,78,2,2.450305353130517,14,0.0,1.0,0.0,1.5424755703981299,0.5185185185185185,0.500241597271385,0.2,0.125,0.5749074074074074,0
30,69.13793103448276,119.0,10.0,29.285425512420332,4,30,1.9329145634023197,9,30,29.233333333333334,53,2,2.742367361991843,4,0.0,1.0,0.0,1.4846025780659546,0.12903225806451613,0.8094527985895232,0.2,0.1,0.4216129032258065,0
13,142.66666666666666,288.0,8.0,92.23279725178506,10,13,3.2389012551599357,13,13,8.076923076923077,13,3,3.7004397162655884,0,0.0,0.0,0.0,2.1348690670763006,0.0,0.4615384611056528,0.09090909090909091,0.07142857142857142,0.18376623376623377,1
12,175.72727272727272,291.0,62.0,76.1817096983389,6,12,2.522055208008583,12,12,6.75,16,2,3.5849624989899223,1,0.0,0.0,0.0,1.4234409922459985,0.07692307692307693,1.062907290981339,0.14285714285714285,0.07692307692307693,0.20879120879120883,1
22,157.85714285714286,299.0,5.0,89.89532839935127,13,22,3.606936730299818,22,22,8.818181818181818,16,2,4.459431615463368,0,0.0,0.0,0.0,2.3131811053473084,0.0,0.8524948851635497,0.07142857142857142,0.043478260869565216,0.18850931677018634,1
7,61.666666666666664,115.0,13.0,40.27268166994705,4,7,1.8423709926000305,4,7,62.285714285714285,78,38,1.8423709926000305,2,0.0,1.0,0.0,1.452574598143966,0.25,0.0,0.2,0.2,0.4600000000000001,0
14,189.0,300.0,2.0,94.58167004072358,8,14,2.8423709920229525,14,14,9.642857142857142,17,3,3.8073549200378314,0,0.0,0.0,0.0,2.039654421448838,0.0,0.9649839280148789,0.1111111111111111,0.06666666666666667,0.18222222222222223,1
15,60.142857142857146,117.0,19.0,35.241730829185094,4,15,1.9655962297805238,8,15,24.866666666666667,53,2,2.840223927787696,2,0.0,1.0,0.0,1.3079055864997662,0.125,0.8746276980071721,0.2,0.1111111111111111,0.4188888888888889,0
19,187.72222222222223,300.0,5.0,91.6344219382139,11,19,3.286629485199231,19,19,8.368421052631579,19,2,4.247927510702465,1,0.0,0.0,0.0,1.777422300530768,0.05,0.961298025503234,0.08333333333333333,0.05,0.20666666666666667,1
19,67.66666666666667,116.0,7.0,37.14087296287534,4,19,1.959298909952611,7,19,24.42105263157895,36,2,2.3715335937808972,4,0.0,0.0,0.0,1.5652796408454288,0.2,0.4122346838282862,0.2,0.125,0.24750000000000005,0
32,62.96774193548387,120.0,2.0,35.58314558523254,4,32,1.8741276164214418,8,32,23.0625,36,2,2.7648191414917673,13,0.0,0.0,1.0,1.7233416608284835,0.3939393939393939,0.8906915250703256,0.2,0.1111111111111111,0.5264646464646465,0
6,98.0,176.0,7.0,74.21320637191201,5,6,2.251629166666475,6,6,9.5,14,5,2.584962499855539,0,0.0,0.0,0.0,1.6371429165751747,0.0,0.333333333189064,0.16666666666666666,0.14285714285714285,0.16904761904761906,1
37,52.5,116.0,4.0,30.62270399556512,4,37,1.9216495679776944,13,37,5.351351351351352,15,2,3.539873971569194,6,0.0,0.0,0.0,1.1839443350856427,0.15789473684210525,1.6182244035914997,0.2,0.07142857142857142,0.23601503759398498,0
21,123.05,254.0,11.0,75.76112129582032,10,21,3.17756623065383,21,21,9.238095238095237,13,3,4.3923174197491,0,0.0,0.0,0.0,2.898331902827637,0.0,1.2147511890952698,0.09090909090909091,0.045454545454545456,0.18636363636363637,1
25,166.5,296.0,9.0,100.73935014018437,13,25,3.5630741875530663,25,25,8.92,18,2,4.643856186167987,0,0.0,0.0,0.0,2.1801682726641287,0.0,1.080781998614921,0.07142857142857142,0.038461538461538464,0.189010989010989,1
21,164.8,300.0,29.0,91.68293189029242,11,21,3.368042420985751,21,21,7.666666666666667,18,2,4.3923174197491,2,0.0,0.0,0.0,1.7723386079689352,0.09090909090909091,1.0242749987633486,0.08333333333333333,0.045454545454545456,0.2234848484848485,1
13,82.58333333333333,120.0,14.0,25.539049621228187,4,13,1.7381493326157882,9,13,37.46153846153846,78,2,2.931208947611897,5,0.0,1.0,0.0,1.3899695788578323,0.35714285714285715,1.193059614996109,0.2,0.1,0.5128571428571429,0
21,192.2,296.0,11.0,99.85669732171198,13,21,3.463280515935307,21,21,8.19047619047619,13,2,4.3923174197491,0,0.0,0.0,0.0,2.5696550891049155,0.0,0.9290369038137927,0.07142857142857142,0.045454545454545456,0.18831168831168832,1
7,140.5,267.0,33.0,80.76251193055683,6,7,2.5216406354777012,7,7,12.285714285714286,18,5,2.8073549210477173,0,0.0,0.0,0.0,1.815282129399276,0.0,0.2857142855700161,0.14285714285714285,0.125,0.17321428571428574,1
16,113.93333333333334,281.0,1.0,98.36155527214663,12,16,3.499999998268766,16,16,8.875,13,2,3.9999999976916882,0,0.0,0.0,0.0,2.535714284250981,0.0,0.49999999942292206,0.07692307692307693,0.058823529411764705,0.18642533936651584,1
4,61.666666666666664,114.0,13.0,41.314511843768514,4,4,1.9999999994229218,4,4,7.0,11,2,1.9999999994229218,1,0.0,0.0,0.0,1.1666666663300378,0.2,0.0,0.2,0.2,0.24000000000000005,1
5,75.5,98.0,24.0,30.120590963658067,3,5,1.5219280944545537,5,5,5.4,8,2,2.3219280941660148,0,0.0,0.0,0.0,1.393156856499609,0.0,0.7999999997114611,0.25,0.16666666666666666,0.15833333333333335,0
15,53.07142857142857,118.0,3.0,33.08315127008284,4,15,1.746465797926994,7,15,12.0,30,2,2.4225797608326047,10,1.0,0.0,1.0,0.9377728106448793,0.625,0.6761139629056108,0.2,0.125,0.8175,0
7,49.166666666666664,94.0,3.0,35.87207208338481,4,7,1.9502120643376688,6,7,30.285714285714285,76,3,2.5216406354777012,2,0.0,1.0,0.0,0.9918141274977229,0.25,0.5714285711400324,0.2,0.14285714285714285,0.4657142857142858,0
14,183.84615384615384,289.0,68.0,64.2265774772241,9,14,3.039148670604645,14,14,6.785714285714286,14,2,3.8073549200378314,1,0.0,0.0,0.0,1.722374844779019,0.06666666666666667,0.7682062494331863,0.1,0.06666666666666667,0.21000000000000002,1
11,138.8,221.0,27.0,63.971556179289564,8,11,2.9139770720285956,11,11,8.090909090909092,15,3,3.459431617050333,0,0.0,0.0,0.0,1.7493716699856798,0.0,0.5454545450217374,0.1111111111111111,0.08333333333333333,0.18055555555555558,1
6,66.8,120.0,16.0,39.51404813480897,4,6,1.9182958334774112,5,6,36.666666666666664,53,4,2.251629166666475,2,0.0,1.0,0.0,1.528884002057483,0.2857142857142857,0.333333333189064,0.2,0.16666666666666666,0.4776190476190476,0
28,54.74074074074074,106.0,2.0,33.14456839764425,4,28,1.6706340173438257,8,28,19.321428571428573,49,2,2.757923564287228,4,0.0,0.0,0.0,1.0657404630567076,0.13793103448275862,1.0872895469434023,0.2,0.1111111111111111,0.22406130268199237,0
11,157.9,290.0,50.0,78.17090251493839,8,11,2.9139770720285956,11,11,8.363636363636363,13,4,3.459431617050333,0,0.0,0.0,0.0,2.0666734335625363,0.0,0.5454545450217374,0.1111111111111111,0.08333333333333333,0.18055555555555558,1
11,55.4,118.0,1.0,44.376119704183246,3,11,1.4949188478011421,5,11,29.90909090909091,47,3,2.1626441173259128,4,0.0,1.0,0.0,1.3475566564398207,0.3333333333333333,0.6677252695247706,0.25,0.16666666666666666,0.4916666666666667,0
23,155.54545454545453,271.0,2.0,80.07253942674689,12,23,3.4685766279566304,23,23,9.347826086956522,15,2,4.523561952738814,0,0.0,0.0,0.0,2.642841901735992,0.0,1.0549853247821837,0.07692307692307693,0.041666666666666664,0.18814102564102564,1
29,54.035714285714285,118.0,5.0,30.71933098096974,4,29,1.8962459803459863,11,29,8.482758620689655,30,2,3.16420804599703,19,1.0,0.0,1.0,0.8658455832205444,0.6333333333333333,1.2679620656510437,0.2,0.08333333333333333,0.8250000000000001,0
25,156.75,274.0,4.0,74.39884071677461,15,25,3.703465187437605,25,25,8.32,17,3,4.643856186167987,2,0.0,0.0,0.0,2.146493526050981,0.07692307692307693,0.9403909987303822,0.0625,0.038461538461538464,0.22067307692307692,1
15,131.85714285714286,297.0,23.0,94.20331897615098,12,15,3.45656476039972,15,15,7.066666666666666,13,2,3.906890593444476,0,0.0,0.0,0.0,1.9720495376434022,0.0,0.45032583304475615,0.07692307692307693,0.0625,0.1860576923076923,1
18,58.294117647058826,118.0,6.0,33.28798530097494,4,18,1.836591667531901,8,18,22.77777777777778,36,2,2.5226203083768657,5,0.0,0.0,1.0,1.5529644541058782,0.2631578947368421,0.6860286408449647,0.2,0.1111111111111111,0.47415204678362577,0
30,47.6551724137931,117.0,1.0,32.35394327836915,4,30,1.9413453554229891,10,30,26.233333333333334,53,2,3.0355917445852363,6,0.0,1.0,0.0,1.474697964807766,0.1935483870967742,1.0942463891622471,0.2,0.09090909090909091,0.4483284457478006,0
14,188.3846153846154,279.0,66.0,71.10721965026148,10,14,3.2359263491863377,14,14,7.714285714285714,17,2,3.8073549200378314,2,0.0,0.0,0.0,1.6317235371590708,0.13333333333333333,0.5714285708514937,0.09090909090909091,0.06666666666666667,0.2375757575757576,1
5,59.5,83.0,27.0,22.907422377910613,4,5,1.9219280943102843,3,5,12.8,49,3,1.37095059402186,0,0.0,0.0,0.0,0.35096335206959617,0.0,0.5509775002884243,0.2,0.25,0.15500000000000003,0
7,73.0,120.0,18.0,34.136978971978955,3,7,1.378783493053367,5,7,8.857142857142858,15,2,2.235926349907685,4,0.0,0.0,0.0,1.2377449436988972,0.5,0.8571428568543182,0.25,0.16666666666666666,0.3583333333333334,0
30,57.3448275862069,117.0,15.0,29.402411186686084,4,30,1.890107479564177,6,30,25.833333333333332,36,2,2.335709664417326,8,0.0,0.0,1.0,1.6307882792102952,0.25806451612903225,0.44560218485314906,0.2,0.14285714285714285,0.46894009216589866,0
18,61.0,111.0,12.0,32.68026927673638,4,18,1.90487500457818,5,18,40.888888888888886,63,3,1.7688538368946523,12,0.0,1.0,1.0,1.1301010624604721,0.631578947368421,0.13602116768352768,0.2,0.16666666666666666,0.8159649122807019,0
11,61.0,112.0,5.0,37.58191054217441,4,11,1.789929074732921,7,11,8.0,15,2,2.6635327537943683,3,0.0,0.0,0.0,1.3317663768971841,0.25,0.8736036790614472,0.2,0.125,0.2675,0
24,61.26086956521739,116.0,2.0,34.971065544687264,4,24,1.9329316463213881,9,24,23.666666666666668,36,2,2.8028416688741067,10,0.0,0.0,1.0,1.7928086350455998,0.4,0.8699100225527185,0.2,0.1,0.53,0
25,145.125,297.0,21.0,89.57134609721274,16,25,3.8438561874664128,25,25,10.12,19,2,4.643856186167987,3,0.0,0.0,0.0,2.3497912302010016,0.11538461538461539,0.7999999987015745,0.058823529411764705,0.038461538461538464,0.23642533936651583,1
23,59.81818181818182,118.0,0.0,37.57251941081451,4,23,1.985277589931944,8,23,19.347826086956523,36,2,2.7155702624909477,6,0.0,0.0,1.0,1.4200103017725874,0.25,0.7302926725590038,0.2,0.1111111111111111,0.46888888888888897,0
16,149.26666666666668,280.0,5.0,97.79943194563499,10,16,3.108458591901655,16,16,9.375,19,3,3.9999999976916882,0,0.0,0.0,0.0,1.8749999989179789,0.0,0.8915414057900333,0.09090909090909091,0.058823529411764705,0.18502673796791444,1
21,164.55,275.0,3.0,87.06059671286431,13,21,3.5585186111734024,20,21,10.238095238095237,19,3,4.297079324655274,1,0.0,0.0,0.0,2.199695368573533,0.045454545454545456,0.7385607134818719,0.07142857142857142,0.047619047619047616,0.20627705627705628,1
28,68.51851851851852,119.0,0.0,34.06135028137314,4,28,1.9701429787582374,8,28,27.178571428571427,36,2,2.548029030587732,13,0.0,0.0,1.0,1.8716699732406021,0.4482758620689655,0.5778860518294946,0.2,0.1111111111111111,0.5481992337164752,0
7,126.16666666666667,296.0,17.0,86.1924526213803,5,7,2.235926349907685,7,7,7.285714285714286,13,2,2.8073549210477173,0,0.0,0.0,0.0,1.460970418096261,0.0,0.5714285711400322,0.16666666666666666,0.125,0.17083333333333334,1
10,74.0,117.0,19.0,32.59515983155236,3,10,1.57095059402186,6,10,29.7,63,2,2.4464393438053986,4,0.0,1.0,1.0,1.1353007579846928,0.36363636363636365,0.8754887497835386,0.25,0.14285714285714285,0.7061688311688313,0
38,63.810810810810814,120.0,0.0,40.88007367492028,4,38,1.9245978864660274,13,38,7.078947368421052,15,2,3.34622586666044,12,0.0,0.0,0.0,1.4804847995586485,0.3076923076923077,1.4216279801944125,0.2,0.07142857142857142,0.29593406593406596,0
6,179.0,252.0,72.0,62.78853398511547,6,6,2.584962499855539,6,6,8.5,13,4,2.584962499855539,0,0.0,0.0,0.0,1.5694415177694343,0.0,0.0,0.14285714285714285,0.14285714285714285,0.17142857142857146,1
10,142.33333333333334,232.0,14.0,58.252324703253976,9,10,3.121928093588937,10,10,9.4,15,2,3.3219280934446678,0,0.0,0.0,0.0,1.9516327548987424,0.0,0.1999999998557307,0.1,0.09090909090909091,0.1809090909090909,1
5,169.0,240.0,17.0,91.22225605629363,4,5,1.9219280943102843,5,5,8.6,13,3,2.3219280941660148,0,0.0,0.0,0.0,1.4263272578448374,0.0,0.3999999998557304,0.2,0.16666666666666666,0.16333333333333336,1
27,64.46153846153847,120.0,4.0,32.90222200730145,4,27,1.875309502999189,10,27,21.88888888888889,53,2,3.176028593939637,3,0.0,1.0,0.0,1.2874025370496058,0.10714285714285714,1.300719090940448,0.2,0.09090909090909091,0.4137662337662338,0
19,65.55555555555556,116.0,11.0,31.70387677349784,4,19,1.9312952796557963,10,19,5.2105263157894735,15,2,3.1158340907205253,2,0.0,0.0,0.0,1.014695970333329,0.1,1.184538811064729,0.2,0.09090909090909091,0.21090909090909093,0
11,166.7,300.0,31.0,97.02994383178834,8,11,2.9139770720285956,11,11,10.181818181818182,14,6,3.459431617050333,1,0.0,0.0,0.0,2.348220249149317,0.08333333333333333,0.5454545450217374,0.1111111111111111,0.08333333333333333,0.2138888888888889,1
11,52.3,103.0,0.0,37.7784330008538,4,11,1.8585552112932362,6,11,5.7272727272727275,11,2,2.550340708680771,2,0.0,0.0,0.0,1.2172080655067317,0.16666666666666666,0.6917854973875346,0.2,0.14285714285714285,0.2323809523809524,0
8,165.57142857142858,281.0,57.0,74.29642779887516,6,8,2.4056390613639493,8,8,6.875,13,3,2.9999999988458437,0,0.0,0.0,0.0,1.4732142851475125,0.0,0.5943609374818943,0.14285714285714285,0.1111111111111111,0.17460317460317462,1
21,135.55,268.0,7.0,76.0285965936502,13,21,3.499227539847853,21,21,9.761904761904763,18,2,4.3923174197491,1,0.0,0.0,0.0,2.2567044387182094,0.045454545454545456,0.8930898799012468,0.07142857142857142,0.045454545454545456,0.2064935064935065,1
12,168.9090909090909,293.0,20.0,74.53913498712002,8,12,2.8553885410533777,12,12,8.5,16,3,3.5849624989899223,0,0.0,0.0,0.0,1.7924812494949611,0.0,0.7295739579365446,0.1111111111111111,0.07692307692307693,0.18119658119658122,1
13,171.0,261.0,44.0,65.50954128979991,10,13,3.2389012551599357,13,13,8.846153846153847,13,5,3.7004397162655884,2,0.0,0.0,0.0,2.3381899306073777,0.14285714285714285,0.4615384611056528,0.09090909090909091,0.07142857142857142,0.2409090909090909,1
20,151.6315789473684,290.0,17.0,83.46711330080898,12,20,3.4464393429397813,20,20,6.85,13,2,4.321928092001972,1,0.0,0.0,0.0,2.114657673586679,0.047619047619047616,0.8754887490621908,0.07692307692307693,0.047619047619047616,0.20659340659340658,1
12,150.9090909090909,282.0,29.0,81.67057392126064,9,12,3.022055207575775,12,12,9.25,13,4,3.5849624989899223,1,0.0,0.0,0.0,2.3686359368326273,0.07692307692307693,0.5629072914141471,0.1,0.07692307692307693,0.2130769230769231,1
28,60.111111111111114,120.0,3.0,36.8383187509292,4,28,1.878309619039639,7,28,27.392857142857142,49,2,2.526129814586031,8,0.0,0.0,0.0,1.383958262705347,0.27586206896551724,0.6478201955463923,0.2,0.125,0.27784482758620693,0
6,106.8,218.0,23.0,75.35356660437515,6,6,2.584962499855539,6,6,7.0,12,3,2.584962499855539,0,0.0,0.0,0.0,1.391902884537598,0.0,0.0,0.14285714285714285,0.14285714285714285,0.17142857142857146,1
6,134.4,187.0,24.0,60.3675409471017,6,6,2.584962499855539,6,6,8.166666666666666,19,3,2.584962499855539,0,0.0,0.0,0.0,1.0555263541076785,0.0,0.0,0.14285714285714285,0.14285714285714285,0.17142857142857146,1
32,63.806451612903224,115.0,5.0,33.22787340893059,4,32,1.949918036090267,9,32,36.625,78,2,2.9280074198328823,12,0.0,1.0,0.0,1.3574464778655608,0.36363636363636365,0.9780893837426152,0.2,0.1,0.5154545454545455,0
11,52.5,104.0,19.0,23.871531161615923,4,11,1.8585552112932362,8,11,22.363636363636363,49,2,2.9139770720285956,1,0.0,0.0,0.0,1.3033424722164264,0.08333333333333333,1.0554218607353594,0.2,0.1111111111111111,0.20222222222222225,0
34,61.696969696969695,119.0,0.0,36.31051675728259,4,34,1.9784854212787466,10,34,43.35294117647059,78,2,2.935661091021463,10,0.0,1.0,0.0,1.6110068682671765,0.2857142857142857,0.9571756697427163,0.2,0.09090909090909091,0.4851948051948052,0
27,70.11538461538461,116.0,17.0,30.41169679210859,4,27,1.9726869282988442,9,27,23.666666666666668,53,2,3.0278804459357582,3,0.0,1.0,0.0,1.3270340226014743,0.10714285714285714,1.055193517636914,0.2,0.1,0.4128571428571429,0
18,58.294117647058826,111.0,9.0,30.39691297383832,4,18,1.90487500457818,8,18,43.55555555555556,78,2,2.8218881943720224,6,0.0,1.0,0.0,1.5558089622979363,0.3157894736842105,0.9170131897938425,0.2,0.1111111111111111,0.49520467836257315,0
36,55.51428571428571,115.0,0.0,36.697505893119086,4,36,1.9082419711517757,9,36,25.833333333333332,49,2,2.837313795369899,6,0.0,0.0,0.0,1.4659454609411142,0.16216216216216217,0.9290718242181231,0.2,0.1,0.2348648648648649,0
8,55.857142857142854,115.0,15.0,30.85648147439354,3,8,1.4999999995671913,5,8,27.875,49,4,2.249999999278652,2,0.0,0.0,0.0,1.2543749995978486,0.2222222222222222,0.7499999997114608,0.25,0.16666666666666666,0.24722222222222226,0
14,165.30769230769232,290.0,35.0,86.97867520736565,10,14,3.2359263491863377,14,14,7.857142857142857,13,2,3.8073549200378314,0,0.0,0.0,0.0,2.1367808224702114,0.0,0.5714285708514937,0.09090909090909091,0.06666666666666667,0.18424242424242426,1
6,177.6,283.0,40.0,87.23898211235617,5,6,2.251629166666475,6,6,7.166666666666667,13,3,2.584962499855539,0,0.0,0.0,0.0,1.323254613021288,0.0,0.333333333189064,0.16666666666666666,0.14285714285714285,0.16904761904761906,1
9,64.5,118.0,8.0,39.080046059338265,3,9,1.3516441147205838,7,9,22.11111111111111,36,2,2.725480555987981,3,0.0,0.0,1.0,1.628740632557382,0.3,1.3738364412673973,0.25,0.125,0.48250000000000004,0
37,58.47222222222222,116.0,0.0,33.382868286918196,4,37,1.962248077826783,10,37,27.324324324324323,49,2,2.908495853111464,6,0.0,0.0,0.0,1.5894536797274,0.15789473684210525,0.946247775284681,0.2,0.09090909090909091,0.23406698564593303,0
40,64.97435897435898,120.0,1.0,38.65527275506633,4,40,1.9664303571929898,13,40,7.375,30,2,3.525716307212751,17,1.0,0.0,1.0,0.8387792827643238,0.4146341463414634,1.5592859500197611,0.2,0.07142857142857142,0.7387108013937284,0
13,54.666666666666664,109.0,13.0,32.53032773001561,4,13,1.826245257825531,8,13,27.076923076923077,53,2,2.8150724089617873,3,0.0,1.0,0.0,1.4115462791375344,0.21428571428571427,0.9888271511362563,0.2,0.1111111111111111,0.4546031746031746,0
10,71.77777777777777,117.0,43.0,20.142700788666062,4,10,1.9709505938775906,7,10,5.7,15,2,2.6464393436611293,1,0.0,0.0,0.0,0.9427940161792774,0.09090909090909091,0.6754887497835387,0.2,0.125,0.2038636363636364,0
11,158.2,298.0,29.0,96.33047285257142,7,11,2.6635327537943683,11,11,7.636363636363637,13,2,3.459431617050333,0,0.0,0.0,0.0,1.8869627002092728,0.0,0.7958988632559647,0.125,0.08333333333333333,0.1791666666666667,1
11,147.6,280.0,1.0,80.47508931340182,9,11,3.095795253702508,11,11,8.090909090909092,16,2,3.459431617050333,0,0.0,0.0,0.0,1.6464674541041695,0.0,0.3636363633478248,0.1,0.08333333333333333,0.1816666666666667,1
40,65.23076923076923,117.0,5.0,33.40924295450137,4,40,1.9887586803379302,10,40,21.925,49,2,2.93982278056606,8,0.0,0.0,0.0,1.2891122892782174,0.1951219512195122,0.9510641002281299,0.2,0.09090909090909091,0.24895787139689582,0
19,67.27777777777777,120.0,1.0,31.39852359507716,4,19,1.9937737537449056,9,19,20.526315789473685,53,2,2.984769617408318,2,0.0,1.0,0.0,1.134561550476846,0.1,0.9909958636634122,0.2,0.1,0.4100000000000001,0
13,139.75,278.0,17.0,89.18438297519732,11,13,3.39274740886182,13,13,7.846153846153846,15,2,3.7004397162655884,1,0.0,0.0,0.0,1.8146387070148557,0.07142857142857142,0.3076923074037685,0.08333333333333333,0.07142857142857142,0.21309523809523812,1
20,174.10526315789474,282.0,26.0,94.42228480097276,12,20,3.4219280931561284,20,20,8.1,13,2,4.321928092001972,2,0.0,0.0,0.0,2.5005441103725694,0.09523809523809523,0.8999999988458436,0.07692307692307693,0.047619047619047616,0.22564102564102564,1
9,132.625,283.0,1.0,104.52145413741621,8,9,2.947702778065934,9,9,5.555555555555555,10,2,3.169925000143887,0,0.0,0.0,0.0,1.6009722222948923,0.0,0.22222222207795284,0.1111111111111111,0.1,0.1788888888888889,1
11,147.3,264.0,32.0,85.14229266351713,9,11,3.027169117142193,11,11,7.545454545454546,19,2,3.459431617050333,0,0.0,0.0,0.0,1.3051492009780803,0.0,0.4322624999081399,0.1,0.08333333333333333,0.1816666666666667,1
3,128.0,171.0,85.0,43.0,2,3,0.9182958337659504,3,3,9.0,12,4,1.5849625002883474,1,0.0,0.0,0.0,1.0972817309688558,0.25,0.666666666522397,0.3333333333333333,0.25,0.2416666666666667,1
6,80.0,111.0,42.0,28.48157299026864,3,6,1.459147916594436,6,6,27.333333333333332,63,3,2.584962499855539,3,0.0,1.0,1.0,1.1039944009799698,0.42857142857142855,1.125814583261103,0.25,0.14285714285714285,0.7321428571428571,0
16,152.2,282.0,7.0,74.56558634294151,9,16,2.9528195298163578,16,16,7.0625,15,3,3.9999999976916882,0,0.0,0.0,0.0,1.7656249989810968,0.0,1.0471804678753305,0.1,0.058823529411764705,0.18411764705882355,1
13,163.25,298.0,2.0,89.39810307458058,9,13,2.9689185626636716,12,13,8.153846153846153,13,2,3.546593562563704,0,0.0,0.0,0.0,2.065598448526113,0.0,0.5776749999000326,0.1,0.07692307692307693,0.18230769230769234,1
8,125.42857142857143,263.0,16.0,95.59416769844896,7,8,2.749999998990113,8,8,9.375,19,3,2.9999999988458437,0,0.0,0.0,0.0,1.4062499994589892,0.0,0.24999999985573051,0.125,0.1111111111111111,0.1763888888888889,1
22,127.33333333333333,275.0,6.0,74.02337683097359,13,22,3.5383105937395025,22,22,9.045454545454545,14,2,4.459431615463368,0,0.0,0.0,0.0,2.6891723984157885,0.0,0.9211210217238652,0.07142857142857142,0.043478260869565216,0.18850931677018634,1
23,52.95454545454545,101.0,7.0,30.13074128274865,4,23,1.8629771989620776,7,23,48.30434782608695,78,2,2.4962058470866615,7,0.0,1.0,0.0,1.5262986770023559,0.2916666666666667,0.6332286481245839,0.2,0.125,0.48416666666666675,0
36,62.6,116.0,1.0,32.47258184112516,4,36,1.9591479164501666,10,36,41.27777777777778,78,2,2.9484203208041424,11,0.0,1.0,0.0,1.5405599847802236,0.2972972972972973,0.9892724043539758,0.2,0.09090909090909091,0.4898280098280099,0
17,58.3125,117.0,5.0,29.106955246985212,4,17,1.971335284729903,7,17,45.05882352941177,78,2,2.6542553122051427,7,0.0,1.0,0.0,1.51389394575513,0.3888888888888889,0.6829200274752396,0.2,0.125,0.5230555555555556,0
11,59.3,108.0,10.0,37.99749991775775,4,11,1.867633890394134,8,11,9.545454545454545,30,2,2.732158890210414,7,1.0,0.0,1.0,0.8412805966923562,0.5833333333333334,0.8645249998162798,0.2,0.1111111111111111,0.8022222222222223,0
37,56.416666666666664,119.0,0.0,33.378615076788975,4,37,1.9305148893876927,11,37,31.37837837837838,63,2,3.201867554920528,17,0.0,1.0,1.0,1.5698345571210868,0.4473684210526316,1.2713526655328355,0.2,0.08333333333333333,0.7506140350877194,0
29,58.25,115.0,1.0,36.65049697577686,4,29,1.9146459354533656,7,29,39.55172413793103,63,2,2.4332082247555933,18,0.0,1.0,1.0,1.5037121949324705,0.6,0.5185622893022277,0.2,0.125,0.8075,0
18,125.6470588235294,281.0,4.0,87.43531469638205,11,18,3.2390979164018217,17,18,7.555555555555555,11,2,4.05881388787862,3,0.0,0.0,0.0,2.5555494849606126,0.15789473684210525,0.8197159714767985,0.08333333333333333,0.05555555555555555,0.24926900584795322,1
13,152.5,299.0,12.0,106.54302730196221,8,13,2.873140678358977,13,13,10.538461538461538,19,2,3.7004397162655884,1,0.0,0.0,0.0,1.9498470812630218,0.07142857142857142,0.8272990379066116,0.1111111111111111,0.07142857142857142,0.21031746031746032,1
21,150.6,298.0,2.0,91.78856137885592,13,21,3.5351745637603993,21,21,7.142857142857143,13,2,4.3923174197491,2,0.0,0.0,0.0,2.2409782753821936,0.09090909090909091,0.8571428559887004,0.07142857142857142,0.045454545454545456,0.2246753246753247,1
40,60.43589743589744,119.0,2.0,31.725420424600927,4,40,1.9077174685530702,10,40,48.125,78,2,2.7803433864584903,13,0.0,1.0,0.0,1.6937218414343653,0.3170731707317073,0.8726259179054201,0.2,0.09090909090909091,0.4977383592017739,0
16,157.0,284.0,5.0,90.90287857561681,13,16,3.6249999981244967,16,16,9.625,13,2,3.9999999976916882,1,0.0,0.0,0.0,2.7499999984130357,0.058823529411764705,0.37499999956719154,0.07142857142857142,0.058823529411764705,0.21050420168067227,1
23,127.18181818181819,290.0,18.0,86.22467288935363,17,23,3.936180431677173,21,23,8.956521739130435,15,2,4.349648909549092,1,0.0,0.0,0.0,2.43485781349759,0.041666666666666664,0.4134684778719193,0.05555555555555555,0.045454545454545456,0.20656565656565656,1
13,157.91666666666666,299.0,27.0,89.09307710977824,9,13,3.085055101458051,13,13,9.153846153846153,19,3,3.7004397162655884,1,0.0,0.0,0.0,1.6936627932138655,0.07142857142857142,0.6153846148075375,0.1,0.07142857142857142,0.21142857142857144,1
14,127.38461538461539,300.0,6.0,96.23092295382176,11,14,3.378783491899211,14,14,8.642857142857142,14,2,3.8073549200378314,2,0.0,0.0,0.0,2.19376164440275,0.13333333333333333,0.42857142813862037,0.08333333333333333,0.06666666666666667,0.23833333333333334,1
18,169.35294117647058,297.0,21.0,94.14378313576627,13,18,3.572431249446616,18,18,9.333333333333334,17,3,4.169924998845461,2,0.0,0.0,0.0,2.162183332734684,0.10526315789473684,0.5974937493988453,0.07142857142857142,0.05263157894736842,0.22969924812030076,1
8,176.0,278.0,81.0,69.5310824636826,6,8,2.4999999991343826,8,8,9.375,15,5,2.9999999988458437,1,0.0,0.0,0.0,1.7578124993237365,0.1111111111111111,0.49999999971146103,0.14285714285714285,0.1111111111111111,0.21904761904761905,1
40,71.64102564102564,117.0,7.0,30.358108095749124,4,40,1.9818625236441605,10,40,22.05,49,2,2.8793658860257967,9,0.0,0.0,0.0,1.2698003557373763,0.21951219512195122,0.8975033623816362,0.2,0.09090909090909091,0.25871396895787147,0
9,68.375,119.0,3.0,34.39090541116939,4,9,1.836591667531901,6,9,37.55555555555556,63,3,2.2810361116878064,6,0.0,1.0,1.0,1.3385246627612475,0.6,0.44444444415590545,0.2,0.14285714285714285,0.8057142857142857,0
18,119.23529411764706,300.0,3.0,95.07367385458296,11,18,3.308270832948296,18,18,9.555555555555555,19,4,4.169924998845461,0,0.0,0.0,0.0,1.992297499448387,0.0,0.8616541658971655,0.08333333333333333,0.05263157894736842,0.18640350877192985,1
14,195.3846153846154,292.0,60.0,76.9470731802446,12,14,3.5216406346120843,14,14,8.785714285714286,14,4,3.8073549200378314,0,0.0,0.0,0.0,2.23002216745073,0.0,0.28571428542574706,0.07692307692307693,0.06666666666666667,0.18564102564102564,1
14,66.92307692307692,118.0,5.0,37.10165150473356,4,14,1.7884504567312112,7,14,22.0,53,3,2.699513849310079,2,0.0,1.0,0.0,1.09980193860781,0.13333333333333333,0.911063392578868,0.2,0.125,0.4208333333333334,0
8,58.42857142857143,113.0,8.0,36.636660573245265,4,8,1.9056390616524883,4,8,32.0,36,24,1.9056390616524883,3,0.0,0.0,1.0,1.6481202695372872,0.3333333333333333,0.0,0.2,0.2,0.4933333333333334,0
25,150.875,265.0,34.0,69.03460032235044,16,25,3.863465187293335,25,25,8.52,19,2,4.643856186167987,2,0.0,0.0,0.0,1.9782827353075625,0.07692307692307693,0.780390998874652,0.058823529411764705,0.038461538461538464,0.22104072398190044,1
18,185.52941176470588,267.0,21.0,60.84611026966388,13,18,3.530493054881979,18,18,7.555555555555555,13,2,4.169924998845461,0,0.0,0.0,0.0,2.25043571366263,0.0,0.6394319439634826,0.07142857142857142,0.05263157894736842,0.18759398496240604,1
31,70.13333333333334,119.0,8.0,34.65422853787912,4,31,1.974178877306449,10,31,10.838709677419354,30,2,3.0214173747218047,20,1.0,0.0,1.0,1.0563956689974259,0.625,1.0472384974153557,0.2,0.09090909090909091,0.8209090909090909,0
30,60.03448275862069,118.0,1.0,31.601487043383745,4,30,1.9628980965380518,8,30,26.866666666666667,36,2,2.5022584115404416,9,0.0,0.0,1.0,1.8169552069383748,0.2903225806451613,0.5393603150023898,0.2,0.1111111111111111,0.48501792114695347,0
25,63.75,120.0,8.0,32.64104011823153,4,25,1.9394705702201742,9,25,8.84,30,3,2.9648894504348156,16,1.0,0.0,1.0,0.845471701349799,0.6153846153846154,1.0254188802146413,0.2,0.1,0.8161538461538461,0
24,169.47826086956522,292.0,22.0,88.75166602978437,15,24,3.6053885400434913,23,24,9.333333333333334,18,3,4.501629164069624,1,0.0,0.0,0.0,2.211326606911394,0.04,0.8962406240261327,0.0625,0.041666666666666664,0.20558333333333334,1
12,186.36363636363637,291.0,8.0,92.49596819446458,8,12,2.8553885410533777,12,12,7.083333333333333,11,3,3.5849624989899223,0,0.0,0.0,0.0,2.1161236973204405,0.0,0.7295739579365446,0.1111111111111111,0.07692307692307693,0.18119658119658122,1
37,57.166666666666664,120.0,0.0,38.93548795407889,4,37,1.904211651380554,11,37,27.37837837837838,53,2,3.1747449176867346,8,0.0,1.0,0.0,1.6096179187270583,0.21052631578947367,1.2705332663061806,0.2,0.08333333333333333,0.45587719298245616,0
12,182.45454545454547,297.0,94.0,58.607110391400056,9,12,3.022055207575775,12,12,9.083333333333334,13,2,3.5849624989899223,0,0.0,0.0,0.0,2.3259578118446522,0.0,0.5629072914141471,0.1,0.07692307692307693,0.18230769230769234,1
18,55.76470588235294,105.0,0.0,31.302188256084865,4,18,1.8412501697044767,10,18,6.888888888888889,15,2,3.12798680543498,3,0.0,0.0,0.0,1.3467720967845054,0.15789473684210525,1.2867366357305032,0.2,0.09090909090909091,0.23406698564593303,0
29,66.60714285714286,117.0,2.0,34.195174352232684,4,29,1.8154100541231042,9,29,25.655172413793103,53,2,2.91437658084293,2,0.0,1.0,0.0,1.3846080307453001,0.06666666666666667,1.0989665267198259,0.2,0.1,0.3966666666666667,0
15,169.78571428571428,287.0,39.0,81.84844755612008,11,15,3.323231427210656,15,15,8.533333333333333,15,3,3.906890593444476,1,0.0,0.0,0.0,2.083674983170387,0.0625,0.58365916623382,0.08333333333333333,0.0625,0.21041666666666667,1
4,213.0,280.0,125.0,64.99743584685989,4,4,1.9999999994229218,4,4,9.75,13,6,1.9999999994229218,0,0.0,0.0,0.0,1.3928571424552492,0.0,0.0,0.2,0.2,0.16000000000000003,1
8,56.857142857142854,117.0,16.0,38.9594242089623,4,8,1.7499999994229218,5,8,6.5,15,2,2.155639061508219,1,0.0,0.0,0.0,0.8757283687377139,0.1111111111111111,0.405639062085297,0.2,0.16666666666666666,0.2077777777777778,0
25,141.08333333333334,298.0,1.0,90.66555605937437,14,25,3.643074187408797,25,25,8.2,15,2,4.643856186167987,0,0.0,0.0,0.0,2.3799762954110935,0.0,1.0007819987591904,0.06666666666666667,0.038461538461538464,0.1894871794871795,1
12,70.63636363636364,115.0,4.0,40.28596129777655,4,12,1.9182958334774112,7,12,12.0,30,2,2.751629166377936,7,1.0,0.0,1.0,1.0651467740817817,0.5384615384615384,0.833333332900525,0.2,0.125,0.7828846153846155,0
37,57.833333333333336,120.0,5.0,35.5359755115229,4,37,1.98585799332528,10,37,22.62162162162162,49,2,2.973100164613172,7,0.0,0.0,0.0,1.3451269393412026,0.18421052631578946,0.987242171287892,0.2,0.09090909090909091,0.24459330143540672,0
20,76.21052631578948,120.0,0.0,37.7687965715064,4,20,1.8577174685530702,8,20,24.05,36,2,2.741446070011366,6,0.0,0.0,1.0,1.7819399455073879,0.2857142857142857,0.8837286014582957,0.2,0.1111111111111111,0.4831746031746032,0
35,68.5,120.0,7.0,33.039414964197995,4,35,1.9672534602805425,9,35,38.114285714285714,63,2,2.6141996940451877,17,0.0,1.0,1.0,1.5568492820786966,0.4722222222222222,0.6469462337646452,0.2,0.1,0.7588888888888888,0
13,144.83333333333334,296.0,5.0,95.81304132991964,10,13,3.1808329857627458,13,13,9.384615384615385,15,2,3.7004397162655884,0,0.0,0.0,0.0,2.1704502181942393,0.0,0.5196067305028427,0.09090909090909091,0.07142857142857142,0.18376623376623377,1
27,63.57692307692308,119.0,0.0,39.639891598201416,4,27,1.9003209158951258,10,27,20.185185185185187,36,2,2.5949463780726005,7,0.0,0.0,1.0,1.4156614374870544,0.25,0.6946254621774748,0.2,0.09090909090909091,0.47090909090909094,0
4,138.66666666666666,210.0,16.0,87.121881420354,3,4,1.4999999995671913,4,4,6.0,8,2,1.9999999994229218,0,0.0,0.0,0.0,1.3333333329486146,0.0,0.4999999998557305,0.25,0.2,0.15500000000000003,1
16,186.46666666666667,289.0,3.0,87.99686863115579,13,16,3.6249999981244967,16,16,8.375,19,2,3.9999999976916882,1,0.0,0.0,0.0,1.6749999990333946,0.058823529411764705,0.37499999956719154,0.07142857142857142,0.058823529411764705,0.21050420168067227,1
16,141.6,287.0,11.0,80.6505218003372,10,16,3.2028195296720883,16,16,10.1875,19,3,3.9999999976916882,0,0.0,0.0,0.0,2.0374999988242037,0.0,0.7971804680196,0.09090909090909091,0.058823529411764705,0.18502673796791444,1
7,156.66666666666666,300.0,8.0,98.8191389469784,6,7,2.5216406354777012,7,7,7.285714285714286,13,2,2.8073549210477173,0,0.0,0.0,0.0,1.460970418096261,0.0,0.2857142855700161,0.14285714285714285,0.125,0.17321428571428574,1
21,129.65,261.0,4.0,83.66616699717993,15,21,3.7849418252736,21,21,7.857142857142857,19,3,4.3923174197491,2,0.0,0.0,0.0,1.7255532720442892,0.09090909090909091,0.6073755944754997,0.0625,0.045454545454545456,0.22556818181818183,1
24,177.34782608695653,278.0,36.0,83.54306814095672,13,24,3.4701755195888415,22,24,8.291666666666666,19,2,4.41829583088056,1,0.0,0.0,0.0,1.8317518132192323,0.04,0.9481203112917189,0.07142857142857142,0.043478260869565216,0.20450931677018636,1
28,56.148148148148145,117.0,4.0,37.57826765930474,4,28,1.9926140674400474,10,28,36.035714285714285,63,2,3.021068762364784,16,0.0,1.0,1.0,1.7010370430949033,0.5517241379310345,1.0284546949247364,0.2,0.09090909090909091,0.7915987460815047,0
35,53.911764705882355,112.0,0.0,29.88346744100453,4,35,1.9461777236638695,11,35,26.885714285714286,53,2,3.1928705150489347,8,0.0,1.0,0.0,1.5896778596090197,0.2222222222222222,1.2466927913850652,0.2,0.08333333333333333,0.4605555555555556,0
18,161.76470588235293,291.0,5.0,96.63243239005928,13,18,3.6143694440112535,17,18,6.944444444444445,13,2,4.05881388787862,2,0.0,0.0,0.0,2.0133005396223314,0.10526315789473684,0.4444444438673667,0.07142857142857142,0.05555555555555555,0.22940685045948203,1
37,74.44444444444444,119.0,4.0,35.674021394694705,4,37,1.969174570134825,13,37,9.513513513513514,30,2,3.2730009180306205,24,1.0,0.0,1.0,1.0044431762395627,0.631578947368421,1.3038263478957954,0.2,0.07142857142857142,0.8254887218045114,0
15,58.42857142857143,120.0,1.0,37.78456655021671,4,15,1.8062389280763114,7,15,39.06666666666667,78,2,2.549255396158613,3,0.0,1.0,0.0,1.2606444406320232,0.1875,0.7430164680823017,0.2,0.125,0.44250000000000006,0
21,52.15,103.0,2.0,32.2912913956689,4,21,1.8726693563329548,9,21,7.666666666666667,15,2,2.7792553747695146,5,0.0,0.0,0.0,1.3317265337437258,0.22727272727272727,0.9065860184365597,0.2,0.1,0.2609090909090909,0
35,59.94117647058823,119.0,12.0,28.17585655722935,4,35,1.9838531205921603,12,35,8.514285714285714,30,2,3.2367449878558037,21,1.0,0.0,1.0,0.8889861809963405,0.5833333333333334,1.2528918672636433,0.2,0.07692307692307693,0.8056410256410257,0
17,57.8125,114.0,2.0,32.638586730279854,4,17,1.9328045769620448,10,17,21.941176470588236,49,2,2.939829016023707,6,0.0,0.0,0.0,1.2900661446786386,0.3333333333333333,1.007024439061662,0.2,0.09090909090909091,0.30424242424242426,0
12,177.54545454545453,286.0,36.0,77.12017026146289,10,12,3.2516291659451277,12,12,8.5,19,3,3.5849624989899223,1,0.0,0.0,0.0,1.523609062070717,0.07692307692307693,0.3333333330447945,0.09090909090909091,0.07692307692307693,0.213986013986014,1
12,139.9090909090909,292.0,5.0,96.3161975856365,11,12,3.418295832467525,12,12,7.916666666666667,14,2,3.5849624989899223,2,0.0,0.0,0.0,1.8920635411335702,0.15384615384615385,0.16666666652239703,0.08333333333333333,0.07692307692307693,0.24551282051282053,1
15,157.5,289.0,8.0,104.68780117227467,11,15,3.3735572606882207,15,15,8.066666666666666,15,2,3.906890593444476,2,0.0,0.0,0.0,1.9697240075282565,0.125,0.5333333327562553,0.08333333333333333,0.0625,0.23541666666666666,1
22,147.38095238095238,273.0,7.0,77.29995761132098,15,22,3.7321588892005275,22,22,8.545454545454545,19,2,4.459431615463368,1,0.0,0.0,0.0,1.9053935084252571,0.043478260869565216,0.7272727262628402,0.0625,0.043478260869565216,0.20679347826086958,1
3,254.0,284.0,224.0,30.0,3,3,1.5849625002883474,3,3,4.666666666666667,6,3,1.5849625002883474,0,0.0,0.0,0.0,1.0566416668588985,0.0,0.0,0.25,0.25,0.15000000000000002,1
10,128.55555555555554,274.0,14.0,86.62577382833602,8,10,2.9219280937332064,10,10,6.8,10,2,3.3219280934446678,0,0.0,0.0,0.0,2.0535555486748853,0.0,0.3999999997114614,0.1111111111111111,0.09090909090909091,0.1797979797979798,1
26,59.48,118.0,5.0,32.55287391306641,4,26,1.9784820278268227,5,26,42.88461538461539,53,3,1.9699120843547075,12,0.0,1.0,0.0,1.564424482945512,0.4444444444444444,0.008569943472115149,0.2,0.16666666666666666,0.5411111111111111,0
25,140.625,276.0,7.0,79.60360780140559,12,25,3.4332696877838744,24,25,6.56,13,2,4.5638561863122575,0,0.0,0.0,0.0,2.1384926130148862,0.0,1.130586498528383,0.07692307692307693,0.04,0.18830769230769231,1
18,145.76470588235293,269.0,1.0,79.48771966696914,14,18,3.683542360413458,18,18,8.055555555555555,14,2,4.169924998845461,3,0.0,0.0,0.0,2.2394041660466364,0.15789473684210525,0.4863826384320036,0.06666666666666667,0.05263157894736842,0.25122807017543863,1
14,130.3846153846154,278.0,1.0,91.81129347453644,10,14,2.9780948867265655,14,14,7.714285714285714,15,2,3.8073549200378314,0,0.0,0.0,0.0,1.8356889793039544,0.0,0.8292600333112659,0.09090909090909091,0.06666666666666667,0.18424242424242426,1
14,168.23076923076923,300.0,64.0,65.49827225690044,11,14,3.378783491899211,14,14,9.857142857142858,15,4,3.8073549200378314,0,0.0,0.0,0.0,2.345602584666164,0.0,0.42857142813862037,0.08333333333333333,0.06666666666666667,0.185,1
10,69.77777777777777,104.0,0.0,33.33925873260391,3,10,1.2954618438055134,6,10,31.3,53,4,2.370950593589052,1,0.0,1.0,0.0,1.3742732144321725,0.09090909090909091,1.0754887497835384,0.25,0.14285714285714285,0.39707792207792214,0
10,90.11111111111111,260.0,1.0,89.91408793885718,8,10,2.9219280937332064,9,10,7.8,11,4,3.121928093588937,0,0.0,0.0,0.0,2.0292532608328093,0.0,0.1999999998557307,0.1111111111111111,0.1,0.1788888888888889,1
18,154.1764705882353,288.0,22.0,78.90965444110017,12,18,3.4613201384797745,18,18,9.11111111111111,18,2,4.169924998845461,0,0.0,0.0,0.0,1.9996131573410985,0.0,0.7086048603656869,0.07692307692307693,0.05263157894736842,0.1870445344129555,1
9,171.0,295.0,18.0,98.68257191622034,7,9,2.725480555987981,9,9,8.11111111111111,17,3,3.169925000143887,1,0.0,0.0,0.0,1.4284229938919983,0.1,0.44444444415590567,0.125,0.1,0.21750000000000003,1
3,244.5,247.0,242.0,2.5,2,3,0.9182958337659504,3,3,11.333333333333334,12,11,1.5849625002883474,0,0.0,0.0,0.0,1.3817621797385593,0.0,0.666666666522397,0.3333333333333333,0.25,0.1416666666666667,1
11,134.5,223.0,40.0,61.940697445217715,8,11,2.8453509354682804,11,11,9.454545454545455,14,2,3.459431617050333,2,0.0,0.0,0.0,2.1804902313529375,0.16666666666666666,0.6140806815820525,0.1111111111111111,0.08333333333333333,0.24722222222222223,1
15,57.0,103.0,9.0,31.3254802722275,4,15,1.8322628964471903,8,15,31.0,47,2,2.682588729347677,8,0.0,1.0,0.0,1.7325052210370415,0.5,0.8503258329004866,0.2,0.1111111111111111,0.5688888888888889,0
13,148.0,299.0,7.0,95.73487696062844,11,13,3.39274740886182,13,13,9.23076923076923,17,3,3.7004397162655884,2,0.0,0.0,0.0,1.8976613929567119,0.14285714285714285,0.3076923074037685,0.08333333333333333,0.07142857142857142,0.24166666666666667,1
26,61.04,115.0,1.0,33.521909253501654,4,26,1.9784820278268227,10,26,35.11538461538461,78,2,2.902174812769033,8,0.0,1.0,0.0,1.2900124654616003,0.2962962962962963,0.9236927849422103,0.2,0.09090909090909091,0.48942760942760943,0
15,64.92857142857143,119.0,5.0,38.555089131775894,4,15,1.8294732977827626,9,15,9.0,30,3,3.0565647608325284,8,1.0,0.0,1.0,0.88738976927396,0.5,1.2270914630497658,0.2,0.1,0.7700000000000001,0
5,86.25,114.0,25.0,35.75874019033668,3,5,1.5219280944545537,2,5,7.0,7,7,0.7219280945988233,5,1.0,0.0,0.0,0.6316870827739705,0.8333333333333334,0.7999999998557303,0.25,0.3333333333333333,0.675,0
26,63.76,118.0,0.0,34.82904535010973,4,26,1.950063755859132,5,26,27.23076923076923,36,3,2.161978178958206,10,0.0,0.0,1.0,1.5911440235991785,0.37037037037037035,0.21191442309907393,0.2,0.16666666666666666,0.5114814814814815,0
31,49.833333333333336,101.0,2.0,28.592636969836985,4,31,1.827983103898724,10,31,21.419354838709676,49,2,2.955029584717177,3,0.0,0.0,0.0,1.2658965446788422,0.09375,1.127046480818453,0.2,0.09090909090909091,0.20840909090909093,0
28,52.148148148148145,120.0,1.0,38.81361321295299,4,28,1.8921530320005147,10,28,40.17857142857143,78,2,3.0246353862972795,9,0.0,1.0,0.0,1.5382978343510125,0.3103448275862069,1.1324823542967648,0.2,0.09090909090909091,0.49504702194357375,0
26,57.84,115.0,1.0,32.92741107345064,4,26,1.9258641218941055,9,26,24.96153846153846,49,2,2.907009313646871,3,0.0,0.0,0.0,1.4512684958129378,0.1111111111111111,0.9811451917527656,0.2,0.1,0.2144444444444445,0
19,53.72222222222222,94.0,1.0,31.490396341240217,4,19,1.7582975702977466,10,19,5.2631578947368425,15,2,3.221097248615262,2,0.0,0.0,0.0,1.0595714633602837,0.1,1.4627996783175155,0.2,0.09090909090909091,0.21090909090909093,0
17,65.5625,106.0,10.0,26.825754299739643,4,17,1.903967812510688,6,17,40.11764705882353,76,3,2.3242764609119524,8,0.0,1.0,0.0,1.2109675678700929,0.4444444444444444,0.42030864840126436,0.2,0.14285714285714285,0.5434920634920635,0
10,159.55555555555554,298.0,17.0,95.99665632037065,8,10,2.9219280937332064,9,10,9.7,17,6,3.121928093588937,0,0.0,0.0,0.0,1.6823723615451494,0.0,0.1999999998557307,0.1111111111111111,0.1,0.1788888888888889,1
13,61.416666666666664,115.0,16.0,33.69336812424005,4,13,1.826245257825531,10,13,7.461538461538462,15,2,3.2389012551599357,5,0.0,0.0,0.0,1.5104491430313163,0.35714285714285715,1.4126559973344046,0.2,0.09090909090909091,0.3137662337662338,0
11,48.9,105.0,4.0,30.72930197710322,4,11,1.9808259356520006,9,11,20.0,53,2,3.095795253702508,1,0.0,1.0,0.0,1.1465908347046325,0.08333333333333333,1.1149693180505076,0.2,0.1,0.4033333333333334,0
18,59.294117647058826,120.0,1.0,34.149782026489525,4,18,1.90487500457818,7,18,18.72222222222222,34,2,2.488554861182959,2,0.0,0.0,0.0,1.3311793463788208,0.10526315789473684,0.583679856604779,0.2,0.125,0.20960526315789474,0
32,62.25806451612903,114.0,11.0,34.137263474745964,4,32,1.928728907626237,11,32,6.875,15,2,3.2303377958164514,6,0.0,0.0,0.0,1.3880357716398815,0.18181818181818182,1.3016088881902144,0.2,0.08333333333333333,0.24439393939393944,0
10,153.55555555555554,206.0,75.0,39.66557732709002,9,10,3.121928093588937,10,10,9.5,15,5,3.3219280934446678,0,0.0,0.0,0.0,1.9723948054827716,0.0,0.1999999998557307,0.1,0.09090909090909091,0.1809090909090909,1
7,69.33333333333333,118.0,26.0,35.04124553849205,4,7,1.8423709926000305,6,7,8.428571428571429,21,2,2.5216406354777012,5,1.0,0.0,0.0,0.9660831006050934,0.625,0.6792696428776708,0.2,0.14285714285714285,0.6157142857142858,0
19,64.5,115.0,4.0,36.05589796105178,4,19,1.959298909952611,9,19,47.36842105263158,78,2,2.8603207765346186,8,0.0,1.0,0.0,1.7150490998542016,0.4,0.9010218665820076,0.2,0.1,0.53,0
22,138.1904761904762,263.0,4.0,76.2487277318489,15,22,3.788754911829461,22,22,9.409090909090908,19,3,4.459431615463368,0,0.0,0.0,0.0,2.0979598736384477,0.0,0.670676703633907,0.0625,0.043478260869565216,0.18940217391304348,1
20,65.42105263157895,118.0,5.0,35.81284066904919,4,20,1.8954618436612438,9,20,20.1,36,2,2.9841837184807636,5,0.0,0.0,1.0,1.6211376416611716,0.23809523809523808,1.0887218748195198,0.2,0.1,0.4652380952380953,0
24,161.65217391304347,300.0,23.0,89.86637843785057,13,24,3.5739348944085525,24,24,8.041666666666666,14,2,4.584962497258688,2,0.0,0.0,0.0,2.45804933880813,0.08,1.011027602850136,0.07142857142857142,0.04,0.22085714285714286,1
11,38.1,75.0,3.0,23.170886905770352,4,11,1.6767370294750545,6,11,41.0,78,2,2.4817145721204557,4,0.0,1.0,0.0,1.2879784488220085,0.3333333333333333,0.8049775426454011,0.2,0.14285714285714285,0.49904761904761913,0
8,143.14285714285714,284.0,81.0,62.87954146376926,7,8,2.749999998990113,8,8,8.625,15,2,2.9999999988458437,1,0.0,0.0,0.0,1.6171874993778377,0.1111111111111111,0.24999999985573051,0.125,0.1111111111111111,0.22083333333333333,1
18,169.05882352941177,294.0,1.0,80.57329187343532,11,18,3.308270832948296,17,18,7.111111111111111,13,4,4.05881388787862,1,0.0,0.0,0.0,2.061619752573267,0.05263157894736842,0.7505430549303242,0.08333333333333333,0.05555555555555555,0.2071637426900585,1
25,158.95833333333334,294.0,23.0,78.53209490746796,16,25,3.833269687206797,24,25,8.24,17,2,4.5638561863122575,0,0.0,0.0,0.0,2.089231943067389,0.0,0.7305864991054607,0.058823529411764705,0.04,0.19011764705882353,1
16,65.93333333333334,116.0,8.0,32.15269126458243,4,16,1.9056390616524883,10,16,7.0625,15,2,3.0778195296720883,3,0.0,0.0,0.0,1.3585687767693202,0.17647058823529413,1.1721804680196,0.2,0.09090909090909091,0.2414973262032086,0
3,269.5,280.0,259.0,10.5,3,3,1.5849625002883474,3,3,8.333333333333334,13,5,1.5849625002883474,0,0.0,0.0,0.0,0.9434300596954449,0.0,0.0,0.25,0.25,0.15000000000000002,1
18,58.23529411764706,118.0,15.0,36.18665566811759,4,18,1.8776402825963432,9,18,9.166666666666666,30,2,2.821888194227753,11,1.0,0.0,1.0,0.8344293047447655,0.5789473684210527,0.9442479116314098,0.2,0.1,0.8015789473684211,0
7,93.83333333333333,214.0,16.0,64.05835013659205,5,7,2.1280852781700466,7,7,6.857142857142857,12,2,2.8073549210477173,0,0.0,0.0,0.0,1.4808025957174773,0.0,0.6792696428776708,0.16666666666666666,0.125,0.17083333333333334,1
36,56.34285714285714,120.0,0.0,33.54735915273286,4,36,1.9546859463692776,10,36,12.833333333333334,30,2,3.023141319023387,24,1.0,0.0,1.0,1.2515154922838754,0.6486486486486487,1.0684553726541095,0.2,0.09090909090909091,0.8303685503685504,0
38,62.75675675675676,119.0,0.0,37.57400294870752,4,38,1.9656964005489448,11,38,33.89473684210526,63,2,3.0671178959809144,21,0.0,1.0,1.0,1.6243617804372605,0.5384615384615384,1.1014214954319697,0.2,0.08333333333333333,0.7870512820512822,0
36,61.6,110.0,3.0,31.874934173601503,4,36,1.9604305601337355,12,36,7.472222222222222,15,2,3.3673179722227147,13,0.0,0.0,0.0,1.5725842613331775,0.35135135135135137,1.4068874120889792,0.2,0.07692307692307693,0.3128482328482329,0
10,149.33333333333334,249.0,21.0,85.57907324678024,8,10,2.8464393435168596,10,10,11.1,16,7,3.3219280934446678,0,0.0,0.0,0.0,2.1690236374844596,0.0,0.4754887499278082,0.1111111111111111,0.09090909090909091,0.1797979797979798,1
13,183.66666666666666,293.0,67.0,64.30050976124183,10,13,3.2389012551599357,13,13,9.846153846153847,19,3,3.7004397162655884,0,0.0,0.0,0.0,1.8217549372384436,0.0,0.4615384611056528,0.09090909090909091,0.07142857142857142,0.18376623376623377,1
14,135.3846153846154,238.0,42.0,67.3550163302784,9,14,3.039148670604645,14,14,10.714285714285714,15,3,3.8073549200378314,1,0.0,0.0,0.0,2.5495680268110474,0.06666666666666667,0.7682062494331863,0.1,0.06666666666666667,0.21000000000000002,1
24,154.52173913043478,292.0,7.0,77.7559557708925,13,24,3.5739348944085525,22,24,8.208333333333334,15,3,4.41829583088056,2,0.0,0.0,0.0,2.266677809071538,0.08,0.8443609364720079,0.07142857142857142,0.043478260869565216,0.22050931677018634,1
8,131.14285714285714,276.0,21.0,84.9746660926127,8,8,2.9999999988458437,8,8,8.5,14,2,2.9999999988458437,0,0.0,0.0,0.0,1.699999999345978,0.0,0.0,0.1111111111111111,0.1111111111111111,0.17777777777777778,1
26,63.96,109.0,13.0,30.51619897693682,4,26,1.8875386441114275,11,26,12.73076923076923,30,2,3.1189237366016758,17,1.0,0.0,1.0,1.2808483335175616,0.6296296296296297,1.2313850924902483,0.2,0.08333333333333333,0.8235185185185186,0
20,53.1578947368421,120.0,2.0,34.41735051715193,4,20,1.9709505938775906,11,20,5.35,15,2,3.2464393430840506,2,0.0,0.0,0.0,1.0855281553437293,0.09523809523809523,1.27548874920646,0.2,0.08333333333333333,0.2097619047619048,0
17,60.875,109.0,13.0,31.54733546593119,4,17,1.9542473991150022,5,17,34.529411764705884,63,3,1.9698157817054627,10,0.0,1.0,1.0,1.0627590660488113,0.5555555555555556,0.01556838259046045,0.2,0.16666666666666666,0.7855555555555557,0
37,57.52777777777778,115.0,1.0,33.42860228333341,4,37,1.9334462488064186,11,37,9.0,30,2,3.0948903651898907,25,1.0,0.0,1.0,0.8985165576357748,0.6578947368421053,1.1614441163834721,0.2,0.08333333333333333,0.8348245614035089,0
22,54.523809523809526,120.0,0.0,37.62676231926401,4,22,1.9698452574617202,7,22,30.954545454545453,53,2,2.556054209403446,6,0.0,1.0,0.0,1.4652128927640966,0.2608695652173913,0.586208951941726,0.2,0.125,0.4718478260869566,0
20,52.94736842105263,113.0,0.0,38.2849065823878,4,20,1.9854752966502562,7,20,42.15,63,2,2.4659573199392884,12,0.0,1.0,1.0,1.6240640786787657,0.5714285714285714,0.4804820232890321,0.2,0.125,0.7960714285714287,0
30,60.241379310344826,117.0,8.0,34.97847138121488,4,30,1.8646580685459617,10,30,21.2,36,2,2.9763523621360357,10,0.0,0.0,1.0,1.7053694615482151,0.3225806451612903,1.111694293590074,0.2,0.09090909090909091,0.4999413489736071,0
6,162.2,272.0,12.0,96.82644266934524,4,6,1.9182958334774112,6,6,8.833333333333334,12,4,2.584962499855539,0,0.0,0.0,0.0,1.756448878106969,0.0,0.666666666378128,0.2,0.14285714285714285,0.16571428571428576,1
13,130.25,273.0,2.0,83.47467180728135,12,13,3.546593562563704,13,13,7.923076923076923,13,4,3.7004397162655884,1,0.0,0.0,0.0,2.0942048943700855,0.07142857142857142,0.15384615370188426,0.07692307692307693,0.07142857142857142,0.21373626373626375,1
25,155.29166666666666,272.0,37.0,76.46484985853886,15,25,3.733660687524144,25,25,9.24,19,2,4.643856186167987,0,0.0,0.0,0.0,2.14546155800961,0.0,0.9101954986438434,0.0625,0.038461538461538464,0.18990384615384615,1
11,110.0,193.0,9.0,58.709454093868054,8,11,2.8453509354682804,11,11,8.454545454545455,16,4,3.459431617050333,0,0.0,0.0,0.0,1.720465991367278,0.0,0.6140806815820525,0.1111111111111111,0.08333333333333333,0.18055555555555558,1
19,186.88888888888889,283.0,59.0,69.83543265650314,13,19,3.536886721866664,19,19,8.421052631578947,18,2,4.247927510702465,0,0.0,0.0,0.0,1.882737954881979,0.0,0.7110407888358008,0.07142857142857142,0.05,0.18785714285714286,1
13,47.666666666666664,118.0,6.0,36.7771064054196,4,13,1.9220231422744951,7,13,9.461538461538462,21,2,2.6612262552599026,11,1.0,0.0,0.0,1.1445133894998882,0.7857142857142857,0.7392031129854075,0.2,0.125,0.6817857142857143,0
6,134.6,197.0,45.0,66.33430485050702,4,6,1.9182958334774112,6,6,7.0,13,2,2.584962499855539,1,0.0,0.0,0.0,1.2924812499277696,0.14285714285714285,0.666666666378128,0.2,0.14285714285714285,0.22285714285714286,1
39,54.39473684210526,112.0,0.0,34.825534698494025,4,39,1.9748997474953152,11,39,23.256410256410255,36,2,3.028581385711091,15,0.0,0.0,1.0,1.903619762189854,0.375,1.0536816382157759,0.2,0.08333333333333333,0.5216666666666667,0
39,68.89473684210526,120.0,4.0,29.433054702855333,4,39,1.72493549206315,9,39,29.564102564102566,49,2,2.5349669407801207,13,0.0,0.0,0.0,1.4988804526766561,0.325,0.8100314487169706,0.2,0.1,0.30000000000000004,0
9,45.375,68.0,8.0,17.677227582401038,4,9,1.8910611114955744,5,9,19.77777777777778,50,2,2.1971597227028017,1,0.0,1.0,0.0,0.8520575830960756,0.1,0.30609861120722726,0.2,0.16666666666666666,0.40333333333333343,0
21,62.2,115.0,13.0,35.77792615566196,4,21,1.938708496709756,9,21,21.19047619047619,35,2,2.510899564131433,8,0.0,0.0,1.0,1.4779765952890047,0.36363636363636365,0.5721910674216768,0.2,0.1,0.5154545454545455,0
27,58.57692307692308,115.0,9.0,36.65973800414488,4,27,1.9367376366919284,11,27,5.851851851851852,15,2,3.1895296299657483,4,0.0,0.0,0.0,1.1665409294782136,0.14285714285714285,1.2527919932738198,0.2,0.08333333333333333,0.22880952380952382,0
22,52.23809523809524,116.0,0.0,36.09102877830783,4,22,1.9698452574617202,10,22,30.863636363636363,53,2,2.929818687449001,7,0.0,1.0,0.0,1.6745344181631916,0.30434782608695654,0.9599734299872806,0.2,0.09090909090909091,0.49264822134387354,0
30,66.58620689655173,118.0,2.0,39.859682544005764,4,30,1.9329145634023197,10,30,21.033333333333335,36,2,2.96473517728281,7,0.0,0.0,1.0,1.6853584656445526,0.22580645161290322,1.0318206138804902,0.2,0.09090909090909091,0.46123167155425226,0
27,56.30769230769231,111.0,1.0,35.072199412036206,4,27,1.8913736966289716,8,27,27.51851851851852,49,2,2.624895834182389,8,0.0,0.0,0.0,1.4446648924426038,0.2857142857142857,0.7335221375534173,0.2,0.1111111111111111,0.2831746031746032,0
15,157.57142857142858,254.0,29.0,83.13217899028913,11,15,3.3735572606882207,15,15,8.333333333333334,17,2,3.906890593444476,0,0.0,0.0,0.0,1.8087456451131836,0.0,0.5333333327562553,0.08333333333333333,0.0625,0.18541666666666667,1
39,62.63157894736842,120.0,2.0,37.7773400840069,4,39,1.9877733709109062,8,39,29.794871794871796,49,2,2.485984989766203,14,0.0,0.0,0.0,1.4813920810811938,0.35,0.49821161885529675,0.2,0.1111111111111111,0.3088888888888889,0
8,67.71428571428571,107.0,34.0,28.08006046856679,4,8,1.9056390616524883,5,8,41.875,63,4,1.9999999992786524,6,0.0,1.0,1.0,1.3085937495280244,0.6666666666666666,0.09436093762616404,0.2,0.16666666666666666,0.8300000000000002,0
15,131.42857142857142,295.0,29.0,79.59245682646987,11,15,3.323231427210656,15,15,8.266666666666667,13,2,3.906890593444476,0,0.0,0.0,0.0,2.3069258742243575,0.0,0.58365916623382,0.08333333333333333,0.0625,0.18541666666666667,1
9,134.375,217.0,16.0,72.92108319957953,8,9,2.947702778065934,8,9,8.666666666666666,13,4,2.947702778065934,1,0.0,0.0,0.0,1.8247683864217683,0.1,0.0,0.1111111111111111,0.1111111111111111,0.2177777777777778,1
17,134.75,296.0,7.0,74.17336112109253,11,17,3.263933427898669,17,17,8.294117647058824,14,2,4.087462838797758,2,0.0,0.0,0.0,2.2601265108646427,0.1111111111111111,0.8235294108990887,0.08333333333333333,0.05555555555555555,0.23055555555555557,1
36,61.74285714285714,117.0,5.0,36.492146205640985,4,36,1.8641416350813467,11,36,38.80555555555556,63,2,2.8312385195101286,22,0.0,1.0,1.0,1.716684119685612,0.5945945945945946,0.9670968844287819,0.2,0.08333333333333333,0.8095045045045045,0
36,72.02857142857142,119.0,5.0,33.386469213299755,4,36,1.9604305601337355,10,36,36.416666666666664,63,2,2.711255880766259,20,0.0,1.0,1.0,1.5427328384047592,0.5405405405405406,0.7508253206325235,0.2,0.09090909090909091,0.7871253071253071,0
36,58.285714285714285,120.0,0.0,38.9061665538815,4,36,1.9372084329500918,8,36,31.75,53,2,2.4775774111690696,7,0.0,1.0,0.0,1.4567237556410733,0.1891891891891892,0.5403689782189778,0.2,0.1111111111111111,0.4445645645645646,0
9,142.25,292.0,3.0,92.05263440010829,7,9,2.725480555987981,9,9,9.333333333333334,17,3,3.169925000143887,0,0.0,0.0,0.0,1.643664814889423,0.0,0.44444444415590567,0.125,0.1,0.17750000000000002,1
9,178.75,259.0,18.0,78.4151611616019,4,9,1.7527152784026265,9,9,8.555555555555555,13,4,3.169925000143887,0,0.0,0.0,0.0,1.9371763889768194,0.0,1.4172097217412603,0.2,0.1,0.17000000000000004,1
19,55.888888888888886,120.0,9.0,33.93439567572322,3,19,1.5294283312000807,9,19,33.578947368421055,63,2,2.9450386962418196,10,0.0,1.0,1.0,1.5451765527979284,0.5,1.4156103650417389,0.25,0.1,0.765,0
25,161.125,290.0,12.0,83.81642266485329,15,25,3.783465187437605,25,25,7.16,16,3,4.643856186167987,1,0.0,0.0,0.0,1.9558829584095758,0.038461538461538464,0.8603909987303822,0.0625,0.038461538461538464,0.20528846153846153,1
21,56.9,118.0,5.0,36.85227265719171,4,21,1.9814035896735542,8,21,47.714285714285715,78,2,2.6654287308393467,10,0.0,1.0,0.0,1.6098611141055006,0.45454545454545453,0.6840251411657925,0.2,0.1111111111111111,0.5507070707070707,0
18,152.0,299.0,2.0,90.89036705575246,12,18,3.3921472219333006,18,18,8.555555555555555,15,2,4.169924998845461,1,0.0,0.0,0.0,2.2297515618826425,0.05263157894736842,0.7777777769121608,0.07692307692307693,0.05263157894736842,0.20809716599190287,1
19,123.0,294.0,11.0,84.02645086188303,11,19,3.246898564032733,19,19,8.631578947368421,16,3,4.247927510702465,0,0.0,0.0,0.0,2.1568424512545024,0.0,1.0010289466697322,0.08333333333333333,0.05,0.18666666666666668,1
37,57.861111111111114,117.0,1.0,34.90236602754873,4,37,1.9809712509635493,9,37,38.78378378378378,63,2,2.8306422175466457,20,0.0,1.0,1.0,1.7153596208528026,0.5263157894736842,0.8496709665830964,0.2,0.1,0.7805263157894736,0
3,89.0,127.0,51.0,38.0,3,3,1.5849625002883474,3,3,7.666666666666667,18,2,1.5849625002883474,0,0.0,0.0,0.0,0.6395462720461753,0.0,0.0,0.25,0.25,0.15000000000000002,1
29,59.92857142857143,117.0,0.0,38.054405199688,4,29,1.9568813279257737,9,29,26.79310344827586,49,2,2.758192959705661,9,0.0,0.0,0.0,1.478010985993999,0.3,0.8013116317798872,0.2,0.1,0.29000000000000004,0
13,63.916666666666664,101.0,3.0,29.775432639827237,4,13,1.7381493326157882,8,13,4.230769230769231,11,2,2.8150724089617873,1,0.0,0.0,0.0,0.992493477518579,0.07142857142857142,1.0769230763459992,0.2,0.1111111111111111,0.19746031746031747,0
34,56.666666666666664,96.0,3.0,30.89343037611784,4,34,1.948929473603707,11,34,25.352941176470587,36,2,2.8102298406862993,19,0.0,0.0,1.0,1.9256105903589746,0.5428571428571428,0.8613003670825923,0.2,0.08333333333333333,0.5888095238095239,0
10,185.55555555555554,292.0,3.0,100.48671676850418,8,10,2.9219280937332064,10,10,9.6,13,4,3.3219280934446678,0,0.0,0.0,0.0,2.277893549790629,0.0,0.3999999997114614,0.1111111111111111,0.09090909090909091,0.1797979797979798,1
22,170.23809523809524,292.0,17.0,87.31819466858786,15,22,3.788754911829461,22,22,8.818181818181818,13,2,4.459431615463368,0,0.0,0.0,0.0,2.8088627707788745,0.0,0.670676703633907,0.0625,0.043478260869565216,0.18940217391304348,1
40,53.1025641025641,114.0,2.0,30.836038582746973,4,40,1.9894910697230563,10,40,28.5,53,2,3.0200813723953313,7,0.0,1.0,0.0,1.5939318354308694,0.17073170731707318,1.030590302672275,0.2,0.09090909090909091,0.4392017738359202,0
9,72.75,116.0,32.0,27.707174161216802,4,9,1.836591667531901,4,9,31.11111111111111,49,4,1.8910611114955744,0,0.0,0.0,0.0,1.1766602471528018,0.0,0.05446944396367348,0.2,0.2,0.16000000000000003,0
19,112.66666666666667,284.0,6.0,79.75796720913424,12,19,3.3660913273879585,19,19,8.578947368421053,14,3,4.247927510702465,1,0.0,0.0,0.0,2.4295164359456205,0.05,0.8818361833145065,0.07692307692307693,0.05,0.2073076923076923,1
12,179.9090909090909,293.0,98.0,64.56068962323822,8,12,2.792481249206422,12,12,8.25,13,3,3.5849624989899223,0,0.0,0.0,0.0,2.1125671869047755,0.0,0.7924812497835001,0.1111111111111111,0.07692307692307693,0.18119658119658122,1
18,148.23529411764707,299.0,26.0,78.41633189117198,10,18,3.1971597219814543,18,18,8.666666666666666,13,2,4.169924998845461,1,0.0,0.0,0.0,2.581382142142428,0.05263157894736842,0.9727652768640072,0.09090909090909091,0.05263157894736842,0.20669856459330144,1
11,121.4,288.0,4.0,89.45859377387956,10,11,3.277613435376421,11,11,9.545454545454545,19,4,3.459431617050333,2,0.0,0.0,0.0,1.6510923626831133,0.16666666666666666,0.18181818167391217,0.09090909090909091,0.08333333333333333,0.24924242424242427,1
17,153.9375,299.0,33.0,80.64154384527866,13,17,3.572469456894632,17,17,8.882352941176471,15,2,4.087462838797758,0,0.0,0.0,0.0,2.2691429730090493,0.0,0.514993381903126,0.07142857142857142,0.05555555555555555,0.1873015873015873,1
18,153.47058823529412,277.0,8.0,80.76262796692892,12,18,3.3921472219333006,17,18,7.888888888888889,15,3,4.05881388787862,4,0.0,0.0,0.0,2.0012207363845977,0.21052631578947367,0.6666666659453195,0.07692307692307693,0.05555555555555555,0.2709626630679262,1
15,116.78571428571429,292.0,4.0,88.26354899749191,12,15,3.5068905938772845,15,15,8.466666666666667,18,2,3.906890593444476,0,0.0,0.0,0.0,1.7409652819910473,0.0,0.39999999956719146,0.07692307692307693,0.0625,0.1860576923076923,1
23,150.63636363636363,300.0,8.0,92.82463694052618,11,23,3.294663584622639,23,23,10.043478260869565,19,2,4.523561952738814,2,0.0,0.0,0.0,2.271614806701448,0.08333333333333333,1.228898368116175,0.08333333333333333,0.041666666666666664,0.22083333333333333,1
7,158.5,233.0,72.0,56.224994441973934,6,7,2.5216406354777012,7,7,6.428571428571429,12,2,2.8073549210477173,0,0.0,0.0,0.0,1.388252433485135,0.0,0.2857142855700161,0.14285714285714285,0.125,0.17321428571428574,1
24,186.82608695652175,300.0,7.0,86.30766612830044,13,24,3.5739348944085525,24,24,8.833333333333334,15,3,4.584962497258688,4,0.0,0.0,0.0,2.531281378694901,0.16,1.011027602850136,0.07142857142857142,0.04,0.2528571428571429,1
40,71.92307692307692,119.0,5.0,30.13166374037971,4,40,1.9628876209410824,13,40,6.35,15,2,3.5659573190736715,9,0.0,0.0,0.0,1.4152393110073633,0.21951219512195122,1.6030696981325891,0.2,0.07142857142857142,0.2606620209059234,0
18,59.1764705882353,110.0,0.0,35.180601764103315,4,18,1.9546859463692776,11,18,8.277777777777779,15,2,3.2390979164018217,8,0.0,0.0,0.0,1.6757832970273314,0.42105263157894735,1.284411970032544,0.2,0.08333333333333333,0.34008771929824566,0
7,101.83333333333333,253.0,29.0,75.50147165600299,6,7,2.5216406354777012,7,7,12.714285714285714,15,6,2.8073549210477173,1,0.0,0.0,0.0,2.230844535475418,0.125,0.2857142855700161,0.14285714285714285,0.125,0.22321428571428575,1
10,77.0,120.0,10.0,34.813790371058424,3,10,1.156779649014231,7,10,13.0,30,3,2.7219280938774757,7,1.0,0.0,1.0,1.1414537167873287,0.6363636363636364,1.5651484448632447,0.25,0.125,0.8170454545454545,0
20,169.05263157894737,299.0,43.0,82.45858525677285,11,20,3.2841837181922244,20,20,8.15,13,4,4.321928092001972,2,0.0,0.0,0.0,2.5159795678440053,0.09523809523809523,1.0377443738097476,0.08333333333333333,0.047619047619047616,0.225,1
9,70.25,108.0,7.0,28.38463492807332,4,9,1.8910611114955744,5,9,5.111111111111111,7,2,2.0588138896098536,5,1.0,0.0,0.0,1.3153533183618509,0.5,0.16775277811427913,0.2,0.16666666666666666,0.5633333333333334,0
14,66.07692307692308,116.0,0.0,38.12219530861161,4,14,1.9241743517233632,8,14,6.285714285714286,15,2,2.896291527891772,3,0.0,0.0,0.0,1.1378288145289104,0.2,0.9721171761684086,0.2,0.1111111111111111,0.24888888888888894,0
16,120.0,289.0,3.0,100.03266133285335,11,16,3.280639060642602,16,16,9.5,14,2,3.9999999976916882,1,0.0,0.0,0.0,2.5333333318714026,0.058823529411764705,0.7193609370490863,0.08333333333333333,0.058823529411764705,0.20931372549019608,1
34,57.72727272727273,117.0,3.0,32.90691437637545,4,34,1.6457113698305004,11,34,10.882352941176471,30,2,3.03075546360639,20,1.0,0.0,1.0,1.0639274397859244,0.5714285714285714,1.3850440937758894,0.2,0.08333333333333333,0.8002380952380953,0
4,231.0,275.0,204.0,31.379398762032817,4,4,1.9999999994229218,4,4,6.25,9,2,1.9999999994229218,0,0.0,0.0,0.0,1.249999999639326,0.0,0.0,0.2,0.2,0.16000000000000003,1
6,144.0,254.0,20.0,99.30156091421725,6,6,2.584962499855539,6,6,8.666666666666666,17,5,2.584962499855539,1,0.0,0.0,0.0,1.2446115740045187,0.14285714285714285,0.0,0.14285714285714285,0.14285714285714285,0.2285714285714286,1
21,157.3,297.0,20.0,90.12940696576229,15,21,3.820888849186146,21,21,9.0,15,3,4.3923174197491,2,0.0,0.0,0.0,2.4706785486088685,0.09090909090909091,0.5714285705629538,0.0625,0.045454545454545456,0.22556818181818183,1
19,61.05555555555556,110.0,14.0,26.922671615454142,4,19,1.959298909952611,8,19,42.26315789473684,78,2,2.7808589343458916,8,0.0,1.0,0.0,1.4876946863955702,0.4,0.8215600243932806,0.2,0.1111111111111111,0.528888888888889,0
7,126.66666666666667,300.0,30.0,88.84380801283915,6,7,2.5216406354777012,7,7,6.857142857142857,13,4,2.8073549210477173,0,0.0,0.0,0.0,1.3750309817376574,0.0,0.2857142855700161,0.14285714285714285,0.125,0.17321428571428574,1
13,73.41666666666667,114.0,2.0,34.39103161516903,4,13,1.8843135272227207,7,13,23.846153846153847,36,2,2.565448370810939,5,0.0,0.0,1.0,1.653407473911416,0.35714285714285715,0.6811348435882181,0.2,0.125,0.5103571428571428,0
10,167.0,286.0,38.0,87.27478953792377,7,10,2.6464393436611293,10,10,8.3,13,4,3.3219280934446678,0,0.0,0.0,0.0,1.9694287982564815,0.0,0.6754887497835385,0.125,0.09090909090909091,0.1784090909090909,1
9,69.75,101.0,27.0,30.0987956569694,4,9,1.7527152784026265,6,9,26.88888888888889,53,2,2.5032583339100283,1,0.0,1.0,0.0,1.246478429642442,0.1,0.7505430555074017,0.2,0.14285714285714285,0.4057142857142858,0
25,46.291666666666664,113.0,5.0,31.96153830083207,4,25,1.978688569874019,8,25,23.88,36,2,2.5779065689507865,12,0.0,0.0,1.0,1.6637948342309399,0.46153846153846156,0.5992179990767674,0.2,0.1111111111111111,0.5535042735042736,0
14,137.15384615384616,274.0,4.0,93.26211709588787,10,14,3.1820058133175184,14,14,7.714285714285714,13,2,3.8073549200378314,0,0.0,0.0,0.0,2.0979302620616624,0.0,0.625349106720313,0.09090909090909091,0.06666666666666667,0.18424242424242426,1
25,62.75,117.0,18.0,29.634228520412,4,25,1.9103083320921517,7,25,24.2,36,2,2.6488840695277496,9,0.0,0.0,1.0,1.7325133643938253,0.34615384615384615,0.7385757374355979,0.2,0.125,0.5059615384615385,0
19,66.38888888888889,112.0,2.0,37.22027358083359,4,19,1.823829807025985,9,19,37.526315789473685,63,2,2.7153266974733836,8,0.0,1.0,1.0,1.5921282362652325,0.4,0.8914968904473985,0.2,0.1,0.7300000000000001,0
36,52.17142857142857,116.0,3.0,35.08804087213901,4,36,1.9546859463692776,10,36,29.416666666666668,53,2,2.878802614507571,5,0.0,1.0,0.0,1.5682366094462539,0.13513513513513514,0.9241166681382933,0.2,0.09090909090909091,0.424963144963145,0
25,173.91666666666666,295.0,40.0,76.12868308915431,15,25,3.7230741872645274,24,25,7.72,19,2,4.5638561863122575,1,0.0,0.0,0.0,1.7616484879165315,0.038461538461538464,0.8407819990477301,0.0625,0.04,0.2051346153846154,1
24,62.26086956521739,119.0,6.0,35.70436265062485,4,24,1.8955734399780648,6,24,22.5,49,2,2.5189704612941264,5,0.0,0.0,0.0,1.1335367075823568,0.2,0.6233970213160616,0.2,0.14285714285714285,0.24571428571428577,0
40,59.46153846153846,114.0,0.0,35.41030282772353,4,40,1.9670340271106674,9,40,35.525,78,2,2.850265800635345,14,0.0,1.0,0.0,1.281717627437603,0.34146341463414637,0.8832317735246775,0.2,0.1,0.5065853658536585,0
12,159.72727272727272,297.0,9.0,103.1143151239006,11,12,3.418295832467525,12,12,8.166666666666666,15,2,3.5849624989899223,0,0.0,0.0,0.0,1.8298246088594394,0.0,0.16666666652239703,0.08333333333333333,0.07692307692307693,0.183974358974359,1
21,54.65,108.0,4.0,36.49147160639045,4,21,1.938708496709756,8,21,27.0,49,2,2.6247262083501397,5,0.0,0.0,0.0,1.4173521525090755,0.22727272727272727,0.6860177116403836,0.2,0.1111111111111111,0.2597979797979798,0
21,62.5,116.0,11.0,31.139203586476004,4,21,1.832859995446709,12,21,9.476190476190476,30,2,3.4039894447540275,12,1.0,0.0,1.0,1.0405436244332589,0.5454545454545454,1.5711294493073185,0.2,0.07692307692307693,0.7904895104895105,0
9,177.125,299.0,52.0,77.14505411884808,9,9,3.169925000143887,9,9,7.777777777777778,13,4,3.169925000143887,0,0.0,0.0,0.0,1.7610694445243815,0.0,0.0,0.1,0.1,0.18000000000000002,1
13,75.5,119.0,25.0,34.2235299172952,4,13,1.7758589476675624,6,13,40.46153846153846,63,3,2.3158243326600907,7,0.0,1.0,1.0,1.4640908641577015,0.5,0.5399653849925283,0.2,0.14285714285714285,0.7657142857142859,0
21,166.05,300.0,45.0,64.4185338237374,13,21,3.499227539847853,21,21,8.476190476190476,12,2,4.3923174197491,1,0.0,0.0,0.0,2.8638553139756033,0.045454545454545456,0.8930898799012468,0.07142857142857142,0.045454545454545456,0.2064935064935065,1
24,161.65217391304347,297.0,18.0,75.94998851970728,14,24,3.657268227597616,24,24,9.166666666666666,15,2,4.584962497258688,1,0.0,0.0,0.0,2.6268014307211236,0.04,0.9276942696610724,0.06666666666666667,0.04,0.20533333333333334,1
20,58.89473684210526,117.0,4.0,38.25660553467873,4,20,1.9854752966502562,9,20,32.3,53,2,2.658871847146935,7,0.0,1.0,0.0,1.590399271534185,0.3333333333333333,0.6733965504966786,0.2,0.1,0.5033333333333334,0
28,60.0,113.0,4.0,36.51483716701107,4,28,1.9437545833596674,10,28,8.892857142857142,30,2,3.0340876186719368,19,1.0,0.0,1.0,0.8703776694116501,0.6551724137931034,1.0903330353122693,0.2,0.09090909090909091,0.8329780564263324,0
24,132.0,284.0,1.0,94.9846669548393,14,24,3.573934894264283,22,24,7.583333333333333,14,2,4.41829583088056,2,0.0,0.0,0.0,2.2336940033896164,0.08,0.8443609366162774,0.06666666666666667,0.043478260869565216,0.22098550724637683,1
24,152.91304347826087,299.0,11.0,87.92482611446542,14,24,3.657268227597616,24,24,8.916666666666666,17,2,4.584962497258688,1,0.0,0.0,0.0,2.2712545704012945,0.04,0.9276942696610724,0.06666666666666667,0.04,0.20533333333333334,1
19,143.0,260.0,14.0,73.97597207502207,13,19,3.5766176430331624,19,19,9.210526315789474,15,3,4.247927510702465,0,0.0,0.0,0.0,2.4453530078056955,0.0,0.6713098676693026,0.07142857142857142,0.05,0.18785714285714286,1
17,128.9375,254.0,1.0,91.14580952380642,14,17,3.7345216627599784,16,17,8.176470588235293,19,3,3.969815780118498,0,0.0,0.0,0.0,1.6229540983425623,0.0,0.23529411735851946,0.06666666666666667,0.058823529411764705,0.18745098039215685,1
28,62.55555555555556,117.0,4.0,35.915882521301775,4,28,1.878309619039639,9,28,11.892857142857142,30,3,3.053090082231902,16,1.0,0.0,1.0,1.1712891674921926,0.5517241379310345,1.174780463192263,0.2,0.1,0.7906896551724137,0
12,67.45454545454545,116.0,12.0,32.60608876871601,4,12,1.9591479164501666,6,12,37.75,63,3,2.4591479161616276,8,0.0,1.0,1.0,1.45051302867346,0.6153846153846154,0.49999999971146103,0.2,0.14285714285714285,0.8118681318681319,0
12,164.27272727272728,291.0,28.0,66.87177813355797,7,12,2.6258145826840247,12,12,9.916666666666666,14,2,3.5849624989899223,1,0.0,0.0,0.0,2.370058540998893,0.07692307692307693,0.9591479163058976,0.125,0.07692307692307693,0.2105769230769231,1
21,150.9,300.0,10.0,88.87569971595161,14,21,3.7256507540923205,21,21,9.428571428571429,19,3,4.3923174197491,2,0.0,0.0,0.0,2.070663926453147,0.09090909090909091,0.6666666656567792,0.06666666666666667,0.045454545454545456,0.22515151515151516,1
18,130.23529411764707,278.0,1.0,77.16333281290957,12,18,3.3921472219333006,18,18,7.277777777777778,15,2,4.169924998845461,1,0.0,0.0,0.0,1.8967367182248454,0.05263157894736842,0.7777777769121608,0.07692307692307693,0.05263157894736842,0.20809716599190287,1
14,55.69230769230769,119.0,16.0,33.04399076146504,3,14,1.378783493053367,7,14,21.928571428571427,36,2,2.6105772423217557,4,0.0,0.0,1.0,1.5471953926501523,0.26666666666666666,1.2317937492683888,0.25,0.125,0.46916666666666673,0
38,60.0,120.0,6.0,32.10371705346047,4,38,1.9899708347911205,10,38,42.71052631578947,78,2,2.943090435014735,18,0.0,1.0,0.0,1.591151157904369,0.46153846153846156,0.9531196002236146,0.2,0.09090909090909091,0.5555244755244756,0
7,193.5,279.0,40.0,79.07960124667633,6,7,2.5216406354777012,7,7,11.285714285714286,19,6,2.8073549210477173,1,0.0,0.0,0.0,1.5841502768769262,0.125,0.2857142855700161,0.14285714285714285,0.125,0.22321428571428575,1
8,171.28571428571428,281.0,42.0,82.91943471262466,7,8,2.749999998990113,8,8,8.0,13,2,2.9999999988458437,0,0.0,0.0,0.0,1.7142857136261962,0.0,0.24999999985573051,0.125,0.1111111111111111,0.1763888888888889,1
25,172.58333333333334,296.0,16.0,81.96488916332136,16,25,3.893660687379874,24,25,8.12,16,2,4.5638561863122575,1,0.0,0.0,0.0,2.1799124842856195,0.038461538461538464,0.6701954989323835,0.058823529411764705,0.04,0.20550226244343892,1
8,62.714285714285715,96.0,36.0,24.033989536929244,3,8,1.4999999995671913,7,8,25.75,53,2,2.749999998990113,1,0.0,1.0,0.0,1.3113425921110262,0.1111111111111111,1.2499999994229218,0.25,0.125,0.4069444444444445,0
37,65.36111111111111,116.0,10.0,27.631657345413085,4,37,1.9436487085914729,11,37,22.0,36,2,3.046536708473138,16,0.0,0.0,1.0,1.8114542590921363,0.42105263157894735,1.1028879998816652,0.2,0.08333333333333333,0.5400877192982456,0
12,168.36363636363637,277.0,6.0,89.34333441817961,9,12,3.0849624994227307,10,12,7.5,17,2,3.2516291659451277,0,0.0,0.0,0.0,1.35484548581047,0.0,0.16666666652239703,0.1,0.09090909090909091,0.1809090909090909,1
39,56.5,120.0,1.0,35.717274311046275,4,39,1.9985517603466656,10,39,36.64102564102564,63,2,2.862235718342171,20,0.0,1.0,1.0,1.638675817913046,0.5,0.8636839579955056,0.2,0.09090909090909091,0.7709090909090911,0
8,73.0,114.0,0.0,38.69662222247016,4,8,1.8112781238820546,5,8,22.5,49,4,2.155639061508219,2,0.0,0.0,0.0,0.9700375776786985,0.2222222222222222,0.34436093762616427,0.2,0.16666666666666666,0.25222222222222224,0
15,47.92857142857143,113.0,2.0,35.4813115511216,4,15,1.88924642793208,7,15,24.333333333333332,36,2,2.549255396158613,6,0.0,0.0,1.0,1.6765373326088175,0.375,0.6600089682265331,0.2,0.125,0.5175000000000001,0
12,118.27272727272727,257.0,36.0,78.7297921074942,8,12,2.8553885410533777,11,12,8.833333333333334,16,3,3.418295832467525,0,0.0,0.0,0.0,1.776173324713518,0.0,0.5629072914141475,0.1111111111111111,0.08333333333333333,0.18055555555555558,1
29,64.89285714285714,119.0,5.0,36.69988252775505,4,29,1.9552890805944467,8,29,38.41379310344828,63,3,2.710923666163402,17,0.0,1.0,1.0,1.6271384504881627,0.5666666666666667,0.7556345855689552,0.2,0.1111111111111111,0.7955555555555557,0
8,172.14285714285714,230.0,129.0,34.65927446041606,7,8,2.749999998990113,8,8,10.5,15,6,2.9999999988458437,1,0.0,0.0,0.0,1.968749999242585,0.1111111111111111,0.24999999985573051,0.125,0.1111111111111111,0.22083333333333333,1
19,158.11111111111111,296.0,2.0,98.0362115008128,10,19,3.1555650118870235,19,19,8.368421052631579,14,3,4.247927510702465,0,0.0,0.0,0.0,2.369896400707691,0.0,1.0923624988154415,0.09090909090909091,0.05,0.1859090909090909,1
10,157.88888888888889,285.0,10.0,86.13999515574689,7,10,2.7219280938774757,10,10,9.2,12,4,3.3219280934446678,0,0.0,0.0,0.0,2.3509029584377648,0.0,0.5999999995671921,0.125,0.09090909090909091,0.1784090909090909,1
12,193.27272727272728,284.0,46.0,69.91695191646484,9,12,3.0849624994227307,12,12,7.416666666666667,13,2,3.5849624989899223,0,0.0,0.0,0.0,1.8991765619648993,0.0,0.49999999956719154,0.1,0.07692307692307693,0.18230769230769234,1
21,137.2,254.0,4.0,83.87645676827317,14,21,3.653756706267228,21,21,9.380952380952381,17,2,4.3923174197491,0,0.0,0.0,0.0,2.2891178087052184,0.0,0.7385607134818719,0.06666666666666667,0.045454545454545456,0.18878787878787878,1
36,63.6,119.0,8.0,40.151285337903126,4,36,1.9668103127765777,10,36,32.833333333333336,63,2,3.0055875844192386,15,0.0,1.0,1.0,1.5419290472150782,0.40540540540540543,1.0387772716426609,0.2,0.09090909090909091,0.7330712530712532,0
27,69.1923076923077,118.0,11.0,34.32202615362241,4,27,1.946284023001677,9,27,36.0,78,2,3.055839242312183,9,0.0,1.0,0.0,1.3925343382688429,0.32142857142857145,1.109555219310506,0.2,0.1,0.49857142857142867,0
23,59.59090909090909,118.0,1.0,34.036957308342316,4,23,1.9336649374235495,10,23,9.217391304347826,30,2,2.925523367563732,15,1.0,0.0,1.0,0.8698610854467197,0.625,0.9918584301401825,0.2,0.09090909090909091,0.8209090909090909,0
10,142.11111111111111,274.0,33.0,90.87408192346209,9,10,3.121928093588937,10,10,8.1,13,4,3.3219280934446678,2,0.0,0.0,0.0,1.9219726826358432,0.18181818181818182,0.1999999998557307,0.1,0.09090909090909091,0.25363636363636366,1
3,150.0,189.0,111.0,39.0,2,3,0.9182958337659504,3,3,8.666666666666666,12,5,1.5849625002883474,0,0.0,0.0,0.0,1.0566416668588983,0.0,0.666666666522397,0.3333333333333333,0.25,0.1416666666666667,1
23,134.9090909090909,283.0,3.0,79.94936414034999,11,23,3.2733494543759845,23,23,7.565217391304348,13,2,4.523561952738814,2,0.0,0.0,0.0,2.4444092539644524,0.08333333333333333,1.2502124983628295,0.08333333333333333,0.041666666666666664,0.22083333333333333,1
17,130.0,276.0,8.0,80.539586539788,12,17,3.4992275454014585,16,17,6.705882352941177,15,2,3.969815780118498,0,0.0,0.0,0.0,1.663819849020253,0.0,0.47058823471703937,0.07692307692307693,0.058823529411764705,0.18642533936651584,1
5,223.5,279.0,149.0,50.15226814412286,5,5,2.3219280941660148,5,5,8.8,14,4,2.3219280941660148,0,0.0,0.0,0.0,1.362197815244062,0.0,0.0,0.16666666666666666,0.16666666666666666,0.16666666666666669,1
31,65.03333333333333,117.0,2.0,37.297438100878836,4,31,1.9918642478166593,9,31,40.87096774193548,78,3,2.9419208120689726,12,0.0,1.0,0.0,1.5220145646759444,0.375,0.9500565642523133,0.2,0.1,0.52,0
19,137.83333333333334,289.0,7.0,92.4038539359816,14,19,3.6818808007836297,19,19,7.368421052631579,13,2,4.247927510702465,0,0.0,0.0,0.0,2.2357513214223497,0.0,0.5660467099188353,0.06666666666666667,0.05,0.18833333333333335,1
33,56.625,119.0,3.0,31.929365402400343,4,33,1.928939574827596,8,33,27.303030303030305,49,3,2.560457913176906,7,0.0,0.0,0.0,1.3981651998620561,0.20588235294117646,0.6315183383493101,0.2,0.1111111111111111,0.2512418300653595,0
12,100.72727272727273,235.0,7.0,74.07869391776546,9,12,3.022055207575775,12,12,8.75,17,2,3.5849624989899223,0,0.0,0.0,0.0,1.7426901036756566,0.0,0.5629072914141471,0.1,0.07692307692307693,0.18230769230769234,1
6,93.2,193.0,51.0,50.84250190539407,6,6,2.584962499855539,6,6,10.5,14,4,2.584962499855539,1,0.0,0.0,0.0,1.8094737498988773,0.14285714285714285,0.0,0.14285714285714285,0.14285714285714285,0.2285714285714286,1
23,55.31818181818182,112.0,5.0,37.06797976646343,4,23,1.837020653661637,9,23,23.217391304347824,49,2,2.799584369784534,1,0.0,0.0,0.0,1.2999809160564704,0.041666666666666664,0.962563716122897,0.2,0.1,0.1866666666666667,0
11,138.7,298.0,29.0,88.77617923745086,7,11,2.7321588903546834,11,11,8.181818181818182,13,3,3.459431617050333,0,0.0,0.0,0.0,2.0217457502242207,0.0,0.7272727266956496,0.125,0.08333333333333333,0.1791666666666667,1
23,58.72727272727273,120.0,0.0,37.30730103805154,4,23,1.7599305289870126,9,23,25.391304347826086,53,3,2.7942385847230504,1,0.0,1.0,0.0,1.3138770800952184,0.041666666666666664,1.0343080557360378,0.2,0.1,0.3866666666666667,0
8,159.85714285714286,240.0,2.0,89.39387734136186,6,8,2.4999999991343826,8,8,9.375,14,3,2.9999999988458437,2,0.0,0.0,0.0,1.8749999992786524,0.2222222222222222,0.49999999971146103,0.14285714285714285,0.1111111111111111,0.2634920634920635,1
23,160.6818181818182,294.0,12.0,91.70426101116188,14,23,3.6211755408996975,23,23,8.695652173913043,14,4,4.523561952738814,2,0.0,0.0,0.0,2.6223547552109068,0.08333333333333333,0.9023864118391165,0.06666666666666667,0.041666666666666664,0.22250000000000003,1
22,62.666666666666664,112.0,4.0,30.69253567289197,4,22,1.867633890394134,10,22,8.772727272727273,30,2,3.083765139626857,13,1.0,0.0,1.0,0.8726784046158115,0.5652173913043478,1.2161312492327228,0.2,0.09090909090909091,0.7969960474308301,0
19,168.33333333333334,298.0,8.0,82.05553674866256,12,19,3.321104328847256,19,19,8.0,13,2,4.247927510702465,0,0.0,0.0,0.0,2.427387148972837,0.0,0.9268231818552088,0.07692307692307693,0.05,0.18730769230769231,1
12,174.72727272727272,287.0,40.0,78.8705393887418,9,12,3.0849624994227307,12,12,10.0,19,4,3.5849624989899223,0,0.0,0.0,0.0,1.7924812494949611,0.0,0.49999999956719154,0.1,0.07692307692307693,0.18230769230769234,1
40,50.256410256410255,117.0,0.0,38.373146291964524,4,40,1.9679414907891726,14,40,6.525,15,2,3.4939427058984958,8,0.0,0.0,0.0,1.4248735097492304,0.1951219512195122,1.5260012151093232,0.2,0.06666666666666667,0.25138211382113823,0
40,51.76923076923077,117.0,0.0,31.919338675160017,4,40,1.9887586803379302,10,40,9.25,30,2,2.776223460548977,28,1.0,0.0,1.0,0.8283892583896142,0.6829268292682927,0.7874647802110468,0.2,0.09090909090909091,0.844079822616408,0
20,59.63157894736842,116.0,6.0,32.26732178848536,4,20,1.6751432458329087,8,20,20.5,35,2,2.5464393435168593,3,0.0,0.0,1.0,1.4500557372804337,0.14285714285714285,0.8712960976839506,0.2,0.1111111111111111,0.4260317460317461,0
24,134.7826086956522,299.0,23.0,79.89719292110937,16,24,3.855388539899222,23,24,6.875,13,2,4.501629164069624,0,0.0,0.0,0.0,2.210621464498476,0.0,0.6462406241704022,0.058823529411764705,0.041666666666666664,0.18995098039215685,1
19,137.44444444444446,242.0,42.0,58.50377216919172,13,19,3.5766176430331624,18,19,8.789473684210526,13,2,4.142664352951997,0,0.0,0.0,0.0,2.600845665199186,0.0,0.5660467099188349,0.07142857142857142,0.05263157894736842,0.18759398496240604,1
4,184.66666666666666,251.0,88.0,69.91582240253076,3,4,1.4999999995671913,4,4,8.0,13,5,1.9999999994229218,0,0.0,0.0,0.0,1.142857142527384,0.0,0.4999999998557305,0.25,0.2,0.15500000000000003,1
8,148.0,276.0,22.0,73.28028384224504,5,8,2.155639061508219,8,8,7.75,13,3,2.9999999988458437,1,0.0,0.0,0.0,1.6607142850753778,0.1111111111111111,0.8443609373376249,0.16666666666666666,0.1111111111111111,0.21666666666666667,1
6,131.4,299.0,8.0,110.06289111230906,5,6,2.251629166666475,6,6,6.666666666666667,13,3,2.584962499855539,0,0.0,0.0,0.0,1.230934523740733,0.0,0.333333333189064,0.16666666666666666,0.14285714285714285,0.16904761904761906,1
33,61.96875,119.0,1.0,33.92591595576308,4,33,1.9925718618006223,9,33,44.84848484848485,78,2,2.7039306823061757,14,0.0,1.0,0.0,1.5350277751488837,0.4117647058823529,0.7113588205055534,0.2,0.1,0.5347058823529413,0
21,170.75,292.0,21.0,67.10281290676271,13,21,3.5944656350859483,20,21,8.285714285714286,19,2,4.297079324655274,0,0.0,0.0,0.0,1.7802185773571853,0.0,0.702613689569326,0.07142857142857142,0.047619047619047616,0.1880952380952381,1
32,47.32258064516129,119.0,0.0,37.65324566978659,4,32,1.9575547982888204,13,32,5.46875,15,2,3.3124999981244962,3,0.0,0.0,0.0,1.1322021477964588,0.09090909090909091,1.3549451998356759,0.2,0.07142857142857142,0.20922077922077925,0
29,53.32142857142857,119.0,1.0,33.13614079114543,4,29,1.7780161207639436,9,29,23.24137931034483,36,2,2.6940193558235097,9,0.0,0.0,1.0,1.6922358302190545,0.3,0.9160032350595662,0.2,0.1,0.49000000000000005,0
5,47.0,104.0,4.0,41.12177038990418,4,5,1.9219280943102843,4,5,10.2,30,3,1.9219280943102843,2,1.0,0.0,1.0,0.6323763407085451,0.3333333333333333,0.0,0.2,0.2,0.6933333333333336,0
27,52.92307692307692,115.0,1.0,35.905777419114685,4,27,1.9493835770732633,10,27,7.296296296296297,15,2,3.0558392421679135,7,0.0,0.0,0.0,1.3935192840441644,0.25,1.1064556650946502,0.2,0.09090909090909091,0.27090909090909093,0
17,160.625,278.0,39.0,68.91922355192345,11,17,3.2483650451639394,17,17,8.882352941176471,17,2,4.087462838797758,0,0.0,0.0,0.0,2.017015976008044,0.0,0.8390977936338184,0.08333333333333333,0.05555555555555555,0.18611111111111112,1
6,156.8,292.0,58.0,86.01953266555219,5,6,2.251629166666475,6,6,9.166666666666666,13,4,2.584962499855539,1,0.0,0.0,0.0,1.6925349701435077,0.14285714285714285,0.333333333189064,0.16666666666666666,0.14285714285714285,0.22619047619047622,1
17,140.0,269.0,5.0,82.02591054051153,10,17,3.175123133670766,17,17,9.470588235294118,18,3,4.087462838797758,0,0.0,0.0,0.0,2.0374040775431546,0.0,0.9123397051269917,0.09090909090909091,0.05555555555555555,0.18535353535353535,1
12,65.0909090909091,101.0,24.0,24.592883469722945,4,12,1.9591479164501666,4,12,29.916666666666668,36,24,1.8879185020940548,4,0.0,0.0,1.0,1.5264926627292021,0.3076923076923077,0.07122941435611185,0.2,0.2,0.4830769230769231,0
17,157.0625,291.0,10.0,97.48683805391371,11,17,3.2927701923500257,17,17,7.235294117647059,14,2,4.087462838797758,0,0.0,0.0,0.0,1.9715997222436243,0.0,0.7946926464477322,0.08333333333333333,0.05555555555555555,0.18611111111111112,1
14,181.0,262.0,41.0,62.57057553736359,9,14,3.039148670604645,14,14,8.642857142857142,13,5,3.8073549200378314,0,0.0,0.0,0.0,2.3504589047172324,0.0,0.7682062494331863,0.1,0.06666666666666667,0.18333333333333335,1
31,65.5,112.0,5.0,29.82923621773332,4,31,1.9648966162485573,11,31,21.258064516129032,36,2,3.047118390130112,7,0.0,0.0,1.0,1.7506983601532202,0.21875,1.0822217738815547,0.2,0.08333333333333333,0.4591666666666667,0
17,140.625,260.0,5.0,74.67335117028028,12,17,3.4992275454014585,17,17,7.823529411764706,15,3,4.087462838797758,1,0.0,0.0,0.0,1.9986491086768448,0.05555555555555555,0.5882352933962993,0.07692307692307693,0.05555555555555555,0.20897435897435898,1
25,144.5,280.0,4.0,98.6458311334037,13,25,3.513269687639605,25,25,8.84,19,2,4.643856186167987,5,0.0,0.0,0.0,2.0525844342862505,0.19230769230769232,1.1305864985283822,0.07142857142857142,0.038461538461538464,0.26593406593406593,1
10,144.11111111111111,265.0,25.0,88.67348901628371,8,10,2.9219280937332064,10,10,7.0,13,2,3.3219280934446678,0,0.0,0.0,0.0,1.6609640467223339,0.0,0.3999999997114614,0.1111111111111111,0.09090909090909091,0.1797979797979798,1
12,173.72727272727272,295.0,15.0,99.88638173544153,9,12,3.0849624994227307,12,12,9.083333333333334,15,3,3.5849624989899223,1,0.0,0.0,0.0,2.0352130853640706,0.07692307692307693,0.49999999956719154,0.1,0.07692307692307693,0.2130769230769231,1
12,151.72727272727272,274.0,16.0,94.96323777612905,9,12,3.0849624994227307,12,12,9.333333333333334,17,4,3.5849624989899223,0,0.0,0.0,0.0,1.8588694439207007,0.0,0.49999999956719154,0.1,0.07692307692307693,0.18230769230769234,1
36,66.71428571428571,120.0,5.0,40.06606788690859,4,36,1.9870618670321487,10,36,24.75,53,2,3.138385335839416,5,0.0,1.0,0.0,1.4384266122597322,0.13513513513513514,1.151323468807267,0.2,0.09090909090909091,0.424963144963145,0
17,136.125,299.0,10.0,105.35468368800696,10,17,3.007196488242922,17,17,11.235294117647058,19,2,4.087462838797758,0,0.0,0.0,0.0,2.2961923594422697,0.0,1.0802663505548358,0.09090909090909091,0.05555555555555555,0.18535353535353535,1
6,58.0,109.0,9.0,40.13975585376672,3,6,1.459147916594436,4,6,29.0,49,3,1.9182958334774112,2,0.0,0.0,0.0,1.1126115834168984,0.2857142857142857,0.45914791688297507,0.25,0.2,0.2692857142857143,0
12,115.0,254.0,24.0,70.95581211378862,7,12,2.5220552078643137,12,12,8.166666666666666,14,2,3.5849624989899223,2,0.0,0.0,0.0,1.9518129161167352,0.15384615384615385,1.0629072911256086,0.125,0.07692307692307693,0.24134615384615388,1
9,151.25,264.0,35.0,81.01195899371895,8,9,2.947702778065934,9,9,7.444444444444445,11,3,3.169925000143887,0,0.0,0.0,0.0,1.9665275463855594,0.0,0.22222222207795284,0.1111111111111111,0.1,0.1788888888888889,1
6,66.4,111.0,0.0,41.2,3,6,1.459147916594436,3,6,22.333333333333332,30,7,1.2516291669550144,2,1.0,0.0,1.0,0.9017113353331823,0.2857142857142857,0.20751874963942174,0.25,0.25,0.6642857142857141,0
5,55.75,82.0,4.0,31.45135132232,3,5,1.5219280944545537,4,5,6.2,7,3,1.9219280943102843,4,1.0,0.0,0.0,1.4894942730904703,0.6666666666666666,0.39999999985573065,0.25,0.2,0.6216666666666668,0
3,277.0,289.0,265.0,12.0,3,3,1.5849625002883474,3,3,7.666666666666667,13,3,1.5849625002883474,0,0.0,0.0,0.0,0.8679556549198094,0.0,0.0,0.25,0.25,0.15000000000000002,1
23,129.3181818181818,291.0,14.0,80.84125092574749,16,23,3.9148663015747873,22,23,8.173913043478262,14,2,4.436605431143953,1,0.0,0.0,0.0,2.4176284668262698,0.041666666666666664,0.5217391295691653,0.058823529411764705,0.043478260869565216,0.20643648763853367,1
6,56.2,105.0,25.0,36.29545426082996,4,6,1.9182958334774112,6,6,10.0,30,2,2.584962499855539,3,1.0,0.0,1.0,0.8338588709211416,0.42857142857142855,0.666666666378128,0.2,0.14285714285714285,0.7371428571428572,0
9,164.75,290.0,41.0,90.20081762378875,8,9,2.947702778065934,9,9,10.88888888888889,15,5,3.169925000143887,3,0.0,0.0,0.0,2.1573100695423673,0.3,0.22222222207795284,0.1111111111111111,0.1,0.2988888888888889,1
40,56.69230769230769,120.0,0.0,41.56252864037808,4,40,1.940645449038268,10,40,35.175,63,2,2.953701694614653,18,0.0,1.0,1.0,1.6233821423136001,0.43902439024390244,1.013056245576385,0.2,0.09090909090909091,0.746518847006652,0
10,169.55555555555554,277.0,19.0,95.2378439150123,6,10,2.4464393438053986,10,10,8.5,18,2,3.3219280934446678,0,0.0,0.0,0.0,1.4861257260147198,0.0,0.8754887496392691,0.14285714285714285,0.09090909090909091,0.17662337662337663,1
11,147.8,294.0,16.0,97.34967899279381,8,11,2.9139770720285956,11,11,7.0,10,4,3.459431617050333,0,0.0,0.0,0.0,2.2014564835774846,0.0,0.5454545450217374,0.1111111111111111,0.08333333333333333,0.18055555555555558,1
4,228.33333333333334,276.0,199.0,34.00326781681758,3,4,1.4999999995671913,4,4,10.5,15,8,1.9999999994229218,0,0.0,0.0,0.0,1.3124999996212925,0.0,0.4999999998557305,0.25,0.2,0.15500000000000003,1
16,160.66666666666666,290.0,5.0,79.33361344488364,13,16,3.57781952923928,16,16,8.625,19,2,3.9999999976916882,0,0.0,0.0,0.0,1.7249999990045406,0.0,0.4221804684524084,0.07142857142857142,0.058823529411764705,0.1869747899159664,1
4,163.66666666666666,223.0,111.0,45.966171135835204,3,4,1.4999999995671913,4,4,6.5,13,2,1.9999999994229218,0,0.0,0.0,0.0,0.9285714283034995,0.0,0.4999999998557305,0.25,0.2,0.15500000000000003,1
38,56.7027027027027,117.0,1.0,33.15635756155148,4,38,1.9627551033080572,6,38,33.60526315789474,53,2,2.3377385277371596,9,0.0,1.0,0.0,1.4548207114621603,0.23076923076923078,0.3749834244291024,0.2,0.14285714285714285,0.4580219780219781,0
7,39.833333333333336,82.0,3.0,24.5724552203388,3,7,1.378783493053367,4,7,24.142857142857142,36,2,1.6644977786233832,1,0.0,0.0,0.0,1.0861008671326324,0.125,0.2857142855700163,0.25,0.2,0.20500000000000002,0
10,178.88888888888889,266.0,73.0,68.78217541137374,8,10,2.9219280937332064,10,10,6.7,13,3,3.3219280934446678,0,0.0,0.0,0.0,1.5897798732913768,0.0,0.3999999997114614,0.1111111111111111,0.09090909090909091,0.1797979797979798,1
22,161.23809523809524,289.0,6.0,88.54049639082552,12,22,3.368522525996972,22,22,8.863636363636363,14,3,4.459431615463368,1,0.0,0.0,0.0,2.6351186818647174,0.043478260869565216,1.0909090894663955,0.07692307692307693,0.043478260869565216,0.2053511705685619,1
5,82.25,118.0,21.0,38.97675589373749,2,5,0.9709505941661296,5,5,10.2,30,3,2.3219280941660148,2,1.0,0.0,1.0,0.7639892438868822,0.3333333333333333,1.3509774999998851,0.3333333333333333,0.16666666666666666,0.6833333333333335,0
33,66.15625,113.0,9.0,32.98305376913272,4,33,1.9120655956094288,8,33,29.12121212121212,49,2,2.595523090533588,8,0.0,0.0,0.0,1.5116955696986534,0.23529411764705882,0.6834574949241594,0.2,0.1111111111111111,0.26300653594771245,0
30,55.37931034482759,117.0,0.0,36.14283330792394,4,30,1.972489766297873,10,30,25.533333333333335,53,2,3.0607546613240184,2,0.0,1.0,0.0,1.4472457225766655,0.06451612903225806,1.0882648950261453,0.2,0.09090909090909091,0.39671554252199415,0
6,53.4,102.0,16.0,35.000571423906784,4,6,1.9182958334774112,6,6,11.333333333333334,34,2,2.584962499855539,1,0.0,0.0,0.0,0.8370354761436984,0.14285714285714285,0.666666666378128,0.2,0.14285714285714285,0.22285714285714286,0
27,55.5,119.0,0.0,33.47358315494129,4,27,1.9529806699418266,8,27,38.44444444444444,63,3,2.683919095050289,14,0.0,1.0,1.0,1.6122152897350692,0.5,0.7309384251084623,0.2,0.1111111111111111,0.7688888888888891,0
34,62.333333333333336,119.0,0.0,35.91797614149508,4,34,1.9731674957674512,10,34,37.911764705882355,78,2,2.857222095224479,9,0.0,1.0,0.0,1.3711687567923878,0.2571428571428571,0.8840545994570279,0.2,0.09090909090909091,0.47376623376623384,0
37,58.25,119.0,5.0,34.49023613849127,4,37,1.8817434638494914,8,37,22.43243243243243,49,2,2.779287230396587,8,0.0,0.0,0.0,1.2469234601238741,0.21052631578947367,0.8975437665470958,0.2,0.1111111111111111,0.2530994152046784,0
35,65.52941176470588,118.0,4.0,34.525553447127386,4,35,1.9981980152552474,9,35,32.57142857142857,53,2,2.729563561873952,6,0.0,1.0,0.0,1.6464034182731773,0.16666666666666666,0.7313655466187046,0.2,0.1,0.4366666666666667,0
10,183.55555555555554,274.0,46.0,74.39251920442167,7,10,2.7219280938774757,10,10,6.6,11,2,3.3219280934446678,0,0.0,0.0,0.0,1.827060451394567,0.0,0.5999999995671921,0.125,0.09090909090909091,0.1784090909090909,1
11,182.7,292.0,73.0,73.56908318036864,9,11,3.095795253702508,11,11,7.454545454545454,10,3,3.459431617050333,1,0.0,0.0,0.0,2.344408203290308,0.08333333333333333,0.3636363633478248,0.1,0.08333333333333333,0.21500000000000002,1
22,163.0,300.0,20.0,80.98030330771505,12,22,3.4251185486259055,22,22,9.045454545454545,14,2,4.459431615463368,0,0.0,0.0,0.0,2.6891723984157885,0.0,1.0343130668374623,0.07692307692307693,0.043478260869565216,0.1879598662207358,1
18,169.11764705882354,276.0,53.0,66.19390619983896,12,18,3.4613201384797745,18,18,8.5,18,2,4.169924998845461,1,0.0,0.0,0.0,1.8654927626413906,0.05263157894736842,0.7086048603656869,0.07692307692307693,0.05263157894736842,0.20809716599190287,1
20,115.42105263157895,266.0,2.0,80.97713503756457,13,20,3.621928093011859,19,20,8.75,15,2,4.221928092146242,1,0.0,0.0,0.0,2.308866925392476,0.047619047619047616,0.5999999991343827,0.07142857142857142,0.05,0.20690476190476192,1
10,205.33333333333334,256.0,90.0,50.51292463870564,8,10,2.9219280937332064,9,10,6.6,12,2,3.121928093588937,0,0.0,0.0,0.0,1.584978878283614,0.0,0.1999999998557307,0.1111111111111111,0.1,0.1788888888888889,1
6,162.4,294.0,89.0,81.23201339373536,5,6,2.251629166666475,6,6,7.666666666666667,13,3,2.584962499855539,1,0.0,0.0,0.0,1.415574702301843,0.14285714285714285,0.333333333189064,0.16666666666666666,0.14285714285714285,0.22619047619047622,1
27,48.26923076923077,103.0,5.0,30.96717578875027,4,27,1.9803464133181214,10,27,26.333333333333332,47,2,2.99526620426422,12,0.0,1.0,0.0,1.643236320394954,0.42857142857142855,1.0149197909460987,0.2,0.09090909090909091,0.5423376623376623,0
6,163.4,283.0,60.0,84.51887363186994,6,6,2.584962499855539,6,6,8.333333333333334,12,6,2.584962499855539,0,0.0,0.0,0.0,1.6570272434971407,0.0,0.0,0.14285714285714285,0.14285714285714285,0.17142857142857146,1
14,63.15384615384615,102.0,2.0,26.5383500555072,4,14,1.9241743517233632,6,14,44.285714285714285,63,2,2.3787834926205584,8,0.0,1.0,1.0,1.6460332203401185,0.5333333333333333,0.4546091408971953,0.2,0.14285714285714285,0.7790476190476191,0
4,165.0,190.0,123.0,29.87752778706208,4,4,1.9999999994229218,4,4,7.0,13,3,1.9999999994229218,0,0.0,0.0,0.0,0.9999999997114609,0.0,0.0,0.2,0.2,0.16000000000000003,1
3,263.5,289.0,238.0,25.5,3,3,1.5849625002883474,3,3,8.0,11,6,1.5849625002883474,0,0.0,0.0,0.0,1.0566416668588983,0.0,0.0,0.25,0.25,0.15000000000000002,1
19,142.72222222222223,287.0,6.0,89.25295236670235,14,19,3.6421498796171314,19,19,9.105263157894736,19,3,4.247927510702465,1,0.0,0.0,0.0,1.9339248930303325,0.05,0.6057776310853336,0.06666666666666667,0.05,0.20833333333333334,1
14,42.53846153846154,115.0,2.0,28.198787165995917,3,14,1.5306189944157085,8,14,14.214285714285714,30,2,2.753434385034629,8,1.0,0.0,1.0,1.2625194530458321,0.5333333333333333,1.2228153906189205,0.25,0.1111111111111111,0.7772222222222221,0
25,169.41666666666666,285.0,2.0,89.29628429497438,14,25,3.683856187754952,23,25,8.52,14,2,4.483856186456527,1,0.0,0.0,0.0,2.546830313907307,0.038461538461538464,0.7999999987015749,0.06666666666666667,0.041666666666666664,0.20455128205128206,1
6,130.4,284.0,25.0,103.07395403301457,5,6,2.251629166666475,6,6,9.0,12,4,2.584962499855539,0,0.0,0.0,0.0,1.7895894229769116,0.0,0.333333333189064,0.16666666666666666,0.14285714285714285,0.16904761904761906,1
8,73.14285714285714,118.0,6.0,42.049048134049265,3,8,1.4056390617967578,5,8,9.25,15,2,2.155639061508219,4,0.0,0.0,0.0,1.246228832434439,0.4444444444444444,0.749999999711461,0.25,0.16666666666666666,0.33611111111111114,0
21,178.1,267.0,4.0,89.60295754047408,14,21,3.5537631124524722,21,21,9.0,17,3,4.3923174197491,0,0.0,0.0,0.0,2.19615870987455,0.0,0.8385543072966275,0.06666666666666667,0.045454545454545456,0.18878787878787878,1
12,154.72727272727272,276.0,4.0,96.36209261199127,9,12,3.022055207575775,12,12,7.833333333333333,13,3,3.5849624989899223,0,0.0,0.0,0.0,2.0058718744348374,0.0,0.5629072914141471,0.1,0.07692307692307693,0.18230769230769234,1
33,54.40625,118.0,2.0,29.532671923439302,4,33,1.9149083989667117,8,33,46.81818181818182,78,3,2.667258603844466,16,0.0,1.0,0.0,1.5807113705177216,0.47058823529411764,0.7523502048777542,0.2,0.1111111111111111,0.557124183006536,0
19,130.66666666666666,272.0,18.0,73.38634447603692,14,19,3.6818808007836297,19,19,8.210526315789474,15,2,4.247927510702465,1,0.0,0.0,0.0,2.1798575383867913,0.05,0.5660467099188353,0.06666666666666667,0.05,0.20833333333333334,1
4,141.66666666666666,269.0,42.0,94.71477650762256,3,4,1.4999999995671913,4,4,9.0,13,4,1.9999999994229218,0,0.0,0.0,0.0,1.285714285343307,0.0,0.4999999998557305,0.25,0.2,0.15500000000000003,1
16,168.46666666666667,288.0,9.0,97.2254196299621,12,16,3.499999998268766,15,16,7.375,10,2,3.8749999978359577,0,0.0,0.0,0.0,2.5980113621854715,0.0,0.37499999956719154,0.07692307692307693,0.0625,0.1860576923076923,1
29,58.42857142857143,120.0,5.0,34.181687423268635,4,29,1.9329931415098993,9,29,35.62068965517241,78,2,2.9263943582773013,11,0.0,1.0,0.0,1.3194960157575086,0.36666666666666664,0.993401216767402,0.2,0.1,0.5166666666666667,0
28,77.74074074074075,120.0,16.0,27.741655525637885,4,28,1.9437545833596674,7,28,31.107142857142858,53,2,2.6968697806976873,5,0.0,1.0,0.0,1.553553954356935,0.1724137931034483,0.7531151973380199,0.2,0.125,0.4364655172413794,0
18,66.17647058823529,119.0,1.0,40.86741157352302,4,18,1.9071996701318696,9,18,29.11111111111111,53,2,2.9477027779216645,4,0.0,1.0,0.0,1.5890907979742306,0.21052631578947367,1.0405031077897948,0.2,0.1,0.4542105263157895,0
10,35.888888888888886,69.0,6.0,23.31163011814987,4,10,1.7219280943102842,7,10,22.2,76,2,2.7219280938774757,2,0.0,1.0,0.0,0.7847636842088306,0.18181818181818182,0.9999999995671915,0.2,0.125,0.4402272727272728,0
11,46.0,109.0,7.0,32.70473971766172,4,11,1.8585552112932362,6,11,24.90909090909091,49,3,2.4130884355601405,1,0.0,0.0,0.0,1.20215678426087,0.08333333333333333,0.5545332242669043,0.2,0.14285714285714285,0.19904761904761908,0
24,138.30434782608697,281.0,4.0,84.04731316741557,16,24,3.855388539899222,23,24,8.875,19,2,4.501629164069624,1,0.0,0.0,0.0,1.9975979415558955,0.04,0.6462406241704022,0.058823529411764705,0.041666666666666664,0.20595098039215687,1
27,62.5,115.0,1.0,32.97114122753645,4,27,1.9259785976010648,11,27,7.666666666666667,30,2,2.928851615065154,20,1.0,0.0,1.0,0.7243396467365434,0.7142857142857143,1.002873017464089,0.2,0.08333333333333333,0.8573809523809525,0
15,170.14285714285714,292.0,62.0,69.64692295824003,13,15,3.6402239270663483,15,15,9.333333333333334,15,2,3.906890593444476,1,0.0,0.0,0.0,2.279019512842611,0.0625,0.26666666637812764,0.07142857142857142,0.0625,0.21160714285714285,1
24,71.1304347826087,120.0,12.0,31.335914036559014,4,24,1.8478548138227873,10,24,20.541666666666668,53,2,3.0901998750731603,1,0.0,1.0,0.0,1.1755158475394045,0.04,1.242345061250373,0.2,0.09090909090909091,0.386909090909091,0
25,136.54166666666666,277.0,3.0,95.13673456603863,15,25,3.703465187437605,25,25,8.48,16,3,4.643856186167987,1,0.0,0.0,0.0,2.3164647328649726,0.038461538461538464,0.9403909987303822,0.0625,0.038461538461538464,0.20528846153846153,1
19,58.55555555555556,105.0,1.0,34.427415145204364,4,19,1.896820435863502,9,19,18.105263157894736,49,2,2.9000516977011173,2,0.0,0.0,0.0,1.0501239831675624,0.1,1.0032312618376154,0.2,0.1,0.21000000000000002,0
21,133.25,299.0,1.0,95.27847343445423,13,21,3.499227539847853,21,21,8.0,14,2,4.3923174197491,3,0.0,0.0,0.0,2.342569290532853,0.13636363636363635,0.8930898799012468,0.07142857142857142,0.045454545454545456,0.24285714285714285,1
28,57.592592592592595,106.0,6.0,31.383245422971534,3,28,1.470142978902507,8,28,38.142857142857146,78,2,2.825785511783304,9,0.0,1.0,0.0,1.3643485201557726,0.3103448275862069,1.355642532880797,0.25,0.1111111111111111,0.4880268199233717,0
22,143.85714285714286,275.0,10.0,90.90355208853461,12,22,3.390805480345748,22,22,8.909090909090908,15,2,4.459431615463368,4,0.0,0.0,0.0,2.4830926040648293,0.17391304347826086,1.0686261351176198,0.07692307692307693,0.043478260869565216,0.25752508361204013,1
19,154.05555555555554,287.0,22.0,85.86389243850617,14,19,3.7216117219501283,19,19,8.31578947368421,15,3,4.247927510702465,0,0.0,0.0,0.0,2.2078044299045705,0.0,0.5263157887523366,0.06666666666666667,0.05,0.18833333333333335,1
17,61.875,119.0,3.0,31.549316553611742,4,17,1.971335284729903,9,17,7.176470588235294,15,2,3.0130709278054195,5,0.0,0.0,0.0,1.3514509308539016,0.2777777777777778,1.0417356430755165,0.2,0.1,0.28111111111111114,0
18,50.0,112.0,4.0,31.89689271239257,4,18,1.81634011327633,9,18,5.722222222222222,11,2,2.9749374999035014,3,0.0,0.0,0.0,1.418604455972503,0.15789473684210525,1.1585973866271715,0.2,0.1,0.23315789473684212,0
24,148.56521739130434,283.0,13.0,77.28143153264793,15,24,3.772055206710158,24,24,9.25,19,2,4.584962497258688,2,0.0,0.0,0.0,2.1205451549821435,0.08,0.8129072905485306,0.0625,0.04,0.22175,1
33,65.125,117.0,5.0,38.37947856602536,4,33,1.8803719870000317,11,33,11.121212121212121,30,2,3.0489858925604496,19,1.0,0.0,1.0,1.093819963411227,0.5588235294117647,1.1686139055604179,0.2,0.08333333333333333,0.7951960784313726,0
16,44.46666666666667,109.0,9.0,29.886154356528078,4,16,1.8496017521375032,8,16,23.6875,53,2,2.9056390610754104,2,0.0,1.0,0.0,1.274580097393033,0.11764705882352941,1.0560373089379071,0.2,0.1111111111111111,0.4159477124183007,0
17,173.125,295.0,22.0,96.40336806875577,13,17,3.572469456894632,17,17,8.647058823529411,16,3,4.087462838797758,0,0.0,0.0,0.0,2.079090094474984,0.0,0.514993381903126,0.07142857142857142,0.05555555555555555,0.1873015873015873,1
40,65.43589743589743,119.0,2.0,31.89951761695793,4,40,1.9588718478682823,10,40,35.075,63,2,2.934936349188896,24,0.0,1.0,1.0,1.6084826944968833,0.5853658536585366,0.9760645013206137,0.2,0.09090909090909091,0.8050554323725055,0
23,65.95454545454545,116.0,1.0,34.516764402147956,4,23,1.837020653661637,7,23,20.52173913043478,36,2,2.625671326594812,4,0.0,0.0,0.0,1.4563065407200366,0.16666666666666666,0.7886506729331753,0.2,0.125,0.2341666666666667,0
37,62.666666666666664,120.0,1.0,34.94360536000193,4,37,1.9584661811811086,12,37,6.108108108108108,15,2,3.354610377868238,6,0.0,0.0,0.0,1.2806451780375367,0.15789473684210525,1.3961441966871295,0.2,0.07692307692307693,0.23546558704453444,0
40,54.0,118.0,2.0,31.028522858319096,4,40,1.9428189352653888,11,40,38.225,78,2,2.8862800441698835,15,0.0,1.0,0.0,1.396557654283466,0.36585365853658536,0.9434611089044946,0.2,0.08333333333333333,0.5180081300813009,0
12,62.63636363636363,112.0,19.0,31.016924199166805,4,12,1.8879185020940548,5,12,20.916666666666668,34,2,2.1887218748195196,2,0.0,0.0,0.0,1.3080218823326177,0.15384615384615385,0.30080337272546487,0.2,0.16666666666666666,0.2248717948717949,0
11,178.3,276.0,79.0,60.63340663363719,9,11,3.095795253702508,11,11,9.363636363636363,19,3,3.459431617050333,1,0.0,0.0,0.0,1.619642984346292,0.08333333333333333,0.3636363633478248,0.1,0.08333333333333333,0.21500000000000002,1
19,44.611111111111114,115.0,8.0,32.43307449175386,4,19,1.52880181394824,8,19,5.157894736842105,11,2,2.8397755384913523,2,0.0,0.0,0.0,1.2206052753164585,0.1,1.3109737245431123,0.2,0.1111111111111111,0.2088888888888889,0
40,56.1025641025641,118.0,0.0,37.573036480280045,4,40,1.8861602537967337,13,40,9.025,30,2,3.456198330934592,22,1.0,0.0,1.0,1.0061996753769256,0.5365853658536586,1.5700380771378581,0.2,0.07142857142857142,0.7874912891986064,0
20,60.0,118.0,4.0,39.81932881614683,4,20,1.9854752966502562,9,20,7.75,15,2,3.04643934337259,6,0.0,0.0,0.0,1.4756190569460983,0.2857142857142857,1.0609640467223336,0.2,0.1,0.2842857142857143,0
13,167.58333333333334,295.0,46.0,89.18656320071739,9,13,3.0269868320608615,12,13,8.76923076923077,19,2,3.546593562563704,2,0.0,0.0,0.0,1.5550448697394705,0.14285714285714285,0.5196067305028427,0.1,0.07692307692307693,0.23945054945054947,1
35,61.88235294117647,119.0,1.0,37.798820947906606,4,35,1.9501757286892967,12,35,8.942857142857143,30,2,3.2920326573909278,20,1.0,0.0,1.0,0.9496831536989496,0.5555555555555556,1.341856928701631,0.2,0.07692307692307693,0.7945299145299146,0
8,54.142857142857146,77.0,33.0,17.03298121233015,4,8,1.9056390616524883,6,8,4.75,7,3,2.4999999991343826,3,1.0,0.0,0.0,1.4843749994860398,0.3333333333333333,0.5943609374818943,0.2,0.14285714285714285,0.49904761904761913,0
11,56.0,120.0,13.0,33.55890343858095,3,11,1.5394847564986933,6,11,17.363636363636363,35,2,2.4817145721204557,3,0.0,0.0,1.0,1.1969885941288056,0.25,0.9422298156217623,0.25,0.14285714285714285,0.4607142857142858,0
12,117.81818181818181,258.0,4.0,88.21236584290949,9,12,3.0849624994227307,12,12,8.666666666666666,16,3,3.5849624989899223,1,0.0,0.0,0.0,1.8276279406615288,0.07692307692307693,0.49999999956719154,0.1,0.07692307692307693,0.2130769230769231,1
7,178.33333333333334,278.0,65.0,67.41579109443788,6,7,2.5216406354777012,7,7,6.0,11,2,2.8073549210477173,0,0.0,0.0,0.0,1.4036774605238587,0.0,0.2857142855700161,0.14285714285714285,0.125,0.17321428571428574,1
34,58.27272727272727,119.0,10.0,31.12172847820433,4,34,1.9528296822860594,10,34,24.294117647058822,49,2,2.8794246688175225,11,0.0,0.0,0.0,1.3990616332019254,0.3142857142857143,0.9265949865314631,0.2,0.09090909090909091,0.2966233766233767,0
10,175.22222222222223,275.0,36.0,67.32471525339426,9,10,3.121928093588937,10,10,7.7,12,2,3.3219280934446678,0,0.0,0.0,0.0,1.9676035630403033,0.0,0.1999999998557307,0.1,0.09090909090909091,0.1809090909090909,1
21,63.15,120.0,0.0,35.51939610973137,4,21,1.862821447022456,8,21,16.476190476190474,36,2,2.7247198021648957,5,0.0,0.0,1.0,1.2133243906680231,0.22727272727272727,0.8618983551424397,0.2,0.1111111111111111,0.4597979797979798,0
34,60.39393939393939,114.0,2.0,29.348418360088015,4,34,1.7764051745477123,12,34,6.735294117647059,15,2,3.1817573242405404,7,0.0,0.0,0.0,1.33937946185861,0.2,1.405352149692828,0.2,0.07692307692307693,0.25230769230769234,0
15,133.42857142857142,283.0,24.0,86.94802576064318,11,15,3.323231427210656,14,15,7.666666666666667,19,3,3.773557260255412,0,0.0,0.0,0.0,1.446530283097908,0.0,0.45032583304475615,0.08333333333333333,0.06666666666666667,0.185,1
15,157.85714285714286,288.0,9.0,89.32193551007113,12,15,3.5068905938772845,14,15,8.266666666666667,17,2,3.773557260255412,1,0.0,0.0,0.0,1.7330411121173006,0.0625,0.26666666637812764,0.07692307692307693,0.06666666666666667,0.21064102564102566,1
13,54.5,105.0,7.0,31.140809238040042,4,13,1.826245257825531,6,13,52.07692307692308,78,2,2.2877837190754535,8,0.0,1.0,0.0,1.5081105918345494,0.5714285714285714,0.4615384612499225,0.2,0.14285714285714285,0.5942857142857144,0
29,70.53571428571429,118.0,12.0,31.852878478199404,4,29,1.887119687018731,11,29,6.379310344827586,15,2,3.3021390804797885,7,0.0,0.0,0.0,1.3165856247602605,0.23333333333333334,1.4150193934610575,0.2,0.08333333333333333,0.265,0
24,167.56521739130434,286.0,17.0,77.7313243819384,14,24,3.6368421861112386,24,24,8.916666666666666,14,2,4.584962497258688,0,0.0,0.0,0.0,2.7255054844815536,0.0,0.9481203111474499,0.06666666666666667,0.04,0.18933333333333335,1
35,58.44117647058823,115.0,0.0,37.04146418817906,4,35,1.956178729911842,10,35,24.057142857142857,36,2,2.867532745252838,11,0.0,0.0,1.0,1.8644498621643935,0.3055555555555556,0.9113540153409958,0.2,0.09090909090909091,0.4931313131313132,0
10,57.111111111111114,81.0,6.0,23.86743222442779,4,10,1.9709505938775906,3,10,47.4,63,44,1.3609640470108726,10,0.0,1.0,1.0,1.0079639973174275,0.9090909090909091,0.609986546866718,0.2,0.25,0.9186363636363637,0
5,80.0,218.0,3.0,84.3474955170573,4,5,1.9219280943102843,5,5,8.8,18,4,2.3219280941660148,1,0.0,0.0,0.0,1.0754193278242596,0.16666666666666666,0.3999999998557304,0.2,0.16666666666666666,0.23,1
9,145.625,234.0,52.0,66.58629269601965,8,9,2.947702778065934,9,9,7.111111111111111,13,3,3.169925000143887,0,0.0,0.0,0.0,1.6101206349937203,0.0,0.22222222207795284,0.1111111111111111,0.1,0.1788888888888889,1
10,55.333333333333336,106.0,0.0,35.57777083767023,3,10,1.3609640470108726,5,10,5.6,8,3,1.9609640467223337,0,0.0,0.0,0.0,1.220155406849452,0.0,0.5999999997114611,0.25,0.16666666666666666,0.15833333333333335,0
23,52.0,110.0,2.0,36.00757496063092,4,23,1.9531525868380326,12,23,8.0,30,2,3.4472624977099757,11,1.0,0.0,1.0,0.889616128441284,0.4583333333333333,1.4941099108719431,0.2,0.07692307692307693,0.7556410256410256,0
32,57.935483870967744,111.0,0.0,36.184059477202666,4,32,1.9166159212854708,10,32,29.75,53,2,2.9217658278067455,5,0.0,1.0,0.0,1.6096765440231608,0.15151515151515152,1.0051499065212748,0.2,0.09090909090909091,0.4315151515151515,0
9,180.0,269.0,114.0,58.378078077305695,9,9,3.169925000143887,8,9,6.888888888888889,13,4,2.947702778065934,0,0.0,0.0,0.0,1.4504569225403803,0.0,0.22222222207795284,0.1,0.1111111111111111,0.1788888888888889,1
12,135.1818181818182,282.0,21.0,83.35664687661324,10,12,3.2516291659451277,12,12,6.666666666666667,11,3,3.5849624989899223,0,0.0,0.0,0.0,1.991645832772179,0.0,0.3333333330447945,0.09090909090909091,0.07692307692307693,0.18321678321678322,1
34,56.0,118.0,5.0,31.933643321074026,4,34,1.9670849635462608,9,34,29.176470588235293,53,2,2.7699926187909956,6,0.0,1.0,0.0,1.4966408920700804,0.17142857142857143,0.8029076552447347,0.2,0.1,0.4385714285714286,0
18,47.11764705882353,120.0,0.0,37.42896386009287,4,18,1.925126558833751,8,18,40.44444444444444,78,2,2.705229001588141,7,0.0,1.0,0.0,1.3849554944839426,0.3684210526315789,0.7801024427543899,0.2,0.1111111111111111,0.5162573099415204,0
23,139.4090909090909,288.0,3.0,66.43907605051625,11,23,3.2405282586297464,23,23,9.043478260869565,18,3,4.523561952738814,1,0.0,0.0,0.0,2.153091272699481,0.041666666666666664,1.2830336941090676,0.08333333333333333,0.041666666666666664,0.20416666666666666,1
18,163.88235294117646,299.0,16.0,96.26732531796775,11,18,3.308270832948296,18,18,7.722222222222222,14,4,4.169924998845461,2,0.0,0.0,0.0,2.146739166072293,0.10526315789473684,0.8616541658971655,0.08333333333333333,0.05263157894736842,0.22850877192982458,1
13,125.0,277.0,20.0,83.72275676302112,8,13,2.8150724089617873,13,13,7.846153846153846,18,3,3.7004397162655884,0,0.0,0.0,0.0,1.528116805907247,0.0,0.8853673073038011,0.1111111111111111,0.07142857142857142,0.18174603174603177,1
3,229.5,294.0,165.0,64.5,3,3,1.5849625002883474,3,3,5.666666666666667,8,3,1.5849625002883474,0,0.0,0.0,0.0,0.997939352033404,0.0,0.0,0.25,0.25,0.15000000000000002,1
16,58.06666666666667,113.0,10.0,35.96566263658837,4,16,1.9237949401183205,7,16,11.875,30,2,2.65563906121968,9,1.0,0.0,1.0,1.0172810919994741,0.5294117647058824,0.7318441211013593,0.2,0.125,0.7792647058823531,0
24,75.82608695652173,114.0,20.0,26.702307625262982,4,24,1.9490822947757431,9,24,30.833333333333332,63,2,2.9072682283189635,12,0.0,1.0,1.0,1.4006370370807506,0.48,0.9581859335432203,0.2,0.1,0.7620000000000001,0
14,159.6153846153846,298.0,11.0,98.27163176353314,10,14,3.2359263491863377,14,14,8.642857142857142,15,2,3.8073549200378314,0,0.0,0.0,0.0,2.0566515416275784,0.0,0.5714285708514937,0.09090909090909091,0.06666666666666667,0.18424242424242426,1
11,178.6,276.0,30.0,79.11283081776307,8,11,2.9139770720285956,11,11,9.545454545454545,15,2,3.459431617050333,0,0.0,0.0,0.0,2.0638654533538916,0.0,0.5454545450217374,0.1111111111111111,0.08333333333333333,0.18055555555555558,1
39,60.23684210526316,118.0,3.0,30.95364463748155,4,39,1.9647405066930712,10,39,33.43589743589744,78,2,3.0605777053552377,11,0.0,1.0,0.0,1.2953564841880008,0.275,1.0958371986621664,0.2,0.09090909090909091,0.48090909090909095,0
33,65.6875,120.0,0.0,36.6524534478935,4,33,1.8962027426622625,9,33,29.575757575757574,53,2,2.8243600293072992,5,0.0,1.0,0.0,1.5468997691380044,0.14705882352941177,0.9281572866450367,0.2,0.1,0.42882352941176477,0
24,154.04347826086956,293.0,8.0,81.23742886607911,13,24,3.522055206998697,24,24,8.416666666666666,16,3,4.584962497258688,0,0.0,0.0,0.0,2.270005942270233,0.0,1.0629072902599916,0.07142857142857142,0.04,0.18885714285714286,1
5,44.5,114.0,9.0,41.270449476592816,3,5,1.5219280944545537,4,5,27.2,36,3,1.9219280943102843,3,0.0,0.0,1.0,1.4128768693308036,0.5,0.39999999985573065,0.25,0.2,0.555,0
13,63.166666666666664,119.0,22.0,32.44439687972161,4,13,1.9220231422744951,8,13,37.30769230769231,78,2,2.8150724089617873,4,0.0,1.0,0.0,1.329415889334437,0.2857142857142857,0.8930492666872922,0.2,0.1111111111111111,0.4831746031746032,0
5,114.0,198.0,50.0,63.166446789415026,4,5,1.9219280943102843,5,5,8.0,12,5,2.3219280941660148,0,0.0,0.0,0.0,1.428878827179086,0.0,0.3999999998557304,0.2,0.16666666666666666,0.16333333333333336,1
16,176.86666666666667,288.0,51.0,70.74165832253456,14,16,3.749999997980227,16,16,7.375,19,2,3.9999999976916882,2,0.0,0.0,0.0,1.47499999914881,0.11764705882352941,0.24999999971146103,0.06666666666666667,0.058823529411764705,0.23450980392156862,1
19,157.94444444444446,293.0,31.0,94.16738773896324,13,19,3.511085406304924,19,19,7.526315789473684,14,3,4.247927510702465,2,0.0,0.0,0.0,2.131416259755974,0.1,0.736842104397541,0.07142857142857142,0.05,0.22785714285714287,1
18,144.23529411764707,291.0,3.0,91.12727325447551,12,18,3.4613201384797745,18,18,9.666666666666666,19,2,4.169924998845461,0,0.0,0.0,0.0,2.015463749441973,0.0,0.7086048603656869,0.07692307692307693,0.05263157894736842,0.1870445344129555,1
14,60.23076923076923,119.0,13.0,36.98056422200066,4,14,1.9852281354571732,8,14,5.642857142857143,8,2,2.753434385034629,0,0.0,0.0,0.0,1.7263596541090134,0.0,0.7682062495774558,0.2,0.1111111111111111,0.16888888888888892,0
17,142.625,295.0,10.0,102.97322164038572,14,17,3.7345216627599784,17,17,7.9411764705882355,13,2,4.087462838797758,0,0.0,0.0,0.0,2.318518837133182,0.0,0.3529411760377794,0.06666666666666667,0.05555555555555555,0.18777777777777777,1
24,141.47826086956522,293.0,6.0,95.55142915920582,14,24,3.538320187086227,24,24,7.625,15,3,4.584962497258688,2,0.0,0.0,0.0,2.1850211900998437,0.08,1.0466423101724613,0.06666666666666667,0.04,0.22133333333333335,1
35,49.73529411764706,107.0,0.0,31.84919319647573,4,35,1.9460831809021308,11,35,18.314285714285713,36,2,3.2478981173018786,11,0.0,0.0,1.0,1.6076468673285746,0.3055555555555556,1.3018149363997478,0.2,0.08333333333333333,0.49388888888888893,0
24,56.73913043478261,119.0,1.0,37.15679748368871,4,24,1.9899343777484984,7,24,47.333333333333336,63,2,2.22125183499458,20,0.0,1.0,1.0,1.6428008362980746,0.8,0.23131745724608144,0.2,0.125,0.8875000000000001,0
7,54.5,113.0,16.0,36.709444742917775,3,7,1.5566567070300144,5,7,41.42857142857143,63,2,2.235926349907685,4,0.0,1.0,1.0,1.4473630390027428,0.5,0.6792696428776708,0.25,0.16666666666666666,0.7583333333333334,0
17,115.6875,284.0,12.0,75.18620115253862,13,17,3.572469456894632,17,17,8.647058823529411,14,2,4.087462838797758,2,0.0,0.0,0.0,2.3563021070716483,0.1111111111111111,0.514993381903126,0.07142857142857142,0.05555555555555555,0.23174603174603176,1
6,17.6,51.0,1.0,18.488915598271305,3,6,1.459147916594436,4,6,30.666666666666668,49,4,1.9182958334774112,1,0.0,0.0,0.0,1.1765547778661456,0.14285714285714285,0.45914791688297507,0.25,0.2,0.21214285714285716,0
12,166.0,296.0,36.0,75.43811431172634,7,12,2.5220552078643137,12,12,8.083333333333334,19,3,3.5849624989899223,0,0.0,0.0,0.0,1.4489223433417602,0.0,1.0629072911256086,0.125,0.07692307692307693,0.17980769230769234,1
8,45.285714285714285,91.0,16.0,28.882591324752234,3,8,1.4056390617967578,5,8,18.875,36,2,2.155639061508219,2,0.0,0.0,0.0,1.0996672239450709,0.2222222222222222,0.749999999711461,0.25,0.16666666666666666,0.24722222222222226,0
15,144.57142857142858,300.0,19.0,101.21738577770851,10,15,3.1395722605440275,14,15,8.466666666666667,13,2,3.773557260255412,1,0.0,0.0,0.0,2.282103676440178,0.0625,0.6339849997113847,0.09090909090909091,0.06666666666666667,0.20924242424242423,1
22,62.476190476190474,114.0,3.0,35.13188627310774,4,22,1.7499025055858186,10,22,7.818181818181818,15,2,3.152391276187172,7,0.0,0.0,0.0,1.5403730099550954,0.30434782608695654,1.4024887706013534,0.2,0.09090909090909091,0.2926482213438736,0
24,63.47826086956522,115.0,9.0,27.734564160075394,4,24,1.8640054622771423,9,24,33.375,63,2,2.959147915728819,10,0.0,1.0,1.0,1.543149401366396,0.4,1.095142453451677,0.2,0.1,0.7300000000000001,0
4,215.0,284.0,160.0,51.581650484127266,4,4,1.9999999994229218,4,4,12.75,14,12,1.9999999994229218,0,0.0,0.0,0.0,1.6999999995094834,0.0,0.0,0.2,0.2,0.16000000000000003,1
37,56.583333333333336,119.0,1.0,35.20682935643784,4,37,1.9216495679776944,10,37,43.54054054054054,78,2,2.928898218034801,11,0.0,1.0,0.0,1.6142507797653318,0.2894736842105263,1.0072486500571067,0.2,0.09090909090909091,0.4866985645933015,0
24,129.3913043478261,298.0,17.0,74.1676943210949,14,24,3.605388540187761,24,24,8.541666666666666,14,2,4.584962497258688,0,0.0,0.0,0.0,2.6108814220500864,0.0,0.9795739570709276,0.06666666666666667,0.04,0.18933333333333335,1
3,181.0,190.0,172.0,9.0,3,3,1.5849625002883474,3,3,9.666666666666666,12,6,1.5849625002883474,0,0.0,0.0,0.0,1.178561859188771,0.0,0.0,0.25,0.25,0.15000000000000002,1
22,127.0,251.0,23.0,76.49649851930666,14,22,3.663532752784482,22,22,9.636363636363637,18,3,4.459431615463368,0,0.0,0.0,0.0,2.2617212977948182,0.0,0.7958988626788859,0.06666666666666667,0.043478260869565216,0.1889855072463768,1
29,53.57142857142857,106.0,4.0,30.462422485309162,4,29,1.936941874537913,9,29,26.379310344827587,49,3,2.760989824410754,2,0.0,0.0,0.0,1.4566601487408462,0.06666666666666667,0.8240479498728408,0.2,0.1,0.1966666666666667,0
8,128.42857142857142,231.0,46.0,53.48125744556857,7,8,2.749999998990113,8,8,7.375,12,3,2.9999999988458437,0,0.0,0.0,0.0,1.701923076268315,0.0,0.24999999985573051,0.125,0.1111111111111111,0.1763888888888889,1
14,54.53846153846154,119.0,5.0,32.51417533373922,4,14,1.727396672997401,6,14,28.642857142857142,49,4,2.263809173017929,4,0.0,0.0,0.0,1.296839254828842,0.26666666666666666,0.536412500020528,0.2,0.14285714285714285,0.27238095238095245,0
10,147.33333333333334,264.0,59.0,68.7636855065553,10,10,3.3219280934446678,10,10,8.0,11,5,3.3219280934446678,1,0.0,0.0,0.0,2.214618728963112,0.09090909090909091,0.0,0.09090909090909091,0.09090909090909091,0.2181818181818182,1
30,63.48275862068966,117.0,6.0,32.016828214889365,4,30,1.9628980965380518,9,30,30.233333333333334,53,2,2.844413828279186,5,0.0,1.0,0.0,1.592520581635322,0.16129032258064516,0.8815157317411342,0.2,0.1,0.4345161290322581,0
24,63.0,118.0,4.0,38.44137263983666,4,24,1.8647869786797329,8,24,30.833333333333332,53,2,2.734697001376721,4,0.0,1.0,0.0,1.5614782260947326,0.16,0.8699100226969882,0.2,0.1111111111111111,0.43288888888888893,0
23,149.1818181818182,297.0,25.0,89.56289631702525,13,23,3.501397823558599,23,23,8.869565217391305,14,3,4.523561952738814,1,0.0,0.0,0.0,2.674801850315125,0.041666666666666664,1.022164129180215,0.07142857142857142,0.041666666666666664,0.20535714285714285,1
6,71.6,113.0,17.0,34.805746651953896,4,6,1.9182958334774112,4,6,7.666666666666667,11,3,1.9182958334774112,5,1.0,0.0,0.0,1.2255778936105683,0.7142857142857143,0.0,0.2,0.2,0.6457142857142859,0
3,142.0,152.0,132.0,10.0,3,3,1.5849625002883474,3,3,9.0,13,2,1.5849625002883474,0,0.0,0.0,0.0,1.0189044644710805,0.0,0.0,0.25,0.25,0.15000000000000002,1
28,71.14814814814815,120.0,9.0,32.36104620350615,4,28,1.9505627471219331,11,28,10.0,30,2,3.2098886364277623,17,1.0,0.0,1.0,1.035447947234762,0.5862068965517241,1.2593258893058292,0.2,0.08333333333333333,0.8061494252873563,0
7,179.16666666666666,266.0,45.0,85.76987945789723,5,7,2.1280852781700466,7,7,8.714285714285714,16,2,2.8073549210477173,1,0.0,0.0,0.0,1.439064287259754,0.125,0.6792696428776708,0.16666666666666666,0.125,0.22083333333333338,1
10,179.55555555555554,263.0,41.0,72.14508701392572,8,10,2.9219280937332064,10,10,9.1,19,2,3.3219280934446678,0,0.0,0.0,0.0,1.5114772825173237,0.0,0.3999999997114614,0.1111111111111111,0.09090909090909091,0.1797979797979798,1
13,81.83333333333333,262.0,14.0,67.25800241524342,10,13,3.2389012551599357,13,13,7.615384615384615,14,3,3.7004397162655884,1,0.0,0.0,0.0,1.8786847790271448,0.07142857142857142,0.4615384611056528,0.09090909090909091,0.07142857142857142,0.21233766233766233,1
28,50.7037037037037,117.0,2.0,30.456787621292314,4,28,1.925821411191206,12,28,6.107142857142857,15,2,3.3657646354477886,4,0.0,0.0,0.0,1.284700340762437,0.13793103448275862,1.4399432242565826,0.2,0.07692307692307693,0.22748010610079578,0
19,176.55555555555554,298.0,43.0,81.9093145037189,12,19,3.471354485282695,19,19,9.052631578947368,17,3,4.247927510702465,2,0.0,0.0,0.0,2.1363845960258008,0.1,0.7765730254197698,0.07692307692307693,0.05,0.22730769230769232,1
3,83.0,140.0,26.0,57.0,3,3,1.5849625002883474,3,3,9.0,11,5,1.5849625002883474,0,0.0,0.0,0.0,1.1887218752162605,0.0,0.0,0.25,0.25,0.15000000000000002,1
9,43.0,93.0,4.0,30.041637771599603,4,9,1.836591667531901,6,9,25.11111111111111,53,2,2.5032583339100283,2,0.0,1.0,0.0,1.164066632641289,0.2,0.6666666663781273,0.2,0.14285714285714285,0.4457142857142858,0
18,174.64705882352942,294.0,63.0,65.68278597701548,12,18,3.4613201384797745,15,18,6.166666666666667,13,2,3.8365916659449364,0,0.0,0.0,0.0,1.689927281428127,0.0,0.3752715274651619,0.07692307692307693,0.0625,0.1860576923076923,1
10,65.88888888888889,118.0,1.0,43.53656048386726,3,10,1.5219280944545537,4,10,52.0,63,4,1.5709505938775907,9,0.0,1.0,1.0,1.2763973575255425,0.8181818181818182,0.04902249942303705,0.25,0.2,0.8822727272727273,0
10,155.11111111111111,257.0,34.0,90.51266878109685,8,10,2.9219280937332064,10,10,9.9,16,3,3.3219280934446678,1,0.0,0.0,0.0,1.934534595594248,0.09090909090909091,0.3999999997114614,0.1111111111111111,0.09090909090909091,0.21616161616161617,1
3,210.0,243.0,177.0,33.0,2,3,0.9182958337659504,3,3,7.0,13,3,1.5849625002883474,0,0.0,0.0,0.0,0.7924812501441737,0.0,0.666666666522397,0.3333333333333333,0.25,0.1416666666666667,1
22,172.33333333333334,294.0,12.0,81.50041386592746,13,22,3.606936730299818,22,22,8.727272727272727,14,2,4.459431615463368,0,0.0,0.0,0.0,2.594578394451414,0.0,0.8524948851635497,0.07142857142857142,0.043478260869565216,0.18850931677018634,1
34,60.90909090909091,120.0,3.0,40.072936258598205,4,34,1.957042599125789,10,34,36.529411764705884,63,2,2.878828018342914,21,0.0,1.0,1.0,1.6431545950284463,0.6,0.9217854192171249,0.2,0.09090909090909091,0.8109090909090909,0
14,139.30769230769232,282.0,64.0,56.42337842717409,10,14,3.1820058133175184,14,14,8.0,19,4,3.8073549200378314,2,0.0,0.0,0.0,1.5229419680151326,0.13333333333333333,0.625349106720313,0.09090909090909091,0.06666666666666667,0.2375757575757576,1
5,49.0,119.0,20.0,40.601724101323576,4,5,1.9219280943102843,3,5,10.0,15,8,1.37095059402186,2,0.0,0.0,0.0,0.8568441212636625,0.3333333333333333,0.5509775002884243,0.2,0.25,0.28833333333333333,0
24,61.95652173913044,120.0,1.0,37.94100484662032,4,24,1.9490822947757431,9,24,36.458333333333336,78,2,2.8699100219756404,7,0.0,1.0,0.0,1.3244574204792645,0.28,0.9208277271998973,0.2,0.1,0.4820000000000001,0
18,174.52941176470588,296.0,14.0,84.01688741105693,13,18,3.6143694440112535,18,18,9.88888888888889,16,4,4.169924998845461,0,0.0,0.0,0.0,2.4256426463872294,0.0,0.5555555548342079,0.07142857142857142,0.05263157894736842,0.18759398496240604,1
5,52.5,84.0,21.0,22.89650628371062,4,5,1.9219280943102843,5,5,5.8,10,2,2.3219280941660148,0,0.0,0.0,0.0,1.2242893587420804,0.0,0.3999999998557304,0.2,0.16666666666666666,0.16333333333333336,1
14,48.0,86.0,11.0,24.27724480629166,4,14,1.9241743517233632,5,14,45.785714285714285,63,3,2.15596810142456,10,0.0,1.0,1.0,1.5423834297021684,0.6666666666666666,0.23179374970119682,0.2,0.16666666666666666,0.8300000000000002,0
8,53.0,118.0,3.0,36.77732220501417,3,8,1.4999999995671913,5,8,46.375,78,3,2.155639061508219,3,0.0,1.0,0.0,1.2654147022461222,0.3333333333333333,0.6556390619410275,0.25,0.16666666666666666,0.4916666666666667,0
6,72.4,100.0,49.0,20.450916849862747,4,6,1.7924812497835,5,6,28.333333333333332,49,2,2.251629166666475,2,0.0,0.0,0.0,1.2759231944443359,0.2857142857142857,0.45914791688297507,0.2,0.16666666666666666,0.27761904761904765,0
25,64.625,119.0,0.0,38.03815244812328,4,25,1.9869608136948385,11,25,9.48,30,2,3.127210309752015,16,1.0,0.0,1.0,0.9563210882725518,0.6153846153846154,1.1402494960571765,0.2,0.08333333333333333,0.8178205128205128,0
16,49.266666666666666,97.0,10.0,26.664499911972015,4,16,1.7489992224852027,7,16,28.25,49,3,2.5778195301048967,2,0.0,0.0,0.0,1.4564680345092664,0.11764705882352941,0.828820307619694,0.2,0.125,0.2145588235294118,0
19,147.94444444444446,261.0,33.0,69.33932043238303,13,19,3.3263604060771903,18,19,9.0,13,3,4.142664352951997,3,0.0,0.0,0.0,2.6631413697548556,0.15,0.816303946874807,0.07142857142857142,0.05263157894736842,0.24759398496240603,1
28,60.592592592592595,116.0,4.0,33.234586245477665,4,28,1.8409745634104682,7,28,38.035714285714285,63,2,2.6524014772035254,16,0.0,1.0,1.0,1.5763435118424969,0.5517241379310345,0.8114269137930572,0.2,0.125,0.7881896551724138,0
11,68.3,103.0,30.0,27.73463538610162,4,11,1.789929074732921,8,11,6.090909090909091,15,2,2.732158890210414,1,0.0,0.0,0.0,1.040083213886919,0.08333333333333333,0.9422298154774928,0.2,0.1111111111111111,0.20222222222222225,0
22,51.76190476190476,118.0,0.0,37.39735763762788,4,22,1.839034322980921,9,22,24.363636363636363,36,2,2.7657441205734155,7,0.0,0.0,1.0,1.8211779467166471,0.30434782608695654,0.9267097975924945,0.2,0.1,0.4917391304347827,0
21,67.4,115.0,3.0,37.00864763808589,4,21,1.95606697178596,9,21,31.142857142857142,63,2,2.910440493920156,9,0.0,1.0,1.0,1.4162411332022187,0.4090909090909091,0.9543735221341958,0.2,0.1,0.7336363636363638,0
22,141.14285714285714,247.0,1.0,70.24263100770324,14,22,3.663532752784482,20,22,7.2727272727272725,19,2,4.277613433933725,1,0.0,0.0,0.0,1.5554957941577183,0.043478260869565216,0.6140806811492432,0.06666666666666667,0.047619047619047616,0.20596273291925465,1
21,58.1,118.0,12.0,27.079327908941906,4,21,1.8841729239608678,12,21,7.904761904761905,30,2,3.368042420841481,12,1.0,0.0,1.0,0.8588249490932194,0.5454545454545454,1.4838694968806134,0.2,0.07692307692307693,0.7904895104895105,0
20,45.1578947368421,111.0,2.0,34.145606418295316,4,20,1.9854752966502562,12,20,7.4,30,2,3.484183718047955,10,1.0,0.0,1.0,0.8317083714049958,0.47619047619047616,1.4987084213976989,0.2,0.07692307692307693,0.7627838827838828,0
10,188.22222222222223,296.0,94.0,63.16957386058889,9,10,3.121928093588937,10,10,8.4,16,3,3.3219280934446678,0,0.0,0.0,0.0,1.641423293231483,0.0,0.1999999998557307,0.1,0.09090909090909091,0.1809090909090909,1
22,56.095238095238095,113.0,4.0,34.41193696808843,4,22,1.9362600269544492,8,22,23.227272727272727,49,2,2.608110892337661,5,0.0,0.0,0.0,1.2115860599859498,0.21739130434782608,0.6718508653832118,0.2,0.1111111111111111,0.25584541062801935,0
12,186.27272727272728,284.0,57.0,62.76375750541349,9,12,3.022055207575775,12,12,8.416666666666666,13,3,3.5849624989899223,0,0.0,0.0,0.0,2.1552453118927506,0.0,0.5629072914141471,0.1,0.07692307692307693,0.18230769230769234,1
18,171.47058823529412,275.0,65.0,75.33463983107312,12,18,3.4613201384797745,18,18,9.333333333333334,19,3,4.169924998845461,0,0.0,0.0,0.0,1.9459649994612154,0.0,0.7086048603656869,0.07692307692307693,0.05263157894736842,0.1870445344129555,1
21,140.25,299.0,30.0,91.003777394128,16,21,3.9161269442799718,20,21,7.333333333333333,15,2,4.297079324655274,0,0.0,0.0,0.0,1.9694946904670005,0.0,0.38095238037530255,0.058823529411764705,0.047619047619047616,0.18935574229691876,1
40,66.71794871794872,120.0,8.0,33.84576534353564,4,40,1.8640333511961291,11,40,38.575,78,2,2.9950956479587942,14,0.0,1.0,0.0,1.4624786660760822,0.34146341463414637,1.1310622967626651,0.2,0.08333333333333333,0.5082520325203252,0
30,49.89655172413793,108.0,0.0,29.548726359840014,4,30,1.890107479564177,9,30,19.566666666666666,36,2,2.9655962290591766,10,0.0,0.0,1.0,1.5682927805925557,0.3225806451612903,1.0754887494949996,0.2,0.1,0.4990322580645162,0
8,124.85714285714286,211.0,40.0,53.13440793047805,7,8,2.749999998990113,8,8,8.0,12,3,2.9999999988458437,0,0.0,0.0,0.0,1.8461538454435962,0.0,0.24999999985573051,0.125,0.1111111111111111,0.1763888888888889,1
17,160.0625,283.0,3.0,75.10198794805635,14,17,3.7345216627599784,17,17,7.529411764705882,13,2,4.087462838797758,0,0.0,0.0,0.0,2.1982993418744243,0.0,0.3529411760377794,0.06666666666666667,0.05555555555555555,0.18777777777777777,1
28,47.370370370370374,120.0,1.0,34.19892585290444,4,28,1.9926140674400474,7,28,24.464285714285715,36,3,2.551595654664497,11,0.0,0.0,1.0,1.6871071654876262,0.3793103448275862,0.5589815872244497,0.2,0.125,0.5192241379310345,0
36,55.114285714285714,118.0,0.0,31.498545479862067,4,36,1.9115854190277957,10,36,41.19444444444444,78,2,2.9648117226314463,14,0.0,1.0,0.0,1.5459971113440347,0.3783783783783784,1.0532263036036507,0.2,0.09090909090909091,0.5222604422604423,0
16,141.86666666666667,296.0,5.0,86.19966486142636,12,16,3.499999998268766,16,16,8.3125,19,2,3.9999999976916882,0,0.0,0.0,0.0,1.662499999040608,0.0,0.49999999942292206,0.07692307692307693,0.058823529411764705,0.18642533936651584,1
14,61.53846153846154,119.0,6.0,38.64755019525396,4,14,1.9591904228428676,6,14,27.928571428571427,49,3,2.324862956751739,1,0.0,0.0,0.0,1.2986020229856141,0.06666666666666667,0.36567253390887156,0.2,0.14285714285714285,0.19238095238095243,0
18,55.588235294117645,101.0,5.0,28.098689154121242,4,18,1.991076059261144,8,18,27.0,53,2,2.836591666954823,4,0.0,1.0,0.0,1.4182958334774114,0.21052631578947367,0.8455156076936787,0.2,0.1111111111111111,0.4530994152046784,0
19,118.05555555555556,287.0,1.0,93.8441214770668,13,19,3.5766176430331624,18,19,8.842105263157896,16,3,4.142664352951997,1,0.0,0.0,0.0,2.1546984869843206,0.05,0.5660467099188349,0.07142857142857142,0.05263157894736842,0.20759398496240605,1
3,166.5,297.0,36.0,130.5,3,3,1.5849625002883474,3,3,7.333333333333333,13,3,1.5849625002883474,0,0.0,0.0,0.0,0.8302184525319916,0.0,0.0,0.25,0.25,0.15000000000000002,1
7,60.5,92.0,17.0,27.433252328758496,3,7,1.4488156352923758,5,7,22.285714285714285,35,3,2.235926349907685,1,0.0,0.0,1.0,1.384144883276186,0.125,0.7871107146153093,0.25,0.16666666666666666,0.4083333333333333,0
7,151.83333333333334,228.0,52.0,68.81234546859226,6,7,2.5216406354777012,7,7,8.0,13,3,2.8073549210477173,0,0.0,0.0,0.0,1.6042028120272669,0.0,0.2857142855700161,0.14285714285714285,0.125,0.17321428571428574,1
14,159.07692307692307,297.0,34.0,86.54608513428558,10,14,3.2359263491863377,14,14,5.714285714285714,12,2,3.8073549200378314,1,0.0,0.0,0.0,1.6735626022144314,0.06666666666666667,0.5714285708514937,0.09090909090909091,0.06666666666666667,0.21090909090909093,1
15,137.21428571428572,279.0,2.0,99.03403352342248,13,15,3.6402239270663483,15,15,8.133333333333333,12,3,3.906890593444476,1,0.0,0.0,0.0,2.4443110379498774,0.0625,0.26666666637812764,0.07142857142857142,0.0625,0.21160714285714285,1
34,65.0909090909091,120.0,17.0,30.773230827087204,4,34,1.9357417966711585,9,34,46.6764705882353,78,2,2.6405966811310106,20,0.0,1.0,0.0,1.5601738395215616,0.5714285714285714,0.7048548844598521,0.2,0.1,0.5985714285714286,0
9,72.25,118.0,24.0,31.19194607587029,4,9,1.836591667531901,5,9,5.666666666666667,11,2,2.1971597227028017,1,0.0,0.0,0.0,1.0375476468318787,0.1,0.36056805517090074,0.2,0.16666666666666666,0.20333333333333337,0
13,149.5,297.0,31.0,94.44442810457375,9,13,3.0269868320608615,13,13,7.923076923076923,14,3,3.7004397162655884,1,0.0,0.0,0.0,1.9545912347454135,0.07142857142857142,0.6734528842047269,0.1,0.07142857142857142,0.21142857142857144,1
15,150.28571428571428,291.0,4.0,105.4557649791937,12,15,3.45656476039972,13,15,6.466666666666667,13,2,3.6402239270663483,1,0.0,0.0,0.0,1.681436766311599,0.0625,0.18365916666662851,0.07692307692307693,0.07142857142857142,0.21016483516483517,1
39,55.89473684210526,115.0,3.0,32.334428021182994,4,39,1.957136737083511,11,39,35.17948717948718,63,2,3.0599153578016627,19,0.0,1.0,1.0,1.6819727046890551,0.475,1.1027786207181516,0.2,0.08333333333333333,0.7616666666666668,0
17,112.5,294.0,24.0,84.42452250383178,12,17,3.4104172510292856,17,17,8.411764705882353,16,2,4.087462838797758,0,0.0,0.0,0.0,2.022516214353216,0.0,0.6770455877684722,0.07692307692307693,0.05555555555555555,0.18675213675213675,1
35,52.794117647058826,117.0,0.0,42.085892153298836,4,35,1.9620874754981414,11,35,17.82857142857143,36,2,3.2554599032016047,9,0.0,0.0,1.0,1.5686540382994605,0.25,1.2933724277034633,0.2,0.08333333333333333,0.47166666666666673,0
22,171.42857142857142,300.0,55.0,80.3140095877078,14,22,3.641249798435706,22,22,7.181818181818182,13,2,4.459431615463368,1,0.0,0.0,0.0,2.287630504036403,0.043478260869565216,0.8181818170276616,0.06666666666666667,0.043478260869565216,0.2063768115942029,1
19,130.44444444444446,298.0,13.0,97.68101272465177,13,19,3.536886721866664,19,19,7.2105263157894735,13,2,4.247927510702465,0,0.0,0.0,0.0,2.187842364534728,0.0,0.7110407888358008,0.07142857142857142,0.05,0.18785714285714286,1
5,98.25,109.0,90.0,7.39509972887452,4,5,1.9219280943102843,2,5,34.6,37,34,0.7219280945988233,0,0.0,1.0,0.0,0.6573345282399813,0.0,1.199999999711461,0.2,0.3333333333333333,0.3466666666666667,0
40,64.84615384615384,120.0,5.0,37.101757827966175,4,40,1.9037016954802701,11,40,23.6,49,2,3.189422469646703,5,0.0,0.0,0.0,1.5054074056732438,0.12195121951219512,1.2857207741664327,0.2,0.08333333333333333,0.22044715447154473,0
25,57.083333333333336,114.0,3.0,31.964715790314102,4,25,1.978688569874019,8,25,25.92,53,2,2.923074188274414,4,0.0,1.0,0.0,1.4030756103717188,0.15384615384615385,0.9443856184003949,0.2,0.1111111111111111,0.4304273504273505,0
6,172.6,251.0,58.0,66.27397679330855,6,6,2.584962499855539,6,6,6.0,8,3,2.584962499855539,0,0.0,0.0,0.0,1.723308333237026,0.0,0.0,0.14285714285714285,0.14285714285714285,0.17142857142857146,1
6,71.2,118.0,26.0,35.498732371734064,4,6,1.9182958334774112,4,6,54.333333333333336,78,4,1.7924812497835,1,0.0,1.0,0.0,1.2328035599776817,0.14285714285714285,0.12581458369391108,0.2,0.2,0.4171428571428572,0
12,198.0909090909091,289.0,13.0,84.62049455760439,8,12,2.9182958329003332,12,12,9.0,15,3,3.5849624989899223,0,0.0,0.0,0.0,2.0165414056818314,0.0,0.666666666089589,0.1111111111111111,0.07692307692307693,0.18119658119658122,1
6,145.6,232.0,45.0,71.05096762184172,5,6,2.251629166666475,6,6,9.333333333333334,14,4,2.584962499855539,0,0.0,0.0,0.0,1.6084211110212243,0.0,0.333333333189064,0.16666666666666666,0.14285714285714285,0.16904761904761906,1
12,113.54545454545455,293.0,10.0,86.18622926954444,9,12,3.0849624994227307,12,12,8.416666666666666,19,2,3.5849624989899223,1,0.0,0.0,0.0,1.5086717183249254,0.07692307692307693,0.49999999956719154,0.1,0.07692307692307693,0.2130769230769231,1
36,54.94285714285714,117.0,0.0,33.255670070481735,4,36,1.9604305601337355,11,36,39.861111111111114,78,2,3.036758679870036,11,0.0,1.0,0.0,1.53226044501178,0.2972972972972973,1.0763281197363006,0.2,0.08333333333333333,0.4905855855855856,0
28,65.48148148148148,119.0,6.0,35.021020534625976,4,28,1.9505627471219331,11,28,35.82142857142857,78,2,2.964153474955039,5,0.0,1.0,0.0,1.3440533161753634,0.1724137931034483,1.0135907278331058,0.2,0.08333333333333333,0.44063218390804604,0
16,147.8,290.0,15.0,94.39929378266909,14,16,3.749999997980227,16,16,9.1875,13,5,3.9999999976916882,0,0.0,0.0,0.0,2.6249999984851704,0.0,0.24999999971146103,0.06666666666666667,0.058823529411764705,0.18745098039215685,1
7,131.33333333333334,254.0,39.0,87.37022121727492,6,7,2.5216406354777012,7,7,6.0,14,2,2.8073549210477173,0,0.0,0.0,0.0,1.1229419684190869,0.0,0.2857142855700161,0.14285714285714285,0.125,0.17321428571428574,1
8,143.85714285714286,261.0,27.0,78.453678000695,6,8,2.4999999991343826,8,8,8.375,11,6,2.9999999988458437,0,0.0,0.0,0.0,2.093749999194495,0.0,0.49999999971146103,0.14285714285714285,0.1111111111111111,0.17460317460317462,1
39,53.31578947368421,119.0,0.0,33.61946903300143,4,39,1.9506829044926475,9,39,28.256410256410255,53,2,2.734381850356429,5,0.0,1.0,0.0,1.4308113955806194,0.125,0.7836989458637813,0.2,0.1,0.42000000000000004,0
7,185.16666666666666,296.0,19.0,105.83858254698782,6,7,2.5216406354777012,7,7,9.428571428571429,11,5,2.8073549210477173,2,0.0,0.0,0.0,2.205778866537492,0.25,0.2857142855700161,0.14285714285714285,0.125,0.27321428571428574,1
21,67.9,113.0,2.0,36.155082630247165,4,21,1.7763318522232292,8,21,40.095238095238095,63,2,2.7013757547518926,12,0.0,1.0,1.0,1.692379751116885,0.5454545454545454,0.9250439025286634,0.2,0.1111111111111111,0.7870707070707071,0
31,63.96666666666667,119.0,6.0,35.74025119603325,4,31,1.8936603011323399,7,31,23.451612903225808,36,2,2.6501343104989057,10,0.0,0.0,1.0,1.679727675442637,0.3125,0.7564740093665658,0.2,0.125,0.49250000000000005,0
26,49.4,109.0,8.0,30.152943471575043,4,26,1.9957274515078476,8,26,39.5,78,2,2.6557758916511607,10,0.0,1.0,0.0,1.3278879458255803,0.37037037037037035,0.6600484401433131,0.2,0.1111111111111111,0.5170370370370371,0
19,163.55555555555554,271.0,27.0,79.766480165698,14,19,3.6421498796171314,19,19,7.526315789473684,13,2,4.247927510702465,1,0.0,0.0,0.0,2.2836602783099718,0.05,0.6057776310853336,0.06666666666666667,0.05,0.20833333333333334,1
15,98.71428571428571,250.0,11.0,80.49350335047328,10,15,3.189898094021592,14,15,7.933333333333334,13,2,3.773557260255412,1,0.0,0.0,0.0,2.1383491141447335,0.0625,0.58365916623382,0.09090909090909091,0.06666666666666667,0.20924242424242423,1
16,125.73333333333333,257.0,9.0,83.54596871716126,12,16,3.374999998268766,16,16,8.9375,16,3,3.9999999976916882,0,0.0,0.0,0.0,2.1029411752570275,0.0,0.6249999994229221,0.07692307692307693,0.058823529411764705,0.18642533936651584,1
15,63.214285714285715,118.0,10.0,35.171373447792476,4,15,1.7819370629696258,5,15,29.733333333333334,49,4,1.9628066309718264,1,0.0,0.0,0.0,1.167215676551246,0.0625,0.18086956800220055,0.2,0.16666666666666666,0.18833333333333335,0
10,50.22222222222222,87.0,24.0,18.401556563253482,4,10,1.8464393440939375,8,10,32.0,63,3,2.9219280937332064,5,0.0,1.0,1.0,1.4609640468666032,0.45454545454545453,1.0754887496392689,0.2,0.1111111111111111,0.7507070707070708,0
31,58.93333333333333,120.0,0.0,34.818513593904164,4,31,1.765977848873192,12,31,6.935483870967742,15,2,3.3887342114627117,8,0.0,0.0,0.0,1.468906966662264,0.25,1.6227563625895196,0.2,0.07692307692307693,0.27230769230769236,0
15,60.142857142857146,110.0,7.0,31.42532450760315,4,15,1.9086126982956342,7,15,21.933333333333334,36,2,2.6062389276435027,3,0.0,0.0,1.0,1.5449596526030855,0.1875,0.6976262293478686,0.2,0.125,0.44250000000000006,0
38,62.486486486486484,115.0,0.0,33.227814481587416,4,38,1.8082593413479238,11,38,7.2105263157894735,21,2,3.313038368821609,23,1.0,0.0,0.0,1.0858522883458384,0.5897435897435898,1.5047790274736852,0.2,0.08333333333333333,0.6075641025641026,0
11,46.7,114.0,14.0,34.73053411624993,4,11,1.8585552112932362,5,11,6.818181818181818,11,4,2.0048861633704953,1,0.0,0.0,0.0,1.139139865551418,0.08333333333333333,0.1463309520772591,0.2,0.16666666666666666,0.19666666666666668,0
14,150.46153846153845,278.0,12.0,92.83866517501902,12,14,3.5216406346120843,12,14,6.785714285714286,19,2,3.5216406346120843,3,0.0,0.0,0.0,1.1948423581719572,0.2,0.0,0.07692307692307693,0.07692307692307693,0.26461538461538464,1
21,116.95,284.0,1.0,88.23574955764813,14,21,3.653756706267228,20,21,7.523809523809524,13,2,4.297079324655274,0,0.0,0.0,0.0,2.309314739100454,0.0,0.6433226183880465,0.06666666666666667,0.047619047619047616,0.18857142857142856,1
15,145.57142857142858,253.0,12.0,80.77102935875877,12,15,3.5068905938772845,15,15,7.466666666666667,13,3,3.906890593444476,3,0.0,0.0,0.0,2.083674983170387,0.1875,0.39999999956719146,0.07692307692307693,0.0625,0.2610576923076923,1
17,185.0625,300.0,17.0,82.67290120559457,13,17,3.6168746040807185,17,17,10.764705882352942,17,4,4.087462838797758,0,0.0,0.0,0.0,2.4444630702614045,0.0,0.47058823471703937,0.07142857142857142,0.05555555555555555,0.1873015873015873,1
13,171.66666666666666,293.0,13.0,97.15394427859782,8,13,2.777362793910013,13,13,9.76923076923077,13,2,3.7004397162655884,0,0.0,0.0,0.0,2.582174966844669,0.0,0.9230769223555755,0.1111111111111111,0.07142857142857142,0.18174603174603177,1
34,55.90909090909091,115.0,7.0,27.35885390604551,4,34,1.9193641109594082,11,34,38.26470588235294,78,2,3.0869918858103302,12,0.0,1.0,0.0,1.4952257793891437,0.34285714285714286,1.167627774850922,0.2,0.08333333333333333,0.5088095238095238,0
36,50.82857142857143,115.0,2.0,33.37277394548327,4,36,1.791434642380781,10,36,41.416666666666664,78,2,2.972881001949594,16,0.0,1.0,0.0,1.5585673607267385,0.43243243243243246,1.181446359568813,0.2,0.09090909090909091,0.543882063882064,0
26,52.8,120.0,1.0,34.43370441878132,4,26,1.9784820278268227,10,26,7.884615384615385,30,2,2.9877733700452893,16,1.0,0.0,1.0,0.7599175444904273,0.5925925925925926,1.0092913422184666,0.2,0.09090909090909091,0.8079461279461281,0
21,127.3,281.0,2.0,94.81038972602106,12,21,3.4039894447540275,20,21,6.571428571428571,15,2,4.297079324655274,0,0.0,0.0,0.0,1.7648718654834161,0.0,0.8930898799012468,0.07692307692307693,0.047619047619047616,0.18754578754578755,1
39,61.39473684210526,120.0,0.0,35.80762890905572,4,39,1.957136737083511,10,39,28.692307692307693,53,2,3.041151257539285,8,0.0,1.0,0.0,1.615882363336401,0.2,1.084014520455774,0.2,0.09090909090909091,0.4509090909090909,0
20,59.1578947368421,115.0,14.0,35.98722457220023,3,20,1.5219280944545537,6,20,42.3,63,2,2.423219671469891,12,0.0,1.0,1.0,1.6015967516121308,0.5714285714285714,0.9012915770153371,0.25,0.14285714285714285,0.7892857142857143,0
8,61.285714285714285,110.0,14.0,30.922549727224194,3,8,1.4999999995671913,7,8,21.25,36,2,2.749999998990113,2,0.0,0.0,1.0,1.5793918913118894,0.2222222222222222,1.2499999994229218,0.25,0.125,0.45138888888888895,0
13,135.33333333333334,266.0,10.0,80.1200488156505,9,13,3.0269868320608615,12,13,8.0,19,3,3.546593562563704,2,0.0,0.0,0.0,1.4186374250254818,0.14285714285714285,0.5196067305028427,0.1,0.07692307692307693,0.23945054945054947,1
6,84.6,116.0,23.0,33.45803341501111,3,6,1.5849625002883474,5,6,28.666666666666668,49,4,2.251629166666475,2,0.0,0.0,0.0,1.2909340555554458,0.2857142857142857,0.6666666663781278,0.25,0.16666666666666666,0.27261904761904765,0
18,153.35294117647058,284.0,7.0,81.2598889377349,11,18,3.350209027512933,18,18,10.0,19,3,4.169924998845461,0,0.0,0.0,0.0,2.0849624994227307,0.0,0.8197159713325286,0.08333333333333333,0.05263157894736842,0.18640350877192985,1
32,55.516129032258064,120.0,0.0,35.529970055044835,4,32,1.7270341613315194,9,32,50.6875,78,2,2.7640976542754907,15,0.0,1.0,0.0,1.7734835424188473,0.45454545454545453,1.0370634929439713,0.2,0.1,0.5518181818181819,0
38,60.45945945945946,115.0,2.0,34.529732268273186,4,38,1.959298909952611,11,38,6.342105263157895,15,2,3.0826465924488864,10,0.0,0.0,0.0,1.2219043236516145,0.2564102564102564,1.1233476824962754,0.2,0.08333333333333333,0.2742307692307693,0
25,178.41666666666666,297.0,10.0,80.55376913728011,15,25,3.6838561876106826,25,25,8.72,16,3,4.643856186167987,2,0.0,0.0,0.0,2.3820250554932265,0.07692307692307693,0.9599999985573047,0.0625,0.038461538461538464,0.22067307692307692,1
35,69.67647058823529,116.0,1.0,33.44769453783315,4,35,1.968649506787922,12,35,6.6,15,2,3.235549445571049,6,0.0,0.0,0.0,1.3346641462980577,0.16666666666666666,1.2668999387831272,0.2,0.07692307692307693,0.23897435897435898,0
31,61.46666666666667,114.0,1.0,35.6826132575641,4,31,1.9597149735739765,11,31,6.838709677419355,15,2,3.2307794712121503,6,0.0,0.0,0.0,1.3808976772116448,0.1875,1.2710644976381738,0.2,0.08333333333333333,0.2466666666666667,0
14,149.92307692307693,294.0,4.0,86.43224250462727,10,14,3.1820058133175184,14,14,8.285714285714286,14,3,3.8073549200378314,1,0.0,0.0,0.0,2.103110336782802,0.06666666666666667,0.625349106720313,0.09090909090909091,0.06666666666666667,0.21090909090909093,1
16,139.86666666666667,284.0,15.0,86.8960042554061,13,16,3.57781952923928,16,16,8.25,15,2,3.9999999976916882,1,0.0,0.0,0.0,2.062499998809777,0.058823529411764705,0.4221804684524084,0.07142857142857142,0.058823529411764705,0.21050420168067227,1
13,60.583333333333336,109.0,6.0,29.121751130192855,3,13,1.3346791406187861,7,13,34.92307692307692,63,2,2.7192945246570925,7,0.0,1.0,1.0,1.4838458103297114,0.5,1.3846153840383064,0.25,0.125,0.7625000000000001,0
8,89.42857142857143,116.0,30.0,30.23648289664629,4,8,1.7499999994229218,6,8,6.5,15,2,2.4999999991343826,3,0.0,0.0,0.0,1.0156249996483429,0.3333333333333333,0.7499999997114608,0.2,0.14285714285714285,0.29904761904761906,0
37,62.80555555555556,120.0,3.0,34.299999550084586,4,37,1.9373519493535492,12,37,9.783783783783784,30,2,3.351213161136541,20,1.0,0.0,1.0,1.057662741352596,0.5263157894736842,1.4138612117829918,0.2,0.07692307692307693,0.782834008097166,0
15,138.5,284.0,21.0,92.45365634429268,11,15,3.323231427210656,15,15,10.066666666666666,17,6,3.906890593444476,0,0.0,0.0,0.0,2.1849647392967255,0.0,0.58365916623382,0.08333333333333333,0.0625,0.18541666666666667,1
32,55.41935483870968,120.0,2.0,33.77513324015493,4,32,1.9943497035671707,10,32,32.4375,53,2,2.869349702701554,6,0.0,1.0,0.0,1.7236024255811417,0.18181818181818182,0.8749999991343833,0.2,0.09090909090909091,0.4436363636363637,0
29,48.42857142857143,110.0,3.0,33.77174280733669,4,29,1.9180368233028604,13,29,6.862068965517241,15,2,3.443513751574349,8,0.0,0.0,0.0,1.4768518029381366,0.26666666666666666,1.5254769282714884,0.2,0.07142857142857142,0.27952380952380956,0
19,137.38888888888889,269.0,37.0,69.25006128267556,12,19,3.3660913273879585,18,19,7.421052631578948,19,3,4.142664352951997,1,0.0,0.0,0.0,1.537146509911136,0.05,0.7765730255640388,0.07692307692307693,0.05263157894736842,0.2070445344129555,1
20,126.89473684210526,291.0,1.0,114.23055851485171,13,20,3.5219280930118586,20,20,8.35,17,2,4.321928092001972,2,0.0,0.0,0.0,2.0048944204564703,0.09523809523809523,0.7999999989901134,0.07142857142857142,0.047619047619047616,0.2261904761904762,1
31,57.733333333333334,116.0,0.0,34.34621117710398,4,31,1.7865568937327794,12,31,6.967741935483871,15,2,3.001637437269163,4,0.0,0.0,0.0,1.3071646904236678,0.125,1.2150805435363838,0.2,0.07692307692307693,0.22230769230769232,0
17,60.375,116.0,2.0,37.5197864466204,4,17,1.9210556981255889,7,17,40.411764705882355,63,2,2.5810134005676995,11,0.0,1.0,1.0,1.6297391601011118,0.6111111111111112,0.6599577024421106,0.2,0.125,0.8119444444444445,0
32,70.16129032258064,119.0,1.0,35.06132578892309,4,32,1.9192789738607006,9,32,31.0,63,2,2.8265976542754903,16,0.0,1.0,1.0,1.3691332387896906,0.48484848484848486,0.9073186804147897,0.2,0.1,0.763939393939394,0
12,71.81818181818181,111.0,5.0,32.420022381850224,4,12,1.9591479164501666,6,12,31.25,49,3,2.284159126985805,2,0.0,0.0,0.0,1.4275994543661281,0.15384615384615385,0.3250112105356382,0.2,0.14285714285714285,0.2272527472527473,0
37,56.19444444444444,116.0,1.0,35.00699885931101,4,37,1.9809712509635493,9,37,22.756756756756758,36,2,2.6855593647290608,13,0.0,0.0,1.0,1.6517465194316063,0.34210526315789475,0.7045881137655114,0.2,0.1,0.506842105263158,0
5,200.75,296.0,98.0,72.56505701782366,4,5,1.9219280943102843,5,5,10.8,14,7,2.3219280941660148,1,0.0,0.0,0.0,1.6717882277995308,0.16666666666666666,0.3999999998557304,0.2,0.16666666666666666,0.23,1
18,57.64705882352941,111.0,0.0,31.863571633321865,4,18,1.925126558833751,7,18,28.5,49,3,2.5157895831647954,6,0.0,0.0,0.0,1.4340000624039333,0.3157894736842105,0.5906630243310445,0.2,0.125,0.29381578947368425,0
14,125.84615384615384,299.0,24.0,90.55796796599499,10,14,3.2359263491863377,14,14,6.714285714285714,13,2,3.8073549200378314,0,0.0,0.0,0.0,1.8259763392018171,0.0,0.5714285708514937,0.09090909090909091,0.06666666666666667,0.18424242424242426,1
19,177.72222222222223,296.0,27.0,77.21960427217053,10,19,3.1555650118870235,19,19,8.263157894736842,14,2,4.247927510702465,0,0.0,0.0,0.0,2.3400863830887264,0.0,1.0923624988154415,0.09090909090909091,0.05,0.1859090909090909,1
20,59.36842105263158,119.0,4.0,36.52714999805774,4,20,1.7344977962175625,9,20,34.75,63,2,2.801609495760602,11,0.0,1.0,1.0,1.5211864059012643,0.5238095238095238,1.0671116995430394,0.2,0.1,0.7795238095238096,0
23,154.0,293.0,15.0,92.85276712966805,13,23,3.5883543452977293,22,23,9.565217391304348,18,2,4.436605431143953,1,0.0,0.0,0.0,2.23353133833334,0.041666666666666664,0.8482510858462233,0.07142857142857142,0.043478260869565216,0.205175983436853,1
19,55.44444444444444,117.0,1.0,36.439023987146015,4,19,1.978484592931573,8,19,40.26315789473684,63,2,2.715326697617653,12,0.0,1.0,1.0,1.7082441806558426,0.6,0.73684210468608,0.2,0.1111111111111111,0.8088888888888889,0
4,224.0,279.0,188.0,39.50527390952589,4,4,1.9999999994229218,4,4,7.75,13,4,1.9999999994229218,0,0.0,0.0,0.0,1.1071428568234032,0.0,0.0,0.2,0.2,0.16000000000000003,1
7,98.83333333333333,180.0,29.0,51.566839043021524,7,7,2.8073549210477173,7,7,6.428571428571429,13,3,2.8073549210477173,0,0.0,0.0,0.0,1.289091545379054,0.0,0.0,0.125,0.125,0.17500000000000002,1
13,193.41666666666666,295.0,34.0,73.99150664471941,10,13,3.2389012551599357,13,13,6.538461538461538,12,3,3.7004397162655884,1,0.0,0.0,0.0,1.8611679046306215,0.07142857142857142,0.4615384611056528,0.09090909090909091,0.07142857142857142,0.21233766233766233,1
4,134.33333333333334,167.0,81.0,38.029228525204424,4,4,1.9999999994229218,4,4,5.25,6,4,1.9999999994229218,0,0.0,0.0,0.0,1.4999999995671913,0.0,0.0,0.2,0.2,0.16000000000000003,1
22,186.38095238095238,298.0,5.0,79.84596849439085,13,22,3.5726236620196605,22,22,8.318181818181818,13,3,4.459431615463368,0,0.0,0.0,0.0,2.649597355940897,0.0,0.8868079534437072,0.07142857142857142,0.043478260869565216,0.18850931677018634,1
34,56.39393939393939,113.0,7.0,33.28657878042467,4,34,1.9078306168491277,12,34,8.617647058823529,30,2,3.3811095327248846,15,1.0,0.0,1.0,0.9399099554918321,0.42857142857142855,1.4732789158757569,0.2,0.07692307692307693,0.7437362637362638,0
22,56.285714285714285,117.0,0.0,38.536492114485405,4,22,1.8566532122038537,10,22,29.818181818181817,78,2,3.174674230535947,6,0.0,1.0,0.0,1.1982659926533838,0.2608695652173913,1.3180210183320935,0.2,0.09090909090909091,0.47525691699604744,0
6,126.8,288.0,41.0,85.47607852493,5,6,2.251629166666475,6,6,6.166666666666667,10,3,2.584962499855539,0,0.0,0.0,0.0,1.4491456438584085,0.0,0.333333333189064,0.16666666666666666,0.14285714285714285,0.16904761904761906,1
13,131.75,297.0,2.0,99.85750263917747,10,13,3.2389012551599357,13,13,8.538461538461538,15,2,3.7004397162655884,1,0.0,0.0,0.0,1.9747538870455783,0.07142857142857142,0.4615384611056528,0.09090909090909091,0.07142857142857142,0.21233766233766233,1
27,68.26923076923077,120.0,11.0,34.61053384815724,4,27,1.9259785976010648,10,27,39.370370370370374,78,2,3.0982557987503823,8,0.0,1.0,0.0,1.544044029100636,0.2857142857142857,1.1722772011493174,0.2,0.09090909090909091,0.4851948051948052,0
21,134.05,275.0,4.0,81.71320272758865,13,21,3.5944656350859483,21,21,8.523809523809524,15,3,4.3923174197491,1,0.0,0.0,0.0,2.3399548158782406,0.045454545454545456,0.7978517846631514,0.07142857142857142,0.045454545454545456,0.2064935064935065,1
7,175.16666666666666,290.0,40.0,101.95818859818088,5,7,2.235926349907685,7,7,9.285714285714286,14,4,2.8073549210477173,1,0.0,0.0,0.0,1.737886379696206,0.125,0.5714285711400322,0.16666666666666666,0.125,0.22083333333333338,1
25,57.208333333333336,120.0,0.0,33.68973528968266,4,25,1.9535209505503919,10,25,20.56,36,2,2.9990795691814798,7,0.0,0.0,1.0,1.666515566010033,0.2692307692307692,1.045558618631088,0.2,0.09090909090909091,0.4786013986013986,0
29,69.0,118.0,3.0,31.52776554086889,4,29,1.93140287719612,9,29,49.93103448275862,78,2,2.7658763571720053,11,0.0,1.0,0.0,1.748140098291167,0.36666666666666664,0.8344734799758853,0.2,0.1,0.5166666666666667,0
13,212.25,294.0,54.0,63.841111362506844,11,13,3.39274740886182,13,13,6.846153846153846,19,3,3.7004397162655884,0,0.0,0.0,0.0,1.2666889797986054,0.0,0.3076923074037685,0.08333333333333333,0.07142857142857142,0.18452380952380953,1
38,53.189189189189186,119.0,0.0,32.3125260941609,4,38,1.980985561362277,11,38,23.36842105263158,49,2,3.1883311301068735,8,0.0,0.0,0.0,1.490125286071002,0.20512820512820512,1.2073455687445964,0.2,0.08333333333333333,0.2537179487179487,0
5,135.5,191.0,88.0,38.900514135419854,5,5,2.3219280941660148,5,5,8.0,13,3,2.3219280941660148,0,0.0,0.0,0.0,1.3268160538091511,0.0,0.0,0.16666666666666666,0.16666666666666666,0.16666666666666669,1
20,143.31578947368422,263.0,6.0,81.96215598585981,15,20,3.641446069001479,20,20,9.65,15,2,4.321928092001972,1,0.0,0.0,0.0,2.6066628804886895,0.047619047619047616,0.6804820230004931,0.0625,0.047619047619047616,0.20803571428571427,1
16,48.46666666666667,120.0,0.0,43.20936112567379,4,16,1.9056390616524883,11,16,6.875,30,2,3.327819529527819,8,1.0,0.0,1.0,0.738024492435605,0.47058823529411764,1.4221804678753305,0.2,0.08333333333333333,0.7599019607843137,0
34,66.9090909090909,116.0,14.0,30.7978389997146,4,34,1.9256994322506866,11,34,19.323529411764707,36,2,3.119996575263931,13,0.0,0.0,1.0,1.6294417726139927,0.37142857142857144,1.1942971430132445,0.2,0.08333333333333333,0.5202380952380953,0
9,111.75,275.0,1.0,86.23478126602977,7,9,2.725480555987981,9,9,8.666666666666666,13,4,3.169925000143887,1,0.0,0.0,0.0,1.9623345238985963,0.1,0.44444444415590567,0.125,0.1,0.21750000000000003,1
9,69.75,106.0,20.0,32.78242669480098,4,9,1.836591667531901,9,9,4.333333333333333,8,2,3.169925000143887,0,0.0,0.0,0.0,1.526260185254464,0.0,1.3333333326119858,0.2,0.1,0.17000000000000004,0
21,67.1,113.0,4.0,33.175141295855845,4,21,1.9133718788221619,9,21,23.19047619047619,49,2,2.910440493920156,4,0.0,0.0,0.0,1.3498900195610626,0.18181818181818182,0.9970686150979939,0.2,0.1,0.2427272727272728,0
18,202.7058823529412,300.0,33.0,85.18682907439896,11,18,3.308270832948296,18,18,8.333333333333334,15,4,4.169924998845461,1,0.0,0.0,0.0,2.171835936898678,0.05263157894736842,0.8616541658971655,0.08333333333333333,0.05263157894736842,0.20745614035087723,1
5,167.75,257.0,78.0,67.45137137227086,4,5,1.9219280943102843,5,5,7.8,12,4,2.3219280941660148,0,0.0,0.0,0.0,1.3931568564996089,0.0,0.3999999998557304,0.2,0.16666666666666666,0.16333333333333336,1
10,166.55555555555554,203.0,104.0,31.763400010812973,7,10,2.6464393436611293,10,10,9.1,13,2,3.3219280934446678,0,0.0,0.0,0.0,2.159253260739034,0.0,0.6754887497835385,0.125,0.09090909090909091,0.1784090909090909,1
36,59.05714285714286,116.0,0.0,37.2903226489837,4,36,1.9082419711517757,11,36,8.333333333333334,30,2,3.284527694829592,18,1.0,0.0,1.0,0.8829375523735463,0.4864864864864865,1.376285723677816,0.2,0.08333333333333333,0.7662612612612613,0
10,171.44444444444446,251.0,86.0,41.368563241806676,9,10,3.121928093588937,9,10,9.8,19,2,3.121928093588937,0,0.0,0.0,0.0,1.5297447658585792,0.0,0.0,0.1,0.1,0.18000000000000002,1
23,149.9090909090909,292.0,4.0,82.2976356066581,15,23,3.7081320624945584,23,23,7.869565217391305,14,2,4.523561952738814,0,0.0,0.0,0.0,2.373231053465871,0.0,0.8154298902442556,0.0625,0.041666666666666664,0.18958333333333333,1
18,173.76470588235293,274.0,15.0,85.17768929904861,12,18,3.4613201384797745,18,18,8.666666666666666,14,4,4.169924998845461,1,0.0,0.0,0.0,2.409289999332933,0.05263157894736842,0.7086048603656869,0.07692307692307693,0.05263157894736842,0.20809716599190287,1
8,206.0,289.0,105.0,69.16026935418093,6,8,2.4999999991343826,8,8,8.125,13,2,2.9999999988458437,1,0.0,0.0,0.0,1.7410714279016057,0.1111111111111111,0.49999999971146103,0.14285714285714285,0.1111111111111111,0.21904761904761905,1
15,72.14285714285714,119.0,3.0,40.76738392191403,4,15,1.9086126982956342,8,15,9.0,30,2,2.7898980943101312,11,1.0,0.0,1.0,0.8099704144771349,0.6875,0.8812853960144971,0.2,0.1111111111111111,0.843888888888889,0
9,129.75,227.0,64.0,59.69453492573671,7,9,2.725480555987981,9,9,9.666666666666666,13,4,3.169925000143887,0,0.0,0.0,0.0,2.1887577381945884,0.0,0.44444444415590567,0.125,0.1,0.17750000000000002,1
14,145.0,274.0,3.0,93.6901603896917,9,14,2.985228134735826,14,14,8.071428571428571,14,4,3.8073549200378314,2,0.0,0.0,0.0,2.048719552210833,0.13333333333333333,0.8221267853020056,0.1,0.06666666666666667,0.2366666666666667,1
23,139.77272727272728,289.0,28.0,83.80493141173507,11,23,3.294663584622639,23,23,9.347826086956522,15,2,4.523561952738814,0,0.0,0.0,0.0,2.642841901735992,0.0,1.228898368116175,0.08333333333333333,0.041666666666666664,0.1875,1
9,57.125,99.0,10.0,32.23521948118238,4,9,1.6577427259278108,4,9,24.77777777777778,34,2,1.6577427259278108,5,0.0,0.0,0.0,1.173576596450482,0.5,0.0,0.2,0.2,0.36000000000000004,0
17,129.75,284.0,2.0,96.61295203025317,10,17,3.175123133670766,17,17,8.176470588235293,13,3,4.087462838797758,1,0.0,0.0,0.0,2.3872156915667575,0.05555555555555555,0.9123397051269917,0.09090909090909091,0.05555555555555555,0.20757575757575758,1
29,63.107142857142854,114.0,15.0,28.815099322743826,4,29,1.9180368233028604,9,29,22.896551724137932,36,2,2.736954269542011,9,0.0,0.0,1.0,1.6936977026802378,0.3,0.8189174462391504,0.2,0.1,0.49000000000000005,0
12,131.9090909090909,223.0,16.0,65.59442125038953,10,12,3.2516291659451277,12,12,8.75,17,2,3.5849624989899223,2,0.0,0.0,0.0,1.7426901036756566,0.15384615384615385,0.3333333330447945,0.09090909090909091,0.07692307692307693,0.24475524475524477,1
37,64.69444444444444,118.0,2.0,36.91192177516368,4,37,1.98585799332528,11,37,11.91891891891892,30,2,2.948676593994835,23,1.0,0.0,1.0,1.1337108787722079,0.6052631578947368,0.9628186006695549,0.2,0.08333333333333333,0.8137719298245615,0
15,165.14285714285714,255.0,62.0,64.78740744361751,10,15,2.9995812292033692,15,15,9.6,19,2,3.906890593444476,2,0.0,0.0,0.0,1.8753074848533484,0.125,0.9073093642411068,0.09090909090909091,0.0625,0.23465909090909093,1
28,54.2962962962963,120.0,5.0,39.42626950426986,4,28,1.9241743517233632,8,28,24.607142857142858,49,2,2.757923564287228,6,0.0,0.0,0.0,1.3572923827099286,0.20689655172413793,0.8337492125638648,0.2,0.1111111111111111,0.2516475095785441,0
36,51.714285714285715,117.0,1.0,29.750938932190675,4,36,1.9149523856013915,10,36,22.61111111111111,49,2,2.9519119046672753,5,0.0,0.0,0.0,1.3349201613328676,0.13513513513513514,1.0369595190658838,0.2,0.09090909090909091,0.22496314496314498,0
16,151.8,287.0,26.0,84.65553732627299,10,16,3.124999998557305,16,16,9.375,19,2,3.9999999976916882,1,0.0,0.0,0.0,1.8749999989179789,0.058823529411764705,0.8749999991343831,0.09090909090909091,0.058823529411764705,0.20855614973262032,1
12,158.27272727272728,277.0,9.0,75.72088808619444,9,12,3.022055207575775,12,12,6.25,16,2,3.5849624989899223,0,0.0,0.0,0.0,1.318000918746295,0.0,0.5629072914141471,0.1,0.07692307692307693,0.18230769230769234,1
15,186.14285714285714,299.0,31.0,91.82581114173037,12,15,3.5068905938772845,15,15,7.666666666666667,18,2,3.906890593444476,0,0.0,0.0,0.0,1.5764646254249641,0.0,0.39999999956719146,0.07692307692307693,0.0625,0.1860576923076923,1
17,147.75,290.0,22.0,89.50523727693258,13,17,3.572469456894632,16,17,7.588235294117647,14,3,3.969815780118498,2,0.0,0.0,0.0,2.0082597475893578,0.1111111111111111,0.3973463232238661,0.07142857142857142,0.058823529411764705,0.23141923436041084,1
7,186.66666666666666,266.0,98.0,56.50860308149744,7,7,2.8073549210477173,7,7,9.571428571428571,13,5,2.8073549210477173,0,0.0,0.0,0.0,1.91931407867548,0.0,0.0,0.125,0.125,0.17500000000000002,1
19,158.5,284.0,4.0,93.90849565164781,13,19,3.5766176430331624,19,19,9.31578947368421,13,2,4.247927510702465,1,0.0,0.0,0.0,2.8266284563696855,0.05,0.6713098676693026,0.07142857142857142,0.05,0.20785714285714285,1
37,45.77777777777778,117.0,0.0,36.62657741093899,4,37,1.9436487085914729,9,37,44.08108108108108,78,2,2.8548745676071796,14,0.0,1.0,0.0,1.5929868011520045,0.3684210526315789,0.9112258590157067,0.2,0.1,0.5173684210526316,0
8,181.14285714285714,279.0,1.0,95.75329695394838,5,8,2.155639061508219,8,8,6.875,12,2,2.9999999988458437,0,0.0,0.0,0.0,1.5865384609280904,0.0,0.8443609373376249,0.16666666666666666,0.1111111111111111,0.17222222222222222,1
8,183.57142857142858,256.0,71.0,73.84318740771293,8,8,2.9999999988458437,8,8,12.5,16,8,2.9999999988458437,1,0.0,0.0,0.0,2.2058823520925324,0.1111111111111111,0.0,0.1111111111111111,0.1111111111111111,0.2222222222222222,1
4,113.66666666666667,260.0,16.0,105.38922567743293,4,4,1.9999999994229218,4,4,8.5,13,4,1.9999999994229218,2,0.0,0.0,0.0,1.2142857139353453,0.4,0.0,0.2,0.2,0.32000000000000006,1
9,208.875,278.0,37.0,71.38178601716267,8,9,2.947702778065934,9,9,8.222222222222221,15,4,3.169925000143887,1,0.0,0.0,0.0,1.6289892361850529,0.1,0.22222222207795284,0.1111111111111111,0.1,0.2188888888888889,1
31,54.266666666666666,108.0,0.0,36.81026426902631,4,31,1.958503028579356,8,31,23.903225806451612,49,2,2.6474293736092696,8,0.0,0.0,0.0,1.2656420424803023,0.25,0.6889263450299135,0.2,0.1111111111111111,0.2688888888888889,0
23,156.13636363636363,276.0,8.0,85.39283313260675,16,23,3.849223910082312,23,23,8.73913043478261,17,4,4.523561952738814,2,0.0,0.0,0.0,2.1962221074891346,0.08333333333333333,0.674338042656502,0.058823529411764705,0.041666666666666664,0.22328431372549018,1
19,63.666666666666664,119.0,3.0,36.72419729097788,4,19,1.8990227505985766,7,19,13.894736842105264,30,2,2.4650694608059505,8,1.0,0.0,1.0,1.1048868211422258,0.4,0.5660467102073738,0.2,0.125,0.7275000000000001,0
12,59.0,115.0,7.0,32.67748738532664,4,12,1.7841591272743438,7,12,22.666666666666668,36,2,2.6887218745309807,5,0.0,0.0,1.0,1.6471449321451055,0.38461538461538464,0.9045627472566369,0.2,0.125,0.5213461538461539,0
16,70.73333333333333,116.0,3.0,35.97678263670737,3,16,1.5461796915146888,6,16,41.6875,63,2,2.399397469482082,8,0.0,1.0,1.0,1.562888781391161,0.47058823529411764,0.8532177779673933,0.25,0.14285714285714285,0.7489495798319329,0
39,58.89473684210526,119.0,0.0,33.84468353934066,4,39,1.9836546292977777,11,39,38.51282051282051,78,2,3.050192902306719,10,0.0,1.0,0.0,1.4869814148863005,0.25,1.0665382730089414,0.2,0.08333333333333333,0.47166666666666673,0
37,66.08333333333333,116.0,11.0,30.204281337438093,4,37,1.9809712509635493,10,37,19.83783783783784,36,2,3.1141618118800265,13,0.0,0.0,1.0,1.6696820817530604,0.34210526315789475,1.1331905609164772,0.2,0.09090909090909091,0.5077511961722488,0
16,131.66666666666666,260.0,30.0,74.69017487074336,11,16,3.327819529527819,16,16,9.25,13,3,3.9999999976916882,1,0.0,0.0,0.0,2.642857141332008,0.058823529411764705,0.6721804681638694,0.08333333333333333,0.058823529411764705,0.20931372549019608,1
19,146.27777777777777,253.0,4.0,78.38353395364187,14,19,3.7216117219501283,19,19,8.210526315789474,15,2,4.247927510702465,1,0.0,0.0,0.0,2.1798575383867913,0.05,0.5263157887523366,0.06666666666666667,0.05,0.20833333333333334,1
25,171.79166666666666,289.0,31.0,81.52656988505171,14,25,3.6234651875818744,25,25,10.2,17,5,4.643856186167987,0,0.0,0.0,0.0,2.6315185054951926,0.0,1.0203909985861128,0.06666666666666667,0.038461538461538464,0.1894871794871795,1
6,166.0,278.0,99.0,69.26759704219572,5,6,2.251629166666475,6,6,8.5,12,4,2.584962499855539,0,0.0,0.0,0.0,1.6901677883670834,0.0,0.333333333189064,0.16666666666666666,0.14285714285714285,0.16904761904761906,1
18,142.23529411764707,295.0,4.0,89.0958039625718,13,18,3.572431249446616,18,18,6.666666666666667,15,2,4.169924998845461,1,0.0,0.0,0.0,1.7374687495189423,0.05263157894736842,0.5974937493988453,0.07142857142857142,0.05263157894736842,0.2086466165413534,1
13,122.91666666666667,239.0,3.0,84.24315831105943,10,13,3.2389012551599357,13,13,7.6923076923076925,16,3,3.7004397162655884,1,0.0,0.0,0.0,1.674407111432393,0.07142857142857142,0.4615384611056528,0.09090909090909091,0.07142857142857142,0.21233766233766233,1
10,58.333333333333336,97.0,7.0,29.514591494904874,4,10,1.8464393440939375,5,10,11.3,30,2,1.9609640467223337,7,1.0,0.0,1.0,0.7148030234826572,0.6363636363636364,0.1145247026283962,0.2,0.16666666666666666,0.817878787878788,0
21,137.15,283.0,23.0,73.08233370658056,12,21,3.368042420841481,21,21,8.095238095238095,17,3,4.3923174197491,0,0.0,0.0,0.0,1.9753808501517114,0.0,1.0242749989076185,0.07692307692307693,0.045454545454545456,0.18776223776223777,1
27,63.5,119.0,7.0,34.87257022139541,4,27,1.7847870092742464,12,27,6.925925925925926,15,2,3.3837930556672764,6,0.0,0.0,0.0,1.4647437532633811,0.21428571428571427,1.59900604639303,0.2,0.07692307692307693,0.258021978021978,0
22,52.095238095238095,114.0,5.0,31.95816426265046,4,22,1.9698452574617202,11,22,6.909090909090909,30,2,3.26104398175032,11,1.0,0.0,1.0,0.7268015912405406,0.4782608695652174,1.2911987242885998,0.2,0.08333333333333333,0.7629710144927536,0
30,58.41379310344828,114.0,0.0,34.66640751145549,4,30,1.9709505938775906,9,30,35.63333333333333,78,2,2.8159220625367407,7,0.0,1.0,0.0,1.2701353100640405,0.22580645161290322,0.8449714686591501,0.2,0.1,0.46032258064516135,0
30,60.86206896551724,120.0,12.0,30.597187314873416,4,30,1.88924642793208,8,30,18.3,36,2,2.911080495090122,7,0.0,0.0,1.0,1.4398046773013307,0.22580645161290322,1.021834067158042,0.2,0.1111111111111111,0.45921146953405023,0
21,120.3,291.0,7.0,89.09326573877512,13,21,3.5585186111734024,21,21,8.047619047619047,12,2,4.3923174197491,1,0.0,0.0,0.0,2.719053640797062,0.045454545454545456,0.8337988085756973,0.07142857142857142,0.045454545454545456,0.2064935064935065,1
33,66.40625,120.0,5.0,34.92479364201741,4,33,1.9120655956094288,9,33,29.21212121212121,53,2,2.8294370292781843,6,0.0,1.0,0.0,1.5306269900247864,0.17647058823529413,0.9173714336687555,0.2,0.1,0.4405882352941177,0
8,111.42857142857143,227.0,14.0,84.9602548134078,6,8,2.4999999991343826,8,8,7.125,14,2,2.9999999988458437,1,0.0,0.0,0.0,1.4249999994517757,0.1111111111111111,0.49999999971146103,0.14285714285714285,0.1111111111111111,0.21904761904761905,1
17,42.5,90.0,10.0,22.73213584333861,4,17,1.971335284729903,6,17,37.8235294117647,63,3,2.4189611947023533,9,0.0,1.0,1.0,1.429588279589718,0.5,0.4476259099724502,0.2,0.14285714285714285,0.7657142857142859,0
12,120.0,277.0,5.0,77.99766896283737,10,12,3.2516291659451277,12,12,8.333333333333334,13,2,3.5849624989899223,0,0.0,0.0,0.0,2.133906249398763,0.0,0.3333333330447945,0.09090909090909091,0.07692307692307693,0.18321678321678322,1
26,53.56,115.0,0.0,39.250049681497224,4,26,1.950063755859132,9,26,31.653846153846153,63,2,2.80489308164481,13,0.0,1.0,1.0,1.3872758450683165,0.48148148148148145,0.8548293257856778,0.2,0.1,0.7625925925925926,0
6,46.0,103.0,1.0,34.831020656879986,3,6,1.459147916594436,4,6,41.333333333333336,63,3,1.9182958334774112,5,0.0,1.0,1.0,1.2388993924541614,0.7142857142857143,0.45914791688297507,0.25,0.2,0.8407142857142857,0
20,52.421052631578945,117.0,2.0,35.11682126465993,4,20,1.9037016954802701,6,20,36.5,53,2,2.3016094961934104,4,0.0,1.0,0.0,1.5557175298344348,0.19047619047619047,0.39790780071314025,0.2,0.14285714285714285,0.44190476190476197,0
15,57.42857142857143,115.0,2.0,37.541813423195755,4,15,1.8256051984398654,9,15,5.8,15,2,3.0062389273549637,3,0.0,0.0,0.0,1.0897616111661743,0.1875,1.1806337289150983,0.2,0.1,0.24500000000000005,0
19,184.05555555555554,298.0,38.0,80.4587349185367,12,19,3.431623564116197,19,19,8.842105263157896,19,2,4.247927510702465,3,0.0,0.0,0.0,1.8780311099947742,0.15,0.816303946586268,0.07692307692307693,0.05,0.2473076923076923,1
22,160.57142857142858,276.0,8.0,78.74163382835782,14,22,3.550340707526615,22,22,10.545454545454545,19,2,4.459431615463368,3,0.0,0.0,0.0,2.3513366699715936,0.13043478260869565,0.9090909079367528,0.06666666666666667,0.043478260869565216,0.2411594202898551,1
39,63.18421052631579,120.0,1.0,33.91386555685315,4,39,1.9267256653581213,10,39,42.51282051282051,78,2,2.688657890396889,12,0.0,1.0,0.0,1.446866206516729,0.3,0.7619322250387679,0.2,0.09090909090909091,0.49090909090909096,0
14,137.15384615384616,291.0,5.0,104.22154373024223,10,14,3.1820058133175184,14,14,7.714285714285714,13,2,3.8073549200378314,0,0.0,0.0,0.0,2.0979302620616624,0.0,0.625349106720313,0.09090909090909091,0.06666666666666667,0.18424242424242426,1
12,167.0,264.0,25.0,74.14482143383006,9,12,3.0849624994227307,12,12,9.666666666666666,19,2,3.5849624989899223,0,0.0,0.0,0.0,1.7327318745117957,0.0,0.49999999956719154,0.1,0.07692307692307693,0.18230769230769234,1
18,71.6470588235294,120.0,15.0,31.604060008115095,4,18,1.8016366406935294,8,18,37.55555555555556,63,2,2.705229001588141,8,0.0,1.0,1.0,1.5874434071819299,0.42105263157894735,0.9035923608946115,0.2,0.1111111111111111,0.7373099415204679,0
4,164.0,255.0,68.0,76.42425443971742,3,4,1.4999999995671913,4,4,8.25,15,2,1.9999999994229218,0,0.0,0.0,0.0,1.031249999702444,0.0,0.4999999998557305,0.25,0.2,0.15500000000000003,1
9,54.625,109.0,14.0,34.135529511053434,4,9,1.6577427259278108,7,9,7.777777777777778,15,3,2.725480555987981,3,0.0,0.0,0.0,1.3248863813830463,0.3,1.0677378300601703,0.2,0.125,0.28750000000000003,0
6,76.2,154.0,24.0,47.80125521364476,6,6,2.584962499855539,6,6,8.0,13,3,2.584962499855539,0,0.0,0.0,0.0,1.4771214284888794,0.0,0.0,0.14285714285714285,0.14285714285714285,0.17142857142857146,1
11,36.3,77.0,10.0,25.56188568944005,3,11,1.4949188478011421,4,11,40.81818181818182,53,34,1.867633890394134,3,0.0,1.0,0.0,1.4117299945908524,0.25,0.37271504259299193,0.25,0.2,0.45500000000000007,0
17,195.625,291.0,65.0,76.73320255925722,11,17,3.2927701923500257,17,17,7.823529411764706,14,3,4.087462838797758,3,0.0,0.0,0.0,2.1318923825886347,0.16666666666666666,0.7946926464477322,0.08333333333333333,0.05555555555555555,0.25277777777777777,1
3,184.0,239.0,129.0,55.0,2,3,0.9182958337659504,3,3,14.666666666666666,19,10,1.5849625002883474,0,0.0,0.0,0.0,1.162305833544788,0.0,0.666666666522397,0.3333333333333333,0.25,0.1416666666666667,1
17,66.875,119.0,9.0,35.940706378701016,4,17,1.9542473991150022,8,17,22.058823529411764,49,2,2.6601297514791007,6,0.0,0.0,0.0,1.173586655064309,0.3333333333333333,0.7058823523640985,0.2,0.1111111111111111,0.3022222222222222,0
17,55.3125,120.0,10.0,33.77632075507929,4,17,1.851226815320114,9,17,4.764705882352941,15,2,2.9686657806193333,1,0.0,0.0,0.0,0.8840512067285514,0.05555555555555555,1.1174389652992194,0.2,0.1,0.19222222222222224,0
24,150.69565217391303,294.0,4.0,74.24075687313814,15,24,3.772055206710158,24,24,9.5,18,2,4.584962497258688,2,0.0,0.0,0.0,2.292481248629344,0.08,0.8129072905485306,0.0625,0.04,0.22175,1
3,173.0,201.0,145.0,28.0,3,3,1.5849625002883474,3,3,11.0,16,7,1.5849625002883474,0,0.0,0.0,0.0,1.025563970774813,0.0,0.0,0.25,0.25,0.15000000000000002,1
16,63.333333333333336,110.0,10.0,30.49735871987751,4,16,1.9772170008854044,8,16,28.4375,53,2,2.521782220445642,1,0.0,1.0,0.0,1.328021886924499,0.058823529411764705,0.5445652195602377,0.2,0.1111111111111111,0.39241830065359484,0
15,151.5,293.0,1.0,103.28514621460063,9,15,3.0062389273549637,15,15,9.733333333333333,17,3,3.906890593444476,1,0.0,0.0,0.0,2.112614913492198,0.0625,0.9006516660895123,0.1,0.0625,0.20875000000000002,1
19,64.0,119.0,10.0,32.1696889771861,4,19,1.9312952796557963,8,19,45.78947368421053,78,2,2.8000446173248537,7,0.0,1.0,0.0,1.622943915438123,0.35,0.8687493376690574,0.2,0.1111111111111111,0.5088888888888888,0
22,121.85714285714286,286.0,26.0,81.2423099448192,15,22,3.754441843549303,22,22,10.136363636363637,19,2,4.459431615463368,1,0.0,0.0,0.0,2.2601210232916613,0.043478260869565216,0.7049897719140645,0.0625,0.043478260869565216,0.20679347826086958,1
37,56.77777777777778,111.0,0.0,35.87254529821991,4,37,1.9584661811811086,9,37,27.0,49,2,2.799689595175655,8,0.0,0.0,0.0,1.5118323813948538,0.21052631578947367,0.8412234139945463,0.2,0.1,0.2542105263157895,0
5,48.5,84.0,5.0,29.567718883945037,3,5,1.5219280944545537,2,5,6.0,7,2,0.7219280945988233,4,1.0,0.0,0.0,0.5414460709491176,0.6666666666666666,0.7999999998557303,0.25,0.3333333333333333,0.6083333333333334,0
17,61.25,110.0,10.0,35.82335132284527,4,17,1.971335284729903,8,17,34.64705882352941,78,2,2.866587104674803,4,0.0,1.0,0.0,1.257200152385301,0.2222222222222222,0.8952518199449,0.2,0.1111111111111111,0.45777777777777784,0
14,158.6153846153846,295.0,20.0,89.34939064967068,9,14,2.985228134735826,14,14,8.571428571428571,13,4,3.8073549200378314,0,0.0,0.0,0.0,2.331033624512958,0.0,0.8221267853020056,0.1,0.06666666666666667,0.18333333333333335,1
29,55.67857142857143,111.0,12.0,28.859330716213,4,29,1.984116548822418,11,29,6.068965517241379,15,2,3.036851893087732,5,0.0,0.0,0.0,1.1519093387574155,0.16666666666666666,1.0527353442653142,0.2,0.08333333333333333,0.23833333333333334,0
24,155.08695652173913,293.0,9.0,95.59785018661485,15,24,3.772055206710158,23,24,8.833333333333334,18,2,4.501629164069624,1,0.0,0.0,0.0,2.092862681541141,0.04,0.7295739573594662,0.0625,0.041666666666666664,0.20558333333333334,1
16,61.13333333333333,119.0,3.0,30.445287903968907,4,16,1.9237949401183205,10,16,6.375,15,2,3.0778195296720883,2,0.0,0.0,0.0,1.2263187188537226,0.11764705882352941,1.1540245895537677,0.2,0.09090909090909091,0.2179679144385027,0
23,193.63636363636363,300.0,12.0,84.21808564918359,14,23,3.534219019160567,22,23,8.521739130434783,14,2,4.436605431143953,2,0.0,0.0,0.0,2.52050627392526,0.08333333333333333,0.9023864119833855,0.06666666666666667,0.043478260869565216,0.22231884057971016,1
19,145.83333333333334,296.0,7.0,90.70663947277754,11,19,3.260828169637491,19,19,9.157894736842104,14,3,4.247927510702465,1,0.0,0.0,0.0,2.5934715328499256,0.05,0.9870993410649742,0.08333333333333333,0.05,0.20666666666666667,1
24,160.2608695652174,285.0,1.0,90.60243656926305,15,24,3.803508852633636,24,24,7.125,14,2,4.584962497258688,1,0.0,0.0,0.0,2.177857186197877,0.04,0.7814536446250524,0.0625,0.04,0.20575,1
17,60.125,107.0,0.0,37.48812311919603,4,17,1.903967812510688,9,17,28.294117647058822,63,2,3.0130709278054195,6,0.0,1.0,1.0,1.3320653642228004,0.3333333333333333,1.1091031152947315,0.2,0.1,0.7033333333333333,0
22,69.80952380952381,119.0,16.0,37.73670569771691,4,22,1.9196905734726184,7,22,30.727272727272727,49,2,2.3564924127869378,8,0.0,0.0,0.0,1.4481717009490636,0.34782608695652173,0.4368018393143194,0.2,0.125,0.3066304347826087,0
3,105.0,139.0,71.0,34.0,3,3,1.5849625002883474,3,3,5.666666666666667,9,3,1.5849625002883474,0,0.0,0.0,0.0,0.8981454168300635,0.0,0.0,0.25,0.25,0.15000000000000002,1
20,169.89473684210526,296.0,31.0,79.51093584952696,13,20,3.546439342795512,20,20,9.05,16,2,4.321928092001972,5,0.0,0.0,0.0,2.3007911313304614,0.23809523809523808,0.7754887492064602,0.07142857142857142,0.047619047619047616,0.2833333333333333,1
15,140.64285714285714,284.0,3.0,98.23849052386831,10,15,3.1395722605440275,15,15,7.6,15,2,3.906890593444476,2,0.0,0.0,0.0,1.855773031886126,0.125,0.7673183329004485,0.09090909090909091,0.0625,0.23465909090909093,1
26,53.32,113.0,5.0,30.96025839685451,4,26,1.9006709668151212,9,26,25.615384615384617,53,2,2.823747889170697,2,0.0,1.0,0.0,1.3394701525553308,0.07407407407407407,0.9230769223555759,0.2,0.1,0.39962962962962967,0
5,62.25,90.0,35.0,21.510172012329424,4,5,1.9219280943102843,5,5,8.8,13,6,2.3219280941660148,0,0.0,0.0,0.0,1.4594976591900666,0.0,0.3999999998557304,0.2,0.16666666666666666,0.16333333333333336,1
7,135.0,291.0,1.0,132.03661108445138,6,7,2.5216406354777012,7,7,9.428571428571429,17,3,2.8073549210477173,0,0.0,0.0,0.0,1.4705192443583281,0.0,0.2857142855700161,0.14285714285714285,0.125,0.17321428571428574,1
17,46.4375,114.0,5.0,36.8476063503452,4,17,1.903967812510688,6,17,18.58823529411765,36,2,2.351593722483138,1,0.0,0.0,0.0,1.1814047953969344,0.05555555555555555,0.44762590997245,0.2,0.14285714285714285,0.18793650793650796,0
18,199.35294117647058,298.0,81.0,76.22485404185711,11,18,3.39214722207757,18,18,9.0,15,2,4.169924998845461,3,0.0,0.0,0.0,2.345582811850572,0.15789473684210525,0.7777777767678913,0.08333333333333333,0.05263157894736842,0.24956140350877196,1
22,133.76190476190476,276.0,22.0,84.38229602283982,15,22,3.788754911829461,22,22,9.045454545454545,16,2,4.459431615463368,0,0.0,0.0,0.0,2.3727991750727546,0.0,0.670676703633907,0.0625,0.043478260869565216,0.18940217391304348,1
38,56.945945945945944,116.0,0.0,35.598319081137575,4,38,1.9941979643414363,13,38,5.815789473684211,15,2,3.4875629592106847,6,0.0,0.0,0.0,1.2676832466867785,0.15384615384615385,1.4933649948692485,0.2,0.07142857142857142,0.23439560439560442,0
23,167.6818181818182,299.0,4.0,93.69505001169601,13,23,3.5555331495514917,22,23,8.043478260869565,18,2,4.436605431143953,1,0.0,0.0,0.0,1.878196807234854,0.041666666666666664,0.881072281592461,0.07142857142857142,0.043478260869565216,0.205175983436853,1
19,49.111111111111114,118.0,5.0,32.38636353791325,4,19,1.8248169856397838,9,19,7.631578947368421,15,2,3.0761031696982966,5,0.0,0.0,0.0,1.4672202618626744,0.25,1.2512861840585128,0.2,0.1,0.27,0
16,156.2,286.0,26.0,89.58437363737049,12,16,3.4056390604983324,15,16,7.1875,13,2,3.8749999978359577,2,0.0,0.0,0.0,1.9893973203175674,0.11764705882352941,0.4693609373376253,0.07692307692307693,0.0625,0.23311651583710408,1
14,160.0,293.0,11.0,97.19053451854249,9,14,2.9502120636163216,13,14,7.857142857142857,19,2,3.664497777324958,1,0.0,0.0,0.0,1.4396241268062335,0.06666666666666667,0.7142857137086365,0.1,0.07142857142857142,0.20952380952380956,1
9,122.0,275.0,1.0,104.76998616015943,7,9,2.725480555987981,9,9,10.333333333333334,17,4,3.169925000143887,0,0.0,0.0,0.0,1.819771759341861,0.0,0.44444444415590567,0.125,0.1,0.17750000000000002,1
36,55.2,116.0,1.0,35.32769047483453,4,36,1.925126558833751,10,36,29.86111111111111,53,2,3.0203672781870017,8,0.0,1.0,0.0,1.670213386857524,0.21621621621621623,1.0952407193532507,0.2,0.09090909090909091,0.45739557739557746,0
18,57.294117647058826,111.0,10.0,33.4325742984511,4,18,1.8776402825963432,9,18,12.833333333333334,36,2,2.9749374999035014,3,0.0,0.0,1.0,1.0318476914079713,0.15789473684210525,1.0972972173071582,0.2,0.1,0.4331578947368422,0
22,140.57142857142858,289.0,2.0,90.78418754101946,14,22,3.550340707526615,22,22,8.272727272727273,15,3,4.459431615463368,1,0.0,0.0,0.0,2.3057288466316277,0.043478260869565216,0.9090909079367528,0.06666666666666667,0.043478260869565216,0.2063768115942029,1
24,155.34782608695653,289.0,38.0,79.5080573962556,14,24,3.569773833009705,24,24,9.291666666666666,13,2,4.584962497258688,2,0.0,0.0,0.0,3.0429959431210936,0.08,1.0151886642489836,0.06666666666666667,0.04,0.22133333333333335,1
26,58.48,113.0,0.0,37.465845779856615,4,26,1.9086250474120627,7,26,40.26923076923077,63,2,2.561607391191328,16,0.0,1.0,1.0,1.6117806121257936,0.5925925925925926,0.6529823437792655,0.2,0.125,0.8045370370370372,0
27,60.84615384615385,118.0,8.0,35.43432962504485,4,27,1.9386245379823996,10,27,24.185185185185187,49,2,3.0097239644702642,6,0.0,0.0,0.0,1.4558146287400613,0.21428571428571427,1.0710994264878646,0.2,0.09090909090909091,0.25662337662337664,0
24,149.08695652173913,297.0,12.0,75.40033043606424,14,24,3.6368421861112386,24,24,9.458333333333334,19,3,4.584962497258688,0,0.0,0.0,0.0,2.168305180995255,0.0,0.9481203111474499,0.06666666666666667,0.04,0.18933333333333335,1
25,156.0,270.0,28.0,78.41396559287128,15,25,3.783465187437605,25,25,8.6,19,3,4.643856186167987,2,0.0,0.0,0.0,1.9968581600522344,0.07692307692307693,0.8603909987303822,0.0625,0.038461538461538464,0.22067307692307692,1
14,58.23076923076923,103.0,0.0,34.05686160651341,4,14,1.9852281354571732,6,14,35.07142857142857,53,2,2.4137995637400627,3,0.0,1.0,0.0,1.5676925738047232,0.2,0.4285714282828894,0.2,0.14285714285714285,0.4457142857142858,0
7,53.0,96.0,3.0,29.467496217584102,4,7,1.9502120643376688,6,7,18.857142857142858,35,3,2.5216406354777012,2,0.0,0.0,1.0,1.3208593804883197,0.25,0.5714285711400324,0.2,0.14285714285714285,0.4657142857142858,0
17,148.75,299.0,5.0,93.89721774365842,11,17,3.3371753395361123,17,17,7.9411764705882355,13,3,4.087462838797758,2,0.0,0.0,0.0,2.318518837133182,0.1111111111111111,0.7502874992616455,0.08333333333333333,0.05555555555555555,0.23055555555555557,1
28,49.18518518518518,112.0,0.0,29.90483305053752,4,28,1.9241743517233632,9,28,29.25,53,2,2.940759831241664,8,0.0,1.0,0.0,1.592911575255901,0.27586206896551724,1.0165854795183007,0.2,0.1,0.48034482758620695,0
19,53.833333333333336,118.0,9.0,34.992459505188,4,19,1.8710191203017619,8,19,7.421052631578948,15,2,2.79478853995065,6,0.0,0.0,0.0,1.296267053069216,0.3,0.9237694196488881,0.2,0.1111111111111111,0.2888888888888889,0
27,62.0,115.0,6.0,33.862845534483775,4,27,1.9493835770732633,9,27,7.555555555555555,15,2,2.8941900579936544,8,0.0,0.0,0.0,1.3667008607192257,0.2857142857142857,0.9448064809203911,0.2,0.1,0.2842857142857143,0
27,55.23076923076923,112.0,4.0,32.57217747652328,4,27,1.8337480422057664,11,27,8.185185185185185,30,2,3.09670602157032,17,1.0,0.0,1.0,0.8176487822784239,0.6071428571428571,1.2629579793645536,0.2,0.08333333333333333,0.8145238095238095,0
24,155.30434782608697,288.0,9.0,90.28430206014617,13,24,3.522055206998697,24,24,8.833333333333334,15,2,4.584962497258688,1,0.0,0.0,0.0,2.531281378694901,0.04,1.0629072902599916,0.07142857142857142,0.04,0.20485714285714285,1
5,109.5,190.0,21.0,64.1424196612507,4,5,1.9219280943102843,5,5,9.2,12,5,2.3219280941660148,0,0.0,0.0,0.0,1.6432106512559488,0.0,0.3999999998557304,0.2,0.16666666666666666,0.16333333333333336,1
8,56.57142857142857,95.0,9.0,29.9945573294182,4,8,1.9056390616524883,5,8,23.625,39,3,2.155639061508219,0,0.0,1.0,0.0,1.2731743207032917,0.0,0.24999999985573051,0.2,0.16666666666666666,0.3633333333333334,0
10,68.33333333333333,117.0,24.0,29.02872140943632,4,10,1.6854752966502564,6,10,28.7,49,2,2.4464393438053986,1,0.0,0.0,0.0,1.4042561833442988,0.09090909090909091,0.7609640471551422,0.2,0.14285714285714285,0.20207792207792213,0
22,56.523809523809526,119.0,9.0,29.98669395013323,4,22,1.9400715287320116,10,22,20.5,36,2,3.027169116997923,10,0.0,0.0,1.0,1.6772153215799304,0.43478260869565216,1.0870975882659115,0.2,0.09090909090909091,0.5448221343873518,0
8,65.28571428571429,112.0,25.0,27.62873393363348,3,8,1.4056390617967578,6,8,37.25,76,2,2.4999999991343826,4,0.0,1.0,0.0,1.209415583996828,0.4444444444444444,1.0943609373376249,0.25,0.14285714285714285,0.5384920634920635,0
40,69.7948717948718,120.0,2.0,36.860916336801665,4,40,1.8329827868768476,12,40,8.8,30,2,3.103808536454444,28,1.0,0.0,1.0,0.8810811329290035,0.6829268292682927,1.2708257495775963,0.2,0.07692307692307693,0.8454784240150094,0
18,155.88235294117646,300.0,1.0,99.17060899571663,14,18,3.7254805549780947,18,18,9.11111111111111,14,3,4.169924998845461,3,0.0,0.0,0.0,2.532843332632058,0.15789473684210525,0.4444444438673667,0.06666666666666667,0.05263157894736842,0.25122807017543863,1
17,175.3125,295.0,21.0,90.19958339011329,12,17,3.454822398215372,17,17,8.823529411764707,19,2,4.087462838797758,1,0.0,0.0,0.0,1.8032924288813639,0.05555555555555555,0.632640440582386,0.07692307692307693,0.05555555555555555,0.20897435897435898,1
22,160.0,300.0,4.0,99.10360139532675,14,22,3.663532752784482,22,22,8.045454545454545,14,2,4.459431615463368,1,0.0,0.0,0.0,2.3918769573848975,0.043478260869565216,0.7958988626788859,0.06666666666666667,0.043478260869565216,0.2063768115942029,1
24,118.26086956521739,279.0,1.0,91.11398374578113,13,24,3.418295832178986,24,24,8.625,18,2,4.584962497258688,1,0.0,0.0,0.0,2.0813316599397993,0.04,1.1666666650797026,0.07142857142857142,0.04,0.20485714285714285,1
3,48.0,80.0,16.0,32.0,3,3,1.5849625002883474,3,3,7.0,8,5,1.5849625002883474,1,0.0,0.0,0.0,1.2327486113353814,0.25,0.0,0.25,0.25,0.25,1
33,64.28125,120.0,8.0,35.61884541134791,4,33,1.9149083989667117,10,33,19.515151515151516,36,2,2.9364085782388734,6,0.0,0.0,1.0,1.5487691436411422,0.17647058823529413,1.0215001792721616,0.2,0.09090909090909091,0.4414973262032086,0
12,213.27272727272728,300.0,94.0,54.93316750891017,11,12,3.418295832467525,12,12,8.583333333333334,15,2,3.5849624989899223,0,0.0,0.0,0.0,1.9231830072706355,0.0,0.16666666652239703,0.08333333333333333,0.07692307692307693,0.183974358974359,1
8,86.71428571428571,118.0,27.0,29.065022109127693,3,8,1.4056390617967578,6,8,13.125,30,2,2.4999999991343826,3,1.0,0.0,1.0,1.0584677415689927,0.3333333333333333,1.0943609373376249,0.25,0.14285714285714285,0.6940476190476191,0
29,56.607142857142854,118.0,6.0,31.84823305898762,4,29,1.9748899437078455,8,29,36.37931034482759,63,2,2.844858910952596,15,0.0,1.0,1.0,1.6170938313873862,0.5,0.8699689672447504,0.2,0.1111111111111111,0.7688888888888891,0
18,50.11764705882353,114.0,13.0,32.312595163935285,4,18,1.8910611114955744,8,18,19.944444444444443,49,2,2.7744019181346147,1,0.0,0.0,0.0,1.1066780984559184,0.05263157894736842,0.8833408066390402,0.2,0.1111111111111111,0.18994152046783627,0
10,51.22222222222222,113.0,3.0,41.82444202398023,3,10,1.3609640470108726,6,10,24.6,49,3,2.3219280940217453,2,0.0,0.0,0.0,1.1423886222586987,0.18181818181818182,0.9609640470108727,0.25,0.14285714285714285,0.2334415584415585,0
19,176.16666666666666,295.0,45.0,74.48955929822948,12,19,3.431623564116197,19,19,9.526315789473685,17,3,4.247927510702465,0,0.0,0.0,0.0,2.248172162096919,0.0,0.816303946586268,0.07692307692307693,0.05,0.18730769230769231,1
32,52.96774193548387,109.0,1.0,35.77752391490766,4,32,1.9715667050296533,12,32,9.1875,30,2,3.1289280301147904,23,1.0,0.0,1.0,0.9273234282799884,0.696969696969697,1.1573613250851371,0.2,0.07692307692307693,0.8510955710955711,0
5,124.75,227.0,1.0,80.62994170902023,4,5,1.9219280943102843,5,5,8.0,13,3,2.3219280941660148,0,0.0,0.0,0.0,1.3268160538091511,0.0,0.3999999998557304,0.2,0.16666666666666666,0.16333333333333336,1
4,150.33333333333334,222.0,13.0,97.14021938528974,4,4,1.9999999994229218,4,4,6.75,14,3,1.9999999994229218,1,0.0,0.0,0.0,0.8999999997403149,0.2,0.0,0.2,0.2,0.24000000000000005,1
34,59.06060606060606,116.0,2.0,32.227354646502995,4,34,1.9140461854481128,10,34,24.264705882352942,49,2,3.0233213848845844,7,0.0,0.0,0.0,1.4672000838410484,0.2,1.1092751994364716,0.2,0.09090909090909091,0.25090909090909097,0
32,55.54838709677419,119.0,0.0,40.01680188223959,4,32,1.9362781238820548,12,32,6.96875,15,2,3.3164280301147904,6,0.0,0.0,0.0,1.4444598646789029,0.18181818181818182,1.3801499062327356,0.2,0.07692307692307693,0.24503496503496508,0
15,185.64285714285714,291.0,1.0,87.969643418996,8,15,2.7898980943101312,15,15,9.8,19,6,3.906890593444476,0,0.0,0.0,0.0,1.9143763907877933,0.0,1.1169924991343447,0.1111111111111111,0.0625,0.1826388888888889,1
40,58.0,118.0,2.0,36.170536245785634,4,40,1.9818625236441605,10,40,21.5,36,2,3.051678094682799,12,0.0,0.0,1.0,1.7732724063697343,0.2926829268292683,1.0698155710386383,0.2,0.09090909090909091,0.4879822616407983,0
23,144.0,296.0,6.0,88.9315364863229,14,23,3.708132062638828,22,23,8.521739130434783,14,2,4.436605431143953,1,0.0,0.0,0.0,2.52050627392526,0.041666666666666664,0.7284733685051248,0.06666666666666667,0.043478260869565216,0.20565217391304347,1
24,166.91304347826087,296.0,16.0,87.25171633716278,15,24,3.772055206710158,23,24,9.833333333333334,18,3,4.501629164069624,2,0.0,0.0,0.0,2.3297905322816477,0.08,0.7295739573594662,0.0625,0.041666666666666664,0.22158333333333335,1
12,138.36363636363637,286.0,11.0,81.98367102081723,10,12,3.2516291659451277,12,12,8.833333333333334,14,3,3.5849624989899223,0,0.0,0.0,0.0,2.11114458273851,0.0,0.3333333330447945,0.09090909090909091,0.07692307692307693,0.18321678321678322,1
21,168.95,298.0,8.0,90.01359619524153,14,21,3.7256507540923205,21,21,8.238095238095237,16,2,4.3923174197491,1,0.0,0.0,0.0,2.128489954108107,0.045454545454545456,0.6666666656567792,0.06666666666666667,0.045454545454545456,0.20696969696969697,1
15,115.28571428571429,244.0,12.0,79.26576325558088,12,15,3.5068905938772845,15,15,9.066666666666666,19,2,3.906890593444476,0,0.0,0.0,0.0,1.771123735694829,0.0,0.39999999956719146,0.07692307692307693,0.0625,0.1860576923076923,1
37,72.30555555555556,117.0,6.0,34.46803627553154,4,37,1.9334462488064186,10,37,39.027027027027025,78,2,2.9784982981326245,14,0.0,1.0,0.0,1.471416880774379,0.3684210526315789,1.0450520493262059,0.2,0.09090909090909091,0.5182775119617224,0
11,74.9,119.0,30.0,27.016476454193654,4,11,1.789929074732921,6,11,23.818181818181817,49,3,2.4817145721204557,3,0.0,0.0,0.0,1.182198577991926,0.25,0.6917854973875346,0.2,0.14285714285714285,0.26571428571428574,0
25,136.16666666666666,283.0,1.0,85.97076376432992,16,25,3.833269687206797,24,25,8.16,18,2,4.5638561863122575,1,0.0,0.0,0.0,1.9600561305425275,0.038461538461538464,0.7305864991054607,0.058823529411764705,0.04,0.20550226244343892,1
25,126.08333333333333,281.0,2.0,89.93234339707206,15,25,3.7532696873510663,25,25,8.68,18,3,4.643856186167987,0,0.0,0.0,0.0,2.1215090366283227,0.0,0.890586498816921,0.0625,0.038461538461538464,0.18990384615384615,1
10,144.77777777777777,271.0,21.0,80.67187004950333,8,10,2.9219280937332064,10,10,7.4,12,2,3.3219280934446678,1,0.0,0.0,0.0,1.890943683960811,0.09090909090909091,0.3999999997114614,0.1111111111111111,0.09090909090909091,0.21616161616161617,1
4,179.33333333333334,284.0,114.0,74.76778866746174,4,4,1.9999999994229218,4,4,10.0,15,5,1.9999999994229218,0,0.0,0.0,0.0,1.249999999639326,0.0,0.0,0.2,0.2,0.16000000000000003,1
26,69.24,116.0,11.0,34.51988412495036,4,26,1.9220231422744951,9,26,35.30769230769231,63,2,2.840265563896502,15,0.0,1.0,1.0,1.566925353159248,0.5555555555555556,0.9182424216220069,0.2,0.1,0.7922222222222223,0
24,129.1304347826087,270.0,14.0,77.9259985347448,12,24,3.4182958323232553,24,24,8.083333333333334,18,2,4.584962497258688,0,0.0,0.0,0.0,1.9506200097986528,0.0,1.1666666649354331,0.07692307692307693,0.04,0.18830769230769231,1
12,141.63636363636363,272.0,12.0,87.44273214486542,8,12,2.8553885410533777,12,12,6.916666666666667,18,2,3.5849624989899223,0,0.0,0.0,0.0,1.3050521377901911,0.0,0.7295739579365446,0.1111111111111111,0.07692307692307693,0.18119658119658122,1
12,154.1818181818182,287.0,39.0,92.21498417169047,11,12,3.418295832467525,12,12,10.25,19,3,3.5849624989899223,1,0.0,0.0,0.0,1.837293280732335,0.07692307692307693,0.16666666652239703,0.08333333333333333,0.07692307692307693,0.21474358974358976,1
7,132.5,284.0,27.0,89.6860264106585,5,7,2.235926349907685,7,7,10.857142857142858,19,4,2.8073549210477173,0,0.0,0.0,0.0,1.523992671425904,0.0,0.5714285711400322,0.16666666666666666,0.125,0.17083333333333334,1
36,60.22857142857143,107.0,1.0,32.21985697785559,4,36,1.9699150154197365,8,36,36.361111111111114,63,2,2.7896309871850735,17,0.0,1.0,1.0,1.5849075356880475,0.4594594594594595,0.8197159717653371,0.2,0.1111111111111111,0.7526726726726728,0
26,41.04,112.0,4.0,26.745436993999558,4,26,1.9331959905611609,8,26,28.23076923076923,49,2,2.638530467970136,8,0.0,0.0,0.0,1.4897548949923691,0.2962962962962963,0.7053344774089749,0.2,0.1111111111111111,0.28740740740740744,0
7,113.66666666666667,247.0,31.0,81.62856253923759,7,7,2.8073549210477173,7,7,9.857142857142858,17,2,2.8073549210477173,0,0.0,0.0,0.0,1.5373610281927976,0.0,0.0,0.125,0.125,0.17500000000000002,1
9,61.625,98.0,25.0,25.288028294036685,8,9,2.947702778065934,9,9,9.0,15,2,3.169925000143887,0,0.0,0.0,0.0,1.7830828125809364,0.0,0.22222222207795284,0.1111111111111111,0.1,0.1788888888888889,1
12,132.0,261.0,23.0,79.0891326864248,8,12,2.9182958329003332,12,12,8.5,16,2,3.5849624989899223,1,0.0,0.0,0.0,1.7924812494949611,0.07692307692307693,0.666666666089589,0.1111111111111111,0.07692307692307693,0.211965811965812,1
23,156.45454545454547,292.0,8.0,85.39998258075578,12,23,3.3772781292562013,22,23,7.3478260869565215,15,2,4.436605431143953,3,0.0,0.0,0.0,2.0374628202807825,0.125,1.0593273018877514,0.07692307692307693,0.043478260869565216,0.23795986622073578,1
8,128.71428571428572,284.0,26.0,82.75042388448064,5,8,2.249999999278652,8,8,10.25,19,2,2.9999999988458437,0,0.0,0.0,0.0,1.5374999994084948,0.0,0.7499999995671915,0.16666666666666666,0.1111111111111111,0.17222222222222222,1
18,76.6470588235294,118.0,25.0,25.77034587745377,4,18,1.9708245050055728,6,18,44.27777777777778,63,3,2.2584598918785455,14,0.0,1.0,1.0,1.5624935189472229,0.7368421052631579,0.28763538687297263,0.2,0.14285714285714285,0.8604511278195489,0
15,158.21428571428572,274.0,42.0,64.94192853336475,10,15,3.240223927499157,15,15,7.533333333333333,13,3,3.906890593444476,1,0.0,0.0,0.0,2.1022792240915513,0.0625,0.6666666659453191,0.09090909090909091,0.0625,0.2096590909090909,1
6,40.0,62.0,3.0,20.0,3,6,1.459147916594436,6,6,8.333333333333334,14,2,2.584962499855539,0,0.0,0.0,0.0,1.4360902776975217,0.0,1.125814583261103,0.25,0.14285714285714285,0.16071428571428575,1
16,156.53333333333333,298.0,26.0,87.17328846740968,10,16,3.2028195296720883,16,16,8.625,13,3,3.9999999976916882,1,0.0,0.0,0.0,2.4642857128636293,0.058823529411764705,0.7971804680196,0.09090909090909091,0.058823529411764705,0.20855614973262032,1
39,47.76315789473684,115.0,0.0,31.44036477835653,4,39,1.9748997474953152,11,39,21.923076923076923,49,2,3.0824944480897716,6,0.0,0.0,0.0,1.351555258008592,0.15,1.1075947005944564,0.2,0.08333333333333333,0.2316666666666667,0
11,164.6,261.0,48.0,83.26007446549637,9,11,3.095795253702508,11,11,8.090909090909092,16,3,3.459431617050333,1,0.0,0.0,0.0,1.6464674541041695,0.08333333333333333,0.3636363633478248,0.1,0.08333333333333333,0.21500000000000002,1
35,63.05882352941177,120.0,0.0,39.101633166185984,4,35,1.9797242371566224,7,35,27.885714285714286,49,2,2.5469818614321142,10,0.0,0.0,0.0,1.4204881695758533,0.2777777777777778,0.5672576242754919,0.2,0.125,0.27861111111111114,0
13,56.166666666666664,106.0,16.0,27.667168670144445,4,13,1.76049502918912,8,13,6.923076923076923,21,2,2.719294524512823,9,1.0,0.0,0.0,0.8557220531683709,0.6428571428571429,0.9587994953237031,0.2,0.1111111111111111,0.626031746031746,0
3,164.5,220.0,109.0,55.5,3,3,1.5849625002883474,3,3,9.666666666666666,14,3,1.5849625002883474,0,0.0,0.0,0.0,1.0214202779636015,0.0,0.0,0.25,0.25,0.15000000000000002,1
36,64.6,117.0,1.0,32.124045288759724,4,36,1.991076059261144,8,36,44.19444444444444,78,2,2.6593544334102734,17,0.0,1.0,0.0,1.487704959056169,0.4594594594594595,0.6682783741491294,0.2,0.1111111111111111,0.5526726726726727,0
30,63.3448275862069,118.0,0.0,39.97091689446299,4,30,1.957543732440985,9,30,7.5,15,2,3.022579760544066,8,0.0,0.0,0.0,1.4168342627550308,0.25806451612903225,1.0650360281030808,0.2,0.1,0.27322580645161293,0
28,49.96296296296296,112.0,0.0,35.63963823389728,4,28,1.9999999994229218,10,28,35.75,78,2,3.0836169739545376,7,0.0,1.0,0.0,1.3954342635300598,0.2413793103448276,1.0836169745316158,0.2,0.09090909090909091,0.46746081504702197,0
35,60.76470588235294,120.0,0.0,36.62051725108514,4,35,1.8986173645489128,12,35,7.828571428571428,15,2,3.278026228943126,10,0.0,0.0,0.0,1.6038914048757438,0.2777777777777778,1.379408864394213,0.2,0.07692307692307693,0.28341880341880343,0
18,70.3529411764706,119.0,19.0,27.274079865798434,4,18,1.8412501697044767,8,18,32.5,63,2,2.7471671961527777,10,0.0,1.0,1.0,1.3950458417963325,0.5263157894736842,0.905917026448301,0.2,0.1111111111111111,0.7794152046783626,0
17,163.375,290.0,12.0,68.93282509080852,13,17,3.6168746040807185,17,17,8.117647058823529,15,3,4.087462838797758,0,0.0,0.0,0.0,2.073786293213568,0.0,0.47058823471703937,0.07142857142857142,0.05555555555555555,0.1873015873015873,1
37,54.52777777777778,106.0,5.0,33.157441021009575,4,37,1.9809712509635493,12,37,9.405405405405405,30,2,2.9894813236972397,21,1.0,0.0,1.0,0.9070091548793717,0.5526315789473685,1.0085100727336904,0.2,0.07692307692307693,0.7933603238866397,0
38,57.54054054054054,116.0,0.0,36.060455690030885,4,38,1.8904632011217606,10,38,20.86842105263158,36,2,2.965162554521836,12,0.0,0.0,1.0,1.672385423709684,0.3076923076923077,1.0746993534000753,0.2,0.09090909090909091,0.49398601398601405,0
23,51.63636363636363,117.0,4.0,35.7752396022031,4,23,1.9531525868380326,8,23,43.43478260869565,78,2,2.6426434797358986,9,0.0,1.0,0.0,1.4529448741090605,0.375,0.689490892897866,0.2,0.1111111111111111,0.518888888888889,0
22,73.0,118.0,5.0,35.44546448251105,4,22,1.8371323238915385,9,22,9.227272727272727,30,2,2.9762865953802042,11,1.0,0.0,1.0,0.8859034880677146,0.4782608695652174,1.1391542714886658,0.2,0.1,0.7613043478260869,0
13,158.91666666666666,297.0,25.0,108.79220126257009,11,13,3.39274740886182,13,13,9.076923076923077,16,2,3.7004397162655884,0,0.0,0.0,0.0,1.9758003914902236,0.0,0.3076923074037685,0.08333333333333333,0.07142857142857142,0.18452380952380953,1
30,58.0,114.0,3.0,38.57549695748898,4,30,1.972489766297873,9,30,18.066666666666666,36,2,3.0192509115404036,7,0.0,0.0,1.0,1.4742648595089178,0.22580645161290322,1.0467611452425305,0.2,0.1,0.46032258064516135,0
29,71.75,120.0,3.0,31.443401533549135,4,29,1.984116548822418,9,29,27.75862068965517,53,2,2.929837995177642,4,0.0,1.0,0.0,1.506078918338443,0.13333333333333333,0.9457214463552241,0.2,0.1,0.4233333333333334,0
21,145.25,279.0,9.0,92.7172448900419,13,21,3.5585186111734024,20,21,7.666666666666667,13,2,4.297079324655274,3,0.0,0.0,0.0,2.353162487311222,0.13636363636363635,0.7385607134818719,0.07142857142857142,0.047619047619047616,0.24264069264069263,1
3,199.5,216.0,183.0,16.5,3,3,1.5849625002883474,3,3,11.333333333333334,13,9,1.5849625002883474,0,0.0,0.0,0.0,1.283064881185805,0.0,0.0,0.25,0.25,0.15000000000000002,1
24,161.1304347826087,299.0,10.0,74.51892339056721,15,24,3.7516291652237803,23,24,9.083333333333334,18,2,4.501629164069624,1,0.0,0.0,0.0,2.152094644226268,0.04,0.7499999988458437,0.0625,0.041666666666666664,0.20558333333333334,1
12,179.0,280.0,91.0,68.54195795277518,9,12,3.0849624994227307,12,12,10.833333333333334,16,5,3.5849624989899223,0,0.0,0.0,0.0,2.2845349258269114,0.0,0.49999999956719154,0.1,0.07692307692307693,0.18230769230769234,1
7,72.5,119.0,42.0,31.579265349276255,4,7,1.8423709926000305,5,7,36.0,76,4,2.235926349907685,3,0.0,1.0,0.0,1.0453681635932035,0.375,0.3935553573076547,0.2,0.16666666666666666,0.5133333333333334,0
13,57.416666666666664,108.0,2.0,35.30688868887896,4,13,1.950063755859132,8,13,25.0,49,3,2.777362793910013,4,0.0,0.0,0.0,1.3886813969550065,0.2857142857142857,0.8272990380508809,0.2,0.1111111111111111,0.2831746031746032,0
11,61.6,116.0,5.0,39.58585605996162,3,11,1.5394847564986933,8,11,10.545454545454545,30,2,2.9139770720285956,7,1.0,0.0,1.0,0.9912649277282025,0.5833333333333334,1.3744923155299023,0.25,0.1111111111111111,0.7972222222222222,0
23,73.86363636363636,120.0,2.0,39.19101874681524,4,23,1.9621441562084885,10,23,9.73913043478261,30,2,3.207707063027778,14,1.0,0.0,1.0,1.0077508865613218,0.5833333333333334,1.2455629068192897,0.2,0.09090909090909091,0.8042424242424243,0
28,55.074074074074076,117.0,0.0,33.39763345566505,4,28,1.8178823407871867,11,28,27.964285714285715,63,2,3.2884504557213248,12,0.0,1.0,1.0,1.436862001579128,0.41379310344827586,1.470568114934138,0.2,0.08333333333333333,0.7371839080459771,0
10,156.77777777777777,276.0,25.0,94.08480545382422,7,10,2.6464393436611293,10,10,7.5,14,3,3.3219280934446678,1,0.0,0.0,0.0,1.6609640467223339,0.09090909090909091,0.6754887497835385,0.125,0.09090909090909091,0.21477272727272728,1
7,30.333333333333332,60.0,5.0,22.46973272847029,3,7,1.378783493053367,5,7,27.142857142857142,53,3,2.235926349907685,2,0.0,1.0,0.0,1.1238783240276724,0.25,0.8571428568543182,0.25,0.16666666666666666,0.45833333333333337,0
20,45.473684210526315,120.0,2.0,31.68823195322405,4,20,1.9854752966502562,6,20,22.85,35,2,2.157717468264531,4,0.0,0.0,1.0,1.3695512263845706,0.19047619047619047,0.1722421716142748,0.2,0.14285714285714285,0.44190476190476197,0
7,62.333333333333336,119.0,26.0,39.007121856855264,3,7,1.378783493053367,4,7,8.285714285714286,15,4,1.8423709926000305,2,0.0,0.0,0.0,0.9540849783107301,0.25,0.46358749954666356,0.25,0.2,0.255,0
40,56.12820512820513,119.0,3.0,36.022200766478534,4,40,1.9543516111836812,10,40,37.25,63,2,2.827166844899146,18,0.0,1.0,1.0,1.645499452695206,0.43902439024390244,0.8728152337154647,0.2,0.09090909090909091,0.746518847006652,0
20,161.47368421052633,295.0,21.0,80.85097950196146,12,20,3.408694967831608,20,20,8.2,15,2,4.321928092001972,2,0.0,0.0,0.0,2.2149881471510104,0.09523809523809523,0.9132331241703642,0.07692307692307693,0.047619047619047616,0.22564102564102564,1
24,130.43478260869566,297.0,23.0,69.06067029412964,13,24,3.553508852922175,23,24,7.791666666666667,14,3,4.501629164069624,0,0.0,0.0,0.0,2.338346260225055,0.0,0.948120311147449,0.07142857142857142,0.041666666666666664,0.1886904761904762,1
38,64.78378378378379,118.0,3.0,38.2969444375207,4,38,1.9062459512419925,10,38,28.394736842105264,53,2,2.975856553378854,8,0.0,1.0,0.0,1.5647900687601284,0.20512820512820512,1.0696106021368617,0.2,0.09090909090909091,0.45296037296037295,0
17,135.4375,279.0,17.0,80.01013119443063,14,17,3.7345216627599784,17,17,7.705882352941177,18,3,4.087462838797758,0,0.0,0.0,0.0,1.6577635661997099,0.0,0.3529411760377794,0.06666666666666667,0.05555555555555555,0.18777777777777777,1
11,61.0,108.0,5.0,40.154700845604616,4,11,1.9808259356520006,6,11,45.45454545454545,78,2,2.4130884355601405,5,0.0,1.0,0.0,1.3884283288608403,0.4166666666666667,0.4322624999081399,0.2,0.14285714285714285,0.5323809523809524,0
35,57.6764705882353,120.0,1.0,35.99405227684094,4,35,1.9197280808677688,8,35,38.82857142857143,63,2,2.73175721584124,20,0.0,1.0,1.0,1.6573473465751094,0.5555555555555556,0.8120291349734712,0.2,0.1111111111111111,0.7911111111111112,0
21,64.0,119.0,4.0,40.59433458008642,4,21,1.9952366399332357,7,21,54.714285714285715,78,2,2.4275019489669667,6,0.0,1.0,0.0,1.6812536102248612,0.2727272727272727,0.43226530903373095,0.2,0.125,0.4765909090909091,0
15,65.35714285714286,119.0,4.0,35.192546172768594,4,15,1.9219280943102843,9,15,14.466666666666667,34,2,2.923231427499195,4,0.0,0.0,0.0,1.2082689900330006,0.25,1.0013033331889107,0.2,0.1,0.27,0
29,60.82142857142857,120.0,1.0,40.452841654934254,4,29,1.8154100541231042,9,29,23.82758620689655,36,2,2.800481101228914,12,0.0,0.0,1.0,1.8034785097382848,0.4,0.98507104710581,0.2,0.1,0.53,0
22,138.23809523809524,296.0,17.0,91.44496380826935,15,22,3.6978458209203695,19,22,7.590909090909091,13,2,4.186704343168904,2,0.0,0.0,0.0,2.2700637185363863,0.08695652173913043,0.4888585222485342,0.0625,0.05,0.22353260869565217,1
25,58.458333333333336,115.0,0.0,33.819347478756725,4,25,1.872935039042291,9,25,37.2,63,2,2.8546939503482767,12,0.0,1.0,1.0,1.659290858639936,0.46153846153846156,0.9817589113059857,0.2,0.1,0.7546153846153846,0
12,122.0909090909091,300.0,11.0,86.18316071067854,8,12,2.9182958329003332,12,12,9.0,18,2,3.5849624989899223,3,0.0,0.0,0.0,1.6981401311004893,0.23076923076923078,0.666666666089589,0.1111111111111111,0.07692307692307693,0.27350427350427353,1
5,96.25,120.0,36.0,34.873879910328306,3,5,1.5219280944545537,2,5,36.0,39,34,0.9709505941661296,0,0.0,0.0,0.0,0.8738555347495167,0.0,0.5509775002884241,0.25,0.3333333333333333,0.1416666666666667,0
6,136.8,174.0,108.0,22.903274875004232,5,6,2.251629166666475,6,6,9.0,19,2,2.584962499855539,0,0.0,0.0,0.0,1.1632331249349928,0.0,0.333333333189064,0.16666666666666666,0.14285714285714285,0.16904761904761906,1
4,173.33333333333334,262.0,108.0,64.9991452935259,3,4,1.4999999995671913,4,4,10.25,15,7,1.9999999994229218,0,0.0,0.0,0.0,1.2812499996303093,0.0,0.4999999998557305,0.25,0.2,0.15500000000000003,1
25,145.625,294.0,18.0,75.51203684402464,16,25,3.863465187293335,24,25,8.36,15,2,4.5638561863122575,1,0.0,0.0,0.0,2.3846148573481543,0.038461538461538464,0.7003909990189223,0.058823529411764705,0.04,0.20550226244343892,1
19,72.61111111111111,116.0,7.0,37.41381041642969,4,19,1.7990156700780435,7,19,37.89473684210526,63,2,2.504800381972449,9,0.0,1.0,1.0,1.4831054893257922,0.45,0.7057847118944056,0.2,0.125,0.7475000000000002,0
6,107.6,231.0,38.0,67.42284479314115,4,6,1.7924812497835,6,6,7.0,12,2,2.584962499855539,0,0.0,0.0,0.0,1.391902884537598,0.0,0.7924812500720391,0.2,0.14285714285714285,0.16571428571428576,1
9,48.125,114.0,0.0,41.867163445831864,4,9,1.9749375006248486,4,9,46.111111111111114,63,3,1.7527152784026265,8,0.0,1.0,1.0,1.2628070148213368,0.8,0.2222222222222221,0.2,0.2,0.8800000000000001,0
21,175.35,298.0,65.0,67.84929992269632,13,21,3.48662456334831,21,21,8.238095238095237,13,2,4.3923174197491,0,0.0,0.0,0.0,2.58459494427413,0.0,0.9056928564007896,0.07142857142857142,0.045454545454545456,0.18831168831168832,1
17,130.1875,281.0,6.0,80.0727940298701,12,17,3.454822398215372,17,17,8.470588235294118,19,3,4.087462838797758,0,0.0,0.0,0.0,1.7311607317261093,0.0,0.632640440582386,0.07692307692307693,0.05555555555555555,0.18675213675213675,1
27,71.76923076923077,118.0,3.0,30.495028210548195,4,27,1.7447753255166167,10,27,9.037037037037036,30,2,2.889534612698541,17,1.0,0.0,1.0,0.8423493972502317,0.6071428571428571,1.1447592871819243,0.2,0.09090909090909091,0.8137662337662338,0
24,55.82608695652174,117.0,4.0,34.53624708837022,4,24,1.921789710106843,10,24,26.958333333333332,53,2,2.975412895816349,5,0.0,1.0,0.0,1.4854106046243656,0.2,1.053623185709506,0.2,0.09090909090909091,0.4509090909090909,0
29,53.642857142857146,112.0,0.0,33.03700769668797,4,29,1.936941874537913,8,29,26.17241379310345,36,2,2.524760708475241,15,0.0,0.0,1.0,1.7859211348860276,0.5,0.5878188339373278,0.2,0.1111111111111111,0.5688888888888889,0
19,170.16666666666666,294.0,23.0,88.92396877232945,13,19,3.536886721866664,19,19,8.842105263157896,13,2,4.247927510702465,1,0.0,0.0,0.0,2.68290158570682,0.05,0.7110407888358008,0.07142857142857142,0.05,0.20785714285714285,1
14,66.76923076923077,114.0,4.0,39.528283634640545,4,14,1.727396672997401,6,14,48.57142857142857,78,2,2.352745780006253,5,0.0,1.0,0.0,1.4465344759532115,0.3333333333333333,0.6253491070088519,0.2,0.14285714285714285,0.49904761904761913,0
15,43.785714285714285,109.0,2.0,33.90359983294773,4,15,1.88924642793208,8,15,5.066666666666666,11,2,2.8729055941659,1,0.0,0.0,0.0,1.2130045842033799,0.0625,0.9836591662338199,0.2,0.1111111111111111,0.1938888888888889,0
5,86.5,179.0,6.0,64.25145912740037,4,5,1.9219280943102843,5,5,8.8,13,2,2.3219280941660148,0,0.0,0.0,0.0,1.4594976591900666,0.0,0.3999999998557304,0.2,0.16666666666666666,0.16333333333333336,1
27,68.5,118.0,3.0,33.71629370999223,4,27,1.9386245379823996,8,27,42.25925925925926,78,2,2.551778484143978,7,0.0,1.0,0.0,1.3650160573878474,0.25,0.6131539461615783,0.2,0.1111111111111111,0.46888888888888897,0
19,41.22222222222222,105.0,1.0,35.38448428895158,4,19,1.959298909952611,6,19,40.526315789473685,63,4,2.3789919860344453,12,0.0,1.0,1.0,1.5064340701040484,0.6,0.41969307608183426,0.2,0.14285714285714285,0.8057142857142857,0
22,67.80952380952381,115.0,13.0,27.55188879121936,4,22,1.9808259356520006,7,22,27.681818181818183,49,3,2.4594316176274105,4,0.0,0.0,0.0,1.3616307773955392,0.17391304347826086,0.47860568197540987,0.2,0.125,0.23706521739130437,0
4,98.0,133.0,32.0,46.69760878960149,4,4,1.9999999994229218,4,4,9.5,13,4,1.9999999994229218,0,0.0,0.0,0.0,1.3571428567512684,0.0,0.0,0.2,0.2,0.16000000000000003,1
4,91.66666666666667,161.0,26.0,55.174470747096635,4,4,1.9999999994229218,4,4,9.75,15,5,1.9999999994229218,0,0.0,0.0,0.0,1.218749999648343,0.0,0.0,0.2,0.2,0.16000000000000003,1
16,169.73333333333332,288.0,31.0,77.25927488370283,11,16,3.327819529527819,16,16,7.375,12,2,3.9999999976916882,1,0.0,0.0,0.0,2.269230767921246,0.058823529411764705,0.6721804681638694,0.08333333333333333,0.058823529411764705,0.20931372549019608,1
5,146.25,263.0,22.0,114.48225845081848,5,5,2.3219280941660148,5,5,9.6,13,7,2.3219280941660148,0,0.0,0.0,0.0,1.5921792645709816,0.0,0.0,0.16666666666666666,0.16666666666666666,0.16666666666666669,1
4,168.0,230.0,87.0,59.90548110704618,4,4,1.9999999994229218,4,4,7.25,8,6,1.9999999994229218,0,0.0,0.0,0.0,1.6111111106462426,0.0,0.0,0.2,0.2,0.16000000000000003,1
18,176.7058823529412,294.0,18.0,84.6048007995947,12,18,3.4613201384797745,18,18,7.944444444444445,19,2,4.169924998845461,1,0.0,0.0,0.0,1.6563868745413917,0.05263157894736842,0.7086048603656869,0.07692307692307693,0.05263157894736842,0.20809716599190287,1
17,58.75,113.0,4.0,37.464149529917265,3,17,1.5485652255981093,9,17,23.41176470588235,49,2,2.91099225171662,1,0.0,0.0,0.0,1.363029313156723,0.05555555555555555,1.3624270261185105,0.25,0.1,0.18722222222222223,0
27,64.92307692307692,116.0,11.0,31.491052547232275,4,27,1.9386245379823996,7,27,37.407407407407405,63,2,2.620604060211348,17,0.0,1.0,1.0,1.5317188083411235,0.6071428571428571,0.6819795222289484,0.2,0.125,0.8103571428571429,0
6,175.6,279.0,71.0,84.90842125490263,5,6,2.251629166666475,6,6,7.333333333333333,13,4,2.584962499855539,0,0.0,0.0,0.0,1.3540279761148062,0.0,0.333333333189064,0.16666666666666666,0.14285714285714285,0.16904761904761906,1
5,65.25,95.0,31.0,28.16358464400439,3,5,1.5219280944545537,3,5,8.0,11,2,1.5219280944545537,2,0.0,0.0,0.0,1.0146187296363691,0.3333333333333333,0.0,0.25,0.25,0.2833333333333333,0
7,60.666666666666664,96.0,3.0,34.898264840660616,3,7,1.378783493053367,4,7,29.571428571428573,49,3,1.8423709926000305,1,0.0,0.0,0.0,1.0896308441948752,0.125,0.46358749954666356,0.25,0.2,0.20500000000000002,0
11,47.5,103.0,4.0,32.46921619010844,4,11,1.867633890394134,7,11,23.727272727272727,36,3,2.6635327537943683,3,0.0,0.0,1.0,1.708064001818993,0.25,0.7958988634002342,0.2,0.125,0.4675000000000001,0
5,106.0,231.0,3.0,85.90401620413331,4,5,1.9219280943102843,5,5,9.4,12,4,2.3219280941660148,0,0.0,0.0,0.0,1.678932621935426,0.0,0.3999999998557304,0.2,0.16666666666666666,0.16333333333333336,1
20,52.421052631578945,103.0,10.0,24.875089609938957,4,20,1.9709505938775906,8,20,22.4,49,3,2.803701694903192,5,0.0,0.0,0.0,1.25605835931663,0.23809523809523808,0.8327511010256015,0.2,0.1111111111111111,0.26412698412698415,0
13,167.75,300.0,55.0,81.25076922712793,10,13,3.2389012551599357,13,13,8.0,13,2,3.7004397162655884,0,0.0,0.0,0.0,2.114536980723193,0.0,0.4615384611056528,0.09090909090909091,0.07142857142857142,0.18376623376623377,1
24,147.1304347826087,299.0,10.0,94.2408128830309,15,24,3.772055206710158,24,24,8.75,17,3,4.584962497258688,1,0.0,0.0,0.0,2.2288012139451956,0.04,0.8129072905485306,0.0625,0.04,0.20575,1
19,146.22222222222223,288.0,19.0,84.81126468390829,13,19,3.616348564199661,19,19,9.578947368421053,14,4,4.247927510702465,1,0.0,0.0,0.0,2.7127116033257845,0.05,0.6315789465028039,0.07142857142857142,0.05,0.20785714285714285,1
9,82.75,120.0,38.0,27.10973072533182,4,9,1.6577427259278108,7,9,6.222222222222222,11,3,2.641604166858707,6,1.0,0.0,0.0,1.369720679111922,0.6,0.9838614409308961,0.2,0.125,0.6075,0
16,152.93333333333334,298.0,8.0,86.5497673146625,10,16,3.124999998557305,16,16,9.3125,16,2,3.9999999976916882,1,0.0,0.0,0.0,2.191176469323756,0.058823529411764705,0.8749999991343831,0.09090909090909091,0.058823529411764705,0.20855614973262032,1
25,146.41666666666666,279.0,17.0,66.99808247670641,15,25,3.783465187437605,25,25,8.48,18,2,4.643856186167987,2,0.0,0.0,0.0,2.0726263399318174,0.07692307692307693,0.8603909987303822,0.0625,0.038461538461538464,0.22067307692307692,1
5,70.75,112.0,11.0,43.27455950093542,3,5,1.5219280944545537,4,5,30.0,53,2,1.9219280943102843,2,0.0,1.0,0.0,1.0677378301723803,0.3333333333333333,0.39999999985573065,0.25,0.2,0.4883333333333334,0
7,216.5,296.0,4.0,98.33234462779782,5,7,2.1280852781700466,7,7,8.714285714285714,13,4,2.8073549210477173,0,0.0,0.0,0.0,1.7474352059582727,0.0,0.6792696428776708,0.16666666666666666,0.125,0.17083333333333334,1
14,59.61538461538461,117.0,2.0,39.945228773598835,4,14,1.727396672997401,5,14,35.214285714285715,53,3,2.0670314944362365,1,0.0,1.0,0.0,1.3479451412130483,0.06666666666666667,0.3396348214388354,0.2,0.16666666666666666,0.39,0
15,141.42857142857142,278.0,17.0,87.43464031223901,10,15,3.189898094021592,15,15,8.266666666666667,15,2,3.906890593444476,1,0.0,0.0,0.0,2.0185601399463127,0.0625,0.7169924994228838,0.09090909090909091,0.0625,0.2096590909090909,1
19,62.55555555555556,111.0,16.0,27.56451467259677,4,19,1.9312952796557963,11,19,7.631578947368421,15,2,3.3005590908039895,7,0.0,0.0,0.0,1.574279829495324,0.35,1.3692638111481932,0.2,0.08333333333333333,0.31166666666666665,0
15,68.21428571428571,117.0,1.0,35.95469087502168,4,15,1.7819370629696258,8,15,20.733333333333334,36,2,2.7898980943101312,4,0.0,0.0,1.0,1.5633483014963079,0.25,1.0079610313405054,0.2,0.1111111111111111,0.46888888888888897,0
30,48.44827586206897,108.0,1.0,29.983427844447846,4,30,1.890107479564177,10,30,33.666666666666664,63,2,3.0640835103276807,15,0.0,1.0,1.0,1.6118355965786235,0.4838709677419355,1.1739760307635037,0.2,0.09090909090909091,0.7644574780058652,0
23,179.04545454545453,294.0,65.0,69.81174508681269,14,23,3.642489671146352,23,23,9.652173913043478,19,2,4.523561952738814,2,0.0,0.0,0.0,2.18311033371308,0.08333333333333333,0.8810722815924619,0.06666666666666667,0.041666666666666664,0.22250000000000003,1
40,67.07692307692308,114.0,11.0,32.285095882985544,4,40,1.9230734001153216,9,40,38.15,63,2,2.7898227807103297,18,0.0,1.0,1.0,1.662995923189048,0.43902439024390244,0.8667493805950082,0.2,0.1,0.7456097560975611,0
25,143.16666666666666,270.0,8.0,77.26829161362951,15,25,3.783465187437605,24,25,7.64,15,2,4.5638561863122575,0,0.0,0.0,0.0,2.179241328964103,0.0,0.7803909988746525,0.0625,0.04,0.18975,1
11,55.8,112.0,19.0,24.42867167899229,4,11,1.617189572015637,8,11,6.545454545454546,15,2,2.8453509354682804,2,0.0,0.0,0.0,1.1640072008733875,0.16666666666666666,1.2281613634526434,0.2,0.1111111111111111,0.23555555555555557,0
9,104.75,254.0,4.0,81.60384488490723,8,9,2.947702778065934,9,9,8.333333333333334,18,2,3.169925000143887,1,0.0,0.0,0.0,1.3903179825192487,0.1,0.22222222207795284,0.1111111111111111,0.1,0.2188888888888889,1
6,174.0,256.0,106.0,67.22797036948238,6,6,2.584962499855539,6,6,6.0,12,2,2.584962499855539,0,0.0,0.0,0.0,1.1930596153179411,0.0,0.0,0.14285714285714285,0.14285714285714285,0.17142857142857146,1
6,200.8,267.0,41.0,83.00216864636731,6,6,2.584962499855539,6,6,7.666666666666667,14,4,2.584962499855539,1,0.0,0.0,0.0,1.3212030554817202,0.14285714285714285,0.0,0.14285714285714285,0.14285714285714285,0.2285714285714286,1
25,61.791666666666664,119.0,3.0,35.038049753882646,4,25,1.7813152768241585,12,25,7.52,21,2,3.07248768743772,17,1.0,0.0,0.0,1.0502321549787115,0.6538461538461539,1.2911724106135614,0.2,0.07692307692307693,0.6338461538461538,0
37,65.66666666666667,115.0,10.0,29.972209350218634,4,37,1.9784026887914747,8,37,26.56756756756757,36,2,2.4886887563559172,11,0.0,0.0,1.0,1.7869839645711225,0.2894736842105263,0.5102860675644425,0.2,0.1111111111111111,0.4846783625730995,0
12,157.36363636363637,278.0,24.0,80.70290377480819,9,12,3.0849624994227307,12,12,7.416666666666667,17,2,3.5849624989899223,2,0.0,0.0,0.0,1.4771373259726994,0.15384615384615385,0.49999999956719154,0.1,0.07692307692307693,0.24384615384615388,1
23,127.04545454545455,256.0,13.0,62.73137338375089,10,23,3.170543890320242,20,23,8.695652173913043,19,2,4.262692387954231,0,0.0,0.0,0.0,1.8533445165018394,0.0,1.092148497633989,0.09090909090909091,0.047619047619047616,0.18614718614718614,1
32,57.16129032258065,109.0,9.0,31.55854444310329,4,32,1.9715667050296533,10,32,43.53125,78,2,3.0314462966919624,11,0.0,1.0,0.0,1.6704132481376202,0.3333333333333333,1.0598795916623092,0.2,0.09090909090909091,0.5042424242424243,0
19,128.0,251.0,6.0,81.8345213763048,13,19,3.5766176430331624,19,19,7.526315789473684,13,3,4.247927510702465,1,0.0,0.0,0.0,2.2836602783099718,0.05,0.6713098676693026,0.07142857142857142,0.05,0.20785714285714285,1
18,48.11764705882353,112.0,4.0,29.200891108363308,4,18,1.8412501697044767,8,18,32.333333333333336,53,3,2.6416041667144374,4,0.0,1.0,0.0,1.5817012603166694,0.21052631578947367,0.8003539970099607,0.2,0.1111111111111111,0.4530994152046784,0
16,56.266666666666666,109.0,6.0,31.49913579061425,4,16,1.8496017521375032,8,16,32.75,63,2,2.6084585921901935,8,0.0,1.0,1.0,1.3347971702223256,0.47058823529411764,0.7588568400526903,0.2,0.1111111111111111,0.757124183006536,0
11,35.6,94.0,2.0,27.437929951073205,4,11,1.9808259356520006,7,11,5.454545454545454,7,2,2.5503407085365017,7,1.0,0.0,0.0,1.738868664911251,0.5833333333333334,0.5695147728845011,0.2,0.125,0.6008333333333334,0
7,63.0,115.0,4.0,43.54690957270485,3,7,1.5566567070300144,5,7,45.857142857142854,78,3,2.1280852781700466,2,0.0,1.0,0.0,1.2352900077623596,0.25,0.5714285711400322,0.25,0.16666666666666666,0.45833333333333337,0
37,65.72222222222223,114.0,0.0,34.741594595840425,4,37,1.8935401446782156,7,37,27.756756756756758,49,2,2.3597823973146195,11,0.0,0.0,0.0,1.3099981200227644,0.2894736842105263,0.46624225263640384,0.2,0.125,0.2832894736842106,0
29,71.89285714285714,118.0,4.0,32.82675224973232,4,29,1.887119687018731,8,29,44.241379310344826,63,2,2.526614081061802,17,0.0,1.0,1.0,1.7465764364236487,0.5666666666666667,0.6394943940430711,0.2,0.1111111111111111,0.7955555555555557,0
3,21.0,34.0,8.0,13.0,3,3,1.5849625002883474,3,3,9.333333333333334,13,7,1.5849625002883474,0,0.0,0.0,0.0,1.0566416668588985,0.0,0.0,0.25,0.25,0.15000000000000002,1
32,70.45161290322581,119.0,3.0,33.366816343223604,4,32,1.9575547982888204,8,32,25.25,36,2,2.744349702990093,13,0.0,0.0,1.0,1.8728332432567527,0.3939393939393939,0.7867949047012726,0.2,0.1111111111111111,0.5264646464646465,0
13,144.5,296.0,6.0,92.37559201434111,11,13,3.39274740886182,13,13,6.6923076923076925,12,2,3.7004397162655884,3,0.0,0.0,0.0,1.90496009062193,0.21428571428571427,0.3076923074037685,0.08333333333333333,0.07142857142857142,0.2702380952380953,1
14,176.92307692307693,292.0,63.0,88.25091983696831,12,14,3.4677200987432655,14,14,7.571428571428571,12,2,3.8073549200378314,1,0.0,0.0,0.0,2.2174704479341214,0.06666666666666667,0.3396348212945659,0.07692307692307693,0.06666666666666667,0.2123076923076923,1
9,171.125,283.0,11.0,90.0367112626844,7,9,2.725480555987981,8,9,6.0,12,3,2.947702778065934,0,0.0,0.0,0.0,1.3604782052612003,0.0,0.22222222207795284,0.125,0.1111111111111111,0.1763888888888889,1
7,57.833333333333336,101.0,6.0,33.918611737838305,4,7,1.8423709926000305,6,7,22.0,39,3,2.5216406354777012,0,0.0,1.0,0.0,1.3869023495127357,0.0,0.6792696428776708,0.2,0.14285714285714285,0.36571428571428577,0
39,54.86842105263158,118.0,3.0,36.96881406397017,4,39,1.957136737083511,10,39,40.666666666666664,78,2,2.881591808141234,10,0.0,1.0,0.0,1.483351057355403,0.25,0.9244550710577231,0.2,0.09090909090909091,0.47090909090909094,0
39,59.89473684210526,120.0,10.0,29.003438519999303,4,39,1.9196526841337422,11,39,29.974358974358974,53,2,3.062762773990644,11,0.0,1.0,0.0,1.70008057112776,0.275,1.1431100898569015,0.2,0.08333333333333333,0.48166666666666674,0
19,179.61111111111111,294.0,54.0,78.70206752111895,11,19,3.3005590908039895,18,19,7.2631578947368425,13,2,4.142664352951997,1,0.0,0.0,0.0,2.149201807170585,0.05,0.8421052621480078,0.08333333333333333,0.05263157894736842,0.20640350877192987,1
25,69.08333333333333,116.0,17.0,33.452599135028194,4,25,1.95740581084844,8,25,32.52,53,3,2.7092750695565573,8,0.0,1.0,0.0,1.6315856529996158,0.3076923076923077,0.7518692587081173,0.2,0.1111111111111111,0.491965811965812,0
13,147.41666666666666,299.0,12.0,87.75672655446735,11,13,3.39274740886182,13,13,9.153846153846153,17,2,3.7004397162655884,2,0.0,0.0,0.0,1.881847548015406,0.14285714285714285,0.3076923074037685,0.08333333333333333,0.07142857142857142,0.24166666666666667,1
22,63.333333333333336,120.0,0.0,40.094333210013055,4,22,1.9698452574617202,10,22,6.2727272727272725,15,2,3.040373392245801,3,0.0,0.0,0.0,1.1919645685509106,0.13043478260869565,1.0705281347840807,0.2,0.09090909090909091,0.2230830039525692,0
24,147.7826086956522,285.0,7.0,80.70771555258176,14,24,3.6368421861112386,24,24,9.125,14,3,4.584962497258688,2,0.0,0.0,0.0,2.789185519165702,0.08,0.9481203111474499,0.06666666666666667,0.04,0.22133333333333335,1
8,60.285714285714285,103.0,25.0,29.87456771098734,4,8,1.9056390616524883,4,8,33.125,53,2,1.7499999994229218,1,0.0,1.0,0.0,1.0734953700163756,0.1111111111111111,0.15563906222956647,0.2,0.2,0.4044444444444445,0
24,48.04347826086956,120.0,0.0,38.2355153146909,4,24,1.7586169200696085,9,24,36.083333333333336,63,2,2.7824156273877287,13,0.0,1.0,1.0,1.5687317274204253,0.52,1.0237987073181203,0.2,0.1,0.7780000000000001,0
31,62.63333333333333,116.0,13.0,30.563031408695192,4,31,1.9976968112806606,12,31,12.806451612903226,30,2,3.2005018577975672,15,1.0,0.0,1.0,1.322163618673917,0.46875,1.2028050465169067,0.2,0.07692307692307693,0.7598076923076923,0
24,69.04347826086956,114.0,8.0,32.3022118785932,4,24,1.9899343777484984,11,24,11.625,30,2,3.1572682280304245,13,1.0,0.0,1.0,1.1839755855114091,0.52,1.1673338502819262,0.2,0.08333333333333333,0.7796666666666668,0
12,148.54545454545453,299.0,42.0,83.58486556827208,10,12,3.2516291659451277,12,12,9.166666666666666,14,4,3.5849624989899223,1,0.0,0.0,0.0,2.1908104160493966,0.07692307692307693,0.3333333330447945,0.09090909090909091,0.07692307692307693,0.213986013986014,1
12,115.45454545454545,272.0,17.0,80.27154328376292,8,12,2.9182958329003332,12,12,10.75,19,3,3.5849624989899223,0,0.0,0.0,0.0,1.9269173432070832,0.0,0.666666666089589,0.1111111111111111,0.07692307692307693,0.18119658119658122,1
16,117.2,246.0,7.0,66.05674328434102,12,16,3.499999998268766,16,16,8.75,13,4,3.9999999976916882,0,0.0,0.0,0.0,2.499999998557305,0.0,0.49999999942292206,0.07692307692307693,0.058823529411764705,0.18642533936651584,1
30,46.310344827586206,120.0,0.0,36.32051139723884,4,30,1.7863149078865246,8,30,26.266666666666666,36,2,2.4942059142009025,8,0.0,0.0,1.0,1.7706614958471272,0.25806451612903225,0.707891006314378,0.2,0.1111111111111111,0.4721146953405018,0
29,61.0,117.0,4.0,36.53276415962604,4,29,1.9146459354533656,10,29,31.103448275862068,53,2,2.943298668328655,7,0.0,1.0,0.0,1.6953099609402598,0.23333333333333334,1.0286527328752895,0.2,0.09090909090909091,0.46424242424242423,0
21,64.35,119.0,17.0,34.117847235721065,4,21,1.938708496709756,10,21,24.38095238095238,49,2,2.9511430162650933,4,0.0,0.0,0.0,1.4390335469787883,0.18181818181818182,1.0124345195553373,0.2,0.09090909090909091,0.24363636363636368,0
37,43.083333333333336,105.0,5.0,30.312607388125926,4,37,1.9584661811811086,12,37,10.0,30,2,3.3276789610479773,22,1.0,0.0,1.0,1.0734448261445089,0.5789473684210527,1.3692127798668687,0.2,0.07692307692307693,0.8038866396761134,0
22,60.285714285714285,118.0,2.0,33.537672999241934,4,22,1.8778867308115275,9,22,7.045454545454546,15,2,2.92422991230172,5,0.0,0.0,0.0,1.2876580579737689,0.21739130434782608,1.0463431814901925,0.2,0.1,0.2569565217391305,0
15,70.71428571428571,120.0,11.0,28.899897605919872,4,15,1.9086126982956342,6,15,52.86666666666667,78,3,2.3655962294919846,4,0.0,1.0,0.0,1.58305300420856,0.25,0.4569835311963504,0.2,0.14285714285714285,0.4657142857142858,0
30,61.62068965517241,118.0,0.0,34.85775409021687,4,30,1.8787261332209755,9,30,31.833333333333332,53,2,2.787969547133531,7,0.0,1.0,0.0,1.6435252577237789,0.22580645161290322,0.9092434139125554,0.2,0.1,0.46032258064516135,0
19,134.5,261.0,22.0,67.05988202925634,11,19,3.3005590908039895,19,19,8.894736842105264,19,3,4.247927510702465,0,0.0,0.0,0.0,1.889209866601886,0.0,0.9473684198984755,0.08333333333333333,0.05,0.18666666666666668,1
6,67.2,119.0,31.0,33.337066457623415,4,6,1.7924812497835,5,6,20.833333333333332,39,2,2.251629166666475,0,0.0,1.0,0.0,1.1727235243054557,0.0,0.45914791688297507,0.2,0.16666666666666666,0.3633333333333334,0
15,125.28571428571429,291.0,1.0,93.62037978028118,11,15,3.3735572606882207,15,15,8.066666666666666,13,2,3.906890593444476,0,0.0,0.0,0.0,2.2511131514608644,0.0,0.5333333327562553,0.08333333333333333,0.0625,0.18541666666666667,1
39,63.921052631578945,116.0,0.0,33.65410867146706,4,39,1.957136737083511,9,39,26.435897435897434,49,2,2.8317974875199514,8,0.0,0.0,0.0,1.4972221587861894,0.2,0.8746607504364403,0.2,0.1,0.25000000000000006,0
34,72.57575757575758,118.0,25.0,30.04444213517631,4,34,1.957042599125789,11,34,36.8235294117647,78,2,3.131477737780495,7,0.0,1.0,0.0,1.459646361765145,0.2,1.1744351386547063,0.2,0.08333333333333333,0.4516666666666667,0
18,131.64705882352942,274.0,54.0,69.98146071846928,12,18,3.4613201384797745,18,18,9.11111111111111,19,3,4.169924998845461,0,0.0,0.0,0.0,1.8996324994740434,0.0,0.7086048603656869,0.07692307692307693,0.05263157894736842,0.1870445344129555,1
25,147.875,288.0,17.0,91.29499461452784,15,25,3.783465187437605,24,25,9.12,18,3,4.5638561863122575,1,0.0,0.0,0.0,2.1906509694298837,0.038461538461538464,0.7803909988746525,0.0625,0.04,0.2051346153846154,1
38,52.729729729729726,118.0,4.0,38.08855162370734,4,38,1.978484592931573,10,38,42.68421052631579,78,2,3.0396078551352685,12,0.0,1.0,0.0,1.6423197671650251,0.3076923076923077,1.0611232622036955,0.2,0.09090909090909091,0.49398601398601405,0
7,176.16666666666666,274.0,12.0,89.14111783508713,6,7,2.5216406354777012,7,7,8.142857142857142,12,6,2.8073549210477173,0,0.0,0.0,0.0,1.7584530824145042,0.0,0.2857142855700161,0.14285714285714285,0.125,0.17321428571428574,1
18,128.47058823529412,292.0,21.0,74.01678477930356,11,18,3.2663326383836586,18,18,8.166666666666666,19,3,4.169924998845461,0,0.0,0.0,0.0,1.7027193745285634,0.0,0.9035923604618028,0.08333333333333333,0.05263157894736842,0.18640350877192985,1
7,60.666666666666664,115.0,12.0,38.6033965114758,3,7,1.378783493053367,5,7,51.42857142857143,78,2,2.235926349907685,2,0.0,1.0,0.0,1.4555759239905364,0.25,0.8571428568543182,0.25,0.16666666666666666,0.45833333333333337,0
31,56.1,111.0,1.0,30.031483479841615,4,31,1.8411803916156713,8,31,25.35483870967742,36,2,2.5292555581432348,11,0.0,0.0,1.0,1.733212614385861,0.34375,0.6880751665275635,0.2,0.1111111111111111,0.5063888888888889,0
8,148.28571428571428,265.0,54.0,71.24146923509868,6,8,2.4999999991343826,8,8,9.625,13,6,2.9999999988458437,0,0.0,0.0,0.0,2.0624999992065174,0.0,0.49999999971146103,0.14285714285714285,0.1111111111111111,0.17460317460317462,1
25,136.75,280.0,2.0,79.66610006772015,14,25,3.683856187754952,25,25,7.4,13,2,4.643856186167987,1,0.0,0.0,0.0,2.454609698403079,0.038461538461538464,0.9599999984130352,0.06666666666666667,0.038461538461538464,0.20487179487179488,1
22,69.42857142857143,115.0,17.0,33.18572761002541,4,22,1.6840384350619637,9,22,34.90909090909091,63,2,2.901946957952944,12,0.0,1.0,1.0,1.582880158883424,0.5217391304347826,1.2179085228909805,0.2,0.1,0.7786956521739131,0
34,65.27272727272727,115.0,11.0,30.549783243066507,4,34,1.8545436093803411,13,34,6.323529411764706,15,2,3.536608252515996,8,0.0,0.0,0.0,1.3977403939171675,0.22857142857142856,1.6820646431356547,0.2,0.07142857142857142,0.2642857142857143,0
17,158.5,270.0,30.0,76.9577806332797,11,17,3.3371753395361123,17,17,8.117647058823529,13,2,4.087462838797758,1,0.0,0.0,0.0,2.3700414779583636,0.05555555555555555,0.7502874992616455,0.08333333333333333,0.05555555555555555,0.20833333333333334,1
25,54.958333333333336,112.0,2.0,33.851980698656654,4,25,1.95740581084844,10,25,18.2,36,2,3.1786885690084024,7,0.0,0.0,1.0,1.5635711339446734,0.2692307692307692,1.2212827581599623,0.2,0.09090909090909091,0.4786013986013986,0
9,72.25,114.0,38.0,22.993205518152532,3,9,1.2243944449731774,5,9,6.888888888888889,11,2,2.0588138896098536,8,1.0,0.0,0.0,1.1819116773686196,0.8,0.8344194446366762,0.25,0.16666666666666666,0.6783333333333333,0
26,60.12,117.0,1.0,37.8495125463988,4,26,1.9580178364560736,8,26,26.192307692307693,36,2,2.5599980072021964,15,0.0,0.0,1.0,1.8122231215225528,0.5555555555555556,0.6019801707461228,0.2,0.1111111111111111,0.5911111111111113,0
10,160.77777777777777,296.0,32.0,103.06284790012332,9,10,3.121928093588937,10,10,8.7,14,3,3.3219280934446678,1,0.0,0.0,0.0,1.926718294197907,0.09090909090909091,0.1999999998557307,0.1,0.09090909090909091,0.21727272727272728,1
13,154.66666666666666,300.0,7.0,108.7913395245943,8,13,2.8150724089617873,13,13,8.76923076923077,13,2,3.7004397162655884,2,0.0,0.0,0.0,2.31785784425427,0.14285714285714285,0.8853673073038011,0.1111111111111111,0.07142857142857142,0.2388888888888889,1
22,139.14285714285714,289.0,6.0,86.56584926230089,14,22,3.663532752784482,22,22,9.409090909090908,13,2,4.459431615463368,2,0.0,0.0,0.0,2.9970855337692113,0.08695652173913043,0.7958988626788859,0.06666666666666667,0.043478260869565216,0.223768115942029,1
8,148.0,227.0,66.0,61.803837143936995,7,8,2.749999998990113,8,8,8.5,13,3,2.9999999988458437,0,0.0,0.0,0.0,1.8214285707278335,0.0,0.24999999985573051,0.125,0.1111111111111111,0.1763888888888889,1
10,164.22222222222223,297.0,35.0,96.60547232921445,7,10,2.6464393436611293,9,10,7.6,13,3,3.121928093588937,1,0.0,0.0,0.0,1.694760965091137,0.09090909090909091,0.47548874992780776,0.125,0.1,0.21386363636363637,1
12,168.8181818181818,295.0,12.0,99.22684587423285,9,12,3.0849624994227307,11,12,7.583333333333333,13,4,3.418295832467525,0,0.0,0.0,0.0,1.8515769092532428,0.0,0.3333333330447945,0.1,0.08333333333333333,0.1816666666666667,1
12,73.27272727272727,105.0,21.0,25.527492876543583,4,12,1.825011210247099,8,12,9.0,30,3,2.7516291662336667,7,1.0,0.0,1.0,0.7988600805194517,0.5384615384615384,0.9266179559865677,0.2,0.1111111111111111,0.7842735042735044,0
4,230.0,295.0,155.0,57.590508477236654,4,4,1.9999999994229218,4,4,8.25,13,4,1.9999999994229218,0,0.0,0.0,0.0,1.1785714282313646,0.0,0.0,0.2,0.2,0.16000000000000003,1
22,60.23809523809524,107.0,11.0,29.563337594142098,4,22,1.8230679816965827,8,22,39.13636363636363,63,2,2.7201287762790316,13,0.0,1.0,1.0,1.6633742019717657,0.5652173913043478,0.8970607945824489,0.2,0.1111111111111111,0.794975845410628,0
27,46.38461538461539,105.0,1.0,30.229986288549938,4,27,1.8671136213677273,11,27,8.25925925925926,30,2,3.1246648179467447,17,1.0,0.0,1.0,0.8324973170873644,0.6071428571428571,1.2575511965790174,0.2,0.08333333333333333,0.8145238095238095,0
12,136.0909090909091,225.0,21.0,70.54393156744055,11,12,3.418295832467525,12,12,9.333333333333334,15,2,3.5849624989899223,1,0.0,0.0,0.0,2.091228124410788,0.07692307692307693,0.16666666652239703,0.08333333333333333,0.07692307692307693,0.21474358974358976,1
4,190.66666666666666,238.0,138.0,40.99864496405812,4,4,1.9999999994229218,4,4,8.5,11,5,1.9999999994229218,1,0.0,0.0,0.0,1.416666666257903,0.2,0.0,0.2,0.2,0.24000000000000005,1
3,169.5,184.0,155.0,14.5,3,3,1.5849625002883474,3,3,8.0,15,3,1.5849625002883474,0,0.0,0.0,0.0,0.7924812501441737,0.0,0.0,0.25,0.25,0.15000000000000002,1
8,117.0,249.0,4.0,91.53765813665356,8,8,2.9999999988458437,8,8,7.75,16,3,2.9999999988458437,2,0.0,0.0,0.0,1.3676470582973699,0.2222222222222222,0.0,0.1111111111111111,0.1111111111111111,0.26666666666666666,1
3,225.0,258.0,192.0,33.0,3,3,1.5849625002883474,3,3,8.666666666666666,13,5,1.5849625002883474,0,0.0,0.0,0.0,0.9811672620832625,0.0,0.0,0.25,0.25,0.15000000000000002,1
22,150.38095238095238,286.0,4.0,89.3678733105211,15,22,3.788754911829461,20,22,6.7272727272727275,15,2,4.277613433933725,1,0.0,0.0,0.0,1.7985420119948616,0.043478260869565216,0.4888585221042643,0.0625,0.047619047619047616,0.20637939958592133,1
19,160.11111111111111,281.0,15.0,86.7812632676028,12,19,3.471354485282695,19,19,8.789473684210526,18,2,4.247927510702465,0,0.0,0.0,0.0,1.9651077404080655,0.0,0.7765730254197698,0.07692307692307693,0.05,0.18730769230769231,1
7,192.5,293.0,89.0,73.60423447963666,6,7,2.5216406354777012,7,7,9.714285714285714,16,5,2.8073549210477173,0,0.0,0.0,0.0,1.6042028120272669,0.0,0.2857142855700161,0.14285714285714285,0.125,0.17321428571428574,1
7,78.33333333333333,249.0,9.0,79.95762766754791,6,7,2.5216406354777012,7,7,11.0,19,5,2.8073549210477173,0,0.0,0.0,0.0,1.5440452065762447,0.0,0.2857142855700161,0.14285714285714285,0.125,0.17321428571428574,1
18,168.2941176470588,283.0,77.0,63.445914628484815,13,18,3.572431249446616,18,18,9.38888888888889,16,2,4.169924998845461,2,0.0,0.0,0.0,2.30299779348001,0.10526315789473684,0.5974937493988453,0.07142857142857142,0.05263157894736842,0.22969924812030076,1
19,41.166666666666664,114.0,0.0,38.77463374710614,4,19,1.9440097491392787,9,19,42.63157894736842,78,2,2.984769617408318,6,0.0,1.0,0.0,1.6107017922056877,0.3,1.040759868269039,0.2,0.1,0.49000000000000005,0
22,128.66666666666666,295.0,4.0,105.34674417340342,13,22,3.4428621632799628,21,22,7.954545454545454,16,3,4.368522524698546,1,0.0,0.0,0.0,2.044094764230603,0.043478260869565216,0.9256603614185837,0.07142857142857142,0.045454545454545456,0.20570299265951442,1
14,140.46153846153845,263.0,19.0,82.07933815205439,10,14,3.1820058133175184,14,14,7.214285714285714,13,2,3.8073549200378314,0,0.0,0.0,0.0,1.9619533006317396,0.0,0.625349106720313,0.09090909090909091,0.06666666666666667,0.18424242424242426,1
5,47.0,104.0,0.0,37.77565353504821,3,5,1.5219280944545537,4,5,25.0,36,3,1.9219280943102843,3,0.0,0.0,1.0,1.298600063723165,0.5,0.39999999985573065,0.25,0.2,0.555,0
17,176.3125,300.0,7.0,82.30485917459552,10,17,3.101881222033323,17,17,8.294117647058824,13,3,4.087462838797758,0,0.0,0.0,0.0,2.4215641187835457,0.0,0.9855816167644349,0.09090909090909091,0.05555555555555555,0.18535353535353535,1
6,152.2,269.0,37.0,81.52889058487182,4,6,1.7924812497835,6,6,9.5,13,3,2.584962499855539,0,0.0,0.0,0.0,1.7540816963305446,0.0,0.7924812500720391,0.2,0.14285714285714285,0.16571428571428576,1
21,69.35,119.0,9.0,32.42880663854284,4,21,1.8726693563329548,10,21,8.714285714285714,30,2,2.8685078975265412,12,1.0,0.0,1.0,0.8063547546042349,0.5454545454545454,0.9958385411935864,0.2,0.09090909090909091,0.7890909090909092,0
9,153.0,279.0,33.0,84.83366077212511,7,9,2.641604166858707,9,9,10.444444444444445,19,3,3.169925000143887,0,0.0,0.0,0.0,1.6554052778529187,0.0,0.5283208332851799,0.125,0.1,0.17750000000000002,1
17,115.3125,291.0,4.0,91.44651356804151,14,17,3.6901165155738918,16,17,8.411764705882353,19,3,3.969815780118498,0,0.0,0.0,0.0,1.66965781340278,0.0,0.27969926454460614,0.06666666666666667,0.058823529411764705,0.18745098039215685,1
26,57.56,119.0,9.0,33.901126824930174,4,26,1.9258641218941055,12,26,7.423076923076923,15,2,3.426616044149714,9,0.0,0.0,0.0,1.589752155098305,0.3333333333333333,1.5007519222556087,0.2,0.07692307692307693,0.3056410256410257,0
18,167.58823529411765,293.0,23.0,83.28198648781381,13,18,3.6143694440112535,18,18,8.666666666666666,17,2,4.169924998845461,1,0.0,0.0,0.0,2.0077416661107774,0.05263157894736842,0.5555555548342079,0.07142857142857142,0.05263157894736842,0.2086466165413534,1
14,124.53846153846153,279.0,3.0,91.26935232900588,11,14,3.324862956030392,14,14,9.0,18,2,3.8073549200378314,0,0.0,0.0,0.0,1.8034839094916042,0.0,0.4824919640074392,0.08333333333333333,0.06666666666666667,0.185,1
24,131.43478260869566,290.0,7.0,81.71148931345154,16,24,3.8349624984128443,23,24,6.875,15,2,4.501629164069624,3,0.0,0.0,0.0,1.9342937814361665,0.12,0.6666666656567797,0.058823529411764705,0.041666666666666664,0.23795098039215684,1
25,136.125,299.0,2.0,101.42579902733492,15,25,3.783465187437605,25,25,10.12,18,2,4.643856186167987,0,0.0,0.0,0.0,2.4734644528431593,0.0,0.8603909987303822,0.0625,0.038461538461538464,0.18990384615384615,1
8,36.42857142857143,55.0,7.0,18.576922264366786,4,8,1.9056390616524883,6,8,21.375,36,3,2.4999999991343826,3,0.0,0.0,1.0,1.4442567562566873,0.3333333333333333,0.5943609374818943,0.2,0.14285714285714285,0.49904761904761913,0
12,56.27272727272727,115.0,2.0,41.64370717296237,4,12,1.825011210247099,7,12,16.25,34,2,2.6887218745309807,3,0.0,0.0,0.0,1.248335156032241,0.23076923076923078,0.8637106642838817,0.2,0.125,0.25980769230769235,0
4,208.66666666666666,285.0,131.0,62.87730556850822,4,4,1.9999999994229218,4,4,6.25,9,4,1.9999999994229218,0,0.0,0.0,0.0,1.249999999639326,0.0,0.0,0.2,0.2,0.16000000000000003,1
23,53.90909090909091,119.0,4.0,35.82141194479928,4,23,1.9621441562084885,7,23,24.434782608695652,49,2,2.5448760852937813,4,0.0,0.0,0.0,1.243669878204439,0.16666666666666666,0.5827319290852928,0.2,0.125,0.2341666666666667,0
23,53.5,119.0,0.0,32.98174426171931,4,23,1.9531525868380326,11,23,19.91304347826087,36,2,3.2361862816684477,6,0.0,0.0,1.0,1.7416842738004101,0.25,1.283033694830415,0.2,0.08333333333333333,0.47166666666666673,0
15,103.07142857142857,249.0,19.0,63.06738378876346,12,15,3.5068905938772845,15,15,10.133333333333333,15,6,3.906890593444476,1,0.0,0.0,0.0,2.4743640425148348,0.0625,0.39999999956719146,0.07692307692307693,0.0625,0.2110576923076923,1
4,155.33333333333334,206.0,62.0,66.07739569794063,4,4,1.9999999994229218,4,4,10.25,13,7,1.9999999994229218,0,0.0,0.0,0.0,1.4642857138632106,0.0,0.0,0.2,0.2,0.16000000000000003,1
22,175.47619047619048,285.0,11.0,73.97079156352963,11,22,3.26104398175032,22,22,7.863636363636363,14,2,4.459431615463368,4,0.0,0.0,0.0,2.337823240833826,0.17391304347826086,1.1983876337130477,0.08333333333333333,0.043478260869565216,0.2568840579710145,1
21,99.9,240.0,11.0,56.99640339530206,13,21,3.522571587260856,21,21,9.666666666666666,19,2,4.3923174197491,3,0.0,0.0,0.0,2.122953419545398,0.13636363636363635,0.8697458324882437,0.07142857142857142,0.045454545454545456,0.24285714285714285,1
7,182.66666666666666,278.0,2.0,100.27240675058894,6,7,2.5216406354777012,7,7,9.428571428571429,19,2,2.8073549210477173,0,0.0,0.0,0.0,1.3234673199224953,0.0,0.2857142855700161,0.14285714285714285,0.125,0.17321428571428574,1
12,51.63636363636363,95.0,9.0,31.407216099815276,4,12,1.825011210247099,7,12,22.5,36,2,2.6887218745309807,5,0.0,0.0,1.0,1.6350335723499207,0.38461538461538464,0.8637106642838817,0.2,0.125,0.5213461538461539,0
31,45.9,105.0,2.0,30.047018709571393,4,31,1.958503028579356,10,31,7.580645161290323,30,2,3.078745809350063,20,1.0,0.0,1.0,0.752867081370723,0.625,1.120242780770707,0.2,0.09090909090909091,0.8209090909090909,0
21,141.65,299.0,3.0,92.52636110860514,13,21,3.5351745637603993,21,21,8.19047619047619,15,2,4.3923174197491,1,0.0,0.0,0.0,2.248448202966801,0.045454545454545456,0.8571428559887004,0.07142857142857142,0.045454545454545456,0.2064935064935065,1
3,148.0,218.0,78.0,70.0,3,3,1.5849625002883474,2,3,8.666666666666666,12,7,0.9182958337659504,0,0.0,0.0,0.0,0.6121972225106336,0.0,0.666666666522397,0.25,0.3333333333333333,0.1416666666666667,1
27,74.46153846153847,120.0,6.0,34.35810370117694,4,27,1.9749375006248486,8,27,32.77777777777778,53,2,2.336953704152117,12,0.0,1.0,0.0,1.4185212813269024,0.42857142857142855,0.36201620352726827,0.2,0.1111111111111111,0.5403174603174603,0
15,46.285714285714285,108.0,2.0,39.36355923844244,3,15,1.1589385319174685,9,15,18.2,36,2,3.106890594310093,4,0.0,0.0,1.0,1.528254292336316,0.25,1.9479520623926245,0.25,0.1,0.4650000000000001,0
20,56.421052631578945,115.0,14.0,33.614401345841856,4,20,1.9854752966502562,9,20,31.95,63,2,3.0086949682644164,9,0.0,1.0,1.0,1.5019969411882517,0.42857142857142855,1.0232196716141602,0.2,0.1,0.7414285714285714,0
8,69.42857142857143,95.0,39.0,18.530724624310857,5,8,2.249999999278652,8,8,10.625,19,4,2.9999999988458437,0,0.0,0.0,0.0,1.5937499993868545,0.0,0.7499999995671915,0.16666666666666666,0.1111111111111111,0.17222222222222222,1
29,53.107142857142854,119.0,3.0,35.68947352383001,4,29,1.9180368233028604,10,29,23.24137931034483,49,2,3.039737684953823,5,0.0,0.0,0.0,1.4129539307992254,0.16666666666666666,1.1217008616509627,0.2,0.09090909090909091,0.23757575757575758,0
22,56.523809523809526,105.0,6.0,28.52838026817547,4,22,1.949464302202327,9,22,11.045454545454545,30,2,2.931720686682653,13,1.0,0.0,1.0,1.0445866962813557,0.5652173913043478,0.9822563844803258,0.2,0.1,0.7960869565217391,0
23,58.36363636363637,117.0,4.0,38.21892136642821,4,23,1.9141701106536952,7,23,25.652173913043477,36,2,2.317950826647102,7,0.0,0.0,1.0,1.6070399385684961,0.2916666666666667,0.4037807159934068,0.2,0.125,0.48416666666666675,0
26,57.28,115.0,2.0,34.549118657355066,4,26,1.9784820278268227,11,26,7.576923076923077,15,2,3.243735755749235,8,0.0,0.0,0.0,1.5360960189485557,0.2962962962962963,1.265253727922412,0.2,0.08333333333333333,0.2901851851851852,0
10,109.33333333333333,246.0,1.0,81.63877074582204,9,10,3.121928093588937,10,10,8.2,18,2,3.3219280934446678,1,0.0,0.0,0.0,1.4336742298024354,0.09090909090909091,0.1999999998557307,0.1,0.09090909090909091,0.21727272727272728,1
20,139.94736842105263,220.0,33.0,52.1863802399484,13,20,3.441446069290018,20,20,8.05,15,2,4.321928092001972,1,0.0,0.0,0.0,2.1744700712884923,0.047619047619047616,0.8804820227119539,0.07142857142857142,0.047619047619047616,0.20714285714285713,1
3,107.5,195.0,20.0,87.5,3,3,1.5849625002883474,3,3,9.666666666666666,15,3,1.5849625002883474,0,0.0,0.0,0.0,0.9575815105908765,0.0,0.0,0.25,0.25,0.15000000000000002,1
34,61.484848484848484,115.0,1.0,35.36229905809311,4,34,1.9784854212787466,13,34,7.117647058823529,15,2,3.525127089999432,9,0.0,0.0,0.0,1.5681631540071002,0.2571428571428571,1.5466416687206852,0.2,0.07142857142857142,0.27571428571428575,0
25,60.875,120.0,9.0,32.82315303257748,4,25,1.884107450810008,11,25,7.24,15,2,3.303465188014683,8,0.0,0.0,0.0,1.494817997576644,0.3076923076923077,1.419357737204675,0.2,0.08333333333333333,0.2947435897435898,0
16,59.93333333333333,119.0,3.0,36.91154592024319,4,16,1.9362781238820548,10,16,6.6875,15,2,3.2499999985573047,4,0.0,0.0,0.0,1.3583984368969984,0.23529411764705882,1.31372187467525,0.2,0.09090909090909091,0.2650267379679144,0
11,173.0,299.0,63.0,77.25930364687478,7,11,2.6635327537943683,11,11,9.0,13,2,3.459431617050333,1,0.0,0.0,0.0,2.2239203252466426,0.08333333333333333,0.7958988632559647,0.125,0.08333333333333333,0.21250000000000002,1
14,200.0,295.0,46.0,66.6437139975303,10,14,3.1820058133175184,14,14,7.357142857142857,13,2,3.8073549200378314,2,0.0,0.0,0.0,2.0008038610402887,0.13333333333333333,0.625349106720313,0.09090909090909091,0.06666666666666667,0.2375757575757576,1
12,155.8181818181818,285.0,53.0,79.54966222637641,9,12,3.0849624994227307,11,12,6.833333333333333,12,3,3.418295832467525,0,0.0,0.0,0.0,1.7967965273226736,0.0,0.3333333330447945,0.1,0.08333333333333333,0.1816666666666667,1
34,59.93939393939394,119.0,1.0,33.594677964098395,4,34,1.9874601813715653,10,34,27.558823529411764,53,2,3.079207694587235,6,0.0,1.0,0.0,1.571469286398823,0.17142857142857143,1.0917475132156698,0.2,0.09090909090909091,0.43948051948051947,0
24,68.08695652173913,120.0,2.0,32.131405527490124,4,24,1.921789710106843,9,24,30.083333333333332,53,2,2.6887218742424417,6,0.0,1.0,0.0,1.497883636730743,0.24,0.7669321641355986,0.2,0.1,0.4660000000000001,0
15,77.42857142857143,112.0,21.0,27.46872061536354,4,15,1.8294732977827626,8,15,8.2,15,2,2.8729055941659,5,0.0,0.0,0.0,1.4723641170100235,0.3125,1.0434322963831373,0.2,0.1111111111111111,0.2938888888888889,0
8,69.14285714285714,107.0,13.0,29.08327242065235,4,8,1.9999999994229218,2,8,43.0,53,37,0.954434002636426,3,0.0,1.0,0.0,0.7600122613586355,0.3333333333333333,1.0455659967864959,0.2,0.3333333333333333,0.4800000000000001,0
9,142.0,278.0,18.0,99.40824915468535,7,9,2.725480555987981,9,9,8.444444444444445,13,5,3.169925000143887,0,0.0,0.0,0.0,1.9120182540550428,0.0,0.44444444415590567,0.125,0.1,0.17750000000000002,1
6,103.8,289.0,1.0,103.79865124364574,4,6,1.9182958334774112,6,6,8.0,10,2,2.584962499855539,1,0.0,0.0,0.0,1.879972727167665,0.14285714285714285,0.666666666378128,0.2,0.14285714285714285,0.22285714285714286,1
14,65.53846153846153,118.0,12.0,31.803762197904014,4,14,1.8092000321207338,8,14,5.642857142857143,11,3,2.896291527891772,8,1.0,0.0,0.0,1.3619466113300596,0.5333333333333333,1.087091495771038,0.2,0.1111111111111111,0.5822222222222222,0
3,92.0,182.0,2.0,90.0,3,3,1.5849625002883474,3,3,11.0,15,5,1.5849625002883474,0,0.0,0.0,0.0,1.089661718948239,0.0,0.0,0.25,0.25,0.15000000000000002,1
8,123.85714285714286,210.0,20.0,67.78627878735294,7,8,2.749999998990113,8,8,10.5,15,6,2.9999999988458437,1,0.0,0.0,0.0,1.968749999242585,0.1111111111111111,0.24999999985573051,0.125,0.1111111111111111,0.22083333333333333,1
3,97.5,178.0,17.0,80.5,3,3,1.5849625002883474,3,3,7.666666666666667,12,5,1.5849625002883474,0,0.0,0.0,0.0,0.9347214745290254,0.0,0.0,0.25,0.25,0.15000000000000002,1
6,95.0,227.0,5.0,74.008107663958,6,6,2.584962499855539,6,6,7.833333333333333,12,4,2.584962499855539,0,0.0,0.0,0.0,1.557605608887312,0.0,0.0,0.14285714285714285,0.14285714285714285,0.17142857142857146,1
15,142.14285714285714,277.0,16.0,76.85966538611332,11,15,3.3735572606882207,15,15,7.533333333333333,13,2,3.906890593444476,0,0.0,0.0,0.0,2.1022792240915513,0.0,0.5333333327562553,0.08333333333333333,0.0625,0.18541666666666667,1
22,58.61904761904762,119.0,0.0,34.63617183080385,4,22,1.839034322980921,7,22,35.77272727272727,53,3,2.463243119404973,7,0.0,1.0,0.0,1.6317948947573349,0.30434782608695654,0.6242087964240519,0.2,0.125,0.4892391304347827,0
13,131.25,271.0,14.0,83.9594396122318,9,13,3.0269868320608615,13,13,7.076923076923077,13,2,3.7004397162655884,1,0.0,0.0,0.0,1.8705519444859018,0.07142857142857142,0.6734528842047269,0.1,0.07142857142857142,0.21142857142857144,1
12,48.72727272727273,107.0,6.0,28.27491952915455,4,12,1.825011210247099,5,12,32.5,53,2,1.9591479163058971,2,0.0,1.0,0.0,1.179116801480401,0.15384615384615385,0.13413670605879813,0.2,0.16666666666666666,0.42487179487179494,0
15,158.78571428571428,299.0,18.0,100.1607126938848,10,15,3.189898094021592,15,15,8.6,13,4,3.906890593444476,2,0.0,0.0,0.0,2.399947078830178,0.125,0.7169924994228838,0.09090909090909091,0.0625,0.23465909090909093,1
26,61.32,110.0,2.0,33.03539919540855,4,26,1.7883106094766674,7,26,33.42307692307692,53,2,2.6088804706849062,7,0.0,1.0,0.0,1.6147557899039768,0.25925925925925924,0.8205698612082388,0.2,0.125,0.47120370370370374,0
39,47.60526315789474,116.0,0.0,36.05152706721473,4,39,1.9877733709109062,11,39,25.666666666666668,53,2,3.1714157564067085,4,0.0,1.0,0.0,1.5074013163167688,0.1,1.1836423854958023,0.2,0.08333333333333333,0.41166666666666674,0
7,61.833333333333336,105.0,17.0,31.640778891944002,3,7,1.5566567070300144,6,7,40.857142857142854,78,2,2.5216406354777012,2,0.0,1.0,0.0,1.3041396414947966,0.25,0.9649839284476869,0.25,0.14285714285714285,0.4607142857142858,0
39,59.078947368421055,120.0,0.0,35.25499709182513,4,39,1.8997842691234332,9,39,29.384615384615383,53,3,2.7562985932352326,4,0.0,1.0,0.0,1.499866186062477,0.1,0.8565143241117994,0.2,0.1,0.4100000000000001,0
15,157.57142857142858,268.0,42.0,64.16798744112907,8,15,2.8729055941659,15,15,8.066666666666666,14,3,3.906890593444476,1,0.0,0.0,0.0,2.101038941363474,0.0625,1.0339849992785761,0.1111111111111111,0.0625,0.2076388888888889,1
24,167.6086956521739,296.0,3.0,79.46710510614345,13,24,3.6682958321789862,24,24,9.375,16,3,4.584962497258688,0,0.0,0.0,0.0,2.528471965400012,0.0,0.9166666650797022,0.07142857142857142,0.04,0.18885714285714286,1
14,72.0,119.0,0.0,35.49431157025241,3,14,1.4926140675843171,9,14,21.5,36,2,3.039148670604645,5,0.0,0.0,1.0,1.7659917950810775,0.3333333333333333,1.546534603020328,0.25,0.1,0.4983333333333334,0
40,64.82051282051282,120.0,0.0,37.16344481484791,4,40,1.9733265138867593,10,40,24.825,36,2,2.7732196708928125,20,0.0,0.0,1.0,1.860680495403083,0.4878048780487805,0.7998931570060532,0.2,0.09090909090909091,0.5660310421286031,0
19,61.77777777777778,120.0,4.0,35.86015361489616,4,19,1.978484592931573,8,19,21.894736842105264,36,2,2.8397755384913523,5,0.0,0.0,1.0,1.6804361650247548,0.25,0.8612909455597793,0.2,0.1111111111111111,0.46888888888888897,0
16,135.66666666666666,299.0,14.0,85.54271187866068,11,16,3.327819529527819,16,16,9.3125,17,2,3.9999999976916882,1,0.0,0.0,0.0,2.0694444432502137,0.058823529411764705,0.6721804681638694,0.08333333333333333,0.058823529411764705,0.20931372549019608,1
18,131.76470588235293,293.0,1.0,72.53926272494228,14,18,3.683542360413458,18,18,8.944444444444445,19,2,4.169924998845461,0,0.0,0.0,0.0,1.8648831244836648,0.0,0.4863826384320036,0.06666666666666667,0.05263157894736842,0.1880701754385965,1
5,103.25,155.0,61.0,33.573613150806395,4,5,1.9219280943102843,5,5,8.2,14,2,2.3219280941660148,0,0.0,0.0,0.0,1.2693206914774213,0.0,0.3999999998557304,0.2,0.16666666666666666,0.16333333333333336,1
32,67.58064516129032,119.0,6.0,34.45125045115609,4,32,1.9620310224310333,10,32,34.46875,63,2,3.0103907208883443,14,0.0,1.0,1.0,1.6213188306346893,0.42424242424242425,1.048359698457311,0.2,0.09090909090909091,0.7406060606060606,0
15,138.78571428571428,288.0,7.0,83.57902895842146,10,15,3.1395722605440275,15,15,9.133333333333333,13,3,3.906890593444476,0,0.0,0.0,0.0,2.5487810061994916,0.0,0.7673183329004485,0.09090909090909091,0.0625,0.1846590909090909,1
23,72.22727272727273,115.0,8.0,31.5363164652809,4,23,1.7349112821139512,9,23,29.52173913043478,53,2,2.783735327323652,2,0.0,1.0,0.0,1.521864965581932,0.08333333333333333,1.0488240452097006,0.2,0.1,0.4033333333333334,0
16,156.0,297.0,2.0,101.78081024109277,11,16,3.2499999984130357,16,16,7.9375,14,2,3.9999999976916882,0,0.0,0.0,0.0,2.116666665445185,0.0,0.7499999992786526,0.08333333333333333,0.058823529411764705,0.1857843137254902,1
21,133.65,282.0,16.0,87.20680879380922,12,21,3.4273334921670306,21,21,9.428571428571429,17,3,4.3923174197491,2,0.0,0.0,0.0,2.3007376960590524,0.09090909090909091,0.9649839275820691,0.07692307692307693,0.045454545454545456,0.22412587412587415,1
9,172.625,274.0,50.0,89.07291605757611,7,9,2.725480555987981,9,9,7.777777777777778,12,5,3.169925000143887,2,0.0,0.0,0.0,1.8965363248724108,0.2,0.44444444415590567,0.125,0.1,0.25750000000000006,1
15,164.42857142857142,261.0,43.0,65.67529899406004,11,15,3.3735572606882207,15,15,9.0,15,3,3.906890593444476,0,0.0,0.0,0.0,2.1976259588125178,0.0,0.5333333327562553,0.08333333333333333,0.0625,0.18541666666666667,1
9,156.25,299.0,5.0,93.8279675789687,7,9,2.725480555987981,9,9,7.222222222222222,12,3,3.169925000143887,0,0.0,0.0,0.0,1.7610694445243815,0.0,0.44444444415590567,0.125,0.1,0.17750000000000002,1
13,122.83333333333333,267.0,7.0,87.46221406349653,11,13,3.39274740886182,13,13,7.538461538461538,13,2,3.7004397162655884,3,0.0,0.0,0.0,1.9925444626045474,0.21428571428571427,0.3076923074037685,0.08333333333333333,0.07142857142857142,0.2702380952380953,1
24,68.82608695652173,115.0,8.0,32.645196962004846,4,24,1.971251835427388,8,24,34.791666666666664,63,2,2.5697738338753218,12,0.0,1.0,1.0,1.3969799162017535,0.48,0.5985219984479337,0.2,0.1111111111111111,0.7608888888888891,0
24,139.82608695652175,300.0,4.0,82.75140990466464,11,24,3.3758145821069467,24,24,9.75,19,4,4.584962497258688,4,0.0,0.0,0.0,2.2351692174136106,0.16,1.2091479151517417,0.08333333333333333,0.04,0.2516666666666667,1
5,100.75,120.0,86.0,12.275483697190918,3,5,1.5219280944545537,4,5,30.2,39,4,1.9219280943102843,0,0.0,1.0,0.0,1.4510557112042646,0.0,0.39999999985573065,0.25,0.2,0.35500000000000004,0
32,60.70967741935484,119.0,1.0,36.01898562844869,4,32,1.9836796913704193,7,32,25.125,36,2,2.548578999806537,13,0.0,0.0,1.0,1.7306229018956554,0.3939393939393939,0.5648993084361178,0.2,0.125,0.5250757575757576,0
25,166.66666666666666,286.0,39.0,77.73119636856805,16,25,3.833269687206797,25,25,8.52,16,3,4.643856186167987,1,0.0,0.0,0.0,2.3273914533030147,0.038461538461538464,0.8105864989611904,0.058823529411764705,0.038461538461538464,0.20565610859728506,1
19,61.111111111111114,116.0,2.0,36.858421152791436,4,19,1.8710191203017619,7,19,29.789473684210527,53,3,2.6947814595743864,4,0.0,1.0,0.0,1.48659484027203,0.2,0.8237623392726245,0.2,0.125,0.44750000000000006,0
13,42.166666666666664,104.0,0.0,27.153370979595806,3,13,1.526234909516714,7,13,25.53846153846154,53,2,2.6235166402081287,2,0.0,1.0,0.0,1.2407514594716507,0.14285714285714285,1.0972817306914147,0.25,0.125,0.4196428571428572,0
37,62.94444444444444,115.0,1.0,33.95499017853917,4,37,1.7810251507156247,10,37,24.216216216216218,49,2,3.0491247319728187,7,0.0,0.0,0.0,1.476765275593322,0.18421052631578946,1.268099581257194,0.2,0.09090909090909091,0.24459330143540672,0
4,260.0,288.0,232.0,22.861904265976328,4,4,1.9999999994229218,4,4,12.5,15,9,1.9999999994229218,0,0.0,0.0,0.0,1.5624999995491577,0.0,0.0,0.2,0.2,0.16000000000000003,1
23,74.4090909090909,119.0,10.0,30.026744277407538,4,23,1.8262097808143805,10,23,9.304347826086957,30,2,3.027632739111418,15,1.0,0.0,1.0,0.9087144546561619,0.625,1.2014229582970375,0.2,0.09090909090909091,0.8209090909090909,0
15,142.92857142857142,273.0,25.0,84.8801375770683,12,15,3.5068905938772845,15,15,8.8,19,3,3.906890593444476,0,0.0,0.0,0.0,1.7190318611155697,0.0,0.39999999956719146,0.07692307692307693,0.0625,0.1860576923076923,1
23,137.0909090909091,253.0,7.0,73.44627541203724,13,23,3.5555331495514917,23,23,9.217391304347826,17,2,4.523561952738814,2,0.0,0.0,0.0,2.316413367102968,0.08333333333333333,0.9680288031873223,0.07142857142857142,0.041666666666666664,0.2220238095238095,1
27,66.11538461538461,114.0,9.0,28.548645290608697,4,27,1.7139350447036423,11,27,11.481481481481481,30,2,3.231946186548217,13,1.0,0.0,1.0,1.1970171061289692,0.4642857142857143,1.5180111418445748,0.2,0.08333333333333333,0.7573809523809524,0
30,39.13793103448276,96.0,0.0,29.66679804198979,4,30,1.957543732440985,10,30,30.533333333333335,53,2,2.9226976796548088,5,0.0,1.0,0.0,1.652587083064077,0.16129032258064516,0.9651539472138237,0.2,0.09090909090909091,0.435425219941349,0
24,151.69565217391303,271.0,10.0,76.1574083767405,14,24,3.6368421861112386,22,24,7.208333333333333,13,2,4.41829583088056,0,0.0,0.0,0.0,2.274896365304574,0.0,0.7814536447693219,0.06666666666666667,0.043478260869565216,0.1889855072463768,1
16,166.26666666666668,295.0,47.0,83.64485771535644,12,16,3.499999998268766,16,16,7.0625,13,2,3.9999999976916882,0,0.0,0.0,0.0,2.017857141692682,0.0,0.49999999942292206,0.07692307692307693,0.058823529411764705,0.18642533936651584,1
26,59.0,117.0,8.0,36.12090807274922,4,26,1.950063755859132,9,26,40.69230769230769,63,2,2.684810026205486,17,0.0,1.0,1.0,1.7070486825272861,0.6296296296296297,0.7347462703463539,0.2,0.1,0.8218518518518519,0
11,47.8,97.0,5.0,27.143323304267664,4,11,1.789929074732921,6,11,35.09090909090909,63,3,2.4817145721204557,5,0.0,1.0,1.0,1.3607128193728635,0.4166666666666667,0.6917854973875346,0.2,0.14285714285714285,0.7323809523809525,0
22,54.04761904761905,105.0,0.0,31.560186176160666,4,22,1.9940302108998784,8,22,27.954545454545453,53,2,2.772185459357516,3,0.0,1.0,0.0,1.435096008000734,0.13043478260869565,0.7781552484576375,0.2,0.1111111111111111,0.42106280193236717,0
20,136.42105263157896,288.0,5.0,81.52578913220533,11,20,3.321928093300398,20,20,8.6,14,3,4.321928092001972,1,0.0,0.0,0.0,2.477905439414464,0.047619047619047616,0.9999999987015742,0.08333333333333333,0.047619047619047616,0.20595238095238094,1
13,64.16666666666667,119.0,14.0,37.04239313123396,4,13,1.9877733709109062,9,13,5.384615384615385,15,2,3.085055101458051,3,0.0,0.0,0.0,1.0382396976060748,0.21428571428571427,1.0972817305471447,0.2,0.1,0.2557142857142857,0
31,67.63333333333334,113.0,2.0,28.870380823412926,4,31,1.974178877306449,9,31,36.483870967741936,63,2,2.829218793574668,17,0.0,1.0,1.0,1.612825834442011,0.53125,0.8550399162682192,0.2,0.1,0.7825000000000001,0
21,71.5,117.0,1.0,33.062818996570755,4,21,1.9814035896735542,8,21,24.095238095238095,49,2,2.8152023988263304,4,0.0,0.0,0.0,1.3566594417201172,0.18181818181818182,0.8337988091527762,0.2,0.1111111111111111,0.24161616161616167,0
18,43.1764705882353,84.0,1.0,22.5733713349514,4,18,1.9071996701318696,12,18,7.944444444444445,30,2,3.4613201384797745,7,1.0,0.0,1.0,0.8870408240190104,0.3684210526315789,1.5541204683479048,0.2,0.07692307692307693,0.7196761133603239,0
8,167.85714285714286,289.0,43.0,88.75717849669331,7,8,2.749999998990113,8,8,7.125,19,2,2.9999999988458437,1,0.0,0.0,0.0,1.0687499995888319,0.1111111111111111,0.24999999985573051,0.125,0.1111111111111111,0.22083333333333333,1
36,60.371428571428574,118.0,2.0,37.81842764298583,4,36,1.9820393818270365,8,36,40.111111111111114,63,2,2.6094231807124513,19,0.0,1.0,1.0,1.635419736522908,0.5135135135135135,0.6273837988854147,0.2,0.1111111111111111,0.7742942942942944,0
10,47.666666666666664,103.0,13.0,31.51719107619417,4,10,1.760964046866603,4,10,34.6,53,4,1.9709505938775906,3,0.0,1.0,0.0,1.2628683434845303,0.2727272727272727,0.20998654701098762,0.2,0.2,0.4690909090909091,0
16,141.13333333333333,286.0,29.0,95.83170433398102,12,16,3.499999998268766,16,16,9.3125,18,2,3.9999999976916882,0,0.0,0.0,0.0,1.9605263146580971,0.0,0.49999999942292206,0.07692307692307693,0.058823529411764705,0.18642533936651584,1
10,59.888888888888886,111.0,20.0,28.849973789491056,4,10,1.5709505938775907,5,10,36.7,53,4,2.246439343949668,2,0.0,1.0,0.0,1.5267467393139411,0.18181818181818182,0.6754887500720772,0.2,0.16666666666666666,0.43606060606060615,0
29,66.21428571428571,115.0,12.0,30.258832409323237,4,29,1.9686551344877061,7,29,25.79310344827586,36,2,2.5569790646969768,10,0.0,0.0,1.0,1.782497987319048,0.3333333333333333,0.5883239302092707,0.2,0.125,0.5008333333333334,0
22,46.95238095238095,116.0,3.0,33.23577560469067,4,22,1.9400715287320116,8,22,21.818181818181817,36,2,2.806498527637674,8,0.0,0.0,1.0,1.6549377067150903,0.34782608695652173,0.8664269989056623,0.2,0.1111111111111111,0.5080193236714976,0
6,113.8,226.0,15.0,82.33929802955572,5,6,2.251629166666475,6,6,8.5,12,2,2.584962499855539,0,0.0,0.0,0.0,1.6901677883670834,0.0,0.333333333189064,0.16666666666666666,0.14285714285714285,0.16904761904761906,1
8,134.42857142857142,264.0,64.0,72.18400523831369,7,8,2.749999998990113,8,8,8.125,15,2,2.9999999988458437,1,0.0,0.0,0.0,1.523437499413905,0.1111111111111111,0.24999999985573051,0.125,0.1111111111111111,0.22083333333333333,1
18,154.41176470588235,292.0,28.0,76.77396833909832,14,18,3.683542360413458,18,18,9.222222222222221,14,3,4.169924998845461,1,0.0,0.0,0.0,2.563731665956839,0.05263157894736842,0.4863826384320036,0.06666666666666667,0.05263157894736842,0.20912280701754388,1
11,59.9,113.0,28.0,27.3256289955053,4,11,1.867633890394134,8,11,34.09090909090909,78,2,2.9139770720285956,3,0.0,1.0,0.0,1.2574699677913963,0.25,1.0463431816344615,0.2,0.1111111111111111,0.46888888888888897,0
37,55.75,120.0,5.0,36.7932474179102,4,37,1.9183964835577831,8,37,33.91891891891892,53,2,2.5875687458073755,7,0.0,1.0,0.0,1.6253247127068349,0.18421052631578946,0.6691722622495924,0.2,0.1111111111111111,0.44257309941520473,0
25,65.20833333333333,113.0,0.0,35.51405727157753,4,25,1.9535209505503919,7,25,25.08,36,2,2.563215691524698,12,0.0,0.0,1.0,1.7374445822551194,0.46153846153846156,0.6096947409743061,0.2,0.125,0.5521153846153847,0
37,63.47222222222222,119.0,10.0,30.442556206650288,4,37,1.9941050701673295,10,37,28.756756756756758,53,2,2.973532933018672,5,0.0,1.0,0.0,1.5835030233893228,0.13157894736842105,0.9794278628513426,0.2,0.09090909090909091,0.42354066985645933,0
19,159.38888888888889,300.0,16.0,79.18342902463094,10,19,3.1158340907205253,19,19,8.368421052631579,18,2,4.247927510702465,1,0.0,0.0,0.0,1.8709708426639666,0.05,1.1320934199819397,0.09090909090909091,0.05,0.20590909090909093,1
14,177.76923076923077,297.0,21.0,83.83422639228503,11,14,3.324862956030392,14,14,7.785714285714286,13,2,3.8073549200378314,1,0.0,0.0,0.0,2.117355542265937,0.06666666666666667,0.4824919640074392,0.08333333333333333,0.06666666666666667,0.21166666666666667,1
21,149.45,284.0,4.0,86.34377510857398,12,21,3.4632805160795765,21,21,8.19047619047619,17,2,4.3923174197491,1,0.0,0.0,0.0,1.9986206248593785,0.045454545454545456,0.9290369036695232,0.07692307692307693,0.045454545454545456,0.20594405594405596,1
17,145.5625,296.0,16.0,95.50586942041835,13,17,3.6168746040807185,17,17,8.647058823529411,13,2,4.087462838797758,1,0.0,0.0,0.0,2.524609400433909,0.05555555555555555,0.47058823471703937,0.07142857142857142,0.05555555555555555,0.20952380952380953,1
7,104.16666666666667,175.0,6.0,49.87456488253529,4,7,1.8423709926000305,7,7,7.714285714285714,13,3,2.8073549210477173,0,0.0,0.0,0.0,1.5469098544548647,0.0,0.9649839284476869,0.2,0.125,0.16750000000000004,1
39,61.18421052631579,111.0,0.0,37.67859595045685,4,39,1.9174234674905417,12,39,9.897435897435898,30,2,3.2160887708685104,22,1.0,0.0,1.0,1.026807498391435,0.55,1.2986653033779687,0.2,0.07692307692307693,0.7923076923076925,0
8,59.142857142857146,110.0,0.0,32.29519456260846,4,8,1.5487949401183205,6,8,36.5,63,3,2.4056390613639493,4,0.0,1.0,1.0,1.3719660271841274,0.4444444444444444,0.8568441212456288,0.2,0.14285714285714285,0.7434920634920635,0
32,65.70967741935483,118.0,3.0,35.77365542513914,4,32,1.9715667050296533,8,32,24.125,49,2,2.7400496766114477,11,0.0,0.0,0.0,1.3220739689650234,0.3333333333333333,0.7684829715817945,0.2,0.1111111111111111,0.3022222222222222,0
19,55.166666666666664,113.0,0.0,30.289803931723,4,19,1.978484592931573,12,19,6.7368421052631575,15,2,3.4058222485544567,5,0.0,0.0,0.0,1.4340304204439818,0.25,1.4273376556228836,0.2,0.07692307692307693,0.27230769230769236,0
8,54.0,91.0,1.0,36.26095893460545,4,8,1.8112781238820546,6,8,34.125,76,3,2.4056390613639493,4,0.0,1.0,0.0,1.0661354931044775,0.4444444444444444,0.5943609374818948,0.2,0.14285714285714285,0.5434920634920635,0
4,190.66666666666666,227.0,167.0,26.08107018935807,4,4,1.9999999994229218,4,4,5.75,13,2,1.9999999994229218,0,0.0,0.0,0.0,0.8214285711915571,0.0,0.0,0.2,0.2,0.16000000000000003,1
22,132.61904761904762,280.0,1.0,89.2575066553568,14,22,3.663532752784482,22,22,6.7727272727272725,13,2,4.459431615463368,2,0.0,0.0,0.0,2.157322437350785,0.08695652173913043,0.7958988626788859,0.06666666666666667,0.043478260869565216,0.223768115942029,1
28,58.2962962962963,120.0,1.0,41.51734560737932,4,28,1.9502120643376688,8,28,38.5,63,2,2.752862512498789,18,0.0,1.0,1.0,1.6560188551750528,0.6206896551724138,0.8026504481611203,0.2,0.1111111111111111,0.8171647509578545,0
17,183.8125,283.0,21.0,86.09385775855326,11,17,3.3371753395361123,17,17,7.823529411764706,14,2,4.087462838797758,0,0.0,0.0,0.0,2.1318923825886347,0.0,0.7502874992616455,0.08333333333333333,0.05555555555555555,0.18611111111111112,1
19,147.27777777777777,292.0,4.0,82.10413817934416,10,19,3.1555650118870235,19,19,9.052631578947368,15,2,4.247927510702465,0,0.0,0.0,0.0,2.403432670529026,0.0,1.0923624988154415,0.09090909090909091,0.05,0.1859090909090909,1
9,58.5,76.0,23.0,18.83480820183736,4,9,1.8910611114955744,4,9,33.111111111111114,49,24,1.836591667531901,2,0.0,0.0,0.0,1.2162318153877922,0.2,0.05446944396367348,0.2,0.2,0.24000000000000005,0
20,147.8421052631579,289.0,19.0,92.81632295072986,14,20,3.6464393426512425,20,20,8.3,16,2,4.321928092001972,0,0.0,0.0,0.0,2.1101178331539043,0.0,0.6754887493507296,0.06666666666666667,0.047619047619047616,0.18857142857142856,1
3,131.5,157.0,106.0,25.5,3,3,1.5849625002883474,3,3,10.333333333333334,15,6,1.5849625002883474,1,0.0,0.0,0.0,1.0236216147695578,0.25,0.0,0.25,0.25,0.25,1
15,54.714285714285715,107.0,3.0,30.804518618977617,4,15,1.746465797926994,8,15,8.0,15,2,2.682588729347677,5,0.0,0.0,0.0,1.3412943646738384,0.3125,0.9361229314206829,0.2,0.1111111111111111,0.2938888888888889,0
37,61.861111111111114,118.0,4.0,37.38326480732148,4,37,1.9183964835577831,12,37,7.8108108108108105,15,2,3.282853025650573,9,0.0,0.0,0.0,1.6026089939409047,0.23684210526315788,1.3644565420927899,0.2,0.07692307692307693,0.2670445344129555,0
9,98.0,191.0,16.0,58.01508424539259,8,9,2.947702778065934,9,9,6.888888888888889,12,2,3.169925000143887,0,0.0,0.0,0.0,1.679789316315564,0.0,0.22222222207795284,0.1111111111111111,0.1,0.1788888888888889,1
23,47.95454545454545,119.0,1.0,33.765874748341126,4,23,1.8973172600926291,10,23,18.73913043478261,49,2,3.1377226945740038,5,0.0,0.0,0.0,1.1759638968359962,0.20833333333333334,1.2404054344813746,0.2,0.09090909090909091,0.25424242424242427,0
15,162.5,294.0,7.0,90.09419673716107,11,15,3.3735572606882207,15,15,9.666666666666666,16,6,3.906890593444476,0,0.0,0.0,0.0,2.2215652394096037,0.0,0.5333333327562553,0.08333333333333333,0.0625,0.18541666666666667,1
35,71.47058823529412,120.0,1.0,35.71639538998832,4,35,1.9460831809021308,10,35,20.771428571428572,36,2,3.0925912293552917,12,0.0,0.0,1.0,1.7361496708427007,0.3333333333333333,1.146508048453161,0.2,0.09090909090909091,0.5042424242424243,0
15,156.5,269.0,57.0,60.54838678988188,12,15,3.5068905938772845,15,15,8.733333333333333,19,2,3.906890593444476,0,0.0,0.0,0.0,1.7060088924707544,0.0,0.39999999956719146,0.07692307692307693,0.0625,0.1860576923076923,1
8,190.57142857142858,295.0,87.0,90.67344412443896,6,8,2.4999999991343826,8,8,7.625,11,2,2.9999999988458437,2,0.0,0.0,0.0,1.9062499992666297,0.2222222222222222,0.49999999971146103,0.14285714285714285,0.1111111111111111,0.2634920634920635,1
26,57.88,118.0,0.0,31.376832217418,4,26,1.9580178364560736,9,26,4.884615384615385,15,2,2.8112314291979073,4,0.0,0.0,0.0,0.8582365180483996,0.14814814814814814,0.8532135927418336,0.2,0.1,0.22925925925925927,0
28,62.111111111111114,119.0,3.0,40.62231947471947,4,28,1.9701429787582374,11,28,9.107142857142858,30,2,3.2439821522271632,15,1.0,0.0,1.0,0.953013189882404,0.5172413793103449,1.2738391734689258,0.2,0.08333333333333333,0.7785632183908048,0
18,156.64705882352942,288.0,8.0,85.72592522717596,13,18,3.572431249446616,17,18,7.333333333333333,15,3,4.05881388787862,1,0.0,0.0,0.0,1.8602896986110342,0.05263157894736842,0.486382638432004,0.07142857142857142,0.05555555555555555,0.20835421888053468,1
17,168.5625,294.0,2.0,81.92295828246195,13,17,3.572469456894632,17,17,8.705882352941176,18,2,4.087462838797758,2,0.0,0.0,0.0,1.8728931892943286,0.1111111111111111,0.514993381903126,0.07142857142857142,0.05555555555555555,0.23174603174603176,1
18,49.23529411764706,87.0,23.0,22.145320609860107,4,18,1.9071996701318696,9,18,11.61111111111111,30,2,2.9749374999035014,11,1.0,0.0,1.0,1.1142687051609887,0.5789473684210527,1.0677378297716318,0.2,0.1,0.8015789473684211,0
22,129.14285714285714,289.0,8.0,92.8143491134886,15,22,3.7321588892005275,22,22,7.863636363636363,12,2,4.459431615463368,3,0.0,0.0,0.0,2.697488354808261,0.13043478260869565,0.7272727262628402,0.0625,0.043478260869565216,0.24157608695652175,1
24,180.34782608695653,297.0,19.0,84.3536080492487,14,24,3.605388540187761,24,24,9.416666666666666,17,2,4.584962497258688,1,0.0,0.0,0.0,2.3986146397695918,0.04,0.9795739570709276,0.06666666666666667,0.04,0.20533333333333334,1
19,64.22222222222223,119.0,12.0,35.27283429930423,3,19,1.5243166729131752,9,19,24.842105263157894,63,2,3.115834090864795,7,0.0,1.0,1.0,1.209435601059361,0.35,1.5915174179516196,0.25,0.1,0.705,0
15,149.07142857142858,276.0,21.0,82.58196299583159,11,15,3.3735572606882207,15,15,7.066666666666666,14,2,3.906890593444476,2,0.0,0.0,0.0,1.8405795684671753,0.125,0.5333333327562553,0.08333333333333333,0.0625,0.23541666666666666,1
31,62.13333333333333,118.0,10.0,31.02336037390032,4,31,1.914371881668045,10,31,41.74193548387097,78,2,2.8891636498795505,10,0.0,1.0,0.0,1.5265731984255364,0.3125,0.9747917682115055,0.2,0.09090909090909091,0.49590909090909097,0
28,58.48148148148148,120.0,4.0,42.78661124123896,4,28,1.9787706544791719,9,28,17.642857142857142,36,2,2.8782116196519105,11,0.0,0.0,1.0,1.372429092768382,0.3793103448275862,0.8994409651727386,0.2,0.1,0.5217241379310346,0
34,56.878787878787875,114.0,6.0,34.92742048249577,4,34,1.9193641109594082,9,34,22.852941176470587,36,2,2.836129385717081,11,0.0,0.0,1.0,1.751726973531138,0.3142857142857143,0.9167652747576729,0.2,0.1,0.4957142857142858,0
21,147.7,294.0,5.0,92.34235214678041,12,21,3.4039894447540275,21,21,8.714285714285714,15,2,4.3923174197491,3,0.0,0.0,0.0,2.3922443089704917,0.13636363636363635,0.9883279749950722,0.07692307692307693,0.045454545454545456,0.2423076923076923,1
20,52.8421052631579,106.0,0.0,35.57092715583559,4,20,1.940645449038268,8,20,29.55,53,2,2.8219280937332063,4,0.0,1.0,0.0,1.5442217624040047,0.19047619047619047,0.8812826446949382,0.2,0.1111111111111111,0.44507936507936513,0
30,61.93103448275862,115.0,7.0,32.02039332339655,4,30,1.9689250787841865,11,30,20.866666666666667,36,2,3.063458297061339,9,0.0,0.0,1.0,1.7276800846490075,0.2903225806451613,1.0945332182771523,0.2,0.08333333333333333,0.48779569892473124,0
25,146.25,267.0,11.0,70.83857823719126,15,25,3.783465187437605,24,25,7.92,15,2,4.5638561863122575,1,0.0,0.0,0.0,2.2591088122245675,0.038461538461538464,0.7803909988746525,0.0625,0.04,0.2051346153846154,1
35,52.44117647058823,112.0,0.0,33.24790234557096,4,35,1.9640600518475788,8,35,31.685714285714287,53,3,2.634331229149324,4,0.0,1.0,0.0,1.5457530863103706,0.1111111111111111,0.6702711773017451,0.2,0.1111111111111111,0.4133333333333334,0
9,61.875,114.0,7.0,40.91893663085589,4,9,1.7527152784026265,8,9,7.444444444444445,15,2,2.947702778065934,3,0.0,0.0,0.0,1.3715005981278998,0.3,1.1949874996633074,0.2,0.1111111111111111,0.2888888888888889,0
6,54.0,104.0,13.0,33.111931384321274,3,6,1.5849625002883474,4,6,7.166666666666667,11,3,1.9182958334774112,4,1.0,0.0,0.0,1.1456489005490094,0.5714285714285714,0.3333333331890638,0.25,0.2,0.5835714285714286,0
20,176.21052631578948,300.0,38.0,90.47452618940137,13,20,3.5841837179036853,20,20,7.5,13,2,4.321928092001972,0,0.0,0.0,0.0,2.3153186207153422,0.0,0.7377443740982867,0.07142857142857142,0.047619047619047616,0.1880952380952381,1
6,123.4,199.0,40.0,66.3101802139008,5,6,2.251629166666475,6,6,9.833333333333334,13,4,2.584962499855539,0,0.0,0.0,0.0,1.8156284225175812,0.0,0.333333333189064,0.16666666666666666,0.14285714285714285,0.16904761904761906,1
30,50.89655172413793,101.0,3.0,28.962930919016785,4,30,1.9838711126410746,9,30,33.96666666666667,63,2,2.7838711119197272,14,0.0,1.0,1.0,1.4774815953365636,0.45161290322580644,0.7999999992786526,0.2,0.1,0.7506451612903225,0
7,73.66666666666667,115.0,8.0,37.51296072322501,4,7,1.9502120643376688,5,7,8.714285714285714,15,4,2.1280852781700466,2,0.0,0.0,0.0,1.159046446146186,0.25,0.17787321383237775,0.2,0.16666666666666666,0.26333333333333336,0
21,115.9,271.0,11.0,84.41676373801592,15,21,3.7849418252736,20,21,8.428571428571429,14,2,4.297079324655274,1,0.0,0.0,0.0,2.414549334806297,0.045454545454545456,0.5121374993816743,0.0625,0.047619047619047616,0.20716991341991342,1
7,143.33333333333334,268.0,62.0,62.49711104434259,6,7,2.5216406354777012,6,7,8.714285714285714,15,3,2.5216406354777012,0,0.0,0.0,0.0,1.373393560394105,0.0,0.0,0.14285714285714285,0.14285714285714285,0.17142857142857146,1
13,163.91666666666666,294.0,12.0,82.83362676004366,11,13,3.39274740886182,13,13,8.76923076923077,15,2,3.7004397162655884,1,0.0,0.0,0.0,2.0281256137224863,0.07142857142857142,0.3076923074037685,0.08333333333333333,0.07142857142857142,0.21309523809523812,1
22,107.57142857142857,287.0,6.0,91.44270724056125,13,22,3.606936730299818,22,22,9.136363636363637,16,3,4.459431615463368,2,0.0,0.0,0.0,2.3966464029629333,0.08695652173913043,0.8524948851635497,0.07142857142857142,0.043478260869565216,0.2232919254658385,1
22,62.714285714285715,119.0,0.0,39.72781544117284,4,22,1.9290908505417312,10,22,21.318181818181817,36,2,3.0837651396268564,7,0.0,0.0,1.0,1.776763944084761,0.30434782608695654,1.1546742890851251,0.2,0.09090909090909091,0.49264822134387354,0
6,238.0,288.0,126.0,57.48043145279966,6,6,2.584962499855539,5,6,7.833333333333333,13,5,2.251629166666475,0,0.0,0.0,0.0,1.259840128968147,0.0,0.333333333189064,0.14285714285714285,0.16666666666666666,0.16904761904761906,1
22,76.80952380952381,116.0,8.0,36.03915733862273,4,22,1.9698452574617202,9,22,27.136363636363637,63,2,2.9705730945132593,8,0.0,1.0,1.0,1.2595398703298408,0.34782608695652173,1.0007278370515391,0.2,0.1,0.7091304347826087,0
11,38.2,95.0,2.0,28.329489935401238,4,11,1.867633890394134,6,11,12.363636363636363,30,7,2.4817145721204557,10,1.0,0.0,1.0,0.9897747267107975,0.8333333333333334,0.6140806817263216,0.2,0.14285714285714285,0.8990476190476192,0
11,58.3,96.0,0.0,24.847736315407086,4,11,1.789929074732921,7,11,22.727272727272727,36,3,2.6635327537943683,4,0.0,0.0,1.0,1.6360766300948206,0.3333333333333333,0.8736036790614472,0.2,0.125,0.5008333333333334,0
10,140.88888888888889,299.0,45.0,81.27791068569675,8,10,2.9219280937332064,10,10,7.4,13,3,3.3219280934446678,0,0.0,0.0,0.0,1.7558762779636101,0.0,0.3999999997114614,0.1111111111111111,0.09090909090909091,0.1797979797979798,1
7,114.66666666666667,267.0,2.0,110.04645483713784,7,7,2.8073549210477173,7,7,9.714285714285714,13,3,2.8073549210477173,0,0.0,0.0,0.0,1.9479605574616814,0.0,0.0,0.125,0.125,0.17500000000000002,1
6,179.8,262.0,132.0,46.90586317295525,4,6,1.9182958334774112,6,6,8.833333333333334,19,2,2.584962499855539,0,0.0,0.0,0.0,1.14169177076953,0.0,0.666666666378128,0.2,0.14285714285714285,0.16571428571428576,1
22,145.71428571428572,275.0,38.0,72.67811805170395,13,22,3.4817145711105693,21,22,6.5,15,2,4.368522524698546,2,0.0,0.0,0.0,1.7747122756587845,0.08695652173913043,0.8868079535879771,0.07142857142857142,0.045454545454545456,0.2230942970073405,1
39,51.078947368421055,120.0,4.0,35.45967433797333,4,39,1.9600026164464273,11,39,34.1025641025641,63,2,3.0950643197736962,20,0.0,1.0,1.0,1.6492129588537725,0.5,1.135061703327269,0.2,0.08333333333333333,0.7716666666666668,0
16,150.2,288.0,34.0,79.00143458613056,10,16,3.1556390607868714,15,16,7.5625,15,2,3.8749999978359577,0,0.0,0.0,0.0,1.831542967727152,0.0,0.7193609370490863,0.09090909090909091,0.0625,0.1846590909090909,1
37,56.05555555555556,116.0,11.0,31.6086700873567,4,37,1.9727241741214998,8,37,25.0,36,2,2.6922796371837867,11,0.0,0.0,1.0,1.819107862962018,0.2894736842105263,0.7195554630622869,0.2,0.1111111111111111,0.4846783625730995,0
23,196.63636363636363,293.0,24.0,65.69803197173168,14,23,3.408280021237099,23,23,8.173913043478262,14,3,4.523561952738814,1,0.0,0.0,0.0,2.465013469898252,0.041666666666666664,1.1152819315017148,0.06666666666666667,0.041666666666666664,0.20583333333333334,1
9,112.875,296.0,1.0,100.01929501351226,7,9,2.725480555987981,9,9,9.0,13,5,3.169925000143887,0,0.0,0.0,0.0,2.037808928663927,0.0,0.44444444415590567,0.125,0.1,0.17750000000000002,1
11,158.4,259.0,25.0,67.90022091274814,8,11,2.732158890210414,11,11,8.545454545454545,19,4,3.459431617050333,1,0.0,0.0,0.0,1.4781207818305968,0.08333333333333333,0.7272727268399191,0.1111111111111111,0.08333333333333333,0.2138888888888889,1
37,46.75,103.0,7.0,28.38463492807332,4,37,1.794735870636691,11,37,35.567567567567565,78,2,3.1125936633535014,8,0.0,1.0,0.0,1.4013593092621306,0.21052631578947367,1.3178577927168105,0.2,0.08333333333333333,0.45587719298245616,0
7,145.33333333333334,297.0,26.0,105.53303853401654,5,7,2.235926349907685,7,7,6.428571428571429,10,2,2.8073549210477173,0,0.0,0.0,0.0,1.6406619668460685,0.0,0.5714285711400322,0.16666666666666666,0.125,0.17083333333333334,1
4,240.0,297.0,144.0,68.27884006044626,4,4,1.9999999994229218,4,4,9.0,13,5,1.9999999994229218,0,0.0,0.0,0.0,1.285714285343307,0.0,0.0,0.2,0.2,0.16000000000000003,1
12,114.81818181818181,263.0,5.0,68.73244328794502,8,12,2.8553885410533777,11,12,7.25,13,2,3.418295832467525,0,0.0,0.0,0.0,1.7701889132421114,0.0,0.5629072914141475,0.1111111111111111,0.08333333333333333,0.18055555555555558,1
4,243.66666666666666,285.0,193.0,38.13426572286691,4,4,1.9999999994229218,4,4,10.0,16,5,1.9999999994229218,0,0.0,0.0,0.0,1.1764705878958364,0.0,0.0,0.2,0.2,0.16000000000000003,1
5,167.0,236.0,83.0,57.29310604252487,3,5,1.5219280944545537,5,5,10.2,13,5,2.3219280941660148,0,0.0,0.0,0.0,1.6916904686066678,0.0,0.7999999997114611,0.25,0.16666666666666666,0.15833333333333335,1
13,63.166666666666664,105.0,21.0,26.390760167570434,4,13,1.950063755859132,6,13,50.30769230769231,78,2,2.141619524468521,7,0.0,1.0,0.0,1.3637966592039072,0.5,0.19155576860938894,0.2,0.14285714285714285,0.5657142857142857,0
23,161.04545454545453,272.0,30.0,73.13591163202886,14,23,3.58835434515346,23,23,9.956521739130435,15,3,4.523561952738814,0,0.0,0.0,0.0,2.8149339325467078,0.0,0.9352076075853542,0.06666666666666667,0.041666666666666664,0.18916666666666668,1
5,123.5,259.0,5.0,100.60442336199736,5,5,2.3219280941660148,5,5,10.6,13,6,2.3219280941660148,0,0.0,0.0,0.0,1.7580312712971253,0.0,0.0,0.16666666666666666,0.16666666666666666,0.16666666666666669,1
5,53.25,111.0,16.0,39.97108329780418,5,5,2.3219280941660148,5,5,6.4,12,2,2.3219280941660148,0,0.0,0.0,0.0,1.143103061743269,0.0,0.0,0.16666666666666666,0.16666666666666666,0.16666666666666669,1
6,54.4,82.0,18.0,26.096743091811284,3,6,1.459147916594436,5,6,9.0,30,3,2.251629166666475,2,1.0,0.0,1.0,0.6536987903225251,0.2857142857142857,0.7924812500720391,0.25,0.16666666666666666,0.6726190476190476,0
24,66.1304347826087,113.0,3.0,35.76894979414662,4,24,1.971251835427388,11,24,9.25,30,2,3.169372147007646,16,1.0,0.0,1.0,0.9456997535426042,0.64,1.1981203115802581,0.2,0.08333333333333333,0.8276666666666667,0
8,57.857142857142854,92.0,0.0,31.466211226958862,4,8,1.9056390616524883,6,8,30.375,78,3,2.4999999991343826,1,0.0,1.0,0.0,0.9612341768823655,0.1111111111111111,0.5943609374818943,0.2,0.14285714285714285,0.4101587301587302,0
17,170.9375,300.0,20.0,96.69182278636596,13,17,3.572469456894632,17,17,9.647058823529411,14,3,4.087462838797758,2,0.0,0.0,0.0,2.6287996296581655,0.1111111111111111,0.514993381903126,0.07142857142857142,0.05555555555555555,0.23174603174603176,1
23,72.68181818181819,117.0,5.0,32.79465916001396,4,23,1.8973172600926291,8,23,30.652173913043477,53,2,2.653146737135297,4,0.0,1.0,0.0,1.506013244509166,0.16666666666666666,0.7558294770426677,0.2,0.1111111111111111,0.4355555555555556,0
23,53.72727272727273,115.0,2.0,38.567746555641094,4,23,1.9141701106536952,7,23,44.21739130434783,78,2,2.592850130848574,8,0.0,1.0,0.0,1.451254035813429,0.3333333333333333,0.6786800201948788,0.2,0.125,0.5008333333333334,0
18,171.47058823529412,295.0,57.0,70.2776992886153,14,18,3.683542360413458,18,18,7.166666666666667,19,2,4.169924998845461,0,0.0,0.0,0.0,1.4942231245862903,0.0,0.4863826384320036,0.06666666666666667,0.05263157894736842,0.1880701754385965,1
22,140.61904761904762,300.0,35.0,79.27737693901751,11,22,3.334209457861084,22,22,7.863636363636363,15,3,4.459431615463368,0,0.0,0.0,0.0,2.1917092882817117,0.0,1.1252221576022836,0.08333333333333333,0.043478260869565216,0.18731884057971016,1
39,59.5,108.0,3.0,33.54866849659964,4,39,1.9179044006613666,9,39,22.307692307692307,36,2,2.8747352321534763,15,0.0,0.0,1.0,1.7332083520260042,0.375,0.9568308314921097,0.2,0.1,0.52,0
23,142.63636363636363,298.0,11.0,83.44488951863295,16,23,3.8820451058285497,22,23,9.217391304347826,15,4,4.436605431143953,0,0.0,0.0,0.0,2.555870520115538,0.0,0.554560325315403,0.058823529411764705,0.043478260869565216,0.189769820971867,1
24,60.391304347826086,119.0,0.0,41.245541662030924,4,24,1.9056390616524883,7,24,34.541666666666664,78,3,2.6361750024959787,6,0.0,1.0,0.0,1.1526313697622184,0.24,0.7305359408434904,0.2,0.125,0.4635000000000001,0
8,25.857142857142858,79.0,4.0,23.357033638888378,4,8,1.9056390616524883,7,8,23.875,49,2,2.749999998990113,1,0.0,0.0,0.0,1.313124999517779,0.1111111111111111,0.8443609373376249,0.2,0.125,0.2119444444444445,0
5,181.0,292.0,80.0,83.02409288875127,4,5,1.9219280943102843,5,5,8.6,13,3,2.3219280941660148,0,0.0,0.0,0.0,1.4263272578448374,0.0,0.3999999998557304,0.2,0.16666666666666666,0.16333333333333336,1
29,54.035714285714285,116.0,4.0,31.782162722932163,4,29,1.9180368233028604,8,29,22.75862068965517,49,3,2.7504149429815627,5,0.0,0.0,0.0,1.251913008529539,0.16666666666666666,0.8323781196787023,0.2,0.1111111111111111,0.23555555555555557,0
26,58.12,119.0,0.0,36.025901793015535,4,26,1.9957274515078476,10,26,20.884615384615383,36,2,3.0458416394424788,8,0.0,0.0,1.0,1.7192224638433116,0.2962962962962963,1.0501141879346312,0.2,0.09090909090909091,0.48942760942760943,0
10,161.44444444444446,298.0,51.0,80.11812267051016,6,10,2.5219280940217454,10,10,10.9,19,5,3.3219280934446678,2,0.0,0.0,0.0,1.810450810927344,0.18181818181818182,0.7999999994229223,0.14285714285714285,0.09090909090909091,0.24935064935064938,1
31,62.333333333333336,117.0,2.0,32.797696396071615,4,31,1.8886215202291936,8,31,46.74193548387097,78,2,2.578341971993905,16,0.0,1.0,0.0,1.5255277735480475,0.5,0.6897204517647113,0.2,0.1111111111111111,0.5688888888888889,0
9,117.375,180.0,79.0,31.04004470035441,8,9,2.947702778065934,9,9,10.555555555555555,17,4,3.169925000143887,0,0.0,0.0,0.0,1.858906635886847,0.0,0.22222222207795284,0.1111111111111111,0.1,0.1788888888888889,1
15,59.214285714285715,101.0,7.0,32.59969011997457,4,15,1.746465797926994,8,15,24.0,36,2,2.7068905944543626,5,0.0,0.0,1.0,1.7558209261325597,0.3125,0.9604247965273687,0.2,0.1111111111111111,0.49388888888888893,0
23,65.95454545454545,117.0,0.0,36.90094513784323,4,23,1.8643767616221014,9,23,22.08695652173913,49,2,2.905332348285821,4,0.0,0.0,0.0,1.2833989851558234,0.16666666666666666,1.0409555866637197,0.2,0.1,0.2366666666666667,0
16,52.86666666666667,105.0,1.0,28.316936431911007,3,16,1.5794340024921563,8,16,20.875,49,2,2.7806390610754104,2,0.0,0.0,0.0,1.1609168079989838,0.11764705882352941,1.201205058583254,0.25,0.1111111111111111,0.21094771241830068,0
27,54.80769230769231,116.0,3.0,35.72116290506148,4,27,1.9529806699418266,10,27,46.03703703703704,78,2,2.9501076506022343,11,0.0,1.0,0.0,1.719167280683815,0.39285714285714285,0.9971269806604077,0.2,0.09090909090909091,0.5280519480519481,0
6,87.0,117.0,22.0,34.31617694324355,3,6,1.459147916594436,6,6,6.333333333333333,11,2,2.584962499855539,4,1.0,0.0,0.0,1.3642857638126458,0.5714285714285714,1.125814583261103,0.25,0.14285714285714285,0.5892857142857143,0
10,145.44444444444446,289.0,16.0,117.85594890101231,7,10,2.521928093877476,10,10,8.5,18,2,3.3219280934446678,2,0.0,0.0,0.0,1.4861257260147198,0.18181818181818182,0.7999999995671918,0.125,0.09090909090909091,0.25113636363636366,1
19,178.55555555555554,281.0,4.0,85.35756311099159,15,19,3.8268748797005956,18,19,8.473684210526315,14,3,4.142664352951997,2,0.0,0.0,0.0,2.3402419678079704,0.1,0.3157894732514017,0.0625,0.05263157894736842,0.22848684210526318,1
5,100.5,132.0,80.0,19.817921182606415,5,5,2.3219280941660148,5,5,7.2,11,3,2.3219280941660148,0,0.0,0.0,0.0,1.3931568564996089,0.0,0.0,0.16666666666666666,0.16666666666666666,0.16666666666666669,1
6,50.0,96.0,3.0,30.21919919521363,3,6,1.459147916594436,5,6,41.166666666666664,76,3,2.251629166666475,3,0.0,1.0,0.0,1.20379308261173,0.42857142857142855,0.7924812500720391,0.25,0.16666666666666666,0.5297619047619048,0
15,96.28571428571429,293.0,1.0,102.28212284197677,11,15,3.3735572606882207,15,15,7.333333333333333,14,2,3.906890593444476,1,0.0,0.0,0.0,1.9100354012395215,0.0625,0.5333333327562553,0.08333333333333333,0.0625,0.21041666666666667,1
11,46.9,119.0,7.0,34.13341471344465,4,11,1.9362600269544492,6,11,38.09090909090909,78,3,2.4817145721204557,4,0.0,1.0,0.0,1.1965919513446155,0.3333333333333333,0.5454545451660064,0.2,0.14285714285714285,0.49904761904761913,0
5,155.0,254.0,112.0,58.008620049092706,4,5,1.9219280943102843,5,5,7.4,12,2,2.3219280941660148,0,0.0,0.0,0.0,1.3217129151406546,0.0,0.3999999998557304,0.2,0.16666666666666666,0.16333333333333336,1
14,161.30769230769232,260.0,11.0,80.9884935943036,10,14,3.1820058133175184,14,14,8.785714285714286,14,3,3.8073549200378314,1,0.0,0.0,0.0,2.23002216745073,0.06666666666666667,0.625349106720313,0.09090909090909091,0.06666666666666667,0.21090909090909093,1
39,54.36842105263158,115.0,0.0,36.06603669340566,4,39,1.975830479473269,9,39,22.82051282051282,36,2,2.905658629090112,16,0.0,0.0,1.0,1.7921248647887733,0.4,0.9298281496168428,0.2,0.1,0.53,0
12,177.63636363636363,285.0,60.0,74.00033504503111,10,12,3.188721874098172,12,12,8.25,15,3,3.5849624989899223,1,0.0,0.0,0.0,1.8484962885416787,0.07692307692307693,0.39624062489175005,0.09090909090909091,0.07692307692307693,0.213986013986014,1
18,156.47058823529412,286.0,2.0,83.67170977875998,8,18,2.7471671961527777,17,18,7.444444444444445,15,2,4.05881388787862,0,0.0,0.0,0.0,1.888475906165747,0.0,1.3116466917258425,0.1111111111111111,0.05555555555555555,0.18333333333333335,1
19,70.11111111111111,119.0,11.0,32.52672215765043,4,19,1.978484592931573,9,19,6.7368421052631575,15,2,3.0761031696982966,4,0.0,0.0,0.0,1.295201334609809,0.2,1.0976185767667235,0.2,0.1,0.25000000000000006,0
7,124.33333333333333,225.0,17.0,64.18376395596908,7,7,2.8073549210477173,7,7,5.0,7,2,2.8073549210477173,0,0.0,0.0,0.0,1.7545968256548234,0.0,0.0,0.125,0.125,0.17500000000000002,1
11,166.1,283.0,3.0,98.605730056625,9,11,3.095795253702508,11,11,9.090909090909092,13,3,3.459431617050333,1,0.0,0.0,0.0,2.246384166915801,0.08333333333333333,0.3636363633478248,0.1,0.08333333333333333,0.21500000000000002,1
20,61.10526315789474,108.0,0.0,33.594947516181044,4,20,1.940645449038268,7,20,35.7,63,2,2.5464393436611292,10,0.0,1.0,1.0,1.4204356963859737,0.47619047619047616,0.6057938946228612,0.2,0.125,0.7579761904761905,0
12,61.90909090909091,116.0,2.0,37.635704869069954,4,12,1.825011210247099,6,12,39.583333333333336,63,3,2.3553885413419167,7,0.0,1.0,1.0,1.45678327752267,0.5384615384615384,0.5303773310948177,0.2,0.14285714285714285,0.7810989010989012,0
9,143.875,214.0,88.0,35.80306376554945,8,9,2.947702778065934,9,9,10.11111111111111,14,4,3.169925000143887,0,0.0,0.0,0.0,2.1367642593562497,0.0,0.22222222207795284,0.1111111111111111,0.1,0.1788888888888889,1
15,164.64285714285714,297.0,22.0,89.24893528205024,9,15,3.0565647608325284,14,15,7.133333333333334,13,2,3.773557260255412,0,0.0,0.0,0.0,1.9227172707015674,0.0,0.7169924994228838,0.1,0.06666666666666667,0.18333333333333335,1
17,65.1875,117.0,6.0,34.31329689420706,4,17,1.971335284729903,9,17,32.8235294117647,63,2,2.933954576749749,9,0.0,1.0,1.0,1.50473038035511,0.5,0.9626192920198458,0.2,0.1,0.7700000000000001,0
27,60.5,117.0,0.0,42.27769915870359,4,27,1.9726869282988442,11,27,21.666666666666668,36,2,3.157872112474143,11,0.0,0.0,1.0,1.8492043901875614,0.39285714285714285,1.185185184175299,0.2,0.08333333333333333,0.5288095238095238,0
10,135.44444444444446,268.0,8.0,83.59440586162464,8,10,2.9219280937332064,10,10,6.8,12,3,3.3219280934446678,0,0.0,0.0,0.0,1.7376239258018262,0.0,0.3999999997114614,0.1111111111111111,0.09090909090909091,0.1797979797979798,1
3,260.5,296.0,225.0,35.5,2,3,0.9182958337659504,3,3,9.666666666666666,15,3,1.5849625002883474,0,0.0,0.0,0.0,0.9575815105908765,0.0,0.666666666522397,0.3333333333333333,0.25,0.1416666666666667,1
12,166.63636363636363,276.0,8.0,99.92294551964685,12,12,3.5849624989899223,12,12,8.916666666666666,14,2,3.5849624989899223,1,0.0,0.0,0.0,2.1310610410662316,0.07692307692307693,0.0,0.07692307692307693,0.07692307692307693,0.2153846153846154,1
20,155.3684210526316,284.0,30.0,78.81705033698428,13,20,3.546439342795512,19,20,7.8,13,3,4.221928092146242,0,0.0,0.0,0.0,2.3522170799100492,0.0,0.67548874935073,0.07142857142857142,0.05,0.18785714285714286,1
7,65.33333333333333,114.0,2.0,43.46518402379337,3,7,1.5566567070300144,5,7,4.142857142857143,6,2,2.1280852781700466,0,0.0,0.0,0.0,1.2594790421822726,0.0,0.5714285711400322,0.25,0.16666666666666666,0.15833333333333335,0
19,121.16666666666667,280.0,19.0,85.6201235432159,13,19,3.511085406304924,19,19,10.526315789473685,17,2,4.247927510702465,4,0.0,0.0,0.0,2.4841681349137223,0.2,0.736842104397541,0.07142857142857142,0.05,0.2678571428571429,1
23,101.18181818181819,283.0,3.0,80.41067113920795,13,23,3.501397823558599,23,23,9.347826086956522,18,3,4.523561952738814,1,0.0,0.0,0.0,2.2255510751460985,0.041666666666666664,1.022164129180215,0.07142857142857142,0.041666666666666664,0.20535714285714285,1
23,77.95454545454545,117.0,1.0,34.325285237147995,4,23,1.9657827631620897,10,23,9.130434782608695,30,2,3.027632739111418,11,1.0,0.0,1.0,0.8917291377467009,0.4583333333333333,1.0618499759493283,0.2,0.09090909090909091,0.7542424242424243,0
9,179.625,260.0,88.0,59.10359020398,8,9,2.947702778065934,9,9,8.666666666666666,17,4,3.169925000143887,1,0.0,0.0,0.0,1.526260185254464,0.1,0.22222222207795284,0.1111111111111111,0.1,0.2188888888888889,1
32,51.645161290322584,118.0,0.0,37.41963292443943,4,32,1.9423688198344493,10,32,6.375,30,2,2.709868357459046,20,1.0,0.0,1.0,0.5572713154452071,0.6060606060606061,0.7674995376245968,0.2,0.09090909090909091,0.8133333333333334,0
18,50.588235294117645,118.0,2.0,39.21743133372232,4,18,1.7720772531580027,10,18,29.72222222222222,63,2,3.12798680543498,8,0.0,1.0,1.0,1.4526674834268354,0.42105263157894735,1.3559095522769773,0.2,0.09090909090909091,0.73933014354067,0
32,71.96774193548387,119.0,1.0,33.88641736740429,4,32,1.928728907626237,12,32,6.9375,15,2,3.459868357170507,7,0.0,0.0,0.0,1.5001772954918995,0.21212121212121213,1.53113944954427,0.2,0.07692307692307693,0.25715617715617717,0
18,75.94117647058823,118.0,10.0,33.61979561864477,4,18,1.9546859463692776,6,18,38.166666666666664,53,2,2.1699250005766952,8,0.0,1.0,0.0,1.5336815590495776,0.42105263157894735,0.21523905420741762,0.2,0.14285714285714285,0.5341353383458647,0
16,148.2,288.0,7.0,90.8641476784619,11,16,3.327819529527819,16,16,7.5625,12,2,3.9999999976916882,0,0.0,0.0,0.0,2.326923075580261,0.0,0.6721804681638694,0.08333333333333333,0.058823529411764705,0.1857843137254902,1
23,181.5909090909091,296.0,13.0,97.46778446371121,12,23,3.4685766279566304,23,23,7.565217391304348,13,2,4.523561952738814,1,0.0,0.0,0.0,2.4444092539644524,0.041666666666666664,1.0549853247821837,0.07692307692307693,0.041666666666666664,0.2048076923076923,1
16,62.266666666666666,117.0,1.0,41.73482425451862,4,16,1.7961796913704193,9,16,30.375,53,2,2.9528195298163578,4,0.0,1.0,0.0,1.6609609855217013,0.23529411764705882,1.1566398384459384,0.2,0.1,0.4641176470588236,0
10,122.55555555555556,265.0,36.0,85.61556337114196,10,10,3.3219280934446678,10,10,8.0,14,3,3.3219280934446678,1,0.0,0.0,0.0,1.7716949831704893,0.09090909090909091,0.0,0.09090909090909091,0.09090909090909091,0.2181818181818182,1
13,57.666666666666664,108.0,9.0,31.647362537114454,4,13,1.7381493326157882,7,13,22.615384615384617,49,2,2.565448370810939,3,0.0,0.0,0.0,1.1603720323360247,0.21428571428571427,0.8272990381951506,0.2,0.125,0.2532142857142857,0
25,64.875,115.0,1.0,33.5066069355483,4,25,1.95740581084844,11,25,10.36,30,2,3.258688568864133,13,1.0,0.0,1.0,1.0890326959171748,0.5,1.301282758015693,0.2,0.08333333333333333,0.7716666666666668,0
20,133.52631578947367,299.0,16.0,89.02652970710332,12,20,3.408694967831608,20,20,7.35,14,2,4.321928092001972,1,0.0,0.0,0.0,2.117744765080966,0.047619047619047616,0.9132331241703642,0.07692307692307693,0.047619047619047616,0.20659340659340658,1
13,152.66666666666666,293.0,24.0,83.0334604575502,11,13,3.39274740886182,13,13,7.538461538461538,13,2,3.7004397162655884,2,0.0,0.0,0.0,1.9925444626045474,0.14285714285714285,0.3076923074037685,0.08333333333333333,0.07142857142857142,0.24166666666666667,1
37,67.41666666666667,119.0,4.0,35.420784074388365,4,37,1.9984464464622484,12,37,12.567567567567568,30,2,3.28625024238227,16,1.0,0.0,1.0,1.332263611776596,0.42105263157894735,1.2878037959200217,0.2,0.07692307692307693,0.7407287449392713,0
21,64.95,110.0,3.0,31.78124446902607,4,21,1.862821447022456,9,21,21.095238095238095,36,2,2.68877277810808,2,0.0,0.0,1.0,1.5329811334644523,0.09090909090909091,0.8259513310856239,0.2,0.1,0.4063636363636364,0
24,142.43478260869566,244.0,27.0,65.39168015618189,14,24,3.657268227597616,24,24,7.875,12,3,4.584962497258688,0,0.0,0.0,0.0,2.7774292050701668,0.0,0.9276942696610724,0.06666666666666667,0.04,0.18933333333333335,1
19,64.94444444444444,114.0,9.0,33.26738847283431,4,19,1.9312952796557963,8,19,35.63157894736842,63,2,2.8397755384913523,9,0.0,1.0,1.0,1.5810263483212543,0.45,0.908480258835556,0.2,0.1111111111111111,0.748888888888889,0
25,156.08333333333334,294.0,12.0,71.73034961266782,15,25,3.703465187437605,25,25,9.64,13,4,4.643856186167987,3,0.0,0.0,0.0,3.197626688189957,0.11538461538461539,0.9403909987303822,0.0625,0.038461538461538464,0.2360576923076923,1
6,144.8,255.0,22.0,85.01858620325324,5,6,2.251629166666475,6,6,8.0,16,4,2.584962499855539,0,0.0,0.0,0.0,1.216452941108489,0.0,0.333333333189064,0.16666666666666666,0.14285714285714285,0.16904761904761906,1
11,71.4,120.0,0.0,38.774218238411976,4,11,1.6858157085759522,7,11,8.363636363636363,15,2,2.7321588903546834,4,0.0,0.0,0.0,1.4281739654126753,0.3333333333333333,1.0463431817787312,0.2,0.125,0.30083333333333334,0
6,133.2,254.0,9.0,102.20841452639797,4,6,1.9182958334774112,6,6,8.166666666666666,16,3,2.584962499855539,0,0.0,0.0,0.0,1.2417957107149158,0.0,0.666666666378128,0.2,0.14285714285714285,0.16571428571428576,1
28,66.66666666666667,120.0,5.0,35.2462238586816,4,28,1.9402859580935528,9,28,45.42857142857143,78,2,2.702508600418196,16,0.0,1.0,0.0,1.5540646201319825,0.5517241379310345,0.7622226423246432,0.2,0.1,0.5906896551724138,0
23,171.5,288.0,16.0,84.24355923586843,11,23,3.294663584622639,23,23,8.565217391304348,19,2,4.523561952738814,0,0.0,0.0,0.0,1.9372645754120572,0.0,1.228898368116175,0.08333333333333333,0.041666666666666664,0.1875,1
9,71.375,113.0,8.0,35.89198204334779,4,9,1.8910611114955744,7,9,6.111111111111111,15,2,2.725480555987981,1,0.0,0.0,0.0,1.040982156800965,0.1,0.8344194444924067,0.2,0.125,0.20750000000000002,0
15,172.85714285714286,285.0,40.0,85.62864769528039,11,15,3.323231427210656,15,15,9.733333333333333,19,4,3.906890593444476,1,0.0,0.0,0.0,1.9013534221429782,0.0625,0.58365916623382,0.08333333333333333,0.0625,0.21041666666666667,1
19,132.77777777777777,261.0,25.0,78.35500094339548,11,19,3.260828169637491,19,19,8.31578947368421,13,3,4.247927510702465,1,0.0,0.0,0.0,2.523205062748081,0.05,0.9870993410649742,0.08333333333333333,0.05,0.20666666666666667,1
29,55.42857142857143,120.0,0.0,34.82653808666662,4,29,1.8390542696665393,9,29,28.24137931034483,53,2,2.7750026504992604,2,0.0,1.0,0.0,1.4512944896289237,0.06666666666666667,0.9359483808327211,0.2,0.1,0.3966666666666667,0
7,93.0,215.0,2.0,70.33017370470041,5,7,2.1280852781700466,6,7,8.0,14,2,2.5216406354777012,0,0.0,0.0,0.0,1.3448750055881074,0.0,0.3935553573076547,0.16666666666666666,0.14285714285714285,0.16904761904761906,1
6,78.4,114.0,25.0,30.123744787127645,4,6,1.7924812497835,5,6,45.666666666666664,78,3,2.251629166666475,2,0.0,1.0,0.0,1.301574665963321,0.2857142857142857,0.45914791688297507,0.2,0.16666666666666666,0.4776190476190476,0
15,173.35714285714286,300.0,9.0,88.79318437716228,12,15,3.5068905938772845,15,15,10.4,15,4,3.906890593444476,0,0.0,0.0,0.0,2.5394788857389097,0.0,0.39999999956719146,0.07692307692307693,0.0625,0.1860576923076923,1
32,62.483870967741936,120.0,2.0,34.78586194802741,4,32,1.9822367172264044,10,32,38.375,63,2,2.8604928620717853,17,0.0,1.0,1.0,1.7151783372188245,0.5151515151515151,0.878256144845381,0.2,0.09090909090909091,0.776969696969697,0
13,63.166666666666664,115.0,15.0,32.791851968980886,4,13,1.9877733709109062,6,13,26.384615384615383,36,3,2.4116022171090545,5,0.0,0.0,1.0,1.7197080259218414,0.35714285714285715,0.4238288461981483,0.2,0.14285714285714285,0.5085714285714286,0
15,143.57142857142858,298.0,14.0,78.59181553691043,11,15,3.3735572606882207,15,15,8.933333333333334,14,6,3.906890593444476,2,0.0,0.0,0.0,2.326770397873599,0.125,0.5333333327562553,0.08333333333333333,0.0625,0.23541666666666666,1
39,61.578947368421055,120.0,5.0,38.8273042688609,4,39,1.9232071210593276,9,39,42.15384615384615,78,2,2.788816544110637,11,0.0,1.0,0.0,1.4880929563511482,0.275,0.8656094230513096,0.2,0.1,0.4800000000000001,0
17,170.3125,280.0,15.0,90.07477362586042,11,17,3.2927701923500257,17,17,8.411764705882353,12,2,4.087462838797758,0,0.0,0.0,0.0,2.644828895692667,0.0,0.7946926464477322,0.08333333333333333,0.05555555555555555,0.18611111111111112,1
14,162.46153846153845,268.0,67.0,58.570950248546865,13,14,3.664497777324958,14,14,7.928571428571429,14,2,3.8073549200378314,1,0.0,0.0,0.0,2.0124590291628537,0.06666666666666667,0.1428571427128733,0.07142857142857142,0.06666666666666667,0.21285714285714286,1
23,169.77272727272728,299.0,20.0,77.98947004574738,12,23,3.4685766279566304,23,23,9.173913043478262,14,2,4.523561952738814,0,0.0,0.0,0.0,2.766584266747507,0.0,1.0549853247821837,0.07692307692307693,0.041666666666666664,0.18814102564102564,1
12,130.63636363636363,272.0,19.0,85.23899313350213,8,12,2.8553885410533777,12,12,5.916666666666667,11,2,3.5849624989899223,0,0.0,0.0,0.0,1.767585676585309,0.0,0.7295739579365446,0.1111111111111111,0.07692307692307693,0.18119658119658122,1
18,184.0,284.0,15.0,64.51903503891656,13,18,3.572431249446616,18,18,8.222222222222221,15,2,4.169924998845461,0,0.0,0.0,0.0,2.1428781244066952,0.0,0.5974937493988453,0.07142857142857142,0.05263157894736842,0.18759398496240604,1
30,60.03448275862069,120.0,0.0,36.577251983486896,4,30,1.9382689274993865,11,30,8.333333333333334,30,2,3.057425812176086,20,1.0,0.0,1.0,0.8218886591871201,0.6451612903225806,1.1191568846766997,0.2,0.08333333333333333,0.8297311827956989,0
34,54.27272727272727,115.0,2.0,35.293808133467024,4,34,1.9774178169510936,10,34,39.470588235294116,78,2,3.1229337951173144,9,0.0,1.0,0.0,1.5603042267488592,0.2571428571428571,1.1455159781662207,0.2,0.09090909090909091,0.47376623376623384,0
25,161.79166666666666,293.0,4.0,104.24649441214903,16,25,3.863465187293335,25,25,7.96,13,2,4.643856186167987,5,0.0,0.0,0.0,2.6403639458497987,0.19230769230769232,0.780390998874652,0.058823529411764705,0.038461538461538464,0.2671945701357466,1
14,65.92307692307692,117.0,2.0,36.73493733902067,4,14,1.9241743517233632,5,14,27.142857142857142,49,4,2.0202442064324084,3,0.0,0.0,0.0,1.096703997777593,0.2,0.09606985470904528,0.2,0.16666666666666666,0.24333333333333337,0
38,65.08108108108108,116.0,0.0,28.255952138685686,4,38,1.9937737537449056,11,38,31.710526315789473,63,2,3.0483535927652023,14,0.0,1.0,1.0,1.5103890128626927,0.358974358974359,1.0545798390202967,0.2,0.08333333333333333,0.7152564102564104,0
25,173.33333333333334,290.0,27.0,88.23673963957543,13,25,3.5238561878992214,25,25,8.48,14,2,4.643856186167987,1,0.0,0.0,0.0,2.625326697246969,0.038461538461538464,1.1199999982687658,0.07142857142857142,0.038461538461538464,0.2043956043956044,1
10,163.44444444444446,285.0,49.0,85.76079279161844,7,10,2.7219280938774757,10,10,8.8,19,3,3.3219280934446678,2,0.0,0.0,0.0,1.461648361115654,0.18181818181818182,0.5999999995671921,0.125,0.09090909090909091,0.25113636363636366,1
3,220.5,257.0,184.0,36.5,3,3,1.5849625002883474,3,3,8.333333333333334,10,5,1.5849625002883474,0,0.0,0.0,0.0,1.2007291668851119,0.0,0.0,0.25,0.25,0.15000000000000002,1
18,142.8235294117647,253.0,1.0,80.12801176802151,13,18,3.572431249446616,17,18,8.833333333333334,14,3,4.05881388787862,2,0.0,0.0,0.0,2.390190400639632,0.10526315789473684,0.486382638432004,0.07142857142857142,0.05555555555555555,0.22940685045948203,1
20,127.0,289.0,22.0,91.09855854194979,17,20,3.9841837173266073,19,20,8.5,16,2,4.221928092146242,1,0.0,0.0,0.0,2.110964046073121,0.047619047619047616,0.23774437481963462,0.05555555555555555,0.05,0.2084920634920635,1
20,57.421052631578945,114.0,8.0,33.38817280269307,4,20,1.6854752966502564,8,20,30.35,53,2,2.733206218192339,3,0.0,1.0,0.0,1.5361631244840277,0.14285714285714285,1.0477309215420825,0.2,0.1111111111111111,0.4260317460317461,0
10,127.66666666666667,275.0,63.0,65.37753606723201,7,10,2.6464393436611293,10,10,9.4,13,4,3.3219280934446678,0,0.0,0.0,0.0,2.2304374341699913,0.0,0.6754887497835385,0.125,0.09090909090909091,0.1784090909090909,1
35,47.94117647058823,108.0,2.0,31.632021356317164,4,35,1.8775416279322399,9,35,18.542857142857144,49,2,2.9266091890808026,3,0.0,0.0,0.0,1.0853539221219664,0.08333333333333333,1.0490675611485627,0.2,0.1,0.20333333333333337,0
22,136.33333333333334,262.0,3.0,78.49860983502667,14,22,3.663532752784482,21,22,8.409090909090908,15,2,4.368522524698546,1,0.0,0.0,0.0,2.295956440537588,0.043478260869565216,0.7049897719140645,0.06666666666666667,0.045454545454545456,0.20617918313570488,1
35,59.529411764705884,115.0,12.0,35.13774181210254,4,35,1.97277839022346,9,35,28.514285714285716,49,2,2.6630427210322356,11,0.0,0.0,0.0,1.5186952203372406,0.3055555555555556,0.6902643308087757,0.2,0.1,0.29222222222222227,0
17,143.0,290.0,16.0,93.87691409499995,12,17,3.454822398215372,17,17,7.647058823529412,15,2,4.087462838797758,0,0.0,0.0,0.0,1.9535667979548108,0.0,0.632640440582386,0.07692307692307693,0.05555555555555555,0.18675213675213675,1
9,68.5,118.0,27.0,34.471002306286366,4,9,1.836591667531901,5,9,8.0,30,2,2.0588138896098536,5,1.0,0.0,1.0,0.5313068102218976,0.5,0.2222222220779526,0.2,0.16666666666666666,0.7633333333333335,0
39,55.94736842105263,120.0,0.0,38.17614808422238,4,39,1.9469774962812672,11,39,26.17948717948718,63,2,3.2186494240925203,15,0.0,1.0,1.0,1.3166029895827176,0.375,1.2716719278112532,0.2,0.08333333333333333,0.7216666666666668,0
38,69.27027027027027,120.0,2.0,29.99698061260333,4,38,1.8876489741372713,11,38,30.736842105263158,63,2,3.115834090576256,16,0.0,1.0,1.0,1.496420319816228,0.41025641025641024,1.2281851164389845,0.2,0.08333333333333333,0.7357692307692308,0
23,164.72727272727272,296.0,12.0,92.84355454114578,16,23,3.8820451058285497,22,23,7.695652173913044,19,2,4.436605431143953,2,0.0,0.0,0.0,1.7071286115488686,0.08333333333333333,0.554560325315403,0.058823529411764705,0.043478260869565216,0.22310315430520034,1
25,172.70833333333334,289.0,27.0,96.29402853009918,16,25,3.893660687379874,25,25,8.16,14,2,4.643856186167987,2,0.0,0.0,0.0,2.526257765275385,0.07692307692307693,0.7501954987881132,0.058823529411764705,0.038461538461538464,0.22104072398190044,1
14,186.15384615384616,296.0,76.0,74.40310803459154,8,14,2.950212063760591,14,14,8.214285714285714,16,2,3.8073549200378314,0,0.0,0.0,0.0,1.839688301698952,0.0,0.8571428562772403,0.1111111111111111,0.06666666666666667,0.18222222222222223,1
22,53.142857142857146,112.0,1.0,34.47605893160908,4,22,1.789929074732921,6,22,32.13636363636363,49,2,2.242572529900454,5,0.0,0.0,0.0,1.4413625260360192,0.21739130434782608,0.4526434551675331,0.2,0.14285714285714285,0.2526708074534162,0
13,66.5,111.0,6.0,34.80062259979458,4,13,1.854285871410168,6,13,6.461538461538462,11,2,2.3158243326600907,10,1.0,0.0,0.0,1.246982332970818,0.7142857142857143,0.4615384612499227,0.2,0.14285714285714285,0.6514285714285716,0
30,54.93103448275862,119.0,7.0,32.662253902085936,4,30,1.9134788028026168,8,30,39.43333333333333,63,2,2.557543731863907,17,0.0,1.0,1.0,1.57581991395573,0.5483870967741935,0.6440649290612903,0.2,0.1111111111111111,0.7882437275985664,0
5,131.5,235.0,39.0,78.64000254323496,5,5,2.3219280941660148,5,5,7.8,11,4,2.3219280941660148,0,0.0,0.0,0.0,1.5092532612079097,0.0,0.0,0.16666666666666666,0.16666666666666666,0.16666666666666669,1
24,147.95652173913044,299.0,31.0,85.14819728535173,13,24,3.5739348944085525,24,24,8.125,18,2,4.584962497258688,0,0.0,0.0,0.0,1.9606747521172023,0.0,1.011027602850136,0.07142857142857142,0.04,0.18885714285714286,1
24,148.7826086956522,292.0,3.0,93.09413493025272,12,24,3.5220552071429663,24,24,7.958333333333333,14,3,4.584962497258688,4,0.0,0.0,0.0,2.4325773249344707,0.16,1.0629072901157222,0.07692307692307693,0.04,0.25230769230769234,1
3,102.5,169.0,36.0,66.5,3,3,1.5849625002883474,3,3,6.666666666666667,9,5,1.5849625002883474,0,0.0,0.0,0.0,1.0566416668588985,0.0,0.0,0.25,0.25,0.15000000000000002,1
13,62.583333333333336,111.0,5.0,31.868109276969804,4,13,1.9877733709109062,9,13,43.61538461538461,78,2,2.931208947611897,3,0.0,1.0,0.0,1.6183013371917678,0.21428571428571427,0.943435576700991,0.2,0.1,0.45571428571428574,0
26,57.48,113.0,1.0,35.648416514622355,4,26,1.9086250474120627,9,26,20.53846153846154,36,2,2.9155792569747168,8,0.0,0.0,1.0,1.6184192549111216,0.2962962962962963,1.006954209562654,0.2,0.1,0.4885185185185186,0
21,59.45,115.0,19.0,31.369531395926206,4,21,1.9133718788221619,10,21,4.857142857142857,15,2,3.154222183240827,1,0.0,0.0,0.0,0.9575317341981081,0.045454545454545456,1.240850304418665,0.2,0.09090909090909091,0.18909090909090912,0
18,136.88235294117646,292.0,29.0,89.69023971618105,10,18,3.1971597219814543,18,18,8.277777777777779,16,2,4.169924998845461,0,0.0,0.0,0.0,2.030453675908411,0.0,0.9727652768640072,0.09090909090909091,0.05263157894736842,0.1856459330143541,1
16,135.4,283.0,17.0,72.20600159728184,11,16,3.327819529527819,16,16,9.125,18,3,3.9999999976916882,1,0.0,0.0,0.0,1.9210526304703504,0.058823529411764705,0.6721804681638694,0.08333333333333333,0.058823529411764705,0.20931372549019608,1
10,173.44444444444446,275.0,29.0,83.89028696406741,8,10,2.9219280937332064,10,10,10.1,15,5,3.3219280934446678,0,0.0,0.0,0.0,2.0969671089869464,0.0,0.3999999997114614,0.1111111111111111,0.09090909090909091,0.1797979797979798,1
38,60.5945945945946,117.0,4.0,33.54904393809115,4,38,1.982711722481889,12,38,6.605263157894737,15,2,3.4574248796779368,8,0.0,0.0,0.0,1.4273250736828325,0.20512820512820512,1.4747131571960477,0.2,0.07692307692307693,0.25435897435897437,0
9,82.875,110.0,23.0,28.62882070571542,3,9,1.5849625002883474,5,9,19.11111111111111,35,3,2.0588138896098536,1,0.0,0.0,1.0,1.0929505833731321,0.1,0.47385138932150617,0.25,0.16666666666666666,0.39833333333333343,0
15,173.14285714285714,298.0,16.0,78.52011311291716,11,15,3.3735572606882207,15,15,10.133333333333333,19,3,3.906890593444476,0,0.0,0.0,0.0,1.9794912340118676,0.0,0.5333333327562553,0.08333333333333333,0.0625,0.18541666666666667,1
10,73.0,118.0,16.0,40.0194397206602,4,10,1.9709505938775906,5,10,27.1,36,4,2.046439343949668,5,0.0,0.0,1.0,1.498878546514487,0.45454545454545453,0.07548875007207756,0.2,0.16666666666666666,0.5451515151515152,0
25,134.66666666666666,298.0,1.0,85.02679316283518,15,25,3.6838561876106826,23,25,7.88,19,2,4.453660686369988,5,0.0,0.0,0.0,1.7547423104297752,0.19230769230769232,0.7698044987593051,0.0625,0.041666666666666664,0.26650641025641025,1
24,132.69565217391303,291.0,3.0,87.35058536555496,16,24,3.8868421858226996,22,24,8.458333333333334,13,3,4.41829583088056,0,0.0,0.0,0.0,2.669387064490339,0.0,0.5314536450578609,0.058823529411764705,0.043478260869565216,0.189769820971867,1
5,121.0,297.0,36.0,103.6267340023799,5,5,2.3219280941660148,5,5,11.6,19,5,2.3219280941660148,0,0.0,0.0,0.0,1.3467182946162886,0.0,0.0,0.16666666666666666,0.16666666666666666,0.16666666666666669,1
22,65.33333333333333,119.0,14.0,34.88393453853635,4,22,1.9290908505417312,9,22,6.909090909090909,15,2,2.804596528404022,4,0.0,0.0,0.0,1.2110757736290094,0.17391304347826086,0.8755056778622907,0.2,0.1,0.23956521739130437,0
20,66.73684210526316,114.0,5.0,32.183425131355975,4,20,1.719973093444897,7,20,37.9,63,3,2.4659573199392884,10,0.0,1.0,1.0,1.4603091004015472,0.47619047619047616,0.7459842264943914,0.2,0.125,0.7579761904761905,0
25,60.583333333333336,120.0,3.0,37.15947239788112,4,25,1.884107450810008,8,25,6.4,15,2,2.7574058102713623,3,0.0,0.0,0.0,1.102962324108545,0.11538461538461539,0.8732983594613544,0.2,0.1111111111111111,0.21504273504273508,0
22,133.52380952380952,290.0,15.0,89.96487094713774,14,22,3.629219684504324,21,22,8.181818181818182,16,2,4.368522524698546,1,0.0,0.0,0.0,2.102497471780049,0.043478260869565216,0.7393028401942225,0.06666666666666667,0.045454545454545456,0.20617918313570488,1
5,140.25,297.0,31.0,110.3797422537306,5,5,2.3219280941660148,5,5,8.8,13,3,2.3219280941660148,0,0.0,0.0,0.0,1.4594976591900666,0.0,0.0,0.16666666666666666,0.16666666666666666,0.16666666666666669,1
19,126.05555555555556,287.0,21.0,82.92397604112539,14,19,3.6818808007836297,19,19,7.0,12,2,4.247927510702465,1,0.0,0.0,0.0,2.287345582685943,0.05,0.5660467099188353,0.06666666666666667,0.05,0.20833333333333334,1
38,51.75675675675676,105.0,4.0,29.93813928880631,4,38,1.978484592931573,8,38,33.44736842105263,63,2,2.7694851578845863,24,0.0,1.0,1.0,1.4473748501937949,0.6153846153846154,0.7910005649530132,0.2,0.1111111111111111,0.8150427350427351,0
33,64.0625,119.0,9.0,33.23301963033152,4,33,1.687522882451336,10,33,27.272727272727273,53,2,3.021033513880395,4,0.0,1.0,0.0,1.5257745019597957,0.11764705882352941,1.3335106314290592,0.2,0.09090909090909091,0.4179679144385027,0
32,55.16129032258065,120.0,1.0,34.910112015227234,4,32,1.9715667050296533,9,32,37.40625,63,2,2.8089645631248645,15,0.0,1.0,1.0,1.6417629795217104,0.45454545454545453,0.8373978580952113,0.2,0.1,0.7518181818181818,0
7,144.33333333333334,253.0,55.0,67.0464184145747,7,7,2.8073549210477173,7,7,8.142857142857142,13,3,2.8073549210477173,1,0.0,0.0,0.0,1.6328492908134682,0.125,0.0,0.125,0.125,0.22500000000000003,1
9,131.25,278.0,9.0,77.60114367713919,8,9,2.947702778065934,9,9,8.777777777777779,13,4,3.169925000143887,1,0.0,0.0,0.0,1.9874926588203738,0.1,0.22222222207795284,0.1111111111111111,0.1,0.2188888888888889,1
8,61.0,107.0,11.0,35.960295565287794,4,8,1.7499999994229218,3,8,30.25,36,24,1.5612781240263243,5,0.0,0.0,1.0,1.2764503581566569,0.5555555555555556,0.18872187539659757,0.2,0.25,0.5772222222222223,0
11,70.0,110.0,20.0,27.15879231482873,4,11,1.9362600269544492,6,11,18.363636363636363,36,3,2.4817145721204557,2,0.0,0.0,1.0,1.2317109178583097,0.16666666666666666,0.5454545451660064,0.2,0.14285714285714285,0.4323809523809524,0
17,133.8125,288.0,7.0,80.40383911076634,13,17,3.572469456894632,17,17,8.352941176470589,18,2,4.087462838797758,1,0.0,0.0,0.0,1.7969650870256397,0.05555555555555555,0.514993381903126,0.07142857142857142,0.05555555555555555,0.20952380952380953,1
5,188.5,231.0,104.0,49.63113941871575,5,5,2.3219280941660148,5,5,7.8,13,2,2.3219280941660148,0,0.0,0.0,0.0,1.2936456524639226,0.0,0.0,0.16666666666666666,0.16666666666666666,0.16666666666666669,1
5,65.5,100.0,2.0,37.79880950506246,2,5,0.9709505941661296,5,5,4.6,7,2,2.3219280941660148,2,1.0,0.0,0.0,1.3351086541454584,0.3333333333333333,1.3509774999998851,0.3333333333333333,0.16666666666666666,0.4833333333333334,0
32,48.096774193548384,115.0,0.0,32.62727420199605,4,32,1.8999887657967371,10,32,21.375,49,2,3.05372890676062,5,0.0,0.0,0.0,1.305469107640165,0.15151515151515152,1.1537401409638828,0.2,0.09090909090909091,0.23151515151515153,0
28,52.148148148148145,115.0,0.0,33.98442312426626,4,28,1.9437545833596674,9,28,24.285714285714285,53,2,3.024635386441549,4,0.0,1.0,0.0,1.3602857558070458,0.13793103448275862,1.0808808030818815,0.2,0.1,0.4251724137931035,0
16,55.93333333333333,107.0,5.0,33.88896903451361,4,16,1.7640976549968381,7,16,32.25,53,2,2.5243974693378126,4,0.0,1.0,0.0,1.5076262664100826,0.23529411764705882,0.7602998143409745,0.2,0.125,0.4616176470588236,0
16,61.4,119.0,10.0,29.698035849755,4,16,1.7961796913704193,6,16,29.125,53,3,2.382856062826432,1,0.0,1.0,0.0,1.2851978301818487,0.058823529411764705,0.5866763714560126,0.2,0.14285714285714285,0.3892436974789917,0
32,55.38709677419355,119.0,2.0,32.714480782393636,4,32,1.9822367172264044,12,32,8.9375,30,2,3.3758072341738568,13,1.0,0.0,1.0,0.9732670050138338,0.3939393939393939,1.3935705169474524,0.2,0.07692307692307693,0.72988344988345,0
25,141.04166666666666,294.0,8.0,89.70993960475556,14,25,3.6194705687774795,25,25,6.48,16,2,4.643856186167987,1,0.0,0.0,0.0,1.7701287109628565,0.038461538461538464,1.0243856173905077,0.06666666666666667,0.038461538461538464,0.20487179487179488,1
11,150.9,259.0,50.0,73.7556099561247,5,11,2.118078208628362,11,11,9.181818181818182,16,4,3.459431617050333,3,0.0,0.0,0.0,1.868463065893495,0.25,1.3413534084219711,0.16666666666666666,0.08333333333333333,0.275,1
40,53.02564102564103,111.0,0.0,34.49079191832494,4,40,1.9634212541045715,9,40,47.65,78,2,2.7491814580743217,16,0.0,1.0,0.0,1.658208816167613,0.3902439024390244,0.7857602039697502,0.2,0.1,0.5260975609756098,0
20,167.47368421052633,295.0,38.0,83.95761362989417,14,20,3.5414460691457488,20,20,7.1,14,2,4.321928092001972,2,0.0,0.0,0.0,2.0457126302142665,0.09523809523809523,0.7804820228562233,0.06666666666666667,0.047619047619047616,0.22666666666666668,1
23,63.77272727272727,118.0,1.0,36.37548102547526,4,23,1.9141701106536952,8,23,22.91304347826087,49,2,2.79423858486732,6,0.0,0.0,0.0,1.2804902036739807,0.25,0.8800684742136247,0.2,0.1111111111111111,0.2688888888888889,0
9,72.0,119.0,23.0,32.91656118126558,4,9,1.9749375006248486,8,9,8.0,15,2,2.947702778065934,3,0.0,0.0,0.0,1.473851389032967,0.3,0.9727652774410853,0.2,0.1111111111111111,0.2888888888888889,0
34,58.96969696969697,118.0,1.0,35.22437589914022,4,34,1.9784854212787466,12,34,7.588235294117647,15,2,3.433379576062414,10,0.0,0.0,0.0,1.6283307548237185,0.2857142857142857,1.4548941547836676,0.2,0.07692307692307693,0.2865934065934066,0
33,55.34375,120.0,3.0,36.25655921261007,4,33,1.8288446054948688,9,33,29.636363636363637,53,2,2.7645367429122363,5,0.0,1.0,0.0,1.5172373370191736,0.14705882352941177,0.9356921374173675,0.2,0.1,0.42882352941176477,0
6,164.2,258.0,71.0,76.0720710905126,5,6,2.251629166666475,6,6,9.0,18,3,2.584962499855539,0,0.0,0.0,0.0,1.2244559209842028,0.0,0.333333333189064,0.16666666666666666,0.14285714285714285,0.16904761904761906,1
5,191.75,288.0,57.0,92.4834444644013,5,5,2.3219280941660148,5,5,10.6,13,9,2.3219280941660148,0,0.0,0.0,0.0,1.7580312712971253,0.0,0.0,0.16666666666666666,0.16666666666666666,0.16666666666666669,1
17,47.4375,105.0,3.0,34.1411935021317,4,17,1.9542473991150022,10,17,18.058823529411764,49,2,3.101881222033323,4,0.0,0.0,0.0,1.1203265119579178,0.2222222222222222,1.1476338229183207,0.2,0.09090909090909091,0.2597979797979798,0
15,177.0,278.0,11.0,83.34780826666736,9,15,3.0565647608325284,15,15,8.866666666666667,13,3,3.906890593444476,0,0.0,0.0,0.0,2.474364042514835,0.0,0.8503258326119476,0.1,0.0625,0.18375000000000002,1
17,160.8125,300.0,21.0,92.23964626856501,12,17,3.4992275454014585,17,17,8.882352941176471,14,3,4.087462838797758,0,0.0,0.0,0.0,2.4204191712096526,0.0,0.5882352933962993,0.07692307692307693,0.05555555555555555,0.18675213675213675,1
20,126.84210526315789,283.0,14.0,87.9463132633796,13,20,3.5086949676873385,20,20,8.65,19,2,4.321928092001972,0,0.0,0.0,0.0,1.8692338997908529,0.0,0.8132331243146336,0.07142857142857142,0.047619047619047616,0.1880952380952381,1
21,61.4,119.0,3.0,37.933362624476096,4,21,1.8423709926000305,8,21,32.76190476190476,63,2,2.717971733113644,12,0.0,1.0,1.0,1.3913426729034128,0.5454545454545454,0.8756007405136135,0.2,0.1111111111111111,0.7870707070707071,0
23,141.5,261.0,22.0,69.31466459035005,15,23,3.740953258240796,22,23,7.260869565217392,13,2,4.436605431143953,0,0.0,0.0,0.0,2.300972381990808,0.0,0.6956521729031566,0.0625,0.043478260869565216,0.18940217391304348,1
9,130.375,242.0,5.0,75.07152839126162,8,9,2.947702778065934,9,9,7.777777777777778,14,2,3.169925000143887,0,0.0,0.0,0.0,1.6436648148894226,0.0,0.22222222207795284,0.1111111111111111,0.1,0.1788888888888889,1
35,59.088235294117645,115.0,6.0,36.84815235774965,4,35,1.9672534602805425,10,35,25.457142857142856,49,2,2.9142605173499727,6,0.0,0.0,0.0,1.483774926262186,0.16666666666666666,0.9470070570694302,0.2,0.09090909090909091,0.23757575757575758,0
14,54.76923076923077,108.0,16.0,30.98176596782706,4,14,1.9852281354571732,9,14,9.0,30,2,2.9502120636163216,9,1.0,0.0,1.0,0.8565131797595773,0.6,0.9649839281591484,0.2,0.1,0.8099999999999999,0
10,70.22222222222223,116.0,30.0,33.89125674787846,4,10,1.9709505938775906,5,10,12.0,30,2,2.246439343949668,6,1.0,0.0,1.0,0.8695894234643876,0.5454545454545454,0.2754887500720773,0.2,0.16666666666666666,0.7815151515151516,0
23,130.8181818181818,299.0,13.0,87.10841539746806,16,23,3.8820451058285497,23,23,9.0,15,3,4.523561952738814,2,0.0,0.0,0.0,2.544503598415583,0.08333333333333333,0.6415168469102643,0.058823529411764705,0.041666666666666664,0.22328431372549018,1
14,32.23076923076923,81.0,0.0,24.903363523686906,4,14,1.9241743517233632,5,14,46.0,63,4,2.15596810142456,11,0.0,1.0,1.0,1.5496020728989024,0.7333333333333333,0.23179374970119682,0.2,0.16666666666666666,0.8566666666666668,0
23,140.6818181818182,291.0,10.0,86.15439964686885,15,23,3.7950885842336888,23,23,9.391304347826088,19,3,4.523561952738814,1,0.0,0.0,0.0,2.1241073517208346,0.041666666666666664,0.7284733685051252,0.0625,0.041666666666666664,0.20625,1
12,106.45454545454545,272.0,3.0,73.08819533632406,8,12,2.8553885410533777,12,12,7.833333333333333,16,3,3.5849624989899223,0,0.0,0.0,0.0,1.6518944848286896,0.0,0.7295739579365446,0.1111111111111111,0.07692307692307693,0.18119658119658122,1
20,59.36842105263158,116.0,7.0,33.22524488257273,4,20,1.8394910697230562,8,20,34.5,78,2,2.760964046289525,7,0.0,1.0,0.0,1.2057374632530204,0.3333333333333333,0.9214729765664689,0.2,0.1111111111111111,0.5022222222222222,0
32,65.06451612903226,115.0,4.0,30.881600622764573,4,32,1.94274081436707,9,32,41.0625,63,2,2.652017876521348,16,0.0,1.0,1.0,1.7015388133540288,0.48484848484848486,0.7092770621542779,0.2,0.1,0.763939393939394,0
28,49.851851851851855,117.0,0.0,31.801122393078103,4,28,1.9315602837062373,10,28,29.75,63,2,3.021068762364784,10,0.0,1.0,1.0,1.404324932505505,0.3448275862068966,1.0895084786585465,0.2,0.09090909090909091,0.7088401253918496,0
33,61.0625,115.0,0.0,32.328332678163285,4,33,1.987704258076016,9,33,19.181818181818183,36,2,3.048985892848988,8,0.0,0.0,1.0,1.5806781901502125,0.23529411764705882,1.061281634772972,0.2,0.1,0.4641176470588236,0
12,69.72727272727273,111.0,10.0,31.755002208931685,4,12,1.8879185020940548,5,12,36.166666666666664,53,4,1.9508257937967408,1,0.0,1.0,0.0,1.3065715964626319,0.07692307692307693,0.06290729170268605,0.2,0.16666666666666666,0.39410256410256417,0
38,66.02702702702703,118.0,4.0,35.96957158975654,4,38,1.9771826424084922,8,38,27.736842105263158,49,2,2.6692385417094133,10,0.0,0.0,0.0,1.4807249594535379,0.2564102564102564,0.6920558993009212,0.2,0.1111111111111111,0.27145299145299145,0
33,58.71875,118.0,1.0,31.422756856098733,4,33,1.9759583319273943,11,33,27.424242424242426,63,2,3.2189749978464133,14,0.0,1.0,1.0,1.3793429796643013,0.4117647058823529,1.243016665919019,0.2,0.08333333333333333,0.7363725490196079,0
32,66.64516129032258,118.0,13.0,31.47815257428737,4,32,1.9999999994229218,9,32,40.28125,78,2,2.8859768583345566,13,0.0,1.0,0.0,1.4715285484150489,0.3939393939393939,0.8859768589116348,0.2,0.1,0.5275757575757576,0
12,63.54545454545455,105.0,2.0,29.493801001577623,4,12,1.8553885416304556,7,12,14.416666666666666,35,2,2.6887218745309807,3,0.0,0.0,1.0,1.0767335284580084,0.23076923076923078,0.833333332900525,0.2,0.125,0.45980769230769236,0
10,60.111111111111114,112.0,12.0,38.96278693102046,4,10,1.5709505938775907,6,10,11.7,30,3,2.4464393438053986,6,1.0,0.0,1.0,0.9233335587910697,0.5454545454545454,0.8754887499278079,0.2,0.14285714285714285,0.783896103896104,0
28,53.03703703703704,118.0,3.0,30.58622478790748,4,28,1.9852281354571732,11,28,20.892857142857142,49,2,3.053090081943363,5,0.0,0.0,0.0,1.2757554985263337,0.1724137931034483,1.0678619464861896,0.2,0.08333333333333333,0.24063218390804603,0
13,137.5,292.0,41.0,92.85337904459912,9,13,2.931208947611897,13,13,8.461538461538462,12,3,3.7004397162655884,3,0.0,0.0,0.0,2.4085702295219806,0.21428571428571427,0.7692307686536912,0.1,0.07142857142857142,0.26857142857142857,1
29,60.892857142857146,119.0,6.0,33.202129111715415,4,29,1.818950293443015,12,29,10.931034482758621,30,2,3.302139080335519,10,1.0,0.0,1.0,1.1643805210971743,0.3333333333333333,1.483188786892504,0.2,0.07692307692307693,0.7056410256410258,0
14,67.61538461538461,111.0,5.0,34.20197578984281,4,14,1.877387063719535,7,14,8.071428571428571,21,2,2.6105772423217557,10,1.0,0.0,0.0,0.9577767155271376,0.6666666666666666,0.7331901786022208,0.2,0.125,0.6341666666666667,0
9,180.5,289.0,58.0,74.3555646875202,8,9,2.947702778065934,9,9,7.222222222222222,13,3,3.169925000143887,1,0.0,0.0,0.0,1.6352787699154974,0.1,0.22222222207795284,0.1111111111111111,0.1,0.2188888888888889,1
39,54.71052631578947,119.0,1.0,39.87804295911859,4,39,1.9711943392839348,10,39,11.615384615384615,30,2,3.0898726557415963,20,1.0,0.0,1.0,1.1577438486773723,0.5,1.1186783164576615,0.2,0.09090909090909091,0.7709090909090911,0
7,176.0,296.0,71.0,83.63213098644165,7,7,2.8073549210477173,7,7,8.285714285714286,14,3,2.8073549210477173,2,0.0,0.0,0.0,1.5507293849596915,0.25,0.0,0.125,0.125,0.275,1
11,57.6,119.0,15.0,32.24965116090405,3,11,1.5394847564986933,6,11,27.545454545454547,49,2,2.4130884355601405,3,0.0,0.0,0.0,1.3293923563176775,0.25,0.8736036790614472,0.25,0.14285714285714285,0.26071428571428573,0
13,151.66666666666666,290.0,10.0,87.75945659712248,10,13,3.1808329857627458,12,13,6.076923076923077,13,2,3.546593562563704,0,0.0,0.0,0.0,1.5394554474864428,0.0,0.3657605768009584,0.09090909090909091,0.07692307692307693,0.18321678321678322,1
22,138.52380952380952,279.0,5.0,82.38505357256373,13,22,3.5383105937395025,22,22,8.727272727272727,15,3,4.459431615463368,0,0.0,0.0,0.0,2.4324172447982004,0.0,0.9211210217238652,0.07142857142857142,0.043478260869565216,0.18850931677018634,1
5,59.25,99.0,9.0,32.575872973720905,5,5,2.3219280941660148,5,5,9.2,10,7,2.3219280941660148,0,0.0,0.0,0.0,1.941976224211576,0.0,0.0,0.16666666666666666,0.16666666666666666,0.16666666666666669,1
16,130.46666666666667,282.0,20.0,98.05227630651359,11,16,3.327819529527819,16,16,7.375,12,5,3.9999999976916882,1,0.0,0.0,0.0,2.269230767921246,0.058823529411764705,0.6721804681638694,0.08333333333333333,0.058823529411764705,0.20931372549019608,1
22,158.42857142857142,292.0,20.0,73.88766984485328,13,22,3.4771752315601203,22,22,7.909090909090909,19,2,4.459431615463368,0,0.0,0.0,0.0,1.7635025024786954,0.0,0.9822563839032474,0.07142857142857142,0.043478260869565216,0.18850931677018634,1
20,54.473684210526315,119.0,0.0,32.056477169705595,4,20,1.9588718478682823,9,20,33.9,63,2,2.9037016947589227,12,0.0,1.0,1.0,1.5380544914426169,0.5714285714285714,0.9448298468906404,0.2,0.1,0.7985714285714286,0
19,48.0,114.0,0.0,33.36331984546968,4,19,1.7627021997678958,8,19,19.789473684210527,36,2,2.865576854053092,4,0.0,0.0,1.0,1.5326556146855799,0.2,1.1028746542851964,0.2,0.1111111111111111,0.44888888888888895,0
12,101.27272727272727,252.0,9.0,81.29194403684326,9,12,3.022055207575775,12,12,9.416666666666666,13,3,3.5849624989899223,1,0.0,0.0,0.0,2.4113140618206024,0.07692307692307693,0.5629072914141471,0.1,0.07692307692307693,0.2130769230769231,1
15,108.14285714285714,244.0,3.0,84.78700805367457,11,15,3.323231427210656,15,15,8.333333333333334,13,2,3.906890593444476,1,0.0,0.0,0.0,2.325530115145521,0.0625,0.58365916623382,0.08333333333333333,0.0625,0.21041666666666667,1
10,197.77777777777777,297.0,50.0,77.5081039172002,8,10,2.9219280937332064,10,10,9.3,13,6,3.3219280934446678,0,0.0,0.0,0.0,2.2067093763596723,0.0,0.3999999997114614,0.1111111111111111,0.09090909090909091,0.1797979797979798,1
3,133.0,191.0,75.0,58.0,3,3,1.5849625002883474,3,3,9.333333333333334,12,5,1.5849625002883474,0,0.0,0.0,0.0,1.1379217950788134,0.0,0.0,0.25,0.25,0.15000000000000002,1
8,141.85714285714286,233.0,38.0,72.72340666904309,8,8,2.9999999988458437,8,8,10.125,19,3,2.9999999988458437,1,0.0,0.0,0.0,1.5187499994157083,0.1111111111111111,0.0,0.1111111111111111,0.1111111111111111,0.2222222222222222,1
21,53.25,119.0,1.0,34.85810522676182,4,21,1.8608288765478647,8,21,22.285714285714285,49,2,2.8511494227388763,5,0.0,0.0,0.0,1.270798028420756,0.22727272727272727,0.9903205461910116,0.2,0.1111111111111111,0.2597979797979798,0
9,165.25,276.0,7.0,101.48368095413173,7,9,2.725480555987981,9,9,8.666666666666666,15,2,3.169925000143887,1,0.0,0.0,0.0,1.7170427084112718,0.1,0.44444444415590567,0.125,0.1,0.21750000000000003,1
25,132.70833333333334,295.0,6.0,99.42982415027976,16,25,3.893660687379874,24,25,10.48,19,4,4.5638561863122575,3,0.0,0.0,0.0,2.391460641627623,0.11538461538461539,0.6701954989323835,0.058823529411764705,0.04,0.2362714932126697,1
37,49.833333333333336,116.0,2.0,34.37820692111663,4,37,1.9941050701673295,11,37,40.67567567567568,78,2,3.188618230713148,15,0.0,1.0,0.0,1.6417620380510733,0.39473684210526316,1.1945131605458186,0.2,0.08333333333333333,0.5295614035087719,0
27,64.3076923076923,120.0,5.0,33.74539197120016,4,27,1.9892936325842756,12,27,7.2592592592592595,15,2,3.4578671297413504,7,0.0,0.0,0.0,1.568847123678946,0.25,1.4685734971570747,0.2,0.07692307692307693,0.27230769230769236,0
33,69.0,118.0,17.0,28.630185119904482,4,33,1.9372985526382258,9,33,37.78787878787879,63,2,2.8497764093457794,18,0.0,1.0,1.0,1.682609461389293,0.5294117647058824,0.9124778567075535,0.2,0.1,0.781764705882353,0
15,182.0,289.0,33.0,69.02794465183752,12,15,3.45656476039972,15,15,8.133333333333333,15,3,3.906890593444476,0,0.0,0.0,0.0,1.9860027183342752,0.0,0.45032583304475615,0.07692307692307693,0.0625,0.1860576923076923,1
22,60.095238095238095,119.0,4.0,34.8819843825881,4,22,1.9362600269544492,10,22,5.181818181818182,11,2,3.118078207907014,1,0.0,0.0,0.0,1.3464428625053015,0.043478260869565216,1.1818181809525647,0.2,0.09090909090909091,0.188300395256917,0
20,172.52631578947367,291.0,28.0,75.66016014914992,11,20,3.2841837181922244,20,20,9.05,19,2,4.321928092001972,1,0.0,0.0,0.0,1.9556724616308925,0.047619047619047616,1.0377443738097476,0.08333333333333333,0.047619047619047616,0.20595238095238094,1
11,133.9,269.0,11.0,83.1004813463797,8,11,2.8453509354682804,11,11,7.636363636363637,12,5,3.459431617050333,0,0.0,0.0,0.0,2.0321136771484474,0.0,0.6140806815820525,0.1111111111111111,0.08333333333333333,0.18055555555555558,1
20,134.0,296.0,6.0,102.62553288534,13,20,3.5841837179036853,20,20,9.5,19,4,4.321928092001972,0,0.0,0.0,0.0,2.0529158437009367,0.0,0.7377443740982867,0.07142857142857142,0.047619047619047616,0.1880952380952381,1
23,175.27272727272728,299.0,16.0,82.17950519673482,14,23,3.58835434515346,23,23,7.173913043478261,13,3,4.523561952738814,0,0.0,0.0,0.0,2.3179742925524978,0.0,0.9352076075853542,0.06666666666666667,0.041666666666666664,0.18916666666666668,1
8,60.0,119.0,3.0,43.382023926967726,3,8,1.5612781240263243,4,8,37.0,53,4,1.7499999994229218,4,0.0,1.0,0.0,1.1990740736786687,0.4444444444444444,0.18872187539659757,0.25,0.2,0.5327777777777778,0
10,209.88888888888889,288.0,89.0,56.352944208689344,8,10,2.9219280937332064,10,10,6.7,13,3,3.3219280934446678,0,0.0,0.0,0.0,1.5897798732913768,0.0,0.3999999997114614,0.1111111111111111,0.09090909090909091,0.1797979797979798,1
14,53.07692307692308,104.0,2.0,36.18427524696231,4,14,1.7884504567312112,7,14,45.714285714285715,78,2,2.5566567064529364,5,0.0,1.0,0.0,1.4794396854700538,0.3333333333333333,0.7682062497217252,0.2,0.125,0.5008333333333334,0
9,47.375,78.0,8.0,22.715289454462162,4,9,1.9749375006248486,8,9,32.55555555555556,78,2,2.947702778065934,2,0.0,1.0,0.0,1.2147354626910247,0.2,0.9727652774410853,0.2,0.1111111111111111,0.44888888888888895,0
14,120.84615384615384,262.0,13.0,82.96787715166187,9,14,3.0930692064734644,14,14,8.357142857142858,18,3,3.8073549200378314,0,0.0,0.0,0.0,1.674663630242204,0.0,0.714285713564367,0.1,0.06666666666666667,0.18333333333333335,1
11,106.5,205.0,11.0,59.476465934014605,8,11,2.8453509354682804,11,11,9.0,13,4,3.459431617050333,1,0.0,0.0,0.0,2.2239203252466426,0.08333333333333333,0.6140806815820525,0.1111111111111111,0.08333333333333333,0.2138888888888889,1
35,52.73529411764706,113.0,1.0,34.21240643867747,4,35,1.9884425755325035,14,35,6.9714285714285715,15,2,3.6284451574114556,8,0.0,0.0,0.0,1.5809653900149914,0.2222222222222222,1.640002581878952,0.2,0.06666666666666667,0.26222222222222225,0
22,190.61904761904762,300.0,17.0,80.05264707587673,13,22,3.503997525459345,22,22,7.909090909090909,13,2,4.459431615463368,1,0.0,0.0,0.0,2.5192892892552794,0.043478260869565216,0.9554340900040228,0.07142857142857142,0.043478260869565216,0.20590062111801244,1
6,77.8,114.0,38.0,30.12241690170296,4,6,1.7924812497835,3,6,40.833333333333336,53,34,1.459147916594436,2,0.0,1.0,0.0,1.103368023350731,0.2857142857142857,0.333333333189064,0.2,0.25,0.4692857142857143,0
7,51.166666666666664,118.0,11.0,34.748701014890074,3,7,1.5566567070300144,6,7,35.714285714285715,63,2,2.5216406354777012,3,0.0,1.0,1.0,1.4071655331906816,0.375,0.9649839284476869,0.25,0.14285714285714285,0.7107142857142857,0
12,130.8181818181818,242.0,27.0,72.94308887671286,10,12,3.2516291659451277,11,12,10.333333333333334,19,4,3.418295832467525,0,0.0,0.0,0.0,1.7661195134415548,0.0,0.16666666652239748,0.09090909090909091,0.08333333333333333,0.18257575757575759,1
15,145.14285714285714,265.0,9.0,72.310695852646,11,15,3.323231427210656,14,15,7.2,19,2,3.773557260255412,1,0.0,0.0,0.0,1.3584806136919483,0.0625,0.45032583304475615,0.08333333333333333,0.06666666666666667,0.21000000000000002,1
19,129.44444444444446,286.0,2.0,100.80741938205311,13,19,3.5766176430331624,19,19,8.736842105263158,14,2,4.247927510702465,2,0.0,0.0,0.0,2.474231462374067,0.1,0.6713098676693026,0.07142857142857142,0.05,0.22785714285714287,1
39,59.18421052631579,117.0,6.0,34.23283685459874,4,39,1.9563690408034455,10,39,24.564102564102566,36,2,2.903689965258518,15,0.0,0.0,1.0,1.927744273539612,0.375,0.9473209244550724,0.2,0.09090909090909091,0.520909090909091,0
25,141.95833333333334,272.0,24.0,72.02515715976529,16,25,3.863465187293335,25,25,8.28,15,2,4.643856186167987,1,0.0,0.0,0.0,2.403195576341933,0.038461538461538464,0.780390998874652,0.058823529411764705,0.038461538461538464,0.20565610859728506,1
39,62.473684210526315,120.0,7.0,32.808645235914064,4,39,1.9711943392839348,10,39,22.846153846153847,36,2,2.939660077538424,13,0.0,0.0,1.0,1.8151331455902535,0.325,0.9684657382544892,0.2,0.09090909090909091,0.500909090909091,0
18,145.8235294117647,276.0,29.0,76.69437842280814,10,18,3.155221527416817,17,18,7.555555555555555,18,2,4.05881388787862,0,0.0,0.0,0.0,1.6140312536593342,0.0,0.9035923604618032,0.09090909090909091,0.05555555555555555,0.18535353535353535,1
25,57.208333333333336,106.0,6.0,29.51691487755604,4,25,1.825451398734568,12,25,5.56,15,2,3.383465187870413,5,0.0,0.0,0.0,1.1757541527849684,0.19230769230769232,1.5580137891358452,0.2,0.07692307692307693,0.24923076923076926,0
14,158.69230769230768,298.0,15.0,80.55803891068908,11,14,3.378783491899211,13,14,8.857142857142858,13,3,3.664497777324958,1,0.0,0.0,0.0,2.3183557366749734,0.06666666666666667,0.28571428542574706,0.08333333333333333,0.07142857142857142,0.2111904761904762,1
15,54.0,89.0,4.0,24.61706725018234,4,15,1.9329145634023197,7,15,33.6,63,3,2.5995812296361778,9,0.0,1.0,1.0,1.3647801455589934,0.5625,0.6666666662338581,0.2,0.125,0.7925000000000001,0
10,182.88888888888889,260.0,71.0,69.5005107006727,7,10,2.6464393436611293,10,10,8.6,13,2,3.3219280934446678,0,0.0,0.0,0.0,2.0406129716874384,0.0,0.6754887497835385,0.125,0.09090909090909091,0.1784090909090909,1
5,178.5,232.0,110.0,45.79574216016157,4,5,1.9219280943102843,5,5,8.0,14,2,2.3219280941660148,0,0.0,0.0,0.0,1.2383616502218746,0.0,0.3999999998557304,0.2,0.16666666666666666,0.16333333333333336,1
10,103.33333333333333,198.0,30.0,63.82267099811268,8,10,2.8464393435168596,10,10,8.1,13,3,3.3219280934446678,0,0.0,0.0,0.0,1.9219726826358432,0.0,0.4754887499278082,0.1111111111111111,0.09090909090909091,0.1797979797979798,1
9,49.625,95.0,2.0,35.3869237854889,4,9,1.8910611114955744,5,9,34.22222222222222,53,4,2.0588138896098536,1,0.0,1.0,0.0,1.3047627119338168,0.1,0.16775277811427913,0.2,0.16666666666666666,0.40333333333333343,0
34,65.33333333333333,117.0,1.0,35.55760726403612,4,34,1.9670849635462608,9,34,35.0,63,2,2.9200927084310027,19,0.0,1.0,1.0,1.5969256999232047,0.5428571428571428,0.9530077448847418,0.2,0.1,0.7871428571428573,0
12,146.0,282.0,2.0,92.22600698087479,9,12,3.0849624994227307,12,12,9.583333333333334,19,4,3.5849624989899223,1,0.0,0.0,0.0,1.7177945307660045,0.07692307692307693,0.49999999956719154,0.1,0.07692307692307693,0.2130769230769231,1
15,167.5,249.0,23.0,64.90735155368986,11,15,3.2402239273548874,14,15,6.866666666666666,13,2,3.773557260255412,0,0.0,0.0,0.0,1.850839989553845,0.0,0.5333333329005248,0.08333333333333333,0.06666666666666667,0.185,1
3,227.0,235.0,219.0,8.0,3,3,1.5849625002883474,3,3,6.0,8,3,1.5849625002883474,0,0.0,0.0,0.0,1.0566416668588983,0.0,0.0,0.25,0.25,0.15000000000000002,1
19,176.72222222222223,293.0,2.0,91.32287382660829,9,19,3.0503018541365563,19,19,7.842105263157895,13,2,4.247927510702465,0,0.0,0.0,0.0,2.3794781920852155,0.0,1.1976256565659087,0.1,0.05,0.185,1
19,145.94444444444446,286.0,8.0,92.79934878975428,14,19,3.6421498796171314,19,19,8.68421052631579,16,3,4.247927510702465,1,0.0,0.0,0.0,2.1699939296158104,0.05,0.6057776310853336,0.06666666666666667,0.05,0.20833333333333334,1
15,58.357142857142854,118.0,11.0,35.08277384141915,4,15,1.9655962297805238,7,15,22.4,47,2,2.549255396158613,6,0.0,1.0,0.0,1.1896525182073527,0.375,0.5836591663780892,0.2,0.125,0.5175000000000001,0
18,132.41176470588235,261.0,4.0,80.52917543900355,10,18,3.239097916546091,18,18,8.666666666666666,13,3,4.169924998845461,0,0.0,0.0,0.0,2.581382142142428,0.0,0.9308270822993703,0.09090909090909091,0.05263157894736842,0.1856459330143541,1
21,152.85,299.0,15.0,89.77598509623829,13,21,3.5585186111734024,20,21,9.380952380952381,18,2,4.297079324655274,2,0.0,0.0,0.0,2.121615606408745,0.09090909090909091,0.7385607134818719,0.07142857142857142,0.047619047619047616,0.22445887445887447,1
30,54.275862068965516,114.0,4.0,28.558345059416503,4,30,1.9838711126410746,9,30,26.633333333333333,49,2,2.787969547133531,7,0.0,0.0,0.0,1.485058445439794,0.22580645161290322,0.8040984344924562,0.2,0.1,0.26032258064516134,0
9,66.875,115.0,14.0,31.687684910703084,4,9,1.7527152784026265,5,9,28.11111111111111,49,3,2.113283333573527,3,0.0,0.0,0.0,1.188134851986894,0.3,0.3605680551709005,0.2,0.16666666666666666,0.2833333333333333,0
22,59.333333333333336,120.0,1.0,43.32637306738937,4,22,1.8778867308115275,10,22,6.5,15,2,2.954003640887159,3,0.0,0.0,0.0,1.2000639791104084,0.13043478260869565,1.0761169100756316,0.2,0.09090909090909091,0.2230830039525692,0
19,64.5,110.0,14.0,30.583673930891806,4,19,1.6163485654980865,9,19,19.263157894736842,49,2,2.9708400118035594,4,0.0,0.0,0.0,1.1445552045474767,0.2,1.354491446305473,0.2,0.1,0.25000000000000006,0
8,43.57142857142857,96.0,1.0,31.56334738203766,4,8,1.7499999994229218,6,8,9.0,21,2,2.4999999991343826,5,1.0,0.0,0.0,1.0227272723731566,0.5555555555555556,0.7499999997114608,0.2,0.14285714285714285,0.5879365079365081,0
18,51.05882352941177,111.0,1.0,38.91539932338187,4,18,1.991076059261144,7,18,12.277777777777779,30,3,2.641604166858707,14,1.0,0.0,1.0,1.0462267399207423,0.7368421052631579,0.6505281075975629,0.2,0.125,0.8622368421052632,0
11,106.6,257.0,2.0,86.01651004313068,10,11,3.277613435376421,11,11,7.2727272727272725,13,3,3.459431617050333,2,0.0,0.0,0.0,1.7971073335326404,0.16666666666666666,0.18181818167391217,0.09090909090909091,0.08333333333333333,0.24924242424242427,1
14,161.84615384615384,289.0,10.0,96.92094014738639,12,14,3.5216406346120843,14,14,7.785714285714286,13,2,3.8073549200378314,0,0.0,0.0,0.0,2.117355542265937,0.0,0.28571428542574706,0.07692307692307693,0.06666666666666667,0.18564102564102564,1
10,185.66666666666666,282.0,49.0,76.76081176109476,9,10,3.121928093588937,10,10,9.7,16,4,3.3219280934446678,0,0.0,0.0,0.0,1.8954530886125456,0.0,0.1999999998557307,0.1,0.09090909090909091,0.1809090909090909,1
40,59.15384615384615,120.0,3.0,35.807561485893935,4,40,1.9634212541045715,10,40,41.2,78,2,2.887757061827811,11,0.0,1.0,0.0,1.5060201385734913,0.2682926829268293,0.9243358077232395,0.2,0.09090909090909091,0.47822616407982266,0
12,171.0909090909091,242.0,34.0,62.095900238633156,8,12,2.7516291662336667,12,12,9.083333333333334,16,2,3.5849624989899223,0,0.0,0.0,0.0,1.9154946685779486,0.0,0.8333333327562555,0.1111111111111111,0.07692307692307693,0.18119658119658122,1
39,56.63157894736842,117.0,0.0,30.76431720835681,4,39,1.9376752984136876,11,39,22.076923076923077,36,2,2.990942128676206,16,0.0,0.0,1.0,1.7846161973598151,0.4,1.0532668302625185,0.2,0.08333333333333333,0.5316666666666667,0
30,60.41379310344828,120.0,6.0,39.21340133465925,4,30,1.9967916314045588,10,30,20.966666666666665,49,2,3.0540969633166934,5,0.0,0.0,0.0,1.2806846599508,0.16129032258064516,1.0573053319121346,0.2,0.09090909090909091,0.235425219941349,0
17,52.5625,108.0,7.0,34.70585100166829,4,17,1.9542473991150022,6,17,31.88235294117647,53,3,2.1451363692874357,2,0.0,1.0,0.0,1.2665184228254796,0.1111111111111111,0.19088897017243345,0.2,0.14285714285714285,0.4101587301587302,0
7,54.166666666666664,72.0,14.0,19.471489128695033,4,7,1.8423709926000305,6,7,10.714285714285714,30,3,2.5216406354777012,3,1.0,0.0,1.0,0.8715347818471317,0.375,0.6792696428776708,0.2,0.14285714285714285,0.7157142857142859,0
9,44.25,88.0,2.0,31.04734288147699,3,9,1.435520503849858,6,9,13.555555555555555,37,2,2.5032583339100283,0,0.0,1.0,0.0,0.8929751951374955,0.0,1.0677378300601703,0.25,0.14285714285714285,0.36071428571428577,0
35,63.0,117.0,1.0,34.98066692937014,4,35,1.8649373184858216,11,35,29.742857142857144,63,2,2.984331649253312,16,0.0,1.0,1.0,1.386914842353883,0.4444444444444444,1.1193943307674905,0.2,0.08333333333333333,0.7494444444444445,0
29,52.107142857142854,107.0,3.0,31.945645003566252,4,29,1.9686551344877061,9,29,30.20689655172414,53,2,2.760989824410754,6,0.0,1.0,0.0,1.544461740858123,0.2,0.7923346899230477,0.2,0.1,0.45000000000000007,0
13,133.5,242.0,4.0,81.11052130683582,8,13,2.8150724089617873,13,13,10.0,19,2,3.7004397162655884,0,0.0,0.0,0.0,1.8502198581327942,0.0,0.8853673073038011,0.1111111111111111,0.07142857142857142,0.18174603174603177,1
11,127.0,251.0,32.0,67.96763935874189,8,11,2.9139770720285956,11,11,8.818181818181818,11,4,3.459431617050333,0,0.0,0.0,0.0,2.542158082226381,0.0,0.5454545450217374,0.1111111111111111,0.08333333333333333,0.18055555555555558,1
39,49.71052631578947,116.0,0.0,29.763902452411646,4,39,1.8481266335413171,10,39,26.794871794871796,53,2,2.8013864156502923,5,0.0,1.0,0.0,1.3900516639860188,0.125,0.9532597821089752,0.2,0.09090909090909091,0.4209090909090909,0
5,142.75,225.0,9.0,80.93322865177196,5,5,2.3219280941660148,5,5,11.0,14,9,2.3219280941660148,1,0.0,0.0,0.0,1.7027472690550773,0.16666666666666666,0.0,0.16666666666666666,0.16666666666666666,0.23333333333333336,1
6,55.6,110.0,0.0,45.31931155699521,3,6,1.459147916594436,5,6,8.166666666666666,15,3,2.251629166666475,2,0.0,0.0,0.0,1.1492690538193466,0.2857142857142857,0.7924812500720391,0.25,0.16666666666666666,0.27261904761904765,0
22,177.71428571428572,284.0,10.0,87.45019962793674,12,22,3.447401502974681,22,22,9.363636363636363,17,4,4.459431615463368,1,0.0,0.0,0.0,2.3198053353168024,0.043478260869565216,1.0120301124886866,0.07692307692307693,0.043478260869565216,0.2053511705685619,1
9,42.125,81.0,10.0,21.670472422169297,3,9,1.3516441147205838,6,9,7.0,11,2,2.419381944780754,2,0.0,0.0,0.0,1.41130613445544,0.2,1.0677378300601703,0.25,0.14285714285714285,0.24071428571428577,0
18,149.47058823529412,298.0,37.0,71.75294021199232,14,18,3.683542360413458,18,18,8.38888888888889,14,3,4.169924998845461,1,0.0,0.0,0.0,2.3320691660209802,0.05263157894736842,0.4863826384320036,0.06666666666666667,0.05263157894736842,0.20912280701754388,1
33,45.71875,114.0,1.0,33.427378725193215,4,33,1.928939574827596,10,33,18.151515151515152,36,2,3.2181922237796856,8,0.0,0.0,1.0,1.5787855381196,0.23529411764705882,1.2892526489520897,0.2,0.09090909090909091,0.4650267379679145,0
5,32.75,50.0,20.0,10.848386976873567,2,5,0.9709505941661296,5,5,7.6,15,2,2.3219280941660148,1,0.0,0.0,0.0,1.102915844728857,0.16666666666666666,1.3509774999998851,0.3333333333333333,0.16666666666666666,0.2166666666666667,0
37,70.47222222222223,119.0,0.0,33.121398010543565,4,37,1.9404140849651235,9,37,43.83783783783784,78,2,2.8472887584857225,14,0.0,1.0,0.0,1.5799871249619712,0.3684210526315789,0.906874673520599,0.2,0.1,0.5173684210526316,0
22,124.04761904761905,288.0,10.0,76.62119325771316,14,22,3.606936730155548,22,22,8.681818181818182,14,2,4.459431615463368,2,0.0,0.0,0.0,2.581064965313646,0.08695652173913043,0.8524948853078196,0.06666666666666667,0.043478260869565216,0.223768115942029,1
13,46.333333333333336,104.0,2.0,33.27745316109526,4,13,1.950063755859132,8,13,38.53846153846154,78,2,2.873140678358977,5,0.0,1.0,0.0,1.4016002725003383,0.35714285714285715,0.9230769224998447,0.2,0.1111111111111111,0.5117460317460317,0
5,123.5,229.0,50.0,71.56989590603021,5,5,2.3219280941660148,5,5,8.8,11,5,2.3219280941660148,1,0.0,0.0,0.0,1.7027472690550776,0.16666666666666666,0.0,0.16666666666666666,0.16666666666666666,0.23333333333333336,1
13,55.333333333333336,108.0,11.0,30.795923251120254,4,13,1.950063755859132,7,13,7.3076923076923075,21,3,2.441629872777338,10,1.0,0.0,0.0,0.811030901796668,0.7142857142857143,0.49156611691820573,0.2,0.125,0.6532142857142859,0
3,167.5,190.0,145.0,22.5,3,3,1.5849625002883474,3,3,8.333333333333334,14,2,1.5849625002883474,1,0.0,0.0,0.0,0.8805347223824153,0.25,0.0,0.25,0.25,0.25,1
3,24.0,28.0,20.0,4.0,2,3,0.9182958337659504,3,3,8.0,11,3,1.5849625002883474,0,0.0,0.0,0.0,1.0566416668588983,0.0,0.666666666522397,0.3333333333333333,0.25,0.1416666666666667,1
29,58.5,120.0,4.0,40.33564534892538,4,29,1.9568813279257737,9,29,30.06896551724138,53,2,2.8483025477086668,5,0.0,1.0,0.0,1.5860279831430126,0.16666666666666666,0.891421219782893,0.2,0.1,0.4366666666666667,0
5,128.5,184.0,5.0,72.78220936465175,5,5,2.3219280941660148,5,5,9.0,14,5,2.3219280941660148,0,0.0,0.0,0.0,1.3931568564996089,0.0,0.0,0.16666666666666666,0.16666666666666666,0.16666666666666669,1
15,174.21428571428572,294.0,49.0,70.98810621850532,13,15,3.6402239270663483,15,15,8.533333333333333,14,2,3.906890593444476,3,0.0,0.0,0.0,2.2225866487150796,0.1875,0.26666666637812764,0.07142857142857142,0.0625,0.26160714285714287,1
3,28.5,34.0,23.0,5.5,3,3,1.5849625002883474,3,3,10.0,15,7,1.5849625002883474,1,0.0,0.0,0.0,0.9906015626802172,0.25,0.0,0.25,0.25,0.25,1
21,57.05,106.0,3.0,30.380051020365322,4,21,1.938708496709756,7,21,43.285714285714285,78,3,2.5867866141072717,10,0.0,1.0,0.0,1.4173532442576913,0.45454545454545453,0.6480781173975156,0.2,0.125,0.5493181818181818,0
27,61.42307692307692,120.0,5.0,34.676719165327704,4,27,1.9749375006248486,8,27,38.48148148148148,63,2,2.5056632064463287,16,0.0,1.0,1.0,1.5065880043389672,0.5714285714285714,0.53072570582148,0.2,0.1111111111111111,0.7974603174603175,0
8,45.42857142857143,114.0,12.0,32.084073231153816,3,8,1.4056390617967578,5,8,40.5,78,3,2.155639061508219,2,0.0,1.0,0.0,1.1051061011529475,0.2222222222222222,0.749999999711461,0.25,0.16666666666666666,0.4472222222222223,0
30,64.0,118.0,6.0,34.19820523623002,4,30,1.9382689274993865,8,30,22.833333333333332,49,2,2.6616157132446543,9,0.0,0.0,0.0,1.2154711757150587,0.2903225806451613,0.7233467857452678,0.2,0.1111111111111111,0.28501792114695346,0
25,185.45833333333334,299.0,8.0,81.10742833153789,12,25,3.3638561880434907,25,25,8.8,18,2,4.643856186167987,4,0.0,0.0,0.0,2.150838654646226,0.15384615384615385,1.2799999981244965,0.07692307692307693,0.038461538461538464,0.25,1
19,123.55555555555556,289.0,20.0,77.97807542452931,13,19,3.5766176430331624,19,19,8.526315789473685,18,3,4.247927510702465,0,0.0,0.0,0.0,1.906272179318004,0.0,0.6713098676693026,0.07142857142857142,0.05,0.18785714285714286,1
20,64.84210526315789,119.0,1.0,38.640397674066094,4,20,1.940645449038268,11,20,18.95,49,2,3.146439343084051,2,0.0,0.0,0.0,1.1925005110288553,0.09523809523809523,1.2057938940457829,0.2,0.08333333333333333,0.2097619047619048,0
11,191.0,295.0,1.0,89.10779988306298,11,11,3.459431617050333,11,11,9.272727272727273,19,3,3.459431617050333,1,0.0,0.0,0.0,1.6039182951778819,0.08333333333333333,0.0,0.08333333333333333,0.08333333333333333,0.21666666666666667,1
25,115.83333333333333,285.0,1.0,100.6763240400752,13,25,3.593269687639605,24,25,9.28,19,2,4.5638561863122575,1,0.0,0.0,0.0,2.1176292704488873,0.038461538461538464,0.9705864986726525,0.07142857142857142,0.04,0.20424175824175825,1
22,184.47619047619048,294.0,32.0,77.85188565329193,12,22,3.390805480345748,22,22,9.090909090909092,18,3,4.459431615463368,2,0.0,0.0,0.0,2.1336993375422812,0.08695652173913043,1.0686261351176198,0.07692307692307693,0.043478260869565216,0.22274247491638796,1
16,44.13333333333333,101.0,2.0,34.25953233124404,4,16,1.8496017521375032,11,16,6.4375,30,2,3.2499999984130357,7,1.0,0.0,1.0,0.6748991932188361,0.4117647058823529,1.4003982462755324,0.2,0.08333333333333333,0.7363725490196079,0
4,144.33333333333334,158.0,135.0,9.877021593352701,4,4,1.9999999994229218,4,4,10.25,14,4,1.9999999994229218,0,0.0,0.0,0.0,1.36666666627233,0.0,0.0,0.2,0.2,0.16000000000000003,1
24,158.1304347826087,290.0,33.0,74.55625500707858,13,24,3.5739348944085525,23,24,8.958333333333334,18,3,4.501629164069624,3,0.0,0.0,0.0,2.1224786628837045,0.12,0.9276942696610715,0.07142857142857142,0.041666666666666664,0.23669047619047617,1
27,69.34615384615384,118.0,0.0,31.967462192880664,4,27,1.9659902813586945,7,27,28.37037037037037,49,2,2.423935761540711,2,0.0,0.0,0.0,1.3753591061779145,0.07142857142857142,0.45794548018201664,0.2,0.125,0.1960714285714286,0
31,59.3,120.0,2.0,32.49015235421342,4,31,1.9440391248468838,8,31,35.61290322580645,53,2,2.6067479242918488,8,0.0,1.0,0.0,1.7191455844792118,0.25,0.662708799444965,0.2,0.1111111111111111,0.46888888888888897,0
20,165.68421052631578,271.0,11.0,74.27619341745547,11,20,3.3086949679758773,20,20,10.6,17,2,4.321928092001972,2,0.0,0.0,0.0,2.5451354319567168,0.09523809523809523,1.0132331240260948,0.08333333333333333,0.047619047619047616,0.225,1
9,161.75,243.0,49.0,63.3556430004463,7,9,2.725480555987981,9,9,8.333333333333334,15,3,3.169925000143887,2,0.0,0.0,0.0,1.6510026042416077,0.2,0.44444444415590567,0.125,0.1,0.25750000000000006,1
29,55.17857142857143,120.0,2.0,30.65482200641357,4,29,1.9974826027156773,13,29,10.206896551724139,30,2,3.578001149156767,9,1.0,0.0,1.0,1.1780737932707486,0.3,1.5805185464410896,0.2,0.07142857142857142,0.692857142857143,0
23,168.3181818181818,294.0,24.0,85.54020126851381,14,23,3.708132062638828,23,23,8.304347826086957,14,2,4.523561952738814,3,0.0,0.0,0.0,2.504348791226416,0.125,0.8154298900999861,0.06666666666666667,0.041666666666666664,0.2391666666666667,1
18,54.05882352941177,94.0,0.0,32.60903986579271,4,18,1.9546859463692776,7,18,8.38888888888889,15,2,2.752715277969818,7,0.0,0.0,0.0,1.4432639131022311,0.3684210526315789,0.7980293316005405,0.2,0.125,0.3148684210526316,0
32,63.67741935483871,120.0,4.0,33.08287452578234,4,32,1.8869602927245632,8,32,36.78125,63,3,2.6366983455508337,14,0.0,1.0,1.0,1.5153290784733062,0.42424242424242425,0.7497380528262705,0.2,0.1111111111111111,0.7385858585858586,0
23,59.59090909090909,120.0,6.0,36.09792123315928,4,23,1.985277589931944,11,23,8.130434782608695,21,2,3.20336508592221,10,1.0,0.0,0.0,1.183852314362556,0.4166666666666667,1.2180874959902661,0.2,0.08333333333333333,0.5383333333333333,0
22,70.71428571428571,118.0,2.0,33.34115554478015,4,22,1.949464302202327,8,22,38.90909090909091,78,2,2.7767247989079653,8,0.0,1.0,0.0,1.3675928813954075,0.34782608695652173,0.8272604967056383,0.2,0.1111111111111111,0.5080193236714976,0
14,51.30769230769231,94.0,1.0,32.125677760906974,4,14,1.877387063719535,10,14,8.714285714285714,30,2,3.128085277448699,9,1.0,0.0,1.0,0.8793235111722149,0.6,1.2506982137291642,0.2,0.09090909090909091,0.8109090909090909,0
24,60.21739130434783,120.0,6.0,32.605623043644975,4,24,1.8478548138227873,10,24,33.833333333333336,78,2,2.975412895816349,8,0.0,1.0,0.0,1.2742802064361158,0.32,1.1275580819935618,0.2,0.09090909090909091,0.49890909090909097,0
20,171.68421052631578,300.0,38.0,80.98736264743566,11,20,3.2037016944703836,20,20,8.1,15,2,4.321928092001972,1,0.0,0.0,0.0,2.1879760965759982,0.047619047619047616,1.1182263975315885,0.08333333333333333,0.047619047619047616,0.20595238095238094,1
20,43.526315789473685,104.0,2.0,33.846975175513926,4,20,1.6814963289515974,8,20,36.25,63,3,2.558871847291204,8,0.0,1.0,1.0,1.4493610072547836,0.38095238095238093,0.8773755183396068,0.2,0.1111111111111111,0.7212698412698414,0
15,46.785714285714285,101.0,6.0,29.07177956966066,4,15,1.9086126982956342,7,15,31.933333333333334,53,2,2.1735572612652985,8,0.0,1.0,0.0,1.2853505285754048,0.5,0.2649445629696643,0.2,0.125,0.5675,0
25,59.166666666666664,120.0,1.0,34.8552562591195,4,25,1.9103083320921517,9,25,8.84,30,2,2.713269688216683,16,1.0,0.0,1.0,0.7737194852850154,0.6153846153846154,0.8029613561245315,0.2,0.1,0.8161538461538461,0
40,62.48717948717949,120.0,1.0,36.44727262482471,4,40,1.9894910697230563,10,40,23.525,49,2,3.0250705189214866,8,0.0,0.0,0.0,1.4232956791525593,0.1951219512195122,1.0355794491984303,0.2,0.09090909090909091,0.24895787139689582,0
20,134.31578947368422,297.0,5.0,96.68236252997096,13,20,3.546439342795512,20,20,9.05,13,3,4.321928092001972,1,0.0,0.0,0.0,2.7938178023298463,0.047619047619047616,0.7754887492064602,0.07142857142857142,0.047619047619047616,0.20714285714285713,1
14,137.53846153846155,296.0,18.0,94.19016393577685,9,14,3.039148670604645,13,14,7.714285714285714,14,4,3.664497777324958,0,0.0,0.0,0.0,1.8845988569099787,0.0,0.625349106720313,0.1,0.07142857142857142,0.18285714285714288,1
37,54.666666666666664,112.0,0.0,31.94091767971331,4,37,1.9042485336319321,9,37,34.648648648648646,63,2,2.8404943250223287,17,0.0,1.0,1.0,1.5378014040027976,0.4473684210526316,0.9362457913903965,0.2,0.1,0.7489473684210527,0
6,131.6,206.0,35.0,62.94314895205037,6,6,2.584962499855539,6,6,11.333333333333334,16,7,2.584962499855539,0,0.0,0.0,0.0,1.7233083332370263,0.0,0.0,0.14285714285714285,0.14285714285714285,0.17142857142857146,1
4,91.33333333333333,117.0,61.0,23.098821518760552,4,4,1.9999999994229218,4,4,5.75,12,2,1.9999999994229218,0,0.0,0.0,0.0,0.8846153843601384,0.0,0.0,0.2,0.2,0.16000000000000003,1
40,64.0,119.0,5.0,36.04840051218888,4,40,1.9293658868914136,9,40,29.275,53,2,2.8404685694344023,6,0.0,1.0,0.0,1.5399021735220764,0.14634146341463414,0.9111026825429887,0.2,0.1,0.4285365853658537,0
6,145.6,244.0,30.0,91.27233973115841,6,6,2.584962499855539,6,6,8.333333333333334,16,2,2.584962499855539,0,0.0,0.0,0.0,1.2671384803213428,0.0,0.0,0.14285714285714285,0.14285714285714285,0.17142857142857146,1
13,58.0,118.0,12.0,31.067131613115922,4,13,1.854285871410168,5,13,38.53846153846154,76,3,2.1339375653735693,5,0.0,1.0,0.0,1.0680346855665916,0.35714285714285715,0.2796516939634013,0.2,0.16666666666666666,0.5061904761904762,0
14,51.69230769230769,101.0,3.0,29.205859831902057,4,14,1.6893917461660097,8,14,11.285714285714286,30,3,2.950212063760591,8,1.0,0.0,1.0,1.0740403365764364,0.5333333333333333,1.2608203175945814,0.2,0.1111111111111111,0.7822222222222223,0
24,101.65217391304348,251.0,9.0,80.39230370672371,15,24,3.7516291652237803,24,24,7.958333333333333,16,2,4.584962497258688,2,0.0,0.0,0.0,2.146391757295121,0.08,0.8333333320349081,0.0625,0.04,0.22175,1
19,155.61111111111111,273.0,11.0,74.50513695107718,12,19,3.431623564116197,19,19,9.210526315789474,18,2,4.247927510702465,1,0.0,0.0,0.0,2.0592446381521645,0.05,0.816303946586268,0.07692307692307693,0.05,0.2073076923076923,1
12,60.36363636363637,120.0,14.0,33.81842619657549,4,12,1.5510981704301867,8,12,21.166666666666668,49,2,2.8553885410533777,1,0.0,0.0,0.0,1.20878114904593,0.07692307692307693,1.304290370623191,0.2,0.1111111111111111,0.1996581196581197,0
7,57.333333333333336,120.0,1.0,44.75737059102357,3,7,1.1488348538481081,5,7,37.714285714285715,63,2,2.235926349907685,4,0.0,1.0,1.0,1.3175994561956001,0.5,1.087091496059577,0.25,0.16666666666666666,0.7583333333333334,0
11,142.1,288.0,16.0,84.54874333779303,9,11,3.095795253702508,11,11,9.272727272727273,14,2,3.459431617050333,1,0.0,0.0,0.0,2.1385577269038425,0.08333333333333333,0.3636363633478248,0.1,0.08333333333333333,0.21500000000000002,1
9,172.375,274.0,37.0,70.16754502617289,8,9,2.947702778065934,9,9,10.666666666666666,16,5,3.169925000143887,1,0.0,0.0,0.0,1.9889725491098897,0.1,0.22222222207795284,0.1111111111111111,0.1,0.2188888888888889,1
3,115.0,137.0,93.0,22.0,3,3,1.5849625002883474,3,3,10.0,12,7,1.5849625002883474,0,0.0,0.0,0.0,1.2192019232987288,0.0,0.0,0.25,0.25,0.15000000000000002,1
27,63.07692307692308,119.0,1.0,37.32180541939677,4,27,1.9892936325842756,10,27,44.074074074074076,78,2,2.8238147048904914,14,0.0,1.0,0.0,1.5754052971494068,0.5,0.8345210723062157,0.2,0.09090909090909091,0.5709090909090909,0
16,174.06666666666666,291.0,9.0,95.52484260942573,12,16,3.499999998268766,16,16,9.75,16,2,3.9999999976916882,0,0.0,0.0,0.0,2.294117645734939,0.0,0.49999999942292206,0.07692307692307693,0.058823529411764705,0.18642533936651584,1
32,50.32258064516129,109.0,1.0,32.161274145011625,4,32,1.9943497035671707,10,32,27.125,53,2,3.0262106404719873,7,0.0,1.0,0.0,1.5201104374593082,0.21212121212121213,1.0318609369048166,0.2,0.09090909090909091,0.4557575757575758,0
15,159.28571428571428,257.0,46.0,65.9365805381294,10,15,3.240223927499157,14,15,8.066666666666666,13,2,3.773557260255412,0,0.0,0.0,0.0,2.1742877547185944,0.0,0.5333333327562553,0.09090909090909091,0.06666666666666667,0.18424242424242426,1
11,138.3,253.0,42.0,65.77241062938167,9,11,3.095795253702508,11,11,8.363636363636363,12,2,3.459431617050333,2,0.0,0.0,0.0,2.225648313067347,0.16666666666666666,0.3636363633478248,0.1,0.08333333333333333,0.24833333333333335,1
40,54.07692307692308,118.0,6.0,35.27793282462421,4,40,1.8752515256489604,10,40,32.1,53,2,2.8828400232112372,11,0.0,1.0,0.0,1.7136882360200132,0.2682926829268293,1.0075884975622769,0.2,0.09090909090909091,0.47822616407982266,0
33,64.65625,115.0,4.0,34.32073842354649,4,33,1.9759583319273943,11,33,7.333333333333333,15,2,3.403819406031561,9,0.0,0.0,0.0,1.5600838944311322,0.2647058823529412,1.4278610741041668,0.2,0.08333333333333333,0.2775490196078432,0
31,67.2,119.0,6.0,31.02729980732022,4,31,1.878778234966102,10,31,28.70967741935484,53,2,2.9582510514949147,3,0.0,1.0,0.0,1.5727858039608569,0.09375,1.0794728165288128,0.2,0.09090909090909091,0.40840909090909094,0
3,97.0,176.0,18.0,79.0,3,3,1.5849625002883474,3,3,5.333333333333333,9,2,1.5849625002883474,1,0.0,0.0,0.0,0.8453133334871186,0.25,0.0,0.25,0.25,0.25,1
27,64.3076923076923,116.0,0.0,34.09237364614559,4,27,1.8164445267658516,11,27,6.666666666666667,15,2,2.944004056517945,3,0.0,0.0,0.0,1.2266683568824772,0.10714285714285714,1.1275595297520935,0.2,0.08333333333333333,0.21452380952380956,0
29,64.92857142857143,120.0,7.0,39.428894926209146,4,29,1.9686551344877061,9,29,29.379310344827587,53,2,2.8777767881318854,6,0.0,1.0,0.0,1.5656869881790336,0.2,0.9091216536441793,0.2,0.1,0.45000000000000007,0
6,38.2,71.0,16.0,24.45730974575904,4,6,1.9182958334774112,5,6,26.833333333333332,49,2,2.251629166666475,1,0.0,0.0,0.0,1.2083743194443415,0.14285714285714285,0.333333333189064,0.2,0.16666666666666666,0.2204761904761905,0
18,138.94117647058823,250.0,17.0,86.59267092219437,11,18,3.350209027512933,18,18,9.88888888888889,14,4,4.169924998845461,1,0.0,0.0,0.0,2.7490616659055265,0.05263157894736842,0.8197159713325286,0.08333333333333333,0.05263157894736842,0.20745614035087723,1
36,65.68571428571428,118.0,1.0,37.66754679605048,4,36,1.9668103127765777,10,36,33.47222222222222,78,2,2.8928647652485866,9,0.0,1.0,0.0,1.2257039529270557,0.24324324324324326,0.9260544524720089,0.2,0.09090909090909091,0.46820638820638827,0
5,126.25,237.0,38.0,71.306994748061,5,5,2.3219280941660148,5,5,8.2,12,7,2.3219280941660148,0,0.0,0.0,0.0,1.4646007978585631,0.0,0.0,0.16666666666666666,0.16666666666666666,0.16666666666666669,1
13,140.83333333333334,252.0,1.0,79.52131091027668,9,13,3.0269868320608615,12,13,8.076923076923077,15,3,3.546593562563704,1,0.0,0.0,0.0,1.7903477118711006,0.07142857142857142,0.5196067305028427,0.1,0.07692307692307693,0.2108791208791209,1
18,60.588235294117645,117.0,9.0,33.068660876726334,4,18,1.8776402825963432,8,18,8.0,15,3,2.7744019181346147,5,0.0,0.0,0.0,1.3872009590673073,0.2631578947368421,0.8967616355382715,0.2,0.1111111111111111,0.27415204678362576,0
20,137.6315789473684,300.0,16.0,94.55002047165901,11,20,3.2037016944703836,20,20,10.3,19,2,4.321928092001972,0,0.0,0.0,0.0,2.2257929673810155,0.0,1.1182263975315885,0.08333333333333333,0.047619047619047616,0.1869047619047619,1
6,101.2,246.0,7.0,108.75182757085051,6,6,2.584962499855539,6,6,7.166666666666667,13,3,2.584962499855539,0,0.0,0.0,0.0,1.323254613021288,0.0,0.0,0.14285714285714285,0.14285714285714285,0.17142857142857146,1
34,65.18181818181819,118.0,3.0,38.5372346867322,4,34,1.8944012572130702,13,34,6.794117647058823,30,2,3.3737962950662945,19,1.0,0.0,1.0,0.739418353093277,0.5428571428571428,1.4793950378532243,0.2,0.07142857142857142,0.7900000000000001,0
19,140.5,271.0,10.0,86.55457494808951,11,19,3.3263604063657293,19,19,9.473684210526315,15,3,4.247927510702465,3,0.0,0.0,0.0,2.5152202366001437,0.15,0.9215671043367357,0.08333333333333333,0.05,0.24666666666666667,1
24,132.3913043478261,257.0,25.0,78.09567105434918,16,24,3.9182958317461773,24,24,9.166666666666666,15,2,4.584962497258688,1,0.0,0.0,0.0,2.6268014307211236,0.04,0.6666666655125111,0.058823529411764705,0.04,0.20611764705882352,1
11,196.2,288.0,41.0,72.67984589967153,7,11,2.7321588903546834,11,11,6.818181818181818,13,2,3.459431617050333,0,0.0,0.0,0.0,1.6847881251868504,0.0,0.7272727266956496,0.125,0.08333333333333333,0.1791666666666667,1
14,127.07692307692308,292.0,15.0,86.95839990253654,11,14,3.378783491899211,14,14,6.857142857142857,12,3,3.8073549200378314,0,0.0,0.0,0.0,2.008275122657318,0.0,0.42857142813862037,0.08333333333333333,0.06666666666666667,0.185,1
17,56.375,112.0,3.0,30.76904897782835,4,17,1.971335284729903,8,17,22.41176470588235,49,2,2.79334519303736,4,0.0,0.0,0.0,1.2520759041732163,0.2222222222222222,0.8220099083074568,0.2,0.1111111111111111,0.25777777777777783,0
18,178.11764705882354,290.0,8.0,80.53927237356734,11,18,3.350209027512933,17,18,8.944444444444445,14,2,4.05881388787862,1,0.0,0.0,0.0,2.420255688697992,0.05263157894736842,0.7086048603656874,0.08333333333333333,0.05555555555555555,0.2071637426900585,1
35,73.38235294117646,120.0,11.0,32.47172046193095,4,35,1.935102993295169,13,35,7.914285714285715,30,2,3.514159443270011,16,1.0,0.0,1.0,0.897163286438519,0.4444444444444444,1.579056449974842,0.2,0.07142857142857142,0.7506349206349207,0
21,137.65,277.0,10.0,76.82660671928704,14,21,3.594465634941679,21,21,9.095238095238095,14,3,4.3923174197491,1,0.0,0.0,0.0,2.66327818149866,0.045454545454545456,0.7978517848074209,0.06666666666666667,0.045454545454545456,0.20696969696969697,1
5,209.25,292.0,71.0,88.56177222707323,5,5,2.3219280941660148,5,5,7.6,10,4,2.3219280941660148,0,0.0,0.0,0.0,1.6042412286965193,0.0,0.0,0.16666666666666666,0.16666666666666666,0.16666666666666669,1
22,160.1904761904762,291.0,44.0,85.36120399450964,12,22,3.447401502974681,21,22,9.954545454545455,19,2,4.368522524698546,2,0.0,0.0,0.0,2.1743328020658677,0.08695652173913043,0.9211210217238652,0.07692307692307693,0.045454545454545456,0.22254484645788994,1
13,141.5,295.0,28.0,102.06329735348876,8,13,2.873140678358977,13,13,7.538461538461538,16,2,3.7004397162655884,1,0.0,0.0,0.0,1.640918969203745,0.07142857142857142,0.8272990379066116,0.1111111111111111,0.07142857142857142,0.21031746031746032,1
16,152.93333333333334,297.0,21.0,91.78341656070315,12,16,3.499999998268766,16,16,8.3125,13,4,3.9999999976916882,2,0.0,0.0,0.0,2.37499999862944,0.11764705882352941,0.49999999942292206,0.07692307692307693,0.058823529411764705,0.2334841628959276,1
8,177.71428571428572,299.0,6.0,91.12427038424629,6,8,2.4999999991343826,8,8,6.625,12,3,2.9999999988458437,1,0.0,0.0,0.0,1.528846153257978,0.1111111111111111,0.49999999971146103,0.14285714285714285,0.1111111111111111,0.21904761904761905,1
13,56.5,118.0,8.0,32.14161373256379,4,13,1.8843135272227207,10,13,5.923076923076923,15,2,3.2389012551599357,2,0.0,0.0,0.0,1.1990163300351686,0.14285714285714285,1.354587727937215,0.2,0.09090909090909091,0.22805194805194806,0
12,60.81818181818182,102.0,16.0,29.343787268170917,4,12,1.9591479164501666,7,12,5.666666666666667,7,2,2.5849624997112697,8,1.0,0.0,0.0,1.8310151039621494,0.6153846153846154,0.6258145832611031,0.2,0.125,0.6136538461538462,0
10,101.0,234.0,3.0,78.59742715608161,8,10,2.9219280937332064,10,10,9.2,17,4,3.3219280934446678,0,0.0,0.0,0.0,1.697874358871719,0.0,0.3999999997114614,0.1111111111111111,0.09090909090909091,0.1797979797979798,1
18,46.0,116.0,3.0,32.77911817354601,4,18,1.9071996701318696,10,18,18.27777777777778,49,2,3.1971597219814543,3,0.0,0.0,0.0,1.1687394983687762,0.15789473684210525,1.2899600518495846,0.2,0.09090909090909091,0.23406698564593303,0
29,57.92857142857143,114.0,1.0,34.77676622959293,4,29,1.9497500832526535,7,29,40.51724137931034,78,2,2.6926710796531608,8,0.0,1.0,0.0,1.3810076467012062,0.26666666666666666,0.7429209964005072,0.2,0.125,0.47416666666666674,0
18,149.94117647058823,280.0,5.0,84.12069101855647,12,18,3.503258333044412,16,18,6.944444444444445,12,2,3.905764582347141,0,0.0,0.0,0.0,2.0864127042452676,0.0,0.4025062493027294,0.07692307692307693,0.058823529411764705,0.18642533936651584,1
5,40.75,104.0,7.0,38.13381045738807,2,5,0.7219280945988233,3,5,6.6,8,3,1.37095059402186,0,0.0,0.0,0.0,1.005363768949364,0.0,0.6490224994230367,0.3333333333333333,0.25,0.1416666666666667,0
35,66.05882352941177,120.0,11.0,35.43008125081632,4,35,1.907335702924794,12,35,9.571428571428571,30,2,3.2571176599185767,22,1.0,0.0,1.0,1.0056538396983623,0.6111111111111112,1.3497819569937828,0.2,0.07692307692307693,0.8167521367521368,0
20,54.8421052631579,120.0,1.0,39.783973443288545,4,20,1.940645449038268,11,20,6.9,15,2,3.2464393430840506,4,0.0,0.0,0.0,1.400026966704997,0.19047619047619047,1.3057938940457825,0.2,0.08333333333333333,0.2478571428571429,0
22,159.42857142857142,283.0,30.0,72.42044661858537,15,22,3.788754911829461,22,22,9.272727272727273,15,2,4.459431615463368,1,0.0,0.0,0.0,2.5844433225980885,0.043478260869565216,0.670676703633907,0.0625,0.043478260869565216,0.20679347826086958,1
29,61.964285714285715,115.0,1.0,29.88009626927638,4,29,1.9652114975873656,8,29,25.482758620689655,53,2,2.5758841157877597,4,0.0,1.0,0.0,1.2155672806942237,0.13333333333333333,0.6106726182003941,0.2,0.1111111111111111,0.4222222222222223,0
32,60.29032258064516,119.0,5.0,32.44070874328903,4,32,1.9575547982888204,10,32,20.125,36,2,3.097788579704903,7,0.0,0.0,1.0,1.6849458153124643,0.21212121212121213,1.1402337814160828,0.2,0.09090909090909091,0.4557575757575758,0
19,47.22222222222222,103.0,4.0,28.257851525540758,4,19,1.6068322777410318,10,19,6.421052631578948,15,2,3.221097248615262,5,0.0,0.0,0.0,1.292677185299546,0.25,1.6142649708742303,0.2,0.09090909090909091,0.27090909090909093,0
17,119.125,300.0,2.0,79.46608946588475,12,17,3.4104172510292856,17,17,8.823529411764707,16,3,4.087462838797758,0,0.0,0.0,0.0,2.121520504566311,0.0,0.6770455877684722,0.07692307692307693,0.05555555555555555,0.18675213675213675,1
30,63.41379310344828,118.0,3.0,34.8855441273408,4,30,1.9628980965380518,9,30,24.166666666666668,49,2,2.9226976797990782,7,0.0,0.0,0.0,1.4126372119028878,0.22580645161290322,0.9597995832610264,0.2,0.1,0.26032258064516134,0
11,173.5,297.0,7.0,85.40755235926153,10,11,3.277613435376421,11,11,7.454545454545454,18,2,3.459431617050333,0,0.0,0.0,0.0,1.3572889597996523,0.0,0.18181818167391217,0.09090909090909091,0.08333333333333333,0.18257575757575759,1
16,152.73333333333332,296.0,11.0,85.19191406596181,13,16,3.6249999981244967,16,16,9.0,17,3,3.9999999976916882,2,0.0,0.0,0.0,1.9999999988458441,0.11764705882352941,0.37499999956719154,0.07142857142857142,0.058823529411764705,0.23403361344537815,1
7,153.16666666666666,216.0,45.0,73.54231586115725,7,7,2.8073549210477173,7,7,9.0,16,3,2.8073549210477173,0,0.0,0.0,0.0,1.486246722907615,0.0,0.0,0.125,0.125,0.17500000000000002,1
14,133.6153846153846,220.0,22.0,60.21951953099907,9,14,3.039148670604645,14,14,10.0,19,3,3.8073549200378314,1,0.0,0.0,0.0,1.9036774600189157,0.06666666666666667,0.7682062494331863,0.1,0.06666666666666667,0.21000000000000002,1
18,131.23529411764707,294.0,23.0,78.85469094313302,12,18,3.503258333044412,18,18,7.166666666666667,19,2,4.169924998845461,0,0.0,0.0,0.0,1.4942231245862903,0.0,0.6666666658010496,0.07692307692307693,0.05263157894736842,0.1870445344129555,1
21,73.4,119.0,2.0,33.192469025367785,4,21,1.7821867596715204,8,21,12.0,30,3,2.6840172796756887,16,1.0,0.0,1.0,1.038974430842202,0.7272727272727273,0.9018305200041683,0.2,0.1111111111111111,0.8597979797979799,0
24,70.1304347826087,114.0,9.0,35.706903909012965,4,24,1.825011210247099,9,24,28.25,49,2,2.750961981464251,7,0.0,0.0,0.0,1.5542935195273015,0.28,0.925950771217152,0.2,0.1,0.28200000000000003,0
5,30.0,53.0,12.0,14.713938969562161,3,5,1.5219280944545537,4,5,10.6,30,2,1.9219280943102843,3,1.0,0.0,1.0,0.6571754128931939,0.5,0.39999999985573065,0.25,0.2,0.7550000000000001,0
10,159.0,266.0,40.0,68.56140799798868,10,10,3.3219280934446678,9,10,6.1,12,2,3.121928093588937,0,0.0,0.0,0.0,1.4649047208378858,0.0,0.1999999998557307,0.09090909090909091,0.1,0.1809090909090909,1
16,165.0,292.0,29.0,86.3334620333661,12,16,3.4528195293835493,16,16,8.75,15,2,3.9999999976916882,0,0.0,0.0,0.0,2.187499998737642,0.0,0.5471804683081389,0.07692307692307693,0.058823529411764705,0.18642533936651584,1
4,262.3333333333333,285.0,222.0,28.592928418676454,4,4,1.9999999994229218,4,4,11.0,15,7,1.9999999994229218,0,0.0,0.0,0.0,1.3749999996032587,0.0,0.0,0.2,0.2,0.16000000000000003,1
19,73.88888888888889,114.0,9.0,30.05345032676298,4,19,1.812945275682802,9,19,25.63157894736842,53,2,3.010570932970058,4,0.0,1.0,0.0,1.42899419527916,0.2,1.1976256572872561,0.2,0.1,0.45000000000000007,0
19,97.11111111111111,280.0,13.0,81.69039715691386,11,19,3.1761102499302902,19,19,8.263157894736842,19,2,4.247927510702465,1,0.0,0.0,0.0,1.7550647873165448,0.05,1.0718172607721748,0.08333333333333333,0.05,0.20666666666666667,1
15,67.57142857142857,118.0,6.0,34.6672226538356,4,15,1.7819370629696258,9,15,5.466666666666667,11,2,2.9735572609767598,1,0.0,0.0,0.0,1.3546205300005238,0.0625,1.191620198007134,0.2,0.1,0.195,0
35,60.88235294117647,110.0,15.0,29.33655088781024,4,35,1.97277839022346,12,35,8.485714285714286,30,2,3.231500604140298,22,1.0,0.0,1.0,0.8845674464789571,0.6111111111111112,1.258722213916838,0.2,0.07692307692307693,0.8167521367521368,0
9,71.625,138.0,24.0,36.32814852149776,7,9,2.725480555987981,9,9,8.666666666666666,19,3,3.169925000143887,1,0.0,0.0,0.0,1.3736341667290175,0.1,0.44444444415590567,0.125,0.1,0.21750000000000003,1
15,123.42857142857143,300.0,14.0,103.9455312622325,12,15,3.45656476039972,15,15,8.533333333333333,18,2,3.906890593444476,1,0.0,0.0,0.0,1.7546736700382208,0.0625,0.45032583304475615,0.07692307692307693,0.0625,0.2110576923076923,1
16,132.13333333333333,250.0,46.0,57.040180769543696,13,16,3.6249999981244967,16,16,8.4375,14,2,3.9999999976916882,2,0.0,0.0,0.0,2.2499999987015746,0.11764705882352941,0.37499999956719154,0.07142857142857142,0.058823529411764705,0.23403361344537815,1
33,67.59375,117.0,6.0,33.49053912581134,4,33,1.948005953103071,11,33,27.09090909090909,53,2,3.1799763167008694,6,0.0,1.0,0.0,1.595341653833096,0.17647058823529413,1.2319703635977985,0.2,0.08333333333333333,0.4422549019607844,0
23,121.72727272727273,266.0,15.0,80.95631920878512,14,23,3.653996736645935,23,23,7.782608695652174,14,2,4.523561952738814,1,0.0,0.0,0.0,2.3470075059137616,0.041666666666666664,0.8695652160928788,0.06666666666666667,0.041666666666666664,0.20583333333333334,1
24,62.69565217391305,120.0,0.0,30.93954101934469,4,24,1.8955734399780648,12,24,6.208333333333333,15,2,3.407268227886155,5,0.0,0.0,0.0,1.3220910571745756,0.2,1.5116947879080902,0.2,0.07692307692307693,0.25230769230769234,0
20,57.1578947368421,109.0,2.0,36.89424881425108,4,20,1.9527241950475767,10,20,9.15,30,2,3.0414460697228267,15,1.0,0.0,1.0,0.8977171463859311,0.7142857142857143,1.08872187467525,0.2,0.09090909090909091,0.8566233766233767,0
12,198.54545454545453,299.0,16.0,84.32552038635606,9,12,3.022055207575775,12,12,10.083333333333334,16,3,3.5849624989899223,1,0.0,0.0,0.0,2.1263748155773556,0.07692307692307693,0.5629072914141471,0.1,0.07692307692307693,0.2130769230769231,1
24,160.2173913043478,277.0,14.0,82.13083757122673,15,24,3.803508852633636,23,24,7.791666666666667,14,2,4.501629164069624,1,0.0,0.0,0.0,2.338346260225055,0.04,0.698120311435988,0.0625,0.041666666666666664,0.20558333333333334,1
33,58.71875,116.0,1.0,40.64882714713304,4,33,1.9568919536519191,11,33,10.151515151515152,30,2,3.2893593613807726,21,1.0,0.0,1.0,1.0771606901882296,0.6176470588235294,1.3324674077288534,0.2,0.08333333333333333,0.8187254901960784,0
13,52.0,95.0,11.0,24.03469714114714,4,13,1.8843135272227207,8,13,25.23076923076923,78,2,2.777362793910013,1,0.0,1.0,0.0,0.8870253129527597,0.07142857142857142,0.8930492666872922,0.2,0.1111111111111111,0.3974603174603175,0
19,145.88888888888889,282.0,6.0,77.70091440108946,10,19,3.181366327448764,18,19,8.0,16,3,4.142664352951997,1,0.0,0.0,0.0,1.9494891072715281,0.05,0.9612980255032335,0.09090909090909091,0.05263157894736842,0.20564593301435408,1
28,68.29629629629629,120.0,0.0,36.56127764889537,4,28,1.901703263041553,10,28,33.57142857142857,78,2,3.0960639577258506,6,0.0,1.0,0.0,1.3156872153084536,0.20689655172413793,1.1943606946842977,0.2,0.09090909090909091,0.4536677115987461,0
30,70.24137931034483,117.0,0.0,37.46967065223763,4,30,1.972489766297873,11,30,9.133333333333333,30,2,3.2289340464336416,20,1.0,0.0,1.0,0.9513203534653955,0.6451612903225806,1.2564442801357685,0.2,0.08333333333333333,0.8297311827956989,0
25,159.29166666666666,280.0,51.0,63.39064019150531,13,25,3.513269687639605,25,25,8.56,17,3,4.643856186167987,1,0.0,0.0,0.0,2.2084116085332206,0.038461538461538464,1.1305864985283822,0.07142857142857142,0.038461538461538464,0.2043956043956044,1
15,150.71428571428572,270.0,12.0,91.63392117662588,12,15,3.45656476039972,15,15,9.2,13,3,3.906890593444476,1,0.0,0.0,0.0,2.5673852471206557,0.0625,0.45032583304475615,0.07692307692307693,0.0625,0.2110576923076923,1
29,70.10714285714286,120.0,15.0,36.032068341681295,4,29,1.93140287719612,12,29,5.206896551724138,15,2,3.302139080335519,1,0.0,0.0,0.0,1.0746185369195331,0.03333333333333333,1.370736203139399,0.2,0.07692307692307693,0.18564102564102566,0
18,138.23529411764707,254.0,12.0,75.64042601970792,14,18,3.7254805549780947,18,18,8.166666666666666,19,2,4.169924998845461,1,0.0,0.0,0.0,1.7027193745285634,0.05263157894736842,0.4444444438673667,0.06666666666666667,0.05263157894736842,0.20912280701754388,1
34,72.3030303030303,115.0,2.0,35.33689363007626,4,34,1.9975025457920372,8,34,34.88235294117647,53,2,2.5324403282351,7,0.0,1.0,0.0,1.6358792098512136,0.2,0.5349377824430626,0.2,0.1111111111111111,0.44888888888888895,0
10,149.22222222222223,251.0,57.0,61.713995851432415,8,10,2.9219280937332064,10,10,8.9,12,2,3.3219280934446678,0,0.0,0.0,0.0,2.2742430793582726,0.0,0.3999999997114614,0.1111111111111111,0.09090909090909091,0.1797979797979798,1
17,143.4375,258.0,12.0,80.03980943099502,12,17,3.454822398215372,17,17,7.882352941176471,19,2,4.087462838797758,0,0.0,0.0,0.0,1.6109412364673519,0.0,0.632640440582386,0.07692307692307693,0.05555555555555555,0.18675213675213675,1
38,54.486486486486484,120.0,0.0,39.708139012945935,4,38,1.9680580036871649,10,38,37.26315789473684,78,2,3.0363722483875284,14,0.0,1.0,0.0,1.4322128926438176,0.358974358974359,1.0683142447003635,0.2,0.09090909090909091,0.5144988344988345,0
24,60.08695652173913,115.0,8.0,31.901905413283856,4,24,1.8647869786797329,9,24,35.958333333333336,63,2,2.9345608129878635,12,0.0,1.0,1.0,1.648779935943051,0.48,1.0697738343081307,0.2,0.1,0.7620000000000001,0
24,60.30434782608695,119.0,10.0,30.06722147427934,4,24,1.9677648370968532,8,24,25.25,36,2,2.689798188926832,9,0.0,0.0,1.0,1.8356055208216895,0.36,0.7220333518299789,0.2,0.1111111111111111,0.5128888888888888,0
25,129.45833333333334,275.0,1.0,75.85126848349707,14,25,3.643074187408797,23,25,8.64,16,2,4.483856186456527,0,0.0,0.0,0.0,2.2788539677049644,0.0,0.8407819990477301,0.06666666666666667,0.041666666666666664,0.18916666666666668,1
16,166.06666666666666,292.0,27.0,88.18122753108447,10,16,3.024397468905004,16,16,6.875,13,2,3.9999999976916882,0,0.0,0.0,0.0,1.9642857131521683,0.0,0.9756025287866841,0.09090909090909091,0.058823529411764705,0.18502673796791444,1
11,63.5,114.0,9.0,39.5050629666629,4,11,1.8230679816965827,7,11,7.454545454545454,21,2,2.5503407085365017,8,1.0,0.0,0.0,0.864165033471046,0.6666666666666666,0.7272727268399191,0.2,0.125,0.6341666666666667,0
22,51.476190476190474,120.0,1.0,34.37415841064199,4,22,1.8566532122038537,8,22,36.04545454545455,63,2,2.772185459357516,12,0.0,1.0,1.0,1.5613232026068964,0.5217391304347826,0.9155322471536622,0.2,0.1111111111111111,0.7775845410628021,0
24,158.0,294.0,4.0,83.32231811256918,14,24,3.6887218735210943,24,24,8.25,19,2,4.584962497258688,2,0.0,0.0,0.0,1.891297030119209,0.08,0.8962406237375942,0.06666666666666667,0.04,0.22133333333333335,1
34,62.60606060606061,115.0,0.0,36.50482690701982,4,34,1.851226815320114,8,34,44.64705882352941,63,2,2.520609053217245,24,0.0,1.0,1.0,1.7584028229704862,0.6857142857142857,0.6693822378971312,0.2,0.1111111111111111,0.8431746031746034,0
26,53.64,117.0,1.0,38.209820727137675,4,26,1.9006709668151212,7,26,23.076923076923077,36,2,2.6181718137689893,8,0.0,0.0,1.0,1.632955393203112,0.2962962962962963,0.7175008469538682,0.2,0.125,0.48601851851851857,0
3,169.0,189.0,149.0,20.0,3,3,1.5849625002883474,3,3,9.333333333333334,13,2,1.5849625002883474,0,0.0,0.0,0.0,1.0566416668588985,0.0,0.0,0.25,0.25,0.15000000000000002,1
5,157.25,280.0,8.0,97.21978965210735,5,5,2.3219280941660148,5,5,6.2,13,3,2.3219280941660148,1,0.0,0.0,0.0,1.0282824417020924,0.16666666666666666,0.0,0.16666666666666666,0.16666666666666666,0.23333333333333336,1
18,182.88235294117646,289.0,2.0,91.98265971682551,13,18,3.6143694440112535,18,18,8.5,15,2,4.169924998845461,2,0.0,0.0,0.0,2.2152726556366513,0.10526315789473684,0.5555555548342079,0.07142857142857142,0.05263157894736842,0.22969924812030076,1
8,126.57142857142857,237.0,34.0,62.69394398380834,8,8,2.9999999988458437,8,8,8.75,18,2,2.9999999988458437,2,0.0,0.0,0.0,1.3815789468369017,0.2222222222222222,0.0,0.1111111111111111,0.1111111111111111,0.26666666666666666,1
19,136.11111111111111,294.0,5.0,87.82045376087186,12,19,3.431623564116197,18,19,8.210526315789474,14,2,4.142664352951997,0,0.0,0.0,0.0,2.2675636458263564,0.0,0.7110407888358004,0.07692307692307693,0.05263157894736842,0.1870445344129555,1
40,52.12820512820513,119.0,1.0,34.48164096218598,4,40,1.9525093243380018,10,40,11.65,30,2,2.86595731950648,30,1.0,0.0,1.0,1.0770452507177577,0.7317073170731707,0.913447995168478,0.2,0.09090909090909091,0.8635920177383593,0
24,144.3913043478261,296.0,7.0,76.9261300833665,13,24,3.522055206998697,24,24,8.375,19,2,4.584962497258688,0,0.0,0.0,0.0,1.919953045727076,0.0,1.0629072902599916,0.07142857142857142,0.04,0.18885714285714286,1
10,70.66666666666667,117.0,29.0,29.510826638521817,4,10,1.7219280943102842,7,10,17.5,49,2,2.6464393436611293,1,0.0,0.0,0.0,0.9262537702813952,0.09090909090909091,0.9245112493508452,0.2,0.125,0.2038636363636364,0
13,47.5,110.0,3.0,32.04033915758904,4,13,1.6143308345821872,7,13,19.153846153846153,36,2,2.6235166402081287,4,0.0,0.0,1.0,1.3581198407730228,0.2857142857142857,1.0091858056259415,0.2,0.125,0.4817857142857143,0
7,56.5,109.0,2.0,33.255325388073814,4,7,1.9502120643376688,5,7,31.142857142857142,53,3,2.235926349907685,2,0.0,1.0,0.0,1.2895024980949084,0.25,0.2857142855700163,0.2,0.16666666666666666,0.4633333333333334,0
37,55.25,120.0,1.0,32.95398728193263,4,37,1.98585799332528,10,37,6.648648648648648,15,2,2.9724020146412014,7,0.0,0.0,0.0,1.2351535398677964,0.18421052631578946,0.9865440213159213,0.2,0.09090909090909091,0.24459330143540672,0
9,97.625,222.0,17.0,59.45783695191072,8,9,2.947702778065934,9,9,9.666666666666666,14,3,3.169925000143887,1,0.0,0.0,0.0,2.0428405556482825,0.1,0.22222222207795284,0.1111111111111111,0.1,0.2188888888888889,1
36,55.17142857142857,113.0,1.0,31.894008137925233,4,36,1.9031854779028743,9,36,32.25,53,2,2.8145364579363528,9,0.0,1.0,0.0,1.6809037179342106,0.24324324324324326,0.9113509800334785,0.2,0.1,0.46729729729729735,0
39,58.13157894736842,120.0,6.0,34.654817431219215,4,39,1.9647405066930712,10,39,22.256410256410255,36,2,2.8863375300006506,8,0.0,0.0,1.0,1.736203032599144,0.2,0.9215970233075794,0.2,0.09090909090909091,0.4509090909090909,0
19,52.27777777777778,117.0,1.0,36.51301983243718,4,19,1.8732214350368364,6,19,31.789473684210527,49,2,2.2942740663272447,5,0.0,0.0,0.0,1.4586753011175326,0.25,0.4210526312904084,0.2,0.14285714285714285,0.26571428571428574,0
15,126.64285714285714,261.0,7.0,90.17570716809104,12,15,3.45656476039972,15,15,9.533333333333333,15,3,3.906890593444476,1,0.0,0.0,0.0,2.327855645260667,0.0625,0.45032583304475615,0.07692307692307693,0.0625,0.2110576923076923,1
18,50.705882352941174,119.0,10.0,29.16235427009271,4,18,1.8910611114955744,7,18,33.44444444444444,53,2,2.488554861182959,3,0.0,1.0,0.0,1.5412654592923265,0.15789473684210525,0.5974937496873844,0.2,0.125,0.4306578947368422,0
15,157.5,263.0,70.0,50.013926631917805,12,15,3.5068905938772845,15,15,8.8,15,4,3.906890593444476,1,0.0,0.0,0.0,2.148789826394462,0.0625,0.39999999956719146,0.07692307692307693,0.0625,0.2110576923076923,1
3,176.5,253.0,100.0,76.5,3,3,1.5849625002883474,3,3,7.666666666666667,12,2,1.5849625002883474,0,0.0,0.0,0.0,0.9347214745290254,0.0,0.0,0.25,0.25,0.15000000000000002,1
3,201.0,203.0,199.0,2.0,3,3,1.5849625002883474,3,3,6.666666666666667,13,2,1.5849625002883474,0,0.0,0.0,0.0,0.754744047756356,0.0,0.0,0.25,0.25,0.15000000000000002,1
20,135.0,260.0,4.0,70.1524655379455,12,20,3.5219280931561285,20,20,8.45,14,2,4.321928092001972,2,0.0,0.0,0.0,2.434686158494444,0.09523809523809523,0.7999999988458435,0.07692307692307693,0.047619047619047616,0.22564102564102564,1
12,142.27272727272728,299.0,27.0,80.56740927953764,11,12,3.418295832467525,12,12,8.416666666666666,12,4,3.5849624989899223,1,0.0,0.0,0.0,2.321033412807578,0.07692307692307693,0.16666666652239703,0.08333333333333333,0.07692307692307693,0.21474358974358976,1
15,58.857142857142854,119.0,16.0,33.672492255457975,4,15,1.6894822664421043,10,15,7.733333333333333,15,2,3.1068905941658236,4,0.0,0.0,0.0,1.5016637871801481,0.25,1.4174083277237193,0.2,0.09090909090909091,0.27090909090909093,0
14,116.0,281.0,1.0,100.93333672052292,11,14,3.324862956030392,14,14,9.428571428571429,18,3,3.8073549200378314,1,0.0,0.0,0.0,1.8893640956578712,0.06666666666666667,0.4824919640074392,0.08333333333333333,0.06666666666666667,0.21166666666666667,1
13,175.58333333333334,291.0,28.0,82.89698258816313,9,13,3.0269868320608615,13,13,8.692307692307692,14,2,3.7004397162655884,0,0.0,0.0,0.0,2.144357374041084,0.0,0.6734528842047269,0.1,0.07142857142857142,0.18285714285714288,1
7,49.5,79.0,5.0,28.01636426566921,4,7,1.8423709926000305,4,7,38.857142857142854,47,2,1.8423709926000305,3,0.0,1.0,0.0,1.4914431844857388,0.375,0.0,0.2,0.2,0.51,0
22,56.666666666666664,106.0,1.0,36.49048582241069,4,22,1.8453509360453584,8,22,22.90909090909091,49,3,2.8287814819864496,3,0.0,0.0,0.0,1.2960962426556097,0.13043478260869565,0.9834305459410912,0.2,0.1111111111111111,0.22106280193236716,0
29,60.285714285714285,108.0,6.0,30.726741660339197,4,29,1.887119687018731,9,29,7.931034482758621,30,2,2.82715847694704,19,1.0,0.0,1.0,0.723299721577107,0.6333333333333333,0.9400387899283089,0.2,0.1,0.8233333333333334,0
29,45.142857142857146,119.0,0.0,37.47638712358403,4,29,1.9075146907802456,9,29,34.89655172413793,53,2,2.7103715132259083,7,0.0,1.0,0.0,1.7515299944984797,0.23333333333333334,0.8028568224456627,0.2,0.1,0.4633333333333334,0
19,174.77777777777777,288.0,6.0,77.64130884719921,13,19,3.536886721866664,19,19,9.68421052631579,16,3,4.247927510702465,1,0.0,0.0,0.0,2.4198720184806612,0.05,0.7110407888358008,0.07142857142857142,0.05,0.20785714285714285,1
38,57.24324324324324,119.0,0.0,36.36184918245852,4,38,1.8656090727769177,10,38,46.05263157894737,78,2,2.8147664656436016,18,0.0,1.0,0.0,1.640853202823552,0.46153846153846156,0.9491573928666839,0.2,0.09090909090909091,0.5555244755244756,0
24,167.04347826086956,289.0,15.0,84.99180434190703,15,24,3.772055206710158,24,24,8.958333333333334,17,3,4.584962497258688,1,0.0,0.0,0.0,2.2818679095153196,0.04,0.8129072905485306,0.0625,0.04,0.20575,1
14,139.53846153846155,282.0,20.0,88.38866563659478,9,14,2.9502120636163216,14,14,9.071428571428571,13,3,3.8073549200378314,0,0.0,0.0,0.0,2.4670105859428806,0.0,0.8571428564215098,0.1,0.06666666666666667,0.18333333333333335,1
22,134.71428571428572,266.0,20.0,73.39141175728868,15,22,3.788754911829461,22,22,8.727272727272727,14,2,4.459431615463368,0,0.0,0.0,0.0,2.594578394451414,0.0,0.670676703633907,0.0625,0.043478260869565216,0.18940217391304348,1
32,61.67741935483871,120.0,0.0,42.945116585026994,4,32,1.9620310224310333,9,32,42.8125,78,2,2.9243004865900053,8,0.0,1.0,0.0,1.5847672731915772,0.24242424242424243,0.962269464158972,0.2,0.1,0.46696969696969703,0
10,47.22222222222222,103.0,0.0,39.24220454158954,4,10,1.9219280943102843,6,10,8.8,15,3,2.4464393438053986,3,0.0,0.0,0.0,1.3455416390929693,0.2727272727272727,0.5245112494951143,0.2,0.14285714285714285,0.27480519480519483,0
39,50.23684210526316,104.0,2.0,33.04736171532441,4,39,1.9196526841337422,10,39,20.256410256410255,36,2,3.0834970127803936,11,0.0,0.0,1.0,1.6881237977106798,0.275,1.1638443286466513,0.2,0.09090909090909091,0.48090909090909095,0
31,66.2,118.0,9.0,34.31170840009768,4,31,1.974178877306449,9,31,52.096774193548384,78,2,2.7325587154343576,12,0.0,1.0,0.0,1.8019935996024856,0.375,0.7583798381279085,0.2,0.1,0.52,0
28,64.85185185185185,119.0,2.0,32.253284304431645,4,28,1.9502120643376688,8,28,34.42857142857143,53,2,2.6405322615085516,6,0.0,1.0,0.0,1.6835139550887854,0.20689655172413793,0.6903201971708828,0.2,0.1111111111111111,0.4516475095785441,0
18,165.05882352941177,298.0,23.0,88.18661402238756,12,18,3.503258333044412,18,18,9.222222222222221,15,2,4.169924998845461,2,0.0,0.0,0.0,2.4034984368345365,0.10526315789473684,0.6666666658010496,0.07692307692307693,0.05263157894736842,0.22914979757085022,1
35,51.64705882352941,120.0,0.0,39.22100454134027,4,35,1.8927435986647965,9,35,37.08571428571429,63,2,2.7575764187695557,21,0.0,1.0,1.0,1.5979170498048587,0.5833333333333334,0.8648328201047593,0.2,0.1,0.8033333333333333,0
37,55.22222222222222,117.0,4.0,34.00335858502404,4,37,1.8920932455506445,9,37,39.270270270270274,63,2,2.7739632578858022,18,0.0,1.0,1.0,1.7020982321402327,0.47368421052631576,0.8818700123351577,0.2,0.1,0.7594736842105264,0
22,114.19047619047619,272.0,1.0,88.91816411339728,15,22,3.8230679801096183,21,22,8.181818181818182,16,2,4.368522524698546,1,0.0,0.0,0.0,2.102497471780049,0.043478260869565216,0.5454545445889281,0.0625,0.045454545454545456,0.20659584980237156,1
7,140.0,223.0,13.0,70.05711955254797,6,7,2.5216406354777012,7,7,7.714285714285714,13,2,2.8073549210477173,1,0.0,0.0,0.0,1.5469098544548647,0.125,0.2857142855700161,0.14285714285714285,0.125,0.22321428571428575,1
19,58.888888888888886,116.0,6.0,31.88153225247231,4,19,1.7990156700780437,7,19,29.263157894736842,53,2,2.6153196172413895,6,0.0,1.0,0.0,1.4172687204543981,0.3,0.8163039471633458,0.2,0.125,0.48750000000000004,0
15,71.64285714285714,116.0,7.0,38.068748230493924,4,15,1.8294732977827626,7,15,40.06666666666667,78,2,2.6565647611210674,4,0.0,1.0,0.0,1.3473379083829211,0.25,0.8270914633383049,0.2,0.125,0.4675000000000001,0
22,176.28571428571428,296.0,8.0,91.6230075374307,14,22,3.606936730155548,22,22,9.181818181818182,19,3,4.459431615463368,0,0.0,0.0,0.0,2.047284514371819,0.0,0.8524948853078196,0.06666666666666667,0.043478260869565216,0.1889855072463768,1
28,57.03703703703704,117.0,9.0,34.763200510588334,4,28,1.8674116960697875,10,28,19.928571428571427,36,2,2.9946803669662136,6,0.0,0.0,1.0,1.6129649080763966,0.20689655172413793,1.1272686708964261,0.2,0.09090909090909091,0.4536677115987461,0
21,174.8,284.0,12.0,71.41400422886257,13,21,3.499227539847853,21,21,8.095238095238095,13,2,4.3923174197491,0,0.0,0.0,0.0,2.5397753787664863,0.0,0.8930898799012468,0.07142857142857142,0.045454545454545456,0.18831168831168832,1
36,53.6,120.0,1.0,36.07626841646934,4,36,1.9217406186667723,14,36,7.361111111111111,15,2,3.6178610277301164,10,0.0,0.0,0.0,1.6644673131050014,0.2702702702702703,1.6961204090633442,0.2,0.06666666666666667,0.28144144144144145,0
5,107.25,261.0,8.0,93.63860048078463,4,5,1.9219280943102843,5,5,6.8,10,3,2.3219280941660148,1,0.0,0.0,0.0,1.435373730938991,0.16666666666666666,0.3999999998557304,0.2,0.16666666666666666,0.23,1
25,58.791666666666664,119.0,7.0,33.767562303028164,4,25,1.9394705702201742,10,25,22.2,36,2,3.044889450290546,8,0.0,0.0,1.0,1.8269336701743275,0.3076923076923077,1.105418880070372,0.2,0.09090909090909091,0.49398601398601405,0
18,65.58823529411765,120.0,7.0,35.44018792861044,4,18,1.991076059261144,8,18,11.222222222222221,30,2,2.8910611109184967,10,1.0,0.0,1.0,1.0465848466049037,0.5263157894736842,0.8999850516573527,0.2,0.1111111111111111,0.7794152046783626,0
18,158.64705882352942,295.0,2.0,98.1768759023107,12,18,3.4613201384797745,18,18,9.277777777777779,18,2,4.169924998845461,2,0.0,0.0,0.0,2.0361914468046556,0.10526315789473684,0.7086048603656869,0.07692307692307693,0.05263157894736842,0.22914979757085022,1
22,53.38095238095238,120.0,6.0,33.34020337367084,4,22,1.9290908505417312,8,22,22.363636363636363,36,2,2.453115004418704,7,0.0,0.0,1.0,1.4827181599189219,0.30434782608695654,0.5240241538769728,0.2,0.1111111111111111,0.49062801932367156,0
8,151.0,295.0,47.0,87.1828947836509,8,8,2.9999999988458437,8,8,9.5,15,2,2.9999999988458437,0,0.0,0.0,0.0,1.7812499993147197,0.0,0.0,0.1111111111111111,0.1111111111111111,0.17777777777777778,1
39,61.8421052631579,119.0,2.0,37.1139967325348,4,39,1.9376752984136876,10,39,9.051282051282051,30,2,3.072485229629857,25,1.0,0.0,1.0,0.8970945294121914,0.625,1.1348099312161692,0.2,0.09090909090909091,0.8209090909090909,0
8,46.142857142857146,109.0,3.0,41.10067281836696,3,8,1.4999999995671913,5,8,22.875,49,4,2.155639061508219,0,0.0,0.0,0.0,0.9862048706400102,0.0,0.6556390619410275,0.25,0.16666666666666666,0.15833333333333335,0
37,57.55555555555556,118.0,1.0,33.45348714961022,4,37,1.8967932290981269,9,37,23.18918918918919,49,2,2.9156488939716905,7,0.0,0.0,0.0,1.3522306762311949,0.18421052631578946,1.0188556648735636,0.2,0.1,0.24368421052631584,0
17,157.4375,298.0,10.0,99.56465785483321,11,17,3.3371753395361123,16,17,9.588235294117647,15,2,3.969815780118498,2,0.0,0.0,0.0,2.378970485879835,0.1111111111111111,0.6326404405823856,0.08333333333333333,0.058823529411764705,0.23022875816993466,1
24,123.1304347826087,277.0,5.0,72.85322012388787,13,24,3.5739348944085525,24,24,8.208333333333334,18,2,4.584962497258688,2,0.0,0.0,0.0,1.9807842367543018,0.08,1.011027602850136,0.07142857142857142,0.04,0.22085714285714286,1
6,135.0,259.0,81.0,63.91556930826792,6,6,2.584962499855539,6,6,6.0,11,3,2.584962499855539,0,0.0,0.0,0.0,1.2924812499277696,0.0,0.0,0.14285714285714285,0.14285714285714285,0.17142857142857146,1
14,61.76923076923077,114.0,9.0,33.57231883138215,3,14,1.4926140675843171,6,14,33.857142857142854,63,2,2.4137995637400627,9,0.0,1.0,1.0,1.2769430727821311,0.6,0.9211854961557455,0.25,0.14285714285714285,0.8007142857142858,0
12,56.27272727272727,101.0,10.0,37.80113252053053,4,12,1.6500224210712762,4,12,48.0,63,44,1.6140054622771425,5,0.0,1.0,1.0,1.2105040967078569,0.38461538461538464,0.03601695879413369,0.2,0.2,0.713846153846154,0
26,65.08,111.0,17.0,31.169112916475502,4,26,1.9635737369458797,10,26,20.0,49,2,3.0592460835038935,7,0.0,0.0,0.0,1.2236984334015575,0.25925925925925924,1.0956723465580138,0.2,0.09090909090909091,0.27461279461279464,0
17,54.0625,118.0,0.0,36.17400439196634,4,17,1.8726696374730714,9,17,6.352941176470588,15,2,3.1018812221775924,3,0.0,0.0,0.0,1.2316293088058088,0.16666666666666666,1.229211584704521,0.2,0.1,0.2366666666666667,0
13,149.66666666666666,299.0,51.0,72.09523023211884,10,13,3.2389012551599357,13,13,8.76923076923077,14,2,3.7004397162655884,0,0.0,0.0,0.0,2.1633339879706517,0.0,0.4615384611056528,0.09090909090909091,0.07142857142857142,0.18376623376623377,1
6,130.2,211.0,86.0,44.476510654501666,6,6,2.584962499855539,6,6,10.333333333333334,15,2,2.584962499855539,1,0.0,0.0,0.0,1.6694549478233691,0.14285714285714285,0.0,0.14285714285714285,0.14285714285714285,0.2285714285714286,1
14,128.53846153846155,294.0,12.0,77.4443873763275,8,14,2.8423709920229525,14,14,7.785714285714286,13,2,3.8073549200378314,2,0.0,0.0,0.0,2.117355542265937,0.13333333333333333,0.9649839280148789,0.1111111111111111,0.06666666666666667,0.23555555555555557,1
23,148.04545454545453,282.0,4.0,80.56475502393162,14,23,3.642489671146352,21,23,7.913043478260869,19,2,4.349648909549092,3,0.0,0.0,0.0,1.7209480468215974,0.125,0.7071592384027401,0.06666666666666667,0.045454545454545456,0.2387878787878788,1
32,58.67741935483871,115.0,0.0,38.76179287505491,4,32,1.9575547982888204,7,32,24.5625,36,3,2.5977885801377116,12,0.0,0.0,1.0,1.724545459449528,0.36363636363636365,0.6402337818488912,0.2,0.125,0.5129545454545454,0
28,62.7037037037037,117.0,16.0,32.30045844739991,4,28,1.9787706544791719,12,28,10.107142857142858,30,2,3.1375375095348175,15,1.0,0.0,1.0,1.0229528976939555,0.5172413793103449,1.1587668550556456,0.2,0.07692307692307693,0.7792042440318304,0
34,59.515151515151516,114.0,2.0,34.867820722648275,4,34,1.9670849635462608,9,34,30.676470588235293,53,2,2.75701303466141,4,0.0,1.0,0.0,1.566211653132816,0.11428571428571428,0.7899280711151491,0.2,0.1,0.41571428571428576,0
28,50.51851851851852,115.0,1.0,31.949462837158787,4,28,1.9701429787582374,10,28,21.0,49,2,3.0296964380857183,6,0.0,0.0,0.0,1.2724725039960016,0.20689655172413793,1.059553459327481,0.2,0.09090909090909091,0.2536677115987461,0
39,57.921052631578945,120.0,3.0,32.730463501105966,4,39,1.9836546292977777,10,39,39.41025641025641,78,2,3.0730772190222733,13,0.0,1.0,0.0,1.5330476097491832,0.325,1.0894225897244956,0.2,0.09090909090909091,0.500909090909091,0
27,63.30769230769231,117.0,12.0,29.13069915288843,4,27,1.9803464133181214,9,27,24.296296296296298,49,3,2.6047486932720703,2,0.0,0.0,0.0,1.2657149205825764,0.07142857142857142,0.6244022799539488,0.2,0.1,0.1985714285714286,0
5,39.5,69.0,6.0,27.04163456597992,3,5,1.5219280944545537,3,5,15.6,35,2,1.5219280944545537,0,0.0,0.0,0.0,0.65950217426364,0.0,0.0,0.25,0.25,0.15000000000000002,0
28,56.48148148148148,98.0,3.0,27.734682619915354,4,28,1.9437545833596674,8,28,6.714285714285714,15,2,2.7229074931677237,6,0.0,0.0,0.0,1.1426486801685984,0.20689655172413793,0.7791529098080563,0.2,0.1111111111111111,0.2516475095785441,0
24,154.95652173913044,277.0,16.0,68.95271111791325,14,24,3.6887218735210943,24,24,8.416666666666666,14,3,4.584962497258688,1,0.0,0.0,0.0,2.5726734012395975,0.04,0.8962406237375942,0.06666666666666667,0.04,0.20533333333333334,1
16,130.4,300.0,7.0,85.05982208618434,11,16,3.327819529527819,16,16,6.5625,12,2,3.9999999976916882,0,0.0,0.0,0.0,2.0192307680655155,0.0,0.6721804681638694,0.08333333333333333,0.058823529411764705,0.1857843137254902,1
18,63.23529411764706,116.0,12.0,34.19929378659346,4,18,1.8638263895137377,7,18,32.77777777777778,53,2,2.4410685849455507,6,0.0,1.0,0.0,1.4817185855122172,0.3157894736842105,0.577242195431813,0.2,0.125,0.49381578947368426,0
15,177.64285714285714,298.0,38.0,85.056793751383,10,15,3.189898094021592,14,15,7.666666666666667,13,2,3.773557260255412,0,0.0,0.0,0.0,2.0664718329970118,0.0,0.58365916623382,0.09090909090909091,0.06666666666666667,0.18424242424242426,1
11,134.9,259.0,28.0,89.49128449184312,10,11,3.277613435376421,10,11,8.0,16,2,3.277613435376421,1,0.0,0.0,0.0,1.5424063225300804,0.08333333333333333,0.0,0.09090909090909091,0.09090909090909091,0.21515151515151515,1
19,67.61111111111111,114.0,11.0,30.694079937503854,4,19,1.6068322777410318,10,19,30.68421052631579,63,2,3.050301853992287,9,0.0,1.0,1.0,1.4624391290111047,0.45,1.443469576251255,0.2,0.09090909090909091,0.7509090909090911,0
16,55.0,118.0,3.0,37.86114983286517,4,16,1.8496017521375032,6,16,28.0625,49,2,2.2806390613639493,4,0.0,0.0,0.0,1.2800086731905167,0.23529411764705882,0.4310373092264461,0.2,0.14285714285714285,0.2598319327731093,0
26,63.0,115.0,7.0,34.453446852238166,4,26,1.9331959905611609,12,26,6.153846153846154,15,2,3.4594911584679195,5,0.0,0.0,0.0,1.3305735224876614,0.18518518518518517,1.5262951679067587,0.2,0.07692307692307693,0.2463817663817664,0
11,54.0,108.0,1.0,32.793291996992316,4,11,1.789929074732921,8,11,7.090909090909091,15,2,2.9139770720285956,3,0.0,0.0,0.0,1.291421656921764,0.25,1.1240479972956745,0.2,0.1111111111111111,0.2688888888888889,0
3,55.0,60.0,50.0,5.0,3,3,1.5849625002883474,3,3,6.333333333333333,11,3,1.5849625002883474,0,0.0,0.0,0.0,0.8365079862632945,0.0,0.0,0.25,0.25,0.15000000000000002,1
22,148.47619047619048,298.0,5.0,94.9704811520371,12,22,3.4130884346945236,21,22,8.227272727272727,19,3,4.368522524698546,0,0.0,0.0,0.0,1.7970513112964472,0.0,0.9554340900040228,0.07692307692307693,0.045454545454545456,0.18776223776223777,1
10,67.33333333333333,117.0,10.0,39.38978999125986,4,10,1.9219280943102843,4,10,47.0,76,4,1.8464393440939375,6,0.0,1.0,0.0,1.1270473918495463,0.5454545454545454,0.07548875021634682,0.2,0.2,0.5781818181818182,0
17,141.8125,292.0,16.0,88.73289888057303,12,17,3.4992275454014585,16,17,9.588235294117647,19,4,3.969815780118498,0,0.0,0.0,0.0,1.903176388703868,0.0,0.47058823471703937,0.07692307692307693,0.058823529411764705,0.18642533936651584,1
6,206.0,295.0,81.0,79.42291860665912,6,6,2.584962499855539,6,6,6.666666666666667,11,3,2.584962499855539,0,0.0,0.0,0.0,1.4360902776975217,0.0,0.0,0.14285714285714285,0.14285714285714285,0.17142857142857146,1
