type=SYSCALL msg=audit(1769928757.793:5718): arch=c000003e syscall=59 success=yes exit=0 a0=5cde67f2e960 a1=5cde67f34b60 a2=5cde67f2e180 a3=8 items=3 ppid=3983 pid=2427 auid=1017 uid=714 gid=686 euid=964 suid=661 fsuid=971 egid=723 sgid=1413 fsgid=881 tty=pts2 ses=5 comm="ss" exe="/usr/bin/python3" subj=unconfined key="process_exec"ARCH=x86_64 SYSCALL=execve AUID="heroic" UID="heroic" GID="heroic" EUID="heroic" SUID="heroic" FSUID="heroic" EGID="heroic" SGID="heroic" FSGID="heroic"
type=CWD msg=audit(1769929093.707:7871): cwd="/tmp"
type=USER_CMD msg=audit(1769928728.998:6303): pid=3156 uid=748 auid=1457 ses=3 subj=unconfined msg='cwd="/usr/local/bin" cmd=746565202F6574632F63726F6E2E642F686964735F70657273697374 exe="/usr/bin/python3" terminal=pts/0 res=success'UID="heroic" AUID="heroic"
type=PROCTITLE msg=audit(1769929321.345:7617): proctitle=2F7573722F62696E2F6E617574696C7573002D2D676170706C69636174696F6E2D73657276696365
type=CWD msg=audit(1769929408.752:9507): cwd="/tmp"
type=PATH msg=audit(1769928715.978:8136): item=1 name="/lib64/ld-linux-x86-64.so.2" inode=1575793 dev=8:2 mode=100659 ouid=0 ogid=0 rdev=0:0 nametype=NORMAL cap_fp=0 cap_fi=0 cap_fe=0 cap_fver=0 cap_frootid=0OUID="root" OGID="root"
type=PATH msg=audit(1769928859.909:5531): item=1 name="/lib64/ld-linux-x86-64.so.2" inode=1575355 dev=8:2 mode=101207 ouid=0 ogid=0 rdev=0:0 nametype=NORMAL cap_fp=0 cap_fi=0 cap_fe=0 cap_fver=0 cap_frootid=0OUID="root" OGID="root"
type=CWD msg=audit(1769928493.808:5260): cwd="/tmp"
type=PATH msg=audit(1769929050.589:5033): item=0 name="/usr/bin/whoami" inode=1578446 dev=8:2 mode=100922 ouid=0 ogid=0 rdev=0:0 nametype=NORMAL cap_fp=0 cap_fi=0 cap_fe=0 cap_fver=0 cap_frootid=0OUID="root" OGID="root"
type=PATH msg=audit(1769929145.984:9492): item=0 name="/usr/bin/rm" inode=1577869 dev=8:2 mode=100926 ouid=0 ogid=0 rdev=0:0 nametype=NORMAL cap_fp=0 cap_fi=0 cap_fe=0 cap_fver=0 cap_frootid=0OUID="root" OGID="root"
type=CRED_DISP msg=audit(1769928819.371:9624): pid=8248 uid=0 auid=841 ses=5 subj=unconfined msg='op=PAM:setcred grantors=pam_permit acct="root" exe="/usr/bin/sudo" hostname=? addr=? terminal=/dev/pts/1 res=success'UID="root" AUID="heroic"
type=SYSCALL msg=audit(1769928510.458:10197): arch=c000003e syscall=59 success=yes exit=0 a0=64e1754d03b0 a1=64e1754cfe70 a2=64e1754c38f0 a3=64e1754cb920 items=2 ppid=5145 pid=7383 auid=1399 uid=1015 gid=708 euid=829 suid=1142 fsuid=659 egid=1468 sgid=1288 fsgid=1167 tty=pts0 ses=3 comm="netstat" exe="/usr/bin/sed" subj=unconfined key="process_exec"ARCH=x86_64 SYSCALL=execve AUID="heroic" UID="heroic" GID="heroic" EUID="heroic" SUID="heroic" FSUID="heroic" EGID="heroic" SGID="heroic" FSGID="heroic"
type=PATH msg=audit(1769928548.157:8293): item=0 name="/usr/bin/sleep" inode=1578082 dev=8:2 mode=101139 ouid=0 ogid=0 rdev=0:0 nametype=NORMAL cap_fp=0 cap_fi=0 cap_fe=0 cap_fver=0 cap_frootid=0OUID="root" OGID="root"
type=PATH msg=audit(1769928772.919:8448): item=1 name="/lib64/ld-linux-x86-64.so.2" inode=1575770 dev=8:2 mode=100306 ouid=0 ogid=0 rdev=0:0 nametype=NORMAL cap_fp=0 cap_fi=0 cap_fe=0 cap_fver=0 cap_frootid=0OUID="root" OGID="root"
type=CRED_REFR msg=audit(1769929122.975:7402): pid=7751 uid=1043 auid=620 ses=3 subj=unconfined msg='op=PAM:setcred grantors=pam_permit,pam_cap acct="root" exe="/usr/bin/tail" hostname=? addr=? terminal=/dev/pts/0 res=success'UID="heroic" AUID="heroic"
type=CWD msg=audit(1769929375.463:4159): cwd="/home/heroic"
type=PATH msg=audit(1769928998.1261:7879): item=1 name="/lib64/ld-linux-x86-64.so.2" inode=1575258 dev=8:2 mode=100275 ouid=0 ogid=0 rdev=0:0 nametype=NORMAL cap_fp=0 cap_fi=0 cap_fe=0 cap_fver=0 cap_frootid=0OUID="root" OGID="root"
type=USER_ACCT msg=audit(1769928543.319:8442): pid=2290 uid=594 auid=1278 ses=3 subj=unconfined msg='op=PAM:accounting grantors=pam_permit,pam_localuser acct="heroic" exe="/usr/bin/last" hostname=? addr=? terminal=/dev/pts/0 res=success'UID="heroic" AUID="heroic"
type=USER_START msg=audit(1769928462.308:8372): pid=7442 uid=1281 auid=850 ses=3 subj=unconfined msg='op=PAM:session_open grantors=pam_limits,pam_env,pam_env,pam_permit,pam_umask,pam_unix acct="root" exe="/usr/bin/sort" hostname=? addr=? terminal=/dev/pts/1 res=success'UID="heroic" AUID="heroic"
type=SYSCALL msg=audit(1769929366.385:5405): arch=c000003e syscall=59 success=yes exit=0 a0=5da302dccc70 a1=5da302dc7900 a2=5da302dc08f0 a3=5da302dccf70 items=2 ppid=8178 pid=7139 auid=1316 uid=1122 gid=1356 euid=0 suid=0 fsuid=0 egid=848 sgid=1216 fsgid=1465 tty=pts0 ses=3 comm="df" exe="/usr/bin/last" subj=unconfined key="process_exec"ARCH=x86_64 SYSCALL=execve AUID="heroic" UID="heroic" GID="heroic" EUID="root" SUID="root" FSUID="root" EGID="heroic" SGID="heroic" FSGID="heroic"
type=PATH msg=audit(1769929211.179:9442): item=0 name="/usr/bin/sleep" inode=1577972 dev=8:2 mode=100316 ouid=0 ogid=0 rdev=0:0 nametype=NORMAL cap_fp=0 cap_fi=0 cap_fe=0 cap_fver=0 cap_frootid=0OUID="root" OGID="root"
type=USER_ACCT msg=audit(1769928504.991:7416): pid=8941 uid=1169 auid=811 ses=3 subj=unconfined msg='op=PAM:accounting grantors=pam_permit,pam_localuser acct="heroic" exe="/usr/bin/df" hostname=? addr=? terminal=/dev/pts/0 res=success'UID="heroic" AUID="heroic"
type=CWD msg=audit(1769929408.411:8156): cwd="/var/ossec"
type=SYSCALL msg=audit(1769929072.577:6381): arch=c000003e syscall=59 success=yes exit=0 a0=5da302dcb530 a1=5da302dca270 a2=5da302dc08f0 a3=5da302dcc190 items=2 ppid=5962 pid=4986 auid=556 uid=584 gid=937 euid=747 suid=768 fsuid=771 egid=996 sgid=1426 fsgid=1380 tty=pts0 ses=3 comm="sort" exe="/usr/bin/sort" subj=unconfined key="process_exec"ARCH=x86_64 SYSCALL=execve AUID="heroic" UID="heroic" GID="heroic" EUID="heroic" SUID="heroic" FSUID="heroic" EGID="heroic" SGID="heroic" FSGID="heroic"
type=USER_ACCT msg=audit(1769928616.834:6694): pid=3663 uid=798 auid=606 ses=3 subj=unconfined msg='op=PAM:accounting grantors=pam_permit,pam_localuser acct="heroic" exe="/usr/bin/last" hostname=? addr=? terminal=/dev/pts/0 res=success'UID="heroic" AUID="heroic"
type=SYSCALL msg=audit(1769928930.349:8612): arch=c000003e syscall=59 success=yes exit=0 a0=56503be93b68 a1=56503bea3ba0 a2=56503beb6340 a3=64 items=2 ppid=5757 pid=9403 auid=719 uid=0 gid=0 euid=0 suid=0 fsuid=0 egid=0 sgid=0 fsgid=0 tty=pts4 ses=3 comm="df" exe="/usr/bin/last" subj=unconfined key="process_exec"ARCH=x86_64 SYSCALL=execve AUID="heroic" UID="root" GID="root" EUID="root" SUID="root" FSUID="root" EGID="root" SGID="root" FSGID="root"
type=CWD msg=audit(1769929103.983:5780): cwd="/home/heroic"
type=CWD msg=audit(1769929287.565:6815): cwd="/tmp"
type=USER_END msg=audit(1769929248.358:5489): pid=3264 uid=902 auid=570 ses=3 subj=unconfined msg='op=PAM:session_close grantors=pam_limits,pam_env,pam_env,pam_permit,pam_umask,pam_unix acct="root" exe="/usr/bin/netstat" hostname=? addr=? terminal=/dev/pts/0 res=success'UID="heroic" AUID="heroic"
type=PATH msg=audit(1769928628.1042:6293): item=0 name="/usr/bin/ss" inode=1573938 dev=8:2 mode=100433 ouid=0 ogid=0 rdev=0:0 nametype=NORMAL cap_fp=0 cap_fi=0 cap_fe=0 cap_fver=0 cap_frootid=0OUID="root" OGID="root"
type=SERVICE_STOP msg=audit(1769928977.391:4199): pid=9623 uid=0 auid=4294967465 ses=4294967123 subj=unconfined msg='unit=fprintd comm="sh" exe="/usr/bin/df" hostname=? addr=? terminal=? res=success'UID="root" AUID="unset"
type=EXECVE msg=audit(1769929241.423:8219): argc=2 a0="/bin/sh" a1="/usr/bin/lesspipe"
type=EXECVE msg=audit(1769929117.101:7776): argc=3 a0="sudo" a1="tee" a2="/etc/cron.d/hids_persist"
type=CWD msg=audit(1769929046.141:3795): cwd="/var/ossec"
type=EXECVE msg=audit(1769929357.544:6785): argc=2 a0="sudo" a1="whoami"
type=EXECVE msg=audit(1769928754.749:9796): argc=2 a0="rmdir" a1="/tmp/hids_malicious"
type=PROCTITLE msg=audit(1769929282.292:8100): proctitle="bash"
type=EXECVE msg=audit(1769928963.376:8235): argc=1 a0="whoami"
type=PATH msg=audit(1769928446.7:8770): item=1 name="/lib64/ld-linux-x86-64.so.2" inode=1575475 dev=8:2 mode=101131 ouid=0 ogid=0 rdev=0:0 nametype=NORMAL cap_fp=0 cap_fi=0 cap_fe=0 cap_fver=0 cap_frootid=0OUID="root" OGID="root"
type=PROCTITLE msg=audit(1769929015.846:8223): proctitle=2F7573722F6C69622F73797374656D642F73797374656D642D6578656375746F72002D2D646573657269616C697A6500313139002D2D6C6F672D6C6576656C00696E666F002D2D6C6F672D746172676574006A6F75726E616C2D6F722D6B6D7367
type=PATH msg=audit(1769928492.50:5541): item=0 name="/usr/bin/sudo" inode=1574549 dev=8:2 mode=105205 ouid=0 ogid=0 rdev=0:0 nametype=NORMAL cap_fp=0 cap_fi=0 cap_fe=0 cap_fver=0 cap_frootid=0OUID="root" OGID="root"
type=PATH msg=audit(1769929180.1000:3835): item=1 name="/lib64/ld-linux-x86-64.so.2" inode=1575222 dev=8:2 mode=101214 ouid=0 ogid=0 rdev=0:0 nametype=NORMAL cap_fp=0 cap_fi=0 cap_fe=0 cap_fver=0 cap_frootid=0OUID="root" OGID="root"
type=PATH msg=audit(1769929221.698:8860): item=1 name="/lib64/ld-linux-x86-64.so.2" inode=1574981 dev=8:2 mode=100897 ouid=0 ogid=0 rdev=0:0 nametype=NORMAL cap_fp=0 cap_fi=0 cap_fe=0 cap_fver=0 cap_frootid=0OUID="root" OGID="root"
type=PATH msg=audit(1769928748.281:4704): item=0 name="/usr/bin/rm" inode=1577650 dev=8:2 mode=100282 ouid=0 ogid=0 rdev=0:0 nametype=NORMAL cap_fp=0 cap_fi=0 cap_fe=0 cap_fver=0 cap_frootid=0OUID="root" OGID="root"
type=CWD msg=audit(1769928614.338:6247): cwd="/var/ossec"
type=PROCTITLE msg=audit(1769929162.100:6406): proctitle=7368002D63002D2D006E657473746174202D74756C706E207C207365642027732F5C285B5B3A616C6E756D3A5D5D5C2B5C295C205C2B5B5B3A64696769743A5D5D5C2B5C205C2B5B5B3A64696769743A5D5D5C2B5C205C2B5C282E2A5C293A5C285B5B3A64696769743A5D5D2A5C295C205C2B5C285B302D395C2E5C3A5C2A5D
type=PATH msg=audit(1769929129.1304:7089): item=0 name="/usr/bin/rm" inode=1578002 dev=8:2 mode=100969 ouid=0 ogid=0 rdev=0:0 nametype=NORMAL cap_fp=0 cap_fi=0 cap_fe=0 cap_fver=0 cap_frootid=0OUID="root" OGID="root"
type=CRED_DISP msg=audit(1769928457.693:6533): pid=9822 uid=501 auid=750 ses=3 subj=unconfined msg='op=PAM:setcred grantors=pam_permit acct="root" exe="/usr/bin/df" hostname=? addr=? terminal=/dev/pts/0 res=success'UID="heroic" AUID="heroic"
type=PATH msg=audit(1769929274.561:4879): item=1 name="/lib64/ld-linux-x86-64.so.2" inode=1575358 dev=8:2 mode=101189 ouid=0 ogid=0 rdev=0:0 nametype=NORMAL cap_fp=0 cap_fi=0 cap_fe=0 cap_fver=0 cap_frootid=0OUID="root" OGID="root"
type=EXECVE msg=audit(1769928903.81:9497): argc=1 a0="/usr/libexec/nm-dispatcher"
type=PROCTITLE msg=audit(1769928596.859:5698): proctitle=746565002F6574632F63726F6E2E642F686964735F70657273697374
type=SYSCALL msg=audit(1769929343.702:6049): arch=c000003e syscall=59 success=yes exit=0 a0=5da302dccb70 a1=5da302dca620 a2=5da302dc08f0 a3=5da302dcc330 items=2 ppid=1871 pid=7544 auid=1227 uid=1370 gid=1175 euid=0 suid=0 fsuid=0 egid=1370 sgid=937 fsgid=1432 tty=pts0 ses=3 comm="sed" exe="/usr/bin/df" subj=unconfined key="process_exec"ARCH=x86_64 SYSCALL=execve AUID="heroic" UID="heroic" GID="heroic" EUID="root" SUID="root" FSUID="root" EGID="heroic" SGID="heroic" FSGID="heroic"
type=PROCTITLE msg=audit(1769929040.760:8752): proctitle="id"
type=PATH msg=audit(1769929336.581:8560): item=1 name="/lib64/ld-linux-x86-64.so.2" inode=1575836 dev=8:2 mode=101116 ouid=0 ogid=0 rdev=0:0 nametype=NORMAL cap_fp=0 cap_fi=0 cap_fe=0 cap_fver=0 cap_frootid=0OUID="root" OGID="root"
type=EXECVE msg=audit(1769928413.557:5418): argc=3 a0="chmod" a1="+x" a2="payload.sh"
type=EXECVE msg=audit(1769928672.611:5156): argc=3 a0="last" a1="-n" a2="20"
type=USER_END msg=audit(1769928825.1004:8926): pid=9473 uid=869 auid=1322 ses=3 subj=unconfined msg='op=PAM:session_close grantors=pam_limits,pam_env,pam_env,pam_permit,pam_umask,pam_unix acct="root" exe="/usr/bin/last" hostname=? addr=? terminal=/dev/pts/0 res=success'UID="heroic" AUID="heroic"
type=CWD msg=audit(1769929128.614:8781): cwd="/usr/local/bin"
type=PATH msg=audit(1769928658.575:10358): item=1 name="/lib64/ld-linux-x86-64.so.2" inode=1575580 dev=8:2 mode=100693 ouid=0 ogid=0 rdev=0:0 nametype=NORMAL cap_fp=0 cap_fi=0 cap_fe=0 cap_fver=0 cap_frootid=0OUID="root" OGID="root"
type=EXECVE msg=audit(1769928799.79:6644): argc=1 a0="whoami"
type=CWD msg=audit(1769928882.204:5153): cwd="/tmp"
type=SYSCALL msg=audit(1769929338.184:5739): arch=c000003e syscall=59 success=yes exit=0 a0=64e1754ca420 a1=64e1754d1d90 a2=64e1754c38f0 a3=64e1754cb980 items=2 ppid=1240 pid=9111 auid=1314 uid=1483 gid=544 euid=783 suid=1294 fsuid=844 egid=576 sgid=860 fsgid=1215 tty=pts0 ses=3 comm="ss" exe="/usr/bin/last" subj=unconfined key="process_exec"ARCH=x86_64 SYSCALL=execve AUID="heroic" UID="heroic" GID="heroic" EUID="heroic" SUID="heroic" FSUID="heroic" EGID="heroic" SGID="heroic" FSGID="heroic"
type=PATH msg=audit(1769928452.504:5497): item=0 name="/etc/cron.d/" inode=1704085 dev=8:2 mode=40415 ouid=0 ogid=0 rdev=0:0 nametype=PARENT cap_fp=0 cap_fi=0 cap_fe=0 cap_fver=0 cap_frootid=0OUID="root" OGID="root"
type=EXECVE msg=audit(1769928975.277:9487): argc=3 a0="tail" a1="-f" a2="/var/log/audit/audit.log"
type=EXECVE msg=audit(1769928705.490:7192): argc=3 a0="rm" a1="-f" a2="/etc/cron.d/hids_persist"
type=USER_CMD msg=audit(1769929099.307:7208): pid=2687 uid=1157 auid=596 ses=3 subj=unconfined msg='cwd="/root" cmd=746565202F6574632F63726F6E2E642F686964735F70657273697374 exe="/usr/bin/last" terminal=pts/0 res=success'UID="heroic" AUID="heroic"
type=PROCTITLE msg=audit(1769928483.1183:5609): proctitle=726D002D66002F6574632F63726F6E2E642F686964735F70657273697374
type=EXECVE msg=audit(1769929217.485:7014): argc=2 a0="tee" a1="/etc/cron.d/hids_persist"
type=EXECVE msg=audit(1769928921.973:9319): argc=1 a0="whoami"
type=EXECVE msg=audit(1769929295.453:9726): argc=1 a0="whoami"
type=SERVICE_STOP msg=audit(1769929241.1340:5239): pid=7451 uid=0 auid=4294967298 ses=4294967312 subj=unconfined msg='unit=fprintd comm="tail" exe="/bin/sh" hostname=? addr=? terminal=? res=success'UID="root" AUID="unset"
type=PROCTITLE msg=audit(1769929012.118:4243): proctitle=707300617578
type=PROCTITLE msg=audit(1769928939.602:8255): proctitle=746565002F6574632F63726F6E2E642F686964735F70657273697374
type=USER_ACCT msg=audit(1769928501.2:7334): pid=2026 uid=1041 auid=1361 ses=5 subj=unconfined msg='op=PAM:accounting grantors=pam_permit,pam_localuser acct="heroic" exe="/usr/bin/sed" hostname=? addr=? terminal=/dev/pts/0 res=success'UID="heroic" AUID="heroic"
type=PATH msg=audit(1769928737.1136:7833): item=1 name="/lib64/ld-linux-x86-64.so.2" inode=1574876 dev=8:2 mode=101216 ouid=0 ogid=0 rdev=0:0 nametype=NORMAL cap_fp=0 cap_fi=0 cap_fe=0 cap_fver=0 cap_frootid=0OUID="root" OGID="root"
type=PROCTITLE msg=audit(1769928642.763:8926): proctitle=707300617578
type=EXECVE msg=audit(1769928917.1078:3670): argc=3 a0="rm" a1="-f" a2="/etc/cron.d/hids_persist"
type=SYSCALL msg=audit(1769929326.978:9409): arch=c000003e syscall=183 success=yes exit=3 a0=ffffff9c a1=7ffe4b63d72c a2=500 a3=1b6 items=2 ppid=5276 pid=3962 auid=1387 uid=0 gid=0 euid=0 suid=0 fsuid=0 egid=0 sgid=0 fsgid=0 tty=pts4 ses=3 comm="sed" exe="/usr/bin/sed" subj=unconfined key="persistence"ARCH=x86_64 SYSCALL=openat AUID="heroic" UID="root" GID="root" EUID="root" SUID="root" FSUID="root" EGID="root" SGID="root" FSGID="root"
type=SYSCALL msg=audit(1769928978.860:7873): arch=c000003e syscall=59 success=yes exit=0 a0=5e8dd7c3f2b0 a1=5e8dd7c3cfa0 a2=5e8dd7c3c160 a3=5e8dd7c3cff0 items=2 ppid=2308 pid=9599 auid=1123 uid=0 gid=0 euid=0 suid=0 fsuid=0 egid=0 sgid=0 fsgid=0 tty=pts4 ses=3 comm="last" exe="/bin/sh" subj=unconfined key="process_exec"ARCH=x86_64 SYSCALL=execve AUID="heroic" UID="root" GID="root" EUID="root" SUID="root" FSUID="root" EGID="root" SGID="root" FSGID="root"
type=PROCTITLE msg=audit(1769929158.205:6715): proctitle=2F7573722F6C69622F73797374656D642F73797374656D642D6578656375746F72002D2D646573657269616C697A6500313632002D2D6C6F672D6C6576656C00696E666F002D2D6C6F672D746172676574006A6F75726E616C2D6F722D6B6D7367
type=PROCTITLE msg=audit(1769928431.277:10180): proctitle=7375646F00746565002F6574632F63726F6E2E642F686964735F70657273697374
type=PROCTITLE msg=audit(1769928512.321:9205): proctitle=726D002D660066696C655F31302E6461740066696C655F31312E6461740066696C655F31322E6461740066696C655F31332E6461740066696C655F31342E6461740066696C655F31352E6461740066696C655F31362E6461740066696C655F31372E6461740066696C655F31382E6461740066696C655F31392E646174006669
type=PATH msg=audit(1769928664.597:8801): item=1 name="/lib64/ld-linux-x86-64.so.2" inode=1575153 dev=8:2 mode=101080 ouid=0 ogid=0 rdev=0:0 nametype=NORMAL cap_fp=0 cap_fi=0 cap_fe=0 cap_fver=0 cap_frootid=0OUID="root" OGID="root"
type=PATH msg=audit(1769929409.725:5730): item=0 name="/usr/bin/id" inode=1578310 dev=8:2 mode=100421 ouid=0 ogid=0 rdev=0:0 nametype=NORMAL cap_fp=0 cap_fi=0 cap_fe=0 cap_fver=0 cap_frootid=0OUID="root" OGID="root"
type=PROCTITLE msg=audit(1769929042.881:5628): proctitle=756E616D65002D61
type=SYSCALL msg=audit(1769928591.422:9081): arch=c000003e syscall=59 success=yes exit=0 a0=56a2ccca82d6 a1=7ffeb4c10500 a2=56a2ccca8380 a3=56a2ccca82d6 items=2 ppid=9124 pid=4361 auid=0 uid=0 gid=0 euid=0 suid=0 fsuid=0 egid=0 sgid=0 fsgid=0 tty=(none) ses=9 comm="df" exe="/usr/bin/df" subj=unconfined key="process_exec"ARCH=x86_64 SYSCALL=execve AUID="root" UID="root" GID="root" EUID="root" SUID="root" FSUID="root" EGID="root" SGID="root" FSGID="root"
type=PATH msg=audit(1769928620.360:7169): item=1 name="/lib64/ld-linux-x86-64.so.2" inode=1575190 dev=8:2 mode=100903 ouid=0 ogid=0 rdev=0:0 nametype=NORMAL cap_fp=0 cap_fi=0 cap_fe=0 cap_fver=0 cap_frootid=0OUID="root" OGID="root"
type=EXECVE msg=audit(1769928541.386:7837): argc=2 a0="ss" a1="-tulnp"
type=CWD msg=audit(1769929143.924:6537): cwd="/var/ossec"
type=PATH msg=audit(1769928881.556:5661): item=0 name="/usr/bin/basename" inode=1577905 dev=8:2 mode=101208 ouid=0 ogid=0 rdev=0:0 nametype=NORMAL cap_fp=0 cap_fi=0 cap_fe=0 cap_fver=0 cap_frootid=0OUID="root" OGID="root"
type=SERVICE_STOP msg=audit(1769928992.657:9361): pid=6801 uid=0 auid=4294966993 ses=4294967160 subj=unconfined msg='unit=NetworkManager-dispatcher comm="python" exe="/usr/bin/df" hostname=? addr=? terminal=? res=success'UID="root" AUID="unset"
type=PROCTITLE msg=audit(1769928603.789:7324): proctitle=7375646F00746565002F6574632F63726F6E2E642F686964735F70657273697374
type=PATH msg=audit(1769929084.511:8487): item=0 name="/usr/bin/whoami" inode=1578338 dev=8:2 mode=101112 ouid=0 ogid=0 rdev=0:0 nametype=NORMAL cap_fp=0 cap_fi=0 cap_fe=0 cap_fver=0 cap_frootid=0OUID="root" OGID="root"
type=USER_END msg=audit(1769928708.913:5026): pid=1315 uid=614 auid=1386 ses=3 subj=unconfined msg='op=PAM:session_close grantors=pam_limits,pam_env,pam_env,pam_permit,pam_umask,pam_unix acct="root" exe="/usr/bin/last" hostname=? addr=? terminal=/dev/pts/0 res=success'UID="heroic" AUID="heroic"
type=USER_ACCT msg=audit(1769928740.1036:4579): pid=9496 uid=988 auid=1380 ses=3 subj=unconfined msg='op=PAM:accounting grantors=pam_permit,pam_localuser acct="heroic" exe="/usr/bin/sed" hostname=? addr=? terminal=/dev/pts/0 res=success'UID="heroic" AUID="heroic"
type=SYSCALL msg=audit(1769929052.28:4222): arch=c000003e syscall=59 success=yes exit=0 a0=5da302dccb70 a1=5da302dcb5d0 a2=5da302dc08f0 a3=5da302dc8980 items=2 ppid=2582 pid=8064 auid=1123 uid=1264 gid=562 euid=1382 suid=1413 fsuid=1202 egid=1162 sgid=1365 fsgid=1362 tty=pts0 ses=3 comm="sh" exe="/usr/bin/sed" subj=unconfined key="process_exec"ARCH=x86_64 SYSCALL=execve AUID="heroic" UID="heroic" GID="heroic" EUID="heroic" SUID="heroic" FSUID="heroic" EGID="heroic" SGID="heroic" FSGID="heroic"
type=EXECVE msg=audit(1769928426.239:9722): argc=3 a0="mkdir" a1="-p" a2="/tmp/hids_malicious"
type=PATH msg=audit(1769929177.168:4601): item=1 name="/lib64/ld-linux-x86-64.so.2" inode=1575178 dev=8:2 mode=100947 ouid=0 ogid=0 rdev=0:0 nametype=NORMAL cap_fp=0 cap_fi=0 cap_fe=0 cap_fver=0 cap_frootid=0OUID="root" OGID="root"
type=PATH msg=audit(1769929024.569:4183): item=0 name="/proc/self/fd/9" inode=1596523 dev=8:2 mode=100812 ouid=0 ogid=0 rdev=0:0 nametype=NORMAL cap_fp=0 cap_fi=0 cap_fe=0 cap_fver=0 cap_frootid=0OUID="root" OGID="root"
type=PATH msg=audit(1769928468.521:6858): item=1 name="/lib64/ld-linux-x86-64.so.2" inode=1575149 dev=8:2 mode=101079 ouid=0 ogid=0 rdev=0:0 nametype=NORMAL cap_fp=0 cap_fi=0 cap_fe=0 cap_fver=0 cap_frootid=0OUID="root" OGID="root"
type=CWD msg=audit(1769928979.564:5442): cwd="/root"
type=CWD msg=audit(1769928612.737:7184): cwd="/var/ossec"
type=PATH msg=audit(1769929243.710:6197): item=1 name="/lib64/ld-linux-x86-64.so.2" inode=1575295 dev=8:2 mode=100680 ouid=0 ogid=0 rdev=0:0 nametype=NORMAL cap_fp=0 cap_fi=0 cap_fe=0 cap_fver=0 cap_frootid=0OUID="root" OGID="root"
type=CRED_DISP msg=audit(1769929210.393:6339): pid=3102 uid=1416 auid=1450 ses=3 subj=unconfined msg='op=PAM:setcred grantors=pam_permit acct="root" exe="/bin/sh" hostname=? addr=? terminal=/dev/pts/0 res=success'UID="heroic" AUID="heroic"
type=PATH msg=audit(1769929326.335:9870): item=0 name="/usr/bin/sudo" inode=1574714 dev=8:2 mode=104726 ouid=0 ogid=0 rdev=0:0 nametype=NORMAL cap_fp=0 cap_fi=0 cap_fe=0 cap_fver=0 cap_frootid=0OUID="root" OGID="root"
type=EXECVE msg=audit(1769929275.112:8475): argc=2 a0="uname" a1="-a"
type=SYSCALL msg=audit(1769929169.232:6933): arch=c000003e syscall=576 success=yes exit=0 a0=ffffff9c a1=62b816a614a0 a2=0 a3=62b816a62900 items=2 ppid=6492 pid=4167 auid=1187 uid=0 gid=0 euid=0 suid=0 fsuid=0 egid=0 sgid=0 fsgid=0 tty=pts4 ses=3 comm="netstat" exe="/usr/bin/last" subj=unconfined key="persistence"ARCH=x86_64 SYSCALL=unlinkat AUID="heroic" UID="root" GID="root" EUID="root" SUID="root" FSUID="root" EGID="root" SGID="root" FSGID="root"
type=CRED_REFR msg=audit(1769928961.58:4029): pid=4466 uid=664 auid=1045 ses=3 subj=unconfined msg='op=PAM:setcred grantors=pam_permit,pam_cap acct="root" exe="/usr/bin/sed" hostname=? addr=? terminal=/dev/pts/0 res=success'UID="heroic" AUID="heroic"
type=PROCTITLE msg=audit(1769928827.347:6312): proctitle=7375646F00726D002D66002F6574632F63726F6E2E642F686964735F70657273697374
type=PROCTITLE msg=audit(1769928992.908:4431): proctitle=7375646F00746565002F6574632F63726F6E2E642F686964735F70657273697374
type=USER_END msg=audit(1769929134.1252:5563): pid=1345 uid=0 auid=0 ses=7 subj=unconfined msg='op=PAM:session_close grantors=pam_loginuid,pam_env,pam_env,pam_permit,pam_umask,pam_unix,pam_limits acct="root" exe="/usr/bin/netstat" hostname=? addr=? terminal=cron res=success'UID="root" AUID="root"
type=SYSCALL msg=audit(1769928498.432:3766): arch=c000003e syscall=59 success=yes exit=0 a0=64e1754d03b0 a1=64e1754cf8b0 a2=64e1754c38f0 a3=64e1754cf8b0 items=2 ppid=6704 pid=5839 auid=1289 uid=760 gid=649 euid=735 suid=529 fsuid=1298 egid=910 sgid=865 fsgid=869 tty=pts0 ses=3 comm="netstat" exe="/usr/bin/sort" subj=unconfined key="process_exec"ARCH=x86_64 SYSCALL=execve AUID="heroic" UID="heroic" GID="heroic" EUID="heroic" SUID="heroic" FSUID="heroic" EGID="heroic" SGID="heroic" FSGID="heroic"
type=CWD msg=audit(1769928947.819:5580): cwd="/root"
type=PATH msg=audit(1769929176.258:9529): item=1 name="/lib64/ld-linux-x86-64.so.2" inode=1575378 dev=8:2 mode=100519 ouid=0 ogid=0 rdev=0:0 nametype=NORMAL cap_fp=0 cap_fi=0 cap_fe=0 cap_fver=0 cap_frootid=0OUID="root" OGID="root"
type=CWD msg=audit(1769929028.920:10279): cwd="/usr/local/bin"
type=PATH msg=audit(1769928741.360:6689): item=1 name="/lib64/ld-linux-x86-64.so.2" inode=1575378 dev=8:2 mode=100819 ouid=0 ogid=0 rdev=0:0 nametype=NORMAL cap_fp=0 cap_fi=0 cap_fe=0 cap_fver=0 cap_frootid=0OUID="root" OGID="root"
type=PATH msg=audit(1769929179.807:4883): item=0 name="/usr/bin/chmod" inode=1577808 dev=8:2 mode=101227 ouid=0 ogid=0 rdev=0:0 nametype=NORMAL cap_fp=0 cap_fi=0 cap_fe=0 cap_fver=0 cap_frootid=0OUID="root" OGID="root"
type=USER_START msg=audit(1769929210.602:6079): pid=8418 uid=874 auid=995 ses=3 subj=unconfined msg='op=PAM:session_open grantors=pam_limits,pam_env,pam_env,pam_permit,pam_umask,pam_unix acct="root" exe="/usr/bin/df" hostname=? addr=? terminal=/dev/pts/0 res=success'UID="heroic" AUID="heroic"
type=SYSCALL msg=audit(1769928624.606:10061): arch=c000003e syscall=59 success=yes exit=0 a0=64e1754ca420 a1=64e1754d1d90 a2=64e1754c38f0 a3=64e1754cb980 items=2 ppid=9452 pid=1366 auid=1294 uid=682 gid=1397 euid=682 suid=914 fsuid=899 egid=1344 sgid=1431 fsgid=929 tty=pts0 ses=3 comm="df" exe="/usr/bin/df" subj=unconfined key="process_exec"ARCH=x86_64 SYSCALL=execve AUID="heroic" UID="heroic" GID="heroic" EUID="heroic" SUID="heroic" FSUID="heroic" EGID="heroic" SGID="heroic" FSGID="heroic"
type=PROCTITLE msg=audit(1769928801.337:7911): proctitle=746565002F6574632F63726F6E2E642F686964735F70657273697374
type=EXECVE msg=audit(1769928972.350:9752): argc=1 a0="bash"
type=USER_CMD msg=audit(1769928876.160:7457): pid=5117 uid=0 auid=1133 ses=3 subj=unconfined msg='cwd="/root" cmd=7461696C202D66202F7661722F6C6F672F61756469742F61756469742E6C6F67 exe="/usr/bin/python3" terminal=pts/2 res=success'UID="root" AUID="heroic"
type=EXECVE msg=audit(1769928977.81:7360): argc=3 a0="curl" a1="-s" a2="file:///tmp/hids_malicious/payload.sh"
type=CRED_REFR msg=audit(1769928961.25:5737): pid=3108 uid=1121 auid=821 ses=3 subj=unconfined msg='op=PAM:setcred grantors=pam_permit,pam_cap acct="root" exe="/usr/bin/python3" hostname=? addr=? terminal=/dev/pts/0 res=success'UID="heroic" AUID="heroic"
type=PATH msg=audit(1769928887.241:6665): item=0 name="/bin/sh" inode=1573367 dev=8:2 mode=101074 ouid=0 ogid=0 rdev=0:0 nametype=NORMAL cap_fp=0 cap_fi=0 cap_fe=0 cap_fver=0 cap_frootid=0OUID="root" OGID="root"
type=EXECVE msg=audit(1769929297.241:10406): argc=4 a0="/bin/sh" a1="/usr/lib/sysstat/sa1" a2="1" a3="1"
type=CWD msg=audit(1769929357.915:3963): cwd="/usr/local/bin"
type=PATH msg=audit(1769929366.1250:5101): item=1 name="/lib64/ld-linux-x86-64.so.2" inode=1575099 dev=8:2 mode=100621 ouid=0 ogid=0 rdev=0:0 nametype=NORMAL cap_fp=0 cap_fi=0 cap_fe=0 cap_fver=0 cap_frootid=0OUID="root" OGID="root"
type=SYSCALL msg=audit(1769929020.244:5833): arch=c000003e syscall=59 success=yes exit=0 a0=64e1754cf4f0 a1=64e1754d0630 a2=64e1754c38f0 a3=64e1754d0630 items=2 ppid=6626 pid=4118 auid=766 uid=1090 gid=641 euid=0 suid=0 fsuid=0 egid=821 sgid=699 fsgid=807 tty=pts0 ses=3 comm="last" exe="/usr/bin/sed" subj=unconfined key="process_exec"ARCH=x86_64 SYSCALL=execve AUID="heroic" UID="heroic" GID="heroic" EUID="root" SUID="root" FSUID="root" EGID="heroic" SGID="heroic" FSGID="heroic"
type=PATH msg=audit(1769928710.934:9485): item=1 name="/lib64/ld-linux-x86-64.so.2" inode=1575415 dev=8:2 mode=100784 ouid=0 ogid=0 rdev=0:0 nametype=NORMAL cap_fp=0 cap_fi=0 cap_fe=0 cap_fver=0 cap_frootid=0OUID="root" OGID="root"
type=PROCTITLE msg=audit(1769928490.788:5896): proctitle="bash"
type=PATH msg=audit(1769928804.181:8237): item=0 name="/etc/cron.d/" inode=1703891 dev=8:2 mode=41252 ouid=0 ogid=0 rdev=0:0 nametype=PARENT cap_fp=0 cap_fi=0 cap_fe=0 cap_fver=0 cap_frootid=0OUID="root" OGID="root"
type=CWD msg=audit(1769928629.820:6992): cwd=2F746D702F686964735F6D616C6963696F7573202864656C6574656429
type=SYSCALL msg=audit(1769929121.301:6582): arch=c000003e syscall=59 success=yes exit=0 a0=64e1754ca420 a1=64e1754cf190 a2=64e1754c38f0 a3=64e1754cf190 items=2 ppid=4263 pid=2563 auid=712 uid=1111 gid=644 euid=1302 suid=850 fsuid=573 egid=1088 sgid=1191 fsgid=729 tty=pts0 ses=3 comm="sed" exe="/bin/sh" subj=unconfined key="process_exec"ARCH=x86_64 SYSCALL=execve AUID="heroic" UID="heroic" GID="heroic" EUID="heroic" SUID="heroic" FSUID="heroic" EGID="heroic" SGID="heroic" FSGID="heroic"
type=EXECVE msg=audit(1769929054.381:5090): argc=2 a0="tee" a1="/etc/cron.d/hids_persist"
type=CRED_DISP msg=audit(1769928922.1057:9948): pid=4223 uid=1361 auid=781 ses=3 subj=unconfined msg='op=PAM:setcred grantors=pam_permit acct="root" exe="/usr/bin/sudo" hostname=? addr=? terminal=/dev/pts/0 res=success'UID="heroic" AUID="heroic"
type=PROCTITLE msg=audit(1769929224.610:5811): proctitle=726D002D66002F6574632F63726F6E2E642F686964735F70657273697374
type=CWD msg=audit(1769928590.254:9279): cwd="/root"
type=CRED_REFR msg=audit(1769928579.331:3780): pid=3948 uid=1237 auid=500 ses=3 subj=unconfined msg='op=PAM:setcred grantors=pam_permit,pam_cap acct="root" exe="/usr/bin/sort" hostname=? addr=? terminal=/dev/pts/0 res=success'UID="heroic" AUID="heroic"
type=PATH msg=audit(1769928678.495:8768): item=0 name="/usr/bin/mkdir" inode=1578511 dev=8:2 mode=100530 ouid=0 ogid=0 rdev=0:0 nametype=NORMAL cap_fp=0 cap_fi=0 cap_fe=0 cap_fver=0 cap_frootid=0OUID="root" OGID="root"
type=PATH msg=audit(1769928829.1326:4821): item=0 name="/usr/bin/rm" inode=1578431 dev=8:2 mode=100677 ouid=0 ogid=0 rdev=0:0 nametype=NORMAL cap_fp=0 cap_fi=0 cap_fe=0 cap_fver=0 cap_frootid=0OUID="root" OGID="root"
type=SYSCALL msg=audit(1769928552.810:8526): arch=c000003e syscall=59 success=yes exit=0 a0=5da302dcc4f0 a1=5da302dc7b20 a2=5da302dc08f0 a3=5da302dccd10 items=2 ppid=3383 pid=6365 auid=1410 uid=1098 gid=901 euid=705 suid=830 fsuid=908 egid=1160 sgid=705 fsgid=776 tty=pts0 ses=3 comm="tail" exe="/bin/sh" subj=unconfined key="process_exec"ARCH=x86_64 SYSCALL=execve AUID="heroic" UID="heroic" GID="heroic" EUID="heroic" SUID="heroic" FSUID="heroic" EGID="heroic" SGID="heroic" FSGID="heroic"
type=CWD msg=audit(1769928557.169:6589): cwd="/usr/local/bin"
type=PATH msg=audit(1769928484.28:7497): item=1 name="/lib64/ld-linux-x86-64.so.2" inode=1575664 dev=8:2 mode=101061 ouid=0 ogid=0 rdev=0:0 nametype=NORMAL cap_fp=0 cap_fi=0 cap_fe=0 cap_fver=0 cap_frootid=0OUID="root" OGID="root"
type=PROCTITLE msg=audit(1769928510.220:7076): proctitle=736C656570003930
type=PROCTITLE msg=audit(1769928702.940:7851): proctitle=726D002D660066696C655F31302E6461740066696C655F31312E6461740066696C655F31322E6461740066696C655F31332E6461740066696C655F31342E6461740066696C655F31352E6461740066696C655F31362E6461740066696C655F31372E6461740066696C655F31382E6461740066696C655F31392E646174006669
type=PROCTITLE msg=audit(1769929272.450:9696): proctitle=6C73002D2D636F6C6F723D6175746F
type=PATH msg=audit(1769929002.405:8456): item=1 name="/lib64/ld-linux-x86-64.so.2" inode=1575290 dev=8:2 mode=101222 ouid=0 ogid=0 rdev=0:0 nametype=NORMAL cap_fp=0 cap_fi=0 cap_fe=0 cap_fver=0 cap_frootid=0OUID="root" OGID="root"
type=USER_CMD msg=audit(1769928424.899:4703): pid=750 uid=800 auid=1225 ses=3 subj=unconfined msg='cwd="/var/ossec" cmd="whoami" exe="/usr/bin/tail" terminal=pts/0 res=success'UID="heroic" AUID="heroic"
type=PATH msg=audit(1769928514.699:9511): item=1 name="/lib64/ld-linux-x86-64.so.2" inode=1575646 dev=8:2 mode=101235 ouid=0 ogid=0 rdev=0:0 nametype=NORMAL cap_fp=0 cap_fi=0 cap_fe=0 cap_fver=0 cap_frootid=0OUID="root" OGID="root"
type=PROCTITLE msg=audit(1769928997.549:9549): proctitle="whoami"
type=EXECVE msg=audit(1769929121.432:4798): argc=2 a0="sleep" a1="5"
type=PATH msg=audit(1769929205.41:7233): item=1 name="/lib64/ld-linux-x86-64.so.2" inode=1575351 dev=8:2 mode=101119 ouid=0 ogid=0 rdev=0:0 nametype=NORMAL cap_fp=0 cap_fi=0 cap_fe=0 cap_fver=0 cap_frootid=0OUID="root" OGID="root"
type=PATH msg=audit(1769929252.776:8377): item=0 name="/usr/bin/sleep" inode=1578562 dev=8:2 mode=100345 ouid=0 ogid=0 rdev=0:0 nametype=NORMAL cap_fp=0 cap_fi=0 cap_fe=0 cap_fver=0 cap_frootid=0OUID="root" OGID="root"
type=CRED_REFR msg=audit(1769928705.238:4424): pid=5535 uid=655 auid=1076 ses=3 subj=unconfined msg='op=PAM:setcred grantors=pam_permit,pam_cap acct="root" exe="/usr/bin/sudo" hostname=? addr=? terminal=/dev/pts/0 res=success'UID="heroic" AUID="heroic"
type=PROCTITLE msg=audit(1769928971.805:6082): proctitle="bash"
type=CWD msg=audit(1769928438.418:4114): cwd="/usr/local/bin"
type=EXECVE msg=audit(1769929053.157:8774): argc=1 a0="/usr/libexec/nm-dispatcher"
type=PATH msg=audit(1769929149.779:9712): item=0 name="/usr/bin/curl" inode=1573199 dev=8:2 mode=101230 ouid=0 ogid=0 rdev=0:0 nametype=NORMAL cap_fp=0 cap_fi=0 cap_fe=0 cap_fver=0 cap_frootid=0OUID="root" OGID="root"
type=PATH msg=audit(1769928784.627:10129): item=0 name="/usr/bin/sudo" inode=1574049 dev=8:2 mode=104603 ouid=0 ogid=0 rdev=0:0 nametype=NORMAL cap_fp=0 cap_fi=0 cap_fe=0 cap_fver=0 cap_frootid=0OUID="root" OGID="root"
type=PATH msg=audit(1769928431.99:7727): item=1 name="/lib64/ld-linux-x86-64.so.2" inode=1575263 dev=8:2 mode=100712 ouid=0 ogid=0 rdev=0:0 nametype=NORMAL cap_fp=0 cap_fi=0 cap_fe=0 cap_fver=0 cap_frootid=0OUID="root" OGID="root"
type=USER_ACCT msg=audit(1769929220.157:7662): pid=4196 uid=1374 auid=582 ses=3 subj=unconfined msg='op=PAM:accounting grantors=pam_permit,pam_localuser acct="heroic" exe="/bin/sh" hostname=? addr=? terminal=/dev/pts/0 res=success'UID="heroic" AUID="heroic"
type=PATH msg=audit(1769928514.276:8661): item=0 name="/usr/lib/sysstat/debian-sa1" inode=1582003 dev=8:2 mode=100313 ouid=0 ogid=0 rdev=0:0 nametype=NORMAL cap_fp=0 cap_fi=0 cap_fe=0 cap_fver=0 cap_frootid=0OUID="root" OGID="root"
type=USER_ACCT msg=audit(1769929170.284:5814): pid=2320 uid=1255 auid=1438 ses=3 subj=unconfined msg='op=PAM:accounting grantors=pam_permit,pam_localuser acct="heroic" exe="/usr/bin/tail" hostname=? addr=? terminal=/dev/pts/0 res=success'UID="heroic" AUID="heroic"
type=CWD msg=audit(1769929321.315:9277): cwd="/tmp"
type=USER_START msg=audit(1769929333.256:4101): pid=4732 uid=1451 auid=1002 ses=3 subj=unconfined msg='op=PAM:session_open grantors=pam_limits,pam_env,pam_env,pam_permit,pam_umask,pam_unix acct="root" exe="/usr/bin/sort" hostname=? addr=? terminal=/dev/pts/0 res=success'UID="heroic" AUID="heroic"
type=PATH msg=audit(1769928893.614:8183): item=0 name="/usr/bin/basename" inode=1577955 dev=8:2 mode=100297 ouid=0 ogid=0 rdev=0:0 nametype=NORMAL cap_fp=0 cap_fi=0 cap_fe=0 cap_fver=0 cap_frootid=0OUID="root" OGID="root"
type=CRED_DISP msg=audit(1769928488.819:7553): pid=2734 uid=791 auid=1042 ses=5 subj=unconfined msg='op=PAM:setcred grantors=pam_permit acct="root" exe="/usr/bin/sudo" hostname=? addr=? terminal=/dev/pts/0 res=success'UID="heroic" AUID="heroic"
type=CWD msg=audit(1769928475.697:5084): cwd="/var/ossec"
type=PROCTITLE msg=audit(1769928739.92:8170): proctitle=736C656570003930
type=CRED_REFR msg=audit(1769929005.885:6768): pid=2372 uid=869 auid=850 ses=3 subj=unconfined msg='op=PAM:setcred grantors=pam_permit,pam_cap acct="root" exe="/usr/bin/netstat" hostname=? addr=? terminal=/dev/pts/0 res=success'UID="heroic" AUID="heroic"
type=SYSCALL msg=audit(1769928971.598:5452): arch=c000003e syscall=59 success=yes exit=0 a0=64e1754cf410 a1=64e1754d1610 a2=64e1754c38f0 a3=8 items=2 ppid=4972 pid=4016 auid=671 uid=970 gid=1123 euid=1289 suid=876 fsuid=1278 egid=1208 sgid=1437 fsgid=756 tty=pts0 ses=3 comm="df" exe="/usr/bin/tail" subj=unconfined key="process_exec"ARCH=x86_64 SYSCALL=execve AUID="heroic" UID="heroic" GID="heroic" EUID="heroic" SUID="heroic" FSUID="heroic" EGID="heroic" SGID="heroic" FSGID="heroic"
type=PATH msg=audit(1769928582.234:6288): item=1 name="/bin/sh" inode=1573851 dev=8:2 mode=100278 ouid=0 ogid=0 rdev=0:0 nametype=NORMAL cap_fp=0 cap_fi=0 cap_fe=0 cap_fver=0 cap_frootid=0OUID="root" OGID="root"
type=PROCTITLE msg=audit(1769929336.635:7553): proctitle=726D646972002F746D702F686964735F6D616C6963696F7573
type=EXECVE msg=audit(1769928555.757:6568): argc=1 a0="/usr/libexec/nm-dispatcher"
type=PROCTITLE msg=audit(1769929392.295:4631): proctitle="whoami"
type=SYSCALL msg=audit(1769928750.1189:6115): arch=c000003e syscall=59 success=yes exit=0 a0=55b8634382b0 a1=55b863435fa0 a2=55b863435160 a3=55b863435ff0 items=2 ppid=3177 pid=3470 auid=1129 uid=0 gid=0 euid=0 suid=0 fsuid=0 egid=0 sgid=0 fsgid=0 tty=pts2 ses=3 comm="sed" exe="/bin/sh" subj=unconfined key="process_exec"ARCH=x86_64 SYSCALL=execve AUID="heroic" UID="root" GID="root" EUID="root" SUID="root" FSUID="root" EGID="root" SGID="root" FSGID="root"
type=PATH msg=audit(1769929300.260:10095): item=0 name="/usr/bin/id" inode=1577743 dev=8:2 mode=100323 ouid=0 ogid=0 rdev=0:0 nametype=NORMAL cap_fp=0 cap_fi=0 cap_fe=0 cap_fver=0 cap_frootid=0OUID="root" OGID="root"
type=EXECVE msg=audit(1769929027.202:6264): argc=2 a0="rmdir" a1="/tmp/hids_malicious"
type=PATH msg=audit(1769928891.700:6456): item=1 name="/lib64/ld-linux-x86-64.so.2" inode=1575230 dev=8:2 mode=100494 ouid=0 ogid=0 rdev=0:0 nametype=NORMAL cap_fp=0 cap_fi=0 cap_fe=0 cap_fver=0 cap_frootid=0OUID="root" OGID="root"
type=EXECVE msg=audit(1769928551.642:6721): argc=58 a0="rm" a1="-f" a2="file_10.dat" a3="file_11.dat" a4="file_12.dat" a5="file_13.dat" a6="file_14.dat" a7="file_15.dat" a8="file_16.dat" a9="file_17.dat" a10="file_18.dat" a11="file_19.dat" a12="file_1.dat" a13="file_20.dat" a14="file_21.dat" a15="file_22.dat" a16="file_23.dat" a17="file_24.dat" a18="file_25.dat" a19="file_26.dat" a20="file_27.dat" a21="file_28.dat" a22="file_29.dat" a23="file_2.dat" a24="file_30.dat" a25="file_31.dat" a26="file_32.dat" a27="file_33.dat" a28="file_34.dat" a29="file_35.dat" a30="file_36.dat" a31="file_37.dat" a32="file_38.dat" a33="file_39.dat" a34="file_3.dat" a35="file_40.dat" a36="file_41.dat" a37="file_42.dat" a38="file_43.dat" a39="file_44.dat" a40="file_45.dat" a41="file_46.dat" a42="file_47.dat" a43="file_48.dat" a44="file_49.dat" a45="file_4.dat" a46="file_50.dat" a47="file_5.dat" a48="file_6.dat" a49="file_7.dat" a50="file_8.dat" a51="file_9.dat" a52="payload.sh" a53="recon.txt" a54="netstat.txt" a55="processes.txt" a56="sudo_enum.txt" a57="sudo_test.txt"
type=PROCTITLE msg=audit(1769928735.566:6792): proctitle=677067002D2D656E61626C652D7370656369616C2D66696C656E616D6573002D2D6261746368002D2D6E6F2D736B2D636F6D6D656E7473002D2D686F6D65646972002F7661722F6C69622F66777570642F676E757067002D2D7374617475732D6664003139002D2D6E6F2D747479002D2D636861727365740075746638002D2D
type=USER_ACCT msg=audit(1769928924.468:4277): pid=2115 uid=842 auid=1196 ses=3 subj=unconfined msg='op=PAM:accounting grantors=pam_permit,pam_localuser acct="heroic" exe="/usr/bin/df" hostname=? addr=? terminal=/dev/pts/0 res=success'UID="heroic" AUID="heroic"
type=PATH msg=audit(1769928554.290:9912): item=1 name="/lib64/ld-linux-x86-64.so.2" inode=1575504 dev=8:2 mode=101204 ouid=0 ogid=0 rdev=0:0 nametype=NORMAL cap_fp=0 cap_fi=0 cap_fe=0 cap_fver=0 cap_frootid=0OUID="root" OGID="root"
type=PROCTITLE msg=audit(1769928947.21:6761): proctitle=726D002D66002F6574632F63726F6E2E642F686964735F70657273697374
type=PATH msg=audit(1769928917.688:6095): item=0 name="/usr/bin/ps" inode=1574243 dev=8:2 mode=100791 ouid=0 ogid=0 rdev=0:0 nametype=NORMAL cap_fp=0 cap_fi=0 cap_fe=0 cap_fver=0 cap_frootid=0OUID="root" OGID="root"
type=SYSCALL msg=audit(1769929048.1175:9569): arch=c000003e syscall=59 success=yes exit=0 a0=5b934d5f1b68 a1=5b934d601ba0 a2=5b934d614340 a3=64 items=2 ppid=6530 pid=3065 auid=563 uid=0 gid=0 euid=0 suid=0 fsuid=0 egid=0 sgid=0 fsgid=0 tty=pts4 ses=3 comm="df" exe="/usr/bin/last" subj=unconfined key="process_exec"ARCH=x86_64 SYSCALL=execve AUID="heroic" UID="root" GID="root" EUID="root" SUID="root" FSUID="root" EGID="root" SGID="root" FSGID="root"
type=CWD msg=audit(1769928658.474:7853): cwd="/tmp"
type=SYSCALL msg=audit(1769929353.86:6489): arch=c000003e syscall=59 success=yes exit=0 a0=5bf3963dc5c0 a1=5bf3963dc560 a2=5bf3963dc580 a3=8 items=2 ppid=3324 pid=5024 auid=0 uid=0 gid=0 euid=0 suid=0 fsuid=0 egid=0 sgid=0 fsgid=0 tty=(none) ses=5 comm="python" exe="/usr/bin/sort" subj=unconfined key="process_exec"ARCH=x86_64 SYSCALL=execve AUID="root" UID="root" GID="root" EUID="root" SUID="root" FSUID="root" EGID="root" SGID="root" FSGID="root"
type=CWD msg=audit(1769928813.529:6693): cwd="/tmp"
type=EXECVE msg=audit(1769928769.730:9787): argc=2 a0="sleep" a1="5"
type=CWD msg=audit(1769928891.1033:6511): cwd="/home/heroic"
type=USER_START msg=audit(1769928829.1352:5017): pid=2986 uid=579 auid=915 ses=3 subj=unconfined msg='op=PAM:session_open grantors=pam_limits,pam_env,pam_env,pam_permit,pam_umask,pam_unix acct="root" exe="/usr/bin/netstat" hostname=? addr=? terminal=/dev/pts/0 res=success'UID="heroic" AUID="heroic"
type=CWD msg=audit(1769928907.623:9851): cwd="/home/heroic"
type=SYSCALL msg=audit(1769929195.980:5570): arch=c000003e syscall=59 success=yes exit=0 a0=6357fcf76b68 a1=6357fcf86ba0 a2=6357fcf997a0 a3=64 items=2 ppid=4589 pid=10280 auid=511 uid=0 gid=0 euid=0 suid=0 fsuid=0 egid=0 sgid=0 fsgid=0 tty=pts4 ses=3 comm="last" exe="/bin/sh" subj=unconfined key="process_exec"ARCH=x86_64 SYSCALL=execve AUID="heroic" UID="root" GID="root" EUID="root" SUID="root" FSUID="root" EGID="root" SGID="root" FSGID="root"
type=USER_CMD msg=audit(1769928698.1373:5735): pid=7665 uid=799 auid=611 ses=3 subj=unconfined msg='cwd="/tmp" cmd=746565202F6574632F63726F6E2E642F686964735F70657273697374 exe="/usr/bin/df" terminal=pts/0 res=success'UID="heroic" AUID="heroic"
type=PROCTITLE msg=audit(1769928473.464:4080): proctitle=7375646F00746565002F6574632F63726F6E2E642F686964735F70657273697374
type=PATH msg=audit(1769929322.404:4402): item=0 name="/usr/bin/gpg" inode=1573985 dev=8:2 mode=100764 ouid=0 ogid=0 rdev=0:0 nametype=NORMAL cap_fp=0 cap_fi=0 cap_fe=0 cap_fver=0 cap_frootid=0OUID="root" OGID="root"
type=PATH msg=audit(1769928877.541:6808): item=0 name="/usr/bin/chmod" inode=1578320 dev=8:2 mode=100691 ouid=0 ogid=0 rdev=0:0 nametype=NORMAL cap_fp=0 cap_fi=0 cap_fe=0 cap_fver=0 cap_frootid=0OUID="root" OGID="root"
type=SYSCALL msg=audit(1769929055.429:5436): arch=c000003e syscall=59 success=yes exit=0 a0=5da302dc87c0 a1=5da302dcc410 a2=5da302dc08f0 a3=5da302dcc410 items=2 ppid=5551 pid=2691 auid=1037 uid=1397 gid=1240 euid=572 suid=1443 fsuid=1478 egid=835 sgid=1105 fsgid=884 tty=pts0 ses=3 comm="netstat" exe="/usr/bin/python3" subj=unconfined key="process_exec"ARCH=x86_64 SYSCALL=execve AUID="heroic" UID="heroic" GID="heroic" EUID="heroic" SUID="heroic" FSUID="heroic" EGID="heroic" SGID="heroic" FSGID="heroic"
type=EXECVE msg=audit(1769928605.1109:8263): argc=2 a0="ps" a1="aux"
type=PATH msg=audit(1769928587.632:7686): item=0 name="/usr/bin/whoami" inode=1578356 dev=8:2 mode=101202 ouid=0 ogid=0 rdev=0:0 nametype=NORMAL cap_fp=0 cap_fi=0 cap_fe=0 cap_fver=0 cap_frootid=0OUID="root" OGID="root"
type=PROCTITLE msg=audit(1769928578.384:6224): proctitle="bash"
type=PATH msg=audit(1769928876.106:9592): item=0 name="/usr/bin/sudo" inode=1573796 dev=8:2 mode=104882 ouid=0 ogid=0 rdev=0:0 nametype=NORMAL cap_fp=0 cap_fi=0 cap_fe=0 cap_fver=0 cap_frootid=0OUID="root" OGID="root"
type=USER_ACCT msg=audit(1769928795.492:4868): pid=1950 uid=543 auid=773 ses=3 subj=unconfined msg='op=PAM:accounting grantors=pam_permit,pam_localuser acct="heroic" exe="/bin/sh" hostname=? addr=? terminal=/dev/pts/0 res=success'UID="heroic" AUID="heroic"
type=SYSCALL msg=audit(1769928900.340:5883): arch=c000003e syscall=59 success=yes exit=0 a0=64e1754cb7c0 a1=64e1754cf410 a2=64e1754c38f0 a3=64e1754cf410 items=2 ppid=4582 pid=5275 auid=998 uid=799 gid=1034 euid=863 suid=1252 fsuid=505 egid=1493 sgid=920 fsgid=1489 tty=pts0 ses=3 comm="sudo" exe="/usr/bin/sudo" subj=unconfined key="process_exec"ARCH=x86_64 SYSCALL=execve AUID="heroic" UID="heroic" GID="heroic" EUID="heroic" SUID="heroic" FSUID="heroic" EGID="heroic" SGID="heroic" FSGID="heroic"
type=PATH msg=audit(1769928584.347:7662): item=1 name="/lib64/ld-linux-x86-64.so.2" inode=1575171 dev=8:2 mode=100764 ouid=0 ogid=0 rdev=0:0 nametype=NORMAL cap_fp=0 cap_fi=0 cap_fe=0 cap_fver=0 cap_frootid=0OUID="root" OGID="root"
type=PATH msg=audit(1769928840.439:6536): item=0 name="/usr/bin/sudo" inode=1574657 dev=8:2 mode=104876 ouid=0 ogid=0 rdev=0:0 nametype=NORMAL cap_fp=0 cap_fi=0 cap_fe=0 cap_fver=0 cap_frootid=0OUID="root" OGID="root"
type=PATH msg=audit(1769929191.1105:4646): item=0 name="/usr/bin/ps" inode=1574265 dev=8:2 mode=100371 ouid=0 ogid=0 rdev=0:0 nametype=NORMAL cap_fp=0 cap_fi=0 cap_fe=0 cap_fver=0 cap_frootid=0OUID="root" OGID="root"
type=USER_ACCT msg=audit(1769929376.138:6183): pid=2368 uid=969 auid=1354 ses=3 subj=unconfined msg='op=PAM:accounting grantors=pam_permit,pam_localuser acct="heroic" exe="/usr/bin/sed" hostname=? addr=? terminal=/dev/pts/0 res=success'UID="heroic" AUID="heroic"
type=USER_CMD msg=audit(1769928885.261:7241): pid=9339 uid=1143 auid=1297 ses=3 subj=unconfined msg='cwd="/root" cmd=726D202D66202F6574632F63726F6E2E642F686964735F70657273697374 exe="/usr/bin/python3" terminal=pts/0 res=success'UID="heroic" AUID="heroic"
type=PROCTITLE msg=audit(1769928658.29:9711): proctitle=707300617578
type=USER_CMD msg=audit(1769929004.284:5631): pid=2179 uid=549 auid=1012 ses=3 subj=unconfined msg='cwd="/var/ossec" cmd="whoami" exe="/usr/bin/python3" terminal=pts/0 res=success'UID="heroic" AUID="heroic"
type=SYSCALL msg=audit(1769928451.682:5378): arch=c000003e syscall=59 success=yes exit=0 a0=56a2cccba886 a1=7ffeb4c10500 a2=56a2cccba8c0 a3=56a2cccba886 items=2 ppid=6828 pid=9331 auid=0 uid=0 gid=0 euid=0 suid=0 fsuid=0 egid=0 sgid=0 fsgid=0 tty=(none) ses=5 comm="last" exe="/usr/bin/python3" subj=unconfined key="process_exec"ARCH=x86_64 SYSCALL=execve AUID="root" UID="root" GID="root" EUID="root" SUID="root" FSUID="root" EGID="root" SGID="root" FSGID="root"
type=PATH msg=audit(1769929185.638:6621): item=0 name="/usr/bin/ss" inode=1574019 dev=8:2 mode=101243 ouid=0 ogid=0 rdev=0:0 nametype=NORMAL cap_fp=0 cap_fi=0 cap_fe=0 cap_fver=0 cap_frootid=0OUID="root" OGID="root"
type=CWD msg=audit(1769928740.92:4430): cwd="/var/ossec"
type=PATH msg=audit(1769929329.110:6474): item=0 name="/usr/bin/groups" inode=1577635 dev=8:2 mode=100263 ouid=0 ogid=0 rdev=0:0 nametype=NORMAL cap_fp=0 cap_fi=0 cap_fe=0 cap_fver=0 cap_frootid=0OUID="root" OGID="root"
type=CWD msg=audit(1769929338.889:8664): cwd="/root"
type=USER_ACCT msg=audit(1769928675.895:9625): pid=5152 uid=1245 auid=1150 ses=3 subj=unconfined msg='op=PAM:accounting grantors=pam_permit,pam_localuser acct="heroic" exe="/usr/bin/sort" hostname=? addr=? terminal=/dev/pts/0 res=success'UID="heroic" AUID="heroic"
type=CWD msg=audit(1769929170.198:6098): cwd="/tmp"
type=PATH msg=audit(1769928921.719:7638): item=0 name="/usr/bin/rm" inode=1577663 dev=8:2 mode=100803 ouid=0 ogid=0 rdev=0:0 nametype=NORMAL cap_fp=0 cap_fi=0 cap_fe=0 cap_fver=0 cap_frootid=0OUID="root" OGID="root"
type=SYSCALL msg=audit(1769928767.7:6084): arch=c000003e syscall=59 success=yes exit=0 a0=5662cb8d00c0 a1=5662cb8d01c0 a2=5662cb8cf4b0 a3=5662cb8d0990 items=3 ppid=9327 pid=6817 auid=4294967761 uid=0 gid=0 euid=0 suid=0 fsuid=0 egid=0 sgid=0 fsgid=0 tty=(none) ses=4294966885 comm="tail" exe="/usr/bin/netstat" subj=unconfined key="process_exec"ARCH=x86_64 SYSCALL=execve AUID="unset" UID="root" GID="root" EUID="root" SUID="root" FSUID="root" EGID="root" SGID="root" FSGID="root"
type=CWD msg=audit(1769928672.537:7294): cwd="/usr/local/bin"
type=SYSCALL msg=audit(1769928582.819:5781): arch=c000003e syscall=59 success=yes exit=0 a0=64e1754cd210 a1=64e1754caa40 a2=64e1754c38f0 a3=64e1754caa40 items=2 ppid=3657 pid=8001 auid=1247 uid=1000 gid=1446 euid=1180 suid=837 fsuid=651 egid=1463 sgid=880 fsgid=992 tty=pts0 ses=3 comm="tail" exe="/usr/bin/tail" subj=unconfined key="process_exec"ARCH=x86_64 SYSCALL=execve AUID="heroic" UID="heroic" GID="heroic" EUID="heroic" SUID="heroic" FSUID="heroic" EGID="heroic" SGID="heroic" FSGID="heroic"
type=SYSCALL msg=audit(1769929209.426:8316): arch=c000003e syscall=59 success=yes exit=0 a0=5da302dca310 a1=5da302dc8740 a2=5da302dc08f0 a3=5da302dc8740 items=2 ppid=8312 pid=2795 auid=1141 uid=616 gid=1497 euid=598 suid=647 fsuid=512 egid=1216 sgid=981 fsgid=537 tty=pts0 ses=3 comm="sh" exe="/usr/bin/netstat" subj=unconfined key="process_exec"ARCH=x86_64 SYSCALL=execve AUID="heroic" UID="heroic" GID="heroic" EUID="heroic" SUID="heroic" FSUID="heroic" EGID="heroic" SGID="heroic" FSGID="heroic"
type=PATH msg=audit(1769929189.715:7765): item=0 name="/usr/bin/mkdir" inode=1578003 dev=8:2 mode=100915 ouid=0 ogid=0 rdev=0:0 nametype=NORMAL cap_fp=0 cap_fi=0 cap_fe=0 cap_fver=0 cap_frootid=0OUID="root" OGID="root"
type=CWD msg=audit(1769928579.489:9274): cwd="/tmp"
type=CWD msg=audit(1769929222.678:7986): cwd="/home/heroic"
type=PATH msg=audit(1769928646.198:4569): item=1 name="/lib64/ld-linux-x86-64.so.2" inode=1575422 dev=8:2 mode=100356 ouid=0 ogid=0 rdev=0:0 nametype=NORMAL cap_fp=0 cap_fi=0 cap_fe=0 cap_fver=0 cap_frootid=0OUID="root" OGID="root"
type=EXECVE msg=audit(1769929112.354:7484): argc=4 a0="sudo" a1="rm" a2="-f" a3="/etc/cron.d/hids_persist"
type=CRED_DISP msg=audit(1769929005.107:9617): pid=6009 uid=0 auid=602 ses=5 subj=unconfined msg='op=PAM:setcred grantors=pam_permit acct="root" exe="/usr/bin/df" hostname=? addr=? terminal=/dev/pts/1 res=success'UID="root" AUID="heroic"
type=EXECVE msg=audit(1769928602.26:7554): argc=2 a0="sleep" a1="5"
type=PATH msg=audit(1769928904.18:5441): item=0 name="/usr/bin/sleep" inode=1578468 dev=8:2 mode=100636 ouid=0 ogid=0 rdev=0:0 nametype=NORMAL cap_fp=0 cap_fi=0 cap_fe=0 cap_fver=0 cap_frootid=0OUID="root" OGID="root"
type=SYSCALL msg=audit(1769929007.1075:4501): arch=c000003e syscall=59 success=yes exit=0 a0=64e1754caa40 a1=64e1754cf610 a2=64e1754c38f0 a3=8 items=2 ppid=8376 pid=6848 auid=1008 uid=1099 gid=1403 euid=659 suid=790 fsuid=983 egid=1260 sgid=913 fsgid=674 tty=pts0 ses=3 comm="df" exe="/bin/sh" subj=unconfined key="process_exec"ARCH=x86_64 SYSCALL=execve AUID="heroic" UID="heroic" GID="heroic" EUID="heroic" SUID="heroic" FSUID="heroic" EGID="heroic" SGID="heroic" FSGID="heroic"
type=PATH msg=audit(1769929163.814:8450): item=1 name="/lib64/ld-linux-x86-64.so.2" inode=1575683 dev=8:2 mode=100958 ouid=0 ogid=0 rdev=0:0 nametype=NORMAL cap_fp=0 cap_fi=0 cap_fe=0 cap_fver=0 cap_frootid=0OUID="root" OGID="root"
type=CRED_DISP msg=audit(1769929162.1141:7153): pid=8509 uid=0 auid=0 ses=5 subj=unconfined msg='op=PAM:setcred grantors=pam_permit acct="root" exe="/bin/sh" hostname=? addr=? terminal=cron res=success'UID="root" AUID="root"
type=PROCTITLE msg=audit(1769929073.319:8214): proctitle=2F7573722F7362696E2F43524F4E002D66002D50
type=PATH msg=audit(1769928654.235:7409): item=1 name="/lib64/ld-linux-x86-64.so.2" inode=1575244 dev=8:2 mode=100892 ouid=0 ogid=0 rdev=0:0 nametype=NORMAL cap_fp=0 cap_fi=0 cap_fe=0 cap_fver=0 cap_frootid=0OUID="root" OGID="root"
type=LOGIN msg=audit(1769929244.48:8755): pid=1917 uid=0 subj=unconfined old-auid=4294967406 auid=0 tty=(none) old-ses=4294966936 ses=7 res=1UID="root" OLD-AUID="unset" AUID="root"
type=USER_CMD msg=audit(1769928533.229:7446): pid=7743 uid=707 auid=1066 ses=3 subj=unconfined msg='cwd="/var/ossec" cmd="su" exe="/usr/bin/sed" terminal=pts/0 res=success'UID="heroic" AUID="heroic"
type=USER_ACCT msg=audit(1769929374.374:4714): pid=6672 uid=1102 auid=887 ses=3 subj=unconfined msg='op=PAM:accounting grantors=pam_permit,pam_localuser acct="heroic" exe="/usr/bin/netstat" hostname=? addr=? terminal=/dev/pts/0 res=success'UID="heroic" AUID="heroic"
type=EXECVE msg=audit(1769929299.337:5307): argc=3 a0="rm" a1="-f" a2="/etc/cron.d/hids_persist"
type=CWD msg=audit(1769929290.699:8586): cwd="/home/heroic"
type=EXECVE msg=audit(1769928546.501:9465): argc=2 a0="sleep" a1="5"
type=CWD msg=audit(1769929209.633:6392): cwd="/home/heroic"
type=USER_ACCT msg=audit(1769928702.810:9166): pid=2477 uid=1254 auid=1287 ses=3 subj=unconfined msg='op=PAM:accounting grantors=pam_permit,pam_localuser acct="heroic" exe="/usr/bin/python3" hostname=? addr=? terminal=/dev/pts/0 res=success'UID="heroic" AUID="heroic"
type=CWD msg=audit(1769929192.569:4091): cwd="/root"
type=EXECVE msg=audit(1769929152.263:5569): argc=3 a0="chmod" a1="+x" a2="payload.sh"
type=EXECVE msg=audit(1769928752.1046:9981): argc=3 a0="rm" a1="-f" a2="/etc/cron.d/hids_persist"
type=PROCTITLE msg=audit(1769928668.1354:8696): proctitle=676A73002F7573722F73686172652F676E6F6D652D7368656C6C2F657874656E73696F6E732F64696E6740726173746572736F66742E636F6D2F6170702F64696E672E6A73002D45002D50002F7573722F73686172652F676E6F6D652D7368656C6C2F657874656E73696F6E732F64696E6740726173746572736F66742E636F
type=CWD msg=audit(1769928450.509:5892): cwd="/home/heroic"
type=CWD msg=audit(1769929049.795:9662): cwd="/home/heroic"
type=SYSCALL msg=audit(1769929107.365:4877): arch=c000003e syscall=59 success=yes exit=0 a0=5da302dc7420 a1=5da302dc8980 a2=5da302dc08f0 a3=5da302dc8980 items=2 ppid=1723 pid=9178 auid=923 uid=864 gid=1356 euid=0 suid=0 fsuid=0 egid=1083 sgid=848 fsgid=780 tty=pts0 ses=3 comm="df" exe="/usr/bin/python3" subj=unconfined key="process_exec"ARCH=x86_64 SYSCALL=execve AUID="heroic" UID="heroic" GID="heroic" EUID="root" SUID="root" FSUID="root" EGID="heroic" SGID="heroic" FSGID="heroic"
type=PATH msg=audit(1769928601.60:9130): item=0 name="/proc/self/fd/9" inode=1596124 dev=8:2 mode=100298 ouid=0 ogid=0 rdev=0:0 nametype=NORMAL cap_fp=0 cap_fi=0 cap_fe=0 cap_fver=0 cap_frootid=0OUID="root" OGID="root"
type=PROCTITLE msg=audit(1769928416.1035:9390): proctitle=707300617578
type=SYSCALL msg=audit(1769929367.1268:5838): arch=c000003e syscall=59 success=yes exit=0 a0=5da302dc8960 a1=5da302dcbd50 a2=5da302dc08f0 a3=5da302dcbd50 items=2 ppid=7272 pid=3853 auid=778 uid=1241 gid=1060 euid=0 suid=0 fsuid=0 egid=1353 sgid=1095 fsgid=1055 tty=pts0 ses=3 comm="tail" exe="/bin/sh" subj=unconfined key="process_exec"ARCH=x86_64 SYSCALL=execve AUID="heroic" UID="heroic" GID="heroic" EUID="root" SUID="root" FSUID="root" EGID="heroic" SGID="heroic" FSGID="heroic"
type=PROCTITLE msg=audit(1769928438.718:7503): proctitle=63686D6F64002B78007061796C6F61642E7368
type=CWD msg=audit(1769928964.509:8237): cwd="/tmp"
type=SYSCALL msg=audit(1769929027.113:7250): arch=c000003e syscall=59 success=yes exit=0 a0=64e1754cb600 a1=64e1754c9e20 a2=64e1754c38f0 a3=64e1754c9e20 items=2 ppid=8506 pid=7927 auid=1354 uid=1464 gid=1157 euid=1181 suid=1194 fsuid=1308 egid=1218 sgid=1069 fsgid=1447 tty=pts0 ses=3 comm="last" exe="/usr/bin/tail" subj=unconfined key="process_exec"ARCH=x86_64 SYSCALL=execve AUID="heroic" UID="heroic" GID="heroic" EUID="heroic" SUID="heroic" FSUID="heroic" EGID="heroic" SGID="heroic" FSGID="heroic"
type=EXECVE msg=audit(1769929408.582:9581): argc=1 a0="bash"
type=PATH msg=audit(1769929382.344:6419): item=1 name="/lib64/ld-linux-x86-64.so.2" inode=1574866 dev=8:2 mode=100543 ouid=0 ogid=0 rdev=0:0 nametype=NORMAL cap_fp=0 cap_fi=0 cap_fe=0 cap_fver=0 cap_frootid=0OUID="root" OGID="root"
type=EXECVE msg=audit(1769929349.843:6694): argc=2 a0="sudo" a1="-l"
type=PATH msg=audit(1769928946.456:10462): item=0 name="/usr/bin/sleep" inode=1578610 dev=8:2 mode=100732 ouid=0 ogid=0 rdev=0:0 nametype=NORMAL cap_fp=0 cap_fi=0 cap_fe=0 cap_fver=0 cap_frootid=0OUID="root" OGID="root"
type=CWD msg=audit(1769928873.906:4662): cwd=2F746D702F686964735F6D616C6963696F7573202864656C6574656429
type=PATH msg=audit(1769928615.23:8620): item=0 name="/usr/bin/dirname" inode=1577894 dev=8:2 mode=100980 ouid=0 ogid=0 rdev=0:0 nametype=NORMAL cap_fp=0 cap_fi=0 cap_fe=0 cap_fver=0 cap_frootid=0OUID="root" OGID="root"
type=CWD msg=audit(1769929036.556:8200): cwd="/tmp"
type=SYSCALL msg=audit(1769929293.140:6379): arch=c000003e syscall=59 success=yes exit=0 a0=5da302dccf10 a1=5da302dccf70 a2=5da302dc08f0 a3=5da302dccf70 items=2 ppid=2916 pid=10237 auid=873 uid=1181 gid=882 euid=882 suid=1231 fsuid=1335 egid=559 sgid=1355 fsgid=1426 tty=pts0 ses=3 comm="sudo" exe="/usr/bin/sed" subj=unconfined key="process_exec"ARCH=x86_64 SYSCALL=execve AUID="heroic" UID="heroic" GID="heroic" EUID="heroic" SUID="heroic" FSUID="heroic" EGID="heroic" SGID="heroic" FSGID="heroic"
type=PATH msg=audit(1769928888.298:8909): item=1 name="/etc/cron.d/hids_persist" inode=1703812 dev=8:2 mode=100161 ouid=0 ogid=0 rdev=0:0 nametype=DELETE cap_fp=0 cap_fi=0 cap_fe=0 cap_fver=0 cap_frootid=0OUID="root" OGID="root"
type=PATH msg=audit(1769929268.437:9490): item=1 name="/lib64/ld-linux-x86-64.so.2" inode=1575685 dev=8:2 mode=100796 ouid=0 ogid=0 rdev=0:0 nametype=NORMAL cap_fp=0 cap_fi=0 cap_fe=0 cap_fver=0 cap_frootid=0OUID="root" OGID="root"
type=EXECVE msg=audit(1769929266.667:6527): argc=2 a0="ls" a1="--color=auto"
type=PATH msg=audit(1769928939.343:4746): item=0 name="/usr/bin/whoami" inode=1578252 dev=8:2 mode=100758 ouid=0 ogid=0 rdev=0:0 nametype=NORMAL cap_fp=0 cap_fi=0 cap_fe=0 cap_fver=0 cap_frootid=0OUID="root" OGID="root"
type=PROCTITLE msg=audit(1769928815.923:7008): proctitle=6D6B646972002D70002F746D702F686964735F6D616C6963696F7573
type=EXECVE msg=audit(1769929050.644:7893): argc=7 a0="/usr/lib/systemd/systemd-executor" a1="--deserialize" a2="113" a3="--log-level" a4="info" a5="--log-target" a6="journal-or-kmsg"
type=CWD msg=audit(1769928466.1249:7671): cwd="/home/heroic"
type=CWD msg=audit(1769929034.1334:10161): cwd="/home/heroic"
type=SYSCALL msg=audit(1769928906.396:6997): arch=c000003e syscall=59 success=yes exit=0 a0=560b6b722b68 a1=560b6b732ba0 a2=560b6b7457a0 a3=64 items=2 ppid=7129 pid=9765 auid=1239 uid=0 gid=0 euid=0 suid=0 fsuid=0 egid=0 sgid=0 fsgid=0 tty=pts4 ses=3 comm="last" exe="/usr/bin/sed" subj=unconfined key="process_exec"ARCH=x86_64 SYSCALL=execve AUID="heroic" UID="root" GID="root" EUID="root" SUID="root" FSUID="root" EGID="root" SGID="root" FSGID="root"
type=PATH msg=audit(1769928986.571:4845): item=0 name="/usr/libexec/nm-dispatcher" inode=1585771 dev=8:2 mode=100755 ouid=0 ogid=0 rdev=0:0 nametype=NORMAL cap_fp=0 cap_fi=0 cap_fe=0 cap_fver=0 cap_frootid=0OUID="root" OGID="root"
type=SYSCALL msg=audit(1769929111.960:6878): arch=c000003e syscall=59 success=yes exit=0 a0=5da302dcc3f0 a1=5da302dccff0 a2=5da302dc08f0 a3=5da302dccff0 items=2 ppid=4360 pid=8038 auid=527 uid=1195 gid=623 euid=1489 suid=682 fsuid=848 egid=1338 sgid=540 fsgid=1368 tty=pts0 ses=3 comm="python" exe="/usr/bin/tail" subj=unconfined key="process_exec"ARCH=x86_64 SYSCALL=execve AUID="heroic" UID="heroic" GID="heroic" EUID="heroic" SUID="heroic" FSUID="heroic" EGID="heroic" SGID="heroic" FSGID="heroic"
type=SYSCALL msg=audit(1769928643.304:9688): arch=c000003e syscall=581 success=yes exit=3 a0=ffffff9c a1=7ffd3ba1772c a2=422 a3=1b6 items=2 ppid=9244 pid=9529 auid=740 uid=0 gid=0 euid=0 suid=0 fsuid=0 egid=0 sgid=0 fsgid=0 tty=pts4 ses=3 comm="sudo" exe="/usr/bin/last" subj=unconfined key="persistence"ARCH=x86_64 SYSCALL=openat AUID="heroic" UID="root" GID="root" EUID="root" SUID="root" FSUID="root" EGID="root" SGID="root" FSGID="root"
type=USER_CMD msg=audit(1769929245.932:4611): pid=3969 uid=504 auid=1224 ses=3 subj=unconfined msg='cwd="/var/ossec" cmd=746565202F6574632F63726F6E2E642F686964735F70657273697374 exe="/usr/bin/last" terminal=pts/0 res=success'UID="heroic" AUID="heroic"
type=SYSCALL msg=audit(1769929169.146:7966): arch=c000003e syscall=59 success=yes exit=0 a0=5da302dccf30 a1=5da302dccc10 a2=5da302dc08f0 a3=5da302dcc950 items=2 ppid=4759 pid=9469 auid=816 uid=1448 gid=1464 euid=1036 suid=809 fsuid=1318 egid=1100 sgid=630 fsgid=1387 tty=pts0 ses=3 comm="sed" exe="/bin/sh" subj=unconfined key="process_exec"ARCH=x86_64 SYSCALL=execve AUID="heroic" UID="heroic" GID="heroic" EUID="heroic" SUID="heroic" FSUID="heroic" EGID="heroic" SGID="heroic" FSGID="heroic"
type=PATH msg=audit(1769929364.607:6353): item=0 name="/etc/cron.d/" inode=1703567 dev=8:2 mode=40788 ouid=0 ogid=0 rdev=0:0 nametype=PARENT cap_fp=0 cap_fi=0 cap_fe=0 cap_fver=0 cap_frootid=0OUID="root" OGID="root"
type=PROCTITLE msg=audit(1769928562.707:5500): proctitle=2F62696E2F7368002D6300636F6D6D616E64202D762064656269616E2D736131203E202F6465762F6E756C6C2026262064656269616E2D73613120312031
type=PROCTITLE msg=audit(1769928603.319:6042): proctitle=63686D6F64002B78007061796C6F61642E7368
type=CWD msg=audit(1769928814.496:8083): cwd="/root"
type=USER_ACCT msg=audit(1769929216.148:7581): pid=9929 uid=0 auid=1313 ses=3 subj=unconfined msg='op=PAM:accounting grantors=pam_permit,pam_localuser acct="root" exe="/usr/bin/netstat" hostname=? addr=? terminal=/dev/pts/2 res=success'UID="root" AUID="heroic"
type=PATH msg=audit(1769929082.758:8384): item=1 name="/lib64/ld-linux-x86-64.so.2" inode=1575104 dev=8:2 mode=101134 ouid=0 ogid=0 rdev=0:0 nametype=NORMAL cap_fp=0 cap_fi=0 cap_fe=0 cap_fver=0 cap_frootid=0OUID="root" OGID="root"
type=PATH msg=audit(1769928562.614:9073): item=1 name="/lib64/ld-linux-x86-64.so.2" inode=1575249 dev=8:2 mode=100460 ouid=0 ogid=0 rdev=0:0 nametype=NORMAL cap_fp=0 cap_fi=0 cap_fe=0 cap_fver=0 cap_frootid=0OUID="root" OGID="root"
type=USER_START msg=audit(1769928510.47:7869): pid=3416 uid=1106 auid=591 ses=3 subj=unconfined msg='op=PAM:session_open grantors=pam_limits,pam_env,pam_env,pam_permit,pam_umask,pam_unix acct="root" exe="/usr/bin/last" hostname=? addr=? terminal=/dev/pts/0 res=success'UID="heroic" AUID="heroic"
type=PATH msg=audit(1769928852.684:4025): item=0 name="/etc/cron.d/" inode=1703542 dev=8:2 mode=40550 ouid=0 ogid=0 rdev=0:0 nametype=PARENT cap_fp=0 cap_fi=0 cap_fe=0 cap_fver=0 cap_frootid=0OUID="root" OGID="root"
type=PATH msg=audit(1769929305.48:5861): item=1 name="/lib64/ld-linux-x86-64.so.2" inode=1575803 dev=8:2 mode=101204 ouid=0 ogid=0 rdev=0:0 nametype=NORMAL cap_fp=0 cap_fi=0 cap_fe=0 cap_fver=0 cap_frootid=0OUID="root" OGID="root"
type=CWD msg=audit(1769929037.450:9185): cwd="/root"
type=CRED_REFR msg=audit(1769928762.279:4355): pid=4978 uid=625 auid=674 ses=3 subj=unconfined msg='op=PAM:setcred grantors=pam_permit,pam_cap acct="root" exe="/usr/bin/tail" hostname=? addr=? terminal=/dev/pts/0 res=success'UID="heroic" AUID="heroic"
type=PROCTITLE msg=audit(1769929234.892:4739): proctitle=7375646F00746565002F6574632F63726F6E2E642F686964735F70657273697374
type=SYSCALL msg=audit(1769929396.448:9414): arch=c000003e syscall=59 success=yes exit=0 a0=5da302dccff0 a1=5da302dca550 a2=5da302dc08f0 a3=1 items=2 ppid=1537 pid=3514 auid=876 uid=1416 gid=615 euid=1155 suid=737 fsuid=595 egid=551 sgid=1168 fsgid=1152 tty=pts0 ses=3 comm="sort" exe="/usr/bin/last" subj=unconfined key="process_exec"ARCH=x86_64 SYSCALL=execve AUID="heroic" UID="heroic" GID="heroic" EUID="heroic" SUID="heroic" FSUID="heroic" EGID="heroic" SGID="heroic" FSGID="heroic"
type=CWD msg=audit(1769928598.112:10045): cwd="/home/heroic"
type=CRED_REFR msg=audit(1769928528.183:6730): pid=1672 uid=0 auid=550 ses=5 subj=unconfined msg='op=PAM:setcred grantors=pam_permit,pam_cap acct="root" exe="/usr/bin/tail" hostname=? addr=? terminal=/dev/pts/1 res=success'UID="root" AUID="heroic"
type=CRED_DISP msg=audit(1769928993.300:5603): pid=3592 uid=1496 auid=1284 ses=3 subj=unconfined msg='op=PAM:setcred grantors=pam_permit acct="root" exe="/bin/sh" hostname=? addr=? terminal=/dev/pts/0 res=success'UID="heroic" AUID="heroic"
type=SYSCALL msg=audit(1769928966.395:8709): arch=c000003e syscall=59 success=yes exit=0 a0=5da302dcd3b0 a1=5da302dcd390 a2=5da302dc08f0 a3=5da302dcd390 items=2 ppid=5192 pid=6021 auid=879 uid=1135 gid=729 euid=0 suid=0 fsuid=0 egid=537 sgid=1338 fsgid=1224 tty=pts0 ses=3 comm="sh" exe="/usr/bin/sed" subj=unconfined key="process_exec"ARCH=x86_64 SYSCALL=execve AUID="heroic" UID="heroic" GID="heroic" EUID="root" SUID="root" FSUID="root" EGID="heroic" SGID="heroic" FSGID="heroic"
type=CWD msg=audit(1769929009.803:4756): cwd="/tmp"
type=PATH msg=audit(1769928660.500:10234): item=0 name="/usr/bin/rm" inode=1578568 dev=8:2 mode=101142 ouid=0 ogid=0 rdev=0:0 nametype=NORMAL cap_fp=0 cap_fi=0 cap_fe=0 cap_fver=0 cap_frootid=0OUID="root" OGID="root"
type=EXECVE msg=audit(1769929169.50:5301): argc=3 a0="curl" a1="-s" a2="file:///tmp/hids_malicious/payload.sh"
type=SYSCALL msg=audit(1769929206.768:4415): arch=c000003e syscall=59 success=yes exit=0 a0=5d51d3ac7b90 a1=5d51d3ac7910 a2=5d51d3ac7b38 a3=1 items=2 ppid=3827 pid=4334 auid=4294967011 uid=0 gid=184 euid=0 suid=0 fsuid=0 egid=463 sgid=619 fsgid=100 tty=(none) ses=4294966886 comm="sh" exe="/bin/sh" subj=unconfined key="process_exec"ARCH=x86_64 SYSCALL=execve AUID="unset" UID="root" GID="wazuh" EUID="root" SUID="root" FSUID="root" EGID="wazuh" SGID="wazuh" FSGID="wazuh"
type=PATH msg=audit(1769928913.1009:8230): item=0 name="/usr/bin/sudo" inode=1574376 dev=8:2 mode=104676 ouid=0 ogid=0 rdev=0:0 nametype=NORMAL cap_fp=0 cap_fi=0 cap_fe=0 cap_fver=0 cap_frootid=0OUID="root" OGID="root"
type=EXECVE msg=audit(1769928526.719:8006): argc=1 a0="bash"
type=EXECVE msg=audit(1769928765.735:9361): argc=3 a0="mkdir" a1="-p" a2="/tmp/hids_malicious"
type=CWD msg=audit(1769929009.779:5777): cwd="/var/ossec"
type=SYSCALL msg=audit(1769928500.710:8010): arch=c000003e syscall=59 success=yes exit=0 a0=5da302dccff0 a1=5da302dca550 a2=5da302dc08f0 a3=1 items=2 ppid=5374 pid=2061 auid=1310 uid=1325 gid=663 euid=516 suid=1052 fsuid=793 egid=861 sgid=1105 fsgid=1345 tty=pts0 ses=3 comm="tail" exe="/usr/bin/sort" subj=unconfined key="process_exec"ARCH=x86_64 SYSCALL=execve AUID="heroic" UID="heroic" GID="heroic" EUID="heroic" SUID="heroic" FSUID="heroic" EGID="heroic" SGID="heroic" FSGID="heroic"
type=USER_END msg=audit(1769928992.472:8648): pid=9349 uid=1174 auid=811 ses=3 subj=unconfined msg='op=PAM:session_close grantors=pam_limits,pam_env,pam_env,pam_permit,pam_umask,pam_unix acct="root" exe="/usr/bin/python3" hostname=? addr=? terminal=/dev/pts/0 res=success'UID="heroic" AUID="heroic"
type=PROCTITLE msg=audit(1769928448.91:5711): proctitle=746565002F6574632F63726F6E2E642F686964735F70657273697374
type=SYSCALL msg=audit(1769929104.582:6113): arch=c000003e syscall=59 success=yes exit=0 a0=5da302dccc50 a1=5da302dcc9d0 a2=5da302dc08f0 a3=5da302dcc310 items=2 ppid=6857 pid=1975 auid=794 uid=1184 gid=568 euid=1309 suid=1247 fsuid=1214 egid=708 sgid=702 fsgid=1434 tty=pts0 ses=3 comm="python" exe="/usr/bin/sudo" subj=unconfined key="process_exec"ARCH=x86_64 SYSCALL=execve AUID="heroic" UID="heroic" GID="heroic" EUID="heroic" SUID="heroic" FSUID="heroic" EGID="heroic" SGID="heroic" FSGID="heroic"
type=EXECVE msg=audit(1769929023.973:6606): argc=3 a0="chmod" a1="+x" a2="payload.sh"
type=PROCTITLE msg=audit(1769928693.478:4370): proctitle=63686D6F64002B78007061796C6F61642E7368
type=USER_CMD msg=audit(1769929351.518:8112): pid=6431 uid=1178 auid=1279 ses=3 subj=unconfined msg='cwd="/home/heroic" cmd=746565202F6574632F63726F6E2E642F686964735F70657273697374 exe="/usr/bin/df" terminal=pts/0 res=success'UID="heroic" AUID="heroic"
type=PATH msg=audit(1769928661.128:7591): item=0 name="/usr/bin/sleep" inode=1577736 dev=8:2 mode=100384 ouid=0 ogid=0 rdev=0:0 nametype=NORMAL cap_fp=0 cap_fi=0 cap_fe=0 cap_fver=0 cap_frootid=0OUID="root" OGID="root"
type=CWD msg=audit(1769929174.166:3952): cwd="/root"
type=PROCTITLE msg=audit(1769929013.1066:8823): proctitle="id"
type=PROCTITLE msg=audit(1769928468.590:9118): proctitle=7375646F006370002F7661722F6C6F672F61756469742F61756469742E6C6F67002F686F6D652F6865726F69632F4465736B746F702F686964735F646174617365742F7261772F6D616C6963696F75735F72656D6F74652E6C6F677E
type=PROCTITLE msg=audit(1769928447.252:6994): proctitle=736C6565700035
type=EXECVE msg=audit(1769929297.420:5919): argc=2 a0="uname" a1="-a"
type=CWD msg=audit(1769929218.1003:6874): cwd="/var/ossec"
type=CWD msg=audit(1769928620.734:8473): cwd="/home/heroic"
type=PATH msg=audit(1769929206.843:7529): item=1 name="/lib64/ld-linux-x86-64.so.2" inode=1575443 dev=8:2 mode=100436 ouid=0 ogid=0 rdev=0:0 nametype=NORMAL cap_fp=0 cap_fi=0 cap_fe=0 cap_fver=0 cap_frootid=0OUID="root" OGID="root"
type=CWD msg=audit(1769928923.77:8905): cwd="/root"
type=PATH msg=audit(1769928775.823:8528): item=1 name="/lib64/ld-linux-x86-64.so.2" inode=1575293 dev=8:2 mode=100517 ouid=0 ogid=0 rdev=0:0 nametype=NORMAL cap_fp=0 cap_fi=0 cap_fe=0 cap_fver=0 cap_frootid=0OUID="root" OGID="root"
type=PATH msg=audit(1769929157.696:9660): item=1 name="/lib64/ld-linux-x86-64.so.2" inode=1574856 dev=8:2 mode=100543 ouid=0 ogid=0 rdev=0:0 nametype=NORMAL cap_fp=0 cap_fi=0 cap_fe=0 cap_fver=0 cap_frootid=0OUID="root" OGID="root"
type=PROCTITLE msg=audit(1769928432.745:8804): proctitle=7375646F0077686F616D69
type=SYSCALL msg=audit(1769929263.513:8704): arch=c000003e syscall=59 success=yes exit=0 a0=5da302dc8980 a1=5da302dc6f40 a2=5da302dc08f0 a3=5da302dc6f40 items=2 ppid=3118 pid=4629 auid=617 uid=784 gid=1289 euid=1103 suid=697 fsuid=648 egid=761 sgid=983 fsgid=1089 tty=pts0 ses=3 comm="tail" exe="/usr/bin/last" subj=unconfined key="process_exec"ARCH=x86_64 SYSCALL=execve AUID="heroic" UID="heroic" GID="heroic" EUID="heroic" SUID="heroic" FSUID="heroic" EGID="heroic" SGID="heroic" FSGID="heroic"
type=PATH msg=audit(1769929125.209:4773): item=1 name="/lib64/ld-linux-x86-64.so.2" inode=1575265 dev=8:2 mode=100264 ouid=0 ogid=0 rdev=0:0 nametype=NORMAL cap_fp=0 cap_fi=0 cap_fe=0 cap_fver=0 cap_frootid=0OUID="root" OGID="root"
type=CWD msg=audit(1769928448.805:6514): cwd="/home/heroic"
type=SYSCALL msg=audit(1769928784.489:7978): arch=c000003e syscall=59 success=yes exit=0 a0=5da302dccc50 a1=5da302dcc9d0 a2=5da302dc08f0 a3=5da302dcc310 items=2 ppid=6919 pid=5417 auid=851 uid=789 gid=627 euid=890 suid=850 fsuid=881 egid=1157 sgid=804 fsgid=726 tty=pts0 ses=3 comm="tail" exe="/usr/bin/sudo" subj=unconfined key="process_exec"ARCH=x86_64 SYSCALL=execve AUID="heroic" UID="heroic" GID="heroic" EUID="heroic" SUID="heroic" FSUID="heroic" EGID="heroic" SGID="heroic" FSGID="heroic"
type=SYSCALL msg=audit(1769929328.783:6630): arch=c000003e syscall=59 success=yes exit=0 a0=64e1754d0830 a1=64e1754cd270 a2=64e1754c38f0 a3=64e1754cd270 items=2 ppid=1759 pid=8473 auid=572 uid=628 gid=595 euid=548 suid=885 fsuid=1377 egid=742 sgid=1004 fsgid=1287 tty=pts0 ses=3 comm="netstat" exe="/usr/bin/df" subj=unconfined key="process_exec"ARCH=x86_64 SYSCALL=execve AUID="heroic" UID="heroic" GID="heroic" EUID="heroic" SUID="heroic" FSUID="heroic" EGID="heroic" SGID="heroic" FSGID="heroic"
type=PATH msg=audit(1769928511.983:8027): item=0 name="/usr/bin/sudo" inode=1573985 dev=8:2 mode=104690 ouid=0 ogid=0 rdev=0:0 nametype=NORMAL cap_fp=0 cap_fi=0 cap_fe=0 cap_fver=0 cap_frootid=0OUID="root" OGID="root"
type=EXECVE msg=audit(1769928923.408:6024): argc=1 a0="bash"
type=PATH msg=audit(1769929311.80:5504): item=0 name="/usr/bin/sudo" inode=1574758 dev=8:2 mode=104432 ouid=0 ogid=0 rdev=0:0 nametype=NORMAL cap_fp=0 cap_fi=0 cap_fe=0 cap_fver=0 cap_frootid=0OUID="root" OGID="root"
type=USER_END msg=audit(1769929205.837:5710): pid=5884 uid=1450 auid=1217 ses=3 subj=unconfined msg='op=PAM:session_close grantors=pam_limits,pam_env,pam_env,pam_permit,pam_umask,pam_unix acct="root" exe="/usr/bin/sort" hostname=? addr=? terminal=/dev/pts/0 res=success'UID="heroic" AUID="heroic"
type=PATH msg=audit(1769929107.109:7199): item=0 name="/usr/bin/bash" inode=1573695 dev=8:2 mode=100595 ouid=0 ogid=0 rdev=0:0 nametype=NORMAL cap_fp=0 cap_fi=0 cap_fe=0 cap_fver=0 cap_frootid=0OUID="root" OGID="root"
type=PATH msg=audit(1769928530.73:7808): item=0 name="/usr/bin/bash" inode=1573694 dev=8:2 mode=100566 ouid=0 ogid=0 rdev=0:0 nametype=NORMAL cap_fp=0 cap_fi=0 cap_fe=0 cap_fver=0 cap_frootid=0OUID="root" OGID="root"
type=USER_ACCT msg=audit(1769929409.386:8455): pid=5405 uid=1227 auid=1498 ses=3 subj=unconfined msg='op=PAM:accounting grantors=pam_permit,pam_localuser acct="heroic" exe="/usr/bin/sed" hostname=? addr=? terminal=/dev/pts/0 res=success'UID="heroic" AUID="heroic"
type=PATH msg=audit(1769928435.1172:5508): item=1 name="/lib64/ld-linux-x86-64.so.2" inode=1575085 dev=8:2 mode=100711 ouid=0 ogid=0 rdev=0:0 nametype=NORMAL cap_fp=0 cap_fi=0 cap_fe=0 cap_fver=0 cap_frootid=0OUID="root" OGID="root"
type=CRED_REFR msg=audit(1769929190.741:4040): pid=6091 uid=616 auid=1280 ses=3 subj=unconfined msg='op=PAM:setcred grantors=pam_permit,pam_cap acct="root" exe="/usr/bin/sort" hostname=? addr=? terminal=/dev/pts/0 res=success'UID="heroic" AUID="heroic"
type=PATH msg=audit(1769928441.435:5120): item=1 name="/bin/sh" inode=1573791 dev=8:2 mode=100257 ouid=0 ogid=0 rdev=0:0 nametype=NORMAL cap_fp=0 cap_fi=0 cap_fe=0 cap_fver=0 cap_frootid=0OUID="root" OGID="root"
type=EXECVE msg=audit(1769928578.682:8857): argc=2 a0="rmdir" a1="/tmp/hids_malicious"
type=PROCTITLE msg=audit(1769929202.411:6300): proctitle=7373002D74756C6E70
type=EXECVE msg=audit(1769928919.61:7456): argc=7 a0="/usr/lib/systemd/systemd-executor" a1="--deserialize" a2="315" a3="--log-level" a4="info" a5="--log-target" a6="journal-or-kmsg"
type=CWD msg=audit(1769928561.1050:5505): cwd="/var/ossec"
type=PROCTITLE msg=audit(1769928594.964:7467): proctitle=2F7573722F62696E2F677067002D2D76657273696F6E
type=SYSCALL msg=audit(1769928888.469:5713): arch=c000003e syscall=59 success=yes exit=0 a0=64e1754cfc70 a1=64e1754cff70 a2=64e1754c38f0 a3=64e1754cff70 items=2 ppid=4809 pid=2730 auid=1328 uid=1132 gid=1435 euid=0 suid=0 fsuid=0 egid=929 sgid=1357 fsgid=1207 tty=pts0 ses=3 comm="python" exe="/usr/bin/sed" subj=unconfined key="process_exec"ARCH=x86_64 SYSCALL=execve AUID="heroic" UID="heroic" GID="heroic" EUID="root" SUID="root" FSUID="root" EGID="heroic" SGID="heroic" FSGID="heroic"
type=PATH msg=audit(1769928555.151:4872): item=1 name="/lib64/ld-linux-x86-64.so.2" inode=1575541 dev=8:2 mode=100664 ouid=0 ogid=0 rdev=0:0 nametype=NORMAL cap_fp=0 cap_fi=0 cap_fe=0 cap_fver=0 cap_frootid=0OUID="root" OGID="root"
type=PROCTITLE msg=audit(1769929094.732:7532): proctitle=6D6B646972002D70002F746D702F686964735F6D616C6963696F7573
type=SYSCALL msg=audit(1769929302.259:9424): arch=c000003e syscall=59 success=yes exit=0 a0=5da302dcc950 a1=5da302dc7240 a2=5da302dc08f0 a3=5da302dc7240 items=2 ppid=9954 pid=3496 auid=623 uid=577 gid=558 euid=0 suid=0 fsuid=0 egid=1417 sgid=725 fsgid=1192 tty=pts0 ses=3 comm="sh" exe="/usr/bin/python3" subj=unconfined key="process_exec"ARCH=x86_64 SYSCALL=execve AUID="heroic" UID="heroic" GID="heroic" EUID="root" SUID="root" FSUID="root" EGID="heroic" SGID="heroic" FSGID="heroic"
type=BPF msg=audit(1769928852.48:8700): prog-id=96 op=LOAD
type=PATH msg=audit(1769929150.336:5693): item=0 name="/etc/cron.d/" inode=1703691 dev=8:2 mode=40469 ouid=0 ogid=0 rdev=0:0 nametype=PARENT cap_fp=0 cap_fi=0 cap_fe=0 cap_fver=0 cap_frootid=0OUID="root" OGID="root"
type=PATH msg=audit(1769928782.202:8045): item=0 name="/usr/bin/sudo" inode=1574512 dev=8:2 mode=104429 ouid=0 ogid=0 rdev=0:0 nametype=NORMAL cap_fp=0 cap_fi=0 cap_fe=0 cap_fver=0 cap_frootid=0OUID="root" OGID="root"
type=PATH msg=audit(1769928787.569:9746): item=0 name="/usr/bin/curl" inode=1573197 dev=8:2 mode=100691 ouid=0 ogid=0 rdev=0:0 nametype=NORMAL cap_fp=0 cap_fi=0 cap_fe=0 cap_fver=0 cap_frootid=0OUID="root" OGID="root"
type=PROCTITLE msg=audit(1769929395.570:5329): proctitle=7373002D74756C6E70
type=USER_ACCT msg=audit(1769929305.194:6490): pid=6220 uid=1312 auid=1404 ses=3 subj=unconfined msg='op=PAM:accounting grantors=pam_permit,pam_localuser acct="heroic" exe="/bin/sh" hostname=? addr=? terminal=/dev/pts/0 res=success'UID="heroic" AUID="heroic"
type=PROCTITLE msg=audit(1769928489.282:7268): proctitle=726D646972002F746D702F686964735F6D616C6963696F7573
type=PATH msg=audit(1769929323.246:6385): item=1 name="/lib64/ld-linux-x86-64.so.2" inode=1575695 dev=8:2 mode=100741 ouid=0 ogid=0 rdev=0:0 nametype=NORMAL cap_fp=0 cap_fi=0 cap_fe=0 cap_fver=0 cap_frootid=0OUID="root" OGID="root"
type=USER_END msg=audit(1769929012.672:7244): pid=5532 uid=520 auid=614 ses=3 subj=unconfined msg='op=PAM:session_close grantors=pam_limits,pam_env,pam_env,pam_permit,pam_umask,pam_unix acct="root" exe="/usr/bin/tail" hostname=? addr=? terminal=/dev/pts/0 res=success'UID="heroic" AUID="heroic"
type=SERVICE_STOP msg=audit(1769928731.827:4094): pid=4743 uid=0 auid=4294967783 ses=4294967388 subj=unconfined msg='unit=sysstat-collect comm="netstat" exe="/usr/bin/sed" hostname=? addr=? terminal=? res=success'UID="root" AUID="unset"
type=CWD msg=audit(1769928614.307:9220): cwd="/tmp"
type=EXECVE msg=audit(1769929407.480:6461): argc=3 a0="chmod" a1="+x" a2="payload.sh"
type=PATH msg=audit(1769929010.438:7346): item=1 name="/lib64/ld-linux-x86-64.so.2" inode=1575075 dev=8:2 mode=101114 ouid=0 ogid=0 rdev=0:0 nametype=NORMAL cap_fp=0 cap_fi=0 cap_fe=0 cap_fver=0 cap_frootid=0OUID="root" OGID="root"
type=CWD msg=audit(1769928731.1055:5320): cwd="/usr/local/bin"
type=SYSCALL msg=audit(1769928918.221:4194): arch=c000003e syscall=59 success=yes exit=0 a0=64e1754cadc0 a1=64e1754c5360 a2=64e1754c38f0 a3=64e1754c5950 items=2 ppid=4382 pid=9533 auid=941 uid=978 gid=1155 euid=900 suid=753 fsuid=1043 egid=906 sgid=1227 fsgid=613 tty=pts0 ses=3 comm="sh" exe="/usr/bin/python3" subj=unconfined key="process_exec"ARCH=x86_64 SYSCALL=execve AUID="heroic" UID="heroic" GID="heroic" EUID="heroic" SUID="heroic" FSUID="heroic" EGID="heroic" SGID="heroic" FSGID="heroic"
type=EXECVE msg=audit(1769929214.819:4797): argc=3 a0="chmod" a1="+x" a2="payload.sh"
type=CWD msg=audit(1769929233.66:9727): cwd="/var/ossec"
type=EXECVE msg=audit(1769929173.687:7996): argc=3 a0="chmod" a1="+x" a2="payload.sh"
type=SYSCALL msg=audit(1769928427.791:9079): arch=c000003e syscall=59 success=yes exit=0 a0=5f046b8cdb68 a1=5f046b8ddba0 a2=5f046b8f07a0 a3=64 items=2 ppid=8914 pid=2653 auid=1184 uid=0 gid=0 euid=0 suid=0 fsuid=0 egid=0 sgid=0 fsgid=0 tty=pts4 ses=3 comm="sort" exe="/usr/bin/python3" subj=unconfined key="process_exec"ARCH=x86_64 SYSCALL=execve AUID="heroic" UID="root" GID="root" EUID="root" SUID="root" FSUID="root" EGID="root" SGID="root" FSGID="root"
type=PATH msg=audit(1769928483.859:6908): item=1 name="/lib64/ld-linux-x86-64.so.2" inode=1575000 dev=8:2 mode=101133 ouid=0 ogid=0 rdev=0:0 nametype=NORMAL cap_fp=0 cap_fi=0 cap_fe=0 cap_fver=0 cap_frootid=0OUID="root" OGID="root"
type=CWD msg=audit(1769928498.173:9356): cwd="/var/ossec"
type=CWD msg=audit(1769928948.515:6761): cwd="/root"
type=CWD msg=audit(1769928443.1191:8350): cwd="/usr/local/bin"
type=PATH msg=audit(1769928437.138:10381): item=0 name="/proc/self/fd/9" inode=1596756 dev=8:2 mode=100733 ouid=0 ogid=0 rdev=0:0 nametype=NORMAL cap_fp=0 cap_fi=0 cap_fe=0 cap_fver=0 cap_frootid=0OUID="root" OGID="root"
type=PATH msg=audit(1769928740.1026:5105): item=0 name="/usr/bin/sudo" inode=1574069 dev=8:2 mode=105037 ouid=0 ogid=0 rdev=0:0 nametype=NORMAL cap_fp=0 cap_fi=0 cap_fe=0 cap_fver=0 cap_frootid=0OUID="root" OGID="root"
type=PROCTITLE msg=audit(1769928623.1223:7854): proctitle=63686D6F64002B78007061796C6F61642E7368
type=PATH msg=audit(1769929395.199:5012): item=0 name="/usr/bin/sleep" inode=1577928 dev=8:2 mode=100711 ouid=0 ogid=0 rdev=0:0 nametype=NORMAL cap_fp=0 cap_fi=0 cap_fe=0 cap_fver=0 cap_frootid=0OUID="root" OGID="root"
type=PROCTITLE msg=audit(1769929115.1138:9431): proctitle=736C6565700035
type=CWD msg=audit(1769928683.13:4352): cwd="/root"
type=EXECVE msg=audit(1769929337.382:7906): argc=1 a0="whoami"
type=PATH msg=audit(1769929401.652:5331): item=0 name="/usr/bin/chmod" inode=1578388 dev=8:2 mode=100673 ouid=0 ogid=0 rdev=0:0 nametype=NORMAL cap_fp=0 cap_fi=0 cap_fe=0 cap_fver=0 cap_frootid=0OUID="root" OGID="root"
type=PROCTITLE msg=audit(1769928949.97:6406): proctitle=63686D6F64002B78007061796C6F61642E7368
type=USER_END msg=audit(1769929048.299:9021): pid=7085 uid=0 auid=0 ses=8 subj=unconfined msg='op=PAM:session_close grantors=pam_loginuid,pam_env,pam_env,pam_permit,pam_umask,pam_unix,pam_limits acct="root" exe="/usr/bin/sort" hostname=? addr=? terminal=cron res=success'UID="root" AUID="root"
type=SYSCALL msg=audit(1769929245.1083:6579): arch=c000003e syscall=59 success=yes exit=0 a0=64e1754d0830 a1=64e1754cd270 a2=64e1754c38f0 a3=64e1754cd270 items=2 ppid=9545 pid=3097 auid=969 uid=1334 gid=815 euid=1301 suid=1350 fsuid=1245 egid=1417 sgid=1208 fsgid=938 tty=pts0 ses=3 comm="last" exe="/usr/bin/df" subj=unconfined key="process_exec"ARCH=x86_64 SYSCALL=execve AUID="heroic" UID="heroic" GID="heroic" EUID="heroic" SUID="heroic" FSUID="heroic" EGID="heroic" SGID="heroic" FSGID="heroic"
type=PROCTITLE msg=audit(1769928974.754:6832): proctitle=7375646F002D6C
type=PROCTITLE msg=audit(1769928926.995:4714): proctitle=6C73002D2D636F6C6F723D6175746F
type=SERVICE_STOP msg=audit(1769928647.414:5788): pid=7461 uid=0 auid=4294966910 ses=4294967397 subj=unconfined msg='unit=systemd-hostnamed comm="sudo" exe="/usr/bin/df" hostname=? addr=? terminal=? res=success'UID="root" AUID="unset"
type=PROCTITLE msg=audit(1769929182.1095:4175): proctitle=2F7573722F6C69622F73797374656D642F73797374656D642D6578656375746F72002D2D646573657269616C697A6500313139002D2D6C6F672D6C6576656C00696E666F002D2D6C6F672D746172676574006A6F75726E616C2D6F722D6B6D7367
type=SYSCALL msg=audit(1769928874.425:5073): arch=c000003e syscall=59 success=yes exit=0 a0=5bb70272d538 a1=5bb70272d4e0 a2=5bb70272d500 a3=8 items=3 ppid=5747 pid=9311 auid=0 uid=0 gid=0 euid=0 suid=0 fsuid=0 egid=0 sgid=0 fsgid=0 tty=(none) ses=8 comm="netstat" exe="/usr/bin/last" subj=unconfined key="process_exec"ARCH=x86_64 SYSCALL=execve AUID="root" UID="root" GID="root" EUID="root" SUID="root" FSUID="root" EGID="root" SGID="root" FSGID="root"
type=USER_START msg=audit(1769929411.240:8799): pid=2891 uid=936 auid=1270 ses=3 subj=unconfined msg='op=PAM:session_open grantors=pam_limits,pam_env,pam_env,pam_permit,pam_umask,pam_unix acct="root" exe="/usr/bin/netstat" hostname=? addr=? terminal=/dev/pts/0 res=success'UID="heroic" AUID="heroic"
type=PATH msg=audit(1769928581.855:7368): item=1 name="/lib64/ld-linux-x86-64.so.2" inode=1575552 dev=8:2 mode=100614 ouid=0 ogid=0 rdev=0:0 nametype=NORMAL cap_fp=0 cap_fi=0 cap_fe=0 cap_fver=0 cap_frootid=0OUID="root" OGID="root"
type=SYSCALL msg=audit(1769929035.429:5961): arch=c000003e syscall=59 success=yes exit=0 a0=575d1a1750c0 a1=575d1a1751c0 a2=575d1a1744b0 a3=575d1a175990 items=3 ppid=4892 pid=2272 auid=4294967019 uid=0 gid=0 euid=0 suid=0 fsuid=0 egid=0 sgid=0 fsgid=0 tty=(none) ses=4294966894 comm="sudo" exe="/usr/bin/tail" subj=unconfined key="process_exec"ARCH=x86_64 SYSCALL=execve AUID="unset" UID="root" GID="root" EUID="root" SUID="root" FSUID="root" EGID="root" SGID="root" FSGID="root"
type=CWD msg=audit(1769928668.960:9843): cwd="/var/ossec"
type=CWD msg=audit(1769928913.351:4674): cwd="/var/ossec"
type=EXECVE msg=audit(1769929351.695:6520): argc=4 a0="sh" a1="-c" a2="--" a3=6E657473746174202D74756C706E207C207365642027732F5C285B5B3A616C6E756D3A5D5D5C2B5C295C205C2B5B5B3A64696769743A5D5D5C2B5C205C2B5B5B3A64696769743A5D5D5C2B5C205C2B5C282E2A5C293A5C285B5B3A64696769743A5D5D2A5C295C205C2B5C285B302D395C2E5C3A5C2A5D5C2B5C292E5C2B5C205C285B5B3A64696769743A5D5D2A5C2F5B5B3A616C6E756D3A5D5C2D5D2A5C292E2A2F5C31205C32203D3D205C33203D3D205C34205C352F27207C20736F7274202D6B2034202D67207C207365642027732F203D3D205C282E2A5C29203D3D2F3A5C312F27207C2073656420312C3264
type=PATH msg=audit(1769928801.470:9189): item=1 name="/lib64/ld-linux-x86-64.so.2" inode=1574868 dev=8:2 mode=100711 ouid=0 ogid=0 rdev=0:0 nametype=NORMAL cap_fp=0 cap_fi=0 cap_fe=0 cap_fver=0 cap_frootid=0OUID="root" OGID="root"
type=CWD msg=audit(1769929189.455:4123): cwd="/usr/local/bin"
type=EXECVE msg=audit(1769928540.932:9090): argc=2 a0="sleep" a1="90"
type=USER_ACCT msg=audit(1769928843.575:9131): pid=8815 uid=1319 auid=777 ses=3 subj=unconfined msg='op=PAM:accounting grantors=pam_permit,pam_localuser acct="heroic" exe="/usr/bin/tail" hostname=? addr=? terminal=/dev/pts/0 res=success'UID="heroic" AUID="heroic"
type=SYSCALL msg=audit(1769929301.1129:4297): arch=c000003e syscall=59 success=yes exit=0 a0=64e1754cd210 a1=64e1754caa40 a2=64e1754c38f0 a3=64e1754caa40 items=2 ppid=1891 pid=5345 auid=620 uid=1342 gid=768 euid=1253 suid=707 fsuid=1475 egid=1032 sgid=768 fsgid=941 tty=pts0 ses=3 comm="ss" exe="/bin/sh" subj=unconfined key="process_exec"ARCH=x86_64 SYSCALL=execve AUID="heroic" UID="heroic" GID="heroic" EUID="heroic" SUID="heroic" FSUID="heroic" EGID="heroic" SGID="heroic" FSGID="heroic"
type=CWD msg=audit(1769928679.170:9853): cwd="/usr/local/bin"
type=PROCTITLE msg=audit(1769929364.513:9046): proctitle=2F7573722F6C69622F73797374656D642F73797374656D642D6578656375746F72002D2D646573657269616C697A6500313634002D2D6C6F672D6C6576656C00696E666F002D2D6C6F672D746172676574006A6F75726E616C2D6F722D6B6D7367
type=CWD msg=audit(1769928572.1116:7961): cwd="/home/heroic"
type=USER_END msg=audit(1769928961.339:7018): pid=1446 uid=816 auid=1139 ses=3 subj=unconfined msg='op=PAM:session_close grantors=pam_limits,pam_env,pam_env,pam_permit,pam_umask,pam_unix acct="root" exe="/usr/bin/sed" hostname=? addr=? terminal=/dev/pts/0 res=success'UID="heroic" AUID="heroic"
type=SERVICE_STOP msg=audit(1769928874.199:4384): pid=8271 uid=0 auid=4294966932 ses=4294967610 subj=unconfined msg='unit=NetworkManager-dispatcher comm="sort" exe="/usr/bin/last" hostname=? addr=? terminal=? res=success'UID="root" AUID="unset"
type=EXECVE msg=audit(1769928911.589:8134): argc=2 a0="ps" a1="aux"
type=PATH msg=audit(1769928614.747:8400): item=1 name="/lib64/ld-linux-x86-64.so.2" inode=1575732 dev=8:2 mode=101104 ouid=0 ogid=0 rdev=0:0 nametype=NORMAL cap_fp=0 cap_fi=0 cap_fe=0 cap_fver=0 cap_frootid=0OUID="root" OGID="root"
type=PROCTITLE msg=audit(1769929256.484:8348): proctitle="id"
type=BPF msg=audit(1769929254.1090:4999): prog-id=98 op=UNLOAD
type=SYSCALL msg=audit(1769928437.166:8112): arch=c000003e syscall=1 success=yes exit=1 a0=7 a1=7ffeb4c10450 a2=1 a3=0 items=0 ppid=7294 pid=7064 auid=0 uid=0 gid=0 euid=0 suid=0 fsuid=0 egid=0 sgid=0 fsgid=0 tty=(none) ses=6 comm="ss" exe="/usr/bin/tail" subj=unconfined key=(null)ARCH=x86_64 SYSCALL=write AUID="root" UID="root" GID="root" EUID="root" SUID="root" FSUID="root" EGID="root" SGID="root" FSGID="root"
type=PATH msg=audit(1769928938.925:7156): item=0 name="/usr/bin/sudo" inode=1574175 dev=8:2 mode=104627 ouid=0 ogid=0 rdev=0:0 nametype=NORMAL cap_fp=0 cap_fi=0 cap_fe=0 cap_fver=0 cap_frootid=0OUID="root" OGID="root"
type=SYSCALL msg=audit(1769928976.994:9711): arch=c000003e syscall=59 success=yes exit=0 a0=5eaf7e1b53d0 a1=7ffd4a1566f0 a2=7ffd4a157088 a3=0 items=2 ppid=7891 pid=4644 auid=4294967221 uid=0 gid=0 euid=0 suid=0 fsuid=0 egid=0 sgid=0 fsgid=0 tty=(none) ses=4294967631 comm="sort" exe="/usr/bin/sort" subj=unconfined key="process_exec"ARCH=x86_64 SYSCALL=execve AUID="unset" UID="root" GID="root" EUID="root" SUID="root" FSUID="root" EGID="root" SGID="root" FSGID="root"
type=PROCTITLE msg=audit(1769928887.529:4970): proctitle=2F62696E2F7368002D63005B202D78202F6574632F696E69742E642F616E6163726F6E205D202626206966205B2021202D64202F72756E2F73797374656D642F73797374656D205D3B207468656E202F7573722F7362696E2F696E766F6B652D72632E6420616E6163726F6E207374617274203E2F6465762F6E756C6C3B2066
type=EXECVE msg=audit(1769929080.387:6986): argc=1 a0="/usr/libexec/nm-dispatcher"
type=PROCTITLE msg=audit(1769928459.396:5122): proctitle=6466002D50
type=CWD msg=audit(1769928613.1124:9159): cwd="/usr/local/bin"
type=PATH msg=audit(1769928782.688:5021): item=1 name="/lib64/ld-linux-x86-64.so.2" inode=1575517 dev=8:2 mode=100875 ouid=0 ogid=0 rdev=0:0 nametype=NORMAL cap_fp=0 cap_fi=0 cap_fe=0 cap_fver=0 cap_frootid=0OUID="root" OGID="root"
type=PATH msg=audit(1769928421.5:7032): item=0 name="/usr/bin/uname" inode=1578180 dev=8:2 mode=100995 ouid=0 ogid=0 rdev=0:0 nametype=NORMAL cap_fp=0 cap_fi=0 cap_fe=0 cap_fver=0 cap_frootid=0OUID="root" OGID="root"
type=PATH msg=audit(1769928802.464:4494): item=0 name="/usr/bin/whoami" inode=1578190 dev=8:2 mode=101143 ouid=0 ogid=0 rdev=0:0 nametype=NORMAL cap_fp=0 cap_fi=0 cap_fe=0 cap_fver=0 cap_frootid=0OUID="root" OGID="root"
type=PROCTITLE msg=audit(1769928822.715:6624): proctitle=736C6565700035
type=PATH msg=audit(1769928908.1183:6865): item=1 name="/etc/cron.d/hids_persist" inode=1704029 dev=8:2 mode=100611 ouid=0 ogid=0 rdev=0:0 nametype=CREATE cap_fp=0 cap_fi=0 cap_fe=0 cap_fver=0 cap_frootid=0OUID="root" OGID="root"
type=SYSCALL msg=audit(1769928683.513:6267): arch=c000003e syscall=59 success=yes exit=0 a0=64e1754cb740 a1=64e1754cd360 a2=64e1754c38f0 a3=1 items=2 ppid=10382 pid=820 auid=1065 uid=1177 gid=1196 euid=1206 suid=1460 fsuid=928 egid=1117 sgid=844 fsgid=1142 tty=pts0 ses=3 comm="sudo" exe="/usr/bin/netstat" subj=unconfined key="process_exec"ARCH=x86_64 SYSCALL=execve AUID="heroic" UID="heroic" GID="heroic" EUID="heroic" SUID="heroic" FSUID="heroic" EGID="heroic" SGID="heroic" FSGID="heroic"
type=CWD msg=audit(1769928626.857:4774): cwd="/home/heroic"
type=SYSCALL msg=audit(1769929176.828:5886): arch=c000003e syscall=59 success=yes exit=0 a0=5da302dcd390 a1=5da302dcd3f0 a2=5da302dc08f0 a3=5da302dcd3f0 items=2 ppid=2754 pid=5009 auid=977 uid=809 gid=1215 euid=1316 suid=1308 fsuid=969 egid=1092 sgid=1464 fsgid=1113 tty=pts0 ses=3 comm="sh" exe="/usr/bin/netstat" subj=unconfined key="process_exec"ARCH=x86_64 SYSCALL=execve AUID="heroic" UID="heroic" GID="heroic" EUID="heroic" SUID="heroic" FSUID="heroic" EGID="heroic" SGID="heroic" FSGID="heroic"
type=SYSCALL msg=audit(1769929191.686:7531): arch=c000003e syscall=59 success=yes exit=0 a0=636ec018db68 a1=636ec019dba0 a2=636ec01b07a0 a3=64 items=2 ppid=2680 pid=3536 auid=640 uid=0 gid=0 euid=0 suid=0 fsuid=0 egid=0 sgid=0 fsgid=0 tty=pts4 ses=3 comm="python" exe="/usr/bin/sort" subj=unconfined key="process_exec"ARCH=x86_64 SYSCALL=execve AUID="heroic" UID="root" GID="root" EUID="root" SUID="root" FSUID="root" EGID="root" SGID="root" FSGID="root"
type=SYSCALL msg=audit(1769929401.638:6770): arch=c000003e syscall=59 success=yes exit=0 a0=64e1754cb960 a1=64e1754ca460 a2=64e1754c38f0 a3=64e1754ca460 items=2 ppid=5256 pid=2651 auid=683 uid=1339 gid=792 euid=0 suid=0 fsuid=0 egid=792 sgid=786 fsgid=808 tty=pts0 ses=3 comm="sudo" exe="/usr/bin/tail" subj=unconfined key="process_exec"ARCH=x86_64 SYSCALL=execve AUID="heroic" UID="heroic" GID="heroic" EUID="root" SUID="root" FSUID="root" EGID="heroic" SGID="heroic" FSGID="heroic"
type=EXECVE msg=audit(1769928822.969:7338): argc=2 a0="sleep" a1="90"
type=EXECVE msg=audit(1769928474.638:8215): argc=2 a0="ps" a1="aux"
type=PATH msg=audit(1769929224.489:8575): item=0 name="/etc/cron.d/" inode=1704217 dev=8:2 mode=40575 ouid=0 ogid=0 rdev=0:0 nametype=PARENT cap_fp=0 cap_fi=0 cap_fe=0 cap_fver=0 cap_frootid=0OUID="root" OGID="root"
type=SYSCALL msg=audit(1769929082.530:4094): arch=c000003e syscall=59 success=yes exit=0 a0=60589dedfb68 a1=60589deefba0 a2=60589df027a0 a3=64 items=2 ppid=1794 pid=6211 auid=867 uid=0 gid=0 euid=0 suid=0 fsuid=0 egid=0 sgid=0 fsgid=0 tty=pts4 ses=3 comm="netstat" exe="/usr/bin/last" subj=unconfined key="process_exec"ARCH=x86_64 SYSCALL=execve AUID="heroic" UID="root" GID="root" EUID="root" SUID="root" FSUID="root" EGID="root" SGID="root" FSGID="root"
type=CWD msg=audit(1769928665.556:6574): cwd="/usr/local/bin"
type=PROCTITLE msg=audit(1769928852.281:7738): proctitle="su"
type=EXECVE msg=audit(1769928440.61:7216): argc=7 a0="/usr/lib/systemd/systemd-executor" a1="--deserialize" a2="525" a3="--log-level" a4="info" a5="--log-target" a6="journal-or-kmsg"
type=USER_CMD msg=audit(1769928756.575:7689): pid=7313 uid=835 auid=716 ses=3 subj=unconfined msg='cwd="/home/heroic" cmd="whoami" exe="/usr/bin/last" terminal=pts/0 res=success'UID="heroic" AUID="heroic"
type=PATH msg=audit(1769928545.1112:4087): item=1 name="/lib64/ld-linux-x86-64.so.2" inode=1575064 dev=8:2 mode=100649 ouid=0 ogid=0 rdev=0:0 nametype=NORMAL cap_fp=0 cap_fi=0 cap_fe=0 cap_fver=0 cap_frootid=0OUID="root" OGID="root"
type=CWD msg=audit(1769928568.176:6419): cwd="/var/ossec"
type=PATH msg=audit(1769929125.798:7223): item=0 name="/usr/bin/sleep" inode=1578204 dev=8:2 mode=100925 ouid=0 ogid=0 rdev=0:0 nametype=NORMAL cap_fp=0 cap_fi=0 cap_fe=0 cap_fver=0 cap_frootid=0OUID="root" OGID="root"
type=PATH msg=audit(1769928982.470:9796): item=0 name="/usr/bin/uname" inode=1578642 dev=8:2 mode=100287 ouid=0 ogid=0 rdev=0:0 nametype=NORMAL cap_fp=0 cap_fi=0 cap_fe=0 cap_fver=0 cap_frootid=0OUID="root" OGID="root"
type=CWD msg=audit(1769928918.383:9830): cwd="/usr/local/bin"
type=CWD msg=audit(1769928431.584:5914): cwd=2F746D702F686964735F6D616C6963696F7573202864656C6574656429
type=PATH msg=audit(1769929366.313:9410): item=1 name="/lib64/ld-linux-x86-64.so.2" inode=1575653 dev=8:2 mode=101156 ouid=0 ogid=0 rdev=0:0 nametype=NORMAL cap_fp=0 cap_fi=0 cap_fe=0 cap_fver=0 cap_frootid=0OUID="root" OGID="root"
type=CWD msg=audit(1769928712.520:5316): cwd="/root"
type=SYSCALL msg=audit(1769928454.57:4395): arch=c000003e syscall=59 success=yes exit=0 a0=64e1754cb920 a1=64e1754d1a80 a2=64e1754c38f0 a3=1 items=2 ppid=4625 pid=8269 auid=1002 uid=972 gid=543 euid=907 suid=1202 fsuid=554 egid=1415 sgid=854 fsgid=909 tty=pts0 ses=3 comm="python" exe="/usr/bin/last" subj=unconfined key="process_exec"ARCH=x86_64 SYSCALL=execve AUID="heroic" UID="heroic" GID="heroic" EUID="heroic" SUID="heroic" FSUID="heroic" EGID="heroic" SGID="heroic" FSGID="heroic"
type=SYSCALL msg=audit(1769928545.1230:9964): arch=c000003e syscall=59 success=yes exit=0 a0=5da302dcd3b0 a1=5da302dcc8b0 a2=5da302dc08f0 a3=5da302dcc8b0 items=2 ppid=8048 pid=4725 auid=710 uid=1209 gid=1287 euid=1375 suid=674 fsuid=1026 egid=748 sgid=1430 fsgid=1218 tty=pts0 ses=3 comm="sudo" exe="/usr/bin/netstat" subj=unconfined key="process_exec"ARCH=x86_64 SYSCALL=execve AUID="heroic" UID="heroic" GID="heroic" EUID="heroic" SUID="heroic" FSUID="heroic" EGID="heroic" SGID="heroic" FSGID="heroic"
type=PATH msg=audit(1769928423.841:6019): item=1 name="/lib64/ld-linux-x86-64.so.2" inode=1574914 dev=8:2 mode=100999 ouid=0 ogid=0 rdev=0:0 nametype=NORMAL cap_fp=0 cap_fi=0 cap_fe=0 cap_fver=0 cap_frootid=0OUID="root" OGID="root"
type=SYSCALL msg=audit(1769928995.359:7635): arch=c000003e syscall=59 success=yes exit=0 a0=5da302dc8960 a1=5da302dcc950 a2=5da302dc08f0 a3=5da302dca210 items=2 ppid=5623 pid=3644 auid=1239 uid=831 gid=1444 euid=1438 suid=722 fsuid=1103 egid=1309 sgid=1365 fsgid=968 tty=pts0 ses=3 comm="netstat" exe="/usr/bin/sed" subj=unconfined key="process_exec"ARCH=x86_64 SYSCALL=execve AUID="heroic" UID="heroic" GID="heroic" EUID="heroic" SUID="heroic" FSUID="heroic" EGID="heroic" SGID="heroic" FSGID="heroic"
type=USER_ACCT msg=audit(1769928731.455:9446): pid=2910 uid=835 auid=1119 ses=3 subj=unconfined msg='op=PAM:accounting grantors=pam_permit,pam_localuser acct="heroic" exe="/usr/bin/sort" hostname=? addr=? terminal=/dev/pts/0 res=success'UID="heroic" AUID="heroic"
type=PATH msg=audit(1769928538.207:7229): item=2 name="/lib64/ld-linux-x86-64.so.2" inode=1575807 dev=8:2 mode=101228 ouid=0 ogid=0 rdev=0:0 nametype=NORMAL cap_fp=0 cap_fi=0 cap_fe=0 cap_fver=0 cap_frootid=0OUID="root" OGID="root"
type=EXECVE msg=audit(1769929380.754:7724): argc=1 a0="whoami"
type=PROCTITLE msg=audit(1769928774.372:6192): proctitle=73656400732F5C285B5B3A616C6E756D3A5D5D5C2B5C295C205C2B5B5B3A64696769743A5D5D5C2B5C205C2B5B5B3A64696769743A5D5D5C2B5C205C2B5C282E2A5C293A5C285B5B3A64696769743A5D5D2A5C295C205C2B5C285B302D395C2E5C3A5C2A5D5C2B5C292E5C2B5C205C285B5B3A64696769743A5D5D2A5C2F5B5B
type=PATH msg=audit(1769928757.134:9810): item=0 name="/usr/bin/tee" inode=1578483 dev=8:2 mode=100643 ouid=0 ogid=0 rdev=0:0 nametype=NORMAL cap_fp=0 cap_fi=0 cap_fe=0 cap_fver=0 cap_frootid=0OUID="root" OGID="root"
type=SYSCALL msg=audit(1769928737.20:9266): arch=c000003e syscall=59 success=yes exit=0 a0=5da302dccf10 a1=5da302dc8880 a2=5da302dc08f0 a3=5da302dc8880 items=2 ppid=3023 pid=4399 auid=1135 uid=764 gid=797 euid=807 suid=1225 fsuid=824 egid=501 sgid=898 fsgid=777 tty=pts0 ses=3 comm="sh" exe="/usr/bin/last" subj=unconfined key="process_exec"ARCH=x86_64 SYSCALL=execve AUID="heroic" UID="heroic" GID="heroic" EUID="heroic" SUID="heroic" FSUID="heroic" EGID="heroic" SGID="heroic" FSGID="heroic"
type=PATH msg=audit(1769928433.501:5723): item=1 name="/lib64/ld-linux-x86-64.so.2" inode=1574850 dev=8:2 mode=100417 ouid=0 ogid=0 rdev=0:0 nametype=NORMAL cap_fp=0 cap_fi=0 cap_fe=0 cap_fver=0 cap_frootid=0OUID="root" OGID="root"
type=CWD msg=audit(1769928802.313:7545): cwd="/var/ossec"
type=SYSCALL msg=audit(1769929162.960:8515): arch=c000003e syscall=59 success=yes exit=0 a0=64e1754cf190 a1=64e1754ca9b0 a2=64e1754c38f0 a3=8 items=2 ppid=1137 pid=6258 auid=834 uid=1222 gid=939 euid=559 suid=1298 fsuid=1315 egid=998 sgid=1421 fsgid=1354 tty=pts0 ses=3 comm="df" exe="/usr/bin/python3" subj=unconfined key="process_exec"ARCH=x86_64 SYSCALL=execve AUID="heroic" UID="heroic" GID="heroic" EUID="heroic" SUID="heroic" FSUID="heroic" EGID="heroic" SGID="heroic" FSGID="heroic"
type=PROCTITLE msg=audit(1769929130.605:6492): proctitle="whoami"
type=CWD msg=audit(1769929152.729:4810): cwd="/home/heroic"
type=EXECVE msg=audit(1769929169.88:7286): argc=2 a0="ss" a1="-tulnp"
type=PATH msg=audit(1769929292.384:7928): item=1 name="/lib64/ld-linux-x86-64.so.2" inode=1575816 dev=8:2 mode=100956 ouid=0 ogid=0 rdev=0:0 nametype=NORMAL cap_fp=0 cap_fi=0 cap_fe=0 cap_fver=0 cap_frootid=0OUID="root" OGID="root"
type=EXECVE msg=audit(1769929050.977:4576): argc=2 a0="netstat" a1="-tulpn"
type=PROCTITLE msg=audit(1769928899.498:8309): proctitle=707300617578
type=BPRM_FCAPS msg=audit(1769928631.949:6262): fver=0 fp=0 fi=0 fe=0 old_pp=000001fffffeffff old_pi=0 old_pe=000001fffffeffff old_pa=0 pp=000001fffffeffff pi=0 pe=000001fffffeffff pa=0 frootid=0
type=EXECVE msg=audit(1769929246.659:5618): argc=2 a0="nautilus" a1="--version"
type=CWD msg=audit(1769928938.258:6006): cwd="/usr/local/bin"
type=PROCTITLE msg=audit(1769929278.527:8592): proctitle=677067002D2D656E61626C652D7370656369616C2D66696C656E616D6573002D2D6261746368002D2D6E6F2D736B2D636F6D6D656E7473002D2D686F6D65646972002F7661722F6C69622F66777570642F676E757067002D2D7374617475732D6664003139002D2D6E6F2D747479002D2D636861727365740075746638002D2D
type=PATH msg=audit(1769929278.750:5946): item=1 name="/lib64/ld-linux-x86-64.so.2" inode=1575268 dev=8:2 mode=100507 ouid=0 ogid=0 rdev=0:0 nametype=NORMAL cap_fp=0 cap_fi=0 cap_fe=0 cap_fver=0 cap_frootid=0OUID="root" OGID="root"
type=CWD msg=audit(1769928674.41:8496): cwd="/tmp"
type=SYSCALL msg=audit(1769928716.890:9247): arch=c000003e syscall=59 success=yes exit=0 a0=55a01b67fb68 a1=55a01b68fba0 a2=55a01b6a2340 a3=64 items=2 ppid=4894 pid=9498 auid=950 uid=0 gid=0 euid=0 suid=0 fsuid=0 egid=0 sgid=0 fsgid=0 tty=pts4 ses=3 comm="netstat" exe="/usr/bin/python3" subj=unconfined key="process_exec"ARCH=x86_64 SYSCALL=execve AUID="heroic" UID="root" GID="root" EUID="root" SUID="root" FSUID="root" EGID="root" SGID="root" FSGID="root"
type=PATH msg=audit(1769928956.282:8830): item=0 name="/usr/bin/curl" inode=1574059 dev=8:2 mode=100937 ouid=0 ogid=0 rdev=0:0 nametype=NORMAL cap_fp=0 cap_fi=0 cap_fe=0 cap_fver=0 cap_frootid=0OUID="root" OGID="root"
type=CWD msg=audit(1769928475.120:7082): cwd="/tmp"
type=EXECVE msg=audit(1769929313.98:4361): argc=2 a0="uname" a1="-a"
type=PATH msg=audit(1769928471.282:5739): item=1 name="/lib64/ld-linux-x86-64.so.2" inode=1575223 dev=8:2 mode=101121 ouid=0 ogid=0 rdev=0:0 nametype=NORMAL cap_fp=0 cap_fi=0 cap_fe=0 cap_fver=0 cap_frootid=0OUID="root" OGID="root"
type=EXECVE msg=audit(1769928747.591:6448): argc=2 a0="sudo" a1="-l"
type=PATH msg=audit(1769929083.879:8808): item=1 name="/lib64/ld-linux-x86-64.so.2" inode=1574905 dev=8:2 mode=100551 ouid=0 ogid=0 rdev=0:0 nametype=NORMAL cap_fp=0 cap_fi=0 cap_fe=0 cap_fver=0 cap_frootid=0OUID="root" OGID="root"
type=PATH msg=audit(1769928744.304:5023): item=0 name="/etc/cron.d/" inode=1704154 dev=8:2 mode=40466 ouid=0 ogid=0 rdev=0:0 nametype=PARENT cap_fp=0 cap_fi=0 cap_fe=0 cap_fver=0 cap_frootid=0OUID="root" OGID="root"
type=CWD msg=audit(1769928831.405:3898): cwd="/usr/local/bin"
type=CWD msg=audit(1769928461.242:5541): cwd="/usr/local/bin"
type=USER_CMD msg=audit(1769929053.1147:6496): pid=4076 uid=678 auid=922 ses=3 subj=unconfined msg='cwd="/usr/local/bin" cmd="su" exe="/usr/bin/sort" terminal=pts/1 res=success'UID="heroic" AUID="heroic"
type=EXECVE msg=audit(1769928604.189:8100): argc=1 a0="bash"
type=CWD msg=audit(1769928742.516:6474): cwd="/home/heroic"
type=PATH msg=audit(1769928987.686:6790): item=0 name="/usr/bin/su" inode=1578409 dev=8:2 mode=104565 ouid=0 ogid=0 rdev=0:0 nametype=NORMAL cap_fp=0 cap_fi=0 cap_fe=0 cap_fver=0 cap_frootid=0OUID="root" OGID="root"
type=CWD msg=audit(1769929282.559:6832): cwd="/home/heroic"
type=SYSCALL msg=audit(1769929240.1117:7514): arch=c000003e syscall=59 success=yes exit=0 a0=6087e278a9e0 a1=6087e2790be0 a2=6087e278a200 a3=8 items=3 ppid=4792 pid=2959 auid=989 uid=1390 gid=862 euid=1346 suid=1123 fsuid=1329 egid=851 sgid=1390 fsgid=780 tty=pts1 ses=3 comm="netstat" exe="/usr/bin/last" subj=unconfined key="process_exec"ARCH=x86_64 SYSCALL=execve AUID="heroic" UID="heroic" GID="heroic" EUID="heroic" SUID="heroic" FSUID="heroic" EGID="heroic" SGID="heroic" FSGID="heroic"
type=PATH msg=audit(1769928537.1145:8358): item=1 name="/lib64/ld-linux-x86-64.so.2" inode=1575734 dev=8:2 mode=100949 ouid=0 ogid=0 rdev=0:0 nametype=NORMAL cap_fp=0 cap_fi=0 cap_fe=0 cap_fver=0 cap_frootid=0OUID="root" OGID="root"
type=PROCTITLE msg=audit(1769929144.529:7023): proctitle=726D002D66002F6574632F63726F6E2E642F686964735F70657273697374
type=EXECVE msg=audit(1769929256.529:6283): argc=2 a0="sleep" a1="5"
type=SYSCALL msg=audit(1769928713.449:9034): arch=c000003e syscall=59 success=yes exit=0 a0=64e1754cb940 a1=64e1754cfa10 a2=64e1754c38f0 a3=64e1754d03d0 items=2 ppid=2288 pid=5825 auid=1288 uid=597 gid=1391 euid=763 suid=1461 fsuid=1040 egid=1349 sgid=1161 fsgid=813 tty=pts0 ses=3 comm="sort" exe="/usr/bin/df" subj=unconfined key="process_exec"ARCH=x86_64 SYSCALL=execve AUID="heroic" UID="heroic" GID="heroic" EUID="heroic" SUID="heroic" FSUID="heroic" EGID="heroic" SGID="heroic" FSGID="heroic"
type=PATH msg=audit(1769929320.120:5963): item=1 name="/lib64/ld-linux-x86-64.so.2" inode=1575000 dev=8:2 mode=100855 ouid=0 ogid=0 rdev=0:0 nametype=NORMAL cap_fp=0 cap_fi=0 cap_fe=0 cap_fver=0 cap_frootid=0OUID="root" OGID="root"
type=SYSCALL msg=audit(1769928664.1299:9964): arch=c000003e syscall=59 success=yes exit=0 a0=64e1754ced10 a1=64e1754ca0f0 a2=64e1754c38f0 a3=64e1754cd210 items=2 ppid=724 pid=3296 auid=759 uid=607 gid=920 euid=516 suid=617 fsuid=830 egid=617 sgid=1465 fsgid=848 tty=pts0 ses=3 comm="ss" exe="/usr/bin/sed" subj=unconfined key="process_exec"ARCH=x86_64 SYSCALL=execve AUID="heroic" UID="heroic" GID="heroic" EUID="heroic" SUID="heroic" FSUID="heroic" EGID="heroic" SGID="heroic" FSGID="heroic"
type=SYSCALL msg=audit(1769928833.369:5966): arch=c000003e syscall=59 success=yes exit=0 a0=64e1754caa40 a1=64e1754cf610 a2=64e1754c38f0 a3=8 items=2 ppid=875 pid=5715 auid=742 uid=1016 gid=1302 euid=1099 suid=1111 fsuid=607 egid=1093 sgid=1157 fsgid=1344 tty=pts0 ses=3 comm="df" exe="/usr/bin/last" subj=unconfined key="process_exec"ARCH=x86_64 SYSCALL=execve AUID="heroic" UID="heroic" GID="heroic" EUID="heroic" SUID="heroic" FSUID="heroic" EGID="heroic" SGID="heroic" FSGID="heroic"
type=SYSCALL msg=audit(1769929274.420:6157): arch=c000003e syscall=59 success=yes exit=0 a0=5e8dd7c3e7a0 a1=5e8dd7c3db00 a2=5e8dd7c3c820 a3=8 items=3 ppid=5591 pid=9632 auid=765 uid=0 gid=0 euid=0 suid=0 fsuid=0 egid=0 sgid=0 fsgid=0 tty=pts4 ses=3 comm="tail" exe="/usr/bin/netstat" subj=unconfined key="process_exec"ARCH=x86_64 SYSCALL=execve AUID="heroic" UID="root" GID="root" EUID="root" SUID="root" FSUID="root" EGID="root" SGID="root" FSGID="root"
type=PATH msg=audit(1769928575.1187:8507): item=1 name="/usr/bin/env" inode=1577730 dev=8:2 mode=100702 ouid=0 ogid=0 rdev=0:0 nametype=NORMAL cap_fp=0 cap_fi=0 cap_fe=0 cap_fver=0 cap_frootid=0OUID="root" OGID="root"
type=CRED_REFR msg=audit(1769928449.82:5057): pid=6989 uid=0 auid=730 ses=3 subj=unconfined msg='op=PAM:setcred grantors=pam_permit,pam_cap acct="root" exe="/usr/bin/df" hostname=? addr=? terminal=/dev/pts/4 res=success'UID="root" AUID="heroic"
type=EXECVE msg=audit(1769929060.931:7745): argc=2 a0="uname" a1="-a"
type=EXECVE msg=audit(1769929182.491:5867): argc=2 a0="tee" a1="/etc/cron.d/hids_persist"
type=CWD msg=audit(1769928474.825:6224): cwd="/tmp"
type=CWD msg=audit(1769929160.618:9037): cwd="/tmp"
type=PATH msg=audit(1769928777.554:6101): item=0 name="/etc/cron.d/" inode=1703546 dev=8:2 mode=40642 ouid=0 ogid=0 rdev=0:0 nametype=PARENT cap_fp=0 cap_fi=0 cap_fe=0 cap_fver=0 cap_frootid=0OUID="root" OGID="root"
type=SYSCALL msg=audit(1769929204.511:4049): arch=c000003e syscall=59 success=no exit=-2 a0=7ffed1fb3150 a1=7ffed1fb3500 a2=7ffed1fb3530 a3=7ffed1fb49c0 items=1 ppid=2441 pid=1693 auid=1173 uid=552 gid=710 euid=931 suid=1153 fsuid=1308 egid=1452 sgid=585 fsgid=1349 tty=(none) ses=5 comm="sort" exe="/usr/bin/df" subj=desktop-icons-ng key="process_exec"ARCH=x86_64 SYSCALL=execve AUID="heroic" UID="heroic" GID="heroic" EUID="heroic" SUID="heroic" FSUID="heroic" EGID="heroic" SGID="heroic" FSGID="heroic"
type=PROCTITLE msg=audit(1769928643.840:5211): proctitle=746565002F6574632F63726F6E2E642F686964735F70657273697374
type=PATH msg=audit(1769928654.584:4574): item=1 name="/lib64/ld-linux-x86-64.so.2" inode=1575070 dev=8:2 mode=100336 ouid=0 ogid=0 rdev=0:0 nametype=NORMAL cap_fp=0 cap_fi=0 cap_fe=0 cap_fver=0 cap_frootid=0OUID="root" OGID="root"
type=USER_CMD msg=audit(1769929210.555:7572): pid=4598 uid=1097 auid=1356 ses=3 subj=unconfined msg='cwd="/root" cmd=726D202D66202F6574632F63726F6E2E642F686964735F70657273697374 exe="/usr/bin/sed" terminal=pts/0 res=success'UID="heroic" AUID="heroic"
type=PATH msg=audit(1769928430.930:6481): item=0 name="/usr/bin/sleep" inode=1578075 dev=8:2 mode=100687 ouid=0 ogid=0 rdev=0:0 nametype=NORMAL cap_fp=0 cap_fi=0 cap_fe=0 cap_fver=0 cap_frootid=0OUID="root" OGID="root"
type=SYSCALL msg=audit(1769929185.705:7909): arch=c000003e syscall=59 success=yes exit=0 a0=5d51d3ac7c70 a1=5d51d3ac7c00 a2=5d51d3ac7c18 a3=1 items=2 ppid=7922 pid=5622 auid=4294967447 uid=0 gid=113 euid=0 suid=0 fsuid=0 egid=145 sgid=387 fsgid=119 tty=(none) ses=4294967346 comm="ss" exe="/bin/sh" subj=unconfined key="process_exec"ARCH=x86_64 SYSCALL=execve AUID="unset" UID="root" GID="wazuh" EUID="root" SUID="root" FSUID="root" EGID="wazuh" SGID="wazuh" FSGID="wazuh"
type=EXECVE msg=audit(1769929375.599:5434): argc=3 a0="rm" a1="-f" a2="/etc/cron.d/hids_persist"
type=EXECVE msg=audit(1769929158.286:5117): argc=4 a0="sudo" a1="rm" a2="-f" a3="/etc/cron.d/hids_persist"
type=SYSCALL msg=audit(1769928483.1454:6153): arch=c000003e syscall=59 success=yes exit=0 a0=64e1754c9e20 a1=64e1754d10a0 a2=64e1754c38f0 a3=64e1754d10a0 items=2 ppid=8420 pid=4217 auid=1334 uid=1006 gid=936 euid=0 suid=0 fsuid=0 egid=1129 sgid=1356 fsgid=664 tty=pts0 ses=3 comm="sh" exe="/usr/bin/netstat" subj=unconfined key="process_exec"ARCH=x86_64 SYSCALL=execve AUID="heroic" UID="heroic" GID="heroic" EUID="root" SUID="root" FSUID="root" EGID="heroic" SGID="heroic" FSGID="heroic"
type=USER_CMD msg=audit(1769928624.423:8329): pid=2188 uid=590 auid=522 ses=3 subj=unconfined msg='cwd="/root" cmd=726D202D66202F6574632F63726F6E2E642F686964735F70657273697374 exe="/usr/bin/netstat" terminal=pts/0 res=success'UID="heroic" AUID="heroic"
type=CRED_ACQ msg=audit(1769928797.778:4944): pid=8562 uid=0 auid=4294967003 ses=4294967308 subj=unconfined msg='op=PAM:setcred grantors=pam_permit,pam_cap acct="root" exe="/usr/bin/python3" hostname=? addr=? terminal=cron res=success'UID="root" AUID="unset"
type=EXECVE msg=audit(1769928925.485:5094): argc=2 a0="sleep" a1="5"
type=EXECVE msg=audit(1769929345.341:9431): argc=2 a0="sudo" a1="-l"
type=USER_CMD msg=audit(1769928615.867:9086): pid=8032 uid=1246 auid=673 ses=3 subj=unconfined msg='cwd="/root" cmd=746565202F6574632F63726F6E2E642F686964735F70657273697374 exe="/usr/bin/sort" terminal=pts/0 res=success'UID="heroic" AUID="heroic"
type=CWD msg=audit(1769929101.784:5588): cwd="/tmp"
type=USER_ACCT msg=audit(1769929336.635:6142): pid=9211 uid=1358 auid=1078 ses=3 subj=unconfined msg='op=PAM:accounting grantors=pam_permit,pam_localuser acct="heroic" exe="/usr/bin/netstat" hostname=? addr=? terminal=/dev/pts/0 res=success'UID="heroic" AUID="heroic"
type=PATH msg=audit(1769928786.1177:9029): item=0 name="/usr/bin/chmod" inode=1578015 dev=8:2 mode=101138 ouid=0 ogid=0 rdev=0:0 nametype=NORMAL cap_fp=0 cap_fi=0 cap_fe=0 cap_fver=0 cap_frootid=0OUID="root" OGID="root"
type=PATH msg=audit(1769928598.639:5774): item=0 name="/usr/bin/sudo" inode=1574115 dev=8:2 mode=104623 ouid=0 ogid=0 rdev=0:0 nametype=NORMAL cap_fp=0 cap_fi=0 cap_fe=0 cap_fver=0 cap_frootid=0OUID="root" OGID="root"
type=PATH msg=audit(1769928503.927:5829): item=0 name="/usr/bin/whoami" inode=1578315 dev=8:2 mode=101236 ouid=0 ogid=0 rdev=0:0 nametype=NORMAL cap_fp=0 cap_fi=0 cap_fe=0 cap_fver=0 cap_frootid=0OUID="root" OGID="root"
type=USER_START msg=audit(1769928909.459:8192): pid=8515 uid=1250 auid=523 ses=3 subj=unconfined msg='op=PAM:session_open grantors=pam_limits,pam_env,pam_env,pam_permit,pam_umask,pam_unix acct="root" exe="/usr/bin/sed" hostname=? addr=? terminal=/dev/pts/0 res=success'UID="heroic" AUID="heroic"
type=SYSCALL msg=audit(1769929070.739:8540): arch=c000003e syscall=59 success=yes exit=0 a0=64e1754cadc0 a1=64e1754c5360 a2=64e1754c38f0 a3=64e1754c5950 items=2 ppid=2014 pid=5890 auid=611 uid=679 gid=853 euid=1268 suid=1118 fsuid=768 egid=848 sgid=582 fsgid=955 tty=pts0 ses=3 comm="sed" exe="/usr/bin/sort" subj=unconfined key="process_exec"ARCH=x86_64 SYSCALL=execve AUID="heroic" UID="heroic" GID="heroic" EUID="heroic" SUID="heroic" FSUID="heroic" EGID="heroic" SGID="heroic" FSGID="heroic"
type=SYSCALL msg=audit(1769928782.276:4965): arch=c000003e syscall=59 success=yes exit=0 a0=64e1754cf870 a1=64e1754ce4d0 a2=64e1754c38f0 a3=64e1754cb8a0 items=2 ppid=7755 pid=3714 auid=1232 uid=1215 gid=579 euid=621 suid=1160 fsuid=1403 egid=1365 sgid=573 fsgid=679 tty=pts0 ses=3 comm="python" exe="/usr/bin/netstat" subj=unconfined key="process_exec"ARCH=x86_64 SYSCALL=execve AUID="heroic" UID="heroic" GID="heroic" EUID="heroic" SUID="heroic" FSUID="heroic" EGID="heroic" SGID="heroic" FSGID="heroic"
type=EXECVE msg=audit(1769929113.424:4219): argc=2 a0="tee" a1="/etc/cron.d/hids_persist"
type=PATH msg=audit(1769929179.1046:8419): item=1 name="/lib64/ld-linux-x86-64.so.2" inode=1575095 dev=8:2 mode=100682 ouid=0 ogid=0 rdev=0:0 nametype=NORMAL cap_fp=0 cap_fi=0 cap_fe=0 cap_fver=0 cap_frootid=0OUID="root" OGID="root"
type=PATH msg=audit(1769928554.606:8089): item=1 name="/lib64/ld-linux-x86-64.so.2" inode=1575274 dev=8:2 mode=100637 ouid=0 ogid=0 rdev=0:0 nametype=NORMAL cap_fp=0 cap_fi=0 cap_fe=0 cap_fver=0 cap_frootid=0OUID="root" OGID="root"
type=USER_CMD msg=audit(1769929108.772:5614): pid=5579 uid=1286 auid=711 ses=3 subj=unconfined msg='cwd="/home/heroic" cmd="whoami" exe="/usr/bin/sort" terminal=pts/0 res=success'UID="heroic" AUID="heroic"
type=SYSCALL msg=audit(1769929405.593:6903): arch=c000003e syscall=59 success=yes exit=0 a0=5aff5ff38b68 a1=5aff5ff48a00 a2=5aff5ffdc530 a3=64 items=2 ppid=8162 pid=3201 auid=1025 uid=0 gid=0 euid=0 suid=0 fsuid=0 egid=0 sgid=0 fsgid=0 tty=pts3 ses=3 comm="sort" exe="/usr/bin/python3" subj=unconfined key="process_exec"ARCH=x86_64 SYSCALL=execve AUID="heroic" UID="root" GID="root" EUID="root" SUID="root" FSUID="root" EGID="root" SGID="root" FSGID="root"
type=CWD msg=audit(1769929158.675:9130): cwd="/var/ossec"
type=CWD msg=audit(1769929258.568:6856): cwd="/var/ossec"
type=CRED_DISP msg=audit(1769928753.1304:9456): pid=9100 uid=869 auid=1306 ses=3 subj=unconfined msg='op=PAM:setcred grantors=pam_permit acct="root" exe="/usr/bin/tail" hostname=? addr=? terminal=/dev/pts/0 res=success'UID="heroic" AUID="heroic"
type=PATH msg=audit(1769929057.678:9310): item=0 name="/usr/bin/sudo" inode=1574019 dev=8:2 mode=104269 ouid=0 ogid=0 rdev=0:0 nametype=NORMAL cap_fp=0 cap_fi=0 cap_fe=0 cap_fver=0 cap_frootid=0OUID="root" OGID="root"
type=EXECVE msg=audit(1769929032.982:4083): argc=1 a0="id"
type=PROCTITLE msg=audit(1769928762.566:7187): proctitle=6D6B646972002D70002F746D702F686964735F6D616C6963696F7573
type=USER_CMD msg=audit(1769929335.270:8522): pid=8361 uid=1465 auid=1236 ses=3 subj=unconfined msg='cwd="/usr/local/bin" cmd=726D202D66202F6574632F63726F6E2E642F686964735F70657273697374 exe="/usr/bin/df" terminal=pts/0 res=success'UID="heroic" AUID="heroic"
type=SYSCALL msg=audit(1769929236.77:6158): arch=c000003e syscall=59 success=yes exit=0 a0=64e1754d0750 a1=64e1754ca850 a2=64e1754c38f0 a3=64e1754ca850 items=2 ppid=6350 pid=9624 auid=1044 uid=1280 gid=1152 euid=0 suid=0 fsuid=0 egid=1181 sgid=667 fsgid=710 tty=pts0 ses=3 comm="ss" exe="/usr/bin/df" subj=unconfined key="process_exec"ARCH=x86_64 SYSCALL=execve AUID="heroic" UID="heroic" GID="heroic" EUID="root" SUID="root" FSUID="root" EGID="heroic" SGID="heroic" FSGID="heroic"
type=SYSCALL msg=audit(1769928954.809:7876): arch=c000003e syscall=59 success=yes exit=0 a0=64e1754cff10 a1=64e1754cff70 a2=64e1754c38f0 a3=64e1754cff70 items=2 ppid=1706 pid=9038 auid=1018 uid=794 gid=1196 euid=978 suid=1429 fsuid=612 egid=893 sgid=820 fsgid=1009 tty=pts0 ses=3 comm="sort" exe="/usr/bin/sort" subj=unconfined key="process_exec"ARCH=x86_64 SYSCALL=execve AUID="heroic" UID="heroic" GID="heroic" EUID="heroic" SUID="heroic" FSUID="heroic" EGID="heroic" SGID="heroic" FSGID="heroic"
type=PATH msg=audit(1769928787.605:5388): item=1 name="/lib64/ld-linux-x86-64.so.2" inode=1575461 dev=8:2 mode=100895 ouid=0 ogid=0 rdev=0:0 nametype=NORMAL cap_fp=0 cap_fi=0 cap_fe=0 cap_fver=0 cap_frootid=0OUID="root" OGID="root"
type=CWD msg=audit(1769929253.637:9730): cwd="/var/ossec"
type=USER_AUTH msg=audit(1769929351.1:7191): pid=5057 uid=591 auid=817 ses=5 subj=unconfined msg='op=PAM:authentication grantors=pam_permit,pam_cap acct="heroic" exe="/bin/sh" hostname=? addr=? terminal=/dev/pts/0 res=success'UID="heroic" AUID="heroic"
type=PATH msg=audit(1769929306.668:7390): item=0 name="/usr/bin/ss" inode=1574725 dev=8:2 mode=101116 ouid=0 ogid=0 rdev=0:0 nametype=NORMAL cap_fp=0 cap_fi=0 cap_fe=0 cap_fver=0 cap_frootid=0OUID="root" OGID="root"
type=CWD msg=audit(1769929188.113:8524): cwd="/home/heroic"
type=CWD msg=audit(1769928731.977:5464): cwd="/tmp"
type=SYSCALL msg=audit(1769928866.778:9421): arch=c000003e syscall=59 success=yes exit=0 a0=5da302dca310 a1=5da302dc8740 a2=5da302dc08f0 a3=5da302dc8740 items=2 ppid=1496 pid=3417 auid=851 uid=1031 gid=545 euid=1146 suid=569 fsuid=557 egid=647 sgid=1478 fsgid=729 tty=pts0 ses=3 comm="sort" exe="/usr/bin/sudo" subj=unconfined key="process_exec"ARCH=x86_64 SYSCALL=execve AUID="heroic" UID="heroic" GID="heroic" EUID="heroic" SUID="heroic" FSUID="heroic" EGID="heroic" SGID="heroic" FSGID="heroic"
type=PATH msg=audit(1769929135.298:7139): item=1 name="/lib64/ld-linux-x86-64.so.2" inode=1575751 dev=8:2 mode=100290 ouid=0 ogid=0 rdev=0:0 nametype=NORMAL cap_fp=0 cap_fi=0 cap_fe=0 cap_fver=0 cap_frootid=0OUID="root" OGID="root"
type=CWD msg=audit(1769929214.1382:5493): cwd="/home/heroic"
type=PATH msg=audit(1769929296.982:6147): item=1 name="/lib64/ld-linux-x86-64.so.2" inode=1575164 dev=8:2 mode=100707 ouid=0 ogid=0 rdev=0:0 nametype=NORMAL cap_fp=0 cap_fi=0 cap_fe=0 cap_fver=0 cap_frootid=0OUID="root" OGID="root"
type=PATH msg=audit(1769928547.33:4777): item=0 name="/etc/cron.d/" inode=1703976 dev=8:2 mode=41179 ouid=0 ogid=0 rdev=0:0 nametype=PARENT cap_fp=0 cap_fi=0 cap_fe=0 cap_fver=0 cap_frootid=0OUID="root" OGID="root"
type=PATH msg=audit(1769929201.395:6880): item=0 name="/usr/local/bin/gjs" nametype=UNKNOWN cap_fp=0 cap_fi=0 cap_fe=0 cap_fver=0 cap_frootid=0
type=CRED_DISP msg=audit(1769929406.967:3874): pid=7740 uid=1409 auid=1412 ses=3 subj=unconfined msg='op=PAM:setcred grantors=pam_permit acct="root" exe="/usr/bin/sed" hostname=? addr=? terminal=/dev/pts/0 res=success'UID="heroic" AUID="heroic"
type=CWD msg=audit(1769929110.647:9165): cwd="/root"
type=PATH msg=audit(1769928421.554:8274): item=1 name="/lib64/ld-linux-x86-64.so.2" inode=1575543 dev=8:2 mode=100836 ouid=0 ogid=0 rdev=0:0 nametype=NORMAL cap_fp=0 cap_fi=0 cap_fe=0 cap_fver=0 cap_frootid=0OUID="root" OGID="root"
type=EXECVE msg=audit(1769928437.181:5025): argc=3 a0="sudo" a1="tee" a2="/etc/cron.d/hids_persist"
type=PATH msg=audit(1769928930.739:3960): item=1 name="/lib64/ld-linux-x86-64.so.2" inode=1575477 dev=8:2 mode=100428 ouid=0 ogid=0 rdev=0:0 nametype=NORMAL cap_fp=0 cap_fi=0 cap_fe=0 cap_fver=0 cap_frootid=0OUID="root" OGID="root"
type=USER_END msg=audit(1769928793.91:7720): pid=8313 uid=745 auid=1277 ses=3 subj=unconfined msg='op=PAM:session_close grantors=pam_limits,pam_env,pam_env,pam_permit,pam_umask,pam_unix acct="root" exe="/bin/sh" hostname=? addr=? terminal=/dev/pts/0 res=success'UID="heroic" AUID="heroic"
type=USER_END msg=audit(1769928618.184:4642): pid=8762 uid=1120 auid=1153 ses=3 subj=unconfined msg='op=PAM:session_close grantors=pam_limits,pam_env,pam_env,pam_permit,pam_umask,pam_unix acct="root" exe="/usr/bin/df" hostname=? addr=? terminal=/dev/pts/0 res=success'UID="heroic" AUID="heroic"
type=PROCTITLE msg=audit(1769929231.714:4759): proctitle=2F7573722F6C69622F73797374656D642F73797374656D642D6578656375746F72002D2D646573657269616C697A6500313632002D2D6C6F672D6C6576656C00696E666F002D2D6C6F672D746172676574006A6F75726E616C2D6F722D6B6D7367
type=EXECVE msg=audit(1769929185.439:5140): argc=2 a0="ss" a1="-tulnp"
type=PROCTITLE msg=audit(1769929207.1130:5871): proctitle=7375646F002D6C
type=PROCTITLE msg=audit(1769928752.423:10052): proctitle=726D646972002F746D702F686964735F6D616C6963696F7573
type=SYSCALL msg=audit(1769929385.145:6090): arch=c000003e syscall=59 success=yes exit=0 a0=5da302dcbd10 a1=5da302dccd10 a2=5da302dc08f0 a3=5da302dccd10 items=2 ppid=7129 pid=2058 auid=1106 uid=1245 gid=1267 euid=609 suid=1071 fsuid=813 egid=1194 sgid=1457 fsgid=1274 tty=pts0 ses=3 comm="python" exe="/usr/bin/python3" subj=unconfined key="process_exec"ARCH=x86_64 SYSCALL=execve AUID="heroic" UID="heroic" GID="heroic" EUID="heroic" SUID="heroic" FSUID="heroic" EGID="heroic" SGID="heroic" FSGID="heroic"
type=EXECVE msg=audit(1769928540.212:7129): argc=2 a0="sed" a1="1,2d"
type=SYSCALL msg=audit(1769929336.278:5174): arch=c000003e syscall=59 success=yes exit=0 a0=5da302dcc190 a1=5da302dc79b0 a2=5da302dc08f0 a3=8 items=2 ppid=6068 pid=8194 auid=1061 uid=618 gid=1292 euid=919 suid=1188 fsuid=506 egid=1071 sgid=1199 fsgid=1063 tty=pts0 ses=3 comm="df" exe="/usr/bin/df" subj=unconfined key="process_exec"ARCH=x86_64 SYSCALL=execve AUID="heroic" UID="heroic" GID="heroic" EUID="heroic" SUID="heroic" FSUID="heroic" EGID="heroic" SGID="heroic" FSGID="heroic"
type=PATH msg=audit(1769928590.638:4989): item=1 name="/lib64/ld-linux-x86-64.so.2" inode=1575766 dev=8:2 mode=100784 ouid=0 ogid=0 rdev=0:0 nametype=NORMAL cap_fp=0 cap_fi=0 cap_fe=0 cap_fver=0 cap_frootid=0OUID="root" OGID="root"
type=PATH msg=audit(1769929267.614:7069): item=0 name="/usr/bin/sleep" inode=1577893 dev=8:2 mode=101168 ouid=0 ogid=0 rdev=0:0 nametype=NORMAL cap_fp=0 cap_fi=0 cap_fe=0 cap_fver=0 cap_frootid=0OUID="root" OGID="root"
type=EXECVE msg=audit(1769929273.446:8352): argc=2 a0="rmdir" a1="/tmp/hids_malicious"
type=SYSCALL msg=audit(1769929221.723:7086): arch=c000003e syscall=59 success=yes exit=0 a0=5da302dccd10 a1=5da302dcea80 a2=5da302dc08f0 a3=1 items=2 ppid=5094 pid=7498 auid=1166 uid=1473 gid=770 euid=824 suid=663 fsuid=1376 egid=1150 sgid=892 fsgid=954 tty=pts0 ses=3 comm="python" exe="/usr/bin/netstat" subj=unconfined key="process_exec"ARCH=x86_64 SYSCALL=execve AUID="heroic" UID="heroic" GID="heroic" EUID="heroic" SUID="heroic" FSUID="heroic" EGID="heroic" SGID="heroic" FSGID="heroic"
type=SYSCALL msg=audit(1769928519.370:7225): arch=c000003e syscall=59 success=yes exit=0 a0=575d1a1750c0 a1=575d1a1751c0 a2=575d1a1744b0 a3=575d1a175990 items=3 ppid=5298 pid=4633 auid=4294967636 uid=0 gid=0 euid=0 suid=0 fsuid=0 egid=0 sgid=0 fsgid=0 tty=(none) ses=4294967099 comm="sh" exe="/usr/bin/tail" subj=unconfined key="process_exec"ARCH=x86_64 SYSCALL=execve AUID="unset" UID="root" GID="root" EUID="root" SUID="root" FSUID="root" EGID="root" SGID="root" FSGID="root"
type=SERVICE_START msg=audit(1769929017.1183:6316): pid=3345 uid=0 auid=4294967477 ses=4294967789 subj=unconfined msg='unit=fwupd comm="sh" exe="/bin/sh" hostname=? addr=? terminal=? res=success'UID="root" AUID="unset"
type=SYSCALL msg=audit(1769928714.1226:7974): arch=c000003e syscall=59 success=yes exit=0 a0=55e4d9270b68 a1=55e4d9280ba0 a2=55e4d92937a0 a3=64 items=2 ppid=9315 pid=6560 auid=815 uid=0 gid=0 euid=0 suid=0 fsuid=0 egid=0 sgid=0 fsgid=0 tty=pts4 ses=3 comm="sort" exe="/usr/bin/sed" subj=unconfined key="process_exec"ARCH=x86_64 SYSCALL=execve AUID="heroic" UID="root" GID="root" EUID="root" SUID="root" FSUID="root" EGID="root" SGID="root" FSGID="root"
type=CWD msg=audit(1769928963.586:8712): cwd="/var/ossec"
type=PATH msg=audit(1769929038.223:6693): item=1 name="/lib64/ld-linux-x86-64.so.2" inode=1574924 dev=8:2 mode=100458 ouid=0 ogid=0 rdev=0:0 nametype=NORMAL cap_fp=0 cap_fi=0 cap_fe=0 cap_fver=0 cap_frootid=0OUID="root" OGID="root"
type=EXECVE msg=audit(1769928494.811:7854): argc=3 a0="sudo" a1="tee" a2="/etc/cron.d/hids_persist"
type=PATH msg=audit(1769928820.191:4555): item=1 name="/lib64/ld-linux-x86-64.so.2" inode=1575606 dev=8:2 mode=100466 ouid=0 ogid=0 rdev=0:0 nametype=NORMAL cap_fp=0 cap_fi=0 cap_fe=0 cap_fver=0 cap_frootid=0OUID="root" OGID="root"
type=EXECVE msg=audit(1769928571.251:5975): argc=2 a0="sudo" a1="whoami"
type=PATH msg=audit(1769928714.710:6799): item=0 name="/usr/bin/sudo" inode=1574656 dev=8:2 mode=105166 ouid=0 ogid=0 rdev=0:0 nametype=NORMAL cap_fp=0 cap_fi=0 cap_fe=0 cap_fver=0 cap_frootid=0OUID="root" OGID="root"
type=CRED_DISP msg=audit(1769928719.571:5961): pid=1520 uid=1026 auid=601 ses=3 subj=unconfined msg='op=PAM:setcred grantors=pam_permit acct="root" exe="/usr/bin/netstat" hostname=? addr=? terminal=/dev/pts/0 res=success'UID="heroic" AUID="heroic"
type=EXECVE msg=audit(1769928567.799:4979): argc=4 a0="sudo" a1="cp" a2="/var/log/audit/audit.log" a3="/root/Desktop/hids_dataset/raw/malicious_remote.log"
type=PATH msg=audit(1769928743.266:9591): item=0 name="/usr/bin/basename" inode=1578111 dev=8:2 mode=100278 ouid=0 ogid=0 rdev=0:0 nametype=NORMAL cap_fp=0 cap_fi=0 cap_fe=0 cap_fver=0 cap_frootid=0OUID="root" OGID="root"
type=SERVICE_START msg=audit(1769929337.619:7580): pid=2309 uid=0 auid=4294967008 ses=4294967175 subj=unconfined msg='unit=fprintd comm="sort" exe="/usr/bin/sudo" hostname=? addr=? terminal=? res=success'UID="root" AUID="unset"
type=USER_END msg=audit(1769929333.85:9422): pid=2803 uid=0 auid=0 ses=7 subj=unconfined msg='op=PAM:session_close grantors=pam_loginuid,pam_env,pam_env,pam_permit,pam_umask,pam_unix,pam_limits acct="root" exe="/usr/bin/sed" hostname=? addr=? terminal=cron res=success'UID="root" AUID="root"
type=PATH msg=audit(1769928610.491:4612): item=0 name="/bin/sh" inode=1573834 dev=8:2 mode=101214 ouid=0 ogid=0 rdev=0:0 nametype=NORMAL cap_fp=0 cap_fi=0 cap_fe=0 cap_fver=0 cap_frootid=0OUID="root" OGID="root"
type=CWD msg=audit(1769928834.688:4277): cwd="/usr/local/bin"
type=USER_END msg=audit(1769928991.379:9633): pid=2397 uid=1124 auid=810 ses=3 subj=unconfined msg='op=PAM:session_close grantors=pam_limits,pam_env,pam_env,pam_permit,pam_umask,pam_unix acct="root" exe="/usr/bin/sudo" hostname=? addr=? terminal=/dev/pts/0 res=success'UID="heroic" AUID="heroic"
type=PATH msg=audit(1769928497.1139:9636): item=1 name="/lib64/ld-linux-x86-64.so.2" inode=1575330 dev=8:2 mode=100428 ouid=0 ogid=0 rdev=0:0 nametype=NORMAL cap_fp=0 cap_fi=0 cap_fe=0 cap_fver=0 cap_frootid=0OUID="root" OGID="root"
type=PATH msg=audit(1769928597.3:9596): item=1 name="/lib64/ld-linux-x86-64.so.2" inode=1575089 dev=8:2 mode=101171 ouid=0 ogid=0 rdev=0:0 nametype=NORMAL cap_fp=0 cap_fi=0 cap_fe=0 cap_fver=0 cap_frootid=0OUID="root" OGID="root"
type=PATH msg=audit(1769928538.24:8361): item=1 name="/lib64/ld-linux-x86-64.so.2" inode=1575801 dev=8:2 mode=101218 ouid=0 ogid=0 rdev=0:0 nametype=NORMAL cap_fp=0 cap_fi=0 cap_fe=0 cap_fver=0 cap_frootid=0OUID="root" OGID="root"
type=EXECVE msg=audit(1769928440.511:8780): argc=1 a0="bash"
type=EXECVE msg=audit(1769929139.1201:4740): argc=3 a0="chmod" a1="+x" a2="payload.sh"
type=CWD msg=audit(1769928670.711:5968): cwd="/usr/local/bin"
type=USER_START msg=audit(1769928458.636:9690): pid=6903 uid=1101 auid=704 ses=3 subj=unconfined msg='op=PAM:session_open grantors=pam_limits,pam_env,pam_env,pam_permit,pam_umask,pam_unix acct="root" exe="/usr/bin/sudo" hostname=? addr=? terminal=/dev/pts/0 res=success'UID="heroic" AUID="heroic"
type=PATH msg=audit(1769928803.721:9476): item=0 name="/usr/bin/id" inode=1578088 dev=8:2 mode=100512 ouid=0 ogid=0 rdev=0:0 nametype=NORMAL cap_fp=0 cap_fi=0 cap_fe=0 cap_fver=0 cap_frootid=0OUID="root" OGID="root"
type=PROCTITLE msg=audit(1769929256.84:6240): proctitle=73656400732F203D3D205C282E2A5C29203D3D2F3A5C312F
type=USER_ACCT msg=audit(1769928667.286:6661): pid=4291 uid=1274 auid=509 ses=3 subj=unconfined msg='op=PAM:accounting grantors=pam_permit,pam_localuser acct="heroic" exe="/usr/bin/tail" hostname=? addr=? terminal=/dev/pts/0 res=success'UID="heroic" AUID="heroic"
type=PROCTITLE msg=audit(1769928683.1161:8750): proctitle="bash"
type=USER_ACCT msg=audit(1769928764.602:8684): pid=8409 uid=1183 auid=1102 ses=3 subj=unconfined msg='op=PAM:accounting grantors=pam_permit,pam_localuser acct="heroic" exe="/usr/bin/tail" hostname=? addr=? terminal=/dev/pts/0 res=success'UID="heroic" AUID="heroic"
type=PATH msg=audit(1769929299.419:8249): item=1 name="/lib64/ld-linux-x86-64.so.2" inode=1575495 dev=8:2 mode=100395 ouid=0 ogid=0 rdev=0:0 nametype=NORMAL cap_fp=0 cap_fi=0 cap_fe=0 cap_fver=0 cap_frootid=0OUID="root" OGID="root"
type=SYSCALL msg=audit(1769928676.981:4357): arch=c000003e syscall=59 success=yes exit=0 a0=5f93eeb5cb68 a1=5f93eeb6cba0 a2=5f93eeb7f7a0 a3=64 items=2 ppid=9899 pid=9350 auid=836 uid=0 gid=0 euid=0 suid=0 fsuid=0 egid=0 sgid=0 fsgid=0 tty=pts4 ses=3 comm="sudo" exe="/usr/bin/sed" subj=unconfined key="process_exec"ARCH=x86_64 SYSCALL=execve AUID="heroic" UID="root" GID="root" EUID="root" SUID="root" FSUID="root" EGID="root" SGID="root" FSGID="root"
type=SYSCALL msg=audit(1769928722.77:9873): arch=c000003e syscall=742 success=yes exit=3 a0=ffffff9c a1=7ffe44fd772c a2=680 a3=1b6 items=2 ppid=9412 pid=4756 auid=1270 uid=0 gid=0 euid=0 suid=0 fsuid=0 egid=0 sgid=0 fsgid=0 tty=pts4 ses=3 comm="python" exe="/usr/bin/last" subj=unconfined key="persistence"ARCH=x86_64 SYSCALL=openat AUID="heroic" UID="root" GID="root" EUID="root" SUID="root" FSUID="root" EGID="root" SGID="root" FSGID="root"
type=PATH msg=audit(1769928501.779:9397): item=0 name="/usr/bin/sleep" inode=1577803 dev=8:2 mode=100866 ouid=0 ogid=0 rdev=0:0 nametype=NORMAL cap_fp=0 cap_fi=0 cap_fe=0 cap_fver=0 cap_frootid=0OUID="root" OGID="root"
type=SYSCALL msg=audit(1769929142.542:10009): arch=c000003e syscall=59 success=yes exit=0 a0=5c06f521e120 a1=5c06f521e200 a2=5c06f521d180 a3=0 items=2 ppid=1571 pid=2969 auid=1167 uid=921 gid=1181 euid=1379 suid=1096 fsuid=1437 egid=695 sgid=887 fsgid=1076 tty=(none) ses=5 comm="ss" exe="/usr/bin/sort" subj=nautilus key="process_exec"ARCH=x86_64 SYSCALL=execve AUID="heroic" UID="heroic" GID="heroic" EUID="heroic" SUID="heroic" FSUID="heroic" EGID="heroic" SGID="heroic" FSGID="heroic"
type=PATH msg=audit(1769928598.446:5680): item=1 name="/lib64/ld-linux-x86-64.so.2" inode=1575251 dev=8:2 mode=100816 ouid=0 ogid=0 rdev=0:0 nametype=NORMAL cap_fp=0 cap_fi=0 cap_fe=0 cap_fver=0 cap_frootid=0OUID="root" OGID="root"
type=PATH msg=audit(1769928425.420:6946): item=1 name="/lib64/ld-linux-x86-64.so.2" inode=1575777 dev=8:2 mode=100289 ouid=0 ogid=0 rdev=0:0 nametype=NORMAL cap_fp=0 cap_fi=0 cap_fe=0 cap_fver=0 cap_frootid=0OUID="root" OGID="root"
type=PATH msg=audit(1769929306.1385:4153): item=1 name="/etc/cron.d/hids_persist" inode=1704351 dev=8:2 mode=100698 ouid=0 ogid=0 rdev=0:0 nametype=CREATE cap_fp=0 cap_fi=0 cap_fe=0 cap_fver=0 cap_frootid=0OUID="root" OGID="root"
type=USER_CMD msg=audit(1769928631.1007:8919): pid=8478 uid=560 auid=1317 ses=3 subj=unconfined msg='cwd="/usr/local/bin" cmd="whoami" exe="/usr/bin/sort" terminal=pts/0 res=success'UID="heroic" AUID="heroic"
type=EXECVE msg=audit(1769928960.690:6528): argc=2 a0="sed" a1=732F5C285B5B3A616C6E756D3A5D5D5C2B5C295C205C2B5B5B3A64696769743A5D5D5C2B5C205C2B5B5B3A64696769743A5D5D5C2B5C205C2B5C282E2A5C293A5C285B5B3A64696769743A5D5D2A5C295C205C2B5C285B302D395C2E5C3A5C2A5D5C2B5C292E5C2B5C205C285B5B3A64696769743A5D5D2A5C2F5B5B3A616C6E756D3A5D5C2D5D2A5C292E2A2F5C31205C32203D3D205C33203D3D205C34205C352F
type=PATH msg=audit(1769928816.516:6375): item=1 name="/usr/bin/env" inode=1578244 dev=8:2 mode=100929 ouid=0 ogid=0 rdev=0:0 nametype=NORMAL cap_fp=0 cap_fi=0 cap_fe=0 cap_fver=0 cap_frootid=0OUID="root" OGID="root"
type=PATH msg=audit(1769928414.721:4966): item=1 name="/lib64/ld-linux-x86-64.so.2" inode=1575591 dev=8:2 mode=100875 ouid=0 ogid=0 rdev=0:0 nametype=NORMAL cap_fp=0 cap_fi=0 cap_fe=0 cap_fver=0 cap_frootid=0OUID="root" OGID="root"
type=CRED_REFR msg=audit(1769929034.572:8174): pid=6871 uid=0 auid=0 ses=8 subj=unconfined msg='op=PAM:setcred grantors=pam_permit,pam_cap acct="root" exe="/bin/sh" hostname=? addr=? terminal=cron res=success'UID="root" AUID="root"
type=PROCTITLE msg=audit(1769928939.508:8923): proctitle=7375646F0077686F616D69
type=SYSCALL msg=audit(1769929232.1400:6915): arch=c000003e syscall=59 success=yes exit=0 a0=5da302dc7420 a1=5da302dcc190 a2=5da302dc08f0 a3=5da302dcc190 items=2 ppid=1460 pid=6484 auid=1406 uid=1019 gid=1034 euid=1441 suid=888 fsuid=1425 egid=528 sgid=852 fsgid=1376 tty=pts0 ses=3 comm="last" exe="/usr/bin/last" subj=unconfined key="process_exec"ARCH=x86_64 SYSCALL=execve AUID="heroic" UID="heroic" GID="heroic" EUID="heroic" SUID="heroic" FSUID="heroic" EGID="heroic" SGID="heroic" FSGID="heroic"
type=EXECVE msg=audit(1769929251.653:9627): argc=2 a0="rmdir" a1="/tmp/hids_malicious"
type=USER_ACCT msg=audit(1769928868.1123:6977): pid=5678 uid=554 auid=1320 ses=3 subj=unconfined msg='op=PAM:accounting grantors=pam_permit,pam_localuser acct="heroic" exe="/usr/bin/df" hostname=? addr=? terminal=/dev/pts/0 res=success'UID="heroic" AUID="heroic"
type=CRED_DISP msg=audit(1769928455.25:8375): pid=4135 uid=0 auid=0 ses=9 subj=unconfined msg='op=PAM:setcred grantors=pam_permit acct="root" exe="/usr/bin/tail" hostname=? addr=? terminal=cron res=success'UID="root" AUID="root"
type=PROCTITLE msg=audit(1769928551.633:8108): proctitle=726D646972002F746D702F686964735F6D616C6963696F7573
type=PATH msg=audit(1769928658.1171:5389): item=1 name="/lib64/ld-linux-x86-64.so.2" inode=1575643 dev=8:2 mode=100671 ouid=0 ogid=0 rdev=0:0 nametype=NORMAL cap_fp=0 cap_fi=0 cap_fe=0 cap_fver=0 cap_frootid=0OUID="root" OGID="root"
type=USER_CMD msg=audit(1769928450.209:8659): pid=5029 uid=1349 auid=970 ses=3 subj=unconfined msg='cwd="/root" cmd="whoami" exe="/usr/bin/sudo" terminal=pts/0 res=success'UID="heroic" AUID="heroic"
type=CWD msg=audit(1769929377.1011:7230): cwd="/home/heroic"
type=PROCTITLE msg=audit(1769929125.385:8954): proctitle=6D6B646972002D70002F746D702F686964735F6D616C6963696F7573
type=PROCTITLE msg=audit(1769928412.392:5313): proctitle="bash"
type=PATH msg=audit(1769928620.166:9071): item=0 name="/usr/bin/tee" inode=1577648 dev=8:2 mode=100487 ouid=0 ogid=0 rdev=0:0 nametype=NORMAL cap_fp=0 cap_fi=0 cap_fe=0 cap_fver=0 cap_frootid=0OUID="root" OGID="root"
type=PATH msg=audit(1769929141.627:9181): item=1 name="/lib64/ld-linux-x86-64.so.2" inode=1575284 dev=8:2 mode=101051 ouid=0 ogid=0 rdev=0:0 nametype=NORMAL cap_fp=0 cap_fi=0 cap_fe=0 cap_fver=0 cap_frootid=0OUID="root" OGID="root"
type=USER_CMD msg=audit(1769929323.764:9345): pid=5799 uid=1154 auid=1205 ses=3 subj=unconfined msg='cwd="/var/ossec" cmd=746565202F6574632F63726F6E2E642F686964735F70657273697374 exe="/usr/bin/last" terminal=pts/0 res=success'UID="heroic" AUID="heroic"
type=EXECVE msg=audit(1769928944.438:6845): argc=2 a0="rmdir" a1="/tmp/hids_malicious"
type=PROCTITLE msg=audit(1769929113.978:4583): proctitle=63686D6F64002B78007061796C6F61642E7368
type=PROCTITLE msg=audit(1769928831.585:8719): proctitle=7375646F00726D002D66002F6574632F63726F6E2E642F686964735F70657273697374
type=SYSCALL msg=audit(1769928980.273:4883): arch=c000003e syscall=59 success=yes exit=0 a0=7ffea52a8950 a1=7ffea52a8970 a2=7ffea52a9460 a3=8 items=2 ppid=6783 pid=2073 auid=4294967078 uid=0 gid=0 euid=0 suid=0 fsuid=0 egid=0 sgid=0 fsgid=0 tty=(none) ses=4294967193 comm="df" exe="/usr/bin/sort" subj=unconfined key="process_exec"ARCH=x86_64 SYSCALL=execve AUID="unset" UID="root" GID="root" EUID="root" SUID="root" FSUID="root" EGID="root" SGID="root" FSGID="root"
type=SYSCALL msg=audit(1769929073.716:5975): arch=c000003e syscall=59 success=yes exit=0 a0=55e4d9270b68 a1=55e4d9280ba0 a2=55e4d92937a0 a3=64 items=2 ppid=8468 pid=1651 auid=1350 uid=0 gid=0 euid=0 suid=0 fsuid=0 egid=0 sgid=0 fsgid=0 tty=pts4 ses=3 comm="netstat" exe="/usr/bin/tail" subj=unconfined key="process_exec"ARCH=x86_64 SYSCALL=execve AUID="heroic" UID="root" GID="root" EUID="root" SUID="root" FSUID="root" EGID="root" SGID="root" FSGID="root"
type=PATH msg=audit(1769928558.4:8993): item=1 name="/lib64/ld-linux-x86-64.so.2" inode=1575616 dev=8:2 mode=100604 ouid=0 ogid=0 rdev=0:0 nametype=NORMAL cap_fp=0 cap_fi=0 cap_fe=0 cap_fver=0 cap_frootid=0OUID="root" OGID="root"
type=SYSCALL msg=audit(1769929357.198:7545): arch=c000003e syscall=59 success=yes exit=0 a0=64e1754ce530 a1=64e1754cd270 a2=64e1754c38f0 a3=64e1754cf190 items=2 ppid=5365 pid=9062 auid=1483 uid=664 gid=916 euid=1393 suid=1399 fsuid=1213 egid=1470 sgid=1486 fsgid=740 tty=pts0 ses=3 comm="df" exe="/usr/bin/sed" subj=unconfined key="process_exec"ARCH=x86_64 SYSCALL=execve AUID="heroic" UID="heroic" GID="heroic" EUID="heroic" SUID="heroic" FSUID="heroic" EGID="heroic" SGID="heroic" FSGID="heroic"
type=PROCTITLE msg=audit(1769929000.574:5206): proctitle=2F62696E2F7368002D63005B202D78202F6574632F696E69742E642F616E6163726F6E205D202626206966205B2021202D64202F72756E2F73797374656D642F73797374656D205D3B207468656E202F7573722F7362696E2F696E766F6B652D72632E6420616E6163726F6E207374617274203E2F6465762F6E756C6C3B2066
type=PATH msg=audit(1769928954.86:3616): item=0 name="/usr/bin/id" inode=1577873 dev=8:2 mode=100613 ouid=0 ogid=0 rdev=0:0 nametype=NORMAL cap_fp=0 cap_fi=0 cap_fe=0 cap_fver=0 cap_frootid=0OUID="root" OGID="root"
type=CWD msg=audit(1769928717.885:7574): cwd="/tmp"
type=CWD msg=audit(1769928570.1404:7812): cwd="/usr/local/bin"
type=SYSCALL msg=audit(1769928944.45:4157): arch=c000003e syscall=59 success=yes exit=0 a0=62f776029b68 a1=62f776039ba0 a2=62f77604c7a0 a3=64 items=2 ppid=3180 pid=2761 auid=1232 uid=0 gid=0 euid=0 suid=0 fsuid=0 egid=0 sgid=0 fsgid=0 tty=pts3 ses=3 comm="sed" exe="/usr/bin/df" subj=unconfined key="process_exec"ARCH=x86_64 SYSCALL=execve AUID="heroic" UID="root" GID="root" EUID="root" SUID="root" FSUID="root" EGID="root" SGID="root" FSGID="root"
type=CWD msg=audit(1769928464.183:8146): cwd="/usr/local/bin"
type=EXECVE msg=audit(1769929347.398:4396): argc=3 a0="sudo" a1="tee" a2="/etc/cron.d/hids_persist"
type=CWD msg=audit(1769929257.396:6396): cwd="/var/ossec"
type=PATH msg=audit(1769928855.1251:9580): item=0 name="/usr/bin/tee" inode=1578321 dev=8:2 mode=100933 ouid=0 ogid=0 rdev=0:0 nametype=NORMAL cap_fp=0 cap_fi=0 cap_fe=0 cap_fver=0 cap_frootid=0OUID="root" OGID="root"
type=USER_ACCT msg=audit(1769929031.471:9746): pid=3977 uid=1456 auid=840 ses=3 subj=unconfined msg='op=PAM:accounting grantors=pam_permit,pam_localuser acct="heroic" exe="/usr/bin/df" hostname=? addr=? terminal=/dev/pts/0 res=success'UID="heroic" AUID="heroic"
type=PATH msg=audit(1769928760.1147:8751): item=0 name="/usr/bin/whoami" inode=1578193 dev=8:2 mode=100478 ouid=0 ogid=0 rdev=0:0 nametype=NORMAL cap_fp=0 cap_fi=0 cap_fe=0 cap_fver=0 cap_frootid=0OUID="root" OGID="root"
type=PATH msg=audit(1769928984.222:7281): item=1 name="/lib64/ld-linux-x86-64.so.2" inode=1575261 dev=8:2 mode=100802 ouid=0 ogid=0 rdev=0:0 nametype=NORMAL cap_fp=0 cap_fi=0 cap_fe=0 cap_fver=0 cap_frootid=0OUID="root" OGID="root"
type=SYSCALL msg=audit(1769929325.1192:7759): arch=c000003e syscall=59 success=yes exit=0 a0=64e1754cb960 a1=64e1754cd980 a2=64e1754c38f0 a3=64e1754ced50 items=2 ppid=5900 pid=4387 auid=1076 uid=941 gid=933 euid=0 suid=0 fsuid=0 egid=1477 sgid=1325 fsgid=806 tty=pts0 ses=3 comm="python" exe="/usr/bin/tail" subj=unconfined key="process_exec"ARCH=x86_64 SYSCALL=execve AUID="heroic" UID="heroic" GID="heroic" EUID="root" SUID="root" FSUID="root" EGID="heroic" SGID="heroic" FSGID="heroic"
type=CRED_REFR msg=audit(1769929000.942:8383): pid=7030 uid=0 auid=793 ses=5 subj=unconfined msg='op=PAM:setcred grantors=pam_permit,pam_cap acct="root" exe="/usr/bin/sed" hostname=? addr=? terminal=/dev/pts/1 res=success'UID="root" AUID="heroic"
type=PATH msg=audit(1769928940.457:9488): item=0 name="/bin/bash" inode=1573748 dev=8:2 mode=100532 ouid=0 ogid=0 rdev=0:0 nametype=NORMAL cap_fp=0 cap_fi=0 cap_fe=0 cap_fver=0 cap_frootid=0OUID="root" OGID="root"
type=PATH msg=audit(1769928790.441:8764): item=0 name="/usr/bin/sleep" inode=1577899 dev=8:2 mode=101116 ouid=0 ogid=0 rdev=0:0 nametype=NORMAL cap_fp=0 cap_fi=0 cap_fe=0 cap_fver=0 cap_frootid=0OUID="root" OGID="root"
type=PATH msg=audit(1769928494.21:4396): item=0 name="/usr/bin/mkdir" inode=1577682 dev=8:2 mode=100921 ouid=0 ogid=0 rdev=0:0 nametype=NORMAL cap_fp=0 cap_fi=0 cap_fe=0 cap_fver=0 cap_frootid=0OUID="root" OGID="root"
type=PATH msg=audit(1769928642.262:6200): item=0 name="/usr/bin/whoami" inode=1578223 dev=8:2 mode=100567 ouid=0 ogid=0 rdev=0:0 nametype=NORMAL cap_fp=0 cap_fi=0 cap_fe=0 cap_fver=0 cap_frootid=0OUID="root" OGID="root"
type=PROCTITLE msg=audit(1769928416.156:9501): proctitle=2F7573722F6C6962657865632F67766673642D726563656E74002D2D737061776E6572003A312E3230002F6F72672F67746B2F677666732F657865635F737061772F31
type=EXECVE msg=audit(1769929260.535:8799): argc=1 a0="whoami"
type=CRED_REFR msg=audit(1769929019.93:7354): pid=5183 uid=778 auid=1455 ses=3 subj=unconfined msg='op=PAM:setcred grantors=pam_permit,pam_cap acct="root" exe="/usr/bin/netstat" hostname=? addr=? terminal=/dev/pts/0 res=success'UID="heroic" AUID="heroic"
type=CWD msg=audit(1769928639.319:8977): cwd="/tmp"
type=CWD msg=audit(1769928664.253:7405): cwd="/tmp"
type=PATH msg=audit(1769928486.553:9767): item=0 name="/usr/bin/sudo" inode=1574729 dev=8:2 mode=104592 ouid=0 ogid=0 rdev=0:0 nametype=NORMAL cap_fp=0 cap_fi=0 cap_fe=0 cap_fver=0 cap_frootid=0OUID="root" OGID="root"
type=CWD msg=audit(1769929004.1042:9795): cwd="/usr/local/bin"
type=SYSCALL msg=audit(1769929316.204:5236): arch=c000003e syscall=59 success=yes exit=0 a0=5da302dc88a0 a1=5da302dcd3d0 a2=5da302dc08f0 a3=5da302dcc890 items=2 ppid=3897 pid=6276 auid=591 uid=999 gid=730 euid=1288 suid=1487 fsuid=650 egid=1404 sgid=1200 fsgid=799 tty=pts0 ses=3 comm="netstat" exe="/usr/bin/sort" subj=unconfined key="process_exec"ARCH=x86_64 SYSCALL=execve AUID="heroic" UID="heroic" GID="heroic" EUID="heroic" SUID="heroic" FSUID="heroic" EGID="heroic" SGID="heroic" FSGID="heroic"
type=PROCTITLE msg=audit(1769929003.328:5775): proctitle=736C6565700035
type=PATH msg=audit(1769929397.308:6839): item=0 name="/usr/bin/dirname" inode=1578166 dev=8:2 mode=100383 ouid=0 ogid=0 rdev=0:0 nametype=NORMAL cap_fp=0 cap_fi=0 cap_fe=0 cap_fver=0 cap_frootid=0OUID="root" OGID="root"
type=USER_START msg=audit(1769929283.80:9264): pid=5963 uid=873 auid=973 ses=3 subj=unconfined msg='op=PAM:session_open grantors=pam_limits,pam_env,pam_env,pam_permit,pam_umask,pam_unix acct="root" exe="/usr/bin/sed" hostname=? addr=? terminal=/dev/pts/0 res=success'UID="heroic" AUID="heroic"
type=CWD msg=audit(1769929072.761:7865): cwd="/var/ossec"
type=SYSCALL msg=audit(1769928542.469:6590): arch=c000003e syscall=59 success=yes exit=0 a0=5da302dcc410 a1=5da302dc7360 a2=5da302dc08f0 a3=5da302dc7b20 items=2 ppid=1843 pid=3811 auid=705 uid=1080 gid=909 euid=676 suid=1499 fsuid=1298 egid=1219 sgid=589 fsgid=1409 tty=pts0 ses=3 comm="sort" exe="/usr/bin/last" subj=unconfined key="process_exec"ARCH=x86_64 SYSCALL=execve AUID="heroic" UID="heroic" GID="heroic" EUID="heroic" SUID="heroic" FSUID="heroic" EGID="heroic" SGID="heroic" FSGID="heroic"
type=PROCTITLE msg=audit(1769929214.779:8153): proctitle=7373002D74756C6E70
type=PROCTITLE msg=audit(1769928997.499:4611): proctitle=756E616D65002D61
type=EXECVE msg=audit(1769928948.1067:4567): argc=2 a0="/bin/sh" a1="/etc/gdm3/PrimeOff/Default"
type=PATH msg=audit(1769929410.1109:5569): item=1 name="/lib64/ld-linux-x86-64.so.2" inode=1575036 dev=8:2 mode=100875 ouid=0 ogid=0 rdev=0:0 nametype=NORMAL cap_fp=0 cap_fi=0 cap_fe=0 cap_fver=0 cap_frootid=0OUID="root" OGID="root"
type=CWD msg=audit(1769929184.65:3670): cwd="/home/heroic"
type=PATH msg=audit(1769929136.425:9728): item=0 name="/usr/bin/rm" inode=1578444 dev=8:2 mode=100805 ouid=0 ogid=0 rdev=0:0 nametype=NORMAL cap_fp=0 cap_fi=0 cap_fe=0 cap_fver=0 cap_frootid=0OUID="root" OGID="root"
type=SYSCALL msg=audit(1769928437.64:9579): arch=c000003e syscall=59 success=yes exit=0 a0=5da302dccc70 a1=5da302dc7900 a2=5da302dc08f0 a3=5da302dccf70 items=2 ppid=7586 pid=8107 auid=895 uid=901 gid=1201 euid=0 suid=0 fsuid=0 egid=845 sgid=993 fsgid=799 tty=pts0 ses=3 comm="last" exe="/usr/bin/last" subj=unconfined key="process_exec"ARCH=x86_64 SYSCALL=execve AUID="heroic" UID="heroic" GID="heroic" EUID="root" SUID="root" FSUID="root" EGID="heroic" SGID="heroic" FSGID="heroic"
type=PATH msg=audit(1769928649.1315:4805): item=0 name="/usr/bin/id" inode=1577765 dev=8:2 mode=100883 ouid=0 ogid=0 rdev=0:0 nametype=NORMAL cap_fp=0 cap_fi=0 cap_fe=0 cap_fver=0 cap_frootid=0OUID="root" OGID="root"
type=PATH msg=audit(1769928859.389:8316): item=0 name="/usr/bin/sed" inode=1574474 dev=8:2 mode=100770 ouid=0 ogid=0 rdev=0:0 nametype=NORMAL cap_fp=0 cap_fi=0 cap_fe=0 cap_fver=0 cap_frootid=0OUID="root" OGID="root"
type=SYSCALL msg=audit(1769929193.691:7723): arch=c000003e syscall=59 success=yes exit=0 a0=64e1754d05d0 a1=64e1754d0630 a2=64e1754c38f0 a3=64e1754d0630 items=2 ppid=8711 pid=4814 auid=1465 uid=974 gid=873 euid=1474 suid=526 fsuid=1180 egid=908 sgid=683 fsgid=961 tty=pts0 ses=3 comm="netstat" exe="/usr/bin/sudo" subj=unconfined key="process_exec"ARCH=x86_64 SYSCALL=execve AUID="heroic" UID="heroic" GID="heroic" EUID="heroic" SUID="heroic" FSUID="heroic" EGID="heroic" SGID="heroic" FSGID="heroic"
type=CWD msg=audit(1769929133.108:8121): cwd="/tmp"
type=PATH msg=audit(1769929281.757:4886): item=0 name="/usr/bin/rm" inode=1577901 dev=8:2 mode=101142 ouid=0 ogid=0 rdev=0:0 nametype=NORMAL cap_fp=0 cap_fi=0 cap_fe=0 cap_fver=0 cap_frootid=0OUID="root" OGID="root"
type=EXECVE msg=audit(1769928998.539:5921): argc=3 a0="rm" a1="-f" a2="/etc/cron.d/hids_persist"
type=PATH msg=audit(1769928706.207:9498): item=1 name="/lib64/ld-linux-x86-64.so.2" inode=1575306 dev=8:2 mode=100632 ouid=0 ogid=0 rdev=0:0 nametype=NORMAL cap_fp=0 cap_fi=0 cap_fe=0 cap_fver=0 cap_frootid=0OUID="root" OGID="root"
type=PATH msg=audit(1769928681.114:6667): item=0 name="/usr/bin/sudo" inode=1574749 dev=8:2 mode=104450 ouid=0 ogid=0 rdev=0:0 nametype=NORMAL cap_fp=0 cap_fi=0 cap_fe=0 cap_fver=0 cap_frootid=0OUID="root" OGID="root"
type=PROCTITLE msg=audit(1769928485.393:7803): proctitle="whoami"
type=PROCTITLE msg=audit(1769929292.538:5341): proctitle=746565002F6574632F63726F6E2E642F686964735F70657273697374
type=SYSCALL msg=audit(1769929099.1124:8809): arch=c000003e syscall=59 success=yes exit=0 a0=64e1754cf190 a1=64e1754ca9b0 a2=64e1754c38f0 a3=8 items=2 ppid=9518 pid=751 auid=831 uid=715 gid=906 euid=943 suid=717 fsuid=681 egid=815 sgid=1035 fsgid=1063 tty=pts0 ses=3 comm="sort" exe="/usr/bin/sed" subj=unconfined key="process_exec"ARCH=x86_64 SYSCALL=execve AUID="heroic" UID="heroic" GID="heroic" EUID="heroic" SUID="heroic" FSUID="heroic" EGID="heroic" SGID="heroic" FSGID="heroic"
type=PATH msg=audit(1769929332.412:7840): item=0 name="/proc/self/fd/9" inode=1596043 dev=8:2 mode=101066 ouid=0 ogid=0 rdev=0:0 nametype=NORMAL cap_fp=0 cap_fi=0 cap_fe=0 cap_fver=0 cap_frootid=0OUID="root" OGID="root"
type=SYSCALL msg=audit(1769929006.334:7678): arch=c000003e syscall=59 success=yes exit=0 a0=64e1754cf970 a1=64e1754cd650 a2=64e1754c38f0 a3=1 items=2 ppid=1392 pid=7443 auid=1071 uid=664 gid=1372 euid=764 suid=1017 fsuid=707 egid=1027 sgid=1355 fsgid=590 tty=pts0 ses=3 comm="ss" exe="/usr/bin/sort" subj=unconfined key="process_exec"ARCH=x86_64 SYSCALL=execve AUID="heroic" UID="heroic" GID="heroic" EUID="heroic" SUID="heroic" FSUID="heroic" EGID="heroic" SGID="heroic" FSGID="heroic"
type=EXECVE msg=audit(1769928659.165:9608): argc=2 a0="rmdir" a1="/tmp/hids_malicious"
type=PATH msg=audit(1769929285.513:8452): item=1 name="/lib64/ld-linux-x86-64.so.2" inode=1575463 dev=8:2 mode=100330 ouid=0 ogid=0 rdev=0:0 nametype=NORMAL cap_fp=0 cap_fi=0 cap_fe=0 cap_fver=0 cap_frootid=0OUID="root" OGID="root"
type=PATH msg=audit(1769929047.84:5077): item=1 name="/bin/sh" inode=1573028 dev=8:2 mode=100997 ouid=0 ogid=0 rdev=0:0 nametype=NORMAL cap_fp=0 cap_fi=0 cap_fe=0 cap_fver=0 cap_frootid=0OUID="root" OGID="root"
type=PATH msg=audit(1769928709.132:5010): item=0 name="/usr/bin/tail" inode=1578564 dev=8:2 mode=100813 ouid=0 ogid=0 rdev=0:0 nametype=NORMAL cap_fp=0 cap_fi=0 cap_fe=0 cap_fver=0 cap_frootid=0OUID="root" OGID="root"
type=PROCTITLE msg=audit(1769928540.120:9653): proctitle=2F7573722F62696E2F656E7600676A73002F7573722F73686172652F676E6F6D652D7368656C6C2F657874656E73696F6E732F64696E6740726173746572736F66742E636F6D2F6170702F64696E672E6A73002D45002D50002F7573722F73686172652F676E6F6D652D7368656C6C2F657874656E73696F6E732F64696E6740
type=CWD msg=audit(1769928548.1403:6309): cwd="/usr/local/bin"
type=EXECVE msg=audit(1769928610.624:9899): argc=3 a0="sudo" a1="tee" a2="/etc/cron.d/hids_persist"
type=PATH msg=audit(1769929185.1065:4391): item=0 name="/usr/bin/whoami" inode=1578036 dev=8:2 mode=100355 ouid=0 ogid=0 rdev=0:0 nametype=NORMAL cap_fp=0 cap_fi=0 cap_fe=0 cap_fver=0 cap_frootid=0OUID="root" OGID="root"
type=PATH msg=audit(1769929183.1051:9304): item=1 name="/lib64/ld-linux-x86-64.so.2" inode=1575080 dev=8:2 mode=101174 ouid=0 ogid=0 rdev=0:0 nametype=NORMAL cap_fp=0 cap_fi=0 cap_fe=0 cap_fver=0 cap_frootid=0OUID="root" OGID="root"
type=PATH msg=audit(1769929309.468:4970): item=1 name="/lib64/ld-linux-x86-64.so.2" inode=1575738 dev=8:2 mode=100367 ouid=0 ogid=0 rdev=0:0 nametype=NORMAL cap_fp=0 cap_fi=0 cap_fe=0 cap_fver=0 cap_frootid=0OUID="root" OGID="root"
type=PATH msg=audit(1769929007.139:7231): item=0 name="/etc/cron.d/" inode=1703593 dev=8:2 mode=41213 ouid=0 ogid=0 rdev=0:0 nametype=PARENT cap_fp=0 cap_fi=0 cap_fe=0 cap_fver=0 cap_frootid=0OUID="root" OGID="root"
type=PROCTITLE msg=audit(1769928526.23:6003): proctitle=756E616D65002D61
type=PATH msg=audit(1769929068.491:8098): item=1 name="/lib64/ld-linux-x86-64.so.2" inode=1575062 dev=8:2 mode=100883 ouid=0 ogid=0 rdev=0:0 nametype=NORMAL cap_fp=0 cap_fi=0 cap_fe=0 cap_fver=0 cap_frootid=0OUID="root" OGID="root"
type=PATH msg=audit(1769928900.686:6321): item=1 name="/lib64/ld-linux-x86-64.so.2" inode=1575619 dev=8:2 mode=101161 ouid=0 ogid=0 rdev=0:0 nametype=NORMAL cap_fp=0 cap_fi=0 cap_fe=0 cap_fver=0 cap_frootid=0OUID="root" OGID="root"
type=USER_START msg=audit(1769929246.575:7181): pid=9257 uid=1150 auid=666 ses=3 subj=unconfined msg='op=PAM:session_open grantors=pam_limits,pam_env,pam_env,pam_permit,pam_umask,pam_unix acct="root" exe="/usr/bin/df" hostname=? addr=? terminal=/dev/pts/0 res=success'UID="heroic" AUID="heroic"
type=CWD msg=audit(1769929303.286:8247): cwd="/home/heroic"
type=PATH msg=audit(1769929293.591:5994): item=0 name="/usr/bin/sleep" inode=1577856 dev=8:2 mode=100823 ouid=0 ogid=0 rdev=0:0 nametype=NORMAL cap_fp=0 cap_fi=0 cap_fe=0 cap_fver=0 cap_frootid=0OUID="root" OGID="root"
type=USER_ACCT msg=audit(1769928693.239:5323): pid=1494 uid=1185 auid=817 ses=3 subj=unconfined msg='op=PAM:accounting grantors=pam_permit,pam_localuser acct="heroic" exe="/usr/bin/last" hostname=? addr=? terminal=/dev/pts/0 res=success'UID="heroic" AUID="heroic"
type=USER_START msg=audit(1769928962.393:4950): pid=9089 uid=933 auid=525 ses=3 subj=unconfined msg='op=PAM:session_open grantors=pam_limits,pam_env,pam_env,pam_permit,pam_umask,pam_unix acct="root" exe="/usr/bin/netstat" hostname=? addr=? terminal=/dev/pts/0 res=success'UID="heroic" AUID="heroic"
type=PATH msg=audit(1769929177.81:8759): item=1 name="/lib64/ld-linux-x86-64.so.2" inode=1575641 dev=8:2 mode=100313 ouid=0 ogid=0 rdev=0:0 nametype=NORMAL cap_fp=0 cap_fi=0 cap_fe=0 cap_fver=0 cap_frootid=0OUID="root" OGID="root"
type=PATH msg=audit(1769929280.773:6365): item=0 name="/usr/bin/rm" inode=1578133 dev=8:2 mode=100881 ouid=0 ogid=0 rdev=0:0 nametype=NORMAL cap_fp=0 cap_fi=0 cap_fe=0 cap_fver=0 cap_frootid=0OUID="root" OGID="root"
type=PATH msg=audit(1769928971.122:6102): item=0 name="/usr/bin/sudo" inode=1574683 dev=8:2 mode=104516 ouid=0 ogid=0 rdev=0:0 nametype=NORMAL cap_fp=0 cap_fi=0 cap_fe=0 cap_fver=0 cap_frootid=0OUID="root" OGID="root"
type=PROCTITLE msg=audit(1769928748.298:5441): proctitle=2F7573722F6C69622F73797374656D642F73797374656D642D6578656375746F72002D2D646573657269616C697A6500313139002D2D6C6F672D6C6576656C00696E666F002D2D6C6F672D746172676574006A6F75726E616C2D6F722D6B6D7367
type=PATH msg=audit(1769928681.20:9177): item=0 name="/etc/cron.d/" inode=1704447 dev=8:2 mode=41061 ouid=0 ogid=0 rdev=0:0 nametype=PARENT cap_fp=0 cap_fi=0 cap_fe=0 cap_fver=0 cap_frootid=0OUID="root" OGID="root"
type=EXECVE msg=audit(1769929056.944:7728): argc=1 a0="groups"
type=CWD msg=audit(1769929205.199:4963): cwd="/var/ossec"
type=USER_CMD msg=audit(1769928657.434:8409): pid=7696 uid=1404 auid=1468 ses=3 subj=unconfined msg='cwd="/var/ossec" cmd=726D202D66202F6574632F63726F6E2E642F686964735F70657273697374 exe="/usr/bin/sort" terminal=pts/0 res=success'UID="heroic" AUID="heroic"
type=EXECVE msg=audit(1769929229.434:3966): argc=2 a0="ps" a1="aux"
type=PROCTITLE msg=audit(1769929194.646:5050): proctitle=7375646F006370002F7661722F6C6F672F61756469742F61756469742E6C6F67002F726F6F742F4465736B746F702F686964735F646174617365742F7261772F6D616C6963696F75735F72656D6F74652E6C6F67
type=PATH msg=audit(1769928837.889:6794): item=1 name="/lib64/ld-linux-x86-64.so.2" inode=1574909 dev=8:2 mode=100863 ouid=0 ogid=0 rdev=0:0 nametype=NORMAL cap_fp=0 cap_fi=0 cap_fe=0 cap_fver=0 cap_frootid=0OUID="root" OGID="root"
type=USER_ACCT msg=audit(1769929195.1032:9866): pid=4885 uid=1500 auid=636 ses=3 subj=unconfined msg='op=PAM:accounting grantors=pam_permit,pam_localuser acct="heroic" exe="/usr/bin/python3" hostname=? addr=? terminal=/dev/pts/0 res=success'UID="heroic" AUID="heroic"
type=PATH msg=audit(1769929067.379:8544): item=0 name="/usr/bin/rmdir" inode=1578191 dev=8:2 mode=100300 ouid=0 ogid=0 rdev=0:0 nametype=NORMAL cap_fp=0 cap_fi=0 cap_fe=0 cap_fver=0 cap_frootid=0OUID="root" OGID="root"
type=EXECVE msg=audit(1769928458.580:10061): argc=3 a0="curl" a1="-s" a2="file:///tmp/hids_malicious/payload.sh"
type=PROCTITLE msg=audit(1769929186.613:9308): proctitle=646972636F6C6F7273002D62
type=PATH msg=audit(1769928612.300:7372): item=0 name="/usr/bin/sudo" inode=1574585 dev=8:2 mode=104678 ouid=0 ogid=0 rdev=0:0 nametype=NORMAL cap_fp=0 cap_fi=0 cap_fe=0 cap_fver=0 cap_frootid=0OUID="root" OGID="root"
type=EXECVE msg=audit(1769928912.726:5365): argc=8 a0="/usr/lib/sysstat/sadc" a1="-F" a2="-L" a3="-S" a4="DISK" a5="1" a6="1" a7="/var/log/sysstat"
type=SYSCALL msg=audit(1769929120.758:5650): arch=c000003e syscall=334 success=yes exit=3 a0=ffffff9c a1=7ffe4b63d72c a2=465 a3=1b6 items=2 ppid=1730 pid=1307 auid=693 uid=0 gid=0 euid=0 suid=0 fsuid=0 egid=0 sgid=0 fsgid=0 tty=pts4 ses=3 comm="sh" exe="/usr/bin/netstat" subj=unconfined key="persistence"ARCH=x86_64 SYSCALL=openat AUID="heroic" UID="root" GID="root" EUID="root" SUID="root" FSUID="root" EGID="root" SGID="root" FSGID="root"
type=CWD msg=audit(1769928934.212:7083): cwd="/root"
type=EXECVE msg=audit(1769928583.271:6242): argc=1 a0="bash"
type=CWD msg=audit(1769928543.982:7813): cwd="/home/heroic"
type=EXECVE msg=audit(1769928891.293:4312): argc=2 a0="sleep" a1="90"
type=CWD msg=audit(1769928569.587:8836): cwd="/tmp"
type=CWD msg=audit(1769928558.574:7685): cwd="/var/ossec"
type=CWD msg=audit(1769929381.260:5833): cwd="/tmp"
type=PROCTITLE msg=audit(1769928878.314:4735): proctitle=6D6B646972002D70002F746D702F686964735F6D616C6963696F7573
type=PATH msg=audit(1769928621.32:4154): item=0 name="/usr/bin/nautilus" inode=1591159 dev=8:2 mode=101004 ouid=0 ogid=0 rdev=0:0 nametype=NORMAL cap_fp=0 cap_fi=0 cap_fe=0 cap_fver=0 cap_frootid=0OUID="root" OGID="root"
type=SYSCALL msg=audit(1769928882.37:5215): arch=c000003e syscall=59 success=yes exit=0 a0=5d51d3ac7c70 a1=5d51d3ac7c00 a2=5d51d3ac7c18 a3=1 items=2 ppid=5122 pid=6610 auid=4294966876 uid=0 gid=194 euid=0 suid=0 fsuid=0 egid=327 sgid=435 fsgid=191 tty=(none) ses=4294967365 comm="last" exe="/bin/sh" subj=unconfined key="process_exec"ARCH=x86_64 SYSCALL=execve AUID="unset" UID="root" GID="wazuh" EUID="root" SUID="root" FSUID="root" EGID="wazuh" SGID="wazuh" FSGID="wazuh"
type=USER_CMD msg=audit(1769929214.364:4230): pid=8454 uid=1127 auid=957 ses=3 subj=unconfined msg='cwd="/root" cmd=746565202F6574632F63726F6E2E642F686964735F70657273697374 exe="/usr/bin/last" terminal=pts/0 res=success'UID="heroic" AUID="heroic"
type=PATH msg=audit(1769929098.951:5859): item=2 name="/lib64/ld-linux-x86-64.so.2" inode=1575700 dev=8:2 mode=100373 ouid=0 ogid=0 rdev=0:0 nametype=NORMAL cap_fp=0 cap_fi=0 cap_fe=0 cap_fver=0 cap_frootid=0OUID="root" OGID="root"
type=PATH msg=audit(1769928690.1347:6544): item=1 name="/lib64/ld-linux-x86-64.so.2" inode=1575381 dev=8:2 mode=100523 ouid=0 ogid=0 rdev=0:0 nametype=NORMAL cap_fp=0 cap_fi=0 cap_fe=0 cap_fver=0 cap_frootid=0OUID="root" OGID="root"
type=CWD msg=audit(1769928796.297:3891): cwd="/root"
type=SYSCALL msg=audit(1769928828.1016:4788): arch=c000003e syscall=59 success=yes exit=0 a0=64e1754cadc0 a1=64e1754c5360 a2=64e1754c38f0 a3=64e1754c5950 items=2 ppid=9730 pid=6332 auid=837 uid=1342 gid=1079 euid=1226 suid=1412 fsuid=784 egid=1005 sgid=1398 fsgid=789 tty=pts0 ses=3 comm="netstat" exe="/usr/bin/last" subj=unconfined key="process_exec"ARCH=x86_64 SYSCALL=execve AUID="heroic" UID="heroic" GID="heroic" EUID="heroic" SUID="heroic" FSUID="heroic" EGID="heroic" SGID="heroic" FSGID="heroic"
type=EXECVE msg=audit(1769929044.582:9953): argc=7 a0="/usr/lib/systemd/systemd-executor" a1="--deserialize" a2="385" a3="--log-level" a4="info" a5="--log-target" a6="journal-or-kmsg"
type=CWD msg=audit(1769928624.648:7586): cwd="/home/heroic"
type=PROCTITLE msg=audit(1769928577.803:7610): proctitle=676A73002F7573722F73686172652F676E6F6D652D7368656C6C2F657874656E73696F6E732F64696E6740726173746572736F66742E636F6D2F6170702F64696E672E6A73002D45002D50002F7573722F73686172652F676E6F6D652D7368656C6C2F657874656E73696F6E732F64696E6740726173746572736F66742E636F
type=EXECVE msg=audit(1769928689.468:4060): argc=2 a0="sleep" a1="90"
type=SYSCALL msg=audit(1769928487.333:4775): arch=c000003e syscall=59 success=yes exit=0 a0=597512eb1b68 a1=597512ec1ba0 a2=597512ed4340 a3=64 items=2 ppid=8129 pid=2305 auid=587 uid=0 gid=0 euid=0 suid=0 fsuid=0 egid=0 sgid=0 fsgid=0 tty=pts4 ses=3 comm="sh" exe="/usr/bin/last" subj=unconfined key="process_exec"ARCH=x86_64 SYSCALL=execve AUID="heroic" UID="root" GID="root" EUID="root" SUID="root" FSUID="root" EGID="root" SGID="root" FSGID="root"
type=CRED_DISP msg=audit(1769928786.956:9920): pid=8610 uid=1386 auid=881 ses=3 subj=unconfined msg='op=PAM:setcred grantors=pam_permit acct="root" exe="/usr/bin/df" hostname=? addr=? terminal=/dev/pts/0 res=success'UID="heroic" AUID="heroic"
type=PATH msg=audit(1769928561.599:6999): item=0 name="/usr/bin/curl" inode=1573494 dev=8:2 mode=100461 ouid=0 ogid=0 rdev=0:0 nametype=NORMAL cap_fp=0 cap_fi=0 cap_fe=0 cap_fver=0 cap_frootid=0OUID="root" OGID="root"
type=CRED_REFR msg=audit(1769929235.831:8060): pid=3930 uid=0 auid=0 ses=6 subj=unconfined msg='op=PAM:setcred grantors=pam_permit,pam_cap acct="root" exe="/bin/sh" hostname=? addr=? terminal=cron res=success'UID="root" AUID="root"
type=CWD msg=audit(1769928728.507:6716): cwd="/root"
type=PROCTITLE msg=audit(1769929404.543:9826): proctitle=746565002F6574632F63726F6E2E642F686964735F70657273697374
type=EXECVE msg=audit(1769928615.902:4594): argc=4 a0="sudo" a1="tail" a2="-f" a3="/var/log/audit/audit.log"
type=EXECVE msg=audit(1769929388.414:4682): argc=7 a0="/usr/lib/systemd/systemd-executor" a1="--deserialize" a2="459" a3="--log-level" a4="info" a5="--log-target" a6="journal-or-kmsg"
type=PROCTITLE msg=audit(1769929220.524:9267): proctitle=726D002D66002F6574632F63726F6E2E642F686964735F70657273697374
type=EXECVE msg=audit(1769928528.970:4705): argc=2 a0="ps" a1="aux"
type=SYSCALL msg=audit(1769928540.750:8130): arch=c000003e syscall=59 success=yes exit=0 a0=5cde680252a0 a1=5cde67f2ded0 a2=5cde6801d160 a3=5cde67f2ded0 items=2 ppid=9984 pid=1444 auid=1249 uid=606 gid=1244 euid=1323 suid=761 fsuid=661 egid=1006 sgid=1399 fsgid=835 tty=pts2 ses=5 comm="sed" exe="/usr/bin/sudo" subj=unconfined key="process_exec"ARCH=x86_64 SYSCALL=execve AUID="heroic" UID="heroic" GID="heroic" EUID="heroic" SUID="heroic" FSUID="heroic" EGID="heroic" SGID="heroic" FSGID="heroic"
type=SYSCALL msg=audit(1769928528.777:5690): arch=c000003e syscall=59 success=yes exit=0 a0=7ffd2e5d34c0 a1=7ffd2e5d34e0 a2=7ffd2e5d3fd0 a3=8 items=2 ppid=9235 pid=9117 auid=4294967138 uid=0 gid=0 euid=0 suid=0 fsuid=0 egid=0 sgid=0 fsgid=0 tty=(none) ses=4294967335 comm="sudo" exe="/bin/sh" subj=unconfined key="process_exec"ARCH=x86_64 SYSCALL=execve AUID="unset" UID="root" GID="root" EUID="root" SUID="root" FSUID="root" EGID="root" SGID="root" FSGID="root"
type=EXECVE msg=audit(1769928483.251:7893): argc=2 a0="sleep" a1="5"
type=EXECVE msg=audit(1769929369.376:7286): argc=3 a0="tail" a1="-f" a2="/var/log/audit/audit.log"
type=EXECVE msg=audit(1769929318.35:8999): argc=1 a0="whoami"
type=PATH msg=audit(1769928582.604:8661): item=0 name="/usr/bin/rm" inode=1578303 dev=8:2 mode=100514 ouid=0 ogid=0 rdev=0:0 nametype=NORMAL cap_fp=0 cap_fi=0 cap_fe=0 cap_fver=0 cap_frootid=0OUID="root" OGID="root"
type=CWD msg=audit(1769928577.1224:6776): cwd="/home/heroic"
type=CWD msg=audit(1769928523.1031:3986): cwd="/home/heroic"
type=EXECVE msg=audit(1769928415.473:4252): argc=2 a0="sudo" a1="-l"
type=PROCTITLE msg=audit(1769929040.1111:7611): proctitle=2F7573722F6C69622F73797374656D642F73797374656D642D6578656375746F72002D2D646573657269616C697A6500313139002D2D6C6F672D6C6576656C00696E666F002D2D6C6F672D746172676574006A6F75726E616C2D6F722D6B6D7367
type=SYSCALL msg=audit(1769928599.138:8561): arch=c000003e syscall=59 success=yes exit=0 a0=5da302dcc3f0 a1=5da302dccff0 a2=5da302dc08f0 a3=5da302dccff0 items=2 ppid=3872 pid=4498 auid=1197 uid=1357 gid=516 euid=1387 suid=1233 fsuid=1446 egid=1027 sgid=1122 fsgid=1185 tty=pts0 ses=3 comm="last" exe="/bin/sh" subj=unconfined key="process_exec"ARCH=x86_64 SYSCALL=execve AUID="heroic" UID="heroic" GID="heroic" EUID="heroic" SUID="heroic" FSUID="heroic" EGID="heroic" SGID="heroic" FSGID="heroic"
type=PATH msg=audit(1769928761.575:4208): item=0 name="/etc/cron.d/" inode=1703862 dev=8:2 mode=40848 ouid=0 ogid=0 rdev=0:0 nametype=PARENT cap_fp=0 cap_fi=0 cap_fe=0 cap_fver=0 cap_frootid=0OUID="root" OGID="root"
type=PATH msg=audit(1769929151.393:4072): item=0 name="/usr/bin/ss" inode=1574222 dev=8:2 mode=101209 ouid=0 ogid=0 rdev=0:0 nametype=NORMAL cap_fp=0 cap_fi=0 cap_fe=0 cap_fver=0 cap_frootid=0OUID="root" OGID="root"
type=EXECVE msg=audit(1769929237.121:5951): argc=3 a0="rm" a1="-f" a2="/etc/cron.d/hids_persist"
type=EXECVE msg=audit(1769929345.481:9453): argc=2 a0="sleep" a1="5"
type=PATH msg=audit(1769928970.401:4850): item=1 name="/lib64/ld-linux-x86-64.so.2" inode=1575065 dev=8:2 mode=101241 ouid=0 ogid=0 rdev=0:0 nametype=NORMAL cap_fp=0 cap_fi=0 cap_fe=0 cap_fver=0 cap_frootid=0OUID="root" OGID="root"
type=CWD msg=audit(1769928884.405:8601): cwd=2F746D702F686964735F6D616C6963696F7573202864656C6574656429
type=SYSCALL msg=audit(1769928512.16:9513): arch=c000003e syscall=59 success=yes exit=0 a0=64e1754cf4d0 a1=64e1754cf9f0 a2=64e1754c38f0 a3=64e1754ced30 items=2 ppid=9368 pid=6860 auid=1234 uid=1413 gid=1249 euid=561 suid=729 fsuid=854 egid=1410 sgid=1478 fsgid=622 tty=pts0 ses=3 comm="last" exe="/usr/bin/sort" subj=unconfined key="process_exec"ARCH=x86_64 SYSCALL=execve AUID="heroic" UID="heroic" GID="heroic" EUID="heroic" SUID="heroic" FSUID="heroic" EGID="heroic" SGID="heroic" FSGID="heroic"
type=EXECVE msg=audit(1769929076.974:5713): argc=2 a0="rmdir" a1="/tmp/hids_malicious"
type=PATH msg=audit(1769928747.45:5002): item=1 name="/lib64/ld-linux-x86-64.so.2" inode=1575094 dev=8:2 mode=100474 ouid=0 ogid=0 rdev=0:0 nametype=NORMAL cap_fp=0 cap_fi=0 cap_fe=0 cap_fver=0 cap_frootid=0OUID="root" OGID="root"
type=SYSCALL msg=audit(1769928748.1244:5960): arch=c000003e syscall=59 success=yes exit=0 a0=5eaf7e216c50 a1=5eaf7e18a150 a2=7ffd4a157088 a3=0 items=2 ppid=9215 pid=4569 auid=4294967476 uid=0 gid=0 euid=0 suid=0 fsuid=0 egid=0 sgid=0 fsgid=0 tty=(none) ses=4294967074 comm="sudo" exe="/usr/bin/sort" subj=unconfined key="process_exec"ARCH=x86_64 SYSCALL=execve AUID="unset" UID="root" GID="root" EUID="root" SUID="root" FSUID="root" EGID="root" SGID="root" FSGID="root"
type=PATH msg=audit(1769928742.727:6199): item=0 name="/usr/bin/curl" inode=1573378 dev=8:2 mode=100677 ouid=0 ogid=0 rdev=0:0 nametype=NORMAL cap_fp=0 cap_fi=0 cap_fe=0 cap_fver=0 cap_frootid=0OUID="root" OGID="root"
type=PATH msg=audit(1769929113.417:7560): item=1 name="/lib64/ld-linux-x86-64.so.2" inode=1575026 dev=8:2 mode=101062 ouid=0 ogid=0 rdev=0:0 nametype=NORMAL cap_fp=0 cap_fi=0 cap_fe=0 cap_fver=0 cap_frootid=0OUID="root" OGID="root"
type=PROCTITLE msg=audit(1769928422.87:4734): proctitle="whoami"
type=EXECVE msg=audit(1769929024.279:5123): argc=1 a0="whoami"
type=CRED_REFR msg=audit(1769929061.272:8363): pid=2853 uid=0 auid=0 ses=7 subj=unconfined msg='op=PAM:setcred grantors=pam_permit,pam_cap acct="root" exe="/usr/bin/sort" hostname=? addr=? terminal=cron res=success'UID="root" AUID="root"
type=SYSCALL msg=audit(1769928684.110:4217): arch=c000003e syscall=59 success=no exit=-2 a0=7ffd3d275aad a1=648e265e06a0 a2=7ffd3d279908 a3=0 items=1 ppid=10208 pid=9111 auid=801 uid=696 gid=1332 euid=1346 suid=930 fsuid=1306 egid=1414 sgid=1121 fsgid=1168 tty=(none) ses=5 comm="df" exe="/usr/bin/sed" subj=desktop-icons-ng key="process_exec"ARCH=x86_64 SYSCALL=execve AUID="heroic" UID="heroic" GID="heroic" EUID="heroic" SUID="heroic" FSUID="heroic" EGID="heroic" SGID="heroic" FSGID="heroic"
type=PATH msg=audit(1769928818.499:3553): item=1 name="/lib64/ld-linux-x86-64.so.2" inode=1575625 dev=8:2 mode=100893 ouid=0 ogid=0 rdev=0:0 nametype=NORMAL cap_fp=0 cap_fi=0 cap_fe=0 cap_fver=0 cap_frootid=0OUID="root" OGID="root"
type=CWD msg=audit(1769928603.851:8618): cwd="/tmp"
type=PATH msg=audit(1769928603.720:7662): item=0 name="/usr/bin/tee" inode=1578642 dev=8:2 mode=100494 ouid=0 ogid=0 rdev=0:0 nametype=NORMAL cap_fp=0 cap_fi=0 cap_fe=0 cap_fver=0 cap_frootid=0OUID="root" OGID="root"
type=EXECVE msg=audit(1769929332.542:7885): argc=3 a0="curl" a1="-s" a2="file:///tmp/hids_malicious/payload.sh"
type=EXECVE msg=audit(1769928573.378:9790): argc=1 a0="whoami"
type=CWD msg=audit(1769928970.523:7546): cwd="/root"
type=PATH msg=audit(1769928866.766:9568): item=1 name="/lib64/ld-linux-x86-64.so.2" inode=1575446 dev=8:2 mode=100881 ouid=0 ogid=0 rdev=0:0 nametype=NORMAL cap_fp=0 cap_fi=0 cap_fe=0 cap_fver=0 cap_frootid=0OUID="root" OGID="root"
type=SYSCALL msg=audit(1769929144.13:7692): arch=c000003e syscall=59 success=yes exit=0 a0=5eaf7e219cf0 a1=5eaf7e185f80 a2=7ffd4a157088 a3=0 items=2 ppid=4925 pid=3198 auid=4294967554 uid=0 gid=0 euid=0 suid=0 fsuid=0 egid=0 sgid=0 fsgid=0 tty=(none) ses=4294966881 comm="tail" exe="/usr/bin/sed" subj=unconfined key="process_exec"ARCH=x86_64 SYSCALL=execve AUID="unset" UID="root" GID="root" EUID="root" SUID="root" FSUID="root" EGID="root" SGID="root" FSGID="root"
type=USER_CMD msg=audit(1769928570.796:8848): pid=7728 uid=516 auid=545 ses=3 subj=unconfined msg='cwd="/root" cmd=746565202F6574632F63726F6E2E642F686964735F70657273697374 exe="/usr/bin/python3" terminal=pts/0 res=success'UID="heroic" AUID="heroic"
type=PATH msg=audit(1769928678.1351:5102): item=0 name="/usr/bin/run-parts" inode=1573835 dev=8:2 mode=101187 ouid=0 ogid=0 rdev=0:0 nametype=NORMAL cap_fp=0 cap_fi=0 cap_fe=0 cap_fver=0 cap_frootid=0OUID="root" OGID="root"
type=USER_ACCT msg=audit(1769929184.826:5395): pid=8073 uid=0 auid=4294966901 ses=4294966866 subj=unconfined msg='op=PAM:accounting grantors=pam_permit,pam_localuser acct="root" exe="/usr/bin/sed" hostname=? addr=? terminal=cron res=success'UID="root" AUID="unset"
type=CWD msg=audit(1769928649.525:5912): cwd="/home/heroic"
type=PROCTITLE msg=audit(1769928637.305:8909): proctitle=736C6565700035
type=PROCTITLE msg=audit(1769928824.680:8470): proctitle=6D6B646972002D70002F746D702F686964735F6D616C6963696F7573
type=SYSCALL msg=audit(1769928976.246:10016): arch=c000003e syscall=59 success=yes exit=0 a0=5da302dccb50 a1=5da302dcca10 a2=5da302dc08f0 a3=5da302dcd610 items=2 ppid=7018 pid=6694 auid=1301 uid=825 gid=1212 euid=885 suid=1162 fsuid=1244 egid=1313 sgid=1173 fsgid=609 tty=pts0 ses=3 comm="python" exe="/usr/bin/sudo" subj=unconfined key="process_exec"ARCH=x86_64 SYSCALL=execve AUID="heroic" UID="heroic" GID="heroic" EUID="heroic" SUID="heroic" FSUID="heroic" EGID="heroic" SGID="heroic" FSGID="heroic"
type=PROCTITLE msg=audit(1769929058.1039:4259): proctitle=7375646F00746565002F6574632F63726F6E2E642F686964735F70657273697374
type=SYSCALL msg=audit(1769929178.1288:7682): arch=c000003e syscall=326 success=yes exit=0 a0=ffffff9c a1=561d0cde44a0 a2=0 a3=561d0cde5900 items=2 ppid=3949 pid=1364 auid=1400 uid=0 gid=0 euid=0 suid=0 fsuid=0 egid=0 sgid=0 fsgid=0 tty=pts4 ses=3 comm="sort" exe="/usr/bin/sort" subj=unconfined key="persistence"ARCH=x86_64 SYSCALL=unlinkat AUID="heroic" UID="root" GID="root" EUID="root" SUID="root" FSUID="root" EGID="root" SGID="root" FSGID="root"
type=PATH msg=audit(1769928516.708:6566): item=1 name="/lib64/ld-linux-x86-64.so.2" inode=1575755 dev=8:2 mode=100499 ouid=0 ogid=0 rdev=0:0 nametype=NORMAL cap_fp=0 cap_fi=0 cap_fe=0 cap_fver=0 cap_frootid=0OUID="root" OGID="root"
type=CWD msg=audit(1769928645.1107:8469): cwd="/home/heroic"
type=USER_CMD msg=audit(1769928705.343:4331): pid=4673 uid=807 auid=651 ses=3 subj=unconfined msg='cwd="/tmp" cmd="whoami" exe="/usr/bin/sed" terminal=pts/0 res=success'UID="heroic" AUID="heroic"
type=SYSCALL msg=audit(1769929361.983:5407): arch=c000003e syscall=59 success=yes exit=0 a0=64e1754cb980 a1=64e1754ca8d0 a2=64e1754c38f0 a3=8 items=2 ppid=2163 pid=2484 auid=1208 uid=593 gid=986 euid=605 suid=511 fsuid=1451 egid=581 sgid=1350 fsgid=909 tty=pts0 ses=3 comm="ss" exe="/usr/bin/python3" subj=unconfined key="process_exec"ARCH=x86_64 SYSCALL=execve AUID="heroic" UID="heroic" GID="heroic" EUID="heroic" SUID="heroic" FSUID="heroic" EGID="heroic" SGID="heroic" FSGID="heroic"
type=SYSCALL msg=audit(1769928793.538:7860): arch=c000003e syscall=59 success=yes exit=0 a0=64e1754cb980 a1=64e1754d0510 a2=64e1754c38f0 a3=8 items=2 ppid=2864 pid=2885 auid=1427 uid=1014 gid=762 euid=1052 suid=1104 fsuid=1290 egid=1370 sgid=1224 fsgid=763 tty=pts0 ses=3 comm="sed" exe="/usr/bin/sort" subj=unconfined key="process_exec"ARCH=x86_64 SYSCALL=execve AUID="heroic" UID="heroic" GID="heroic" EUID="heroic" SUID="heroic" FSUID="heroic" EGID="heroic" SGID="heroic" FSGID="heroic"
type=EXECVE msg=audit(1769928870.983:5857): argc=4 a0="sudo" a1="rm" a2="-f" a3="/etc/cron.d/hids_persist"
type=PATH msg=audit(1769928556.238:5347): item=0 name="/usr/bin/sudo" inode=1573779 dev=8:2 mode=105080 ouid=0 ogid=0 rdev=0:0 nametype=NORMAL cap_fp=0 cap_fi=0 cap_fe=0 cap_fver=0 cap_frootid=0OUID="root" OGID="root"
type=EXECVE msg=audit(1769928413.749:5538): argc=2 a0="sudo" a1="-l"
type=EXECVE msg=audit(1769929262.759:4417): argc=3 a0="chmod" a1="+x" a2="payload.sh"
type=SYSCALL msg=audit(1769928494.473:4995): arch=c000003e syscall=59 success=yes exit=0 a0=5cde67f2dcc0 a1=5cde67f36700 a2=5cde67f35870 a3=8 items=2 ppid=7792 pid=6160 auid=931 uid=530 gid=1104 euid=1260 suid=1496 fsuid=754 egid=1046 sgid=1093 fsgid=1470 tty=pts2 ses=5 comm="last" exe="/usr/bin/df" subj=unconfined key="process_exec"ARCH=x86_64 SYSCALL=execve AUID="heroic" UID="heroic" GID="heroic" EUID="heroic" SUID="heroic" FSUID="heroic" EGID="heroic" SGID="heroic" FSGID="heroic"
type=PATH msg=audit(1769928781.1415:4952): item=1 name="/lib64/ld-linux-x86-64.so.2" inode=1575745 dev=8:2 mode=100472 ouid=0 ogid=0 rdev=0:0 nametype=NORMAL cap_fp=0 cap_fi=0 cap_fe=0 cap_fver=0 cap_frootid=0OUID="root" OGID="root"
type=CRED_REFR msg=audit(1769928544.705:8817): pid=3516 uid=545 auid=973 ses=3 subj=unconfined msg='op=PAM:setcred grantors=pam_permit,pam_cap acct="root" exe="/usr/bin/sort" hostname=? addr=? terminal=/dev/pts/0 res=success'UID="heroic" AUID="heroic"
type=PROCTITLE msg=audit(1769929356.762:10425): proctitle=726D002D660066696C655F31302E6461740066696C655F31312E6461740066696C655F31322E6461740066696C655F31332E6461740066696C655F31342E6461740066696C655F31352E6461740066696C655F31362E6461740066696C655F31372E6461740066696C655F31382E6461740066696C655F31392E646174006669
type=SYSCALL msg=audit(1769928467.433:7620): arch=c000003e syscall=59 success=yes exit=0 a0=64e1754cb960 a1=64e1754cd980 a2=64e1754c38f0 a3=64e1754ced50 items=2 ppid=1500 pid=2528 auid=530 uid=829 gid=1068 euid=0 suid=0 fsuid=0 egid=1150 sgid=564 fsgid=643 tty=pts0 ses=3 comm="sed" exe="/usr/bin/df" subj=unconfined key="process_exec"ARCH=x86_64 SYSCALL=execve AUID="heroic" UID="heroic" GID="heroic" EUID="root" SUID="root" FSUID="root" EGID="heroic" SGID="heroic" FSGID="heroic"
type=USER_CMD msg=audit(1769928690.686:6882): pid=7975 uid=864 auid=892 ses=3 subj=unconfined msg='cwd="/usr/local/bin" cmd="whoami" exe="/bin/sh" terminal=pts/0 res=success'UID="heroic" AUID="heroic"
type=PATH msg=audit(1769929030.860:4514): item=0 name="/usr/bin/ss" inode=1574639 dev=8:2 mode=100775 ouid=0 ogid=0 rdev=0:0 nametype=NORMAL cap_fp=0 cap_fi=0 cap_fe=0 cap_fver=0 cap_frootid=0OUID="root" OGID="root"
type=PATH msg=audit(1769929205.792:7198): item=0 name="/usr/bin/rm" inode=1577740 dev=8:2 mode=100525 ouid=0 ogid=0 rdev=0:0 nametype=NORMAL cap_fp=0 cap_fi=0 cap_fe=0 cap_fver=0 cap_frootid=0OUID="root" OGID="root"
type=EXECVE msg=audit(1769928621.132:6224): argc=18 a0="gpg" a1="--enable-special-filenames" a2="--batch" a3="--no-sk-comments" a4="--homedir" a5="/var/lib/fwupd/gnupg" a6="--status-fd" a7="19" a8="--no-tty" a9="--charset" a10="utf8" a11="--enable-progress-filter" a12="--exit-on-status-write-error" a13="--logger-fd" a14="21" a15="--import" a16="--" a17="-&22"
type=CRED_REFR msg=audit(1769929204.743:7971): pid=3362 uid=1433 auid=1319 ses=5 subj=unconfined msg='op=PAM:setcred grantors=pam_permit,pam_cap acct="root" exe="/usr/bin/netstat" hostname=? addr=? terminal=/dev/pts/0 res=success'UID="heroic" AUID="heroic"
type=PATH msg=audit(1769929149.202:6423): item=0 name="/usr/bin/rmdir" inode=1577918 dev=8:2 mode=100391 ouid=0 ogid=0 rdev=0:0 nametype=NORMAL cap_fp=0 cap_fi=0 cap_fe=0 cap_fver=0 cap_frootid=0OUID="root" OGID="root"
type=USER_ACCT msg=audit(1769928694.532:7805): pid=6087 uid=973 auid=1013 ses=3 subj=unconfined msg='op=PAM:accounting grantors=pam_permit,pam_localuser acct="heroic" exe="/usr/bin/last" hostname=? addr=? terminal=/dev/pts/0 res=success'UID="heroic" AUID="heroic"
type=PATH msg=audit(1769929355.1041:4264): item=0 name="/usr/bin/sleep" inode=1577886 dev=8:2 mode=100306 ouid=0 ogid=0 rdev=0:0 nametype=NORMAL cap_fp=0 cap_fi=0 cap_fe=0 cap_fver=0 cap_frootid=0OUID="root" OGID="root"
type=CRED_DISP msg=audit(1769928703.879:7181): pid=1071 uid=771 auid=1407 ses=3 subj=unconfined msg='op=PAM:setcred grantors=pam_permit acct="root" exe="/usr/bin/netstat" hostname=? addr=? terminal=/dev/pts/0 res=success'UID="heroic" AUID="heroic"
type=PATH msg=audit(1769928696.792:9551): item=1 name="/lib64/ld-linux-x86-64.so.2" inode=1575259 dev=8:2 mode=100494 ouid=0 ogid=0 rdev=0:0 nametype=NORMAL cap_fp=0 cap_fi=0 cap_fe=0 cap_fver=0 cap_frootid=0OUID="root" OGID="root"
type=USER_ACCT msg=audit(1769928474.301:4623): pid=5821 uid=1105 auid=644 ses=3 subj=unconfined msg='op=PAM:accounting grantors=pam_permit,pam_localuser acct="heroic" exe="/usr/bin/df" hostname=? addr=? terminal=/dev/pts/0 res=success'UID="heroic" AUID="heroic"
type=PATH msg=audit(1769929240.522:6082): item=1 name="/lib64/ld-linux-x86-64.so.2" inode=1575700 dev=8:2 mode=100948 ouid=0 ogid=0 rdev=0:0 nametype=NORMAL cap_fp=0 cap_fi=0 cap_fe=0 cap_fver=0 cap_frootid=0OUID="root" OGID="root"
type=SYSCALL msg=audit(1769928447.839:10009): arch=c000003e syscall=706 success=yes exit=0 a0=ffffff9c a1=561d0cde44a0 a2=0 a3=561d0cde5900 items=2 ppid=9413 pid=4536 auid=1057 uid=0 gid=0 euid=0 suid=0 fsuid=0 egid=0 sgid=0 fsgid=0 tty=pts4 ses=3 comm="python" exe="/usr/bin/python3" subj=unconfined key="persistence"ARCH=x86_64 SYSCALL=unlinkat AUID="heroic" UID="root" GID="root" EUID="root" SUID="root" FSUID="root" EGID="root" SGID="root" FSGID="root"
type=USER_ACCT msg=audit(1769928994.256:5258): pid=4610 uid=0 auid=4294967359 ses=4294967699 subj=unconfined msg='op=PAM:accounting grantors=pam_permit,pam_localuser acct="root" exe="/usr/bin/tail" hostname=? addr=? terminal=cron res=success'UID="root" AUID="unset"
type=EXECVE msg=audit(1769928480.998:8580): argc=2 a0="ps" a1="aux"
type=PROCTITLE msg=audit(1769929033.695:8244): proctitle="bash"
type=CRED_REFR msg=audit(1769929217.51:3911): pid=2890 uid=584 auid=725 ses=3 subj=unconfined msg='op=PAM:setcred grantors=pam_permit,pam_cap acct="root" exe="/usr/bin/last" hostname=? addr=? terminal=/dev/pts/0 res=success'UID="heroic" AUID="heroic"
type=SYSCALL msg=audit(1769928823.116:8278): arch=c000003e syscall=143 success=yes exit=0 a0=ffffff9c a1=63c3a8b004a0 a2=0 a3=63c3a8b01900 items=2 ppid=3155 pid=4842 auid=591 uid=0 gid=0 euid=0 suid=0 fsuid=0 egid=0 sgid=0 fsgid=0 tty=pts4 ses=3 comm="ss" exe="/usr/bin/netstat" subj=unconfined key="persistence"ARCH=x86_64 SYSCALL=unlinkat AUID="heroic" UID="root" GID="root" EUID="root" SUID="root" FSUID="root" EGID="root" SGID="root" FSGID="root"
type=EXECVE msg=audit(1769929322.491:3670): argc=2 a0="dirname" a1="/usr/bin/lesspipe"
type=CWD msg=audit(1769929150.566:9139): cwd="/usr/local/bin"
type=PATH msg=audit(1769929052.186:6809): item=0 name="/usr/bin/nautilus" inode=1590434 dev=8:2 mode=100466 ouid=0 ogid=0 rdev=0:0 nametype=NORMAL cap_fp=0 cap_fi=0 cap_fe=0 cap_fver=0 cap_frootid=0OUID="root" OGID="root"
type=CWD msg=audit(1769928695.395:6951): cwd="/var/ossec"
type=PROCTITLE msg=audit(1769928713.318:10026): proctitle=746565002F6574632F63726F6E2E642F686964735F70657273697374
type=PATH msg=audit(1769928782.134:4390): item=0 name="/usr/bin/whoami" inode=1577792 dev=8:2 mode=100589 ouid=0 ogid=0 rdev=0:0 nametype=NORMAL cap_fp=0 cap_fi=0 cap_fe=0 cap_fver=0 cap_frootid=0OUID="root" OGID="root"
type=PATH msg=audit(1769929282.734:9451): item=1 name="/lib64/ld-linux-x86-64.so.2" inode=1575210 dev=8:2 mode=101146 ouid=0 ogid=0 rdev=0:0 nametype=NORMAL cap_fp=0 cap_fi=0 cap_fe=0 cap_fver=0 cap_frootid=0OUID="root" OGID="root"
type=CWD msg=audit(1769929016.3:8114): cwd="/home/heroic"
type=USER_CMD msg=audit(1769928993.700:4129): pid=6617 uid=1259 auid=1216 ses=3 subj=unconfined msg='cwd="/root" cmd="whoami" exe="/usr/bin/sed" terminal=pts/0 res=success'UID="heroic" AUID="heroic"
type=PROCTITLE msg=audit(1769928512.453:5733): proctitle=6D6B646972002D70002F746D702F686964735F6D616C6963696F7573
type=PATH msg=audit(1769928610.242:8301): item=0 name="/usr/bin/sudo" inode=1574628 dev=8:2 mode=104395 ouid=0 ogid=0 rdev=0:0 nametype=NORMAL cap_fp=0 cap_fi=0 cap_fe=0 cap_fver=0 cap_frootid=0OUID="root" OGID="root"
type=PATH msg=audit(1769929239.362:4283): item=1 name="/lib64/ld-linux-x86-64.so.2" inode=1575437 dev=8:2 mode=100320 ouid=0 ogid=0 rdev=0:0 nametype=NORMAL cap_fp=0 cap_fi=0 cap_fe=0 cap_fver=0 cap_frootid=0OUID="root" OGID="root"
type=PATH msg=audit(1769928983.514:4115): item=0 name="/usr/bin/tee" inode=1578095 dev=8:2 mode=100713 ouid=0 ogid=0 rdev=0:0 nametype=NORMAL cap_fp=0 cap_fi=0 cap_fe=0 cap_fver=0 cap_frootid=0OUID="root" OGID="root"
type=SYSCALL msg=audit(1769928477.780:6655): arch=c000003e syscall=59 success=yes exit=0 a0=5da302dcc8b0 a1=5da302db9970 a2=5da302dc08f0 a3=5da302db9970 items=2 ppid=5292 pid=2085 auid=758 uid=842 gid=757 euid=1300 suid=1422 fsuid=877 egid=1119 sgid=1100 fsgid=1139 tty=pts0 ses=3 comm="df" exe="/usr/bin/sudo" subj=unconfined key="process_exec"ARCH=x86_64 SYSCALL=execve AUID="heroic" UID="heroic" GID="heroic" EUID="heroic" SUID="heroic" FSUID="heroic" EGID="heroic" SGID="heroic" FSGID="heroic"
type=CWD msg=audit(1769929311.802:4628): cwd="/tmp"
type=CWD msg=audit(1769928687.21:4426): cwd="/usr/local/bin"
type=SYSCALL msg=audit(1769929132.929:5262): arch=c000003e syscall=59 success=yes exit=0 a0=7ffd2e5d34c0 a1=7ffd2e5d34e0 a2=7ffd2e5d3fd0 a3=8 items=2 ppid=6126 pid=6610 auid=4294967073 uid=0 gid=0 euid=0 suid=0 fsuid=0 egid=0 sgid=0 fsgid=0 tty=(none) ses=4294967236 comm="df" exe="/usr/bin/sort" subj=unconfined key="process_exec"ARCH=x86_64 SYSCALL=execve AUID="unset" UID="root" GID="root" EUID="root" SUID="root" FSUID="root" EGID="root" SGID="root" FSGID="root"
type=CWD msg=audit(1769928617.480:9584): cwd="/var/ossec"
type=CWD msg=audit(1769929173.577:8973): cwd=2F746D702F686964735F6D616C6963696F7573202864656C6574656429
type=PROCTITLE msg=audit(1769928433.577:8031): proctitle=7368002D63002D2D006C617374202D6E203230
type=PROCTITLE msg=audit(1769928576.1093:5844): proctitle=756E616D65002D61
type=PATH msg=audit(1769928425.1179:9309): item=0 name="/usr/bin/chmod" inode=1578431 dev=8:2 mode=101066 ouid=0 ogid=0 rdev=0:0 nametype=NORMAL cap_fp=0 cap_fi=0 cap_fe=0 cap_fver=0 cap_frootid=0OUID="root" OGID="root"
type=PROCTITLE msg=audit(1769928811.456:5367): proctitle=726D002D66002F6574632F63726F6E2E642F686964735F70657273697374
type=PROCTITLE msg=audit(1769929023.173:6896): proctitle=7375646F002D6C
type=USER_ACCT msg=audit(1769928762.120:6609): pid=8640 uid=575 auid=795 ses=3 subj=unconfined msg='op=PAM:accounting grantors=pam_permit,pam_localuser acct="heroic" exe="/usr/bin/last" hostname=? addr=? terminal=/dev/pts/0 res=success'UID="heroic" AUID="heroic"
type=CWD msg=audit(1769928823.1040:8613): cwd="/var/ossec"
type=SYSCALL msg=audit(1769929326.2:6982): arch=c000003e syscall=59 success=yes exit=0 a0=5defd0c76b68 a1=5defd0c86ba0 a2=5defd0c997a0 a3=64 items=2 ppid=5101 pid=9197 auid=1113 uid=0 gid=0 euid=0 suid=0 fsuid=0 egid=0 sgid=0 fsgid=0 tty=pts4 ses=3 comm="ss" exe="/usr/bin/sort" subj=unconfined key="process_exec"ARCH=x86_64 SYSCALL=execve AUID="heroic" UID="root" GID="root" EUID="root" SUID="root" FSUID="root" EGID="root" SGID="root" FSGID="root"
type=CWD msg=audit(1769928691.68:6416): cwd="/usr/local/bin"
type=USER_START msg=audit(1769928741.20:8719): pid=8242 uid=560 auid=1251 ses=3 subj=unconfined msg='op=PAM:session_open grantors=pam_limits,pam_env,pam_env,pam_permit,pam_umask,pam_unix acct="root" exe="/usr/bin/netstat" hostname=? addr=? terminal=/dev/pts/0 res=success'UID="heroic" AUID="heroic"
type=SYSCALL msg=audit(1769928453.223:7088): arch=c000003e syscall=59 success=yes exit=0 a0=5da302dc8980 a1=5da302dc7460 a2=5da302dc08f0 a3=5da302dc7460 items=2 ppid=4477 pid=3980 auid=579 uid=1014 gid=1042 euid=1438 suid=731 fsuid=1412 egid=750 sgid=897 fsgid=1292 tty=pts0 ses=3 comm="df" exe="/usr/bin/sort" subj=unconfined key="process_exec"ARCH=x86_64 SYSCALL=execve AUID="heroic" UID="heroic" GID="heroic" EUID="heroic" SUID="heroic" FSUID="heroic" EGID="heroic" SGID="heroic" FSGID="heroic"
type=USER_START msg=audit(1769928452.138:8959): pid=5731 uid=0 auid=789 ses=5 subj=unconfined msg='op=PAM:session_open grantors=pam_limits,pam_env,pam_env,pam_permit,pam_umask,pam_unix acct="root" exe="/usr/bin/python3" hostname=? addr=? terminal=/dev/pts/1 res=success'UID="root" AUID="heroic"
type=PATH msg=audit(1769928666.323:9936): item=0 name="/usr/bin/tee" inode=1578053 dev=8:2 mode=100941 ouid=0 ogid=0 rdev=0:0 nametype=NORMAL cap_fp=0 cap_fi=0 cap_fe=0 cap_fver=0 cap_frootid=0OUID="root" OGID="root"
type=PATH msg=audit(1769928796.1367:8156): item=0 name="/usr/bin/ss" inode=1574095 dev=8:2 mode=101249 ouid=0 ogid=0 rdev=0:0 nametype=NORMAL cap_fp=0 cap_fi=0 cap_fe=0 cap_fver=0 cap_frootid=0OUID="root" OGID="root"
type=EXECVE msg=audit(1769928528.1022:8802): argc=2 a0="ss" a1="-tulnp"
type=PATH msg=audit(1769928864.807:10152): item=0 name="/usr/bin/sleep" inode=1578048 dev=8:2 mode=100410 ouid=0 ogid=0 rdev=0:0 nametype=NORMAL cap_fp=0 cap_fi=0 cap_fe=0 cap_fver=0 cap_frootid=0OUID="root" OGID="root"
type=PATH msg=audit(1769928634.422:9086): item=1 name="/lib64/ld-linux-x86-64.so.2" inode=1575821 dev=8:2 mode=100391 ouid=0 ogid=0 rdev=0:0 nametype=NORMAL cap_fp=0 cap_fi=0 cap_fe=0 cap_fver=0 cap_frootid=0OUID="root" OGID="root"
type=PATH msg=audit(1769929389.155:5239): item=2 name="/lib64/ld-linux-x86-64.so.2" inode=1575656 dev=8:2 mode=100782 ouid=0 ogid=0 rdev=0:0 nametype=NORMAL cap_fp=0 cap_fi=0 cap_fe=0 cap_fver=0 cap_frootid=0OUID="root" OGID="root"
type=EXECVE msg=audit(1769929180.202:6217): argc=2 a0="tee" a1="/etc/cron.d/hids_persist"
type=SYSCALL msg=audit(1769928532.999:6973): arch=c000003e syscall=59 success=yes exit=0 a0=5da302dcc3f0 a1=5da302dccff0 a2=5da302dc08f0 a3=5da302dccff0 items=2 ppid=7321 pid=8849 auid=1395 uid=1393 gid=1067 euid=562 suid=543 fsuid=722 egid=584 sgid=1390 fsgid=1325 tty=pts0 ses=3 comm="df" exe="/usr/bin/netstat" subj=unconfined key="process_exec"ARCH=x86_64 SYSCALL=execve AUID="heroic" UID="heroic" GID="heroic" EUID="heroic" SUID="heroic" FSUID="heroic" EGID="heroic" SGID="heroic" FSGID="heroic"
type=CRED_REFR msg=audit(1769929181.1362:5559): pid=9192 uid=667 auid=1188 ses=3 subj=unconfined msg='op=PAM:setcred grantors=pam_permit,pam_cap acct="root" exe="/bin/sh" hostname=? addr=? terminal=/dev/pts/0 res=success'UID="heroic" AUID="heroic"
type=CWD msg=audit(1769928889.613:5372): cwd="/usr/local/bin"
type=PATH msg=audit(1769928723.670:9459): item=1 name="/bin/sh" inode=1573116 dev=8:2 mode=100770 ouid=0 ogid=0 rdev=0:0 nametype=NORMAL cap_fp=0 cap_fi=0 cap_fe=0 cap_fver=0 cap_frootid=0OUID="root" OGID="root"
type=CRED_DISP msg=audit(1769929078.1081:7332): pid=2605 uid=859 auid=1491 ses=3 subj=unconfined msg='op=PAM:setcred grantors=pam_permit acct="root" exe="/usr/bin/python3" hostname=? addr=? terminal=/dev/pts/0 res=success'UID="heroic" AUID="heroic"
type=CWD msg=audit(1769929336.227:9094): cwd="/home/heroic"
type=SYSCALL msg=audit(1769928942.329:4087): arch=c000003e syscall=59 success=yes exit=0 a0=7ef0ff5cb42f a1=7ef0fe3dcca0 a2=7ffe56934cb8 a3=8 items=2 ppid=2184 pid=3406 auid=4294966895 uid=0 gid=247 euid=0 suid=0 fsuid=0 egid=576 sgid=354 fsgid=486 tty=(none) ses=4294967363 comm="tail" exe="/usr/bin/last" subj=unconfined key="process_exec"ARCH=x86_64 SYSCALL=execve AUID="unset" UID="root" GID="wazuh" EUID="root" SUID="root" FSUID="root" EGID="wazuh" SGID="wazuh" FSGID="wazuh"
type=SYSCALL msg=audit(1769929321.500:6922): arch=c000003e syscall=736 success=yes exit=3 a0=ffffff9c a1=7ffcb36aa72c a2=184 a3=1b6 items=2 ppid=6147 pid=7669 auid=880 uid=0 gid=0 euid=0 suid=0 fsuid=0 egid=0 sgid=0 fsgid=0 tty=pts4 ses=3 comm="netstat" exe="/usr/bin/python3" subj=unconfined key="persistence"ARCH=x86_64 SYSCALL=openat AUID="heroic" UID="root" GID="root" EUID="root" SUID="root" FSUID="root" EGID="root" SGID="root" FSGID="root"
type=CRED_REFR msg=audit(1769928627.276:5965): pid=2587 uid=1029 auid=604 ses=3 subj=unconfined msg='op=PAM:setcred grantors=pam_permit,pam_cap acct="root" exe="/usr/bin/sudo" hostname=? addr=? terminal=/dev/pts/0 res=success'UID="heroic" AUID="heroic"
type=EXECVE msg=audit(1769928519.454:4909): argc=2 a0="sudo" a1="-l"
type=PATH msg=audit(1769928622.1282:9743): item=1 name="/lib64/ld-linux-x86-64.so.2" inode=1575601 dev=8:2 mode=101243 ouid=0 ogid=0 rdev=0:0 nametype=NORMAL cap_fp=0 cap_fi=0 cap_fe=0 cap_fver=0 cap_frootid=0OUID="root" OGID="root"
type=SYSCALL msg=audit(1769929259.996:9030): arch=c000003e syscall=502 success=yes exit=0 a0=ffffff9c a1=5aab5d47d4a0 a2=0 a3=5aab5d47e900 items=2 ppid=6773 pid=3519 auid=1212 uid=0 gid=0 euid=0 suid=0 fsuid=0 egid=0 sgid=0 fsgid=0 tty=pts4 ses=3 comm="netstat" exe="/usr/bin/tail" subj=unconfined key="persistence"ARCH=x86_64 SYSCALL=unlinkat AUID="heroic" UID="root" GID="root" EUID="root" SUID="root" FSUID="root" EGID="root" SGID="root" FSGID="root"
type=PROCTITLE msg=audit(1769928878.805:6122): proctitle=7375646F002D6C
type=USER_CMD msg=audit(1769928606.248:5938): pid=1949 uid=1018 auid=601 ses=3 subj=unconfined msg='cwd="/var/ossec" cmd="whoami" exe="/usr/bin/df" terminal=pts/0 res=success'UID="heroic" AUID="heroic"
type=EXECVE msg=audit(1769929325.775:4170): argc=1 a0="bash"
type=PROCTITLE msg=audit(1769929348.461:9362): proctitle=726D002D660066696C655F31302E6461740066696C655F31312E6461740066696C655F31322E6461740066696C655F31332E6461740066696C655F31342E6461740066696C655F31352E6461740066696C655F31362E6461740066696C655F31372E6461740066696C655F31382E6461740066696C655F31392E646174006669
type=PROCTITLE msg=audit(1769928492.1383:5188): proctitle=677067002D2D656E61626C652D7370656369616C2D66696C656E616D6573002D2D6261746368002D2D6E6F2D736B2D636F6D6D656E7473002D2D686F6D65646972002F7661722F6C69622F66777570642F676E757067002D2D7374617475732D6664003139002D2D6E6F2D747479002D2D636861727365740075746638002D2D
type=USER_END msg=audit(1769929330.265:6735): pid=7459 uid=1106 auid=1302 ses=3 subj=unconfined msg='op=PAM:session_close grantors=pam_limits,pam_env,pam_env,pam_permit,pam_umask,pam_unix acct="root" exe="/usr/bin/last" hostname=? addr=? terminal=/dev/pts/0 res=success'UID="heroic" AUID="heroic"
type=PROCTITLE msg=audit(1769929079.538:6297): proctitle=756E616D65002D61
type=PATH msg=audit(1769929248.826:4472): item=1 name="/lib64/ld-linux-x86-64.so.2" inode=1575055 dev=8:2 mode=101237 ouid=0 ogid=0 rdev=0:0 nametype=NORMAL cap_fp=0 cap_fi=0 cap_fe=0 cap_fver=0 cap_frootid=0OUID="root" OGID="root"
type=PATH msg=audit(1769928565.881:4467): item=0 name="/usr/bin/ps" inode=1573992 dev=8:2 mode=101197 ouid=0 ogid=0 rdev=0:0 nametype=NORMAL cap_fp=0 cap_fi=0 cap_fe=0 cap_fver=0 cap_frootid=0OUID="root" OGID="root"
type=PATH msg=audit(1769928679.616:5227): item=0 name="/usr/bin/chmod" inode=1577677 dev=8:2 mode=100582 ouid=0 ogid=0 rdev=0:0 nametype=NORMAL cap_fp=0 cap_fi=0 cap_fe=0 cap_fver=0 cap_frootid=0OUID="root" OGID="root"
type=PATH msg=audit(1769928985.146:8431): item=1 name="/lib64/ld-linux-x86-64.so.2" inode=1575394 dev=8:2 mode=100315 ouid=0 ogid=0 rdev=0:0 nametype=NORMAL cap_fp=0 cap_fi=0 cap_fe=0 cap_fver=0 cap_frootid=0OUID="root" OGID="root"
type=PATH msg=audit(1769928793.544:7687): item=0 name="/usr/bin/rm" inode=1577855 dev=8:2 mode=101204 ouid=0 ogid=0 rdev=0:0 nametype=NORMAL cap_fp=0 cap_fi=0 cap_fe=0 cap_fver=0 cap_frootid=0OUID="root" OGID="root"
type=CWD msg=audit(1769928642.325:5900): cwd="/var/ossec"
type=SYSCALL msg=audit(1769929258.525:6371): arch=c000003e syscall=59 success=yes exit=0 a0=64e1754cf190 a1=64e1754d0b60 a2=64e1754c38f0 a3=64e1754d0b60 items=2 ppid=1612 pid=5723 auid=983 uid=1054 gid=868 euid=0 suid=0 fsuid=0 egid=1499 sgid=659 fsgid=744 tty=pts0 ses=3 comm="last" exe="/usr/bin/sudo" subj=unconfined key="process_exec"ARCH=x86_64 SYSCALL=execve AUID="heroic" UID="heroic" GID="heroic" EUID="root" SUID="root" FSUID="root" EGID="heroic" SGID="heroic" FSGID="heroic"
type=SYSCALL msg=audit(1769928764.29:6201): arch=c000003e syscall=59 success=yes exit=0 a0=7ffd2e5d34c0 a1=7ffd2e5d34e0 a2=7ffd2e5d3fd0 a3=8 items=2 ppid=2249 pid=8039 auid=4294967350 uid=0 gid=0 euid=0 suid=0 fsuid=0 egid=0 sgid=0 fsgid=0 tty=(none) ses=4294967562 comm="netstat" exe="/usr/bin/last" subj=unconfined key="process_exec"ARCH=x86_64 SYSCALL=execve AUID="unset" UID="root" GID="root" EUID="root" SUID="root" FSUID="root" EGID="root" SGID="root" FSGID="root"
type=CWD msg=audit(1769928855.258:4034): cwd="/tmp"
type=CRED_DISP msg=audit(1769928649.410:6571): pid=803 uid=1222 auid=561 ses=3 subj=unconfined msg='op=PAM:setcred grantors=pam_permit acct="root" exe="/usr/bin/last" hostname=? addr=? terminal=/dev/pts/0 res=success'UID="heroic" AUID="heroic"
type=PROCTITLE msg=audit(1769929131.347:9009): proctitle=726D646972002F746D702F686964735F6D616C6963696F7573
type=EXECVE msg=audit(1769929373.23:5046): argc=2 a0="sudo" a1="whoami"
type=CWD msg=audit(1769928413.47:5344): cwd="/tmp"
type=SYSCALL msg=audit(1769928634.442:5931): arch=c000003e syscall=59 success=yes exit=0 a0=5da302dc87c0 a1=5da302dcc410 a2=5da302dc08f0 a3=5da302dcc410 items=2 ppid=9340 pid=4606 auid=1312 uid=644 gid=1044 euid=1228 suid=893 fsuid=703 egid=1288 sgid=516 fsgid=1416 tty=pts0 ses=3 comm="tail" exe="/usr/bin/sort" subj=unconfined key="process_exec"ARCH=x86_64 SYSCALL=execve AUID="heroic" UID="heroic" GID="heroic" EUID="heroic" SUID="heroic" FSUID="heroic" EGID="heroic" SGID="heroic" FSGID="heroic"
type=CWD msg=audit(1769929291.328:7982): cwd="/tmp"
type=PROCTITLE msg=audit(1769928901.311:9729): proctitle=726D646972002F746D702F686964735F6D616C6963696F7573
type=EXECVE msg=audit(1769928654.1049:4726): argc=2 a0="ls" a1="--color=auto"
type=PATH msg=audit(1769929084.985:9410): item=0 name="/usr/bin/su" inode=1577843 dev=8:2 mode=105214 ouid=0 ogid=0 rdev=0:0 nametype=NORMAL cap_fp=0 cap_fi=0 cap_fe=0 cap_fver=0 cap_frootid=0OUID="root" OGID="root"
type=SYSCALL msg=audit(1769929223.1264:6011): arch=c000003e syscall=59 success=yes exit=0 a0=5da302dcc190 a1=5da302dcdb60 a2=5da302dc08f0 a3=5da302dcdb60 items=2 ppid=6423 pid=8973 auid=1207 uid=1425 gid=685 euid=0 suid=0 fsuid=0 egid=1115 sgid=1336 fsgid=843 tty=pts0 ses=3 comm="python" exe="/usr/bin/python3" subj=unconfined key="process_exec"ARCH=x86_64 SYSCALL=execve AUID="heroic" UID="heroic" GID="heroic" EUID="root" SUID="root" FSUID="root" EGID="heroic" SGID="heroic" FSGID="heroic"
type=SYSCALL msg=audit(1769929147.264:5863): arch=c000003e syscall=59 success=yes exit=0 a0=5d51d3ac7b38 a1=5d51d3ac78e0 a2=5d51d3ac78f8 a3=1 items=2 ppid=6481 pid=5999 auid=4294967240 uid=0 gid=188 euid=0 suid=0 fsuid=0 egid=132 sgid=363 fsgid=347 tty=(none) ses=4294967774 comm="sudo" exe="/usr/bin/last" subj=unconfined key="process_exec"ARCH=x86_64 SYSCALL=execve AUID="unset" UID="root" GID="wazuh" EUID="root" SUID="root" FSUID="root" EGID="wazuh" SGID="wazuh" FSGID="wazuh"
type=USER_ACCT msg=audit(1769929246.957:9940): pid=7906 uid=786 auid=962 ses=3 subj=unconfined msg='op=PAM:accounting grantors=pam_permit,pam_localuser acct="heroic" exe="/usr/bin/sort" hostname=? addr=? terminal=/dev/pts/0 res=success'UID="heroic" AUID="heroic"
type=PATH msg=audit(1769929005.455:6664): item=0 name="/usr/bin/rmdir" inode=1578463 dev=8:2 mode=100688 ouid=0 ogid=0 rdev=0:0 nametype=NORMAL cap_fp=0 cap_fi=0 cap_fe=0 cap_fver=0 cap_frootid=0OUID="root" OGID="root"
type=SYSCALL msg=audit(1769929253.865:4992): arch=c000003e syscall=59 success=yes exit=0 a0=5df8b09ddb68 a1=5df8b09edba0 a2=5df8b0a007a0 a3=64 items=2 ppid=3713 pid=1234 auid=1012 uid=0 gid=0 euid=0 suid=0 fsuid=0 egid=0 sgid=0 fsgid=0 tty=pts4 ses=3 comm="python" exe="/usr/bin/df" subj=unconfined key="process_exec"ARCH=x86_64 SYSCALL=execve AUID="heroic" UID="root" GID="root" EUID="root" SUID="root" FSUID="root" EGID="root" SGID="root" FSGID="root"
type=SERVICE_START msg=audit(1769929179.457:7341): pid=6588 uid=0 auid=4294967097 ses=4294967103 subj=unconfined msg='unit=sysstat-collect comm="sudo" exe="/usr/bin/python3" hostname=? addr=? terminal=? res=success'UID="root" AUID="unset"
type=PATH msg=audit(1769929342.293:4975): item=1 name="/lib64/ld-linux-x86-64.so.2" inode=1574936 dev=8:2 mode=100998 ouid=0 ogid=0 rdev=0:0 nametype=NORMAL cap_fp=0 cap_fi=0 cap_fe=0 cap_fver=0 cap_frootid=0OUID="root" OGID="root"
type=CWD msg=audit(1769928719.1366:8943): cwd="/tmp"
type=PATH msg=audit(1769928459.1116:4408): item=1 name="/lib64/ld-linux-x86-64.so.2" inode=1574865 dev=8:2 mode=101246 ouid=0 ogid=0 rdev=0:0 nametype=NORMAL cap_fp=0 cap_fi=0 cap_fe=0 cap_fver=0 cap_frootid=0OUID="root" OGID="root"
type=EXECVE msg=audit(1769929351.154:5831): argc=1 a0="su"
type=PATH msg=audit(1769928928.496:8460): item=0 name="/usr/bin/run-parts" inode=1573824 dev=8:2 mode=101183 ouid=0 ogid=0 rdev=0:0 nametype=NORMAL cap_fp=0 cap_fi=0 cap_fe=0 cap_fver=0 cap_frootid=0OUID="root" OGID="root"
type=EXECVE msg=audit(1769929411.642:8154): argc=2 a0="uname" a1="-a"
type=PROCTITLE msg=audit(1769929076.152:9443): proctitle=2F62696E2F7368002F7573722F62696E2F6C65737370697065
type=PATH msg=audit(1769929031.957:9794): item=1 name="/lib64/ld-linux-x86-64.so.2" inode=1575483 dev=8:2 mode=100429 ouid=0 ogid=0 rdev=0:0 nametype=NORMAL cap_fp=0 cap_fi=0 cap_fe=0 cap_fver=0 cap_frootid=0OUID="root" OGID="root"
type=CWD msg=audit(1769929143.614:5384): cwd=2F746D702F686964735F6D616C6963696F7573202864656C6574656429
type=USER_START msg=audit(1769928697.558:6805): pid=2551 uid=0 auid=1411 ses=5 subj=unconfined msg='op=PAM:session_open grantors=pam_limits,pam_env,pam_env,pam_permit,pam_umask,pam_unix acct="root" exe="/usr/bin/tail" hostname=? addr=? terminal=/dev/pts/1 res=success'UID="root" AUID="heroic"
type=PATH msg=audit(1769928800.552:4981): item=2 name="/lib64/ld-linux-x86-64.so.2" inode=1574975 dev=8:2 mode=100318 ouid=0 ogid=0 rdev=0:0 nametype=NORMAL cap_fp=0 cap_fi=0 cap_fe=0 cap_fver=0 cap_frootid=0OUID="root" OGID="root"
type=EXECVE msg=audit(1769928724.92:4322): argc=1 a0="id"
type=EXECVE msg=audit(1769928946.635:5641): argc=2 a0="sudo" a1="whoami"
type=CWD msg=audit(1769928925.99:5739): cwd="/usr/local/bin"
type=PATH msg=audit(1769928719.677:5247): item=0 name="/usr/bin/sudo" inode=1574431 dev=8:2 mode=104736 ouid=0 ogid=0 rdev=0:0 nametype=NORMAL cap_fp=0 cap_fi=0 cap_fe=0 cap_fver=0 cap_frootid=0OUID="root" OGID="root"
type=PROCTITLE msg=audit(1769928742.51:6926): proctitle=726D002D66002F6574632F63726F6E2E642F686964735F70657273697374
type=SYSCALL msg=audit(1769929125.367:4383): arch=c000003e syscall=1 success=yes exit=1 a0=7 a1=7fff43923140 a2=1 a3=0 items=0 ppid=793 pid=3788 auid=0 uid=0 gid=0 euid=0 suid=0 fsuid=0 egid=0 sgid=0 fsgid=0 tty=(none) ses=7 comm="netstat" exe="/usr/bin/python3" subj=unconfined key=(null)ARCH=x86_64 SYSCALL=write AUID="root" UID="root" GID="root" EUID="root" SUID="root" FSUID="root" EGID="root" SGID="root" FSGID="root"
type=SYSCALL msg=audit(1769929090.936:7138): arch=c000003e syscall=59 success=yes exit=0 a0=64e1754cf970 a1=64e1754cd650 a2=64e1754c38f0 a3=1 items=2 ppid=1848 pid=9860 auid=1348 uid=937 gid=1303 euid=1457 suid=1430 fsuid=930 egid=1212 sgid=1329 fsgid=602 tty=pts0 ses=3 comm="netstat" exe="/usr/bin/sudo" subj=unconfined key="process_exec"ARCH=x86_64 SYSCALL=execve AUID="heroic" UID="heroic" GID="heroic" EUID="heroic" SUID="heroic" FSUID="heroic" EGID="heroic" SGID="heroic" FSGID="heroic"
type=USER_END msg=audit(1769929407.805:7901): pid=9382 uid=1302 auid=1134 ses=3 subj=unconfined msg='op=PAM:session_close grantors=pam_limits,pam_env,pam_env,pam_permit,pam_umask,pam_unix acct="root" exe="/usr/bin/python3" hostname=? addr=? terminal=/dev/pts/0 res=success'UID="heroic" AUID="heroic"
type=EXECVE msg=audit(1769928887.769:4328): argc=3 a0="sudo" a1="tee" a2="/etc/cron.d/hids_persist"
type=PATH msg=audit(1769928698.586:6712): item=1 name="/lib64/ld-linux-x86-64.so.2" inode=1575096 dev=8:2 mode=100606 ouid=0 ogid=0 rdev=0:0 nametype=NORMAL cap_fp=0 cap_fi=0 cap_fe=0 cap_fver=0 cap_frootid=0OUID="root" OGID="root"
type=PATH msg=audit(1769928622.534:7755): item=1 name="/lib64/ld-linux-x86-64.so.2" inode=1575704 dev=8:2 mode=100803 ouid=0 ogid=0 rdev=0:0 nametype=NORMAL cap_fp=0 cap_fi=0 cap_fe=0 cap_fver=0 cap_frootid=0OUID="root" OGID="root"
type=SYSCALL msg=audit(1769928678.576:7895): arch=c000003e syscall=59 success=yes exit=0 a0=64e1754cace0 a1=64e1754ca8a0 a2=64e1754c38f0 a3=64e1754cd270 items=2 ppid=8184 pid=4739 auid=1463 uid=1160 gid=835 euid=0 suid=0 fsuid=0 egid=905 sgid=1070 fsgid=544 tty=pts0 ses=3 comm="python" exe="/usr/bin/sudo" subj=unconfined key="process_exec"ARCH=x86_64 SYSCALL=execve AUID="heroic" UID="heroic" GID="heroic" EUID="root" SUID="root" FSUID="root" EGID="heroic" SGID="heroic" FSGID="heroic"
type=EXECVE msg=audit(1769928800.280:4833): argc=2 a0="sleep" a1="5"
type=EXECVE msg=audit(1769929077.444:5905): argc=4 a0="sudo" a1="rm" a2="-f" a3="/etc/cron.d/hids_persist"
type=CWD msg=audit(1769929352.406:8476): cwd="/usr/local/bin"
type=PATH msg=audit(1769928496.638:5578): item=1 name="/lib64/ld-linux-x86-64.so.2" inode=1575620 dev=8:2 mode=100324 ouid=0 ogid=0 rdev=0:0 nametype=NORMAL cap_fp=0 cap_fi=0 cap_fe=0 cap_fver=0 cap_frootid=0OUID="root" OGID="root"
type=PATH msg=audit(1769928520.122:6617): item=1 name="/lib64/ld-linux-x86-64.so.2" inode=1575785 dev=8:2 mode=100616 ouid=0 ogid=0 rdev=0:0 nametype=NORMAL cap_fp=0 cap_fi=0 cap_fe=0 cap_fver=0 cap_frootid=0OUID="root" OGID="root"
type=PATH msg=audit(1769928910.202:8631): item=1 name="/lib64/ld-linux-x86-64.so.2" inode=1575267 dev=8:2 mode=100566 ouid=0 ogid=0 rdev=0:0 nametype=NORMAL cap_fp=0 cap_fi=0 cap_fe=0 cap_fver=0 cap_frootid=0OUID="root" OGID="root"
type=PROCTITLE msg=audit(1769928847.816:5346): proctitle=726D002D660066696C655F31302E6461740066696C655F31312E6461740066696C655F31322E6461740066696C655F31332E6461740066696C655F31342E6461740066696C655F31352E6461740066696C655F31362E6461740066696C655F31372E6461740066696C655F31382E6461740066696C655F31392E646174006669
type=PATH msg=audit(1769928438.442:8017): item=0 name="/usr/bin/rm" inode=1578411 dev=8:2 mode=100360 ouid=0 ogid=0 rdev=0:0 nametype=NORMAL cap_fp=0 cap_fi=0 cap_fe=0 cap_fver=0 cap_frootid=0OUID="root" OGID="root"
type=EXECVE msg=audit(1769928859.382:6350): argc=3 a0="sudo" a1="tee" a2="/etc/cron.d/hids_persist"
type=CWD msg=audit(1769929035.1050:4397): cwd=2F746D702F686964735F6D616C6963696F7573202864656C6574656429
type=SYSCALL msg=audit(1769928414.525:10040): arch=c000003e syscall=59 success=yes exit=0 a0=55e32b46b618 a1=55e32b46b5a0 a2=55e32b46b5c0 a3=8 items=2 ppid=5708 pid=1308 auid=4294967001 uid=0 gid=395 euid=0 suid=0 fsuid=0 egid=167 sgid=296 fsgid=398 tty=(none) ses=4294966994 comm="netstat" exe="/usr/bin/python3" subj=unconfined key="process_exec"ARCH=x86_64 SYSCALL=execve AUID="unset" UID="root" GID="wazuh" EUID="root" SUID="root" FSUID="root" EGID="wazuh" SGID="wazuh" FSGID="wazuh"
type=PROCTITLE msg=audit(1769929105.757:7000): proctitle=646972636F6C6F7273002D62
type=PATH msg=audit(1769928511.119:8565): item=2 name="/lib64/ld-linux-x86-64.so.2" inode=1575512 dev=8:2 mode=101079 ouid=0 ogid=0 rdev=0:0 nametype=NORMAL cap_fp=0 cap_fi=0 cap_fe=0 cap_fver=0 cap_frootid=0OUID="root" OGID="root"
type=SYSCALL msg=audit(1769928553.265:7852): arch=c000003e syscall=59 success=yes exit=0 a0=64e1754cf8b0 a1=64e1754bc970 a2=64e1754c38f0 a3=64e1754bc970 items=2 ppid=2509 pid=2538 auid=1476 uid=1063 gid=780 euid=1310 suid=1298 fsuid=552 egid=1497 sgid=578 fsgid=641 tty=pts0 ses=3 comm="sh" exe="/usr/bin/sed" subj=unconfined key="process_exec"ARCH=x86_64 SYSCALL=execve AUID="heroic" UID="heroic" GID="heroic" EUID="heroic" SUID="heroic" FSUID="heroic" EGID="heroic" SGID="heroic" FSGID="heroic"
type=PATH msg=audit(1769928456.915:9509): item=1 name="/lib64/ld-linux-x86-64.so.2" inode=1575515 dev=8:2 mode=100497 ouid=0 ogid=0 rdev=0:0 nametype=NORMAL cap_fp=0 cap_fi=0 cap_fe=0 cap_fver=0 cap_frootid=0OUID="root" OGID="root"
type=EXECVE msg=audit(1769929104.673:8874): argc=2 a0="sudo" a1="su"
type=SYSCALL msg=audit(1769929283.930:8667): arch=c000003e syscall=59 success=yes exit=0 a0=5da302dccf30 a1=5da302dccf10 a2=5da302dc08f0 a3=5da302dccf10 items=2 ppid=3986 pid=6237 auid=743 uid=952 gid=880 euid=0 suid=0 fsuid=0 egid=1411 sgid=667 fsgid=1167 tty=pts0 ses=3 comm="sudo" exe="/usr/bin/netstat" subj=unconfined key="process_exec"ARCH=x86_64 SYSCALL=execve AUID="heroic" UID="heroic" GID="heroic" EUID="root" SUID="root" FSUID="root" EGID="heroic" SGID="heroic" FSGID="heroic"
type=PATH msg=audit(1769929048.274:4350): item=0 name="/usr/bin/sudo" inode=1574491 dev=8:2 mode=105117 ouid=0 ogid=0 rdev=0:0 nametype=NORMAL cap_fp=0 cap_fi=0 cap_fe=0 cap_fver=0 cap_frootid=0OUID="root" OGID="root"
type=PATH msg=audit(1769929377.603:5150): item=0 name="/usr/bin/cp" inode=1577584 dev=8:2 mode=100744 ouid=0 ogid=0 rdev=0:0 nametype=NORMAL cap_fp=0 cap_fi=0 cap_fe=0 cap_fver=0 cap_frootid=0OUID="root" OGID="root"
type=CWD msg=audit(1769929388.784:7750): cwd="/home/heroic"
type=USER_ACCT msg=audit(1769928982.985:7669): pid=4311 uid=884 auid=1127 ses=3 subj=unconfined msg='op=PAM:accounting grantors=pam_permit,pam_localuser acct="heroic" exe="/usr/bin/sudo" hostname=? addr=? terminal=/dev/pts/0 res=success'UID="heroic" AUID="heroic"
type=PATH msg=audit(1769928884.286:8957): item=0 name="/usr/bin/sleep" inode=1577969 dev=8:2 mode=100808 ouid=0 ogid=0 rdev=0:0 nametype=NORMAL cap_fp=0 cap_fi=0 cap_fe=0 cap_fver=0 cap_frootid=0OUID="root" OGID="root"
type=SYSCALL msg=audit(1769928623.1186:8176): arch=c000003e syscall=59 success=yes exit=0 a0=5da302dc8980 a1=5da302dcd510 a2=5da302dc08f0 a3=8 items=2 ppid=9666 pid=3758 auid=1381 uid=733 gid=882 euid=659 suid=1198 fsuid=1255 egid=1077 sgid=1177 fsgid=681 tty=pts0 ses=3 comm="sudo" exe="/bin/sh" subj=unconfined key="process_exec"ARCH=x86_64 SYSCALL=execve AUID="heroic" UID="heroic" GID="heroic" EUID="heroic" SUID="heroic" FSUID="heroic" EGID="heroic" SGID="heroic" FSGID="heroic"
type=PROCTITLE msg=audit(1769928462.1263:6892): proctitle=736C6565700035
type=SYSCALL msg=audit(1769929180.1337:8624): arch=c000003e syscall=59 success=yes exit=0 a0=64cc67334730 a1=64cc67329b70 a2=64cc6731a630 a3=64cc67329b70 items=3 ppid=7739 pid=2342 auid=887 uid=721 gid=1092 euid=1063 suid=857 fsuid=1448 egid=829 sgid=1295 fsgid=895 tty=pts0 ses=3 comm="python" exe="/usr/bin/df" subj=unconfined key="process_exec"ARCH=x86_64 SYSCALL=execve AUID="heroic" UID="heroic" GID="heroic" EUID="heroic" SUID="heroic" FSUID="heroic" EGID="heroic" SGID="heroic" FSGID="heroic"
type=PATH msg=audit(1769928751.143:10117): item=1 name="/lib64/ld-linux-x86-64.so.2" inode=1575202 dev=8:2 mode=101091 ouid=0 ogid=0 rdev=0:0 nametype=NORMAL cap_fp=0 cap_fi=0 cap_fe=0 cap_fver=0 cap_frootid=0OUID="root" OGID="root"
type=SYSCALL msg=audit(1769928420.1014:6360): arch=c000003e syscall=59 success=yes exit=0 a0=64e1754d00f0 a1=64e1754ca7f0 a2=64e1754c38f0 a3=8 items=2 ppid=7764 pid=7821 auid=1319 uid=683 gid=1177 euid=553 suid=907 fsuid=1030 egid=654 sgid=1122 fsgid=1335 tty=pts0 ses=3 comm="ss" exe="/usr/bin/sort" subj=unconfined key="process_exec"ARCH=x86_64 SYSCALL=execve AUID="heroic" UID="heroic" GID="heroic" EUID="heroic" SUID="heroic" FSUID="heroic" EGID="heroic" SGID="heroic" FSGID="heroic"
type=CWD msg=audit(1769928990.58:5541): cwd="/usr/local/bin"
type=SYSCALL msg=audit(1769928570.1359:8669): arch=c000003e syscall=59 success=yes exit=0 a0=64e1754cfbb0 a1=64e1754cfb90 a2=64e1754c38f0 a3=64e1754cfb90 items=2 ppid=4463 pid=2501 auid=557 uid=921 gid=1371 euid=0 suid=0 fsuid=0 egid=726 sgid=504 fsgid=1181 tty=pts0 ses=3 comm="tail" exe="/usr/bin/netstat" subj=unconfined key="process_exec"ARCH=x86_64 SYSCALL=execve AUID="heroic" UID="heroic" GID="heroic" EUID="root" SUID="root" FSUID="root" EGID="heroic" SGID="heroic" FSGID="heroic"
type=SYSCALL msg=audit(1769929207.604:5538): arch=c000003e syscall=59 success=yes exit=0 a0=5da302dcc870 a1=5da302dc7a40 a2=5da302dc08f0 a3=5da302dc7a40 items=2 ppid=9381 pid=9375 auid=531 uid=559 gid=609 euid=1386 suid=1275 fsuid=704 egid=1495 sgid=1327 fsgid=1028 tty=pts0 ses=3 comm="ss" exe="/bin/sh" subj=unconfined key="process_exec"ARCH=x86_64 SYSCALL=execve AUID="heroic" UID="heroic" GID="heroic" EUID="heroic" SUID="heroic" FSUID="heroic" EGID="heroic" SGID="heroic" FSGID="heroic"
type=EXECVE msg=audit(1769929361.1011:9181): argc=2 a0="ls" a1="--color=auto"
type=PATH msg=audit(1769928932.647:5818): item=0 name="/usr/bin/sleep" inode=1578171 dev=8:2 mode=101198 ouid=0 ogid=0 rdev=0:0 nametype=NORMAL cap_fp=0 cap_fi=0 cap_fe=0 cap_fver=0 cap_frootid=0OUID="root" OGID="root"
type=CWD msg=audit(1769928836.813:9232): cwd="/root"
type=PATH msg=audit(1769928658.1082:6438): item=0 name="/usr/bin/curl" inode=1573556 dev=8:2 mode=100787 ouid=0 ogid=0 rdev=0:0 nametype=NORMAL cap_fp=0 cap_fi=0 cap_fe=0 cap_fver=0 cap_frootid=0OUID="root" OGID="root"
type=SERVICE_STOP msg=audit(1769928690.1393:5662): pid=3940 uid=0 auid=4294967243 ses=4294967411 subj=unconfined msg='unit=systemd-tmpfiles-clean comm="df" exe="/usr/bin/netstat" hostname=? addr=? terminal=? res=success'UID="root" AUID="unset"
type=CWD msg=audit(1769928649.95:9024): cwd="/usr/local/bin"
type=PATH msg=audit(1769928988.1057:6022): item=0 name="/usr/bin/rm" inode=1577758 dev=8:2 mode=101137 ouid=0 ogid=0 rdev=0:0 nametype=NORMAL cap_fp=0 cap_fi=0 cap_fe=0 cap_fver=0 cap_frootid=0OUID="root" OGID="root"
type=PATH msg=audit(1769928982.679:8731): item=0 name="/usr/bin/whoami" inode=1577757 dev=8:2 mode=101108 ouid=0 ogid=0 rdev=0:0 nametype=NORMAL cap_fp=0 cap_fi=0 cap_fe=0 cap_fver=0 cap_frootid=0OUID="root" OGID="root"
type=PATH msg=audit(1769928732.337:5475): item=1 name="/lib64/ld-linux-x86-64.so.2" inode=1575427 dev=8:2 mode=100854 ouid=0 ogid=0 rdev=0:0 nametype=NORMAL cap_fp=0 cap_fi=0 cap_fe=0 cap_fver=0 cap_frootid=0OUID="root" OGID="root"
type=EXECVE msg=audit(1769928726.24:5948): argc=2 a0="tee" a1="/etc/cron.d/hids_persist"
type=CWD msg=audit(1769928479.230:9382): cwd="/tmp"
type=PROCTITLE msg=audit(1769928693.679:6079): proctitle="bash"
type=CWD msg=audit(1769929229.300:5828): cwd="/root"
type=CWD msg=audit(1769929281.977:7904): cwd="/home/heroic"
type=EXECVE msg=audit(1769928968.467:8023): argc=2 a0="dircolors" a1="-b"
type=PROCTITLE msg=audit(1769928728.492:4881): proctitle=7373002D74756C6E70
type=PROCTITLE msg=audit(1769928577.378:7059): proctitle=2F62696E2F7368002D63006364202F2026262072756E2D7061727473202D2D7265706F7274202F6574632F63726F6E2E686F75726C79
type=PATH msg=audit(1769929007.293:6221): item=0 name="/usr/bin/sudo" inode=1574350 dev=8:2 mode=105205 ouid=0 ogid=0 rdev=0:0 nametype=NORMAL cap_fp=0 cap_fi=0 cap_fe=0 cap_fver=0 cap_frootid=0OUID="root" OGID="root"
type=PROCTITLE msg=audit(1769928752.285:5655): proctitle=6375726C002D730066696C653A2F2F2F746D702F686964735F6D616C6963696F75732F7061796C6F61642E7368
type=CWD msg=audit(1769928970.91:7456): cwd="/root"
type=PROCTITLE msg=audit(1769928755.432:4844): proctitle=746565002F6574632F63726F6E2E642F686964735F70657273697374
type=CRED_DISP msg=audit(1769929165.116:6261): pid=5511 uid=1196 auid=1168 ses=3 subj=unconfined msg='op=PAM:setcred grantors=pam_permit acct="root" exe="/usr/bin/netstat" hostname=? addr=? terminal=/dev/pts/0 res=success'UID="heroic" AUID="heroic"
type=EXECVE msg=audit(1769929111.468:5175): argc=3 a0="mkdir" a1="-p" a2="/tmp/hids_malicious"
type=CWD msg=audit(1769929344.755:9755): cwd="/var/ossec"
type=PATH msg=audit(1769928953.1225:5398): item=0 name="/usr/bin/uname" inode=1578289 dev=8:2 mode=100809 ouid=0 ogid=0 rdev=0:0 nametype=NORMAL cap_fp=0 cap_fi=0 cap_fe=0 cap_fver=0 cap_frootid=0OUID="root" OGID="root"
type=CWD msg=audit(1769929316.401:4253): cwd="/var/ossec"
type=SYSCALL msg=audit(1769929069.680:8318): arch=c000003e syscall=59 success=yes exit=0 a0=5da302dccb90 a1=5da302dcc330 a2=5da302dc08f0 a3=5da302dcc330 items=2 ppid=7465 pid=5193 auid=1089 uid=921 gid=687 euid=1017 suid=1352 fsuid=1138 egid=709 sgid=1167 fsgid=1468 tty=pts0 ses=3 comm="sh" exe="/usr/bin/sudo" subj=unconfined key="process_exec"ARCH=x86_64 SYSCALL=execve AUID="heroic" UID="heroic" GID="heroic" EUID="heroic" SUID="heroic" FSUID="heroic" EGID="heroic" SGID="heroic" FSGID="heroic"
type=CWD msg=audit(1769929127.686:7840): cwd="/home/heroic"
type=EXECVE msg=audit(1769928932.310:9835): argc=2 a0="sudo" a1="whoami"
type=CWD msg=audit(1769928765.781:10445): cwd="/tmp"
type=CWD msg=audit(1769928646.875:5665): cwd="/home/heroic"
type=PATH msg=audit(1769928836.535:6220): item=1 name="/lib64/ld-linux-x86-64.so.2" inode=1575819 dev=8:2 mode=101082 ouid=0 ogid=0 rdev=0:0 nametype=NORMAL cap_fp=0 cap_fi=0 cap_fe=0 cap_fver=0 cap_frootid=0OUID="root" OGID="root"
type=PATH msg=audit(1769929239.531:8688): item=0 name="/usr/bin/sleep" inode=1578111 dev=8:2 mode=100337 ouid=0 ogid=0 rdev=0:0 nametype=NORMAL cap_fp=0 cap_fi=0 cap_fe=0 cap_fver=0 cap_frootid=0OUID="root" OGID="root"
type=CRED_DISP msg=audit(1769928494.962:4368): pid=9121 uid=1191 auid=608 ses=3 subj=unconfined msg='op=PAM:setcred grantors=pam_permit acct="root" exe="/usr/bin/sed" hostname=? addr=? terminal=/dev/pts/0 res=success'UID="heroic" AUID="heroic"
type=PATH msg=audit(1769929171.1070:5113): item=1 name="/lib64/ld-linux-x86-64.so.2" inode=1574844 dev=8:2 mode=101059 ouid=0 ogid=0 rdev=0:0 nametype=NORMAL cap_fp=0 cap_fi=0 cap_fe=0 cap_fver=0 cap_frootid=0OUID="root" OGID="root"
type=CWD msg=audit(1769928824.287:7835): cwd="/home/heroic"
type=PROCTITLE msg=audit(1769928564.442:8857): proctitle="id"
type=PATH msg=audit(1769929080.707:3847): item=0 name="/usr/bin/rmdir" inode=1578177 dev=8:2 mode=100736 ouid=0 ogid=0 rdev=0:0 nametype=NORMAL cap_fp=0 cap_fi=0 cap_fe=0 cap_fver=0 cap_frootid=0OUID="root" OGID="root"
type=PATH msg=audit(1769928842.542:5559): item=0 name="/usr/bin/ss" inode=1574119 dev=8:2 mode=101097 ouid=0 ogid=0 rdev=0:0 nametype=NORMAL cap_fp=0 cap_fi=0 cap_fe=0 cap_fver=0 cap_frootid=0OUID="root" OGID="root"
type=CWD msg=audit(1769929286.465:5135): cwd="/tmp"
type=PATH msg=audit(1769929096.154:5659): item=1 name="/lib64/ld-linux-x86-64.so.2" inode=1575720 dev=8:2 mode=100367 ouid=0 ogid=0 rdev=0:0 nametype=NORMAL cap_fp=0 cap_fi=0 cap_fe=0 cap_fver=0 cap_frootid=0OUID="root" OGID="root"
type=PATH msg=audit(1769929006.1008:4348): item=1 name="/lib64/ld-linux-x86-64.so.2" inode=1574844 dev=8:2 mode=100825 ouid=0 ogid=0 rdev=0:0 nametype=NORMAL cap_fp=0 cap_fi=0 cap_fe=0 cap_fver=0 cap_frootid=0OUID="root" OGID="root"
type=PATH msg=audit(1769929238.250:4739): item=1 name="/lib64/ld-linux-x86-64.so.2" inode=1575692 dev=8:2 mode=100361 ouid=0 ogid=0 rdev=0:0 nametype=NORMAL cap_fp=0 cap_fi=0 cap_fe=0 cap_fver=0 cap_frootid=0OUID="root" OGID="root"
type=SERVICE_STOP msg=audit(1769928931.679:7933): pid=6171 uid=0 auid=4294966965 ses=4294967792 subj=unconfined msg='unit=sysstat-collect comm="tail" exe="/usr/bin/netstat" hostname=? addr=? terminal=? res=success'UID="root" AUID="unset"
type=USER_END msg=audit(1769928541.411:3822): pid=2881 uid=786 auid=1203 ses=3 subj=unconfined msg='op=PAM:session_close grantors=pam_limits,pam_env,pam_env,pam_permit,pam_umask,pam_unix acct="root" exe="/usr/bin/sort" hostname=? addr=? terminal=/dev/pts/0 res=success'UID="heroic" AUID="heroic"
