type=USER_END msg=audit(1769263505.582:6978): pid=11460 uid=0 auid=1000 ses=3 subj=unconfined msg='op=PAM:session_close grantors=pam_limits,pam_env,pam_env,pam_permit,pam_umask,pam_unix acct="root" exe="/usr/bin/sudo" hostname=? addr=? terminal=/dev/pts/1 res=success'UID="root" AUID="heroic"
type=CRED_DISP msg=audit(1769263505.582:6979): pid=11460 uid=0 auid=1000 ses=3 subj=unconfined msg='op=PAM:setcred grantors=pam_permit acct="root" exe="/usr/bin/sudo" hostname=? addr=? terminal=/dev/pts/1 res=success'UID="root" AUID="heroic"
type=SYSCALL msg=audit(1769263519.511:6980): arch=c000003e syscall=59 success=yes exit=0 a0=5f19fe3112d0 a1=5f19fe311020 a2=5f19fe2e57c0 a3=5f19fe311020 items=3 ppid=11432 pid=11465 auid=1000 uid=0 gid=0 euid=0 suid=0 fsuid=0 egid=0 sgid=0 fsgid=0 tty=pts1 ses=3 comm="benign_activity" exe="/usr/bin/bash" subj=unconfined key="process_exec"ARCH=x86_64 SYSCALL=execve AUID="heroic" UID="root" GID="root" EUID="root" SUID="root" FSUID="root" EGID="root" SGID="root" FSGID="root"
type=EXECVE msg=audit(1769263519.511:6980): argc=2 a0="/bin/bash" a1="./benign_activity.sh"
type=CWD msg=audit(1769263519.511:6980): cwd="/home/heroic/Desktop"
type=PATH msg=audit(1769263519.511:6980): item=0 name="./benign_activity.sh" inode=1196459 dev=08:02 mode=0100775 ouid=1000 ogid=1000 rdev=00:00 nametype=NORMAL cap_fp=0 cap_fi=0 cap_fe=0 cap_fver=0 cap_frootid=0OUID="heroic" OGID="heroic"
type=PATH msg=audit(1769263519.511:6980): item=1 name="/bin/bash" inode=1573437 dev=08:02 mode=0100755 ouid=0 ogid=0 rdev=00:00 nametype=NORMAL cap_fp=0 cap_fi=0 cap_fe=0 cap_fver=0 cap_frootid=0OUID="root" OGID="root"
type=PATH msg=audit(1769263519.511:6980): item=2 name="/lib64/ld-linux-x86-64.so.2" inode=1575340 dev=08:02 mode=0100755 ouid=0 ogid=0 rdev=00:00 nametype=NORMAL cap_fp=0 cap_fi=0 cap_fe=0 cap_fver=0 cap_frootid=0OUID="root" OGID="root"
type=PROCTITLE msg=audit(1769263519.511:6980): proctitle=2F62696E2F62617368002E2F62656E69676E5F61637469766974792E7368
type=SYSCALL msg=audit(1769263519.519:6981): arch=c000003e syscall=59 success=yes exit=0 a0=653e76a1da80 a1=653e76a17d30 a2=653e76a17520 a3=653e76a17d30 items=2 ppid=11465 pid=11466 auid=1000 uid=0 gid=0 euid=0 suid=0 fsuid=0 egid=0 sgid=0 fsgid=0 tty=pts1 ses=3 comm="mkdir" exe="/usr/bin/mkdir" subj=unconfined key="process_exec"ARCH=x86_64 SYSCALL=execve AUID="heroic" UID="root" GID="root" EUID="root" SUID="root" FSUID="root" EGID="root" SGID="root" FSGID="root"
type=EXECVE msg=audit(1769263519.519:6981): argc=3 a0="mkdir" a1="-p" a2="/root/hids_benign"
type=CWD msg=audit(1769263519.519:6981): cwd="/home/heroic/Desktop"
type=PATH msg=audit(1769263519.519:6981): item=0 name="/usr/bin/mkdir" inode=1578106 dev=08:02 mode=0100755 ouid=0 ogid=0 rdev=00:00 nametype=NORMAL cap_fp=0 cap_fi=0 cap_fe=0 cap_fver=0 cap_frootid=0OUID="root" OGID="root"
type=PATH msg=audit(1769263519.519:6981): item=1 name="/lib64/ld-linux-x86-64.so.2" inode=1575340 dev=08:02 mode=0100755 ouid=0 ogid=0 rdev=00:00 nametype=NORMAL cap_fp=0 cap_fi=0 cap_fe=0 cap_fver=0 cap_frootid=0OUID="root" OGID="root"
type=PROCTITLE msg=audit(1769263519.519:6981): proctitle=6D6B646972002D70002F726F6F742F686964735F62656E69676E
type=SYSCALL msg=audit(1769263519.543:6982): arch=c000003e syscall=59 success=yes exit=0 a0=653e76a1f6a0 a1=653e76a17d10 a2=653e76a17520 a3=653e76a17d10 items=2 ppid=11465 pid=11467 auid=1000 uid=0 gid=0 euid=0 suid=0 fsuid=0 egid=0 sgid=0 fsgid=0 tty=pts1 ses=3 comm="cat" exe="/usr/bin/cat" subj=unconfined key="process_exec"ARCH=x86_64 SYSCALL=execve AUID="heroic" UID="root" GID="root" EUID="root" SUID="root" FSUID="root" EGID="root" SGID="root" FSGID="root"
type=EXECVE msg=audit(1769263519.543:6982): argc=2 a0="cat" a1="file_1.txt"
type=CWD msg=audit(1769263519.543:6982): cwd="/root/hids_benign"
type=PATH msg=audit(1769263519.543:6982): item=0 name="/usr/bin/cat" inode=1578016 dev=08:02 mode=0100755 ouid=0 ogid=0 rdev=00:00 nametype=NORMAL cap_fp=0 cap_fi=0 cap_fe=0 cap_fver=0 cap_frootid=0OUID="root" OGID="root"
type=PATH msg=audit(1769263519.543:6982): item=1 name="/lib64/ld-linux-x86-64.so.2" inode=1575340 dev=08:02 mode=0100755 ouid=0 ogid=0 rdev=00:00 nametype=NORMAL cap_fp=0 cap_fi=0 cap_fe=0 cap_fver=0 cap_frootid=0OUID="root" OGID="root"
type=PROCTITLE msg=audit(1769263519.543:6982): proctitle=6361740066696C655F312E747874
type=SYSCALL msg=audit(1769263519.548:6983): arch=c000003e syscall=59 success=yes exit=0 a0=653e76a17d10 a1=653e76a1f840 a2=653e76a17520 a3=653e76a1f840 items=2 ppid=11465 pid=11468 auid=1000 uid=0 gid=0 euid=0 suid=0 fsuid=0 egid=0 sgid=0 fsgid=0 tty=pts1 ses=3 comm="cat" exe="/usr/bin/cat" subj=unconfined key="process_exec"ARCH=x86_64 SYSCALL=execve AUID="heroic" UID="root" GID="root" EUID="root" SUID="root" FSUID="root" EGID="root" SGID="root" FSGID="root"
type=EXECVE msg=audit(1769263519.548:6983): argc=2 a0="cat" a1="file_2.txt"
type=CWD msg=audit(1769263519.548:6983): cwd="/root/hids_benign"
type=PATH msg=audit(1769263519.548:6983): item=0 name="/usr/bin/cat" inode=1578016 dev=08:02 mode=0100755 ouid=0 ogid=0 rdev=00:00 nametype=NORMAL cap_fp=0 cap_fi=0 cap_fe=0 cap_fver=0 cap_frootid=0OUID="root" OGID="root"
type=PATH msg=audit(1769263519.548:6983): item=1 name="/lib64/ld-linux-x86-64.so.2" inode=1575340 dev=08:02 mode=0100755 ouid=0 ogid=0 rdev=00:00 nametype=NORMAL cap_fp=0 cap_fi=0 cap_fe=0 cap_fver=0 cap_frootid=0OUID="root" OGID="root"
type=PROCTITLE msg=audit(1769263519.548:6983): proctitle=6361740066696C655F322E747874
type=SYSCALL msg=audit(1769263519.550:6984): arch=c000003e syscall=59 success=yes exit=0 a0=653e76a1f840 a1=653e76a1f6a0 a2=653e76a17520 a3=653e76a1f6a0 items=2 ppid=11465 pid=11469 auid=1000 uid=0 gid=0 euid=0 suid=0 fsuid=0 egid=0 sgid=0 fsgid=0 tty=pts1 ses=3 comm="cat" exe="/usr/bin/cat" subj=unconfined key="process_exec"ARCH=x86_64 SYSCALL=execve AUID="heroic" UID="root" GID="root" EUID="root" SUID="root" FSUID="root" EGID="root" SGID="root" FSGID="root"
type=EXECVE msg=audit(1769263519.550:6984): argc=2 a0="cat" a1="file_3.txt"
type=CWD msg=audit(1769263519.550:6984): cwd="/root/hids_benign"
type=PATH msg=audit(1769263519.550:6984): item=0 name="/usr/bin/cat" inode=1578016 dev=08:02 mode=0100755 ouid=0 ogid=0 rdev=00:00 nametype=NORMAL cap_fp=0 cap_fi=0 cap_fe=0 cap_fver=0 cap_frootid=0OUID="root" OGID="root"
type=PATH msg=audit(1769263519.550:6984): item=1 name="/lib64/ld-linux-x86-64.so.2" inode=1575340 dev=08:02 mode=0100755 ouid=0 ogid=0 rdev=00:00 nametype=NORMAL cap_fp=0 cap_fi=0 cap_fe=0 cap_fver=0 cap_frootid=0OUID="root" OGID="root"
type=PROCTITLE msg=audit(1769263519.550:6984): proctitle=6361740066696C655F332E747874
type=SYSCALL msg=audit(1769263519.552:6985): arch=c000003e syscall=59 success=yes exit=0 a0=653e76a1f6a0 a1=653e76a17d10 a2=653e76a17520 a3=653e76a17d10 items=2 ppid=11465 pid=11470 auid=1000 uid=0 gid=0 euid=0 suid=0 fsuid=0 egid=0 sgid=0 fsgid=0 tty=pts1 ses=3 comm="cat" exe="/usr/bin/cat" subj=unconfined key="process_exec"ARCH=x86_64 SYSCALL=execve AUID="heroic" UID="root" GID="root" EUID="root" SUID="root" FSUID="root" EGID="root" SGID="root" FSGID="root"
type=EXECVE msg=audit(1769263519.552:6985): argc=2 a0="cat" a1="file_4.txt"
type=CWD msg=audit(1769263519.552:6985): cwd="/root/hids_benign"
type=PATH msg=audit(1769263519.552:6985): item=0 name="/usr/bin/cat" inode=1578016 dev=08:02 mode=0100755 ouid=0 ogid=0 rdev=00:00 nametype=NORMAL cap_fp=0 cap_fi=0 cap_fe=0 cap_fver=0 cap_frootid=0OUID="root" OGID="root"
type=PATH msg=audit(1769263519.552:6985): item=1 name="/lib64/ld-linux-x86-64.so.2" inode=1575340 dev=08:02 mode=0100755 ouid=0 ogid=0 rdev=00:00 nametype=NORMAL cap_fp=0 cap_fi=0 cap_fe=0 cap_fver=0 cap_frootid=0OUID="root" OGID="root"
type=PROCTITLE msg=audit(1769263519.552:6985): proctitle=6361740066696C655F342E747874
type=SYSCALL msg=audit(1769263519.556:6986): arch=c000003e syscall=59 success=yes exit=0 a0=653e76a17d10 a1=653e76a1f840 a2=653e76a17520 a3=653e76a1f840 items=2 ppid=11465 pid=11471 auid=1000 uid=0 gid=0 euid=0 suid=0 fsuid=0 egid=0 sgid=0 fsgid=0 tty=pts1 ses=3 comm="cat" exe="/usr/bin/cat" subj=unconfined key="process_exec"ARCH=x86_64 SYSCALL=execve AUID="heroic" UID="root" GID="root" EUID="root" SUID="root" FSUID="root" EGID="root" SGID="root" FSGID="root"
type=EXECVE msg=audit(1769263519.556:6986): argc=2 a0="cat" a1="file_5.txt"
type=CWD msg=audit(1769263519.556:6986): cwd="/root/hids_benign"
type=PATH msg=audit(1769263519.556:6986): item=0 name="/usr/bin/cat" inode=1578016 dev=08:02 mode=0100755 ouid=0 ogid=0 rdev=00:00 nametype=NORMAL cap_fp=0 cap_fi=0 cap_fe=0 cap_fver=0 cap_frootid=0OUID="root" OGID="root"
type=PATH msg=audit(1769263519.556:6986): item=1 name="/lib64/ld-linux-x86-64.so.2" inode=1575340 dev=08:02 mode=0100755 ouid=0 ogid=0 rdev=00:00 nametype=NORMAL cap_fp=0 cap_fi=0 cap_fe=0 cap_fver=0 cap_frootid=0OUID="root" OGID="root"
type=PROCTITLE msg=audit(1769263519.556:6986): proctitle=6361740066696C655F352E747874
type=SYSCALL msg=audit(1769263519.558:6987): arch=c000003e syscall=59 success=yes exit=0 a0=653e76a1f840 a1=653e76a1f6a0 a2=653e76a17520 a3=653e76a1f6a0 items=2 ppid=11465 pid=11472 auid=1000 uid=0 gid=0 euid=0 suid=0 fsuid=0 egid=0 sgid=0 fsgid=0 tty=pts1 ses=3 comm="cat" exe="/usr/bin/cat" subj=unconfined key="process_exec"ARCH=x86_64 SYSCALL=execve AUID="heroic" UID="root" GID="root" EUID="root" SUID="root" FSUID="root" EGID="root" SGID="root" FSGID="root"
type=EXECVE msg=audit(1769263519.558:6987): argc=2 a0="cat" a1="file_6.txt"
type=CWD msg=audit(1769263519.558:6987): cwd="/root/hids_benign"
type=PATH msg=audit(1769263519.558:6987): item=0 name="/usr/bin/cat" inode=1578016 dev=08:02 mode=0100755 ouid=0 ogid=0 rdev=00:00 nametype=NORMAL cap_fp=0 cap_fi=0 cap_fe=0 cap_fver=0 cap_frootid=0OUID="root" OGID="root"
type=PATH msg=audit(1769263519.558:6987): item=1 name="/lib64/ld-linux-x86-64.so.2" inode=1575340 dev=08:02 mode=0100755 ouid=0 ogid=0 rdev=00:00 nametype=NORMAL cap_fp=0 cap_fi=0 cap_fe=0 cap_fver=0 cap_frootid=0OUID="root" OGID="root"
type=PROCTITLE msg=audit(1769263519.558:6987): proctitle=6361740066696C655F362E747874
type=SYSCALL msg=audit(1769263519.560:6988): arch=c000003e syscall=59 success=yes exit=0 a0=653e76a1f6a0 a1=653e76a17d10 a2=653e76a17520 a3=653e76a17d10 items=2 ppid=11465 pid=11473 auid=1000 uid=0 gid=0 euid=0 suid=0 fsuid=0 egid=0 sgid=0 fsgid=0 tty=pts1 ses=3 comm="cat" exe="/usr/bin/cat" subj=unconfined key="process_exec"ARCH=x86_64 SYSCALL=execve AUID="heroic" UID="root" GID="root" EUID="root" SUID="root" FSUID="root" EGID="root" SGID="root" FSGID="root"
type=EXECVE msg=audit(1769263519.560:6988): argc=2 a0="cat" a1="file_7.txt"
type=CWD msg=audit(1769263519.560:6988): cwd="/root/hids_benign"
type=PATH msg=audit(1769263519.560:6988): item=0 name="/usr/bin/cat" inode=1578016 dev=08:02 mode=0100755 ouid=0 ogid=0 rdev=00:00 nametype=NORMAL cap_fp=0 cap_fi=0 cap_fe=0 cap_fver=0 cap_frootid=0OUID="root" OGID="root"
type=PATH msg=audit(1769263519.560:6988): item=1 name="/lib64/ld-linux-x86-64.so.2" inode=1575340 dev=08:02 mode=0100755 ouid=0 ogid=0 rdev=00:00 nametype=NORMAL cap_fp=0 cap_fi=0 cap_fe=0 cap_fver=0 cap_frootid=0OUID="root" OGID="root"
type=PROCTITLE msg=audit(1769263519.560:6988): proctitle=6361740066696C655F372E747874
type=SYSCALL msg=audit(1769263519.562:6989): arch=c000003e syscall=59 success=yes exit=0 a0=653e76a17d10 a1=653e76a1f840 a2=653e76a17520 a3=653e76a1f840 items=2 ppid=11465 pid=11474 auid=1000 uid=0 gid=0 euid=0 suid=0 fsuid=0 egid=0 sgid=0 fsgid=0 tty=pts1 ses=3 comm="cat" exe="/usr/bin/cat" subj=unconfined key="process_exec"ARCH=x86_64 SYSCALL=execve AUID="heroic" UID="root" GID="root" EUID="root" SUID="root" FSUID="root" EGID="root" SGID="root" FSGID="root"
type=EXECVE msg=audit(1769263519.562:6989): argc=2 a0="cat" a1="file_8.txt"
type=CWD msg=audit(1769263519.562:6989): cwd="/root/hids_benign"
type=PATH msg=audit(1769263519.562:6989): item=0 name="/usr/bin/cat" inode=1578016 dev=08:02 mode=0100755 ouid=0 ogid=0 rdev=00:00 nametype=NORMAL cap_fp=0 cap_fi=0 cap_fe=0 cap_fver=0 cap_frootid=0OUID="root" OGID="root"
type=PATH msg=audit(1769263519.562:6989): item=1 name="/lib64/ld-linux-x86-64.so.2" inode=1575340 dev=08:02 mode=0100755 ouid=0 ogid=0 rdev=00:00 nametype=NORMAL cap_fp=0 cap_fi=0 cap_fe=0 cap_fver=0 cap_frootid=0OUID="root" OGID="root"
type=PROCTITLE msg=audit(1769263519.562:6989): proctitle=6361740066696C655F382E747874
type=SYSCALL msg=audit(1769263519.564:6990): arch=c000003e syscall=59 success=yes exit=0 a0=653e76a1f840 a1=653e76a1f6a0 a2=653e76a17520 a3=653e76a1f6a0 items=2 ppid=11465 pid=11475 auid=1000 uid=0 gid=0 euid=0 suid=0 fsuid=0 egid=0 sgid=0 fsgid=0 tty=pts1 ses=3 comm="cat" exe="/usr/bin/cat" subj=unconfined key="process_exec"ARCH=x86_64 SYSCALL=execve AUID="heroic" UID="root" GID="root" EUID="root" SUID="root" FSUID="root" EGID="root" SGID="root" FSGID="root"
type=EXECVE msg=audit(1769263519.564:6990): argc=2 a0="cat" a1="file_9.txt"
type=CWD msg=audit(1769263519.564:6990): cwd="/root/hids_benign"
type=PATH msg=audit(1769263519.564:6990): item=0 name="/usr/bin/cat" inode=1578016 dev=08:02 mode=0100755 ouid=0 ogid=0 rdev=00:00 nametype=NORMAL cap_fp=0 cap_fi=0 cap_fe=0 cap_fver=0 cap_frootid=0OUID="root" OGID="root"
type=PATH msg=audit(1769263519.564:6990): item=1 name="/lib64/ld-linux-x86-64.so.2" inode=1575340 dev=08:02 mode=0100755 ouid=0 ogid=0 rdev=00:00 nametype=NORMAL cap_fp=0 cap_fi=0 cap_fe=0 cap_fver=0 cap_frootid=0OUID="root" OGID="root"
type=PROCTITLE msg=audit(1769263519.564:6990): proctitle=6361740066696C655F392E747874
type=SYSCALL msg=audit(1769263519.566:6991): arch=c000003e syscall=59 success=yes exit=0 a0=653e76a1f6a0 a1=653e76a17d10 a2=653e76a17520 a3=653e76a17d10 items=2 ppid=11465 pid=11476 auid=1000 uid=0 gid=0 euid=0 suid=0 fsuid=0 egid=0 sgid=0 fsgid=0 tty=pts1 ses=3 comm="cat" exe="/usr/bin/cat" subj=unconfined key="process_exec"ARCH=x86_64 SYSCALL=execve AUID="heroic" UID="root" GID="root" EUID="root" SUID="root" FSUID="root" EGID="root" SGID="root" FSGID="root"
type=EXECVE msg=audit(1769263519.566:6991): argc=2 a0="cat" a1="file_10.txt"
type=CWD msg=audit(1769263519.566:6991): cwd="/root/hids_benign"
type=PATH msg=audit(1769263519.566:6991): item=0 name="/usr/bin/cat" inode=1578016 dev=08:02 mode=0100755 ouid=0 ogid=0 rdev=00:00 nametype=NORMAL cap_fp=0 cap_fi=0 cap_fe=0 cap_fver=0 cap_frootid=0OUID="root" OGID="root"
type=PATH msg=audit(1769263519.566:6991): item=1 name="/lib64/ld-linux-x86-64.so.2" inode=1575340 dev=08:02 mode=0100755 ouid=0 ogid=0 rdev=00:00 nametype=NORMAL cap_fp=0 cap_fi=0 cap_fe=0 cap_fver=0 cap_frootid=0OUID="root" OGID="root"
type=PROCTITLE msg=audit(1769263519.566:6991): proctitle=6361740066696C655F31302E747874
type=SYSCALL msg=audit(1769263519.568:6992): arch=c000003e syscall=59 success=yes exit=0 a0=653e76a1f8e0 a1=653e76a1d590 a2=653e76a17520 a3=0 items=2 ppid=11465 pid=11477 auid=1000 uid=0 gid=0 euid=0 suid=0 fsuid=0 egid=0 sgid=0 fsgid=0 tty=pts1 ses=3 comm="vim" exe="/usr/bin/vim.basic" subj=unconfined key="process_exec"ARCH=x86_64 SYSCALL=execve AUID="heroic" UID="root" GID="root" EUID="root" SUID="root" FSUID="root" EGID="root" SGID="root" FSGID="root"
type=EXECVE msg=audit(1769263519.568:6992): argc=3 a0="vim" a1="-es" a2="file_1.txt"
type=CWD msg=audit(1769263519.568:6992): cwd="/root/hids_benign"
type=PATH msg=audit(1769263519.568:6992): item=0 name="/usr/bin/vim" inode=1575517 dev=08:02 mode=0100755 ouid=0 ogid=0 rdev=00:00 nametype=NORMAL cap_fp=0 cap_fi=0 cap_fe=0 cap_fver=0 cap_frootid=0OUID="root" OGID="root"
type=PATH msg=audit(1769263519.568:6992): item=1 name="/lib64/ld-linux-x86-64.so.2" inode=1575340 dev=08:02 mode=0100755 ouid=0 ogid=0 rdev=00:00 nametype=NORMAL cap_fp=0 cap_fi=0 cap_fe=0 cap_fver=0 cap_frootid=0OUID="root" OGID="root"
type=PROCTITLE msg=audit(1769263519.568:6992): proctitle=76696D002D65730066696C655F312E747874
type=SYSCALL msg=audit(1769263519.588:6993): arch=c000003e syscall=59 success=yes exit=0 a0=653e76a1ef20 a1=653e76a1d590 a2=653e76a17520 a3=0 items=2 ppid=11465 pid=11478 auid=1000 uid=0 gid=0 euid=0 suid=0 fsuid=0 egid=0 sgid=0 fsgid=0 tty=pts1 ses=3 comm="vim" exe="/usr/bin/vim.basic" subj=unconfined key="process_exec"ARCH=x86_64 SYSCALL=execve AUID="heroic" UID="root" GID="root" EUID="root" SUID="root" FSUID="root" EGID="root" SGID="root" FSGID="root"
type=EXECVE msg=audit(1769263519.588:6993): argc=3 a0="vim" a1="-es" a2="file_2.txt"
type=CWD msg=audit(1769263519.588:6993): cwd="/root/hids_benign"
type=PATH msg=audit(1769263519.588:6993): item=0 name="/usr/bin/vim" inode=1575517 dev=08:02 mode=0100755 ouid=0 ogid=0 rdev=00:00 nametype=NORMAL cap_fp=0 cap_fi=0 cap_fe=0 cap_fver=0 cap_frootid=0OUID="root" OGID="root"
type=PATH msg=audit(1769263519.588:6993): item=1 name="/lib64/ld-linux-x86-64.so.2" inode=1575340 dev=08:02 mode=0100755 ouid=0 ogid=0 rdev=00:00 nametype=NORMAL cap_fp=0 cap_fi=0 cap_fe=0 cap_fver=0 cap_frootid=0OUID="root" OGID="root"
type=PROCTITLE msg=audit(1769263519.588:6993): proctitle=76696D002D65730066696C655F322E747874
type=SYSCALL msg=audit(1769263519.597:6994): arch=c000003e syscall=59 success=yes exit=0 a0=653e76a1ef80 a1=653e76a1d590 a2=653e76a17520 a3=0 items=2 ppid=11465 pid=11479 auid=1000 uid=0 gid=0 euid=0 suid=0 fsuid=0 egid=0 sgid=0 fsgid=0 tty=pts1 ses=3 comm="vim" exe="/usr/bin/vim.basic" subj=unconfined key="process_exec"ARCH=x86_64 SYSCALL=execve AUID="heroic" UID="root" GID="root" EUID="root" SUID="root" FSUID="root" EGID="root" SGID="root" FSGID="root"
type=EXECVE msg=audit(1769263519.597:6994): argc=3 a0="vim" a1="-es" a2="file_3.txt"
type=CWD msg=audit(1769263519.597:6994): cwd="/root/hids_benign"
type=PATH msg=audit(1769263519.597:6994): item=0 name="/usr/bin/vim" inode=1575517 dev=08:02 mode=0100755 ouid=0 ogid=0 rdev=00:00 nametype=NORMAL cap_fp=0 cap_fi=0 cap_fe=0 cap_fver=0 cap_frootid=0OUID="root" OGID="root"
type=PATH msg=audit(1769263519.597:6994): item=1 name="/lib64/ld-linux-x86-64.so.2" inode=1575340 dev=08:02 mode=0100755 ouid=0 ogid=0 rdev=00:00 nametype=NORMAL cap_fp=0 cap_fi=0 cap_fe=0 cap_fver=0 cap_frootid=0OUID="root" OGID="root"
type=PROCTITLE msg=audit(1769263519.597:6994): proctitle=76696D002D65730066696C655F332E747874
type=SYSCALL msg=audit(1769263519.605:6995): arch=c000003e syscall=59 success=yes exit=0 a0=653e76a1ef40 a1=653e76a1d590 a2=653e76a17520 a3=0 items=2 ppid=11465 pid=11480 auid=1000 uid=0 gid=0 euid=0 suid=0 fsuid=0 egid=0 sgid=0 fsgid=0 tty=pts1 ses=3 comm="vim" exe="/usr/bin/vim.basic" subj=unconfined key="process_exec"ARCH=x86_64 SYSCALL=execve AUID="heroic" UID="root" GID="root" EUID="root" SUID="root" FSUID="root" EGID="root" SGID="root" FSGID="root"
type=EXECVE msg=audit(1769263519.605:6995): argc=3 a0="vim" a1="-es" a2="file_4.txt"
type=CWD msg=audit(1769263519.605:6995): cwd="/root/hids_benign"
type=PATH msg=audit(1769263519.605:6995): item=0 name="/usr/bin/vim" inode=1575517 dev=08:02 mode=0100755 ouid=0 ogid=0 rdev=00:00 nametype=NORMAL cap_fp=0 cap_fi=0 cap_fe=0 cap_fver=0 cap_frootid=0OUID="root" OGID="root"
type=PATH msg=audit(1769263519.605:6995): item=1 name="/lib64/ld-linux-x86-64.so.2" inode=1575340 dev=08:02 mode=0100755 ouid=0 ogid=0 rdev=00:00 nametype=NORMAL cap_fp=0 cap_fi=0 cap_fe=0 cap_fver=0 cap_frootid=0OUID="root" OGID="root"
type=PROCTITLE msg=audit(1769263519.605:6995): proctitle=76696D002D65730066696C655F342E747874
type=SYSCALL msg=audit(1769263519.613:6996): arch=c000003e syscall=59 success=yes exit=0 a0=653e76a1f8e0 a1=653e76a1d590 a2=653e76a17520 a3=0 items=2 ppid=11465 pid=11481 auid=1000 uid=0 gid=0 euid=0 suid=0 fsuid=0 egid=0 sgid=0 fsgid=0 tty=pts1 ses=3 comm="vim" exe="/usr/bin/vim.basic" subj=unconfined key="process_exec"ARCH=x86_64 SYSCALL=execve AUID="heroic" UID="root" GID="root" EUID="root" SUID="root" FSUID="root" EGID="root" SGID="root" FSGID="root"
type=EXECVE msg=audit(1769263519.613:6996): argc=3 a0="vim" a1="-es" a2="file_5.txt"
type=CWD msg=audit(1769263519.613:6996): cwd="/root/hids_benign"
type=PATH msg=audit(1769263519.613:6996): item=0 name="/usr/bin/vim" inode=1575517 dev=08:02 mode=0100755 ouid=0 ogid=0 rdev=00:00 nametype=NORMAL cap_fp=0 cap_fi=0 cap_fe=0 cap_fver=0 cap_frootid=0OUID="root" OGID="root"
type=PATH msg=audit(1769263519.613:6996): item=1 name="/lib64/ld-linux-x86-64.so.2" inode=1575340 dev=08:02 mode=0100755 ouid=0 ogid=0 rdev=00:00 nametype=NORMAL cap_fp=0 cap_fi=0 cap_fe=0 cap_fver=0 cap_frootid=0OUID="root" OGID="root"
type=PROCTITLE msg=audit(1769263519.613:6996): proctitle=76696D002D65730066696C655F352E747874
type=SYSCALL msg=audit(1769263519.623:6997): arch=c000003e syscall=59 success=yes exit=0 a0=653e76a1cff0 a1=653e76a1ef80 a2=653e76a17520 a3=653e76a1ef80 items=2 ppid=11465 pid=11482 auid=1000 uid=0 gid=0 euid=0 suid=0 fsuid=0 egid=0 sgid=0 fsgid=0 tty=pts1 ses=3 comm="ls" exe="/usr/bin/ls" subj=unconfined key="process_exec"ARCH=x86_64 SYSCALL=execve AUID="heroic" UID="root" GID="root" EUID="root" SUID="root" FSUID="root" EGID="root" SGID="root" FSGID="root"
type=EXECVE msg=audit(1769263519.623:6997): argc=2 a0="ls" a1="-la"
type=CWD msg=audit(1769263519.623:6997): cwd="/root/hids_benign"
type=PATH msg=audit(1769263519.623:6997): item=0 name="/usr/bin/ls" inode=1578104 dev=08:02 mode=0100755 ouid=0 ogid=0 rdev=00:00 nametype=NORMAL cap_fp=0 cap_fi=0 cap_fe=0 cap_fver=0 cap_frootid=0OUID="root" OGID="root"
type=PATH msg=audit(1769263519.623:6997): item=1 name="/lib64/ld-linux-x86-64.so.2" inode=1575340 dev=08:02 mode=0100755 ouid=0 ogid=0 rdev=00:00 nametype=NORMAL cap_fp=0 cap_fi=0 cap_fe=0 cap_fver=0 cap_frootid=0OUID="root" OGID="root"
type=PROCTITLE msg=audit(1769263519.623:6997): proctitle=6C73002D6C61
type=SYSCALL msg=audit(1769263519.625:6998): arch=c000003e syscall=59 success=yes exit=0 a0=653e76a1f8e0 a1=653e76a1f600 a2=653e76a17520 a3=653e76a1f600 items=2 ppid=11465 pid=11483 auid=1000 uid=0 gid=0 euid=0 suid=0 fsuid=0 egid=0 sgid=0 fsgid=0 tty=pts1 ses=3 comm="ls" exe="/usr/bin/ls" subj=unconfined key="process_exec"ARCH=x86_64 SYSCALL=execve AUID="heroic" UID="root" GID="root" EUID="root" SUID="root" FSUID="root" EGID="root" SGID="root" FSGID="root"
type=EXECVE msg=audit(1769263519.625:6998): argc=2 a0="ls" a1="-la"
type=CWD msg=audit(1769263519.625:6998): cwd="/root/hids_benign"
type=PATH msg=audit(1769263519.625:6998): item=0 name="/usr/bin/ls" inode=1578104 dev=08:02 mode=0100755 ouid=0 ogid=0 rdev=00:00 nametype=NORMAL cap_fp=0 cap_fi=0 cap_fe=0 cap_fver=0 cap_frootid=0OUID="root" OGID="root"
type=PATH msg=audit(1769263519.625:6998): item=1 name="/lib64/ld-linux-x86-64.so.2" inode=1575340 dev=08:02 mode=0100755 ouid=0 ogid=0 rdev=00:00 nametype=NORMAL cap_fp=0 cap_fi=0 cap_fe=0 cap_fver=0 cap_frootid=0OUID="root" OGID="root"
type=PROCTITLE msg=audit(1769263519.625:6998): proctitle=6C73002D6C61
type=SYSCALL msg=audit(1769263519.628:6999): arch=c000003e syscall=59 success=yes exit=0 a0=653e76a1f560 a1=653e76a1f5e0 a2=653e76a17520 a3=653e76a1f5e0 items=2 ppid=11465 pid=11484 auid=1000 uid=0 gid=0 euid=0 suid=0 fsuid=0 egid=0 sgid=0 fsgid=0 tty=pts1 ses=3 comm="ls" exe="/usr/bin/ls" subj=unconfined key="process_exec"ARCH=x86_64 SYSCALL=execve AUID="heroic" UID="root" GID="root" EUID="root" SUID="root" FSUID="root" EGID="root" SGID="root" FSGID="root"
type=EXECVE msg=audit(1769263519.628:6999): argc=2 a0="ls" a1="-la"
type=CWD msg=audit(1769263519.628:6999): cwd="/root/hids_benign"
type=PATH msg=audit(1769263519.628:6999): item=0 name="/usr/bin/ls" inode=1578104 dev=08:02 mode=0100755 ouid=0 ogid=0 rdev=00:00 nametype=NORMAL cap_fp=0 cap_fi=0 cap_fe=0 cap_fver=0 cap_frootid=0OUID="root" OGID="root"
type=PATH msg=audit(1769263519.628:6999): item=1 name="/lib64/ld-linux-x86-64.so.2" inode=1575340 dev=08:02 mode=0100755 ouid=0 ogid=0 rdev=00:00 nametype=NORMAL cap_fp=0 cap_fi=0 cap_fe=0 cap_fver=0 cap_frootid=0OUID="root" OGID="root"
type=PROCTITLE msg=audit(1769263519.628:6999): proctitle=6C73002D6C61
type=SYSCALL msg=audit(1769263519.631:7000): arch=c000003e syscall=59 success=yes exit=0 a0=653e76a1f840 a1=653e76a1cff0 a2=653e76a17520 a3=653e76a1cff0 items=2 ppid=11465 pid=11485 auid=1000 uid=0 gid=0 euid=0 suid=0 fsuid=0 egid=0 sgid=0 fsgid=0 tty=pts1 ses=3 comm="ls" exe="/usr/bin/ls" subj=unconfined key="process_exec"ARCH=x86_64 SYSCALL=execve AUID="heroic" UID="root" GID="root" EUID="root" SUID="root" FSUID="root" EGID="root" SGID="root" FSGID="root"
type=EXECVE msg=audit(1769263519.631:7000): argc=2 a0="ls" a1="-la"
type=CWD msg=audit(1769263519.631:7000): cwd="/root/hids_benign"
type=PATH msg=audit(1769263519.631:7000): item=0 name="/usr/bin/ls" inode=1578104 dev=08:02 mode=0100755 ouid=0 ogid=0 rdev=00:00 nametype=NORMAL cap_fp=0 cap_fi=0 cap_fe=0 cap_fver=0 cap_frootid=0OUID="root" OGID="root"
type=PATH msg=audit(1769263519.631:7000): item=1 name="/lib64/ld-linux-x86-64.so.2" inode=1575340 dev=08:02 mode=0100755 ouid=0 ogid=0 rdev=00:00 nametype=NORMAL cap_fp=0 cap_fi=0 cap_fe=0 cap_fver=0 cap_frootid=0OUID="root" OGID="root"
type=PROCTITLE msg=audit(1769263519.631:7000): proctitle=6C73002D6C61
type=SYSCALL msg=audit(1769263519.633:7001): arch=c000003e syscall=59 success=yes exit=0 a0=653e76a19ca0 a1=653e76a1f8e0 a2=653e76a17520 a3=653e76a1f8e0 items=2 ppid=11465 pid=11486 auid=1000 uid=0 gid=0 euid=0 suid=0 fsuid=0 egid=0 sgid=0 fsgid=0 tty=pts1 ses=3 comm="ls" exe="/usr/bin/ls" subj=unconfined key="process_exec"ARCH=x86_64 SYSCALL=execve AUID="heroic" UID="root" GID="root" EUID="root" SUID="root" FSUID="root" EGID="root" SGID="root" FSGID="root"
type=EXECVE msg=audit(1769263519.633:7001): argc=2 a0="ls" a1="-la"
type=CWD msg=audit(1769263519.633:7001): cwd="/root/hids_benign"
type=PATH msg=audit(1769263519.633:7001): item=0 name="/usr/bin/ls" inode=1578104 dev=08:02 mode=0100755 ouid=0 ogid=0 rdev=00:00 nametype=NORMAL cap_fp=0 cap_fi=0 cap_fe=0 cap_fver=0 cap_frootid=0OUID="root" OGID="root"
type=PATH msg=audit(1769263519.633:7001): item=1 name="/lib64/ld-linux-x86-64.so.2" inode=1575340 dev=08:02 mode=0100755 ouid=0 ogid=0 rdev=00:00 nametype=NORMAL cap_fp=0 cap_fi=0 cap_fe=0 cap_fver=0 cap_frootid=0OUID="root" OGID="root"
type=PROCTITLE msg=audit(1769263519.633:7001): proctitle=6C73002D6C61
type=SYSCALL msg=audit(1769263519.635:7002): arch=c000003e syscall=59 success=yes exit=0 a0=653e76a1ef60 a1=653e76a1d010 a2=653e76a17520 a3=653e76a1f560 items=2 ppid=11465 pid=11487 auid=1000 uid=0 gid=0 euid=0 suid=0 fsuid=0 egid=0 sgid=0 fsgid=0 tty=pts1 ses=3 comm="curl" exe="/usr/bin/curl" subj=unconfined key="process_exec"ARCH=x86_64 SYSCALL=execve AUID="heroic" UID="root" GID="root" EUID="root" SUID="root" FSUID="root" EGID="root" SGID="root" FSGID="root"
type=EXECVE msg=audit(1769263519.635:7002): argc=3 a0="curl" a1="-s" a2="https://example.com"
type=CWD msg=audit(1769263519.635:7002): cwd="/root/hids_benign"
type=PATH msg=audit(1769263519.635:7002): item=0 name="/usr/bin/curl" inode=1573697 dev=08:02 mode=0100755 ouid=0 ogid=0 rdev=00:00 nametype=NORMAL cap_fp=0 cap_fi=0 cap_fe=0 cap_fver=0 cap_frootid=0OUID="root" OGID="root"
type=PATH msg=audit(1769263519.635:7002): item=1 name="/lib64/ld-linux-x86-64.so.2" inode=1575340 dev=08:02 mode=0100755 ouid=0 ogid=0 rdev=00:00 nametype=NORMAL cap_fp=0 cap_fi=0 cap_fe=0 cap_fver=0 cap_frootid=0OUID="root" OGID="root"
type=PROCTITLE msg=audit(1769263519.635:7002): proctitle=6375726C002D730068747470733A2F2F6578616D706C652E636F6D
type=SYSCALL msg=audit(1769263520.052:7003): arch=c000003e syscall=59 success=yes exit=0 a0=653e76a1cf10 a1=653e76a190c0 a2=653e76a17520 a3=653e76a1f580 items=2 ppid=11465 pid=11489 auid=1000 uid=0 gid=0 euid=0 suid=0 fsuid=0 egid=0 sgid=0 fsgid=0 tty=pts1 ses=3 comm="ssh" exe="/usr/bin/ssh" subj=unconfined key="process_exec"ARCH=x86_64 SYSCALL=execve AUID="heroic" UID="root" GID="root" EUID="root" SUID="root" FSUID="root" EGID="root" SGID="root" FSGID="root"
type=EXECVE msg=audit(1769263520.052:7003): argc=5 a0="ssh" a1="-o" a2="BatchMode=yes" a3="localhost" a4=6563686F205353485F4F4B
type=CWD msg=audit(1769263520.052:7003): cwd="/root/hids_benign"
type=PATH msg=audit(1769263520.052:7003): item=0 name="/usr/bin/ssh" inode=1573390 dev=08:02 mode=0100755 ouid=0 ogid=0 rdev=00:00 nametype=NORMAL cap_fp=0 cap_fi=0 cap_fe=0 cap_fver=0 cap_frootid=0OUID="root" OGID="root"
type=PATH msg=audit(1769263520.052:7003): item=1 name="/lib64/ld-linux-x86-64.so.2" inode=1575340 dev=08:02 mode=0100755 ouid=0 ogid=0 rdev=00:00 nametype=NORMAL cap_fp=0 cap_fi=0 cap_fe=0 cap_fver=0 cap_frootid=0OUID="root" OGID="root"
type=PROCTITLE msg=audit(1769263520.052:7003): proctitle=737368002D6F0042617463684D6F64653D796573006C6F63616C686F7374006563686F205353485F4F4B
type=SYSCALL msg=audit(1769263520.064:7004): arch=c000003e syscall=59 success=yes exit=0 a0=653e76a1ef80 a1=653e76a1f8e0 a2=653e76a17520 a3=653e76a1f8e0 items=2 ppid=11465 pid=11490 auid=1000 uid=0 gid=0 euid=0 suid=0 fsuid=0 egid=0 sgid=0 fsgid=0 tty=pts1 ses=3 comm="sleep" exe="/usr/bin/sleep" subj=unconfined key="process_exec"ARCH=x86_64 SYSCALL=execve AUID="heroic" UID="root" GID="root" EUID="root" SUID="root" FSUID="root" EGID="root" SGID="root" FSGID="root"
type=EXECVE msg=audit(1769263520.064:7004): argc=2 a0="sleep" a1="5"
type=CWD msg=audit(1769263520.064:7004): cwd="/root/hids_benign"
type=PATH msg=audit(1769263520.064:7004): item=0 name="/usr/bin/sleep" inode=1578138 dev=08:02 mode=0100755 ouid=0 ogid=0 rdev=00:00 nametype=NORMAL cap_fp=0 cap_fi=0 cap_fe=0 cap_fver=0 cap_frootid=0OUID="root" OGID="root"
type=PATH msg=audit(1769263520.064:7004): item=1 name="/lib64/ld-linux-x86-64.so.2" inode=1575340 dev=08:02 mode=0100755 ouid=0 ogid=0 rdev=00:00 nametype=NORMAL cap_fp=0 cap_fi=0 cap_fe=0 cap_fver=0 cap_frootid=0OUID="root" OGID="root"
type=PROCTITLE msg=audit(1769263520.064:7004): proctitle=736C6565700035
type=SYSCALL msg=audit(1769263525.071:7005): arch=c000003e syscall=59 success=yes exit=0 a0=653e76a19ca0 a1=653e76a1f1a0 a2=653e76a17520 a3=653e76a1f730 items=2 ppid=11465 pid=11491 auid=1000 uid=0 gid=0 euid=0 suid=0 fsuid=0 egid=0 sgid=0 fsgid=0 tty=pts1 ses=3 comm="rm" exe="/usr/bin/rm" subj=unconfined key="process_exec"ARCH=x86_64 SYSCALL=execve AUID="heroic" UID="root" GID="root" EUID="root" SUID="root" FSUID="root" EGID="root" SGID="root" FSGID="root"
type=EXECVE msg=audit(1769263525.071:7005): argc=14 a0="rm" a1="-f" a2="file_10.txt" a3="file_1.txt" a4="file_2.txt" a5="file_3.txt" a6="file_4.txt" a7="file_5.txt" a8="file_6.txt" a9="file_7.txt" a10="file_8.txt" a11="file_9.txt" a12="webpage.html" a13="dir_list.log"
type=CWD msg=audit(1769263525.071:7005): cwd="/root/hids_benign"
type=PATH msg=audit(1769263525.071:7005): item=0 name="/usr/bin/rm" inode=1578127 dev=08:02 mode=0100755 ouid=0 ogid=0 rdev=00:00 nametype=NORMAL cap_fp=0 cap_fi=0 cap_fe=0 cap_fver=0 cap_frootid=0OUID="root" OGID="root"
type=PATH msg=audit(1769263525.071:7005): item=1 name="/lib64/ld-linux-x86-64.so.2" inode=1575340 dev=08:02 mode=0100755 ouid=0 ogid=0 rdev=00:00 nametype=NORMAL cap_fp=0 cap_fi=0 cap_fe=0 cap_fver=0 cap_frootid=0OUID="root" OGID="root"
type=PROCTITLE msg=audit(1769263525.071:7005): proctitle=726D002D660066696C655F31302E7478740066696C655F312E7478740066696C655F322E7478740066696C655F332E7478740066696C655F342E7478740066696C655F352E7478740066696C655F362E7478740066696C655F372E7478740066696C655F382E7478740066696C655F392E74787400776562706167652E68746D
type=SYSCALL msg=audit(1769263525.080:7006): arch=c000003e syscall=59 success=yes exit=0 a0=653e76a1f4e0 a1=653e76a1f420 a2=653e76a17520 a3=653e76a1cb90 items=2 ppid=11465 pid=11492 auid=1000 uid=0 gid=0 euid=0 suid=0 fsuid=0 egid=0 sgid=0 fsgid=0 tty=pts1 ses=3 comm="rmdir" exe="/usr/bin/rmdir" subj=unconfined key="process_exec"ARCH=x86_64 SYSCALL=execve AUID="heroic" UID="root" GID="root" EUID="root" SUID="root" FSUID="root" EGID="root" SGID="root" FSGID="root"
type=EXECVE msg=audit(1769263525.080:7006): argc=2 a0="rmdir" a1="/root/hids_benign"
type=CWD msg=audit(1769263525.080:7006): cwd="/root/hids_benign"
type=PATH msg=audit(1769263525.080:7006): item=0 name="/usr/bin/rmdir" inode=1578128 dev=08:02 mode=0100755 ouid=0 ogid=0 rdev=00:00 nametype=NORMAL cap_fp=0 cap_fi=0 cap_fe=0 cap_fver=0 cap_frootid=0OUID="root" OGID="root"
type=PATH msg=audit(1769263525.080:7006): item=1 name="/lib64/ld-linux-x86-64.so.2" inode=1575340 dev=08:02 mode=0100755 ouid=0 ogid=0 rdev=00:00 nametype=NORMAL cap_fp=0 cap_fi=0 cap_fe=0 cap_fver=0 cap_frootid=0OUID="root" OGID="root"
type=PROCTITLE msg=audit(1769263525.080:7006): proctitle=726D646972002F726F6F742F686964735F62656E69676E
type=SYSCALL msg=audit(1769263525.112:7007): arch=c000003e syscall=59 success=yes exit=0 a0=653e76a1f8c0 a1=653e76a1f560 a2=653e76a17520 a3=653e76a1f560 items=2 ppid=11465 pid=11493 auid=1000 uid=0 gid=0 euid=0 suid=0 fsuid=0 egid=0 sgid=0 fsgid=0 tty=pts1 ses=3 comm="sleep" exe="/usr/bin/sleep" subj=unconfined key="process_exec"ARCH=x86_64 SYSCALL=execve AUID="heroic" UID="root" GID="root" EUID="root" SUID="root" FSUID="root" EGID="root" SGID="root" FSGID="root"
type=EXECVE msg=audit(1769263525.112:7007): argc=2 a0="sleep" a1="60"
type=CWD msg=audit(1769263525.112:7007): cwd=2F726F6F742F686964735F62656E69676E202864656C6574656429
type=PATH msg=audit(1769263525.112:7007): item=0 name="/usr/bin/sleep" inode=1578138 dev=08:02 mode=0100755 ouid=0 ogid=0 rdev=00:00 nametype=NORMAL cap_fp=0 cap_fi=0 cap_fe=0 cap_fver=0 cap_frootid=0OUID="root" OGID="root"
type=PATH msg=audit(1769263525.112:7007): item=1 name="/lib64/ld-linux-x86-64.so.2" inode=1575340 dev=08:02 mode=0100755 ouid=0 ogid=0 rdev=00:00 nametype=NORMAL cap_fp=0 cap_fi=0 cap_fe=0 cap_fver=0 cap_frootid=0OUID="root" OGID="root"
type=PROCTITLE msg=audit(1769263525.112:7007): proctitle=736C656570003630
type=SYSCALL msg=audit(1769263541.944:7008): arch=c000003e syscall=59 success=yes exit=0 a0=5e2174dd4b70 a1=5e21746e2810 a2=5e2174bd94b0 a3=8 items=2 ppid=10850 pid=11496 auid=1000 uid=1000 gid=1000 euid=1000 suid=1000 fsuid=1000 egid=1000 sgid=1000 fsgid=1000 tty=pts2 ses=3 comm="bash" exe="/usr/bin/bash" subj=unconfined key="process_exec"ARCH=x86_64 SYSCALL=execve AUID="heroic" UID="heroic" GID="heroic" EUID="heroic" SUID="heroic" FSUID="heroic" EGID="heroic" SGID="heroic" FSGID="heroic"
type=EXECVE msg=audit(1769263541.944:7008): argc=1 a0="bash"
type=CWD msg=audit(1769263541.944:7008): cwd="/home/heroic/Desktop"
type=PATH msg=audit(1769263541.944:7008): item=0 name="/bin/bash" inode=1573437 dev=08:02 mode=0100755 ouid=0 ogid=0 rdev=00:00 nametype=NORMAL cap_fp=0 cap_fi=0 cap_fe=0 cap_fver=0 cap_frootid=0OUID="root" OGID="root"
type=PATH msg=audit(1769263541.944:7008): item=1 name="/lib64/ld-linux-x86-64.so.2" inode=1575340 dev=08:02 mode=0100755 ouid=0 ogid=0 rdev=00:00 nametype=NORMAL cap_fp=0 cap_fi=0 cap_fe=0 cap_fver=0 cap_frootid=0OUID="root" OGID="root"
type=PROCTITLE msg=audit(1769263541.944:7008): proctitle="bash"
type=SYSCALL msg=audit(1769263541.951:7009): arch=c000003e syscall=59 success=yes exit=0 a0=559a52844970 a1=559a5284ab70 a2=559a52844190 a3=8 items=3 ppid=11496 pid=11498 auid=1000 uid=1000 gid=1000 euid=1000 suid=1000 fsuid=1000 egid=1000 sgid=1000 fsgid=1000 tty=pts2 ses=3 comm="lesspipe" exe="/usr/bin/dash" subj=unconfined key="process_exec"ARCH=x86_64 SYSCALL=execve AUID="heroic" UID="heroic" GID="heroic" EUID="heroic" SUID="heroic" FSUID="heroic" EGID="heroic" SGID="heroic" FSGID="heroic"
type=EXECVE msg=audit(1769263541.951:7009): argc=2 a0="/bin/sh" a1="/usr/bin/lesspipe"
type=CWD msg=audit(1769263541.951:7009): cwd="/home/heroic/Desktop"
type=PATH msg=audit(1769263541.951:7009): item=0 name="/usr/bin/lesspipe" inode=1573866 dev=08:02 mode=0100755 ouid=0 ogid=0 rdev=00:00 nametype=NORMAL cap_fp=0 cap_fi=0 cap_fe=0 cap_fver=0 cap_frootid=0OUID="root" OGID="root"
type=PATH msg=audit(1769263541.951:7009): item=1 name="/bin/sh" inode=1573518 dev=08:02 mode=0100755 ouid=0 ogid=0 rdev=00:00 nametype=NORMAL cap_fp=0 cap_fi=0 cap_fe=0 cap_fver=0 cap_frootid=0OUID="root" OGID="root"
type=PATH msg=audit(1769263541.951:7009): item=2 name="/lib64/ld-linux-x86-64.so.2" inode=1575340 dev=08:02 mode=0100755 ouid=0 ogid=0 rdev=00:00 nametype=NORMAL cap_fp=0 cap_fi=0 cap_fe=0 cap_fver=0 cap_frootid=0OUID="root" OGID="root"
type=PROCTITLE msg=audit(1769263541.951:7009): proctitle=2F62696E2F7368002F7573722F62696E2F6C65737370697065
type=SYSCALL msg=audit(1769263541.959:7010): arch=c000003e syscall=59 success=yes exit=0 a0=62328d0d9f18 a1=62328b7b8600 a2=62328d0d9da8 a3=1 items=2 ppid=11498 pid=11499 auid=1000 uid=1000 gid=1000 euid=1000 suid=1000 fsuid=1000 egid=1000 sgid=1000 fsgid=1000 tty=pts2 ses=3 comm="basename" exe="/usr/bin/basename" subj=unconfined key="process_exec"ARCH=x86_64 SYSCALL=execve AUID="heroic" UID="heroic" GID="heroic" EUID="heroic" SUID="heroic" FSUID="heroic" EGID="heroic" SGID="heroic" FSGID="heroic"
type=EXECVE msg=audit(1769263541.959:7010): argc=2 a0="basename" a1="/usr/bin/lesspipe"
type=CWD msg=audit(1769263541.959:7010): cwd="/home/heroic/Desktop"
type=PATH msg=audit(1769263541.959:7010): item=0 name="/usr/bin/basename" inode=1578014 dev=08:02 mode=0100755 ouid=0 ogid=0 rdev=00:00 nametype=NORMAL cap_fp=0 cap_fi=0 cap_fe=0 cap_fver=0 cap_frootid=0OUID="root" OGID="root"
type=PATH msg=audit(1769263541.959:7010): item=1 name="/lib64/ld-linux-x86-64.so.2" inode=1575340 dev=08:02 mode=0100755 ouid=0 ogid=0 rdev=00:00 nametype=NORMAL cap_fp=0 cap_fi=0 cap_fe=0 cap_fver=0 cap_frootid=0OUID="root" OGID="root"
type=PROCTITLE msg=audit(1769263541.959:7010): proctitle=626173656E616D65002F7573722F62696E2F6C65737370697065
type=SYSCALL msg=audit(1769263541.964:7011): arch=c000003e syscall=59 success=yes exit=0 a0=62328d0e5e98 a1=62328d0e5d10 a2=62328d0e5d28 a3=1 items=2 ppid=11500 pid=11501 auid=1000 uid=1000 gid=1000 euid=1000 suid=1000 fsuid=1000 egid=1000 sgid=1000 fsgid=1000 tty=pts2 ses=3 comm="dirname" exe="/usr/bin/dirname" subj=unconfined key="process_exec"ARCH=x86_64 SYSCALL=execve AUID="heroic" UID="heroic" GID="heroic" EUID="heroic" SUID="heroic" FSUID="heroic" EGID="heroic" SGID="heroic" FSGID="heroic"
type=EXECVE msg=audit(1769263541.964:7011): argc=2 a0="dirname" a1="/usr/bin/lesspipe"
type=CWD msg=audit(1769263541.964:7011): cwd="/home/heroic/Desktop"
type=PATH msg=audit(1769263541.964:7011): item=0 name="/usr/bin/dirname" inode=1578074 dev=08:02 mode=0100755 ouid=0 ogid=0 rdev=00:00 nametype=NORMAL cap_fp=0 cap_fi=0 cap_fe=0 cap_fver=0 cap_frootid=0OUID="root" OGID="root"
type=PATH msg=audit(1769263541.964:7011): item=1 name="/lib64/ld-linux-x86-64.so.2" inode=1575340 dev=08:02 mode=0100755 ouid=0 ogid=0 rdev=00:00 nametype=NORMAL cap_fp=0 cap_fi=0 cap_fe=0 cap_fver=0 cap_frootid=0OUID="root" OGID="root"
type=PROCTITLE msg=audit(1769263541.964:7011): proctitle=6469726E616D65002F7573722F62696E2F6C65737370697065
type=SYSCALL msg=audit(1769263541.986:7012): arch=c000003e syscall=59 success=yes exit=0 a0=559a5284b820 a1=559a5284c710 a2=559a5284b880 a3=8 items=2 ppid=11496 pid=11502 auid=1000 uid=1000 gid=1000 euid=1000 suid=1000 fsuid=1000 egid=1000 sgid=1000 fsgid=1000 tty=pts2 ses=3 comm="dircolors" exe="/usr/bin/dircolors" subj=unconfined key="process_exec"ARCH=x86_64 SYSCALL=execve AUID="heroic" UID="heroic" GID="heroic" EUID="heroic" SUID="heroic" FSUID="heroic" EGID="heroic" SGID="heroic" FSGID="heroic"
type=EXECVE msg=audit(1769263541.986:7012): argc=2 a0="dircolors" a1="-b"
type=CWD msg=audit(1769263541.986:7012): cwd="/home/heroic/Desktop"
type=PATH msg=audit(1769263541.986:7012): item=0 name="/usr/bin/dircolors" inode=1578073 dev=08:02 mode=0100755 ouid=0 ogid=0 rdev=00:00 nametype=NORMAL cap_fp=0 cap_fi=0 cap_fe=0 cap_fver=0 cap_frootid=0OUID="root" OGID="root"
type=PATH msg=audit(1769263541.986:7012): item=1 name="/lib64/ld-linux-x86-64.so.2" inode=1575340 dev=08:02 mode=0100755 ouid=0 ogid=0 rdev=00:00 nametype=NORMAL cap_fp=0 cap_fi=0 cap_fe=0 cap_fver=0 cap_frootid=0OUID="root" OGID="root"
type=PROCTITLE msg=audit(1769263541.986:7012): proctitle=646972636F6C6F7273002D62
type=SYSCALL msg=audit(1769263559.604:7013): arch=c000003e syscall=59 success=yes exit=0 a0=559a52952150 a1=559a5295c010 a2=559a529535d0 a3=559a5295c010 items=2 ppid=11496 pid=11507 auid=1000 uid=1000 gid=1000 euid=0 suid=0 fsuid=0 egid=1000 sgid=1000 fsgid=1000 tty=pts2 ses=3 comm="sudo" exe="/usr/bin/sudo" subj=unconfined key="process_exec"ARCH=x86_64 SYSCALL=execve AUID="heroic" UID="heroic" GID="heroic" EUID="root" SUID="root" FSUID="root" EGID="heroic" SGID="heroic" FSGID="heroic"
type=EXECVE msg=audit(1769263559.604:7013): argc=2 a0="sudo" a1="su"
type=CWD msg=audit(1769263559.604:7013): cwd="/home/heroic/Desktop"
type=PATH msg=audit(1769263559.604:7013): item=0 name="/usr/bin/sudo" inode=1574274 dev=08:02 mode=0104755 ouid=0 ogid=0 rdev=00:00 nametype=NORMAL cap_fp=0 cap_fi=0 cap_fe=0 cap_fver=0 cap_frootid=0OUID="root" OGID="root"
type=PATH msg=audit(1769263559.604:7013): item=1 name="/lib64/ld-linux-x86-64.so.2" inode=1575340 dev=08:02 mode=0100755 ouid=0 ogid=0 rdev=00:00 nametype=NORMAL cap_fp=0 cap_fi=0 cap_fe=0 cap_fver=0 cap_frootid=0OUID="root" OGID="root"
type=PROCTITLE msg=audit(1769263559.604:7013): proctitle=7375646F007375
type=USER_AUTH msg=audit(1769263562.775:7014): pid=11507 uid=1000 auid=1000 ses=3 subj=unconfined msg='op=PAM:authentication grantors=pam_permit,pam_cap acct="heroic" exe="/usr/bin/sudo" hostname=? addr=? terminal=/dev/pts/2 res=success'UID="heroic" AUID="heroic"
type=USER_ACCT msg=audit(1769263562.775:7015): pid=11507 uid=1000 auid=1000 ses=3 subj=unconfined msg='op=PAM:accounting grantors=pam_permit,pam_localuser acct="heroic" exe="/usr/bin/sudo" hostname=? addr=? terminal=/dev/pts/2 res=success'UID="heroic" AUID="heroic"
type=USER_CMD msg=audit(1769263562.775:7016): pid=11507 uid=1000 auid=1000 ses=3 subj=unconfined msg='cwd="/home/heroic/Desktop" cmd="su" exe="/usr/bin/sudo" terminal=pts/2 res=success'UID="heroic" AUID="heroic"
type=CRED_REFR msg=audit(1769263562.776:7017): pid=11507 uid=1000 auid=1000 ses=3 subj=unconfined msg='op=PAM:setcred grantors=pam_permit,pam_cap acct="root" exe="/usr/bin/sudo" hostname=? addr=? terminal=/dev/pts/2 res=success'UID="heroic" AUID="heroic"
type=USER_START msg=audit(1769263562.777:7018): pid=11507 uid=1000 auid=1000 ses=3 subj=unconfined msg='op=PAM:session_open grantors=pam_limits,pam_env,pam_env,pam_permit,pam_umask,pam_unix acct="root" exe="/usr/bin/sudo" hostname=? addr=? terminal=/dev/pts/2 res=success'UID="heroic" AUID="heroic"
type=SYSCALL msg=audit(1769263562.778:7019): arch=c000003e syscall=59 success=yes exit=0 a0=5b5e76becb68 a1=5b5e76bfcc90 a2=5b5e76c51330 a3=64 items=2 ppid=11508 pid=11509 auid=1000 uid=0 gid=0 euid=0 suid=0 fsuid=0 egid=0 sgid=0 fsgid=0 tty=pts3 ses=3 comm="su" exe="/usr/bin/su" subj=unconfined key="process_exec"ARCH=x86_64 SYSCALL=execve AUID="heroic" UID="root" GID="root" EUID="root" SUID="root" FSUID="root" EGID="root" SGID="root" FSGID="root"
type=EXECVE msg=audit(1769263562.778:7019): argc=1 a0="su"
type=CWD msg=audit(1769263562.778:7019): cwd="/home/heroic/Desktop"
type=PATH msg=audit(1769263562.778:7019): item=0 name="/usr/bin/su" inode=1578335 dev=08:02 mode=0104755 ouid=0 ogid=0 rdev=00:00 nametype=NORMAL cap_fp=0 cap_fi=0 cap_fe=0 cap_fver=0 cap_frootid=0OUID="root" OGID="root"
type=PATH msg=audit(1769263562.778:7019): item=1 name="/lib64/ld-linux-x86-64.so.2" inode=1575340 dev=08:02 mode=0100755 ouid=0 ogid=0 rdev=00:00 nametype=NORMAL cap_fp=0 cap_fi=0 cap_fe=0 cap_fver=0 cap_frootid=0OUID="root" OGID="root"
type=PROCTITLE msg=audit(1769263562.778:7019): proctitle="su"
type=USER_AUTH msg=audit(1769263562.784:7020): pid=11509 uid=0 auid=1000 ses=3 subj=unconfined msg='op=PAM:authentication grantors=pam_rootok acct="root" exe="/usr/bin/su" hostname=? addr=? terminal=/dev/pts/3 res=success'UID="root" AUID="heroic"
type=USER_ACCT msg=audit(1769263562.784:7021): pid=11509 uid=0 auid=1000 ses=3 subj=unconfined msg='op=PAM:accounting grantors=pam_permit,pam_localuser acct="root" exe="/usr/bin/su" hostname=? addr=? terminal=/dev/pts/3 res=success'UID="root" AUID="heroic"
type=CRED_ACQ msg=audit(1769263562.784:7022): pid=11509 uid=0 auid=1000 ses=3 subj=unconfined msg='op=PAM:setcred grantors=pam_rootok acct="root" exe="/usr/bin/su" hostname=? addr=? terminal=/dev/pts/3 res=success'UID="root" AUID="heroic"
type=USER_START msg=audit(1769263562.789:7023): pid=11509 uid=0 auid=1000 ses=3 subj=unconfined msg='op=PAM:session_open grantors=pam_env,pam_env,pam_mail,pam_limits,pam_permit,pam_umask,pam_unix,pam_systemd acct="root" exe="/usr/bin/su" hostname=? addr=? terminal=/dev/pts/3 res=success'UID="root" AUID="heroic"
type=SYSCALL msg=audit(1769263562.791:7024): arch=c000003e syscall=59 success=yes exit=0 a0=6393117b4c90 a1=6393117a7db0 a2=7fffcc096bc8 a3=6393117a7be0 items=2 ppid=11509 pid=11510 auid=1000 uid=0 gid=0 euid=0 suid=0 fsuid=0 egid=0 sgid=0 fsgid=0 tty=pts3 ses=3 comm="bash" exe="/usr/bin/bash" subj=unconfined key="process_exec"ARCH=x86_64 SYSCALL=execve AUID="heroic" UID="root" GID="root" EUID="root" SUID="root" FSUID="root" EGID="root" SGID="root" FSGID="root"
type=EXECVE msg=audit(1769263562.791:7024): argc=1 a0="bash"
type=CWD msg=audit(1769263562.791:7024): cwd="/home/heroic/Desktop"
type=PATH msg=audit(1769263562.791:7024): item=0 name="/bin/bash" inode=1573437 dev=08:02 mode=0100755 ouid=0 ogid=0 rdev=00:00 nametype=NORMAL cap_fp=0 cap_fi=0 cap_fe=0 cap_fver=0 cap_frootid=0OUID="root" OGID="root"
type=PATH msg=audit(1769263562.791:7024): item=1 name="/lib64/ld-linux-x86-64.so.2" inode=1575340 dev=08:02 mode=0100755 ouid=0 ogid=0 rdev=00:00 nametype=NORMAL cap_fp=0 cap_fi=0 cap_fe=0 cap_fver=0 cap_frootid=0OUID="root" OGID="root"
type=PROCTITLE msg=audit(1769263562.791:7024): proctitle="bash"
type=SYSCALL msg=audit(1769263562.795:7025): arch=c000003e syscall=59 success=yes exit=0 a0=5fb0bc74a250 a1=5fb0bc747f40 a2=5fb0bc747120 a3=5fb0bc747f90 items=2 ppid=11510 pid=11511 auid=1000 uid=0 gid=0 euid=0 suid=0 fsuid=0 egid=0 sgid=0 fsgid=0 tty=pts3 ses=3 comm="groups" exe="/usr/bin/groups" subj=unconfined key="process_exec"ARCH=x86_64 SYSCALL=execve AUID="heroic" UID="root" GID="root" EUID="root" SUID="root" FSUID="root" EGID="root" SGID="root" FSGID="root"
type=EXECVE msg=audit(1769263562.795:7025): argc=1 a0="groups"
type=CWD msg=audit(1769263562.795:7025): cwd="/home/heroic/Desktop"
type=PATH msg=audit(1769263562.795:7025): item=0 name="/usr/bin/groups" inode=1578094 dev=08:02 mode=0100755 ouid=0 ogid=0 rdev=00:00 nametype=NORMAL cap_fp=0 cap_fi=0 cap_fe=0 cap_fver=0 cap_frootid=0OUID="root" OGID="root"
type=PATH msg=audit(1769263562.795:7025): item=1 name="/lib64/ld-linux-x86-64.so.2" inode=1575340 dev=08:02 mode=0100755 ouid=0 ogid=0 rdev=00:00 nametype=NORMAL cap_fp=0 cap_fi=0 cap_fe=0 cap_fver=0 cap_frootid=0OUID="root" OGID="root"
type=PROCTITLE msg=audit(1769263562.795:7025): proctitle="groups"
type=SYSCALL msg=audit(1769263562.797:7026): arch=c000003e syscall=59 success=yes exit=0 a0=5fb0bc749740 a1=5fb0bc748aa0 a2=5fb0bc7477c0 a3=8 items=3 ppid=11510 pid=11512 auid=1000 uid=0 gid=0 euid=0 suid=0 fsuid=0 egid=0 sgid=0 fsgid=0 tty=pts3 ses=3 comm="lesspipe" exe="/usr/bin/dash" subj=unconfined key="process_exec"ARCH=x86_64 SYSCALL=execve AUID="heroic" UID="root" GID="root" EUID="root" SUID="root" FSUID="root" EGID="root" SGID="root" FSGID="root"
type=EXECVE msg=audit(1769263562.797:7026): argc=2 a0="/bin/sh" a1="/usr/bin/lesspipe"
type=CWD msg=audit(1769263562.797:7026): cwd="/home/heroic/Desktop"
type=PATH msg=audit(1769263562.797:7026): item=0 name="/usr/bin/lesspipe" inode=1573866 dev=08:02 mode=0100755 ouid=0 ogid=0 rdev=00:00 nametype=NORMAL cap_fp=0 cap_fi=0 cap_fe=0 cap_fver=0 cap_frootid=0OUID="root" OGID="root"
type=PATH msg=audit(1769263562.797:7026): item=1 name="/bin/sh" inode=1573518 dev=08:02 mode=0100755 ouid=0 ogid=0 rdev=00:00 nametype=NORMAL cap_fp=0 cap_fi=0 cap_fe=0 cap_fver=0 cap_frootid=0OUID="root" OGID="root"
type=PATH msg=audit(1769263562.797:7026): item=2 name="/lib64/ld-linux-x86-64.so.2" inode=1575340 dev=08:02 mode=0100755 ouid=0 ogid=0 rdev=00:00 nametype=NORMAL cap_fp=0 cap_fi=0 cap_fe=0 cap_fver=0 cap_frootid=0OUID="root" OGID="root"
type=PROCTITLE msg=audit(1769263562.797:7026): proctitle=2F62696E2F7368002F7573722F62696E2F6C65737370697065
type=SYSCALL msg=audit(1769263562.799:7027): arch=c000003e syscall=59 success=yes exit=0 a0=62ace59eb960 a1=62acb7297600 a2=62ace59eb8b8 a3=1 items=2 ppid=11512 pid=11513 auid=1000 uid=0 gid=0 euid=0 suid=0 fsuid=0 egid=0 sgid=0 fsgid=0 tty=pts3 ses=3 comm="basename" exe="/usr/bin/basename" subj=unconfined key="process_exec"ARCH=x86_64 SYSCALL=execve AUID="heroic" UID="root" GID="root" EUID="root" SUID="root" FSUID="root" EGID="root" SGID="root" FSGID="root"
type=EXECVE msg=audit(1769263562.799:7027): argc=2 a0="basename" a1="/usr/bin/lesspipe"
type=CWD msg=audit(1769263562.799:7027): cwd="/home/heroic/Desktop"
type=PATH msg=audit(1769263562.799:7027): item=0 name="/usr/bin/basename" inode=1578014 dev=08:02 mode=0100755 ouid=0 ogid=0 rdev=00:00 nametype=NORMAL cap_fp=0 cap_fi=0 cap_fe=0 cap_fver=0 cap_frootid=0OUID="root" OGID="root"
type=PATH msg=audit(1769263562.799:7027): item=1 name="/lib64/ld-linux-x86-64.so.2" inode=1575340 dev=08:02 mode=0100755 ouid=0 ogid=0 rdev=00:00 nametype=NORMAL cap_fp=0 cap_fi=0 cap_fe=0 cap_fver=0 cap_frootid=0OUID="root" OGID="root"
type=PROCTITLE msg=audit(1769263562.799:7027): proctitle=626173656E616D65002F7573722F62696E2F6C65737370697065
type=SYSCALL msg=audit(1769263562.802:7028): arch=c000003e syscall=59 success=yes exit=0 a0=62ace59f78e0 a1=62ace59f7820 a2=62ace59f7838 a3=1 items=2 ppid=11514 pid=11515 auid=1000 uid=0 gid=0 euid=0 suid=0 fsuid=0 egid=0 sgid=0 fsgid=0 tty=pts3 ses=3 comm="dirname" exe="/usr/bin/dirname" subj=unconfined key="process_exec"ARCH=x86_64 SYSCALL=execve AUID="heroic" UID="root" GID="root" EUID="root" SUID="root" FSUID="root" EGID="root" SGID="root" FSGID="root"
type=EXECVE msg=audit(1769263562.802:7028): argc=2 a0="dirname" a1="/usr/bin/lesspipe"
type=CWD msg=audit(1769263562.802:7028): cwd="/home/heroic/Desktop"
type=PATH msg=audit(1769263562.802:7028): item=0 name="/usr/bin/dirname" inode=1578074 dev=08:02 mode=0100755 ouid=0 ogid=0 rdev=00:00 nametype=NORMAL cap_fp=0 cap_fi=0 cap_fe=0 cap_fver=0 cap_frootid=0OUID="root" OGID="root"
type=PATH msg=audit(1769263562.802:7028): item=1 name="/lib64/ld-linux-x86-64.so.2" inode=1575340 dev=08:02 mode=0100755 ouid=0 ogid=0 rdev=00:00 nametype=NORMAL cap_fp=0 cap_fi=0 cap_fe=0 cap_fver=0 cap_frootid=0OUID="root" OGID="root"
type=PROCTITLE msg=audit(1769263562.802:7028): proctitle=6469726E616D65002F7573722F62696E2F6C65737370697065
type=SYSCALL msg=audit(1769263562.805:7029): arch=c000003e syscall=59 success=yes exit=0 a0=5fb0bc747e00 a1=5fb0bc74fc70 a2=5fb0bc7477c0 a3=8 items=2 ppid=11510 pid=11516 auid=1000 uid=0 gid=0 euid=0 suid=0 fsuid=0 egid=0 sgid=0 fsgid=0 tty=pts3 ses=3 comm="dircolors" exe="/usr/bin/dircolors" subj=unconfined key="process_exec"ARCH=x86_64 SYSCALL=execve AUID="heroic" UID="root" GID="root" EUID="root" SUID="root" FSUID="root" EGID="root" SGID="root" FSGID="root"
type=EXECVE msg=audit(1769263562.805:7029): argc=2 a0="dircolors" a1="-b"
type=CWD msg=audit(1769263562.805:7029): cwd="/home/heroic/Desktop"
type=PATH msg=audit(1769263562.805:7029): item=0 name="/usr/bin/dircolors" inode=1578073 dev=08:02 mode=0100755 ouid=0 ogid=0 rdev=00:00 nametype=NORMAL cap_fp=0 cap_fi=0 cap_fe=0 cap_fver=0 cap_frootid=0OUID="root" OGID="root"
type=PATH msg=audit(1769263562.805:7029): item=1 name="/lib64/ld-linux-x86-64.so.2" inode=1575340 dev=08:02 mode=0100755 ouid=0 ogid=0 rdev=00:00 nametype=NORMAL cap_fp=0 cap_fi=0 cap_fe=0 cap_fver=0 cap_frootid=0OUID="root" OGID="root"
type=PROCTITLE msg=audit(1769263562.805:7029): proctitle=646972636F6C6F7273002D62
type=SYSCALL msg=audit(1769263585.121:7030): arch=c000003e syscall=59 success=yes exit=0 a0=653e76a1efe0 a1=653e76a1ff10 a2=653e76a17520 a3=653e76a1cb90 items=2 ppid=11465 pid=11519 auid=1000 uid=0 gid=0 euid=0 suid=0 fsuid=0 egid=0 sgid=0 fsgid=0 tty=pts1 ses=3 comm="mkdir" exe="/usr/bin/mkdir" subj=unconfined key="process_exec"ARCH=x86_64 SYSCALL=execve AUID="heroic" UID="root" GID="root" EUID="root" SUID="root" FSUID="root" EGID="root" SGID="root" FSGID="root"
type=EXECVE msg=audit(1769263585.121:7030): argc=3 a0="mkdir" a1="-p" a2="/root/hids_benign"
type=CWD msg=audit(1769263585.121:7030): cwd=2F726F6F742F686964735F62656E69676E202864656C6574656429
type=PATH msg=audit(1769263585.121:7030): item=0 name="/usr/bin/mkdir" inode=1578106 dev=08:02 mode=0100755 ouid=0 ogid=0 rdev=00:00 nametype=NORMAL cap_fp=0 cap_fi=0 cap_fe=0 cap_fver=0 cap_frootid=0OUID="root" OGID="root"
type=PATH msg=audit(1769263585.121:7030): item=1 name="/lib64/ld-linux-x86-64.so.2" inode=1575340 dev=08:02 mode=0100755 ouid=0 ogid=0 rdev=00:00 nametype=NORMAL cap_fp=0 cap_fi=0 cap_fe=0 cap_fver=0 cap_frootid=0OUID="root" OGID="root"
type=PROCTITLE msg=audit(1769263585.121:7030): proctitle=6D6B646972002D70002F726F6F742F686964735F62656E69676E
type=SYSCALL msg=audit(1769263585.125:7031): arch=c000003e syscall=59 success=yes exit=0 a0=653e76a20270 a1=653e76a1f380 a2=653e76a17520 a3=653e76a1f380 items=2 ppid=11465 pid=11520 auid=1000 uid=0 gid=0 euid=0 suid=0 fsuid=0 egid=0 sgid=0 fsgid=0 tty=pts1 ses=3 comm="cat" exe="/usr/bin/cat" subj=unconfined key="process_exec"ARCH=x86_64 SYSCALL=execve AUID="heroic" UID="root" GID="root" EUID="root" SUID="root" FSUID="root" EGID="root" SGID="root" FSGID="root"
type=EXECVE msg=audit(1769263585.125:7031): argc=2 a0="cat" a1="file_1.txt"
type=CWD msg=audit(1769263585.125:7031): cwd="/root/hids_benign"
type=PATH msg=audit(1769263585.125:7031): item=0 name="/usr/bin/cat" inode=1578016 dev=08:02 mode=0100755 ouid=0 ogid=0 rdev=00:00 nametype=NORMAL cap_fp=0 cap_fi=0 cap_fe=0 cap_fver=0 cap_frootid=0OUID="root" OGID="root"
type=PATH msg=audit(1769263585.125:7031): item=1 name="/lib64/ld-linux-x86-64.so.2" inode=1575340 dev=08:02 mode=0100755 ouid=0 ogid=0 rdev=00:00 nametype=NORMAL cap_fp=0 cap_fi=0 cap_fe=0 cap_fver=0 cap_frootid=0OUID="root" OGID="root"
type=PROCTITLE msg=audit(1769263585.125:7031): proctitle=6361740066696C655F312E747874
type=SYSCALL msg=audit(1769263585.130:7032): arch=c000003e syscall=59 success=yes exit=0 a0=653e76a1f380 a1=653e76a20250 a2=653e76a17520 a3=653e76a20250 items=2 ppid=11465 pid=11521 auid=1000 uid=0 gid=0 euid=0 suid=0 fsuid=0 egid=0 sgid=0 fsgid=0 tty=pts1 ses=3 comm="cat" exe="/usr/bin/cat" subj=unconfined key="process_exec"ARCH=x86_64 SYSCALL=execve AUID="heroic" UID="root" GID="root" EUID="root" SUID="root" FSUID="root" EGID="root" SGID="root" FSGID="root"
type=EXECVE msg=audit(1769263585.130:7032): argc=2 a0="cat" a1="file_2.txt"
type=CWD msg=audit(1769263585.130:7032): cwd="/root/hids_benign"
type=PATH msg=audit(1769263585.130:7032): item=0 name="/usr/bin/cat" inode=1578016 dev=08:02 mode=0100755 ouid=0 ogid=0 rdev=00:00 nametype=NORMAL cap_fp=0 cap_fi=0 cap_fe=0 cap_fver=0 cap_frootid=0OUID="root" OGID="root"
type=PATH msg=audit(1769263585.130:7032): item=1 name="/lib64/ld-linux-x86-64.so.2" inode=1575340 dev=08:02 mode=0100755 ouid=0 ogid=0 rdev=00:00 nametype=NORMAL cap_fp=0 cap_fi=0 cap_fe=0 cap_fver=0 cap_frootid=0OUID="root" OGID="root"
type=PROCTITLE msg=audit(1769263585.130:7032): proctitle=6361740066696C655F322E747874
type=SYSCALL msg=audit(1769263585.144:7033): arch=c000003e syscall=59 success=yes exit=0 a0=653e76a20250 a1=653e76a20270 a2=653e76a17520 a3=653e76a20270 items=2 ppid=11465 pid=11522 auid=1000 uid=0 gid=0 euid=0 suid=0 fsuid=0 egid=0 sgid=0 fsgid=0 tty=pts1 ses=3 comm="cat" exe="/usr/bin/cat" subj=unconfined key="process_exec"ARCH=x86_64 SYSCALL=execve AUID="heroic" UID="root" GID="root" EUID="root" SUID="root" FSUID="root" EGID="root" SGID="root" FSGID="root"
type=EXECVE msg=audit(1769263585.144:7033): argc=2 a0="cat" a1="file_3.txt"
type=CWD msg=audit(1769263585.144:7033): cwd="/root/hids_benign"
type=PATH msg=audit(1769263585.144:7033): item=0 name="/usr/bin/cat" inode=1578016 dev=08:02 mode=0100755 ouid=0 ogid=0 rdev=00:00 nametype=NORMAL cap_fp=0 cap_fi=0 cap_fe=0 cap_fver=0 cap_frootid=0OUID="root" OGID="root"
type=PATH msg=audit(1769263585.144:7033): item=1 name="/lib64/ld-linux-x86-64.so.2" inode=1575340 dev=08:02 mode=0100755 ouid=0 ogid=0 rdev=00:00 nametype=NORMAL cap_fp=0 cap_fi=0 cap_fe=0 cap_fver=0 cap_frootid=0OUID="root" OGID="root"
type=PROCTITLE msg=audit(1769263585.144:7033): proctitle=6361740066696C655F332E747874
type=SYSCALL msg=audit(1769263585.147:7034): arch=c000003e syscall=59 success=yes exit=0 a0=653e76a20270 a1=653e76a1f380 a2=653e76a17520 a3=653e76a1f380 items=2 ppid=11465 pid=11523 auid=1000 uid=0 gid=0 euid=0 suid=0 fsuid=0 egid=0 sgid=0 fsgid=0 tty=pts1 ses=3 comm="cat" exe="/usr/bin/cat" subj=unconfined key="process_exec"ARCH=x86_64 SYSCALL=execve AUID="heroic" UID="root" GID="root" EUID="root" SUID="root" FSUID="root" EGID="root" SGID="root" FSGID="root"
type=EXECVE msg=audit(1769263585.147:7034): argc=2 a0="cat" a1="file_4.txt"
type=CWD msg=audit(1769263585.147:7034): cwd="/root/hids_benign"
type=PATH msg=audit(1769263585.147:7034): item=0 name="/usr/bin/cat" inode=1578016 dev=08:02 mode=0100755 ouid=0 ogid=0 rdev=00:00 nametype=NORMAL cap_fp=0 cap_fi=0 cap_fe=0 cap_fver=0 cap_frootid=0OUID="root" OGID="root"
type=PATH msg=audit(1769263585.147:7034): item=1 name="/lib64/ld-linux-x86-64.so.2" inode=1575340 dev=08:02 mode=0100755 ouid=0 ogid=0 rdev=00:00 nametype=NORMAL cap_fp=0 cap_fi=0 cap_fe=0 cap_fver=0 cap_frootid=0OUID="root" OGID="root"
type=PROCTITLE msg=audit(1769263585.147:7034): proctitle=6361740066696C655F342E747874
type=SYSCALL msg=audit(1769263585.150:7035): arch=c000003e syscall=59 success=yes exit=0 a0=653e76a1f380 a1=653e76a20250 a2=653e76a17520 a3=653e76a20250 items=2 ppid=11465 pid=11524 auid=1000 uid=0 gid=0 euid=0 suid=0 fsuid=0 egid=0 sgid=0 fsgid=0 tty=pts1 ses=3 comm="cat" exe="/usr/bin/cat" subj=unconfined key="process_exec"ARCH=x86_64 SYSCALL=execve AUID="heroic" UID="root" GID="root" EUID="root" SUID="root" FSUID="root" EGID="root" SGID="root" FSGID="root"
type=EXECVE msg=audit(1769263585.150:7035): argc=2 a0="cat" a1="file_5.txt"
type=CWD msg=audit(1769263585.150:7035): cwd="/root/hids_benign"
type=PATH msg=audit(1769263585.150:7035): item=0 name="/usr/bin/cat" inode=1578016 dev=08:02 mode=0100755 ouid=0 ogid=0 rdev=00:00 nametype=NORMAL cap_fp=0 cap_fi=0 cap_fe=0 cap_fver=0 cap_frootid=0OUID="root" OGID="root"
type=PATH msg=audit(1769263585.150:7035): item=1 name="/lib64/ld-linux-x86-64.so.2" inode=1575340 dev=08:02 mode=0100755 ouid=0 ogid=0 rdev=00:00 nametype=NORMAL cap_fp=0 cap_fi=0 cap_fe=0 cap_fver=0 cap_frootid=0OUID="root" OGID="root"
type=PROCTITLE msg=audit(1769263585.150:7035): proctitle=6361740066696C655F352E747874
type=SYSCALL msg=audit(1769263585.151:7036): arch=c000003e syscall=59 success=yes exit=0 a0=653e76a20250 a1=653e76a20270 a2=653e76a17520 a3=653e76a20270 items=2 ppid=11465 pid=11525 auid=1000 uid=0 gid=0 euid=0 suid=0 fsuid=0 egid=0 sgid=0 fsgid=0 tty=pts1 ses=3 comm="cat" exe="/usr/bin/cat" subj=unconfined key="process_exec"ARCH=x86_64 SYSCALL=execve AUID="heroic" UID="root" GID="root" EUID="root" SUID="root" FSUID="root" EGID="root" SGID="root" FSGID="root"
type=EXECVE msg=audit(1769263585.151:7036): argc=2 a0="cat" a1="file_6.txt"
type=CWD msg=audit(1769263585.151:7036): cwd="/root/hids_benign"
type=PATH msg=audit(1769263585.151:7036): item=0 name="/usr/bin/cat" inode=1578016 dev=08:02 mode=0100755 ouid=0 ogid=0 rdev=00:00 nametype=NORMAL cap_fp=0 cap_fi=0 cap_fe=0 cap_fver=0 cap_frootid=0OUID="root" OGID="root"
type=PATH msg=audit(1769263585.151:7036): item=1 name="/lib64/ld-linux-x86-64.so.2" inode=1575340 dev=08:02 mode=0100755 ouid=0 ogid=0 rdev=00:00 nametype=NORMAL cap_fp=0 cap_fi=0 cap_fe=0 cap_fver=0 cap_frootid=0OUID="root" OGID="root"
type=PROCTITLE msg=audit(1769263585.151:7036): proctitle=6361740066696C655F362E747874
type=SYSCALL msg=audit(1769263585.154:7037): arch=c000003e syscall=59 success=yes exit=0 a0=653e76a20270 a1=653e76a1f380 a2=653e76a17520 a3=653e76a1f380 items=2 ppid=11465 pid=11526 auid=1000 uid=0 gid=0 euid=0 suid=0 fsuid=0 egid=0 sgid=0 fsgid=0 tty=pts1 ses=3 comm="cat" exe="/usr/bin/cat" subj=unconfined key="process_exec"ARCH=x86_64 SYSCALL=execve AUID="heroic" UID="root" GID="root" EUID="root" SUID="root" FSUID="root" EGID="root" SGID="root" FSGID="root"
type=EXECVE msg=audit(1769263585.154:7037): argc=2 a0="cat" a1="file_7.txt"
type=CWD msg=audit(1769263585.154:7037): cwd="/root/hids_benign"
type=PATH msg=audit(1769263585.154:7037): item=0 name="/usr/bin/cat" inode=1578016 dev=08:02 mode=0100755 ouid=0 ogid=0 rdev=00:00 nametype=NORMAL cap_fp=0 cap_fi=0 cap_fe=0 cap_fver=0 cap_frootid=0OUID="root" OGID="root"
type=PATH msg=audit(1769263585.154:7037): item=1 name="/lib64/ld-linux-x86-64.so.2" inode=1575340 dev=08:02 mode=0100755 ouid=0 ogid=0 rdev=00:00 nametype=NORMAL cap_fp=0 cap_fi=0 cap_fe=0 cap_fver=0 cap_frootid=0OUID="root" OGID="root"
type=PROCTITLE msg=audit(1769263585.154:7037): proctitle=6361740066696C655F372E747874
type=SYSCALL msg=audit(1769263585.156:7038): arch=c000003e syscall=59 success=yes exit=0 a0=653e76a1f380 a1=653e76a20250 a2=653e76a17520 a3=653e76a20250 items=2 ppid=11465 pid=11527 auid=1000 uid=0 gid=0 euid=0 suid=0 fsuid=0 egid=0 sgid=0 fsgid=0 tty=pts1 ses=3 comm="cat" exe="/usr/bin/cat" subj=unconfined key="process_exec"ARCH=x86_64 SYSCALL=execve AUID="heroic" UID="root" GID="root" EUID="root" SUID="root" FSUID="root" EGID="root" SGID="root" FSGID="root"
type=EXECVE msg=audit(1769263585.156:7038): argc=2 a0="cat" a1="file_8.txt"
type=CWD msg=audit(1769263585.156:7038): cwd="/root/hids_benign"
type=PATH msg=audit(1769263585.156:7038): item=0 name="/usr/bin/cat" inode=1578016 dev=08:02 mode=0100755 ouid=0 ogid=0 rdev=00:00 nametype=NORMAL cap_fp=0 cap_fi=0 cap_fe=0 cap_fver=0 cap_frootid=0OUID="root" OGID="root"
type=PATH msg=audit(1769263585.156:7038): item=1 name="/lib64/ld-linux-x86-64.so.2" inode=1575340 dev=08:02 mode=0100755 ouid=0 ogid=0 rdev=00:00 nametype=NORMAL cap_fp=0 cap_fi=0 cap_fe=0 cap_fver=0 cap_frootid=0OUID="root" OGID="root"
type=PROCTITLE msg=audit(1769263585.156:7038): proctitle=6361740066696C655F382E747874
type=SYSCALL msg=audit(1769263585.157:7039): arch=c000003e syscall=59 success=yes exit=0 a0=653e76a20250 a1=653e76a20270 a2=653e76a17520 a3=653e76a20270 items=2 ppid=11465 pid=11528 auid=1000 uid=0 gid=0 euid=0 suid=0 fsuid=0 egid=0 sgid=0 fsgid=0 tty=pts1 ses=3 comm="cat" exe="/usr/bin/cat" subj=unconfined key="process_exec"ARCH=x86_64 SYSCALL=execve AUID="heroic" UID="root" GID="root" EUID="root" SUID="root" FSUID="root" EGID="root" SGID="root" FSGID="root"
type=EXECVE msg=audit(1769263585.157:7039): argc=2 a0="cat" a1="file_9.txt"
type=CWD msg=audit(1769263585.157:7039): cwd="/root/hids_benign"
type=PATH msg=audit(1769263585.157:7039): item=0 name="/usr/bin/cat" inode=1578016 dev=08:02 mode=0100755 ouid=0 ogid=0 rdev=00:00 nametype=NORMAL cap_fp=0 cap_fi=0 cap_fe=0 cap_fver=0 cap_frootid=0OUID="root" OGID="root"
type=PATH msg=audit(1769263585.157:7039): item=1 name="/lib64/ld-linux-x86-64.so.2" inode=1575340 dev=08:02 mode=0100755 ouid=0 ogid=0 rdev=00:00 nametype=NORMAL cap_fp=0 cap_fi=0 cap_fe=0 cap_fver=0 cap_frootid=0OUID="root" OGID="root"
type=PROCTITLE msg=audit(1769263585.157:7039): proctitle=6361740066696C655F392E747874
type=SYSCALL msg=audit(1769263585.159:7040): arch=c000003e syscall=59 success=yes exit=0 a0=653e76a20270 a1=653e76a1f380 a2=653e76a17520 a3=653e76a1f380 items=2 ppid=11465 pid=11529 auid=1000 uid=0 gid=0 euid=0 suid=0 fsuid=0 egid=0 sgid=0 fsgid=0 tty=pts1 ses=3 comm="cat" exe="/usr/bin/cat" subj=unconfined key="process_exec"ARCH=x86_64 SYSCALL=execve AUID="heroic" UID="root" GID="root" EUID="root" SUID="root" FSUID="root" EGID="root" SGID="root" FSGID="root"
type=EXECVE msg=audit(1769263585.159:7040): argc=2 a0="cat" a1="file_10.txt"
type=CWD msg=audit(1769263585.159:7040): cwd="/root/hids_benign"
type=PATH msg=audit(1769263585.159:7040): item=0 name="/usr/bin/cat" inode=1578016 dev=08:02 mode=0100755 ouid=0 ogid=0 rdev=00:00 nametype=NORMAL cap_fp=0 cap_fi=0 cap_fe=0 cap_fver=0 cap_frootid=0OUID="root" OGID="root"
type=PATH msg=audit(1769263585.159:7040): item=1 name="/lib64/ld-linux-x86-64.so.2" inode=1575340 dev=08:02 mode=0100755 ouid=0 ogid=0 rdev=00:00 nametype=NORMAL cap_fp=0 cap_fi=0 cap_fe=0 cap_fver=0 cap_frootid=0OUID="root" OGID="root"
type=PROCTITLE msg=audit(1769263585.159:7040): proctitle=6361740066696C655F31302E747874
type=SYSCALL msg=audit(1769263585.161:7041): arch=c000003e syscall=59 success=yes exit=0 a0=653e76a1f360 a1=653e76a1fe50 a2=653e76a17520 a3=0 items=2 ppid=11465 pid=11530 auid=1000 uid=0 gid=0 euid=0 suid=0 fsuid=0 egid=0 sgid=0 fsgid=0 tty=pts1 ses=3 comm="vim" exe="/usr/bin/vim.basic" subj=unconfined key="process_exec"ARCH=x86_64 SYSCALL=execve AUID="heroic" UID="root" GID="root" EUID="root" SUID="root" FSUID="root" EGID="root" SGID="root" FSGID="root"
type=EXECVE msg=audit(1769263585.161:7041): argc=3 a0="vim" a1="-es" a2="file_1.txt"
type=CWD msg=audit(1769263585.161:7041): cwd="/root/hids_benign"
type=PATH msg=audit(1769263585.161:7041): item=0 name="/usr/bin/vim" inode=1575517 dev=08:02 mode=0100755 ouid=0 ogid=0 rdev=00:00 nametype=NORMAL cap_fp=0 cap_fi=0 cap_fe=0 cap_fver=0 cap_frootid=0OUID="root" OGID="root"
type=PATH msg=audit(1769263585.161:7041): item=1 name="/lib64/ld-linux-x86-64.so.2" inode=1575340 dev=08:02 mode=0100755 ouid=0 ogid=0 rdev=00:00 nametype=NORMAL cap_fp=0 cap_fi=0 cap_fe=0 cap_fver=0 cap_frootid=0OUID="root" OGID="root"
type=PROCTITLE msg=audit(1769263585.161:7041): proctitle=76696D002D65730066696C655F312E747874
type=SYSCALL msg=audit(1769263585.171:7042): arch=c000003e syscall=59 success=yes exit=0 a0=653e76a1d800 a1=653e76a1fe50 a2=653e76a17520 a3=0 items=2 ppid=11465 pid=11531 auid=1000 uid=0 gid=0 euid=0 suid=0 fsuid=0 egid=0 sgid=0 fsgid=0 tty=pts1 ses=3 comm="vim" exe="/usr/bin/vim.basic" subj=unconfined key="process_exec"ARCH=x86_64 SYSCALL=execve AUID="heroic" UID="root" GID="root" EUID="root" SUID="root" FSUID="root" EGID="root" SGID="root" FSGID="root"
type=EXECVE msg=audit(1769263585.171:7042): argc=3 a0="vim" a1="-es" a2="file_2.txt"
type=CWD msg=audit(1769263585.171:7042): cwd="/root/hids_benign"
type=PATH msg=audit(1769263585.171:7042): item=0 name="/usr/bin/vim" inode=1575517 dev=08:02 mode=0100755 ouid=0 ogid=0 rdev=00:00 nametype=NORMAL cap_fp=0 cap_fi=0 cap_fe=0 cap_fver=0 cap_frootid=0OUID="root" OGID="root"
type=PATH msg=audit(1769263585.171:7042): item=1 name="/lib64/ld-linux-x86-64.so.2" inode=1575340 dev=08:02 mode=0100755 ouid=0 ogid=0 rdev=00:00 nametype=NORMAL cap_fp=0 cap_fi=0 cap_fe=0 cap_fver=0 cap_frootid=0OUID="root" OGID="root"
type=PROCTITLE msg=audit(1769263585.171:7042): proctitle=76696D002D65730066696C655F322E747874
type=SYSCALL msg=audit(1769263585.180:7043): arch=c000003e syscall=59 success=yes exit=0 a0=653e76a20310 a1=653e76a1fe50 a2=653e76a17520 a3=0 items=2 ppid=11465 pid=11532 auid=1000 uid=0 gid=0 euid=0 suid=0 fsuid=0 egid=0 sgid=0 fsgid=0 tty=pts1 ses=3 comm="vim" exe="/usr/bin/vim.basic" subj=unconfined key="process_exec"ARCH=x86_64 SYSCALL=execve AUID="heroic" UID="root" GID="root" EUID="root" SUID="root" FSUID="root" EGID="root" SGID="root" FSGID="root"
type=EXECVE msg=audit(1769263585.180:7043): argc=3 a0="vim" a1="-es" a2="file_3.txt"
type=CWD msg=audit(1769263585.180:7043): cwd="/root/hids_benign"
type=PATH msg=audit(1769263585.180:7043): item=0 name="/usr/bin/vim" inode=1575517 dev=08:02 mode=0100755 ouid=0 ogid=0 rdev=00:00 nametype=NORMAL cap_fp=0 cap_fi=0 cap_fe=0 cap_fver=0 cap_frootid=0OUID="root" OGID="root"
type=PATH msg=audit(1769263585.180:7043): item=1 name="/lib64/ld-linux-x86-64.so.2" inode=1575340 dev=08:02 mode=0100755 ouid=0 ogid=0 rdev=00:00 nametype=NORMAL cap_fp=0 cap_fi=0 cap_fe=0 cap_fver=0 cap_frootid=0OUID="root" OGID="root"
type=PROCTITLE msg=audit(1769263585.180:7043): proctitle=76696D002D65730066696C655F332E747874
type=SYSCALL msg=audit(1769263585.186:7044): arch=c000003e syscall=59 success=yes exit=0 a0=653e76a20250 a1=653e76a1fe50 a2=653e76a17520 a3=0 items=2 ppid=11465 pid=11533 auid=1000 uid=0 gid=0 euid=0 suid=0 fsuid=0 egid=0 sgid=0 fsgid=0 tty=pts1 ses=3 comm="vim" exe="/usr/bin/vim.basic" subj=unconfined key="process_exec"ARCH=x86_64 SYSCALL=execve AUID="heroic" UID="root" GID="root" EUID="root" SUID="root" FSUID="root" EGID="root" SGID="root" FSGID="root"
type=EXECVE msg=audit(1769263585.186:7044): argc=3 a0="vim" a1="-es" a2="file_4.txt"
type=CWD msg=audit(1769263585.186:7044): cwd="/root/hids_benign"
type=PATH msg=audit(1769263585.186:7044): item=0 name="/usr/bin/vim" inode=1575517 dev=08:02 mode=0100755 ouid=0 ogid=0 rdev=00:00 nametype=NORMAL cap_fp=0 cap_fi=0 cap_fe=0 cap_fver=0 cap_frootid=0OUID="root" OGID="root"
type=PATH msg=audit(1769263585.186:7044): item=1 name="/lib64/ld-linux-x86-64.so.2" inode=1575340 dev=08:02 mode=0100755 ouid=0 ogid=0 rdev=00:00 nametype=NORMAL cap_fp=0 cap_fi=0 cap_fe=0 cap_fver=0 cap_frootid=0OUID="root" OGID="root"
type=PROCTITLE msg=audit(1769263585.186:7044): proctitle=76696D002D65730066696C655F342E747874
type=SYSCALL msg=audit(1769263585.195:7045): arch=c000003e syscall=59 success=yes exit=0 a0=653e76a1f360 a1=653e76a1fe50 a2=653e76a17520 a3=0 items=2 ppid=11465 pid=11534 auid=1000 uid=0 gid=0 euid=0 suid=0 fsuid=0 egid=0 sgid=0 fsgid=0 tty=pts1 ses=3 comm="vim" exe="/usr/bin/vim.basic" subj=unconfined key="process_exec"ARCH=x86_64 SYSCALL=execve AUID="heroic" UID="root" GID="root" EUID="root" SUID="root" FSUID="root" EGID="root" SGID="root" FSGID="root"
type=EXECVE msg=audit(1769263585.195:7045): argc=3 a0="vim" a1="-es" a2="file_5.txt"
type=CWD msg=audit(1769263585.195:7045): cwd="/root/hids_benign"
type=PATH msg=audit(1769263585.195:7045): item=0 name="/usr/bin/vim" inode=1575517 dev=08:02 mode=0100755 ouid=0 ogid=0 rdev=00:00 nametype=NORMAL cap_fp=0 cap_fi=0 cap_fe=0 cap_fver=0 cap_frootid=0OUID="root" OGID="root"
type=PATH msg=audit(1769263585.195:7045): item=1 name="/lib64/ld-linux-x86-64.so.2" inode=1575340 dev=08:02 mode=0100755 ouid=0 ogid=0 rdev=00:00 nametype=NORMAL cap_fp=0 cap_fi=0 cap_fe=0 cap_fver=0 cap_frootid=0OUID="root" OGID="root"
type=PROCTITLE msg=audit(1769263585.195:7045): proctitle=76696D002D65730066696C655F352E747874
type=SYSCALL msg=audit(1769263585.203:7046): arch=c000003e syscall=59 success=yes exit=0 a0=653e76a1efe0 a1=653e76a20310 a2=653e76a17520 a3=653e76a20310 items=2 ppid=11465 pid=11535 auid=1000 uid=0 gid=0 euid=0 suid=0 fsuid=0 egid=0 sgid=0 fsgid=0 tty=pts1 ses=3 comm="ls" exe="/usr/bin/ls" subj=unconfined key="process_exec"ARCH=x86_64 SYSCALL=execve AUID="heroic" UID="root" GID="root" EUID="root" SUID="root" FSUID="root" EGID="root" SGID="root" FSGID="root"
type=EXECVE msg=audit(1769263585.203:7046): argc=2 a0="ls" a1="-la"
type=CWD msg=audit(1769263585.203:7046): cwd="/root/hids_benign"
type=PATH msg=audit(1769263585.203:7046): item=0 name="/usr/bin/ls" inode=1578104 dev=08:02 mode=0100755 ouid=0 ogid=0 rdev=00:00 nametype=NORMAL cap_fp=0 cap_fi=0 cap_fe=0 cap_fver=0 cap_frootid=0OUID="root" OGID="root"
type=PATH msg=audit(1769263585.203:7046): item=1 name="/lib64/ld-linux-x86-64.so.2" inode=1575340 dev=08:02 mode=0100755 ouid=0 ogid=0 rdev=00:00 nametype=NORMAL cap_fp=0 cap_fi=0 cap_fe=0 cap_fver=0 cap_frootid=0OUID="root" OGID="root"
type=PROCTITLE msg=audit(1769263585.203:7046): proctitle=6C73002D6C61
type=SYSCALL msg=audit(1769263585.206:7047): arch=c000003e syscall=59 success=yes exit=0 a0=653e76a1f5e0 a1=653e76a1f8c0 a2=653e76a17520 a3=653e76a1f340 items=2 ppid=11465 pid=11536 auid=1000 uid=0 gid=0 euid=0 suid=0 fsuid=0 egid=0 sgid=0 fsgid=0 tty=pts1 ses=3 comm="ls" exe="/usr/bin/ls" subj=unconfined key="process_exec"ARCH=x86_64 SYSCALL=execve AUID="heroic" UID="root" GID="root" EUID="root" SUID="root" FSUID="root" EGID="root" SGID="root" FSGID="root"
type=EXECVE msg=audit(1769263585.206:7047): argc=2 a0="ls" a1="-la"
type=CWD msg=audit(1769263585.206:7047): cwd="/root/hids_benign"
type=PATH msg=audit(1769263585.206:7047): item=0 name="/usr/bin/ls" inode=1578104 dev=08:02 mode=0100755 ouid=0 ogid=0 rdev=00:00 nametype=NORMAL cap_fp=0 cap_fi=0 cap_fe=0 cap_fver=0 cap_frootid=0OUID="root" OGID="root"
type=PATH msg=audit(1769263585.206:7047): item=1 name="/lib64/ld-linux-x86-64.so.2" inode=1575340 dev=08:02 mode=0100755 ouid=0 ogid=0 rdev=00:00 nametype=NORMAL cap_fp=0 cap_fi=0 cap_fe=0 cap_fver=0 cap_frootid=0OUID="root" OGID="root"
type=PROCTITLE msg=audit(1769263585.206:7047): proctitle=6C73002D6C61
type=SYSCALL msg=audit(1769263585.208:7048): arch=c000003e syscall=59 success=yes exit=0 a0=653e76a1f360 a1=653e76a1f8c0 a2=653e76a17520 a3=653e76a1f4e0 items=2 ppid=11465 pid=11537 auid=1000 uid=0 gid=0 euid=0 suid=0 fsuid=0 egid=0 sgid=0 fsgid=0 tty=pts1 ses=3 comm="ls" exe="/usr/bin/ls" subj=unconfined key="process_exec"ARCH=x86_64 SYSCALL=execve AUID="heroic" UID="root" GID="root" EUID="root" SUID="root" FSUID="root" EGID="root" SGID="root" FSGID="root"
type=EXECVE msg=audit(1769263585.208:7048): argc=2 a0="ls" a1="-la"
type=CWD msg=audit(1769263585.208:7048): cwd="/root/hids_benign"
type=PATH msg=audit(1769263585.208:7048): item=0 name="/usr/bin/ls" inode=1578104 dev=08:02 mode=0100755 ouid=0 ogid=0 rdev=00:00 nametype=NORMAL cap_fp=0 cap_fi=0 cap_fe=0 cap_fver=0 cap_frootid=0OUID="root" OGID="root"
type=PATH msg=audit(1769263585.208:7048): item=1 name="/lib64/ld-linux-x86-64.so.2" inode=1575340 dev=08:02 mode=0100755 ouid=0 ogid=0 rdev=00:00 nametype=NORMAL cap_fp=0 cap_fi=0 cap_fe=0 cap_fver=0 cap_frootid=0OUID="root" OGID="root"
type=PROCTITLE msg=audit(1769263585.208:7048): proctitle=6C73002D6C61
type=SYSCALL msg=audit(1769263585.212:7049): arch=c000003e syscall=59 success=yes exit=0 a0=653e76a20070 a1=653e76a1f8c0 a2=653e76a17520 a3=653e76a1efe0 items=2 ppid=11465 pid=11538 auid=1000 uid=0 gid=0 euid=0 suid=0 fsuid=0 egid=0 sgid=0 fsgid=0 tty=pts1 ses=3 comm="ls" exe="/usr/bin/ls" subj=unconfined key="process_exec"ARCH=x86_64 SYSCALL=execve AUID="heroic" UID="root" GID="root" EUID="root" SUID="root" FSUID="root" EGID="root" SGID="root" FSGID="root"
type=EXECVE msg=audit(1769263585.212:7049): argc=2 a0="ls" a1="-la"
type=CWD msg=audit(1769263585.212:7049): cwd="/root/hids_benign"
type=PATH msg=audit(1769263585.212:7049): item=0 name="/usr/bin/ls" inode=1578104 dev=08:02 mode=0100755 ouid=0 ogid=0 rdev=00:00 nametype=NORMAL cap_fp=0 cap_fi=0 cap_fe=0 cap_fver=0 cap_frootid=0OUID="root" OGID="root"
type=PATH msg=audit(1769263585.212:7049): item=1 name="/lib64/ld-linux-x86-64.so.2" inode=1575340 dev=08:02 mode=0100755 ouid=0 ogid=0 rdev=00:00 nametype=NORMAL cap_fp=0 cap_fi=0 cap_fe=0 cap_fver=0 cap_frootid=0OUID="root" OGID="root"
type=PROCTITLE msg=audit(1769263585.212:7049): proctitle=6C73002D6C61
type=SYSCALL msg=audit(1769263585.215:7050): arch=c000003e syscall=59 success=yes exit=0 a0=653e76a1c6b0 a1=653e76a1f8c0 a2=653e76a17520 a3=653e76a1f5e0 items=2 ppid=11465 pid=11539 auid=1000 uid=0 gid=0 euid=0 suid=0 fsuid=0 egid=0 sgid=0 fsgid=0 tty=pts1 ses=3 comm="ls" exe="/usr/bin/ls" subj=unconfined key="process_exec"ARCH=x86_64 SYSCALL=execve AUID="heroic" UID="root" GID="root" EUID="root" SUID="root" FSUID="root" EGID="root" SGID="root" FSGID="root"
type=EXECVE msg=audit(1769263585.215:7050): argc=2 a0="ls" a1="-la"
type=CWD msg=audit(1769263585.215:7050): cwd="/root/hids_benign"
type=PATH msg=audit(1769263585.215:7050): item=0 name="/usr/bin/ls" inode=1578104 dev=08:02 mode=0100755 ouid=0 ogid=0 rdev=00:00 nametype=NORMAL cap_fp=0 cap_fi=0 cap_fe=0 cap_fver=0 cap_frootid=0OUID="root" OGID="root"
type=PATH msg=audit(1769263585.215:7050): item=1 name="/lib64/ld-linux-x86-64.so.2" inode=1575340 dev=08:02 mode=0100755 ouid=0 ogid=0 rdev=00:00 nametype=NORMAL cap_fp=0 cap_fi=0 cap_fe=0 cap_fver=0 cap_frootid=0OUID="root" OGID="root"
type=PROCTITLE msg=audit(1769263585.215:7050): proctitle=6C73002D6C61
type=SYSCALL msg=audit(1769263585.216:7051): arch=c000003e syscall=59 success=yes exit=0 a0=653e76a1efe0 a1=653e76a1fe20 a2=653e76a17520 a3=653e76a1f360 items=2 ppid=11465 pid=11540 auid=1000 uid=0 gid=0 euid=0 suid=0 fsuid=0 egid=0 sgid=0 fsgid=0 tty=pts1 ses=3 comm="curl" exe="/usr/bin/curl" subj=unconfined key="process_exec"ARCH=x86_64 SYSCALL=execve AUID="heroic" UID="root" GID="root" EUID="root" SUID="root" FSUID="root" EGID="root" SGID="root" FSGID="root"
type=EXECVE msg=audit(1769263585.216:7051): argc=3 a0="curl" a1="-s" a2="https://example.com"
type=CWD msg=audit(1769263585.216:7051): cwd="/root/hids_benign"
type=PATH msg=audit(1769263585.216:7051): item=0 name="/usr/bin/curl" inode=1573697 dev=08:02 mode=0100755 ouid=0 ogid=0 rdev=00:00 nametype=NORMAL cap_fp=0 cap_fi=0 cap_fe=0 cap_fver=0 cap_frootid=0OUID="root" OGID="root"
type=PATH msg=audit(1769263585.216:7051): item=1 name="/lib64/ld-linux-x86-64.so.2" inode=1575340 dev=08:02 mode=0100755 ouid=0 ogid=0 rdev=00:00 nametype=NORMAL cap_fp=0 cap_fi=0 cap_fe=0 cap_fver=0 cap_frootid=0OUID="root" OGID="root"
type=PROCTITLE msg=audit(1769263585.216:7051): proctitle=6375726C002D730068747470733A2F2F6578616D706C652E636F6D
type=SYSCALL msg=audit(1769263585.398:7052): arch=c000003e syscall=59 success=yes exit=0 a0=653e76a1f400 a1=653e76a190c0 a2=653e76a17520 a3=653e76a20050 items=2 ppid=11465 pid=11542 auid=1000 uid=0 gid=0 euid=0 suid=0 fsuid=0 egid=0 sgid=0 fsgid=0 tty=pts1 ses=3 comm="ssh" exe="/usr/bin/ssh" subj=unconfined key="process_exec"ARCH=x86_64 SYSCALL=execve AUID="heroic" UID="root" GID="root" EUID="root" SUID="root" FSUID="root" EGID="root" SGID="root" FSGID="root"
type=EXECVE msg=audit(1769263585.398:7052): argc=5 a0="ssh" a1="-o" a2="BatchMode=yes" a3="localhost" a4=6563686F205353485F4F4B
type=CWD msg=audit(1769263585.398:7052): cwd="/root/hids_benign"
type=PATH msg=audit(1769263585.398:7052): item=0 name="/usr/bin/ssh" inode=1573390 dev=08:02 mode=0100755 ouid=0 ogid=0 rdev=00:00 nametype=NORMAL cap_fp=0 cap_fi=0 cap_fe=0 cap_fver=0 cap_frootid=0OUID="root" OGID="root"
type=PATH msg=audit(1769263585.398:7052): item=1 name="/lib64/ld-linux-x86-64.so.2" inode=1575340 dev=08:02 mode=0100755 ouid=0 ogid=0 rdev=00:00 nametype=NORMAL cap_fp=0 cap_fi=0 cap_fe=0 cap_fver=0 cap_frootid=0OUID="root" OGID="root"
type=PROCTITLE msg=audit(1769263585.398:7052): proctitle=737368002D6F0042617463684D6F64653D796573006C6F63616C686F7374006563686F205353485F4F4B
type=SYSCALL msg=audit(1769263585.405:7053): arch=c000003e syscall=59 success=yes exit=0 a0=653e76a1f360 a1=653e76a20070 a2=653e76a17520 a3=653e76a20070 items=2 ppid=11465 pid=11543 auid=1000 uid=0 gid=0 euid=0 suid=0 fsuid=0 egid=0 sgid=0 fsgid=0 tty=pts1 ses=3 comm="sleep" exe="/usr/bin/sleep" subj=unconfined key="process_exec"ARCH=x86_64 SYSCALL=execve AUID="heroic" UID="root" GID="root" EUID="root" SUID="root" FSUID="root" EGID="root" SGID="root" FSGID="root"
type=EXECVE msg=audit(1769263585.405:7053): argc=2 a0="sleep" a1="5"
type=CWD msg=audit(1769263585.405:7053): cwd="/root/hids_benign"
type=PATH msg=audit(1769263585.405:7053): item=0 name="/usr/bin/sleep" inode=1578138 dev=08:02 mode=0100755 ouid=0 ogid=0 rdev=00:00 nametype=NORMAL cap_fp=0 cap_fi=0 cap_fe=0 cap_fver=0 cap_frootid=0OUID="root" OGID="root"
type=PATH msg=audit(1769263585.405:7053): item=1 name="/lib64/ld-linux-x86-64.so.2" inode=1575340 dev=08:02 mode=0100755 ouid=0 ogid=0 rdev=00:00 nametype=NORMAL cap_fp=0 cap_fi=0 cap_fe=0 cap_fver=0 cap_frootid=0OUID="root" OGID="root"
type=PROCTITLE msg=audit(1769263585.405:7053): proctitle=736C6565700035
type=SYSCALL msg=audit(1769263590.413:7054): arch=c000003e syscall=59 success=yes exit=0 a0=653e76a1f360 a1=653e76a1d680 a2=653e76a17520 a3=653e76a1f730 items=2 ppid=11465 pid=11544 auid=1000 uid=0 gid=0 euid=0 suid=0 fsuid=0 egid=0 sgid=0 fsgid=0 tty=pts1 ses=3 comm="rm" exe="/usr/bin/rm" subj=unconfined key="process_exec"ARCH=x86_64 SYSCALL=execve AUID="heroic" UID="root" GID="root" EUID="root" SUID="root" FSUID="root" EGID="root" SGID="root" FSGID="root"
type=EXECVE msg=audit(1769263590.413:7054): argc=14 a0="rm" a1="-f" a2="file_10.txt" a3="file_1.txt" a4="file_2.txt" a5="file_3.txt" a6="file_4.txt" a7="file_5.txt" a8="file_6.txt" a9="file_7.txt" a10="file_8.txt" a11="file_9.txt" a12="webpage.html" a13="dir_list.log"
type=CWD msg=audit(1769263590.413:7054): cwd="/root/hids_benign"
type=PATH msg=audit(1769263590.413:7054): item=0 name="/usr/bin/rm" inode=1578127 dev=08:02 mode=0100755 ouid=0 ogid=0 rdev=00:00 nametype=NORMAL cap_fp=0 cap_fi=0 cap_fe=0 cap_fver=0 cap_frootid=0OUID="root" OGID="root"
type=PATH msg=audit(1769263590.413:7054): item=1 name="/lib64/ld-linux-x86-64.so.2" inode=1575340 dev=08:02 mode=0100755 ouid=0 ogid=0 rdev=00:00 nametype=NORMAL cap_fp=0 cap_fi=0 cap_fe=0 cap_fver=0 cap_frootid=0OUID="root" OGID="root"
type=PROCTITLE msg=audit(1769263590.413:7054): proctitle=726D002D660066696C655F31302E7478740066696C655F312E7478740066696C655F322E7478740066696C655F332E7478740066696C655F342E7478740066696C655F352E7478740066696C655F362E7478740066696C655F372E7478740066696C655F382E7478740066696C655F392E74787400776562706167652E68746D
type=SYSCALL msg=audit(1769263590.424:7055): arch=c000003e syscall=59 success=yes exit=0 a0=653e76a20070 a1=653e76a20050 a2=653e76a17520 a3=653e76a20050 items=2 ppid=11465 pid=11545 auid=1000 uid=0 gid=0 euid=0 suid=0 fsuid=0 egid=0 sgid=0 fsgid=0 tty=pts1 ses=3 comm="rmdir" exe="/usr/bin/rmdir" subj=unconfined key="process_exec"ARCH=x86_64 SYSCALL=execve AUID="heroic" UID="root" GID="root" EUID="root" SUID="root" FSUID="root" EGID="root" SGID="root" FSGID="root"
type=EXECVE msg=audit(1769263590.424:7055): argc=2 a0="rmdir" a1="/root/hids_benign"
type=CWD msg=audit(1769263590.424:7055): cwd="/root/hids_benign"
type=PATH msg=audit(1769263590.424:7055): item=0 name="/usr/bin/rmdir" inode=1578128 dev=08:02 mode=0100755 ouid=0 ogid=0 rdev=00:00 nametype=NORMAL cap_fp=0 cap_fi=0 cap_fe=0 cap_fver=0 cap_frootid=0OUID="root" OGID="root"
type=PATH msg=audit(1769263590.424:7055): item=1 name="/lib64/ld-linux-x86-64.so.2" inode=1575340 dev=08:02 mode=0100755 ouid=0 ogid=0 rdev=00:00 nametype=NORMAL cap_fp=0 cap_fi=0 cap_fe=0 cap_fver=0 cap_frootid=0OUID="root" OGID="root"
type=PROCTITLE msg=audit(1769263590.424:7055): proctitle=726D646972002F726F6F742F686964735F62656E69676E
type=SYSCALL msg=audit(1769263590.430:7056): arch=c000003e syscall=59 success=yes exit=0 a0=653e76a1efe0 a1=653e76a1c6b0 a2=653e76a17520 a3=653e76a1c6b0 items=2 ppid=11465 pid=11546 auid=1000 uid=0 gid=0 euid=0 suid=0 fsuid=0 egid=0 sgid=0 fsgid=0 tty=pts1 ses=3 comm="sleep" exe="/usr/bin/sleep" subj=unconfined key="process_exec"ARCH=x86_64 SYSCALL=execve AUID="heroic" UID="root" GID="root" EUID="root" SUID="root" FSUID="root" EGID="root" SGID="root" FSGID="root"
type=EXECVE msg=audit(1769263590.430:7056): argc=2 a0="sleep" a1="60"
type=CWD msg=audit(1769263590.430:7056): cwd=2F726F6F742F686964735F62656E69676E202864656C6574656429
type=PATH msg=audit(1769263590.430:7056): item=0 name="/usr/bin/sleep" inode=1578138 dev=08:02 mode=0100755 ouid=0 ogid=0 rdev=00:00 nametype=NORMAL cap_fp=0 cap_fi=0 cap_fe=0 cap_fver=0 cap_frootid=0OUID="root" OGID="root"
type=PATH msg=audit(1769263590.430:7056): item=1 name="/lib64/ld-linux-x86-64.so.2" inode=1575340 dev=08:02 mode=0100755 ouid=0 ogid=0 rdev=00:00 nametype=NORMAL cap_fp=0 cap_fi=0 cap_fe=0 cap_fver=0 cap_frootid=0OUID="root" OGID="root"
type=PROCTITLE msg=audit(1769263590.430:7056): proctitle=736C656570003630
type=SYSCALL msg=audit(1769263603.524:7057): arch=c000003e syscall=59 success=yes exit=0 a0=5fb0bc772050 a1=5fb0bc74e830 a2=5fb0bc7477c0 a3=5fb0bc74e830 items=2 ppid=11510 pid=11548 auid=1000 uid=0 gid=0 euid=0 suid=0 fsuid=0 egid=0 sgid=0 fsgid=0 tty=pts3 ses=3 comm="sudo" exe="/usr/bin/sudo" subj=unconfined key="process_exec"ARCH=x86_64 SYSCALL=execve AUID="heroic" UID="root" GID="root" EUID="root" SUID="root" FSUID="root" EGID="root" SGID="root" FSGID="root"
type=EXECVE msg=audit(1769263603.524:7057): argc=4 a0="sudo" a1="tail" a2="-f" a3="/var/log/audit/audit.log"
type=CWD msg=audit(1769263603.524:7057): cwd="/home/heroic/Desktop"
type=PATH msg=audit(1769263603.524:7057): item=0 name="/usr/bin/sudo" inode=1574274 dev=08:02 mode=0104755 ouid=0 ogid=0 rdev=00:00 nametype=NORMAL cap_fp=0 cap_fi=0 cap_fe=0 cap_fver=0 cap_frootid=0OUID="root" OGID="root"
type=PATH msg=audit(1769263603.524:7057): item=1 name="/lib64/ld-linux-x86-64.so.2" inode=1575340 dev=08:02 mode=0100755 ouid=0 ogid=0 rdev=00:00 nametype=NORMAL cap_fp=0 cap_fi=0 cap_fe=0 cap_fver=0 cap_frootid=0OUID="root" OGID="root"
type=PROCTITLE msg=audit(1769263603.524:7057): proctitle=7375646F007461696C002D66002F7661722F6C6F672F61756469742F61756469742E6C6F67
type=USER_ACCT msg=audit(1769263603.534:7058): pid=11548 uid=0 auid=1000 ses=3 subj=unconfined msg='op=PAM:accounting grantors=pam_permit,pam_localuser acct="root" exe="/usr/bin/sudo" hostname=? addr=? terminal=/dev/pts/3 res=success'UID="root" AUID="heroic"
type=USER_CMD msg=audit(1769263603.538:7059): pid=11548 uid=0 auid=1000 ses=3 subj=unconfined msg='cwd="/home/heroic/Desktop" cmd=7461696C202D66202F7661722F6C6F672F61756469742F61756469742E6C6F67 exe="/usr/bin/sudo" terminal=pts/3 res=success'UID="root" AUID="heroic"
type=CRED_REFR msg=audit(1769263603.540:7060): pid=11548 uid=0 auid=1000 ses=3 subj=unconfined msg='op=PAM:setcred grantors=pam_permit,pam_cap acct="root" exe="/usr/bin/sudo" hostname=? addr=? terminal=/dev/pts/3 res=success'UID="root" AUID="heroic"
type=USER_START msg=audit(1769263603.542:7061): pid=11548 uid=0 auid=1000 ses=3 subj=unconfined msg='op=PAM:session_open grantors=pam_limits,pam_env,pam_env,pam_permit,pam_umask,pam_unix acct="root" exe="/usr/bin/sudo" hostname=? addr=? terminal=/dev/pts/3 res=success'UID="root" AUID="heroic"
type=SYSCALL msg=audit(1769263603.544:7062): arch=c000003e syscall=59 success=yes exit=0 a0=609724548b68 a1=609724558af0 a2=6097245ec730 a3=64 items=2 ppid=11549 pid=11550 auid=1000 uid=0 gid=0 euid=0 suid=0 fsuid=0 egid=0 sgid=0 fsgid=0 tty=pts4 ses=3 comm="tail" exe="/usr/bin/tail" subj=unconfined key="process_exec"ARCH=x86_64 SYSCALL=execve AUID="heroic" UID="root" GID="root" EUID="root" SUID="root" FSUID="root" EGID="root" SGID="root" FSGID="root"
type=EXECVE msg=audit(1769263603.544:7062): argc=3 a0="tail" a1="-f" a2="/var/log/audit/audit.log"
type=CWD msg=audit(1769263603.544:7062): cwd="/home/heroic/Desktop"
type=PATH msg=audit(1769263603.544:7062): item=0 name="/usr/bin/tail" inode=1578147 dev=08:02 mode=0100755 ouid=0 ogid=0 rdev=00:00 nametype=NORMAL cap_fp=0 cap_fi=0 cap_fe=0 cap_fver=0 cap_frootid=0OUID="root" OGID="root"
type=PATH msg=audit(1769263603.544:7062): item=1 name="/lib64/ld-linux-x86-64.so.2" inode=1575340 dev=08:02 mode=0100755 ouid=0 ogid=0 rdev=00:00 nametype=NORMAL cap_fp=0 cap_fi=0 cap_fe=0 cap_fver=0 cap_frootid=0OUID="root" OGID="root"
type=PROCTITLE msg=audit(1769263603.544:7062): proctitle=7461696C002D66002F7661722F6C6F672F61756469742F61756469742E6C6F67
type=SYSCALL msg=audit(1769263640.260:7063): arch=c000003e syscall=59 success=yes exit=0 a0=57f294f7b9b0 a1=57f294dd0dd0 a2=57f294d59aa0 a3=0 items=2 ppid=11553 pid=11554 auid=4294967295 uid=0 gid=0 euid=0 suid=0 fsuid=0 egid=0 sgid=0 fsgid=0 tty=(none) ses=4294967295 comm="touch" exe="/usr/bin/touch" subj=unconfined key="process_exec"ARCH=x86_64 SYSCALL=execve AUID="unset" UID="root" GID="root" EUID="root" SUID="root" FSUID="root" EGID="root" SGID="root" FSGID="root"
type=BPRM_FCAPS msg=audit(1769263640.260:7063): fver=0 fp=0 fi=0 fe=0 old_pp=000001f7fdffffff old_pi=0 old_pe=000001f7fdffffff old_pa=0 pp=000001f7fdffffff pi=0 pe=000001f7fdffffff pa=0 frootid=0
type=EXECVE msg=audit(1769263640.260:7063): argc=2 a0="/usr/bin/touch" a1="/run/udev/gdm-machine-has-hardware-gpu"
type=CWD msg=audit(1769263640.260:7063): cwd="/"
type=PATH msg=audit(1769263640.260:7063): item=0 name="/usr/bin/touch" inode=1578151 dev=08:02 mode=0100755 ouid=0 ogid=0 rdev=00:00 nametype=NORMAL cap_fp=0 cap_fi=0 cap_fe=0 cap_fver=0 cap_frootid=0OUID="root" OGID="root"
type=PATH msg=audit(1769263640.260:7063): item=1 name="/lib64/ld-linux-x86-64.so.2" inode=1575340 dev=08:02 mode=0100755 ouid=0 ogid=0 rdev=00:00 nametype=NORMAL cap_fp=0 cap_fi=0 cap_fe=0 cap_fver=0 cap_frootid=0OUID="root" OGID="root"
type=PROCTITLE msg=audit(1769263640.260:7063): proctitle=2F7573722F62696E2F746F756368002F72756E2F756465762F67646D2D6D616368696E652D6861732D68617264776172652D677075
type=SYSCALL msg=audit(1769263640.264:7064): arch=c000003e syscall=59 success=yes exit=0 a0=57f294fdec40 a1=57f294f7b9b0 a2=57f294d59aa0 a3=0 items=2 ppid=11553 pid=11555 auid=4294967295 uid=0 gid=0 euid=0 suid=0 fsuid=0 egid=0 sgid=0 fsgid=0 tty=(none) ses=4294967295 comm="snap-device-hel" exe="/usr/lib/snapd/snap-device-helper" subj=unconfined key="process_exec"ARCH=x86_64 SYSCALL=execve AUID="unset" UID="root" GID="root" EUID="root" SUID="root" FSUID="root" EGID="root" SGID="root" FSGID="root"
type=BPRM_FCAPS msg=audit(1769263640.264:7064): fver=0 fp=0 fi=0 fe=0 old_pp=000001f7fdffffff old_pi=0 old_pe=000001f7fdffffff old_pa=0 pp=000001f7fdffffff pi=0 pe=000001f7fdffffff pa=0 frootid=0
type=EXECVE msg=audit(1769263640.264:7064): argc=5 a0="/usr/lib/snapd/snap-device-helper" a1="change" a2="snap_firefox_firefox" a3="/devices/pci0000:00/0000:00:02.0/drm/card0" a4="226:0"
type=CWD msg=audit(1769263640.264:7064): cwd="/"
type=PATH msg=audit(1769263640.264:7064): item=0 name="/usr/lib/snapd/snap-device-helper" inode=1582135 dev=08:02 mode=0100755 ouid=0 ogid=0 rdev=00:00 nametype=NORMAL cap_fp=0 cap_fi=0 cap_fe=0 cap_fver=0 cap_frootid=0OUID="root" OGID="root"
type=PATH msg=audit(1769263640.264:7064): item=1 name="/lib64/ld-linux-x86-64.so.2" inode=1575340 dev=08:02 mode=0100755 ouid=0 ogid=0 rdev=00:00 nametype=NORMAL cap_fp=0 cap_fi=0 cap_fe=0 cap_fver=0 cap_frootid=0OUID="root" OGID="root"
type=PROCTITLE msg=audit(1769263640.264:7064): proctitle=2F7573722F6C69622F736E6170642F736E61702D6465766963652D68656C706572006368616E676500736E61705F66697265666F785F66697265666F78002F646576696365732F706369303030303A30302F303030303A30303A30322E302F64726D2F6361726430003232363A30
type=SYSCALL msg=audit(1769263640.266:7065): arch=c000003e syscall=59 success=yes exit=0 a0=57f294f7b9b0 a1=57f294d50fc0 a2=57f294d59aa0 a3=0 items=2 ppid=11553 pid=11556 auid=4294967295 uid=0 gid=0 euid=0 suid=0 fsuid=0 egid=0 sgid=0 fsgid=0 tty=(none) ses=4294967295 comm="snap-device-hel" exe="/usr/lib/snapd/snap-device-helper" subj=unconfined key="process_exec"ARCH=x86_64 SYSCALL=execve AUID="unset" UID="root" GID="root" EUID="root" SUID="root" FSUID="root" EGID="root" SGID="root" FSGID="root"
type=BPRM_FCAPS msg=audit(1769263640.266:7065): fver=0 fp=0 fi=0 fe=0 old_pp=000001f7fdffffff old_pi=0 old_pe=000001f7fdffffff old_pa=0 pp=000001f7fdffffff pi=0 pe=000001f7fdffffff pa=0 frootid=0
type=EXECVE msg=audit(1769263640.266:7065): argc=5 a0="/usr/lib/snapd/snap-device-helper" a1="change" a2="snap_firefox_geckodriver" a3="/devices/pci0000:00/0000:00:02.0/drm/card0" a4="226:0"
type=CWD msg=audit(1769263640.266:7065): cwd="/"
type=PATH msg=audit(1769263640.266:7065): item=0 name="/usr/lib/snapd/snap-device-helper" inode=1582135 dev=08:02 mode=0100755 ouid=0 ogid=0 rdev=00:00 nametype=NORMAL cap_fp=0 cap_fi=0 cap_fe=0 cap_fver=0 cap_frootid=0OUID="root" OGID="root"
type=PATH msg=audit(1769263640.266:7065): item=1 name="/lib64/ld-linux-x86-64.so.2" inode=1575340 dev=08:02 mode=0100755 ouid=0 ogid=0 rdev=00:00 nametype=NORMAL cap_fp=0 cap_fi=0 cap_fe=0 cap_fver=0 cap_frootid=0OUID="root" OGID="root"
type=PROCTITLE msg=audit(1769263640.266:7065): proctitle=2F7573722F6C69622F736E6170642F736E61702D6465766963652D68656C706572006368616E676500736E61705F66697265666F785F6765636B6F647269766572002F646576696365732F706369303030303A30302F303030303A30303A30322E302F64726D2F6361726430003232363A30
type=SYSCALL msg=audit(1769263640.272:7066): arch=c000003e syscall=59 success=yes exit=0 a0=57f294d50fc0 a1=57f294fdec40 a2=57f294d59aa0 a3=0 items=2 ppid=11553 pid=11557 auid=4294967295 uid=0 gid=0 euid=0 suid=0 fsuid=0 egid=0 sgid=0 fsgid=0 tty=(none) ses=4294967295 comm="snap-device-hel" exe="/usr/lib/snapd/snap-device-helper" subj=unconfined key="process_exec"ARCH=x86_64 SYSCALL=execve AUID="unset" UID="root" GID="root" EUID="root" SUID="root" FSUID="root" EGID="root" SGID="root" FSGID="root"
type=BPRM_FCAPS msg=audit(1769263640.272:7066): fver=0 fp=0 fi=0 fe=0 old_pp=000001f7fdffffff old_pi=0 old_pe=000001f7fdffffff old_pa=0 pp=000001f7fdffffff pi=0 pe=000001f7fdffffff pa=0 frootid=0
type=EXECVE msg=audit(1769263640.272:7066): argc=5 a0="/usr/lib/snapd/snap-device-helper" a1="change" a2="snap_firmware-updater_firmware-notifier" a3="/devices/pci0000:00/0000:00:02.0/drm/card0" a4="226:0"
type=CWD msg=audit(1769263640.272:7066): cwd="/"
type=PATH msg=audit(1769263640.272:7066): item=0 name="/usr/lib/snapd/snap-device-helper" inode=1582135 dev=08:02 mode=0100755 ouid=0 ogid=0 rdev=00:00 nametype=NORMAL cap_fp=0 cap_fi=0 cap_fe=0 cap_fver=0 cap_frootid=0OUID="root" OGID="root"
type=PATH msg=audit(1769263640.272:7066): item=1 name="/lib64/ld-linux-x86-64.so.2" inode=1575340 dev=08:02 mode=0100755 ouid=0 ogid=0 rdev=00:00 nametype=NORMAL cap_fp=0 cap_fi=0 cap_fe=0 cap_fver=0 cap_frootid=0OUID="root" OGID="root"
type=PROCTITLE msg=audit(1769263640.272:7066): proctitle=2F7573722F6C69622F736E6170642F736E61702D6465766963652D68656C706572006368616E676500736E61705F6669726D776172652D757064617465725F6669726D776172652D6E6F746966696572002F646576696365732F706369303030303A30302F303030303A30303A30322E302F64726D2F6361726430003232363A
type=SYSCALL msg=audit(1769263640.282:7067): arch=c000003e syscall=59 success=yes exit=0 a0=57f294fdec40 a1=57f294f7b9b0 a2=57f294d59aa0 a3=0 items=2 ppid=11553 pid=11558 auid=4294967295 uid=0 gid=0 euid=0 suid=0 fsuid=0 egid=0 sgid=0 fsgid=0 tty=(none) ses=4294967295 comm="snap-device-hel" exe="/usr/lib/snapd/snap-device-helper" subj=unconfined key="process_exec"ARCH=x86_64 SYSCALL=execve AUID="unset" UID="root" GID="root" EUID="root" SUID="root" FSUID="root" EGID="root" SGID="root" FSGID="root"
type=BPRM_FCAPS msg=audit(1769263640.282:7067): fver=0 fp=0 fi=0 fe=0 old_pp=000001f7fdffffff old_pi=0 old_pe=000001f7fdffffff old_pa=0 pp=000001f7fdffffff pi=0 pe=000001f7fdffffff pa=0 frootid=0
type=EXECVE msg=audit(1769263640.282:7067): argc=5 a0="/usr/lib/snapd/snap-device-helper" a1="change" a2="snap_firmware-updater_firmware-updater" a3="/devices/pci0000:00/0000:00:02.0/drm/card0" a4="226:0"
type=CWD msg=audit(1769263640.282:7067): cwd="/"
type=PATH msg=audit(1769263640.282:7067): item=0 name="/usr/lib/snapd/snap-device-helper" inode=1582135 dev=08:02 mode=0100755 ouid=0 ogid=0 rdev=00:00 nametype=NORMAL cap_fp=0 cap_fi=0 cap_fe=0 cap_fver=0 cap_frootid=0OUID="root" OGID="root"
type=PATH msg=audit(1769263640.282:7067): item=1 name="/lib64/ld-linux-x86-64.so.2" inode=1575340 dev=08:02 mode=0100755 ouid=0 ogid=0 rdev=00:00 nametype=NORMAL cap_fp=0 cap_fi=0 cap_fe=0 cap_fver=0 cap_frootid=0OUID="root" OGID="root"
type=PROCTITLE msg=audit(1769263640.282:7067): proctitle=2F7573722F6C69622F736E6170642F736E61702D6465766963652D68656C706572006368616E676500736E61705F6669726D776172652D757064617465725F6669726D776172652D75706461746572002F646576696365732F706369303030303A30302F303030303A30303A30322E302F64726D2F6361726430003232363A30
type=SYSCALL msg=audit(1769263640.291:7068): arch=c000003e syscall=59 success=yes exit=0 a0=57f294f7b9b0 a1=57f294d50fc0 a2=57f294d59aa0 a3=0 items=2 ppid=11553 pid=11559 auid=4294967295 uid=0 gid=0 euid=0 suid=0 fsuid=0 egid=0 sgid=0 fsgid=0 tty=(none) ses=4294967295 comm="snap-device-hel" exe="/usr/lib/snapd/snap-device-helper" subj=unconfined key="process_exec"ARCH=x86_64 SYSCALL=execve AUID="unset" UID="root" GID="root" EUID="root" SUID="root" FSUID="root" EGID="root" SGID="root" FSGID="root"
type=BPRM_FCAPS msg=audit(1769263640.291:7068): fver=0 fp=0 fi=0 fe=0 old_pp=000001f7fdffffff old_pi=0 old_pe=000001f7fdffffff old_pa=0 pp=000001f7fdffffff pi=0 pe=000001f7fdffffff pa=0 frootid=0
type=EXECVE msg=audit(1769263640.291:7068): argc=5 a0="/usr/lib/snapd/snap-device-helper" a1="change" a2="snap_firmware-updater_firmware-updater-app" a3="/devices/pci0000:00/0000:00:02.0/drm/card0" a4="226:0"
type=CWD msg=audit(1769263640.291:7068): cwd="/"
type=PATH msg=audit(1769263640.291:7068): item=0 name="/usr/lib/snapd/snap-device-helper" inode=1582135 dev=08:02 mode=0100755 ouid=0 ogid=0 rdev=00:00 nametype=NORMAL cap_fp=0 cap_fi=0 cap_fe=0 cap_fver=0 cap_frootid=0OUID="root" OGID="root"
type=PATH msg=audit(1769263640.291:7068): item=1 name="/lib64/ld-linux-x86-64.so.2" inode=1575340 dev=08:02 mode=0100755 ouid=0 ogid=0 rdev=00:00 nametype=NORMAL cap_fp=0 cap_fi=0 cap_fe=0 cap_fver=0 cap_frootid=0OUID="root" OGID="root"
type=PROCTITLE msg=audit(1769263640.291:7068): proctitle=2F7573722F6C69622F736E6170642F736E61702D6465766963652D68656C706572006368616E676500736E61705F6669726D776172652D757064617465725F6669726D776172652D757064617465722D617070002F646576696365732F706369303030303A30302F303030303A30303A30322E302F64726D2F63617264300032
type=SYSCALL msg=audit(1769263640.296:7069): arch=c000003e syscall=59 success=yes exit=0 a0=57f294d50fc0 a1=57f294fdec40 a2=57f294d59aa0 a3=0 items=2 ppid=11553 pid=11560 auid=4294967295 uid=0 gid=0 euid=0 suid=0 fsuid=0 egid=0 sgid=0 fsgid=0 tty=(none) ses=4294967295 comm="snap-device-hel" exe="/usr/lib/snapd/snap-device-helper" subj=unconfined key="process_exec"ARCH=x86_64 SYSCALL=execve AUID="unset" UID="root" GID="root" EUID="root" SUID="root" FSUID="root" EGID="root" SGID="root" FSGID="root"
type=BPRM_FCAPS msg=audit(1769263640.296:7069): fver=0 fp=0 fi=0 fe=0 old_pp=000001f7fdffffff old_pi=0 old_pe=000001f7fdffffff old_pa=0 pp=000001f7fdffffff pi=0 pe=000001f7fdffffff pa=0 frootid=0
type=EXECVE msg=audit(1769263640.296:7069): argc=5 a0="/usr/lib/snapd/snap-device-helper" a1="change" a2="snap_snap-store_show-updates" a3="/devices/pci0000:00/0000:00:02.0/drm/card0" a4="226:0"
type=CWD msg=audit(1769263640.296:7069): cwd="/"
type=PATH msg=audit(1769263640.296:7069): item=0 name="/usr/lib/snapd/snap-device-helper" inode=1582135 dev=08:02 mode=0100755 ouid=0 ogid=0 rdev=00:00 nametype=NORMAL cap_fp=0 cap_fi=0 cap_fe=0 cap_fver=0 cap_frootid=0OUID="root" OGID="root"
type=PATH msg=audit(1769263640.296:7069): item=1 name="/lib64/ld-linux-x86-64.so.2" inode=1575340 dev=08:02 mode=0100755 ouid=0 ogid=0 rdev=00:00 nametype=NORMAL cap_fp=0 cap_fi=0 cap_fe=0 cap_fver=0 cap_frootid=0OUID="root" OGID="root"
type=PROCTITLE msg=audit(1769263640.296:7069): proctitle=2F7573722F6C69622F736E6170642F736E61702D6465766963652D68656C706572006368616E676500736E61705F736E61702D73746F72655F73686F772D75706461746573002F646576696365732F706369303030303A30302F303030303A30303A30322E302F64726D2F6361726430003232363A30
type=SYSCALL msg=audit(1769263640.299:7070): arch=c000003e syscall=59 success=yes exit=0 a0=57f294fdec40 a1=57f294f7b9b0 a2=57f294d59aa0 a3=0 items=2 ppid=11553 pid=11561 auid=4294967295 uid=0 gid=0 euid=0 suid=0 fsuid=0 egid=0 sgid=0 fsgid=0 tty=(none) ses=4294967295 comm="snap-device-hel" exe="/usr/lib/snapd/snap-device-helper" subj=unconfined key="process_exec"ARCH=x86_64 SYSCALL=execve AUID="unset" UID="root" GID="root" EUID="root" SUID="root" FSUID="root" EGID="root" SGID="root" FSGID="root"
type=BPRM_FCAPS msg=audit(1769263640.299:7070): fver=0 fp=0 fi=0 fe=0 old_pp=000001f7fdffffff old_pi=0 old_pe=000001f7fdffffff old_pa=0 pp=000001f7fdffffff pi=0 pe=000001f7fdffffff pa=0 frootid=0
type=EXECVE msg=audit(1769263640.299:7070): argc=5 a0="/usr/lib/snapd/snap-device-helper" a1="change" a2="snap_snap-store_snap-store" a3="/devices/pci0000:00/0000:00:02.0/drm/card0" a4="226:0"
type=CWD msg=audit(1769263640.299:7070): cwd="/"
type=PATH msg=audit(1769263640.299:7070): item=0 name="/usr/lib/snapd/snap-device-helper" inode=1582135 dev=08:02 mode=0100755 ouid=0 ogid=0 rdev=00:00 nametype=NORMAL cap_fp=0 cap_fi=0 cap_fe=0 cap_fver=0 cap_frootid=0OUID="root" OGID="root"
type=PATH msg=audit(1769263640.299:7070): item=1 name="/lib64/ld-linux-x86-64.so.2" inode=1575340 dev=08:02 mode=0100755 ouid=0 ogid=0 rdev=00:00 nametype=NORMAL cap_fp=0 cap_fi=0 cap_fe=0 cap_fver=0 cap_frootid=0OUID="root" OGID="root"
type=PROCTITLE msg=audit(1769263640.299:7070): proctitle=2F7573722F6C69622F736E6170642F736E61702D6465766963652D68656C706572006368616E676500736E61705F736E61702D73746F72655F736E61702D73746F7265002F646576696365732F706369303030303A30302F303030303A30303A30322E302F64726D2F6361726430003232363A30
type=SYSCALL msg=audit(1769263640.301:7071): arch=c000003e syscall=59 success=yes exit=0 a0=57f294f7b9b0 a1=57f294d50fc0 a2=57f294d59aa0 a3=0 items=2 ppid=11553 pid=11562 auid=4294967295 uid=0 gid=0 euid=0 suid=0 fsuid=0 egid=0 sgid=0 fsgid=0 tty=(none) ses=4294967295 comm="snap-device-hel" exe="/usr/lib/snapd/snap-device-helper" subj=unconfined key="process_exec"ARCH=x86_64 SYSCALL=execve AUID="unset" UID="root" GID="root" EUID="root" SUID="root" FSUID="root" EGID="root" SGID="root" FSGID="root"
type=BPRM_FCAPS msg=audit(1769263640.301:7071): fver=0 fp=0 fi=0 fe=0 old_pp=000001f7fdffffff old_pi=0 old_pe=000001f7fdffffff old_pa=0 pp=000001f7fdffffff pi=0 pe=000001f7fdffffff pa=0 frootid=0
type=EXECVE msg=audit(1769263640.301:7071): argc=5 a0="/usr/lib/snapd/snap-device-helper" a1="change" a2="snap_snapd-desktop-integration_snapd-desktop-integration" a3="/devices/pci0000:00/0000:00:02.0/drm/card0" a4="226:0"
type=CWD msg=audit(1769263640.301:7071): cwd="/"
type=PATH msg=audit(1769263640.301:7071): item=0 name="/usr/lib/snapd/snap-device-helper" inode=1582135 dev=08:02 mode=0100755 ouid=0 ogid=0 rdev=00:00 nametype=NORMAL cap_fp=0 cap_fi=0 cap_fe=0 cap_fver=0 cap_frootid=0OUID="root" OGID="root"
type=PATH msg=audit(1769263640.301:7071): item=1 name="/lib64/ld-linux-x86-64.so.2" inode=1575340 dev=08:02 mode=0100755 ouid=0 ogid=0 rdev=00:00 nametype=NORMAL cap_fp=0 cap_fi=0 cap_fe=0 cap_fver=0 cap_frootid=0OUID="root" OGID="root"
type=PROCTITLE msg=audit(1769263640.301:7071): proctitle=2F7573722F6C69622F736E6170642F736E61702D6465766963652D68656C706572006368616E676500736E61705F736E6170642D6465736B746F702D696E746567726174696F6E5F736E6170642D6465736B746F702D696E746567726174696F6E002F646576696365732F706369303030303A30302F303030303A30303A3032
type=SYSCALL msg=audit(1769263650.437:7072): arch=c000003e syscall=59 success=yes exit=0 a0=653e76a1cf10 a1=653e76a20160 a2=653e76a17520 a3=653e76a20290 items=2 ppid=11465 pid=11569 auid=1000 uid=0 gid=0 euid=0 suid=0 fsuid=0 egid=0 sgid=0 fsgid=0 tty=pts1 ses=3 comm="mkdir" exe="/usr/bin/mkdir" subj=unconfined key="process_exec"ARCH=x86_64 SYSCALL=execve AUID="heroic" UID="root" GID="root" EUID="root" SUID="root" FSUID="root" EGID="root" SGID="root" FSGID="root"
type=EXECVE msg=audit(1769263650.437:7072): argc=3 a0="mkdir" a1="-p" a2="/root/hids_benign"
type=CWD msg=audit(1769263650.437:7072): cwd=2F726F6F742F686964735F62656E69676E202864656C6574656429
type=PATH msg=audit(1769263650.437:7072): item=0 name="/usr/bin/mkdir" inode=1578106 dev=08:02 mode=0100755 ouid=0 ogid=0 rdev=00:00 nametype=NORMAL cap_fp=0 cap_fi=0 cap_fe=0 cap_fver=0 cap_frootid=0OUID="root" OGID="root"
type=PATH msg=audit(1769263650.437:7072): item=1 name="/lib64/ld-linux-x86-64.so.2" inode=1575340 dev=08:02 mode=0100755 ouid=0 ogid=0 rdev=00:00 nametype=NORMAL cap_fp=0 cap_fi=0 cap_fe=0 cap_fver=0 cap_frootid=0OUID="root" OGID="root"
type=PROCTITLE msg=audit(1769263650.437:7072): proctitle=6D6B646972002D70002F726F6F742F686964735F62656E69676E
type=SYSCALL msg=audit(1769263650.463:7073): arch=c000003e syscall=59 success=yes exit=0 a0=653e76a20250 a1=653e76a1c590 a2=653e76a17520 a3=653e76a1c590 items=2 ppid=11465 pid=11570 auid=1000 uid=0 gid=0 euid=0 suid=0 fsuid=0 egid=0 sgid=0 fsgid=0 tty=pts1 ses=3 comm="cat" exe="/usr/bin/cat" subj=unconfined key="process_exec"ARCH=x86_64 SYSCALL=execve AUID="heroic" UID="root" GID="root" EUID="root" SUID="root" FSUID="root" EGID="root" SGID="root" FSGID="root"
type=EXECVE msg=audit(1769263650.463:7073): argc=2 a0="cat" a1="file_1.txt"
type=CWD msg=audit(1769263650.463:7073): cwd="/root/hids_benign"
type=PATH msg=audit(1769263650.463:7073): item=0 name="/usr/bin/cat" inode=1578016 dev=08:02 mode=0100755 ouid=0 ogid=0 rdev=00:00 nametype=NORMAL cap_fp=0 cap_fi=0 cap_fe=0 cap_fver=0 cap_frootid=0OUID="root" OGID="root"
type=PATH msg=audit(1769263650.463:7073): item=1 name="/lib64/ld-linux-x86-64.so.2" inode=1575340 dev=08:02 mode=0100755 ouid=0 ogid=0 rdev=00:00 nametype=NORMAL cap_fp=0 cap_fi=0 cap_fe=0 cap_fver=0 cap_frootid=0OUID="root" OGID="root"
type=PROCTITLE msg=audit(1769263650.463:7073): proctitle=6361740066696C655F312E747874
type=SYSCALL msg=audit(1769263650.466:7074): arch=c000003e syscall=59 success=yes exit=0 a0=653e76a1c590 a1=653e76a1f440 a2=653e76a17520 a3=653e76a1f440 items=2 ppid=11465 pid=11571 auid=1000 uid=0 gid=0 euid=0 suid=0 fsuid=0 egid=0 sgid=0 fsgid=0 tty=pts1 ses=3 comm="cat" exe="/usr/bin/cat" subj=unconfined key="process_exec"ARCH=x86_64 SYSCALL=execve AUID="heroic" UID="root" GID="root" EUID="root" SUID="root" FSUID="root" EGID="root" SGID="root" FSGID="root"
type=EXECVE msg=audit(1769263650.466:7074): argc=2 a0="cat" a1="file_2.txt"
type=CWD msg=audit(1769263650.466:7074): cwd="/root/hids_benign"
type=PATH msg=audit(1769263650.466:7074): item=0 name="/usr/bin/cat" inode=1578016 dev=08:02 mode=0100755 ouid=0 ogid=0 rdev=00:00 nametype=NORMAL cap_fp=0 cap_fi=0 cap_fe=0 cap_fver=0 cap_frootid=0OUID="root" OGID="root"
type=PATH msg=audit(1769263650.466:7074): item=1 name="/lib64/ld-linux-x86-64.so.2" inode=1575340 dev=08:02 mode=0100755 ouid=0 ogid=0 rdev=00:00 nametype=NORMAL cap_fp=0 cap_fi=0 cap_fe=0 cap_fver=0 cap_frootid=0OUID="root" OGID="root"
type=PROCTITLE msg=audit(1769263650.466:7074): proctitle=6361740066696C655F322E747874
type=SYSCALL msg=audit(1769263650.468:7075): arch=c000003e syscall=59 success=yes exit=0 a0=653e76a1f440 a1=653e76a20250 a2=653e76a17520 a3=653e76a20250 items=2 ppid=11465 pid=11572 auid=1000 uid=0 gid=0 euid=0 suid=0 fsuid=0 egid=0 sgid=0 fsgid=0 tty=pts1 ses=3 comm="cat" exe="/usr/bin/cat" subj=unconfined key="process_exec"ARCH=x86_64 SYSCALL=execve AUID="heroic" UID="root" GID="root" EUID="root" SUID="root" FSUID="root" EGID="root" SGID="root" FSGID="root"
type=EXECVE msg=audit(1769263650.468:7075): argc=2 a0="cat" a1="file_3.txt"
type=CWD msg=audit(1769263650.468:7075): cwd="/root/hids_benign"
type=PATH msg=audit(1769263650.468:7075): item=0 name="/usr/bin/cat" inode=1578016 dev=08:02 mode=0100755 ouid=0 ogid=0 rdev=00:00 nametype=NORMAL cap_fp=0 cap_fi=0 cap_fe=0 cap_fver=0 cap_frootid=0OUID="root" OGID="root"
type=PATH msg=audit(1769263650.468:7075): item=1 name="/lib64/ld-linux-x86-64.so.2" inode=1575340 dev=08:02 mode=0100755 ouid=0 ogid=0 rdev=00:00 nametype=NORMAL cap_fp=0 cap_fi=0 cap_fe=0 cap_fver=0 cap_frootid=0OUID="root" OGID="root"
type=PROCTITLE msg=audit(1769263650.468:7075): proctitle=6361740066696C655F332E747874
type=SYSCALL msg=audit(1769263650.470:7076): arch=c000003e syscall=59 success=yes exit=0 a0=653e76a20250 a1=653e76a1c590 a2=653e76a17520 a3=653e76a1c590 items=2 ppid=11465 pid=11573 auid=1000 uid=0 gid=0 euid=0 suid=0 fsuid=0 egid=0 sgid=0 fsgid=0 tty=pts1 ses=3 comm="cat" exe="/usr/bin/cat" subj=unconfined key="process_exec"ARCH=x86_64 SYSCALL=execve AUID="heroic" UID="root" GID="root" EUID="root" SUID="root" FSUID="root" EGID="root" SGID="root" FSGID="root"
type=EXECVE msg=audit(1769263650.470:7076): argc=2 a0="cat" a1="file_4.txt"
type=CWD msg=audit(1769263650.470:7076): cwd="/root/hids_benign"
type=PATH msg=audit(1769263650.470:7076): item=0 name="/usr/bin/cat" inode=1578016 dev=08:02 mode=0100755 ouid=0 ogid=0 rdev=00:00 nametype=NORMAL cap_fp=0 cap_fi=0 cap_fe=0 cap_fver=0 cap_frootid=0OUID="root" OGID="root"
type=PATH msg=audit(1769263650.470:7076): item=1 name="/lib64/ld-linux-x86-64.so.2" inode=1575340 dev=08:02 mode=0100755 ouid=0 ogid=0 rdev=00:00 nametype=NORMAL cap_fp=0 cap_fi=0 cap_fe=0 cap_fver=0 cap_frootid=0OUID="root" OGID="root"
type=PROCTITLE msg=audit(1769263650.470:7076): proctitle=6361740066696C655F342E747874
type=SYSCALL msg=audit(1769263650.472:7077): arch=c000003e syscall=59 success=yes exit=0 a0=653e76a1c590 a1=653e76a1f440 a2=653e76a17520 a3=653e76a1f440 items=2 ppid=11465 pid=11574 auid=1000 uid=0 gid=0 euid=0 suid=0 fsuid=0 egid=0 sgid=0 fsgid=0 tty=pts1 ses=3 comm="cat" exe="/usr/bin/cat" subj=unconfined key="process_exec"ARCH=x86_64 SYSCALL=execve AUID="heroic" UID="root" GID="root" EUID="root" SUID="root" FSUID="root" EGID="root" SGID="root" FSGID="root"
type=EXECVE msg=audit(1769263650.472:7077): argc=2 a0="cat" a1="file_5.txt"
type=CWD msg=audit(1769263650.472:7077): cwd="/root/hids_benign"
type=PATH msg=audit(1769263650.472:7077): item=0 name="/usr/bin/cat" inode=1578016 dev=08:02 mode=0100755 ouid=0 ogid=0 rdev=00:00 nametype=NORMAL cap_fp=0 cap_fi=0 cap_fe=0 cap_fver=0 cap_frootid=0OUID="root" OGID="root"
type=PATH msg=audit(1769263650.472:7077): item=1 name="/lib64/ld-linux-x86-64.so.2" inode=1575340 dev=08:02 mode=0100755 ouid=0 ogid=0 rdev=00:00 nametype=NORMAL cap_fp=0 cap_fi=0 cap_fe=0 cap_fver=0 cap_frootid=0OUID="root" OGID="root"
type=PROCTITLE msg=audit(1769263650.472:7077): proctitle=6361740066696C655F352E747874
type=SYSCALL msg=audit(1769263650.474:7078): arch=c000003e syscall=59 success=yes exit=0 a0=653e76a1f440 a1=653e76a20250 a2=653e76a17520 a3=653e76a20250 items=2 ppid=11465 pid=11575 auid=1000 uid=0 gid=0 euid=0 suid=0 fsuid=0 egid=0 sgid=0 fsgid=0 tty=pts1 ses=3 comm="cat" exe="/usr/bin/cat" subj=unconfined key="process_exec"ARCH=x86_64 SYSCALL=execve AUID="heroic" UID="root" GID="root" EUID="root" SUID="root" FSUID="root" EGID="root" SGID="root" FSGID="root"
type=EXECVE msg=audit(1769263650.474:7078): argc=2 a0="cat" a1="file_6.txt"
type=CWD msg=audit(1769263650.474:7078): cwd="/root/hids_benign"
type=PATH msg=audit(1769263650.474:7078): item=0 name="/usr/bin/cat" inode=1578016 dev=08:02 mode=0100755 ouid=0 ogid=0 rdev=00:00 nametype=NORMAL cap_fp=0 cap_fi=0 cap_fe=0 cap_fver=0 cap_frootid=0OUID="root" OGID="root"
type=PATH msg=audit(1769263650.474:7078): item=1 name="/lib64/ld-linux-x86-64.so.2" inode=1575340 dev=08:02 mode=0100755 ouid=0 ogid=0 rdev=00:00 nametype=NORMAL cap_fp=0 cap_fi=0 cap_fe=0 cap_fver=0 cap_frootid=0OUID="root" OGID="root"
type=PROCTITLE msg=audit(1769263650.474:7078): proctitle=6361740066696C655F362E747874
type=SYSCALL msg=audit(1769263650.476:7079): arch=c000003e syscall=59 success=yes exit=0 a0=653e76a20250 a1=653e76a1c590 a2=653e76a17520 a3=653e76a1c590 items=2 ppid=11465 pid=11576 auid=1000 uid=0 gid=0 euid=0 suid=0 fsuid=0 egid=0 sgid=0 fsgid=0 tty=pts1 ses=3 comm="cat" exe="/usr/bin/cat" subj=unconfined key="process_exec"ARCH=x86_64 SYSCALL=execve AUID="heroic" UID="root" GID="root" EUID="root" SUID="root" FSUID="root" EGID="root" SGID="root" FSGID="root"
type=EXECVE msg=audit(1769263650.476:7079): argc=2 a0="cat" a1="file_7.txt"
type=CWD msg=audit(1769263650.476:7079): cwd="/root/hids_benign"
type=PATH msg=audit(1769263650.476:7079): item=0 name="/usr/bin/cat" inode=1578016 dev=08:02 mode=0100755 ouid=0 ogid=0 rdev=00:00 nametype=NORMAL cap_fp=0 cap_fi=0 cap_fe=0 cap_fver=0 cap_frootid=0OUID="root" OGID="root"
type=PATH msg=audit(1769263650.476:7079): item=1 name="/lib64/ld-linux-x86-64.so.2" inode=1575340 dev=08:02 mode=0100755 ouid=0 ogid=0 rdev=00:00 nametype=NORMAL cap_fp=0 cap_fi=0 cap_fe=0 cap_fver=0 cap_frootid=0OUID="root" OGID="root"
type=PROCTITLE msg=audit(1769263650.476:7079): proctitle=6361740066696C655F372E747874
type=SYSCALL msg=audit(1769263650.499:7080): arch=c000003e syscall=59 success=yes exit=0 a0=653e76a1c590 a1=653e76a1f440 a2=653e76a17520 a3=653e76a1f440 items=2 ppid=11465 pid=11577 auid=1000 uid=0 gid=0 euid=0 suid=0 fsuid=0 egid=0 sgid=0 fsgid=0 tty=pts1 ses=3 comm="cat" exe="/usr/bin/cat" subj=unconfined key="process_exec"ARCH=x86_64 SYSCALL=execve AUID="heroic" UID="root" GID="root" EUID="root" SUID="root" FSUID="root" EGID="root" SGID="root" FSGID="root"
type=EXECVE msg=audit(1769263650.499:7080): argc=2 a0="cat" a1="file_8.txt"
type=CWD msg=audit(1769263650.499:7080): cwd="/root/hids_benign"
type=PATH msg=audit(1769263650.499:7080): item=0 name="/usr/bin/cat" inode=1578016 dev=08:02 mode=0100755 ouid=0 ogid=0 rdev=00:00 nametype=NORMAL cap_fp=0 cap_fi=0 cap_fe=0 cap_fver=0 cap_frootid=0OUID="root" OGID="root"
type=PATH msg=audit(1769263650.499:7080): item=1 name="/lib64/ld-linux-x86-64.so.2" inode=1575340 dev=08:02 mode=0100755 ouid=0 ogid=0 rdev=00:00 nametype=NORMAL cap_fp=0 cap_fi=0 cap_fe=0 cap_fver=0 cap_frootid=0OUID="root" OGID="root"
type=PROCTITLE msg=audit(1769263650.499:7080): proctitle=6361740066696C655F382E747874
type=SYSCALL msg=audit(1769263650.505:7081): arch=c000003e syscall=59 success=yes exit=0 a0=653e76a1f440 a1=653e76a20250 a2=653e76a17520 a3=653e76a20250 items=2 ppid=11465 pid=11578 auid=1000 uid=0 gid=0 euid=0 suid=0 fsuid=0 egid=0 sgid=0 fsgid=0 tty=pts1 ses=3 comm="cat" exe="/usr/bin/cat" subj=unconfined key="process_exec"ARCH=x86_64 SYSCALL=execve AUID="heroic" UID="root" GID="root" EUID="root" SUID="root" FSUID="root" EGID="root" SGID="root" FSGID="root"
type=EXECVE msg=audit(1769263650.505:7081): argc=2 a0="cat" a1="file_9.txt"
type=CWD msg=audit(1769263650.505:7081): cwd="/root/hids_benign"
type=PATH msg=audit(1769263650.505:7081): item=0 name="/usr/bin/cat" inode=1578016 dev=08:02 mode=0100755 ouid=0 ogid=0 rdev=00:00 nametype=NORMAL cap_fp=0 cap_fi=0 cap_fe=0 cap_fver=0 cap_frootid=0OUID="root" OGID="root"
type=PATH msg=audit(1769263650.505:7081): item=1 name="/lib64/ld-linux-x86-64.so.2" inode=1575340 dev=08:02 mode=0100755 ouid=0 ogid=0 rdev=00:00 nametype=NORMAL cap_fp=0 cap_fi=0 cap_fe=0 cap_fver=0 cap_frootid=0OUID="root" OGID="root"
type=PROCTITLE msg=audit(1769263650.505:7081): proctitle=6361740066696C655F392E747874
type=SYSCALL msg=audit(1769263650.508:7082): arch=c000003e syscall=59 success=yes exit=0 a0=653e76a20250 a1=653e76a1c590 a2=653e76a17520 a3=653e76a1c590 items=2 ppid=11465 pid=11579 auid=1000 uid=0 gid=0 euid=0 suid=0 fsuid=0 egid=0 sgid=0 fsgid=0 tty=pts1 ses=3 comm="cat" exe="/usr/bin/cat" subj=unconfined key="process_exec"ARCH=x86_64 SYSCALL=execve AUID="heroic" UID="root" GID="root" EUID="root" SUID="root" FSUID="root" EGID="root" SGID="root" FSGID="root"
type=EXECVE msg=audit(1769263650.508:7082): argc=2 a0="cat" a1="file_10.txt"
type=CWD msg=audit(1769263650.508:7082): cwd="/root/hids_benign"
type=PATH msg=audit(1769263650.508:7082): item=0 name="/usr/bin/cat" inode=1578016 dev=08:02 mode=0100755 ouid=0 ogid=0 rdev=00:00 nametype=NORMAL cap_fp=0 cap_fi=0 cap_fe=0 cap_fver=0 cap_frootid=0OUID="root" OGID="root"
type=PATH msg=audit(1769263650.508:7082): item=1 name="/lib64/ld-linux-x86-64.so.2" inode=1575340 dev=08:02 mode=0100755 ouid=0 ogid=0 rdev=00:00 nametype=NORMAL cap_fp=0 cap_fi=0 cap_fe=0 cap_fver=0 cap_frootid=0OUID="root" OGID="root"
type=PROCTITLE msg=audit(1769263650.508:7082): proctitle=6361740066696C655F31302E747874
type=SYSCALL msg=audit(1769263650.508:7083): arch=c000003e syscall=59 success=yes exit=0 a0=653e76a1f500 a1=653e76a1fdf0 a2=653e76a17520 a3=0 items=2 ppid=11465 pid=11580 auid=1000 uid=0 gid=0 euid=0 suid=0 fsuid=0 egid=0 sgid=0 fsgid=0 tty=pts1 ses=3 comm="vim" exe="/usr/bin/vim.basic" subj=unconfined key="process_exec"ARCH=x86_64 SYSCALL=execve AUID="heroic" UID="root" GID="root" EUID="root" SUID="root" FSUID="root" EGID="root" SGID="root" FSGID="root"
type=EXECVE msg=audit(1769263650.508:7083): argc=3 a0="vim" a1="-es" a2="file_1.txt"
type=CWD msg=audit(1769263650.508:7083): cwd="/root/hids_benign"
type=PATH msg=audit(1769263650.508:7083): item=0 name="/usr/bin/vim" inode=1575517 dev=08:02 mode=0100755 ouid=0 ogid=0 rdev=00:00 nametype=NORMAL cap_fp=0 cap_fi=0 cap_fe=0 cap_fver=0 cap_frootid=0OUID="root" OGID="root"
type=PATH msg=audit(1769263650.508:7083): item=1 name="/lib64/ld-linux-x86-64.so.2" inode=1575340 dev=08:02 mode=0100755 ouid=0 ogid=0 rdev=00:00 nametype=NORMAL cap_fp=0 cap_fi=0 cap_fe=0 cap_fver=0 cap_frootid=0OUID="root" OGID="root"
type=PROCTITLE msg=audit(1769263650.508:7083): proctitle=76696D002D65730066696C655F312E747874
type=SYSCALL msg=audit(1769263650.543:7084): arch=c000003e syscall=59 success=yes exit=0 a0=653e76a1d800 a1=653e76a1fdf0 a2=653e76a17520 a3=0 items=2 ppid=11465 pid=11581 auid=1000 uid=0 gid=0 euid=0 suid=0 fsuid=0 egid=0 sgid=0 fsgid=0 tty=pts1 ses=3 comm="vim" exe="/usr/bin/vim.basic" subj=unconfined key="process_exec"ARCH=x86_64 SYSCALL=execve AUID="heroic" UID="root" GID="root" EUID="root" SUID="root" FSUID="root" EGID="root" SGID="root" FSGID="root"
type=EXECVE msg=audit(1769263650.543:7084): argc=3 a0="vim" a1="-es" a2="file_2.txt"
type=CWD msg=audit(1769263650.543:7084): cwd="/root/hids_benign"
type=PATH msg=audit(1769263650.543:7084): item=0 name="/usr/bin/vim" inode=1575517 dev=08:02 mode=0100755 ouid=0 ogid=0 rdev=00:00 nametype=NORMAL cap_fp=0 cap_fi=0 cap_fe=0 cap_fver=0 cap_frootid=0OUID="root" OGID="root"
type=PATH msg=audit(1769263650.543:7084): item=1 name="/lib64/ld-linux-x86-64.so.2" inode=1575340 dev=08:02 mode=0100755 ouid=0 ogid=0 rdev=00:00 nametype=NORMAL cap_fp=0 cap_fi=0 cap_fe=0 cap_fver=0 cap_frootid=0OUID="root" OGID="root"
type=PROCTITLE msg=audit(1769263650.543:7084): proctitle=76696D002D65730066696C655F322E747874
type=SYSCALL msg=audit(1769263650.551:7085): arch=c000003e syscall=59 success=yes exit=0 a0=653e76a208c0 a1=653e76a1fdf0 a2=653e76a17520 a3=0 items=2 ppid=11465 pid=11582 auid=1000 uid=0 gid=0 euid=0 suid=0 fsuid=0 egid=0 sgid=0 fsgid=0 tty=pts1 ses=3 comm="vim" exe="/usr/bin/vim.basic" subj=unconfined key="process_exec"ARCH=x86_64 SYSCALL=execve AUID="heroic" UID="root" GID="root" EUID="root" SUID="root" FSUID="root" EGID="root" SGID="root" FSGID="root"
type=EXECVE msg=audit(1769263650.551:7085): argc=3 a0="vim" a1="-es" a2="file_3.txt"
type=CWD msg=audit(1769263650.551:7085): cwd="/root/hids_benign"
type=PATH msg=audit(1769263650.551:7085): item=0 name="/usr/bin/vim" inode=1575517 dev=08:02 mode=0100755 ouid=0 ogid=0 rdev=00:00 nametype=NORMAL cap_fp=0 cap_fi=0 cap_fe=0 cap_fver=0 cap_frootid=0OUID="root" OGID="root"
type=PATH msg=audit(1769263650.551:7085): item=1 name="/lib64/ld-linux-x86-64.so.2" inode=1575340 dev=08:02 mode=0100755 ouid=0 ogid=0 rdev=00:00 nametype=NORMAL cap_fp=0 cap_fi=0 cap_fe=0 cap_fver=0 cap_frootid=0OUID="root" OGID="root"
type=PROCTITLE msg=audit(1769263650.551:7085): proctitle=76696D002D65730066696C655F332E747874
type=SYSCALL msg=audit(1769263650.560:7086): arch=c000003e syscall=59 success=yes exit=0 a0=653e76a1f440 a1=653e76a1fdf0 a2=653e76a17520 a3=0 items=2 ppid=11465 pid=11583 auid=1000 uid=0 gid=0 euid=0 suid=0 fsuid=0 egid=0 sgid=0 fsgid=0 tty=pts1 ses=3 comm="vim" exe="/usr/bin/vim.basic" subj=unconfined key="process_exec"ARCH=x86_64 SYSCALL=execve AUID="heroic" UID="root" GID="root" EUID="root" SUID="root" FSUID="root" EGID="root" SGID="root" FSGID="root"
type=EXECVE msg=audit(1769263650.560:7086): argc=3 a0="vim" a1="-es" a2="file_4.txt"
type=CWD msg=audit(1769263650.560:7086): cwd="/root/hids_benign"
type=PATH msg=audit(1769263650.560:7086): item=0 name="/usr/bin/vim" inode=1575517 dev=08:02 mode=0100755 ouid=0 ogid=0 rdev=00:00 nametype=NORMAL cap_fp=0 cap_fi=0 cap_fe=0 cap_fver=0 cap_frootid=0OUID="root" OGID="root"
type=PATH msg=audit(1769263650.560:7086): item=1 name="/lib64/ld-linux-x86-64.so.2" inode=1575340 dev=08:02 mode=0100755 ouid=0 ogid=0 rdev=00:00 nametype=NORMAL cap_fp=0 cap_fi=0 cap_fe=0 cap_fver=0 cap_frootid=0OUID="root" OGID="root"
type=PROCTITLE msg=audit(1769263650.560:7086): proctitle=76696D002D65730066696C655F342E747874
type=SYSCALL msg=audit(1769263650.570:7087): arch=c000003e syscall=59 success=yes exit=0 a0=653e76a1f500 a1=653e76a1fdf0 a2=653e76a17520 a3=0 items=2 ppid=11465 pid=11584 auid=1000 uid=0 gid=0 euid=0 suid=0 fsuid=0 egid=0 sgid=0 fsgid=0 tty=pts1 ses=3 comm="vim" exe="/usr/bin/vim.basic" subj=unconfined key="process_exec"ARCH=x86_64 SYSCALL=execve AUID="heroic" UID="root" GID="root" EUID="root" SUID="root" FSUID="root" EGID="root" SGID="root" FSGID="root"
type=EXECVE msg=audit(1769263650.570:7087): argc=3 a0="vim" a1="-es" a2="file_5.txt"
type=CWD msg=audit(1769263650.570:7087): cwd="/root/hids_benign"
type=PATH msg=audit(1769263650.570:7087): item=0 name="/usr/bin/vim" inode=1575517 dev=08:02 mode=0100755 ouid=0 ogid=0 rdev=00:00 nametype=NORMAL cap_fp=0 cap_fi=0 cap_fe=0 cap_fver=0 cap_frootid=0OUID="root" OGID="root"
type=PATH msg=audit(1769263650.570:7087): item=1 name="/lib64/ld-linux-x86-64.so.2" inode=1575340 dev=08:02 mode=0100755 ouid=0 ogid=0 rdev=00:00 nametype=NORMAL cap_fp=0 cap_fi=0 cap_fe=0 cap_fver=0 cap_frootid=0OUID="root" OGID="root"
type=PROCTITLE msg=audit(1769263650.570:7087): proctitle=76696D002D65730066696C655F352E747874
type=SYSCALL msg=audit(1769263650.584:7088): arch=c000003e syscall=59 success=yes exit=0 a0=653e76a1cf10 a1=653e76a208c0 a2=653e76a17520 a3=653e76a208c0 items=2 ppid=11465 pid=11585 auid=1000 uid=0 gid=0 euid=0 suid=0 fsuid=0 egid=0 sgid=0 fsgid=0 tty=pts1 ses=3 comm="ls" exe="/usr/bin/ls" subj=unconfined key="process_exec"ARCH=x86_64 SYSCALL=execve AUID="heroic" UID="root" GID="root" EUID="root" SUID="root" FSUID="root" EGID="root" SGID="root" FSGID="root"
type=EXECVE msg=audit(1769263650.584:7088): argc=2 a0="ls" a1="-la"
type=CWD msg=audit(1769263650.584:7088): cwd="/root/hids_benign"
type=PATH msg=audit(1769263650.584:7088): item=0 name="/usr/bin/ls" inode=1578104 dev=08:02 mode=0100755 ouid=0 ogid=0 rdev=00:00 nametype=NORMAL cap_fp=0 cap_fi=0 cap_fe=0 cap_fver=0 cap_frootid=0OUID="root" OGID="root"
type=PATH msg=audit(1769263650.584:7088): item=1 name="/lib64/ld-linux-x86-64.so.2" inode=1575340 dev=08:02 mode=0100755 ouid=0 ogid=0 rdev=00:00 nametype=NORMAL cap_fp=0 cap_fi=0 cap_fe=0 cap_fver=0 cap_frootid=0OUID="root" OGID="root"
type=PROCTITLE msg=audit(1769263650.584:7088): proctitle=6C73002D6C61
type=SYSCALL msg=audit(1769263650.590:7089): arch=c000003e syscall=59 success=yes exit=0 a0=653e76a1f0c0 a1=653e76a1da60 a2=653e76a17520 a3=653e76a20090 items=2 ppid=11465 pid=11586 auid=1000 uid=0 gid=0 euid=0 suid=0 fsuid=0 egid=0 sgid=0 fsgid=0 tty=pts1 ses=3 comm="ls" exe="/usr/bin/ls" subj=unconfined key="process_exec"ARCH=x86_64 SYSCALL=execve AUID="heroic" UID="root" GID="root" EUID="root" SUID="root" FSUID="root" EGID="root" SGID="root" FSGID="root"
type=EXECVE msg=audit(1769263650.590:7089): argc=2 a0="ls" a1="-la"
type=CWD msg=audit(1769263650.590:7089): cwd="/root/hids_benign"
type=PATH msg=audit(1769263650.590:7089): item=0 name="/usr/bin/ls" inode=1578104 dev=08:02 mode=0100755 ouid=0 ogid=0 rdev=00:00 nametype=NORMAL cap_fp=0 cap_fi=0 cap_fe=0 cap_fver=0 cap_frootid=0OUID="root" OGID="root"
type=PATH msg=audit(1769263650.590:7089): item=1 name="/lib64/ld-linux-x86-64.so.2" inode=1575340 dev=08:02 mode=0100755 ouid=0 ogid=0 rdev=00:00 nametype=NORMAL cap_fp=0 cap_fi=0 cap_fe=0 cap_fver=0 cap_frootid=0OUID="root" OGID="root"
type=PROCTITLE msg=audit(1769263650.590:7089): proctitle=6C73002D6C61
type=SYSCALL msg=audit(1769263650.593:7090): arch=c000003e syscall=59 success=yes exit=0 a0=653e76a1f500 a1=653e76a1da60 a2=653e76a17520 a3=653e76a1f5e0 items=2 ppid=11465 pid=11587 auid=1000 uid=0 gid=0 euid=0 suid=0 fsuid=0 egid=0 sgid=0 fsgid=0 tty=pts1 ses=3 comm="ls" exe="/usr/bin/ls" subj=unconfined key="process_exec"ARCH=x86_64 SYSCALL=execve AUID="heroic" UID="root" GID="root" EUID="root" SUID="root" FSUID="root" EGID="root" SGID="root" FSGID="root"
type=EXECVE msg=audit(1769263650.593:7090): argc=2 a0="ls" a1="-la"
type=CWD msg=audit(1769263650.593:7090): cwd="/root/hids_benign"
type=PATH msg=audit(1769263650.593:7090): item=0 name="/usr/bin/ls" inode=1578104 dev=08:02 mode=0100755 ouid=0 ogid=0 rdev=00:00 nametype=NORMAL cap_fp=0 cap_fi=0 cap_fe=0 cap_fver=0 cap_frootid=0OUID="root" OGID="root"
type=PATH msg=audit(1769263650.593:7090): item=1 name="/lib64/ld-linux-x86-64.so.2" inode=1575340 dev=08:02 mode=0100755 ouid=0 ogid=0 rdev=00:00 nametype=NORMAL cap_fp=0 cap_fi=0 cap_fe=0 cap_fver=0 cap_frootid=0OUID="root" OGID="root"
type=PROCTITLE msg=audit(1769263650.593:7090): proctitle=6C73002D6C61
type=SYSCALL msg=audit(1769263650.594:7091): arch=c000003e syscall=59 success=yes exit=0 a0=653e76a20310 a1=653e76a1da60 a2=653e76a17520 a3=653e76a1cf10 items=2 ppid=11465 pid=11588 auid=1000 uid=0 gid=0 euid=0 suid=0 fsuid=0 egid=0 sgid=0 fsgid=0 tty=pts1 ses=3 comm="ls" exe="/usr/bin/ls" subj=unconfined key="process_exec"ARCH=x86_64 SYSCALL=execve AUID="heroic" UID="root" GID="root" EUID="root" SUID="root" FSUID="root" EGID="root" SGID="root" FSGID="root"
type=EXECVE msg=audit(1769263650.594:7091): argc=2 a0="ls" a1="-la"
type=CWD msg=audit(1769263650.594:7091): cwd="/root/hids_benign"
type=PATH msg=audit(1769263650.594:7091): item=0 name="/usr/bin/ls" inode=1578104 dev=08:02 mode=0100755 ouid=0 ogid=0 rdev=00:00 nametype=NORMAL cap_fp=0 cap_fi=0 cap_fe=0 cap_fver=0 cap_frootid=0OUID="root" OGID="root"
type=PATH msg=audit(1769263650.594:7091): item=1 name="/lib64/ld-linux-x86-64.so.2" inode=1575340 dev=08:02 mode=0100755 ouid=0 ogid=0 rdev=00:00 nametype=NORMAL cap_fp=0 cap_fi=0 cap_fe=0 cap_fver=0 cap_frootid=0OUID="root" OGID="root"
type=PROCTITLE msg=audit(1769263650.594:7091): proctitle=6C73002D6C61
type=SYSCALL msg=audit(1769263650.594:7092): arch=c000003e syscall=59 success=yes exit=0 a0=653e76a1f600 a1=653e76a1da60 a2=653e76a17520 a3=653e76a1f0c0 items=2 ppid=11465 pid=11589 auid=1000 uid=0 gid=0 euid=0 suid=0 fsuid=0 egid=0 sgid=0 fsgid=0 tty=pts1 ses=3 comm="ls" exe="/usr/bin/ls" subj=unconfined key="process_exec"ARCH=x86_64 SYSCALL=execve AUID="heroic" UID="root" GID="root" EUID="root" SUID="root" FSUID="root" EGID="root" SGID="root" FSGID="root"
type=EXECVE msg=audit(1769263650.594:7092): argc=2 a0="ls" a1="-la"
type=CWD msg=audit(1769263650.594:7092): cwd="/root/hids_benign"
type=PATH msg=audit(1769263650.594:7092): item=0 name="/usr/bin/ls" inode=1578104 dev=08:02 mode=0100755 ouid=0 ogid=0 rdev=00:00 nametype=NORMAL cap_fp=0 cap_fi=0 cap_fe=0 cap_fver=0 cap_frootid=0OUID="root" OGID="root"
type=PATH msg=audit(1769263650.594:7092): item=1 name="/lib64/ld-linux-x86-64.so.2" inode=1575340 dev=08:02 mode=0100755 ouid=0 ogid=0 rdev=00:00 nametype=NORMAL cap_fp=0 cap_fi=0 cap_fe=0 cap_fver=0 cap_frootid=0OUID="root" OGID="root"
type=PROCTITLE msg=audit(1769263650.594:7092): proctitle=6C73002D6C61
type=SYSCALL msg=audit(1769263650.594:7093): arch=c000003e syscall=59 success=yes exit=0 a0=653e76a1cf10 a1=653e76a1fdc0 a2=653e76a17520 a3=653e76a1f500 items=2 ppid=11465 pid=11590 auid=1000 uid=0 gid=0 euid=0 suid=0 fsuid=0 egid=0 sgid=0 fsgid=0 tty=pts1 ses=3 comm="curl" exe="/usr/bin/curl" subj=unconfined key="process_exec"ARCH=x86_64 SYSCALL=execve AUID="heroic" UID="root" GID="root" EUID="root" SUID="root" FSUID="root" EGID="root" SGID="root" FSGID="root"
type=EXECVE msg=audit(1769263650.594:7093): argc=3 a0="curl" a1="-s" a2="https://example.com"
type=CWD msg=audit(1769263650.594:7093): cwd="/root/hids_benign"
type=PATH msg=audit(1769263650.594:7093): item=0 name="/usr/bin/curl" inode=1573697 dev=08:02 mode=0100755 ouid=0 ogid=0 rdev=00:00 nametype=NORMAL cap_fp=0 cap_fi=0 cap_fe=0 cap_fver=0 cap_frootid=0OUID="root" OGID="root"
type=PATH msg=audit(1769263650.594:7093): item=1 name="/lib64/ld-linux-x86-64.so.2" inode=1575340 dev=08:02 mode=0100755 ouid=0 ogid=0 rdev=00:00 nametype=NORMAL cap_fp=0 cap_fi=0 cap_fe=0 cap_fver=0 cap_frootid=0OUID="root" OGID="root"
type=PROCTITLE msg=audit(1769263650.594:7093): proctitle=6375726C002D730068747470733A2F2F6578616D706C652E636F6D
type=SYSCALL msg=audit(1769263650.779:7094): arch=c000003e syscall=59 success=yes exit=0 a0=653e76a20070 a1=653e76a190c0 a2=653e76a17520 a3=653e76a1f340 items=2 ppid=11465 pid=11592 auid=1000 uid=0 gid=0 euid=0 suid=0 fsuid=0 egid=0 sgid=0 fsgid=0 tty=pts1 ses=3 comm="ssh" exe="/usr/bin/ssh" subj=unconfined key="process_exec"ARCH=x86_64 SYSCALL=execve AUID="heroic" UID="root" GID="root" EUID="root" SUID="root" FSUID="root" EGID="root" SGID="root" FSGID="root"
type=EXECVE msg=audit(1769263650.779:7094): argc=5 a0="ssh" a1="-o" a2="BatchMode=yes" a3="localhost" a4=6563686F205353485F4F4B
type=CWD msg=audit(1769263650.779:7094): cwd="/root/hids_benign"
type=PATH msg=audit(1769263650.779:7094): item=0 name="/usr/bin/ssh" inode=1573390 dev=08:02 mode=0100755 ouid=0 ogid=0 rdev=00:00 nametype=NORMAL cap_fp=0 cap_fi=0 cap_fe=0 cap_fver=0 cap_frootid=0OUID="root" OGID="root"
type=PATH msg=audit(1769263650.779:7094): item=1 name="/lib64/ld-linux-x86-64.so.2" inode=1575340 dev=08:02 mode=0100755 ouid=0 ogid=0 rdev=00:00 nametype=NORMAL cap_fp=0 cap_fi=0 cap_fe=0 cap_fver=0 cap_frootid=0OUID="root" OGID="root"
type=PROCTITLE msg=audit(1769263650.779:7094): proctitle=737368002D6F0042617463684D6F64653D796573006C6F63616C686F7374006563686F205353485F4F4B
type=SYSCALL msg=audit(1769263650.796:7095): arch=c000003e syscall=59 success=yes exit=0 a0=653e76a1f500 a1=653e76a20310 a2=653e76a17520 a3=653e76a20310 items=2 ppid=11465 pid=11593 auid=1000 uid=0 gid=0 euid=0 suid=0 fsuid=0 egid=0 sgid=0 fsgid=0 tty=pts1 ses=3 comm="sleep" exe="/usr/bin/sleep" subj=unconfined key="process_exec"ARCH=x86_64 SYSCALL=execve AUID="heroic" UID="root" GID="root" EUID="root" SUID="root" FSUID="root" EGID="root" SGID="root" FSGID="root"
type=EXECVE msg=audit(1769263650.796:7095): argc=2 a0="sleep" a1="5"
type=CWD msg=audit(1769263650.796:7095): cwd="/root/hids_benign"
type=PATH msg=audit(1769263650.796:7095): item=0 name="/usr/bin/sleep" inode=1578138 dev=08:02 mode=0100755 ouid=0 ogid=0 rdev=00:00 nametype=NORMAL cap_fp=0 cap_fi=0 cap_fe=0 cap_fver=0 cap_frootid=0OUID="root" OGID="root"
type=PATH msg=audit(1769263650.796:7095): item=1 name="/lib64/ld-linux-x86-64.so.2" inode=1575340 dev=08:02 mode=0100755 ouid=0 ogid=0 rdev=00:00 nametype=NORMAL cap_fp=0 cap_fi=0 cap_fe=0 cap_fver=0 cap_frootid=0OUID="root" OGID="root"
type=PROCTITLE msg=audit(1769263650.796:7095): proctitle=736C6565700035
type=SYSCALL msg=audit(1769263655.806:7096): arch=c000003e syscall=59 success=yes exit=0 a0=653e76a1f500 a1=653e76a1f0e0 a2=653e76a17520 a3=653e76a17960 items=2 ppid=11465 pid=11594 auid=1000 uid=0 gid=0 euid=0 suid=0 fsuid=0 egid=0 sgid=0 fsgid=0 tty=pts1 ses=3 comm="rm" exe="/usr/bin/rm" subj=unconfined key="process_exec"ARCH=x86_64 SYSCALL=execve AUID="heroic" UID="root" GID="root" EUID="root" SUID="root" FSUID="root" EGID="root" SGID="root" FSGID="root"
type=EXECVE msg=audit(1769263655.806:7096): argc=14 a0="rm" a1="-f" a2="file_10.txt" a3="file_1.txt" a4="file_2.txt" a5="file_3.txt" a6="file_4.txt" a7="file_5.txt" a8="file_6.txt" a9="file_7.txt" a10="file_8.txt" a11="file_9.txt" a12="webpage.html" a13="dir_list.log"
type=CWD msg=audit(1769263655.806:7096): cwd="/root/hids_benign"
type=PATH msg=audit(1769263655.806:7096): item=0 name="/usr/bin/rm" inode=1578127 dev=08:02 mode=0100755 ouid=0 ogid=0 rdev=00:00 nametype=NORMAL cap_fp=0 cap_fi=0 cap_fe=0 cap_fver=0 cap_frootid=0OUID="root" OGID="root"
type=PATH msg=audit(1769263655.806:7096): item=1 name="/lib64/ld-linux-x86-64.so.2" inode=1575340 dev=08:02 mode=0100755 ouid=0 ogid=0 rdev=00:00 nametype=NORMAL cap_fp=0 cap_fi=0 cap_fe=0 cap_fver=0 cap_frootid=0OUID="root" OGID="root"
type=PROCTITLE msg=audit(1769263655.806:7096): proctitle=726D002D660066696C655F31302E7478740066696C655F312E7478740066696C655F322E7478740066696C655F332E7478740066696C655F342E7478740066696C655F352E7478740066696C655F362E7478740066696C655F372E7478740066696C655F382E7478740066696C655F392E74787400776562706167652E68746D
type=SYSCALL msg=audit(1769263655.835:7097): arch=c000003e syscall=59 success=yes exit=0 a0=653e76a20310 a1=653e76a1f340 a2=653e76a17520 a3=653e76a1f340 items=2 ppid=11465 pid=11595 auid=1000 uid=0 gid=0 euid=0 suid=0 fsuid=0 egid=0 sgid=0 fsgid=0 tty=pts1 ses=3 comm="rmdir" exe="/usr/bin/rmdir" subj=unconfined key="process_exec"ARCH=x86_64 SYSCALL=execve AUID="heroic" UID="root" GID="root" EUID="root" SUID="root" FSUID="root" EGID="root" SGID="root" FSGID="root"
type=EXECVE msg=audit(1769263655.835:7097): argc=2 a0="rmdir" a1="/root/hids_benign"
type=CWD msg=audit(1769263655.835:7097): cwd="/root/hids_benign"
type=PATH msg=audit(1769263655.835:7097): item=0 name="/usr/bin/rmdir" inode=1578128 dev=08:02 mode=0100755 ouid=0 ogid=0 rdev=00:00 nametype=NORMAL cap_fp=0 cap_fi=0 cap_fe=0 cap_fver=0 cap_frootid=0OUID="root" OGID="root"
type=PATH msg=audit(1769263655.835:7097): item=1 name="/lib64/ld-linux-x86-64.so.2" inode=1575340 dev=08:02 mode=0100755 ouid=0 ogid=0 rdev=00:00 nametype=NORMAL cap_fp=0 cap_fi=0 cap_fe=0 cap_fver=0 cap_frootid=0OUID="root" OGID="root"
type=PROCTITLE msg=audit(1769263655.835:7097): proctitle=726D646972002F726F6F742F686964735F62656E69676E
type=SYSCALL msg=audit(1769263655.840:7098): arch=c000003e syscall=59 success=yes exit=0 a0=653e76a1cf10 a1=653e76a1f600 a2=653e76a17520 a3=653e76a1f600 items=2 ppid=11465 pid=11596 auid=1000 uid=0 gid=0 euid=0 suid=0 fsuid=0 egid=0 sgid=0 fsgid=0 tty=pts1 ses=3 comm="sleep" exe="/usr/bin/sleep" subj=unconfined key="process_exec"ARCH=x86_64 SYSCALL=execve AUID="heroic" UID="root" GID="root" EUID="root" SUID="root" FSUID="root" EGID="root" SGID="root" FSGID="root"
type=EXECVE msg=audit(1769263655.840:7098): argc=2 a0="sleep" a1="60"
type=CWD msg=audit(1769263655.840:7098): cwd=2F726F6F742F686964735F62656E69676E202864656C6574656429
type=PATH msg=audit(1769263655.840:7098): item=0 name="/usr/bin/sleep" inode=1578138 dev=08:02 mode=0100755 ouid=0 ogid=0 rdev=00:00 nametype=NORMAL cap_fp=0 cap_fi=0 cap_fe=0 cap_fver=0 cap_frootid=0OUID="root" OGID="root"
type=PATH msg=audit(1769263655.840:7098): item=1 name="/lib64/ld-linux-x86-64.so.2" inode=1575340 dev=08:02 mode=0100755 ouid=0 ogid=0 rdev=00:00 nametype=NORMAL cap_fp=0 cap_fi=0 cap_fe=0 cap_fver=0 cap_frootid=0OUID="root" OGID="root"
type=PROCTITLE msg=audit(1769263655.840:7098): proctitle=736C656570003630
type=SYSCALL msg=audit(1769263715.845:7099): arch=c000003e syscall=59 success=yes exit=0 a0=653e76a1da60 a1=653e76a1c980 a2=653e76a17520 a3=653e76a1d800 items=2 ppid=11465 pid=11599 auid=1000 uid=0 gid=0 euid=0 suid=0 fsuid=0 egid=0 sgid=0 fsgid=0 tty=pts1 ses=3 comm="mkdir" exe="/usr/bin/mkdir" subj=unconfined key="process_exec"ARCH=x86_64 SYSCALL=execve AUID="heroic" UID="root" GID="root" EUID="root" SUID="root" FSUID="root" EGID="root" SGID="root" FSGID="root"
type=EXECVE msg=audit(1769263715.845:7099): argc=3 a0="mkdir" a1="-p" a2="/root/hids_benign"
type=CWD msg=audit(1769263715.845:7099): cwd=2F726F6F742F686964735F62656E69676E202864656C6574656429
type=PATH msg=audit(1769263715.845:7099): item=0 name="/usr/bin/mkdir" inode=1578106 dev=08:02 mode=0100755 ouid=0 ogid=0 rdev=00:00 nametype=NORMAL cap_fp=0 cap_fi=0 cap_fe=0 cap_fver=0 cap_frootid=0OUID="root" OGID="root"
type=PATH msg=audit(1769263715.845:7099): item=1 name="/lib64/ld-linux-x86-64.so.2" inode=1575340 dev=08:02 mode=0100755 ouid=0 ogid=0 rdev=00:00 nametype=NORMAL cap_fp=0 cap_fi=0 cap_fe=0 cap_fver=0 cap_frootid=0OUID="root" OGID="root"
type=PROCTITLE msg=audit(1769263715.845:7099): proctitle=6D6B646972002D70002F726F6F742F686964735F62656E69676E
type=SYSCALL msg=audit(1769263715.854:7100): arch=c000003e syscall=59 success=yes exit=0 a0=653e76a20c40 a1=653e76a1c780 a2=653e76a17520 a3=653e76a1c780 items=2 ppid=11465 pid=11600 auid=1000 uid=0 gid=0 euid=0 suid=0 fsuid=0 egid=0 sgid=0 fsgid=0 tty=pts1 ses=3 comm="cat" exe="/usr/bin/cat" subj=unconfined key="process_exec"ARCH=x86_64 SYSCALL=execve AUID="heroic" UID="root" GID="root" EUID="root" SUID="root" FSUID="root" EGID="root" SGID="root" FSGID="root"
type=EXECVE msg=audit(1769263715.854:7100): argc=2 a0="cat" a1="file_1.txt"
type=CWD msg=audit(1769263715.854:7100): cwd="/root/hids_benign"
type=PATH msg=audit(1769263715.854:7100): item=0 name="/usr/bin/cat" inode=1578016 dev=08:02 mode=0100755 ouid=0 ogid=0 rdev=00:00 nametype=NORMAL cap_fp=0 cap_fi=0 cap_fe=0 cap_fver=0 cap_frootid=0OUID="root" OGID="root"
type=PATH msg=audit(1769263715.854:7100): item=1 name="/lib64/ld-linux-x86-64.so.2" inode=1575340 dev=08:02 mode=0100755 ouid=0 ogid=0 rdev=00:00 nametype=NORMAL cap_fp=0 cap_fi=0 cap_fe=0 cap_fver=0 cap_frootid=0OUID="root" OGID="root"
type=PROCTITLE msg=audit(1769263715.854:7100): proctitle=6361740066696C655F312E747874
type=SYSCALL msg=audit(1769263715.869:7101): arch=c000003e syscall=59 success=yes exit=0 a0=653e76a1c780 a1=653e76a20840 a2=653e76a17520 a3=653e76a20840 items=2 ppid=11465 pid=11601 auid=1000 uid=0 gid=0 euid=0 suid=0 fsuid=0 egid=0 sgid=0 fsgid=0 tty=pts1 ses=3 comm="cat" exe="/usr/bin/cat" subj=unconfined key="process_exec"ARCH=x86_64 SYSCALL=execve AUID="heroic" UID="root" GID="root" EUID="root" SUID="root" FSUID="root" EGID="root" SGID="root" FSGID="root"
type=EXECVE msg=audit(1769263715.869:7101): argc=2 a0="cat" a1="file_2.txt"
type=CWD msg=audit(1769263715.869:7101): cwd="/root/hids_benign"
type=PATH msg=audit(1769263715.869:7101): item=0 name="/usr/bin/cat" inode=1578016 dev=08:02 mode=0100755 ouid=0 ogid=0 rdev=00:00 nametype=NORMAL cap_fp=0 cap_fi=0 cap_fe=0 cap_fver=0 cap_frootid=0OUID="root" OGID="root"
type=PATH msg=audit(1769263715.869:7101): item=1 name="/lib64/ld-linux-x86-64.so.2" inode=1575340 dev=08:02 mode=0100755 ouid=0 ogid=0 rdev=00:00 nametype=NORMAL cap_fp=0 cap_fi=0 cap_fe=0 cap_fver=0 cap_frootid=0OUID="root" OGID="root"
type=PROCTITLE msg=audit(1769263715.869:7101): proctitle=6361740066696C655F322E747874
type=SYSCALL msg=audit(1769263715.872:7102): arch=c000003e syscall=59 success=yes exit=0 a0=653e76a20840 a1=653e76a20c40 a2=653e76a17520 a3=653e76a20c40 items=2 ppid=11465 pid=11602 auid=1000 uid=0 gid=0 euid=0 suid=0 fsuid=0 egid=0 sgid=0 fsgid=0 tty=pts1 ses=3 comm="cat" exe="/usr/bin/cat" subj=unconfined key="process_exec"ARCH=x86_64 SYSCALL=execve AUID="heroic" UID="root" GID="root" EUID="root" SUID="root" FSUID="root" EGID="root" SGID="root" FSGID="root"
type=EXECVE msg=audit(1769263715.872:7102): argc=2 a0="cat" a1="file_3.txt"
type=CWD msg=audit(1769263715.872:7102): cwd="/root/hids_benign"
type=PATH msg=audit(1769263715.872:7102): item=0 name="/usr/bin/cat" inode=1578016 dev=08:02 mode=0100755 ouid=0 ogid=0 rdev=00:00 nametype=NORMAL cap_fp=0 cap_fi=0 cap_fe=0 cap_fver=0 cap_frootid=0OUID="root" OGID="root"
type=PATH msg=audit(1769263715.872:7102): item=1 name="/lib64/ld-linux-x86-64.so.2" inode=1575340 dev=08:02 mode=0100755 ouid=0 ogid=0 rdev=00:00 nametype=NORMAL cap_fp=0 cap_fi=0 cap_fe=0 cap_fver=0 cap_frootid=0OUID="root" OGID="root"
type=PROCTITLE msg=audit(1769263715.872:7102): proctitle=6361740066696C655F332E747874
type=SYSCALL msg=audit(1769263715.882:7103): arch=c000003e syscall=59 success=yes exit=0 a0=653e76a20c40 a1=653e76a1c780 a2=653e76a17520 a3=653e76a1c780 items=2 ppid=11465 pid=11603 auid=1000 uid=0 gid=0 euid=0 suid=0 fsuid=0 egid=0 sgid=0 fsgid=0 tty=pts1 ses=3 comm="cat" exe="/usr/bin/cat" subj=unconfined key="process_exec"ARCH=x86_64 SYSCALL=execve AUID="heroic" UID="root" GID="root" EUID="root" SUID="root" FSUID="root" EGID="root" SGID="root" FSGID="root"
type=EXECVE msg=audit(1769263715.882:7103): argc=2 a0="cat" a1="file_4.txt"
type=CWD msg=audit(1769263715.882:7103): cwd="/root/hids_benign"
type=PATH msg=audit(1769263715.882:7103): item=0 name="/usr/bin/cat" inode=1578016 dev=08:02 mode=0100755 ouid=0 ogid=0 rdev=00:00 nametype=NORMAL cap_fp=0 cap_fi=0 cap_fe=0 cap_fver=0 cap_frootid=0OUID="root" OGID="root"
type=PATH msg=audit(1769263715.882:7103): item=1 name="/lib64/ld-linux-x86-64.so.2" inode=1575340 dev=08:02 mode=0100755 ouid=0 ogid=0 rdev=00:00 nametype=NORMAL cap_fp=0 cap_fi=0 cap_fe=0 cap_fver=0 cap_frootid=0OUID="root" OGID="root"
type=PROCTITLE msg=audit(1769263715.882:7103): proctitle=6361740066696C655F342E747874
type=SYSCALL msg=audit(1769263715.888:7104): arch=c000003e syscall=59 success=yes exit=0 a0=653e76a1c780 a1=653e76a20840 a2=653e76a17520 a3=653e76a20840 items=2 ppid=11465 pid=11604 auid=1000 uid=0 gid=0 euid=0 suid=0 fsuid=0 egid=0 sgid=0 fsgid=0 tty=pts1 ses=3 comm="cat" exe="/usr/bin/cat" subj=unconfined key="process_exec"ARCH=x86_64 SYSCALL=execve AUID="heroic" UID="root" GID="root" EUID="root" SUID="root" FSUID="root" EGID="root" SGID="root" FSGID="root"
type=EXECVE msg=audit(1769263715.888:7104): argc=2 a0="cat" a1="file_5.txt"
type=CWD msg=audit(1769263715.888:7104): cwd="/root/hids_benign"
type=PATH msg=audit(1769263715.888:7104): item=0 name="/usr/bin/cat" inode=1578016 dev=08:02 mode=0100755 ouid=0 ogid=0 rdev=00:00 nametype=NORMAL cap_fp=0 cap_fi=0 cap_fe=0 cap_fver=0 cap_frootid=0OUID="root" OGID="root"
type=PATH msg=audit(1769263715.888:7104): item=1 name="/lib64/ld-linux-x86-64.so.2" inode=1575340 dev=08:02 mode=0100755 ouid=0 ogid=0 rdev=00:00 nametype=NORMAL cap_fp=0 cap_fi=0 cap_fe=0 cap_fver=0 cap_frootid=0OUID="root" OGID="root"
type=PROCTITLE msg=audit(1769263715.888:7104): proctitle=6361740066696C655F352E747874
type=SYSCALL msg=audit(1769263715.899:7105): arch=c000003e syscall=59 success=yes exit=0 a0=653e76a20840 a1=653e76a20c40 a2=653e76a17520 a3=653e76a20c40 items=2 ppid=11465 pid=11605 auid=1000 uid=0 gid=0 euid=0 suid=0 fsuid=0 egid=0 sgid=0 fsgid=0 tty=pts1 ses=3 comm="cat" exe="/usr/bin/cat" subj=unconfined key="process_exec"ARCH=x86_64 SYSCALL=execve AUID="heroic" UID="root" GID="root" EUID="root" SUID="root" FSUID="root" EGID="root" SGID="root" FSGID="root"
type=EXECVE msg=audit(1769263715.899:7105): argc=2 a0="cat" a1="file_6.txt"
type=CWD msg=audit(1769263715.899:7105): cwd="/root/hids_benign"
type=PATH msg=audit(1769263715.899:7105): item=0 name="/usr/bin/cat" inode=1578016 dev=08:02 mode=0100755 ouid=0 ogid=0 rdev=00:00 nametype=NORMAL cap_fp=0 cap_fi=0 cap_fe=0 cap_fver=0 cap_frootid=0OUID="root" OGID="root"
type=PATH msg=audit(1769263715.899:7105): item=1 name="/lib64/ld-linux-x86-64.so.2" inode=1575340 dev=08:02 mode=0100755 ouid=0 ogid=0 rdev=00:00 nametype=NORMAL cap_fp=0 cap_fi=0 cap_fe=0 cap_fver=0 cap_frootid=0OUID="root" OGID="root"
type=PROCTITLE msg=audit(1769263715.899:7105): proctitle=6361740066696C655F362E747874
type=SYSCALL msg=audit(1769263715.901:7106): arch=c000003e syscall=59 success=yes exit=0 a0=653e76a20c40 a1=653e76a1c780 a2=653e76a17520 a3=653e76a1c780 items=2 ppid=11465 pid=11606 auid=1000 uid=0 gid=0 euid=0 suid=0 fsuid=0 egid=0 sgid=0 fsgid=0 tty=pts1 ses=3 comm="cat" exe="/usr/bin/cat" subj=unconfined key="process_exec"ARCH=x86_64 SYSCALL=execve AUID="heroic" UID="root" GID="root" EUID="root" SUID="root" FSUID="root" EGID="root" SGID="root" FSGID="root"
type=EXECVE msg=audit(1769263715.901:7106): argc=2 a0="cat" a1="file_7.txt"
type=CWD msg=audit(1769263715.901:7106): cwd="/root/hids_benign"
type=PATH msg=audit(1769263715.901:7106): item=0 name="/usr/bin/cat" inode=1578016 dev=08:02 mode=0100755 ouid=0 ogid=0 rdev=00:00 nametype=NORMAL cap_fp=0 cap_fi=0 cap_fe=0 cap_fver=0 cap_frootid=0OUID="root" OGID="root"
type=PATH msg=audit(1769263715.901:7106): item=1 name="/lib64/ld-linux-x86-64.so.2" inode=1575340 dev=08:02 mode=0100755 ouid=0 ogid=0 rdev=00:00 nametype=NORMAL cap_fp=0 cap_fi=0 cap_fe=0 cap_fver=0 cap_frootid=0OUID="root" OGID="root"
type=PROCTITLE msg=audit(1769263715.901:7106): proctitle=6361740066696C655F372E747874
type=SYSCALL msg=audit(1769263715.904:7107): arch=c000003e syscall=59 success=yes exit=0 a0=653e76a1c780 a1=653e76a20840 a2=653e76a17520 a3=653e76a20840 items=2 ppid=11465 pid=11607 auid=1000 uid=0 gid=0 euid=0 suid=0 fsuid=0 egid=0 sgid=0 fsgid=0 tty=pts1 ses=3 comm="cat" exe="/usr/bin/cat" subj=unconfined key="process_exec"ARCH=x86_64 SYSCALL=execve AUID="heroic" UID="root" GID="root" EUID="root" SUID="root" FSUID="root" EGID="root" SGID="root" FSGID="root"
type=EXECVE msg=audit(1769263715.904:7107): argc=2 a0="cat" a1="file_8.txt"
type=CWD msg=audit(1769263715.904:7107): cwd="/root/hids_benign"
type=PATH msg=audit(1769263715.904:7107): item=0 name="/usr/bin/cat" inode=1578016 dev=08:02 mode=0100755 ouid=0 ogid=0 rdev=00:00 nametype=NORMAL cap_fp=0 cap_fi=0 cap_fe=0 cap_fver=0 cap_frootid=0OUID="root" OGID="root"
type=PATH msg=audit(1769263715.904:7107): item=1 name="/lib64/ld-linux-x86-64.so.2" inode=1575340 dev=08:02 mode=0100755 ouid=0 ogid=0 rdev=00:00 nametype=NORMAL cap_fp=0 cap_fi=0 cap_fe=0 cap_fver=0 cap_frootid=0OUID="root" OGID="root"
type=PROCTITLE msg=audit(1769263715.904:7107): proctitle=6361740066696C655F382E747874
type=SYSCALL msg=audit(1769263715.911:7108): arch=c000003e syscall=59 success=yes exit=0 a0=653e76a20840 a1=653e76a20c40 a2=653e76a17520 a3=653e76a20c40 items=2 ppid=11465 pid=11608 auid=1000 uid=0 gid=0 euid=0 suid=0 fsuid=0 egid=0 sgid=0 fsgid=0 tty=pts1 ses=3 comm="cat" exe="/usr/bin/cat" subj=unconfined key="process_exec"ARCH=x86_64 SYSCALL=execve AUID="heroic" UID="root" GID="root" EUID="root" SUID="root" FSUID="root" EGID="root" SGID="root" FSGID="root"
type=EXECVE msg=audit(1769263715.911:7108): argc=2 a0="cat" a1="file_9.txt"
type=CWD msg=audit(1769263715.911:7108): cwd="/root/hids_benign"
type=PATH msg=audit(1769263715.911:7108): item=0 name="/usr/bin/cat" inode=1578016 dev=08:02 mode=0100755 ouid=0 ogid=0 rdev=00:00 nametype=NORMAL cap_fp=0 cap_fi=0 cap_fe=0 cap_fver=0 cap_frootid=0OUID="root" OGID="root"
type=PATH msg=audit(1769263715.911:7108): item=1 name="/lib64/ld-linux-x86-64.so.2" inode=1575340 dev=08:02 mode=0100755 ouid=0 ogid=0 rdev=00:00 nametype=NORMAL cap_fp=0 cap_fi=0 cap_fe=0 cap_fver=0 cap_frootid=0OUID="root" OGID="root"
type=PROCTITLE msg=audit(1769263715.911:7108): proctitle=6361740066696C655F392E747874
type=SYSCALL msg=audit(1769263715.914:7109): arch=c000003e syscall=59 success=yes exit=0 a0=653e76a20c40 a1=653e76a1c780 a2=653e76a17520 a3=653e76a1c780 items=2 ppid=11465 pid=11609 auid=1000 uid=0 gid=0 euid=0 suid=0 fsuid=0 egid=0 sgid=0 fsgid=0 tty=pts1 ses=3 comm="cat" exe="/usr/bin/cat" subj=unconfined key="process_exec"ARCH=x86_64 SYSCALL=execve AUID="heroic" UID="root" GID="root" EUID="root" SUID="root" FSUID="root" EGID="root" SGID="root" FSGID="root"
type=EXECVE msg=audit(1769263715.914:7109): argc=2 a0="cat" a1="file_10.txt"
type=CWD msg=audit(1769263715.914:7109): cwd="/root/hids_benign"
type=PATH msg=audit(1769263715.914:7109): item=0 name="/usr/bin/cat" inode=1578016 dev=08:02 mode=0100755 ouid=0 ogid=0 rdev=00:00 nametype=NORMAL cap_fp=0 cap_fi=0 cap_fe=0 cap_fver=0 cap_frootid=0OUID="root" OGID="root"
type=PATH msg=audit(1769263715.914:7109): item=1 name="/lib64/ld-linux-x86-64.so.2" inode=1575340 dev=08:02 mode=0100755 ouid=0 ogid=0 rdev=00:00 nametype=NORMAL cap_fp=0 cap_fi=0 cap_fe=0 cap_fver=0 cap_frootid=0OUID="root" OGID="root"
type=PROCTITLE msg=audit(1769263715.914:7109): proctitle=6361740066696C655F31302E747874
type=SYSCALL msg=audit(1769263715.924:7110): arch=c000003e syscall=59 success=yes exit=0 a0=653e76a20270 a1=653e76a1c8c0 a2=653e76a17520 a3=0 items=2 ppid=11465 pid=11610 auid=1000 uid=0 gid=0 euid=0 suid=0 fsuid=0 egid=0 sgid=0 fsgid=0 tty=pts1 ses=3 comm="vim" exe="/usr/bin/vim.basic" subj=unconfined key="process_exec"ARCH=x86_64 SYSCALL=execve AUID="heroic" UID="root" GID="root" EUID="root" SUID="root" FSUID="root" EGID="root" SGID="root" FSGID="root"
type=EXECVE msg=audit(1769263715.924:7110): argc=3 a0="vim" a1="-es" a2="file_1.txt"
type=CWD msg=audit(1769263715.924:7110): cwd="/root/hids_benign"
type=PATH msg=audit(1769263715.924:7110): item=0 name="/usr/bin/vim" inode=1575517 dev=08:02 mode=0100755 ouid=0 ogid=0 rdev=00:00 nametype=NORMAL cap_fp=0 cap_fi=0 cap_fe=0 cap_fver=0 cap_frootid=0OUID="root" OGID="root"
type=PATH msg=audit(1769263715.924:7110): item=1 name="/lib64/ld-linux-x86-64.so.2" inode=1575340 dev=08:02 mode=0100755 ouid=0 ogid=0 rdev=00:00 nametype=NORMAL cap_fp=0 cap_fi=0 cap_fe=0 cap_fver=0 cap_frootid=0OUID="root" OGID="root"
type=PROCTITLE msg=audit(1769263715.924:7110): proctitle=76696D002D65730066696C655F312E747874
type=SYSCALL msg=audit(1769263715.939:7111): arch=c000003e syscall=59 success=yes exit=0 a0=653e76a1f320 a1=653e76a1c8c0 a2=653e76a17520 a3=0 items=2 ppid=11465 pid=11611 auid=1000 uid=0 gid=0 euid=0 suid=0 fsuid=0 egid=0 sgid=0 fsgid=0 tty=pts1 ses=3 comm="vim" exe="/usr/bin/vim.basic" subj=unconfined key="process_exec"ARCH=x86_64 SYSCALL=execve AUID="heroic" UID="root" GID="root" EUID="root" SUID="root" FSUID="root" EGID="root" SGID="root" FSGID="root"
type=EXECVE msg=audit(1769263715.939:7111): argc=3 a0="vim" a1="-es" a2="file_2.txt"
type=CWD msg=audit(1769263715.939:7111): cwd="/root/hids_benign"
type=PATH msg=audit(1769263715.939:7111): item=0 name="/usr/bin/vim" inode=1575517 dev=08:02 mode=0100755 ouid=0 ogid=0 rdev=00:00 nametype=NORMAL cap_fp=0 cap_fi=0 cap_fe=0 cap_fver=0 cap_frootid=0OUID="root" OGID="root"
type=PATH msg=audit(1769263715.939:7111): item=1 name="/lib64/ld-linux-x86-64.so.2" inode=1575340 dev=08:02 mode=0100755 ouid=0 ogid=0 rdev=00:00 nametype=NORMAL cap_fp=0 cap_fi=0 cap_fe=0 cap_fver=0 cap_frootid=0OUID="root" OGID="root"
type=PROCTITLE msg=audit(1769263715.939:7111): proctitle=76696D002D65730066696C655F322E747874
type=SYSCALL msg=audit(1769263715.955:7112): arch=c000003e syscall=59 success=yes exit=0 a0=653e76a20cb0 a1=653e76a1c8c0 a2=653e76a17520 a3=0 items=2 ppid=11465 pid=11612 auid=1000 uid=0 gid=0 euid=0 suid=0 fsuid=0 egid=0 sgid=0 fsgid=0 tty=pts1 ses=3 comm="vim" exe="/usr/bin/vim.basic" subj=unconfined key="process_exec"ARCH=x86_64 SYSCALL=execve AUID="heroic" UID="root" GID="root" EUID="root" SUID="root" FSUID="root" EGID="root" SGID="root" FSGID="root"
type=EXECVE msg=audit(1769263715.955:7112): argc=3 a0="vim" a1="-es" a2="file_3.txt"
type=CWD msg=audit(1769263715.955:7112): cwd="/root/hids_benign"
type=PATH msg=audit(1769263715.955:7112): item=0 name="/usr/bin/vim" inode=1575517 dev=08:02 mode=0100755 ouid=0 ogid=0 rdev=00:00 nametype=NORMAL cap_fp=0 cap_fi=0 cap_fe=0 cap_fver=0 cap_frootid=0OUID="root" OGID="root"
type=PATH msg=audit(1769263715.955:7112): item=1 name="/lib64/ld-linux-x86-64.so.2" inode=1575340 dev=08:02 mode=0100755 ouid=0 ogid=0 rdev=00:00 nametype=NORMAL cap_fp=0 cap_fi=0 cap_fe=0 cap_fver=0 cap_frootid=0OUID="root" OGID="root"
type=PROCTITLE msg=audit(1769263715.955:7112): proctitle=76696D002D65730066696C655F332E747874
type=SYSCALL msg=audit(1769263715.966:7113): arch=c000003e syscall=59 success=yes exit=0 a0=653e76a20840 a1=653e76a1c8c0 a2=653e76a17520 a3=0 items=2 ppid=11465 pid=11613 auid=1000 uid=0 gid=0 euid=0 suid=0 fsuid=0 egid=0 sgid=0 fsgid=0 tty=pts1 ses=3 comm="vim" exe="/usr/bin/vim.basic" subj=unconfined key="process_exec"ARCH=x86_64 SYSCALL=execve AUID="heroic" UID="root" GID="root" EUID="root" SUID="root" FSUID="root" EGID="root" SGID="root" FSGID="root"
type=EXECVE msg=audit(1769263715.966:7113): argc=3 a0="vim" a1="-es" a2="file_4.txt"
type=CWD msg=audit(1769263715.966:7113): cwd="/root/hids_benign"
type=PATH msg=audit(1769263715.966:7113): item=0 name="/usr/bin/vim" inode=1575517 dev=08:02 mode=0100755 ouid=0 ogid=0 rdev=00:00 nametype=NORMAL cap_fp=0 cap_fi=0 cap_fe=0 cap_fver=0 cap_frootid=0OUID="root" OGID="root"
type=PATH msg=audit(1769263715.966:7113): item=1 name="/lib64/ld-linux-x86-64.so.2" inode=1575340 dev=08:02 mode=0100755 ouid=0 ogid=0 rdev=00:00 nametype=NORMAL cap_fp=0 cap_fi=0 cap_fe=0 cap_fver=0 cap_frootid=0OUID="root" OGID="root"
type=PROCTITLE msg=audit(1769263715.966:7113): proctitle=76696D002D65730066696C655F342E747874
type=SYSCALL msg=audit(1769263715.974:7114): arch=c000003e syscall=59 success=yes exit=0 a0=653e76a20270 a1=653e76a1c8c0 a2=653e76a17520 a3=0 items=2 ppid=11465 pid=11614 auid=1000 uid=0 gid=0 euid=0 suid=0 fsuid=0 egid=0 sgid=0 fsgid=0 tty=pts1 ses=3 comm="vim" exe="/usr/bin/vim.basic" subj=unconfined key="process_exec"ARCH=x86_64 SYSCALL=execve AUID="heroic" UID="root" GID="root" EUID="root" SUID="root" FSUID="root" EGID="root" SGID="root" FSGID="root"
type=EXECVE msg=audit(1769263715.974:7114): argc=3 a0="vim" a1="-es" a2="file_5.txt"
type=CWD msg=audit(1769263715.974:7114): cwd="/root/hids_benign"
type=PATH msg=audit(1769263715.974:7114): item=0 name="/usr/bin/vim" inode=1575517 dev=08:02 mode=0100755 ouid=0 ogid=0 rdev=00:00 nametype=NORMAL cap_fp=0 cap_fi=0 cap_fe=0 cap_fver=0 cap_frootid=0OUID="root" OGID="root"
type=PATH msg=audit(1769263715.974:7114): item=1 name="/lib64/ld-linux-x86-64.so.2" inode=1575340 dev=08:02 mode=0100755 ouid=0 ogid=0 rdev=00:00 nametype=NORMAL cap_fp=0 cap_fi=0 cap_fe=0 cap_fver=0 cap_frootid=0OUID="root" OGID="root"
type=PROCTITLE msg=audit(1769263715.974:7114): proctitle=76696D002D65730066696C655F352E747874
type=SYSCALL msg=audit(1769263715.985:7115): arch=c000003e syscall=59 success=yes exit=0 a0=653e76a1da60 a1=653e76a20cb0 a2=653e76a17520 a3=653e76a20cb0 items=2 ppid=11465 pid=11615 auid=1000 uid=0 gid=0 euid=0 suid=0 fsuid=0 egid=0 sgid=0 fsgid=0 tty=pts1 ses=3 comm="ls" exe="/usr/bin/ls" subj=unconfined key="process_exec"ARCH=x86_64 SYSCALL=execve AUID="heroic" UID="root" GID="root" EUID="root" SUID="root" FSUID="root" EGID="root" SGID="root" FSGID="root"
type=EXECVE msg=audit(1769263715.985:7115): argc=2 a0="ls" a1="-la"
type=CWD msg=audit(1769263715.985:7115): cwd="/root/hids_benign"
type=PATH msg=audit(1769263715.985:7115): item=0 name="/usr/bin/ls" inode=1578104 dev=08:02 mode=0100755 ouid=0 ogid=0 rdev=00:00 nametype=NORMAL cap_fp=0 cap_fi=0 cap_fe=0 cap_fver=0 cap_frootid=0OUID="root" OGID="root"
type=PATH msg=audit(1769263715.985:7115): item=1 name="/lib64/ld-linux-x86-64.so.2" inode=1575340 dev=08:02 mode=0100755 ouid=0 ogid=0 rdev=00:00 nametype=NORMAL cap_fp=0 cap_fi=0 cap_fe=0 cap_fver=0 cap_frootid=0OUID="root" OGID="root"
type=PROCTITLE msg=audit(1769263715.985:7115): proctitle=6C73002D6C61
type=SYSCALL msg=audit(1769263715.990:7116): arch=c000003e syscall=59 success=yes exit=0 a0=653e76a1d370 a1=653e76a1f240 a2=653e76a17520 a3=653e76a20030 items=2 ppid=11465 pid=11616 auid=1000 uid=0 gid=0 euid=0 suid=0 fsuid=0 egid=0 sgid=0 fsgid=0 tty=pts1 ses=3 comm="ls" exe="/usr/bin/ls" subj=unconfined key="process_exec"ARCH=x86_64 SYSCALL=execve AUID="heroic" UID="root" GID="root" EUID="root" SUID="root" FSUID="root" EGID="root" SGID="root" FSGID="root"
type=EXECVE msg=audit(1769263715.990:7116): argc=2 a0="ls" a1="-la"
type=CWD msg=audit(1769263715.990:7116): cwd="/root/hids_benign"
type=PATH msg=audit(1769263715.990:7116): item=0 name="/usr/bin/ls" inode=1578104 dev=08:02 mode=0100755 ouid=0 ogid=0 rdev=00:00 nametype=NORMAL cap_fp=0 cap_fi=0 cap_fe=0 cap_fver=0 cap_frootid=0OUID="root" OGID="root"
type=PATH msg=audit(1769263715.990:7116): item=1 name="/lib64/ld-linux-x86-64.so.2" inode=1575340 dev=08:02 mode=0100755 ouid=0 ogid=0 rdev=00:00 nametype=NORMAL cap_fp=0 cap_fi=0 cap_fe=0 cap_fver=0 cap_frootid=0OUID="root" OGID="root"
type=PROCTITLE msg=audit(1769263715.990:7116): proctitle=6C73002D6C61
type=SYSCALL msg=audit(1769263715.994:7117): arch=c000003e syscall=59 success=yes exit=0 a0=653e76a20270 a1=653e76a1f240 a2=653e76a17520 a3=653e76a1f0c0 items=2 ppid=11465 pid=11617 auid=1000 uid=0 gid=0 euid=0 suid=0 fsuid=0 egid=0 sgid=0 fsgid=0 tty=pts1 ses=3 comm="ls" exe="/usr/bin/ls" subj=unconfined key="process_exec"ARCH=x86_64 SYSCALL=execve AUID="heroic" UID="root" GID="root" EUID="root" SUID="root" FSUID="root" EGID="root" SGID="root" FSGID="root"
type=EXECVE msg=audit(1769263715.994:7117): argc=2 a0="ls" a1="-la"
type=CWD msg=audit(1769263715.994:7117): cwd="/root/hids_benign"
type=PATH msg=audit(1769263715.994:7117): item=0 name="/usr/bin/ls" inode=1578104 dev=08:02 mode=0100755 ouid=0 ogid=0 rdev=00:00 nametype=NORMAL cap_fp=0 cap_fi=0 cap_fe=0 cap_fver=0 cap_frootid=0OUID="root" OGID="root"
type=PATH msg=audit(1769263715.994:7117): item=1 name="/lib64/ld-linux-x86-64.so.2" inode=1575340 dev=08:02 mode=0100755 ouid=0 ogid=0 rdev=00:00 nametype=NORMAL cap_fp=0 cap_fi=0 cap_fe=0 cap_fver=0 cap_frootid=0OUID="root" OGID="root"
type=PROCTITLE msg=audit(1769263715.994:7117): proctitle=6C73002D6C61
type=SYSCALL msg=audit(1769263715.997:7118): arch=c000003e syscall=59 success=yes exit=0 a0=653e76a1ef40 a1=653e76a1f240 a2=653e76a17520 a3=653e76a1da60 items=2 ppid=11465 pid=11618 auid=1000 uid=0 gid=0 euid=0 suid=0 fsuid=0 egid=0 sgid=0 fsgid=0 tty=pts1 ses=3 comm="ls" exe="/usr/bin/ls" subj=unconfined key="process_exec"ARCH=x86_64 SYSCALL=execve AUID="heroic" UID="root" GID="root" EUID="root" SUID="root" FSUID="root" EGID="root" SGID="root" FSGID="root"
type=EXECVE msg=audit(1769263715.997:7118): argc=2 a0="ls" a1="-la"
type=CWD msg=audit(1769263715.997:7118): cwd="/root/hids_benign"
type=PATH msg=audit(1769263715.997:7118): item=0 name="/usr/bin/ls" inode=1578104 dev=08:02 mode=0100755 ouid=0 ogid=0 rdev=00:00 nametype=NORMAL cap_fp=0 cap_fi=0 cap_fe=0 cap_fver=0 cap_frootid=0OUID="root" OGID="root"
type=PATH msg=audit(1769263715.997:7118): item=1 name="/lib64/ld-linux-x86-64.so.2" inode=1575340 dev=08:02 mode=0100755 ouid=0 ogid=0 rdev=00:00 nametype=NORMAL cap_fp=0 cap_fi=0 cap_fe=0 cap_fver=0 cap_frootid=0OUID="root" OGID="root"
type=PROCTITLE msg=audit(1769263715.997:7118): proctitle=6C73002D6C61
type=SYSCALL msg=audit(1769263716.004:7119): arch=c000003e syscall=59 success=yes exit=0 a0=653e76a1f560 a1=653e76a1f240 a2=653e76a17520 a3=653e76a1d370 items=2 ppid=11465 pid=11619 auid=1000 uid=0 gid=0 euid=0 suid=0 fsuid=0 egid=0 sgid=0 fsgid=0 tty=pts1 ses=3 comm="ls" exe="/usr/bin/ls" subj=unconfined key="process_exec"ARCH=x86_64 SYSCALL=execve AUID="heroic" UID="root" GID="root" EUID="root" SUID="root" FSUID="root" EGID="root" SGID="root" FSGID="root"
type=EXECVE msg=audit(1769263716.004:7119): argc=2 a0="ls" a1="-la"
type=CWD msg=audit(1769263716.004:7119): cwd="/root/hids_benign"
type=PATH msg=audit(1769263716.004:7119): item=0 name="/usr/bin/ls" inode=1578104 dev=08:02 mode=0100755 ouid=0 ogid=0 rdev=00:00 nametype=NORMAL cap_fp=0 cap_fi=0 cap_fe=0 cap_fver=0 cap_frootid=0OUID="root" OGID="root"
type=PATH msg=audit(1769263716.004:7119): item=1 name="/lib64/ld-linux-x86-64.so.2" inode=1575340 dev=08:02 mode=0100755 ouid=0 ogid=0 rdev=00:00 nametype=NORMAL cap_fp=0 cap_fi=0 cap_fe=0 cap_fver=0 cap_frootid=0OUID="root" OGID="root"
type=PROCTITLE msg=audit(1769263716.004:7119): proctitle=6C73002D6C61
type=SYSCALL msg=audit(1769263716.006:7120): arch=c000003e syscall=59 success=yes exit=0 a0=653e76a1da60 a1=653e76a1c8f0 a2=653e76a17520 a3=653e76a20270 items=2 ppid=11465 pid=11620 auid=1000 uid=0 gid=0 euid=0 suid=0 fsuid=0 egid=0 sgid=0 fsgid=0 tty=pts1 ses=3 comm="curl" exe="/usr/bin/curl" subj=unconfined key="process_exec"ARCH=x86_64 SYSCALL=execve AUID="heroic" UID="root" GID="root" EUID="root" SUID="root" FSUID="root" EGID="root" SGID="root" FSGID="root"
type=EXECVE msg=audit(1769263716.006:7120): argc=3 a0="curl" a1="-s" a2="https://example.com"
type=CWD msg=audit(1769263716.006:7120): cwd="/root/hids_benign"
type=PATH msg=audit(1769263716.006:7120): item=0 name="/usr/bin/curl" inode=1573697 dev=08:02 mode=0100755 ouid=0 ogid=0 rdev=00:00 nametype=NORMAL cap_fp=0 cap_fi=0 cap_fe=0 cap_fver=0 cap_frootid=0OUID="root" OGID="root"
type=PATH msg=audit(1769263716.006:7120): item=1 name="/lib64/ld-linux-x86-64.so.2" inode=1575340 dev=08:02 mode=0100755 ouid=0 ogid=0 rdev=00:00 nametype=NORMAL cap_fp=0 cap_fi=0 cap_fe=0 cap_fver=0 cap_frootid=0OUID="root" OGID="root"
type=PROCTITLE msg=audit(1769263716.006:7120): proctitle=6375726C002D730068747470733A2F2F6578616D706C652E636F6D
type=SYSCALL msg=audit(1769263716.212:7121): arch=c000003e syscall=59 success=yes exit=0 a0=653e76a20310 a1=653e76a190c0 a2=653e76a17520 a3=653e76a20090 items=2 ppid=11465 pid=11622 auid=1000 uid=0 gid=0 euid=0 suid=0 fsuid=0 egid=0 sgid=0 fsgid=0 tty=pts1 ses=3 comm="ssh" exe="/usr/bin/ssh" subj=unconfined key="process_exec"ARCH=x86_64 SYSCALL=execve AUID="heroic" UID="root" GID="root" EUID="root" SUID="root" FSUID="root" EGID="root" SGID="root" FSGID="root"
type=EXECVE msg=audit(1769263716.212:7121): argc=5 a0="ssh" a1="-o" a2="BatchMode=yes" a3="localhost" a4=6563686F205353485F4F4B
type=CWD msg=audit(1769263716.212:7121): cwd="/root/hids_benign"
type=PATH msg=audit(1769263716.212:7121): item=0 name="/usr/bin/ssh" inode=1573390 dev=08:02 mode=0100755 ouid=0 ogid=0 rdev=00:00 nametype=NORMAL cap_fp=0 cap_fi=0 cap_fe=0 cap_fver=0 cap_frootid=0OUID="root" OGID="root"
type=PATH msg=audit(1769263716.212:7121): item=1 name="/lib64/ld-linux-x86-64.so.2" inode=1575340 dev=08:02 mode=0100755 ouid=0 ogid=0 rdev=00:00 nametype=NORMAL cap_fp=0 cap_fi=0 cap_fe=0 cap_fver=0 cap_frootid=0OUID="root" OGID="root"
type=PROCTITLE msg=audit(1769263716.212:7121): proctitle=737368002D6F0042617463684D6F64653D796573006C6F63616C686F7374006563686F205353485F4F4B
type=SYSCALL msg=audit(1769263716.221:7122): arch=c000003e syscall=59 success=yes exit=0 a0=653e76a20270 a1=653e76a1ef40 a2=653e76a17520 a3=653e76a1ef40 items=2 ppid=11465 pid=11623 auid=1000 uid=0 gid=0 euid=0 suid=0 fsuid=0 egid=0 sgid=0 fsgid=0 tty=pts1 ses=3 comm="sleep" exe="/usr/bin/sleep" subj=unconfined key="process_exec"ARCH=x86_64 SYSCALL=execve AUID="heroic" UID="root" GID="root" EUID="root" SUID="root" FSUID="root" EGID="root" SGID="root" FSGID="root"
type=EXECVE msg=audit(1769263716.221:7122): argc=2 a0="sleep" a1="5"
type=CWD msg=audit(1769263716.221:7122): cwd="/root/hids_benign"
type=PATH msg=audit(1769263716.221:7122): item=0 name="/usr/bin/sleep" inode=1578138 dev=08:02 mode=0100755 ouid=0 ogid=0 rdev=00:00 nametype=NORMAL cap_fp=0 cap_fi=0 cap_fe=0 cap_fver=0 cap_frootid=0OUID="root" OGID="root"
type=PATH msg=audit(1769263716.221:7122): item=1 name="/lib64/ld-linux-x86-64.so.2" inode=1575340 dev=08:02 mode=0100755 ouid=0 ogid=0 rdev=00:00 nametype=NORMAL cap_fp=0 cap_fi=0 cap_fe=0 cap_fver=0 cap_frootid=0OUID="root" OGID="root"
type=PROCTITLE msg=audit(1769263716.221:7122): proctitle=736C6565700035
type=SYSCALL msg=audit(1769263721.232:7123): arch=c000003e syscall=59 success=yes exit=0 a0=653e76a20270 a1=653e76a1d5c0 a2=653e76a17520 a3=653e76a17960 items=2 ppid=11465 pid=11625 auid=1000 uid=0 gid=0 euid=0 suid=0 fsuid=0 egid=0 sgid=0 fsgid=0 tty=pts1 ses=3 comm="rm" exe="/usr/bin/rm" subj=unconfined key="process_exec"ARCH=x86_64 SYSCALL=execve AUID="heroic" UID="root" GID="root" EUID="root" SUID="root" FSUID="root" EGID="root" SGID="root" FSGID="root"
type=EXECVE msg=audit(1769263721.232:7123): argc=14 a0="rm" a1="-f" a2="file_10.txt" a3="file_1.txt" a4="file_2.txt" a5="file_3.txt" a6="file_4.txt" a7="file_5.txt" a8="file_6.txt" a9="file_7.txt" a10="file_8.txt" a11="file_9.txt" a12="webpage.html" a13="dir_list.log"
type=CWD msg=audit(1769263721.232:7123): cwd="/root/hids_benign"
type=PATH msg=audit(1769263721.232:7123): item=0 name="/usr/bin/rm" inode=1578127 dev=08:02 mode=0100755 ouid=0 ogid=0 rdev=00:00 nametype=NORMAL cap_fp=0 cap_fi=0 cap_fe=0 cap_fver=0 cap_frootid=0OUID="root" OGID="root"
type=PATH msg=audit(1769263721.232:7123): item=1 name="/lib64/ld-linux-x86-64.so.2" inode=1575340 dev=08:02 mode=0100755 ouid=0 ogid=0 rdev=00:00 nametype=NORMAL cap_fp=0 cap_fi=0 cap_fe=0 cap_fver=0 cap_frootid=0OUID="root" OGID="root"
type=PROCTITLE msg=audit(1769263721.232:7123): proctitle=726D002D660066696C655F31302E7478740066696C655F312E7478740066696C655F322E7478740066696C655F332E7478740066696C655F342E7478740066696C655F352E7478740066696C655F362E7478740066696C655F372E7478740066696C655F382E7478740066696C655F392E74787400776562706167652E68746D
type=SYSCALL msg=audit(1769263721.238:7124): arch=c000003e syscall=59 success=yes exit=0 a0=653e76a1ef40 a1=653e76a20090 a2=653e76a17520 a3=653e76a20090 items=2 ppid=11465 pid=11626 auid=1000 uid=0 gid=0 euid=0 suid=0 fsuid=0 egid=0 sgid=0 fsgid=0 tty=pts1 ses=3 comm="rmdir" exe="/usr/bin/rmdir" subj=unconfined key="process_exec"ARCH=x86_64 SYSCALL=execve AUID="heroic" UID="root" GID="root" EUID="root" SUID="root" FSUID="root" EGID="root" SGID="root" FSGID="root"
type=EXECVE msg=audit(1769263721.238:7124): argc=2 a0="rmdir" a1="/root/hids_benign"
type=CWD msg=audit(1769263721.238:7124): cwd="/root/hids_benign"
type=PATH msg=audit(1769263721.238:7124): item=0 name="/usr/bin/rmdir" inode=1578128 dev=08:02 mode=0100755 ouid=0 ogid=0 rdev=00:00 nametype=NORMAL cap_fp=0 cap_fi=0 cap_fe=0 cap_fver=0 cap_frootid=0OUID="root" OGID="root"
type=PATH msg=audit(1769263721.238:7124): item=1 name="/lib64/ld-linux-x86-64.so.2" inode=1575340 dev=08:02 mode=0100755 ouid=0 ogid=0 rdev=00:00 nametype=NORMAL cap_fp=0 cap_fi=0 cap_fe=0 cap_fver=0 cap_frootid=0OUID="root" OGID="root"
type=PROCTITLE msg=audit(1769263721.238:7124): proctitle=726D646972002F726F6F742F686964735F62656E69676E
type=SYSCALL msg=audit(1769263721.238:7125): arch=c000003e syscall=59 success=yes exit=0 a0=653e76a1da60 a1=653e76a1f560 a2=653e76a17520 a3=653e76a1f560 items=2 ppid=11465 pid=11627 auid=1000 uid=0 gid=0 euid=0 suid=0 fsuid=0 egid=0 sgid=0 fsgid=0 tty=pts1 ses=3 comm="sleep" exe="/usr/bin/sleep" subj=unconfined key="process_exec"ARCH=x86_64 SYSCALL=execve AUID="heroic" UID="root" GID="root" EUID="root" SUID="root" FSUID="root" EGID="root" SGID="root" FSGID="root"
type=EXECVE msg=audit(1769263721.238:7125): argc=2 a0="sleep" a1="60"
type=CWD msg=audit(1769263721.238:7125): cwd=2F726F6F742F686964735F62656E69676E202864656C6574656429
type=PATH msg=audit(1769263721.238:7125): item=0 name="/usr/bin/sleep" inode=1578138 dev=08:02 mode=0100755 ouid=0 ogid=0 rdev=00:00 nametype=NORMAL cap_fp=0 cap_fi=0 cap_fe=0 cap_fver=0 cap_frootid=0OUID="root" OGID="root"
type=PATH msg=audit(1769263721.238:7125): item=1 name="/lib64/ld-linux-x86-64.so.2" inode=1575340 dev=08:02 mode=0100755 ouid=0 ogid=0 rdev=00:00 nametype=NORMAL cap_fp=0 cap_fi=0 cap_fe=0 cap_fver=0 cap_frootid=0OUID="root" OGID="root"
type=PROCTITLE msg=audit(1769263721.238:7125): proctitle=736C656570003630
type=USER_END msg=audit(1769263743.648:7126): pid=11548 uid=0 auid=1000 ses=3 subj=unconfined msg='op=PAM:session_close grantors=pam_limits,pam_env,pam_env,pam_permit,pam_umask,pam_unix acct="root" exe="/usr/bin/sudo" hostname=? addr=? terminal=/dev/pts/3 res=success'UID="root" AUID="heroic"
type=CRED_DISP msg=audit(1769263743.648:7127): pid=11548 uid=0 auid=1000 ses=3 subj=unconfined msg='op=PAM:setcred grantors=pam_permit acct="root" exe="/usr/bin/sudo" hostname=? addr=? terminal=/dev/pts/3 res=success'UID="root" AUID="heroic"
type=SYSCALL msg=audit(1769263744.971:7128): arch=c000003e syscall=59 success=yes exit=0 a0=5fb0bc773620 a1=5fb0bc754b70 a2=5fb0bc7477c0 a3=5fb0bc754b70 items=2 ppid=11510 pid=11629 auid=1000 uid=0 gid=0 euid=0 suid=0 fsuid=0 egid=0 sgid=0 fsgid=0 tty=pts3 ses=3 comm="sudo" exe="/usr/bin/sudo" subj=unconfined key="process_exec"ARCH=x86_64 SYSCALL=execve AUID="heroic" UID="root" GID="root" EUID="root" SUID="root" FSUID="root" EGID="root" SGID="root" FSGID="root"
type=EXECVE msg=audit(1769263744.971:7128): argc=4 a0="sudo" a1="tail" a2="-f" a3="/var/log/audit/audit.log"
type=CWD msg=audit(1769263744.971:7128): cwd="/home/heroic/Desktop"
type=PATH msg=audit(1769263744.971:7128): item=0 name="/usr/bin/sudo" inode=1574274 dev=08:02 mode=0104755 ouid=0 ogid=0 rdev=00:00 nametype=NORMAL cap_fp=0 cap_fi=0 cap_fe=0 cap_fver=0 cap_frootid=0OUID="root" OGID="root"
type=PATH msg=audit(1769263744.971:7128): item=1 name="/lib64/ld-linux-x86-64.so.2" inode=1575340 dev=08:02 mode=0100755 ouid=0 ogid=0 rdev=00:00 nametype=NORMAL cap_fp=0 cap_fi=0 cap_fe=0 cap_fver=0 cap_frootid=0OUID="root" OGID="root"
type=PROCTITLE msg=audit(1769263744.971:7128): proctitle=7375646F007461696C002D66002F7661722F6C6F672F61756469742F61756469742E6C6F67
type=USER_ACCT msg=audit(1769263744.998:7129): pid=11629 uid=0 auid=1000 ses=3 subj=unconfined msg='op=PAM:accounting grantors=pam_permit,pam_localuser acct="root" exe="/usr/bin/sudo" hostname=? addr=? terminal=/dev/pts/3 res=success'UID="root" AUID="heroic"
type=USER_CMD msg=audit(1769263745.002:7130): pid=11629 uid=0 auid=1000 ses=3 subj=unconfined msg='cwd="/home/heroic/Desktop" cmd=7461696C202D66202F7661722F6C6F672F61756469742F61756469742E6C6F67 exe="/usr/bin/sudo" terminal=pts/3 res=success'UID="root" AUID="heroic"
type=CRED_REFR msg=audit(1769263745.003:7131): pid=11629 uid=0 auid=1000 ses=3 subj=unconfined msg='op=PAM:setcred grantors=pam_permit,pam_cap acct="root" exe="/usr/bin/sudo" hostname=? addr=? terminal=/dev/pts/3 res=success'UID="root" AUID="heroic"
type=USER_START msg=audit(1769263745.005:7132): pid=11629 uid=0 auid=1000 ses=3 subj=unconfined msg='op=PAM:session_open grantors=pam_limits,pam_env,pam_env,pam_permit,pam_umask,pam_unix acct="root" exe="/usr/bin/sudo" hostname=? addr=? terminal=/dev/pts/3 res=success'UID="root" AUID="heroic"
type=SYSCALL msg=audit(1769263745.006:7133): arch=c000003e syscall=59 success=yes exit=0 a0=5cdfcc766b68 a1=5cdfcc776af0 a2=5cdfcc80a730 a3=64 items=2 ppid=11630 pid=11631 auid=1000 uid=0 gid=0 euid=0 suid=0 fsuid=0 egid=0 sgid=0 fsgid=0 tty=pts4 ses=3 comm="tail" exe="/usr/bin/tail" subj=unconfined key="process_exec"ARCH=x86_64 SYSCALL=execve AUID="heroic" UID="root" GID="root" EUID="root" SUID="root" FSUID="root" EGID="root" SGID="root" FSGID="root"
type=EXECVE msg=audit(1769263745.006:7133): argc=3 a0="tail" a1="-f" a2="/var/log/audit/audit.log"
type=CWD msg=audit(1769263745.006:7133): cwd="/home/heroic/Desktop"
type=PATH msg=audit(1769263745.006:7133): item=0 name="/usr/bin/tail" inode=1578147 dev=08:02 mode=0100755 ouid=0 ogid=0 rdev=00:00 nametype=NORMAL cap_fp=0 cap_fi=0 cap_fe=0 cap_fver=0 cap_frootid=0OUID="root" OGID="root"
type=PATH msg=audit(1769263745.006:7133): item=1 name="/lib64/ld-linux-x86-64.so.2" inode=1575340 dev=08:02 mode=0100755 ouid=0 ogid=0 rdev=00:00 nametype=NORMAL cap_fp=0 cap_fi=0 cap_fe=0 cap_fver=0 cap_frootid=0OUID="root" OGID="root"
type=PROCTITLE msg=audit(1769263745.006:7133): proctitle=7461696C002D66002F7661722F6C6F672F61756469742F61756469742E6C6F67
type=USER_END msg=audit(1769263755.428:7134): pid=11629 uid=0 auid=1000 ses=3 subj=unconfined msg='op=PAM:session_close grantors=pam_limits,pam_env,pam_env,pam_permit,pam_umask,pam_unix acct="root" exe="/usr/bin/sudo" hostname=? addr=? terminal=/dev/pts/3 res=success'UID="root" AUID="heroic"
type=CRED_DISP msg=audit(1769263755.428:7135): pid=11629 uid=0 auid=1000 ses=3 subj=unconfined msg='op=PAM:setcred grantors=pam_permit acct="root" exe="/usr/bin/sudo" hostname=? addr=? terminal=/dev/pts/3 res=success'UID="root" AUID="heroic"
type=SYSCALL msg=audit(1769263781.246:7136): arch=c000003e syscall=59 success=yes exit=0 a0=653e76a1f5e0 a1=653e76a20160 a2=653e76a17520 a3=653e76a20c60 items=2 ppid=11465 pid=11642 auid=1000 uid=0 gid=0 euid=0 suid=0 fsuid=0 egid=0 sgid=0 fsgid=0 tty=pts1 ses=3 comm="mkdir" exe="/usr/bin/mkdir" subj=unconfined key="process_exec"ARCH=x86_64 SYSCALL=execve AUID="heroic" UID="root" GID="root" EUID="root" SUID="root" FSUID="root" EGID="root" SGID="root" FSGID="root"
type=EXECVE msg=audit(1769263781.246:7136): argc=3 a0="mkdir" a1="-p" a2="/root/hids_benign"
type=CWD msg=audit(1769263781.246:7136): cwd=2F726F6F742F686964735F62656E69676E202864656C6574656429
type=PATH msg=audit(1769263781.246:7136): item=0 name="/usr/bin/mkdir" inode=1578106 dev=08:02 mode=0100755 ouid=0 ogid=0 rdev=00:00 nametype=NORMAL cap_fp=0 cap_fi=0 cap_fe=0 cap_fver=0 cap_frootid=0OUID="root" OGID="root"
type=PATH msg=audit(1769263781.246:7136): item=1 name="/lib64/ld-linux-x86-64.so.2" inode=1575340 dev=08:02 mode=0100755 ouid=0 ogid=0 rdev=00:00 nametype=NORMAL cap_fp=0 cap_fi=0 cap_fe=0 cap_fver=0 cap_frootid=0OUID="root" OGID="root"
type=PROCTITLE msg=audit(1769263781.246:7136): proctitle=6D6B646972002D70002F726F6F742F686964735F62656E69676E
type=SYSCALL msg=audit(1769263781.251:7137): arch=c000003e syscall=59 success=yes exit=0 a0=653e76a20760 a1=653e76a1efa0 a2=653e76a17520 a3=653e76a1efa0 items=2 ppid=11465 pid=11643 auid=1000 uid=0 gid=0 euid=0 suid=0 fsuid=0 egid=0 sgid=0 fsgid=0 tty=pts1 ses=3 comm="cat" exe="/usr/bin/cat" subj=unconfined key="process_exec"ARCH=x86_64 SYSCALL=execve AUID="heroic" UID="root" GID="root" EUID="root" SUID="root" FSUID="root" EGID="root" SGID="root" FSGID="root"
type=EXECVE msg=audit(1769263781.251:7137): argc=2 a0="cat" a1="file_1.txt"
type=CWD msg=audit(1769263781.251:7137): cwd="/root/hids_benign"
type=PATH msg=audit(1769263781.251:7137): item=0 name="/usr/bin/cat" inode=1578016 dev=08:02 mode=0100755 ouid=0 ogid=0 rdev=00:00 nametype=NORMAL cap_fp=0 cap_fi=0 cap_fe=0 cap_fver=0 cap_frootid=0OUID="root" OGID="root"
type=PATH msg=audit(1769263781.251:7137): item=1 name="/lib64/ld-linux-x86-64.so.2" inode=1575340 dev=08:02 mode=0100755 ouid=0 ogid=0 rdev=00:00 nametype=NORMAL cap_fp=0 cap_fi=0 cap_fe=0 cap_fver=0 cap_frootid=0OUID="root" OGID="root"
type=PROCTITLE msg=audit(1769263781.251:7137): proctitle=6361740066696C655F312E747874
type=SYSCALL msg=audit(1769263781.256:7138): arch=c000003e syscall=59 success=yes exit=0 a0=653e76a1efa0 a1=653e76a20740 a2=653e76a17520 a3=653e76a20740 items=2 ppid=11465 pid=11644 auid=1000 uid=0 gid=0 euid=0 suid=0 fsuid=0 egid=0 sgid=0 fsgid=0 tty=pts1 ses=3 comm="cat" exe="/usr/bin/cat" subj=unconfined key="process_exec"ARCH=x86_64 SYSCALL=execve AUID="heroic" UID="root" GID="root" EUID="root" SUID="root" FSUID="root" EGID="root" SGID="root" FSGID="root"
type=EXECVE msg=audit(1769263781.256:7138): argc=2 a0="cat" a1="file_2.txt"
type=CWD msg=audit(1769263781.256:7138): cwd="/root/hids_benign"
type=PATH msg=audit(1769263781.256:7138): item=0 name="/usr/bin/cat" inode=1578016 dev=08:02 mode=0100755 ouid=0 ogid=0 rdev=00:00 nametype=NORMAL cap_fp=0 cap_fi=0 cap_fe=0 cap_fver=0 cap_frootid=0OUID="root" OGID="root"
type=PATH msg=audit(1769263781.256:7138): item=1 name="/lib64/ld-linux-x86-64.so.2" inode=1575340 dev=08:02 mode=0100755 ouid=0 ogid=0 rdev=00:00 nametype=NORMAL cap_fp=0 cap_fi=0 cap_fe=0 cap_fver=0 cap_frootid=0OUID="root" OGID="root"
type=PROCTITLE msg=audit(1769263781.256:7138): proctitle=6361740066696C655F322E747874
type=SYSCALL msg=audit(1769263781.263:7139): arch=c000003e syscall=59 success=yes exit=0 a0=653e76a20740 a1=653e76a20760 a2=653e76a17520 a3=653e76a20760 items=2 ppid=11465 pid=11645 auid=1000 uid=0 gid=0 euid=0 suid=0 fsuid=0 egid=0 sgid=0 fsgid=0 tty=pts1 ses=3 comm="cat" exe="/usr/bin/cat" subj=unconfined key="process_exec"ARCH=x86_64 SYSCALL=execve AUID="heroic" UID="root" GID="root" EUID="root" SUID="root" FSUID="root" EGID="root" SGID="root" FSGID="root"
type=EXECVE msg=audit(1769263781.263:7139): argc=2 a0="cat" a1="file_3.txt"
type=CWD msg=audit(1769263781.263:7139): cwd="/root/hids_benign"
type=PATH msg=audit(1769263781.263:7139): item=0 name="/usr/bin/cat" inode=1578016 dev=08:02 mode=0100755 ouid=0 ogid=0 rdev=00:00 nametype=NORMAL cap_fp=0 cap_fi=0 cap_fe=0 cap_fver=0 cap_frootid=0OUID="root" OGID="root"
type=PATH msg=audit(1769263781.263:7139): item=1 name="/lib64/ld-linux-x86-64.so.2" inode=1575340 dev=08:02 mode=0100755 ouid=0 ogid=0 rdev=00:00 nametype=NORMAL cap_fp=0 cap_fi=0 cap_fe=0 cap_fver=0 cap_frootid=0OUID="root" OGID="root"
type=PROCTITLE msg=audit(1769263781.263:7139): proctitle=6361740066696C655F332E747874
type=SYSCALL msg=audit(1769263781.266:7140): arch=c000003e syscall=59 success=yes exit=0 a0=653e76a20760 a1=653e76a1efa0 a2=653e76a17520 a3=653e76a1efa0 items=2 ppid=11465 pid=11646 auid=1000 uid=0 gid=0 euid=0 suid=0 fsuid=0 egid=0 sgid=0 fsgid=0 tty=pts1 ses=3 comm="cat" exe="/usr/bin/cat" subj=unconfined key="process_exec"ARCH=x86_64 SYSCALL=execve AUID="heroic" UID="root" GID="root" EUID="root" SUID="root" FSUID="root" EGID="root" SGID="root" FSGID="root"
type=EXECVE msg=audit(1769263781.266:7140): argc=2 a0="cat" a1="file_4.txt"
type=CWD msg=audit(1769263781.266:7140): cwd="/root/hids_benign"
type=PATH msg=audit(1769263781.266:7140): item=0 name="/usr/bin/cat" inode=1578016 dev=08:02 mode=0100755 ouid=0 ogid=0 rdev=00:00 nametype=NORMAL cap_fp=0 cap_fi=0 cap_fe=0 cap_fver=0 cap_frootid=0OUID="root" OGID="root"
type=PATH msg=audit(1769263781.266:7140): item=1 name="/lib64/ld-linux-x86-64.so.2" inode=1575340 dev=08:02 mode=0100755 ouid=0 ogid=0 rdev=00:00 nametype=NORMAL cap_fp=0 cap_fi=0 cap_fe=0 cap_fver=0 cap_frootid=0OUID="root" OGID="root"
type=PROCTITLE msg=audit(1769263781.266:7140): proctitle=6361740066696C655F342E747874
type=SYSCALL msg=audit(1769263781.275:7141): arch=c000003e syscall=59 success=yes exit=0 a0=653e76a1efa0 a1=653e76a20740 a2=653e76a17520 a3=653e76a20740 items=2 ppid=11465 pid=11647 auid=1000 uid=0 gid=0 euid=0 suid=0 fsuid=0 egid=0 sgid=0 fsgid=0 tty=pts1 ses=3 comm="cat" exe="/usr/bin/cat" subj=unconfined key="process_exec"ARCH=x86_64 SYSCALL=execve AUID="heroic" UID="root" GID="root" EUID="root" SUID="root" FSUID="root" EGID="root" SGID="root" FSGID="root"
type=EXECVE msg=audit(1769263781.275:7141): argc=2 a0="cat" a1="file_5.txt"
type=CWD msg=audit(1769263781.275:7141): cwd="/root/hids_benign"
type=PATH msg=audit(1769263781.275:7141): item=0 name="/usr/bin/cat" inode=1578016 dev=08:02 mode=0100755 ouid=0 ogid=0 rdev=00:00 nametype=NORMAL cap_fp=0 cap_fi=0 cap_fe=0 cap_fver=0 cap_frootid=0OUID="root" OGID="root"
type=PATH msg=audit(1769263781.275:7141): item=1 name="/lib64/ld-linux-x86-64.so.2" inode=1575340 dev=08:02 mode=0100755 ouid=0 ogid=0 rdev=00:00 nametype=NORMAL cap_fp=0 cap_fi=0 cap_fe=0 cap_fver=0 cap_frootid=0OUID="root" OGID="root"
type=PROCTITLE msg=audit(1769263781.275:7141): proctitle=6361740066696C655F352E747874
type=SYSCALL msg=audit(1769263781.280:7142): arch=c000003e syscall=59 success=yes exit=0 a0=653e76a20740 a1=653e76a20760 a2=653e76a17520 a3=653e76a20760 items=2 ppid=11465 pid=11648 auid=1000 uid=0 gid=0 euid=0 suid=0 fsuid=0 egid=0 sgid=0 fsgid=0 tty=pts1 ses=3 comm="cat" exe="/usr/bin/cat" subj=unconfined key="process_exec"ARCH=x86_64 SYSCALL=execve AUID="heroic" UID="root" GID="root" EUID="root" SUID="root" FSUID="root" EGID="root" SGID="root" FSGID="root"
type=EXECVE msg=audit(1769263781.280:7142): argc=2 a0="cat" a1="file_6.txt"
type=CWD msg=audit(1769263781.280:7142): cwd="/root/hids_benign"
type=PATH msg=audit(1769263781.280:7142): item=0 name="/usr/bin/cat" inode=1578016 dev=08:02 mode=0100755 ouid=0 ogid=0 rdev=00:00 nametype=NORMAL cap_fp=0 cap_fi=0 cap_fe=0 cap_fver=0 cap_frootid=0OUID="root" OGID="root"
type=PATH msg=audit(1769263781.280:7142): item=1 name="/lib64/ld-linux-x86-64.so.2" inode=1575340 dev=08:02 mode=0100755 ouid=0 ogid=0 rdev=00:00 nametype=NORMAL cap_fp=0 cap_fi=0 cap_fe=0 cap_fver=0 cap_frootid=0OUID="root" OGID="root"
type=PROCTITLE msg=audit(1769263781.280:7142): proctitle=6361740066696C655F362E747874
type=SYSCALL msg=audit(1769263781.281:7143): arch=c000003e syscall=59 success=yes exit=0 a0=653e76a20760 a1=653e76a1efa0 a2=653e76a17520 a3=653e76a1efa0 items=2 ppid=11465 pid=11649 auid=1000 uid=0 gid=0 euid=0 suid=0 fsuid=0 egid=0 sgid=0 fsgid=0 tty=pts1 ses=3 comm="cat" exe="/usr/bin/cat" subj=unconfined key="process_exec"ARCH=x86_64 SYSCALL=execve AUID="heroic" UID="root" GID="root" EUID="root" SUID="root" FSUID="root" EGID="root" SGID="root" FSGID="root"
type=EXECVE msg=audit(1769263781.281:7143): argc=2 a0="cat" a1="file_7.txt"
type=CWD msg=audit(1769263781.281:7143): cwd="/root/hids_benign"
type=PATH msg=audit(1769263781.281:7143): item=0 name="/usr/bin/cat" inode=1578016 dev=08:02 mode=0100755 ouid=0 ogid=0 rdev=00:00 nametype=NORMAL cap_fp=0 cap_fi=0 cap_fe=0 cap_fver=0 cap_frootid=0OUID="root" OGID="root"
type=PATH msg=audit(1769263781.281:7143): item=1 name="/lib64/ld-linux-x86-64.so.2" inode=1575340 dev=08:02 mode=0100755 ouid=0 ogid=0 rdev=00:00 nametype=NORMAL cap_fp=0 cap_fi=0 cap_fe=0 cap_fver=0 cap_frootid=0OUID="root" OGID="root"
type=PROCTITLE msg=audit(1769263781.281:7143): proctitle=6361740066696C655F372E747874
type=SYSCALL msg=audit(1769263781.283:7144): arch=c000003e syscall=59 success=yes exit=0 a0=653e76a1efa0 a1=653e76a20740 a2=653e76a17520 a3=653e76a20740 items=2 ppid=11465 pid=11650 auid=1000 uid=0 gid=0 euid=0 suid=0 fsuid=0 egid=0 sgid=0 fsgid=0 tty=pts1 ses=3 comm="cat" exe="/usr/bin/cat" subj=unconfined key="process_exec"ARCH=x86_64 SYSCALL=execve AUID="heroic" UID="root" GID="root" EUID="root" SUID="root" FSUID="root" EGID="root" SGID="root" FSGID="root"
type=EXECVE msg=audit(1769263781.283:7144): argc=2 a0="cat" a1="file_8.txt"
type=CWD msg=audit(1769263781.283:7144): cwd="/root/hids_benign"
type=PATH msg=audit(1769263781.283:7144): item=0 name="/usr/bin/cat" inode=1578016 dev=08:02 mode=0100755 ouid=0 ogid=0 rdev=00:00 nametype=NORMAL cap_fp=0 cap_fi=0 cap_fe=0 cap_fver=0 cap_frootid=0OUID="root" OGID="root"
type=PATH msg=audit(1769263781.283:7144): item=1 name="/lib64/ld-linux-x86-64.so.2" inode=1575340 dev=08:02 mode=0100755 ouid=0 ogid=0 rdev=00:00 nametype=NORMAL cap_fp=0 cap_fi=0 cap_fe=0 cap_fver=0 cap_frootid=0OUID="root" OGID="root"
type=PROCTITLE msg=audit(1769263781.283:7144): proctitle=6361740066696C655F382E747874
type=SYSCALL msg=audit(1769263781.286:7145): arch=c000003e syscall=59 success=yes exit=0 a0=653e76a20740 a1=653e76a20760 a2=653e76a17520 a3=653e76a20760 items=2 ppid=11465 pid=11651 auid=1000 uid=0 gid=0 euid=0 suid=0 fsuid=0 egid=0 sgid=0 fsgid=0 tty=pts1 ses=3 comm="cat" exe="/usr/bin/cat" subj=unconfined key="process_exec"ARCH=x86_64 SYSCALL=execve AUID="heroic" UID="root" GID="root" EUID="root" SUID="root" FSUID="root" EGID="root" SGID="root" FSGID="root"
type=EXECVE msg=audit(1769263781.286:7145): argc=2 a0="cat" a1="file_9.txt"
type=CWD msg=audit(1769263781.286:7145): cwd="/root/hids_benign"
type=PATH msg=audit(1769263781.286:7145): item=0 name="/usr/bin/cat" inode=1578016 dev=08:02 mode=0100755 ouid=0 ogid=0 rdev=00:00 nametype=NORMAL cap_fp=0 cap_fi=0 cap_fe=0 cap_fver=0 cap_frootid=0OUID="root" OGID="root"
type=PATH msg=audit(1769263781.286:7145): item=1 name="/lib64/ld-linux-x86-64.so.2" inode=1575340 dev=08:02 mode=0100755 ouid=0 ogid=0 rdev=00:00 nametype=NORMAL cap_fp=0 cap_fi=0 cap_fe=0 cap_fver=0 cap_frootid=0OUID="root" OGID="root"
type=PROCTITLE msg=audit(1769263781.286:7145): proctitle=6361740066696C655F392E747874
type=SYSCALL msg=audit(1769263781.288:7146): arch=c000003e syscall=59 success=yes exit=0 a0=653e76a20760 a1=653e76a1efa0 a2=653e76a17520 a3=653e76a1efa0 items=2 ppid=11465 pid=11652 auid=1000 uid=0 gid=0 euid=0 suid=0 fsuid=0 egid=0 sgid=0 fsgid=0 tty=pts1 ses=3 comm="cat" exe="/usr/bin/cat" subj=unconfined key="process_exec"ARCH=x86_64 SYSCALL=execve AUID="heroic" UID="root" GID="root" EUID="root" SUID="root" FSUID="root" EGID="root" SGID="root" FSGID="root"
type=EXECVE msg=audit(1769263781.288:7146): argc=2 a0="cat" a1="file_10.txt"
type=CWD msg=audit(1769263781.288:7146): cwd="/root/hids_benign"
type=PATH msg=audit(1769263781.288:7146): item=0 name="/usr/bin/cat" inode=1578016 dev=08:02 mode=0100755 ouid=0 ogid=0 rdev=00:00 nametype=NORMAL cap_fp=0 cap_fi=0 cap_fe=0 cap_fver=0 cap_frootid=0OUID="root" OGID="root"
type=PATH msg=audit(1769263781.288:7146): item=1 name="/lib64/ld-linux-x86-64.so.2" inode=1575340 dev=08:02 mode=0100755 ouid=0 ogid=0 rdev=00:00 nametype=NORMAL cap_fp=0 cap_fi=0 cap_fe=0 cap_fver=0 cap_frootid=0OUID="root" OGID="root"
type=PROCTITLE msg=audit(1769263781.288:7146): proctitle=6361740066696C655F31302E747874
type=SYSCALL msg=audit(1769263781.289:7147): arch=c000003e syscall=59 success=yes exit=0 a0=653e76a20250 a1=653e76a1fdf0 a2=653e76a17520 a3=0 items=2 ppid=11465 pid=11653 auid=1000 uid=0 gid=0 euid=0 suid=0 fsuid=0 egid=0 sgid=0 fsgid=0 tty=pts1 ses=3 comm="vim" exe="/usr/bin/vim.basic" subj=unconfined key="process_exec"ARCH=x86_64 SYSCALL=execve AUID="heroic" UID="root" GID="root" EUID="root" SUID="root" FSUID="root" EGID="root" SGID="root" FSGID="root"
type=EXECVE msg=audit(1769263781.289:7147): argc=3 a0="vim" a1="-es" a2="file_1.txt"
type=CWD msg=audit(1769263781.289:7147): cwd="/root/hids_benign"
type=PATH msg=audit(1769263781.289:7147): item=0 name="/usr/bin/vim" inode=1575517 dev=08:02 mode=0100755 ouid=0 ogid=0 rdev=00:00 nametype=NORMAL cap_fp=0 cap_fi=0 cap_fe=0 cap_fver=0 cap_frootid=0OUID="root" OGID="root"
type=PATH msg=audit(1769263781.289:7147): item=1 name="/lib64/ld-linux-x86-64.so.2" inode=1575340 dev=08:02 mode=0100755 ouid=0 ogid=0 rdev=00:00 nametype=NORMAL cap_fp=0 cap_fi=0 cap_fe=0 cap_fver=0 cap_frootid=0OUID="root" OGID="root"
type=PROCTITLE msg=audit(1769263781.289:7147): proctitle=76696D002D65730066696C655F312E747874
type=SYSCALL msg=audit(1769263781.299:7148): arch=c000003e syscall=59 success=yes exit=0 a0=653e76a1f320 a1=653e76a1fdf0 a2=653e76a17520 a3=0 items=2 ppid=11465 pid=11654 auid=1000 uid=0 gid=0 euid=0 suid=0 fsuid=0 egid=0 sgid=0 fsgid=0 tty=pts1 ses=3 comm="vim" exe="/usr/bin/vim.basic" subj=unconfined key="process_exec"ARCH=x86_64 SYSCALL=execve AUID="heroic" UID="root" GID="root" EUID="root" SUID="root" FSUID="root" EGID="root" SGID="root" FSGID="root"
type=EXECVE msg=audit(1769263781.299:7148): argc=3 a0="vim" a1="-es" a2="file_2.txt"
type=CWD msg=audit(1769263781.299:7148): cwd="/root/hids_benign"
type=PATH msg=audit(1769263781.299:7148): item=0 name="/usr/bin/vim" inode=1575517 dev=08:02 mode=0100755 ouid=0 ogid=0 rdev=00:00 nametype=NORMAL cap_fp=0 cap_fi=0 cap_fe=0 cap_fver=0 cap_frootid=0OUID="root" OGID="root"
type=PATH msg=audit(1769263781.299:7148): item=1 name="/lib64/ld-linux-x86-64.so.2" inode=1575340 dev=08:02 mode=0100755 ouid=0 ogid=0 rdev=00:00 nametype=NORMAL cap_fp=0 cap_fi=0 cap_fe=0 cap_fver=0 cap_frootid=0OUID="root" OGID="root"
type=PROCTITLE msg=audit(1769263781.299:7148): proctitle=76696D002D65730066696C655F322E747874
type=SYSCALL msg=audit(1769263781.308:7149): arch=c000003e syscall=59 success=yes exit=0 a0=653e76a207a0 a1=653e76a1fdf0 a2=653e76a17520 a3=0 items=2 ppid=11465 pid=11655 auid=1000 uid=0 gid=0 euid=0 suid=0 fsuid=0 egid=0 sgid=0 fsgid=0 tty=pts1 ses=3 comm="vim" exe="/usr/bin/vim.basic" subj=unconfined key="process_exec"ARCH=x86_64 SYSCALL=execve AUID="heroic" UID="root" GID="root" EUID="root" SUID="root" FSUID="root" EGID="root" SGID="root" FSGID="root"
type=EXECVE msg=audit(1769263781.308:7149): argc=3 a0="vim" a1="-es" a2="file_3.txt"
type=CWD msg=audit(1769263781.308:7149): cwd="/root/hids_benign"
type=PATH msg=audit(1769263781.308:7149): item=0 name="/usr/bin/vim" inode=1575517 dev=08:02 mode=0100755 ouid=0 ogid=0 rdev=00:00 nametype=NORMAL cap_fp=0 cap_fi=0 cap_fe=0 cap_fver=0 cap_frootid=0OUID="root" OGID="root"
type=PATH msg=audit(1769263781.308:7149): item=1 name="/lib64/ld-linux-x86-64.so.2" inode=1575340 dev=08:02 mode=0100755 ouid=0 ogid=0 rdev=00:00 nametype=NORMAL cap_fp=0 cap_fi=0 cap_fe=0 cap_fver=0 cap_frootid=0OUID="root" OGID="root"
type=PROCTITLE msg=audit(1769263781.308:7149): proctitle=76696D002D65730066696C655F332E747874
type=SYSCALL msg=audit(1769263781.316:7150): arch=c000003e syscall=59 success=yes exit=0 a0=653e76a20740 a1=653e76a1fdf0 a2=653e76a17520 a3=0 items=2 ppid=11465 pid=11656 auid=1000 uid=0 gid=0 euid=0 suid=0 fsuid=0 egid=0 sgid=0 fsgid=0 tty=pts1 ses=3 comm="vim" exe="/usr/bin/vim.basic" subj=unconfined key="process_exec"ARCH=x86_64 SYSCALL=execve AUID="heroic" UID="root" GID="root" EUID="root" SUID="root" FSUID="root" EGID="root" SGID="root" FSGID="root"
type=EXECVE msg=audit(1769263781.316:7150): argc=3 a0="vim" a1="-es" a2="file_4.txt"
type=CWD msg=audit(1769263781.316:7150): cwd="/root/hids_benign"
type=PATH msg=audit(1769263781.316:7150): item=0 name="/usr/bin/vim" inode=1575517 dev=08:02 mode=0100755 ouid=0 ogid=0 rdev=00:00 nametype=NORMAL cap_fp=0 cap_fi=0 cap_fe=0 cap_fver=0 cap_frootid=0OUID="root" OGID="root"
type=PATH msg=audit(1769263781.316:7150): item=1 name="/lib64/ld-linux-x86-64.so.2" inode=1575340 dev=08:02 mode=0100755 ouid=0 ogid=0 rdev=00:00 nametype=NORMAL cap_fp=0 cap_fi=0 cap_fe=0 cap_fver=0 cap_frootid=0OUID="root" OGID="root"
type=PROCTITLE msg=audit(1769263781.316:7150): proctitle=76696D002D65730066696C655F342E747874
type=SYSCALL msg=audit(1769263781.324:7151): arch=c000003e syscall=59 success=yes exit=0 a0=653e76a20250 a1=653e76a1fdf0 a2=653e76a17520 a3=0 items=2 ppid=11465 pid=11657 auid=1000 uid=0 gid=0 euid=0 suid=0 fsuid=0 egid=0 sgid=0 fsgid=0 tty=pts1 ses=3 comm="vim" exe="/usr/bin/vim.basic" subj=unconfined key="process_exec"ARCH=x86_64 SYSCALL=execve AUID="heroic" UID="root" GID="root" EUID="root" SUID="root" FSUID="root" EGID="root" SGID="root" FSGID="root"
type=EXECVE msg=audit(1769263781.324:7151): argc=3 a0="vim" a1="-es" a2="file_5.txt"
type=CWD msg=audit(1769263781.324:7151): cwd="/root/hids_benign"
type=PATH msg=audit(1769263781.324:7151): item=0 name="/usr/bin/vim" inode=1575517 dev=08:02 mode=0100755 ouid=0 ogid=0 rdev=00:00 nametype=NORMAL cap_fp=0 cap_fi=0 cap_fe=0 cap_fver=0 cap_frootid=0OUID="root" OGID="root"
type=PATH msg=audit(1769263781.324:7151): item=1 name="/lib64/ld-linux-x86-64.so.2" inode=1575340 dev=08:02 mode=0100755 ouid=0 ogid=0 rdev=00:00 nametype=NORMAL cap_fp=0 cap_fi=0 cap_fe=0 cap_fver=0 cap_frootid=0OUID="root" OGID="root"
type=PROCTITLE msg=audit(1769263781.324:7151): proctitle=76696D002D65730066696C655F352E747874
type=SYSCALL msg=audit(1769263781.332:7152): arch=c000003e syscall=59 success=yes exit=0 a0=653e76a1f5e0 a1=653e76a207a0 a2=653e76a17520 a3=653e76a207a0 items=2 ppid=11465 pid=11658 auid=1000 uid=0 gid=0 euid=0 suid=0 fsuid=0 egid=0 sgid=0 fsgid=0 tty=pts1 ses=3 comm="ls" exe="/usr/bin/ls" subj=unconfined key="process_exec"ARCH=x86_64 SYSCALL=execve AUID="heroic" UID="root" GID="root" EUID="root" SUID="root" FSUID="root" EGID="root" SGID="root" FSGID="root"
type=EXECVE msg=audit(1769263781.332:7152): argc=2 a0="ls" a1="-la"
type=CWD msg=audit(1769263781.332:7152): cwd="/root/hids_benign"
type=PATH msg=audit(1769263781.332:7152): item=0 name="/usr/bin/ls" inode=1578104 dev=08:02 mode=0100755 ouid=0 ogid=0 rdev=00:00 nametype=NORMAL cap_fp=0 cap_fi=0 cap_fe=0 cap_fver=0 cap_frootid=0OUID="root" OGID="root"
type=PATH msg=audit(1769263781.332:7152): item=1 name="/lib64/ld-linux-x86-64.so.2" inode=1575340 dev=08:02 mode=0100755 ouid=0 ogid=0 rdev=00:00 nametype=NORMAL cap_fp=0 cap_fi=0 cap_fe=0 cap_fver=0 cap_frootid=0OUID="root" OGID="root"
type=PROCTITLE msg=audit(1769263781.332:7152): proctitle=6C73002D6C61
type=SYSCALL msg=audit(1769263781.334:7153): arch=c000003e syscall=59 success=yes exit=0 a0=653e76a1f540 a1=653e76a1d860 a2=653e76a17520 a3=653e76a19d20 items=2 ppid=11465 pid=11659 auid=1000 uid=0 gid=0 euid=0 suid=0 fsuid=0 egid=0 sgid=0 fsgid=0 tty=pts1 ses=3 comm="ls" exe="/usr/bin/ls" subj=unconfined key="process_exec"ARCH=x86_64 SYSCALL=execve AUID="heroic" UID="root" GID="root" EUID="root" SUID="root" FSUID="root" EGID="root" SGID="root" FSGID="root"
type=EXECVE msg=audit(1769263781.334:7153): argc=2 a0="ls" a1="-la"
type=CWD msg=audit(1769263781.334:7153): cwd="/root/hids_benign"
type=PATH msg=audit(1769263781.334:7153): item=0 name="/usr/bin/ls" inode=1578104 dev=08:02 mode=0100755 ouid=0 ogid=0 rdev=00:00 nametype=NORMAL cap_fp=0 cap_fi=0 cap_fe=0 cap_fver=0 cap_frootid=0OUID="root" OGID="root"
type=PATH msg=audit(1769263781.334:7153): item=1 name="/lib64/ld-linux-x86-64.so.2" inode=1575340 dev=08:02 mode=0100755 ouid=0 ogid=0 rdev=00:00 nametype=NORMAL cap_fp=0 cap_fi=0 cap_fe=0 cap_fver=0 cap_frootid=0OUID="root" OGID="root"
type=PROCTITLE msg=audit(1769263781.334:7153): proctitle=6C73002D6C61
type=SYSCALL msg=audit(1769263781.336:7154): arch=c000003e syscall=59 success=yes exit=0 a0=653e76a20250 a1=653e76a1d860 a2=653e76a17520 a3=653e76a1d370 items=2 ppid=11465 pid=11660 auid=1000 uid=0 gid=0 euid=0 suid=0 fsuid=0 egid=0 sgid=0 fsgid=0 tty=pts1 ses=3 comm="ls" exe="/usr/bin/ls" subj=unconfined key="process_exec"ARCH=x86_64 SYSCALL=execve AUID="heroic" UID="root" GID="root" EUID="root" SUID="root" FSUID="root" EGID="root" SGID="root" FSGID="root"
type=EXECVE msg=audit(1769263781.336:7154): argc=2 a0="ls" a1="-la"
type=CWD msg=audit(1769263781.336:7154): cwd="/root/hids_benign"
type=PATH msg=audit(1769263781.336:7154): item=0 name="/usr/bin/ls" inode=1578104 dev=08:02 mode=0100755 ouid=0 ogid=0 rdev=00:00 nametype=NORMAL cap_fp=0 cap_fi=0 cap_fe=0 cap_fver=0 cap_frootid=0OUID="root" OGID="root"
type=PATH msg=audit(1769263781.336:7154): item=1 name="/lib64/ld-linux-x86-64.so.2" inode=1575340 dev=08:02 mode=0100755 ouid=0 ogid=0 rdev=00:00 nametype=NORMAL cap_fp=0 cap_fi=0 cap_fe=0 cap_fver=0 cap_frootid=0OUID="root" OGID="root"
type=PROCTITLE msg=audit(1769263781.336:7154): proctitle=6C73002D6C61
type=SYSCALL msg=audit(1769263781.338:7155): arch=c000003e syscall=59 success=yes exit=0 a0=653e76a1c670 a1=653e76a1d860 a2=653e76a17520 a3=653e76a1f5e0 items=2 ppid=11465 pid=11661 auid=1000 uid=0 gid=0 euid=0 suid=0 fsuid=0 egid=0 sgid=0 fsgid=0 tty=pts1 ses=3 comm="ls" exe="/usr/bin/ls" subj=unconfined key="process_exec"ARCH=x86_64 SYSCALL=execve AUID="heroic" UID="root" GID="root" EUID="root" SUID="root" FSUID="root" EGID="root" SGID="root" FSGID="root"
type=EXECVE msg=audit(1769263781.338:7155): argc=2 a0="ls" a1="-la"
type=CWD msg=audit(1769263781.338:7155): cwd="/root/hids_benign"
type=PATH msg=audit(1769263781.338:7155): item=0 name="/usr/bin/ls" inode=1578104 dev=08:02 mode=0100755 ouid=0 ogid=0 rdev=00:00 nametype=NORMAL cap_fp=0 cap_fi=0 cap_fe=0 cap_fver=0 cap_frootid=0OUID="root" OGID="root"
type=PATH msg=audit(1769263781.338:7155): item=1 name="/lib64/ld-linux-x86-64.so.2" inode=1575340 dev=08:02 mode=0100755 ouid=0 ogid=0 rdev=00:00 nametype=NORMAL cap_fp=0 cap_fi=0 cap_fe=0 cap_fver=0 cap_frootid=0OUID="root" OGID="root"
type=PROCTITLE msg=audit(1769263781.338:7155): proctitle=6C73002D6C61
type=SYSCALL msg=audit(1769263781.341:7156): arch=c000003e syscall=59 success=yes exit=0 a0=653e76a208c0 a1=653e76a1d860 a2=653e76a17520 a3=653e76a1f540 items=2 ppid=11465 pid=11662 auid=1000 uid=0 gid=0 euid=0 suid=0 fsuid=0 egid=0 sgid=0 fsgid=0 tty=pts1 ses=3 comm="ls" exe="/usr/bin/ls" subj=unconfined key="process_exec"ARCH=x86_64 SYSCALL=execve AUID="heroic" UID="root" GID="root" EUID="root" SUID="root" FSUID="root" EGID="root" SGID="root" FSGID="root"
type=EXECVE msg=audit(1769263781.341:7156): argc=2 a0="ls" a1="-la"
type=CWD msg=audit(1769263781.341:7156): cwd="/root/hids_benign"
type=PATH msg=audit(1769263781.341:7156): item=0 name="/usr/bin/ls" inode=1578104 dev=08:02 mode=0100755 ouid=0 ogid=0 rdev=00:00 nametype=NORMAL cap_fp=0 cap_fi=0 cap_fe=0 cap_fver=0 cap_frootid=0OUID="root" OGID="root"
type=PATH msg=audit(1769263781.341:7156): item=1 name="/lib64/ld-linux-x86-64.so.2" inode=1575340 dev=08:02 mode=0100755 ouid=0 ogid=0 rdev=00:00 nametype=NORMAL cap_fp=0 cap_fi=0 cap_fe=0 cap_fver=0 cap_frootid=0OUID="root" OGID="root"
type=PROCTITLE msg=audit(1769263781.341:7156): proctitle=6C73002D6C61
type=SYSCALL msg=audit(1769263781.344:7157): arch=c000003e syscall=59 success=yes exit=0 a0=653e76a1f5e0 a1=653e76a1c950 a2=653e76a17520 a3=653e76a20250 items=2 ppid=11465 pid=11663 auid=1000 uid=0 gid=0 euid=0 suid=0 fsuid=0 egid=0 sgid=0 fsgid=0 tty=pts1 ses=3 comm="curl" exe="/usr/bin/curl" subj=unconfined key="process_exec"ARCH=x86_64 SYSCALL=execve AUID="heroic" UID="root" GID="root" EUID="root" SUID="root" FSUID="root" EGID="root" SGID="root" FSGID="root"
type=EXECVE msg=audit(1769263781.344:7157): argc=3 a0="curl" a1="-s" a2="https://example.com"
type=CWD msg=audit(1769263781.344:7157): cwd="/root/hids_benign"
type=PATH msg=audit(1769263781.344:7157): item=0 name="/usr/bin/curl" inode=1573697 dev=08:02 mode=0100755 ouid=0 ogid=0 rdev=00:00 nametype=NORMAL cap_fp=0 cap_fi=0 cap_fe=0 cap_fver=0 cap_frootid=0OUID="root" OGID="root"
type=PATH msg=audit(1769263781.344:7157): item=1 name="/lib64/ld-linux-x86-64.so.2" inode=1575340 dev=08:02 mode=0100755 ouid=0 ogid=0 rdev=00:00 nametype=NORMAL cap_fp=0 cap_fi=0 cap_fe=0 cap_fver=0 cap_frootid=0OUID="root" OGID="root"
type=PROCTITLE msg=audit(1769263781.344:7157): proctitle=6375726C002D730068747470733A2F2F6578616D706C652E636F6D
type=SYSCALL msg=audit(1769263781.502:7158): arch=c000003e syscall=59 success=yes exit=0 a0=653e76a1ef40 a1=653e76a1cc30 a2=653e76a17520 a3=653e76a20030 items=2 ppid=11465 pid=11665 auid=1000 uid=0 gid=0 euid=0 suid=0 fsuid=0 egid=0 sgid=0 fsgid=0 tty=pts1 ses=3 comm="ssh" exe="/usr/bin/ssh" subj=unconfined key="process_exec"ARCH=x86_64 SYSCALL=execve AUID="heroic" UID="root" GID="root" EUID="root" SUID="root" FSUID="root" EGID="root" SGID="root" FSGID="root"
type=EXECVE msg=audit(1769263781.502:7158): argc=5 a0="ssh" a1="-o" a2="BatchMode=yes" a3="localhost" a4=6563686F205353485F4F4B
type=CWD msg=audit(1769263781.502:7158): cwd="/root/hids_benign"
type=PATH msg=audit(1769263781.502:7158): item=0 name="/usr/bin/ssh" inode=1573390 dev=08:02 mode=0100755 ouid=0 ogid=0 rdev=00:00 nametype=NORMAL cap_fp=0 cap_fi=0 cap_fe=0 cap_fver=0 cap_frootid=0OUID="root" OGID="root"
type=PATH msg=audit(1769263781.502:7158): item=1 name="/lib64/ld-linux-x86-64.so.2" inode=1575340 dev=08:02 mode=0100755 ouid=0 ogid=0 rdev=00:00 nametype=NORMAL cap_fp=0 cap_fi=0 cap_fe=0 cap_fver=0 cap_frootid=0OUID="root" OGID="root"
type=PROCTITLE msg=audit(1769263781.502:7158): proctitle=737368002D6F0042617463684D6F64653D796573006C6F63616C686F7374006563686F205353485F4F4B
type=SYSCALL msg=audit(1769263781.514:7159): arch=c000003e syscall=59 success=yes exit=0 a0=653e76a20250 a1=653e76a1c670 a2=653e76a17520 a3=653e76a1c670 items=2 ppid=11465 pid=11666 auid=1000 uid=0 gid=0 euid=0 suid=0 fsuid=0 egid=0 sgid=0 fsgid=0 tty=pts1 ses=3 comm="sleep" exe="/usr/bin/sleep" subj=unconfined key="process_exec"ARCH=x86_64 SYSCALL=execve AUID="heroic" UID="root" GID="root" EUID="root" SUID="root" FSUID="root" EGID="root" SGID="root" FSGID="root"
type=EXECVE msg=audit(1769263781.514:7159): argc=2 a0="sleep" a1="5"
type=CWD msg=audit(1769263781.514:7159): cwd="/root/hids_benign"
type=PATH msg=audit(1769263781.514:7159): item=0 name="/usr/bin/sleep" inode=1578138 dev=08:02 mode=0100755 ouid=0 ogid=0 rdev=00:00 nametype=NORMAL cap_fp=0 cap_fi=0 cap_fe=0 cap_fver=0 cap_frootid=0OUID="root" OGID="root"
type=PATH msg=audit(1769263781.514:7159): item=1 name="/lib64/ld-linux-x86-64.so.2" inode=1575340 dev=08:02 mode=0100755 ouid=0 ogid=0 rdev=00:00 nametype=NORMAL cap_fp=0 cap_fi=0 cap_fe=0 cap_fver=0 cap_frootid=0OUID="root" OGID="root"
type=PROCTITLE msg=audit(1769263781.514:7159): proctitle=736C6565700035
type=SYSCALL msg=audit(1769263786.519:7160): arch=c000003e syscall=59 success=yes exit=0 a0=653e76a20250 a1=653e76a1f1a0 a2=653e76a17520 a3=653e76a1f640 items=2 ppid=11465 pid=11667 auid=1000 uid=0 gid=0 euid=0 suid=0 fsuid=0 egid=0 sgid=0 fsgid=0 tty=pts1 ses=3 comm="rm" exe="/usr/bin/rm" subj=unconfined key="process_exec"ARCH=x86_64 SYSCALL=execve AUID="heroic" UID="root" GID="root" EUID="root" SUID="root" FSUID="root" EGID="root" SGID="root" FSGID="root"
type=EXECVE msg=audit(1769263786.519:7160): argc=14 a0="rm" a1="-f" a2="file_10.txt" a3="file_1.txt" a4="file_2.txt" a5="file_3.txt" a6="file_4.txt" a7="file_5.txt" a8="file_6.txt" a9="file_7.txt" a10="file_8.txt" a11="file_9.txt" a12="webpage.html" a13="dir_list.log"
type=CWD msg=audit(1769263786.519:7160): cwd="/root/hids_benign"
type=PATH msg=audit(1769263786.519:7160): item=0 name="/usr/bin/rm" inode=1578127 dev=08:02 mode=0100755 ouid=0 ogid=0 rdev=00:00 nametype=NORMAL cap_fp=0 cap_fi=0 cap_fe=0 cap_fver=0 cap_frootid=0OUID="root" OGID="root"
type=PATH msg=audit(1769263786.519:7160): item=1 name="/lib64/ld-linux-x86-64.so.2" inode=1575340 dev=08:02 mode=0100755 ouid=0 ogid=0 rdev=00:00 nametype=NORMAL cap_fp=0 cap_fi=0 cap_fe=0 cap_fver=0 cap_frootid=0OUID="root" OGID="root"
type=PROCTITLE msg=audit(1769263786.519:7160): proctitle=726D002D660066696C655F31302E7478740066696C655F312E7478740066696C655F322E7478740066696C655F332E7478740066696C655F342E7478740066696C655F352E7478740066696C655F362E7478740066696C655F372E7478740066696C655F382E7478740066696C655F392E74787400776562706167652E68746D
type=SYSCALL msg=audit(1769263786.526:7161): arch=c000003e syscall=59 success=yes exit=0 a0=653e76a1c670 a1=653e76a20030 a2=653e76a17520 a3=653e76a20030 items=2 ppid=11465 pid=11668 auid=1000 uid=0 gid=0 euid=0 suid=0 fsuid=0 egid=0 sgid=0 fsgid=0 tty=pts1 ses=3 comm="rmdir" exe="/usr/bin/rmdir" subj=unconfined key="process_exec"ARCH=x86_64 SYSCALL=execve AUID="heroic" UID="root" GID="root" EUID="root" SUID="root" FSUID="root" EGID="root" SGID="root" FSGID="root"
type=EXECVE msg=audit(1769263786.526:7161): argc=2 a0="rmdir" a1="/root/hids_benign"
type=CWD msg=audit(1769263786.526:7161): cwd="/root/hids_benign"
type=PATH msg=audit(1769263786.526:7161): item=0 name="/usr/bin/rmdir" inode=1578128 dev=08:02 mode=0100755 ouid=0 ogid=0 rdev=00:00 nametype=NORMAL cap_fp=0 cap_fi=0 cap_fe=0 cap_fver=0 cap_frootid=0OUID="root" OGID="root"
type=PATH msg=audit(1769263786.526:7161): item=1 name="/lib64/ld-linux-x86-64.so.2" inode=1575340 dev=08:02 mode=0100755 ouid=0 ogid=0 rdev=00:00 nametype=NORMAL cap_fp=0 cap_fi=0 cap_fe=0 cap_fver=0 cap_frootid=0OUID="root" OGID="root"
type=PROCTITLE msg=audit(1769263786.526:7161): proctitle=726D646972002F726F6F742F686964735F62656E69676E
type=SYSCALL msg=audit(1769263786.540:7162): arch=c000003e syscall=59 success=yes exit=0 a0=653e76a1f5e0 a1=653e76a208c0 a2=653e76a17520 a3=653e76a208c0 items=2 ppid=11465 pid=11669 auid=1000 uid=0 gid=0 euid=0 suid=0 fsuid=0 egid=0 sgid=0 fsgid=0 tty=pts1 ses=3 comm="sleep" exe="/usr/bin/sleep" subj=unconfined key="process_exec"ARCH=x86_64 SYSCALL=execve AUID="heroic" UID="root" GID="root" EUID="root" SUID="root" FSUID="root" EGID="root" SGID="root" FSGID="root"
type=EXECVE msg=audit(1769263786.540:7162): argc=2 a0="sleep" a1="60"
type=CWD msg=audit(1769263786.540:7162): cwd=2F726F6F742F686964735F62656E69676E202864656C6574656429
type=PATH msg=audit(1769263786.540:7162): item=0 name="/usr/bin/sleep" inode=1578138 dev=08:02 mode=0100755 ouid=0 ogid=0 rdev=00:00 nametype=NORMAL cap_fp=0 cap_fi=0 cap_fe=0 cap_fver=0 cap_frootid=0OUID="root" OGID="root"
type=PATH msg=audit(1769263786.540:7162): item=1 name="/lib64/ld-linux-x86-64.so.2" inode=1575340 dev=08:02 mode=0100755 ouid=0 ogid=0 rdev=00:00 nametype=NORMAL cap_fp=0 cap_fi=0 cap_fe=0 cap_fver=0 cap_frootid=0OUID="root" OGID="root"
type=PROCTITLE msg=audit(1769263786.540:7162): proctitle=736C656570003630
type=SYSCALL msg=audit(1769263801.347:7163): arch=c000003e syscall=59 success=yes exit=0 a0=7ffc259fe5a0 a1=7ffc259fe5c0 a2=7ffc259ff0b0 a3=8 items=2 ppid=1 pid=11670 auid=4294967295 uid=0 gid=0 euid=0 suid=0 fsuid=0 egid=0 sgid=0 fsgid=0 tty=(none) ses=4294967295 comm="9" exe="/usr/lib/systemd/systemd-executor" subj=unconfined key="process_exec"ARCH=x86_64 SYSCALL=execve AUID="unset" UID="root" GID="root" EUID="root" SUID="root" FSUID="root" EGID="root" SGID="root" FSGID="root"
type=EXECVE msg=audit(1769263801.347:7163): argc=7 a0="/usr/lib/systemd/systemd-executor" a1="--deserialize" a2="71" a3="--log-level" a4="info" a5="--log-target" a6="journal-or-kmsg"
type=CWD msg=audit(1769263801.347:7163): cwd="/"
type=PATH msg=audit(1769263801.347:7163): item=0 name="/proc/self/fd/9" inode=1596504 dev=08:02 mode=0100755 ouid=0 ogid=0 rdev=00:00 nametype=NORMAL cap_fp=0 cap_fi=0 cap_fe=0 cap_fver=0 cap_frootid=0OUID="root" OGID="root"
type=PATH msg=audit(1769263801.347:7163): item=1 name="/lib64/ld-linux-x86-64.so.2" inode=1575340 dev=08:02 mode=0100755 ouid=0 ogid=0 rdev=00:00 nametype=NORMAL cap_fp=0 cap_fi=0 cap_fe=0 cap_fver=0 cap_frootid=0OUID="root" OGID="root"
type=PROCTITLE msg=audit(1769263801.347:7163): proctitle=2F7573722F6C69622F73797374656D642F73797374656D642D6578656375746F72002D2D646573657269616C697A65003731002D2D6C6F672D6C6576656C00696E666F002D2D6C6F672D746172676574006A6F75726E616C2D6F722D6B6D7367
type=SYSCALL msg=audit(1769263801.391:7164): arch=c000003e syscall=59 success=yes exit=0 a0=5a04544b40c0 a1=5a04544b41c0 a2=5a04544b34b0 a3=5a04544b4990 items=3 ppid=1 pid=11670 auid=4294967295 uid=0 gid=0 euid=0 suid=0 fsuid=0 egid=0 sgid=0 fsgid=0 tty=(none) ses=4294967295 comm="sa1" exe="/usr/bin/dash" subj=unconfined key="process_exec"ARCH=x86_64 SYSCALL=execve AUID="unset" UID="root" GID="root" EUID="root" SUID="root" FSUID="root" EGID="root" SGID="root" FSGID="root"
type=EXECVE msg=audit(1769263801.391:7164): argc=4 a0="/bin/sh" a1="/usr/lib/sysstat/sa1" a2="1" a3="1"
type=CWD msg=audit(1769263801.391:7164): cwd="/"
type=PATH msg=audit(1769263801.391:7164): item=0 name="/usr/lib/sysstat/sa1" inode=1582334 dev=08:02 mode=0100755 ouid=0 ogid=0 rdev=00:00 nametype=NORMAL cap_fp=0 cap_fi=0 cap_fe=0 cap_fver=0 cap_frootid=0OUID="root" OGID="root"
type=PATH msg=audit(1769263801.391:7164): item=1 name="/bin/sh" inode=1573518 dev=08:02 mode=0100755 ouid=0 ogid=0 rdev=00:00 nametype=NORMAL cap_fp=0 cap_fi=0 cap_fe=0 cap_fver=0 cap_frootid=0OUID="root" OGID="root"
type=PATH msg=audit(1769263801.391:7164): item=2 name="/lib64/ld-linux-x86-64.so.2" inode=1575340 dev=08:02 mode=0100755 ouid=0 ogid=0 rdev=00:00 nametype=NORMAL cap_fp=0 cap_fi=0 cap_fe=0 cap_fver=0 cap_frootid=0OUID="root" OGID="root"
type=PROCTITLE msg=audit(1769263801.391:7164): proctitle=2F7573722F6C69622F73797374656D642F73797374656D642D6578656375746F72002D2D646573657269616C697A65003731002D2D6C6F672D6C6576656C00696E666F002D2D6C6F672D746172676574006A6F75726E616C2D6F722D6B6D7367
type=SYSCALL msg=audit(1769263801.400:7165): arch=c000003e syscall=59 success=yes exit=0 a0=57b932069148 a1=57b932069228 a2=57b932069270 a3=0 items=2 ppid=1 pid=11670 auid=4294967295 uid=0 gid=0 euid=0 suid=0 fsuid=0 egid=0 sgid=0 fsgid=0 tty=(none) ses=4294967295 comm="sadc" exe="/usr/lib/sysstat/sadc" subj=unconfined key="process_exec"ARCH=x86_64 SYSCALL=execve AUID="unset" UID="root" GID="root" EUID="root" SUID="root" FSUID="root" EGID="root" SGID="root" FSGID="root"
type=EXECVE msg=audit(1769263801.400:7165): argc=8 a0="/usr/lib/sysstat/sadc" a1="-F" a2="-L" a3="-S" a4="DISK" a5="1" a6="1" a7="/var/log/sysstat"
type=CWD msg=audit(1769263801.400:7165): cwd="/usr/lib/sysstat"
type=PATH msg=audit(1769263801.400:7165): item=0 name="/usr/lib/sysstat/sadc" inode=1582336 dev=08:02 mode=0100755 ouid=0 ogid=0 rdev=00:00 nametype=NORMAL cap_fp=0 cap_fi=0 cap_fe=0 cap_fver=0 cap_frootid=0OUID="root" OGID="root"
type=PATH msg=audit(1769263801.400:7165): item=1 name="/lib64/ld-linux-x86-64.so.2" inode=1575340 dev=08:02 mode=0100755 ouid=0 ogid=0 rdev=00:00 nametype=NORMAL cap_fp=0 cap_fi=0 cap_fe=0 cap_fver=0 cap_frootid=0OUID="root" OGID="root"
type=PROCTITLE msg=audit(1769263801.400:7165): proctitle=2F7573722F6C69622F73797374656D642F73797374656D642D6578656375746F72002D2D646573657269616C697A65003731002D2D6C6F672D6C6576656C00696E666F002D2D6C6F672D746172676574006A6F75726E616C2D6F722D6B6D7367
type=SERVICE_START msg=audit(1769263801.421:7166): pid=1 uid=0 auid=4294967295 ses=4294967295 subj=unconfined msg='unit=sysstat-collect comm="systemd" exe="/usr/lib/systemd/systemd" hostname=? addr=? terminal=? res=success'UID="root" AUID="unset"
type=SERVICE_STOP msg=audit(1769263801.421:7167): pid=1 uid=0 auid=4294967295 ses=4294967295 subj=unconfined msg='unit=sysstat-collect comm="systemd" exe="/usr/lib/systemd/systemd" hostname=? addr=? terminal=? res=success'UID="root" AUID="unset"
type=SYSCALL msg=audit(1769263832.609:7168): arch=c000003e syscall=59 success=yes exit=0 a0=74c22bfcb42f a1=74c22adecca0 a2=7fff226f4908 a3=8 items=2 ppid=4679 pid=11678 auid=4294967295 uid=0 gid=124 euid=0 suid=0 fsuid=0 egid=124 sgid=124 fsgid=124 tty=(none) ses=4294967295 comm="sh" exe="/usr/bin/dash" subj=unconfined key="process_exec"ARCH=x86_64 SYSCALL=execve AUID="unset" UID="root" GID="wazuh" EUID="root" SUID="root" FSUID="root" EGID="wazuh" SGID="wazuh" FSGID="wazuh"
type=EXECVE msg=audit(1769263832.609:7168): argc=4 a0="sh" a1="-c" a2="--" a3=6466202D50
type=CWD msg=audit(1769263832.609:7168): cwd="/var/ossec"
type=PATH msg=audit(1769263832.609:7168): item=0 name="/bin/sh" inode=1573518 dev=08:02 mode=0100755 ouid=0 ogid=0 rdev=00:00 nametype=NORMAL cap_fp=0 cap_fi=0 cap_fe=0 cap_fver=0 cap_frootid=0OUID="root" OGID="root"
type=PATH msg=audit(1769263832.609:7168): item=1 name="/lib64/ld-linux-x86-64.so.2" inode=1575340 dev=08:02 mode=0100755 ouid=0 ogid=0 rdev=00:00 nametype=NORMAL cap_fp=0 cap_fi=0 cap_fe=0 cap_fver=0 cap_frootid=0OUID="root" OGID="root"
type=PROCTITLE msg=audit(1769263832.609:7168): proctitle=7368002D63002D2D006466202D50
type=SYSCALL msg=audit(1769263832.612:7169): arch=c000003e syscall=59 success=yes exit=0 a0=5ebe2cfd65c8 a1=5ebe2cfd6558 a2=5ebe2cfd6570 a3=8 items=2 ppid=11678 pid=11679 auid=4294967295 uid=0 gid=124 euid=0 suid=0 fsuid=0 egid=124 sgid=124 fsgid=124 tty=(none) ses=4294967295 comm="df" exe="/usr/bin/df" subj=unconfined key="process_exec"ARCH=x86_64 SYSCALL=execve AUID="unset" UID="root" GID="wazuh" EUID="root" SUID="root" FSUID="root" EGID="wazuh" SGID="wazuh" FSGID="wazuh"
type=EXECVE msg=audit(1769263832.612:7169): argc=2 a0="df" a1="-P"
type=CWD msg=audit(1769263832.612:7169): cwd="/var/ossec"
type=PATH msg=audit(1769263832.612:7169): item=0 name="/usr/bin/df" inode=1578065 dev=08:02 mode=0100755 ouid=0 ogid=0 rdev=00:00 nametype=NORMAL cap_fp=0 cap_fi=0 cap_fe=0 cap_fver=0 cap_frootid=0OUID="root" OGID="root"
type=PATH msg=audit(1769263832.612:7169): item=1 name="/lib64/ld-linux-x86-64.so.2" inode=1575340 dev=08:02 mode=0100755 ouid=0 ogid=0 rdev=00:00 nametype=NORMAL cap_fp=0 cap_fi=0 cap_fe=0 cap_fver=0 cap_frootid=0OUID="root" OGID="root"
type=PROCTITLE msg=audit(1769263832.612:7169): proctitle=6466002D50
type=SYSCALL msg=audit(1769263832.616:7170): arch=c000003e syscall=59 success=yes exit=0 a0=74c22bfcb42f a1=74c22addcca0 a2=7fff226f4908 a3=8 items=2 ppid=4679 pid=11680 auid=4294967295 uid=0 gid=124 euid=0 suid=0 fsuid=0 egid=124 sgid=124 fsgid=124 tty=(none) ses=4294967295 comm="sh" exe="/usr/bin/dash" subj=unconfined key="process_exec"ARCH=x86_64 SYSCALL=execve AUID="unset" UID="root" GID="wazuh" EUID="root" SUID="root" FSUID="root" EGID="wazuh" SGID="wazuh" FSGID="wazuh"
type=EXECVE msg=audit(1769263832.616:7170): argc=4 a0="sh" a1="-c" a2="--" a3=6E657473746174202D74756C706E207C207365642027732F5C285B5B3A616C6E756D3A5D5D5C2B5C295C205C2B5B5B3A64696769743A5D5D5C2B5C205C2B5B5B3A64696769743A5D5D5C2B5C205C2B5C282E2A5C293A5C285B5B3A64696769743A5D5D2A5C295C205C2B5C285B302D395C2E5C3A5C2A5D5C2B5C292E5C2B5C205C285B5B3A64696769743A5D5D2A5C2F5B5B3A616C6E756D3A5D5C2D5D2A5C292E2A2F5C31205C32203D3D205C33203D3D205C34205C352F27207C20736F7274202D6B2034202D67207C207365642027732F203D3D205C282E2A5C29203D3D2F3A5C312F27207C2073656420312C3264
type=CWD msg=audit(1769263832.616:7170): cwd="/var/ossec"
type=PATH msg=audit(1769263832.616:7170): item=0 name="/bin/sh" inode=1573518 dev=08:02 mode=0100755 ouid=0 ogid=0 rdev=00:00 nametype=NORMAL cap_fp=0 cap_fi=0 cap_fe=0 cap_fver=0 cap_frootid=0OUID="root" OGID="root"
type=PATH msg=audit(1769263832.616:7170): item=1 name="/lib64/ld-linux-x86-64.so.2" inode=1575340 dev=08:02 mode=0100755 ouid=0 ogid=0 rdev=00:00 nametype=NORMAL cap_fp=0 cap_fi=0 cap_fe=0 cap_fver=0 cap_frootid=0OUID="root" OGID="root"
type=PROCTITLE msg=audit(1769263832.616:7170): proctitle=7368002D63002D2D006E657473746174202D74756C706E207C207365642027732F5C285B5B3A616C6E756D3A5D5D5C2B5C295C205C2B5B5B3A64696769743A5D5D5C2B5C205C2B5B5B3A64696769743A5D5D5C2B5C205C2B5C282E2A5C293A5C285B5B3A64696769743A5D5D2A5C295C205C2B5C285B302D395C2E5C3A5C2A5D
type=SYSCALL msg=audit(1769263832.619:7171): arch=c000003e syscall=59 success=yes exit=0 a0=582bf02f8ad8 a1=582bf02f88e0 a2=582bf02f88f8 a3=1 items=2 ppid=11680 pid=11681 auid=4294967295 uid=0 gid=124 euid=0 suid=0 fsuid=0 egid=124 sgid=124 fsgid=124 tty=(none) ses=4294967295 comm="netstat" exe="/usr/bin/netstat" subj=unconfined key="process_exec"ARCH=x86_64 SYSCALL=execve AUID="unset" UID="root" GID="wazuh" EUID="root" SUID="root" FSUID="root" EGID="wazuh" SGID="wazuh" FSGID="wazuh"
type=EXECVE msg=audit(1769263832.619:7171): argc=2 a0="netstat" a1="-tulpn"
type=CWD msg=audit(1769263832.619:7171): cwd="/var/ossec"
type=PATH msg=audit(1769263832.619:7171): item=0 name="/usr/bin/netstat" inode=1576702 dev=08:02 mode=0100755 ouid=0 ogid=0 rdev=00:00 nametype=NORMAL cap_fp=0 cap_fi=0 cap_fe=0 cap_fver=0 cap_frootid=0OUID="root" OGID="root"
type=PATH msg=audit(1769263832.619:7171): item=1 name="/lib64/ld-linux-x86-64.so.2" inode=1575340 dev=08:02 mode=0100755 ouid=0 ogid=0 rdev=00:00 nametype=NORMAL cap_fp=0 cap_fi=0 cap_fe=0 cap_fver=0 cap_frootid=0OUID="root" OGID="root"
type=PROCTITLE msg=audit(1769263832.619:7171): proctitle=6E657473746174002D74756C706E
type=SYSCALL msg=audit(1769263832.620:7172): arch=c000003e syscall=59 success=yes exit=0 a0=582bf02f8b90 a1=582bf02f8910 a2=582bf02f8b38 a3=1 items=2 ppid=11680 pid=11683 auid=4294967295 uid=0 gid=124 euid=0 suid=0 fsuid=0 egid=124 sgid=124 fsgid=124 tty=(none) ses=4294967295 comm="sort" exe="/usr/bin/sort" subj=unconfined key="process_exec"ARCH=x86_64 SYSCALL=execve AUID="unset" UID="root" GID="wazuh" EUID="root" SUID="root" FSUID="root" EGID="wazuh" SGID="wazuh" FSGID="wazuh"
type=EXECVE msg=audit(1769263832.620:7172): argc=4 a0="sort" a1="-k" a2="4" a3="-g"
type=SYSCALL msg=audit(1769263832.620:7173): arch=c000003e syscall=59 success=yes exit=0 a0=582bf02f8c70 a1=582bf02f8c00 a2=582bf02f8c18 a3=1 items=2 ppid=11680 pid=11682 auid=4294967295 uid=0 gid=124 euid=0 suid=0 fsuid=0 egid=124 sgid=124 fsgid=124 tty=(none) ses=4294967295 comm="sed" exe="/usr/bin/sed" subj=unconfined key="process_exec"ARCH=x86_64 SYSCALL=execve AUID="unset" UID="root" GID="wazuh" EUID="root" SUID="root" FSUID="root" EGID="wazuh" SGID="wazuh" FSGID="wazuh"
type=EXECVE msg=audit(1769263832.620:7173): argc=2 a0="sed" a1=732F5C285B5B3A616C6E756D3A5D5D5C2B5C295C205C2B5B5B3A64696769743A5D5D5C2B5C205C2B5B5B3A64696769743A5D5D5C2B5C205C2B5C282E2A5C293A5C285B5B3A64696769743A5D5D2A5C295C205C2B5C285B302D395C2E5C3A5C2A5D5C2B5C292E5C2B5C205C285B5B3A64696769743A5D5D2A5C2F5B5B3A616C6E756D3A5D5C2D5D2A5C292E2A2F5C31205C32203D3D205C33203D3D205C34205C352F
type=CWD msg=audit(1769263832.620:7172): cwd="/var/ossec"
type=CWD msg=audit(1769263832.620:7173): cwd="/var/ossec"
type=PATH msg=audit(1769263832.620:7173): item=0 name="/usr/bin/sed" inode=1574197 dev=08:02 mode=0100755 ouid=0 ogid=0 rdev=00:00 nametype=NORMAL cap_fp=0 cap_fi=0 cap_fe=0 cap_fver=0 cap_frootid=0OUID="root" OGID="root"
type=PATH msg=audit(1769263832.620:7173): item=1 name="/lib64/ld-linux-x86-64.so.2" inode=1575340 dev=08:02 mode=0100755 ouid=0 ogid=0 rdev=00:00 nametype=NORMAL cap_fp=0 cap_fi=0 cap_fe=0 cap_fver=0 cap_frootid=0OUID="root" OGID="root"
type=PROCTITLE msg=audit(1769263832.620:7173): proctitle=73656400732F5C285B5B3A616C6E756D3A5D5D5C2B5C295C205C2B5B5B3A64696769743A5D5D5C2B5C205C2B5B5B3A64696769743A5D5D5C2B5C205C2B5C282E2A5C293A5C285B5B3A64696769743A5D5D2A5C295C205C2B5C285B302D395C2E5C3A5C2A5D5C2B5C292E5C2B5C205C285B5B3A64696769743A5D5D2A5C2F5B5B
type=SYSCALL msg=audit(1769263832.620:7174): arch=c000003e syscall=59 success=yes exit=0 a0=582bf02f8bc0 a1=582bf02f8900 a2=582bf02f8b68 a3=1 items=2 ppid=11680 pid=11684 auid=4294967295 uid=0 gid=124 euid=0 suid=0 fsuid=0 egid=124 sgid=124 fsgid=124 tty=(none) ses=4294967295 comm="sed" exe="/usr/bin/sed" subj=unconfined key="process_exec"ARCH=x86_64 SYSCALL=execve AUID="unset" UID="root" GID="wazuh" EUID="root" SUID="root" FSUID="root" EGID="wazuh" SGID="wazuh" FSGID="wazuh"
type=EXECVE msg=audit(1769263832.620:7174): argc=2 a0="sed" a1=732F203D3D205C282E2A5C29203D3D2F3A5C312F
type=CWD msg=audit(1769263832.620:7174): cwd="/var/ossec"
type=PATH msg=audit(1769263832.620:7174): item=0 name="/usr/bin/sed" inode=1574197 dev=08:02 mode=0100755 ouid=0 ogid=0 rdev=00:00 nametype=NORMAL cap_fp=0 cap_fi=0 cap_fe=0 cap_fver=0 cap_frootid=0OUID="root" OGID="root"
type=PATH msg=audit(1769263832.620:7174): item=1 name="/lib64/ld-linux-x86-64.so.2" inode=1575340 dev=08:02 mode=0100755 ouid=0 ogid=0 rdev=00:00 nametype=NORMAL cap_fp=0 cap_fi=0 cap_fe=0 cap_fver=0 cap_frootid=0OUID="root" OGID="root"
type=PROCTITLE msg=audit(1769263832.620:7174): proctitle=73656400732F203D3D205C282E2A5C29203D3D2F3A5C312F
type=PATH msg=audit(1769263832.620:7172): item=0 name="/usr/bin/sort" inode=1578139 dev=08:02 mode=0100755 ouid=0 ogid=0 rdev=00:00 nametype=NORMAL cap_fp=0 cap_fi=0 cap_fe=0 cap_fver=0 cap_frootid=0OUID="root" OGID="root"
type=PATH msg=audit(1769263832.620:7172): item=1 name="/lib64/ld-linux-x86-64.so.2" inode=1575340 dev=08:02 mode=0100755 ouid=0 ogid=0 rdev=00:00 nametype=NORMAL cap_fp=0 cap_fi=0 cap_fe=0 cap_fver=0 cap_frootid=0OUID="root" OGID="root"
type=PROCTITLE msg=audit(1769263832.620:7172): proctitle=736F7274002D6B0034002D67
type=SYSCALL msg=audit(1769263832.622:7175): arch=c000003e syscall=59 success=yes exit=0 a0=582bf02f8b38 a1=582bf02f88e0 a2=582bf02f88f8 a3=1 items=2 ppid=11680 pid=11685 auid=4294967295 uid=0 gid=124 euid=0 suid=0 fsuid=0 egid=124 sgid=124 fsgid=124 tty=(none) ses=4294967295 comm="sed" exe="/usr/bin/sed" subj=unconfined key="process_exec"ARCH=x86_64 SYSCALL=execve AUID="unset" UID="root" GID="wazuh" EUID="root" SUID="root" FSUID="root" EGID="wazuh" SGID="wazuh" FSGID="wazuh"
type=EXECVE msg=audit(1769263832.622:7175): argc=2 a0="sed" a1="1,2d"
type=CWD msg=audit(1769263832.622:7175): cwd="/var/ossec"
type=PATH msg=audit(1769263832.622:7175): item=0 name="/usr/bin/sed" inode=1574197 dev=08:02 mode=0100755 ouid=0 ogid=0 rdev=00:00 nametype=NORMAL cap_fp=0 cap_fi=0 cap_fe=0 cap_fver=0 cap_frootid=0OUID="root" OGID="root"
type=PATH msg=audit(1769263832.622:7175): item=1 name="/lib64/ld-linux-x86-64.so.2" inode=1575340 dev=08:02 mode=0100755 ouid=0 ogid=0 rdev=00:00 nametype=NORMAL cap_fp=0 cap_fi=0 cap_fe=0 cap_fver=0 cap_frootid=0OUID="root" OGID="root"
type=PROCTITLE msg=audit(1769263832.622:7175): proctitle=73656400312C3264
type=SYSCALL msg=audit(1769263832.670:7176): arch=c000003e syscall=59 success=yes exit=0 a0=74c22bfcb42f a1=74c22addcca0 a2=7fff226f4908 a3=8 items=2 ppid=4679 pid=11686 auid=4294967295 uid=0 gid=124 euid=0 suid=0 fsuid=0 egid=124 sgid=124 fsgid=124 tty=(none) ses=4294967295 comm="sh" exe="/usr/bin/dash" subj=unconfined key="process_exec"ARCH=x86_64 SYSCALL=execve AUID="unset" UID="root" GID="wazuh" EUID="root" SUID="root" FSUID="root" EGID="wazuh" SGID="wazuh" FSGID="wazuh"
type=EXECVE msg=audit(1769263832.670:7176): argc=4 a0="sh" a1="-c" a2="--" a3=6C617374202D6E203230
type=CWD msg=audit(1769263832.670:7176): cwd="/var/ossec"
type=PATH msg=audit(1769263832.670:7176): item=0 name="/bin/sh" inode=1573518 dev=08:02 mode=0100755 ouid=0 ogid=0 rdev=00:00 nametype=NORMAL cap_fp=0 cap_fi=0 cap_fe=0 cap_fver=0 cap_frootid=0OUID="root" OGID="root"
type=PATH msg=audit(1769263832.670:7176): item=1 name="/lib64/ld-linux-x86-64.so.2" inode=1575340 dev=08:02 mode=0100755 ouid=0 ogid=0 rdev=00:00 nametype=NORMAL cap_fp=0 cap_fi=0 cap_fe=0 cap_fver=0 cap_frootid=0OUID="root" OGID="root"
type=PROCTITLE msg=audit(1769263832.670:7176): proctitle=7368002D63002D2D006C617374202D6E203230
type=SYSCALL msg=audit(1769263832.673:7177): arch=c000003e syscall=59 success=yes exit=0 a0=55ef1c073618 a1=55ef1c0735a0 a2=55ef1c0735c0 a3=8 items=2 ppid=11686 pid=11687 auid=4294967295 uid=0 gid=124 euid=0 suid=0 fsuid=0 egid=124 sgid=124 fsgid=124 tty=(none) ses=4294967295 comm="last" exe="/usr/bin/last" subj=unconfined key="process_exec"ARCH=x86_64 SYSCALL=execve AUID="unset" UID="root" GID="wazuh" EUID="root" SUID="root" FSUID="root" EGID="wazuh" SGID="wazuh" FSGID="wazuh"
type=EXECVE msg=audit(1769263832.673:7177): argc=3 a0="last" a1="-n" a2="20"
type=CWD msg=audit(1769263832.673:7177): cwd="/var/ossec"
type=PATH msg=audit(1769263832.673:7177): item=0 name="/usr/bin/last" inode=1578261 dev=08:02 mode=0100755 ouid=0 ogid=0 rdev=00:00 nametype=NORMAL cap_fp=0 cap_fi=0 cap_fe=0 cap_fver=0 cap_frootid=0OUID="root" OGID="root"
type=PATH msg=audit(1769263832.673:7177): item=1 name="/lib64/ld-linux-x86-64.so.2" inode=1575340 dev=08:02 mode=0100755 ouid=0 ogid=0 rdev=00:00 nametype=NORMAL cap_fp=0 cap_fi=0 cap_fe=0 cap_fver=0 cap_frootid=0OUID="root" OGID="root"
type=PROCTITLE msg=audit(1769263832.673:7177): proctitle=6C617374002D6E003230
type=SYSCALL msg=audit(1769263846.548:7178): arch=c000003e syscall=59 success=yes exit=0 a0=653e76a1f600 a1=653e76a1cf60 a2=653e76a17520 a3=653e76a1d860 items=2 ppid=11465 pid=11689 auid=1000 uid=0 gid=0 euid=0 suid=0 fsuid=0 egid=0 sgid=0 fsgid=0 tty=pts1 ses=3 comm="mkdir" exe="/usr/bin/mkdir" subj=unconfined key="process_exec"ARCH=x86_64 SYSCALL=execve AUID="heroic" UID="root" GID="root" EUID="root" SUID="root" FSUID="root" EGID="root" SGID="root" FSGID="root"
type=EXECVE msg=audit(1769263846.548:7178): argc=3 a0="mkdir" a1="-p" a2="/root/hids_benign"
type=CWD msg=audit(1769263846.548:7178): cwd=2F726F6F742F686964735F62656E69676E202864656C6574656429
type=PATH msg=audit(1769263846.548:7178): item=0 name="/usr/bin/mkdir" inode=1578106 dev=08:02 mode=0100755 ouid=0 ogid=0 rdev=00:00 nametype=NORMAL cap_fp=0 cap_fi=0 cap_fe=0 cap_fver=0 cap_frootid=0OUID="root" OGID="root"
type=PATH msg=audit(1769263846.548:7178): item=1 name="/lib64/ld-linux-x86-64.so.2" inode=1575340 dev=08:02 mode=0100755 ouid=0 ogid=0 rdev=00:00 nametype=NORMAL cap_fp=0 cap_fi=0 cap_fe=0 cap_fver=0 cap_frootid=0OUID="root" OGID="root"
type=PROCTITLE msg=audit(1769263846.548:7178): proctitle=6D6B646972002D70002F726F6F742F686964735F62656E69676E
type=SYSCALL msg=audit(1769263846.560:7179): arch=c000003e syscall=59 success=yes exit=0 a0=653e76a1f320 a1=653e76a1f240 a2=653e76a17520 a3=653e76a1f240 items=2 ppid=11465 pid=11690 auid=1000 uid=0 gid=0 euid=0 suid=0 fsuid=0 egid=0 sgid=0 fsgid=0 tty=pts1 ses=3 comm="cat" exe="/usr/bin/cat" subj=unconfined key="process_exec"ARCH=x86_64 SYSCALL=execve AUID="heroic" UID="root" GID="root" EUID="root" SUID="root" FSUID="root" EGID="root" SGID="root" FSGID="root"
type=EXECVE msg=audit(1769263846.560:7179): argc=2 a0="cat" a1="file_1.txt"
type=CWD msg=audit(1769263846.560:7179): cwd="/root/hids_benign"
type=PATH msg=audit(1769263846.560:7179): item=0 name="/usr/bin/cat" inode=1578016 dev=08:02 mode=0100755 ouid=0 ogid=0 rdev=00:00 nametype=NORMAL cap_fp=0 cap_fi=0 cap_fe=0 cap_fver=0 cap_frootid=0OUID="root" OGID="root"
type=PATH msg=audit(1769263846.560:7179): item=1 name="/lib64/ld-linux-x86-64.so.2" inode=1575340 dev=08:02 mode=0100755 ouid=0 ogid=0 rdev=00:00 nametype=NORMAL cap_fp=0 cap_fi=0 cap_fe=0 cap_fver=0 cap_frootid=0OUID="root" OGID="root"
type=PROCTITLE msg=audit(1769263846.560:7179): proctitle=6361740066696C655F312E747874
type=SYSCALL msg=audit(1769263846.567:7180): arch=c000003e syscall=59 success=yes exit=0 a0=653e76a1f240 a1=653e76a1c6b0 a2=653e76a17520 a3=653e76a1c6b0 items=2 ppid=11465 pid=11691 auid=1000 uid=0 gid=0 euid=0 suid=0 fsuid=0 egid=0 sgid=0 fsgid=0 tty=pts1 ses=3 comm="cat" exe="/usr/bin/cat" subj=unconfined key="process_exec"ARCH=x86_64 SYSCALL=execve AUID="heroic" UID="root" GID="root" EUID="root" SUID="root" FSUID="root" EGID="root" SGID="root" FSGID="root"
type=EXECVE msg=audit(1769263846.567:7180): argc=2 a0="cat" a1="file_2.txt"
type=CWD msg=audit(1769263846.567:7180): cwd="/root/hids_benign"
type=PATH msg=audit(1769263846.567:7180): item=0 name="/usr/bin/cat" inode=1578016 dev=08:02 mode=0100755 ouid=0 ogid=0 rdev=00:00 nametype=NORMAL cap_fp=0 cap_fi=0 cap_fe=0 cap_fver=0 cap_frootid=0OUID="root" OGID="root"
type=PATH msg=audit(1769263846.567:7180): item=1 name="/lib64/ld-linux-x86-64.so.2" inode=1575340 dev=08:02 mode=0100755 ouid=0 ogid=0 rdev=00:00 nametype=NORMAL cap_fp=0 cap_fi=0 cap_fe=0 cap_fver=0 cap_frootid=0OUID="root" OGID="root"
type=PROCTITLE msg=audit(1769263846.567:7180): proctitle=6361740066696C655F322E747874
type=SYSCALL msg=audit(1769263846.574:7181): arch=c000003e syscall=59 success=yes exit=0 a0=653e76a1c6b0 a1=653e76a1f320 a2=653e76a17520 a3=653e76a1f320 items=2 ppid=11465 pid=11692 auid=1000 uid=0 gid=0 euid=0 suid=0 fsuid=0 egid=0 sgid=0 fsgid=0 tty=pts1 ses=3 comm="cat" exe="/usr/bin/cat" subj=unconfined key="process_exec"ARCH=x86_64 SYSCALL=execve AUID="heroic" UID="root" GID="root" EUID="root" SUID="root" FSUID="root" EGID="root" SGID="root" FSGID="root"
type=EXECVE msg=audit(1769263846.574:7181): argc=2 a0="cat" a1="file_3.txt"
type=CWD msg=audit(1769263846.574:7181): cwd="/root/hids_benign"
type=PATH msg=audit(1769263846.574:7181): item=0 name="/usr/bin/cat" inode=1578016 dev=08:02 mode=0100755 ouid=0 ogid=0 rdev=00:00 nametype=NORMAL cap_fp=0 cap_fi=0 cap_fe=0 cap_fver=0 cap_frootid=0OUID="root" OGID="root"
type=PATH msg=audit(1769263846.574:7181): item=1 name="/lib64/ld-linux-x86-64.so.2" inode=1575340 dev=08:02 mode=0100755 ouid=0 ogid=0 rdev=00:00 nametype=NORMAL cap_fp=0 cap_fi=0 cap_fe=0 cap_fver=0 cap_frootid=0OUID="root" OGID="root"
type=PROCTITLE msg=audit(1769263846.574:7181): proctitle=6361740066696C655F332E747874
type=SYSCALL msg=audit(1769263846.580:7182): arch=c000003e syscall=59 success=yes exit=0 a0=653e76a1f320 a1=653e76a1f240 a2=653e76a17520 a3=653e76a1f240 items=2 ppid=11465 pid=11693 auid=1000 uid=0 gid=0 euid=0 suid=0 fsuid=0 egid=0 sgid=0 fsgid=0 tty=pts1 ses=3 comm="cat" exe="/usr/bin/cat" subj=unconfined key="process_exec"ARCH=x86_64 SYSCALL=execve AUID="heroic" UID="root" GID="root" EUID="root" SUID="root" FSUID="root" EGID="root" SGID="root" FSGID="root"
type=EXECVE msg=audit(1769263846.580:7182): argc=2 a0="cat" a1="file_4.txt"
type=CWD msg=audit(1769263846.580:7182): cwd="/root/hids_benign"
type=PATH msg=audit(1769263846.580:7182): item=0 name="/usr/bin/cat" inode=1578016 dev=08:02 mode=0100755 ouid=0 ogid=0 rdev=00:00 nametype=NORMAL cap_fp=0 cap_fi=0 cap_fe=0 cap_fver=0 cap_frootid=0OUID="root" OGID="root"
type=PATH msg=audit(1769263846.580:7182): item=1 name="/lib64/ld-linux-x86-64.so.2" inode=1575340 dev=08:02 mode=0100755 ouid=0 ogid=0 rdev=00:00 nametype=NORMAL cap_fp=0 cap_fi=0 cap_fe=0 cap_fver=0 cap_frootid=0OUID="root" OGID="root"
type=PROCTITLE msg=audit(1769263846.580:7182): proctitle=6361740066696C655F342E747874
type=SYSCALL msg=audit(1769263846.591:7183): arch=c000003e syscall=59 success=yes exit=0 a0=653e76a1f240 a1=653e76a1c6b0 a2=653e76a17520 a3=653e76a1c6b0 items=2 ppid=11465 pid=11694 auid=1000 uid=0 gid=0 euid=0 suid=0 fsuid=0 egid=0 sgid=0 fsgid=0 tty=pts1 ses=3 comm="cat" exe="/usr/bin/cat" subj=unconfined key="process_exec"ARCH=x86_64 SYSCALL=execve AUID="heroic" UID="root" GID="root" EUID="root" SUID="root" FSUID="root" EGID="root" SGID="root" FSGID="root"
type=EXECVE msg=audit(1769263846.591:7183): argc=2 a0="cat" a1="file_5.txt"
type=CWD msg=audit(1769263846.591:7183): cwd="/root/hids_benign"
type=PATH msg=audit(1769263846.591:7183): item=0 name="/usr/bin/cat" inode=1578016 dev=08:02 mode=0100755 ouid=0 ogid=0 rdev=00:00 nametype=NORMAL cap_fp=0 cap_fi=0 cap_fe=0 cap_fver=0 cap_frootid=0OUID="root" OGID="root"
type=PATH msg=audit(1769263846.591:7183): item=1 name="/lib64/ld-linux-x86-64.so.2" inode=1575340 dev=08:02 mode=0100755 ouid=0 ogid=0 rdev=00:00 nametype=NORMAL cap_fp=0 cap_fi=0 cap_fe=0 cap_fver=0 cap_frootid=0OUID="root" OGID="root"
type=PROCTITLE msg=audit(1769263846.591:7183): proctitle=6361740066696C655F352E747874
type=SYSCALL msg=audit(1769263846.661:7184): arch=c000003e syscall=59 success=yes exit=0 a0=653e76a1c6b0 a1=653e76a1f320 a2=653e76a17520 a3=653e76a1f320 items=2 ppid=11465 pid=11695 auid=1000 uid=0 gid=0 euid=0 suid=0 fsuid=0 egid=0 sgid=0 fsgid=0 tty=pts1 ses=3 comm="cat" exe="/usr/bin/cat" subj=unconfined key="process_exec"ARCH=x86_64 SYSCALL=execve AUID="heroic" UID="root" GID="root" EUID="root" SUID="root" FSUID="root" EGID="root" SGID="root" FSGID="root"
type=EXECVE msg=audit(1769263846.661:7184): argc=2 a0="cat" a1="file_6.txt"
type=CWD msg=audit(1769263846.661:7184): cwd="/root/hids_benign"
type=PATH msg=audit(1769263846.661:7184): item=0 name="/usr/bin/cat" inode=1578016 dev=08:02 mode=0100755 ouid=0 ogid=0 rdev=00:00 nametype=NORMAL cap_fp=0 cap_fi=0 cap_fe=0 cap_fver=0 cap_frootid=0OUID="root" OGID="root"
type=PATH msg=audit(1769263846.661:7184): item=1 name="/lib64/ld-linux-x86-64.so.2" inode=1575340 dev=08:02 mode=0100755 ouid=0 ogid=0 rdev=00:00 nametype=NORMAL cap_fp=0 cap_fi=0 cap_fe=0 cap_fver=0 cap_frootid=0OUID="root" OGID="root"
type=PROCTITLE msg=audit(1769263846.661:7184): proctitle=6361740066696C655F362E747874
type=SYSCALL msg=audit(1769263846.729:7185): arch=c000003e syscall=59 success=yes exit=0 a0=653e76a1f320 a1=653e76a1f240 a2=653e76a17520 a3=653e76a1f240 items=2 ppid=11465 pid=11697 auid=1000 uid=0 gid=0 euid=0 suid=0 fsuid=0 egid=0 sgid=0 fsgid=0 tty=pts1 ses=3 comm="cat" exe="/usr/bin/cat" subj=unconfined key="process_exec"ARCH=x86_64 SYSCALL=execve AUID="heroic" UID="root" GID="root" EUID="root" SUID="root" FSUID="root" EGID="root" SGID="root" FSGID="root"
type=EXECVE msg=audit(1769263846.729:7185): argc=2 a0="cat" a1="file_7.txt"
type=CWD msg=audit(1769263846.729:7185): cwd="/root/hids_benign"
type=PATH msg=audit(1769263846.729:7185): item=0 name="/usr/bin/cat" inode=1578016 dev=08:02 mode=0100755 ouid=0 ogid=0 rdev=00:00 nametype=NORMAL cap_fp=0 cap_fi=0 cap_fe=0 cap_fver=0 cap_frootid=0OUID="root" OGID="root"
type=PATH msg=audit(1769263846.729:7185): item=1 name="/lib64/ld-linux-x86-64.so.2" inode=1575340 dev=08:02 mode=0100755 ouid=0 ogid=0 rdev=00:00 nametype=NORMAL cap_fp=0 cap_fi=0 cap_fe=0 cap_fver=0 cap_frootid=0OUID="root" OGID="root"
type=PROCTITLE msg=audit(1769263846.729:7185): proctitle=6361740066696C655F372E747874
type=SYSCALL msg=audit(1769263846.733:7186): arch=c000003e syscall=59 success=yes exit=0 a0=653e76a1f240 a1=653e76a1c6b0 a2=653e76a17520 a3=653e76a1c6b0 items=2 ppid=11465 pid=11698 auid=1000 uid=0 gid=0 euid=0 suid=0 fsuid=0 egid=0 sgid=0 fsgid=0 tty=pts1 ses=3 comm="cat" exe="/usr/bin/cat" subj=unconfined key="process_exec"ARCH=x86_64 SYSCALL=execve AUID="heroic" UID="root" GID="root" EUID="root" SUID="root" FSUID="root" EGID="root" SGID="root" FSGID="root"
type=EXECVE msg=audit(1769263846.733:7186): argc=2 a0="cat" a1="file_8.txt"
type=CWD msg=audit(1769263846.733:7186): cwd="/root/hids_benign"
type=PATH msg=audit(1769263846.733:7186): item=0 name="/usr/bin/cat" inode=1578016 dev=08:02 mode=0100755 ouid=0 ogid=0 rdev=00:00 nametype=NORMAL cap_fp=0 cap_fi=0 cap_fe=0 cap_fver=0 cap_frootid=0OUID="root" OGID="root"
type=PATH msg=audit(1769263846.733:7186): item=1 name="/lib64/ld-linux-x86-64.so.2" inode=1575340 dev=08:02 mode=0100755 ouid=0 ogid=0 rdev=00:00 nametype=NORMAL cap_fp=0 cap_fi=0 cap_fe=0 cap_fver=0 cap_frootid=0OUID="root" OGID="root"
type=PROCTITLE msg=audit(1769263846.733:7186): proctitle=6361740066696C655F382E747874
type=SYSCALL msg=audit(1769263846.736:7187): arch=c000003e syscall=59 success=yes exit=0 a0=653e76a1c6b0 a1=653e76a1f320 a2=653e76a17520 a3=653e76a1f320 items=2 ppid=11465 pid=11699 auid=1000 uid=0 gid=0 euid=0 suid=0 fsuid=0 egid=0 sgid=0 fsgid=0 tty=pts1 ses=3 comm="cat" exe="/usr/bin/cat" subj=unconfined key="process_exec"ARCH=x86_64 SYSCALL=execve AUID="heroic" UID="root" GID="root" EUID="root" SUID="root" FSUID="root" EGID="root" SGID="root" FSGID="root"
type=EXECVE msg=audit(1769263846.736:7187): argc=2 a0="cat" a1="file_9.txt"
type=CWD msg=audit(1769263846.736:7187): cwd="/root/hids_benign"
type=PATH msg=audit(1769263846.736:7187): item=0 name="/usr/bin/cat" inode=1578016 dev=08:02 mode=0100755 ouid=0 ogid=0 rdev=00:00 nametype=NORMAL cap_fp=0 cap_fi=0 cap_fe=0 cap_fver=0 cap_frootid=0OUID="root" OGID="root"
type=PATH msg=audit(1769263846.736:7187): item=1 name="/lib64/ld-linux-x86-64.so.2" inode=1575340 dev=08:02 mode=0100755 ouid=0 ogid=0 rdev=00:00 nametype=NORMAL cap_fp=0 cap_fi=0 cap_fe=0 cap_fver=0 cap_frootid=0OUID="root" OGID="root"
type=PROCTITLE msg=audit(1769263846.736:7187): proctitle=6361740066696C655F392E747874
type=SYSCALL msg=audit(1769263846.742:7188): arch=c000003e syscall=59 success=yes exit=0 a0=653e76a1f320 a1=653e76a1f240 a2=653e76a17520 a3=653e76a1f240 items=2 ppid=11465 pid=11700 auid=1000 uid=0 gid=0 euid=0 suid=0 fsuid=0 egid=0 sgid=0 fsgid=0 tty=pts1 ses=3 comm="cat" exe="/usr/bin/cat" subj=unconfined key="process_exec"ARCH=x86_64 SYSCALL=execve AUID="heroic" UID="root" GID="root" EUID="root" SUID="root" FSUID="root" EGID="root" SGID="root" FSGID="root"
type=EXECVE msg=audit(1769263846.742:7188): argc=2 a0="cat" a1="file_10.txt"
type=CWD msg=audit(1769263846.742:7188): cwd="/root/hids_benign"
type=PATH msg=audit(1769263846.742:7188): item=0 name="/usr/bin/cat" inode=1578016 dev=08:02 mode=0100755 ouid=0 ogid=0 rdev=00:00 nametype=NORMAL cap_fp=0 cap_fi=0 cap_fe=0 cap_fver=0 cap_frootid=0OUID="root" OGID="root"
type=PATH msg=audit(1769263846.742:7188): item=1 name="/lib64/ld-linux-x86-64.so.2" inode=1575340 dev=08:02 mode=0100755 ouid=0 ogid=0 rdev=00:00 nametype=NORMAL cap_fp=0 cap_fi=0 cap_fe=0 cap_fver=0 cap_frootid=0OUID="root" OGID="root"
type=PROCTITLE msg=audit(1769263846.742:7188): proctitle=6361740066696C655F31302E747874
type=SYSCALL msg=audit(1769263846.746:7189): arch=c000003e syscall=59 success=yes exit=0 a0=653e76a20c40 a1=653e76a21000 a2=653e76a17520 a3=0 items=2 ppid=11465 pid=11701 auid=1000 uid=0 gid=0 euid=0 suid=0 fsuid=0 egid=0 sgid=0 fsgid=0 tty=pts1 ses=3 comm="vim" exe="/usr/bin/vim.basic" subj=unconfined key="process_exec"ARCH=x86_64 SYSCALL=execve AUID="heroic" UID="root" GID="root" EUID="root" SUID="root" FSUID="root" EGID="root" SGID="root" FSGID="root"
type=EXECVE msg=audit(1769263846.746:7189): argc=3 a0="vim" a1="-es" a2="file_1.txt"
type=CWD msg=audit(1769263846.746:7189): cwd="/root/hids_benign"
type=PATH msg=audit(1769263846.746:7189): item=0 name="/usr/bin/vim" inode=1575517 dev=08:02 mode=0100755 ouid=0 ogid=0 rdev=00:00 nametype=NORMAL cap_fp=0 cap_fi=0 cap_fe=0 cap_fver=0 cap_frootid=0OUID="root" OGID="root"
type=PATH msg=audit(1769263846.746:7189): item=1 name="/lib64/ld-linux-x86-64.so.2" inode=1575340 dev=08:02 mode=0100755 ouid=0 ogid=0 rdev=00:00 nametype=NORMAL cap_fp=0 cap_fi=0 cap_fe=0 cap_fver=0 cap_frootid=0OUID="root" OGID="root"
type=PROCTITLE msg=audit(1769263846.746:7189): proctitle=76696D002D65730066696C655F312E747874
type=SYSCALL msg=audit(1769263846.764:7190): arch=c000003e syscall=59 success=yes exit=0 a0=653e76a1c590 a1=653e76a21000 a2=653e76a17520 a3=0 items=2 ppid=11465 pid=11702 auid=1000 uid=0 gid=0 euid=0 suid=0 fsuid=0 egid=0 sgid=0 fsgid=0 tty=pts1 ses=3 comm="vim" exe="/usr/bin/vim.basic" subj=unconfined key="process_exec"ARCH=x86_64 SYSCALL=execve AUID="heroic" UID="root" GID="root" EUID="root" SUID="root" FSUID="root" EGID="root" SGID="root" FSGID="root"
type=EXECVE msg=audit(1769263846.764:7190): argc=3 a0="vim" a1="-es" a2="file_2.txt"
type=CWD msg=audit(1769263846.764:7190): cwd="/root/hids_benign"
type=PATH msg=audit(1769263846.764:7190): item=0 name="/usr/bin/vim" inode=1575517 dev=08:02 mode=0100755 ouid=0 ogid=0 rdev=00:00 nametype=NORMAL cap_fp=0 cap_fi=0 cap_fe=0 cap_fver=0 cap_frootid=0OUID="root" OGID="root"
type=PATH msg=audit(1769263846.764:7190): item=1 name="/lib64/ld-linux-x86-64.so.2" inode=1575340 dev=08:02 mode=0100755 ouid=0 ogid=0 rdev=00:00 nametype=NORMAL cap_fp=0 cap_fi=0 cap_fe=0 cap_fver=0 cap_frootid=0OUID="root" OGID="root"
type=PROCTITLE msg=audit(1769263846.764:7190): proctitle=76696D002D65730066696C655F322E747874
type=SYSCALL msg=audit(1769263846.780:7191): arch=c000003e syscall=59 success=yes exit=0 a0=653e76a1cf90 a1=653e76a21000 a2=653e76a17520 a3=0 items=2 ppid=11465 pid=11703 auid=1000 uid=0 gid=0 euid=0 suid=0 fsuid=0 egid=0 sgid=0 fsgid=0 tty=pts1 ses=3 comm="vim" exe="/usr/bin/vim.basic" subj=unconfined key="process_exec"ARCH=x86_64 SYSCALL=execve AUID="heroic" UID="root" GID="root" EUID="root" SUID="root" FSUID="root" EGID="root" SGID="root" FSGID="root"
type=EXECVE msg=audit(1769263846.780:7191): argc=3 a0="vim" a1="-es" a2="file_3.txt"
type=CWD msg=audit(1769263846.780:7191): cwd="/root/hids_benign"
type=PATH msg=audit(1769263846.780:7191): item=0 name="/usr/bin/vim" inode=1575517 dev=08:02 mode=0100755 ouid=0 ogid=0 rdev=00:00 nametype=NORMAL cap_fp=0 cap_fi=0 cap_fe=0 cap_fver=0 cap_frootid=0OUID="root" OGID="root"
type=PATH msg=audit(1769263846.780:7191): item=1 name="/lib64/ld-linux-x86-64.so.2" inode=1575340 dev=08:02 mode=0100755 ouid=0 ogid=0 rdev=00:00 nametype=NORMAL cap_fp=0 cap_fi=0 cap_fe=0 cap_fver=0 cap_frootid=0OUID="root" OGID="root"
type=PROCTITLE msg=audit(1769263846.780:7191): proctitle=76696D002D65730066696C655F332E747874
type=SYSCALL msg=audit(1769263846.799:7192): arch=c000003e syscall=59 success=yes exit=0 a0=653e76a1c6b0 a1=653e76a21000 a2=653e76a17520 a3=0 items=2 ppid=11465 pid=11704 auid=1000 uid=0 gid=0 euid=0 suid=0 fsuid=0 egid=0 sgid=0 fsgid=0 tty=pts1 ses=3 comm="vim" exe="/usr/bin/vim.basic" subj=unconfined key="process_exec"ARCH=x86_64 SYSCALL=execve AUID="heroic" UID="root" GID="root" EUID="root" SUID="root" FSUID="root" EGID="root" SGID="root" FSGID="root"
type=EXECVE msg=audit(1769263846.799:7192): argc=3 a0="vim" a1="-es" a2="file_4.txt"
type=CWD msg=audit(1769263846.799:7192): cwd="/root/hids_benign"
type=PATH msg=audit(1769263846.799:7192): item=0 name="/usr/bin/vim" inode=1575517 dev=08:02 mode=0100755 ouid=0 ogid=0 rdev=00:00 nametype=NORMAL cap_fp=0 cap_fi=0 cap_fe=0 cap_fver=0 cap_frootid=0OUID="root" OGID="root"
type=PATH msg=audit(1769263846.799:7192): item=1 name="/lib64/ld-linux-x86-64.so.2" inode=1575340 dev=08:02 mode=0100755 ouid=0 ogid=0 rdev=00:00 nametype=NORMAL cap_fp=0 cap_fi=0 cap_fe=0 cap_fver=0 cap_frootid=0OUID="root" OGID="root"
type=PROCTITLE msg=audit(1769263846.799:7192): proctitle=76696D002D65730066696C655F342E747874
type=SYSCALL msg=audit(1769263846.814:7193): arch=c000003e syscall=59 success=yes exit=0 a0=653e76a20c40 a1=653e76a21000 a2=653e76a17520 a3=0 items=2 ppid=11465 pid=11705 auid=1000 uid=0 gid=0 euid=0 suid=0 fsuid=0 egid=0 sgid=0 fsgid=0 tty=pts1 ses=3 comm="vim" exe="/usr/bin/vim.basic" subj=unconfined key="process_exec"ARCH=x86_64 SYSCALL=execve AUID="heroic" UID="root" GID="root" EUID="root" SUID="root" FSUID="root" EGID="root" SGID="root" FSGID="root"
type=EXECVE msg=audit(1769263846.814:7193): argc=3 a0="vim" a1="-es" a2="file_5.txt"
type=CWD msg=audit(1769263846.814:7193): cwd="/root/hids_benign"
type=PATH msg=audit(1769263846.814:7193): item=0 name="/usr/bin/vim" inode=1575517 dev=08:02 mode=0100755 ouid=0 ogid=0 rdev=00:00 nametype=NORMAL cap_fp=0 cap_fi=0 cap_fe=0 cap_fver=0 cap_frootid=0OUID="root" OGID="root"
type=PATH msg=audit(1769263846.814:7193): item=1 name="/lib64/ld-linux-x86-64.so.2" inode=1575340 dev=08:02 mode=0100755 ouid=0 ogid=0 rdev=00:00 nametype=NORMAL cap_fp=0 cap_fi=0 cap_fe=0 cap_fver=0 cap_frootid=0OUID="root" OGID="root"
type=PROCTITLE msg=audit(1769263846.814:7193): proctitle=76696D002D65730066696C655F352E747874
type=SYSCALL msg=audit(1769263846.829:7194): arch=c000003e syscall=59 success=yes exit=0 a0=653e76a1f600 a1=653e76a1cf90 a2=653e76a17520 a3=653e76a1cf90 items=2 ppid=11465 pid=11706 auid=1000 uid=0 gid=0 euid=0 suid=0 fsuid=0 egid=0 sgid=0 fsgid=0 tty=pts1 ses=3 comm="ls" exe="/usr/bin/ls" subj=unconfined key="process_exec"ARCH=x86_64 SYSCALL=execve AUID="heroic" UID="root" GID="root" EUID="root" SUID="root" FSUID="root" EGID="root" SGID="root" FSGID="root"
type=EXECVE msg=audit(1769263846.829:7194): argc=2 a0="ls" a1="-la"
type=CWD msg=audit(1769263846.829:7194): cwd="/root/hids_benign"
type=PATH msg=audit(1769263846.829:7194): item=0 name="/usr/bin/ls" inode=1578104 dev=08:02 mode=0100755 ouid=0 ogid=0 rdev=00:00 nametype=NORMAL cap_fp=0 cap_fi=0 cap_fe=0 cap_fver=0 cap_frootid=0OUID="root" OGID="root"
type=PATH msg=audit(1769263846.829:7194): item=1 name="/lib64/ld-linux-x86-64.so.2" inode=1575340 dev=08:02 mode=0100755 ouid=0 ogid=0 rdev=00:00 nametype=NORMAL cap_fp=0 cap_fi=0 cap_fe=0 cap_fver=0 cap_frootid=0OUID="root" OGID="root"
type=PROCTITLE msg=audit(1769263846.829:7194): proctitle=6C73002D6C61
type=SYSCALL msg=audit(1769263846.833:7195): arch=c000003e syscall=59 success=yes exit=0 a0=653e76a19d20 a1=653e76a1d450 a2=653e76a17520 a3=653e76a1efe0 items=2 ppid=11465 pid=11707 auid=1000 uid=0 gid=0 euid=0 suid=0 fsuid=0 egid=0 sgid=0 fsgid=0 tty=pts1 ses=3 comm="ls" exe="/usr/bin/ls" subj=unconfined key="process_exec"ARCH=x86_64 SYSCALL=execve AUID="heroic" UID="root" GID="root" EUID="root" SUID="root" FSUID="root" EGID="root" SGID="root" FSGID="root"
type=EXECVE msg=audit(1769263846.833:7195): argc=2 a0="ls" a1="-la"
type=CWD msg=audit(1769263846.833:7195): cwd="/root/hids_benign"
type=PATH msg=audit(1769263846.833:7195): item=0 name="/usr/bin/ls" inode=1578104 dev=08:02 mode=0100755 ouid=0 ogid=0 rdev=00:00 nametype=NORMAL cap_fp=0 cap_fi=0 cap_fe=0 cap_fver=0 cap_frootid=0OUID="root" OGID="root"
type=PATH msg=audit(1769263846.833:7195): item=1 name="/lib64/ld-linux-x86-64.so.2" inode=1575340 dev=08:02 mode=0100755 ouid=0 ogid=0 rdev=00:00 nametype=NORMAL cap_fp=0 cap_fi=0 cap_fe=0 cap_fver=0 cap_frootid=0OUID="root" OGID="root"
type=PROCTITLE msg=audit(1769263846.833:7195): proctitle=6C73002D6C61
type=SYSCALL msg=audit(1769263846.838:7196): arch=c000003e syscall=59 success=yes exit=0 a0=653e76a20c40 a1=653e76a1d450 a2=653e76a17520 a3=653e76a1f540 items=2 ppid=11465 pid=11708 auid=1000 uid=0 gid=0 euid=0 suid=0 fsuid=0 egid=0 sgid=0 fsgid=0 tty=pts1 ses=3 comm="ls" exe="/usr/bin/ls" subj=unconfined key="process_exec"ARCH=x86_64 SYSCALL=execve AUID="heroic" UID="root" GID="root" EUID="root" SUID="root" FSUID="root" EGID="root" SGID="root" FSGID="root"
type=EXECVE msg=audit(1769263846.838:7196): argc=2 a0="ls" a1="-la"
type=CWD msg=audit(1769263846.838:7196): cwd="/root/hids_benign"
type=PATH msg=audit(1769263846.838:7196): item=0 name="/usr/bin/ls" inode=1578104 dev=08:02 mode=0100755 ouid=0 ogid=0 rdev=00:00 nametype=NORMAL cap_fp=0 cap_fi=0 cap_fe=0 cap_fver=0 cap_frootid=0OUID="root" OGID="root"
type=PATH msg=audit(1769263846.838:7196): item=1 name="/lib64/ld-linux-x86-64.so.2" inode=1575340 dev=08:02 mode=0100755 ouid=0 ogid=0 rdev=00:00 nametype=NORMAL cap_fp=0 cap_fi=0 cap_fe=0 cap_fver=0 cap_frootid=0OUID="root" OGID="root"
type=PROCTITLE msg=audit(1769263846.838:7196): proctitle=6C73002D6C61
type=SYSCALL msg=audit(1769263846.841:7197): arch=c000003e syscall=59 success=yes exit=0 a0=653e76a207a0 a1=653e76a1d450 a2=653e76a17520 a3=653e76a1f600 items=2 ppid=11465 pid=11709 auid=1000 uid=0 gid=0 euid=0 suid=0 fsuid=0 egid=0 sgid=0 fsgid=0 tty=pts1 ses=3 comm="ls" exe="/usr/bin/ls" subj=unconfined key="process_exec"ARCH=x86_64 SYSCALL=execve AUID="heroic" UID="root" GID="root" EUID="root" SUID="root" FSUID="root" EGID="root" SGID="root" FSGID="root"
type=EXECVE msg=audit(1769263846.841:7197): argc=2 a0="ls" a1="-la"
type=CWD msg=audit(1769263846.841:7197): cwd="/root/hids_benign"
type=PATH msg=audit(1769263846.841:7197): item=0 name="/usr/bin/ls" inode=1578104 dev=08:02 mode=0100755 ouid=0 ogid=0 rdev=00:00 nametype=NORMAL cap_fp=0 cap_fi=0 cap_fe=0 cap_fver=0 cap_frootid=0OUID="root" OGID="root"
type=PATH msg=audit(1769263846.841:7197): item=1 name="/lib64/ld-linux-x86-64.so.2" inode=1575340 dev=08:02 mode=0100755 ouid=0 ogid=0 rdev=00:00 nametype=NORMAL cap_fp=0 cap_fi=0 cap_fe=0 cap_fver=0 cap_frootid=0OUID="root" OGID="root"
type=PROCTITLE msg=audit(1769263846.841:7197): proctitle=6C73002D6C61
type=SYSCALL msg=audit(1769263846.846:7198): arch=c000003e syscall=59 success=yes exit=0 a0=653e76a1f020 a1=653e76a1d450 a2=653e76a17520 a3=653e76a19d20 items=2 ppid=11465 pid=11710 auid=1000 uid=0 gid=0 euid=0 suid=0 fsuid=0 egid=0 sgid=0 fsgid=0 tty=pts1 ses=3 comm="ls" exe="/usr/bin/ls" subj=unconfined key="process_exec"ARCH=x86_64 SYSCALL=execve AUID="heroic" UID="root" GID="root" EUID="root" SUID="root" FSUID="root" EGID="root" SGID="root" FSGID="root"
type=EXECVE msg=audit(1769263846.846:7198): argc=2 a0="ls" a1="-la"
type=CWD msg=audit(1769263846.846:7198): cwd="/root/hids_benign"
type=PATH msg=audit(1769263846.846:7198): item=0 name="/usr/bin/ls" inode=1578104 dev=08:02 mode=0100755 ouid=0 ogid=0 rdev=00:00 nametype=NORMAL cap_fp=0 cap_fi=0 cap_fe=0 cap_fver=0 cap_frootid=0OUID="root" OGID="root"
type=PATH msg=audit(1769263846.846:7198): item=1 name="/lib64/ld-linux-x86-64.so.2" inode=1575340 dev=08:02 mode=0100755 ouid=0 ogid=0 rdev=00:00 nametype=NORMAL cap_fp=0 cap_fi=0 cap_fe=0 cap_fver=0 cap_frootid=0OUID="root" OGID="root"
type=PROCTITLE msg=audit(1769263846.846:7198): proctitle=6C73002D6C61
type=SYSCALL msg=audit(1769263846.850:7199): arch=c000003e syscall=59 success=yes exit=0 a0=653e76a1f600 a1=653e76a1d010 a2=653e76a17520 a3=653e76a20c40 items=2 ppid=11465 pid=11711 auid=1000 uid=0 gid=0 euid=0 suid=0 fsuid=0 egid=0 sgid=0 fsgid=0 tty=pts1 ses=3 comm="curl" exe="/usr/bin/curl" subj=unconfined key="process_exec"ARCH=x86_64 SYSCALL=execve AUID="heroic" UID="root" GID="root" EUID="root" SUID="root" FSUID="root" EGID="root" SGID="root" FSGID="root"
type=EXECVE msg=audit(1769263846.850:7199): argc=3 a0="curl" a1="-s" a2="https://example.com"
type=CWD msg=audit(1769263846.850:7199): cwd="/root/hids_benign"
type=PATH msg=audit(1769263846.850:7199): item=0 name="/usr/bin/curl" inode=1573697 dev=08:02 mode=0100755 ouid=0 ogid=0 rdev=00:00 nametype=NORMAL cap_fp=0 cap_fi=0 cap_fe=0 cap_fver=0 cap_frootid=0OUID="root" OGID="root"
type=PATH msg=audit(1769263846.850:7199): item=1 name="/lib64/ld-linux-x86-64.so.2" inode=1575340 dev=08:02 mode=0100755 ouid=0 ogid=0 rdev=00:00 nametype=NORMAL cap_fp=0 cap_fi=0 cap_fe=0 cap_fver=0 cap_frootid=0OUID="root" OGID="root"
type=PROCTITLE msg=audit(1769263846.850:7199): proctitle=6375726C002D730068747470733A2F2F6578616D706C652E636F6D
type=SYSCALL msg=audit(1769263847.061:7200): arch=c000003e syscall=59 success=yes exit=0 a0=653e76a1d370 a1=653e76a1cfb0 a2=653e76a17520 a3=653e76a20780 items=2 ppid=11465 pid=11713 auid=1000 uid=0 gid=0 euid=0 suid=0 fsuid=0 egid=0 sgid=0 fsgid=0 tty=pts1 ses=3 comm="ssh" exe="/usr/bin/ssh" subj=unconfined key="process_exec"ARCH=x86_64 SYSCALL=execve AUID="heroic" UID="root" GID="root" EUID="root" SUID="root" FSUID="root" EGID="root" SGID="root" FSGID="root"
type=EXECVE msg=audit(1769263847.061:7200): argc=5 a0="ssh" a1="-o" a2="BatchMode=yes" a3="localhost" a4=6563686F205353485F4F4B
type=CWD msg=audit(1769263847.061:7200): cwd="/root/hids_benign"
type=PATH msg=audit(1769263847.061:7200): item=0 name="/usr/bin/ssh" inode=1573390 dev=08:02 mode=0100755 ouid=0 ogid=0 rdev=00:00 nametype=NORMAL cap_fp=0 cap_fi=0 cap_fe=0 cap_fver=0 cap_frootid=0OUID="root" OGID="root"
type=PATH msg=audit(1769263847.061:7200): item=1 name="/lib64/ld-linux-x86-64.so.2" inode=1575340 dev=08:02 mode=0100755 ouid=0 ogid=0 rdev=00:00 nametype=NORMAL cap_fp=0 cap_fi=0 cap_fe=0 cap_fver=0 cap_frootid=0OUID="root" OGID="root"
type=PROCTITLE msg=audit(1769263847.061:7200): proctitle=737368002D6F0042617463684D6F64653D796573006C6F63616C686F7374006563686F205353485F4F4B
type=SYSCALL msg=audit(1769263847.072:7201): arch=c000003e syscall=59 success=yes exit=0 a0=653e76a20c40 a1=653e76a207a0 a2=653e76a17520 a3=653e76a207a0 items=2 ppid=11465 pid=11714 auid=1000 uid=0 gid=0 euid=0 suid=0 fsuid=0 egid=0 sgid=0 fsgid=0 tty=pts1 ses=3 comm="sleep" exe="/usr/bin/sleep" subj=unconfined key="process_exec"ARCH=x86_64 SYSCALL=execve AUID="heroic" UID="root" GID="root" EUID="root" SUID="root" FSUID="root" EGID="root" SGID="root" FSGID="root"
type=EXECVE msg=audit(1769263847.072:7201): argc=2 a0="sleep" a1="5"
type=CWD msg=audit(1769263847.072:7201): cwd="/root/hids_benign"
type=PATH msg=audit(1769263847.072:7201): item=0 name="/usr/bin/sleep" inode=1578138 dev=08:02 mode=0100755 ouid=0 ogid=0 rdev=00:00 nametype=NORMAL cap_fp=0 cap_fi=0 cap_fe=0 cap_fver=0 cap_frootid=0OUID="root" OGID="root"
type=PATH msg=audit(1769263847.072:7201): item=1 name="/lib64/ld-linux-x86-64.so.2" inode=1575340 dev=08:02 mode=0100755 ouid=0 ogid=0 rdev=00:00 nametype=NORMAL cap_fp=0 cap_fi=0 cap_fe=0 cap_fver=0 cap_frootid=0OUID="root" OGID="root"
type=PROCTITLE msg=audit(1769263847.072:7201): proctitle=736C6565700035
type=SYSCALL msg=audit(1769263852.079:7202): arch=c000003e syscall=59 success=yes exit=0 a0=653e76a20c40 a1=653e76a1d680 a2=653e76a17520 a3=653e76a1f640 items=2 ppid=11465 pid=11715 auid=1000 uid=0 gid=0 euid=0 suid=0 fsuid=0 egid=0 sgid=0 fsgid=0 tty=pts1 ses=3 comm="rm" exe="/usr/bin/rm" subj=unconfined key="process_exec"ARCH=x86_64 SYSCALL=execve AUID="heroic" UID="root" GID="root" EUID="root" SUID="root" FSUID="root" EGID="root" SGID="root" FSGID="root"
type=EXECVE msg=audit(1769263852.079:7202): argc=14 a0="rm" a1="-f" a2="file_10.txt" a3="file_1.txt" a4="file_2.txt" a5="file_3.txt" a6="file_4.txt" a7="file_5.txt" a8="file_6.txt" a9="file_7.txt" a10="file_8.txt" a11="file_9.txt" a12="webpage.html" a13="dir_list.log"
type=CWD msg=audit(1769263852.079:7202): cwd="/root/hids_benign"
type=PATH msg=audit(1769263852.079:7202): item=0 name="/usr/bin/rm" inode=1578127 dev=08:02 mode=0100755 ouid=0 ogid=0 rdev=00:00 nametype=NORMAL cap_fp=0 cap_fi=0 cap_fe=0 cap_fver=0 cap_frootid=0OUID="root" OGID="root"
type=PATH msg=audit(1769263852.079:7202): item=1 name="/lib64/ld-linux-x86-64.so.2" inode=1575340 dev=08:02 mode=0100755 ouid=0 ogid=0 rdev=00:00 nametype=NORMAL cap_fp=0 cap_fi=0 cap_fe=0 cap_fver=0 cap_frootid=0OUID="root" OGID="root"
type=PROCTITLE msg=audit(1769263852.079:7202): proctitle=726D002D660066696C655F31302E7478740066696C655F312E7478740066696C655F322E7478740066696C655F332E7478740066696C655F342E7478740066696C655F352E7478740066696C655F362E7478740066696C655F372E7478740066696C655F382E7478740066696C655F392E74787400776562706167652E68746D
type=SYSCALL msg=audit(1769263852.085:7203): arch=c000003e syscall=59 success=yes exit=0 a0=653e76a207a0 a1=653e76a20780 a2=653e76a17520 a3=653e76a20780 items=2 ppid=11465 pid=11716 auid=1000 uid=0 gid=0 euid=0 suid=0 fsuid=0 egid=0 sgid=0 fsgid=0 tty=pts1 ses=3 comm="rmdir" exe="/usr/bin/rmdir" subj=unconfined key="process_exec"ARCH=x86_64 SYSCALL=execve AUID="heroic" UID="root" GID="root" EUID="root" SUID="root" FSUID="root" EGID="root" SGID="root" FSGID="root"
type=EXECVE msg=audit(1769263852.085:7203): argc=2 a0="rmdir" a1="/root/hids_benign"
type=CWD msg=audit(1769263852.085:7203): cwd="/root/hids_benign"
type=PATH msg=audit(1769263852.085:7203): item=0 name="/usr/bin/rmdir" inode=1578128 dev=08:02 mode=0100755 ouid=0 ogid=0 rdev=00:00 nametype=NORMAL cap_fp=0 cap_fi=0 cap_fe=0 cap_fver=0 cap_frootid=0OUID="root" OGID="root"
type=PATH msg=audit(1769263852.085:7203): item=1 name="/lib64/ld-linux-x86-64.so.2" inode=1575340 dev=08:02 mode=0100755 ouid=0 ogid=0 rdev=00:00 nametype=NORMAL cap_fp=0 cap_fi=0 cap_fe=0 cap_fver=0 cap_frootid=0OUID="root" OGID="root"
type=PROCTITLE msg=audit(1769263852.085:7203): proctitle=726D646972002F726F6F742F686964735F62656E69676E
type=SYSCALL msg=audit(1769263852.091:7204): arch=c000003e syscall=59 success=yes exit=0 a0=653e76a1f600 a1=653e76a1f020 a2=653e76a17520 a3=653e76a1f020 items=2 ppid=11465 pid=11717 auid=1000 uid=0 gid=0 euid=0 suid=0 fsuid=0 egid=0 sgid=0 fsgid=0 tty=pts1 ses=3 comm="sleep" exe="/usr/bin/sleep" subj=unconfined key="process_exec"ARCH=x86_64 SYSCALL=execve AUID="heroic" UID="root" GID="root" EUID="root" SUID="root" FSUID="root" EGID="root" SGID="root" FSGID="root"
type=EXECVE msg=audit(1769263852.091:7204): argc=2 a0="sleep" a1="60"
type=CWD msg=audit(1769263852.091:7204): cwd=2F726F6F742F686964735F62656E69676E202864656C6574656429
type=PATH msg=audit(1769263852.091:7204): item=0 name="/usr/bin/sleep" inode=1578138 dev=08:02 mode=0100755 ouid=0 ogid=0 rdev=00:00 nametype=NORMAL cap_fp=0 cap_fi=0 cap_fe=0 cap_fver=0 cap_frootid=0OUID="root" OGID="root"
type=PATH msg=audit(1769263852.091:7204): item=1 name="/lib64/ld-linux-x86-64.so.2" inode=1575340 dev=08:02 mode=0100755 ouid=0 ogid=0 rdev=00:00 nametype=NORMAL cap_fp=0 cap_fi=0 cap_fe=0 cap_fver=0 cap_frootid=0OUID="root" OGID="root"
type=PROCTITLE msg=audit(1769263852.091:7204): proctitle=736C656570003630
type=SYSCALL msg=audit(1769263912.100:7205): arch=c000003e syscall=59 success=yes exit=0 a0=653e76a1f8c0 a1=653e76a20d30 a2=653e76a17520 a3=653e76a1f340 items=2 ppid=11465 pid=11723 auid=1000 uid=0 gid=0 euid=0 suid=0 fsuid=0 egid=0 sgid=0 fsgid=0 tty=pts1 ses=3 comm="mkdir" exe="/usr/bin/mkdir" subj=unconfined key="process_exec"ARCH=x86_64 SYSCALL=execve AUID="heroic" UID="root" GID="root" EUID="root" SUID="root" FSUID="root" EGID="root" SGID="root" FSGID="root"
type=EXECVE msg=audit(1769263912.100:7205): argc=3 a0="mkdir" a1="-p" a2="/root/hids_benign"
type=CWD msg=audit(1769263912.100:7205): cwd=2F726F6F742F686964735F62656E69676E202864656C6574656429
type=PATH msg=audit(1769263912.100:7205): item=0 name="/usr/bin/mkdir" inode=1578106 dev=08:02 mode=0100755 ouid=0 ogid=0 rdev=00:00 nametype=NORMAL cap_fp=0 cap_fi=0 cap_fe=0 cap_fver=0 cap_frootid=0OUID="root" OGID="root"
type=PATH msg=audit(1769263912.100:7205): item=1 name="/lib64/ld-linux-x86-64.so.2" inode=1575340 dev=08:02 mode=0100755 ouid=0 ogid=0 rdev=00:00 nametype=NORMAL cap_fp=0 cap_fi=0 cap_fe=0 cap_fver=0 cap_frootid=0OUID="root" OGID="root"
type=PROCTITLE msg=audit(1769263912.100:7205): proctitle=6D6B646972002D70002F726F6F742F686964735F62656E69676E
type=SYSCALL msg=audit(1769263912.117:7206): arch=c000003e syscall=59 success=yes exit=0 a0=653e76a1fd60 a1=653e76a20310 a2=653e76a17520 a3=653e76a20310 items=2 ppid=11465 pid=11724 auid=1000 uid=0 gid=0 euid=0 suid=0 fsuid=0 egid=0 sgid=0 fsgid=0 tty=pts1 ses=3 comm="cat" exe="/usr/bin/cat" subj=unconfined key="process_exec"ARCH=x86_64 SYSCALL=execve AUID="heroic" UID="root" GID="root" EUID="root" SUID="root" FSUID="root" EGID="root" SGID="root" FSGID="root"
type=EXECVE msg=audit(1769263912.117:7206): argc=2 a0="cat" a1="file_1.txt"
type=CWD msg=audit(1769263912.117:7206): cwd="/root/hids_benign"
type=PATH msg=audit(1769263912.117:7206): item=0 name="/usr/bin/cat" inode=1578016 dev=08:02 mode=0100755 ouid=0 ogid=0 rdev=00:00 nametype=NORMAL cap_fp=0 cap_fi=0 cap_fe=0 cap_fver=0 cap_frootid=0OUID="root" OGID="root"
type=PATH msg=audit(1769263912.117:7206): item=1 name="/lib64/ld-linux-x86-64.so.2" inode=1575340 dev=08:02 mode=0100755 ouid=0 ogid=0 rdev=00:00 nametype=NORMAL cap_fp=0 cap_fi=0 cap_fe=0 cap_fver=0 cap_frootid=0OUID="root" OGID="root"
type=PROCTITLE msg=audit(1769263912.117:7206): proctitle=6361740066696C655F312E747874
type=SYSCALL msg=audit(1769263912.131:7207): arch=c000003e syscall=59 success=yes exit=0 a0=653e76a1fd80 a1=653e76a1c6b0 a2=653e76a17520 a3=653e76a1c6b0 items=2 ppid=11465 pid=11725 auid=1000 uid=0 gid=0 euid=0 suid=0 fsuid=0 egid=0 sgid=0 fsgid=0 tty=pts1 ses=3 comm="cat" exe="/usr/bin/cat" subj=unconfined key="process_exec"ARCH=x86_64 SYSCALL=execve AUID="heroic" UID="root" GID="root" EUID="root" SUID="root" FSUID="root" EGID="root" SGID="root" FSGID="root"
type=EXECVE msg=audit(1769263912.131:7207): argc=2 a0="cat" a1="file_2.txt"
type=CWD msg=audit(1769263912.131:7207): cwd="/root/hids_benign"
type=PATH msg=audit(1769263912.131:7207): item=0 name="/usr/bin/cat" inode=1578016 dev=08:02 mode=0100755 ouid=0 ogid=0 rdev=00:00 nametype=NORMAL cap_fp=0 cap_fi=0 cap_fe=0 cap_fver=0 cap_frootid=0OUID="root" OGID="root"
type=PATH msg=audit(1769263912.131:7207): item=1 name="/lib64/ld-linux-x86-64.so.2" inode=1575340 dev=08:02 mode=0100755 ouid=0 ogid=0 rdev=00:00 nametype=NORMAL cap_fp=0 cap_fi=0 cap_fe=0 cap_fver=0 cap_frootid=0OUID="root" OGID="root"
type=PROCTITLE msg=audit(1769263912.131:7207): proctitle=6361740066696C655F322E747874
type=SYSCALL msg=audit(1769263912.146:7208): arch=c000003e syscall=59 success=yes exit=0 a0=653e76a1c6b0 a1=653e76a1fd60 a2=653e76a17520 a3=653e76a1fd60 items=2 ppid=11465 pid=11726 auid=1000 uid=0 gid=0 euid=0 suid=0 fsuid=0 egid=0 sgid=0 fsgid=0 tty=pts1 ses=3 comm="cat" exe="/usr/bin/cat" subj=unconfined key="process_exec"ARCH=x86_64 SYSCALL=execve AUID="heroic" UID="root" GID="root" EUID="root" SUID="root" FSUID="root" EGID="root" SGID="root" FSGID="root"
type=EXECVE msg=audit(1769263912.146:7208): argc=2 a0="cat" a1="file_3.txt"
type=CWD msg=audit(1769263912.146:7208): cwd="/root/hids_benign"
type=PATH msg=audit(1769263912.146:7208): item=0 name="/usr/bin/cat" inode=1578016 dev=08:02 mode=0100755 ouid=0 ogid=0 rdev=00:00 nametype=NORMAL cap_fp=0 cap_fi=0 cap_fe=0 cap_fver=0 cap_frootid=0OUID="root" OGID="root"
type=PATH msg=audit(1769263912.146:7208): item=1 name="/lib64/ld-linux-x86-64.so.2" inode=1575340 dev=08:02 mode=0100755 ouid=0 ogid=0 rdev=00:00 nametype=NORMAL cap_fp=0 cap_fi=0 cap_fe=0 cap_fver=0 cap_frootid=0OUID="root" OGID="root"
type=PROCTITLE msg=audit(1769263912.146:7208): proctitle=6361740066696C655F332E747874
type=SYSCALL msg=audit(1769263912.191:7209): arch=c000003e syscall=59 success=yes exit=0 a0=653e76a1fd60 a1=653e76a1fd80 a2=653e76a17520 a3=653e76a1fd80 items=2 ppid=11465 pid=11727 auid=1000 uid=0 gid=0 euid=0 suid=0 fsuid=0 egid=0 sgid=0 fsgid=0 tty=pts1 ses=3 comm="cat" exe="/usr/bin/cat" subj=unconfined key="process_exec"ARCH=x86_64 SYSCALL=execve AUID="heroic" UID="root" GID="root" EUID="root" SUID="root" FSUID="root" EGID="root" SGID="root" FSGID="root"
type=EXECVE msg=audit(1769263912.191:7209): argc=2 a0="cat" a1="file_4.txt"
type=CWD msg=audit(1769263912.191:7209): cwd="/root/hids_benign"
type=PATH msg=audit(1769263912.191:7209): item=0 name="/usr/bin/cat" inode=1578016 dev=08:02 mode=0100755 ouid=0 ogid=0 rdev=00:00 nametype=NORMAL cap_fp=0 cap_fi=0 cap_fe=0 cap_fver=0 cap_frootid=0OUID="root" OGID="root"
type=PATH msg=audit(1769263912.191:7209): item=1 name="/lib64/ld-linux-x86-64.so.2" inode=1575340 dev=08:02 mode=0100755 ouid=0 ogid=0 rdev=00:00 nametype=NORMAL cap_fp=0 cap_fi=0 cap_fe=0 cap_fver=0 cap_frootid=0OUID="root" OGID="root"
type=PROCTITLE msg=audit(1769263912.191:7209): proctitle=6361740066696C655F342E747874
type=SYSCALL msg=audit(1769263912.196:7210): arch=c000003e syscall=59 success=yes exit=0 a0=653e76a1fd80 a1=653e76a1c6b0 a2=653e76a17520 a3=653e76a1c6b0 items=2 ppid=11465 pid=11728 auid=1000 uid=0 gid=0 euid=0 suid=0 fsuid=0 egid=0 sgid=0 fsgid=0 tty=pts1 ses=3 comm="cat" exe="/usr/bin/cat" subj=unconfined key="process_exec"ARCH=x86_64 SYSCALL=execve AUID="heroic" UID="root" GID="root" EUID="root" SUID="root" FSUID="root" EGID="root" SGID="root" FSGID="root"
type=EXECVE msg=audit(1769263912.196:7210): argc=2 a0="cat" a1="file_5.txt"
type=CWD msg=audit(1769263912.196:7210): cwd="/root/hids_benign"
type=PATH msg=audit(1769263912.196:7210): item=0 name="/usr/bin/cat" inode=1578016 dev=08:02 mode=0100755 ouid=0 ogid=0 rdev=00:00 nametype=NORMAL cap_fp=0 cap_fi=0 cap_fe=0 cap_fver=0 cap_frootid=0OUID="root" OGID="root"
type=PATH msg=audit(1769263912.196:7210): item=1 name="/lib64/ld-linux-x86-64.so.2" inode=1575340 dev=08:02 mode=0100755 ouid=0 ogid=0 rdev=00:00 nametype=NORMAL cap_fp=0 cap_fi=0 cap_fe=0 cap_fver=0 cap_frootid=0OUID="root" OGID="root"
type=PROCTITLE msg=audit(1769263912.196:7210): proctitle=6361740066696C655F352E747874
type=SYSCALL msg=audit(1769263912.214:7211): arch=c000003e syscall=59 success=yes exit=0 a0=653e76a1c6b0 a1=653e76a1fd60 a2=653e76a17520 a3=653e76a1fd60 items=2 ppid=11465 pid=11729 auid=1000 uid=0 gid=0 euid=0 suid=0 fsuid=0 egid=0 sgid=0 fsgid=0 tty=pts1 ses=3 comm="cat" exe="/usr/bin/cat" subj=unconfined key="process_exec"ARCH=x86_64 SYSCALL=execve AUID="heroic" UID="root" GID="root" EUID="root" SUID="root" FSUID="root" EGID="root" SGID="root" FSGID="root"
type=EXECVE msg=audit(1769263912.214:7211): argc=2 a0="cat" a1="file_6.txt"
type=CWD msg=audit(1769263912.214:7211): cwd="/root/hids_benign"
type=PATH msg=audit(1769263912.214:7211): item=0 name="/usr/bin/cat" inode=1578016 dev=08:02 mode=0100755 ouid=0 ogid=0 rdev=00:00 nametype=NORMAL cap_fp=0 cap_fi=0 cap_fe=0 cap_fver=0 cap_frootid=0OUID="root" OGID="root"
type=PATH msg=audit(1769263912.214:7211): item=1 name="/lib64/ld-linux-x86-64.so.2" inode=1575340 dev=08:02 mode=0100755 ouid=0 ogid=0 rdev=00:00 nametype=NORMAL cap_fp=0 cap_fi=0 cap_fe=0 cap_fver=0 cap_frootid=0OUID="root" OGID="root"
type=PROCTITLE msg=audit(1769263912.214:7211): proctitle=6361740066696C655F362E747874
type=SYSCALL msg=audit(1769263912.215:7212): arch=c000003e syscall=59 success=yes exit=0 a0=653e76a1fd60 a1=653e76a1fd80 a2=653e76a17520 a3=653e76a1fd80 items=2 ppid=11465 pid=11730 auid=1000 uid=0 gid=0 euid=0 suid=0 fsuid=0 egid=0 sgid=0 fsgid=0 tty=pts1 ses=3 comm="cat" exe="/usr/bin/cat" subj=unconfined key="process_exec"ARCH=x86_64 SYSCALL=execve AUID="heroic" UID="root" GID="root" EUID="root" SUID="root" FSUID="root" EGID="root" SGID="root" FSGID="root"
type=EXECVE msg=audit(1769263912.215:7212): argc=2 a0="cat" a1="file_7.txt"
type=CWD msg=audit(1769263912.215:7212): cwd="/root/hids_benign"
type=PATH msg=audit(1769263912.215:7212): item=0 name="/usr/bin/cat" inode=1578016 dev=08:02 mode=0100755 ouid=0 ogid=0 rdev=00:00 nametype=NORMAL cap_fp=0 cap_fi=0 cap_fe=0 cap_fver=0 cap_frootid=0OUID="root" OGID="root"
type=PATH msg=audit(1769263912.215:7212): item=1 name="/lib64/ld-linux-x86-64.so.2" inode=1575340 dev=08:02 mode=0100755 ouid=0 ogid=0 rdev=00:00 nametype=NORMAL cap_fp=0 cap_fi=0 cap_fe=0 cap_fver=0 cap_frootid=0OUID="root" OGID="root"
type=PROCTITLE msg=audit(1769263912.215:7212): proctitle=6361740066696C655F372E747874
type=SYSCALL msg=audit(1769263912.232:7213): arch=c000003e syscall=59 success=yes exit=0 a0=653e76a1fd80 a1=653e76a1c6b0 a2=653e76a17520 a3=653e76a1c6b0 items=2 ppid=11465 pid=11731 auid=1000 uid=0 gid=0 euid=0 suid=0 fsuid=0 egid=0 sgid=0 fsgid=0 tty=pts1 ses=3 comm="cat" exe="/usr/bin/cat" subj=unconfined key="process_exec"ARCH=x86_64 SYSCALL=execve AUID="heroic" UID="root" GID="root" EUID="root" SUID="root" FSUID="root" EGID="root" SGID="root" FSGID="root"
type=EXECVE msg=audit(1769263912.232:7213): argc=2 a0="cat" a1="file_8.txt"
type=CWD msg=audit(1769263912.232:7213): cwd="/root/hids_benign"
type=PATH msg=audit(1769263912.232:7213): item=0 name="/usr/bin/cat" inode=1578016 dev=08:02 mode=0100755 ouid=0 ogid=0 rdev=00:00 nametype=NORMAL cap_fp=0 cap_fi=0 cap_fe=0 cap_fver=0 cap_frootid=0OUID="root" OGID="root"
type=PATH msg=audit(1769263912.232:7213): item=1 name="/lib64/ld-linux-x86-64.so.2" inode=1575340 dev=08:02 mode=0100755 ouid=0 ogid=0 rdev=00:00 nametype=NORMAL cap_fp=0 cap_fi=0 cap_fe=0 cap_fver=0 cap_frootid=0OUID="root" OGID="root"
type=PROCTITLE msg=audit(1769263912.232:7213): proctitle=6361740066696C655F382E747874
type=SYSCALL msg=audit(1769263912.235:7214): arch=c000003e syscall=59 success=yes exit=0 a0=653e76a1c6b0 a1=653e76a1fd60 a2=653e76a17520 a3=653e76a1fd60 items=2 ppid=11465 pid=11732 auid=1000 uid=0 gid=0 euid=0 suid=0 fsuid=0 egid=0 sgid=0 fsgid=0 tty=pts1 ses=3 comm="cat" exe="/usr/bin/cat" subj=unconfined key="process_exec"ARCH=x86_64 SYSCALL=execve AUID="heroic" UID="root" GID="root" EUID="root" SUID="root" FSUID="root" EGID="root" SGID="root" FSGID="root"
type=EXECVE msg=audit(1769263912.235:7214): argc=2 a0="cat" a1="file_9.txt"
type=CWD msg=audit(1769263912.235:7214): cwd="/root/hids_benign"
type=PATH msg=audit(1769263912.235:7214): item=0 name="/usr/bin/cat" inode=1578016 dev=08:02 mode=0100755 ouid=0 ogid=0 rdev=00:00 nametype=NORMAL cap_fp=0 cap_fi=0 cap_fe=0 cap_fver=0 cap_frootid=0OUID="root" OGID="root"
type=PATH msg=audit(1769263912.235:7214): item=1 name="/lib64/ld-linux-x86-64.so.2" inode=1575340 dev=08:02 mode=0100755 ouid=0 ogid=0 rdev=00:00 nametype=NORMAL cap_fp=0 cap_fi=0 cap_fe=0 cap_fver=0 cap_frootid=0OUID="root" OGID="root"
type=PROCTITLE msg=audit(1769263912.235:7214): proctitle=6361740066696C655F392E747874
type=SYSCALL msg=audit(1769263912.242:7215): arch=c000003e syscall=59 success=yes exit=0 a0=653e76a1fd60 a1=653e76a1fd80 a2=653e76a17520 a3=653e76a1fd80 items=2 ppid=11465 pid=11733 auid=1000 uid=0 gid=0 euid=0 suid=0 fsuid=0 egid=0 sgid=0 fsgid=0 tty=pts1 ses=3 comm="cat" exe="/usr/bin/cat" subj=unconfined key="process_exec"ARCH=x86_64 SYSCALL=execve AUID="heroic" UID="root" GID="root" EUID="root" SUID="root" FSUID="root" EGID="root" SGID="root" FSGID="root"
type=EXECVE msg=audit(1769263912.242:7215): argc=2 a0="cat" a1="file_10.txt"
type=CWD msg=audit(1769263912.242:7215): cwd="/root/hids_benign"
type=PATH msg=audit(1769263912.242:7215): item=0 name="/usr/bin/cat" inode=1578016 dev=08:02 mode=0100755 ouid=0 ogid=0 rdev=00:00 nametype=NORMAL cap_fp=0 cap_fi=0 cap_fe=0 cap_fver=0 cap_frootid=0OUID="root" OGID="root"
type=PATH msg=audit(1769263912.242:7215): item=1 name="/lib64/ld-linux-x86-64.so.2" inode=1575340 dev=08:02 mode=0100755 ouid=0 ogid=0 rdev=00:00 nametype=NORMAL cap_fp=0 cap_fi=0 cap_fe=0 cap_fver=0 cap_frootid=0OUID="root" OGID="root"
type=PROCTITLE msg=audit(1769263912.242:7215): proctitle=6361740066696C655F31302E747874
type=SYSCALL msg=audit(1769263912.269:7216): arch=c000003e syscall=59 success=yes exit=0 a0=653e76a20760 a1=653e76a210c0 a2=653e76a17520 a3=0 items=2 ppid=11465 pid=11734 auid=1000 uid=0 gid=0 euid=0 suid=0 fsuid=0 egid=0 sgid=0 fsgid=0 tty=pts1 ses=3 comm="vim" exe="/usr/bin/vim.basic" subj=unconfined key="process_exec"ARCH=x86_64 SYSCALL=execve AUID="heroic" UID="root" GID="root" EUID="root" SUID="root" FSUID="root" EGID="root" SGID="root" FSGID="root"
type=EXECVE msg=audit(1769263912.269:7216): argc=3 a0="vim" a1="-es" a2="file_1.txt"
type=CWD msg=audit(1769263912.269:7216): cwd="/root/hids_benign"
type=PATH msg=audit(1769263912.269:7216): item=0 name="/usr/bin/vim" inode=1575517 dev=08:02 mode=0100755 ouid=0 ogid=0 rdev=00:00 nametype=NORMAL cap_fp=0 cap_fi=0 cap_fe=0 cap_fver=0 cap_frootid=0OUID="root" OGID="root"
type=PATH msg=audit(1769263912.269:7216): item=1 name="/lib64/ld-linux-x86-64.so.2" inode=1575340 dev=08:02 mode=0100755 ouid=0 ogid=0 rdev=00:00 nametype=NORMAL cap_fp=0 cap_fi=0 cap_fe=0 cap_fver=0 cap_frootid=0OUID="root" OGID="root"
type=PROCTITLE msg=audit(1769263912.269:7216): proctitle=76696D002D65730066696C655F312E747874
type=SYSCALL msg=audit(1769263912.330:7217): arch=c000003e syscall=59 success=yes exit=0 a0=653e76a1f3c0 a1=653e76a210c0 a2=653e76a17520 a3=0 items=2 ppid=11465 pid=11735 auid=1000 uid=0 gid=0 euid=0 suid=0 fsuid=0 egid=0 sgid=0 fsgid=0 tty=pts1 ses=3 comm="vim" exe="/usr/bin/vim.basic" subj=unconfined key="process_exec"ARCH=x86_64 SYSCALL=execve AUID="heroic" UID="root" GID="root" EUID="root" SUID="root" FSUID="root" EGID="root" SGID="root" FSGID="root"
type=EXECVE msg=audit(1769263912.330:7217): argc=3 a0="vim" a1="-es" a2="file_2.txt"
type=CWD msg=audit(1769263912.330:7217): cwd="/root/hids_benign"
type=PATH msg=audit(1769263912.330:7217): item=0 name="/usr/bin/vim" inode=1575517 dev=08:02 mode=0100755 ouid=0 ogid=0 rdev=00:00 nametype=NORMAL cap_fp=0 cap_fi=0 cap_fe=0 cap_fver=0 cap_frootid=0OUID="root" OGID="root"
type=PATH msg=audit(1769263912.330:7217): item=1 name="/lib64/ld-linux-x86-64.so.2" inode=1575340 dev=08:02 mode=0100755 ouid=0 ogid=0 rdev=00:00 nametype=NORMAL cap_fp=0 cap_fi=0 cap_fe=0 cap_fver=0 cap_frootid=0OUID="root" OGID="root"
type=PROCTITLE msg=audit(1769263912.330:7217): proctitle=76696D002D65730066696C655F322E747874
type=SYSCALL msg=audit(1769263912.371:7218): arch=c000003e syscall=59 success=yes exit=0 a0=653e76a20af0 a1=653e76a210c0 a2=653e76a17520 a3=0 items=2 ppid=11465 pid=11736 auid=1000 uid=0 gid=0 euid=0 suid=0 fsuid=0 egid=0 sgid=0 fsgid=0 tty=pts1 ses=3 comm="vim" exe="/usr/bin/vim.basic" subj=unconfined key="process_exec"ARCH=x86_64 SYSCALL=execve AUID="heroic" UID="root" GID="root" EUID="root" SUID="root" FSUID="root" EGID="root" SGID="root" FSGID="root"
type=EXECVE msg=audit(1769263912.371:7218): argc=3 a0="vim" a1="-es" a2="file_3.txt"
type=CWD msg=audit(1769263912.371:7218): cwd="/root/hids_benign"
type=PATH msg=audit(1769263912.371:7218): item=0 name="/usr/bin/vim" inode=1575517 dev=08:02 mode=0100755 ouid=0 ogid=0 rdev=00:00 nametype=NORMAL cap_fp=0 cap_fi=0 cap_fe=0 cap_fver=0 cap_frootid=0OUID="root" OGID="root"
type=PATH msg=audit(1769263912.371:7218): item=1 name="/lib64/ld-linux-x86-64.so.2" inode=1575340 dev=08:02 mode=0100755 ouid=0 ogid=0 rdev=00:00 nametype=NORMAL cap_fp=0 cap_fi=0 cap_fe=0 cap_fver=0 cap_frootid=0OUID="root" OGID="root"
type=PROCTITLE msg=audit(1769263912.371:7218): proctitle=76696D002D65730066696C655F332E747874
type=SYSCALL msg=audit(1769263912.419:7219): arch=c000003e syscall=59 success=yes exit=0 a0=653e76a1c6b0 a1=653e76a210c0 a2=653e76a17520 a3=0 items=2 ppid=11465 pid=11737 auid=1000 uid=0 gid=0 euid=0 suid=0 fsuid=0 egid=0 sgid=0 fsgid=0 tty=pts1 ses=3 comm="vim" exe="/usr/bin/vim.basic" subj=unconfined key="process_exec"ARCH=x86_64 SYSCALL=execve AUID="heroic" UID="root" GID="root" EUID="root" SUID="root" FSUID="root" EGID="root" SGID="root" FSGID="root"
type=EXECVE msg=audit(1769263912.419:7219): argc=3 a0="vim" a1="-es" a2="file_4.txt"
type=CWD msg=audit(1769263912.419:7219): cwd="/root/hids_benign"
type=PATH msg=audit(1769263912.419:7219): item=0 name="/usr/bin/vim" inode=1575517 dev=08:02 mode=0100755 ouid=0 ogid=0 rdev=00:00 nametype=NORMAL cap_fp=0 cap_fi=0 cap_fe=0 cap_fver=0 cap_frootid=0OUID="root" OGID="root"
type=PATH msg=audit(1769263912.419:7219): item=1 name="/lib64/ld-linux-x86-64.so.2" inode=1575340 dev=08:02 mode=0100755 ouid=0 ogid=0 rdev=00:00 nametype=NORMAL cap_fp=0 cap_fi=0 cap_fe=0 cap_fver=0 cap_frootid=0OUID="root" OGID="root"
type=PROCTITLE msg=audit(1769263912.419:7219): proctitle=76696D002D65730066696C655F342E747874
type=SYSCALL msg=audit(1769263912.456:7220): arch=c000003e syscall=59 success=yes exit=0 a0=653e76a20760 a1=653e76a210c0 a2=653e76a17520 a3=0 items=2 ppid=11465 pid=11738 auid=1000 uid=0 gid=0 euid=0 suid=0 fsuid=0 egid=0 sgid=0 fsgid=0 tty=pts1 ses=3 comm="vim" exe="/usr/bin/vim.basic" subj=unconfined key="process_exec"ARCH=x86_64 SYSCALL=execve AUID="heroic" UID="root" GID="root" EUID="root" SUID="root" FSUID="root" EGID="root" SGID="root" FSGID="root"
type=EXECVE msg=audit(1769263912.456:7220): argc=3 a0="vim" a1="-es" a2="file_5.txt"
type=CWD msg=audit(1769263912.456:7220): cwd="/root/hids_benign"
type=PATH msg=audit(1769263912.456:7220): item=0 name="/usr/bin/vim" inode=1575517 dev=08:02 mode=0100755 ouid=0 ogid=0 rdev=00:00 nametype=NORMAL cap_fp=0 cap_fi=0 cap_fe=0 cap_fver=0 cap_frootid=0OUID="root" OGID="root"
type=PATH msg=audit(1769263912.456:7220): item=1 name="/lib64/ld-linux-x86-64.so.2" inode=1575340 dev=08:02 mode=0100755 ouid=0 ogid=0 rdev=00:00 nametype=NORMAL cap_fp=0 cap_fi=0 cap_fe=0 cap_fver=0 cap_frootid=0OUID="root" OGID="root"
type=PROCTITLE msg=audit(1769263912.456:7220): proctitle=76696D002D65730066696C655F352E747874
type=SYSCALL msg=audit(1769263912.497:7221): arch=c000003e syscall=59 success=yes exit=0 a0=653e76a1f8c0 a1=653e76a20af0 a2=653e76a17520 a3=653e76a20af0 items=2 ppid=11465 pid=11739 auid=1000 uid=0 gid=0 euid=0 suid=0 fsuid=0 egid=0 sgid=0 fsgid=0 tty=pts1 ses=3 comm="ls" exe="/usr/bin/ls" subj=unconfined key="process_exec"ARCH=x86_64 SYSCALL=execve AUID="heroic" UID="root" GID="root" EUID="root" SUID="root" FSUID="root" EGID="root" SGID="root" FSGID="root"
type=EXECVE msg=audit(1769263912.497:7221): argc=2 a0="ls" a1="-la"
type=CWD msg=audit(1769263912.497:7221): cwd="/root/hids_benign"
type=PATH msg=audit(1769263912.497:7221): item=0 name="/usr/bin/ls" inode=1578104 dev=08:02 mode=0100755 ouid=0 ogid=0 rdev=00:00 nametype=NORMAL cap_fp=0 cap_fi=0 cap_fe=0 cap_fver=0 cap_frootid=0OUID="root" OGID="root"
type=PATH msg=audit(1769263912.497:7221): item=1 name="/lib64/ld-linux-x86-64.so.2" inode=1575340 dev=08:02 mode=0100755 ouid=0 ogid=0 rdev=00:00 nametype=NORMAL cap_fp=0 cap_fi=0 cap_fe=0 cap_fver=0 cap_frootid=0OUID="root" OGID="root"
type=PROCTITLE msg=audit(1769263912.497:7221): proctitle=6C73002D6C61
type=SYSCALL msg=audit(1769263912.514:7222): arch=c000003e syscall=59 success=yes exit=0 a0=653e76a1f5e0 a1=653e76a1cb90 a2=653e76a17520 a3=653e76a1f380 items=2 ppid=11465 pid=11740 auid=1000 uid=0 gid=0 euid=0 suid=0 fsuid=0 egid=0 sgid=0 fsgid=0 tty=pts1 ses=3 comm="ls" exe="/usr/bin/ls" subj=unconfined key="process_exec"ARCH=x86_64 SYSCALL=execve AUID="heroic" UID="root" GID="root" EUID="root" SUID="root" FSUID="root" EGID="root" SGID="root" FSGID="root"
type=EXECVE msg=audit(1769263912.514:7222): argc=2 a0="ls" a1="-la"
type=CWD msg=audit(1769263912.514:7222): cwd="/root/hids_benign"
type=PATH msg=audit(1769263912.514:7222): item=0 name="/usr/bin/ls" inode=1578104 dev=08:02 mode=0100755 ouid=0 ogid=0 rdev=00:00 nametype=NORMAL cap_fp=0 cap_fi=0 cap_fe=0 cap_fver=0 cap_frootid=0OUID="root" OGID="root"
type=PATH msg=audit(1769263912.514:7222): item=1 name="/lib64/ld-linux-x86-64.so.2" inode=1575340 dev=08:02 mode=0100755 ouid=0 ogid=0 rdev=00:00 nametype=NORMAL cap_fp=0 cap_fi=0 cap_fe=0 cap_fver=0 cap_frootid=0OUID="root" OGID="root"
type=PROCTITLE msg=audit(1769263912.514:7222): proctitle=6C73002D6C61
type=SYSCALL msg=audit(1769263912.531:7223): arch=c000003e syscall=59 success=yes exit=0 a0=653e76a20760 a1=653e76a1cb90 a2=653e76a17520 a3=653e76a1f540 items=2 ppid=11465 pid=11741 auid=1000 uid=0 gid=0 euid=0 suid=0 fsuid=0 egid=0 sgid=0 fsgid=0 tty=pts1 ses=3 comm="ls" exe="/usr/bin/ls" subj=unconfined key="process_exec"ARCH=x86_64 SYSCALL=execve AUID="heroic" UID="root" GID="root" EUID="root" SUID="root" FSUID="root" EGID="root" SGID="root" FSGID="root"
type=EXECVE msg=audit(1769263912.531:7223): argc=2 a0="ls" a1="-la"
type=CWD msg=audit(1769263912.531:7223): cwd="/root/hids_benign"
type=PATH msg=audit(1769263912.531:7223): item=0 name="/usr/bin/ls" inode=1578104 dev=08:02 mode=0100755 ouid=0 ogid=0 rdev=00:00 nametype=NORMAL cap_fp=0 cap_fi=0 cap_fe=0 cap_fver=0 cap_frootid=0OUID="root" OGID="root"
type=PATH msg=audit(1769263912.531:7223): item=1 name="/lib64/ld-linux-x86-64.so.2" inode=1575340 dev=08:02 mode=0100755 ouid=0 ogid=0 rdev=00:00 nametype=NORMAL cap_fp=0 cap_fi=0 cap_fe=0 cap_fver=0 cap_frootid=0OUID="root" OGID="root"
type=PROCTITLE msg=audit(1769263912.531:7223): proctitle=6C73002D6C61
type=SYSCALL msg=audit(1769263912.546:7224): arch=c000003e syscall=59 success=yes exit=0 a0=653e76a1c670 a1=653e76a1cb90 a2=653e76a17520 a3=653e76a1f8c0 items=2 ppid=11465 pid=11742 auid=1000 uid=0 gid=0 euid=0 suid=0 fsuid=0 egid=0 sgid=0 fsgid=0 tty=pts1 ses=3 comm="ls" exe="/usr/bin/ls" subj=unconfined key="process_exec"ARCH=x86_64 SYSCALL=execve AUID="heroic" UID="root" GID="root" EUID="root" SUID="root" FSUID="root" EGID="root" SGID="root" FSGID="root"
type=EXECVE msg=audit(1769263912.546:7224): argc=2 a0="ls" a1="-la"
type=CWD msg=audit(1769263912.546:7224): cwd="/root/hids_benign"
type=PATH msg=audit(1769263912.546:7224): item=0 name="/usr/bin/ls" inode=1578104 dev=08:02 mode=0100755 ouid=0 ogid=0 rdev=00:00 nametype=NORMAL cap_fp=0 cap_fi=0 cap_fe=0 cap_fver=0 cap_frootid=0OUID="root" OGID="root"
type=PATH msg=audit(1769263912.546:7224): item=1 name="/lib64/ld-linux-x86-64.so.2" inode=1575340 dev=08:02 mode=0100755 ouid=0 ogid=0 rdev=00:00 nametype=NORMAL cap_fp=0 cap_fi=0 cap_fe=0 cap_fver=0 cap_frootid=0OUID="root" OGID="root"
type=PROCTITLE msg=audit(1769263912.546:7224): proctitle=6C73002D6C61
type=SYSCALL msg=audit(1769263912.561:7225): arch=c000003e syscall=59 success=yes exit=0 a0=653e76a1f560 a1=653e76a1cb90 a2=653e76a17520 a3=653e76a1f5e0 items=2 ppid=11465 pid=11743 auid=1000 uid=0 gid=0 euid=0 suid=0 fsuid=0 egid=0 sgid=0 fsgid=0 tty=pts1 ses=3 comm="ls" exe="/usr/bin/ls" subj=unconfined key="process_exec"ARCH=x86_64 SYSCALL=execve AUID="heroic" UID="root" GID="root" EUID="root" SUID="root" FSUID="root" EGID="root" SGID="root" FSGID="root"
type=EXECVE msg=audit(1769263912.561:7225): argc=2 a0="ls" a1="-la"
type=CWD msg=audit(1769263912.561:7225): cwd="/root/hids_benign"
type=PATH msg=audit(1769263912.561:7225): item=0 name="/usr/bin/ls" inode=1578104 dev=08:02 mode=0100755 ouid=0 ogid=0 rdev=00:00 nametype=NORMAL cap_fp=0 cap_fi=0 cap_fe=0 cap_fver=0 cap_frootid=0OUID="root" OGID="root"
type=PATH msg=audit(1769263912.561:7225): item=1 name="/lib64/ld-linux-x86-64.so.2" inode=1575340 dev=08:02 mode=0100755 ouid=0 ogid=0 rdev=00:00 nametype=NORMAL cap_fp=0 cap_fi=0 cap_fe=0 cap_fver=0 cap_frootid=0OUID="root" OGID="root"
type=PROCTITLE msg=audit(1769263912.561:7225): proctitle=6C73002D6C61
type=SYSCALL msg=audit(1769263912.584:7226): arch=c000003e syscall=59 success=yes exit=0 a0=653e76a1f8c0 a1=653e76a20e80 a2=653e76a17520 a3=653e76a20760 items=2 ppid=11465 pid=11744 auid=1000 uid=0 gid=0 euid=0 suid=0 fsuid=0 egid=0 sgid=0 fsgid=0 tty=pts1 ses=3 comm="curl" exe="/usr/bin/curl" subj=unconfined key="process_exec"ARCH=x86_64 SYSCALL=execve AUID="heroic" UID="root" GID="root" EUID="root" SUID="root" FSUID="root" EGID="root" SGID="root" FSGID="root"
type=EXECVE msg=audit(1769263912.584:7226): argc=3 a0="curl" a1="-s" a2="https://example.com"
type=CWD msg=audit(1769263912.584:7226): cwd="/root/hids_benign"
type=PATH msg=audit(1769263912.584:7226): item=0 name="/usr/bin/curl" inode=1573697 dev=08:02 mode=0100755 ouid=0 ogid=0 rdev=00:00 nametype=NORMAL cap_fp=0 cap_fi=0 cap_fe=0 cap_fver=0 cap_frootid=0OUID="root" OGID="root"
type=PATH msg=audit(1769263912.584:7226): item=1 name="/lib64/ld-linux-x86-64.so.2" inode=1575340 dev=08:02 mode=0100755 ouid=0 ogid=0 rdev=00:00 nametype=NORMAL cap_fp=0 cap_fi=0 cap_fe=0 cap_fver=0 cap_frootid=0OUID="root" OGID="root"
type=PROCTITLE msg=audit(1769263912.584:7226): proctitle=6375726C002D730068747470733A2F2F6578616D706C652E636F6D
type=SYSCALL msg=audit(1769263912.895:7227): arch=c000003e syscall=59 success=yes exit=0 a0=653e76a1efe0 a1=653e76a20720 a2=653e76a17520 a3=653e76a19d20 items=2 ppid=11465 pid=11746 auid=1000 uid=0 gid=0 euid=0 suid=0 fsuid=0 egid=0 sgid=0 fsgid=0 tty=pts1 ses=3 comm="ssh" exe="/usr/bin/ssh" subj=unconfined key="process_exec"ARCH=x86_64 SYSCALL=execve AUID="heroic" UID="root" GID="root" EUID="root" SUID="root" FSUID="root" EGID="root" SGID="root" FSGID="root"
type=EXECVE msg=audit(1769263912.895:7227): argc=5 a0="ssh" a1="-o" a2="BatchMode=yes" a3="localhost" a4=6563686F205353485F4F4B
type=CWD msg=audit(1769263912.895:7227): cwd="/root/hids_benign"
type=PATH msg=audit(1769263912.895:7227): item=0 name="/usr/bin/ssh" inode=1573390 dev=08:02 mode=0100755 ouid=0 ogid=0 rdev=00:00 nametype=NORMAL cap_fp=0 cap_fi=0 cap_fe=0 cap_fver=0 cap_frootid=0OUID="root" OGID="root"
type=PATH msg=audit(1769263912.895:7227): item=1 name="/lib64/ld-linux-x86-64.so.2" inode=1575340 dev=08:02 mode=0100755 ouid=0 ogid=0 rdev=00:00 nametype=NORMAL cap_fp=0 cap_fi=0 cap_fe=0 cap_fver=0 cap_frootid=0OUID="root" OGID="root"
type=PROCTITLE msg=audit(1769263912.895:7227): proctitle=737368002D6F0042617463684D6F64653D796573006C6F63616C686F7374006563686F205353485F4F4B
type=SYSCALL msg=audit(1769263912.938:7228): arch=c000003e syscall=59 success=yes exit=0 a0=653e76a20760 a1=653e76a1c670 a2=653e76a17520 a3=653e76a1c670 items=2 ppid=11465 pid=11747 auid=1000 uid=0 gid=0 euid=0 suid=0 fsuid=0 egid=0 sgid=0 fsgid=0 tty=pts1 ses=3 comm="sleep" exe="/usr/bin/sleep" subj=unconfined key="process_exec"ARCH=x86_64 SYSCALL=execve AUID="heroic" UID="root" GID="root" EUID="root" SUID="root" FSUID="root" EGID="root" SGID="root" FSGID="root"
type=EXECVE msg=audit(1769263912.938:7228): argc=2 a0="sleep" a1="5"
type=CWD msg=audit(1769263912.938:7228): cwd="/root/hids_benign"
type=PATH msg=audit(1769263912.938:7228): item=0 name="/usr/bin/sleep" inode=1578138 dev=08:02 mode=0100755 ouid=0 ogid=0 rdev=00:00 nametype=NORMAL cap_fp=0 cap_fi=0 cap_fe=0 cap_fver=0 cap_frootid=0OUID="root" OGID="root"
type=PATH msg=audit(1769263912.938:7228): item=1 name="/lib64/ld-linux-x86-64.so.2" inode=1575340 dev=08:02 mode=0100755 ouid=0 ogid=0 rdev=00:00 nametype=NORMAL cap_fp=0 cap_fi=0 cap_fe=0 cap_fver=0 cap_frootid=0OUID="root" OGID="root"
type=PROCTITLE msg=audit(1769263912.938:7228): proctitle=736C6565700035
type=SYSCALL msg=audit(1769263917.958:7229): arch=c000003e syscall=59 success=yes exit=0 a0=653e76a20760 a1=653e76a1f0e0 a2=653e76a17520 a3=653e76a1f640 items=2 ppid=11465 pid=11748 auid=1000 uid=0 gid=0 euid=0 suid=0 fsuid=0 egid=0 sgid=0 fsgid=0 tty=pts1 ses=3 comm="rm" exe="/usr/bin/rm" subj=unconfined key="process_exec"ARCH=x86_64 SYSCALL=execve AUID="heroic" UID="root" GID="root" EUID="root" SUID="root" FSUID="root" EGID="root" SGID="root" FSGID="root"
type=EXECVE msg=audit(1769263917.958:7229): argc=14 a0="rm" a1="-f" a2="file_10.txt" a3="file_1.txt" a4="file_2.txt" a5="file_3.txt" a6="file_4.txt" a7="file_5.txt" a8="file_6.txt" a9="file_7.txt" a10="file_8.txt" a11="file_9.txt" a12="webpage.html" a13="dir_list.log"
type=CWD msg=audit(1769263917.958:7229): cwd="/root/hids_benign"
type=PATH msg=audit(1769263917.958:7229): item=0 name="/usr/bin/rm" inode=1578127 dev=08:02 mode=0100755 ouid=0 ogid=0 rdev=00:00 nametype=NORMAL cap_fp=0 cap_fi=0 cap_fe=0 cap_fver=0 cap_frootid=0OUID="root" OGID="root"
type=PATH msg=audit(1769263917.958:7229): item=1 name="/lib64/ld-linux-x86-64.so.2" inode=1575340 dev=08:02 mode=0100755 ouid=0 ogid=0 rdev=00:00 nametype=NORMAL cap_fp=0 cap_fi=0 cap_fe=0 cap_fver=0 cap_frootid=0OUID="root" OGID="root"
type=PROCTITLE msg=audit(1769263917.958:7229): proctitle=726D002D660066696C655F31302E7478740066696C655F312E7478740066696C655F322E7478740066696C655F332E7478740066696C655F342E7478740066696C655F352E7478740066696C655F362E7478740066696C655F372E7478740066696C655F382E7478740066696C655F392E74787400776562706167652E68746D
type=SYSCALL msg=audit(1769263917.977:7230): arch=c000003e syscall=59 success=yes exit=0 a0=653e76a1c670 a1=653e76a19d20 a2=653e76a17520 a3=653e76a19d20 items=2 ppid=11465 pid=11749 auid=1000 uid=0 gid=0 euid=0 suid=0 fsuid=0 egid=0 sgid=0 fsgid=0 tty=pts1 ses=3 comm="rmdir" exe="/usr/bin/rmdir" subj=unconfined key="process_exec"ARCH=x86_64 SYSCALL=execve AUID="heroic" UID="root" GID="root" EUID="root" SUID="root" FSUID="root" EGID="root" SGID="root" FSGID="root"
type=EXECVE msg=audit(1769263917.977:7230): argc=2 a0="rmdir" a1="/root/hids_benign"
type=CWD msg=audit(1769263917.977:7230): cwd="/root/hids_benign"
type=PATH msg=audit(1769263917.977:7230): item=0 name="/usr/bin/rmdir" inode=1578128 dev=08:02 mode=0100755 ouid=0 ogid=0 rdev=00:00 nametype=NORMAL cap_fp=0 cap_fi=0 cap_fe=0 cap_fver=0 cap_frootid=0OUID="root" OGID="root"
type=PATH msg=audit(1769263917.977:7230): item=1 name="/lib64/ld-linux-x86-64.so.2" inode=1575340 dev=08:02 mode=0100755 ouid=0 ogid=0 rdev=00:00 nametype=NORMAL cap_fp=0 cap_fi=0 cap_fe=0 cap_fver=0 cap_frootid=0OUID="root" OGID="root"
type=PROCTITLE msg=audit(1769263917.977:7230): proctitle=726D646972002F726F6F742F686964735F62656E69676E
type=SYSCALL msg=audit(1769263918.002:7231): arch=c000003e syscall=59 success=yes exit=0 a0=653e76a1f8c0 a1=653e76a1f560 a2=653e76a17520 a3=653e76a1f560 items=2 ppid=11465 pid=11750 auid=1000 uid=0 gid=0 euid=0 suid=0 fsuid=0 egid=0 sgid=0 fsgid=0 tty=pts1 ses=3 comm="sleep" exe="/usr/bin/sleep" subj=unconfined key="process_exec"ARCH=x86_64 SYSCALL=execve AUID="heroic" UID="root" GID="root" EUID="root" SUID="root" FSUID="root" EGID="root" SGID="root" FSGID="root"
type=EXECVE msg=audit(1769263918.002:7231): argc=2 a0="sleep" a1="60"
type=CWD msg=audit(1769263918.002:7231): cwd=2F726F6F742F686964735F62656E69676E202864656C6574656429
type=PATH msg=audit(1769263918.002:7231): item=0 name="/usr/bin/sleep" inode=1578138 dev=08:02 mode=0100755 ouid=0 ogid=0 rdev=00:00 nametype=NORMAL cap_fp=0 cap_fi=0 cap_fe=0 cap_fver=0 cap_frootid=0OUID="root" OGID="root"
type=PATH msg=audit(1769263918.002:7231): item=1 name="/lib64/ld-linux-x86-64.so.2" inode=1575340 dev=08:02 mode=0100755 ouid=0 ogid=0 rdev=00:00 nametype=NORMAL cap_fp=0 cap_fi=0 cap_fe=0 cap_fver=0 cap_frootid=0OUID="root" OGID="root"
type=PROCTITLE msg=audit(1769263918.002:7231): proctitle=736C656570003630
type=SYSCALL msg=audit(1769263978.020:7232): arch=c000003e syscall=59 success=yes exit=0 a0=653e76a20310 a1=653e76a1fdc0 a2=653e76a17520 a3=653e76a1f3c0 items=2 ppid=11465 pid=11757 auid=1000 uid=0 gid=0 euid=0 suid=0 fsuid=0 egid=0 sgid=0 fsgid=0 tty=pts1 ses=3 comm="mkdir" exe="/usr/bin/mkdir" subj=unconfined key="process_exec"ARCH=x86_64 SYSCALL=execve AUID="heroic" UID="root" GID="root" EUID="root" SUID="root" FSUID="root" EGID="root" SGID="root" FSGID="root"
type=EXECVE msg=audit(1769263978.020:7232): argc=3 a0="mkdir" a1="-p" a2="/root/hids_benign"
type=CWD msg=audit(1769263978.020:7232): cwd=2F726F6F742F686964735F62656E69676E202864656C6574656429
type=PATH msg=audit(1769263978.020:7232): item=0 name="/usr/bin/mkdir" inode=1578106 dev=08:02 mode=0100755 ouid=0 ogid=0 rdev=00:00 nametype=NORMAL cap_fp=0 cap_fi=0 cap_fe=0 cap_fver=0 cap_frootid=0OUID="root" OGID="root"
type=PATH msg=audit(1769263978.020:7232): item=1 name="/lib64/ld-linux-x86-64.so.2" inode=1575340 dev=08:02 mode=0100755 ouid=0 ogid=0 rdev=00:00 nametype=NORMAL cap_fp=0 cap_fi=0 cap_fe=0 cap_fver=0 cap_frootid=0OUID="root" OGID="root"
type=PROCTITLE msg=audit(1769263978.020:7232): proctitle=6D6B646972002D70002F726F6F742F686964735F62656E69676E
type=SYSCALL msg=audit(1769263978.042:7233): arch=c000003e syscall=59 success=yes exit=0 a0=653e76a1c6b0 a1=653e76a207a0 a2=653e76a17520 a3=653e76a207a0 items=2 ppid=11465 pid=11758 auid=1000 uid=0 gid=0 euid=0 suid=0 fsuid=0 egid=0 sgid=0 fsgid=0 tty=pts1 ses=3 comm="cat" exe="/usr/bin/cat" subj=unconfined key="process_exec"ARCH=x86_64 SYSCALL=execve AUID="heroic" UID="root" GID="root" EUID="root" SUID="root" FSUID="root" EGID="root" SGID="root" FSGID="root"
type=EXECVE msg=audit(1769263978.042:7233): argc=2 a0="cat" a1="file_1.txt"
type=CWD msg=audit(1769263978.042:7233): cwd="/root/hids_benign"
type=PATH msg=audit(1769263978.042:7233): item=0 name="/usr/bin/cat" inode=1578016 dev=08:02 mode=0100755 ouid=0 ogid=0 rdev=00:00 nametype=NORMAL cap_fp=0 cap_fi=0 cap_fe=0 cap_fver=0 cap_frootid=0OUID="root" OGID="root"
type=PATH msg=audit(1769263978.042:7233): item=1 name="/lib64/ld-linux-x86-64.so.2" inode=1575340 dev=08:02 mode=0100755 ouid=0 ogid=0 rdev=00:00 nametype=NORMAL cap_fp=0 cap_fi=0 cap_fe=0 cap_fver=0 cap_frootid=0OUID="root" OGID="root"
type=PROCTITLE msg=audit(1769263978.042:7233): proctitle=6361740066696C655F312E747874
type=SYSCALL msg=audit(1769263978.068:7234): arch=c000003e syscall=59 success=yes exit=0 a0=653e76a207a0 a1=653e76a1fd80 a2=653e76a17520 a3=653e76a1fd80 items=2 ppid=11465 pid=11759 auid=1000 uid=0 gid=0 euid=0 suid=0 fsuid=0 egid=0 sgid=0 fsgid=0 tty=pts1 ses=3 comm="cat" exe="/usr/bin/cat" subj=unconfined key="process_exec"ARCH=x86_64 SYSCALL=execve AUID="heroic" UID="root" GID="root" EUID="root" SUID="root" FSUID="root" EGID="root" SGID="root" FSGID="root"
type=EXECVE msg=audit(1769263978.068:7234): argc=2 a0="cat" a1="file_2.txt"
type=CWD msg=audit(1769263978.068:7234): cwd="/root/hids_benign"
type=PATH msg=audit(1769263978.068:7234): item=0 name="/usr/bin/cat" inode=1578016 dev=08:02 mode=0100755 ouid=0 ogid=0 rdev=00:00 nametype=NORMAL cap_fp=0 cap_fi=0 cap_fe=0 cap_fver=0 cap_frootid=0OUID="root" OGID="root"
type=PATH msg=audit(1769263978.068:7234): item=1 name="/lib64/ld-linux-x86-64.so.2" inode=1575340 dev=08:02 mode=0100755 ouid=0 ogid=0 rdev=00:00 nametype=NORMAL cap_fp=0 cap_fi=0 cap_fe=0 cap_fver=0 cap_frootid=0OUID="root" OGID="root"
type=PROCTITLE msg=audit(1769263978.068:7234): proctitle=6361740066696C655F322E747874
type=SYSCALL msg=audit(1769263978.100:7235): arch=c000003e syscall=59 success=yes exit=0 a0=653e76a1fd80 a1=653e76a1c6b0 a2=653e76a17520 a3=653e76a1c6b0 items=2 ppid=11465 pid=11760 auid=1000 uid=0 gid=0 euid=0 suid=0 fsuid=0 egid=0 sgid=0 fsgid=0 tty=pts1 ses=3 comm="cat" exe="/usr/bin/cat" subj=unconfined key="process_exec"ARCH=x86_64 SYSCALL=execve AUID="heroic" UID="root" GID="root" EUID="root" SUID="root" FSUID="root" EGID="root" SGID="root" FSGID="root"
type=EXECVE msg=audit(1769263978.100:7235): argc=2 a0="cat" a1="file_3.txt"
type=CWD msg=audit(1769263978.100:7235): cwd="/root/hids_benign"
type=PATH msg=audit(1769263978.100:7235): item=0 name="/usr/bin/cat" inode=1578016 dev=08:02 mode=0100755 ouid=0 ogid=0 rdev=00:00 nametype=NORMAL cap_fp=0 cap_fi=0 cap_fe=0 cap_fver=0 cap_frootid=0OUID="root" OGID="root"
type=PATH msg=audit(1769263978.100:7235): item=1 name="/lib64/ld-linux-x86-64.so.2" inode=1575340 dev=08:02 mode=0100755 ouid=0 ogid=0 rdev=00:00 nametype=NORMAL cap_fp=0 cap_fi=0 cap_fe=0 cap_fver=0 cap_frootid=0OUID="root" OGID="root"
type=PROCTITLE msg=audit(1769263978.100:7235): proctitle=6361740066696C655F332E747874
type=SYSCALL msg=audit(1769263978.120:7236): arch=c000003e syscall=59 success=yes exit=0 a0=653e76a1c6b0 a1=653e76a207a0 a2=653e76a17520 a3=653e76a207a0 items=2 ppid=11465 pid=11761 auid=1000 uid=0 gid=0 euid=0 suid=0 fsuid=0 egid=0 sgid=0 fsgid=0 tty=pts1 ses=3 comm="cat" exe="/usr/bin/cat" subj=unconfined key="process_exec"ARCH=x86_64 SYSCALL=execve AUID="heroic" UID="root" GID="root" EUID="root" SUID="root" FSUID="root" EGID="root" SGID="root" FSGID="root"
type=EXECVE msg=audit(1769263978.120:7236): argc=2 a0="cat" a1="file_4.txt"
type=CWD msg=audit(1769263978.120:7236): cwd="/root/hids_benign"
type=PATH msg=audit(1769263978.120:7236): item=0 name="/usr/bin/cat" inode=1578016 dev=08:02 mode=0100755 ouid=0 ogid=0 rdev=00:00 nametype=NORMAL cap_fp=0 cap_fi=0 cap_fe=0 cap_fver=0 cap_frootid=0OUID="root" OGID="root"
type=PATH msg=audit(1769263978.120:7236): item=1 name="/lib64/ld-linux-x86-64.so.2" inode=1575340 dev=08:02 mode=0100755 ouid=0 ogid=0 rdev=00:00 nametype=NORMAL cap_fp=0 cap_fi=0 cap_fe=0 cap_fver=0 cap_frootid=0OUID="root" OGID="root"
type=PROCTITLE msg=audit(1769263978.120:7236): proctitle=6361740066696C655F342E747874
type=SYSCALL msg=audit(1769263978.142:7237): arch=c000003e syscall=59 success=yes exit=0 a0=653e76a207a0 a1=653e76a1fd80 a2=653e76a17520 a3=653e76a1fd80 items=2 ppid=11465 pid=11762 auid=1000 uid=0 gid=0 euid=0 suid=0 fsuid=0 egid=0 sgid=0 fsgid=0 tty=pts1 ses=3 comm="cat" exe="/usr/bin/cat" subj=unconfined key="process_exec"ARCH=x86_64 SYSCALL=execve AUID="heroic" UID="root" GID="root" EUID="root" SUID="root" FSUID="root" EGID="root" SGID="root" FSGID="root"
type=EXECVE msg=audit(1769263978.142:7237): argc=2 a0="cat" a1="file_5.txt"
type=CWD msg=audit(1769263978.142:7237): cwd="/root/hids_benign"
type=PATH msg=audit(1769263978.142:7237): item=0 name="/usr/bin/cat" inode=1578016 dev=08:02 mode=0100755 ouid=0 ogid=0 rdev=00:00 nametype=NORMAL cap_fp=0 cap_fi=0 cap_fe=0 cap_fver=0 cap_frootid=0OUID="root" OGID="root"
type=PATH msg=audit(1769263978.142:7237): item=1 name="/lib64/ld-linux-x86-64.so.2" inode=1575340 dev=08:02 mode=0100755 ouid=0 ogid=0 rdev=00:00 nametype=NORMAL cap_fp=0 cap_fi=0 cap_fe=0 cap_fver=0 cap_frootid=0OUID="root" OGID="root"
type=PROCTITLE msg=audit(1769263978.142:7237): proctitle=6361740066696C655F352E747874
type=SYSCALL msg=audit(1769263978.171:7238): arch=c000003e syscall=59 success=yes exit=0 a0=653e76a1fd80 a1=653e76a1c6b0 a2=653e76a17520 a3=653e76a1c6b0 items=2 ppid=11465 pid=11763 auid=1000 uid=0 gid=0 euid=0 suid=0 fsuid=0 egid=0 sgid=0 fsgid=0 tty=pts1 ses=3 comm="cat" exe="/usr/bin/cat" subj=unconfined key="process_exec"ARCH=x86_64 SYSCALL=execve AUID="heroic" UID="root" GID="root" EUID="root" SUID="root" FSUID="root" EGID="root" SGID="root" FSGID="root"
type=EXECVE msg=audit(1769263978.171:7238): argc=2 a0="cat" a1="file_6.txt"
type=CWD msg=audit(1769263978.171:7238): cwd="/root/hids_benign"
type=PATH msg=audit(1769263978.171:7238): item=0 name="/usr/bin/cat" inode=1578016 dev=08:02 mode=0100755 ouid=0 ogid=0 rdev=00:00 nametype=NORMAL cap_fp=0 cap_fi=0 cap_fe=0 cap_fver=0 cap_frootid=0OUID="root" OGID="root"
type=PATH msg=audit(1769263978.171:7238): item=1 name="/lib64/ld-linux-x86-64.so.2" inode=1575340 dev=08:02 mode=0100755 ouid=0 ogid=0 rdev=00:00 nametype=NORMAL cap_fp=0 cap_fi=0 cap_fe=0 cap_fver=0 cap_frootid=0OUID="root" OGID="root"
type=PROCTITLE msg=audit(1769263978.171:7238): proctitle=6361740066696C655F362E747874
type=SYSCALL msg=audit(1769263978.251:7239): arch=c000003e syscall=59 success=yes exit=0 a0=653e76a1c6b0 a1=653e76a207a0 a2=653e76a17520 a3=653e76a207a0 items=2 ppid=11465 pid=11764 auid=1000 uid=0 gid=0 euid=0 suid=0 fsuid=0 egid=0 sgid=0 fsgid=0 tty=pts1 ses=3 comm="cat" exe="/usr/bin/cat" subj=unconfined key="process_exec"ARCH=x86_64 SYSCALL=execve AUID="heroic" UID="root" GID="root" EUID="root" SUID="root" FSUID="root" EGID="root" SGID="root" FSGID="root"
type=EXECVE msg=audit(1769263978.251:7239): argc=2 a0="cat" a1="file_7.txt"
type=CWD msg=audit(1769263978.251:7239): cwd="/root/hids_benign"
type=PATH msg=audit(1769263978.251:7239): item=0 name="/usr/bin/cat" inode=1578016 dev=08:02 mode=0100755 ouid=0 ogid=0 rdev=00:00 nametype=NORMAL cap_fp=0 cap_fi=0 cap_fe=0 cap_fver=0 cap_frootid=0OUID="root" OGID="root"
type=PATH msg=audit(1769263978.251:7239): item=1 name="/lib64/ld-linux-x86-64.so.2" inode=1575340 dev=08:02 mode=0100755 ouid=0 ogid=0 rdev=00:00 nametype=NORMAL cap_fp=0 cap_fi=0 cap_fe=0 cap_fver=0 cap_frootid=0OUID="root" OGID="root"
type=PROCTITLE msg=audit(1769263978.251:7239): proctitle=6361740066696C655F372E747874
type=SYSCALL msg=audit(1769263978.281:7240): arch=c000003e syscall=59 success=yes exit=0 a0=653e76a207a0 a1=653e76a1fd80 a2=653e76a17520 a3=653e76a1fd80 items=2 ppid=11465 pid=11765 auid=1000 uid=0 gid=0 euid=0 suid=0 fsuid=0 egid=0 sgid=0 fsgid=0 tty=pts1 ses=3 comm="cat" exe="/usr/bin/cat" subj=unconfined key="process_exec"ARCH=x86_64 SYSCALL=execve AUID="heroic" UID="root" GID="root" EUID="root" SUID="root" FSUID="root" EGID="root" SGID="root" FSGID="root"
type=EXECVE msg=audit(1769263978.281:7240): argc=2 a0="cat" a1="file_8.txt"
type=CWD msg=audit(1769263978.281:7240): cwd="/root/hids_benign"
type=PATH msg=audit(1769263978.281:7240): item=0 name="/usr/bin/cat" inode=1578016 dev=08:02 mode=0100755 ouid=0 ogid=0 rdev=00:00 nametype=NORMAL cap_fp=0 cap_fi=0 cap_fe=0 cap_fver=0 cap_frootid=0OUID="root" OGID="root"
type=PATH msg=audit(1769263978.281:7240): item=1 name="/lib64/ld-linux-x86-64.so.2" inode=1575340 dev=08:02 mode=0100755 ouid=0 ogid=0 rdev=00:00 nametype=NORMAL cap_fp=0 cap_fi=0 cap_fe=0 cap_fver=0 cap_frootid=0OUID="root" OGID="root"
type=PROCTITLE msg=audit(1769263978.281:7240): proctitle=6361740066696C655F382E747874
type=SYSCALL msg=audit(1769263978.298:7241): arch=c000003e syscall=59 success=yes exit=0 a0=653e76a1fd80 a1=653e76a1c6b0 a2=653e76a17520 a3=653e76a1c6b0 items=2 ppid=11465 pid=11766 auid=1000 uid=0 gid=0 euid=0 suid=0 fsuid=0 egid=0 sgid=0 fsgid=0 tty=pts1 ses=3 comm="cat" exe="/usr/bin/cat" subj=unconfined key="process_exec"ARCH=x86_64 SYSCALL=execve AUID="heroic" UID="root" GID="root" EUID="root" SUID="root" FSUID="root" EGID="root" SGID="root" FSGID="root"
type=EXECVE msg=audit(1769263978.298:7241): argc=2 a0="cat" a1="file_9.txt"
type=CWD msg=audit(1769263978.298:7241): cwd="/root/hids_benign"
type=PATH msg=audit(1769263978.298:7241): item=0 name="/usr/bin/cat" inode=1578016 dev=08:02 mode=0100755 ouid=0 ogid=0 rdev=00:00 nametype=NORMAL cap_fp=0 cap_fi=0 cap_fe=0 cap_fver=0 cap_frootid=0OUID="root" OGID="root"
type=PATH msg=audit(1769263978.298:7241): item=1 name="/lib64/ld-linux-x86-64.so.2" inode=1575340 dev=08:02 mode=0100755 ouid=0 ogid=0 rdev=00:00 nametype=NORMAL cap_fp=0 cap_fi=0 cap_fe=0 cap_fver=0 cap_frootid=0OUID="root" OGID="root"
type=PROCTITLE msg=audit(1769263978.298:7241): proctitle=6361740066696C655F392E747874
type=SYSCALL msg=audit(1769263978.334:7242): arch=c000003e syscall=59 success=yes exit=0 a0=653e76a1c6b0 a1=653e76a207a0 a2=653e76a17520 a3=653e76a207a0 items=2 ppid=11465 pid=11767 auid=1000 uid=0 gid=0 euid=0 suid=0 fsuid=0 egid=0 sgid=0 fsgid=0 tty=pts1 ses=3 comm="cat" exe="/usr/bin/cat" subj=unconfined key="process_exec"ARCH=x86_64 SYSCALL=execve AUID="heroic" UID="root" GID="root" EUID="root" SUID="root" FSUID="root" EGID="root" SGID="root" FSGID="root"
type=EXECVE msg=audit(1769263978.334:7242): argc=2 a0="cat" a1="file_10.txt"
type=CWD msg=audit(1769263978.334:7242): cwd="/root/hids_benign"
type=PATH msg=audit(1769263978.334:7242): item=0 name="/usr/bin/cat" inode=1578016 dev=08:02 mode=0100755 ouid=0 ogid=0 rdev=00:00 nametype=NORMAL cap_fp=0 cap_fi=0 cap_fe=0 cap_fver=0 cap_frootid=0OUID="root" OGID="root"
type=PATH msg=audit(1769263978.334:7242): item=1 name="/lib64/ld-linux-x86-64.so.2" inode=1575340 dev=08:02 mode=0100755 ouid=0 ogid=0 rdev=00:00 nametype=NORMAL cap_fp=0 cap_fi=0 cap_fe=0 cap_fver=0 cap_frootid=0OUID="root" OGID="root"
type=PROCTITLE msg=audit(1769263978.334:7242): proctitle=6361740066696C655F31302E747874
type=SYSCALL msg=audit(1769263978.347:7243): arch=c000003e syscall=59 success=yes exit=0 a0=653e76a1f320 a1=653e76a21120 a2=653e76a17520 a3=0 items=2 ppid=11465 pid=11768 auid=1000 uid=0 gid=0 euid=0 suid=0 fsuid=0 egid=0 sgid=0 fsgid=0 tty=pts1 ses=3 comm="vim" exe="/usr/bin/vim.basic" subj=unconfined key="process_exec"ARCH=x86_64 SYSCALL=execve AUID="heroic" UID="root" GID="root" EUID="root" SUID="root" FSUID="root" EGID="root" SGID="root" FSGID="root"
type=EXECVE msg=audit(1769263978.347:7243): argc=3 a0="vim" a1="-es" a2="file_1.txt"
type=CWD msg=audit(1769263978.347:7243): cwd="/root/hids_benign"
type=PATH msg=audit(1769263978.347:7243): item=0 name="/usr/bin/vim" inode=1575517 dev=08:02 mode=0100755 ouid=0 ogid=0 rdev=00:00 nametype=NORMAL cap_fp=0 cap_fi=0 cap_fe=0 cap_fver=0 cap_frootid=0OUID="root" OGID="root"
type=PATH msg=audit(1769263978.347:7243): item=1 name="/lib64/ld-linux-x86-64.so.2" inode=1575340 dev=08:02 mode=0100755 ouid=0 ogid=0 rdev=00:00 nametype=NORMAL cap_fp=0 cap_fi=0 cap_fe=0 cap_fver=0 cap_frootid=0OUID="root" OGID="root"
type=PROCTITLE msg=audit(1769263978.347:7243): proctitle=76696D002D65730066696C655F312E747874
type=SYSCALL msg=audit(1769263978.397:7244): arch=c000003e syscall=59 success=yes exit=0 a0=653e76a1efa0 a1=653e76a21120 a2=653e76a17520 a3=0 items=2 ppid=11465 pid=11769 auid=1000 uid=0 gid=0 euid=0 suid=0 fsuid=0 egid=0 sgid=0 fsgid=0 tty=pts1 ses=3 comm="vim" exe="/usr/bin/vim.basic" subj=unconfined key="process_exec"ARCH=x86_64 SYSCALL=execve AUID="heroic" UID="root" GID="root" EUID="root" SUID="root" FSUID="root" EGID="root" SGID="root" FSGID="root"
type=EXECVE msg=audit(1769263978.397:7244): argc=3 a0="vim" a1="-es" a2="file_2.txt"
type=CWD msg=audit(1769263978.397:7244): cwd="/root/hids_benign"
type=PATH msg=audit(1769263978.397:7244): item=0 name="/usr/bin/vim" inode=1575517 dev=08:02 mode=0100755 ouid=0 ogid=0 rdev=00:00 nametype=NORMAL cap_fp=0 cap_fi=0 cap_fe=0 cap_fver=0 cap_frootid=0OUID="root" OGID="root"
type=PATH msg=audit(1769263978.397:7244): item=1 name="/lib64/ld-linux-x86-64.so.2" inode=1575340 dev=08:02 mode=0100755 ouid=0 ogid=0 rdev=00:00 nametype=NORMAL cap_fp=0 cap_fi=0 cap_fe=0 cap_fver=0 cap_frootid=0OUID="root" OGID="root"
type=PROCTITLE msg=audit(1769263978.397:7244): proctitle=76696D002D65730066696C655F322E747874
type=SYSCALL msg=audit(1769263978.464:7245): arch=c000003e syscall=59 success=yes exit=0 a0=653e76a20ff0 a1=653e76a21120 a2=653e76a17520 a3=0 items=2 ppid=11465 pid=11770 auid=1000 uid=0 gid=0 euid=0 suid=0 fsuid=0 egid=0 sgid=0 fsgid=0 tty=pts1 ses=3 comm="vim" exe="/usr/bin/vim.basic" subj=unconfined key="process_exec"ARCH=x86_64 SYSCALL=execve AUID="heroic" UID="root" GID="root" EUID="root" SUID="root" FSUID="root" EGID="root" SGID="root" FSGID="root"
type=EXECVE msg=audit(1769263978.464:7245): argc=3 a0="vim" a1="-es" a2="file_3.txt"
type=CWD msg=audit(1769263978.464:7245): cwd="/root/hids_benign"
type=PATH msg=audit(1769263978.464:7245): item=0 name="/usr/bin/vim" inode=1575517 dev=08:02 mode=0100755 ouid=0 ogid=0 rdev=00:00 nametype=NORMAL cap_fp=0 cap_fi=0 cap_fe=0 cap_fver=0 cap_frootid=0OUID="root" OGID="root"
type=PATH msg=audit(1769263978.464:7245): item=1 name="/lib64/ld-linux-x86-64.so.2" inode=1575340 dev=08:02 mode=0100755 ouid=0 ogid=0 rdev=00:00 nametype=NORMAL cap_fp=0 cap_fi=0 cap_fe=0 cap_fver=0 cap_frootid=0OUID="root" OGID="root"
type=PROCTITLE msg=audit(1769263978.464:7245): proctitle=76696D002D65730066696C655F332E747874
type=SYSCALL msg=audit(1769263978.521:7246): arch=c000003e syscall=59 success=yes exit=0 a0=653e76a1fd80 a1=653e76a21120 a2=653e76a17520 a3=0 items=2 ppid=11465 pid=11771 auid=1000 uid=0 gid=0 euid=0 suid=0 fsuid=0 egid=0 sgid=0 fsgid=0 tty=pts1 ses=3 comm="vim" exe="/usr/bin/vim.basic" subj=unconfined key="process_exec"ARCH=x86_64 SYSCALL=execve AUID="heroic" UID="root" GID="root" EUID="root" SUID="root" FSUID="root" EGID="root" SGID="root" FSGID="root"
type=EXECVE msg=audit(1769263978.521:7246): argc=3 a0="vim" a1="-es" a2="file_4.txt"
type=CWD msg=audit(1769263978.521:7246): cwd="/root/hids_benign"
type=PATH msg=audit(1769263978.521:7246): item=0 name="/usr/bin/vim" inode=1575517 dev=08:02 mode=0100755 ouid=0 ogid=0 rdev=00:00 nametype=NORMAL cap_fp=0 cap_fi=0 cap_fe=0 cap_fver=0 cap_frootid=0OUID="root" OGID="root"
type=PATH msg=audit(1769263978.521:7246): item=1 name="/lib64/ld-linux-x86-64.so.2" inode=1575340 dev=08:02 mode=0100755 ouid=0 ogid=0 rdev=00:00 nametype=NORMAL cap_fp=0 cap_fi=0 cap_fe=0 cap_fver=0 cap_frootid=0OUID="root" OGID="root"
type=PROCTITLE msg=audit(1769263978.521:7246): proctitle=76696D002D65730066696C655F342E747874
type=SYSCALL msg=audit(1769263978.620:7247): arch=c000003e syscall=59 success=yes exit=0 a0=653e76a1f320 a1=653e76a21120 a2=653e76a17520 a3=0 items=2 ppid=11465 pid=11772 auid=1000 uid=0 gid=0 euid=0 suid=0 fsuid=0 egid=0 sgid=0 fsgid=0 tty=pts1 ses=3 comm="vim" exe="/usr/bin/vim.basic" subj=unconfined key="process_exec"ARCH=x86_64 SYSCALL=execve AUID="heroic" UID="root" GID="root" EUID="root" SUID="root" FSUID="root" EGID="root" SGID="root" FSGID="root"
type=EXECVE msg=audit(1769263978.620:7247): argc=3 a0="vim" a1="-es" a2="file_5.txt"
type=CWD msg=audit(1769263978.620:7247): cwd="/root/hids_benign"
type=PATH msg=audit(1769263978.620:7247): item=0 name="/usr/bin/vim" inode=1575517 dev=08:02 mode=0100755 ouid=0 ogid=0 rdev=00:00 nametype=NORMAL cap_fp=0 cap_fi=0 cap_fe=0 cap_fver=0 cap_frootid=0OUID="root" OGID="root"
type=PATH msg=audit(1769263978.620:7247): item=1 name="/lib64/ld-linux-x86-64.so.2" inode=1575340 dev=08:02 mode=0100755 ouid=0 ogid=0 rdev=00:00 nametype=NORMAL cap_fp=0 cap_fi=0 cap_fe=0 cap_fver=0 cap_frootid=0OUID="root" OGID="root"
type=PROCTITLE msg=audit(1769263978.620:7247): proctitle=76696D002D65730066696C655F352E747874
type=SYSCALL msg=audit(1769263978.698:7248): arch=c000003e syscall=59 success=yes exit=0 a0=653e76a20310 a1=653e76a20ff0 a2=653e76a17520 a3=653e76a20ff0 items=2 ppid=11465 pid=11773 auid=1000 uid=0 gid=0 euid=0 suid=0 fsuid=0 egid=0 sgid=0 fsgid=0 tty=pts1 ses=3 comm="ls" exe="/usr/bin/ls" subj=unconfined key="process_exec"ARCH=x86_64 SYSCALL=execve AUID="heroic" UID="root" GID="root" EUID="root" SUID="root" FSUID="root" EGID="root" SGID="root" FSGID="root"
type=EXECVE msg=audit(1769263978.698:7248): argc=2 a0="ls" a1="-la"
type=CWD msg=audit(1769263978.698:7248): cwd="/root/hids_benign"
type=PATH msg=audit(1769263978.698:7248): item=0 name="/usr/bin/ls" inode=1578104 dev=08:02 mode=0100755 ouid=0 ogid=0 rdev=00:00 nametype=NORMAL cap_fp=0 cap_fi=0 cap_fe=0 cap_fver=0 cap_frootid=0OUID="root" OGID="root"
type=PATH msg=audit(1769263978.698:7248): item=1 name="/lib64/ld-linux-x86-64.so.2" inode=1575340 dev=08:02 mode=0100755 ouid=0 ogid=0 rdev=00:00 nametype=NORMAL cap_fp=0 cap_fi=0 cap_fe=0 cap_fver=0 cap_frootid=0OUID="root" OGID="root"
type=PROCTITLE msg=audit(1769263978.698:7248): proctitle=6C73002D6C61
type=SYSCALL msg=audit(1769263978.718:7249): arch=c000003e syscall=59 success=yes exit=0 a0=653e76a1d800 a1=653e76a1c780 a2=653e76a17520 a3=653e76a208c0 items=2 ppid=11465 pid=11774 auid=1000 uid=0 gid=0 euid=0 suid=0 fsuid=0 egid=0 sgid=0 fsgid=0 tty=pts1 ses=3 comm="ls" exe="/usr/bin/ls" subj=unconfined key="process_exec"ARCH=x86_64 SYSCALL=execve AUID="heroic" UID="root" GID="root" EUID="root" SUID="root" FSUID="root" EGID="root" SGID="root" FSGID="root"
type=EXECVE msg=audit(1769263978.718:7249): argc=2 a0="ls" a1="-la"
type=CWD msg=audit(1769263978.718:7249): cwd="/root/hids_benign"
type=PATH msg=audit(1769263978.718:7249): item=0 name="/usr/bin/ls" inode=1578104 dev=08:02 mode=0100755 ouid=0 ogid=0 rdev=00:00 nametype=NORMAL cap_fp=0 cap_fi=0 cap_fe=0 cap_fver=0 cap_frootid=0OUID="root" OGID="root"
type=PATH msg=audit(1769263978.718:7249): item=1 name="/lib64/ld-linux-x86-64.so.2" inode=1575340 dev=08:02 mode=0100755 ouid=0 ogid=0 rdev=00:00 nametype=NORMAL cap_fp=0 cap_fi=0 cap_fe=0 cap_fver=0 cap_frootid=0OUID="root" OGID="root"
type=PROCTITLE msg=audit(1769263978.718:7249): proctitle=6C73002D6C61
type=SYSCALL msg=audit(1769263978.732:7250): arch=c000003e syscall=59 success=yes exit=0 a0=653e76a1f320 a1=653e76a1c780 a2=653e76a17520 a3=653e76a1f5e0 items=2 ppid=11465 pid=11775 auid=1000 uid=0 gid=0 euid=0 suid=0 fsuid=0 egid=0 sgid=0 fsgid=0 tty=pts1 ses=3 comm="ls" exe="/usr/bin/ls" subj=unconfined key="process_exec"ARCH=x86_64 SYSCALL=execve AUID="heroic" UID="root" GID="root" EUID="root" SUID="root" FSUID="root" EGID="root" SGID="root" FSGID="root"
type=EXECVE msg=audit(1769263978.732:7250): argc=2 a0="ls" a1="-la"
type=CWD msg=audit(1769263978.732:7250): cwd="/root/hids_benign"
type=PATH msg=audit(1769263978.732:7250): item=0 name="/usr/bin/ls" inode=1578104 dev=08:02 mode=0100755 ouid=0 ogid=0 rdev=00:00 nametype=NORMAL cap_fp=0 cap_fi=0 cap_fe=0 cap_fver=0 cap_frootid=0OUID="root" OGID="root"
type=PATH msg=audit(1769263978.732:7250): item=1 name="/lib64/ld-linux-x86-64.so.2" inode=1575340 dev=08:02 mode=0100755 ouid=0 ogid=0 rdev=00:00 nametype=NORMAL cap_fp=0 cap_fi=0 cap_fe=0 cap_fver=0 cap_frootid=0OUID="root" OGID="root"
type=PROCTITLE msg=audit(1769263978.732:7250): proctitle=6C73002D6C61
type=SYSCALL msg=audit(1769263978.751:7251): arch=c000003e syscall=59 success=yes exit=0 a0=653e76a20170 a1=653e76a1c780 a2=653e76a17520 a3=653e76a20310 items=2 ppid=11465 pid=11776 auid=1000 uid=0 gid=0 euid=0 suid=0 fsuid=0 egid=0 sgid=0 fsgid=0 tty=pts1 ses=3 comm="ls" exe="/usr/bin/ls" subj=unconfined key="process_exec"ARCH=x86_64 SYSCALL=execve AUID="heroic" UID="root" GID="root" EUID="root" SUID="root" FSUID="root" EGID="root" SGID="root" FSGID="root"
type=EXECVE msg=audit(1769263978.751:7251): argc=2 a0="ls" a1="-la"
type=CWD msg=audit(1769263978.751:7251): cwd="/root/hids_benign"
type=PATH msg=audit(1769263978.751:7251): item=0 name="/usr/bin/ls" inode=1578104 dev=08:02 mode=0100755 ouid=0 ogid=0 rdev=00:00 nametype=NORMAL cap_fp=0 cap_fi=0 cap_fe=0 cap_fver=0 cap_frootid=0OUID="root" OGID="root"
type=PATH msg=audit(1769263978.751:7251): item=1 name="/lib64/ld-linux-x86-64.so.2" inode=1575340 dev=08:02 mode=0100755 ouid=0 ogid=0 rdev=00:00 nametype=NORMAL cap_fp=0 cap_fi=0 cap_fe=0 cap_fver=0 cap_frootid=0OUID="root" OGID="root"
type=PROCTITLE msg=audit(1769263978.751:7251): proctitle=6C73002D6C61
type=SYSCALL msg=audit(1769263978.768:7252): arch=c000003e syscall=59 success=yes exit=0 a0=653e76a1ef40 a1=653e76a1c780 a2=653e76a17520 a3=653e76a1d800 items=2 ppid=11465 pid=11777 auid=1000 uid=0 gid=0 euid=0 suid=0 fsuid=0 egid=0 sgid=0 fsgid=0 tty=pts1 ses=3 comm="ls" exe="/usr/bin/ls" subj=unconfined key="process_exec"ARCH=x86_64 SYSCALL=execve AUID="heroic" UID="root" GID="root" EUID="root" SUID="root" FSUID="root" EGID="root" SGID="root" FSGID="root"
type=EXECVE msg=audit(1769263978.768:7252): argc=2 a0="ls" a1="-la"
type=CWD msg=audit(1769263978.768:7252): cwd="/root/hids_benign"
type=PATH msg=audit(1769263978.768:7252): item=0 name="/usr/bin/ls" inode=1578104 dev=08:02 mode=0100755 ouid=0 ogid=0 rdev=00:00 nametype=NORMAL cap_fp=0 cap_fi=0 cap_fe=0 cap_fver=0 cap_frootid=0OUID="root" OGID="root"
type=PATH msg=audit(1769263978.768:7252): item=1 name="/lib64/ld-linux-x86-64.so.2" inode=1575340 dev=08:02 mode=0100755 ouid=0 ogid=0 rdev=00:00 nametype=NORMAL cap_fp=0 cap_fi=0 cap_fe=0 cap_fver=0 cap_frootid=0OUID="root" OGID="root"
type=PROCTITLE msg=audit(1769263978.768:7252): proctitle=6C73002D6C61
type=SYSCALL msg=audit(1769263978.787:7253): arch=c000003e syscall=59 success=yes exit=0 a0=653e76a20310 a1=653e76a200b0 a2=653e76a17520 a3=653e76a1f320 items=2 ppid=11465 pid=11778 auid=1000 uid=0 gid=0 euid=0 suid=0 fsuid=0 egid=0 sgid=0 fsgid=0 tty=pts1 ses=3 comm="curl" exe="/usr/bin/curl" subj=unconfined key="process_exec"ARCH=x86_64 SYSCALL=execve AUID="heroic" UID="root" GID="root" EUID="root" SUID="root" FSUID="root" EGID="root" SGID="root" FSGID="root"
type=EXECVE msg=audit(1769263978.787:7253): argc=3 a0="curl" a1="-s" a2="https://example.com"
type=CWD msg=audit(1769263978.787:7253): cwd="/root/hids_benign"
type=PATH msg=audit(1769263978.787:7253): item=0 name="/usr/bin/curl" inode=1573697 dev=08:02 mode=0100755 ouid=0 ogid=0 rdev=00:00 nametype=NORMAL cap_fp=0 cap_fi=0 cap_fe=0 cap_fver=0 cap_frootid=0OUID="root" OGID="root"
type=PATH msg=audit(1769263978.787:7253): item=1 name="/lib64/ld-linux-x86-64.so.2" inode=1575340 dev=08:02 mode=0100755 ouid=0 ogid=0 rdev=00:00 nametype=NORMAL cap_fp=0 cap_fi=0 cap_fe=0 cap_fver=0 cap_frootid=0OUID="root" OGID="root"
type=PROCTITLE msg=audit(1769263978.787:7253): proctitle=6375726C002D730068747470733A2F2F6578616D706C652E636F6D
type=SYSCALL msg=audit(1769263979.075:7254): arch=c000003e syscall=59 success=yes exit=0 a0=653e76a1c670 a1=653e76a20b40 a2=653e76a17520 a3=653e76a1f380 items=2 ppid=11465 pid=11780 auid=1000 uid=0 gid=0 euid=0 suid=0 fsuid=0 egid=0 sgid=0 fsgid=0 tty=pts1 ses=3 comm="ssh" exe="/usr/bin/ssh" subj=unconfined key="process_exec"ARCH=x86_64 SYSCALL=execve AUID="heroic" UID="root" GID="root" EUID="root" SUID="root" FSUID="root" EGID="root" SGID="root" FSGID="root"
type=EXECVE msg=audit(1769263979.075:7254): argc=5 a0="ssh" a1="-o" a2="BatchMode=yes" a3="localhost" a4=6563686F205353485F4F4B
type=CWD msg=audit(1769263979.075:7254): cwd="/root/hids_benign"
type=PATH msg=audit(1769263979.075:7254): item=0 name="/usr/bin/ssh" inode=1573390 dev=08:02 mode=0100755 ouid=0 ogid=0 rdev=00:00 nametype=NORMAL cap_fp=0 cap_fi=0 cap_fe=0 cap_fver=0 cap_frootid=0OUID="root" OGID="root"
type=PATH msg=audit(1769263979.075:7254): item=1 name="/lib64/ld-linux-x86-64.so.2" inode=1575340 dev=08:02 mode=0100755 ouid=0 ogid=0 rdev=00:00 nametype=NORMAL cap_fp=0 cap_fi=0 cap_fe=0 cap_fver=0 cap_frootid=0OUID="root" OGID="root"
type=PROCTITLE msg=audit(1769263979.075:7254): proctitle=737368002D6F0042617463684D6F64653D796573006C6F63616C686F7374006563686F205353485F4F4B
type=SYSCALL msg=audit(1769263979.107:7255): arch=c000003e syscall=59 success=yes exit=0 a0=653e76a1f320 a1=653e76a20170 a2=653e76a17520 a3=653e76a20170 items=2 ppid=11465 pid=11781 auid=1000 uid=0 gid=0 euid=0 suid=0 fsuid=0 egid=0 sgid=0 fsgid=0 tty=pts1 ses=3 comm="sleep" exe="/usr/bin/sleep" subj=unconfined key="process_exec"ARCH=x86_64 SYSCALL=execve AUID="heroic" UID="root" GID="root" EUID="root" SUID="root" FSUID="root" EGID="root" SGID="root" FSGID="root"
type=EXECVE msg=audit(1769263979.107:7255): argc=2 a0="sleep" a1="5"
type=CWD msg=audit(1769263979.107:7255): cwd="/root/hids_benign"
type=PATH msg=audit(1769263979.107:7255): item=0 name="/usr/bin/sleep" inode=1578138 dev=08:02 mode=0100755 ouid=0 ogid=0 rdev=00:00 nametype=NORMAL cap_fp=0 cap_fi=0 cap_fe=0 cap_fver=0 cap_frootid=0OUID="root" OGID="root"
type=PATH msg=audit(1769263979.107:7255): item=1 name="/lib64/ld-linux-x86-64.so.2" inode=1575340 dev=08:02 mode=0100755 ouid=0 ogid=0 rdev=00:00 nametype=NORMAL cap_fp=0 cap_fi=0 cap_fe=0 cap_fver=0 cap_frootid=0OUID="root" OGID="root"
type=PROCTITLE msg=audit(1769263979.107:7255): proctitle=736C6565700035
type=SYSCALL msg=audit(1769263984.140:7256): arch=c000003e syscall=59 success=yes exit=0 a0=653e76a1f320 a1=653e76a1d5c0 a2=653e76a17520 a3=653e76a1f640 items=2 ppid=11465 pid=11782 auid=1000 uid=0 gid=0 euid=0 suid=0 fsuid=0 egid=0 sgid=0 fsgid=0 tty=pts1 ses=3 comm="rm" exe="/usr/bin/rm" subj=unconfined key="process_exec"ARCH=x86_64 SYSCALL=execve AUID="heroic" UID="root" GID="root" EUID="root" SUID="root" FSUID="root" EGID="root" SGID="root" FSGID="root"
type=EXECVE msg=audit(1769263984.140:7256): argc=14 a0="rm" a1="-f" a2="file_10.txt" a3="file_1.txt" a4="file_2.txt" a5="file_3.txt" a6="file_4.txt" a7="file_5.txt" a8="file_6.txt" a9="file_7.txt" a10="file_8.txt" a11="file_9.txt" a12="webpage.html" a13="dir_list.log"
type=CWD msg=audit(1769263984.140:7256): cwd="/root/hids_benign"
type=PATH msg=audit(1769263984.140:7256): item=0 name="/usr/bin/rm" inode=1578127 dev=08:02 mode=0100755 ouid=0 ogid=0 rdev=00:00 nametype=NORMAL cap_fp=0 cap_fi=0 cap_fe=0 cap_fver=0 cap_frootid=0OUID="root" OGID="root"
type=PATH msg=audit(1769263984.140:7256): item=1 name="/lib64/ld-linux-x86-64.so.2" inode=1575340 dev=08:02 mode=0100755 ouid=0 ogid=0 rdev=00:00 nametype=NORMAL cap_fp=0 cap_fi=0 cap_fe=0 cap_fver=0 cap_frootid=0OUID="root" OGID="root"
type=PROCTITLE msg=audit(1769263984.140:7256): proctitle=726D002D660066696C655F31302E7478740066696C655F312E7478740066696C655F322E7478740066696C655F332E7478740066696C655F342E7478740066696C655F352E7478740066696C655F362E7478740066696C655F372E7478740066696C655F382E7478740066696C655F392E74787400776562706167652E68746D
type=SYSCALL msg=audit(1769263984.153:7257): arch=c000003e syscall=59 success=yes exit=0 a0=653e76a20170 a1=653e76a1f380 a2=653e76a17520 a3=653e76a1f380 items=2 ppid=11465 pid=11783 auid=1000 uid=0 gid=0 euid=0 suid=0 fsuid=0 egid=0 sgid=0 fsgid=0 tty=pts1 ses=3 comm="rmdir" exe="/usr/bin/rmdir" subj=unconfined key="process_exec"ARCH=x86_64 SYSCALL=execve AUID="heroic" UID="root" GID="root" EUID="root" SUID="root" FSUID="root" EGID="root" SGID="root" FSGID="root"
type=EXECVE msg=audit(1769263984.153:7257): argc=2 a0="rmdir" a1="/root/hids_benign"
type=CWD msg=audit(1769263984.153:7257): cwd="/root/hids_benign"
type=PATH msg=audit(1769263984.153:7257): item=0 name="/usr/bin/rmdir" inode=1578128 dev=08:02 mode=0100755 ouid=0 ogid=0 rdev=00:00 nametype=NORMAL cap_fp=0 cap_fi=0 cap_fe=0 cap_fver=0 cap_frootid=0OUID="root" OGID="root"
type=PATH msg=audit(1769263984.153:7257): item=1 name="/lib64/ld-linux-x86-64.so.2" inode=1575340 dev=08:02 mode=0100755 ouid=0 ogid=0 rdev=00:00 nametype=NORMAL cap_fp=0 cap_fi=0 cap_fe=0 cap_fver=0 cap_frootid=0OUID="root" OGID="root"
type=PROCTITLE msg=audit(1769263984.153:7257): proctitle=726D646972002F726F6F742F686964735F62656E69676E
type=SYSCALL msg=audit(1769263984.180:7258): arch=c000003e syscall=59 success=yes exit=0 a0=653e76a20310 a1=653e76a1ef40 a2=653e76a17520 a3=653e76a1ef40 items=2 ppid=11465 pid=11784 auid=1000 uid=0 gid=0 euid=0 suid=0 fsuid=0 egid=0 sgid=0 fsgid=0 tty=pts1 ses=3 comm="sleep" exe="/usr/bin/sleep" subj=unconfined key="process_exec"ARCH=x86_64 SYSCALL=execve AUID="heroic" UID="root" GID="root" EUID="root" SUID="root" FSUID="root" EGID="root" SGID="root" FSGID="root"
type=EXECVE msg=audit(1769263984.180:7258): argc=2 a0="sleep" a1="60"
type=CWD msg=audit(1769263984.180:7258): cwd=2F726F6F742F686964735F62656E69676E202864656C6574656429
type=PATH msg=audit(1769263984.180:7258): item=0 name="/usr/bin/sleep" inode=1578138 dev=08:02 mode=0100755 ouid=0 ogid=0 rdev=00:00 nametype=NORMAL cap_fp=0 cap_fi=0 cap_fe=0 cap_fver=0 cap_frootid=0OUID="root" OGID="root"
type=PATH msg=audit(1769263984.180:7258): item=1 name="/lib64/ld-linux-x86-64.so.2" inode=1575340 dev=08:02 mode=0100755 ouid=0 ogid=0 rdev=00:00 nametype=NORMAL cap_fp=0 cap_fi=0 cap_fe=0 cap_fver=0 cap_frootid=0OUID="root" OGID="root"
type=PROCTITLE msg=audit(1769263984.180:7258): proctitle=736C656570003630
type=SYSCALL msg=audit(1769264044.193:7259): arch=c000003e syscall=59 success=yes exit=0 a0=653e76a1f540 a1=653e76a1cb00 a2=653e76a17520 a3=653e76a1efe0 items=2 ppid=11465 pid=11793 auid=1000 uid=0 gid=0 euid=0 suid=0 fsuid=0 egid=0 sgid=0 fsgid=0 tty=pts1 ses=3 comm="mkdir" exe="/usr/bin/mkdir" subj=unconfined key="process_exec"ARCH=x86_64 SYSCALL=execve AUID="heroic" UID="root" GID="root" EUID="root" SUID="root" FSUID="root" EGID="root" SGID="root" FSGID="root"
type=EXECVE msg=audit(1769264044.193:7259): argc=3 a0="mkdir" a1="-p" a2="/root/hids_benign"
type=CWD msg=audit(1769264044.193:7259): cwd=2F726F6F742F686964735F62656E69676E202864656C6574656429
type=PATH msg=audit(1769264044.193:7259): item=0 name="/usr/bin/mkdir" inode=1578106 dev=08:02 mode=0100755 ouid=0 ogid=0 rdev=00:00 nametype=NORMAL cap_fp=0 cap_fi=0 cap_fe=0 cap_fver=0 cap_frootid=0OUID="root" OGID="root"
type=PATH msg=audit(1769264044.193:7259): item=1 name="/lib64/ld-linux-x86-64.so.2" inode=1575340 dev=08:02 mode=0100755 ouid=0 ogid=0 rdev=00:00 nametype=NORMAL cap_fp=0 cap_fi=0 cap_fe=0 cap_fver=0 cap_frootid=0OUID="root" OGID="root"
type=PROCTITLE msg=audit(1769264044.193:7259): proctitle=6D6B646972002D70002F726F6F742F686964735F62656E69676E
type=SYSCALL msg=audit(1769264044.201:7260): arch=c000003e syscall=59 success=yes exit=0 a0=653e76a20780 a1=653e76a20030 a2=653e76a17520 a3=653e76a20030 items=2 ppid=11465 pid=11794 auid=1000 uid=0 gid=0 euid=0 suid=0 fsuid=0 egid=0 sgid=0 fsgid=0 tty=pts1 ses=3 comm="cat" exe="/usr/bin/cat" subj=unconfined key="process_exec"ARCH=x86_64 SYSCALL=execve AUID="heroic" UID="root" GID="root" EUID="root" SUID="root" FSUID="root" EGID="root" SGID="root" FSGID="root"
type=EXECVE msg=audit(1769264044.201:7260): argc=2 a0="cat" a1="file_1.txt"
type=CWD msg=audit(1769264044.201:7260): cwd="/root/hids_benign"
type=PATH msg=audit(1769264044.201:7260): item=0 name="/usr/bin/cat" inode=1578016 dev=08:02 mode=0100755 ouid=0 ogid=0 rdev=00:00 nametype=NORMAL cap_fp=0 cap_fi=0 cap_fe=0 cap_fver=0 cap_frootid=0OUID="root" OGID="root"
type=PATH msg=audit(1769264044.201:7260): item=1 name="/lib64/ld-linux-x86-64.so.2" inode=1575340 dev=08:02 mode=0100755 ouid=0 ogid=0 rdev=00:00 nametype=NORMAL cap_fp=0 cap_fi=0 cap_fe=0 cap_fver=0 cap_frootid=0OUID="root" OGID="root"
type=PROCTITLE msg=audit(1769264044.201:7260): proctitle=6361740066696C655F312E747874
type=SYSCALL msg=audit(1769264044.209:7261): arch=c000003e syscall=59 success=yes exit=0 a0=653e76a20030 a1=653e76a1fda0 a2=653e76a17520 a3=653e76a1fda0 items=2 ppid=11465 pid=11795 auid=1000 uid=0 gid=0 euid=0 suid=0 fsuid=0 egid=0 sgid=0 fsgid=0 tty=pts1 ses=3 comm="cat" exe="/usr/bin/cat" subj=unconfined key="process_exec"ARCH=x86_64 SYSCALL=execve AUID="heroic" UID="root" GID="root" EUID="root" SUID="root" FSUID="root" EGID="root" SGID="root" FSGID="root"
type=EXECVE msg=audit(1769264044.209:7261): argc=2 a0="cat" a1="file_2.txt"
type=CWD msg=audit(1769264044.209:7261): cwd="/root/hids_benign"
type=PATH msg=audit(1769264044.209:7261): item=0 name="/usr/bin/cat" inode=1578016 dev=08:02 mode=0100755 ouid=0 ogid=0 rdev=00:00 nametype=NORMAL cap_fp=0 cap_fi=0 cap_fe=0 cap_fver=0 cap_frootid=0OUID="root" OGID="root"
type=PATH msg=audit(1769264044.209:7261): item=1 name="/lib64/ld-linux-x86-64.so.2" inode=1575340 dev=08:02 mode=0100755 ouid=0 ogid=0 rdev=00:00 nametype=NORMAL cap_fp=0 cap_fi=0 cap_fe=0 cap_fver=0 cap_frootid=0OUID="root" OGID="root"
type=PROCTITLE msg=audit(1769264044.209:7261): proctitle=6361740066696C655F322E747874
type=SYSCALL msg=audit(1769264044.214:7262): arch=c000003e syscall=59 success=yes exit=0 a0=653e76a1fda0 a1=653e76a20780 a2=653e76a17520 a3=653e76a20780 items=2 ppid=11465 pid=11796 auid=1000 uid=0 gid=0 euid=0 suid=0 fsuid=0 egid=0 sgid=0 fsgid=0 tty=pts1 ses=3 comm="cat" exe="/usr/bin/cat" subj=unconfined key="process_exec"ARCH=x86_64 SYSCALL=execve AUID="heroic" UID="root" GID="root" EUID="root" SUID="root" FSUID="root" EGID="root" SGID="root" FSGID="root"
type=EXECVE msg=audit(1769264044.214:7262): argc=2 a0="cat" a1="file_3.txt"
type=CWD msg=audit(1769264044.214:7262): cwd="/root/hids_benign"
type=PATH msg=audit(1769264044.214:7262): item=0 name="/usr/bin/cat" inode=1578016 dev=08:02 mode=0100755 ouid=0 ogid=0 rdev=00:00 nametype=NORMAL cap_fp=0 cap_fi=0 cap_fe=0 cap_fver=0 cap_frootid=0OUID="root" OGID="root"
type=PATH msg=audit(1769264044.214:7262): item=1 name="/lib64/ld-linux-x86-64.so.2" inode=1575340 dev=08:02 mode=0100755 ouid=0 ogid=0 rdev=00:00 nametype=NORMAL cap_fp=0 cap_fi=0 cap_fe=0 cap_fver=0 cap_frootid=0OUID="root" OGID="root"
type=PROCTITLE msg=audit(1769264044.214:7262): proctitle=6361740066696C655F332E747874
type=SYSCALL msg=audit(1769264044.227:7263): arch=c000003e syscall=59 success=yes exit=0 a0=653e76a20780 a1=653e76a20030 a2=653e76a17520 a3=653e76a20030 items=2 ppid=11465 pid=11797 auid=1000 uid=0 gid=0 euid=0 suid=0 fsuid=0 egid=0 sgid=0 fsgid=0 tty=pts1 ses=3 comm="cat" exe="/usr/bin/cat" subj=unconfined key="process_exec"ARCH=x86_64 SYSCALL=execve AUID="heroic" UID="root" GID="root" EUID="root" SUID="root" FSUID="root" EGID="root" SGID="root" FSGID="root"
type=EXECVE msg=audit(1769264044.227:7263): argc=2 a0="cat" a1="file_4.txt"
type=CWD msg=audit(1769264044.227:7263): cwd="/root/hids_benign"
type=PATH msg=audit(1769264044.227:7263): item=0 name="/usr/bin/cat" inode=1578016 dev=08:02 mode=0100755 ouid=0 ogid=0 rdev=00:00 nametype=NORMAL cap_fp=0 cap_fi=0 cap_fe=0 cap_fver=0 cap_frootid=0OUID="root" OGID="root"
type=PATH msg=audit(1769264044.227:7263): item=1 name="/lib64/ld-linux-x86-64.so.2" inode=1575340 dev=08:02 mode=0100755 ouid=0 ogid=0 rdev=00:00 nametype=NORMAL cap_fp=0 cap_fi=0 cap_fe=0 cap_fver=0 cap_frootid=0OUID="root" OGID="root"
type=PROCTITLE msg=audit(1769264044.227:7263): proctitle=6361740066696C655F342E747874
type=SYSCALL msg=audit(1769264044.234:7264): arch=c000003e syscall=59 success=yes exit=0 a0=653e76a20030 a1=653e76a1fda0 a2=653e76a17520 a3=653e76a1fda0 items=2 ppid=11465 pid=11798 auid=1000 uid=0 gid=0 euid=0 suid=0 fsuid=0 egid=0 sgid=0 fsgid=0 tty=pts1 ses=3 comm="cat" exe="/usr/bin/cat" subj=unconfined key="process_exec"ARCH=x86_64 SYSCALL=execve AUID="heroic" UID="root" GID="root" EUID="root" SUID="root" FSUID="root" EGID="root" SGID="root" FSGID="root"
type=EXECVE msg=audit(1769264044.234:7264): argc=2 a0="cat" a1="file_5.txt"
type=CWD msg=audit(1769264044.234:7264): cwd="/root/hids_benign"
type=PATH msg=audit(1769264044.234:7264): item=0 name="/usr/bin/cat" inode=1578016 dev=08:02 mode=0100755 ouid=0 ogid=0 rdev=00:00 nametype=NORMAL cap_fp=0 cap_fi=0 cap_fe=0 cap_fver=0 cap_frootid=0OUID="root" OGID="root"
type=PATH msg=audit(1769264044.234:7264): item=1 name="/lib64/ld-linux-x86-64.so.2" inode=1575340 dev=08:02 mode=0100755 ouid=0 ogid=0 rdev=00:00 nametype=NORMAL cap_fp=0 cap_fi=0 cap_fe=0 cap_fver=0 cap_frootid=0OUID="root" OGID="root"
type=PROCTITLE msg=audit(1769264044.234:7264): proctitle=6361740066696C655F352E747874
type=SYSCALL msg=audit(1769264044.238:7265): arch=c000003e syscall=59 success=yes exit=0 a0=653e76a1fda0 a1=653e76a20780 a2=653e76a17520 a3=653e76a20780 items=2 ppid=11465 pid=11799 auid=1000 uid=0 gid=0 euid=0 suid=0 fsuid=0 egid=0 sgid=0 fsgid=0 tty=pts1 ses=3 comm="cat" exe="/usr/bin/cat" subj=unconfined key="process_exec"ARCH=x86_64 SYSCALL=execve AUID="heroic" UID="root" GID="root" EUID="root" SUID="root" FSUID="root" EGID="root" SGID="root" FSGID="root"
type=EXECVE msg=audit(1769264044.238:7265): argc=2 a0="cat" a1="file_6.txt"
type=CWD msg=audit(1769264044.238:7265): cwd="/root/hids_benign"
type=PATH msg=audit(1769264044.238:7265): item=0 name="/usr/bin/cat" inode=1578016 dev=08:02 mode=0100755 ouid=0 ogid=0 rdev=00:00 nametype=NORMAL cap_fp=0 cap_fi=0 cap_fe=0 cap_fver=0 cap_frootid=0OUID="root" OGID="root"
type=PATH msg=audit(1769264044.238:7265): item=1 name="/lib64/ld-linux-x86-64.so.2" inode=1575340 dev=08:02 mode=0100755 ouid=0 ogid=0 rdev=00:00 nametype=NORMAL cap_fp=0 cap_fi=0 cap_fe=0 cap_fver=0 cap_frootid=0OUID="root" OGID="root"
type=PROCTITLE msg=audit(1769264044.238:7265): proctitle=6361740066696C655F362E747874
type=SYSCALL msg=audit(1769264044.242:7266): arch=c000003e syscall=59 success=yes exit=0 a0=653e76a20780 a1=653e76a20030 a2=653e76a17520 a3=653e76a20030 items=2 ppid=11465 pid=11800 auid=1000 uid=0 gid=0 euid=0 suid=0 fsuid=0 egid=0 sgid=0 fsgid=0 tty=pts1 ses=3 comm="cat" exe="/usr/bin/cat" subj=unconfined key="process_exec"ARCH=x86_64 SYSCALL=execve AUID="heroic" UID="root" GID="root" EUID="root" SUID="root" FSUID="root" EGID="root" SGID="root" FSGID="root"
type=EXECVE msg=audit(1769264044.242:7266): argc=2 a0="cat" a1="file_7.txt"
type=CWD msg=audit(1769264044.242:7266): cwd="/root/hids_benign"
type=PATH msg=audit(1769264044.242:7266): item=0 name="/usr/bin/cat" inode=1578016 dev=08:02 mode=0100755 ouid=0 ogid=0 rdev=00:00 nametype=NORMAL cap_fp=0 cap_fi=0 cap_fe=0 cap_fver=0 cap_frootid=0OUID="root" OGID="root"
type=PATH msg=audit(1769264044.242:7266): item=1 name="/lib64/ld-linux-x86-64.so.2" inode=1575340 dev=08:02 mode=0100755 ouid=0 ogid=0 rdev=00:00 nametype=NORMAL cap_fp=0 cap_fi=0 cap_fe=0 cap_fver=0 cap_frootid=0OUID="root" OGID="root"
type=PROCTITLE msg=audit(1769264044.242:7266): proctitle=6361740066696C655F372E747874
type=SYSCALL msg=audit(1769264044.275:7267): arch=c000003e syscall=59 success=yes exit=0 a0=653e76a20030 a1=653e76a1fda0 a2=653e76a17520 a3=653e76a1fda0 items=2 ppid=11465 pid=11801 auid=1000 uid=0 gid=0 euid=0 suid=0 fsuid=0 egid=0 sgid=0 fsgid=0 tty=pts1 ses=3 comm="cat" exe="/usr/bin/cat" subj=unconfined key="process_exec"ARCH=x86_64 SYSCALL=execve AUID="heroic" UID="root" GID="root" EUID="root" SUID="root" FSUID="root" EGID="root" SGID="root" FSGID="root"
type=EXECVE msg=audit(1769264044.275:7267): argc=2 a0="cat" a1="file_8.txt"
type=CWD msg=audit(1769264044.275:7267): cwd="/root/hids_benign"
type=PATH msg=audit(1769264044.275:7267): item=0 name="/usr/bin/cat" inode=1578016 dev=08:02 mode=0100755 ouid=0 ogid=0 rdev=00:00 nametype=NORMAL cap_fp=0 cap_fi=0 cap_fe=0 cap_fver=0 cap_frootid=0OUID="root" OGID="root"
type=PATH msg=audit(1769264044.275:7267): item=1 name="/lib64/ld-linux-x86-64.so.2" inode=1575340 dev=08:02 mode=0100755 ouid=0 ogid=0 rdev=00:00 nametype=NORMAL cap_fp=0 cap_fi=0 cap_fe=0 cap_fver=0 cap_frootid=0OUID="root" OGID="root"
type=PROCTITLE msg=audit(1769264044.275:7267): proctitle=6361740066696C655F382E747874
type=SYSCALL msg=audit(1769264044.309:7268): arch=c000003e syscall=59 success=yes exit=0 a0=653e76a1fda0 a1=653e76a20780 a2=653e76a17520 a3=653e76a20780 items=2 ppid=11465 pid=11802 auid=1000 uid=0 gid=0 euid=0 suid=0 fsuid=0 egid=0 sgid=0 fsgid=0 tty=pts1 ses=3 comm="cat" exe="/usr/bin/cat" subj=unconfined key="process_exec"ARCH=x86_64 SYSCALL=execve AUID="heroic" UID="root" GID="root" EUID="root" SUID="root" FSUID="root" EGID="root" SGID="root" FSGID="root"
type=EXECVE msg=audit(1769264044.309:7268): argc=2 a0="cat" a1="file_9.txt"
type=CWD msg=audit(1769264044.309:7268): cwd="/root/hids_benign"
type=PATH msg=audit(1769264044.309:7268): item=0 name="/usr/bin/cat" inode=1578016 dev=08:02 mode=0100755 ouid=0 ogid=0 rdev=00:00 nametype=NORMAL cap_fp=0 cap_fi=0 cap_fe=0 cap_fver=0 cap_frootid=0OUID="root" OGID="root"
type=PATH msg=audit(1769264044.309:7268): item=1 name="/lib64/ld-linux-x86-64.so.2" inode=1575340 dev=08:02 mode=0100755 ouid=0 ogid=0 rdev=00:00 nametype=NORMAL cap_fp=0 cap_fi=0 cap_fe=0 cap_fver=0 cap_frootid=0OUID="root" OGID="root"
type=PROCTITLE msg=audit(1769264044.309:7268): proctitle=6361740066696C655F392E747874
type=SYSCALL msg=audit(1769264044.314:7269): arch=c000003e syscall=59 success=yes exit=0 a0=653e76a20780 a1=653e76a20030 a2=653e76a17520 a3=653e76a20030 items=2 ppid=11465 pid=11803 auid=1000 uid=0 gid=0 euid=0 suid=0 fsuid=0 egid=0 sgid=0 fsgid=0 tty=pts1 ses=3 comm="cat" exe="/usr/bin/cat" subj=unconfined key="process_exec"ARCH=x86_64 SYSCALL=execve AUID="heroic" UID="root" GID="root" EUID="root" SUID="root" FSUID="root" EGID="root" SGID="root" FSGID="root"
type=EXECVE msg=audit(1769264044.314:7269): argc=2 a0="cat" a1="file_10.txt"
type=CWD msg=audit(1769264044.314:7269): cwd="/root/hids_benign"
type=PATH msg=audit(1769264044.314:7269): item=0 name="/usr/bin/cat" inode=1578016 dev=08:02 mode=0100755 ouid=0 ogid=0 rdev=00:00 nametype=NORMAL cap_fp=0 cap_fi=0 cap_fe=0 cap_fver=0 cap_frootid=0OUID="root" OGID="root"
type=PATH msg=audit(1769264044.314:7269): item=1 name="/lib64/ld-linux-x86-64.so.2" inode=1575340 dev=08:02 mode=0100755 ouid=0 ogid=0 rdev=00:00 nametype=NORMAL cap_fp=0 cap_fi=0 cap_fe=0 cap_fver=0 cap_frootid=0OUID="root" OGID="root"
type=PROCTITLE msg=audit(1769264044.314:7269): proctitle=6361740066696C655F31302E747874
type=SYSCALL msg=audit(1769264044.337:7270): arch=c000003e syscall=59 success=yes exit=0 a0=653e76a1fd60 a1=653e76a21180 a2=653e76a17520 a3=0 items=2 ppid=11465 pid=11804 auid=1000 uid=0 gid=0 euid=0 suid=0 fsuid=0 egid=0 sgid=0 fsgid=0 tty=pts1 ses=3 comm="vim" exe="/usr/bin/vim.basic" subj=unconfined key="process_exec"ARCH=x86_64 SYSCALL=execve AUID="heroic" UID="root" GID="root" EUID="root" SUID="root" FSUID="root" EGID="root" SGID="root" FSGID="root"
type=EXECVE msg=audit(1769264044.337:7270): argc=3 a0="vim" a1="-es" a2="file_1.txt"
type=CWD msg=audit(1769264044.337:7270): cwd="/root/hids_benign"
type=PATH msg=audit(1769264044.337:7270): item=0 name="/usr/bin/vim" inode=1575517 dev=08:02 mode=0100755 ouid=0 ogid=0 rdev=00:00 nametype=NORMAL cap_fp=0 cap_fi=0 cap_fe=0 cap_fver=0 cap_frootid=0OUID="root" OGID="root"
type=PATH msg=audit(1769264044.337:7270): item=1 name="/lib64/ld-linux-x86-64.so.2" inode=1575340 dev=08:02 mode=0100755 ouid=0 ogid=0 rdev=00:00 nametype=NORMAL cap_fp=0 cap_fi=0 cap_fe=0 cap_fver=0 cap_frootid=0OUID="root" OGID="root"
type=PROCTITLE msg=audit(1769264044.337:7270): proctitle=76696D002D65730066696C655F312E747874
type=SYSCALL msg=audit(1769264044.361:7271): arch=c000003e syscall=59 success=yes exit=0 a0=653e76a1c690 a1=653e76a21180 a2=653e76a17520 a3=0 items=2 ppid=11465 pid=11805 auid=1000 uid=0 gid=0 euid=0 suid=0 fsuid=0 egid=0 sgid=0 fsgid=0 tty=pts1 ses=3 comm="vim" exe="/usr/bin/vim.basic" subj=unconfined key="process_exec"ARCH=x86_64 SYSCALL=execve AUID="heroic" UID="root" GID="root" EUID="root" SUID="root" FSUID="root" EGID="root" SGID="root" FSGID="root"
type=EXECVE msg=audit(1769264044.361:7271): argc=3 a0="vim" a1="-es" a2="file_2.txt"
type=CWD msg=audit(1769264044.361:7271): cwd="/root/hids_benign"
type=PATH msg=audit(1769264044.361:7271): item=0 name="/usr/bin/vim" inode=1575517 dev=08:02 mode=0100755 ouid=0 ogid=0 rdev=00:00 nametype=NORMAL cap_fp=0 cap_fi=0 cap_fe=0 cap_fver=0 cap_frootid=0OUID="root" OGID="root"
type=PATH msg=audit(1769264044.361:7271): item=1 name="/lib64/ld-linux-x86-64.so.2" inode=1575340 dev=08:02 mode=0100755 ouid=0 ogid=0 rdev=00:00 nametype=NORMAL cap_fp=0 cap_fi=0 cap_fe=0 cap_fver=0 cap_frootid=0OUID="root" OGID="root"
type=PROCTITLE msg=audit(1769264044.361:7271): proctitle=76696D002D65730066696C655F322E747874
type=SYSCALL msg=audit(1769264044.378:7272): arch=c000003e syscall=59 success=yes exit=0 a0=653e76a207a0 a1=653e76a21180 a2=653e76a17520 a3=0 items=2 ppid=11465 pid=11806 auid=1000 uid=0 gid=0 euid=0 suid=0 fsuid=0 egid=0 sgid=0 fsgid=0 tty=pts1 ses=3 comm="vim" exe="/usr/bin/vim.basic" subj=unconfined key="process_exec"ARCH=x86_64 SYSCALL=execve AUID="heroic" UID="root" GID="root" EUID="root" SUID="root" FSUID="root" EGID="root" SGID="root" FSGID="root"
type=EXECVE msg=audit(1769264044.378:7272): argc=3 a0="vim" a1="-es" a2="file_3.txt"
type=CWD msg=audit(1769264044.378:7272): cwd="/root/hids_benign"
type=PATH msg=audit(1769264044.378:7272): item=0 name="/usr/bin/vim" inode=1575517 dev=08:02 mode=0100755 ouid=0 ogid=0 rdev=00:00 nametype=NORMAL cap_fp=0 cap_fi=0 cap_fe=0 cap_fver=0 cap_frootid=0OUID="root" OGID="root"
type=PATH msg=audit(1769264044.378:7272): item=1 name="/lib64/ld-linux-x86-64.so.2" inode=1575340 dev=08:02 mode=0100755 ouid=0 ogid=0 rdev=00:00 nametype=NORMAL cap_fp=0 cap_fi=0 cap_fe=0 cap_fver=0 cap_frootid=0OUID="root" OGID="root"
type=PROCTITLE msg=audit(1769264044.378:7272): proctitle=76696D002D65730066696C655F332E747874
type=SYSCALL msg=audit(1769264044.393:7273): arch=c000003e syscall=59 success=yes exit=0 a0=653e76a1fda0 a1=653e76a21180 a2=653e76a17520 a3=0 items=2 ppid=11465 pid=11807 auid=1000 uid=0 gid=0 euid=0 suid=0 fsuid=0 egid=0 sgid=0 fsgid=0 tty=pts1 ses=3 comm="vim" exe="/usr/bin/vim.basic" subj=unconfined key="process_exec"ARCH=x86_64 SYSCALL=execve AUID="heroic" UID="root" GID="root" EUID="root" SUID="root" FSUID="root" EGID="root" SGID="root" FSGID="root"
type=EXECVE msg=audit(1769264044.393:7273): argc=3 a0="vim" a1="-es" a2="file_4.txt"
type=CWD msg=audit(1769264044.393:7273): cwd="/root/hids_benign"
type=PATH msg=audit(1769264044.393:7273): item=0 name="/usr/bin/vim" inode=1575517 dev=08:02 mode=0100755 ouid=0 ogid=0 rdev=00:00 nametype=NORMAL cap_fp=0 cap_fi=0 cap_fe=0 cap_fver=0 cap_frootid=0OUID="root" OGID="root"
type=PATH msg=audit(1769264044.393:7273): item=1 name="/lib64/ld-linux-x86-64.so.2" inode=1575340 dev=08:02 mode=0100755 ouid=0 ogid=0 rdev=00:00 nametype=NORMAL cap_fp=0 cap_fi=0 cap_fe=0 cap_fver=0 cap_frootid=0OUID="root" OGID="root"
type=PROCTITLE msg=audit(1769264044.393:7273): proctitle=76696D002D65730066696C655F342E747874
type=SYSCALL msg=audit(1769264044.406:7274): arch=c000003e syscall=59 success=yes exit=0 a0=653e76a1fd60 a1=653e76a21180 a2=653e76a17520 a3=0 items=2 ppid=11465 pid=11808 auid=1000 uid=0 gid=0 euid=0 suid=0 fsuid=0 egid=0 sgid=0 fsgid=0 tty=pts1 ses=3 comm="vim" exe="/usr/bin/vim.basic" subj=unconfined key="process_exec"ARCH=x86_64 SYSCALL=execve AUID="heroic" UID="root" GID="root" EUID="root" SUID="root" FSUID="root" EGID="root" SGID="root" FSGID="root"
type=EXECVE msg=audit(1769264044.406:7274): argc=3 a0="vim" a1="-es" a2="file_5.txt"
type=CWD msg=audit(1769264044.406:7274): cwd="/root/hids_benign"
type=PATH msg=audit(1769264044.406:7274): item=0 name="/usr/bin/vim" inode=1575517 dev=08:02 mode=0100755 ouid=0 ogid=0 rdev=00:00 nametype=NORMAL cap_fp=0 cap_fi=0 cap_fe=0 cap_fver=0 cap_frootid=0OUID="root" OGID="root"
type=PATH msg=audit(1769264044.406:7274): item=1 name="/lib64/ld-linux-x86-64.so.2" inode=1575340 dev=08:02 mode=0100755 ouid=0 ogid=0 rdev=00:00 nametype=NORMAL cap_fp=0 cap_fi=0 cap_fe=0 cap_fver=0 cap_frootid=0OUID="root" OGID="root"
type=PROCTITLE msg=audit(1769264044.406:7274): proctitle=76696D002D65730066696C655F352E747874
type=SYSCALL msg=audit(1769264044.420:7275): arch=c000003e syscall=59 success=yes exit=0 a0=653e76a1f540 a1=653e76a207a0 a2=653e76a17520 a3=653e76a207a0 items=2 ppid=11465 pid=11809 auid=1000 uid=0 gid=0 euid=0 suid=0 fsuid=0 egid=0 sgid=0 fsgid=0 tty=pts1 ses=3 comm="ls" exe="/usr/bin/ls" subj=unconfined key="process_exec"ARCH=x86_64 SYSCALL=execve AUID="heroic" UID="root" GID="root" EUID="root" SUID="root" FSUID="root" EGID="root" SGID="root" FSGID="root"
type=EXECVE msg=audit(1769264044.420:7275): argc=2 a0="ls" a1="-la"
type=CWD msg=audit(1769264044.420:7275): cwd="/root/hids_benign"
type=PATH msg=audit(1769264044.420:7275): item=0 name="/usr/bin/ls" inode=1578104 dev=08:02 mode=0100755 ouid=0 ogid=0 rdev=00:00 nametype=NORMAL cap_fp=0 cap_fi=0 cap_fe=0 cap_fver=0 cap_frootid=0OUID="root" OGID="root"
type=PATH msg=audit(1769264044.420:7275): item=1 name="/lib64/ld-linux-x86-64.so.2" inode=1575340 dev=08:02 mode=0100755 ouid=0 ogid=0 rdev=00:00 nametype=NORMAL cap_fp=0 cap_fi=0 cap_fe=0 cap_fver=0 cap_frootid=0OUID="root" OGID="root"
type=PROCTITLE msg=audit(1769264044.420:7275): proctitle=6C73002D6C61
type=SYSCALL msg=audit(1769264044.425:7276): arch=c000003e syscall=59 success=yes exit=0 a0=653e76a20c60 a1=653e76a1d8e0 a2=653e76a17520 a3=653e76a1f020 items=2 ppid=11465 pid=11810 auid=1000 uid=0 gid=0 euid=0 suid=0 fsuid=0 egid=0 sgid=0 fsgid=0 tty=pts1 ses=3 comm="ls" exe="/usr/bin/ls" subj=unconfined key="process_exec"ARCH=x86_64 SYSCALL=execve AUID="heroic" UID="root" GID="root" EUID="root" SUID="root" FSUID="root" EGID="root" SGID="root" FSGID="root"
type=EXECVE msg=audit(1769264044.425:7276): argc=2 a0="ls" a1="-la"
type=CWD msg=audit(1769264044.425:7276): cwd="/root/hids_benign"
type=PATH msg=audit(1769264044.425:7276): item=0 name="/usr/bin/ls" inode=1578104 dev=08:02 mode=0100755 ouid=0 ogid=0 rdev=00:00 nametype=NORMAL cap_fp=0 cap_fi=0 cap_fe=0 cap_fver=0 cap_frootid=0OUID="root" OGID="root"
type=PATH msg=audit(1769264044.425:7276): item=1 name="/lib64/ld-linux-x86-64.so.2" inode=1575340 dev=08:02 mode=0100755 ouid=0 ogid=0 rdev=00:00 nametype=NORMAL cap_fp=0 cap_fi=0 cap_fe=0 cap_fver=0 cap_frootid=0OUID="root" OGID="root"
type=PROCTITLE msg=audit(1769264044.425:7276): proctitle=6C73002D6C61
type=SYSCALL msg=audit(1769264044.430:7277): arch=c000003e syscall=59 success=yes exit=0 a0=653e76a1fd60 a1=653e76a1d8e0 a2=653e76a17520 a3=653e76a1d800 items=2 ppid=11465 pid=11811 auid=1000 uid=0 gid=0 euid=0 suid=0 fsuid=0 egid=0 sgid=0 fsgid=0 tty=pts1 ses=3 comm="ls" exe="/usr/bin/ls" subj=unconfined key="process_exec"ARCH=x86_64 SYSCALL=execve AUID="heroic" UID="root" GID="root" EUID="root" SUID="root" FSUID="root" EGID="root" SGID="root" FSGID="root"
type=EXECVE msg=audit(1769264044.430:7277): argc=2 a0="ls" a1="-la"
type=CWD msg=audit(1769264044.430:7277): cwd="/root/hids_benign"
type=PATH msg=audit(1769264044.430:7277): item=0 name="/usr/bin/ls" inode=1578104 dev=08:02 mode=0100755 ouid=0 ogid=0 rdev=00:00 nametype=NORMAL cap_fp=0 cap_fi=0 cap_fe=0 cap_fver=0 cap_frootid=0OUID="root" OGID="root"
type=PATH msg=audit(1769264044.430:7277): item=1 name="/lib64/ld-linux-x86-64.so.2" inode=1575340 dev=08:02 mode=0100755 ouid=0 ogid=0 rdev=00:00 nametype=NORMAL cap_fp=0 cap_fi=0 cap_fe=0 cap_fver=0 cap_frootid=0OUID="root" OGID="root"
type=PROCTITLE msg=audit(1769264044.430:7277): proctitle=6C73002D6C61
type=SYSCALL msg=audit(1769264044.433:7278): arch=c000003e syscall=59 success=yes exit=0 a0=653e76a1f600 a1=653e76a1d8e0 a2=653e76a17520 a3=653e76a1f540 items=2 ppid=11465 pid=11812 auid=1000 uid=0 gid=0 euid=0 suid=0 fsuid=0 egid=0 sgid=0 fsgid=0 tty=pts1 ses=3 comm="ls" exe="/usr/bin/ls" subj=unconfined key="process_exec"ARCH=x86_64 SYSCALL=execve AUID="heroic" UID="root" GID="root" EUID="root" SUID="root" FSUID="root" EGID="root" SGID="root" FSGID="root"
type=EXECVE msg=audit(1769264044.433:7278): argc=2 a0="ls" a1="-la"
type=CWD msg=audit(1769264044.433:7278): cwd="/root/hids_benign"
type=PATH msg=audit(1769264044.433:7278): item=0 name="/usr/bin/ls" inode=1578104 dev=08:02 mode=0100755 ouid=0 ogid=0 rdev=00:00 nametype=NORMAL cap_fp=0 cap_fi=0 cap_fe=0 cap_fver=0 cap_frootid=0OUID="root" OGID="root"
type=PATH msg=audit(1769264044.433:7278): item=1 name="/lib64/ld-linux-x86-64.so.2" inode=1575340 dev=08:02 mode=0100755 ouid=0 ogid=0 rdev=00:00 nametype=NORMAL cap_fp=0 cap_fi=0 cap_fe=0 cap_fver=0 cap_frootid=0OUID="root" OGID="root"
type=PROCTITLE msg=audit(1769264044.433:7278): proctitle=6C73002D6C61
type=SYSCALL msg=audit(1769264044.437:7279): arch=c000003e syscall=59 success=yes exit=0 a0=653e76a1f240 a1=653e76a1d8e0 a2=653e76a17520 a3=653e76a20c60 items=2 ppid=11465 pid=11813 auid=1000 uid=0 gid=0 euid=0 suid=0 fsuid=0 egid=0 sgid=0 fsgid=0 tty=pts1 ses=3 comm="ls" exe="/usr/bin/ls" subj=unconfined key="process_exec"ARCH=x86_64 SYSCALL=execve AUID="heroic" UID="root" GID="root" EUID="root" SUID="root" FSUID="root" EGID="root" SGID="root" FSGID="root"
type=EXECVE msg=audit(1769264044.437:7279): argc=2 a0="ls" a1="-la"
type=CWD msg=audit(1769264044.437:7279): cwd="/root/hids_benign"
type=PATH msg=audit(1769264044.437:7279): item=0 name="/usr/bin/ls" inode=1578104 dev=08:02 mode=0100755 ouid=0 ogid=0 rdev=00:00 nametype=NORMAL cap_fp=0 cap_fi=0 cap_fe=0 cap_fver=0 cap_frootid=0OUID="root" OGID="root"
type=PATH msg=audit(1769264044.437:7279): item=1 name="/lib64/ld-linux-x86-64.so.2" inode=1575340 dev=08:02 mode=0100755 ouid=0 ogid=0 rdev=00:00 nametype=NORMAL cap_fp=0 cap_fi=0 cap_fe=0 cap_fver=0 cap_frootid=0OUID="root" OGID="root"
type=PROCTITLE msg=audit(1769264044.437:7279): proctitle=6C73002D6C61
type=SYSCALL msg=audit(1769264044.441:7280): arch=c000003e syscall=59 success=yes exit=0 a0=653e76a1f540 a1=653e76a20e50 a2=653e76a17520 a3=653e76a1fd60 items=2 ppid=11465 pid=11814 auid=1000 uid=0 gid=0 euid=0 suid=0 fsuid=0 egid=0 sgid=0 fsgid=0 tty=pts1 ses=3 comm="curl" exe="/usr/bin/curl" subj=unconfined key="process_exec"ARCH=x86_64 SYSCALL=execve AUID="heroic" UID="root" GID="root" EUID="root" SUID="root" FSUID="root" EGID="root" SGID="root" FSGID="root"
type=EXECVE msg=audit(1769264044.441:7280): argc=3 a0="curl" a1="-s" a2="https://example.com"
type=CWD msg=audit(1769264044.441:7280): cwd="/root/hids_benign"
type=PATH msg=audit(1769264044.441:7280): item=0 name="/usr/bin/curl" inode=1573697 dev=08:02 mode=0100755 ouid=0 ogid=0 rdev=00:00 nametype=NORMAL cap_fp=0 cap_fi=0 cap_fe=0 cap_fver=0 cap_frootid=0OUID="root" OGID="root"
type=PATH msg=audit(1769264044.441:7280): item=1 name="/lib64/ld-linux-x86-64.so.2" inode=1575340 dev=08:02 mode=0100755 ouid=0 ogid=0 rdev=00:00 nametype=NORMAL cap_fp=0 cap_fi=0 cap_fe=0 cap_fver=0 cap_frootid=0OUID="root" OGID="root"
type=PROCTITLE msg=audit(1769264044.441:7280): proctitle=6375726C002D730068747470733A2F2F6578616D706C652E636F6D
type=SYSCALL msg=audit(1769264044.620:7281): arch=c000003e syscall=59 success=yes exit=0 a0=653e76a20170 a1=653e76a20820 a2=653e76a17520 a3=653e76a208c0 items=2 ppid=11465 pid=11816 auid=1000 uid=0 gid=0 euid=0 suid=0 fsuid=0 egid=0 sgid=0 fsgid=0 tty=pts1 ses=3 comm="ssh" exe="/usr/bin/ssh" subj=unconfined key="process_exec"ARCH=x86_64 SYSCALL=execve AUID="heroic" UID="root" GID="root" EUID="root" SUID="root" FSUID="root" EGID="root" SGID="root" FSGID="root"
type=EXECVE msg=audit(1769264044.620:7281): argc=5 a0="ssh" a1="-o" a2="BatchMode=yes" a3="localhost" a4=6563686F205353485F4F4B
type=CWD msg=audit(1769264044.620:7281): cwd="/root/hids_benign"
type=PATH msg=audit(1769264044.620:7281): item=0 name="/usr/bin/ssh" inode=1573390 dev=08:02 mode=0100755 ouid=0 ogid=0 rdev=00:00 nametype=NORMAL cap_fp=0 cap_fi=0 cap_fe=0 cap_fver=0 cap_frootid=0OUID="root" OGID="root"
type=PATH msg=audit(1769264044.620:7281): item=1 name="/lib64/ld-linux-x86-64.so.2" inode=1575340 dev=08:02 mode=0100755 ouid=0 ogid=0 rdev=00:00 nametype=NORMAL cap_fp=0 cap_fi=0 cap_fe=0 cap_fver=0 cap_frootid=0OUID="root" OGID="root"
type=PROCTITLE msg=audit(1769264044.620:7281): proctitle=737368002D6F0042617463684D6F64653D796573006C6F63616C686F7374006563686F205353485F4F4B
type=SYSCALL msg=audit(1769264044.634:7282): arch=c000003e syscall=59 success=yes exit=0 a0=653e76a1fd60 a1=653e76a1f600 a2=653e76a17520 a3=653e76a1f600 items=2 ppid=11465 pid=11817 auid=1000 uid=0 gid=0 euid=0 suid=0 fsuid=0 egid=0 sgid=0 fsgid=0 tty=pts1 ses=3 comm="sleep" exe="/usr/bin/sleep" subj=unconfined key="process_exec"ARCH=x86_64 SYSCALL=execve AUID="heroic" UID="root" GID="root" EUID="root" SUID="root" FSUID="root" EGID="root" SGID="root" FSGID="root"
type=EXECVE msg=audit(1769264044.634:7282): argc=2 a0="sleep" a1="5"
type=CWD msg=audit(1769264044.634:7282): cwd="/root/hids_benign"
type=PATH msg=audit(1769264044.634:7282): item=0 name="/usr/bin/sleep" inode=1578138 dev=08:02 mode=0100755 ouid=0 ogid=0 rdev=00:00 nametype=NORMAL cap_fp=0 cap_fi=0 cap_fe=0 cap_fver=0 cap_frootid=0OUID="root" OGID="root"
type=PATH msg=audit(1769264044.634:7282): item=1 name="/lib64/ld-linux-x86-64.so.2" inode=1575340 dev=08:02 mode=0100755 ouid=0 ogid=0 rdev=00:00 nametype=NORMAL cap_fp=0 cap_fi=0 cap_fe=0 cap_fver=0 cap_frootid=0OUID="root" OGID="root"
type=PROCTITLE msg=audit(1769264044.634:7282): proctitle=736C6565700035
type=SYSCALL msg=audit(1769264049.646:7283): arch=c000003e syscall=59 success=yes exit=0 a0=653e76a1fd60 a1=653e76a1f1a0 a2=653e76a17520 a3=653e76a1f640 items=2 ppid=11465 pid=11818 auid=1000 uid=0 gid=0 euid=0 suid=0 fsuid=0 egid=0 sgid=0 fsgid=0 tty=pts1 ses=3 comm="rm" exe="/usr/bin/rm" subj=unconfined key="process_exec"ARCH=x86_64 SYSCALL=execve AUID="heroic" UID="root" GID="root" EUID="root" SUID="root" FSUID="root" EGID="root" SGID="root" FSGID="root"
type=EXECVE msg=audit(1769264049.646:7283): argc=14 a0="rm" a1="-f" a2="file_10.txt" a3="file_1.txt" a4="file_2.txt" a5="file_3.txt" a6="file_4.txt" a7="file_5.txt" a8="file_6.txt" a9="file_7.txt" a10="file_8.txt" a11="file_9.txt" a12="webpage.html" a13="dir_list.log"
type=CWD msg=audit(1769264049.646:7283): cwd="/root/hids_benign"
type=PATH msg=audit(1769264049.646:7283): item=0 name="/usr/bin/rm" inode=1578127 dev=08:02 mode=0100755 ouid=0 ogid=0 rdev=00:00 nametype=NORMAL cap_fp=0 cap_fi=0 cap_fe=0 cap_fver=0 cap_frootid=0OUID="root" OGID="root"
type=PATH msg=audit(1769264049.646:7283): item=1 name="/lib64/ld-linux-x86-64.so.2" inode=1575340 dev=08:02 mode=0100755 ouid=0 ogid=0 rdev=00:00 nametype=NORMAL cap_fp=0 cap_fi=0 cap_fe=0 cap_fver=0 cap_frootid=0OUID="root" OGID="root"
type=PROCTITLE msg=audit(1769264049.646:7283): proctitle=726D002D660066696C655F31302E7478740066696C655F312E7478740066696C655F322E7478740066696C655F332E7478740066696C655F342E7478740066696C655F352E7478740066696C655F362E7478740066696C655F372E7478740066696C655F382E7478740066696C655F392E74787400776562706167652E68746D
type=SYSCALL msg=audit(1769264049.655:7284): arch=c000003e syscall=59 success=yes exit=0 a0=653e76a1f600 a1=653e76a208c0 a2=653e76a17520 a3=653e76a208c0 items=2 ppid=11465 pid=11819 auid=1000 uid=0 gid=0 euid=0 suid=0 fsuid=0 egid=0 sgid=0 fsgid=0 tty=pts1 ses=3 comm="rmdir" exe="/usr/bin/rmdir" subj=unconfined key="process_exec"ARCH=x86_64 SYSCALL=execve AUID="heroic" UID="root" GID="root" EUID="root" SUID="root" FSUID="root" EGID="root" SGID="root" FSGID="root"
type=EXECVE msg=audit(1769264049.655:7284): argc=2 a0="rmdir" a1="/root/hids_benign"
type=CWD msg=audit(1769264049.655:7284): cwd="/root/hids_benign"
type=PATH msg=audit(1769264049.655:7284): item=0 name="/usr/bin/rmdir" inode=1578128 dev=08:02 mode=0100755 ouid=0 ogid=0 rdev=00:00 nametype=NORMAL cap_fp=0 cap_fi=0 cap_fe=0 cap_fver=0 cap_frootid=0OUID="root" OGID="root"
type=PATH msg=audit(1769264049.655:7284): item=1 name="/lib64/ld-linux-x86-64.so.2" inode=1575340 dev=08:02 mode=0100755 ouid=0 ogid=0 rdev=00:00 nametype=NORMAL cap_fp=0 cap_fi=0 cap_fe=0 cap_fver=0 cap_frootid=0OUID="root" OGID="root"
type=PROCTITLE msg=audit(1769264049.655:7284): proctitle=726D646972002F726F6F742F686964735F62656E69676E
type=SYSCALL msg=audit(1769264049.661:7285): arch=c000003e syscall=59 success=yes exit=0 a0=653e76a1f540 a1=653e76a1f240 a2=653e76a17520 a3=653e76a1f240 items=2 ppid=11465 pid=11820 auid=1000 uid=0 gid=0 euid=0 suid=0 fsuid=0 egid=0 sgid=0 fsgid=0 tty=pts1 ses=3 comm="sleep" exe="/usr/bin/sleep" subj=unconfined key="process_exec"ARCH=x86_64 SYSCALL=execve AUID="heroic" UID="root" GID="root" EUID="root" SUID="root" FSUID="root" EGID="root" SGID="root" FSGID="root"
type=EXECVE msg=audit(1769264049.661:7285): argc=2 a0="sleep" a1="60"
type=CWD msg=audit(1769264049.661:7285): cwd=2F726F6F742F686964735F62656E69676E202864656C6574656429
type=PATH msg=audit(1769264049.661:7285): item=0 name="/usr/bin/sleep" inode=1578138 dev=08:02 mode=0100755 ouid=0 ogid=0 rdev=00:00 nametype=NORMAL cap_fp=0 cap_fi=0 cap_fe=0 cap_fver=0 cap_frootid=0OUID="root" OGID="root"
type=PATH msg=audit(1769264049.661:7285): item=1 name="/lib64/ld-linux-x86-64.so.2" inode=1575340 dev=08:02 mode=0100755 ouid=0 ogid=0 rdev=00:00 nametype=NORMAL cap_fp=0 cap_fi=0 cap_fe=0 cap_fver=0 cap_frootid=0OUID="root" OGID="root"
type=PROCTITLE msg=audit(1769264049.661:7285): proctitle=736C656570003630
type=USER_ACCT msg=audit(1769264101.384:7286): pid=11828 uid=0 auid=4294967295 ses=4294967295 subj=unconfined msg='op=PAM:accounting grantors=pam_permit,pam_localuser acct="root" exe="/usr/sbin/cron" hostname=? addr=? terminal=cron res=success'UID="root" AUID="unset"
type=CRED_ACQ msg=audit(1769264101.387:7287): pid=11828 uid=0 auid=4294967295 ses=4294967295 subj=unconfined msg='op=PAM:setcred grantors=pam_permit,pam_cap acct="root" exe="/usr/sbin/cron" hostname=? addr=? terminal=cron res=success'UID="root" AUID="unset"
type=LOGIN msg=audit(1769264101.387:7288): pid=11828 uid=0 subj=unconfined old-auid=4294967295 auid=0 tty=(none) old-ses=4294967295 ses=15 res=1UID="root" OLD-AUID="unset" AUID="root"
type=SYSCALL msg=audit(1769264101.387:7288): arch=c000003e syscall=1 success=yes exit=1 a0=7 a1=7ffdd8ad8af0 a2=1 a3=0 items=0 ppid=882 pid=11828 auid=0 uid=0 gid=0 euid=0 suid=0 fsuid=0 egid=0 sgid=0 fsgid=0 tty=(none) ses=15 comm="cron" exe="/usr/sbin/cron" subj=unconfined key=(null)ARCH=x86_64 SYSCALL=write AUID="root" UID="root" GID="root" EUID="root" SUID="root" FSUID="root" EGID="root" SGID="root" FSGID="root"
type=PROCTITLE msg=audit(1769264101.387:7288): proctitle=2F7573722F7362696E2F43524F4E002D66002D50
type=USER_START msg=audit(1769264101.389:7289): pid=11828 uid=0 auid=0 ses=15 subj=unconfined msg='op=PAM:session_open grantors=pam_loginuid,pam_env,pam_env,pam_permit,pam_umask,pam_unix,pam_limits acct="root" exe="/usr/sbin/cron" hostname=? addr=? terminal=cron res=success'UID="root" AUID="root"
type=CRED_REFR msg=audit(1769264101.392:7290): pid=11829 uid=0 auid=0 ses=15 subj=unconfined msg='op=PAM:setcred grantors=pam_permit,pam_cap acct="root" exe="/usr/sbin/cron" hostname=? addr=? terminal=cron res=success'UID="root" AUID="root"
type=SYSCALL msg=audit(1769264101.392:7291): arch=c000003e syscall=59 success=yes exit=0 a0=5f9c7f2958a6 a1=7ffdd8ad8ba0 a2=5f9c7f2958e0 a3=5f9c7f2958a6 items=2 ppid=11828 pid=11829 auid=0 uid=0 gid=0 euid=0 suid=0 fsuid=0 egid=0 sgid=0 fsgid=0 tty=(none) ses=15 comm="sh" exe="/usr/bin/dash" subj=unconfined key="process_exec"ARCH=x86_64 SYSCALL=execve AUID="root" UID="root" GID="root" EUID="root" SUID="root" FSUID="root" EGID="root" SGID="root" FSGID="root"
type=EXECVE msg=audit(1769264101.392:7291): argc=3 a0="/bin/sh" a1="-c" a2=636F6D6D616E64202D762064656269616E2D736131203E202F6465762F6E756C6C2026262064656269616E2D73613120312031
type=CWD msg=audit(1769264101.392:7291): cwd="/root"
type=PATH msg=audit(1769264101.392:7291): item=0 name="/bin/sh" inode=1573518 dev=08:02 mode=0100755 ouid=0 ogid=0 rdev=00:00 nametype=NORMAL cap_fp=0 cap_fi=0 cap_fe=0 cap_fver=0 cap_frootid=0OUID="root" OGID="root"
type=PATH msg=audit(1769264101.392:7291): item=1 name="/lib64/ld-linux-x86-64.so.2" inode=1575340 dev=08:02 mode=0100755 ouid=0 ogid=0 rdev=00:00 nametype=NORMAL cap_fp=0 cap_fi=0 cap_fe=0 cap_fver=0 cap_frootid=0OUID="root" OGID="root"
type=PROCTITLE msg=audit(1769264101.392:7291): proctitle=2F62696E2F7368002D6300636F6D6D616E64202D762064656269616E2D736131203E202F6465762F6E756C6C2026262064656269616E2D73613120312031
type=SYSCALL msg=audit(1769264101.401:7292): arch=c000003e syscall=59 success=yes exit=0 a0=58016f746538 a1=58016f7464e0 a2=58016f746500 a3=8 items=3 ppid=11829 pid=11831 auid=0 uid=0 gid=0 euid=0 suid=0 fsuid=0 egid=0 sgid=0 fsgid=0 tty=(none) ses=15 comm="debian-sa1" exe="/usr/bin/dash" subj=unconfined key="process_exec"ARCH=x86_64 SYSCALL=execve AUID="root" UID="root" GID="root" EUID="root" SUID="root" FSUID="root" EGID="root" SGID="root" FSGID="root"
type=EXECVE msg=audit(1769264101.401:7292): argc=4 a0="/bin/sh" a1="/usr/lib/sysstat/debian-sa1" a2="1" a3="1"
type=CWD msg=audit(1769264101.401:7292): cwd="/root"
type=PATH msg=audit(1769264101.401:7292): item=0 name="/usr/lib/sysstat/debian-sa1" inode=1582333 dev=08:02 mode=0100755 ouid=0 ogid=0 rdev=00:00 nametype=NORMAL cap_fp=0 cap_fi=0 cap_fe=0 cap_fver=0 cap_frootid=0OUID="root" OGID="root"
type=PATH msg=audit(1769264101.401:7292): item=1 name="/bin/sh" inode=1573518 dev=08:02 mode=0100755 ouid=0 ogid=0 rdev=00:00 nametype=NORMAL cap_fp=0 cap_fi=0 cap_fe=0 cap_fver=0 cap_frootid=0OUID="root" OGID="root"
type=PATH msg=audit(1769264101.401:7292): item=2 name="/lib64/ld-linux-x86-64.so.2" inode=1575340 dev=08:02 mode=0100755 ouid=0 ogid=0 rdev=00:00 nametype=NORMAL cap_fp=0 cap_fi=0 cap_fe=0 cap_fver=0 cap_frootid=0OUID="root" OGID="root"
type=PROCTITLE msg=audit(1769264101.401:7292): proctitle=2F62696E2F7368002F7573722F6C69622F737973737461742F64656269616E2D73613100310031
type=CRED_DISP msg=audit(1769264101.406:7293): pid=11828 uid=0 auid=0 ses=15 subj=unconfined msg='op=PAM:setcred grantors=pam_permit acct="root" exe="/usr/sbin/cron" hostname=? addr=? terminal=cron res=success'UID="root" AUID="root"
type=USER_END msg=audit(1769264101.407:7294): pid=11828 uid=0 auid=0 ses=15 subj=unconfined msg='op=PAM:session_close grantors=pam_loginuid,pam_env,pam_env,pam_permit,pam_umask,pam_unix,pam_limits acct="root" exe="/usr/sbin/cron" hostname=? addr=? terminal=cron res=success'UID="root" AUID="root"
type=SYSCALL msg=audit(1769264109.670:7295): arch=c000003e syscall=59 success=yes exit=0 a0=653e76a1d8e0 a1=653e76a20c80 a2=653e76a17520 a3=653e76a20030 items=2 ppid=11465 pid=11833 auid=1000 uid=0 gid=0 euid=0 suid=0 fsuid=0 egid=0 sgid=0 fsgid=0 tty=pts1 ses=3 comm="mkdir" exe="/usr/bin/mkdir" subj=unconfined key="process_exec"ARCH=x86_64 SYSCALL=execve AUID="heroic" UID="root" GID="root" EUID="root" SUID="root" FSUID="root" EGID="root" SGID="root" FSGID="root"
type=EXECVE msg=audit(1769264109.670:7295): argc=3 a0="mkdir" a1="-p" a2="/root/hids_benign"
type=CWD msg=audit(1769264109.670:7295): cwd=2F726F6F742F686964735F62656E69676E202864656C6574656429
type=PATH msg=audit(1769264109.670:7295): item=0 name="/usr/bin/mkdir" inode=1578106 dev=08:02 mode=0100755 ouid=0 ogid=0 rdev=00:00 nametype=NORMAL cap_fp=0 cap_fi=0 cap_fe=0 cap_fver=0 cap_frootid=0OUID="root" OGID="root"
type=PATH msg=audit(1769264109.670:7295): item=1 name="/lib64/ld-linux-x86-64.so.2" inode=1575340 dev=08:02 mode=0100755 ouid=0 ogid=0 rdev=00:00 nametype=NORMAL cap_fp=0 cap_fi=0 cap_fe=0 cap_fver=0 cap_frootid=0OUID="root" OGID="root"
type=PROCTITLE msg=audit(1769264109.670:7295): proctitle=6D6B646972002D70002F726F6F742F686964735F62656E69676E
type=SYSCALL msg=audit(1769264109.677:7296): arch=c000003e syscall=59 success=yes exit=0 a0=653e76a20740 a1=653e76a19d20 a2=653e76a17520 a3=653e76a19d20 items=2 ppid=11465 pid=11834 auid=1000 uid=0 gid=0 euid=0 suid=0 fsuid=0 egid=0 sgid=0 fsgid=0 tty=pts1 ses=3 comm="cat" exe="/usr/bin/cat" subj=unconfined key="process_exec"ARCH=x86_64 SYSCALL=execve AUID="heroic" UID="root" GID="root" EUID="root" SUID="root" FSUID="root" EGID="root" SGID="root" FSGID="root"
type=EXECVE msg=audit(1769264109.677:7296): argc=2 a0="cat" a1="file_1.txt"
type=CWD msg=audit(1769264109.677:7296): cwd="/root/hids_benign"
type=PATH msg=audit(1769264109.677:7296): item=0 name="/usr/bin/cat" inode=1578016 dev=08:02 mode=0100755 ouid=0 ogid=0 rdev=00:00 nametype=NORMAL cap_fp=0 cap_fi=0 cap_fe=0 cap_fver=0 cap_frootid=0OUID="root" OGID="root"
type=PATH msg=audit(1769264109.677:7296): item=1 name="/lib64/ld-linux-x86-64.so.2" inode=1575340 dev=08:02 mode=0100755 ouid=0 ogid=0 rdev=00:00 nametype=NORMAL cap_fp=0 cap_fi=0 cap_fe=0 cap_fver=0 cap_frootid=0OUID="root" OGID="root"
type=PROCTITLE msg=audit(1769264109.677:7296): proctitle=6361740066696C655F312E747874
type=SYSCALL msg=audit(1769264109.684:7297): arch=c000003e syscall=59 success=yes exit=0 a0=653e76a19d20 a1=653e76a1c670 a2=653e76a17520 a3=653e76a1c670 items=2 ppid=11465 pid=11835 auid=1000 uid=0 gid=0 euid=0 suid=0 fsuid=0 egid=0 sgid=0 fsgid=0 tty=pts1 ses=3 comm="cat" exe="/usr/bin/cat" subj=unconfined key="process_exec"ARCH=x86_64 SYSCALL=execve AUID="heroic" UID="root" GID="root" EUID="root" SUID="root" FSUID="root" EGID="root" SGID="root" FSGID="root"
type=EXECVE msg=audit(1769264109.684:7297): argc=2 a0="cat" a1="file_2.txt"
type=CWD msg=audit(1769264109.684:7297): cwd="/root/hids_benign"
type=PATH msg=audit(1769264109.684:7297): item=0 name="/usr/bin/cat" inode=1578016 dev=08:02 mode=0100755 ouid=0 ogid=0 rdev=00:00 nametype=NORMAL cap_fp=0 cap_fi=0 cap_fe=0 cap_fver=0 cap_frootid=0OUID="root" OGID="root"
type=PATH msg=audit(1769264109.684:7297): item=1 name="/lib64/ld-linux-x86-64.so.2" inode=1575340 dev=08:02 mode=0100755 ouid=0 ogid=0 rdev=00:00 nametype=NORMAL cap_fp=0 cap_fi=0 cap_fe=0 cap_fver=0 cap_frootid=0OUID="root" OGID="root"
type=PROCTITLE msg=audit(1769264109.684:7297): proctitle=6361740066696C655F322E747874
type=SYSCALL msg=audit(1769264109.693:7298): arch=c000003e syscall=59 success=yes exit=0 a0=653e76a1c670 a1=653e76a20740 a2=653e76a17520 a3=653e76a20740 items=2 ppid=11465 pid=11836 auid=1000 uid=0 gid=0 euid=0 suid=0 fsuid=0 egid=0 sgid=0 fsgid=0 tty=pts1 ses=3 comm="cat" exe="/usr/bin/cat" subj=unconfined key="process_exec"ARCH=x86_64 SYSCALL=execve AUID="heroic" UID="root" GID="root" EUID="root" SUID="root" FSUID="root" EGID="root" SGID="root" FSGID="root"
type=EXECVE msg=audit(1769264109.693:7298): argc=2 a0="cat" a1="file_3.txt"
type=CWD msg=audit(1769264109.693:7298): cwd="/root/hids_benign"
type=PATH msg=audit(1769264109.693:7298): item=0 name="/usr/bin/cat" inode=1578016 dev=08:02 mode=0100755 ouid=0 ogid=0 rdev=00:00 nametype=NORMAL cap_fp=0 cap_fi=0 cap_fe=0 cap_fver=0 cap_frootid=0OUID="root" OGID="root"
type=PATH msg=audit(1769264109.693:7298): item=1 name="/lib64/ld-linux-x86-64.so.2" inode=1575340 dev=08:02 mode=0100755 ouid=0 ogid=0 rdev=00:00 nametype=NORMAL cap_fp=0 cap_fi=0 cap_fe=0 cap_fver=0 cap_frootid=0OUID="root" OGID="root"
type=PROCTITLE msg=audit(1769264109.693:7298): proctitle=6361740066696C655F332E747874
type=SYSCALL msg=audit(1769264109.699:7299): arch=c000003e syscall=59 success=yes exit=0 a0=653e76a20740 a1=653e76a19d20 a2=653e76a17520 a3=653e76a19d20 items=2 ppid=11465 pid=11837 auid=1000 uid=0 gid=0 euid=0 suid=0 fsuid=0 egid=0 sgid=0 fsgid=0 tty=pts1 ses=3 comm="cat" exe="/usr/bin/cat" subj=unconfined key="process_exec"ARCH=x86_64 SYSCALL=execve AUID="heroic" UID="root" GID="root" EUID="root" SUID="root" FSUID="root" EGID="root" SGID="root" FSGID="root"
type=EXECVE msg=audit(1769264109.699:7299): argc=2 a0="cat" a1="file_4.txt"
type=CWD msg=audit(1769264109.699:7299): cwd="/root/hids_benign"
type=PATH msg=audit(1769264109.699:7299): item=0 name="/usr/bin/cat" inode=1578016 dev=08:02 mode=0100755 ouid=0 ogid=0 rdev=00:00 nametype=NORMAL cap_fp=0 cap_fi=0 cap_fe=0 cap_fver=0 cap_frootid=0OUID="root" OGID="root"
type=PATH msg=audit(1769264109.699:7299): item=1 name="/lib64/ld-linux-x86-64.so.2" inode=1575340 dev=08:02 mode=0100755 ouid=0 ogid=0 rdev=00:00 nametype=NORMAL cap_fp=0 cap_fi=0 cap_fe=0 cap_fver=0 cap_frootid=0OUID="root" OGID="root"
type=PROCTITLE msg=audit(1769264109.699:7299): proctitle=6361740066696C655F342E747874
type=SYSCALL msg=audit(1769264109.703:7300): arch=c000003e syscall=59 success=yes exit=0 a0=653e76a19d20 a1=653e76a1c670 a2=653e76a17520 a3=653e76a1c670 items=2 ppid=11465 pid=11838 auid=1000 uid=0 gid=0 euid=0 suid=0 fsuid=0 egid=0 sgid=0 fsgid=0 tty=pts1 ses=3 comm="cat" exe="/usr/bin/cat" subj=unconfined key="process_exec"ARCH=x86_64 SYSCALL=execve AUID="heroic" UID="root" GID="root" EUID="root" SUID="root" FSUID="root" EGID="root" SGID="root" FSGID="root"
type=EXECVE msg=audit(1769264109.703:7300): argc=2 a0="cat" a1="file_5.txt"
type=CWD msg=audit(1769264109.703:7300): cwd="/root/hids_benign"
type=PATH msg=audit(1769264109.703:7300): item=0 name="/usr/bin/cat" inode=1578016 dev=08:02 mode=0100755 ouid=0 ogid=0 rdev=00:00 nametype=NORMAL cap_fp=0 cap_fi=0 cap_fe=0 cap_fver=0 cap_frootid=0OUID="root" OGID="root"
type=PATH msg=audit(1769264109.703:7300): item=1 name="/lib64/ld-linux-x86-64.so.2" inode=1575340 dev=08:02 mode=0100755 ouid=0 ogid=0 rdev=00:00 nametype=NORMAL cap_fp=0 cap_fi=0 cap_fe=0 cap_fver=0 cap_frootid=0OUID="root" OGID="root"
type=PROCTITLE msg=audit(1769264109.703:7300): proctitle=6361740066696C655F352E747874
type=SYSCALL msg=audit(1769264109.707:7301): arch=c000003e syscall=59 success=yes exit=0 a0=653e76a1c670 a1=653e76a20740 a2=653e76a17520 a3=653e76a20740 items=2 ppid=11465 pid=11839 auid=1000 uid=0 gid=0 euid=0 suid=0 fsuid=0 egid=0 sgid=0 fsgid=0 tty=pts1 ses=3 comm="cat" exe="/usr/bin/cat" subj=unconfined key="process_exec"ARCH=x86_64 SYSCALL=execve AUID="heroic" UID="root" GID="root" EUID="root" SUID="root" FSUID="root" EGID="root" SGID="root" FSGID="root"
type=EXECVE msg=audit(1769264109.707:7301): argc=2 a0="cat" a1="file_6.txt"
type=CWD msg=audit(1769264109.707:7301): cwd="/root/hids_benign"
type=PATH msg=audit(1769264109.707:7301): item=0 name="/usr/bin/cat" inode=1578016 dev=08:02 mode=0100755 ouid=0 ogid=0 rdev=00:00 nametype=NORMAL cap_fp=0 cap_fi=0 cap_fe=0 cap_fver=0 cap_frootid=0OUID="root" OGID="root"
type=PATH msg=audit(1769264109.707:7301): item=1 name="/lib64/ld-linux-x86-64.so.2" inode=1575340 dev=08:02 mode=0100755 ouid=0 ogid=0 rdev=00:00 nametype=NORMAL cap_fp=0 cap_fi=0 cap_fe=0 cap_fver=0 cap_frootid=0OUID="root" OGID="root"
type=PROCTITLE msg=audit(1769264109.707:7301): proctitle=6361740066696C655F362E747874
type=SYSCALL msg=audit(1769264109.723:7302): arch=c000003e syscall=59 success=yes exit=0 a0=653e76a20740 a1=653e76a19d20 a2=653e76a17520 a3=653e76a19d20 items=2 ppid=11465 pid=11840 auid=1000 uid=0 gid=0 euid=0 suid=0 fsuid=0 egid=0 sgid=0 fsgid=0 tty=pts1 ses=3 comm="cat" exe="/usr/bin/cat" subj=unconfined key="process_exec"ARCH=x86_64 SYSCALL=execve AUID="heroic" UID="root" GID="root" EUID="root" SUID="root" FSUID="root" EGID="root" SGID="root" FSGID="root"
type=EXECVE msg=audit(1769264109.723:7302): argc=2 a0="cat" a1="file_7.txt"
type=CWD msg=audit(1769264109.723:7302): cwd="/root/hids_benign"
type=PATH msg=audit(1769264109.723:7302): item=0 name="/usr/bin/cat" inode=1578016 dev=08:02 mode=0100755 ouid=0 ogid=0 rdev=00:00 nametype=NORMAL cap_fp=0 cap_fi=0 cap_fe=0 cap_fver=0 cap_frootid=0OUID="root" OGID="root"
type=PATH msg=audit(1769264109.723:7302): item=1 name="/lib64/ld-linux-x86-64.so.2" inode=1575340 dev=08:02 mode=0100755 ouid=0 ogid=0 rdev=00:00 nametype=NORMAL cap_fp=0 cap_fi=0 cap_fe=0 cap_fver=0 cap_frootid=0OUID="root" OGID="root"
type=PROCTITLE msg=audit(1769264109.723:7302): proctitle=6361740066696C655F372E747874
type=SYSCALL msg=audit(1769264109.856:7303): arch=c000003e syscall=59 success=yes exit=0 a0=653e76a19d20 a1=653e76a1c670 a2=653e76a17520 a3=653e76a1c670 items=2 ppid=11465 pid=11841 auid=1000 uid=0 gid=0 euid=0 suid=0 fsuid=0 egid=0 sgid=0 fsgid=0 tty=pts1 ses=3 comm="cat" exe="/usr/bin/cat" subj=unconfined key="process_exec"ARCH=x86_64 SYSCALL=execve AUID="heroic" UID="root" GID="root" EUID="root" SUID="root" FSUID="root" EGID="root" SGID="root" FSGID="root"
type=EXECVE msg=audit(1769264109.856:7303): argc=2 a0="cat" a1="file_8.txt"
type=CWD msg=audit(1769264109.856:7303): cwd="/root/hids_benign"
type=PATH msg=audit(1769264109.856:7303): item=0 name="/usr/bin/cat" inode=1578016 dev=08:02 mode=0100755 ouid=0 ogid=0 rdev=00:00 nametype=NORMAL cap_fp=0 cap_fi=0 cap_fe=0 cap_fver=0 cap_frootid=0OUID="root" OGID="root"
type=PATH msg=audit(1769264109.856:7303): item=1 name="/lib64/ld-linux-x86-64.so.2" inode=1575340 dev=08:02 mode=0100755 ouid=0 ogid=0 rdev=00:00 nametype=NORMAL cap_fp=0 cap_fi=0 cap_fe=0 cap_fver=0 cap_frootid=0OUID="root" OGID="root"
type=PROCTITLE msg=audit(1769264109.856:7303): proctitle=6361740066696C655F382E747874
type=SYSCALL msg=audit(1769264109.874:7304): arch=c000003e syscall=59 success=yes exit=0 a0=653e76a1c670 a1=653e76a20740 a2=653e76a17520 a3=653e76a20740 items=2 ppid=11465 pid=11842 auid=1000 uid=0 gid=0 euid=0 suid=0 fsuid=0 egid=0 sgid=0 fsgid=0 tty=pts1 ses=3 comm="cat" exe="/usr/bin/cat" subj=unconfined key="process_exec"ARCH=x86_64 SYSCALL=execve AUID="heroic" UID="root" GID="root" EUID="root" SUID="root" FSUID="root" EGID="root" SGID="root" FSGID="root"
type=EXECVE msg=audit(1769264109.874:7304): argc=2 a0="cat" a1="file_9.txt"
type=CWD msg=audit(1769264109.874:7304): cwd="/root/hids_benign"
type=PATH msg=audit(1769264109.874:7304): item=0 name="/usr/bin/cat" inode=1578016 dev=08:02 mode=0100755 ouid=0 ogid=0 rdev=00:00 nametype=NORMAL cap_fp=0 cap_fi=0 cap_fe=0 cap_fver=0 cap_frootid=0OUID="root" OGID="root"
type=PATH msg=audit(1769264109.874:7304): item=1 name="/lib64/ld-linux-x86-64.so.2" inode=1575340 dev=08:02 mode=0100755 ouid=0 ogid=0 rdev=00:00 nametype=NORMAL cap_fp=0 cap_fi=0 cap_fe=0 cap_fver=0 cap_frootid=0OUID="root" OGID="root"
type=PROCTITLE msg=audit(1769264109.874:7304): proctitle=6361740066696C655F392E747874
type=SYSCALL msg=audit(1769264109.882:7305): arch=c000003e syscall=59 success=yes exit=0 a0=653e76a20740 a1=653e76a19d20 a2=653e76a17520 a3=653e76a19d20 items=2 ppid=11465 pid=11843 auid=1000 uid=0 gid=0 euid=0 suid=0 fsuid=0 egid=0 sgid=0 fsgid=0 tty=pts1 ses=3 comm="cat" exe="/usr/bin/cat" subj=unconfined key="process_exec"ARCH=x86_64 SYSCALL=execve AUID="heroic" UID="root" GID="root" EUID="root" SUID="root" FSUID="root" EGID="root" SGID="root" FSGID="root"
type=EXECVE msg=audit(1769264109.882:7305): argc=2 a0="cat" a1="file_10.txt"
type=CWD msg=audit(1769264109.882:7305): cwd="/root/hids_benign"
type=PATH msg=audit(1769264109.882:7305): item=0 name="/usr/bin/cat" inode=1578016 dev=08:02 mode=0100755 ouid=0 ogid=0 rdev=00:00 nametype=NORMAL cap_fp=0 cap_fi=0 cap_fe=0 cap_fver=0 cap_frootid=0OUID="root" OGID="root"
type=PATH msg=audit(1769264109.882:7305): item=1 name="/lib64/ld-linux-x86-64.so.2" inode=1575340 dev=08:02 mode=0100755 ouid=0 ogid=0 rdev=00:00 nametype=NORMAL cap_fp=0 cap_fi=0 cap_fe=0 cap_fver=0 cap_frootid=0OUID="root" OGID="root"
type=PROCTITLE msg=audit(1769264109.882:7305): proctitle=6361740066696C655F31302E747874
type=SYSCALL msg=audit(1769264109.887:7306): arch=c000003e syscall=59 success=yes exit=0 a0=653e76a1c6b0 a1=653e76a211e0 a2=653e76a17520 a3=0 items=2 ppid=11465 pid=11844 auid=1000 uid=0 gid=0 euid=0 suid=0 fsuid=0 egid=0 sgid=0 fsgid=0 tty=pts1 ses=3 comm="vim" exe="/usr/bin/vim.basic" subj=unconfined key="process_exec"ARCH=x86_64 SYSCALL=execve AUID="heroic" UID="root" GID="root" EUID="root" SUID="root" FSUID="root" EGID="root" SGID="root" FSGID="root"
type=EXECVE msg=audit(1769264109.887:7306): argc=3 a0="vim" a1="-es" a2="file_1.txt"
type=CWD msg=audit(1769264109.887:7306): cwd="/root/hids_benign"
type=PATH msg=audit(1769264109.887:7306): item=0 name="/usr/bin/vim" inode=1575517 dev=08:02 mode=0100755 ouid=0 ogid=0 rdev=00:00 nametype=NORMAL cap_fp=0 cap_fi=0 cap_fe=0 cap_fver=0 cap_frootid=0OUID="root" OGID="root"
type=PATH msg=audit(1769264109.887:7306): item=1 name="/lib64/ld-linux-x86-64.so.2" inode=1575340 dev=08:02 mode=0100755 ouid=0 ogid=0 rdev=00:00 nametype=NORMAL cap_fp=0 cap_fi=0 cap_fe=0 cap_fver=0 cap_frootid=0OUID="root" OGID="root"
type=PROCTITLE msg=audit(1769264109.887:7306): proctitle=76696D002D65730066696C655F312E747874
type=SYSCALL msg=audit(1769264109.917:7307): arch=c000003e syscall=59 success=yes exit=0 a0=653e76a20290 a1=653e76a211e0 a2=653e76a17520 a3=0 items=2 ppid=11465 pid=11845 auid=1000 uid=0 gid=0 euid=0 suid=0 fsuid=0 egid=0 sgid=0 fsgid=0 tty=pts1 ses=3 comm="vim" exe="/usr/bin/vim.basic" subj=unconfined key="process_exec"ARCH=x86_64 SYSCALL=execve AUID="heroic" UID="root" GID="root" EUID="root" SUID="root" FSUID="root" EGID="root" SGID="root" FSGID="root"
type=EXECVE msg=audit(1769264109.917:7307): argc=3 a0="vim" a1="-es" a2="file_2.txt"
type=CWD msg=audit(1769264109.917:7307): cwd="/root/hids_benign"
type=PATH msg=audit(1769264109.917:7307): item=0 name="/usr/bin/vim" inode=1575517 dev=08:02 mode=0100755 ouid=0 ogid=0 rdev=00:00 nametype=NORMAL cap_fp=0 cap_fi=0 cap_fe=0 cap_fver=0 cap_frootid=0OUID="root" OGID="root"
type=PATH msg=audit(1769264109.917:7307): item=1 name="/lib64/ld-linux-x86-64.so.2" inode=1575340 dev=08:02 mode=0100755 ouid=0 ogid=0 rdev=00:00 nametype=NORMAL cap_fp=0 cap_fi=0 cap_fe=0 cap_fver=0 cap_frootid=0OUID="root" OGID="root"
type=PROCTITLE msg=audit(1769264109.917:7307): proctitle=76696D002D65730066696C655F322E747874
type=SYSCALL msg=audit(1769264109.930:7308): arch=c000003e syscall=59 success=yes exit=0 a0=653e76a20110 a1=653e76a211e0 a2=653e76a17520 a3=0 items=2 ppid=11465 pid=11846 auid=1000 uid=0 gid=0 euid=0 suid=0 fsuid=0 egid=0 sgid=0 fsgid=0 tty=pts1 ses=3 comm="vim" exe="/usr/bin/vim.basic" subj=unconfined key="process_exec"ARCH=x86_64 SYSCALL=execve AUID="heroic" UID="root" GID="root" EUID="root" SUID="root" FSUID="root" EGID="root" SGID="root" FSGID="root"
type=EXECVE msg=audit(1769264109.930:7308): argc=3 a0="vim" a1="-es" a2="file_3.txt"
type=CWD msg=audit(1769264109.930:7308): cwd="/root/hids_benign"
type=PATH msg=audit(1769264109.930:7308): item=0 name="/usr/bin/vim" inode=1575517 dev=08:02 mode=0100755 ouid=0 ogid=0 rdev=00:00 nametype=NORMAL cap_fp=0 cap_fi=0 cap_fe=0 cap_fver=0 cap_frootid=0OUID="root" OGID="root"
type=PATH msg=audit(1769264109.930:7308): item=1 name="/lib64/ld-linux-x86-64.so.2" inode=1575340 dev=08:02 mode=0100755 ouid=0 ogid=0 rdev=00:00 nametype=NORMAL cap_fp=0 cap_fi=0 cap_fe=0 cap_fver=0 cap_frootid=0OUID="root" OGID="root"
type=PROCTITLE msg=audit(1769264109.930:7308): proctitle=76696D002D65730066696C655F332E747874
type=SYSCALL msg=audit(1769264109.946:7309): arch=c000003e syscall=59 success=yes exit=0 a0=653e76a1c670 a1=653e76a211e0 a2=653e76a17520 a3=0 items=2 ppid=11465 pid=11847 auid=1000 uid=0 gid=0 euid=0 suid=0 fsuid=0 egid=0 sgid=0 fsgid=0 tty=pts1 ses=3 comm="vim" exe="/usr/bin/vim.basic" subj=unconfined key="process_exec"ARCH=x86_64 SYSCALL=execve AUID="heroic" UID="root" GID="root" EUID="root" SUID="root" FSUID="root" EGID="root" SGID="root" FSGID="root"
type=EXECVE msg=audit(1769264109.946:7309): argc=3 a0="vim" a1="-es" a2="file_4.txt"
type=CWD msg=audit(1769264109.946:7309): cwd="/root/hids_benign"
type=PATH msg=audit(1769264109.946:7309): item=0 name="/usr/bin/vim" inode=1575517 dev=08:02 mode=0100755 ouid=0 ogid=0 rdev=00:00 nametype=NORMAL cap_fp=0 cap_fi=0 cap_fe=0 cap_fver=0 cap_frootid=0OUID="root" OGID="root"
type=PATH msg=audit(1769264109.946:7309): item=1 name="/lib64/ld-linux-x86-64.so.2" inode=1575340 dev=08:02 mode=0100755 ouid=0 ogid=0 rdev=00:00 nametype=NORMAL cap_fp=0 cap_fi=0 cap_fe=0 cap_fver=0 cap_frootid=0OUID="root" OGID="root"
type=PROCTITLE msg=audit(1769264109.946:7309): proctitle=76696D002D65730066696C655F342E747874
type=SYSCALL msg=audit(1769264109.958:7310): arch=c000003e syscall=59 success=yes exit=0 a0=653e76a1c6b0 a1=653e76a211e0 a2=653e76a17520 a3=0 items=2 ppid=11465 pid=11848 auid=1000 uid=0 gid=0 euid=0 suid=0 fsuid=0 egid=0 sgid=0 fsgid=0 tty=pts1 ses=3 comm="vim" exe="/usr/bin/vim.basic" subj=unconfined key="process_exec"ARCH=x86_64 SYSCALL=execve AUID="heroic" UID="root" GID="root" EUID="root" SUID="root" FSUID="root" EGID="root" SGID="root" FSGID="root"
type=EXECVE msg=audit(1769264109.958:7310): argc=3 a0="vim" a1="-es" a2="file_5.txt"
type=CWD msg=audit(1769264109.958:7310): cwd="/root/hids_benign"
type=PATH msg=audit(1769264109.958:7310): item=0 name="/usr/bin/vim" inode=1575517 dev=08:02 mode=0100755 ouid=0 ogid=0 rdev=00:00 nametype=NORMAL cap_fp=0 cap_fi=0 cap_fe=0 cap_fver=0 cap_frootid=0OUID="root" OGID="root"
type=PATH msg=audit(1769264109.958:7310): item=1 name="/lib64/ld-linux-x86-64.so.2" inode=1575340 dev=08:02 mode=0100755 ouid=0 ogid=0 rdev=00:00 nametype=NORMAL cap_fp=0 cap_fi=0 cap_fe=0 cap_fver=0 cap_frootid=0OUID="root" OGID="root"
type=PROCTITLE msg=audit(1769264109.958:7310): proctitle=76696D002D65730066696C655F352E747874
type=SYSCALL msg=audit(1769264109.971:7311): arch=c000003e syscall=59 success=yes exit=0 a0=653e76a1d8e0 a1=653e76a20110 a2=653e76a17520 a3=653e76a20110 items=2 ppid=11465 pid=11849 auid=1000 uid=0 gid=0 euid=0 suid=0 fsuid=0 egid=0 sgid=0 fsgid=0 tty=pts1 ses=3 comm="ls" exe="/usr/bin/ls" subj=unconfined key="process_exec"ARCH=x86_64 SYSCALL=execve AUID="heroic" UID="root" GID="root" EUID="root" SUID="root" FSUID="root" EGID="root" SGID="root" FSGID="root"
type=EXECVE msg=audit(1769264109.971:7311): argc=2 a0="ls" a1="-la"
type=CWD msg=audit(1769264109.971:7311): cwd="/root/hids_benign"
type=PATH msg=audit(1769264109.971:7311): item=0 name="/usr/bin/ls" inode=1578104 dev=08:02 mode=0100755 ouid=0 ogid=0 rdev=00:00 nametype=NORMAL cap_fp=0 cap_fi=0 cap_fe=0 cap_fver=0 cap_frootid=0OUID="root" OGID="root"
type=PATH msg=audit(1769264109.971:7311): item=1 name="/lib64/ld-linux-x86-64.so.2" inode=1575340 dev=08:02 mode=0100755 ouid=0 ogid=0 rdev=00:00 nametype=NORMAL cap_fp=0 cap_fi=0 cap_fe=0 cap_fver=0 cap_frootid=0OUID="root" OGID="root"
type=PROCTITLE msg=audit(1769264109.971:7311): proctitle=6C73002D6C61
type=SYSCALL msg=audit(1769264109.975:7312): arch=c000003e syscall=59 success=yes exit=0 a0=653e76a1d860 a1=653e76a19b80 a2=653e76a17520 a3=653e76a1da60 items=2 ppid=11465 pid=11850 auid=1000 uid=0 gid=0 euid=0 suid=0 fsuid=0 egid=0 sgid=0 fsgid=0 tty=pts1 ses=3 comm="ls" exe="/usr/bin/ls" subj=unconfined key="process_exec"ARCH=x86_64 SYSCALL=execve AUID="heroic" UID="root" GID="root" EUID="root" SUID="root" FSUID="root" EGID="root" SGID="root" FSGID="root"
type=EXECVE msg=audit(1769264109.975:7312): argc=2 a0="ls" a1="-la"
type=CWD msg=audit(1769264109.975:7312): cwd="/root/hids_benign"
type=PATH msg=audit(1769264109.975:7312): item=0 name="/usr/bin/ls" inode=1578104 dev=08:02 mode=0100755 ouid=0 ogid=0 rdev=00:00 nametype=NORMAL cap_fp=0 cap_fi=0 cap_fe=0 cap_fver=0 cap_frootid=0OUID="root" OGID="root"
type=PATH msg=audit(1769264109.975:7312): item=1 name="/lib64/ld-linux-x86-64.so.2" inode=1575340 dev=08:02 mode=0100755 ouid=0 ogid=0 rdev=00:00 nametype=NORMAL cap_fp=0 cap_fi=0 cap_fe=0 cap_fver=0 cap_frootid=0OUID="root" OGID="root"
type=PROCTITLE msg=audit(1769264109.975:7312): proctitle=6C73002D6C61
type=SYSCALL msg=audit(1769264109.978:7313): arch=c000003e syscall=59 success=yes exit=0 a0=653e76a1c6b0 a1=653e76a19b80 a2=653e76a17520 a3=653e76a20c60 items=2 ppid=11465 pid=11851 auid=1000 uid=0 gid=0 euid=0 suid=0 fsuid=0 egid=0 sgid=0 fsgid=0 tty=pts1 ses=3 comm="ls" exe="/usr/bin/ls" subj=unconfined key="process_exec"ARCH=x86_64 SYSCALL=execve AUID="heroic" UID="root" GID="root" EUID="root" SUID="root" FSUID="root" EGID="root" SGID="root" FSGID="root"
type=EXECVE msg=audit(1769264109.978:7313): argc=2 a0="ls" a1="-la"
type=CWD msg=audit(1769264109.978:7313): cwd="/root/hids_benign"
type=PATH msg=audit(1769264109.978:7313): item=0 name="/usr/bin/ls" inode=1578104 dev=08:02 mode=0100755 ouid=0 ogid=0 rdev=00:00 nametype=NORMAL cap_fp=0 cap_fi=0 cap_fe=0 cap_fver=0 cap_frootid=0OUID="root" OGID="root"
type=PATH msg=audit(1769264109.978:7313): item=1 name="/lib64/ld-linux-x86-64.so.2" inode=1575340 dev=08:02 mode=0100755 ouid=0 ogid=0 rdev=00:00 nametype=NORMAL cap_fp=0 cap_fi=0 cap_fe=0 cap_fver=0 cap_frootid=0OUID="root" OGID="root"
type=PROCTITLE msg=audit(1769264109.978:7313): proctitle=6C73002D6C61
type=SYSCALL msg=audit(1769264109.982:7314): arch=c000003e syscall=59 success=yes exit=0 a0=653e76a1d370 a1=653e76a19b80 a2=653e76a17520 a3=653e76a1d8e0 items=2 ppid=11465 pid=11852 auid=1000 uid=0 gid=0 euid=0 suid=0 fsuid=0 egid=0 sgid=0 fsgid=0 tty=pts1 ses=3 comm="ls" exe="/usr/bin/ls" subj=unconfined key="process_exec"ARCH=x86_64 SYSCALL=execve AUID="heroic" UID="root" GID="root" EUID="root" SUID="root" FSUID="root" EGID="root" SGID="root" FSGID="root"
type=EXECVE msg=audit(1769264109.982:7314): argc=2 a0="ls" a1="-la"
type=CWD msg=audit(1769264109.982:7314): cwd="/root/hids_benign"
type=PATH msg=audit(1769264109.982:7314): item=0 name="/usr/bin/ls" inode=1578104 dev=08:02 mode=0100755 ouid=0 ogid=0 rdev=00:00 nametype=NORMAL cap_fp=0 cap_fi=0 cap_fe=0 cap_fver=0 cap_frootid=0OUID="root" OGID="root"
type=PATH msg=audit(1769264109.982:7314): item=1 name="/lib64/ld-linux-x86-64.so.2" inode=1575340 dev=08:02 mode=0100755 ouid=0 ogid=0 rdev=00:00 nametype=NORMAL cap_fp=0 cap_fi=0 cap_fe=0 cap_fver=0 cap_frootid=0OUID="root" OGID="root"
type=PROCTITLE msg=audit(1769264109.982:7314): proctitle=6C73002D6C61
type=SYSCALL msg=audit(1769264109.987:7315): arch=c000003e syscall=59 success=yes exit=0 a0=653e76a1f560 a1=653e76a19b80 a2=653e76a17520 a3=653e76a1d860 items=2 ppid=11465 pid=11853 auid=1000 uid=0 gid=0 euid=0 suid=0 fsuid=0 egid=0 sgid=0 fsgid=0 tty=pts1 ses=3 comm="ls" exe="/usr/bin/ls" subj=unconfined key="process_exec"ARCH=x86_64 SYSCALL=execve AUID="heroic" UID="root" GID="root" EUID="root" SUID="root" FSUID="root" EGID="root" SGID="root" FSGID="root"
type=EXECVE msg=audit(1769264109.987:7315): argc=2 a0="ls" a1="-la"
type=CWD msg=audit(1769264109.987:7315): cwd="/root/hids_benign"
type=PATH msg=audit(1769264109.987:7315): item=0 name="/usr/bin/ls" inode=1578104 dev=08:02 mode=0100755 ouid=0 ogid=0 rdev=00:00 nametype=NORMAL cap_fp=0 cap_fi=0 cap_fe=0 cap_fver=0 cap_frootid=0OUID="root" OGID="root"
type=PATH msg=audit(1769264109.987:7315): item=1 name="/lib64/ld-linux-x86-64.so.2" inode=1575340 dev=08:02 mode=0100755 ouid=0 ogid=0 rdev=00:00 nametype=NORMAL cap_fp=0 cap_fi=0 cap_fe=0 cap_fver=0 cap_frootid=0OUID="root" OGID="root"
type=PROCTITLE msg=audit(1769264109.987:7315): proctitle=6C73002D6C61
type=SYSCALL msg=audit(1769264109.991:7316): arch=c000003e syscall=59 success=yes exit=0 a0=653e76a1d8e0 a1=653e76a20050 a2=653e76a17520 a3=653e76a1c6b0 items=2 ppid=11465 pid=11854 auid=1000 uid=0 gid=0 euid=0 suid=0 fsuid=0 egid=0 sgid=0 fsgid=0 tty=pts1 ses=3 comm="curl" exe="/usr/bin/curl" subj=unconfined key="process_exec"ARCH=x86_64 SYSCALL=execve AUID="heroic" UID="root" GID="root" EUID="root" SUID="root" FSUID="root" EGID="root" SGID="root" FSGID="root"
type=EXECVE msg=audit(1769264109.991:7316): argc=3 a0="curl" a1="-s" a2="https://example.com"
type=CWD msg=audit(1769264109.991:7316): cwd="/root/hids_benign"
type=PATH msg=audit(1769264109.991:7316): item=0 name="/usr/bin/curl" inode=1573697 dev=08:02 mode=0100755 ouid=0 ogid=0 rdev=00:00 nametype=NORMAL cap_fp=0 cap_fi=0 cap_fe=0 cap_fver=0 cap_frootid=0OUID="root" OGID="root"
type=PATH msg=audit(1769264109.991:7316): item=1 name="/lib64/ld-linux-x86-64.so.2" inode=1575340 dev=08:02 mode=0100755 ouid=0 ogid=0 rdev=00:00 nametype=NORMAL cap_fp=0 cap_fi=0 cap_fe=0 cap_fver=0 cap_frootid=0OUID="root" OGID="root"
type=PROCTITLE msg=audit(1769264109.991:7316): proctitle=6375726C002D730068747470733A2F2F6578616D706C652E636F6D
type=SYSCALL msg=audit(1769264110.183:7317): arch=c000003e syscall=59 success=yes exit=0 a0=653e76a1f600 a1=653e76a1fde0 a2=653e76a17520 a3=653e76a1f020 items=2 ppid=11465 pid=11856 auid=1000 uid=0 gid=0 euid=0 suid=0 fsuid=0 egid=0 sgid=0 fsgid=0 tty=pts1 ses=3 comm="ssh" exe="/usr/bin/ssh" subj=unconfined key="process_exec"ARCH=x86_64 SYSCALL=execve AUID="heroic" UID="root" GID="root" EUID="root" SUID="root" FSUID="root" EGID="root" SGID="root" FSGID="root"
type=EXECVE msg=audit(1769264110.183:7317): argc=5 a0="ssh" a1="-o" a2="BatchMode=yes" a3="localhost" a4=6563686F205353485F4F4B
type=CWD msg=audit(1769264110.183:7317): cwd="/root/hids_benign"
type=PATH msg=audit(1769264110.183:7317): item=0 name="/usr/bin/ssh" inode=1573390 dev=08:02 mode=0100755 ouid=0 ogid=0 rdev=00:00 nametype=NORMAL cap_fp=0 cap_fi=0 cap_fe=0 cap_fver=0 cap_frootid=0OUID="root" OGID="root"
type=PATH msg=audit(1769264110.183:7317): item=1 name="/lib64/ld-linux-x86-64.so.2" inode=1575340 dev=08:02 mode=0100755 ouid=0 ogid=0 rdev=00:00 nametype=NORMAL cap_fp=0 cap_fi=0 cap_fe=0 cap_fver=0 cap_frootid=0OUID="root" OGID="root"
type=PROCTITLE msg=audit(1769264110.183:7317): proctitle=737368002D6F0042617463684D6F64653D796573006C6F63616C686F7374006563686F205353485F4F4B
type=SYSCALL msg=audit(1769264110.194:7318): arch=c000003e syscall=59 success=yes exit=0 a0=653e76a1c6b0 a1=653e76a1d370 a2=653e76a17520 a3=653e76a1d370 items=2 ppid=11465 pid=11857 auid=1000 uid=0 gid=0 euid=0 suid=0 fsuid=0 egid=0 sgid=0 fsgid=0 tty=pts1 ses=3 comm="sleep" exe="/usr/bin/sleep" subj=unconfined key="process_exec"ARCH=x86_64 SYSCALL=execve AUID="heroic" UID="root" GID="root" EUID="root" SUID="root" FSUID="root" EGID="root" SGID="root" FSGID="root"
type=EXECVE msg=audit(1769264110.194:7318): argc=2 a0="sleep" a1="5"
type=CWD msg=audit(1769264110.194:7318): cwd="/root/hids_benign"
type=PATH msg=audit(1769264110.194:7318): item=0 name="/usr/bin/sleep" inode=1578138 dev=08:02 mode=0100755 ouid=0 ogid=0 rdev=00:00 nametype=NORMAL cap_fp=0 cap_fi=0 cap_fe=0 cap_fver=0 cap_frootid=0OUID="root" OGID="root"
type=PATH msg=audit(1769264110.194:7318): item=1 name="/lib64/ld-linux-x86-64.so.2" inode=1575340 dev=08:02 mode=0100755 ouid=0 ogid=0 rdev=00:00 nametype=NORMAL cap_fp=0 cap_fi=0 cap_fe=0 cap_fver=0 cap_frootid=0OUID="root" OGID="root"
type=PROCTITLE msg=audit(1769264110.194:7318): proctitle=736C6565700035
type=SYSCALL msg=audit(1769264115.202:7319): arch=c000003e syscall=59 success=yes exit=0 a0=653e76a1c6b0 a1=653e76a1d680 a2=653e76a17520 a3=653e76a1f640 items=2 ppid=11465 pid=11858 auid=1000 uid=0 gid=0 euid=0 suid=0 fsuid=0 egid=0 sgid=0 fsgid=0 tty=pts1 ses=3 comm="rm" exe="/usr/bin/rm" subj=unconfined key="process_exec"ARCH=x86_64 SYSCALL=execve AUID="heroic" UID="root" GID="root" EUID="root" SUID="root" FSUID="root" EGID="root" SGID="root" FSGID="root"
type=EXECVE msg=audit(1769264115.202:7319): argc=14 a0="rm" a1="-f" a2="file_10.txt" a3="file_1.txt" a4="file_2.txt" a5="file_3.txt" a6="file_4.txt" a7="file_5.txt" a8="file_6.txt" a9="file_7.txt" a10="file_8.txt" a11="file_9.txt" a12="webpage.html" a13="dir_list.log"
type=CWD msg=audit(1769264115.202:7319): cwd="/root/hids_benign"
type=PATH msg=audit(1769264115.202:7319): item=0 name="/usr/bin/rm" inode=1578127 dev=08:02 mode=0100755 ouid=0 ogid=0 rdev=00:00 nametype=NORMAL cap_fp=0 cap_fi=0 cap_fe=0 cap_fver=0 cap_frootid=0OUID="root" OGID="root"
type=PATH msg=audit(1769264115.202:7319): item=1 name="/lib64/ld-linux-x86-64.so.2" inode=1575340 dev=08:02 mode=0100755 ouid=0 ogid=0 rdev=00:00 nametype=NORMAL cap_fp=0 cap_fi=0 cap_fe=0 cap_fver=0 cap_frootid=0OUID="root" OGID="root"
type=PROCTITLE msg=audit(1769264115.202:7319): proctitle=726D002D660066696C655F31302E7478740066696C655F312E7478740066696C655F322E7478740066696C655F332E7478740066696C655F342E7478740066696C655F352E7478740066696C655F362E7478740066696C655F372E7478740066696C655F382E7478740066696C655F392E74787400776562706167652E68746D
type=SYSCALL msg=audit(1769264115.209:7320): arch=c000003e syscall=59 success=yes exit=0 a0=653e76a1d370 a1=653e76a1f020 a2=653e76a17520 a3=653e76a1f020 items=2 ppid=11465 pid=11859 auid=1000 uid=0 gid=0 euid=0 suid=0 fsuid=0 egid=0 sgid=0 fsgid=0 tty=pts1 ses=3 comm="rmdir" exe="/usr/bin/rmdir" subj=unconfined key="process_exec"ARCH=x86_64 SYSCALL=execve AUID="heroic" UID="root" GID="root" EUID="root" SUID="root" FSUID="root" EGID="root" SGID="root" FSGID="root"
type=EXECVE msg=audit(1769264115.209:7320): argc=2 a0="rmdir" a1="/root/hids_benign"
type=CWD msg=audit(1769264115.209:7320): cwd="/root/hids_benign"
type=PATH msg=audit(1769264115.209:7320): item=0 name="/usr/bin/rmdir" inode=1578128 dev=08:02 mode=0100755 ouid=0 ogid=0 rdev=00:00 nametype=NORMAL cap_fp=0 cap_fi=0 cap_fe=0 cap_fver=0 cap_frootid=0OUID="root" OGID="root"
type=PATH msg=audit(1769264115.209:7320): item=1 name="/lib64/ld-linux-x86-64.so.2" inode=1575340 dev=08:02 mode=0100755 ouid=0 ogid=0 rdev=00:00 nametype=NORMAL cap_fp=0 cap_fi=0 cap_fe=0 cap_fver=0 cap_frootid=0OUID="root" OGID="root"
type=PROCTITLE msg=audit(1769264115.209:7320): proctitle=726D646972002F726F6F742F686964735F62656E69676E
type=SYSCALL msg=audit(1769264115.214:7321): arch=c000003e syscall=59 success=yes exit=0 a0=653e76a1d8e0 a1=653e76a1f560 a2=653e76a17520 a3=653e76a1f560 items=2 ppid=11465 pid=11860 auid=1000 uid=0 gid=0 euid=0 suid=0 fsuid=0 egid=0 sgid=0 fsgid=0 tty=pts1 ses=3 comm="sleep" exe="/usr/bin/sleep" subj=unconfined key="process_exec"ARCH=x86_64 SYSCALL=execve AUID="heroic" UID="root" GID="root" EUID="root" SUID="root" FSUID="root" EGID="root" SGID="root" FSGID="root"
type=EXECVE msg=audit(1769264115.214:7321): argc=2 a0="sleep" a1="60"
type=CWD msg=audit(1769264115.214:7321): cwd=2F726F6F742F686964735F62656E69676E202864656C6574656429
type=PATH msg=audit(1769264115.214:7321): item=0 name="/usr/bin/sleep" inode=1578138 dev=08:02 mode=0100755 ouid=0 ogid=0 rdev=00:00 nametype=NORMAL cap_fp=0 cap_fi=0 cap_fe=0 cap_fver=0 cap_frootid=0OUID="root" OGID="root"
type=PATH msg=audit(1769264115.214:7321): item=1 name="/lib64/ld-linux-x86-64.so.2" inode=1575340 dev=08:02 mode=0100755 ouid=0 ogid=0 rdev=00:00 nametype=NORMAL cap_fp=0 cap_fi=0 cap_fe=0 cap_fver=0 cap_frootid=0OUID="root" OGID="root"
type=PROCTITLE msg=audit(1769264115.214:7321): proctitle=736C656570003630
type=SYSCALL msg=audit(1769264155.971:7322): arch=c000003e syscall=59 success=yes exit=0 a0=5fb0bc748940 a1=5fb0bc754380 a2=5fb0bc7477c0 a3=5fb0bc754380 items=2 ppid=11510 pid=11865 auid=1000 uid=0 gid=0 euid=0 suid=0 fsuid=0 egid=0 sgid=0 fsgid=0 tty=pts3 ses=3 comm="sudo" exe="/usr/bin/sudo" subj=unconfined key="process_exec"ARCH=x86_64 SYSCALL=execve AUID="heroic" UID="root" GID="root" EUID="root" SUID="root" FSUID="root" EGID="root" SGID="root" FSGID="root"
type=EXECVE msg=audit(1769264155.971:7322): argc=4 a0="sudo" a1="tail" a2="-f" a3="/var/log/audit/audit.log"
type=CWD msg=audit(1769264155.971:7322): cwd="/home/heroic/Desktop"
type=PATH msg=audit(1769264155.971:7322): item=0 name="/usr/bin/sudo" inode=1574274 dev=08:02 mode=0104755 ouid=0 ogid=0 rdev=00:00 nametype=NORMAL cap_fp=0 cap_fi=0 cap_fe=0 cap_fver=0 cap_frootid=0OUID="root" OGID="root"
type=PATH msg=audit(1769264155.971:7322): item=1 name="/lib64/ld-linux-x86-64.so.2" inode=1575340 dev=08:02 mode=0100755 ouid=0 ogid=0 rdev=00:00 nametype=NORMAL cap_fp=0 cap_fi=0 cap_fe=0 cap_fver=0 cap_frootid=0OUID="root" OGID="root"
type=PROCTITLE msg=audit(1769264155.971:7322): proctitle=7375646F007461696C002D66002F7661722F6C6F672F61756469742F61756469742E6C6F67
type=USER_ACCT msg=audit(1769264155.996:7323): pid=11865 uid=0 auid=1000 ses=3 subj=unconfined msg='op=PAM:accounting grantors=pam_permit,pam_localuser acct="root" exe="/usr/bin/sudo" hostname=? addr=? terminal=/dev/pts/3 res=success'UID="root" AUID="heroic"
type=USER_CMD msg=audit(1769264155.999:7324): pid=11865 uid=0 auid=1000 ses=3 subj=unconfined msg='cwd="/home/heroic/Desktop" cmd=7461696C202D66202F7661722F6C6F672F61756469742F61756469742E6C6F67 exe="/usr/bin/sudo" terminal=pts/3 res=success'UID="root" AUID="heroic"
type=CRED_REFR msg=audit(1769264156.003:7325): pid=11865 uid=0 auid=1000 ses=3 subj=unconfined msg='op=PAM:setcred grantors=pam_permit,pam_cap acct="root" exe="/usr/bin/sudo" hostname=? addr=? terminal=/dev/pts/3 res=success'UID="root" AUID="heroic"
type=USER_START msg=audit(1769264156.003:7326): pid=11865 uid=0 auid=1000 ses=3 subj=unconfined msg='op=PAM:session_open grantors=pam_limits,pam_env,pam_env,pam_permit,pam_umask,pam_unix acct="root" exe="/usr/bin/sudo" hostname=? addr=? terminal=/dev/pts/3 res=success'UID="root" AUID="heroic"
type=SYSCALL msg=audit(1769264156.013:7327): arch=c000003e syscall=59 success=yes exit=0 a0=651d27417b68 a1=651d27427af0 a2=651d274bb730 a3=64 items=2 ppid=11866 pid=11867 auid=1000 uid=0 gid=0 euid=0 suid=0 fsuid=0 egid=0 sgid=0 fsgid=0 tty=pts4 ses=3 comm="tail" exe="/usr/bin/tail" subj=unconfined key="process_exec"ARCH=x86_64 SYSCALL=execve AUID="heroic" UID="root" GID="root" EUID="root" SUID="root" FSUID="root" EGID="root" SGID="root" FSGID="root"
type=EXECVE msg=audit(1769264156.013:7327): argc=3 a0="tail" a1="-f" a2="/var/log/audit/audit.log"
type=CWD msg=audit(1769264156.013:7327): cwd="/home/heroic/Desktop"
type=PATH msg=audit(1769264156.013:7327): item=0 name="/usr/bin/tail" inode=1578147 dev=08:02 mode=0100755 ouid=0 ogid=0 rdev=00:00 nametype=NORMAL cap_fp=0 cap_fi=0 cap_fe=0 cap_fver=0 cap_frootid=0OUID="root" OGID="root"
type=PATH msg=audit(1769264156.013:7327): item=1 name="/lib64/ld-linux-x86-64.so.2" inode=1575340 dev=08:02 mode=0100755 ouid=0 ogid=0 rdev=00:00 nametype=NORMAL cap_fp=0 cap_fi=0 cap_fe=0 cap_fver=0 cap_frootid=0OUID="root" OGID="root"
type=PROCTITLE msg=audit(1769264156.013:7327): proctitle=7461696C002D66002F7661722F6C6F672F61756469742F61756469742E6C6F67
type=SYSCALL msg=audit(1769264192.154:7328): arch=c000003e syscall=59 success=yes exit=0 a0=74c22bfcb42f a1=74c229deaca0 a2=7fff226f4908 a3=8 items=2 ppid=4679 pid=11869 auid=4294967295 uid=0 gid=124 euid=0 suid=0 fsuid=0 egid=124 sgid=124 fsgid=124 tty=(none) ses=4294967295 comm="sh" exe="/usr/bin/dash" subj=unconfined key="process_exec"ARCH=x86_64 SYSCALL=execve AUID="unset" UID="root" GID="wazuh" EUID="root" SUID="root" FSUID="root" EGID="wazuh" SGID="wazuh" FSGID="wazuh"
type=EXECVE msg=audit(1769264192.154:7328): argc=4 a0="sh" a1="-c" a2="--" a3=6466202D50
type=CWD msg=audit(1769264192.154:7328): cwd="/var/ossec"
type=PATH msg=audit(1769264192.154:7328): item=0 name="/bin/sh" inode=1573518 dev=08:02 mode=0100755 ouid=0 ogid=0 rdev=00:00 nametype=NORMAL cap_fp=0 cap_fi=0 cap_fe=0 cap_fver=0 cap_frootid=0OUID="root" OGID="root"
type=PATH msg=audit(1769264192.154:7328): item=1 name="/lib64/ld-linux-x86-64.so.2" inode=1575340 dev=08:02 mode=0100755 ouid=0 ogid=0 rdev=00:00 nametype=NORMAL cap_fp=0 cap_fi=0 cap_fe=0 cap_fver=0 cap_frootid=0OUID="root" OGID="root"
type=PROCTITLE msg=audit(1769264192.154:7328): proctitle=7368002D63002D2D006466202D50
type=SYSCALL msg=audit(1769264192.159:7329): arch=c000003e syscall=59 success=yes exit=0 a0=56afdeb515c8 a1=56afdeb51558 a2=56afdeb51570 a3=8 items=2 ppid=11869 pid=11870 auid=4294967295 uid=0 gid=124 euid=0 suid=0 fsuid=0 egid=124 sgid=124 fsgid=124 tty=(none) ses=4294967295 comm="df" exe="/usr/bin/df" subj=unconfined key="process_exec"ARCH=x86_64 SYSCALL=execve AUID="unset" UID="root" GID="wazuh" EUID="root" SUID="root" FSUID="root" EGID="wazuh" SGID="wazuh" FSGID="wazuh"
type=EXECVE msg=audit(1769264192.159:7329): argc=2 a0="df" a1="-P"
type=CWD msg=audit(1769264192.159:7329): cwd="/var/ossec"
type=PATH msg=audit(1769264192.159:7329): item=0 name="/usr/bin/df" inode=1578065 dev=08:02 mode=0100755 ouid=0 ogid=0 rdev=00:00 nametype=NORMAL cap_fp=0 cap_fi=0 cap_fe=0 cap_fver=0 cap_frootid=0OUID="root" OGID="root"
type=PATH msg=audit(1769264192.159:7329): item=1 name="/lib64/ld-linux-x86-64.so.2" inode=1575340 dev=08:02 mode=0100755 ouid=0 ogid=0 rdev=00:00 nametype=NORMAL cap_fp=0 cap_fi=0 cap_fe=0 cap_fver=0 cap_frootid=0OUID="root" OGID="root"
type=PROCTITLE msg=audit(1769264192.159:7329): proctitle=6466002D50
type=SYSCALL msg=audit(1769264192.166:7330): arch=c000003e syscall=59 success=yes exit=0 a0=74c22bfcb42f a1=74c229ddaca0 a2=7fff226f4908 a3=8 items=2 ppid=4679 pid=11871 auid=4294967295 uid=0 gid=124 euid=0 suid=0 fsuid=0 egid=124 sgid=124 fsgid=124 tty=(none) ses=4294967295 comm="sh" exe="/usr/bin/dash" subj=unconfined key="process_exec"ARCH=x86_64 SYSCALL=execve AUID="unset" UID="root" GID="wazuh" EUID="root" SUID="root" FSUID="root" EGID="wazuh" SGID="wazuh" FSGID="wazuh"
type=EXECVE msg=audit(1769264192.166:7330): argc=4 a0="sh" a1="-c" a2="--" a3=6E657473746174202D74756C706E207C207365642027732F5C285B5B3A616C6E756D3A5D5D5C2B5C295C205C2B5B5B3A64696769743A5D5D5C2B5C205C2B5B5B3A64696769743A5D5D5C2B5C205C2B5C282E2A5C293A5C285B5B3A64696769743A5D5D2A5C295C205C2B5C285B302D395C2E5C3A5C2A5D5C2B5C292E5C2B5C205C285B5B3A64696769743A5D5D2A5C2F5B5B3A616C6E756D3A5D5C2D5D2A5C292E2A2F5C31205C32203D3D205C33203D3D205C34205C352F27207C20736F7274202D6B2034202D67207C207365642027732F203D3D205C282E2A5C29203D3D2F3A5C312F27207C2073656420312C3264
type=CWD msg=audit(1769264192.166:7330): cwd="/var/ossec"
type=PATH msg=audit(1769264192.166:7330): item=0 name="/bin/sh" inode=1573518 dev=08:02 mode=0100755 ouid=0 ogid=0 rdev=00:00 nametype=NORMAL cap_fp=0 cap_fi=0 cap_fe=0 cap_fver=0 cap_frootid=0OUID="root" OGID="root"
type=PATH msg=audit(1769264192.166:7330): item=1 name="/lib64/ld-linux-x86-64.so.2" inode=1575340 dev=08:02 mode=0100755 ouid=0 ogid=0 rdev=00:00 nametype=NORMAL cap_fp=0 cap_fi=0 cap_fe=0 cap_fver=0 cap_frootid=0OUID="root" OGID="root"
type=PROCTITLE msg=audit(1769264192.166:7330): proctitle=7368002D63002D2D006E657473746174202D74756C706E207C207365642027732F5C285B5B3A616C6E756D3A5D5D5C2B5C295C205C2B5B5B3A64696769743A5D5D5C2B5C205C2B5B5B3A64696769743A5D5D5C2B5C205C2B5C282E2A5C293A5C285B5B3A64696769743A5D5D2A5C295C205C2B5C285B302D395C2E5C3A5C2A5D
type=SYSCALL msg=audit(1769264192.171:7331): arch=c000003e syscall=59 success=yes exit=0 a0=5cf8c5b46c70 a1=5cf8c5b46c00 a2=5cf8c5b46c18 a3=1 items=2 ppid=11871 pid=11873 auid=4294967295 uid=0 gid=124 euid=0 suid=0 fsuid=0 egid=124 sgid=124 fsgid=124 tty=(none) ses=4294967295 comm="sed" exe="/usr/bin/sed" subj=unconfined key="process_exec"ARCH=x86_64 SYSCALL=execve AUID="unset" UID="root" GID="wazuh" EUID="root" SUID="root" FSUID="root" EGID="wazuh" SGID="wazuh" FSGID="wazuh"
type=EXECVE msg=audit(1769264192.171:7331): argc=2 a0="sed" a1=732F5C285B5B3A616C6E756D3A5D5D5C2B5C295C205C2B5B5B3A64696769743A5D5D5C2B5C205C2B5B5B3A64696769743A5D5D5C2B5C205C2B5C282E2A5C293A5C285B5B3A64696769743A5D5D2A5C295C205C2B5C285B302D395C2E5C3A5C2A5D5C2B5C292E5C2B5C205C285B5B3A64696769743A5D5D2A5C2F5B5B3A616C6E756D3A5D5C2D5D2A5C292E2A2F5C31205C32203D3D205C33203D3D205C34205C352F
type=CWD msg=audit(1769264192.171:7331): cwd="/var/ossec"
type=PATH msg=audit(1769264192.171:7331): item=0 name="/usr/bin/sed" inode=1574197 dev=08:02 mode=0100755 ouid=0 ogid=0 rdev=00:00 nametype=NORMAL cap_fp=0 cap_fi=0 cap_fe=0 cap_fver=0 cap_frootid=0OUID="root" OGID="root"
type=PATH msg=audit(1769264192.171:7331): item=1 name="/lib64/ld-linux-x86-64.so.2" inode=1575340 dev=08:02 mode=0100755 ouid=0 ogid=0 rdev=00:00 nametype=NORMAL cap_fp=0 cap_fi=0 cap_fe=0 cap_fver=0 cap_frootid=0OUID="root" OGID="root"
type=PROCTITLE msg=audit(1769264192.171:7331): proctitle=73656400732F5C285B5B3A616C6E756D3A5D5D5C2B5C295C205C2B5B5B3A64696769743A5D5D5C2B5C205C2B5B5B3A64696769743A5D5D5C2B5C205C2B5C282E2A5C293A5C285B5B3A64696769743A5D5D2A5C295C205C2B5C285B302D395C2E5C3A5C2A5D5C2B5C292E5C2B5C205C285B5B3A64696769743A5D5D2A5C2F5B5B
type=SYSCALL msg=audit(1769264192.171:7332): arch=c000003e syscall=59 success=yes exit=0 a0=5cf8c5b46b90 a1=5cf8c5b46910 a2=5cf8c5b46b38 a3=1 items=2 ppid=11871 pid=11874 auid=4294967295 uid=0 gid=124 euid=0 suid=0 fsuid=0 egid=124 sgid=124 fsgid=124 tty=(none) ses=4294967295 comm="sort" exe="/usr/bin/sort" subj=unconfined key="process_exec"ARCH=x86_64 SYSCALL=execve AUID="unset" UID="root" GID="wazuh" EUID="root" SUID="root" FSUID="root" EGID="wazuh" SGID="wazuh" FSGID="wazuh"
type=EXECVE msg=audit(1769264192.171:7332): argc=4 a0="sort" a1="-k" a2="4" a3="-g"
type=CWD msg=audit(1769264192.171:7332): cwd="/var/ossec"
type=PATH msg=audit(1769264192.171:7332): item=0 name="/usr/bin/sort" inode=1578139 dev=08:02 mode=0100755 ouid=0 ogid=0 rdev=00:00 nametype=NORMAL cap_fp=0 cap_fi=0 cap_fe=0 cap_fver=0 cap_frootid=0OUID="root" OGID="root"
type=PATH msg=audit(1769264192.171:7332): item=1 name="/lib64/ld-linux-x86-64.so.2" inode=1575340 dev=08:02 mode=0100755 ouid=0 ogid=0 rdev=00:00 nametype=NORMAL cap_fp=0 cap_fi=0 cap_fe=0 cap_fver=0 cap_frootid=0OUID="root" OGID="root"
type=PROCTITLE msg=audit(1769264192.171:7332): proctitle=736F7274002D6B0034002D67
type=SYSCALL msg=audit(1769264192.171:7333): arch=c000003e syscall=59 success=yes exit=0 a0=5cf8c5b46bc0 a1=5cf8c5b46900 a2=5cf8c5b46b68 a3=1 items=2 ppid=11871 pid=11875 auid=4294967295 uid=0 gid=124 euid=0 suid=0 fsuid=0 egid=124 sgid=124 fsgid=124 tty=(none) ses=4294967295 comm="sed" exe="/usr/bin/sed" subj=unconfined key="process_exec"ARCH=x86_64 SYSCALL=execve AUID="unset" UID="root" GID="wazuh" EUID="root" SUID="root" FSUID="root" EGID="wazuh" SGID="wazuh" FSGID="wazuh"
type=EXECVE msg=audit(1769264192.171:7333): argc=2 a0="sed" a1=732F203D3D205C282E2A5C29203D3D2F3A5C312F
type=CWD msg=audit(1769264192.171:7333): cwd="/var/ossec"
type=PATH msg=audit(1769264192.171:7333): item=0 name="/usr/bin/sed" inode=1574197 dev=08:02 mode=0100755 ouid=0 ogid=0 rdev=00:00 nametype=NORMAL cap_fp=0 cap_fi=0 cap_fe=0 cap_fver=0 cap_frootid=0OUID="root" OGID="root"
type=PATH msg=audit(1769264192.171:7333): item=1 name="/lib64/ld-linux-x86-64.so.2" inode=1575340 dev=08:02 mode=0100755 ouid=0 ogid=0 rdev=00:00 nametype=NORMAL cap_fp=0 cap_fi=0 cap_fe=0 cap_fver=0 cap_frootid=0OUID="root" OGID="root"
type=PROCTITLE msg=audit(1769264192.171:7333): proctitle=73656400732F203D3D205C282E2A5C29203D3D2F3A5C312F
type=SYSCALL msg=audit(1769264192.177:7334): arch=c000003e syscall=59 success=yes exit=0 a0=5cf8c5b46b38 a1=5cf8c5b468e0 a2=5cf8c5b468f8 a3=1 items=2 ppid=11871 pid=11876 auid=4294967295 uid=0 gid=124 euid=0 suid=0 fsuid=0 egid=124 sgid=124 fsgid=124 tty=(none) ses=4294967295 comm="sed" exe="/usr/bin/sed" subj=unconfined key="process_exec"ARCH=x86_64 SYSCALL=execve AUID="unset" UID="root" GID="wazuh" EUID="root" SUID="root" FSUID="root" EGID="wazuh" SGID="wazuh" FSGID="wazuh"
type=SYSCALL msg=audit(1769264192.182:7335): arch=c000003e syscall=59 success=yes exit=0 a0=5cf8c5b46ad8 a1=5cf8c5b468e0 a2=5cf8c5b468f8 a3=1 items=2 ppid=11871 pid=11872 auid=4294967295 uid=0 gid=124 euid=0 suid=0 fsuid=0 egid=124 sgid=124 fsgid=124 tty=(none) ses=4294967295 comm="netstat" exe="/usr/bin/netstat" subj=unconfined key="process_exec"ARCH=x86_64 SYSCALL=execve AUID="unset" UID="root" GID="wazuh" EUID="root" SUID="root" FSUID="root" EGID="wazuh" SGID="wazuh" FSGID="wazuh"
type=EXECVE msg=audit(1769264192.182:7335): argc=2 a0="netstat" a1="-tulpn"
type=CWD msg=audit(1769264192.182:7335): cwd="/var/ossec"
type=PATH msg=audit(1769264192.182:7335): item=0 name="/usr/bin/netstat" inode=1576702 dev=08:02 mode=0100755 ouid=0 ogid=0 rdev=00:00 nametype=NORMAL cap_fp=0 cap_fi=0 cap_fe=0 cap_fver=0 cap_frootid=0OUID="root" OGID="root"
type=PATH msg=audit(1769264192.182:7335): item=1 name="/lib64/ld-linux-x86-64.so.2" inode=1575340 dev=08:02 mode=0100755 ouid=0 ogid=0 rdev=00:00 nametype=NORMAL cap_fp=0 cap_fi=0 cap_fe=0 cap_fver=0 cap_frootid=0OUID="root" OGID="root"
type=PROCTITLE msg=audit(1769264192.182:7335): proctitle=6E657473746174002D74756C706E
type=EXECVE msg=audit(1769264192.177:7334): argc=2 a0="sed" a1="1,2d"
type=CWD msg=audit(1769264192.177:7334): cwd="/var/ossec"
type=PATH msg=audit(1769264192.177:7334): item=0 name="/usr/bin/sed" inode=1574197 dev=08:02 mode=0100755 ouid=0 ogid=0 rdev=00:00 nametype=NORMAL cap_fp=0 cap_fi=0 cap_fe=0 cap_fver=0 cap_frootid=0OUID="root" OGID="root"
type=PATH msg=audit(1769264192.177:7334): item=1 name="/lib64/ld-linux-x86-64.so.2" inode=1575340 dev=08:02 mode=0100755 ouid=0 ogid=0 rdev=00:00 nametype=NORMAL cap_fp=0 cap_fi=0 cap_fe=0 cap_fver=0 cap_frootid=0OUID="root" OGID="root"
type=PROCTITLE msg=audit(1769264192.177:7334): proctitle=73656400312C3264
type=SYSCALL msg=audit(1769264192.203:7336): arch=c000003e syscall=59 success=yes exit=0 a0=74c22bfcb42f a1=74c22a5dbca0 a2=7fff226f4908 a3=8 items=2 ppid=4679 pid=11877 auid=4294967295 uid=0 gid=124 euid=0 suid=0 fsuid=0 egid=124 sgid=124 fsgid=124 tty=(none) ses=4294967295 comm="sh" exe="/usr/bin/dash" subj=unconfined key="process_exec"ARCH=x86_64 SYSCALL=execve AUID="unset" UID="root" GID="wazuh" EUID="root" SUID="root" FSUID="root" EGID="wazuh" SGID="wazuh" FSGID="wazuh"
type=EXECVE msg=audit(1769264192.203:7336): argc=4 a0="sh" a1="-c" a2="--" a3=6C617374202D6E203230
type=CWD msg=audit(1769264192.203:7336): cwd="/var/ossec"
type=PATH msg=audit(1769264192.203:7336): item=0 name="/bin/sh" inode=1573518 dev=08:02 mode=0100755 ouid=0 ogid=0 rdev=00:00 nametype=NORMAL cap_fp=0 cap_fi=0 cap_fe=0 cap_fver=0 cap_frootid=0OUID="root" OGID="root"
type=PATH msg=audit(1769264192.203:7336): item=1 name="/lib64/ld-linux-x86-64.so.2" inode=1575340 dev=08:02 mode=0100755 ouid=0 ogid=0 rdev=00:00 nametype=NORMAL cap_fp=0 cap_fi=0 cap_fe=0 cap_fver=0 cap_frootid=0OUID="root" OGID="root"
type=PROCTITLE msg=audit(1769264192.203:7336): proctitle=7368002D63002D2D006C617374202D6E203230
type=SYSCALL msg=audit(1769264192.226:7337): arch=c000003e syscall=59 success=yes exit=0 a0=57ff3f958618 a1=57ff3f9585a0 a2=57ff3f9585c0 a3=8 items=2 ppid=11877 pid=11878 auid=4294967295 uid=0 gid=124 euid=0 suid=0 fsuid=0 egid=124 sgid=124 fsgid=124 tty=(none) ses=4294967295 comm="last" exe="/usr/bin/last" subj=unconfined key="process_exec"ARCH=x86_64 SYSCALL=execve AUID="unset" UID="root" GID="wazuh" EUID="root" SUID="root" FSUID="root" EGID="wazuh" SGID="wazuh" FSGID="wazuh"
type=EXECVE msg=audit(1769264192.226:7337): argc=3 a0="last" a1="-n" a2="20"
type=CWD msg=audit(1769264192.226:7337): cwd="/var/ossec"
type=PATH msg=audit(1769264192.226:7337): item=0 name="/usr/bin/last" inode=1578261 dev=08:02 mode=0100755 ouid=0 ogid=0 rdev=00:00 nametype=NORMAL cap_fp=0 cap_fi=0 cap_fe=0 cap_fver=0 cap_frootid=0OUID="root" OGID="root"
type=PATH msg=audit(1769264192.226:7337): item=1 name="/lib64/ld-linux-x86-64.so.2" inode=1575340 dev=08:02 mode=0100755 ouid=0 ogid=0 rdev=00:00 nametype=NORMAL cap_fp=0 cap_fi=0 cap_fe=0 cap_fver=0 cap_frootid=0OUID="root" OGID="root"
type=PROCTITLE msg=audit(1769264192.226:7337): proctitle=6C617374002D6E003230
type=SYSCALL msg=audit(1769264247.812:7338): arch=c000003e syscall=59 success=yes exit=0 a0=5f19fe2f2b10 a1=5f19fe3112f0 a2=5f19fe2e57c0 a3=5f19fe3112f0 items=3 ppid=11432 pid=11882 auid=1000 uid=0 gid=0 euid=0 suid=0 fsuid=0 egid=0 sgid=0 fsgid=0 tty=pts1 ses=3 comm="benign_activity" exe="/usr/bin/bash" subj=unconfined key="process_exec"ARCH=x86_64 SYSCALL=execve AUID="heroic" UID="root" GID="root" EUID="root" SUID="root" FSUID="root" EGID="root" SGID="root" FSGID="root"
type=EXECVE msg=audit(1769264247.812:7338): argc=2 a0="/bin/bash" a1="./benign_activity.sh"
type=CWD msg=audit(1769264247.812:7338): cwd="/home/heroic/Desktop"
type=PATH msg=audit(1769264247.812:7338): item=0 name="./benign_activity.sh" inode=1196459 dev=08:02 mode=0100775 ouid=1000 ogid=1000 rdev=00:00 nametype=NORMAL cap_fp=0 cap_fi=0 cap_fe=0 cap_fver=0 cap_frootid=0OUID="heroic" OGID="heroic"
type=PATH msg=audit(1769264247.812:7338): item=1 name="/bin/bash" inode=1573437 dev=08:02 mode=0100755 ouid=0 ogid=0 rdev=00:00 nametype=NORMAL cap_fp=0 cap_fi=0 cap_fe=0 cap_fver=0 cap_frootid=0OUID="root" OGID="root"
type=PATH msg=audit(1769264247.812:7338): item=2 name="/lib64/ld-linux-x86-64.so.2" inode=1575340 dev=08:02 mode=0100755 ouid=0 ogid=0 rdev=00:00 nametype=NORMAL cap_fp=0 cap_fi=0 cap_fe=0 cap_fver=0 cap_frootid=0OUID="root" OGID="root"
type=PROCTITLE msg=audit(1769264247.812:7338): proctitle=2F62696E2F62617368002E2F62656E69676E5F61637469766974792E7368
type=SYSCALL msg=audit(1769264247.868:7339): arch=c000003e syscall=59 success=yes exit=0 a0=5959851a0a80 a1=59598519ad30 a2=59598519a520 a3=59598519ad30 items=2 ppid=11882 pid=11883 auid=1000 uid=0 gid=0 euid=0 suid=0 fsuid=0 egid=0 sgid=0 fsgid=0 tty=pts1 ses=3 comm="mkdir" exe="/usr/bin/mkdir" subj=unconfined key="process_exec"ARCH=x86_64 SYSCALL=execve AUID="heroic" UID="root" GID="root" EUID="root" SUID="root" FSUID="root" EGID="root" SGID="root" FSGID="root"
type=EXECVE msg=audit(1769264247.868:7339): argc=3 a0="mkdir" a1="-p" a2="/root/hids_benign"
type=CWD msg=audit(1769264247.868:7339): cwd="/home/heroic/Desktop"
type=PATH msg=audit(1769264247.868:7339): item=0 name="/usr/bin/mkdir" inode=1578106 dev=08:02 mode=0100755 ouid=0 ogid=0 rdev=00:00 nametype=NORMAL cap_fp=0 cap_fi=0 cap_fe=0 cap_fver=0 cap_frootid=0OUID="root" OGID="root"
type=PATH msg=audit(1769264247.868:7339): item=1 name="/lib64/ld-linux-x86-64.so.2" inode=1575340 dev=08:02 mode=0100755 ouid=0 ogid=0 rdev=00:00 nametype=NORMAL cap_fp=0 cap_fi=0 cap_fe=0 cap_fver=0 cap_frootid=0OUID="root" OGID="root"
type=PROCTITLE msg=audit(1769264247.868:7339): proctitle=6D6B646972002D70002F726F6F742F686964735F62656E69676E
type=SYSCALL msg=audit(1769264247.874:7340): arch=c000003e syscall=59 success=yes exit=0 a0=5959851a26a0 a1=59598519ad10 a2=59598519a520 a3=59598519ad10 items=2 ppid=11882 pid=11884 auid=1000 uid=0 gid=0 euid=0 suid=0 fsuid=0 egid=0 sgid=0 fsgid=0 tty=pts1 ses=3 comm="cat" exe="/usr/bin/cat" subj=unconfined key="process_exec"ARCH=x86_64 SYSCALL=execve AUID="heroic" UID="root" GID="root" EUID="root" SUID="root" FSUID="root" EGID="root" SGID="root" FSGID="root"
type=EXECVE msg=audit(1769264247.874:7340): argc=2 a0="cat" a1="file_1.txt"
type=CWD msg=audit(1769264247.874:7340): cwd="/root/hids_benign"
type=PATH msg=audit(1769264247.874:7340): item=0 name="/usr/bin/cat" inode=1578016 dev=08:02 mode=0100755 ouid=0 ogid=0 rdev=00:00 nametype=NORMAL cap_fp=0 cap_fi=0 cap_fe=0 cap_fver=0 cap_frootid=0OUID="root" OGID="root"
type=PATH msg=audit(1769264247.874:7340): item=1 name="/lib64/ld-linux-x86-64.so.2" inode=1575340 dev=08:02 mode=0100755 ouid=0 ogid=0 rdev=00:00 nametype=NORMAL cap_fp=0 cap_fi=0 cap_fe=0 cap_fver=0 cap_frootid=0OUID="root" OGID="root"
type=PROCTITLE msg=audit(1769264247.874:7340): proctitle=6361740066696C655F312E747874
type=SYSCALL msg=audit(1769264247.874:7341): arch=c000003e syscall=59 success=yes exit=0 a0=59598519ad10 a1=5959851a2840 a2=59598519a520 a3=5959851a2840 items=2 ppid=11882 pid=11885 auid=1000 uid=0 gid=0 euid=0 suid=0 fsuid=0 egid=0 sgid=0 fsgid=0 tty=pts1 ses=3 comm="cat" exe="/usr/bin/cat" subj=unconfined key="process_exec"ARCH=x86_64 SYSCALL=execve AUID="heroic" UID="root" GID="root" EUID="root" SUID="root" FSUID="root" EGID="root" SGID="root" FSGID="root"
type=EXECVE msg=audit(1769264247.874:7341): argc=2 a0="cat" a1="file_2.txt"
type=CWD msg=audit(1769264247.874:7341): cwd="/root/hids_benign"
type=PATH msg=audit(1769264247.874:7341): item=0 name="/usr/bin/cat" inode=1578016 dev=08:02 mode=0100755 ouid=0 ogid=0 rdev=00:00 nametype=NORMAL cap_fp=0 cap_fi=0 cap_fe=0 cap_fver=0 cap_frootid=0OUID="root" OGID="root"
type=PATH msg=audit(1769264247.874:7341): item=1 name="/lib64/ld-linux-x86-64.so.2" inode=1575340 dev=08:02 mode=0100755 ouid=0 ogid=0 rdev=00:00 nametype=NORMAL cap_fp=0 cap_fi=0 cap_fe=0 cap_fver=0 cap_frootid=0OUID="root" OGID="root"
type=PROCTITLE msg=audit(1769264247.874:7341): proctitle=6361740066696C655F322E747874
type=SYSCALL msg=audit(1769264247.941:7342): arch=c000003e syscall=59 success=yes exit=0 a0=5959851a2840 a1=5959851a26a0 a2=59598519a520 a3=5959851a26a0 items=2 ppid=11882 pid=11886 auid=1000 uid=0 gid=0 euid=0 suid=0 fsuid=0 egid=0 sgid=0 fsgid=0 tty=pts1 ses=3 comm="cat" exe="/usr/bin/cat" subj=unconfined key="process_exec"ARCH=x86_64 SYSCALL=execve AUID="heroic" UID="root" GID="root" EUID="root" SUID="root" FSUID="root" EGID="root" SGID="root" FSGID="root"
type=EXECVE msg=audit(1769264247.941:7342): argc=2 a0="cat" a1="file_3.txt"
type=CWD msg=audit(1769264247.941:7342): cwd="/root/hids_benign"
type=PATH msg=audit(1769264247.941:7342): item=0 name="/usr/bin/cat" inode=1578016 dev=08:02 mode=0100755 ouid=0 ogid=0 rdev=00:00 nametype=NORMAL cap_fp=0 cap_fi=0 cap_fe=0 cap_fver=0 cap_frootid=0OUID="root" OGID="root"
type=PATH msg=audit(1769264247.941:7342): item=1 name="/lib64/ld-linux-x86-64.so.2" inode=1575340 dev=08:02 mode=0100755 ouid=0 ogid=0 rdev=00:00 nametype=NORMAL cap_fp=0 cap_fi=0 cap_fe=0 cap_fver=0 cap_frootid=0OUID="root" OGID="root"
type=PROCTITLE msg=audit(1769264247.941:7342): proctitle=6361740066696C655F332E747874
type=SYSCALL msg=audit(1769264247.973:7343): arch=c000003e syscall=59 success=yes exit=0 a0=5959851a26a0 a1=59598519ad10 a2=59598519a520 a3=59598519ad10 items=2 ppid=11882 pid=11887 auid=1000 uid=0 gid=0 euid=0 suid=0 fsuid=0 egid=0 sgid=0 fsgid=0 tty=pts1 ses=3 comm="cat" exe="/usr/bin/cat" subj=unconfined key="process_exec"ARCH=x86_64 SYSCALL=execve AUID="heroic" UID="root" GID="root" EUID="root" SUID="root" FSUID="root" EGID="root" SGID="root" FSGID="root"
type=EXECVE msg=audit(1769264247.973:7343): argc=2 a0="cat" a1="file_4.txt"
type=CWD msg=audit(1769264247.973:7343): cwd="/root/hids_benign"
type=PATH msg=audit(1769264247.973:7343): item=0 name="/usr/bin/cat" inode=1578016 dev=08:02 mode=0100755 ouid=0 ogid=0 rdev=00:00 nametype=NORMAL cap_fp=0 cap_fi=0 cap_fe=0 cap_fver=0 cap_frootid=0OUID="root" OGID="root"
type=PATH msg=audit(1769264247.973:7343): item=1 name="/lib64/ld-linux-x86-64.so.2" inode=1575340 dev=08:02 mode=0100755 ouid=0 ogid=0 rdev=00:00 nametype=NORMAL cap_fp=0 cap_fi=0 cap_fe=0 cap_fver=0 cap_frootid=0OUID="root" OGID="root"
type=PROCTITLE msg=audit(1769264247.973:7343): proctitle=6361740066696C655F342E747874
type=SYSCALL msg=audit(1769264247.978:7344): arch=c000003e syscall=59 success=yes exit=0 a0=59598519ad10 a1=5959851a2840 a2=59598519a520 a3=5959851a2840 items=2 ppid=11882 pid=11888 auid=1000 uid=0 gid=0 euid=0 suid=0 fsuid=0 egid=0 sgid=0 fsgid=0 tty=pts1 ses=3 comm="cat" exe="/usr/bin/cat" subj=unconfined key="process_exec"ARCH=x86_64 SYSCALL=execve AUID="heroic" UID="root" GID="root" EUID="root" SUID="root" FSUID="root" EGID="root" SGID="root" FSGID="root"
type=EXECVE msg=audit(1769264247.978:7344): argc=2 a0="cat" a1="file_5.txt"
type=CWD msg=audit(1769264247.978:7344): cwd="/root/hids_benign"
type=PATH msg=audit(1769264247.978:7344): item=0 name="/usr/bin/cat" inode=1578016 dev=08:02 mode=0100755 ouid=0 ogid=0 rdev=00:00 nametype=NORMAL cap_fp=0 cap_fi=0 cap_fe=0 cap_fver=0 cap_frootid=0OUID="root" OGID="root"
type=PATH msg=audit(1769264247.978:7344): item=1 name="/lib64/ld-linux-x86-64.so.2" inode=1575340 dev=08:02 mode=0100755 ouid=0 ogid=0 rdev=00:00 nametype=NORMAL cap_fp=0 cap_fi=0 cap_fe=0 cap_fver=0 cap_frootid=0OUID="root" OGID="root"
type=PROCTITLE msg=audit(1769264247.978:7344): proctitle=6361740066696C655F352E747874
type=SYSCALL msg=audit(1769264247.982:7345): arch=c000003e syscall=59 success=yes exit=0 a0=5959851a2840 a1=5959851a26a0 a2=59598519a520 a3=5959851a26a0 items=2 ppid=11882 pid=11889 auid=1000 uid=0 gid=0 euid=0 suid=0 fsuid=0 egid=0 sgid=0 fsgid=0 tty=pts1 ses=3 comm="cat" exe="/usr/bin/cat" subj=unconfined key="process_exec"ARCH=x86_64 SYSCALL=execve AUID="heroic" UID="root" GID="root" EUID="root" SUID="root" FSUID="root" EGID="root" SGID="root" FSGID="root"
type=EXECVE msg=audit(1769264247.982:7345): argc=2 a0="cat" a1="file_6.txt"
type=CWD msg=audit(1769264247.982:7345): cwd="/root/hids_benign"
type=PATH msg=audit(1769264247.982:7345): item=0 name="/usr/bin/cat" inode=1578016 dev=08:02 mode=0100755 ouid=0 ogid=0 rdev=00:00 nametype=NORMAL cap_fp=0 cap_fi=0 cap_fe=0 cap_fver=0 cap_frootid=0OUID="root" OGID="root"
type=PATH msg=audit(1769264247.982:7345): item=1 name="/lib64/ld-linux-x86-64.so.2" inode=1575340 dev=08:02 mode=0100755 ouid=0 ogid=0 rdev=00:00 nametype=NORMAL cap_fp=0 cap_fi=0 cap_fe=0 cap_fver=0 cap_frootid=0OUID="root" OGID="root"
type=PROCTITLE msg=audit(1769264247.982:7345): proctitle=6361740066696C655F362E747874
type=SYSCALL msg=audit(1769264247.986:7346): arch=c000003e syscall=59 success=yes exit=0 a0=5959851a26a0 a1=59598519ad10 a2=59598519a520 a3=59598519ad10 items=2 ppid=11882 pid=11890 auid=1000 uid=0 gid=0 euid=0 suid=0 fsuid=0 egid=0 sgid=0 fsgid=0 tty=pts1 ses=3 comm="cat" exe="/usr/bin/cat" subj=unconfined key="process_exec"ARCH=x86_64 SYSCALL=execve AUID="heroic" UID="root" GID="root" EUID="root" SUID="root" FSUID="root" EGID="root" SGID="root" FSGID="root"
type=EXECVE msg=audit(1769264247.986:7346): argc=2 a0="cat" a1="file_7.txt"
type=CWD msg=audit(1769264247.986:7346): cwd="/root/hids_benign"
type=PATH msg=audit(1769264247.986:7346): item=0 name="/usr/bin/cat" inode=1578016 dev=08:02 mode=0100755 ouid=0 ogid=0 rdev=00:00 nametype=NORMAL cap_fp=0 cap_fi=0 cap_fe=0 cap_fver=0 cap_frootid=0OUID="root" OGID="root"
type=PATH msg=audit(1769264247.986:7346): item=1 name="/lib64/ld-linux-x86-64.so.2" inode=1575340 dev=08:02 mode=0100755 ouid=0 ogid=0 rdev=00:00 nametype=NORMAL cap_fp=0 cap_fi=0 cap_fe=0 cap_fver=0 cap_frootid=0OUID="root" OGID="root"
type=PROCTITLE msg=audit(1769264247.986:7346): proctitle=6361740066696C655F372E747874
type=SYSCALL msg=audit(1769264247.991:7347): arch=c000003e syscall=59 success=yes exit=0 a0=59598519ad10 a1=5959851a2840 a2=59598519a520 a3=5959851a2840 items=2 ppid=11882 pid=11891 auid=1000 uid=0 gid=0 euid=0 suid=0 fsuid=0 egid=0 sgid=0 fsgid=0 tty=pts1 ses=3 comm="cat" exe="/usr/bin/cat" subj=unconfined key="process_exec"ARCH=x86_64 SYSCALL=execve AUID="heroic" UID="root" GID="root" EUID="root" SUID="root" FSUID="root" EGID="root" SGID="root" FSGID="root"
type=EXECVE msg=audit(1769264247.991:7347): argc=2 a0="cat" a1="file_8.txt"
type=CWD msg=audit(1769264247.991:7347): cwd="/root/hids_benign"
type=PATH msg=audit(1769264247.991:7347): item=0 name="/usr/bin/cat" inode=1578016 dev=08:02 mode=0100755 ouid=0 ogid=0 rdev=00:00 nametype=NORMAL cap_fp=0 cap_fi=0 cap_fe=0 cap_fver=0 cap_frootid=0OUID="root" OGID="root"
type=PATH msg=audit(1769264247.991:7347): item=1 name="/lib64/ld-linux-x86-64.so.2" inode=1575340 dev=08:02 mode=0100755 ouid=0 ogid=0 rdev=00:00 nametype=NORMAL cap_fp=0 cap_fi=0 cap_fe=0 cap_fver=0 cap_frootid=0OUID="root" OGID="root"
type=PROCTITLE msg=audit(1769264247.991:7347): proctitle=6361740066696C655F382E747874
type=SYSCALL msg=audit(1769264248.008:7348): arch=c000003e syscall=59 success=yes exit=0 a0=5959851a2840 a1=5959851a26a0 a2=59598519a520 a3=5959851a26a0 items=2 ppid=11882 pid=11892 auid=1000 uid=0 gid=0 euid=0 suid=0 fsuid=0 egid=0 sgid=0 fsgid=0 tty=pts1 ses=3 comm="cat" exe="/usr/bin/cat" subj=unconfined key="process_exec"ARCH=x86_64 SYSCALL=execve AUID="heroic" UID="root" GID="root" EUID="root" SUID="root" FSUID="root" EGID="root" SGID="root" FSGID="root"
type=EXECVE msg=audit(1769264248.008:7348): argc=2 a0="cat" a1="file_9.txt"
type=CWD msg=audit(1769264248.008:7348): cwd="/root/hids_benign"
type=PATH msg=audit(1769264248.008:7348): item=0 name="/usr/bin/cat" inode=1578016 dev=08:02 mode=0100755 ouid=0 ogid=0 rdev=00:00 nametype=NORMAL cap_fp=0 cap_fi=0 cap_fe=0 cap_fver=0 cap_frootid=0OUID="root" OGID="root"
type=PATH msg=audit(1769264248.008:7348): item=1 name="/lib64/ld-linux-x86-64.so.2" inode=1575340 dev=08:02 mode=0100755 ouid=0 ogid=0 rdev=00:00 nametype=NORMAL cap_fp=0 cap_fi=0 cap_fe=0 cap_fver=0 cap_frootid=0OUID="root" OGID="root"
type=PROCTITLE msg=audit(1769264248.008:7348): proctitle=6361740066696C655F392E747874
type=SYSCALL msg=audit(1769264248.013:7349): arch=c000003e syscall=59 success=yes exit=0 a0=5959851a26a0 a1=59598519ad10 a2=59598519a520 a3=59598519ad10 items=2 ppid=11882 pid=11893 auid=1000 uid=0 gid=0 euid=0 suid=0 fsuid=0 egid=0 sgid=0 fsgid=0 tty=pts1 ses=3 comm="cat" exe="/usr/bin/cat" subj=unconfined key="process_exec"ARCH=x86_64 SYSCALL=execve AUID="heroic" UID="root" GID="root" EUID="root" SUID="root" FSUID="root" EGID="root" SGID="root" FSGID="root"
type=EXECVE msg=audit(1769264248.013:7349): argc=2 a0="cat" a1="file_10.txt"
type=CWD msg=audit(1769264248.013:7349): cwd="/root/hids_benign"
type=PATH msg=audit(1769264248.013:7349): item=0 name="/usr/bin/cat" inode=1578016 dev=08:02 mode=0100755 ouid=0 ogid=0 rdev=00:00 nametype=NORMAL cap_fp=0 cap_fi=0 cap_fe=0 cap_fver=0 cap_frootid=0OUID="root" OGID="root"
type=PATH msg=audit(1769264248.013:7349): item=1 name="/lib64/ld-linux-x86-64.so.2" inode=1575340 dev=08:02 mode=0100755 ouid=0 ogid=0 rdev=00:00 nametype=NORMAL cap_fp=0 cap_fi=0 cap_fe=0 cap_fver=0 cap_frootid=0OUID="root" OGID="root"
type=PROCTITLE msg=audit(1769264248.013:7349): proctitle=6361740066696C655F31302E747874
type=SYSCALL msg=audit(1769264248.017:7350): arch=c000003e syscall=59 success=yes exit=0 a0=5959851a28e0 a1=5959851a0590 a2=59598519a520 a3=0 items=2 ppid=11882 pid=11894 auid=1000 uid=0 gid=0 euid=0 suid=0 fsuid=0 egid=0 sgid=0 fsgid=0 tty=pts1 ses=3 comm="vim" exe="/usr/bin/vim.basic" subj=unconfined key="process_exec"ARCH=x86_64 SYSCALL=execve AUID="heroic" UID="root" GID="root" EUID="root" SUID="root" FSUID="root" EGID="root" SGID="root" FSGID="root"
type=EXECVE msg=audit(1769264248.017:7350): argc=3 a0="vim" a1="-es" a2="file_1.txt"
type=CWD msg=audit(1769264248.017:7350): cwd="/root/hids_benign"
type=PATH msg=audit(1769264248.017:7350): item=0 name="/usr/bin/vim" inode=1575517 dev=08:02 mode=0100755 ouid=0 ogid=0 rdev=00:00 nametype=NORMAL cap_fp=0 cap_fi=0 cap_fe=0 cap_fver=0 cap_frootid=0OUID="root" OGID="root"
type=PATH msg=audit(1769264248.017:7350): item=1 name="/lib64/ld-linux-x86-64.so.2" inode=1575340 dev=08:02 mode=0100755 ouid=0 ogid=0 rdev=00:00 nametype=NORMAL cap_fp=0 cap_fi=0 cap_fe=0 cap_fver=0 cap_frootid=0OUID="root" OGID="root"
type=PROCTITLE msg=audit(1769264248.017:7350): proctitle=76696D002D65730066696C655F312E747874
type=SYSCALL msg=audit(1769264248.048:7351): arch=c000003e syscall=59 success=yes exit=0 a0=5959851a1f20 a1=5959851a0590 a2=59598519a520 a3=0 items=2 ppid=11882 pid=11895 auid=1000 uid=0 gid=0 euid=0 suid=0 fsuid=0 egid=0 sgid=0 fsgid=0 tty=pts1 ses=3 comm="vim" exe="/usr/bin/vim.basic" subj=unconfined key="process_exec"ARCH=x86_64 SYSCALL=execve AUID="heroic" UID="root" GID="root" EUID="root" SUID="root" FSUID="root" EGID="root" SGID="root" FSGID="root"
type=EXECVE msg=audit(1769264248.048:7351): argc=3 a0="vim" a1="-es" a2="file_2.txt"
type=CWD msg=audit(1769264248.048:7351): cwd="/root/hids_benign"
type=PATH msg=audit(1769264248.048:7351): item=0 name="/usr/bin/vim" inode=1575517 dev=08:02 mode=0100755 ouid=0 ogid=0 rdev=00:00 nametype=NORMAL cap_fp=0 cap_fi=0 cap_fe=0 cap_fver=0 cap_frootid=0OUID="root" OGID="root"
type=PATH msg=audit(1769264248.048:7351): item=1 name="/lib64/ld-linux-x86-64.so.2" inode=1575340 dev=08:02 mode=0100755 ouid=0 ogid=0 rdev=00:00 nametype=NORMAL cap_fp=0 cap_fi=0 cap_fe=0 cap_fver=0 cap_frootid=0OUID="root" OGID="root"
type=PROCTITLE msg=audit(1769264248.048:7351): proctitle=76696D002D65730066696C655F322E747874
type=SYSCALL msg=audit(1769264248.061:7352): arch=c000003e syscall=59 success=yes exit=0 a0=5959851a1f80 a1=5959851a0590 a2=59598519a520 a3=0 items=2 ppid=11882 pid=11896 auid=1000 uid=0 gid=0 euid=0 suid=0 fsuid=0 egid=0 sgid=0 fsgid=0 tty=pts1 ses=3 comm="vim" exe="/usr/bin/vim.basic" subj=unconfined key="process_exec"ARCH=x86_64 SYSCALL=execve AUID="heroic" UID="root" GID="root" EUID="root" SUID="root" FSUID="root" EGID="root" SGID="root" FSGID="root"
type=EXECVE msg=audit(1769264248.061:7352): argc=3 a0="vim" a1="-es" a2="file_3.txt"
type=CWD msg=audit(1769264248.061:7352): cwd="/root/hids_benign"
type=PATH msg=audit(1769264248.061:7352): item=0 name="/usr/bin/vim" inode=1575517 dev=08:02 mode=0100755 ouid=0 ogid=0 rdev=00:00 nametype=NORMAL cap_fp=0 cap_fi=0 cap_fe=0 cap_fver=0 cap_frootid=0OUID="root" OGID="root"
type=PATH msg=audit(1769264248.061:7352): item=1 name="/lib64/ld-linux-x86-64.so.2" inode=1575340 dev=08:02 mode=0100755 ouid=0 ogid=0 rdev=00:00 nametype=NORMAL cap_fp=0 cap_fi=0 cap_fe=0 cap_fver=0 cap_frootid=0OUID="root" OGID="root"
type=PROCTITLE msg=audit(1769264248.061:7352): proctitle=76696D002D65730066696C655F332E747874
type=SYSCALL msg=audit(1769264248.076:7353): arch=c000003e syscall=59 success=yes exit=0 a0=5959851a1f40 a1=5959851a0590 a2=59598519a520 a3=0 items=2 ppid=11882 pid=11897 auid=1000 uid=0 gid=0 euid=0 suid=0 fsuid=0 egid=0 sgid=0 fsgid=0 tty=pts1 ses=3 comm="vim" exe="/usr/bin/vim.basic" subj=unconfined key="process_exec"ARCH=x86_64 SYSCALL=execve AUID="heroic" UID="root" GID="root" EUID="root" SUID="root" FSUID="root" EGID="root" SGID="root" FSGID="root"
type=EXECVE msg=audit(1769264248.076:7353): argc=3 a0="vim" a1="-es" a2="file_4.txt"
type=CWD msg=audit(1769264248.076:7353): cwd="/root/hids_benign"
type=PATH msg=audit(1769264248.076:7353): item=0 name="/usr/bin/vim" inode=1575517 dev=08:02 mode=0100755 ouid=0 ogid=0 rdev=00:00 nametype=NORMAL cap_fp=0 cap_fi=0 cap_fe=0 cap_fver=0 cap_frootid=0OUID="root" OGID="root"
type=PATH msg=audit(1769264248.076:7353): item=1 name="/lib64/ld-linux-x86-64.so.2" inode=1575340 dev=08:02 mode=0100755 ouid=0 ogid=0 rdev=00:00 nametype=NORMAL cap_fp=0 cap_fi=0 cap_fe=0 cap_fver=0 cap_frootid=0OUID="root" OGID="root"
type=PROCTITLE msg=audit(1769264248.076:7353): proctitle=76696D002D65730066696C655F342E747874
type=SYSCALL msg=audit(1769264248.103:7354): arch=c000003e syscall=59 success=yes exit=0 a0=5959851a28e0 a1=5959851a0590 a2=59598519a520 a3=0 items=2 ppid=11882 pid=11898 auid=1000 uid=0 gid=0 euid=0 suid=0 fsuid=0 egid=0 sgid=0 fsgid=0 tty=pts1 ses=3 comm="vim" exe="/usr/bin/vim.basic" subj=unconfined key="process_exec"ARCH=x86_64 SYSCALL=execve AUID="heroic" UID="root" GID="root" EUID="root" SUID="root" FSUID="root" EGID="root" SGID="root" FSGID="root"
type=EXECVE msg=audit(1769264248.103:7354): argc=3 a0="vim" a1="-es" a2="file_5.txt"
type=CWD msg=audit(1769264248.103:7354): cwd="/root/hids_benign"
type=PATH msg=audit(1769264248.103:7354): item=0 name="/usr/bin/vim" inode=1575517 dev=08:02 mode=0100755 ouid=0 ogid=0 rdev=00:00 nametype=NORMAL cap_fp=0 cap_fi=0 cap_fe=0 cap_fver=0 cap_frootid=0OUID="root" OGID="root"
type=PATH msg=audit(1769264248.103:7354): item=1 name="/lib64/ld-linux-x86-64.so.2" inode=1575340 dev=08:02 mode=0100755 ouid=0 ogid=0 rdev=00:00 nametype=NORMAL cap_fp=0 cap_fi=0 cap_fe=0 cap_fver=0 cap_frootid=0OUID="root" OGID="root"
type=PROCTITLE msg=audit(1769264248.103:7354): proctitle=76696D002D65730066696C655F352E747874
type=SYSCALL msg=audit(1769264248.124:7355): arch=c000003e syscall=59 success=yes exit=0 a0=59598519fff0 a1=5959851a1f80 a2=59598519a520 a3=5959851a1f80 items=2 ppid=11882 pid=11899 auid=1000 uid=0 gid=0 euid=0 suid=0 fsuid=0 egid=0 sgid=0 fsgid=0 tty=pts1 ses=3 comm="ls" exe="/usr/bin/ls" subj=unconfined key="process_exec"ARCH=x86_64 SYSCALL=execve AUID="heroic" UID="root" GID="root" EUID="root" SUID="root" FSUID="root" EGID="root" SGID="root" FSGID="root"
type=EXECVE msg=audit(1769264248.124:7355): argc=2 a0="ls" a1="-la"
type=CWD msg=audit(1769264248.124:7355): cwd="/root/hids_benign"
type=PATH msg=audit(1769264248.124:7355): item=0 name="/usr/bin/ls" inode=1578104 dev=08:02 mode=0100755 ouid=0 ogid=0 rdev=00:00 nametype=NORMAL cap_fp=0 cap_fi=0 cap_fe=0 cap_fver=0 cap_frootid=0OUID="root" OGID="root"
type=PATH msg=audit(1769264248.124:7355): item=1 name="/lib64/ld-linux-x86-64.so.2" inode=1575340 dev=08:02 mode=0100755 ouid=0 ogid=0 rdev=00:00 nametype=NORMAL cap_fp=0 cap_fi=0 cap_fe=0 cap_fver=0 cap_frootid=0OUID="root" OGID="root"
type=PROCTITLE msg=audit(1769264248.124:7355): proctitle=6C73002D6C61
type=SYSCALL msg=audit(1769264248.124:7356): arch=c000003e syscall=59 success=yes exit=0 a0=5959851a28e0 a1=5959851a2600 a2=59598519a520 a3=5959851a2600 items=2 ppid=11882 pid=11900 auid=1000 uid=0 gid=0 euid=0 suid=0 fsuid=0 egid=0 sgid=0 fsgid=0 tty=pts1 ses=3 comm="ls" exe="/usr/bin/ls" subj=unconfined key="process_exec"ARCH=x86_64 SYSCALL=execve AUID="heroic" UID="root" GID="root" EUID="root" SUID="root" FSUID="root" EGID="root" SGID="root" FSGID="root"
type=EXECVE msg=audit(1769264248.124:7356): argc=2 a0="ls" a1="-la"
type=CWD msg=audit(1769264248.124:7356): cwd="/root/hids_benign"
type=PATH msg=audit(1769264248.124:7356): item=0 name="/usr/bin/ls" inode=1578104 dev=08:02 mode=0100755 ouid=0 ogid=0 rdev=00:00 nametype=NORMAL cap_fp=0 cap_fi=0 cap_fe=0 cap_fver=0 cap_frootid=0OUID="root" OGID="root"
type=PATH msg=audit(1769264248.124:7356): item=1 name="/lib64/ld-linux-x86-64.so.2" inode=1575340 dev=08:02 mode=0100755 ouid=0 ogid=0 rdev=00:00 nametype=NORMAL cap_fp=0 cap_fi=0 cap_fe=0 cap_fver=0 cap_frootid=0OUID="root" OGID="root"
type=PROCTITLE msg=audit(1769264248.124:7356): proctitle=6C73002D6C61
type=SYSCALL msg=audit(1769264248.134:7357): arch=c000003e syscall=59 success=yes exit=0 a0=5959851a2560 a1=5959851a25e0 a2=59598519a520 a3=5959851a25e0 items=2 ppid=11882 pid=11901 auid=1000 uid=0 gid=0 euid=0 suid=0 fsuid=0 egid=0 sgid=0 fsgid=0 tty=pts1 ses=3 comm="ls" exe="/usr/bin/ls" subj=unconfined key="process_exec"ARCH=x86_64 SYSCALL=execve AUID="heroic" UID="root" GID="root" EUID="root" SUID="root" FSUID="root" EGID="root" SGID="root" FSGID="root"
type=EXECVE msg=audit(1769264248.134:7357): argc=2 a0="ls" a1="-la"
type=CWD msg=audit(1769264248.134:7357): cwd="/root/hids_benign"
type=PATH msg=audit(1769264248.134:7357): item=0 name="/usr/bin/ls" inode=1578104 dev=08:02 mode=0100755 ouid=0 ogid=0 rdev=00:00 nametype=NORMAL cap_fp=0 cap_fi=0 cap_fe=0 cap_fver=0 cap_frootid=0OUID="root" OGID="root"
type=PATH msg=audit(1769264248.134:7357): item=1 name="/lib64/ld-linux-x86-64.so.2" inode=1575340 dev=08:02 mode=0100755 ouid=0 ogid=0 rdev=00:00 nametype=NORMAL cap_fp=0 cap_fi=0 cap_fe=0 cap_fver=0 cap_frootid=0OUID="root" OGID="root"
type=PROCTITLE msg=audit(1769264248.134:7357): proctitle=6C73002D6C61
type=SYSCALL msg=audit(1769264248.139:7358): arch=c000003e syscall=59 success=yes exit=0 a0=5959851a2840 a1=59598519fff0 a2=59598519a520 a3=59598519fff0 items=2 ppid=11882 pid=11902 auid=1000 uid=0 gid=0 euid=0 suid=0 fsuid=0 egid=0 sgid=0 fsgid=0 tty=pts1 ses=3 comm="ls" exe="/usr/bin/ls" subj=unconfined key="process_exec"ARCH=x86_64 SYSCALL=execve AUID="heroic" UID="root" GID="root" EUID="root" SUID="root" FSUID="root" EGID="root" SGID="root" FSGID="root"
type=EXECVE msg=audit(1769264248.139:7358): argc=2 a0="ls" a1="-la"
type=CWD msg=audit(1769264248.139:7358): cwd="/root/hids_benign"
type=PATH msg=audit(1769264248.139:7358): item=0 name="/usr/bin/ls" inode=1578104 dev=08:02 mode=0100755 ouid=0 ogid=0 rdev=00:00 nametype=NORMAL cap_fp=0 cap_fi=0 cap_fe=0 cap_fver=0 cap_frootid=0OUID="root" OGID="root"
type=PATH msg=audit(1769264248.139:7358): item=1 name="/lib64/ld-linux-x86-64.so.2" inode=1575340 dev=08:02 mode=0100755 ouid=0 ogid=0 rdev=00:00 nametype=NORMAL cap_fp=0 cap_fi=0 cap_fe=0 cap_fver=0 cap_frootid=0OUID="root" OGID="root"
type=PROCTITLE msg=audit(1769264248.139:7358): proctitle=6C73002D6C61
type=SYSCALL msg=audit(1769264248.150:7359): arch=c000003e syscall=59 success=yes exit=0 a0=59598519cca0 a1=5959851a28e0 a2=59598519a520 a3=5959851a28e0 items=2 ppid=11882 pid=11903 auid=1000 uid=0 gid=0 euid=0 suid=0 fsuid=0 egid=0 sgid=0 fsgid=0 tty=pts1 ses=3 comm="ls" exe="/usr/bin/ls" subj=unconfined key="process_exec"ARCH=x86_64 SYSCALL=execve AUID="heroic" UID="root" GID="root" EUID="root" SUID="root" FSUID="root" EGID="root" SGID="root" FSGID="root"
type=EXECVE msg=audit(1769264248.150:7359): argc=2 a0="ls" a1="-la"
type=CWD msg=audit(1769264248.150:7359): cwd="/root/hids_benign"
type=PATH msg=audit(1769264248.150:7359): item=0 name="/usr/bin/ls" inode=1578104 dev=08:02 mode=0100755 ouid=0 ogid=0 rdev=00:00 nametype=NORMAL cap_fp=0 cap_fi=0 cap_fe=0 cap_fver=0 cap_frootid=0OUID="root" OGID="root"
type=PATH msg=audit(1769264248.150:7359): item=1 name="/lib64/ld-linux-x86-64.so.2" inode=1575340 dev=08:02 mode=0100755 ouid=0 ogid=0 rdev=00:00 nametype=NORMAL cap_fp=0 cap_fi=0 cap_fe=0 cap_fver=0 cap_frootid=0OUID="root" OGID="root"
type=PROCTITLE msg=audit(1769264248.150:7359): proctitle=6C73002D6C61
type=SYSCALL msg=audit(1769264248.154:7360): arch=c000003e syscall=59 success=yes exit=0 a0=5959851a1f60 a1=5959851a0010 a2=59598519a520 a3=5959851a2560 items=2 ppid=11882 pid=11904 auid=1000 uid=0 gid=0 euid=0 suid=0 fsuid=0 egid=0 sgid=0 fsgid=0 tty=pts1 ses=3 comm="curl" exe="/usr/bin/curl" subj=unconfined key="process_exec"ARCH=x86_64 SYSCALL=execve AUID="heroic" UID="root" GID="root" EUID="root" SUID="root" FSUID="root" EGID="root" SGID="root" FSGID="root"
type=EXECVE msg=audit(1769264248.154:7360): argc=3 a0="curl" a1="-s" a2="https://example.com"
type=CWD msg=audit(1769264248.154:7360): cwd="/root/hids_benign"
type=PATH msg=audit(1769264248.154:7360): item=0 name="/usr/bin/curl" inode=1573697 dev=08:02 mode=0100755 ouid=0 ogid=0 rdev=00:00 nametype=NORMAL cap_fp=0 cap_fi=0 cap_fe=0 cap_fver=0 cap_frootid=0OUID="root" OGID="root"
type=PATH msg=audit(1769264248.154:7360): item=1 name="/lib64/ld-linux-x86-64.so.2" inode=1575340 dev=08:02 mode=0100755 ouid=0 ogid=0 rdev=00:00 nametype=NORMAL cap_fp=0 cap_fi=0 cap_fe=0 cap_fver=0 cap_frootid=0OUID="root" OGID="root"
type=PROCTITLE msg=audit(1769264248.154:7360): proctitle=6375726C002D730068747470733A2F2F6578616D706C652E636F6D
type=SYSCALL msg=audit(1769264248.389:7361): arch=c000003e syscall=59 success=yes exit=0 a0=59598519ff10 a1=59598519c0c0 a2=59598519a520 a3=5959851a2580 items=2 ppid=11882 pid=11906 auid=1000 uid=0 gid=0 euid=0 suid=0 fsuid=0 egid=0 sgid=0 fsgid=0 tty=pts1 ses=3 comm="ssh" exe="/usr/bin/ssh" subj=unconfined key="process_exec"ARCH=x86_64 SYSCALL=execve AUID="heroic" UID="root" GID="root" EUID="root" SUID="root" FSUID="root" EGID="root" SGID="root" FSGID="root"
type=EXECVE msg=audit(1769264248.389:7361): argc=5 a0="ssh" a1="-o" a2="BatchMode=yes" a3="localhost" a4=6563686F205353485F4F4B
type=CWD msg=audit(1769264248.389:7361): cwd="/root/hids_benign"
type=PATH msg=audit(1769264248.389:7361): item=0 name="/usr/bin/ssh" inode=1573390 dev=08:02 mode=0100755 ouid=0 ogid=0 rdev=00:00 nametype=NORMAL cap_fp=0 cap_fi=0 cap_fe=0 cap_fver=0 cap_frootid=0OUID="root" OGID="root"
type=PATH msg=audit(1769264248.389:7361): item=1 name="/lib64/ld-linux-x86-64.so.2" inode=1575340 dev=08:02 mode=0100755 ouid=0 ogid=0 rdev=00:00 nametype=NORMAL cap_fp=0 cap_fi=0 cap_fe=0 cap_fver=0 cap_frootid=0OUID="root" OGID="root"
type=PROCTITLE msg=audit(1769264248.389:7361): proctitle=737368002D6F0042617463684D6F64653D796573006C6F63616C686F7374006563686F205353485F4F4B
type=SYSCALL msg=audit(1769264248.410:7362): arch=c000003e syscall=59 success=yes exit=0 a0=5959851a1f80 a1=5959851a28e0 a2=59598519a520 a3=5959851a28e0 items=2 ppid=11882 pid=11907 auid=1000 uid=0 gid=0 euid=0 suid=0 fsuid=0 egid=0 sgid=0 fsgid=0 tty=pts1 ses=3 comm="sleep" exe="/usr/bin/sleep" subj=unconfined key="process_exec"ARCH=x86_64 SYSCALL=execve AUID="heroic" UID="root" GID="root" EUID="root" SUID="root" FSUID="root" EGID="root" SGID="root" FSGID="root"
type=EXECVE msg=audit(1769264248.410:7362): argc=2 a0="sleep" a1="5"
type=CWD msg=audit(1769264248.410:7362): cwd="/root/hids_benign"
type=PATH msg=audit(1769264248.410:7362): item=0 name="/usr/bin/sleep" inode=1578138 dev=08:02 mode=0100755 ouid=0 ogid=0 rdev=00:00 nametype=NORMAL cap_fp=0 cap_fi=0 cap_fe=0 cap_fver=0 cap_frootid=0OUID="root" OGID="root"
type=PATH msg=audit(1769264248.410:7362): item=1 name="/lib64/ld-linux-x86-64.so.2" inode=1575340 dev=08:02 mode=0100755 ouid=0 ogid=0 rdev=00:00 nametype=NORMAL cap_fp=0 cap_fi=0 cap_fe=0 cap_fver=0 cap_frootid=0OUID="root" OGID="root"
type=PROCTITLE msg=audit(1769264248.410:7362): proctitle=736C6565700035
type=SYSCALL msg=audit(1769264253.422:7363): arch=c000003e syscall=59 success=yes exit=0 a0=59598519cca0 a1=5959851a21a0 a2=59598519a520 a3=5959851a2730 items=2 ppid=11882 pid=11908 auid=1000 uid=0 gid=0 euid=0 suid=0 fsuid=0 egid=0 sgid=0 fsgid=0 tty=pts1 ses=3 comm="rm" exe="/usr/bin/rm" subj=unconfined key="process_exec"ARCH=x86_64 SYSCALL=execve AUID="heroic" UID="root" GID="root" EUID="root" SUID="root" FSUID="root" EGID="root" SGID="root" FSGID="root"
type=EXECVE msg=audit(1769264253.422:7363): argc=14 a0="rm" a1="-f" a2="file_10.txt" a3="file_1.txt" a4="file_2.txt" a5="file_3.txt" a6="file_4.txt" a7="file_5.txt" a8="file_6.txt" a9="file_7.txt" a10="file_8.txt" a11="file_9.txt" a12="webpage.html" a13="dir_list.log"
type=CWD msg=audit(1769264253.422:7363): cwd="/root/hids_benign"
type=PATH msg=audit(1769264253.422:7363): item=0 name="/usr/bin/rm" inode=1578127 dev=08:02 mode=0100755 ouid=0 ogid=0 rdev=00:00 nametype=NORMAL cap_fp=0 cap_fi=0 cap_fe=0 cap_fver=0 cap_frootid=0OUID="root" OGID="root"
type=PATH msg=audit(1769264253.422:7363): item=1 name="/lib64/ld-linux-x86-64.so.2" inode=1575340 dev=08:02 mode=0100755 ouid=0 ogid=0 rdev=00:00 nametype=NORMAL cap_fp=0 cap_fi=0 cap_fe=0 cap_fver=0 cap_frootid=0OUID="root" OGID="root"
type=PROCTITLE msg=audit(1769264253.422:7363): proctitle=726D002D660066696C655F31302E7478740066696C655F312E7478740066696C655F322E7478740066696C655F332E7478740066696C655F342E7478740066696C655F352E7478740066696C655F362E7478740066696C655F372E7478740066696C655F382E7478740066696C655F392E74787400776562706167652E68746D
type=SYSCALL msg=audit(1769264253.430:7364): arch=c000003e syscall=59 success=yes exit=0 a0=5959851a24e0 a1=5959851a2420 a2=59598519a520 a3=59598519fb90 items=2 ppid=11882 pid=11909 auid=1000 uid=0 gid=0 euid=0 suid=0 fsuid=0 egid=0 sgid=0 fsgid=0 tty=pts1 ses=3 comm="rmdir" exe="/usr/bin/rmdir" subj=unconfined key="process_exec"ARCH=x86_64 SYSCALL=execve AUID="heroic" UID="root" GID="root" EUID="root" SUID="root" FSUID="root" EGID="root" SGID="root" FSGID="root"
type=EXECVE msg=audit(1769264253.430:7364): argc=2 a0="rmdir" a1="/root/hids_benign"
type=CWD msg=audit(1769264253.430:7364): cwd="/root/hids_benign"
type=PATH msg=audit(1769264253.430:7364): item=0 name="/usr/bin/rmdir" inode=1578128 dev=08:02 mode=0100755 ouid=0 ogid=0 rdev=00:00 nametype=NORMAL cap_fp=0 cap_fi=0 cap_fe=0 cap_fver=0 cap_frootid=0OUID="root" OGID="root"
type=PATH msg=audit(1769264253.430:7364): item=1 name="/lib64/ld-linux-x86-64.so.2" inode=1575340 dev=08:02 mode=0100755 ouid=0 ogid=0 rdev=00:00 nametype=NORMAL cap_fp=0 cap_fi=0 cap_fe=0 cap_fver=0 cap_frootid=0OUID="root" OGID="root"
type=PROCTITLE msg=audit(1769264253.430:7364): proctitle=726D646972002F726F6F742F686964735F62656E69676E
type=SYSCALL msg=audit(1769264253.438:7365): arch=c000003e syscall=59 success=yes exit=0 a0=5959851a28c0 a1=5959851a2560 a2=59598519a520 a3=5959851a2560 items=2 ppid=11882 pid=11910 auid=1000 uid=0 gid=0 euid=0 suid=0 fsuid=0 egid=0 sgid=0 fsgid=0 tty=pts1 ses=3 comm="sleep" exe="/usr/bin/sleep" subj=unconfined key="process_exec"ARCH=x86_64 SYSCALL=execve AUID="heroic" UID="root" GID="root" EUID="root" SUID="root" FSUID="root" EGID="root" SGID="root" FSGID="root"
type=EXECVE msg=audit(1769264253.438:7365): argc=2 a0="sleep" a1="60"
type=CWD msg=audit(1769264253.438:7365): cwd=2F726F6F742F686964735F62656E69676E202864656C6574656429
type=PATH msg=audit(1769264253.438:7365): item=0 name="/usr/bin/sleep" inode=1578138 dev=08:02 mode=0100755 ouid=0 ogid=0 rdev=00:00 nametype=NORMAL cap_fp=0 cap_fi=0 cap_fe=0 cap_fver=0 cap_frootid=0OUID="root" OGID="root"
type=PATH msg=audit(1769264253.438:7365): item=1 name="/lib64/ld-linux-x86-64.so.2" inode=1575340 dev=08:02 mode=0100755 ouid=0 ogid=0 rdev=00:00 nametype=NORMAL cap_fp=0 cap_fi=0 cap_fe=0 cap_fver=0 cap_frootid=0OUID="root" OGID="root"
type=PROCTITLE msg=audit(1769264253.438:7365): proctitle=736C656570003630
type=SYSCALL msg=audit(1769264313.446:7366): arch=c000003e syscall=59 success=yes exit=0 a0=5959851a1fe0 a1=5959851a2f10 a2=59598519a520 a3=59598519fb90 items=2 ppid=11882 pid=11914 auid=1000 uid=0 gid=0 euid=0 suid=0 fsuid=0 egid=0 sgid=0 fsgid=0 tty=pts1 ses=3 comm="mkdir" exe="/usr/bin/mkdir" subj=unconfined key="process_exec"ARCH=x86_64 SYSCALL=execve AUID="heroic" UID="root" GID="root" EUID="root" SUID="root" FSUID="root" EGID="root" SGID="root" FSGID="root"
type=EXECVE msg=audit(1769264313.446:7366): argc=3 a0="mkdir" a1="-p" a2="/root/hids_benign"
type=CWD msg=audit(1769264313.446:7366): cwd=2F726F6F742F686964735F62656E69676E202864656C6574656429
type=PATH msg=audit(1769264313.446:7366): item=0 name="/usr/bin/mkdir" inode=1578106 dev=08:02 mode=0100755 ouid=0 ogid=0 rdev=00:00 nametype=NORMAL cap_fp=0 cap_fi=0 cap_fe=0 cap_fver=0 cap_frootid=0OUID="root" OGID="root"
type=PATH msg=audit(1769264313.446:7366): item=1 name="/lib64/ld-linux-x86-64.so.2" inode=1575340 dev=08:02 mode=0100755 ouid=0 ogid=0 rdev=00:00 nametype=NORMAL cap_fp=0 cap_fi=0 cap_fe=0 cap_fver=0 cap_frootid=0OUID="root" OGID="root"
type=PROCTITLE msg=audit(1769264313.446:7366): proctitle=6D6B646972002D70002F726F6F742F686964735F62656E69676E
type=SYSCALL msg=audit(1769264313.454:7367): arch=c000003e syscall=59 success=yes exit=0 a0=5959851a3270 a1=5959851a2380 a2=59598519a520 a3=5959851a2380 items=2 ppid=11882 pid=11915 auid=1000 uid=0 gid=0 euid=0 suid=0 fsuid=0 egid=0 sgid=0 fsgid=0 tty=pts1 ses=3 comm="cat" exe="/usr/bin/cat" subj=unconfined key="process_exec"ARCH=x86_64 SYSCALL=execve AUID="heroic" UID="root" GID="root" EUID="root" SUID="root" FSUID="root" EGID="root" SGID="root" FSGID="root"
type=EXECVE msg=audit(1769264313.454:7367): argc=2 a0="cat" a1="file_1.txt"
type=CWD msg=audit(1769264313.454:7367): cwd="/root/hids_benign"
type=PATH msg=audit(1769264313.454:7367): item=0 name="/usr/bin/cat" inode=1578016 dev=08:02 mode=0100755 ouid=0 ogid=0 rdev=00:00 nametype=NORMAL cap_fp=0 cap_fi=0 cap_fe=0 cap_fver=0 cap_frootid=0OUID="root" OGID="root"
type=PATH msg=audit(1769264313.454:7367): item=1 name="/lib64/ld-linux-x86-64.so.2" inode=1575340 dev=08:02 mode=0100755 ouid=0 ogid=0 rdev=00:00 nametype=NORMAL cap_fp=0 cap_fi=0 cap_fe=0 cap_fver=0 cap_frootid=0OUID="root" OGID="root"
type=PROCTITLE msg=audit(1769264313.454:7367): proctitle=6361740066696C655F312E747874
type=SYSCALL msg=audit(1769264313.457:7368): arch=c000003e syscall=59 success=yes exit=0 a0=5959851a2380 a1=5959851a3250 a2=59598519a520 a3=5959851a3250 items=2 ppid=11882 pid=11916 auid=1000 uid=0 gid=0 euid=0 suid=0 fsuid=0 egid=0 sgid=0 fsgid=0 tty=pts1 ses=3 comm="cat" exe="/usr/bin/cat" subj=unconfined key="process_exec"ARCH=x86_64 SYSCALL=execve AUID="heroic" UID="root" GID="root" EUID="root" SUID="root" FSUID="root" EGID="root" SGID="root" FSGID="root"
type=EXECVE msg=audit(1769264313.457:7368): argc=2 a0="cat" a1="file_2.txt"
type=CWD msg=audit(1769264313.457:7368): cwd="/root/hids_benign"
type=PATH msg=audit(1769264313.457:7368): item=0 name="/usr/bin/cat" inode=1578016 dev=08:02 mode=0100755 ouid=0 ogid=0 rdev=00:00 nametype=NORMAL cap_fp=0 cap_fi=0 cap_fe=0 cap_fver=0 cap_frootid=0OUID="root" OGID="root"
type=PATH msg=audit(1769264313.457:7368): item=1 name="/lib64/ld-linux-x86-64.so.2" inode=1575340 dev=08:02 mode=0100755 ouid=0 ogid=0 rdev=00:00 nametype=NORMAL cap_fp=0 cap_fi=0 cap_fe=0 cap_fver=0 cap_frootid=0OUID="root" OGID="root"
type=PROCTITLE msg=audit(1769264313.457:7368): proctitle=6361740066696C655F322E747874
type=SYSCALL msg=audit(1769264313.466:7369): arch=c000003e syscall=59 success=yes exit=0 a0=5959851a3250 a1=5959851a3270 a2=59598519a520 a3=5959851a3270 items=2 ppid=11882 pid=11917 auid=1000 uid=0 gid=0 euid=0 suid=0 fsuid=0 egid=0 sgid=0 fsgid=0 tty=pts1 ses=3 comm="cat" exe="/usr/bin/cat" subj=unconfined key="process_exec"ARCH=x86_64 SYSCALL=execve AUID="heroic" UID="root" GID="root" EUID="root" SUID="root" FSUID="root" EGID="root" SGID="root" FSGID="root"
type=EXECVE msg=audit(1769264313.466:7369): argc=2 a0="cat" a1="file_3.txt"
type=CWD msg=audit(1769264313.466:7369): cwd="/root/hids_benign"
type=PATH msg=audit(1769264313.466:7369): item=0 name="/usr/bin/cat" inode=1578016 dev=08:02 mode=0100755 ouid=0 ogid=0 rdev=00:00 nametype=NORMAL cap_fp=0 cap_fi=0 cap_fe=0 cap_fver=0 cap_frootid=0OUID="root" OGID="root"
type=PATH msg=audit(1769264313.466:7369): item=1 name="/lib64/ld-linux-x86-64.so.2" inode=1575340 dev=08:02 mode=0100755 ouid=0 ogid=0 rdev=00:00 nametype=NORMAL cap_fp=0 cap_fi=0 cap_fe=0 cap_fver=0 cap_frootid=0OUID="root" OGID="root"
type=PROCTITLE msg=audit(1769264313.466:7369): proctitle=6361740066696C655F332E747874
type=SYSCALL msg=audit(1769264313.474:7370): arch=c000003e syscall=59 success=yes exit=0 a0=5959851a3270 a1=5959851a2380 a2=59598519a520 a3=5959851a2380 items=2 ppid=11882 pid=11918 auid=1000 uid=0 gid=0 euid=0 suid=0 fsuid=0 egid=0 sgid=0 fsgid=0 tty=pts1 ses=3 comm="cat" exe="/usr/bin/cat" subj=unconfined key="process_exec"ARCH=x86_64 SYSCALL=execve AUID="heroic" UID="root" GID="root" EUID="root" SUID="root" FSUID="root" EGID="root" SGID="root" FSGID="root"
type=EXECVE msg=audit(1769264313.474:7370): argc=2 a0="cat" a1="file_4.txt"
type=CWD msg=audit(1769264313.474:7370): cwd="/root/hids_benign"
type=PATH msg=audit(1769264313.474:7370): item=0 name="/usr/bin/cat" inode=1578016 dev=08:02 mode=0100755 ouid=0 ogid=0 rdev=00:00 nametype=NORMAL cap_fp=0 cap_fi=0 cap_fe=0 cap_fver=0 cap_frootid=0OUID="root" OGID="root"
type=PATH msg=audit(1769264313.474:7370): item=1 name="/lib64/ld-linux-x86-64.so.2" inode=1575340 dev=08:02 mode=0100755 ouid=0 ogid=0 rdev=00:00 nametype=NORMAL cap_fp=0 cap_fi=0 cap_fe=0 cap_fver=0 cap_frootid=0OUID="root" OGID="root"
type=PROCTITLE msg=audit(1769264313.474:7370): proctitle=6361740066696C655F342E747874
type=SYSCALL msg=audit(1769264313.487:7371): arch=c000003e syscall=59 success=yes exit=0 a0=5959851a2380 a1=5959851a3250 a2=59598519a520 a3=5959851a3250 items=2 ppid=11882 pid=11919 auid=1000 uid=0 gid=0 euid=0 suid=0 fsuid=0 egid=0 sgid=0 fsgid=0 tty=pts1 ses=3 comm="cat" exe="/usr/bin/cat" subj=unconfined key="process_exec"ARCH=x86_64 SYSCALL=execve AUID="heroic" UID="root" GID="root" EUID="root" SUID="root" FSUID="root" EGID="root" SGID="root" FSGID="root"
type=EXECVE msg=audit(1769264313.487:7371): argc=2 a0="cat" a1="file_5.txt"
type=CWD msg=audit(1769264313.487:7371): cwd="/root/hids_benign"
type=PATH msg=audit(1769264313.487:7371): item=0 name="/usr/bin/cat" inode=1578016 dev=08:02 mode=0100755 ouid=0 ogid=0 rdev=00:00 nametype=NORMAL cap_fp=0 cap_fi=0 cap_fe=0 cap_fver=0 cap_frootid=0OUID="root" OGID="root"
type=PATH msg=audit(1769264313.487:7371): item=1 name="/lib64/ld-linux-x86-64.so.2" inode=1575340 dev=08:02 mode=0100755 ouid=0 ogid=0 rdev=00:00 nametype=NORMAL cap_fp=0 cap_fi=0 cap_fe=0 cap_fver=0 cap_frootid=0OUID="root" OGID="root"
type=PROCTITLE msg=audit(1769264313.487:7371): proctitle=6361740066696C655F352E747874
type=SYSCALL msg=audit(1769264313.493:7372): arch=c000003e syscall=59 success=yes exit=0 a0=5959851a3250 a1=5959851a3270 a2=59598519a520 a3=5959851a3270 items=2 ppid=11882 pid=11920 auid=1000 uid=0 gid=0 euid=0 suid=0 fsuid=0 egid=0 sgid=0 fsgid=0 tty=pts1 ses=3 comm="cat" exe="/usr/bin/cat" subj=unconfined key="process_exec"ARCH=x86_64 SYSCALL=execve AUID="heroic" UID="root" GID="root" EUID="root" SUID="root" FSUID="root" EGID="root" SGID="root" FSGID="root"
type=EXECVE msg=audit(1769264313.493:7372): argc=2 a0="cat" a1="file_6.txt"
type=CWD msg=audit(1769264313.493:7372): cwd="/root/hids_benign"
type=PATH msg=audit(1769264313.493:7372): item=0 name="/usr/bin/cat" inode=1578016 dev=08:02 mode=0100755 ouid=0 ogid=0 rdev=00:00 nametype=NORMAL cap_fp=0 cap_fi=0 cap_fe=0 cap_fver=0 cap_frootid=0OUID="root" OGID="root"
type=PATH msg=audit(1769264313.493:7372): item=1 name="/lib64/ld-linux-x86-64.so.2" inode=1575340 dev=08:02 mode=0100755 ouid=0 ogid=0 rdev=00:00 nametype=NORMAL cap_fp=0 cap_fi=0 cap_fe=0 cap_fver=0 cap_frootid=0OUID="root" OGID="root"
type=PROCTITLE msg=audit(1769264313.493:7372): proctitle=6361740066696C655F362E747874
type=SYSCALL msg=audit(1769264313.500:7373): arch=c000003e syscall=59 success=yes exit=0 a0=5959851a3270 a1=5959851a2380 a2=59598519a520 a3=5959851a2380 items=2 ppid=11882 pid=11921 auid=1000 uid=0 gid=0 euid=0 suid=0 fsuid=0 egid=0 sgid=0 fsgid=0 tty=pts1 ses=3 comm="cat" exe="/usr/bin/cat" subj=unconfined key="process_exec"ARCH=x86_64 SYSCALL=execve AUID="heroic" UID="root" GID="root" EUID="root" SUID="root" FSUID="root" EGID="root" SGID="root" FSGID="root"
type=EXECVE msg=audit(1769264313.500:7373): argc=2 a0="cat" a1="file_7.txt"
type=CWD msg=audit(1769264313.500:7373): cwd="/root/hids_benign"
type=PATH msg=audit(1769264313.500:7373): item=0 name="/usr/bin/cat" inode=1578016 dev=08:02 mode=0100755 ouid=0 ogid=0 rdev=00:00 nametype=NORMAL cap_fp=0 cap_fi=0 cap_fe=0 cap_fver=0 cap_frootid=0OUID="root" OGID="root"
type=PATH msg=audit(1769264313.500:7373): item=1 name="/lib64/ld-linux-x86-64.so.2" inode=1575340 dev=08:02 mode=0100755 ouid=0 ogid=0 rdev=00:00 nametype=NORMAL cap_fp=0 cap_fi=0 cap_fe=0 cap_fver=0 cap_frootid=0OUID="root" OGID="root"
type=PROCTITLE msg=audit(1769264313.500:7373): proctitle=6361740066696C655F372E747874
type=SYSCALL msg=audit(1769264313.506:7374): arch=c000003e syscall=59 success=yes exit=0 a0=5959851a2380 a1=5959851a3250 a2=59598519a520 a3=5959851a3250 items=2 ppid=11882 pid=11922 auid=1000 uid=0 gid=0 euid=0 suid=0 fsuid=0 egid=0 sgid=0 fsgid=0 tty=pts1 ses=3 comm="cat" exe="/usr/bin/cat" subj=unconfined key="process_exec"ARCH=x86_64 SYSCALL=execve AUID="heroic" UID="root" GID="root" EUID="root" SUID="root" FSUID="root" EGID="root" SGID="root" FSGID="root"
type=EXECVE msg=audit(1769264313.506:7374): argc=2 a0="cat" a1="file_8.txt"
type=CWD msg=audit(1769264313.506:7374): cwd="/root/hids_benign"
type=PATH msg=audit(1769264313.506:7374): item=0 name="/usr/bin/cat" inode=1578016 dev=08:02 mode=0100755 ouid=0 ogid=0 rdev=00:00 nametype=NORMAL cap_fp=0 cap_fi=0 cap_fe=0 cap_fver=0 cap_frootid=0OUID="root" OGID="root"
type=PATH msg=audit(1769264313.506:7374): item=1 name="/lib64/ld-linux-x86-64.so.2" inode=1575340 dev=08:02 mode=0100755 ouid=0 ogid=0 rdev=00:00 nametype=NORMAL cap_fp=0 cap_fi=0 cap_fe=0 cap_fver=0 cap_frootid=0OUID="root" OGID="root"
type=PROCTITLE msg=audit(1769264313.506:7374): proctitle=6361740066696C655F382E747874
type=SYSCALL msg=audit(1769264313.512:7375): arch=c000003e syscall=59 success=yes exit=0 a0=5959851a3250 a1=5959851a3270 a2=59598519a520 a3=5959851a3270 items=2 ppid=11882 pid=11923 auid=1000 uid=0 gid=0 euid=0 suid=0 fsuid=0 egid=0 sgid=0 fsgid=0 tty=pts1 ses=3 comm="cat" exe="/usr/bin/cat" subj=unconfined key="process_exec"ARCH=x86_64 SYSCALL=execve AUID="heroic" UID="root" GID="root" EUID="root" SUID="root" FSUID="root" EGID="root" SGID="root" FSGID="root"
type=EXECVE msg=audit(1769264313.512:7375): argc=2 a0="cat" a1="file_9.txt"
type=CWD msg=audit(1769264313.512:7375): cwd="/root/hids_benign"
type=PATH msg=audit(1769264313.512:7375): item=0 name="/usr/bin/cat" inode=1578016 dev=08:02 mode=0100755 ouid=0 ogid=0 rdev=00:00 nametype=NORMAL cap_fp=0 cap_fi=0 cap_fe=0 cap_fver=0 cap_frootid=0OUID="root" OGID="root"
type=PATH msg=audit(1769264313.512:7375): item=1 name="/lib64/ld-linux-x86-64.so.2" inode=1575340 dev=08:02 mode=0100755 ouid=0 ogid=0 rdev=00:00 nametype=NORMAL cap_fp=0 cap_fi=0 cap_fe=0 cap_fver=0 cap_frootid=0OUID="root" OGID="root"
type=PROCTITLE msg=audit(1769264313.512:7375): proctitle=6361740066696C655F392E747874
type=SYSCALL msg=audit(1769264313.519:7376): arch=c000003e syscall=59 success=yes exit=0 a0=5959851a3270 a1=5959851a2380 a2=59598519a520 a3=5959851a2380 items=2 ppid=11882 pid=11924 auid=1000 uid=0 gid=0 euid=0 suid=0 fsuid=0 egid=0 sgid=0 fsgid=0 tty=pts1 ses=3 comm="cat" exe="/usr/bin/cat" subj=unconfined key="process_exec"ARCH=x86_64 SYSCALL=execve AUID="heroic" UID="root" GID="root" EUID="root" SUID="root" FSUID="root" EGID="root" SGID="root" FSGID="root"
type=EXECVE msg=audit(1769264313.519:7376): argc=2 a0="cat" a1="file_10.txt"
type=CWD msg=audit(1769264313.519:7376): cwd="/root/hids_benign"
type=PATH msg=audit(1769264313.519:7376): item=0 name="/usr/bin/cat" inode=1578016 dev=08:02 mode=0100755 ouid=0 ogid=0 rdev=00:00 nametype=NORMAL cap_fp=0 cap_fi=0 cap_fe=0 cap_fver=0 cap_frootid=0OUID="root" OGID="root"
type=PATH msg=audit(1769264313.519:7376): item=1 name="/lib64/ld-linux-x86-64.so.2" inode=1575340 dev=08:02 mode=0100755 ouid=0 ogid=0 rdev=00:00 nametype=NORMAL cap_fp=0 cap_fi=0 cap_fe=0 cap_fver=0 cap_frootid=0OUID="root" OGID="root"
type=PROCTITLE msg=audit(1769264313.519:7376): proctitle=6361740066696C655F31302E747874
type=SYSCALL msg=audit(1769264313.525:7377): arch=c000003e syscall=59 success=yes exit=0 a0=5959851a2360 a1=5959851a2e50 a2=59598519a520 a3=0 items=2 ppid=11882 pid=11925 auid=1000 uid=0 gid=0 euid=0 suid=0 fsuid=0 egid=0 sgid=0 fsgid=0 tty=pts1 ses=3 comm="vim" exe="/usr/bin/vim.basic" subj=unconfined key="process_exec"ARCH=x86_64 SYSCALL=execve AUID="heroic" UID="root" GID="root" EUID="root" SUID="root" FSUID="root" EGID="root" SGID="root" FSGID="root"
type=EXECVE msg=audit(1769264313.525:7377): argc=3 a0="vim" a1="-es" a2="file_1.txt"
type=CWD msg=audit(1769264313.525:7377): cwd="/root/hids_benign"
type=PATH msg=audit(1769264313.525:7377): item=0 name="/usr/bin/vim" inode=1575517 dev=08:02 mode=0100755 ouid=0 ogid=0 rdev=00:00 nametype=NORMAL cap_fp=0 cap_fi=0 cap_fe=0 cap_fver=0 cap_frootid=0OUID="root" OGID="root"
type=PATH msg=audit(1769264313.525:7377): item=1 name="/lib64/ld-linux-x86-64.so.2" inode=1575340 dev=08:02 mode=0100755 ouid=0 ogid=0 rdev=00:00 nametype=NORMAL cap_fp=0 cap_fi=0 cap_fe=0 cap_fver=0 cap_frootid=0OUID="root" OGID="root"
type=PROCTITLE msg=audit(1769264313.525:7377): proctitle=76696D002D65730066696C655F312E747874
type=SYSCALL msg=audit(1769264313.544:7378): arch=c000003e syscall=59 success=yes exit=0 a0=5959851a0800 a1=5959851a2e50 a2=59598519a520 a3=0 items=2 ppid=11882 pid=11926 auid=1000 uid=0 gid=0 euid=0 suid=0 fsuid=0 egid=0 sgid=0 fsgid=0 tty=pts1 ses=3 comm="vim" exe="/usr/bin/vim.basic" subj=unconfined key="process_exec"ARCH=x86_64 SYSCALL=execve AUID="heroic" UID="root" GID="root" EUID="root" SUID="root" FSUID="root" EGID="root" SGID="root" FSGID="root"
type=EXECVE msg=audit(1769264313.544:7378): argc=3 a0="vim" a1="-es" a2="file_2.txt"
type=CWD msg=audit(1769264313.544:7378): cwd="/root/hids_benign"
type=PATH msg=audit(1769264313.544:7378): item=0 name="/usr/bin/vim" inode=1575517 dev=08:02 mode=0100755 ouid=0 ogid=0 rdev=00:00 nametype=NORMAL cap_fp=0 cap_fi=0 cap_fe=0 cap_fver=0 cap_frootid=0OUID="root" OGID="root"
type=PATH msg=audit(1769264313.544:7378): item=1 name="/lib64/ld-linux-x86-64.so.2" inode=1575340 dev=08:02 mode=0100755 ouid=0 ogid=0 rdev=00:00 nametype=NORMAL cap_fp=0 cap_fi=0 cap_fe=0 cap_fver=0 cap_frootid=0OUID="root" OGID="root"
type=PROCTITLE msg=audit(1769264313.544:7378): proctitle=76696D002D65730066696C655F322E747874
type=SYSCALL msg=audit(1769264313.568:7379): arch=c000003e syscall=59 success=yes exit=0 a0=5959851a3310 a1=5959851a2e50 a2=59598519a520 a3=0 items=2 ppid=11882 pid=11927 auid=1000 uid=0 gid=0 euid=0 suid=0 fsuid=0 egid=0 sgid=0 fsgid=0 tty=pts1 ses=3 comm="vim" exe="/usr/bin/vim.basic" subj=unconfined key="process_exec"ARCH=x86_64 SYSCALL=execve AUID="heroic" UID="root" GID="root" EUID="root" SUID="root" FSUID="root" EGID="root" SGID="root" FSGID="root"
type=EXECVE msg=audit(1769264313.568:7379): argc=3 a0="vim" a1="-es" a2="file_3.txt"
type=CWD msg=audit(1769264313.568:7379): cwd="/root/hids_benign"
type=PATH msg=audit(1769264313.568:7379): item=0 name="/usr/bin/vim" inode=1575517 dev=08:02 mode=0100755 ouid=0 ogid=0 rdev=00:00 nametype=NORMAL cap_fp=0 cap_fi=0 cap_fe=0 cap_fver=0 cap_frootid=0OUID="root" OGID="root"
type=PATH msg=audit(1769264313.568:7379): item=1 name="/lib64/ld-linux-x86-64.so.2" inode=1575340 dev=08:02 mode=0100755 ouid=0 ogid=0 rdev=00:00 nametype=NORMAL cap_fp=0 cap_fi=0 cap_fe=0 cap_fver=0 cap_frootid=0OUID="root" OGID="root"
type=PROCTITLE msg=audit(1769264313.568:7379): proctitle=76696D002D65730066696C655F332E747874
type=SYSCALL msg=audit(1769264313.586:7380): arch=c000003e syscall=59 success=yes exit=0 a0=5959851a3250 a1=5959851a2e50 a2=59598519a520 a3=0 items=2 ppid=11882 pid=11928 auid=1000 uid=0 gid=0 euid=0 suid=0 fsuid=0 egid=0 sgid=0 fsgid=0 tty=pts1 ses=3 comm="vim" exe="/usr/bin/vim.basic" subj=unconfined key="process_exec"ARCH=x86_64 SYSCALL=execve AUID="heroic" UID="root" GID="root" EUID="root" SUID="root" FSUID="root" EGID="root" SGID="root" FSGID="root"
type=EXECVE msg=audit(1769264313.586:7380): argc=3 a0="vim" a1="-es" a2="file_4.txt"
type=CWD msg=audit(1769264313.586:7380): cwd="/root/hids_benign"
type=PATH msg=audit(1769264313.586:7380): item=0 name="/usr/bin/vim" inode=1575517 dev=08:02 mode=0100755 ouid=0 ogid=0 rdev=00:00 nametype=NORMAL cap_fp=0 cap_fi=0 cap_fe=0 cap_fver=0 cap_frootid=0OUID="root" OGID="root"
type=PATH msg=audit(1769264313.586:7380): item=1 name="/lib64/ld-linux-x86-64.so.2" inode=1575340 dev=08:02 mode=0100755 ouid=0 ogid=0 rdev=00:00 nametype=NORMAL cap_fp=0 cap_fi=0 cap_fe=0 cap_fver=0 cap_frootid=0OUID="root" OGID="root"
type=PROCTITLE msg=audit(1769264313.586:7380): proctitle=76696D002D65730066696C655F342E747874
type=SYSCALL msg=audit(1769264313.604:7381): arch=c000003e syscall=59 success=yes exit=0 a0=5959851a2360 a1=5959851a2e50 a2=59598519a520 a3=0 items=2 ppid=11882 pid=11929 auid=1000 uid=0 gid=0 euid=0 suid=0 fsuid=0 egid=0 sgid=0 fsgid=0 tty=pts1 ses=3 comm="vim" exe="/usr/bin/vim.basic" subj=unconfined key="process_exec"ARCH=x86_64 SYSCALL=execve AUID="heroic" UID="root" GID="root" EUID="root" SUID="root" FSUID="root" EGID="root" SGID="root" FSGID="root"
type=EXECVE msg=audit(1769264313.604:7381): argc=3 a0="vim" a1="-es" a2="file_5.txt"
type=CWD msg=audit(1769264313.604:7381): cwd="/root/hids_benign"
type=PATH msg=audit(1769264313.604:7381): item=0 name="/usr/bin/vim" inode=1575517 dev=08:02 mode=0100755 ouid=0 ogid=0 rdev=00:00 nametype=NORMAL cap_fp=0 cap_fi=0 cap_fe=0 cap_fver=0 cap_frootid=0OUID="root" OGID="root"
type=PATH msg=audit(1769264313.604:7381): item=1 name="/lib64/ld-linux-x86-64.so.2" inode=1575340 dev=08:02 mode=0100755 ouid=0 ogid=0 rdev=00:00 nametype=NORMAL cap_fp=0 cap_fi=0 cap_fe=0 cap_fver=0 cap_frootid=0OUID="root" OGID="root"
type=PROCTITLE msg=audit(1769264313.604:7381): proctitle=76696D002D65730066696C655F352E747874
type=SYSCALL msg=audit(1769264313.621:7382): arch=c000003e syscall=59 success=yes exit=0 a0=5959851a1fe0 a1=5959851a3310 a2=59598519a520 a3=5959851a3310 items=2 ppid=11882 pid=11930 auid=1000 uid=0 gid=0 euid=0 suid=0 fsuid=0 egid=0 sgid=0 fsgid=0 tty=pts1 ses=3 comm="ls" exe="/usr/bin/ls" subj=unconfined key="process_exec"ARCH=x86_64 SYSCALL=execve AUID="heroic" UID="root" GID="root" EUID="root" SUID="root" FSUID="root" EGID="root" SGID="root" FSGID="root"
type=EXECVE msg=audit(1769264313.621:7382): argc=2 a0="ls" a1="-la"
type=CWD msg=audit(1769264313.621:7382): cwd="/root/hids_benign"
type=PATH msg=audit(1769264313.621:7382): item=0 name="/usr/bin/ls" inode=1578104 dev=08:02 mode=0100755 ouid=0 ogid=0 rdev=00:00 nametype=NORMAL cap_fp=0 cap_fi=0 cap_fe=0 cap_fver=0 cap_frootid=0OUID="root" OGID="root"
type=PATH msg=audit(1769264313.621:7382): item=1 name="/lib64/ld-linux-x86-64.so.2" inode=1575340 dev=08:02 mode=0100755 ouid=0 ogid=0 rdev=00:00 nametype=NORMAL cap_fp=0 cap_fi=0 cap_fe=0 cap_fver=0 cap_frootid=0OUID="root" OGID="root"
type=PROCTITLE msg=audit(1769264313.621:7382): proctitle=6C73002D6C61
type=SYSCALL msg=audit(1769264313.626:7383): arch=c000003e syscall=59 success=yes exit=0 a0=5959851a25e0 a1=5959851a28c0 a2=59598519a520 a3=5959851a2340 items=2 ppid=11882 pid=11931 auid=1000 uid=0 gid=0 euid=0 suid=0 fsuid=0 egid=0 sgid=0 fsgid=0 tty=pts1 ses=3 comm="ls" exe="/usr/bin/ls" subj=unconfined key="process_exec"ARCH=x86_64 SYSCALL=execve AUID="heroic" UID="root" GID="root" EUID="root" SUID="root" FSUID="root" EGID="root" SGID="root" FSGID="root"
type=EXECVE msg=audit(1769264313.626:7383): argc=2 a0="ls" a1="-la"
type=CWD msg=audit(1769264313.626:7383): cwd="/root/hids_benign"
type=PATH msg=audit(1769264313.626:7383): item=0 name="/usr/bin/ls" inode=1578104 dev=08:02 mode=0100755 ouid=0 ogid=0 rdev=00:00 nametype=NORMAL cap_fp=0 cap_fi=0 cap_fe=0 cap_fver=0 cap_frootid=0OUID="root" OGID="root"
type=PATH msg=audit(1769264313.626:7383): item=1 name="/lib64/ld-linux-x86-64.so.2" inode=1575340 dev=08:02 mode=0100755 ouid=0 ogid=0 rdev=00:00 nametype=NORMAL cap_fp=0 cap_fi=0 cap_fe=0 cap_fver=0 cap_frootid=0OUID="root" OGID="root"
type=PROCTITLE msg=audit(1769264313.626:7383): proctitle=6C73002D6C61
type=SYSCALL msg=audit(1769264313.632:7384): arch=c000003e syscall=59 success=yes exit=0 a0=5959851a2360 a1=5959851a28c0 a2=59598519a520 a3=5959851a24e0 items=2 ppid=11882 pid=11932 auid=1000 uid=0 gid=0 euid=0 suid=0 fsuid=0 egid=0 sgid=0 fsgid=0 tty=pts1 ses=3 comm="ls" exe="/usr/bin/ls" subj=unconfined key="process_exec"ARCH=x86_64 SYSCALL=execve AUID="heroic" UID="root" GID="root" EUID="root" SUID="root" FSUID="root" EGID="root" SGID="root" FSGID="root"
type=EXECVE msg=audit(1769264313.632:7384): argc=2 a0="ls" a1="-la"
type=CWD msg=audit(1769264313.632:7384): cwd="/root/hids_benign"
type=PATH msg=audit(1769264313.632:7384): item=0 name="/usr/bin/ls" inode=1578104 dev=08:02 mode=0100755 ouid=0 ogid=0 rdev=00:00 nametype=NORMAL cap_fp=0 cap_fi=0 cap_fe=0 cap_fver=0 cap_frootid=0OUID="root" OGID="root"
type=PATH msg=audit(1769264313.632:7384): item=1 name="/lib64/ld-linux-x86-64.so.2" inode=1575340 dev=08:02 mode=0100755 ouid=0 ogid=0 rdev=00:00 nametype=NORMAL cap_fp=0 cap_fi=0 cap_fe=0 cap_fver=0 cap_frootid=0OUID="root" OGID="root"
type=PROCTITLE msg=audit(1769264313.632:7384): proctitle=6C73002D6C61
type=SYSCALL msg=audit(1769264313.637:7385): arch=c000003e syscall=59 success=yes exit=0 a0=5959851a3070 a1=5959851a28c0 a2=59598519a520 a3=5959851a1fe0 items=2 ppid=11882 pid=11933 auid=1000 uid=0 gid=0 euid=0 suid=0 fsuid=0 egid=0 sgid=0 fsgid=0 tty=pts1 ses=3 comm="ls" exe="/usr/bin/ls" subj=unconfined key="process_exec"ARCH=x86_64 SYSCALL=execve AUID="heroic" UID="root" GID="root" EUID="root" SUID="root" FSUID="root" EGID="root" SGID="root" FSGID="root"
type=EXECVE msg=audit(1769264313.637:7385): argc=2 a0="ls" a1="-la"
type=CWD msg=audit(1769264313.637:7385): cwd="/root/hids_benign"
type=PATH msg=audit(1769264313.637:7385): item=0 name="/usr/bin/ls" inode=1578104 dev=08:02 mode=0100755 ouid=0 ogid=0 rdev=00:00 nametype=NORMAL cap_fp=0 cap_fi=0 cap_fe=0 cap_fver=0 cap_frootid=0OUID="root" OGID="root"
type=PATH msg=audit(1769264313.637:7385): item=1 name="/lib64/ld-linux-x86-64.so.2" inode=1575340 dev=08:02 mode=0100755 ouid=0 ogid=0 rdev=00:00 nametype=NORMAL cap_fp=0 cap_fi=0 cap_fe=0 cap_fver=0 cap_frootid=0OUID="root" OGID="root"
type=PROCTITLE msg=audit(1769264313.637:7385): proctitle=6C73002D6C61
type=SYSCALL msg=audit(1769264313.641:7386): arch=c000003e syscall=59 success=yes exit=0 a0=59598519f6b0 a1=5959851a28c0 a2=59598519a520 a3=5959851a25e0 items=2 ppid=11882 pid=11934 auid=1000 uid=0 gid=0 euid=0 suid=0 fsuid=0 egid=0 sgid=0 fsgid=0 tty=pts1 ses=3 comm="ls" exe="/usr/bin/ls" subj=unconfined key="process_exec"ARCH=x86_64 SYSCALL=execve AUID="heroic" UID="root" GID="root" EUID="root" SUID="root" FSUID="root" EGID="root" SGID="root" FSGID="root"
type=EXECVE msg=audit(1769264313.641:7386): argc=2 a0="ls" a1="-la"
type=CWD msg=audit(1769264313.641:7386): cwd="/root/hids_benign"
type=PATH msg=audit(1769264313.641:7386): item=0 name="/usr/bin/ls" inode=1578104 dev=08:02 mode=0100755 ouid=0 ogid=0 rdev=00:00 nametype=NORMAL cap_fp=0 cap_fi=0 cap_fe=0 cap_fver=0 cap_frootid=0OUID="root" OGID="root"
type=PATH msg=audit(1769264313.641:7386): item=1 name="/lib64/ld-linux-x86-64.so.2" inode=1575340 dev=08:02 mode=0100755 ouid=0 ogid=0 rdev=00:00 nametype=NORMAL cap_fp=0 cap_fi=0 cap_fe=0 cap_fver=0 cap_frootid=0OUID="root" OGID="root"
type=PROCTITLE msg=audit(1769264313.641:7386): proctitle=6C73002D6C61
type=SYSCALL msg=audit(1769264313.645:7387): arch=c000003e syscall=59 success=yes exit=0 a0=5959851a1fe0 a1=5959851a2e20 a2=59598519a520 a3=5959851a2360 items=2 ppid=11882 pid=11935 auid=1000 uid=0 gid=0 euid=0 suid=0 fsuid=0 egid=0 sgid=0 fsgid=0 tty=pts1 ses=3 comm="curl" exe="/usr/bin/curl" subj=unconfined key="process_exec"ARCH=x86_64 SYSCALL=execve AUID="heroic" UID="root" GID="root" EUID="root" SUID="root" FSUID="root" EGID="root" SGID="root" FSGID="root"
type=EXECVE msg=audit(1769264313.645:7387): argc=3 a0="curl" a1="-s" a2="https://example.com"
type=CWD msg=audit(1769264313.645:7387): cwd="/root/hids_benign"
type=PATH msg=audit(1769264313.645:7387): item=0 name="/usr/bin/curl" inode=1573697 dev=08:02 mode=0100755 ouid=0 ogid=0 rdev=00:00 nametype=NORMAL cap_fp=0 cap_fi=0 cap_fe=0 cap_fver=0 cap_frootid=0OUID="root" OGID="root"
type=PATH msg=audit(1769264313.645:7387): item=1 name="/lib64/ld-linux-x86-64.so.2" inode=1575340 dev=08:02 mode=0100755 ouid=0 ogid=0 rdev=00:00 nametype=NORMAL cap_fp=0 cap_fi=0 cap_fe=0 cap_fver=0 cap_frootid=0OUID="root" OGID="root"
type=PROCTITLE msg=audit(1769264313.645:7387): proctitle=6375726C002D730068747470733A2F2F6578616D706C652E636F6D
type=SYSCALL msg=audit(1769264313.846:7388): arch=c000003e syscall=59 success=yes exit=0 a0=5959851a2400 a1=59598519c0c0 a2=59598519a520 a3=5959851a3050 items=2 ppid=11882 pid=11937 auid=1000 uid=0 gid=0 euid=0 suid=0 fsuid=0 egid=0 sgid=0 fsgid=0 tty=pts1 ses=3 comm="ssh" exe="/usr/bin/ssh" subj=unconfined key="process_exec"ARCH=x86_64 SYSCALL=execve AUID="heroic" UID="root" GID="root" EUID="root" SUID="root" FSUID="root" EGID="root" SGID="root" FSGID="root"
type=EXECVE msg=audit(1769264313.846:7388): argc=5 a0="ssh" a1="-o" a2="BatchMode=yes" a3="localhost" a4=6563686F205353485F4F4B
type=CWD msg=audit(1769264313.846:7388): cwd="/root/hids_benign"
type=PATH msg=audit(1769264313.846:7388): item=0 name="/usr/bin/ssh" inode=1573390 dev=08:02 mode=0100755 ouid=0 ogid=0 rdev=00:00 nametype=NORMAL cap_fp=0 cap_fi=0 cap_fe=0 cap_fver=0 cap_frootid=0OUID="root" OGID="root"
type=PATH msg=audit(1769264313.846:7388): item=1 name="/lib64/ld-linux-x86-64.so.2" inode=1575340 dev=08:02 mode=0100755 ouid=0 ogid=0 rdev=00:00 nametype=NORMAL cap_fp=0 cap_fi=0 cap_fe=0 cap_fver=0 cap_frootid=0OUID="root" OGID="root"
type=PROCTITLE msg=audit(1769264313.846:7388): proctitle=737368002D6F0042617463684D6F64653D796573006C6F63616C686F7374006563686F205353485F4F4B
type=SYSCALL msg=audit(1769264313.855:7389): arch=c000003e syscall=59 success=yes exit=0 a0=5959851a2360 a1=5959851a3070 a2=59598519a520 a3=5959851a3070 items=2 ppid=11882 pid=11938 auid=1000 uid=0 gid=0 euid=0 suid=0 fsuid=0 egid=0 sgid=0 fsgid=0 tty=pts1 ses=3 comm="sleep" exe="/usr/bin/sleep" subj=unconfined key="process_exec"ARCH=x86_64 SYSCALL=execve AUID="heroic" UID="root" GID="root" EUID="root" SUID="root" FSUID="root" EGID="root" SGID="root" FSGID="root"
type=EXECVE msg=audit(1769264313.855:7389): argc=2 a0="sleep" a1="5"
type=CWD msg=audit(1769264313.855:7389): cwd="/root/hids_benign"
type=PATH msg=audit(1769264313.855:7389): item=0 name="/usr/bin/sleep" inode=1578138 dev=08:02 mode=0100755 ouid=0 ogid=0 rdev=00:00 nametype=NORMAL cap_fp=0 cap_fi=0 cap_fe=0 cap_fver=0 cap_frootid=0OUID="root" OGID="root"
type=PATH msg=audit(1769264313.855:7389): item=1 name="/lib64/ld-linux-x86-64.so.2" inode=1575340 dev=08:02 mode=0100755 ouid=0 ogid=0 rdev=00:00 nametype=NORMAL cap_fp=0 cap_fi=0 cap_fe=0 cap_fver=0 cap_frootid=0OUID="root" OGID="root"
type=PROCTITLE msg=audit(1769264313.855:7389): proctitle=736C6565700035
type=SYSCALL msg=audit(1769264318.862:7390): arch=c000003e syscall=59 success=yes exit=0 a0=5959851a2360 a1=5959851a0680 a2=59598519a520 a3=5959851a2730 items=2 ppid=11882 pid=11939 auid=1000 uid=0 gid=0 euid=0 suid=0 fsuid=0 egid=0 sgid=0 fsgid=0 tty=pts1 ses=3 comm="rm" exe="/usr/bin/rm" subj=unconfined key="process_exec"ARCH=x86_64 SYSCALL=execve AUID="heroic" UID="root" GID="root" EUID="root" SUID="root" FSUID="root" EGID="root" SGID="root" FSGID="root"
type=EXECVE msg=audit(1769264318.862:7390): argc=14 a0="rm" a1="-f" a2="file_10.txt" a3="file_1.txt" a4="file_2.txt" a5="file_3.txt" a6="file_4.txt" a7="file_5.txt" a8="file_6.txt" a9="file_7.txt" a10="file_8.txt" a11="file_9.txt" a12="webpage.html" a13="dir_list.log"
type=CWD msg=audit(1769264318.862:7390): cwd="/root/hids_benign"
type=PATH msg=audit(1769264318.862:7390): item=0 name="/usr/bin/rm" inode=1578127 dev=08:02 mode=0100755 ouid=0 ogid=0 rdev=00:00 nametype=NORMAL cap_fp=0 cap_fi=0 cap_fe=0 cap_fver=0 cap_frootid=0OUID="root" OGID="root"
type=PATH msg=audit(1769264318.862:7390): item=1 name="/lib64/ld-linux-x86-64.so.2" inode=1575340 dev=08:02 mode=0100755 ouid=0 ogid=0 rdev=00:00 nametype=NORMAL cap_fp=0 cap_fi=0 cap_fe=0 cap_fver=0 cap_frootid=0OUID="root" OGID="root"
type=PROCTITLE msg=audit(1769264318.862:7390): proctitle=726D002D660066696C655F31302E7478740066696C655F312E7478740066696C655F322E7478740066696C655F332E7478740066696C655F342E7478740066696C655F352E7478740066696C655F362E7478740066696C655F372E7478740066696C655F382E7478740066696C655F392E74787400776562706167652E68746D
type=SYSCALL msg=audit(1769264318.870:7391): arch=c000003e syscall=59 success=yes exit=0 a0=5959851a3070 a1=5959851a3050 a2=59598519a520 a3=5959851a3050 items=2 ppid=11882 pid=11940 auid=1000 uid=0 gid=0 euid=0 suid=0 fsuid=0 egid=0 sgid=0 fsgid=0 tty=pts1 ses=3 comm="rmdir" exe="/usr/bin/rmdir" subj=unconfined key="process_exec"ARCH=x86_64 SYSCALL=execve AUID="heroic" UID="root" GID="root" EUID="root" SUID="root" FSUID="root" EGID="root" SGID="root" FSGID="root"
type=EXECVE msg=audit(1769264318.870:7391): argc=2 a0="rmdir" a1="/root/hids_benign"
type=CWD msg=audit(1769264318.870:7391): cwd="/root/hids_benign"
type=PATH msg=audit(1769264318.870:7391): item=0 name="/usr/bin/rmdir" inode=1578128 dev=08:02 mode=0100755 ouid=0 ogid=0 rdev=00:00 nametype=NORMAL cap_fp=0 cap_fi=0 cap_fe=0 cap_fver=0 cap_frootid=0OUID="root" OGID="root"
type=PATH msg=audit(1769264318.870:7391): item=1 name="/lib64/ld-linux-x86-64.so.2" inode=1575340 dev=08:02 mode=0100755 ouid=0 ogid=0 rdev=00:00 nametype=NORMAL cap_fp=0 cap_fi=0 cap_fe=0 cap_fver=0 cap_frootid=0OUID="root" OGID="root"
type=PROCTITLE msg=audit(1769264318.870:7391): proctitle=726D646972002F726F6F742F686964735F62656E69676E
type=SYSCALL msg=audit(1769264318.890:7392): arch=c000003e syscall=59 success=yes exit=0 a0=5959851a1fe0 a1=59598519f6b0 a2=59598519a520 a3=59598519f6b0 items=2 ppid=11882 pid=11941 auid=1000 uid=0 gid=0 euid=0 suid=0 fsuid=0 egid=0 sgid=0 fsgid=0 tty=pts1 ses=3 comm="sleep" exe="/usr/bin/sleep" subj=unconfined key="process_exec"ARCH=x86_64 SYSCALL=execve AUID="heroic" UID="root" GID="root" EUID="root" SUID="root" FSUID="root" EGID="root" SGID="root" FSGID="root"
type=EXECVE msg=audit(1769264318.890:7392): argc=2 a0="sleep" a1="60"
type=CWD msg=audit(1769264318.890:7392): cwd=2F726F6F742F686964735F62656E69676E202864656C6574656429
type=PATH msg=audit(1769264318.890:7392): item=0 name="/usr/bin/sleep" inode=1578138 dev=08:02 mode=0100755 ouid=0 ogid=0 rdev=00:00 nametype=NORMAL cap_fp=0 cap_fi=0 cap_fe=0 cap_fver=0 cap_frootid=0OUID="root" OGID="root"
type=PATH msg=audit(1769264318.890:7392): item=1 name="/lib64/ld-linux-x86-64.so.2" inode=1575340 dev=08:02 mode=0100755 ouid=0 ogid=0 rdev=00:00 nametype=NORMAL cap_fp=0 cap_fi=0 cap_fe=0 cap_fver=0 cap_frootid=0OUID="root" OGID="root"
type=PROCTITLE msg=audit(1769264318.890:7392): proctitle=736C656570003630
type=SYSCALL msg=audit(1769264341.743:7393): arch=c000003e syscall=59 success=yes exit=0 a0=5f05e14463c0 a1=5f05e14df5f0 a2=5f05e1468880 a3=0 items=2 ppid=11947 pid=11948 auid=1000 uid=1000 gid=1000 euid=1000 suid=1000 fsuid=1000 egid=1000 sgid=1000 fsgid=1000 tty=(none) ses=3 comm="nautilus" exe="/usr/bin/nautilus" subj=nautilus key="process_exec"ARCH=x86_64 SYSCALL=execve AUID="heroic" UID="heroic" GID="heroic" EUID="heroic" SUID="heroic" FSUID="heroic" EGID="heroic" SGID="heroic" FSGID="heroic"
type=EXECVE msg=audit(1769264341.743:7393): argc=2 a0="/usr/bin/nautilus" a1="--gapplication-service"
type=CWD msg=audit(1769264341.743:7393): cwd="/home/heroic"
type=PATH msg=audit(1769264341.743:7393): item=0 name="/usr/bin/nautilus" inode=1590659 dev=08:02 mode=0100755 ouid=0 ogid=0 rdev=00:00 nametype=NORMAL cap_fp=0 cap_fi=0 cap_fe=0 cap_fver=0 cap_frootid=0OUID="root" OGID="root"
type=PATH msg=audit(1769264341.743:7393): item=1 name="/lib64/ld-linux-x86-64.so.2" inode=1575340 dev=08:02 mode=0100755 ouid=0 ogid=0 rdev=00:00 nametype=NORMAL cap_fp=0 cap_fi=0 cap_fe=0 cap_fver=0 cap_frootid=0OUID="root" OGID="root"
type=PROCTITLE msg=audit(1769264341.743:7393): proctitle=2F7573722F62696E2F6E617574696C7573002D2D676170706C69636174696F6E2D73657276696365
type=BPF msg=audit(1769264342.625:7394): prog-id=148 op=LOAD
type=BPF msg=audit(1769264342.625:7395): prog-id=149 op=LOAD
type=BPF msg=audit(1769264342.625:7396): prog-id=150 op=LOAD
type=SYSCALL msg=audit(1769264342.635:7397): arch=c000003e syscall=59 success=yes exit=0 a0=7ffc259fe5a0 a1=7ffc259fe5c0 a2=7ffc259ff0b0 a3=8 items=2 ppid=1 pid=11976 auid=4294967295 uid=0 gid=0 euid=0 suid=0 fsuid=0 egid=0 sgid=0 fsgid=0 tty=(none) ses=4294967295 comm="9" exe="/usr/lib/systemd/systemd-executor" subj=unconfined key="process_exec"ARCH=x86_64 SYSCALL=execve AUID="unset" UID="root" GID="root" EUID="root" SUID="root" FSUID="root" EGID="root" SGID="root" FSGID="root"
type=EXECVE msg=audit(1769264342.635:7397): argc=7 a0="/usr/lib/systemd/systemd-executor" a1="--deserialize" a2="103" a3="--log-level" a4="info" a5="--log-target" a6="journal-or-kmsg"
type=CWD msg=audit(1769264342.635:7397): cwd="/"
type=PATH msg=audit(1769264342.635:7397): item=0 name="/proc/self/fd/9" inode=1596504 dev=08:02 mode=0100755 ouid=0 ogid=0 rdev=00:00 nametype=NORMAL cap_fp=0 cap_fi=0 cap_fe=0 cap_fver=0 cap_frootid=0OUID="root" OGID="root"
type=PATH msg=audit(1769264342.635:7397): item=1 name="/lib64/ld-linux-x86-64.so.2" inode=1575340 dev=08:02 mode=0100755 ouid=0 ogid=0 rdev=00:00 nametype=NORMAL cap_fp=0 cap_fi=0 cap_fe=0 cap_fver=0 cap_frootid=0OUID="root" OGID="root"
type=PROCTITLE msg=audit(1769264342.635:7397): proctitle=2F7573722F6C69622F73797374656D642F73797374656D642D6578656375746F72002D2D646573657269616C697A6500313033002D2D6C6F672D6C6576656C00696E666F002D2D6C6F672D746172676574006A6F75726E616C2D6F722D6B6D7367
type=SYSCALL msg=audit(1769264342.718:7398): arch=c000003e syscall=59 success=yes exit=0 a0=576cfbf7f600 a1=576cfbf794c0 a2=576cfbf75de0 a3=576cfbf78bc0 items=2 ppid=1 pid=11976 auid=4294967295 uid=0 gid=0 euid=0 suid=0 fsuid=0 egid=0 sgid=0 fsgid=0 tty=(none) ses=4294967295 comm="systemd-hostnam" exe="/usr/lib/systemd/systemd-hostnamed" subj=unconfined key="process_exec"ARCH=x86_64 SYSCALL=execve AUID="unset" UID="root" GID="root" EUID="root" SUID="root" FSUID="root" EGID="root" SGID="root" FSGID="root"
type=BPRM_FCAPS msg=audit(1769264342.718:7398): fver=0 fp=0 fi=0 fe=0 old_pp=000001ffffffffff old_pi=0 old_pe=000001ffffffffff old_pa=0 pp=0000000000200000 pi=0 pe=0000000000200000 pa=0 frootid=0
type=EXECVE msg=audit(1769264342.718:7398): argc=1 a0="/usr/lib/systemd/systemd-hostnamed"
type=CWD msg=audit(1769264342.718:7398): cwd="/"
type=PATH msg=audit(1769264342.718:7398): item=0 name="/usr/lib/systemd/systemd-hostnamed" inode=1596509 dev=08:02 mode=0100755 ouid=0 ogid=0 rdev=00:00 nametype=NORMAL cap_fp=0 cap_fi=0 cap_fe=0 cap_fver=0 cap_frootid=0OUID="root" OGID="root"
type=PATH msg=audit(1769264342.718:7398): item=1 name="/lib64/ld-linux-x86-64.so.2" inode=1575340 dev=08:02 mode=0100755 ouid=0 ogid=0 rdev=00:00 nametype=NORMAL cap_fp=0 cap_fi=0 cap_fe=0 cap_fver=0 cap_frootid=0OUID="root" OGID="root"
type=PROCTITLE msg=audit(1769264342.718:7398): proctitle=2F7573722F6C69622F73797374656D642F73797374656D642D6578656375746F72002D2D646573657269616C697A6500313033002D2D6C6F672D6C6576656C00696E666F002D2D6C6F672D746172676574006A6F75726E616C2D6F722D6B6D7367
type=SERVICE_START msg=audit(1769264342.757:7399): pid=1 uid=0 auid=4294967295 ses=4294967295 subj=unconfined msg='unit=systemd-hostnamed comm="systemd" exe="/usr/lib/systemd/systemd" hostname=? addr=? terminal=? res=success'UID="root" AUID="unset"
type=SYSCALL msg=audit(1769264342.920:7400): arch=c000003e syscall=59 success=yes exit=0 a0=61f6d7babb40 a1=61f6d7ba7b60 a2=7fffbb8779c8 a3=0 items=2 ppid=2115 pid=11979 auid=1000 uid=1000 gid=1000 euid=1000 suid=1000 fsuid=1000 egid=1000 sgid=1000 fsgid=1000 tty=(none) ses=3 comm="gvfsd-recent" exe="/usr/libexec/gvfsd-recent" subj=unconfined key="process_exec"ARCH=x86_64 SYSCALL=execve AUID="heroic" UID="heroic" GID="heroic" EUID="heroic" SUID="heroic" FSUID="heroic" EGID="heroic" SGID="heroic" FSGID="heroic"
type=EXECVE msg=audit(1769264342.920:7400): argc=4 a0="/usr/libexec/gvfsd-recent" a1="--spawner" a2=":1.19" a3="/org/gtk/gvfs/exec_spaw/5"
type=CWD msg=audit(1769264342.920:7400): cwd="/home/heroic"
type=PATH msg=audit(1769264342.920:7400): item=0 name="/usr/libexec/gvfsd-recent" inode=1589228 dev=08:02 mode=0100755 ouid=0 ogid=0 rdev=00:00 nametype=NORMAL cap_fp=0 cap_fi=0 cap_fe=0 cap_fver=0 cap_frootid=0OUID="root" OGID="root"
type=PATH msg=audit(1769264342.920:7400): item=1 name="/lib64/ld-linux-x86-64.so.2" inode=1575340 dev=08:02 mode=0100755 ouid=0 ogid=0 rdev=00:00 nametype=NORMAL cap_fp=0 cap_fi=0 cap_fe=0 cap_fver=0 cap_frootid=0OUID="root" OGID="root"
type=PROCTITLE msg=audit(1769264342.920:7400): proctitle=2F7573722F6C6962657865632F67766673642D726563656E74002D2D737061776E6572003A312E3139002F6F72672F67746B2F677666732F657865635F737061772F35
type=SERVICE_STOP msg=audit(1769264372.994:7401): pid=1 uid=0 auid=4294967295 ses=4294967295 subj=unconfined msg='unit=systemd-hostnamed comm="systemd" exe="/usr/lib/systemd/systemd" hostname=? addr=? terminal=? res=success'UID="root" AUID="unset"
type=BPF msg=audit(1769264373.027:7402): prog-id=150 op=UNLOAD
type=BPF msg=audit(1769264373.027:7403): prog-id=149 op=UNLOAD
type=BPF msg=audit(1769264373.027:7404): prog-id=148 op=UNLOAD
type=SYSCALL msg=audit(1769264378.909:7405): arch=c000003e syscall=59 success=yes exit=0 a0=59598519ff10 a1=5959851a3160 a2=59598519a520 a3=5959851a3290 items=2 ppid=11882 pid=12003 auid=1000 uid=0 gid=0 euid=0 suid=0 fsuid=0 egid=0 sgid=0 fsgid=0 tty=pts1 ses=3 comm="mkdir" exe="/usr/bin/mkdir" subj=unconfined key="process_exec"ARCH=x86_64 SYSCALL=execve AUID="heroic" UID="root" GID="root" EUID="root" SUID="root" FSUID="root" EGID="root" SGID="root" FSGID="root"
type=EXECVE msg=audit(1769264378.909:7405): argc=3 a0="mkdir" a1="-p" a2="/root/hids_benign"
type=CWD msg=audit(1769264378.909:7405): cwd=2F726F6F742F686964735F62656E69676E202864656C6574656429
type=PATH msg=audit(1769264378.909:7405): item=0 name="/usr/bin/mkdir" inode=1578106 dev=08:02 mode=0100755 ouid=0 ogid=0 rdev=00:00 nametype=NORMAL cap_fp=0 cap_fi=0 cap_fe=0 cap_fver=0 cap_frootid=0OUID="root" OGID="root"
type=PATH msg=audit(1769264378.909:7405): item=1 name="/lib64/ld-linux-x86-64.so.2" inode=1575340 dev=08:02 mode=0100755 ouid=0 ogid=0 rdev=00:00 nametype=NORMAL cap_fp=0 cap_fi=0 cap_fe=0 cap_fver=0 cap_frootid=0OUID="root" OGID="root"
type=PROCTITLE msg=audit(1769264378.909:7405): proctitle=6D6B646972002D70002F726F6F742F686964735F62656E69676E
type=SYSCALL msg=audit(1769264378.922:7406): arch=c000003e syscall=59 success=yes exit=0 a0=5959851a3250 a1=59598519f590 a2=59598519a520 a3=59598519f590 items=2 ppid=11882 pid=12004 auid=1000 uid=0 gid=0 euid=0 suid=0 fsuid=0 egid=0 sgid=0 fsgid=0 tty=pts1 ses=3 comm="cat" exe="/usr/bin/cat" subj=unconfined key="process_exec"ARCH=x86_64 SYSCALL=execve AUID="heroic" UID="root" GID="root" EUID="root" SUID="root" FSUID="root" EGID="root" SGID="root" FSGID="root"
type=EXECVE msg=audit(1769264378.922:7406): argc=2 a0="cat" a1="file_1.txt"
type=CWD msg=audit(1769264378.922:7406): cwd="/root/hids_benign"
type=PATH msg=audit(1769264378.922:7406): item=0 name="/usr/bin/cat" inode=1578016 dev=08:02 mode=0100755 ouid=0 ogid=0 rdev=00:00 nametype=NORMAL cap_fp=0 cap_fi=0 cap_fe=0 cap_fver=0 cap_frootid=0OUID="root" OGID="root"
type=PATH msg=audit(1769264378.922:7406): item=1 name="/lib64/ld-linux-x86-64.so.2" inode=1575340 dev=08:02 mode=0100755 ouid=0 ogid=0 rdev=00:00 nametype=NORMAL cap_fp=0 cap_fi=0 cap_fe=0 cap_fver=0 cap_frootid=0OUID="root" OGID="root"
type=PROCTITLE msg=audit(1769264378.922:7406): proctitle=6361740066696C655F312E747874
type=SYSCALL msg=audit(1769264378.928:7407): arch=c000003e syscall=59 success=yes exit=0 a0=59598519f590 a1=5959851a2440 a2=59598519a520 a3=5959851a2440 items=2 ppid=11882 pid=12005 auid=1000 uid=0 gid=0 euid=0 suid=0 fsuid=0 egid=0 sgid=0 fsgid=0 tty=pts1 ses=3 comm="cat" exe="/usr/bin/cat" subj=unconfined key="process_exec"ARCH=x86_64 SYSCALL=execve AUID="heroic" UID="root" GID="root" EUID="root" SUID="root" FSUID="root" EGID="root" SGID="root" FSGID="root"
type=EXECVE msg=audit(1769264378.928:7407): argc=2 a0="cat" a1="file_2.txt"
type=CWD msg=audit(1769264378.928:7407): cwd="/root/hids_benign"
type=PATH msg=audit(1769264378.928:7407): item=0 name="/usr/bin/cat" inode=1578016 dev=08:02 mode=0100755 ouid=0 ogid=0 rdev=00:00 nametype=NORMAL cap_fp=0 cap_fi=0 cap_fe=0 cap_fver=0 cap_frootid=0OUID="root" OGID="root"
type=PATH msg=audit(1769264378.928:7407): item=1 name="/lib64/ld-linux-x86-64.so.2" inode=1575340 dev=08:02 mode=0100755 ouid=0 ogid=0 rdev=00:00 nametype=NORMAL cap_fp=0 cap_fi=0 cap_fe=0 cap_fver=0 cap_frootid=0OUID="root" OGID="root"
type=PROCTITLE msg=audit(1769264378.928:7407): proctitle=6361740066696C655F322E747874
type=SYSCALL msg=audit(1769264378.933:7408): arch=c000003e syscall=59 success=yes exit=0 a0=5959851a2440 a1=5959851a3250 a2=59598519a520 a3=5959851a3250 items=2 ppid=11882 pid=12006 auid=1000 uid=0 gid=0 euid=0 suid=0 fsuid=0 egid=0 sgid=0 fsgid=0 tty=pts1 ses=3 comm="cat" exe="/usr/bin/cat" subj=unconfined key="process_exec"ARCH=x86_64 SYSCALL=execve AUID="heroic" UID="root" GID="root" EUID="root" SUID="root" FSUID="root" EGID="root" SGID="root" FSGID="root"
type=EXECVE msg=audit(1769264378.933:7408): argc=2 a0="cat" a1="file_3.txt"
type=CWD msg=audit(1769264378.933:7408): cwd="/root/hids_benign"
type=PATH msg=audit(1769264378.933:7408): item=0 name="/usr/bin/cat" inode=1578016 dev=08:02 mode=0100755 ouid=0 ogid=0 rdev=00:00 nametype=NORMAL cap_fp=0 cap_fi=0 cap_fe=0 cap_fver=0 cap_frootid=0OUID="root" OGID="root"
type=PATH msg=audit(1769264378.933:7408): item=1 name="/lib64/ld-linux-x86-64.so.2" inode=1575340 dev=08:02 mode=0100755 ouid=0 ogid=0 rdev=00:00 nametype=NORMAL cap_fp=0 cap_fi=0 cap_fe=0 cap_fver=0 cap_frootid=0OUID="root" OGID="root"
type=PROCTITLE msg=audit(1769264378.933:7408): proctitle=6361740066696C655F332E747874
type=SYSCALL msg=audit(1769264378.943:7409): arch=c000003e syscall=59 success=yes exit=0 a0=5959851a3250 a1=59598519f590 a2=59598519a520 a3=59598519f590 items=2 ppid=11882 pid=12007 auid=1000 uid=0 gid=0 euid=0 suid=0 fsuid=0 egid=0 sgid=0 fsgid=0 tty=pts1 ses=3 comm="cat" exe="/usr/bin/cat" subj=unconfined key="process_exec"ARCH=x86_64 SYSCALL=execve AUID="heroic" UID="root" GID="root" EUID="root" SUID="root" FSUID="root" EGID="root" SGID="root" FSGID="root"
type=EXECVE msg=audit(1769264378.943:7409): argc=2 a0="cat" a1="file_4.txt"
type=CWD msg=audit(1769264378.943:7409): cwd="/root/hids_benign"
type=PATH msg=audit(1769264378.943:7409): item=0 name="/usr/bin/cat" inode=1578016 dev=08:02 mode=0100755 ouid=0 ogid=0 rdev=00:00 nametype=NORMAL cap_fp=0 cap_fi=0 cap_fe=0 cap_fver=0 cap_frootid=0OUID="root" OGID="root"
type=PATH msg=audit(1769264378.943:7409): item=1 name="/lib64/ld-linux-x86-64.so.2" inode=1575340 dev=08:02 mode=0100755 ouid=0 ogid=0 rdev=00:00 nametype=NORMAL cap_fp=0 cap_fi=0 cap_fe=0 cap_fver=0 cap_frootid=0OUID="root" OGID="root"
type=PROCTITLE msg=audit(1769264378.943:7409): proctitle=6361740066696C655F342E747874
type=SYSCALL msg=audit(1769264378.952:7410): arch=c000003e syscall=59 success=yes exit=0 a0=59598519f590 a1=5959851a2440 a2=59598519a520 a3=5959851a2440 items=2 ppid=11882 pid=12008 auid=1000 uid=0 gid=0 euid=0 suid=0 fsuid=0 egid=0 sgid=0 fsgid=0 tty=pts1 ses=3 comm="cat" exe="/usr/bin/cat" subj=unconfined key="process_exec"ARCH=x86_64 SYSCALL=execve AUID="heroic" UID="root" GID="root" EUID="root" SUID="root" FSUID="root" EGID="root" SGID="root" FSGID="root"
type=EXECVE msg=audit(1769264378.952:7410): argc=2 a0="cat" a1="file_5.txt"
type=CWD msg=audit(1769264378.952:7410): cwd="/root/hids_benign"
type=PATH msg=audit(1769264378.952:7410): item=0 name="/usr/bin/cat" inode=1578016 dev=08:02 mode=0100755 ouid=0 ogid=0 rdev=00:00 nametype=NORMAL cap_fp=0 cap_fi=0 cap_fe=0 cap_fver=0 cap_frootid=0OUID="root" OGID="root"
type=PATH msg=audit(1769264378.952:7410): item=1 name="/lib64/ld-linux-x86-64.so.2" inode=1575340 dev=08:02 mode=0100755 ouid=0 ogid=0 rdev=00:00 nametype=NORMAL cap_fp=0 cap_fi=0 cap_fe=0 cap_fver=0 cap_frootid=0OUID="root" OGID="root"
type=PROCTITLE msg=audit(1769264378.952:7410): proctitle=6361740066696C655F352E747874
type=SYSCALL msg=audit(1769264378.990:7411): arch=c000003e syscall=59 success=yes exit=0 a0=5959851a2440 a1=5959851a3250 a2=59598519a520 a3=5959851a3250 items=2 ppid=11882 pid=12009 auid=1000 uid=0 gid=0 euid=0 suid=0 fsuid=0 egid=0 sgid=0 fsgid=0 tty=pts1 ses=3 comm="cat" exe="/usr/bin/cat" subj=unconfined key="process_exec"ARCH=x86_64 SYSCALL=execve AUID="heroic" UID="root" GID="root" EUID="root" SUID="root" FSUID="root" EGID="root" SGID="root" FSGID="root"
type=EXECVE msg=audit(1769264378.990:7411): argc=2 a0="cat" a1="file_6.txt"
type=CWD msg=audit(1769264378.990:7411): cwd="/root/hids_benign"
type=PATH msg=audit(1769264378.990:7411): item=0 name="/usr/bin/cat" inode=1578016 dev=08:02 mode=0100755 ouid=0 ogid=0 rdev=00:00 nametype=NORMAL cap_fp=0 cap_fi=0 cap_fe=0 cap_fver=0 cap_frootid=0OUID="root" OGID="root"
type=PATH msg=audit(1769264378.990:7411): item=1 name="/lib64/ld-linux-x86-64.so.2" inode=1575340 dev=08:02 mode=0100755 ouid=0 ogid=0 rdev=00:00 nametype=NORMAL cap_fp=0 cap_fi=0 cap_fe=0 cap_fver=0 cap_frootid=0OUID="root" OGID="root"
type=PROCTITLE msg=audit(1769264378.990:7411): proctitle=6361740066696C655F362E747874
type=SYSCALL msg=audit(1769264379.023:7412): arch=c000003e syscall=59 success=yes exit=0 a0=5959851a3250 a1=59598519f590 a2=59598519a520 a3=59598519f590 items=2 ppid=11882 pid=12010 auid=1000 uid=0 gid=0 euid=0 suid=0 fsuid=0 egid=0 sgid=0 fsgid=0 tty=pts1 ses=3 comm="cat" exe="/usr/bin/cat" subj=unconfined key="process_exec"ARCH=x86_64 SYSCALL=execve AUID="heroic" UID="root" GID="root" EUID="root" SUID="root" FSUID="root" EGID="root" SGID="root" FSGID="root"
type=EXECVE msg=audit(1769264379.023:7412): argc=2 a0="cat" a1="file_7.txt"
type=CWD msg=audit(1769264379.023:7412): cwd="/root/hids_benign"
type=PATH msg=audit(1769264379.023:7412): item=0 name="/usr/bin/cat" inode=1578016 dev=08:02 mode=0100755 ouid=0 ogid=0 rdev=00:00 nametype=NORMAL cap_fp=0 cap_fi=0 cap_fe=0 cap_fver=0 cap_frootid=0OUID="root" OGID="root"
type=PATH msg=audit(1769264379.023:7412): item=1 name="/lib64/ld-linux-x86-64.so.2" inode=1575340 dev=08:02 mode=0100755 ouid=0 ogid=0 rdev=00:00 nametype=NORMAL cap_fp=0 cap_fi=0 cap_fe=0 cap_fver=0 cap_frootid=0OUID="root" OGID="root"
type=PROCTITLE msg=audit(1769264379.023:7412): proctitle=6361740066696C655F372E747874
type=SYSCALL msg=audit(1769264379.028:7413): arch=c000003e syscall=59 success=yes exit=0 a0=59598519f590 a1=5959851a2440 a2=59598519a520 a3=5959851a2440 items=2 ppid=11882 pid=12011 auid=1000 uid=0 gid=0 euid=0 suid=0 fsuid=0 egid=0 sgid=0 fsgid=0 tty=pts1 ses=3 comm="cat" exe="/usr/bin/cat" subj=unconfined key="process_exec"ARCH=x86_64 SYSCALL=execve AUID="heroic" UID="root" GID="root" EUID="root" SUID="root" FSUID="root" EGID="root" SGID="root" FSGID="root"
type=EXECVE msg=audit(1769264379.028:7413): argc=2 a0="cat" a1="file_8.txt"
type=CWD msg=audit(1769264379.028:7413): cwd="/root/hids_benign"
type=PATH msg=audit(1769264379.028:7413): item=0 name="/usr/bin/cat" inode=1578016 dev=08:02 mode=0100755 ouid=0 ogid=0 rdev=00:00 nametype=NORMAL cap_fp=0 cap_fi=0 cap_fe=0 cap_fver=0 cap_frootid=0OUID="root" OGID="root"
type=PATH msg=audit(1769264379.028:7413): item=1 name="/lib64/ld-linux-x86-64.so.2" inode=1575340 dev=08:02 mode=0100755 ouid=0 ogid=0 rdev=00:00 nametype=NORMAL cap_fp=0 cap_fi=0 cap_fe=0 cap_fver=0 cap_frootid=0OUID="root" OGID="root"
type=PROCTITLE msg=audit(1769264379.028:7413): proctitle=6361740066696C655F382E747874
type=SYSCALL msg=audit(1769264379.035:7414): arch=c000003e syscall=59 success=yes exit=0 a0=5959851a2440 a1=5959851a3250 a2=59598519a520 a3=5959851a3250 items=2 ppid=11882 pid=12012 auid=1000 uid=0 gid=0 euid=0 suid=0 fsuid=0 egid=0 sgid=0 fsgid=0 tty=pts1 ses=3 comm="cat" exe="/usr/bin/cat" subj=unconfined key="process_exec"ARCH=x86_64 SYSCALL=execve AUID="heroic" UID="root" GID="root" EUID="root" SUID="root" FSUID="root" EGID="root" SGID="root" FSGID="root"
type=EXECVE msg=audit(1769264379.035:7414): argc=2 a0="cat" a1="file_9.txt"
type=CWD msg=audit(1769264379.035:7414): cwd="/root/hids_benign"
type=PATH msg=audit(1769264379.035:7414): item=0 name="/usr/bin/cat" inode=1578016 dev=08:02 mode=0100755 ouid=0 ogid=0 rdev=00:00 nametype=NORMAL cap_fp=0 cap_fi=0 cap_fe=0 cap_fver=0 cap_frootid=0OUID="root" OGID="root"
type=PATH msg=audit(1769264379.035:7414): item=1 name="/lib64/ld-linux-x86-64.so.2" inode=1575340 dev=08:02 mode=0100755 ouid=0 ogid=0 rdev=00:00 nametype=NORMAL cap_fp=0 cap_fi=0 cap_fe=0 cap_fver=0 cap_frootid=0OUID="root" OGID="root"
type=PROCTITLE msg=audit(1769264379.035:7414): proctitle=6361740066696C655F392E747874
type=SYSCALL msg=audit(1769264379.040:7415): arch=c000003e syscall=59 success=yes exit=0 a0=5959851a3250 a1=59598519f590 a2=59598519a520 a3=59598519f590 items=2 ppid=11882 pid=12013 auid=1000 uid=0 gid=0 euid=0 suid=0 fsuid=0 egid=0 sgid=0 fsgid=0 tty=pts1 ses=3 comm="cat" exe="/usr/bin/cat" subj=unconfined key="process_exec"ARCH=x86_64 SYSCALL=execve AUID="heroic" UID="root" GID="root" EUID="root" SUID="root" FSUID="root" EGID="root" SGID="root" FSGID="root"
type=EXECVE msg=audit(1769264379.040:7415): argc=2 a0="cat" a1="file_10.txt"
type=CWD msg=audit(1769264379.040:7415): cwd="/root/hids_benign"
type=PATH msg=audit(1769264379.040:7415): item=0 name="/usr/bin/cat" inode=1578016 dev=08:02 mode=0100755 ouid=0 ogid=0 rdev=00:00 nametype=NORMAL cap_fp=0 cap_fi=0 cap_fe=0 cap_fver=0 cap_frootid=0OUID="root" OGID="root"
type=PATH msg=audit(1769264379.040:7415): item=1 name="/lib64/ld-linux-x86-64.so.2" inode=1575340 dev=08:02 mode=0100755 ouid=0 ogid=0 rdev=00:00 nametype=NORMAL cap_fp=0 cap_fi=0 cap_fe=0 cap_fver=0 cap_frootid=0OUID="root" OGID="root"
type=PROCTITLE msg=audit(1769264379.040:7415): proctitle=6361740066696C655F31302E747874
type=SYSCALL msg=audit(1769264379.044:7416): arch=c000003e syscall=59 success=yes exit=0 a0=5959851a2500 a1=5959851a2df0 a2=59598519a520 a3=0 items=2 ppid=11882 pid=12014 auid=1000 uid=0 gid=0 euid=0 suid=0 fsuid=0 egid=0 sgid=0 fsgid=0 tty=pts1 ses=3 comm="vim" exe="/usr/bin/vim.basic" subj=unconfined key="process_exec"ARCH=x86_64 SYSCALL=execve AUID="heroic" UID="root" GID="root" EUID="root" SUID="root" FSUID="root" EGID="root" SGID="root" FSGID="root"
type=EXECVE msg=audit(1769264379.044:7416): argc=3 a0="vim" a1="-es" a2="file_1.txt"
type=CWD msg=audit(1769264379.044:7416): cwd="/root/hids_benign"
type=PATH msg=audit(1769264379.044:7416): item=0 name="/usr/bin/vim" inode=1575517 dev=08:02 mode=0100755 ouid=0 ogid=0 rdev=00:00 nametype=NORMAL cap_fp=0 cap_fi=0 cap_fe=0 cap_fver=0 cap_frootid=0OUID="root" OGID="root"
type=PATH msg=audit(1769264379.044:7416): item=1 name="/lib64/ld-linux-x86-64.so.2" inode=1575340 dev=08:02 mode=0100755 ouid=0 ogid=0 rdev=00:00 nametype=NORMAL cap_fp=0 cap_fi=0 cap_fe=0 cap_fver=0 cap_frootid=0OUID="root" OGID="root"
type=PROCTITLE msg=audit(1769264379.044:7416): proctitle=76696D002D65730066696C655F312E747874
type=SYSCALL msg=audit(1769264379.135:7417): arch=c000003e syscall=59 success=yes exit=0 a0=5959851a0800 a1=5959851a2df0 a2=59598519a520 a3=0 items=2 ppid=11882 pid=12015 auid=1000 uid=0 gid=0 euid=0 suid=0 fsuid=0 egid=0 sgid=0 fsgid=0 tty=pts1 ses=3 comm="vim" exe="/usr/bin/vim.basic" subj=unconfined key="process_exec"ARCH=x86_64 SYSCALL=execve AUID="heroic" UID="root" GID="root" EUID="root" SUID="root" FSUID="root" EGID="root" SGID="root" FSGID="root"
type=EXECVE msg=audit(1769264379.135:7417): argc=3 a0="vim" a1="-es" a2="file_2.txt"
type=CWD msg=audit(1769264379.135:7417): cwd="/root/hids_benign"
type=PATH msg=audit(1769264379.135:7417): item=0 name="/usr/bin/vim" inode=1575517 dev=08:02 mode=0100755 ouid=0 ogid=0 rdev=00:00 nametype=NORMAL cap_fp=0 cap_fi=0 cap_fe=0 cap_fver=0 cap_frootid=0OUID="root" OGID="root"
type=PATH msg=audit(1769264379.135:7417): item=1 name="/lib64/ld-linux-x86-64.so.2" inode=1575340 dev=08:02 mode=0100755 ouid=0 ogid=0 rdev=00:00 nametype=NORMAL cap_fp=0 cap_fi=0 cap_fe=0 cap_fver=0 cap_frootid=0OUID="root" OGID="root"
type=PROCTITLE msg=audit(1769264379.135:7417): proctitle=76696D002D65730066696C655F322E747874
type=SYSCALL msg=audit(1769264379.155:7418): arch=c000003e syscall=59 success=yes exit=0 a0=5959851a38c0 a1=5959851a2df0 a2=59598519a520 a3=0 items=2 ppid=11882 pid=12016 auid=1000 uid=0 gid=0 euid=0 suid=0 fsuid=0 egid=0 sgid=0 fsgid=0 tty=pts1 ses=3 comm="vim" exe="/usr/bin/vim.basic" subj=unconfined key="process_exec"ARCH=x86_64 SYSCALL=execve AUID="heroic" UID="root" GID="root" EUID="root" SUID="root" FSUID="root" EGID="root" SGID="root" FSGID="root"
type=EXECVE msg=audit(1769264379.155:7418): argc=3 a0="vim" a1="-es" a2="file_3.txt"
type=CWD msg=audit(1769264379.155:7418): cwd="/root/hids_benign"
type=PATH msg=audit(1769264379.155:7418): item=0 name="/usr/bin/vim" inode=1575517 dev=08:02 mode=0100755 ouid=0 ogid=0 rdev=00:00 nametype=NORMAL cap_fp=0 cap_fi=0 cap_fe=0 cap_fver=0 cap_frootid=0OUID="root" OGID="root"
type=PATH msg=audit(1769264379.155:7418): item=1 name="/lib64/ld-linux-x86-64.so.2" inode=1575340 dev=08:02 mode=0100755 ouid=0 ogid=0 rdev=00:00 nametype=NORMAL cap_fp=0 cap_fi=0 cap_fe=0 cap_fver=0 cap_frootid=0OUID="root" OGID="root"
type=PROCTITLE msg=audit(1769264379.155:7418): proctitle=76696D002D65730066696C655F332E747874
type=SYSCALL msg=audit(1769264379.173:7419): arch=c000003e syscall=59 success=yes exit=0 a0=5959851a2440 a1=5959851a2df0 a2=59598519a520 a3=0 items=2 ppid=11882 pid=12017 auid=1000 uid=0 gid=0 euid=0 suid=0 fsuid=0 egid=0 sgid=0 fsgid=0 tty=pts1 ses=3 comm="vim" exe="/usr/bin/vim.basic" subj=unconfined key="process_exec"ARCH=x86_64 SYSCALL=execve AUID="heroic" UID="root" GID="root" EUID="root" SUID="root" FSUID="root" EGID="root" SGID="root" FSGID="root"
type=EXECVE msg=audit(1769264379.173:7419): argc=3 a0="vim" a1="-es" a2="file_4.txt"
type=CWD msg=audit(1769264379.173:7419): cwd="/root/hids_benign"
type=PATH msg=audit(1769264379.173:7419): item=0 name="/usr/bin/vim" inode=1575517 dev=08:02 mode=0100755 ouid=0 ogid=0 rdev=00:00 nametype=NORMAL cap_fp=0 cap_fi=0 cap_fe=0 cap_fver=0 cap_frootid=0OUID="root" OGID="root"
type=PATH msg=audit(1769264379.173:7419): item=1 name="/lib64/ld-linux-x86-64.so.2" inode=1575340 dev=08:02 mode=0100755 ouid=0 ogid=0 rdev=00:00 nametype=NORMAL cap_fp=0 cap_fi=0 cap_fe=0 cap_fver=0 cap_frootid=0OUID="root" OGID="root"
type=PROCTITLE msg=audit(1769264379.173:7419): proctitle=76696D002D65730066696C655F342E747874
type=SYSCALL msg=audit(1769264379.192:7420): arch=c000003e syscall=59 success=yes exit=0 a0=5959851a2500 a1=5959851a2df0 a2=59598519a520 a3=0 items=2 ppid=11882 pid=12018 auid=1000 uid=0 gid=0 euid=0 suid=0 fsuid=0 egid=0 sgid=0 fsgid=0 tty=pts1 ses=3 comm="vim" exe="/usr/bin/vim.basic" subj=unconfined key="process_exec"ARCH=x86_64 SYSCALL=execve AUID="heroic" UID="root" GID="root" EUID="root" SUID="root" FSUID="root" EGID="root" SGID="root" FSGID="root"
type=EXECVE msg=audit(1769264379.192:7420): argc=3 a0="vim" a1="-es" a2="file_5.txt"
type=CWD msg=audit(1769264379.192:7420): cwd="/root/hids_benign"
type=PATH msg=audit(1769264379.192:7420): item=0 name="/usr/bin/vim" inode=1575517 dev=08:02 mode=0100755 ouid=0 ogid=0 rdev=00:00 nametype=NORMAL cap_fp=0 cap_fi=0 cap_fe=0 cap_fver=0 cap_frootid=0OUID="root" OGID="root"
type=PATH msg=audit(1769264379.192:7420): item=1 name="/lib64/ld-linux-x86-64.so.2" inode=1575340 dev=08:02 mode=0100755 ouid=0 ogid=0 rdev=00:00 nametype=NORMAL cap_fp=0 cap_fi=0 cap_fe=0 cap_fver=0 cap_frootid=0OUID="root" OGID="root"
type=PROCTITLE msg=audit(1769264379.192:7420): proctitle=76696D002D65730066696C655F352E747874
type=SYSCALL msg=audit(1769264379.211:7421): arch=c000003e syscall=59 success=yes exit=0 a0=59598519ff10 a1=5959851a38c0 a2=59598519a520 a3=5959851a38c0 items=2 ppid=11882 pid=12019 auid=1000 uid=0 gid=0 euid=0 suid=0 fsuid=0 egid=0 sgid=0 fsgid=0 tty=pts1 ses=3 comm="ls" exe="/usr/bin/ls" subj=unconfined key="process_exec"ARCH=x86_64 SYSCALL=execve AUID="heroic" UID="root" GID="root" EUID="root" SUID="root" FSUID="root" EGID="root" SGID="root" FSGID="root"
type=EXECVE msg=audit(1769264379.211:7421): argc=2 a0="ls" a1="-la"
type=CWD msg=audit(1769264379.211:7421): cwd="/root/hids_benign"
type=PATH msg=audit(1769264379.211:7421): item=0 name="/usr/bin/ls" inode=1578104 dev=08:02 mode=0100755 ouid=0 ogid=0 rdev=00:00 nametype=NORMAL cap_fp=0 cap_fi=0 cap_fe=0 cap_fver=0 cap_frootid=0OUID="root" OGID="root"
type=PATH msg=audit(1769264379.211:7421): item=1 name="/lib64/ld-linux-x86-64.so.2" inode=1575340 dev=08:02 mode=0100755 ouid=0 ogid=0 rdev=00:00 nametype=NORMAL cap_fp=0 cap_fi=0 cap_fe=0 cap_fver=0 cap_frootid=0OUID="root" OGID="root"
type=PROCTITLE msg=audit(1769264379.211:7421): proctitle=6C73002D6C61
type=SYSCALL msg=audit(1769264379.219:7422): arch=c000003e syscall=59 success=yes exit=0 a0=5959851a20c0 a1=5959851a0a60 a2=59598519a520 a3=5959851a3090 items=2 ppid=11882 pid=12020 auid=1000 uid=0 gid=0 euid=0 suid=0 fsuid=0 egid=0 sgid=0 fsgid=0 tty=pts1 ses=3 comm="ls" exe="/usr/bin/ls" subj=unconfined key="process_exec"ARCH=x86_64 SYSCALL=execve AUID="heroic" UID="root" GID="root" EUID="root" SUID="root" FSUID="root" EGID="root" SGID="root" FSGID="root"
type=EXECVE msg=audit(1769264379.219:7422): argc=2 a0="ls" a1="-la"
type=CWD msg=audit(1769264379.219:7422): cwd="/root/hids_benign"
type=PATH msg=audit(1769264379.219:7422): item=0 name="/usr/bin/ls" inode=1578104 dev=08:02 mode=0100755 ouid=0 ogid=0 rdev=00:00 nametype=NORMAL cap_fp=0 cap_fi=0 cap_fe=0 cap_fver=0 cap_frootid=0OUID="root" OGID="root"
type=PATH msg=audit(1769264379.219:7422): item=1 name="/lib64/ld-linux-x86-64.so.2" inode=1575340 dev=08:02 mode=0100755 ouid=0 ogid=0 rdev=00:00 nametype=NORMAL cap_fp=0 cap_fi=0 cap_fe=0 cap_fver=0 cap_frootid=0OUID="root" OGID="root"
type=PROCTITLE msg=audit(1769264379.219:7422): proctitle=6C73002D6C61
type=SYSCALL msg=audit(1769264379.224:7423): arch=c000003e syscall=59 success=yes exit=0 a0=5959851a2500 a1=5959851a0a60 a2=59598519a520 a3=5959851a25e0 items=2 ppid=11882 pid=12021 auid=1000 uid=0 gid=0 euid=0 suid=0 fsuid=0 egid=0 sgid=0 fsgid=0 tty=pts1 ses=3 comm="ls" exe="/usr/bin/ls" subj=unconfined key="process_exec"ARCH=x86_64 SYSCALL=execve AUID="heroic" UID="root" GID="root" EUID="root" SUID="root" FSUID="root" EGID="root" SGID="root" FSGID="root"
type=EXECVE msg=audit(1769264379.224:7423): argc=2 a0="ls" a1="-la"
type=CWD msg=audit(1769264379.224:7423): cwd="/root/hids_benign"
type=PATH msg=audit(1769264379.224:7423): item=0 name="/usr/bin/ls" inode=1578104 dev=08:02 mode=0100755 ouid=0 ogid=0 rdev=00:00 nametype=NORMAL cap_fp=0 cap_fi=0 cap_fe=0 cap_fver=0 cap_frootid=0OUID="root" OGID="root"
type=PATH msg=audit(1769264379.224:7423): item=1 name="/lib64/ld-linux-x86-64.so.2" inode=1575340 dev=08:02 mode=0100755 ouid=0 ogid=0 rdev=00:00 nametype=NORMAL cap_fp=0 cap_fi=0 cap_fe=0 cap_fver=0 cap_frootid=0OUID="root" OGID="root"
type=PROCTITLE msg=audit(1769264379.224:7423): proctitle=6C73002D6C61
type=SYSCALL msg=audit(1769264379.233:7424): arch=c000003e syscall=59 success=yes exit=0 a0=5959851a3310 a1=5959851a0a60 a2=59598519a520 a3=59598519ff10 items=2 ppid=11882 pid=12022 auid=1000 uid=0 gid=0 euid=0 suid=0 fsuid=0 egid=0 sgid=0 fsgid=0 tty=pts1 ses=3 comm="ls" exe="/usr/bin/ls" subj=unconfined key="process_exec"ARCH=x86_64 SYSCALL=execve AUID="heroic" UID="root" GID="root" EUID="root" SUID="root" FSUID="root" EGID="root" SGID="root" FSGID="root"
type=EXECVE msg=audit(1769264379.233:7424): argc=2 a0="ls" a1="-la"
type=CWD msg=audit(1769264379.233:7424): cwd="/root/hids_benign"
type=PATH msg=audit(1769264379.233:7424): item=0 name="/usr/bin/ls" inode=1578104 dev=08:02 mode=0100755 ouid=0 ogid=0 rdev=00:00 nametype=NORMAL cap_fp=0 cap_fi=0 cap_fe=0 cap_fver=0 cap_frootid=0OUID="root" OGID="root"
type=PATH msg=audit(1769264379.233:7424): item=1 name="/lib64/ld-linux-x86-64.so.2" inode=1575340 dev=08:02 mode=0100755 ouid=0 ogid=0 rdev=00:00 nametype=NORMAL cap_fp=0 cap_fi=0 cap_fe=0 cap_fver=0 cap_frootid=0OUID="root" OGID="root"
type=PROCTITLE msg=audit(1769264379.233:7424): proctitle=6C73002D6C61
type=SYSCALL msg=audit(1769264379.237:7425): arch=c000003e syscall=59 success=yes exit=0 a0=5959851a2600 a1=5959851a0a60 a2=59598519a520 a3=5959851a20c0 items=2 ppid=11882 pid=12023 auid=1000 uid=0 gid=0 euid=0 suid=0 fsuid=0 egid=0 sgid=0 fsgid=0 tty=pts1 ses=3 comm="ls" exe="/usr/bin/ls" subj=unconfined key="process_exec"ARCH=x86_64 SYSCALL=execve AUID="heroic" UID="root" GID="root" EUID="root" SUID="root" FSUID="root" EGID="root" SGID="root" FSGID="root"
type=EXECVE msg=audit(1769264379.237:7425): argc=2 a0="ls" a1="-la"
type=CWD msg=audit(1769264379.237:7425): cwd="/root/hids_benign"
type=PATH msg=audit(1769264379.237:7425): item=0 name="/usr/bin/ls" inode=1578104 dev=08:02 mode=0100755 ouid=0 ogid=0 rdev=00:00 nametype=NORMAL cap_fp=0 cap_fi=0 cap_fe=0 cap_fver=0 cap_frootid=0OUID="root" OGID="root"
type=PATH msg=audit(1769264379.237:7425): item=1 name="/lib64/ld-linux-x86-64.so.2" inode=1575340 dev=08:02 mode=0100755 ouid=0 ogid=0 rdev=00:00 nametype=NORMAL cap_fp=0 cap_fi=0 cap_fe=0 cap_fver=0 cap_frootid=0OUID="root" OGID="root"
type=PROCTITLE msg=audit(1769264379.237:7425): proctitle=6C73002D6C61
type=SYSCALL msg=audit(1769264379.242:7426): arch=c000003e syscall=59 success=yes exit=0 a0=59598519ff10 a1=5959851a2dc0 a2=59598519a520 a3=5959851a2500 items=2 ppid=11882 pid=12024 auid=1000 uid=0 gid=0 euid=0 suid=0 fsuid=0 egid=0 sgid=0 fsgid=0 tty=pts1 ses=3 comm="curl" exe="/usr/bin/curl" subj=unconfined key="process_exec"ARCH=x86_64 SYSCALL=execve AUID="heroic" UID="root" GID="root" EUID="root" SUID="root" FSUID="root" EGID="root" SGID="root" FSGID="root"
type=EXECVE msg=audit(1769264379.242:7426): argc=3 a0="curl" a1="-s" a2="https://example.com"
type=CWD msg=audit(1769264379.242:7426): cwd="/root/hids_benign"
type=PATH msg=audit(1769264379.242:7426): item=0 name="/usr/bin/curl" inode=1573697 dev=08:02 mode=0100755 ouid=0 ogid=0 rdev=00:00 nametype=NORMAL cap_fp=0 cap_fi=0 cap_fe=0 cap_fver=0 cap_frootid=0OUID="root" OGID="root"
type=PATH msg=audit(1769264379.242:7426): item=1 name="/lib64/ld-linux-x86-64.so.2" inode=1575340 dev=08:02 mode=0100755 ouid=0 ogid=0 rdev=00:00 nametype=NORMAL cap_fp=0 cap_fi=0 cap_fe=0 cap_fver=0 cap_frootid=0OUID="root" OGID="root"
type=PROCTITLE msg=audit(1769264379.242:7426): proctitle=6375726C002D730068747470733A2F2F6578616D706C652E636F6D
type=SYSCALL msg=audit(1769264379.596:7427): arch=c000003e syscall=59 success=yes exit=0 a0=5959851a3070 a1=59598519c0c0 a2=59598519a520 a3=5959851a2340 items=2 ppid=11882 pid=12026 auid=1000 uid=0 gid=0 euid=0 suid=0 fsuid=0 egid=0 sgid=0 fsgid=0 tty=pts1 ses=3 comm="ssh" exe="/usr/bin/ssh" subj=unconfined key="process_exec"ARCH=x86_64 SYSCALL=execve AUID="heroic" UID="root" GID="root" EUID="root" SUID="root" FSUID="root" EGID="root" SGID="root" FSGID="root"
type=EXECVE msg=audit(1769264379.596:7427): argc=5 a0="ssh" a1="-o" a2="BatchMode=yes" a3="localhost" a4=6563686F205353485F4F4B
type=CWD msg=audit(1769264379.596:7427): cwd="/root/hids_benign"
type=PATH msg=audit(1769264379.596:7427): item=0 name="/usr/bin/ssh" inode=1573390 dev=08:02 mode=0100755 ouid=0 ogid=0 rdev=00:00 nametype=NORMAL cap_fp=0 cap_fi=0 cap_fe=0 cap_fver=0 cap_frootid=0OUID="root" OGID="root"
type=PATH msg=audit(1769264379.596:7427): item=1 name="/lib64/ld-linux-x86-64.so.2" inode=1575340 dev=08:02 mode=0100755 ouid=0 ogid=0 rdev=00:00 nametype=NORMAL cap_fp=0 cap_fi=0 cap_fe=0 cap_fver=0 cap_frootid=0OUID="root" OGID="root"
type=PROCTITLE msg=audit(1769264379.596:7427): proctitle=737368002D6F0042617463684D6F64653D796573006C6F63616C686F7374006563686F205353485F4F4B
type=SYSCALL msg=audit(1769264379.609:7428): arch=c000003e syscall=59 success=yes exit=0 a0=5959851a2500 a1=5959851a3310 a2=59598519a520 a3=5959851a3310 items=2 ppid=11882 pid=12028 auid=1000 uid=0 gid=0 euid=0 suid=0 fsuid=0 egid=0 sgid=0 fsgid=0 tty=pts1 ses=3 comm="sleep" exe="/usr/bin/sleep" subj=unconfined key="process_exec"ARCH=x86_64 SYSCALL=execve AUID="heroic" UID="root" GID="root" EUID="root" SUID="root" FSUID="root" EGID="root" SGID="root" FSGID="root"
type=EXECVE msg=audit(1769264379.609:7428): argc=2 a0="sleep" a1="5"
type=CWD msg=audit(1769264379.609:7428): cwd="/root/hids_benign"
type=PATH msg=audit(1769264379.609:7428): item=0 name="/usr/bin/sleep" inode=1578138 dev=08:02 mode=0100755 ouid=0 ogid=0 rdev=00:00 nametype=NORMAL cap_fp=0 cap_fi=0 cap_fe=0 cap_fver=0 cap_frootid=0OUID="root" OGID="root"
type=PATH msg=audit(1769264379.609:7428): item=1 name="/lib64/ld-linux-x86-64.so.2" inode=1575340 dev=08:02 mode=0100755 ouid=0 ogid=0 rdev=00:00 nametype=NORMAL cap_fp=0 cap_fi=0 cap_fe=0 cap_fver=0 cap_frootid=0OUID="root" OGID="root"
type=PROCTITLE msg=audit(1769264379.609:7428): proctitle=736C6565700035
type=SYSCALL msg=audit(1769264384.631:7429): arch=c000003e syscall=59 success=yes exit=0 a0=5959851a2500 a1=5959851a20e0 a2=59598519a520 a3=59598519a960 items=2 ppid=11882 pid=12032 auid=1000 uid=0 gid=0 euid=0 suid=0 fsuid=0 egid=0 sgid=0 fsgid=0 tty=pts1 ses=3 comm="rm" exe="/usr/bin/rm" subj=unconfined key="process_exec"ARCH=x86_64 SYSCALL=execve AUID="heroic" UID="root" GID="root" EUID="root" SUID="root" FSUID="root" EGID="root" SGID="root" FSGID="root"
type=EXECVE msg=audit(1769264384.631:7429): argc=14 a0="rm" a1="-f" a2="file_10.txt" a3="file_1.txt" a4="file_2.txt" a5="file_3.txt" a6="file_4.txt" a7="file_5.txt" a8="file_6.txt" a9="file_7.txt" a10="file_8.txt" a11="file_9.txt" a12="webpage.html" a13="dir_list.log"
type=CWD msg=audit(1769264384.631:7429): cwd="/root/hids_benign"
type=PATH msg=audit(1769264384.631:7429): item=0 name="/usr/bin/rm" inode=1578127 dev=08:02 mode=0100755 ouid=0 ogid=0 rdev=00:00 nametype=NORMAL cap_fp=0 cap_fi=0 cap_fe=0 cap_fver=0 cap_frootid=0OUID="root" OGID="root"
type=PATH msg=audit(1769264384.631:7429): item=1 name="/lib64/ld-linux-x86-64.so.2" inode=1575340 dev=08:02 mode=0100755 ouid=0 ogid=0 rdev=00:00 nametype=NORMAL cap_fp=0 cap_fi=0 cap_fe=0 cap_fver=0 cap_frootid=0OUID="root" OGID="root"
type=PROCTITLE msg=audit(1769264384.631:7429): proctitle=726D002D660066696C655F31302E7478740066696C655F312E7478740066696C655F322E7478740066696C655F332E7478740066696C655F342E7478740066696C655F352E7478740066696C655F362E7478740066696C655F372E7478740066696C655F382E7478740066696C655F392E74787400776562706167652E68746D
type=SYSCALL msg=audit(1769264384.636:7430): arch=c000003e syscall=59 success=yes exit=0 a0=5959851a3310 a1=5959851a2340 a2=59598519a520 a3=5959851a2340 items=2 ppid=11882 pid=12033 auid=1000 uid=0 gid=0 euid=0 suid=0 fsuid=0 egid=0 sgid=0 fsgid=0 tty=pts1 ses=3 comm="rmdir" exe="/usr/bin/rmdir" subj=unconfined key="process_exec"ARCH=x86_64 SYSCALL=execve AUID="heroic" UID="root" GID="root" EUID="root" SUID="root" FSUID="root" EGID="root" SGID="root" FSGID="root"
type=EXECVE msg=audit(1769264384.636:7430): argc=2 a0="rmdir" a1="/root/hids_benign"
type=CWD msg=audit(1769264384.636:7430): cwd="/root/hids_benign"
type=PATH msg=audit(1769264384.636:7430): item=0 name="/usr/bin/rmdir" inode=1578128 dev=08:02 mode=0100755 ouid=0 ogid=0 rdev=00:00 nametype=NORMAL cap_fp=0 cap_fi=0 cap_fe=0 cap_fver=0 cap_frootid=0OUID="root" OGID="root"
type=PATH msg=audit(1769264384.636:7430): item=1 name="/lib64/ld-linux-x86-64.so.2" inode=1575340 dev=08:02 mode=0100755 ouid=0 ogid=0 rdev=00:00 nametype=NORMAL cap_fp=0 cap_fi=0 cap_fe=0 cap_fver=0 cap_frootid=0OUID="root" OGID="root"
type=PROCTITLE msg=audit(1769264384.636:7430): proctitle=726D646972002F726F6F742F686964735F62656E69676E
type=SYSCALL msg=audit(1769264384.637:7431): arch=c000003e syscall=59 success=yes exit=0 a0=59598519ff10 a1=5959851a2600 a2=59598519a520 a3=5959851a2600 items=2 ppid=11882 pid=12034 auid=1000 uid=0 gid=0 euid=0 suid=0 fsuid=0 egid=0 sgid=0 fsgid=0 tty=pts1 ses=3 comm="sleep" exe="/usr/bin/sleep" subj=unconfined key="process_exec"ARCH=x86_64 SYSCALL=execve AUID="heroic" UID="root" GID="root" EUID="root" SUID="root" FSUID="root" EGID="root" SGID="root" FSGID="root"
type=EXECVE msg=audit(1769264384.637:7431): argc=2 a0="sleep" a1="60"
type=CWD msg=audit(1769264384.637:7431): cwd=2F726F6F742F686964735F62656E69676E202864656C6574656429
type=PATH msg=audit(1769264384.637:7431): item=0 name="/usr/bin/sleep" inode=1578138 dev=08:02 mode=0100755 ouid=0 ogid=0 rdev=00:00 nametype=NORMAL cap_fp=0 cap_fi=0 cap_fe=0 cap_fver=0 cap_frootid=0OUID="root" OGID="root"
type=PATH msg=audit(1769264384.637:7431): item=1 name="/lib64/ld-linux-x86-64.so.2" inode=1575340 dev=08:02 mode=0100755 ouid=0 ogid=0 rdev=00:00 nametype=NORMAL cap_fp=0 cap_fi=0 cap_fe=0 cap_fver=0 cap_frootid=0OUID="root" OGID="root"
type=PROCTITLE msg=audit(1769264384.637:7431): proctitle=736C656570003630
type=SYSCALL msg=audit(1769264390.213:7432): arch=c000003e syscall=59 success=yes exit=0 a0=59a667760340 a1=59a667f31430 a2=59a672dd25f0 a3=0 items=2 ppid=12036 pid=12037 auid=1000 uid=1000 gid=1000 euid=1000 suid=1000 fsuid=1000 egid=1000 sgid=1000 fsgid=1000 tty=(none) ses=3 comm="gio-launch-desk" exe="/usr/lib/x86_64-linux-gnu/glib-2.0/gio-launch-desktop" subj=nautilus key="process_exec"ARCH=x86_64 SYSCALL=execve AUID="heroic" UID="heroic" GID="heroic" EUID="heroic" SUID="heroic" FSUID="heroic" EGID="heroic" SGID="heroic" FSGID="heroic"
type=EXECVE msg=audit(1769264390.213:7432): argc=3 a0="/usr/lib/x86_64-linux-gnu/glib-2.0/gio-launch-desktop" a1="/usr/bin/gnome-text-editor" a2="/home/heroic/Desktop/Downloads"
type=CWD msg=audit(1769264390.213:7432): cwd="/home/heroic"
type=PATH msg=audit(1769264390.213:7432): item=0 name="/usr/lib/x86_64-linux-gnu/glib-2.0/gio-launch-desktop" inode=1574650 dev=08:02 mode=0100755 ouid=0 ogid=0 rdev=00:00 nametype=NORMAL cap_fp=0 cap_fi=0 cap_fe=0 cap_fver=0 cap_frootid=0OUID="root" OGID="root"
type=PATH msg=audit(1769264390.213:7432): item=1 name="/lib64/ld-linux-x86-64.so.2" inode=1575340 dev=08:02 mode=0100755 ouid=0 ogid=0 rdev=00:00 nametype=NORMAL cap_fp=0 cap_fi=0 cap_fe=0 cap_fver=0 cap_frootid=0OUID="root" OGID="root"
type=PROCTITLE msg=audit(1769264390.213:7432): proctitle=2F7573722F6C69622F7838365F36342D6C696E75782D676E752F676C69622D322E302F67696F2D6C61756E63682D6465736B746F70002F7573722F62696E2F676E6F6D652D746578742D656469746F72002F686F6D652F6865726F69632F4465736B746F702F446F776E6C6F616473
type=SYSCALL msg=audit(1769264390.213:7433): arch=c000003e syscall=59 success=yes exit=0 a0=7fff0633983d a1=7fff06339020 a2=5e48354b72a0 a3=7fff06338dbc items=2 ppid=1930 pid=12037 auid=1000 uid=1000 gid=1000 euid=1000 suid=1000 fsuid=1000 egid=1000 sgid=1000 fsgid=1000 tty=(none) ses=3 comm="gnome-text-edit" exe="/usr/bin/gnome-text-editor" subj=nautilus key="process_exec"ARCH=x86_64 SYSCALL=execve AUID="heroic" UID="heroic" GID="heroic" EUID="heroic" SUID="heroic" FSUID="heroic" EGID="heroic" SGID="heroic" FSGID="heroic"
type=EXECVE msg=audit(1769264390.213:7433): argc=2 a0="/usr/bin/gnome-text-editor" a1="/home/heroic/Desktop/Downloads"
type=CWD msg=audit(1769264390.213:7433): cwd="/home/heroic"
type=PATH msg=audit(1769264390.213:7433): item=0 name="/usr/bin/gnome-text-editor" inode=1573704 dev=08:02 mode=0100755 ouid=0 ogid=0 rdev=00:00 nametype=NORMAL cap_fp=0 cap_fi=0 cap_fe=0 cap_fver=0 cap_frootid=0OUID="root" OGID="root"
type=PATH msg=audit(1769264390.213:7433): item=1 name="/lib64/ld-linux-x86-64.so.2" inode=1575340 dev=08:02 mode=0100755 ouid=0 ogid=0 rdev=00:00 nametype=NORMAL cap_fp=0 cap_fi=0 cap_fe=0 cap_fver=0 cap_frootid=0OUID="root" OGID="root"
type=PROCTITLE msg=audit(1769264390.213:7433): proctitle=2F7573722F6C69622F7838365F36342D6C696E75782D676E752F676C69622D322E302F67696F2D6C61756E63682D6465736B746F70002F7573722F62696E2F676E6F6D652D746578742D656469746F72002F686F6D652F6865726F69632F4465736B746F702F446F776E6C6F616473
type=SYSCALL msg=audit(1769264396.860:7434): arch=c000003e syscall=59 success=yes exit=0 a0=59a670ce5180 a1=59a667410fe0 a2=59a672e006f0 a3=0 items=2 ppid=1930 pid=12054 auid=1000 uid=1000 gid=1000 euid=1000 suid=1000 fsuid=1000 egid=1000 sgid=1000 fsgid=1000 tty=(none) ses=3 comm="gio-launch-desk" exe="/usr/lib/x86_64-linux-gnu/glib-2.0/gio-launch-desktop" subj=nautilus key="process_exec"ARCH=x86_64 SYSCALL=execve AUID="heroic" UID="heroic" GID="heroic" EUID="heroic" SUID="heroic" FSUID="heroic" EGID="heroic" SGID="heroic" FSGID="heroic"
type=EXECVE msg=audit(1769264396.860:7434): argc=3 a0="/usr/lib/x86_64-linux-gnu/glib-2.0/gio-launch-desktop" a1="/usr/bin/gnome-text-editor" a2="/home/heroic/Desktop/Downloads"
type=CWD msg=audit(1769264396.860:7434): cwd="/home/heroic"
type=PATH msg=audit(1769264396.860:7434): item=0 name="/usr/lib/x86_64-linux-gnu/glib-2.0/gio-launch-desktop" inode=1574650 dev=08:02 mode=0100755 ouid=0 ogid=0 rdev=00:00 nametype=NORMAL cap_fp=0 cap_fi=0 cap_fe=0 cap_fver=0 cap_frootid=0OUID="root" OGID="root"
type=PATH msg=audit(1769264396.860:7434): item=1 name="/lib64/ld-linux-x86-64.so.2" inode=1575340 dev=08:02 mode=0100755 ouid=0 ogid=0 rdev=00:00 nametype=NORMAL cap_fp=0 cap_fi=0 cap_fe=0 cap_fver=0 cap_frootid=0OUID="root" OGID="root"
type=PROCTITLE msg=audit(1769264396.860:7434): proctitle=2F7573722F6C69622F7838365F36342D6C696E75782D676E752F676C69622D322E302F67696F2D6C61756E63682D6465736B746F70002F7573722F62696E2F676E6F6D652D746578742D656469746F72002F686F6D652F6865726F69632F4465736B746F702F446F776E6C6F616473
type=SYSCALL msg=audit(1769264396.871:7435): arch=c000003e syscall=59 success=yes exit=0 a0=7ffed5b0b83d a1=7ffed5b0ade0 a2=5d90ed6842a0 a3=7ffed5b0ab7c items=2 ppid=1930 pid=12054 auid=1000 uid=1000 gid=1000 euid=1000 suid=1000 fsuid=1000 egid=1000 sgid=1000 fsgid=1000 tty=(none) ses=3 comm="gnome-text-edit" exe="/usr/bin/gnome-text-editor" subj=nautilus key="process_exec"ARCH=x86_64 SYSCALL=execve AUID="heroic" UID="heroic" GID="heroic" EUID="heroic" SUID="heroic" FSUID="heroic" EGID="heroic" SGID="heroic" FSGID="heroic"
type=EXECVE msg=audit(1769264396.871:7435): argc=2 a0="/usr/bin/gnome-text-editor" a1="/home/heroic/Desktop/Downloads"
type=CWD msg=audit(1769264396.871:7435): cwd="/home/heroic"
type=PATH msg=audit(1769264396.871:7435): item=0 name="/usr/bin/gnome-text-editor" inode=1573704 dev=08:02 mode=0100755 ouid=0 ogid=0 rdev=00:00 nametype=NORMAL cap_fp=0 cap_fi=0 cap_fe=0 cap_fver=0 cap_frootid=0OUID="root" OGID="root"
type=PATH msg=audit(1769264396.871:7435): item=1 name="/lib64/ld-linux-x86-64.so.2" inode=1575340 dev=08:02 mode=0100755 ouid=0 ogid=0 rdev=00:00 nametype=NORMAL cap_fp=0 cap_fi=0 cap_fe=0 cap_fver=0 cap_frootid=0OUID="root" OGID="root"
type=PROCTITLE msg=audit(1769264396.871:7435): proctitle=2F7573722F6C69622F7838365F36342D6C696E75782D676E752F676C69622D322E302F67696F2D6C61756E63682D6465736B746F70002F7573722F62696E2F676E6F6D652D746578742D656469746F72002F686F6D652F6865726F69632F4465736B746F702F446F776E6C6F616473
type=SYSCALL msg=audit(1769264400.381:7436): arch=c000003e syscall=59 success=yes exit=0 a0=59a670616850 a1=59a6713512f0 a2=59a672ff0f00 a3=0 items=2 ppid=12065 pid=12066 auid=1000 uid=1000 gid=1000 euid=1000 suid=1000 fsuid=1000 egid=1000 sgid=1000 fsgid=1000 tty=(none) ses=3 comm="gio-launch-desk" exe="/usr/lib/x86_64-linux-gnu/glib-2.0/gio-launch-desktop" subj=nautilus key="process_exec"ARCH=x86_64 SYSCALL=execve AUID="heroic" UID="heroic" GID="heroic" EUID="heroic" SUID="heroic" FSUID="heroic" EGID="heroic" SGID="heroic" FSGID="heroic"
type=EXECVE msg=audit(1769264400.381:7436): argc=3 a0="/usr/lib/x86_64-linux-gnu/glib-2.0/gio-launch-desktop" a1="/usr/bin/gnome-text-editor" a2="/home/heroic/Desktop/Wazuh.txt"
type=CWD msg=audit(1769264400.381:7436): cwd="/home/heroic"
type=PATH msg=audit(1769264400.381:7436): item=0 name="/usr/lib/x86_64-linux-gnu/glib-2.0/gio-launch-desktop" inode=1574650 dev=08:02 mode=0100755 ouid=0 ogid=0 rdev=00:00 nametype=NORMAL cap_fp=0 cap_fi=0 cap_fe=0 cap_fver=0 cap_frootid=0OUID="root" OGID="root"
type=PATH msg=audit(1769264400.381:7436): item=1 name="/lib64/ld-linux-x86-64.so.2" inode=1575340 dev=08:02 mode=0100755 ouid=0 ogid=0 rdev=00:00 nametype=NORMAL cap_fp=0 cap_fi=0 cap_fe=0 cap_fver=0 cap_frootid=0OUID="root" OGID="root"
type=PROCTITLE msg=audit(1769264400.381:7436): proctitle=2F7573722F6C69622F7838365F36342D6C696E75782D676E752F676C69622D322E302F67696F2D6C61756E63682D6465736B746F70002F7573722F62696E2F676E6F6D652D746578742D656469746F72002F686F6D652F6865726F69632F4465736B746F702F57617A75682E747874
type=SYSCALL msg=audit(1769264400.396:7437): arch=c000003e syscall=59 success=yes exit=0 a0=7fff80d9f83d a1=7fff80d9dfb0 a2=635d4a0022a0 a3=7fff80d9dd4c items=2 ppid=12065 pid=12066 auid=1000 uid=1000 gid=1000 euid=1000 suid=1000 fsuid=1000 egid=1000 sgid=1000 fsgid=1000 tty=(none) ses=3 comm="gnome-text-edit" exe="/usr/bin/gnome-text-editor" subj=nautilus key="process_exec"ARCH=x86_64 SYSCALL=execve AUID="heroic" UID="heroic" GID="heroic" EUID="heroic" SUID="heroic" FSUID="heroic" EGID="heroic" SGID="heroic" FSGID="heroic"
type=EXECVE msg=audit(1769264400.396:7437): argc=2 a0="/usr/bin/gnome-text-editor" a1="/home/heroic/Desktop/Wazuh.txt"
type=CWD msg=audit(1769264400.396:7437): cwd="/home/heroic"
type=PATH msg=audit(1769264400.396:7437): item=0 name="/usr/bin/gnome-text-editor" inode=1573704 dev=08:02 mode=0100755 ouid=0 ogid=0 rdev=00:00 nametype=NORMAL cap_fp=0 cap_fi=0 cap_fe=0 cap_fver=0 cap_frootid=0OUID="root" OGID="root"
type=PATH msg=audit(1769264400.396:7437): item=1 name="/lib64/ld-linux-x86-64.so.2" inode=1575340 dev=08:02 mode=0100755 ouid=0 ogid=0 rdev=00:00 nametype=NORMAL cap_fp=0 cap_fi=0 cap_fe=0 cap_fver=0 cap_frootid=0OUID="root" OGID="root"
type=PROCTITLE msg=audit(1769264400.396:7437): proctitle=2F7573722F6C69622F7838365F36342D6C696E75782D676E752F676C69622D322E302F67696F2D6C61756E63682D6465736B746F70002F7573722F62696E2F676E6F6D652D746578742D656469746F72002F686F6D652F6865726F69632F4465736B746F702F57617A75682E747874
type=SYSCALL msg=audit(1769264400.400:7438): arch=c000003e syscall=59 success=yes exit=0 a0=7ffc259fe5a0 a1=7ffc259fe5c0 a2=7ffc259ff0b0 a3=8 items=2 ppid=1 pid=12067 auid=4294967295 uid=0 gid=0 euid=0 suid=0 fsuid=0 egid=0 sgid=0 fsgid=0 tty=(none) ses=4294967295 comm="9" exe="/usr/lib/systemd/systemd-executor" subj=unconfined key="process_exec"ARCH=x86_64 SYSCALL=execve AUID="unset" UID="root" GID="root" EUID="root" SUID="root" FSUID="root" EGID="root" SGID="root" FSGID="root"
type=EXECVE msg=audit(1769264400.400:7438): argc=7 a0="/usr/lib/systemd/systemd-executor" a1="--deserialize" a2="91" a3="--log-level" a4="info" a5="--log-target" a6="journal-or-kmsg"
type=CWD msg=audit(1769264400.400:7438): cwd="/"
type=PATH msg=audit(1769264400.400:7438): item=0 name="/proc/self/fd/9" inode=1596504 dev=08:02 mode=0100755 ouid=0 ogid=0 rdev=00:00 nametype=NORMAL cap_fp=0 cap_fi=0 cap_fe=0 cap_fver=0 cap_frootid=0OUID="root" OGID="root"
type=PATH msg=audit(1769264400.400:7438): item=1 name="/lib64/ld-linux-x86-64.so.2" inode=1575340 dev=08:02 mode=0100755 ouid=0 ogid=0 rdev=00:00 nametype=NORMAL cap_fp=0 cap_fi=0 cap_fe=0 cap_fver=0 cap_frootid=0OUID="root" OGID="root"
type=PROCTITLE msg=audit(1769264400.400:7438): proctitle=2F7573722F6C69622F73797374656D642F73797374656D642D6578656375746F72002D2D646573657269616C697A65003931002D2D6C6F672D6C6576656C00696E666F002D2D6C6F672D746172676574006A6F75726E616C2D6F722D6B6D7367
type=SYSCALL msg=audit(1769264400.417:7439): arch=c000003e syscall=59 success=yes exit=0 a0=6002aa22b0c0 a1=6002aa22b1c0 a2=6002aa22a4b0 a3=6002aa22b990 items=3 ppid=1 pid=12067 auid=4294967295 uid=0 gid=0 euid=0 suid=0 fsuid=0 egid=0 sgid=0 fsgid=0 tty=(none) ses=4294967295 comm="sa1" exe="/usr/bin/dash" subj=unconfined key="process_exec"ARCH=x86_64 SYSCALL=execve AUID="unset" UID="root" GID="root" EUID="root" SUID="root" FSUID="root" EGID="root" SGID="root" FSGID="root"
type=EXECVE msg=audit(1769264400.417:7439): argc=4 a0="/bin/sh" a1="/usr/lib/sysstat/sa1" a2="1" a3="1"
type=CWD msg=audit(1769264400.417:7439): cwd="/"
type=PATH msg=audit(1769264400.417:7439): item=0 name="/usr/lib/sysstat/sa1" inode=1582334 dev=08:02 mode=0100755 ouid=0 ogid=0 rdev=00:00 nametype=NORMAL cap_fp=0 cap_fi=0 cap_fe=0 cap_fver=0 cap_frootid=0OUID="root" OGID="root"
type=PATH msg=audit(1769264400.417:7439): item=1 name="/bin/sh" inode=1573518 dev=08:02 mode=0100755 ouid=0 ogid=0 rdev=00:00 nametype=NORMAL cap_fp=0 cap_fi=0 cap_fe=0 cap_fver=0 cap_frootid=0OUID="root" OGID="root"
type=PATH msg=audit(1769264400.417:7439): item=2 name="/lib64/ld-linux-x86-64.so.2" inode=1575340 dev=08:02 mode=0100755 ouid=0 ogid=0 rdev=00:00 nametype=NORMAL cap_fp=0 cap_fi=0 cap_fe=0 cap_fver=0 cap_frootid=0OUID="root" OGID="root"
type=PROCTITLE msg=audit(1769264400.417:7439): proctitle=2F7573722F6C69622F73797374656D642F73797374656D642D6578656375746F72002D2D646573657269616C697A65003931002D2D6C6F672D6C6576656C00696E666F002D2D6C6F672D746172676574006A6F75726E616C2D6F722D6B6D7367
type=SYSCALL msg=audit(1769264400.444:7440): arch=c000003e syscall=59 success=yes exit=0 a0=62169115c148 a1=62169115c228 a2=62169115c270 a3=0 items=2 ppid=1 pid=12067 auid=4294967295 uid=0 gid=0 euid=0 suid=0 fsuid=0 egid=0 sgid=0 fsgid=0 tty=(none) ses=4294967295 comm="sadc" exe="/usr/lib/sysstat/sadc" subj=unconfined key="process_exec"ARCH=x86_64 SYSCALL=execve AUID="unset" UID="root" GID="root" EUID="root" SUID="root" FSUID="root" EGID="root" SGID="root" FSGID="root"
type=EXECVE msg=audit(1769264400.444:7440): argc=8 a0="/usr/lib/sysstat/sadc" a1="-F" a2="-L" a3="-S" a4="DISK" a5="1" a6="1" a7="/var/log/sysstat"
type=CWD msg=audit(1769264400.444:7440): cwd="/usr/lib/sysstat"
type=PATH msg=audit(1769264400.444:7440): item=0 name="/usr/lib/sysstat/sadc" inode=1582336 dev=08:02 mode=0100755 ouid=0 ogid=0 rdev=00:00 nametype=NORMAL cap_fp=0 cap_fi=0 cap_fe=0 cap_fver=0 cap_frootid=0OUID="root" OGID="root"
type=PATH msg=audit(1769264400.444:7440): item=1 name="/lib64/ld-linux-x86-64.so.2" inode=1575340 dev=08:02 mode=0100755 ouid=0 ogid=0 rdev=00:00 nametype=NORMAL cap_fp=0 cap_fi=0 cap_fe=0 cap_fver=0 cap_frootid=0OUID="root" OGID="root"
type=PROCTITLE msg=audit(1769264400.444:7440): proctitle=2F7573722F6C69622F73797374656D642F73797374656D642D6578656375746F72002D2D646573657269616C697A65003931002D2D6C6F672D6C6576656C00696E666F002D2D6C6F672D746172676574006A6F75726E616C2D6F722D6B6D7367
type=SERVICE_START msg=audit(1769264400.459:7441): pid=1 uid=0 auid=4294967295 ses=4294967295 subj=unconfined msg='unit=sysstat-collect comm="systemd" exe="/usr/lib/systemd/systemd" hostname=? addr=? terminal=? res=success'UID="root" AUID="unset"
type=SERVICE_STOP msg=audit(1769264400.463:7442): pid=1 uid=0 auid=4294967295 ses=4294967295 subj=unconfined msg='unit=sysstat-collect comm="systemd" exe="/usr/lib/systemd/systemd" hostname=? addr=? terminal=? res=success'UID="root" AUID="unset"
type=SYSCALL msg=audit(1769264444.644:7443): arch=c000003e syscall=59 success=yes exit=0 a0=5959851a0a60 a1=59598519f980 a2=59598519a520 a3=5959851a0800 items=2 ppid=11882 pid=12088 auid=1000 uid=0 gid=0 euid=0 suid=0 fsuid=0 egid=0 sgid=0 fsgid=0 tty=pts1 ses=3 comm="mkdir" exe="/usr/bin/mkdir" subj=unconfined key="process_exec"ARCH=x86_64 SYSCALL=execve AUID="heroic" UID="root" GID="root" EUID="root" SUID="root" FSUID="root" EGID="root" SGID="root" FSGID="root"
type=EXECVE msg=audit(1769264444.644:7443): argc=3 a0="mkdir" a1="-p" a2="/root/hids_benign"
type=CWD msg=audit(1769264444.644:7443): cwd=2F726F6F742F686964735F62656E69676E202864656C6574656429
type=PATH msg=audit(1769264444.644:7443): item=0 name="/usr/bin/mkdir" inode=1578106 dev=08:02 mode=0100755 ouid=0 ogid=0 rdev=00:00 nametype=NORMAL cap_fp=0 cap_fi=0 cap_fe=0 cap_fver=0 cap_frootid=0OUID="root" OGID="root"
type=PATH msg=audit(1769264444.644:7443): item=1 name="/lib64/ld-linux-x86-64.so.2" inode=1575340 dev=08:02 mode=0100755 ouid=0 ogid=0 rdev=00:00 nametype=NORMAL cap_fp=0 cap_fi=0 cap_fe=0 cap_fver=0 cap_frootid=0OUID="root" OGID="root"
type=PROCTITLE msg=audit(1769264444.644:7443): proctitle=6D6B646972002D70002F726F6F742F686964735F62656E69676E
type=SYSCALL msg=audit(1769264444.653:7444): arch=c000003e syscall=59 success=yes exit=0 a0=5959851a3c40 a1=59598519f780 a2=59598519a520 a3=59598519f780 items=2 ppid=11882 pid=12089 auid=1000 uid=0 gid=0 euid=0 suid=0 fsuid=0 egid=0 sgid=0 fsgid=0 tty=pts1 ses=3 comm="cat" exe="/usr/bin/cat" subj=unconfined key="process_exec"ARCH=x86_64 SYSCALL=execve AUID="heroic" UID="root" GID="root" EUID="root" SUID="root" FSUID="root" EGID="root" SGID="root" FSGID="root"
type=EXECVE msg=audit(1769264444.653:7444): argc=2 a0="cat" a1="file_1.txt"
type=CWD msg=audit(1769264444.653:7444): cwd="/root/hids_benign"
type=PATH msg=audit(1769264444.653:7444): item=0 name="/usr/bin/cat" inode=1578016 dev=08:02 mode=0100755 ouid=0 ogid=0 rdev=00:00 nametype=NORMAL cap_fp=0 cap_fi=0 cap_fe=0 cap_fver=0 cap_frootid=0OUID="root" OGID="root"
type=PATH msg=audit(1769264444.653:7444): item=1 name="/lib64/ld-linux-x86-64.so.2" inode=1575340 dev=08:02 mode=0100755 ouid=0 ogid=0 rdev=00:00 nametype=NORMAL cap_fp=0 cap_fi=0 cap_fe=0 cap_fver=0 cap_frootid=0OUID="root" OGID="root"
type=PROCTITLE msg=audit(1769264444.653:7444): proctitle=6361740066696C655F312E747874
type=SYSCALL msg=audit(1769264444.665:7445): arch=c000003e syscall=59 success=yes exit=0 a0=59598519f780 a1=5959851a3840 a2=59598519a520 a3=5959851a3840 items=2 ppid=11882 pid=12090 auid=1000 uid=0 gid=0 euid=0 suid=0 fsuid=0 egid=0 sgid=0 fsgid=0 tty=pts1 ses=3 comm="cat" exe="/usr/bin/cat" subj=unconfined key="process_exec"ARCH=x86_64 SYSCALL=execve AUID="heroic" UID="root" GID="root" EUID="root" SUID="root" FSUID="root" EGID="root" SGID="root" FSGID="root"
type=EXECVE msg=audit(1769264444.665:7445): argc=2 a0="cat" a1="file_2.txt"
type=CWD msg=audit(1769264444.665:7445): cwd="/root/hids_benign"
type=PATH msg=audit(1769264444.665:7445): item=0 name="/usr/bin/cat" inode=1578016 dev=08:02 mode=0100755 ouid=0 ogid=0 rdev=00:00 nametype=NORMAL cap_fp=0 cap_fi=0 cap_fe=0 cap_fver=0 cap_frootid=0OUID="root" OGID="root"
type=PATH msg=audit(1769264444.665:7445): item=1 name="/lib64/ld-linux-x86-64.so.2" inode=1575340 dev=08:02 mode=0100755 ouid=0 ogid=0 rdev=00:00 nametype=NORMAL cap_fp=0 cap_fi=0 cap_fe=0 cap_fver=0 cap_frootid=0OUID="root" OGID="root"
type=PROCTITLE msg=audit(1769264444.665:7445): proctitle=6361740066696C655F322E747874
type=SYSCALL msg=audit(1769264444.668:7446): arch=c000003e syscall=59 success=yes exit=0 a0=5959851a3840 a1=5959851a3c40 a2=59598519a520 a3=5959851a3c40 items=2 ppid=11882 pid=12091 auid=1000 uid=0 gid=0 euid=0 suid=0 fsuid=0 egid=0 sgid=0 fsgid=0 tty=pts1 ses=3 comm="cat" exe="/usr/bin/cat" subj=unconfined key="process_exec"ARCH=x86_64 SYSCALL=execve AUID="heroic" UID="root" GID="root" EUID="root" SUID="root" FSUID="root" EGID="root" SGID="root" FSGID="root"
type=EXECVE msg=audit(1769264444.668:7446): argc=2 a0="cat" a1="file_3.txt"
type=CWD msg=audit(1769264444.668:7446): cwd="/root/hids_benign"
type=PATH msg=audit(1769264444.668:7446): item=0 name="/usr/bin/cat" inode=1578016 dev=08:02 mode=0100755 ouid=0 ogid=0 rdev=00:00 nametype=NORMAL cap_fp=0 cap_fi=0 cap_fe=0 cap_fver=0 cap_frootid=0OUID="root" OGID="root"
type=PATH msg=audit(1769264444.668:7446): item=1 name="/lib64/ld-linux-x86-64.so.2" inode=1575340 dev=08:02 mode=0100755 ouid=0 ogid=0 rdev=00:00 nametype=NORMAL cap_fp=0 cap_fi=0 cap_fe=0 cap_fver=0 cap_frootid=0OUID="root" OGID="root"
type=PROCTITLE msg=audit(1769264444.668:7446): proctitle=6361740066696C655F332E747874
type=SYSCALL msg=audit(1769264444.673:7447): arch=c000003e syscall=59 success=yes exit=0 a0=5959851a3c40 a1=59598519f780 a2=59598519a520 a3=59598519f780 items=2 ppid=11882 pid=12092 auid=1000 uid=0 gid=0 euid=0 suid=0 fsuid=0 egid=0 sgid=0 fsgid=0 tty=pts1 ses=3 comm="cat" exe="/usr/bin/cat" subj=unconfined key="process_exec"ARCH=x86_64 SYSCALL=execve AUID="heroic" UID="root" GID="root" EUID="root" SUID="root" FSUID="root" EGID="root" SGID="root" FSGID="root"
type=EXECVE msg=audit(1769264444.673:7447): argc=2 a0="cat" a1="file_4.txt"
type=CWD msg=audit(1769264444.673:7447): cwd="/root/hids_benign"
type=PATH msg=audit(1769264444.673:7447): item=0 name="/usr/bin/cat" inode=1578016 dev=08:02 mode=0100755 ouid=0 ogid=0 rdev=00:00 nametype=NORMAL cap_fp=0 cap_fi=0 cap_fe=0 cap_fver=0 cap_frootid=0OUID="root" OGID="root"
type=PATH msg=audit(1769264444.673:7447): item=1 name="/lib64/ld-linux-x86-64.so.2" inode=1575340 dev=08:02 mode=0100755 ouid=0 ogid=0 rdev=00:00 nametype=NORMAL cap_fp=0 cap_fi=0 cap_fe=0 cap_fver=0 cap_frootid=0OUID="root" OGID="root"
type=PROCTITLE msg=audit(1769264444.673:7447): proctitle=6361740066696C655F342E747874
type=SYSCALL msg=audit(1769264444.677:7448): arch=c000003e syscall=59 success=yes exit=0 a0=59598519f780 a1=5959851a3840 a2=59598519a520 a3=5959851a3840 items=2 ppid=11882 pid=12093 auid=1000 uid=0 gid=0 euid=0 suid=0 fsuid=0 egid=0 sgid=0 fsgid=0 tty=pts1 ses=3 comm="cat" exe="/usr/bin/cat" subj=unconfined key="process_exec"ARCH=x86_64 SYSCALL=execve AUID="heroic" UID="root" GID="root" EUID="root" SUID="root" FSUID="root" EGID="root" SGID="root" FSGID="root"
type=EXECVE msg=audit(1769264444.677:7448): argc=2 a0="cat" a1="file_5.txt"
type=CWD msg=audit(1769264444.677:7448): cwd="/root/hids_benign"
type=PATH msg=audit(1769264444.677:7448): item=0 name="/usr/bin/cat" inode=1578016 dev=08:02 mode=0100755 ouid=0 ogid=0 rdev=00:00 nametype=NORMAL cap_fp=0 cap_fi=0 cap_fe=0 cap_fver=0 cap_frootid=0OUID="root" OGID="root"
type=PATH msg=audit(1769264444.677:7448): item=1 name="/lib64/ld-linux-x86-64.so.2" inode=1575340 dev=08:02 mode=0100755 ouid=0 ogid=0 rdev=00:00 nametype=NORMAL cap_fp=0 cap_fi=0 cap_fe=0 cap_fver=0 cap_frootid=0OUID="root" OGID="root"
type=PROCTITLE msg=audit(1769264444.677:7448): proctitle=6361740066696C655F352E747874
type=SYSCALL msg=audit(1769264444.692:7449): arch=c000003e syscall=59 success=yes exit=0 a0=5959851a3840 a1=5959851a3c40 a2=59598519a520 a3=5959851a3c40 items=2 ppid=11882 pid=12094 auid=1000 uid=0 gid=0 euid=0 suid=0 fsuid=0 egid=0 sgid=0 fsgid=0 tty=pts1 ses=3 comm="cat" exe="/usr/bin/cat" subj=unconfined key="process_exec"ARCH=x86_64 SYSCALL=execve AUID="heroic" UID="root" GID="root" EUID="root" SUID="root" FSUID="root" EGID="root" SGID="root" FSGID="root"
type=EXECVE msg=audit(1769264444.692:7449): argc=2 a0="cat" a1="file_6.txt"
type=CWD msg=audit(1769264444.692:7449): cwd="/root/hids_benign"
type=PATH msg=audit(1769264444.692:7449): item=0 name="/usr/bin/cat" inode=1578016 dev=08:02 mode=0100755 ouid=0 ogid=0 rdev=00:00 nametype=NORMAL cap_fp=0 cap_fi=0 cap_fe=0 cap_fver=0 cap_frootid=0OUID="root" OGID="root"
type=PATH msg=audit(1769264444.692:7449): item=1 name="/lib64/ld-linux-x86-64.so.2" inode=1575340 dev=08:02 mode=0100755 ouid=0 ogid=0 rdev=00:00 nametype=NORMAL cap_fp=0 cap_fi=0 cap_fe=0 cap_fver=0 cap_frootid=0OUID="root" OGID="root"
type=PROCTITLE msg=audit(1769264444.692:7449): proctitle=6361740066696C655F362E747874
type=SYSCALL msg=audit(1769264444.697:7450): arch=c000003e syscall=59 success=yes exit=0 a0=5959851a3c40 a1=59598519f780 a2=59598519a520 a3=59598519f780 items=2 ppid=11882 pid=12095 auid=1000 uid=0 gid=0 euid=0 suid=0 fsuid=0 egid=0 sgid=0 fsgid=0 tty=pts1 ses=3 comm="cat" exe="/usr/bin/cat" subj=unconfined key="process_exec"ARCH=x86_64 SYSCALL=execve AUID="heroic" UID="root" GID="root" EUID="root" SUID="root" FSUID="root" EGID="root" SGID="root" FSGID="root"
type=EXECVE msg=audit(1769264444.697:7450): argc=2 a0="cat" a1="file_7.txt"
type=CWD msg=audit(1769264444.697:7450): cwd="/root/hids_benign"
type=PATH msg=audit(1769264444.697:7450): item=0 name="/usr/bin/cat" inode=1578016 dev=08:02 mode=0100755 ouid=0 ogid=0 rdev=00:00 nametype=NORMAL cap_fp=0 cap_fi=0 cap_fe=0 cap_fver=0 cap_frootid=0OUID="root" OGID="root"
type=PATH msg=audit(1769264444.697:7450): item=1 name="/lib64/ld-linux-x86-64.so.2" inode=1575340 dev=08:02 mode=0100755 ouid=0 ogid=0 rdev=00:00 nametype=NORMAL cap_fp=0 cap_fi=0 cap_fe=0 cap_fver=0 cap_frootid=0OUID="root" OGID="root"
type=PROCTITLE msg=audit(1769264444.697:7450): proctitle=6361740066696C655F372E747874
type=SYSCALL msg=audit(1769264444.708:7451): arch=c000003e syscall=59 success=yes exit=0 a0=59598519f780 a1=5959851a3840 a2=59598519a520 a3=5959851a3840 items=2 ppid=11882 pid=12096 auid=1000 uid=0 gid=0 euid=0 suid=0 fsuid=0 egid=0 sgid=0 fsgid=0 tty=pts1 ses=3 comm="cat" exe="/usr/bin/cat" subj=unconfined key="process_exec"ARCH=x86_64 SYSCALL=execve AUID="heroic" UID="root" GID="root" EUID="root" SUID="root" FSUID="root" EGID="root" SGID="root" FSGID="root"
type=EXECVE msg=audit(1769264444.708:7451): argc=2 a0="cat" a1="file_8.txt"
type=CWD msg=audit(1769264444.708:7451): cwd="/root/hids_benign"
type=PATH msg=audit(1769264444.708:7451): item=0 name="/usr/bin/cat" inode=1578016 dev=08:02 mode=0100755 ouid=0 ogid=0 rdev=00:00 nametype=NORMAL cap_fp=0 cap_fi=0 cap_fe=0 cap_fver=0 cap_frootid=0OUID="root" OGID="root"
type=PATH msg=audit(1769264444.708:7451): item=1 name="/lib64/ld-linux-x86-64.so.2" inode=1575340 dev=08:02 mode=0100755 ouid=0 ogid=0 rdev=00:00 nametype=NORMAL cap_fp=0 cap_fi=0 cap_fe=0 cap_fver=0 cap_frootid=0OUID="root" OGID="root"
type=PROCTITLE msg=audit(1769264444.708:7451): proctitle=6361740066696C655F382E747874
type=SYSCALL msg=audit(1769264444.714:7452): arch=c000003e syscall=59 success=yes exit=0 a0=5959851a3840 a1=5959851a3c40 a2=59598519a520 a3=5959851a3c40 items=2 ppid=11882 pid=12097 auid=1000 uid=0 gid=0 euid=0 suid=0 fsuid=0 egid=0 sgid=0 fsgid=0 tty=pts1 ses=3 comm="cat" exe="/usr/bin/cat" subj=unconfined key="process_exec"ARCH=x86_64 SYSCALL=execve AUID="heroic" UID="root" GID="root" EUID="root" SUID="root" FSUID="root" EGID="root" SGID="root" FSGID="root"
type=EXECVE msg=audit(1769264444.714:7452): argc=2 a0="cat" a1="file_9.txt"
type=CWD msg=audit(1769264444.714:7452): cwd="/root/hids_benign"
type=PATH msg=audit(1769264444.714:7452): item=0 name="/usr/bin/cat" inode=1578016 dev=08:02 mode=0100755 ouid=0 ogid=0 rdev=00:00 nametype=NORMAL cap_fp=0 cap_fi=0 cap_fe=0 cap_fver=0 cap_frootid=0OUID="root" OGID="root"
type=PATH msg=audit(1769264444.714:7452): item=1 name="/lib64/ld-linux-x86-64.so.2" inode=1575340 dev=08:02 mode=0100755 ouid=0 ogid=0 rdev=00:00 nametype=NORMAL cap_fp=0 cap_fi=0 cap_fe=0 cap_fver=0 cap_frootid=0OUID="root" OGID="root"
type=PROCTITLE msg=audit(1769264444.714:7452): proctitle=6361740066696C655F392E747874
type=SYSCALL msg=audit(1769264444.718:7453): arch=c000003e syscall=59 success=yes exit=0 a0=5959851a3c40 a1=59598519f780 a2=59598519a520 a3=59598519f780 items=2 ppid=11882 pid=12098 auid=1000 uid=0 gid=0 euid=0 suid=0 fsuid=0 egid=0 sgid=0 fsgid=0 tty=pts1 ses=3 comm="cat" exe="/usr/bin/cat" subj=unconfined key="process_exec"ARCH=x86_64 SYSCALL=execve AUID="heroic" UID="root" GID="root" EUID="root" SUID="root" FSUID="root" EGID="root" SGID="root" FSGID="root"
type=EXECVE msg=audit(1769264444.718:7453): argc=2 a0="cat" a1="file_10.txt"
type=CWD msg=audit(1769264444.718:7453): cwd="/root/hids_benign"
type=PATH msg=audit(1769264444.718:7453): item=0 name="/usr/bin/cat" inode=1578016 dev=08:02 mode=0100755 ouid=0 ogid=0 rdev=00:00 nametype=NORMAL cap_fp=0 cap_fi=0 cap_fe=0 cap_fver=0 cap_frootid=0OUID="root" OGID="root"
type=PATH msg=audit(1769264444.718:7453): item=1 name="/lib64/ld-linux-x86-64.so.2" inode=1575340 dev=08:02 mode=0100755 ouid=0 ogid=0 rdev=00:00 nametype=NORMAL cap_fp=0 cap_fi=0 cap_fe=0 cap_fver=0 cap_frootid=0OUID="root" OGID="root"
type=PROCTITLE msg=audit(1769264444.718:7453): proctitle=6361740066696C655F31302E747874
type=SYSCALL msg=audit(1769264444.725:7454): arch=c000003e syscall=59 success=yes exit=0 a0=5959851a3270 a1=59598519f8c0 a2=59598519a520 a3=0 items=2 ppid=11882 pid=12099 auid=1000 uid=0 gid=0 euid=0 suid=0 fsuid=0 egid=0 sgid=0 fsgid=0 tty=pts1 ses=3 comm="vim" exe="/usr/bin/vim.basic" subj=unconfined key="process_exec"ARCH=x86_64 SYSCALL=execve AUID="heroic" UID="root" GID="root" EUID="root" SUID="root" FSUID="root" EGID="root" SGID="root" FSGID="root"
type=EXECVE msg=audit(1769264444.725:7454): argc=3 a0="vim" a1="-es" a2="file_1.txt"
type=CWD msg=audit(1769264444.725:7454): cwd="/root/hids_benign"
type=PATH msg=audit(1769264444.725:7454): item=0 name="/usr/bin/vim" inode=1575517 dev=08:02 mode=0100755 ouid=0 ogid=0 rdev=00:00 nametype=NORMAL cap_fp=0 cap_fi=0 cap_fe=0 cap_fver=0 cap_frootid=0OUID="root" OGID="root"
type=PATH msg=audit(1769264444.725:7454): item=1 name="/lib64/ld-linux-x86-64.so.2" inode=1575340 dev=08:02 mode=0100755 ouid=0 ogid=0 rdev=00:00 nametype=NORMAL cap_fp=0 cap_fi=0 cap_fe=0 cap_fver=0 cap_frootid=0OUID="root" OGID="root"
type=PROCTITLE msg=audit(1769264444.725:7454): proctitle=76696D002D65730066696C655F312E747874
type=SYSCALL msg=audit(1769264444.743:7455): arch=c000003e syscall=59 success=yes exit=0 a0=5959851a2320 a1=59598519f8c0 a2=59598519a520 a3=0 items=2 ppid=11882 pid=12100 auid=1000 uid=0 gid=0 euid=0 suid=0 fsuid=0 egid=0 sgid=0 fsgid=0 tty=pts1 ses=3 comm="vim" exe="/usr/bin/vim.basic" subj=unconfined key="process_exec"ARCH=x86_64 SYSCALL=execve AUID="heroic" UID="root" GID="root" EUID="root" SUID="root" FSUID="root" EGID="root" SGID="root" FSGID="root"
type=EXECVE msg=audit(1769264444.743:7455): argc=3 a0="vim" a1="-es" a2="file_2.txt"
type=CWD msg=audit(1769264444.743:7455): cwd="/root/hids_benign"
type=PATH msg=audit(1769264444.743:7455): item=0 name="/usr/bin/vim" inode=1575517 dev=08:02 mode=0100755 ouid=0 ogid=0 rdev=00:00 nametype=NORMAL cap_fp=0 cap_fi=0 cap_fe=0 cap_fver=0 cap_frootid=0OUID="root" OGID="root"
type=PATH msg=audit(1769264444.743:7455): item=1 name="/lib64/ld-linux-x86-64.so.2" inode=1575340 dev=08:02 mode=0100755 ouid=0 ogid=0 rdev=00:00 nametype=NORMAL cap_fp=0 cap_fi=0 cap_fe=0 cap_fver=0 cap_frootid=0OUID="root" OGID="root"
type=PROCTITLE msg=audit(1769264444.743:7455): proctitle=76696D002D65730066696C655F322E747874
type=SYSCALL msg=audit(1769264444.769:7456): arch=c000003e syscall=59 success=yes exit=0 a0=5959851a3cb0 a1=59598519f8c0 a2=59598519a520 a3=0 items=2 ppid=11882 pid=12101 auid=1000 uid=0 gid=0 euid=0 suid=0 fsuid=0 egid=0 sgid=0 fsgid=0 tty=pts1 ses=3 comm="vim" exe="/usr/bin/vim.basic" subj=unconfined key="process_exec"ARCH=x86_64 SYSCALL=execve AUID="heroic" UID="root" GID="root" EUID="root" SUID="root" FSUID="root" EGID="root" SGID="root" FSGID="root"
type=EXECVE msg=audit(1769264444.769:7456): argc=3 a0="vim" a1="-es" a2="file_3.txt"
type=CWD msg=audit(1769264444.769:7456): cwd="/root/hids_benign"
type=PATH msg=audit(1769264444.769:7456): item=0 name="/usr/bin/vim" inode=1575517 dev=08:02 mode=0100755 ouid=0 ogid=0 rdev=00:00 nametype=NORMAL cap_fp=0 cap_fi=0 cap_fe=0 cap_fver=0 cap_frootid=0OUID="root" OGID="root"
type=PATH msg=audit(1769264444.769:7456): item=1 name="/lib64/ld-linux-x86-64.so.2" inode=1575340 dev=08:02 mode=0100755 ouid=0 ogid=0 rdev=00:00 nametype=NORMAL cap_fp=0 cap_fi=0 cap_fe=0 cap_fver=0 cap_frootid=0OUID="root" OGID="root"
type=PROCTITLE msg=audit(1769264444.769:7456): proctitle=76696D002D65730066696C655F332E747874
type=SYSCALL msg=audit(1769264444.783:7457): arch=c000003e syscall=59 success=yes exit=0 a0=5959851a3840 a1=59598519f8c0 a2=59598519a520 a3=0 items=2 ppid=11882 pid=12102 auid=1000 uid=0 gid=0 euid=0 suid=0 fsuid=0 egid=0 sgid=0 fsgid=0 tty=pts1 ses=3 comm="vim" exe="/usr/bin/vim.basic" subj=unconfined key="process_exec"ARCH=x86_64 SYSCALL=execve AUID="heroic" UID="root" GID="root" EUID="root" SUID="root" FSUID="root" EGID="root" SGID="root" FSGID="root"
type=EXECVE msg=audit(1769264444.783:7457): argc=3 a0="vim" a1="-es" a2="file_4.txt"
type=CWD msg=audit(1769264444.783:7457): cwd="/root/hids_benign"
type=PATH msg=audit(1769264444.783:7457): item=0 name="/usr/bin/vim" inode=1575517 dev=08:02 mode=0100755 ouid=0 ogid=0 rdev=00:00 nametype=NORMAL cap_fp=0 cap_fi=0 cap_fe=0 cap_fver=0 cap_frootid=0OUID="root" OGID="root"
type=PATH msg=audit(1769264444.783:7457): item=1 name="/lib64/ld-linux-x86-64.so.2" inode=1575340 dev=08:02 mode=0100755 ouid=0 ogid=0 rdev=00:00 nametype=NORMAL cap_fp=0 cap_fi=0 cap_fe=0 cap_fver=0 cap_frootid=0OUID="root" OGID="root"
type=PROCTITLE msg=audit(1769264444.783:7457): proctitle=76696D002D65730066696C655F342E747874
type=SYSCALL msg=audit(1769264444.804:7458): arch=c000003e syscall=59 success=yes exit=0 a0=5959851a3270 a1=59598519f8c0 a2=59598519a520 a3=0 items=2 ppid=11882 pid=12103 auid=1000 uid=0 gid=0 euid=0 suid=0 fsuid=0 egid=0 sgid=0 fsgid=0 tty=pts1 ses=3 comm="vim" exe="/usr/bin/vim.basic" subj=unconfined key="process_exec"ARCH=x86_64 SYSCALL=execve AUID="heroic" UID="root" GID="root" EUID="root" SUID="root" FSUID="root" EGID="root" SGID="root" FSGID="root"
type=EXECVE msg=audit(1769264444.804:7458): argc=3 a0="vim" a1="-es" a2="file_5.txt"
type=CWD msg=audit(1769264444.804:7458): cwd="/root/hids_benign"
type=PATH msg=audit(1769264444.804:7458): item=0 name="/usr/bin/vim" inode=1575517 dev=08:02 mode=0100755 ouid=0 ogid=0 rdev=00:00 nametype=NORMAL cap_fp=0 cap_fi=0 cap_fe=0 cap_fver=0 cap_frootid=0OUID="root" OGID="root"
type=PATH msg=audit(1769264444.804:7458): item=1 name="/lib64/ld-linux-x86-64.so.2" inode=1575340 dev=08:02 mode=0100755 ouid=0 ogid=0 rdev=00:00 nametype=NORMAL cap_fp=0 cap_fi=0 cap_fe=0 cap_fver=0 cap_frootid=0OUID="root" OGID="root"
type=PROCTITLE msg=audit(1769264444.804:7458): proctitle=76696D002D65730066696C655F352E747874
type=SYSCALL msg=audit(1769264444.819:7459): arch=c000003e syscall=59 success=yes exit=0 a0=5959851a0a60 a1=5959851a3cb0 a2=59598519a520 a3=5959851a3cb0 items=2 ppid=11882 pid=12104 auid=1000 uid=0 gid=0 euid=0 suid=0 fsuid=0 egid=0 sgid=0 fsgid=0 tty=pts1 ses=3 comm="ls" exe="/usr/bin/ls" subj=unconfined key="process_exec"ARCH=x86_64 SYSCALL=execve AUID="heroic" UID="root" GID="root" EUID="root" SUID="root" FSUID="root" EGID="root" SGID="root" FSGID="root"
type=EXECVE msg=audit(1769264444.819:7459): argc=2 a0="ls" a1="-la"
type=CWD msg=audit(1769264444.819:7459): cwd="/root/hids_benign"
type=PATH msg=audit(1769264444.819:7459): item=0 name="/usr/bin/ls" inode=1578104 dev=08:02 mode=0100755 ouid=0 ogid=0 rdev=00:00 nametype=NORMAL cap_fp=0 cap_fi=0 cap_fe=0 cap_fver=0 cap_frootid=0OUID="root" OGID="root"
type=PATH msg=audit(1769264444.819:7459): item=1 name="/lib64/ld-linux-x86-64.so.2" inode=1575340 dev=08:02 mode=0100755 ouid=0 ogid=0 rdev=00:00 nametype=NORMAL cap_fp=0 cap_fi=0 cap_fe=0 cap_fver=0 cap_frootid=0OUID="root" OGID="root"
type=PROCTITLE msg=audit(1769264444.819:7459): proctitle=6C73002D6C61
type=SYSCALL msg=audit(1769264444.823:7460): arch=c000003e syscall=59 success=yes exit=0 a0=5959851a0370 a1=5959851a2240 a2=59598519a520 a3=5959851a3030 items=2 ppid=11882 pid=12105 auid=1000 uid=0 gid=0 euid=0 suid=0 fsuid=0 egid=0 sgid=0 fsgid=0 tty=pts1 ses=3 comm="ls" exe="/usr/bin/ls" subj=unconfined key="process_exec"ARCH=x86_64 SYSCALL=execve AUID="heroic" UID="root" GID="root" EUID="root" SUID="root" FSUID="root" EGID="root" SGID="root" FSGID="root"
type=EXECVE msg=audit(1769264444.823:7460): argc=2 a0="ls" a1="-la"
type=CWD msg=audit(1769264444.823:7460): cwd="/root/hids_benign"
type=PATH msg=audit(1769264444.823:7460): item=0 name="/usr/bin/ls" inode=1578104 dev=08:02 mode=0100755 ouid=0 ogid=0 rdev=00:00 nametype=NORMAL cap_fp=0 cap_fi=0 cap_fe=0 cap_fver=0 cap_frootid=0OUID="root" OGID="root"
type=PATH msg=audit(1769264444.823:7460): item=1 name="/lib64/ld-linux-x86-64.so.2" inode=1575340 dev=08:02 mode=0100755 ouid=0 ogid=0 rdev=00:00 nametype=NORMAL cap_fp=0 cap_fi=0 cap_fe=0 cap_fver=0 cap_frootid=0OUID="root" OGID="root"
type=PROCTITLE msg=audit(1769264444.823:7460): proctitle=6C73002D6C61
type=SYSCALL msg=audit(1769264444.829:7461): arch=c000003e syscall=59 success=yes exit=0 a0=5959851a3270 a1=5959851a2240 a2=59598519a520 a3=5959851a20c0 items=2 ppid=11882 pid=12106 auid=1000 uid=0 gid=0 euid=0 suid=0 fsuid=0 egid=0 sgid=0 fsgid=0 tty=pts1 ses=3 comm="ls" exe="/usr/bin/ls" subj=unconfined key="process_exec"ARCH=x86_64 SYSCALL=execve AUID="heroic" UID="root" GID="root" EUID="root" SUID="root" FSUID="root" EGID="root" SGID="root" FSGID="root"
type=EXECVE msg=audit(1769264444.829:7461): argc=2 a0="ls" a1="-la"
type=CWD msg=audit(1769264444.829:7461): cwd="/root/hids_benign"
type=PATH msg=audit(1769264444.829:7461): item=0 name="/usr/bin/ls" inode=1578104 dev=08:02 mode=0100755 ouid=0 ogid=0 rdev=00:00 nametype=NORMAL cap_fp=0 cap_fi=0 cap_fe=0 cap_fver=0 cap_frootid=0OUID="root" OGID="root"
type=PATH msg=audit(1769264444.829:7461): item=1 name="/lib64/ld-linux-x86-64.so.2" inode=1575340 dev=08:02 mode=0100755 ouid=0 ogid=0 rdev=00:00 nametype=NORMAL cap_fp=0 cap_fi=0 cap_fe=0 cap_fver=0 cap_frootid=0OUID="root" OGID="root"
type=PROCTITLE msg=audit(1769264444.829:7461): proctitle=6C73002D6C61
type=SYSCALL msg=audit(1769264444.835:7462): arch=c000003e syscall=59 success=yes exit=0 a0=5959851a1f40 a1=5959851a2240 a2=59598519a520 a3=5959851a0a60 items=2 ppid=11882 pid=12107 auid=1000 uid=0 gid=0 euid=0 suid=0 fsuid=0 egid=0 sgid=0 fsgid=0 tty=pts1 ses=3 comm="ls" exe="/usr/bin/ls" subj=unconfined key="process_exec"ARCH=x86_64 SYSCALL=execve AUID="heroic" UID="root" GID="root" EUID="root" SUID="root" FSUID="root" EGID="root" SGID="root" FSGID="root"
type=EXECVE msg=audit(1769264444.835:7462): argc=2 a0="ls" a1="-la"
type=CWD msg=audit(1769264444.835:7462): cwd="/root/hids_benign"
type=PATH msg=audit(1769264444.835:7462): item=0 name="/usr/bin/ls" inode=1578104 dev=08:02 mode=0100755 ouid=0 ogid=0 rdev=00:00 nametype=NORMAL cap_fp=0 cap_fi=0 cap_fe=0 cap_fver=0 cap_frootid=0OUID="root" OGID="root"
type=PATH msg=audit(1769264444.835:7462): item=1 name="/lib64/ld-linux-x86-64.so.2" inode=1575340 dev=08:02 mode=0100755 ouid=0 ogid=0 rdev=00:00 nametype=NORMAL cap_fp=0 cap_fi=0 cap_fe=0 cap_fver=0 cap_frootid=0OUID="root" OGID="root"
type=PROCTITLE msg=audit(1769264444.835:7462): proctitle=6C73002D6C61
type=SYSCALL msg=audit(1769264444.840:7463): arch=c000003e syscall=59 success=yes exit=0 a0=5959851a2560 a1=5959851a2240 a2=59598519a520 a3=5959851a0370 items=2 ppid=11882 pid=12108 auid=1000 uid=0 gid=0 euid=0 suid=0 fsuid=0 egid=0 sgid=0 fsgid=0 tty=pts1 ses=3 comm="ls" exe="/usr/bin/ls" subj=unconfined key="process_exec"ARCH=x86_64 SYSCALL=execve AUID="heroic" UID="root" GID="root" EUID="root" SUID="root" FSUID="root" EGID="root" SGID="root" FSGID="root"
type=EXECVE msg=audit(1769264444.840:7463): argc=2 a0="ls" a1="-la"
type=CWD msg=audit(1769264444.840:7463): cwd="/root/hids_benign"
type=PATH msg=audit(1769264444.840:7463): item=0 name="/usr/bin/ls" inode=1578104 dev=08:02 mode=0100755 ouid=0 ogid=0 rdev=00:00 nametype=NORMAL cap_fp=0 cap_fi=0 cap_fe=0 cap_fver=0 cap_frootid=0OUID="root" OGID="root"
type=PATH msg=audit(1769264444.840:7463): item=1 name="/lib64/ld-linux-x86-64.so.2" inode=1575340 dev=08:02 mode=0100755 ouid=0 ogid=0 rdev=00:00 nametype=NORMAL cap_fp=0 cap_fi=0 cap_fe=0 cap_fver=0 cap_frootid=0OUID="root" OGID="root"
type=PROCTITLE msg=audit(1769264444.840:7463): proctitle=6C73002D6C61
type=SYSCALL msg=audit(1769264444.844:7464): arch=c000003e syscall=59 success=yes exit=0 a0=5959851a0a60 a1=59598519f8f0 a2=59598519a520 a3=5959851a3270 items=2 ppid=11882 pid=12109 auid=1000 uid=0 gid=0 euid=0 suid=0 fsuid=0 egid=0 sgid=0 fsgid=0 tty=pts1 ses=3 comm="curl" exe="/usr/bin/curl" subj=unconfined key="process_exec"ARCH=x86_64 SYSCALL=execve AUID="heroic" UID="root" GID="root" EUID="root" SUID="root" FSUID="root" EGID="root" SGID="root" FSGID="root"
type=EXECVE msg=audit(1769264444.844:7464): argc=3 a0="curl" a1="-s" a2="https://example.com"
type=CWD msg=audit(1769264444.844:7464): cwd="/root/hids_benign"
type=PATH msg=audit(1769264444.844:7464): item=0 name="/usr/bin/curl" inode=1573697 dev=08:02 mode=0100755 ouid=0 ogid=0 rdev=00:00 nametype=NORMAL cap_fp=0 cap_fi=0 cap_fe=0 cap_fver=0 cap_frootid=0OUID="root" OGID="root"
type=PATH msg=audit(1769264444.844:7464): item=1 name="/lib64/ld-linux-x86-64.so.2" inode=1575340 dev=08:02 mode=0100755 ouid=0 ogid=0 rdev=00:00 nametype=NORMAL cap_fp=0 cap_fi=0 cap_fe=0 cap_fver=0 cap_frootid=0OUID="root" OGID="root"
type=PROCTITLE msg=audit(1769264444.844:7464): proctitle=6375726C002D730068747470733A2F2F6578616D706C652E636F6D
type=SYSCALL msg=audit(1769264445.081:7465): arch=c000003e syscall=59 success=yes exit=0 a0=5959851a3310 a1=59598519c0c0 a2=59598519a520 a3=5959851a3090 items=2 ppid=11882 pid=12111 auid=1000 uid=0 gid=0 euid=0 suid=0 fsuid=0 egid=0 sgid=0 fsgid=0 tty=pts1 ses=3 comm="ssh" exe="/usr/bin/ssh" subj=unconfined key="process_exec"ARCH=x86_64 SYSCALL=execve AUID="heroic" UID="root" GID="root" EUID="root" SUID="root" FSUID="root" EGID="root" SGID="root" FSGID="root"
type=EXECVE msg=audit(1769264445.081:7465): argc=5 a0="ssh" a1="-o" a2="BatchMode=yes" a3="localhost" a4=6563686F205353485F4F4B
type=CWD msg=audit(1769264445.081:7465): cwd="/root/hids_benign"
type=PATH msg=audit(1769264445.081:7465): item=0 name="/usr/bin/ssh" inode=1573390 dev=08:02 mode=0100755 ouid=0 ogid=0 rdev=00:00 nametype=NORMAL cap_fp=0 cap_fi=0 cap_fe=0 cap_fver=0 cap_frootid=0OUID="root" OGID="root"
type=PATH msg=audit(1769264445.081:7465): item=1 name="/lib64/ld-linux-x86-64.so.2" inode=1575340 dev=08:02 mode=0100755 ouid=0 ogid=0 rdev=00:00 nametype=NORMAL cap_fp=0 cap_fi=0 cap_fe=0 cap_fver=0 cap_frootid=0OUID="root" OGID="root"
type=PROCTITLE msg=audit(1769264445.081:7465): proctitle=737368002D6F0042617463684D6F64653D796573006C6F63616C686F7374006563686F205353485F4F4B
type=SYSCALL msg=audit(1769264445.095:7466): arch=c000003e syscall=59 success=yes exit=0 a0=5959851a3270 a1=5959851a1f40 a2=59598519a520 a3=5959851a1f40 items=2 ppid=11882 pid=12112 auid=1000 uid=0 gid=0 euid=0 suid=0 fsuid=0 egid=0 sgid=0 fsgid=0 tty=pts1 ses=3 comm="sleep" exe="/usr/bin/sleep" subj=unconfined key="process_exec"ARCH=x86_64 SYSCALL=execve AUID="heroic" UID="root" GID="root" EUID="root" SUID="root" FSUID="root" EGID="root" SGID="root" FSGID="root"
type=EXECVE msg=audit(1769264445.095:7466): argc=2 a0="sleep" a1="5"
type=CWD msg=audit(1769264445.095:7466): cwd="/root/hids_benign"
type=PATH msg=audit(1769264445.095:7466): item=0 name="/usr/bin/sleep" inode=1578138 dev=08:02 mode=0100755 ouid=0 ogid=0 rdev=00:00 nametype=NORMAL cap_fp=0 cap_fi=0 cap_fe=0 cap_fver=0 cap_frootid=0OUID="root" OGID="root"
type=PATH msg=audit(1769264445.095:7466): item=1 name="/lib64/ld-linux-x86-64.so.2" inode=1575340 dev=08:02 mode=0100755 ouid=0 ogid=0 rdev=00:00 nametype=NORMAL cap_fp=0 cap_fi=0 cap_fe=0 cap_fver=0 cap_frootid=0OUID="root" OGID="root"
type=PROCTITLE msg=audit(1769264445.095:7466): proctitle=736C6565700035
type=USER_END msg=audit(1769264448.178:7467): pid=11865 uid=0 auid=1000 ses=3 subj=unconfined msg='op=PAM:session_close grantors=pam_limits,pam_env,pam_env,pam_permit,pam_umask,pam_unix acct="root" exe="/usr/bin/sudo" hostname=? addr=? terminal=/dev/pts/3 res=success'UID="root" AUID="heroic"
type=CRED_DISP msg=audit(1769264448.178:7468): pid=11865 uid=0 auid=1000 ses=3 subj=unconfined msg='op=PAM:setcred grantors=pam_permit acct="root" exe="/usr/bin/sudo" hostname=? addr=? terminal=/dev/pts/3 res=success'UID="root" AUID="heroic"
type=SYSCALL msg=audit(1769264450.113:7469): arch=c000003e syscall=59 success=yes exit=0 a0=5959851a3270 a1=5959851a05c0 a2=59598519a520 a3=59598519a960 items=2 ppid=11882 pid=12113 auid=1000 uid=0 gid=0 euid=0 suid=0 fsuid=0 egid=0 sgid=0 fsgid=0 tty=pts1 ses=3 comm="rm" exe="/usr/bin/rm" subj=unconfined key="process_exec"ARCH=x86_64 SYSCALL=execve AUID="heroic" UID="root" GID="root" EUID="root" SUID="root" FSUID="root" EGID="root" SGID="root" FSGID="root"
type=EXECVE msg=audit(1769264450.113:7469): argc=14 a0="rm" a1="-f" a2="file_10.txt" a3="file_1.txt" a4="file_2.txt" a5="file_3.txt" a6="file_4.txt" a7="file_5.txt" a8="file_6.txt" a9="file_7.txt" a10="file_8.txt" a11="file_9.txt" a12="webpage.html" a13="dir_list.log"
type=CWD msg=audit(1769264450.113:7469): cwd="/root/hids_benign"
type=PATH msg=audit(1769264450.113:7469): item=0 name="/usr/bin/rm" inode=1578127 dev=08:02 mode=0100755 ouid=0 ogid=0 rdev=00:00 nametype=NORMAL cap_fp=0 cap_fi=0 cap_fe=0 cap_fver=0 cap_frootid=0OUID="root" OGID="root"
type=PATH msg=audit(1769264450.113:7469): item=1 name="/lib64/ld-linux-x86-64.so.2" inode=1575340 dev=08:02 mode=0100755 ouid=0 ogid=0 rdev=00:00 nametype=NORMAL cap_fp=0 cap_fi=0 cap_fe=0 cap_fver=0 cap_frootid=0OUID="root" OGID="root"
type=PROCTITLE msg=audit(1769264450.113:7469): proctitle=726D002D660066696C655F31302E7478740066696C655F312E7478740066696C655F322E7478740066696C655F332E7478740066696C655F342E7478740066696C655F352E7478740066696C655F362E7478740066696C655F372E7478740066696C655F382E7478740066696C655F392E74787400776562706167652E68746D
type=SYSCALL msg=audit(1769264450.120:7470): arch=c000003e syscall=59 success=yes exit=0 a0=5959851a1f40 a1=5959851a3090 a2=59598519a520 a3=5959851a3090 items=2 ppid=11882 pid=12114 auid=1000 uid=0 gid=0 euid=0 suid=0 fsuid=0 egid=0 sgid=0 fsgid=0 tty=pts1 ses=3 comm="rmdir" exe="/usr/bin/rmdir" subj=unconfined key="process_exec"ARCH=x86_64 SYSCALL=execve AUID="heroic" UID="root" GID="root" EUID="root" SUID="root" FSUID="root" EGID="root" SGID="root" FSGID="root"
type=EXECVE msg=audit(1769264450.120:7470): argc=2 a0="rmdir" a1="/root/hids_benign"
type=CWD msg=audit(1769264450.120:7470): cwd="/root/hids_benign"
type=PATH msg=audit(1769264450.120:7470): item=0 name="/usr/bin/rmdir" inode=1578128 dev=08:02 mode=0100755 ouid=0 ogid=0 rdev=00:00 nametype=NORMAL cap_fp=0 cap_fi=0 cap_fe=0 cap_fver=0 cap_frootid=0OUID="root" OGID="root"
type=PATH msg=audit(1769264450.120:7470): item=1 name="/lib64/ld-linux-x86-64.so.2" inode=1575340 dev=08:02 mode=0100755 ouid=0 ogid=0 rdev=00:00 nametype=NORMAL cap_fp=0 cap_fi=0 cap_fe=0 cap_fver=0 cap_frootid=0OUID="root" OGID="root"
type=PROCTITLE msg=audit(1769264450.120:7470): proctitle=726D646972002F726F6F742F686964735F62656E69676E
type=SYSCALL msg=audit(1769264450.128:7471): arch=c000003e syscall=59 success=yes exit=0 a0=5959851a0a60 a1=5959851a2560 a2=59598519a520 a3=5959851a2560 items=2 ppid=11882 pid=12115 auid=1000 uid=0 gid=0 euid=0 suid=0 fsuid=0 egid=0 sgid=0 fsgid=0 tty=pts1 ses=3 comm="sleep" exe="/usr/bin/sleep" subj=unconfined key="process_exec"ARCH=x86_64 SYSCALL=execve AUID="heroic" UID="root" GID="root" EUID="root" SUID="root" FSUID="root" EGID="root" SGID="root" FSGID="root"
type=EXECVE msg=audit(1769264450.128:7471): argc=2 a0="sleep" a1="60"
type=CWD msg=audit(1769264450.128:7471): cwd=2F726F6F742F686964735F62656E69676E202864656C6574656429
type=PATH msg=audit(1769264450.128:7471): item=0 name="/usr/bin/sleep" inode=1578138 dev=08:02 mode=0100755 ouid=0 ogid=0 rdev=00:00 nametype=NORMAL cap_fp=0 cap_fi=0 cap_fe=0 cap_fver=0 cap_frootid=0OUID="root" OGID="root"
type=PATH msg=audit(1769264450.128:7471): item=1 name="/lib64/ld-linux-x86-64.so.2" inode=1575340 dev=08:02 mode=0100755 ouid=0 ogid=0 rdev=00:00 nametype=NORMAL cap_fp=0 cap_fi=0 cap_fe=0 cap_fver=0 cap_frootid=0OUID="root" OGID="root"
type=PROCTITLE msg=audit(1769264450.128:7471): proctitle=736C656570003630
type=SYSCALL msg=audit(1769264500.568:7472): arch=c000003e syscall=59 success=no exit=-13 a0=5fb0bc773900 a1=5fb0bc7544a0 a2=5fb0bc7477c0 a3=5fb0bc7544a0 items=1 ppid=11510 pid=12124 auid=1000 uid=0 gid=0 euid=0 suid=0 fsuid=0 egid=0 sgid=0 fsgid=0 tty=pts3 ses=3 comm="bash" exe="/usr/bin/bash" subj=unconfined key="process_exec"ARCH=x86_64 SYSCALL=execve AUID="heroic" UID="root" GID="root" EUID="root" SUID="root" FSUID="root" EGID="root" SGID="root" FSGID="root"
type=CWD msg=audit(1769264500.568:7472): cwd="/home/heroic/Desktop"
type=PATH msg=audit(1769264500.568:7472): item=0 name="../../.." inode=2 dev=08:02 mode=040755 ouid=0 ogid=0 rdev=00:00 nametype=NORMAL cap_fp=0 cap_fi=0 cap_fe=0 cap_fver=0 cap_frootid=0OUID="root" OGID="root"
type=PROCTITLE msg=audit(1769264500.568:7472): proctitle="bash"
type=SYSCALL msg=audit(1769264505.348:7473): arch=c000003e syscall=59 success=no exit=-13 a0=5fb0bc773960 a1=5fb0bc773920 a2=5fb0bc7477c0 a3=5fb0bc773920 items=1 ppid=11510 pid=12125 auid=1000 uid=0 gid=0 euid=0 suid=0 fsuid=0 egid=0 sgid=0 fsgid=0 tty=pts3 ses=3 comm="bash" exe="/usr/bin/bash" subj=unconfined key="process_exec"ARCH=x86_64 SYSCALL=execve AUID="heroic" UID="root" GID="root" EUID="root" SUID="root" FSUID="root" EGID="root" SGID="root" FSGID="root"
type=CWD msg=audit(1769264505.348:7473): cwd="/home/heroic/Desktop"
type=PATH msg=audit(1769264505.348:7473): item=0 name="../../../" inode=2 dev=08:02 mode=040755 ouid=0 ogid=0 rdev=00:00 nametype=NORMAL cap_fp=0 cap_fi=0 cap_fe=0 cap_fver=0 cap_frootid=0OUID="root" OGID="root"
type=PROCTITLE msg=audit(1769264505.348:7473): proctitle="bash"
type=SYSCALL msg=audit(1769264510.141:7474): arch=c000003e syscall=59 success=yes exit=0 a0=5959851a25e0 a1=5959851a3160 a2=59598519a520 a3=5959851a3c60 items=2 ppid=11882 pid=12126 auid=1000 uid=0 gid=0 euid=0 suid=0 fsuid=0 egid=0 sgid=0 fsgid=0 tty=pts1 ses=3 comm="mkdir" exe="/usr/bin/mkdir" subj=unconfined key="process_exec"ARCH=x86_64 SYSCALL=execve AUID="heroic" UID="root" GID="root" EUID="root" SUID="root" FSUID="root" EGID="root" SGID="root" FSGID="root"
type=EXECVE msg=audit(1769264510.141:7474): argc=3 a0="mkdir" a1="-p" a2="/root/hids_benign"
type=CWD msg=audit(1769264510.141:7474): cwd=2F726F6F742F686964735F62656E69676E202864656C6574656429
type=PATH msg=audit(1769264510.141:7474): item=0 name="/usr/bin/mkdir" inode=1578106 dev=08:02 mode=0100755 ouid=0 ogid=0 rdev=00:00 nametype=NORMAL cap_fp=0 cap_fi=0 cap_fe=0 cap_fver=0 cap_frootid=0OUID="root" OGID="root"
type=PATH msg=audit(1769264510.141:7474): item=1 name="/lib64/ld-linux-x86-64.so.2" inode=1575340 dev=08:02 mode=0100755 ouid=0 ogid=0 rdev=00:00 nametype=NORMAL cap_fp=0 cap_fi=0 cap_fe=0 cap_fver=0 cap_frootid=0OUID="root" OGID="root"
type=PROCTITLE msg=audit(1769264510.141:7474): proctitle=6D6B646972002D70002F726F6F742F686964735F62656E69676E
type=SYSCALL msg=audit(1769264510.147:7475): arch=c000003e syscall=59 success=yes exit=0 a0=5959851a3760 a1=5959851a1fa0 a2=59598519a520 a3=5959851a1fa0 items=2 ppid=11882 pid=12127 auid=1000 uid=0 gid=0 euid=0 suid=0 fsuid=0 egid=0 sgid=0 fsgid=0 tty=pts1 ses=3 comm="cat" exe="/usr/bin/cat" subj=unconfined key="process_exec"ARCH=x86_64 SYSCALL=execve AUID="heroic" UID="root" GID="root" EUID="root" SUID="root" FSUID="root" EGID="root" SGID="root" FSGID="root"
type=EXECVE msg=audit(1769264510.147:7475): argc=2 a0="cat" a1="file_1.txt"
type=CWD msg=audit(1769264510.147:7475): cwd="/root/hids_benign"
type=PATH msg=audit(1769264510.147:7475): item=0 name="/usr/bin/cat" inode=1578016 dev=08:02 mode=0100755 ouid=0 ogid=0 rdev=00:00 nametype=NORMAL cap_fp=0 cap_fi=0 cap_fe=0 cap_fver=0 cap_frootid=0OUID="root" OGID="root"
type=PATH msg=audit(1769264510.147:7475): item=1 name="/lib64/ld-linux-x86-64.so.2" inode=1575340 dev=08:02 mode=0100755 ouid=0 ogid=0 rdev=00:00 nametype=NORMAL cap_fp=0 cap_fi=0 cap_fe=0 cap_fver=0 cap_frootid=0OUID="root" OGID="root"
type=PROCTITLE msg=audit(1769264510.147:7475): proctitle=6361740066696C655F312E747874
type=SYSCALL msg=audit(1769264510.153:7476): arch=c000003e syscall=59 success=yes exit=0 a0=5959851a1fa0 a1=5959851a3740 a2=59598519a520 a3=5959851a3740 items=2 ppid=11882 pid=12128 auid=1000 uid=0 gid=0 euid=0 suid=0 fsuid=0 egid=0 sgid=0 fsgid=0 tty=pts1 ses=3 comm="cat" exe="/usr/bin/cat" subj=unconfined key="process_exec"ARCH=x86_64 SYSCALL=execve AUID="heroic" UID="root" GID="root" EUID="root" SUID="root" FSUID="root" EGID="root" SGID="root" FSGID="root"
type=EXECVE msg=audit(1769264510.153:7476): argc=2 a0="cat" a1="file_2.txt"
type=CWD msg=audit(1769264510.153:7476): cwd="/root/hids_benign"
type=PATH msg=audit(1769264510.153:7476): item=0 name="/usr/bin/cat" inode=1578016 dev=08:02 mode=0100755 ouid=0 ogid=0 rdev=00:00 nametype=NORMAL cap_fp=0 cap_fi=0 cap_fe=0 cap_fver=0 cap_frootid=0OUID="root" OGID="root"
type=PATH msg=audit(1769264510.153:7476): item=1 name="/lib64/ld-linux-x86-64.so.2" inode=1575340 dev=08:02 mode=0100755 ouid=0 ogid=0 rdev=00:00 nametype=NORMAL cap_fp=0 cap_fi=0 cap_fe=0 cap_fver=0 cap_frootid=0OUID="root" OGID="root"
type=PROCTITLE msg=audit(1769264510.153:7476): proctitle=6361740066696C655F322E747874
type=SYSCALL msg=audit(1769264510.161:7477): arch=c000003e syscall=59 success=yes exit=0 a0=5959851a3740 a1=5959851a3760 a2=59598519a520 a3=5959851a3760 items=2 ppid=11882 pid=12129 auid=1000 uid=0 gid=0 euid=0 suid=0 fsuid=0 egid=0 sgid=0 fsgid=0 tty=pts1 ses=3 comm="cat" exe="/usr/bin/cat" subj=unconfined key="process_exec"ARCH=x86_64 SYSCALL=execve AUID="heroic" UID="root" GID="root" EUID="root" SUID="root" FSUID="root" EGID="root" SGID="root" FSGID="root"
type=EXECVE msg=audit(1769264510.161:7477): argc=2 a0="cat" a1="file_3.txt"
type=CWD msg=audit(1769264510.161:7477): cwd="/root/hids_benign"
type=PATH msg=audit(1769264510.161:7477): item=0 name="/usr/bin/cat" inode=1578016 dev=08:02 mode=0100755 ouid=0 ogid=0 rdev=00:00 nametype=NORMAL cap_fp=0 cap_fi=0 cap_fe=0 cap_fver=0 cap_frootid=0OUID="root" OGID="root"
type=PATH msg=audit(1769264510.161:7477): item=1 name="/lib64/ld-linux-x86-64.so.2" inode=1575340 dev=08:02 mode=0100755 ouid=0 ogid=0 rdev=00:00 nametype=NORMAL cap_fp=0 cap_fi=0 cap_fe=0 cap_fver=0 cap_frootid=0OUID="root" OGID="root"
type=PROCTITLE msg=audit(1769264510.161:7477): proctitle=6361740066696C655F332E747874
type=SYSCALL msg=audit(1769264510.167:7478): arch=c000003e syscall=59 success=yes exit=0 a0=5959851a3760 a1=5959851a1fa0 a2=59598519a520 a3=5959851a1fa0 items=2 ppid=11882 pid=12130 auid=1000 uid=0 gid=0 euid=0 suid=0 fsuid=0 egid=0 sgid=0 fsgid=0 tty=pts1 ses=3 comm="cat" exe="/usr/bin/cat" subj=unconfined key="process_exec"ARCH=x86_64 SYSCALL=execve AUID="heroic" UID="root" GID="root" EUID="root" SUID="root" FSUID="root" EGID="root" SGID="root" FSGID="root"
type=EXECVE msg=audit(1769264510.167:7478): argc=2 a0="cat" a1="file_4.txt"
type=CWD msg=audit(1769264510.167:7478): cwd="/root/hids_benign"
type=PATH msg=audit(1769264510.167:7478): item=0 name="/usr/bin/cat" inode=1578016 dev=08:02 mode=0100755 ouid=0 ogid=0 rdev=00:00 nametype=NORMAL cap_fp=0 cap_fi=0 cap_fe=0 cap_fver=0 cap_frootid=0OUID="root" OGID="root"
type=PATH msg=audit(1769264510.167:7478): item=1 name="/lib64/ld-linux-x86-64.so.2" inode=1575340 dev=08:02 mode=0100755 ouid=0 ogid=0 rdev=00:00 nametype=NORMAL cap_fp=0 cap_fi=0 cap_fe=0 cap_fver=0 cap_frootid=0OUID="root" OGID="root"
type=PROCTITLE msg=audit(1769264510.167:7478): proctitle=6361740066696C655F342E747874
type=SYSCALL msg=audit(1769264510.172:7479): arch=c000003e syscall=59 success=yes exit=0 a0=5959851a1fa0 a1=5959851a3740 a2=59598519a520 a3=5959851a3740 items=2 ppid=11882 pid=12131 auid=1000 uid=0 gid=0 euid=0 suid=0 fsuid=0 egid=0 sgid=0 fsgid=0 tty=pts1 ses=3 comm="cat" exe="/usr/bin/cat" subj=unconfined key="process_exec"ARCH=x86_64 SYSCALL=execve AUID="heroic" UID="root" GID="root" EUID="root" SUID="root" FSUID="root" EGID="root" SGID="root" FSGID="root"
type=EXECVE msg=audit(1769264510.172:7479): argc=2 a0="cat" a1="file_5.txt"
type=CWD msg=audit(1769264510.172:7479): cwd="/root/hids_benign"
type=PATH msg=audit(1769264510.172:7479): item=0 name="/usr/bin/cat" inode=1578016 dev=08:02 mode=0100755 ouid=0 ogid=0 rdev=00:00 nametype=NORMAL cap_fp=0 cap_fi=0 cap_fe=0 cap_fver=0 cap_frootid=0OUID="root" OGID="root"
type=PATH msg=audit(1769264510.172:7479): item=1 name="/lib64/ld-linux-x86-64.so.2" inode=1575340 dev=08:02 mode=0100755 ouid=0 ogid=0 rdev=00:00 nametype=NORMAL cap_fp=0 cap_fi=0 cap_fe=0 cap_fver=0 cap_frootid=0OUID="root" OGID="root"
type=PROCTITLE msg=audit(1769264510.172:7479): proctitle=6361740066696C655F352E747874
type=SYSCALL msg=audit(1769264510.177:7480): arch=c000003e syscall=59 success=yes exit=0 a0=5959851a3740 a1=5959851a3760 a2=59598519a520 a3=5959851a3760 items=2 ppid=11882 pid=12132 auid=1000 uid=0 gid=0 euid=0 suid=0 fsuid=0 egid=0 sgid=0 fsgid=0 tty=pts1 ses=3 comm="cat" exe="/usr/bin/cat" subj=unconfined key="process_exec"ARCH=x86_64 SYSCALL=execve AUID="heroic" UID="root" GID="root" EUID="root" SUID="root" FSUID="root" EGID="root" SGID="root" FSGID="root"
type=EXECVE msg=audit(1769264510.177:7480): argc=2 a0="cat" a1="file_6.txt"
type=CWD msg=audit(1769264510.177:7480): cwd="/root/hids_benign"
type=PATH msg=audit(1769264510.177:7480): item=0 name="/usr/bin/cat" inode=1578016 dev=08:02 mode=0100755 ouid=0 ogid=0 rdev=00:00 nametype=NORMAL cap_fp=0 cap_fi=0 cap_fe=0 cap_fver=0 cap_frootid=0OUID="root" OGID="root"
type=PATH msg=audit(1769264510.177:7480): item=1 name="/lib64/ld-linux-x86-64.so.2" inode=1575340 dev=08:02 mode=0100755 ouid=0 ogid=0 rdev=00:00 nametype=NORMAL cap_fp=0 cap_fi=0 cap_fe=0 cap_fver=0 cap_frootid=0OUID="root" OGID="root"
type=PROCTITLE msg=audit(1769264510.177:7480): proctitle=6361740066696C655F362E747874
type=SYSCALL msg=audit(1769264510.181:7481): arch=c000003e syscall=59 success=yes exit=0 a0=5959851a3760 a1=5959851a1fa0 a2=59598519a520 a3=5959851a1fa0 items=2 ppid=11882 pid=12133 auid=1000 uid=0 gid=0 euid=0 suid=0 fsuid=0 egid=0 sgid=0 fsgid=0 tty=pts1 ses=3 comm="cat" exe="/usr/bin/cat" subj=unconfined key="process_exec"ARCH=x86_64 SYSCALL=execve AUID="heroic" UID="root" GID="root" EUID="root" SUID="root" FSUID="root" EGID="root" SGID="root" FSGID="root"
type=EXECVE msg=audit(1769264510.181:7481): argc=2 a0="cat" a1="file_7.txt"
type=CWD msg=audit(1769264510.181:7481): cwd="/root/hids_benign"
type=PATH msg=audit(1769264510.181:7481): item=0 name="/usr/bin/cat" inode=1578016 dev=08:02 mode=0100755 ouid=0 ogid=0 rdev=00:00 nametype=NORMAL cap_fp=0 cap_fi=0 cap_fe=0 cap_fver=0 cap_frootid=0OUID="root" OGID="root"
type=PATH msg=audit(1769264510.181:7481): item=1 name="/lib64/ld-linux-x86-64.so.2" inode=1575340 dev=08:02 mode=0100755 ouid=0 ogid=0 rdev=00:00 nametype=NORMAL cap_fp=0 cap_fi=0 cap_fe=0 cap_fver=0 cap_frootid=0OUID="root" OGID="root"
type=PROCTITLE msg=audit(1769264510.181:7481): proctitle=6361740066696C655F372E747874
type=SYSCALL msg=audit(1769264510.188:7482): arch=c000003e syscall=59 success=yes exit=0 a0=5959851a1fa0 a1=5959851a3740 a2=59598519a520 a3=5959851a3740 items=2 ppid=11882 pid=12134 auid=1000 uid=0 gid=0 euid=0 suid=0 fsuid=0 egid=0 sgid=0 fsgid=0 tty=pts1 ses=3 comm="cat" exe="/usr/bin/cat" subj=unconfined key="process_exec"ARCH=x86_64 SYSCALL=execve AUID="heroic" UID="root" GID="root" EUID="root" SUID="root" FSUID="root" EGID="root" SGID="root" FSGID="root"
type=EXECVE msg=audit(1769264510.188:7482): argc=2 a0="cat" a1="file_8.txt"
type=CWD msg=audit(1769264510.188:7482): cwd="/root/hids_benign"
type=PATH msg=audit(1769264510.188:7482): item=0 name="/usr/bin/cat" inode=1578016 dev=08:02 mode=0100755 ouid=0 ogid=0 rdev=00:00 nametype=NORMAL cap_fp=0 cap_fi=0 cap_fe=0 cap_fver=0 cap_frootid=0OUID="root" OGID="root"
type=PATH msg=audit(1769264510.188:7482): item=1 name="/lib64/ld-linux-x86-64.so.2" inode=1575340 dev=08:02 mode=0100755 ouid=0 ogid=0 rdev=00:00 nametype=NORMAL cap_fp=0 cap_fi=0 cap_fe=0 cap_fver=0 cap_frootid=0OUID="root" OGID="root"
type=PROCTITLE msg=audit(1769264510.188:7482): proctitle=6361740066696C655F382E747874
type=SYSCALL msg=audit(1769264510.191:7483): arch=c000003e syscall=59 success=yes exit=0 a0=5959851a3740 a1=5959851a3760 a2=59598519a520 a3=5959851a3760 items=2 ppid=11882 pid=12135 auid=1000 uid=0 gid=0 euid=0 suid=0 fsuid=0 egid=0 sgid=0 fsgid=0 tty=pts1 ses=3 comm="cat" exe="/usr/bin/cat" subj=unconfined key="process_exec"ARCH=x86_64 SYSCALL=execve AUID="heroic" UID="root" GID="root" EUID="root" SUID="root" FSUID="root" EGID="root" SGID="root" FSGID="root"
type=EXECVE msg=audit(1769264510.191:7483): argc=2 a0="cat" a1="file_9.txt"
type=CWD msg=audit(1769264510.191:7483): cwd="/root/hids_benign"
type=PATH msg=audit(1769264510.191:7483): item=0 name="/usr/bin/cat" inode=1578016 dev=08:02 mode=0100755 ouid=0 ogid=0 rdev=00:00 nametype=NORMAL cap_fp=0 cap_fi=0 cap_fe=0 cap_fver=0 cap_frootid=0OUID="root" OGID="root"
type=PATH msg=audit(1769264510.191:7483): item=1 name="/lib64/ld-linux-x86-64.so.2" inode=1575340 dev=08:02 mode=0100755 ouid=0 ogid=0 rdev=00:00 nametype=NORMAL cap_fp=0 cap_fi=0 cap_fe=0 cap_fver=0 cap_frootid=0OUID="root" OGID="root"
type=PROCTITLE msg=audit(1769264510.191:7483): proctitle=6361740066696C655F392E747874
type=SYSCALL msg=audit(1769264510.195:7484): arch=c000003e syscall=59 success=yes exit=0 a0=5959851a3760 a1=5959851a1fa0 a2=59598519a520 a3=5959851a1fa0 items=2 ppid=11882 pid=12136 auid=1000 uid=0 gid=0 euid=0 suid=0 fsuid=0 egid=0 sgid=0 fsgid=0 tty=pts1 ses=3 comm="cat" exe="/usr/bin/cat" subj=unconfined key="process_exec"ARCH=x86_64 SYSCALL=execve AUID="heroic" UID="root" GID="root" EUID="root" SUID="root" FSUID="root" EGID="root" SGID="root" FSGID="root"
type=EXECVE msg=audit(1769264510.195:7484): argc=2 a0="cat" a1="file_10.txt"
type=CWD msg=audit(1769264510.195:7484): cwd="/root/hids_benign"
type=PATH msg=audit(1769264510.195:7484): item=0 name="/usr/bin/cat" inode=1578016 dev=08:02 mode=0100755 ouid=0 ogid=0 rdev=00:00 nametype=NORMAL cap_fp=0 cap_fi=0 cap_fe=0 cap_fver=0 cap_frootid=0OUID="root" OGID="root"
type=PATH msg=audit(1769264510.195:7484): item=1 name="/lib64/ld-linux-x86-64.so.2" inode=1575340 dev=08:02 mode=0100755 ouid=0 ogid=0 rdev=00:00 nametype=NORMAL cap_fp=0 cap_fi=0 cap_fe=0 cap_fver=0 cap_frootid=0OUID="root" OGID="root"
type=PROCTITLE msg=audit(1769264510.195:7484): proctitle=6361740066696C655F31302E747874
type=SYSCALL msg=audit(1769264510.199:7485): arch=c000003e syscall=59 success=yes exit=0 a0=5959851a3250 a1=5959851a2df0 a2=59598519a520 a3=0 items=2 ppid=11882 pid=12137 auid=1000 uid=0 gid=0 euid=0 suid=0 fsuid=0 egid=0 sgid=0 fsgid=0 tty=pts1 ses=3 comm="vim" exe="/usr/bin/vim.basic" subj=unconfined key="process_exec"ARCH=x86_64 SYSCALL=execve AUID="heroic" UID="root" GID="root" EUID="root" SUID="root" FSUID="root" EGID="root" SGID="root" FSGID="root"
type=EXECVE msg=audit(1769264510.199:7485): argc=3 a0="vim" a1="-es" a2="file_1.txt"
type=CWD msg=audit(1769264510.199:7485): cwd="/root/hids_benign"
type=PATH msg=audit(1769264510.199:7485): item=0 name="/usr/bin/vim" inode=1575517 dev=08:02 mode=0100755 ouid=0 ogid=0 rdev=00:00 nametype=NORMAL cap_fp=0 cap_fi=0 cap_fe=0 cap_fver=0 cap_frootid=0OUID="root" OGID="root"
type=PATH msg=audit(1769264510.199:7485): item=1 name="/lib64/ld-linux-x86-64.so.2" inode=1575340 dev=08:02 mode=0100755 ouid=0 ogid=0 rdev=00:00 nametype=NORMAL cap_fp=0 cap_fi=0 cap_fe=0 cap_fver=0 cap_frootid=0OUID="root" OGID="root"
type=PROCTITLE msg=audit(1769264510.199:7485): proctitle=76696D002D65730066696C655F312E747874
type=SYSCALL msg=audit(1769264510.221:7486): arch=c000003e syscall=59 success=yes exit=0 a0=5959851a2320 a1=5959851a2df0 a2=59598519a520 a3=0 items=2 ppid=11882 pid=12138 auid=1000 uid=0 gid=0 euid=0 suid=0 fsuid=0 egid=0 sgid=0 fsgid=0 tty=pts1 ses=3 comm="vim" exe="/usr/bin/vim.basic" subj=unconfined key="process_exec"ARCH=x86_64 SYSCALL=execve AUID="heroic" UID="root" GID="root" EUID="root" SUID="root" FSUID="root" EGID="root" SGID="root" FSGID="root"
type=EXECVE msg=audit(1769264510.221:7486): argc=3 a0="vim" a1="-es" a2="file_2.txt"
type=CWD msg=audit(1769264510.221:7486): cwd="/root/hids_benign"
type=PATH msg=audit(1769264510.221:7486): item=0 name="/usr/bin/vim" inode=1575517 dev=08:02 mode=0100755 ouid=0 ogid=0 rdev=00:00 nametype=NORMAL cap_fp=0 cap_fi=0 cap_fe=0 cap_fver=0 cap_frootid=0OUID="root" OGID="root"
type=PATH msg=audit(1769264510.221:7486): item=1 name="/lib64/ld-linux-x86-64.so.2" inode=1575340 dev=08:02 mode=0100755 ouid=0 ogid=0 rdev=00:00 nametype=NORMAL cap_fp=0 cap_fi=0 cap_fe=0 cap_fver=0 cap_frootid=0OUID="root" OGID="root"
type=PROCTITLE msg=audit(1769264510.221:7486): proctitle=76696D002D65730066696C655F322E747874
type=SYSCALL msg=audit(1769264510.237:7487): arch=c000003e syscall=59 success=yes exit=0 a0=5959851a37a0 a1=5959851a2df0 a2=59598519a520 a3=0 items=2 ppid=11882 pid=12139 auid=1000 uid=0 gid=0 euid=0 suid=0 fsuid=0 egid=0 sgid=0 fsgid=0 tty=pts1 ses=3 comm="vim" exe="/usr/bin/vim.basic" subj=unconfined key="process_exec"ARCH=x86_64 SYSCALL=execve AUID="heroic" UID="root" GID="root" EUID="root" SUID="root" FSUID="root" EGID="root" SGID="root" FSGID="root"
type=EXECVE msg=audit(1769264510.237:7487): argc=3 a0="vim" a1="-es" a2="file_3.txt"
type=CWD msg=audit(1769264510.237:7487): cwd="/root/hids_benign"
type=PATH msg=audit(1769264510.237:7487): item=0 name="/usr/bin/vim" inode=1575517 dev=08:02 mode=0100755 ouid=0 ogid=0 rdev=00:00 nametype=NORMAL cap_fp=0 cap_fi=0 cap_fe=0 cap_fver=0 cap_frootid=0OUID="root" OGID="root"
type=PATH msg=audit(1769264510.237:7487): item=1 name="/lib64/ld-linux-x86-64.so.2" inode=1575340 dev=08:02 mode=0100755 ouid=0 ogid=0 rdev=00:00 nametype=NORMAL cap_fp=0 cap_fi=0 cap_fe=0 cap_fver=0 cap_frootid=0OUID="root" OGID="root"
type=PROCTITLE msg=audit(1769264510.237:7487): proctitle=76696D002D65730066696C655F332E747874
type=SYSCALL msg=audit(1769264510.255:7488): arch=c000003e syscall=59 success=yes exit=0 a0=5959851a3740 a1=5959851a2df0 a2=59598519a520 a3=0 items=2 ppid=11882 pid=12140 auid=1000 uid=0 gid=0 euid=0 suid=0 fsuid=0 egid=0 sgid=0 fsgid=0 tty=pts1 ses=3 comm="vim" exe="/usr/bin/vim.basic" subj=unconfined key="process_exec"ARCH=x86_64 SYSCALL=execve AUID="heroic" UID="root" GID="root" EUID="root" SUID="root" FSUID="root" EGID="root" SGID="root" FSGID="root"
type=EXECVE msg=audit(1769264510.255:7488): argc=3 a0="vim" a1="-es" a2="file_4.txt"
type=CWD msg=audit(1769264510.255:7488): cwd="/root/hids_benign"
type=PATH msg=audit(1769264510.255:7488): item=0 name="/usr/bin/vim" inode=1575517 dev=08:02 mode=0100755 ouid=0 ogid=0 rdev=00:00 nametype=NORMAL cap_fp=0 cap_fi=0 cap_fe=0 cap_fver=0 cap_frootid=0OUID="root" OGID="root"
type=PATH msg=audit(1769264510.255:7488): item=1 name="/lib64/ld-linux-x86-64.so.2" inode=1575340 dev=08:02 mode=0100755 ouid=0 ogid=0 rdev=00:00 nametype=NORMAL cap_fp=0 cap_fi=0 cap_fe=0 cap_fver=0 cap_frootid=0OUID="root" OGID="root"
type=PROCTITLE msg=audit(1769264510.255:7488): proctitle=76696D002D65730066696C655F342E747874
type=SYSCALL msg=audit(1769264510.269:7489): arch=c000003e syscall=59 success=yes exit=0 a0=5959851a3250 a1=5959851a2df0 a2=59598519a520 a3=0 items=2 ppid=11882 pid=12141 auid=1000 uid=0 gid=0 euid=0 suid=0 fsuid=0 egid=0 sgid=0 fsgid=0 tty=pts1 ses=3 comm="vim" exe="/usr/bin/vim.basic" subj=unconfined key="process_exec"ARCH=x86_64 SYSCALL=execve AUID="heroic" UID="root" GID="root" EUID="root" SUID="root" FSUID="root" EGID="root" SGID="root" FSGID="root"
type=EXECVE msg=audit(1769264510.269:7489): argc=3 a0="vim" a1="-es" a2="file_5.txt"
type=CWD msg=audit(1769264510.269:7489): cwd="/root/hids_benign"
type=PATH msg=audit(1769264510.269:7489): item=0 name="/usr/bin/vim" inode=1575517 dev=08:02 mode=0100755 ouid=0 ogid=0 rdev=00:00 nametype=NORMAL cap_fp=0 cap_fi=0 cap_fe=0 cap_fver=0 cap_frootid=0OUID="root" OGID="root"
type=PATH msg=audit(1769264510.269:7489): item=1 name="/lib64/ld-linux-x86-64.so.2" inode=1575340 dev=08:02 mode=0100755 ouid=0 ogid=0 rdev=00:00 nametype=NORMAL cap_fp=0 cap_fi=0 cap_fe=0 cap_fver=0 cap_frootid=0OUID="root" OGID="root"
type=PROCTITLE msg=audit(1769264510.269:7489): proctitle=76696D002D65730066696C655F352E747874
type=SYSCALL msg=audit(1769264510.282:7490): arch=c000003e syscall=59 success=yes exit=0 a0=5959851a25e0 a1=5959851a37a0 a2=59598519a520 a3=5959851a37a0 items=2 ppid=11882 pid=12142 auid=1000 uid=0 gid=0 euid=0 suid=0 fsuid=0 egid=0 sgid=0 fsgid=0 tty=pts1 ses=3 comm="ls" exe="/usr/bin/ls" subj=unconfined key="process_exec"ARCH=x86_64 SYSCALL=execve AUID="heroic" UID="root" GID="root" EUID="root" SUID="root" FSUID="root" EGID="root" SGID="root" FSGID="root"
type=EXECVE msg=audit(1769264510.282:7490): argc=2 a0="ls" a1="-la"
type=CWD msg=audit(1769264510.282:7490): cwd="/root/hids_benign"
type=PATH msg=audit(1769264510.282:7490): item=0 name="/usr/bin/ls" inode=1578104 dev=08:02 mode=0100755 ouid=0 ogid=0 rdev=00:00 nametype=NORMAL cap_fp=0 cap_fi=0 cap_fe=0 cap_fver=0 cap_frootid=0OUID="root" OGID="root"
type=PATH msg=audit(1769264510.282:7490): item=1 name="/lib64/ld-linux-x86-64.so.2" inode=1575340 dev=08:02 mode=0100755 ouid=0 ogid=0 rdev=00:00 nametype=NORMAL cap_fp=0 cap_fi=0 cap_fe=0 cap_fver=0 cap_frootid=0OUID="root" OGID="root"
type=PROCTITLE msg=audit(1769264510.282:7490): proctitle=6C73002D6C61
type=SYSCALL msg=audit(1769264510.286:7491): arch=c000003e syscall=59 success=yes exit=0 a0=5959851a2540 a1=5959851a0860 a2=59598519a520 a3=59598519cd20 items=2 ppid=11882 pid=12143 auid=1000 uid=0 gid=0 euid=0 suid=0 fsuid=0 egid=0 sgid=0 fsgid=0 tty=pts1 ses=3 comm="ls" exe="/usr/bin/ls" subj=unconfined key="process_exec"ARCH=x86_64 SYSCALL=execve AUID="heroic" UID="root" GID="root" EUID="root" SUID="root" FSUID="root" EGID="root" SGID="root" FSGID="root"
type=EXECVE msg=audit(1769264510.286:7491): argc=2 a0="ls" a1="-la"
type=CWD msg=audit(1769264510.286:7491): cwd="/root/hids_benign"
type=PATH msg=audit(1769264510.286:7491): item=0 name="/usr/bin/ls" inode=1578104 dev=08:02 mode=0100755 ouid=0 ogid=0 rdev=00:00 nametype=NORMAL cap_fp=0 cap_fi=0 cap_fe=0 cap_fver=0 cap_frootid=0OUID="root" OGID="root"
type=PATH msg=audit(1769264510.286:7491): item=1 name="/lib64/ld-linux-x86-64.so.2" inode=1575340 dev=08:02 mode=0100755 ouid=0 ogid=0 rdev=00:00 nametype=NORMAL cap_fp=0 cap_fi=0 cap_fe=0 cap_fver=0 cap_frootid=0OUID="root" OGID="root"
type=PROCTITLE msg=audit(1769264510.286:7491): proctitle=6C73002D6C61
type=SYSCALL msg=audit(1769264510.289:7492): arch=c000003e syscall=59 success=yes exit=0 a0=5959851a3250 a1=5959851a0860 a2=59598519a520 a3=5959851a0370 items=2 ppid=11882 pid=12144 auid=1000 uid=0 gid=0 euid=0 suid=0 fsuid=0 egid=0 sgid=0 fsgid=0 tty=pts1 ses=3 comm="ls" exe="/usr/bin/ls" subj=unconfined key="process_exec"ARCH=x86_64 SYSCALL=execve AUID="heroic" UID="root" GID="root" EUID="root" SUID="root" FSUID="root" EGID="root" SGID="root" FSGID="root"
type=EXECVE msg=audit(1769264510.289:7492): argc=2 a0="ls" a1="-la"
type=CWD msg=audit(1769264510.289:7492): cwd="/root/hids_benign"
type=PATH msg=audit(1769264510.289:7492): item=0 name="/usr/bin/ls" inode=1578104 dev=08:02 mode=0100755 ouid=0 ogid=0 rdev=00:00 nametype=NORMAL cap_fp=0 cap_fi=0 cap_fe=0 cap_fver=0 cap_frootid=0OUID="root" OGID="root"
type=PATH msg=audit(1769264510.289:7492): item=1 name="/lib64/ld-linux-x86-64.so.2" inode=1575340 dev=08:02 mode=0100755 ouid=0 ogid=0 rdev=00:00 nametype=NORMAL cap_fp=0 cap_fi=0 cap_fe=0 cap_fver=0 cap_frootid=0OUID="root" OGID="root"
type=PROCTITLE msg=audit(1769264510.289:7492): proctitle=6C73002D6C61
type=SYSCALL msg=audit(1769264510.294:7493): arch=c000003e syscall=59 success=yes exit=0 a0=59598519f670 a1=5959851a0860 a2=59598519a520 a3=5959851a25e0 items=2 ppid=11882 pid=12145 auid=1000 uid=0 gid=0 euid=0 suid=0 fsuid=0 egid=0 sgid=0 fsgid=0 tty=pts1 ses=3 comm="ls" exe="/usr/bin/ls" subj=unconfined key="process_exec"ARCH=x86_64 SYSCALL=execve AUID="heroic" UID="root" GID="root" EUID="root" SUID="root" FSUID="root" EGID="root" SGID="root" FSGID="root"
type=EXECVE msg=audit(1769264510.294:7493): argc=2 a0="ls" a1="-la"
type=CWD msg=audit(1769264510.294:7493): cwd="/root/hids_benign"
type=PATH msg=audit(1769264510.294:7493): item=0 name="/usr/bin/ls" inode=1578104 dev=08:02 mode=0100755 ouid=0 ogid=0 rdev=00:00 nametype=NORMAL cap_fp=0 cap_fi=0 cap_fe=0 cap_fver=0 cap_frootid=0OUID="root" OGID="root"
type=PATH msg=audit(1769264510.294:7493): item=1 name="/lib64/ld-linux-x86-64.so.2" inode=1575340 dev=08:02 mode=0100755 ouid=0 ogid=0 rdev=00:00 nametype=NORMAL cap_fp=0 cap_fi=0 cap_fe=0 cap_fver=0 cap_frootid=0OUID="root" OGID="root"
type=PROCTITLE msg=audit(1769264510.294:7493): proctitle=6C73002D6C61
type=SYSCALL msg=audit(1769264510.300:7494): arch=c000003e syscall=59 success=yes exit=0 a0=5959851a38c0 a1=5959851a0860 a2=59598519a520 a3=5959851a2540 items=2 ppid=11882 pid=12146 auid=1000 uid=0 gid=0 euid=0 suid=0 fsuid=0 egid=0 sgid=0 fsgid=0 tty=pts1 ses=3 comm="ls" exe="/usr/bin/ls" subj=unconfined key="process_exec"ARCH=x86_64 SYSCALL=execve AUID="heroic" UID="root" GID="root" EUID="root" SUID="root" FSUID="root" EGID="root" SGID="root" FSGID="root"
type=EXECVE msg=audit(1769264510.300:7494): argc=2 a0="ls" a1="-la"
type=CWD msg=audit(1769264510.300:7494): cwd="/root/hids_benign"
type=PATH msg=audit(1769264510.300:7494): item=0 name="/usr/bin/ls" inode=1578104 dev=08:02 mode=0100755 ouid=0 ogid=0 rdev=00:00 nametype=NORMAL cap_fp=0 cap_fi=0 cap_fe=0 cap_fver=0 cap_frootid=0OUID="root" OGID="root"
type=PATH msg=audit(1769264510.300:7494): item=1 name="/lib64/ld-linux-x86-64.so.2" inode=1575340 dev=08:02 mode=0100755 ouid=0 ogid=0 rdev=00:00 nametype=NORMAL cap_fp=0 cap_fi=0 cap_fe=0 cap_fver=0 cap_frootid=0OUID="root" OGID="root"
type=PROCTITLE msg=audit(1769264510.300:7494): proctitle=6C73002D6C61
type=SYSCALL msg=audit(1769264510.304:7495): arch=c000003e syscall=59 success=yes exit=0 a0=5959851a25e0 a1=59598519f950 a2=59598519a520 a3=5959851a3250 items=2 ppid=11882 pid=12147 auid=1000 uid=0 gid=0 euid=0 suid=0 fsuid=0 egid=0 sgid=0 fsgid=0 tty=pts1 ses=3 comm="curl" exe="/usr/bin/curl" subj=unconfined key="process_exec"ARCH=x86_64 SYSCALL=execve AUID="heroic" UID="root" GID="root" EUID="root" SUID="root" FSUID="root" EGID="root" SGID="root" FSGID="root"
type=EXECVE msg=audit(1769264510.304:7495): argc=3 a0="curl" a1="-s" a2="https://example.com"
type=CWD msg=audit(1769264510.304:7495): cwd="/root/hids_benign"
type=PATH msg=audit(1769264510.304:7495): item=0 name="/usr/bin/curl" inode=1573697 dev=08:02 mode=0100755 ouid=0 ogid=0 rdev=00:00 nametype=NORMAL cap_fp=0 cap_fi=0 cap_fe=0 cap_fver=0 cap_frootid=0OUID="root" OGID="root"
type=PATH msg=audit(1769264510.304:7495): item=1 name="/lib64/ld-linux-x86-64.so.2" inode=1575340 dev=08:02 mode=0100755 ouid=0 ogid=0 rdev=00:00 nametype=NORMAL cap_fp=0 cap_fi=0 cap_fe=0 cap_fver=0 cap_frootid=0OUID="root" OGID="root"
type=PROCTITLE msg=audit(1769264510.304:7495): proctitle=6375726C002D730068747470733A2F2F6578616D706C652E636F6D
type=SYSCALL msg=audit(1769264510.692:7496): arch=c000003e syscall=59 success=yes exit=0 a0=5959851a1f40 a1=59598519fc30 a2=59598519a520 a3=5959851a3030 items=2 ppid=11882 pid=12149 auid=1000 uid=0 gid=0 euid=0 suid=0 fsuid=0 egid=0 sgid=0 fsgid=0 tty=pts1 ses=3 comm="ssh" exe="/usr/bin/ssh" subj=unconfined key="process_exec"ARCH=x86_64 SYSCALL=execve AUID="heroic" UID="root" GID="root" EUID="root" SUID="root" FSUID="root" EGID="root" SGID="root" FSGID="root"
type=EXECVE msg=audit(1769264510.692:7496): argc=5 a0="ssh" a1="-o" a2="BatchMode=yes" a3="localhost" a4=6563686F205353485F4F4B
type=CWD msg=audit(1769264510.692:7496): cwd="/root/hids_benign"
type=PATH msg=audit(1769264510.692:7496): item=0 name="/usr/bin/ssh" inode=1573390 dev=08:02 mode=0100755 ouid=0 ogid=0 rdev=00:00 nametype=NORMAL cap_fp=0 cap_fi=0 cap_fe=0 cap_fver=0 cap_frootid=0OUID="root" OGID="root"
type=PATH msg=audit(1769264510.692:7496): item=1 name="/lib64/ld-linux-x86-64.so.2" inode=1575340 dev=08:02 mode=0100755 ouid=0 ogid=0 rdev=00:00 nametype=NORMAL cap_fp=0 cap_fi=0 cap_fe=0 cap_fver=0 cap_frootid=0OUID="root" OGID="root"
type=PROCTITLE msg=audit(1769264510.692:7496): proctitle=737368002D6F0042617463684D6F64653D796573006C6F63616C686F7374006563686F205353485F4F4B
type=SYSCALL msg=audit(1769264510.709:7497): arch=c000003e syscall=59 success=yes exit=0 a0=5959851a3250 a1=59598519f670 a2=59598519a520 a3=59598519f670 items=2 ppid=11882 pid=12150 auid=1000 uid=0 gid=0 euid=0 suid=0 fsuid=0 egid=0 sgid=0 fsgid=0 tty=pts1 ses=3 comm="sleep" exe="/usr/bin/sleep" subj=unconfined key="process_exec"ARCH=x86_64 SYSCALL=execve AUID="heroic" UID="root" GID="root" EUID="root" SUID="root" FSUID="root" EGID="root" SGID="root" FSGID="root"
type=EXECVE msg=audit(1769264510.709:7497): argc=2 a0="sleep" a1="5"
type=CWD msg=audit(1769264510.709:7497): cwd="/root/hids_benign"
type=PATH msg=audit(1769264510.709:7497): item=0 name="/usr/bin/sleep" inode=1578138 dev=08:02 mode=0100755 ouid=0 ogid=0 rdev=00:00 nametype=NORMAL cap_fp=0 cap_fi=0 cap_fe=0 cap_fver=0 cap_frootid=0OUID="root" OGID="root"
type=PATH msg=audit(1769264510.709:7497): item=1 name="/lib64/ld-linux-x86-64.so.2" inode=1575340 dev=08:02 mode=0100755 ouid=0 ogid=0 rdev=00:00 nametype=NORMAL cap_fp=0 cap_fi=0 cap_fe=0 cap_fver=0 cap_frootid=0OUID="root" OGID="root"
type=PROCTITLE msg=audit(1769264510.709:7497): proctitle=736C6565700035
type=SYSCALL msg=audit(1769264515.716:7498): arch=c000003e syscall=59 success=yes exit=0 a0=5959851a3250 a1=5959851a21a0 a2=59598519a520 a3=5959851a2640 items=2 ppid=11882 pid=12151 auid=1000 uid=0 gid=0 euid=0 suid=0 fsuid=0 egid=0 sgid=0 fsgid=0 tty=pts1 ses=3 comm="rm" exe="/usr/bin/rm" subj=unconfined key="process_exec"ARCH=x86_64 SYSCALL=execve AUID="heroic" UID="root" GID="root" EUID="root" SUID="root" FSUID="root" EGID="root" SGID="root" FSGID="root"
type=EXECVE msg=audit(1769264515.716:7498): argc=14 a0="rm" a1="-f" a2="file_10.txt" a3="file_1.txt" a4="file_2.txt" a5="file_3.txt" a6="file_4.txt" a7="file_5.txt" a8="file_6.txt" a9="file_7.txt" a10="file_8.txt" a11="file_9.txt" a12="webpage.html" a13="dir_list.log"
type=CWD msg=audit(1769264515.716:7498): cwd="/root/hids_benign"
type=PATH msg=audit(1769264515.716:7498): item=0 name="/usr/bin/rm" inode=1578127 dev=08:02 mode=0100755 ouid=0 ogid=0 rdev=00:00 nametype=NORMAL cap_fp=0 cap_fi=0 cap_fe=0 cap_fver=0 cap_frootid=0OUID="root" OGID="root"
type=PATH msg=audit(1769264515.716:7498): item=1 name="/lib64/ld-linux-x86-64.so.2" inode=1575340 dev=08:02 mode=0100755 ouid=0 ogid=0 rdev=00:00 nametype=NORMAL cap_fp=0 cap_fi=0 cap_fe=0 cap_fver=0 cap_frootid=0OUID="root" OGID="root"
type=PROCTITLE msg=audit(1769264515.716:7498): proctitle=726D002D660066696C655F31302E7478740066696C655F312E7478740066696C655F322E7478740066696C655F332E7478740066696C655F342E7478740066696C655F352E7478740066696C655F362E7478740066696C655F372E7478740066696C655F382E7478740066696C655F392E74787400776562706167652E68746D
type=SYSCALL msg=audit(1769264515.724:7499): arch=c000003e syscall=59 success=yes exit=0 a0=59598519f670 a1=5959851a3030 a2=59598519a520 a3=5959851a3030 items=2 ppid=11882 pid=12152 auid=1000 uid=0 gid=0 euid=0 suid=0 fsuid=0 egid=0 sgid=0 fsgid=0 tty=pts1 ses=3 comm="rmdir" exe="/usr/bin/rmdir" subj=unconfined key="process_exec"ARCH=x86_64 SYSCALL=execve AUID="heroic" UID="root" GID="root" EUID="root" SUID="root" FSUID="root" EGID="root" SGID="root" FSGID="root"
type=EXECVE msg=audit(1769264515.724:7499): argc=2 a0="rmdir" a1="/root/hids_benign"
type=CWD msg=audit(1769264515.724:7499): cwd="/root/hids_benign"
type=PATH msg=audit(1769264515.724:7499): item=0 name="/usr/bin/rmdir" inode=1578128 dev=08:02 mode=0100755 ouid=0 ogid=0 rdev=00:00 nametype=NORMAL cap_fp=0 cap_fi=0 cap_fe=0 cap_fver=0 cap_frootid=0OUID="root" OGID="root"
type=PATH msg=audit(1769264515.724:7499): item=1 name="/lib64/ld-linux-x86-64.so.2" inode=1575340 dev=08:02 mode=0100755 ouid=0 ogid=0 rdev=00:00 nametype=NORMAL cap_fp=0 cap_fi=0 cap_fe=0 cap_fver=0 cap_frootid=0OUID="root" OGID="root"
type=PROCTITLE msg=audit(1769264515.724:7499): proctitle=726D646972002F726F6F742F686964735F62656E69676E
type=SYSCALL msg=audit(1769264515.734:7500): arch=c000003e syscall=59 success=yes exit=0 a0=5959851a25e0 a1=5959851a38c0 a2=59598519a520 a3=5959851a38c0 items=2 ppid=11882 pid=12153 auid=1000 uid=0 gid=0 euid=0 suid=0 fsuid=0 egid=0 sgid=0 fsgid=0 tty=pts1 ses=3 comm="sleep" exe="/usr/bin/sleep" subj=unconfined key="process_exec"ARCH=x86_64 SYSCALL=execve AUID="heroic" UID="root" GID="root" EUID="root" SUID="root" FSUID="root" EGID="root" SGID="root" FSGID="root"
type=EXECVE msg=audit(1769264515.734:7500): argc=2 a0="sleep" a1="60"
type=CWD msg=audit(1769264515.734:7500): cwd=2F726F6F742F686964735F62656E69676E202864656C6574656429
type=PATH msg=audit(1769264515.734:7500): item=0 name="/usr/bin/sleep" inode=1578138 dev=08:02 mode=0100755 ouid=0 ogid=0 rdev=00:00 nametype=NORMAL cap_fp=0 cap_fi=0 cap_fe=0 cap_fver=0 cap_frootid=0OUID="root" OGID="root"
type=PATH msg=audit(1769264515.734:7500): item=1 name="/lib64/ld-linux-x86-64.so.2" inode=1575340 dev=08:02 mode=0100755 ouid=0 ogid=0 rdev=00:00 nametype=NORMAL cap_fp=0 cap_fi=0 cap_fe=0 cap_fver=0 cap_frootid=0OUID="root" OGID="root"
type=PROCTITLE msg=audit(1769264515.734:7500): proctitle=736C656570003630
type=SYSCALL msg=audit(1769264537.527:7501): arch=c000003e syscall=59 success=yes exit=0 a0=5fb0bc773c60 a1=5fb0bc754c40 a2=5fb0bc7477c0 a3=5fb0bc773980 items=2 ppid=11510 pid=12154 auid=1000 uid=0 gid=0 euid=0 suid=0 fsuid=0 egid=0 sgid=0 fsgid=0 tty=pts3 ses=3 comm="ls" exe="/usr/bin/ls" subj=unconfined key="process_exec"ARCH=x86_64 SYSCALL=execve AUID="heroic" UID="root" GID="root" EUID="root" SUID="root" FSUID="root" EGID="root" SGID="root" FSGID="root"
type=EXECVE msg=audit(1769264537.527:7501): argc=3 a0="ls" a1="--color=auto" a2="-l"
type=CWD msg=audit(1769264537.527:7501): cwd="/root"
type=PATH msg=audit(1769264537.527:7501): item=0 name="/usr/bin/ls" inode=1578104 dev=08:02 mode=0100755 ouid=0 ogid=0 rdev=00:00 nametype=NORMAL cap_fp=0 cap_fi=0 cap_fe=0 cap_fver=0 cap_frootid=0OUID="root" OGID="root"
type=PATH msg=audit(1769264537.527:7501): item=1 name="/lib64/ld-linux-x86-64.so.2" inode=1575340 dev=08:02 mode=0100755 ouid=0 ogid=0 rdev=00:00 nametype=NORMAL cap_fp=0 cap_fi=0 cap_fe=0 cap_fver=0 cap_frootid=0OUID="root" OGID="root"
type=PROCTITLE msg=audit(1769264537.527:7501): proctitle=6C73002D2D636F6C6F723D6175746F002D6C
type=SYSCALL msg=audit(1769264552.211:7502): arch=c000003e syscall=59 success=yes exit=0 a0=74c22bfcb42f a1=74c2295e9ca0 a2=7fff226f4908 a3=8 items=2 ppid=4679 pid=12158 auid=4294967295 uid=0 gid=124 euid=0 suid=0 fsuid=0 egid=124 sgid=124 fsgid=124 tty=(none) ses=4294967295 comm="sh" exe="/usr/bin/dash" subj=unconfined key="process_exec"ARCH=x86_64 SYSCALL=execve AUID="unset" UID="root" GID="wazuh" EUID="root" SUID="root" FSUID="root" EGID="wazuh" SGID="wazuh" FSGID="wazuh"
type=EXECVE msg=audit(1769264552.211:7502): argc=4 a0="sh" a1="-c" a2="--" a3=6466202D50
type=CWD msg=audit(1769264552.211:7502): cwd="/var/ossec"
type=PATH msg=audit(1769264552.211:7502): item=0 name="/bin/sh" inode=1573518 dev=08:02 mode=0100755 ouid=0 ogid=0 rdev=00:00 nametype=NORMAL cap_fp=0 cap_fi=0 cap_fe=0 cap_fver=0 cap_frootid=0OUID="root" OGID="root"
type=PATH msg=audit(1769264552.211:7502): item=1 name="/lib64/ld-linux-x86-64.so.2" inode=1575340 dev=08:02 mode=0100755 ouid=0 ogid=0 rdev=00:00 nametype=NORMAL cap_fp=0 cap_fi=0 cap_fe=0 cap_fver=0 cap_frootid=0OUID="root" OGID="root"
type=PROCTITLE msg=audit(1769264552.211:7502): proctitle=7368002D63002D2D006466202D50
type=SYSCALL msg=audit(1769264552.231:7503): arch=c000003e syscall=59 success=yes exit=0 a0=631bbc0325c8 a1=631bbc032558 a2=631bbc032570 a3=8 items=2 ppid=12158 pid=12159 auid=4294967295 uid=0 gid=124 euid=0 suid=0 fsuid=0 egid=124 sgid=124 fsgid=124 tty=(none) ses=4294967295 comm="df" exe="/usr/bin/df" subj=unconfined key="process_exec"ARCH=x86_64 SYSCALL=execve AUID="unset" UID="root" GID="wazuh" EUID="root" SUID="root" FSUID="root" EGID="wazuh" SGID="wazuh" FSGID="wazuh"
type=EXECVE msg=audit(1769264552.231:7503): argc=2 a0="df" a1="-P"
type=CWD msg=audit(1769264552.231:7503): cwd="/var/ossec"
type=PATH msg=audit(1769264552.231:7503): item=0 name="/usr/bin/df" inode=1578065 dev=08:02 mode=0100755 ouid=0 ogid=0 rdev=00:00 nametype=NORMAL cap_fp=0 cap_fi=0 cap_fe=0 cap_fver=0 cap_frootid=0OUID="root" OGID="root"
type=PATH msg=audit(1769264552.231:7503): item=1 name="/lib64/ld-linux-x86-64.so.2" inode=1575340 dev=08:02 mode=0100755 ouid=0 ogid=0 rdev=00:00 nametype=NORMAL cap_fp=0 cap_fi=0 cap_fe=0 cap_fver=0 cap_frootid=0OUID="root" OGID="root"
type=PROCTITLE msg=audit(1769264552.231:7503): proctitle=6466002D50
type=SYSCALL msg=audit(1769264552.263:7504): arch=c000003e syscall=59 success=yes exit=0 a0=74c22bfcb42f a1=74c2295d9ca0 a2=7fff226f4908 a3=8 items=2 ppid=4679 pid=12160 auid=4294967295 uid=0 gid=124 euid=0 suid=0 fsuid=0 egid=124 sgid=124 fsgid=124 tty=(none) ses=4294967295 comm="sh" exe="/usr/bin/dash" subj=unconfined key="process_exec"ARCH=x86_64 SYSCALL=execve AUID="unset" UID="root" GID="wazuh" EUID="root" SUID="root" FSUID="root" EGID="wazuh" SGID="wazuh" FSGID="wazuh"
type=EXECVE msg=audit(1769264552.263:7504): argc=4 a0="sh" a1="-c" a2="--" a3=6E657473746174202D74756C706E207C207365642027732F5C285B5B3A616C6E756D3A5D5D5C2B5C295C205C2B5B5B3A64696769743A5D5D5C2B5C205C2B5B5B3A64696769743A5D5D5C2B5C205C2B5C282E2A5C293A5C285B5B3A64696769743A5D5D2A5C295C205C2B5C285B302D395C2E5C3A5C2A5D5C2B5C292E5C2B5C205C285B5B3A64696769743A5D5D2A5C2F5B5B3A616C6E756D3A5D5C2D5D2A5C292E2A2F5C31205C32203D3D205C33203D3D205C34205C352F27207C20736F7274202D6B2034202D67207C207365642027732F203D3D205C282E2A5C29203D3D2F3A5C312F27207C2073656420312C3264
type=CWD msg=audit(1769264552.263:7504): cwd="/var/ossec"
type=PATH msg=audit(1769264552.263:7504): item=0 name="/bin/sh" inode=1573518 dev=08:02 mode=0100755 ouid=0 ogid=0 rdev=00:00 nametype=NORMAL cap_fp=0 cap_fi=0 cap_fe=0 cap_fver=0 cap_frootid=0OUID="root" OGID="root"
type=PATH msg=audit(1769264552.263:7504): item=1 name="/lib64/ld-linux-x86-64.so.2" inode=1575340 dev=08:02 mode=0100755 ouid=0 ogid=0 rdev=00:00 nametype=NORMAL cap_fp=0 cap_fi=0 cap_fe=0 cap_fver=0 cap_frootid=0OUID="root" OGID="root"
type=PROCTITLE msg=audit(1769264552.263:7504): proctitle=7368002D63002D2D006E657473746174202D74756C706E207C207365642027732F5C285B5B3A616C6E756D3A5D5D5C2B5C295C205C2B5B5B3A64696769743A5D5D5C2B5C205C2B5B5B3A64696769743A5D5D5C2B5C205C2B5C282E2A5C293A5C285B5B3A64696769743A5D5D2A5C295C205C2B5C285B302D395C2E5C3A5C2A5D
type=SYSCALL msg=audit(1769264552.271:7505): arch=c000003e syscall=59 success=yes exit=0 a0=630401d9cad8 a1=630401d9c8e0 a2=630401d9c8f8 a3=1 items=2 ppid=12160 pid=12161 auid=4294967295 uid=0 gid=124 euid=0 suid=0 fsuid=0 egid=124 sgid=124 fsgid=124 tty=(none) ses=4294967295 comm="netstat" exe="/usr/bin/netstat" subj=unconfined key="process_exec"ARCH=x86_64 SYSCALL=execve AUID="unset" UID="root" GID="wazuh" EUID="root" SUID="root" FSUID="root" EGID="wazuh" SGID="wazuh" FSGID="wazuh"
type=EXECVE msg=audit(1769264552.271:7505): argc=2 a0="netstat" a1="-tulpn"
type=CWD msg=audit(1769264552.271:7505): cwd="/var/ossec"
type=PATH msg=audit(1769264552.271:7505): item=0 name="/usr/bin/netstat" inode=1576702 dev=08:02 mode=0100755 ouid=0 ogid=0 rdev=00:00 nametype=NORMAL cap_fp=0 cap_fi=0 cap_fe=0 cap_fver=0 cap_frootid=0OUID="root" OGID="root"
type=PATH msg=audit(1769264552.271:7505): item=1 name="/lib64/ld-linux-x86-64.so.2" inode=1575340 dev=08:02 mode=0100755 ouid=0 ogid=0 rdev=00:00 nametype=NORMAL cap_fp=0 cap_fi=0 cap_fe=0 cap_fver=0 cap_frootid=0OUID="root" OGID="root"
type=PROCTITLE msg=audit(1769264552.271:7505): proctitle=6E657473746174002D74756C706E
type=SYSCALL msg=audit(1769264552.273:7506): arch=c000003e syscall=59 success=yes exit=0 a0=630401d9cb90 a1=630401d9c910 a2=630401d9cb38 a3=1 items=2 ppid=12160 pid=12163 auid=4294967295 uid=0 gid=124 euid=0 suid=0 fsuid=0 egid=124 sgid=124 fsgid=124 tty=(none) ses=4294967295 comm="sort" exe="/usr/bin/sort" subj=unconfined key="process_exec"ARCH=x86_64 SYSCALL=execve AUID="unset" UID="root" GID="wazuh" EUID="root" SUID="root" FSUID="root" EGID="wazuh" SGID="wazuh" FSGID="wazuh"
type=EXECVE msg=audit(1769264552.273:7506): argc=4 a0="sort" a1="-k" a2="4" a3="-g"
type=CWD msg=audit(1769264552.273:7506): cwd="/var/ossec"
type=PATH msg=audit(1769264552.273:7506): item=0 name="/usr/bin/sort" inode=1578139 dev=08:02 mode=0100755 ouid=0 ogid=0 rdev=00:00 nametype=NORMAL cap_fp=0 cap_fi=0 cap_fe=0 cap_fver=0 cap_frootid=0OUID="root" OGID="root"
type=PATH msg=audit(1769264552.273:7506): item=1 name="/lib64/ld-linux-x86-64.so.2" inode=1575340 dev=08:02 mode=0100755 ouid=0 ogid=0 rdev=00:00 nametype=NORMAL cap_fp=0 cap_fi=0 cap_fe=0 cap_fver=0 cap_frootid=0OUID="root" OGID="root"
type=PROCTITLE msg=audit(1769264552.273:7506): proctitle=736F7274002D6B0034002D67
type=SYSCALL msg=audit(1769264552.273:7507): arch=c000003e syscall=59 success=yes exit=0 a0=630401d9cc70 a1=630401d9cc00 a2=630401d9cc18 a3=1 items=2 ppid=12160 pid=12162 auid=4294967295 uid=0 gid=124 euid=0 suid=0 fsuid=0 egid=124 sgid=124 fsgid=124 tty=(none) ses=4294967295 comm="sed" exe="/usr/bin/sed" subj=unconfined key="process_exec"ARCH=x86_64 SYSCALL=execve AUID="unset" UID="root" GID="wazuh" EUID="root" SUID="root" FSUID="root" EGID="wazuh" SGID="wazuh" FSGID="wazuh"
type=SYSCALL msg=audit(1769264552.274:7508): arch=c000003e syscall=59 success=yes exit=0 a0=630401d9cbc0 a1=630401d9c900 a2=630401d9cb68 a3=1 items=2 ppid=12160 pid=12164 auid=4294967295 uid=0 gid=124 euid=0 suid=0 fsuid=0 egid=124 sgid=124 fsgid=124 tty=(none) ses=4294967295 comm="sed" exe="/usr/bin/sed" subj=unconfined key="process_exec"ARCH=x86_64 SYSCALL=execve AUID="unset" UID="root" GID="wazuh" EUID="root" SUID="root" FSUID="root" EGID="wazuh" SGID="wazuh" FSGID="wazuh"
type=EXECVE msg=audit(1769264552.274:7508): argc=2 a0="sed" a1=732F203D3D205C282E2A5C29203D3D2F3A5C312F
type=EXECVE msg=audit(1769264552.273:7507): argc=2 a0="sed" a1=732F5C285B5B3A616C6E756D3A5D5D5C2B5C295C205C2B5B5B3A64696769743A5D5D5C2B5C205C2B5B5B3A64696769743A5D5D5C2B5C205C2B5C282E2A5C293A5C285B5B3A64696769743A5D5D2A5C295C205C2B5C285B302D395C2E5C3A5C2A5D5C2B5C292E5C2B5C205C285B5B3A64696769743A5D5D2A5C2F5B5B3A616C6E756D3A5D5C2D5D2A5C292E2A2F5C31205C32203D3D205C33203D3D205C34205C352F
type=CWD msg=audit(1769264552.274:7508): cwd="/var/ossec"
type=PATH msg=audit(1769264552.274:7508): item=0 name="/usr/bin/sed" inode=1574197 dev=08:02 mode=0100755 ouid=0 ogid=0 rdev=00:00 nametype=NORMAL cap_fp=0 cap_fi=0 cap_fe=0 cap_fver=0 cap_frootid=0OUID="root" OGID="root"
type=CWD msg=audit(1769264552.273:7507): cwd="/var/ossec"
type=PATH msg=audit(1769264552.274:7508): item=1 name="/lib64/ld-linux-x86-64.so.2" inode=1575340 dev=08:02 mode=0100755 ouid=0 ogid=0 rdev=00:00 nametype=NORMAL cap_fp=0 cap_fi=0 cap_fe=0 cap_fver=0 cap_frootid=0OUID="root" OGID="root"
type=PATH msg=audit(1769264552.273:7507): item=0 name="/usr/bin/sed" inode=1574197 dev=08:02 mode=0100755 ouid=0 ogid=0 rdev=00:00 nametype=NORMAL cap_fp=0 cap_fi=0 cap_fe=0 cap_fver=0 cap_frootid=0OUID="root" OGID="root"
type=PATH msg=audit(1769264552.273:7507): item=1 name="/lib64/ld-linux-x86-64.so.2" inode=1575340 dev=08:02 mode=0100755 ouid=0 ogid=0 rdev=00:00 nametype=NORMAL cap_fp=0 cap_fi=0 cap_fe=0 cap_fver=0 cap_frootid=0OUID="root" OGID="root"
type=PROCTITLE msg=audit(1769264552.274:7508): proctitle=73656400732F203D3D205C282E2A5C29203D3D2F3A5C312F
type=PROCTITLE msg=audit(1769264552.273:7507): proctitle=73656400732F5C285B5B3A616C6E756D3A5D5D5C2B5C295C205C2B5B5B3A64696769743A5D5D5C2B5C205C2B5B5B3A64696769743A5D5D5C2B5C205C2B5C282E2A5C293A5C285B5B3A64696769743A5D5D2A5C295C205C2B5C285B302D395C2E5C3A5C2A5D5C2B5C292E5C2B5C205C285B5B3A64696769743A5D5D2A5C2F5B5B
type=SYSCALL msg=audit(1769264552.277:7509): arch=c000003e syscall=59 success=yes exit=0 a0=630401d9cb38 a1=630401d9c8e0 a2=630401d9c8f8 a3=1 items=2 ppid=12160 pid=12165 auid=4294967295 uid=0 gid=124 euid=0 suid=0 fsuid=0 egid=124 sgid=124 fsgid=124 tty=(none) ses=4294967295 comm="sed" exe="/usr/bin/sed" subj=unconfined key="process_exec"ARCH=x86_64 SYSCALL=execve AUID="unset" UID="root" GID="wazuh" EUID="root" SUID="root" FSUID="root" EGID="wazuh" SGID="wazuh" FSGID="wazuh"
type=EXECVE msg=audit(1769264552.277:7509): argc=2 a0="sed" a1="1,2d"
type=CWD msg=audit(1769264552.277:7509): cwd="/var/ossec"
type=PATH msg=audit(1769264552.277:7509): item=0 name="/usr/bin/sed" inode=1574197 dev=08:02 mode=0100755 ouid=0 ogid=0 rdev=00:00 nametype=NORMAL cap_fp=0 cap_fi=0 cap_fe=0 cap_fver=0 cap_frootid=0OUID="root" OGID="root"
type=PATH msg=audit(1769264552.277:7509): item=1 name="/lib64/ld-linux-x86-64.so.2" inode=1575340 dev=08:02 mode=0100755 ouid=0 ogid=0 rdev=00:00 nametype=NORMAL cap_fp=0 cap_fi=0 cap_fe=0 cap_fver=0 cap_frootid=0OUID="root" OGID="root"
type=PROCTITLE msg=audit(1769264552.277:7509): proctitle=73656400312C3264
type=SYSCALL msg=audit(1769264552.427:7510): arch=c000003e syscall=59 success=yes exit=0 a0=74c22bfcb42f a1=74c2295d9ca0 a2=7fff226f4908 a3=8 items=2 ppid=4679 pid=12166 auid=4294967295 uid=0 gid=124 euid=0 suid=0 fsuid=0 egid=124 sgid=124 fsgid=124 tty=(none) ses=4294967295 comm="sh" exe="/usr/bin/dash" subj=unconfined key="process_exec"ARCH=x86_64 SYSCALL=execve AUID="unset" UID="root" GID="wazuh" EUID="root" SUID="root" FSUID="root" EGID="wazuh" SGID="wazuh" FSGID="wazuh"
type=EXECVE msg=audit(1769264552.427:7510): argc=4 a0="sh" a1="-c" a2="--" a3=6C617374202D6E203230
type=CWD msg=audit(1769264552.427:7510): cwd="/var/ossec"
type=PATH msg=audit(1769264552.427:7510): item=0 name="/bin/sh" inode=1573518 dev=08:02 mode=0100755 ouid=0 ogid=0 rdev=00:00 nametype=NORMAL cap_fp=0 cap_fi=0 cap_fe=0 cap_fver=0 cap_frootid=0OUID="root" OGID="root"
type=PATH msg=audit(1769264552.427:7510): item=1 name="/lib64/ld-linux-x86-64.so.2" inode=1575340 dev=08:02 mode=0100755 ouid=0 ogid=0 rdev=00:00 nametype=NORMAL cap_fp=0 cap_fi=0 cap_fe=0 cap_fver=0 cap_frootid=0OUID="root" OGID="root"
type=PROCTITLE msg=audit(1769264552.427:7510): proctitle=7368002D63002D2D006C617374202D6E203230
type=SYSCALL msg=audit(1769264552.454:7511): arch=c000003e syscall=59 success=yes exit=0 a0=6222ce7a6618 a1=6222ce7a65a0 a2=6222ce7a65c0 a3=8 items=2 ppid=12166 pid=12167 auid=4294967295 uid=0 gid=124 euid=0 suid=0 fsuid=0 egid=124 sgid=124 fsgid=124 tty=(none) ses=4294967295 comm="last" exe="/usr/bin/last" subj=unconfined key="process_exec"ARCH=x86_64 SYSCALL=execve AUID="unset" UID="root" GID="wazuh" EUID="root" SUID="root" FSUID="root" EGID="wazuh" SGID="wazuh" FSGID="wazuh"
type=EXECVE msg=audit(1769264552.454:7511): argc=3 a0="last" a1="-n" a2="20"
type=CWD msg=audit(1769264552.454:7511): cwd="/var/ossec"
type=PATH msg=audit(1769264552.454:7511): item=0 name="/usr/bin/last" inode=1578261 dev=08:02 mode=0100755 ouid=0 ogid=0 rdev=00:00 nametype=NORMAL cap_fp=0 cap_fi=0 cap_fe=0 cap_fver=0 cap_frootid=0OUID="root" OGID="root"
type=PATH msg=audit(1769264552.454:7511): item=1 name="/lib64/ld-linux-x86-64.so.2" inode=1575340 dev=08:02 mode=0100755 ouid=0 ogid=0 rdev=00:00 nametype=NORMAL cap_fp=0 cap_fi=0 cap_fe=0 cap_fver=0 cap_frootid=0OUID="root" OGID="root"
type=PROCTITLE msg=audit(1769264552.454:7511): proctitle=6C617374002D6E003230
type=SYSCALL msg=audit(1769264575.746:7512): arch=c000003e syscall=59 success=yes exit=0 a0=5959851a2600 a1=59598519ff60 a2=59598519a520 a3=5959851a0860 items=2 ppid=11882 pid=12171 auid=1000 uid=0 gid=0 euid=0 suid=0 fsuid=0 egid=0 sgid=0 fsgid=0 tty=pts1 ses=3 comm="mkdir" exe="/usr/bin/mkdir" subj=unconfined key="process_exec"ARCH=x86_64 SYSCALL=execve AUID="heroic" UID="root" GID="root" EUID="root" SUID="root" FSUID="root" EGID="root" SGID="root" FSGID="root"
type=EXECVE msg=audit(1769264575.746:7512): argc=3 a0="mkdir" a1="-p" a2="/root/hids_benign"
type=CWD msg=audit(1769264575.746:7512): cwd=2F726F6F742F686964735F62656E69676E202864656C6574656429
type=PATH msg=audit(1769264575.746:7512): item=0 name="/usr/bin/mkdir" inode=1578106 dev=08:02 mode=0100755 ouid=0 ogid=0 rdev=00:00 nametype=NORMAL cap_fp=0 cap_fi=0 cap_fe=0 cap_fver=0 cap_frootid=0OUID="root" OGID="root"
type=PATH msg=audit(1769264575.746:7512): item=1 name="/lib64/ld-linux-x86-64.so.2" inode=1575340 dev=08:02 mode=0100755 ouid=0 ogid=0 rdev=00:00 nametype=NORMAL cap_fp=0 cap_fi=0 cap_fe=0 cap_fver=0 cap_frootid=0OUID="root" OGID="root"
type=PROCTITLE msg=audit(1769264575.746:7512): proctitle=6D6B646972002D70002F726F6F742F686964735F62656E69676E
type=SYSCALL msg=audit(1769264575.766:7513): arch=c000003e syscall=59 success=yes exit=0 a0=5959851a2320 a1=5959851a2240 a2=59598519a520 a3=5959851a2240 items=2 ppid=11882 pid=12172 auid=1000 uid=0 gid=0 euid=0 suid=0 fsuid=0 egid=0 sgid=0 fsgid=0 tty=pts1 ses=3 comm="cat" exe="/usr/bin/cat" subj=unconfined key="process_exec"ARCH=x86_64 SYSCALL=execve AUID="heroic" UID="root" GID="root" EUID="root" SUID="root" FSUID="root" EGID="root" SGID="root" FSGID="root"
type=EXECVE msg=audit(1769264575.766:7513): argc=2 a0="cat" a1="file_1.txt"
type=CWD msg=audit(1769264575.766:7513): cwd="/root/hids_benign"
type=PATH msg=audit(1769264575.766:7513): item=0 name="/usr/bin/cat" inode=1578016 dev=08:02 mode=0100755 ouid=0 ogid=0 rdev=00:00 nametype=NORMAL cap_fp=0 cap_fi=0 cap_fe=0 cap_fver=0 cap_frootid=0OUID="root" OGID="root"
type=PATH msg=audit(1769264575.766:7513): item=1 name="/lib64/ld-linux-x86-64.so.2" inode=1575340 dev=08:02 mode=0100755 ouid=0 ogid=0 rdev=00:00 nametype=NORMAL cap_fp=0 cap_fi=0 cap_fe=0 cap_fver=0 cap_frootid=0OUID="root" OGID="root"
type=PROCTITLE msg=audit(1769264575.766:7513): proctitle=6361740066696C655F312E747874
type=SYSCALL msg=audit(1769264575.805:7514): arch=c000003e syscall=59 success=yes exit=0 a0=5959851a2240 a1=59598519f6b0 a2=59598519a520 a3=59598519f6b0 items=2 ppid=11882 pid=12173 auid=1000 uid=0 gid=0 euid=0 suid=0 fsuid=0 egid=0 sgid=0 fsgid=0 tty=pts1 ses=3 comm="cat" exe="/usr/bin/cat" subj=unconfined key="process_exec"ARCH=x86_64 SYSCALL=execve AUID="heroic" UID="root" GID="root" EUID="root" SUID="root" FSUID="root" EGID="root" SGID="root" FSGID="root"
type=EXECVE msg=audit(1769264575.805:7514): argc=2 a0="cat" a1="file_2.txt"
type=CWD msg=audit(1769264575.805:7514): cwd="/root/hids_benign"
type=PATH msg=audit(1769264575.805:7514): item=0 name="/usr/bin/cat" inode=1578016 dev=08:02 mode=0100755 ouid=0 ogid=0 rdev=00:00 nametype=NORMAL cap_fp=0 cap_fi=0 cap_fe=0 cap_fver=0 cap_frootid=0OUID="root" OGID="root"
type=PATH msg=audit(1769264575.805:7514): item=1 name="/lib64/ld-linux-x86-64.so.2" inode=1575340 dev=08:02 mode=0100755 ouid=0 ogid=0 rdev=00:00 nametype=NORMAL cap_fp=0 cap_fi=0 cap_fe=0 cap_fver=0 cap_frootid=0OUID="root" OGID="root"
type=PROCTITLE msg=audit(1769264575.805:7514): proctitle=6361740066696C655F322E747874
type=SYSCALL msg=audit(1769264575.825:7515): arch=c000003e syscall=59 success=yes exit=0 a0=59598519f6b0 a1=5959851a2320 a2=59598519a520 a3=5959851a2320 items=2 ppid=11882 pid=12174 auid=1000 uid=0 gid=0 euid=0 suid=0 fsuid=0 egid=0 sgid=0 fsgid=0 tty=pts1 ses=3 comm="cat" exe="/usr/bin/cat" subj=unconfined key="process_exec"ARCH=x86_64 SYSCALL=execve AUID="heroic" UID="root" GID="root" EUID="root" SUID="root" FSUID="root" EGID="root" SGID="root" FSGID="root"
type=EXECVE msg=audit(1769264575.825:7515): argc=2 a0="cat" a1="file_3.txt"
type=CWD msg=audit(1769264575.825:7515): cwd="/root/hids_benign"
type=PATH msg=audit(1769264575.825:7515): item=0 name="/usr/bin/cat" inode=1578016 dev=08:02 mode=0100755 ouid=0 ogid=0 rdev=00:00 nametype=NORMAL cap_fp=0 cap_fi=0 cap_fe=0 cap_fver=0 cap_frootid=0OUID="root" OGID="root"
type=PATH msg=audit(1769264575.825:7515): item=1 name="/lib64/ld-linux-x86-64.so.2" inode=1575340 dev=08:02 mode=0100755 ouid=0 ogid=0 rdev=00:00 nametype=NORMAL cap_fp=0 cap_fi=0 cap_fe=0 cap_fver=0 cap_frootid=0OUID="root" OGID="root"
type=PROCTITLE msg=audit(1769264575.825:7515): proctitle=6361740066696C655F332E747874
type=SYSCALL msg=audit(1769264575.843:7516): arch=c000003e syscall=59 success=yes exit=0 a0=5959851a2320 a1=5959851a2240 a2=59598519a520 a3=5959851a2240 items=2 ppid=11882 pid=12175 auid=1000 uid=0 gid=0 euid=0 suid=0 fsuid=0 egid=0 sgid=0 fsgid=0 tty=pts1 ses=3 comm="cat" exe="/usr/bin/cat" subj=unconfined key="process_exec"ARCH=x86_64 SYSCALL=execve AUID="heroic" UID="root" GID="root" EUID="root" SUID="root" FSUID="root" EGID="root" SGID="root" FSGID="root"
type=EXECVE msg=audit(1769264575.843:7516): argc=2 a0="cat" a1="file_4.txt"
type=CWD msg=audit(1769264575.843:7516): cwd="/root/hids_benign"
type=PATH msg=audit(1769264575.843:7516): item=0 name="/usr/bin/cat" inode=1578016 dev=08:02 mode=0100755 ouid=0 ogid=0 rdev=00:00 nametype=NORMAL cap_fp=0 cap_fi=0 cap_fe=0 cap_fver=0 cap_frootid=0OUID="root" OGID="root"
type=PATH msg=audit(1769264575.843:7516): item=1 name="/lib64/ld-linux-x86-64.so.2" inode=1575340 dev=08:02 mode=0100755 ouid=0 ogid=0 rdev=00:00 nametype=NORMAL cap_fp=0 cap_fi=0 cap_fe=0 cap_fver=0 cap_frootid=0OUID="root" OGID="root"
type=PROCTITLE msg=audit(1769264575.843:7516): proctitle=6361740066696C655F342E747874
type=SYSCALL msg=audit(1769264575.857:7517): arch=c000003e syscall=59 success=yes exit=0 a0=5959851a2240 a1=59598519f6b0 a2=59598519a520 a3=59598519f6b0 items=2 ppid=11882 pid=12176 auid=1000 uid=0 gid=0 euid=0 suid=0 fsuid=0 egid=0 sgid=0 fsgid=0 tty=pts1 ses=3 comm="cat" exe="/usr/bin/cat" subj=unconfined key="process_exec"ARCH=x86_64 SYSCALL=execve AUID="heroic" UID="root" GID="root" EUID="root" SUID="root" FSUID="root" EGID="root" SGID="root" FSGID="root"
type=EXECVE msg=audit(1769264575.857:7517): argc=2 a0="cat" a1="file_5.txt"
type=CWD msg=audit(1769264575.857:7517): cwd="/root/hids_benign"
type=PATH msg=audit(1769264575.857:7517): item=0 name="/usr/bin/cat" inode=1578016 dev=08:02 mode=0100755 ouid=0 ogid=0 rdev=00:00 nametype=NORMAL cap_fp=0 cap_fi=0 cap_fe=0 cap_fver=0 cap_frootid=0OUID="root" OGID="root"
type=PATH msg=audit(1769264575.857:7517): item=1 name="/lib64/ld-linux-x86-64.so.2" inode=1575340 dev=08:02 mode=0100755 ouid=0 ogid=0 rdev=00:00 nametype=NORMAL cap_fp=0 cap_fi=0 cap_fe=0 cap_fver=0 cap_frootid=0OUID="root" OGID="root"
type=PROCTITLE msg=audit(1769264575.857:7517): proctitle=6361740066696C655F352E747874
type=SYSCALL msg=audit(1769264575.872:7518): arch=c000003e syscall=59 success=yes exit=0 a0=59598519f6b0 a1=5959851a2320 a2=59598519a520 a3=5959851a2320 items=2 ppid=11882 pid=12177 auid=1000 uid=0 gid=0 euid=0 suid=0 fsuid=0 egid=0 sgid=0 fsgid=0 tty=pts1 ses=3 comm="cat" exe="/usr/bin/cat" subj=unconfined key="process_exec"ARCH=x86_64 SYSCALL=execve AUID="heroic" UID="root" GID="root" EUID="root" SUID="root" FSUID="root" EGID="root" SGID="root" FSGID="root"
type=EXECVE msg=audit(1769264575.872:7518): argc=2 a0="cat" a1="file_6.txt"
type=CWD msg=audit(1769264575.872:7518): cwd="/root/hids_benign"
type=PATH msg=audit(1769264575.872:7518): item=0 name="/usr/bin/cat" inode=1578016 dev=08:02 mode=0100755 ouid=0 ogid=0 rdev=00:00 nametype=NORMAL cap_fp=0 cap_fi=0 cap_fe=0 cap_fver=0 cap_frootid=0OUID="root" OGID="root"
type=PATH msg=audit(1769264575.872:7518): item=1 name="/lib64/ld-linux-x86-64.so.2" inode=1575340 dev=08:02 mode=0100755 ouid=0 ogid=0 rdev=00:00 nametype=NORMAL cap_fp=0 cap_fi=0 cap_fe=0 cap_fver=0 cap_frootid=0OUID="root" OGID="root"
type=PROCTITLE msg=audit(1769264575.872:7518): proctitle=6361740066696C655F362E747874
type=SYSCALL msg=audit(1769264575.899:7519): arch=c000003e syscall=59 success=yes exit=0 a0=5959851a2320 a1=5959851a2240 a2=59598519a520 a3=5959851a2240 items=2 ppid=11882 pid=12178 auid=1000 uid=0 gid=0 euid=0 suid=0 fsuid=0 egid=0 sgid=0 fsgid=0 tty=pts1 ses=3 comm="cat" exe="/usr/bin/cat" subj=unconfined key="process_exec"ARCH=x86_64 SYSCALL=execve AUID="heroic" UID="root" GID="root" EUID="root" SUID="root" FSUID="root" EGID="root" SGID="root" FSGID="root"
type=EXECVE msg=audit(1769264575.899:7519): argc=2 a0="cat" a1="file_7.txt"
type=CWD msg=audit(1769264575.899:7519): cwd="/root/hids_benign"
type=PATH msg=audit(1769264575.899:7519): item=0 name="/usr/bin/cat" inode=1578016 dev=08:02 mode=0100755 ouid=0 ogid=0 rdev=00:00 nametype=NORMAL cap_fp=0 cap_fi=0 cap_fe=0 cap_fver=0 cap_frootid=0OUID="root" OGID="root"
type=PATH msg=audit(1769264575.899:7519): item=1 name="/lib64/ld-linux-x86-64.so.2" inode=1575340 dev=08:02 mode=0100755 ouid=0 ogid=0 rdev=00:00 nametype=NORMAL cap_fp=0 cap_fi=0 cap_fe=0 cap_fver=0 cap_frootid=0OUID="root" OGID="root"
type=PROCTITLE msg=audit(1769264575.899:7519): proctitle=6361740066696C655F372E747874
type=SYSCALL msg=audit(1769264575.919:7520): arch=c000003e syscall=59 success=yes exit=0 a0=5959851a2240 a1=59598519f6b0 a2=59598519a520 a3=59598519f6b0 items=2 ppid=11882 pid=12179 auid=1000 uid=0 gid=0 euid=0 suid=0 fsuid=0 egid=0 sgid=0 fsgid=0 tty=pts1 ses=3 comm="cat" exe="/usr/bin/cat" subj=unconfined key="process_exec"ARCH=x86_64 SYSCALL=execve AUID="heroic" UID="root" GID="root" EUID="root" SUID="root" FSUID="root" EGID="root" SGID="root" FSGID="root"
type=EXECVE msg=audit(1769264575.919:7520): argc=2 a0="cat" a1="file_8.txt"
type=CWD msg=audit(1769264575.919:7520): cwd="/root/hids_benign"
type=PATH msg=audit(1769264575.919:7520): item=0 name="/usr/bin/cat" inode=1578016 dev=08:02 mode=0100755 ouid=0 ogid=0 rdev=00:00 nametype=NORMAL cap_fp=0 cap_fi=0 cap_fe=0 cap_fver=0 cap_frootid=0OUID="root" OGID="root"
type=PATH msg=audit(1769264575.919:7520): item=1 name="/lib64/ld-linux-x86-64.so.2" inode=1575340 dev=08:02 mode=0100755 ouid=0 ogid=0 rdev=00:00 nametype=NORMAL cap_fp=0 cap_fi=0 cap_fe=0 cap_fver=0 cap_frootid=0OUID="root" OGID="root"
type=PROCTITLE msg=audit(1769264575.919:7520): proctitle=6361740066696C655F382E747874
type=SYSCALL msg=audit(1769264575.940:7521): arch=c000003e syscall=59 success=yes exit=0 a0=59598519f6b0 a1=5959851a2320 a2=59598519a520 a3=5959851a2320 items=2 ppid=11882 pid=12180 auid=1000 uid=0 gid=0 euid=0 suid=0 fsuid=0 egid=0 sgid=0 fsgid=0 tty=pts1 ses=3 comm="cat" exe="/usr/bin/cat" subj=unconfined key="process_exec"ARCH=x86_64 SYSCALL=execve AUID="heroic" UID="root" GID="root" EUID="root" SUID="root" FSUID="root" EGID="root" SGID="root" FSGID="root"
type=EXECVE msg=audit(1769264575.940:7521): argc=2 a0="cat" a1="file_9.txt"
type=CWD msg=audit(1769264575.940:7521): cwd="/root/hids_benign"
type=PATH msg=audit(1769264575.940:7521): item=0 name="/usr/bin/cat" inode=1578016 dev=08:02 mode=0100755 ouid=0 ogid=0 rdev=00:00 nametype=NORMAL cap_fp=0 cap_fi=0 cap_fe=0 cap_fver=0 cap_frootid=0OUID="root" OGID="root"
type=PATH msg=audit(1769264575.940:7521): item=1 name="/lib64/ld-linux-x86-64.so.2" inode=1575340 dev=08:02 mode=0100755 ouid=0 ogid=0 rdev=00:00 nametype=NORMAL cap_fp=0 cap_fi=0 cap_fe=0 cap_fver=0 cap_frootid=0OUID="root" OGID="root"
type=PROCTITLE msg=audit(1769264575.940:7521): proctitle=6361740066696C655F392E747874
type=SYSCALL msg=audit(1769264575.952:7522): arch=c000003e syscall=59 success=yes exit=0 a0=5959851a2320 a1=5959851a2240 a2=59598519a520 a3=5959851a2240 items=2 ppid=11882 pid=12181 auid=1000 uid=0 gid=0 euid=0 suid=0 fsuid=0 egid=0 sgid=0 fsgid=0 tty=pts1 ses=3 comm="cat" exe="/usr/bin/cat" subj=unconfined key="process_exec"ARCH=x86_64 SYSCALL=execve AUID="heroic" UID="root" GID="root" EUID="root" SUID="root" FSUID="root" EGID="root" SGID="root" FSGID="root"
type=EXECVE msg=audit(1769264575.952:7522): argc=2 a0="cat" a1="file_10.txt"
type=CWD msg=audit(1769264575.952:7522): cwd="/root/hids_benign"
type=PATH msg=audit(1769264575.952:7522): item=0 name="/usr/bin/cat" inode=1578016 dev=08:02 mode=0100755 ouid=0 ogid=0 rdev=00:00 nametype=NORMAL cap_fp=0 cap_fi=0 cap_fe=0 cap_fver=0 cap_frootid=0OUID="root" OGID="root"
type=PATH msg=audit(1769264575.952:7522): item=1 name="/lib64/ld-linux-x86-64.so.2" inode=1575340 dev=08:02 mode=0100755 ouid=0 ogid=0 rdev=00:00 nametype=NORMAL cap_fp=0 cap_fi=0 cap_fe=0 cap_fver=0 cap_frootid=0OUID="root" OGID="root"
type=PROCTITLE msg=audit(1769264575.952:7522): proctitle=6361740066696C655F31302E747874
type=SYSCALL msg=audit(1769264575.966:7523): arch=c000003e syscall=59 success=yes exit=0 a0=5959851a3c40 a1=5959851a4000 a2=59598519a520 a3=0 items=2 ppid=11882 pid=12182 auid=1000 uid=0 gid=0 euid=0 suid=0 fsuid=0 egid=0 sgid=0 fsgid=0 tty=pts1 ses=3 comm="vim" exe="/usr/bin/vim.basic" subj=unconfined key="process_exec"ARCH=x86_64 SYSCALL=execve AUID="heroic" UID="root" GID="root" EUID="root" SUID="root" FSUID="root" EGID="root" SGID="root" FSGID="root"
type=EXECVE msg=audit(1769264575.966:7523): argc=3 a0="vim" a1="-es" a2="file_1.txt"
type=CWD msg=audit(1769264575.966:7523): cwd="/root/hids_benign"
type=PATH msg=audit(1769264575.966:7523): item=0 name="/usr/bin/vim" inode=1575517 dev=08:02 mode=0100755 ouid=0 ogid=0 rdev=00:00 nametype=NORMAL cap_fp=0 cap_fi=0 cap_fe=0 cap_fver=0 cap_frootid=0OUID="root" OGID="root"
type=PATH msg=audit(1769264575.966:7523): item=1 name="/lib64/ld-linux-x86-64.so.2" inode=1575340 dev=08:02 mode=0100755 ouid=0 ogid=0 rdev=00:00 nametype=NORMAL cap_fp=0 cap_fi=0 cap_fe=0 cap_fver=0 cap_frootid=0OUID="root" OGID="root"
type=PROCTITLE msg=audit(1769264575.966:7523): proctitle=76696D002D65730066696C655F312E747874
type=SYSCALL msg=audit(1769264576.013:7524): arch=c000003e syscall=59 success=yes exit=0 a0=59598519f590 a1=5959851a4000 a2=59598519a520 a3=0 items=2 ppid=11882 pid=12183 auid=1000 uid=0 gid=0 euid=0 suid=0 fsuid=0 egid=0 sgid=0 fsgid=0 tty=pts1 ses=3 comm="vim" exe="/usr/bin/vim.basic" subj=unconfined key="process_exec"ARCH=x86_64 SYSCALL=execve AUID="heroic" UID="root" GID="root" EUID="root" SUID="root" FSUID="root" EGID="root" SGID="root" FSGID="root"
type=EXECVE msg=audit(1769264576.013:7524): argc=3 a0="vim" a1="-es" a2="file_2.txt"
type=CWD msg=audit(1769264576.013:7524): cwd="/root/hids_benign"
type=PATH msg=audit(1769264576.013:7524): item=0 name="/usr/bin/vim" inode=1575517 dev=08:02 mode=0100755 ouid=0 ogid=0 rdev=00:00 nametype=NORMAL cap_fp=0 cap_fi=0 cap_fe=0 cap_fver=0 cap_frootid=0OUID="root" OGID="root"
type=PATH msg=audit(1769264576.013:7524): item=1 name="/lib64/ld-linux-x86-64.so.2" inode=1575340 dev=08:02 mode=0100755 ouid=0 ogid=0 rdev=00:00 nametype=NORMAL cap_fp=0 cap_fi=0 cap_fe=0 cap_fver=0 cap_frootid=0OUID="root" OGID="root"
type=PROCTITLE msg=audit(1769264576.013:7524): proctitle=76696D002D65730066696C655F322E747874
type=SYSCALL msg=audit(1769264576.058:7525): arch=c000003e syscall=59 success=yes exit=0 a0=59598519ff90 a1=5959851a4000 a2=59598519a520 a3=0 items=2 ppid=11882 pid=12184 auid=1000 uid=0 gid=0 euid=0 suid=0 fsuid=0 egid=0 sgid=0 fsgid=0 tty=pts1 ses=3 comm="vim" exe="/usr/bin/vim.basic" subj=unconfined key="process_exec"ARCH=x86_64 SYSCALL=execve AUID="heroic" UID="root" GID="root" EUID="root" SUID="root" FSUID="root" EGID="root" SGID="root" FSGID="root"
type=EXECVE msg=audit(1769264576.058:7525): argc=3 a0="vim" a1="-es" a2="file_3.txt"
type=CWD msg=audit(1769264576.058:7525): cwd="/root/hids_benign"
type=PATH msg=audit(1769264576.058:7525): item=0 name="/usr/bin/vim" inode=1575517 dev=08:02 mode=0100755 ouid=0 ogid=0 rdev=00:00 nametype=NORMAL cap_fp=0 cap_fi=0 cap_fe=0 cap_fver=0 cap_frootid=0OUID="root" OGID="root"
type=PATH msg=audit(1769264576.058:7525): item=1 name="/lib64/ld-linux-x86-64.so.2" inode=1575340 dev=08:02 mode=0100755 ouid=0 ogid=0 rdev=00:00 nametype=NORMAL cap_fp=0 cap_fi=0 cap_fe=0 cap_fver=0 cap_frootid=0OUID="root" OGID="root"
type=PROCTITLE msg=audit(1769264576.058:7525): proctitle=76696D002D65730066696C655F332E747874
type=SYSCALL msg=audit(1769264576.099:7526): arch=c000003e syscall=59 success=yes exit=0 a0=59598519f6b0 a1=5959851a4000 a2=59598519a520 a3=0 items=2 ppid=11882 pid=12185 auid=1000 uid=0 gid=0 euid=0 suid=0 fsuid=0 egid=0 sgid=0 fsgid=0 tty=pts1 ses=3 comm="vim" exe="/usr/bin/vim.basic" subj=unconfined key="process_exec"ARCH=x86_64 SYSCALL=execve AUID="heroic" UID="root" GID="root" EUID="root" SUID="root" FSUID="root" EGID="root" SGID="root" FSGID="root"
type=EXECVE msg=audit(1769264576.099:7526): argc=3 a0="vim" a1="-es" a2="file_4.txt"
type=CWD msg=audit(1769264576.099:7526): cwd="/root/hids_benign"
type=PATH msg=audit(1769264576.099:7526): item=0 name="/usr/bin/vim" inode=1575517 dev=08:02 mode=0100755 ouid=0 ogid=0 rdev=00:00 nametype=NORMAL cap_fp=0 cap_fi=0 cap_fe=0 cap_fver=0 cap_frootid=0OUID="root" OGID="root"
type=PATH msg=audit(1769264576.099:7526): item=1 name="/lib64/ld-linux-x86-64.so.2" inode=1575340 dev=08:02 mode=0100755 ouid=0 ogid=0 rdev=00:00 nametype=NORMAL cap_fp=0 cap_fi=0 cap_fe=0 cap_fver=0 cap_frootid=0OUID="root" OGID="root"
type=PROCTITLE msg=audit(1769264576.099:7526): proctitle=76696D002D65730066696C655F342E747874
type=SYSCALL msg=audit(1769264576.163:7527): arch=c000003e syscall=59 success=yes exit=0 a0=5959851a3c40 a1=5959851a4000 a2=59598519a520 a3=0 items=2 ppid=11882 pid=12186 auid=1000 uid=0 gid=0 euid=0 suid=0 fsuid=0 egid=0 sgid=0 fsgid=0 tty=pts1 ses=3 comm="vim" exe="/usr/bin/vim.basic" subj=unconfined key="process_exec"ARCH=x86_64 SYSCALL=execve AUID="heroic" UID="root" GID="root" EUID="root" SUID="root" FSUID="root" EGID="root" SGID="root" FSGID="root"
type=EXECVE msg=audit(1769264576.163:7527): argc=3 a0="vim" a1="-es" a2="file_5.txt"
type=CWD msg=audit(1769264576.163:7527): cwd="/root/hids_benign"
type=PATH msg=audit(1769264576.163:7527): item=0 name="/usr/bin/vim" inode=1575517 dev=08:02 mode=0100755 ouid=0 ogid=0 rdev=00:00 nametype=NORMAL cap_fp=0 cap_fi=0 cap_fe=0 cap_fver=0 cap_frootid=0OUID="root" OGID="root"
type=PATH msg=audit(1769264576.163:7527): item=1 name="/lib64/ld-linux-x86-64.so.2" inode=1575340 dev=08:02 mode=0100755 ouid=0 ogid=0 rdev=00:00 nametype=NORMAL cap_fp=0 cap_fi=0 cap_fe=0 cap_fver=0 cap_frootid=0OUID="root" OGID="root"
type=PROCTITLE msg=audit(1769264576.163:7527): proctitle=76696D002D65730066696C655F352E747874
type=SYSCALL msg=audit(1769264576.242:7528): arch=c000003e syscall=59 success=yes exit=0 a0=5959851a2600 a1=59598519ff90 a2=59598519a520 a3=59598519ff90 items=2 ppid=11882 pid=12187 auid=1000 uid=0 gid=0 euid=0 suid=0 fsuid=0 egid=0 sgid=0 fsgid=0 tty=pts1 ses=3 comm="ls" exe="/usr/bin/ls" subj=unconfined key="process_exec"ARCH=x86_64 SYSCALL=execve AUID="heroic" UID="root" GID="root" EUID="root" SUID="root" FSUID="root" EGID="root" SGID="root" FSGID="root"
type=EXECVE msg=audit(1769264576.242:7528): argc=2 a0="ls" a1="-la"
type=CWD msg=audit(1769264576.242:7528): cwd="/root/hids_benign"
type=PATH msg=audit(1769264576.242:7528): item=0 name="/usr/bin/ls" inode=1578104 dev=08:02 mode=0100755 ouid=0 ogid=0 rdev=00:00 nametype=NORMAL cap_fp=0 cap_fi=0 cap_fe=0 cap_fver=0 cap_frootid=0OUID="root" OGID="root"
type=PATH msg=audit(1769264576.242:7528): item=1 name="/lib64/ld-linux-x86-64.so.2" inode=1575340 dev=08:02 mode=0100755 ouid=0 ogid=0 rdev=00:00 nametype=NORMAL cap_fp=0 cap_fi=0 cap_fe=0 cap_fver=0 cap_frootid=0OUID="root" OGID="root"
type=PROCTITLE msg=audit(1769264576.242:7528): proctitle=6C73002D6C61
type=SYSCALL msg=audit(1769264576.265:7529): arch=c000003e syscall=59 success=yes exit=0 a0=59598519cd20 a1=5959851a0450 a2=59598519a520 a3=5959851a1fe0 items=2 ppid=11882 pid=12188 auid=1000 uid=0 gid=0 euid=0 suid=0 fsuid=0 egid=0 sgid=0 fsgid=0 tty=pts1 ses=3 comm="ls" exe="/usr/bin/ls" subj=unconfined key="process_exec"ARCH=x86_64 SYSCALL=execve AUID="heroic" UID="root" GID="root" EUID="root" SUID="root" FSUID="root" EGID="root" SGID="root" FSGID="root"
type=EXECVE msg=audit(1769264576.265:7529): argc=2 a0="ls" a1="-la"
type=CWD msg=audit(1769264576.265:7529): cwd="/root/hids_benign"
type=PATH msg=audit(1769264576.265:7529): item=0 name="/usr/bin/ls" inode=1578104 dev=08:02 mode=0100755 ouid=0 ogid=0 rdev=00:00 nametype=NORMAL cap_fp=0 cap_fi=0 cap_fe=0 cap_fver=0 cap_frootid=0OUID="root" OGID="root"
type=PATH msg=audit(1769264576.265:7529): item=1 name="/lib64/ld-linux-x86-64.so.2" inode=1575340 dev=08:02 mode=0100755 ouid=0 ogid=0 rdev=00:00 nametype=NORMAL cap_fp=0 cap_fi=0 cap_fe=0 cap_fver=0 cap_frootid=0OUID="root" OGID="root"
type=PROCTITLE msg=audit(1769264576.265:7529): proctitle=6C73002D6C61
type=SYSCALL msg=audit(1769264576.313:7530): arch=c000003e syscall=59 success=yes exit=0 a0=5959851a3c40 a1=5959851a0450 a2=59598519a520 a3=5959851a2540 items=2 ppid=11882 pid=12189 auid=1000 uid=0 gid=0 euid=0 suid=0 fsuid=0 egid=0 sgid=0 fsgid=0 tty=pts1 ses=3 comm="ls" exe="/usr/bin/ls" subj=unconfined key="process_exec"ARCH=x86_64 SYSCALL=execve AUID="heroic" UID="root" GID="root" EUID="root" SUID="root" FSUID="root" EGID="root" SGID="root" FSGID="root"
type=EXECVE msg=audit(1769264576.313:7530): argc=2 a0="ls" a1="-la"
type=CWD msg=audit(1769264576.313:7530): cwd="/root/hids_benign"
type=PATH msg=audit(1769264576.313:7530): item=0 name="/usr/bin/ls" inode=1578104 dev=08:02 mode=0100755 ouid=0 ogid=0 rdev=00:00 nametype=NORMAL cap_fp=0 cap_fi=0 cap_fe=0 cap_fver=0 cap_frootid=0OUID="root" OGID="root"
type=PATH msg=audit(1769264576.313:7530): item=1 name="/lib64/ld-linux-x86-64.so.2" inode=1575340 dev=08:02 mode=0100755 ouid=0 ogid=0 rdev=00:00 nametype=NORMAL cap_fp=0 cap_fi=0 cap_fe=0 cap_fver=0 cap_frootid=0OUID="root" OGID="root"
type=PROCTITLE msg=audit(1769264576.313:7530): proctitle=6C73002D6C61
type=SYSCALL msg=audit(1769264576.340:7531): arch=c000003e syscall=59 success=yes exit=0 a0=5959851a37a0 a1=5959851a0450 a2=59598519a520 a3=5959851a2600 items=2 ppid=11882 pid=12190 auid=1000 uid=0 gid=0 euid=0 suid=0 fsuid=0 egid=0 sgid=0 fsgid=0 tty=pts1 ses=3 comm="ls" exe="/usr/bin/ls" subj=unconfined key="process_exec"ARCH=x86_64 SYSCALL=execve AUID="heroic" UID="root" GID="root" EUID="root" SUID="root" FSUID="root" EGID="root" SGID="root" FSGID="root"
type=EXECVE msg=audit(1769264576.340:7531): argc=2 a0="ls" a1="-la"
type=CWD msg=audit(1769264576.340:7531): cwd="/root/hids_benign"
type=PATH msg=audit(1769264576.340:7531): item=0 name="/usr/bin/ls" inode=1578104 dev=08:02 mode=0100755 ouid=0 ogid=0 rdev=00:00 nametype=NORMAL cap_fp=0 cap_fi=0 cap_fe=0 cap_fver=0 cap_frootid=0OUID="root" OGID="root"
type=PATH msg=audit(1769264576.340:7531): item=1 name="/lib64/ld-linux-x86-64.so.2" inode=1575340 dev=08:02 mode=0100755 ouid=0 ogid=0 rdev=00:00 nametype=NORMAL cap_fp=0 cap_fi=0 cap_fe=0 cap_fver=0 cap_frootid=0OUID="root" OGID="root"
type=PROCTITLE msg=audit(1769264576.340:7531): proctitle=6C73002D6C61
type=SYSCALL msg=audit(1769264576.357:7532): arch=c000003e syscall=59 success=yes exit=0 a0=5959851a2020 a1=5959851a0450 a2=59598519a520 a3=59598519cd20 items=2 ppid=11882 pid=12191 auid=1000 uid=0 gid=0 euid=0 suid=0 fsuid=0 egid=0 sgid=0 fsgid=0 tty=pts1 ses=3 comm="ls" exe="/usr/bin/ls" subj=unconfined key="process_exec"ARCH=x86_64 SYSCALL=execve AUID="heroic" UID="root" GID="root" EUID="root" SUID="root" FSUID="root" EGID="root" SGID="root" FSGID="root"
type=EXECVE msg=audit(1769264576.357:7532): argc=2 a0="ls" a1="-la"
type=CWD msg=audit(1769264576.357:7532): cwd="/root/hids_benign"
type=PATH msg=audit(1769264576.357:7532): item=0 name="/usr/bin/ls" inode=1578104 dev=08:02 mode=0100755 ouid=0 ogid=0 rdev=00:00 nametype=NORMAL cap_fp=0 cap_fi=0 cap_fe=0 cap_fver=0 cap_frootid=0OUID="root" OGID="root"
type=PATH msg=audit(1769264576.357:7532): item=1 name="/lib64/ld-linux-x86-64.so.2" inode=1575340 dev=08:02 mode=0100755 ouid=0 ogid=0 rdev=00:00 nametype=NORMAL cap_fp=0 cap_fi=0 cap_fe=0 cap_fver=0 cap_frootid=0OUID="root" OGID="root"
type=PROCTITLE msg=audit(1769264576.357:7532): proctitle=6C73002D6C61
type=SYSCALL msg=audit(1769264576.372:7533): arch=c000003e syscall=59 success=yes exit=0 a0=5959851a2600 a1=5959851a0010 a2=59598519a520 a3=5959851a3c40 items=2 ppid=11882 pid=12192 auid=1000 uid=0 gid=0 euid=0 suid=0 fsuid=0 egid=0 sgid=0 fsgid=0 tty=pts1 ses=3 comm="curl" exe="/usr/bin/curl" subj=unconfined key="process_exec"ARCH=x86_64 SYSCALL=execve AUID="heroic" UID="root" GID="root" EUID="root" SUID="root" FSUID="root" EGID="root" SGID="root" FSGID="root"
type=EXECVE msg=audit(1769264576.372:7533): argc=3 a0="curl" a1="-s" a2="https://example.com"
type=CWD msg=audit(1769264576.372:7533): cwd="/root/hids_benign"
type=PATH msg=audit(1769264576.372:7533): item=0 name="/usr/bin/curl" inode=1573697 dev=08:02 mode=0100755 ouid=0 ogid=0 rdev=00:00 nametype=NORMAL cap_fp=0 cap_fi=0 cap_fe=0 cap_fver=0 cap_frootid=0OUID="root" OGID="root"
type=PATH msg=audit(1769264576.372:7533): item=1 name="/lib64/ld-linux-x86-64.so.2" inode=1575340 dev=08:02 mode=0100755 ouid=0 ogid=0 rdev=00:00 nametype=NORMAL cap_fp=0 cap_fi=0 cap_fe=0 cap_fver=0 cap_frootid=0OUID="root" OGID="root"
type=PROCTITLE msg=audit(1769264576.372:7533): proctitle=6375726C002D730068747470733A2F2F6578616D706C652E636F6D
type=SYSCALL msg=audit(1769264576.678:7534): arch=c000003e syscall=59 success=yes exit=0 a0=5959851a0370 a1=59598519ffb0 a2=59598519a520 a3=5959851a3780 items=2 ppid=11882 pid=12194 auid=1000 uid=0 gid=0 euid=0 suid=0 fsuid=0 egid=0 sgid=0 fsgid=0 tty=pts1 ses=3 comm="ssh" exe="/usr/bin/ssh" subj=unconfined key="process_exec"ARCH=x86_64 SYSCALL=execve AUID="heroic" UID="root" GID="root" EUID="root" SUID="root" FSUID="root" EGID="root" SGID="root" FSGID="root"
type=EXECVE msg=audit(1769264576.678:7534): argc=5 a0="ssh" a1="-o" a2="BatchMode=yes" a3="localhost" a4=6563686F205353485F4F4B
type=CWD msg=audit(1769264576.678:7534): cwd="/root/hids_benign"
type=PATH msg=audit(1769264576.678:7534): item=0 name="/usr/bin/ssh" inode=1573390 dev=08:02 mode=0100755 ouid=0 ogid=0 rdev=00:00 nametype=NORMAL cap_fp=0 cap_fi=0 cap_fe=0 cap_fver=0 cap_frootid=0OUID="root" OGID="root"
type=PATH msg=audit(1769264576.678:7534): item=1 name="/lib64/ld-linux-x86-64.so.2" inode=1575340 dev=08:02 mode=0100755 ouid=0 ogid=0 rdev=00:00 nametype=NORMAL cap_fp=0 cap_fi=0 cap_fe=0 cap_fver=0 cap_frootid=0OUID="root" OGID="root"
type=PROCTITLE msg=audit(1769264576.678:7534): proctitle=737368002D6F0042617463684D6F64653D796573006C6F63616C686F7374006563686F205353485F4F4B
type=SYSCALL msg=audit(1769264576.721:7535): arch=c000003e syscall=59 success=yes exit=0 a0=5959851a3c40 a1=5959851a37a0 a2=59598519a520 a3=5959851a37a0 items=2 ppid=11882 pid=12195 auid=1000 uid=0 gid=0 euid=0 suid=0 fsuid=0 egid=0 sgid=0 fsgid=0 tty=pts1 ses=3 comm="sleep" exe="/usr/bin/sleep" subj=unconfined key="process_exec"ARCH=x86_64 SYSCALL=execve AUID="heroic" UID="root" GID="root" EUID="root" SUID="root" FSUID="root" EGID="root" SGID="root" FSGID="root"
type=EXECVE msg=audit(1769264576.721:7535): argc=2 a0="sleep" a1="5"
type=CWD msg=audit(1769264576.721:7535): cwd="/root/hids_benign"
type=PATH msg=audit(1769264576.721:7535): item=0 name="/usr/bin/sleep" inode=1578138 dev=08:02 mode=0100755 ouid=0 ogid=0 rdev=00:00 nametype=NORMAL cap_fp=0 cap_fi=0 cap_fe=0 cap_fver=0 cap_frootid=0OUID="root" OGID="root"
type=PATH msg=audit(1769264576.721:7535): item=1 name="/lib64/ld-linux-x86-64.so.2" inode=1575340 dev=08:02 mode=0100755 ouid=0 ogid=0 rdev=00:00 nametype=NORMAL cap_fp=0 cap_fi=0 cap_fe=0 cap_fver=0 cap_frootid=0OUID="root" OGID="root"
type=PROCTITLE msg=audit(1769264576.721:7535): proctitle=736C6565700035
type=SYSCALL msg=audit(1769264581.743:7536): arch=c000003e syscall=59 success=yes exit=0 a0=5959851a3c40 a1=5959851a0680 a2=59598519a520 a3=5959851a2640 items=2 ppid=11882 pid=12196 auid=1000 uid=0 gid=0 euid=0 suid=0 fsuid=0 egid=0 sgid=0 fsgid=0 tty=pts1 ses=3 comm="rm" exe="/usr/bin/rm" subj=unconfined key="process_exec"ARCH=x86_64 SYSCALL=execve AUID="heroic" UID="root" GID="root" EUID="root" SUID="root" FSUID="root" EGID="root" SGID="root" FSGID="root"
type=EXECVE msg=audit(1769264581.743:7536): argc=14 a0="rm" a1="-f" a2="file_10.txt" a3="file_1.txt" a4="file_2.txt" a5="file_3.txt" a6="file_4.txt" a7="file_5.txt" a8="file_6.txt" a9="file_7.txt" a10="file_8.txt" a11="file_9.txt" a12="webpage.html" a13="dir_list.log"
type=CWD msg=audit(1769264581.743:7536): cwd="/root/hids_benign"
type=PATH msg=audit(1769264581.743:7536): item=0 name="/usr/bin/rm" inode=1578127 dev=08:02 mode=0100755 ouid=0 ogid=0 rdev=00:00 nametype=NORMAL cap_fp=0 cap_fi=0 cap_fe=0 cap_fver=0 cap_frootid=0OUID="root" OGID="root"
type=PATH msg=audit(1769264581.743:7536): item=1 name="/lib64/ld-linux-x86-64.so.2" inode=1575340 dev=08:02 mode=0100755 ouid=0 ogid=0 rdev=00:00 nametype=NORMAL cap_fp=0 cap_fi=0 cap_fe=0 cap_fver=0 cap_frootid=0OUID="root" OGID="root"
type=PROCTITLE msg=audit(1769264581.743:7536): proctitle=726D002D660066696C655F31302E7478740066696C655F312E7478740066696C655F322E7478740066696C655F332E7478740066696C655F342E7478740066696C655F352E7478740066696C655F362E7478740066696C655F372E7478740066696C655F382E7478740066696C655F392E74787400776562706167652E68746D
type=SYSCALL msg=audit(1769264581.762:7537): arch=c000003e syscall=59 success=yes exit=0 a0=5959851a37a0 a1=5959851a3780 a2=59598519a520 a3=5959851a3780 items=2 ppid=11882 pid=12197 auid=1000 uid=0 gid=0 euid=0 suid=0 fsuid=0 egid=0 sgid=0 fsgid=0 tty=pts1 ses=3 comm="rmdir" exe="/usr/bin/rmdir" subj=unconfined key="process_exec"ARCH=x86_64 SYSCALL=execve AUID="heroic" UID="root" GID="root" EUID="root" SUID="root" FSUID="root" EGID="root" SGID="root" FSGID="root"
type=EXECVE msg=audit(1769264581.762:7537): argc=2 a0="rmdir" a1="/root/hids_benign"
type=CWD msg=audit(1769264581.762:7537): cwd="/root/hids_benign"
type=PATH msg=audit(1769264581.762:7537): item=0 name="/usr/bin/rmdir" inode=1578128 dev=08:02 mode=0100755 ouid=0 ogid=0 rdev=00:00 nametype=NORMAL cap_fp=0 cap_fi=0 cap_fe=0 cap_fver=0 cap_frootid=0OUID="root" OGID="root"
type=PATH msg=audit(1769264581.762:7537): item=1 name="/lib64/ld-linux-x86-64.so.2" inode=1575340 dev=08:02 mode=0100755 ouid=0 ogid=0 rdev=00:00 nametype=NORMAL cap_fp=0 cap_fi=0 cap_fe=0 cap_fver=0 cap_frootid=0OUID="root" OGID="root"
type=PROCTITLE msg=audit(1769264581.762:7537): proctitle=726D646972002F726F6F742F686964735F62656E69676E
type=SYSCALL msg=audit(1769264581.836:7538): arch=c000003e syscall=59 success=yes exit=0 a0=5959851a2600 a1=5959851a2020 a2=59598519a520 a3=5959851a2020 items=2 ppid=11882 pid=12198 auid=1000 uid=0 gid=0 euid=0 suid=0 fsuid=0 egid=0 sgid=0 fsgid=0 tty=pts1 ses=3 comm="sleep" exe="/usr/bin/sleep" subj=unconfined key="process_exec"ARCH=x86_64 SYSCALL=execve AUID="heroic" UID="root" GID="root" EUID="root" SUID="root" FSUID="root" EGID="root" SGID="root" FSGID="root"
type=EXECVE msg=audit(1769264581.836:7538): argc=2 a0="sleep" a1="60"
type=CWD msg=audit(1769264581.836:7538): cwd=2F726F6F742F686964735F62656E69676E202864656C6574656429
type=PATH msg=audit(1769264581.836:7538): item=0 name="/usr/bin/sleep" inode=1578138 dev=08:02 mode=0100755 ouid=0 ogid=0 rdev=00:00 nametype=NORMAL cap_fp=0 cap_fi=0 cap_fe=0 cap_fver=0 cap_frootid=0OUID="root" OGID="root"
type=PATH msg=audit(1769264581.836:7538): item=1 name="/lib64/ld-linux-x86-64.so.2" inode=1575340 dev=08:02 mode=0100755 ouid=0 ogid=0 rdev=00:00 nametype=NORMAL cap_fp=0 cap_fi=0 cap_fe=0 cap_fver=0 cap_frootid=0OUID="root" OGID="root"
type=PROCTITLE msg=audit(1769264581.836:7538): proctitle=736C656570003630
type=SYSCALL msg=audit(1769264641.852:7539): arch=c000003e syscall=59 success=yes exit=0 a0=5959851a28c0 a1=5959851a3d30 a2=59598519a520 a3=5959851a2340 items=2 ppid=11882 pid=12203 auid=1000 uid=0 gid=0 euid=0 suid=0 fsuid=0 egid=0 sgid=0 fsgid=0 tty=pts1 ses=3 comm="mkdir" exe="/usr/bin/mkdir" subj=unconfined key="process_exec"ARCH=x86_64 SYSCALL=execve AUID="heroic" UID="root" GID="root" EUID="root" SUID="root" FSUID="root" EGID="root" SGID="root" FSGID="root"
type=EXECVE msg=audit(1769264641.852:7539): argc=3 a0="mkdir" a1="-p" a2="/root/hids_benign"
type=CWD msg=audit(1769264641.852:7539): cwd=2F726F6F742F686964735F62656E69676E202864656C6574656429
type=PATH msg=audit(1769264641.852:7539): item=0 name="/usr/bin/mkdir" inode=1578106 dev=08:02 mode=0100755 ouid=0 ogid=0 rdev=00:00 nametype=NORMAL cap_fp=0 cap_fi=0 cap_fe=0 cap_fver=0 cap_frootid=0OUID="root" OGID="root"
type=PATH msg=audit(1769264641.852:7539): item=1 name="/lib64/ld-linux-x86-64.so.2" inode=1575340 dev=08:02 mode=0100755 ouid=0 ogid=0 rdev=00:00 nametype=NORMAL cap_fp=0 cap_fi=0 cap_fe=0 cap_fver=0 cap_frootid=0OUID="root" OGID="root"
type=PROCTITLE msg=audit(1769264641.852:7539): proctitle=6D6B646972002D70002F726F6F742F686964735F62656E69676E
type=SYSCALL msg=audit(1769264641.860:7540): arch=c000003e syscall=59 success=yes exit=0 a0=5959851a2d60 a1=5959851a3310 a2=59598519a520 a3=5959851a3310 items=2 ppid=11882 pid=12204 auid=1000 uid=0 gid=0 euid=0 suid=0 fsuid=0 egid=0 sgid=0 fsgid=0 tty=pts1 ses=3 comm="cat" exe="/usr/bin/cat" subj=unconfined key="process_exec"ARCH=x86_64 SYSCALL=execve AUID="heroic" UID="root" GID="root" EUID="root" SUID="root" FSUID="root" EGID="root" SGID="root" FSGID="root"
type=EXECVE msg=audit(1769264641.860:7540): argc=2 a0="cat" a1="file_1.txt"
type=CWD msg=audit(1769264641.860:7540): cwd="/root/hids_benign"
type=PATH msg=audit(1769264641.860:7540): item=0 name="/usr/bin/cat" inode=1578016 dev=08:02 mode=0100755 ouid=0 ogid=0 rdev=00:00 nametype=NORMAL cap_fp=0 cap_fi=0 cap_fe=0 cap_fver=0 cap_frootid=0OUID="root" OGID="root"
type=PATH msg=audit(1769264641.860:7540): item=1 name="/lib64/ld-linux-x86-64.so.2" inode=1575340 dev=08:02 mode=0100755 ouid=0 ogid=0 rdev=00:00 nametype=NORMAL cap_fp=0 cap_fi=0 cap_fe=0 cap_fver=0 cap_frootid=0OUID="root" OGID="root"
type=PROCTITLE msg=audit(1769264641.860:7540): proctitle=6361740066696C655F312E747874
type=SYSCALL msg=audit(1769264641.870:7541): arch=c000003e syscall=59 success=yes exit=0 a0=5959851a2d80 a1=59598519f6b0 a2=59598519a520 a3=59598519f6b0 items=2 ppid=11882 pid=12205 auid=1000 uid=0 gid=0 euid=0 suid=0 fsuid=0 egid=0 sgid=0 fsgid=0 tty=pts1 ses=3 comm="cat" exe="/usr/bin/cat" subj=unconfined key="process_exec"ARCH=x86_64 SYSCALL=execve AUID="heroic" UID="root" GID="root" EUID="root" SUID="root" FSUID="root" EGID="root" SGID="root" FSGID="root"
type=EXECVE msg=audit(1769264641.870:7541): argc=2 a0="cat" a1="file_2.txt"
type=CWD msg=audit(1769264641.870:7541): cwd="/root/hids_benign"
type=PATH msg=audit(1769264641.870:7541): item=0 name="/usr/bin/cat" inode=1578016 dev=08:02 mode=0100755 ouid=0 ogid=0 rdev=00:00 nametype=NORMAL cap_fp=0 cap_fi=0 cap_fe=0 cap_fver=0 cap_frootid=0OUID="root" OGID="root"
type=PATH msg=audit(1769264641.870:7541): item=1 name="/lib64/ld-linux-x86-64.so.2" inode=1575340 dev=08:02 mode=0100755 ouid=0 ogid=0 rdev=00:00 nametype=NORMAL cap_fp=0 cap_fi=0 cap_fe=0 cap_fver=0 cap_frootid=0OUID="root" OGID="root"
type=PROCTITLE msg=audit(1769264641.870:7541): proctitle=6361740066696C655F322E747874
type=SYSCALL msg=audit(1769264641.870:7542): arch=c000003e syscall=59 success=yes exit=0 a0=59598519f6b0 a1=5959851a2d60 a2=59598519a520 a3=5959851a2d60 items=2 ppid=11882 pid=12206 auid=1000 uid=0 gid=0 euid=0 suid=0 fsuid=0 egid=0 sgid=0 fsgid=0 tty=pts1 ses=3 comm="cat" exe="/usr/bin/cat" subj=unconfined key="process_exec"ARCH=x86_64 SYSCALL=execve AUID="heroic" UID="root" GID="root" EUID="root" SUID="root" FSUID="root" EGID="root" SGID="root" FSGID="root"
type=EXECVE msg=audit(1769264641.870:7542): argc=2 a0="cat" a1="file_3.txt"
type=CWD msg=audit(1769264641.870:7542): cwd="/root/hids_benign"
type=PATH msg=audit(1769264641.870:7542): item=0 name="/usr/bin/cat" inode=1578016 dev=08:02 mode=0100755 ouid=0 ogid=0 rdev=00:00 nametype=NORMAL cap_fp=0 cap_fi=0 cap_fe=0 cap_fver=0 cap_frootid=0OUID="root" OGID="root"
type=PATH msg=audit(1769264641.870:7542): item=1 name="/lib64/ld-linux-x86-64.so.2" inode=1575340 dev=08:02 mode=0100755 ouid=0 ogid=0 rdev=00:00 nametype=NORMAL cap_fp=0 cap_fi=0 cap_fe=0 cap_fver=0 cap_frootid=0OUID="root" OGID="root"
type=PROCTITLE msg=audit(1769264641.870:7542): proctitle=6361740066696C655F332E747874
type=SYSCALL msg=audit(1769264641.881:7543): arch=c000003e syscall=59 success=yes exit=0 a0=5959851a2d60 a1=5959851a2d80 a2=59598519a520 a3=5959851a2d80 items=2 ppid=11882 pid=12207 auid=1000 uid=0 gid=0 euid=0 suid=0 fsuid=0 egid=0 sgid=0 fsgid=0 tty=pts1 ses=3 comm="cat" exe="/usr/bin/cat" subj=unconfined key="process_exec"ARCH=x86_64 SYSCALL=execve AUID="heroic" UID="root" GID="root" EUID="root" SUID="root" FSUID="root" EGID="root" SGID="root" FSGID="root"
type=EXECVE msg=audit(1769264641.881:7543): argc=2 a0="cat" a1="file_4.txt"
type=CWD msg=audit(1769264641.881:7543): cwd="/root/hids_benign"
type=PATH msg=audit(1769264641.881:7543): item=0 name="/usr/bin/cat" inode=1578016 dev=08:02 mode=0100755 ouid=0 ogid=0 rdev=00:00 nametype=NORMAL cap_fp=0 cap_fi=0 cap_fe=0 cap_fver=0 cap_frootid=0OUID="root" OGID="root"
type=PATH msg=audit(1769264641.881:7543): item=1 name="/lib64/ld-linux-x86-64.so.2" inode=1575340 dev=08:02 mode=0100755 ouid=0 ogid=0 rdev=00:00 nametype=NORMAL cap_fp=0 cap_fi=0 cap_fe=0 cap_fver=0 cap_frootid=0OUID="root" OGID="root"
type=PROCTITLE msg=audit(1769264641.881:7543): proctitle=6361740066696C655F342E747874
type=SYSCALL msg=audit(1769264641.887:7544): arch=c000003e syscall=59 success=yes exit=0 a0=5959851a2d80 a1=59598519f6b0 a2=59598519a520 a3=59598519f6b0 items=2 ppid=11882 pid=12208 auid=1000 uid=0 gid=0 euid=0 suid=0 fsuid=0 egid=0 sgid=0 fsgid=0 tty=pts1 ses=3 comm="cat" exe="/usr/bin/cat" subj=unconfined key="process_exec"ARCH=x86_64 SYSCALL=execve AUID="heroic" UID="root" GID="root" EUID="root" SUID="root" FSUID="root" EGID="root" SGID="root" FSGID="root"
type=EXECVE msg=audit(1769264641.887:7544): argc=2 a0="cat" a1="file_5.txt"
type=CWD msg=audit(1769264641.887:7544): cwd="/root/hids_benign"
type=PATH msg=audit(1769264641.887:7544): item=0 name="/usr/bin/cat" inode=1578016 dev=08:02 mode=0100755 ouid=0 ogid=0 rdev=00:00 nametype=NORMAL cap_fp=0 cap_fi=0 cap_fe=0 cap_fver=0 cap_frootid=0OUID="root" OGID="root"
type=PATH msg=audit(1769264641.887:7544): item=1 name="/lib64/ld-linux-x86-64.so.2" inode=1575340 dev=08:02 mode=0100755 ouid=0 ogid=0 rdev=00:00 nametype=NORMAL cap_fp=0 cap_fi=0 cap_fe=0 cap_fver=0 cap_frootid=0OUID="root" OGID="root"
type=PROCTITLE msg=audit(1769264641.887:7544): proctitle=6361740066696C655F352E747874
type=SYSCALL msg=audit(1769264641.892:7545): arch=c000003e syscall=59 success=yes exit=0 a0=59598519f6b0 a1=5959851a2d60 a2=59598519a520 a3=5959851a2d60 items=2 ppid=11882 pid=12209 auid=1000 uid=0 gid=0 euid=0 suid=0 fsuid=0 egid=0 sgid=0 fsgid=0 tty=pts1 ses=3 comm="cat" exe="/usr/bin/cat" subj=unconfined key="process_exec"ARCH=x86_64 SYSCALL=execve AUID="heroic" UID="root" GID="root" EUID="root" SUID="root" FSUID="root" EGID="root" SGID="root" FSGID="root"
type=EXECVE msg=audit(1769264641.892:7545): argc=2 a0="cat" a1="file_6.txt"
type=CWD msg=audit(1769264641.892:7545): cwd="/root/hids_benign"
type=PATH msg=audit(1769264641.892:7545): item=0 name="/usr/bin/cat" inode=1578016 dev=08:02 mode=0100755 ouid=0 ogid=0 rdev=00:00 nametype=NORMAL cap_fp=0 cap_fi=0 cap_fe=0 cap_fver=0 cap_frootid=0OUID="root" OGID="root"
type=PATH msg=audit(1769264641.892:7545): item=1 name="/lib64/ld-linux-x86-64.so.2" inode=1575340 dev=08:02 mode=0100755 ouid=0 ogid=0 rdev=00:00 nametype=NORMAL cap_fp=0 cap_fi=0 cap_fe=0 cap_fver=0 cap_frootid=0OUID="root" OGID="root"
type=PROCTITLE msg=audit(1769264641.892:7545): proctitle=6361740066696C655F362E747874
type=SYSCALL msg=audit(1769264641.897:7546): arch=c000003e syscall=59 success=yes exit=0 a0=5959851a2d60 a1=5959851a2d80 a2=59598519a520 a3=5959851a2d80 items=2 ppid=11882 pid=12210 auid=1000 uid=0 gid=0 euid=0 suid=0 fsuid=0 egid=0 sgid=0 fsgid=0 tty=pts1 ses=3 comm="cat" exe="/usr/bin/cat" subj=unconfined key="process_exec"ARCH=x86_64 SYSCALL=execve AUID="heroic" UID="root" GID="root" EUID="root" SUID="root" FSUID="root" EGID="root" SGID="root" FSGID="root"
type=EXECVE msg=audit(1769264641.897:7546): argc=2 a0="cat" a1="file_7.txt"
type=CWD msg=audit(1769264641.897:7546): cwd="/root/hids_benign"
type=PATH msg=audit(1769264641.897:7546): item=0 name="/usr/bin/cat" inode=1578016 dev=08:02 mode=0100755 ouid=0 ogid=0 rdev=00:00 nametype=NORMAL cap_fp=0 cap_fi=0 cap_fe=0 cap_fver=0 cap_frootid=0OUID="root" OGID="root"
type=PATH msg=audit(1769264641.897:7546): item=1 name="/lib64/ld-linux-x86-64.so.2" inode=1575340 dev=08:02 mode=0100755 ouid=0 ogid=0 rdev=00:00 nametype=NORMAL cap_fp=0 cap_fi=0 cap_fe=0 cap_fver=0 cap_frootid=0OUID="root" OGID="root"
type=PROCTITLE msg=audit(1769264641.897:7546): proctitle=6361740066696C655F372E747874
type=SYSCALL msg=audit(1769264641.899:7547): arch=c000003e syscall=59 success=yes exit=0 a0=5959851a2d80 a1=59598519f6b0 a2=59598519a520 a3=59598519f6b0 items=2 ppid=11882 pid=12211 auid=1000 uid=0 gid=0 euid=0 suid=0 fsuid=0 egid=0 sgid=0 fsgid=0 tty=pts1 ses=3 comm="cat" exe="/usr/bin/cat" subj=unconfined key="process_exec"ARCH=x86_64 SYSCALL=execve AUID="heroic" UID="root" GID="root" EUID="root" SUID="root" FSUID="root" EGID="root" SGID="root" FSGID="root"
type=EXECVE msg=audit(1769264641.899:7547): argc=2 a0="cat" a1="file_8.txt"
type=CWD msg=audit(1769264641.899:7547): cwd="/root/hids_benign"
type=PATH msg=audit(1769264641.899:7547): item=0 name="/usr/bin/cat" inode=1578016 dev=08:02 mode=0100755 ouid=0 ogid=0 rdev=00:00 nametype=NORMAL cap_fp=0 cap_fi=0 cap_fe=0 cap_fver=0 cap_frootid=0OUID="root" OGID="root"
type=PATH msg=audit(1769264641.899:7547): item=1 name="/lib64/ld-linux-x86-64.so.2" inode=1575340 dev=08:02 mode=0100755 ouid=0 ogid=0 rdev=00:00 nametype=NORMAL cap_fp=0 cap_fi=0 cap_fe=0 cap_fver=0 cap_frootid=0OUID="root" OGID="root"
type=PROCTITLE msg=audit(1769264641.899:7547): proctitle=6361740066696C655F382E747874
type=SYSCALL msg=audit(1769264641.904:7548): arch=c000003e syscall=59 success=yes exit=0 a0=59598519f6b0 a1=5959851a2d60 a2=59598519a520 a3=5959851a2d60 items=2 ppid=11882 pid=12212 auid=1000 uid=0 gid=0 euid=0 suid=0 fsuid=0 egid=0 sgid=0 fsgid=0 tty=pts1 ses=3 comm="cat" exe="/usr/bin/cat" subj=unconfined key="process_exec"ARCH=x86_64 SYSCALL=execve AUID="heroic" UID="root" GID="root" EUID="root" SUID="root" FSUID="root" EGID="root" SGID="root" FSGID="root"
type=EXECVE msg=audit(1769264641.904:7548): argc=2 a0="cat" a1="file_9.txt"
type=CWD msg=audit(1769264641.904:7548): cwd="/root/hids_benign"
type=PATH msg=audit(1769264641.904:7548): item=0 name="/usr/bin/cat" inode=1578016 dev=08:02 mode=0100755 ouid=0 ogid=0 rdev=00:00 nametype=NORMAL cap_fp=0 cap_fi=0 cap_fe=0 cap_fver=0 cap_frootid=0OUID="root" OGID="root"
type=PATH msg=audit(1769264641.904:7548): item=1 name="/lib64/ld-linux-x86-64.so.2" inode=1575340 dev=08:02 mode=0100755 ouid=0 ogid=0 rdev=00:00 nametype=NORMAL cap_fp=0 cap_fi=0 cap_fe=0 cap_fver=0 cap_frootid=0OUID="root" OGID="root"
type=PROCTITLE msg=audit(1769264641.904:7548): proctitle=6361740066696C655F392E747874
type=SYSCALL msg=audit(1769264641.910:7549): arch=c000003e syscall=59 success=yes exit=0 a0=5959851a2d60 a1=5959851a2d80 a2=59598519a520 a3=5959851a2d80 items=2 ppid=11882 pid=12213 auid=1000 uid=0 gid=0 euid=0 suid=0 fsuid=0 egid=0 sgid=0 fsgid=0 tty=pts1 ses=3 comm="cat" exe="/usr/bin/cat" subj=unconfined key="process_exec"ARCH=x86_64 SYSCALL=execve AUID="heroic" UID="root" GID="root" EUID="root" SUID="root" FSUID="root" EGID="root" SGID="root" FSGID="root"
type=EXECVE msg=audit(1769264641.910:7549): argc=2 a0="cat" a1="file_10.txt"
type=CWD msg=audit(1769264641.910:7549): cwd="/root/hids_benign"
type=PATH msg=audit(1769264641.910:7549): item=0 name="/usr/bin/cat" inode=1578016 dev=08:02 mode=0100755 ouid=0 ogid=0 rdev=00:00 nametype=NORMAL cap_fp=0 cap_fi=0 cap_fe=0 cap_fver=0 cap_frootid=0OUID="root" OGID="root"
type=PATH msg=audit(1769264641.910:7549): item=1 name="/lib64/ld-linux-x86-64.so.2" inode=1575340 dev=08:02 mode=0100755 ouid=0 ogid=0 rdev=00:00 nametype=NORMAL cap_fp=0 cap_fi=0 cap_fe=0 cap_fver=0 cap_frootid=0OUID="root" OGID="root"
type=PROCTITLE msg=audit(1769264641.910:7549): proctitle=6361740066696C655F31302E747874
type=SYSCALL msg=audit(1769264641.914:7550): arch=c000003e syscall=59 success=yes exit=0 a0=5959851a3760 a1=5959851a40c0 a2=59598519a520 a3=0 items=2 ppid=11882 pid=12214 auid=1000 uid=0 gid=0 euid=0 suid=0 fsuid=0 egid=0 sgid=0 fsgid=0 tty=pts1 ses=3 comm="vim" exe="/usr/bin/vim.basic" subj=unconfined key="process_exec"ARCH=x86_64 SYSCALL=execve AUID="heroic" UID="root" GID="root" EUID="root" SUID="root" FSUID="root" EGID="root" SGID="root" FSGID="root"
type=EXECVE msg=audit(1769264641.914:7550): argc=3 a0="vim" a1="-es" a2="file_1.txt"
type=CWD msg=audit(1769264641.914:7550): cwd="/root/hids_benign"
type=PATH msg=audit(1769264641.914:7550): item=0 name="/usr/bin/vim" inode=1575517 dev=08:02 mode=0100755 ouid=0 ogid=0 rdev=00:00 nametype=NORMAL cap_fp=0 cap_fi=0 cap_fe=0 cap_fver=0 cap_frootid=0OUID="root" OGID="root"
type=PATH msg=audit(1769264641.914:7550): item=1 name="/lib64/ld-linux-x86-64.so.2" inode=1575340 dev=08:02 mode=0100755 ouid=0 ogid=0 rdev=00:00 nametype=NORMAL cap_fp=0 cap_fi=0 cap_fe=0 cap_fver=0 cap_frootid=0OUID="root" OGID="root"
type=PROCTITLE msg=audit(1769264641.914:7550): proctitle=76696D002D65730066696C655F312E747874
type=SYSCALL msg=audit(1769264641.935:7551): arch=c000003e syscall=59 success=yes exit=0 a0=5959851a23c0 a1=5959851a40c0 a2=59598519a520 a3=0 items=2 ppid=11882 pid=12215 auid=1000 uid=0 gid=0 euid=0 suid=0 fsuid=0 egid=0 sgid=0 fsgid=0 tty=pts1 ses=3 comm="vim" exe="/usr/bin/vim.basic" subj=unconfined key="process_exec"ARCH=x86_64 SYSCALL=execve AUID="heroic" UID="root" GID="root" EUID="root" SUID="root" FSUID="root" EGID="root" SGID="root" FSGID="root"
type=EXECVE msg=audit(1769264641.935:7551): argc=3 a0="vim" a1="-es" a2="file_2.txt"
type=CWD msg=audit(1769264641.935:7551): cwd="/root/hids_benign"
type=PATH msg=audit(1769264641.935:7551): item=0 name="/usr/bin/vim" inode=1575517 dev=08:02 mode=0100755 ouid=0 ogid=0 rdev=00:00 nametype=NORMAL cap_fp=0 cap_fi=0 cap_fe=0 cap_fver=0 cap_frootid=0OUID="root" OGID="root"
type=PATH msg=audit(1769264641.935:7551): item=1 name="/lib64/ld-linux-x86-64.so.2" inode=1575340 dev=08:02 mode=0100755 ouid=0 ogid=0 rdev=00:00 nametype=NORMAL cap_fp=0 cap_fi=0 cap_fe=0 cap_fver=0 cap_frootid=0OUID="root" OGID="root"
type=PROCTITLE msg=audit(1769264641.935:7551): proctitle=76696D002D65730066696C655F322E747874
type=SYSCALL msg=audit(1769264641.949:7552): arch=c000003e syscall=59 success=yes exit=0 a0=5959851a3af0 a1=5959851a40c0 a2=59598519a520 a3=0 items=2 ppid=11882 pid=12216 auid=1000 uid=0 gid=0 euid=0 suid=0 fsuid=0 egid=0 sgid=0 fsgid=0 tty=pts1 ses=3 comm="vim" exe="/usr/bin/vim.basic" subj=unconfined key="process_exec"ARCH=x86_64 SYSCALL=execve AUID="heroic" UID="root" GID="root" EUID="root" SUID="root" FSUID="root" EGID="root" SGID="root" FSGID="root"
type=EXECVE msg=audit(1769264641.949:7552): argc=3 a0="vim" a1="-es" a2="file_3.txt"
type=CWD msg=audit(1769264641.949:7552): cwd="/root/hids_benign"
type=PATH msg=audit(1769264641.949:7552): item=0 name="/usr/bin/vim" inode=1575517 dev=08:02 mode=0100755 ouid=0 ogid=0 rdev=00:00 nametype=NORMAL cap_fp=0 cap_fi=0 cap_fe=0 cap_fver=0 cap_frootid=0OUID="root" OGID="root"
type=PATH msg=audit(1769264641.949:7552): item=1 name="/lib64/ld-linux-x86-64.so.2" inode=1575340 dev=08:02 mode=0100755 ouid=0 ogid=0 rdev=00:00 nametype=NORMAL cap_fp=0 cap_fi=0 cap_fe=0 cap_fver=0 cap_frootid=0OUID="root" OGID="root"
type=PROCTITLE msg=audit(1769264641.949:7552): proctitle=76696D002D65730066696C655F332E747874
type=SYSCALL msg=audit(1769264641.965:7553): arch=c000003e syscall=59 success=yes exit=0 a0=59598519f6b0 a1=5959851a40c0 a2=59598519a520 a3=0 items=2 ppid=11882 pid=12217 auid=1000 uid=0 gid=0 euid=0 suid=0 fsuid=0 egid=0 sgid=0 fsgid=0 tty=pts1 ses=3 comm="vim" exe="/usr/bin/vim.basic" subj=unconfined key="process_exec"ARCH=x86_64 SYSCALL=execve AUID="heroic" UID="root" GID="root" EUID="root" SUID="root" FSUID="root" EGID="root" SGID="root" FSGID="root"
type=EXECVE msg=audit(1769264641.965:7553): argc=3 a0="vim" a1="-es" a2="file_4.txt"
type=CWD msg=audit(1769264641.965:7553): cwd="/root/hids_benign"
type=PATH msg=audit(1769264641.965:7553): item=0 name="/usr/bin/vim" inode=1575517 dev=08:02 mode=0100755 ouid=0 ogid=0 rdev=00:00 nametype=NORMAL cap_fp=0 cap_fi=0 cap_fe=0 cap_fver=0 cap_frootid=0OUID="root" OGID="root"
type=PATH msg=audit(1769264641.965:7553): item=1 name="/lib64/ld-linux-x86-64.so.2" inode=1575340 dev=08:02 mode=0100755 ouid=0 ogid=0 rdev=00:00 nametype=NORMAL cap_fp=0 cap_fi=0 cap_fe=0 cap_fver=0 cap_frootid=0OUID="root" OGID="root"
type=PROCTITLE msg=audit(1769264641.965:7553): proctitle=76696D002D65730066696C655F342E747874
type=SYSCALL msg=audit(1769264641.979:7554): arch=c000003e syscall=59 success=yes exit=0 a0=5959851a3760 a1=5959851a40c0 a2=59598519a520 a3=0 items=2 ppid=11882 pid=12218 auid=1000 uid=0 gid=0 euid=0 suid=0 fsuid=0 egid=0 sgid=0 fsgid=0 tty=pts1 ses=3 comm="vim" exe="/usr/bin/vim.basic" subj=unconfined key="process_exec"ARCH=x86_64 SYSCALL=execve AUID="heroic" UID="root" GID="root" EUID="root" SUID="root" FSUID="root" EGID="root" SGID="root" FSGID="root"
type=EXECVE msg=audit(1769264641.979:7554): argc=3 a0="vim" a1="-es" a2="file_5.txt"
type=CWD msg=audit(1769264641.979:7554): cwd="/root/hids_benign"
type=PATH msg=audit(1769264641.979:7554): item=0 name="/usr/bin/vim" inode=1575517 dev=08:02 mode=0100755 ouid=0 ogid=0 rdev=00:00 nametype=NORMAL cap_fp=0 cap_fi=0 cap_fe=0 cap_fver=0 cap_frootid=0OUID="root" OGID="root"
type=PATH msg=audit(1769264641.979:7554): item=1 name="/lib64/ld-linux-x86-64.so.2" inode=1575340 dev=08:02 mode=0100755 ouid=0 ogid=0 rdev=00:00 nametype=NORMAL cap_fp=0 cap_fi=0 cap_fe=0 cap_fver=0 cap_frootid=0OUID="root" OGID="root"
type=PROCTITLE msg=audit(1769264641.979:7554): proctitle=76696D002D65730066696C655F352E747874
type=SYSCALL msg=audit(1769264641.991:7555): arch=c000003e syscall=59 success=yes exit=0 a0=5959851a28c0 a1=5959851a3af0 a2=59598519a520 a3=5959851a3af0 items=2 ppid=11882 pid=12219 auid=1000 uid=0 gid=0 euid=0 suid=0 fsuid=0 egid=0 sgid=0 fsgid=0 tty=pts1 ses=3 comm="ls" exe="/usr/bin/ls" subj=unconfined key="process_exec"ARCH=x86_64 SYSCALL=execve AUID="heroic" UID="root" GID="root" EUID="root" SUID="root" FSUID="root" EGID="root" SGID="root" FSGID="root"
type=EXECVE msg=audit(1769264641.991:7555): argc=2 a0="ls" a1="-la"
type=CWD msg=audit(1769264641.991:7555): cwd="/root/hids_benign"
type=PATH msg=audit(1769264641.991:7555): item=0 name="/usr/bin/ls" inode=1578104 dev=08:02 mode=0100755 ouid=0 ogid=0 rdev=00:00 nametype=NORMAL cap_fp=0 cap_fi=0 cap_fe=0 cap_fver=0 cap_frootid=0OUID="root" OGID="root"
type=PATH msg=audit(1769264641.991:7555): item=1 name="/lib64/ld-linux-x86-64.so.2" inode=1575340 dev=08:02 mode=0100755 ouid=0 ogid=0 rdev=00:00 nametype=NORMAL cap_fp=0 cap_fi=0 cap_fe=0 cap_fver=0 cap_frootid=0OUID="root" OGID="root"
type=PROCTITLE msg=audit(1769264641.991:7555): proctitle=6C73002D6C61
type=SYSCALL msg=audit(1769264641.995:7556): arch=c000003e syscall=59 success=yes exit=0 a0=5959851a25e0 a1=59598519fb90 a2=59598519a520 a3=5959851a2380 items=2 ppid=11882 pid=12220 auid=1000 uid=0 gid=0 euid=0 suid=0 fsuid=0 egid=0 sgid=0 fsgid=0 tty=pts1 ses=3 comm="ls" exe="/usr/bin/ls" subj=unconfined key="process_exec"ARCH=x86_64 SYSCALL=execve AUID="heroic" UID="root" GID="root" EUID="root" SUID="root" FSUID="root" EGID="root" SGID="root" FSGID="root"
type=EXECVE msg=audit(1769264641.995:7556): argc=2 a0="ls" a1="-la"
type=CWD msg=audit(1769264641.995:7556): cwd="/root/hids_benign"
type=PATH msg=audit(1769264641.995:7556): item=0 name="/usr/bin/ls" inode=1578104 dev=08:02 mode=0100755 ouid=0 ogid=0 rdev=00:00 nametype=NORMAL cap_fp=0 cap_fi=0 cap_fe=0 cap_fver=0 cap_frootid=0OUID="root" OGID="root"
type=PATH msg=audit(1769264641.995:7556): item=1 name="/lib64/ld-linux-x86-64.so.2" inode=1575340 dev=08:02 mode=0100755 ouid=0 ogid=0 rdev=00:00 nametype=NORMAL cap_fp=0 cap_fi=0 cap_fe=0 cap_fver=0 cap_frootid=0OUID="root" OGID="root"
type=PROCTITLE msg=audit(1769264641.995:7556): proctitle=6C73002D6C61
type=SYSCALL msg=audit(1769264641.999:7557): arch=c000003e syscall=59 success=yes exit=0 a0=5959851a3760 a1=59598519fb90 a2=59598519a520 a3=5959851a2540 items=2 ppid=11882 pid=12221 auid=1000 uid=0 gid=0 euid=0 suid=0 fsuid=0 egid=0 sgid=0 fsgid=0 tty=pts1 ses=3 comm="ls" exe="/usr/bin/ls" subj=unconfined key="process_exec"ARCH=x86_64 SYSCALL=execve AUID="heroic" UID="root" GID="root" EUID="root" SUID="root" FSUID="root" EGID="root" SGID="root" FSGID="root"
type=EXECVE msg=audit(1769264641.999:7557): argc=2 a0="ls" a1="-la"
type=CWD msg=audit(1769264641.999:7557): cwd="/root/hids_benign"
type=PATH msg=audit(1769264641.999:7557): item=0 name="/usr/bin/ls" inode=1578104 dev=08:02 mode=0100755 ouid=0 ogid=0 rdev=00:00 nametype=NORMAL cap_fp=0 cap_fi=0 cap_fe=0 cap_fver=0 cap_frootid=0OUID="root" OGID="root"
type=PATH msg=audit(1769264641.999:7557): item=1 name="/lib64/ld-linux-x86-64.so.2" inode=1575340 dev=08:02 mode=0100755 ouid=0 ogid=0 rdev=00:00 nametype=NORMAL cap_fp=0 cap_fi=0 cap_fe=0 cap_fver=0 cap_frootid=0OUID="root" OGID="root"
type=PROCTITLE msg=audit(1769264641.999:7557): proctitle=6C73002D6C61
type=SYSCALL msg=audit(1769264642.003:7558): arch=c000003e syscall=59 success=yes exit=0 a0=59598519f670 a1=59598519fb90 a2=59598519a520 a3=5959851a28c0 items=2 ppid=11882 pid=12222 auid=1000 uid=0 gid=0 euid=0 suid=0 fsuid=0 egid=0 sgid=0 fsgid=0 tty=pts1 ses=3 comm="ls" exe="/usr/bin/ls" subj=unconfined key="process_exec"ARCH=x86_64 SYSCALL=execve AUID="heroic" UID="root" GID="root" EUID="root" SUID="root" FSUID="root" EGID="root" SGID="root" FSGID="root"
type=EXECVE msg=audit(1769264642.003:7558): argc=2 a0="ls" a1="-la"
type=CWD msg=audit(1769264642.003:7558): cwd="/root/hids_benign"
type=PATH msg=audit(1769264642.003:7558): item=0 name="/usr/bin/ls" inode=1578104 dev=08:02 mode=0100755 ouid=0 ogid=0 rdev=00:00 nametype=NORMAL cap_fp=0 cap_fi=0 cap_fe=0 cap_fver=0 cap_frootid=0OUID="root" OGID="root"
type=PATH msg=audit(1769264642.003:7558): item=1 name="/lib64/ld-linux-x86-64.so.2" inode=1575340 dev=08:02 mode=0100755 ouid=0 ogid=0 rdev=00:00 nametype=NORMAL cap_fp=0 cap_fi=0 cap_fe=0 cap_fver=0 cap_frootid=0OUID="root" OGID="root"
type=PROCTITLE msg=audit(1769264642.003:7558): proctitle=6C73002D6C61
type=SYSCALL msg=audit(1769264642.006:7559): arch=c000003e syscall=59 success=yes exit=0 a0=5959851a2560 a1=59598519fb90 a2=59598519a520 a3=5959851a25e0 items=2 ppid=11882 pid=12223 auid=1000 uid=0 gid=0 euid=0 suid=0 fsuid=0 egid=0 sgid=0 fsgid=0 tty=pts1 ses=3 comm="ls" exe="/usr/bin/ls" subj=unconfined key="process_exec"ARCH=x86_64 SYSCALL=execve AUID="heroic" UID="root" GID="root" EUID="root" SUID="root" FSUID="root" EGID="root" SGID="root" FSGID="root"
type=EXECVE msg=audit(1769264642.006:7559): argc=2 a0="ls" a1="-la"
type=CWD msg=audit(1769264642.006:7559): cwd="/root/hids_benign"
type=PATH msg=audit(1769264642.006:7559): item=0 name="/usr/bin/ls" inode=1578104 dev=08:02 mode=0100755 ouid=0 ogid=0 rdev=00:00 nametype=NORMAL cap_fp=0 cap_fi=0 cap_fe=0 cap_fver=0 cap_frootid=0OUID="root" OGID="root"
type=PATH msg=audit(1769264642.006:7559): item=1 name="/lib64/ld-linux-x86-64.so.2" inode=1575340 dev=08:02 mode=0100755 ouid=0 ogid=0 rdev=00:00 nametype=NORMAL cap_fp=0 cap_fi=0 cap_fe=0 cap_fver=0 cap_frootid=0OUID="root" OGID="root"
type=PROCTITLE msg=audit(1769264642.006:7559): proctitle=6C73002D6C61
type=SYSCALL msg=audit(1769264642.010:7560): arch=c000003e syscall=59 success=yes exit=0 a0=5959851a28c0 a1=5959851a3e80 a2=59598519a520 a3=5959851a3760 items=2 ppid=11882 pid=12224 auid=1000 uid=0 gid=0 euid=0 suid=0 fsuid=0 egid=0 sgid=0 fsgid=0 tty=pts1 ses=3 comm="curl" exe="/usr/bin/curl" subj=unconfined key="process_exec"ARCH=x86_64 SYSCALL=execve AUID="heroic" UID="root" GID="root" EUID="root" SUID="root" FSUID="root" EGID="root" SGID="root" FSGID="root"
type=EXECVE msg=audit(1769264642.010:7560): argc=3 a0="curl" a1="-s" a2="https://example.com"
type=CWD msg=audit(1769264642.010:7560): cwd="/root/hids_benign"
type=PATH msg=audit(1769264642.010:7560): item=0 name="/usr/bin/curl" inode=1573697 dev=08:02 mode=0100755 ouid=0 ogid=0 rdev=00:00 nametype=NORMAL cap_fp=0 cap_fi=0 cap_fe=0 cap_fver=0 cap_frootid=0OUID="root" OGID="root"
type=PATH msg=audit(1769264642.010:7560): item=1 name="/lib64/ld-linux-x86-64.so.2" inode=1575340 dev=08:02 mode=0100755 ouid=0 ogid=0 rdev=00:00 nametype=NORMAL cap_fp=0 cap_fi=0 cap_fe=0 cap_fver=0 cap_frootid=0OUID="root" OGID="root"
type=PROCTITLE msg=audit(1769264642.010:7560): proctitle=6375726C002D730068747470733A2F2F6578616D706C652E636F6D
type=SYSCALL msg=audit(1769264642.202:7561): arch=c000003e syscall=59 success=yes exit=0 a0=5959851a1fe0 a1=5959851a3720 a2=59598519a520 a3=59598519cd20 items=2 ppid=11882 pid=12226 auid=1000 uid=0 gid=0 euid=0 suid=0 fsuid=0 egid=0 sgid=0 fsgid=0 tty=pts1 ses=3 comm="ssh" exe="/usr/bin/ssh" subj=unconfined key="process_exec"ARCH=x86_64 SYSCALL=execve AUID="heroic" UID="root" GID="root" EUID="root" SUID="root" FSUID="root" EGID="root" SGID="root" FSGID="root"
type=EXECVE msg=audit(1769264642.202:7561): argc=5 a0="ssh" a1="-o" a2="BatchMode=yes" a3="localhost" a4=6563686F205353485F4F4B
type=CWD msg=audit(1769264642.202:7561): cwd="/root/hids_benign"
type=PATH msg=audit(1769264642.202:7561): item=0 name="/usr/bin/ssh" inode=1573390 dev=08:02 mode=0100755 ouid=0 ogid=0 rdev=00:00 nametype=NORMAL cap_fp=0 cap_fi=0 cap_fe=0 cap_fver=0 cap_frootid=0OUID="root" OGID="root"
type=PATH msg=audit(1769264642.202:7561): item=1 name="/lib64/ld-linux-x86-64.so.2" inode=1575340 dev=08:02 mode=0100755 ouid=0 ogid=0 rdev=00:00 nametype=NORMAL cap_fp=0 cap_fi=0 cap_fe=0 cap_fver=0 cap_frootid=0OUID="root" OGID="root"
type=PROCTITLE msg=audit(1769264642.202:7561): proctitle=737368002D6F0042617463684D6F64653D796573006C6F63616C686F7374006563686F205353485F4F4B
type=SYSCALL msg=audit(1769264642.213:7562): arch=c000003e syscall=59 success=yes exit=0 a0=5959851a3760 a1=59598519f670 a2=59598519a520 a3=59598519f670 items=2 ppid=11882 pid=12227 auid=1000 uid=0 gid=0 euid=0 suid=0 fsuid=0 egid=0 sgid=0 fsgid=0 tty=pts1 ses=3 comm="sleep" exe="/usr/bin/sleep" subj=unconfined key="process_exec"ARCH=x86_64 SYSCALL=execve AUID="heroic" UID="root" GID="root" EUID="root" SUID="root" FSUID="root" EGID="root" SGID="root" FSGID="root"
type=EXECVE msg=audit(1769264642.213:7562): argc=2 a0="sleep" a1="5"
type=CWD msg=audit(1769264642.213:7562): cwd="/root/hids_benign"
type=PATH msg=audit(1769264642.213:7562): item=0 name="/usr/bin/sleep" inode=1578138 dev=08:02 mode=0100755 ouid=0 ogid=0 rdev=00:00 nametype=NORMAL cap_fp=0 cap_fi=0 cap_fe=0 cap_fver=0 cap_frootid=0OUID="root" OGID="root"
type=PATH msg=audit(1769264642.213:7562): item=1 name="/lib64/ld-linux-x86-64.so.2" inode=1575340 dev=08:02 mode=0100755 ouid=0 ogid=0 rdev=00:00 nametype=NORMAL cap_fp=0 cap_fi=0 cap_fe=0 cap_fver=0 cap_frootid=0OUID="root" OGID="root"
type=PROCTITLE msg=audit(1769264642.213:7562): proctitle=736C6565700035
type=SYSCALL msg=audit(1769264647.222:7563): arch=c000003e syscall=59 success=yes exit=0 a0=5959851a3760 a1=5959851a20e0 a2=59598519a520 a3=5959851a2640 items=2 ppid=11882 pid=12228 auid=1000 uid=0 gid=0 euid=0 suid=0 fsuid=0 egid=0 sgid=0 fsgid=0 tty=pts1 ses=3 comm="rm" exe="/usr/bin/rm" subj=unconfined key="process_exec"ARCH=x86_64 SYSCALL=execve AUID="heroic" UID="root" GID="root" EUID="root" SUID="root" FSUID="root" EGID="root" SGID="root" FSGID="root"
type=EXECVE msg=audit(1769264647.222:7563): argc=14 a0="rm" a1="-f" a2="file_10.txt" a3="file_1.txt" a4="file_2.txt" a5="file_3.txt" a6="file_4.txt" a7="file_5.txt" a8="file_6.txt" a9="file_7.txt" a10="file_8.txt" a11="file_9.txt" a12="webpage.html" a13="dir_list.log"
type=CWD msg=audit(1769264647.222:7563): cwd="/root/hids_benign"
type=PATH msg=audit(1769264647.222:7563): item=0 name="/usr/bin/rm" inode=1578127 dev=08:02 mode=0100755 ouid=0 ogid=0 rdev=00:00 nametype=NORMAL cap_fp=0 cap_fi=0 cap_fe=0 cap_fver=0 cap_frootid=0OUID="root" OGID="root"
type=PATH msg=audit(1769264647.222:7563): item=1 name="/lib64/ld-linux-x86-64.so.2" inode=1575340 dev=08:02 mode=0100755 ouid=0 ogid=0 rdev=00:00 nametype=NORMAL cap_fp=0 cap_fi=0 cap_fe=0 cap_fver=0 cap_frootid=0OUID="root" OGID="root"
type=PROCTITLE msg=audit(1769264647.222:7563): proctitle=726D002D660066696C655F31302E7478740066696C655F312E7478740066696C655F322E7478740066696C655F332E7478740066696C655F342E7478740066696C655F352E7478740066696C655F362E7478740066696C655F372E7478740066696C655F382E7478740066696C655F392E74787400776562706167652E68746D
type=SYSCALL msg=audit(1769264647.230:7564): arch=c000003e syscall=59 success=yes exit=0 a0=59598519f670 a1=59598519cd20 a2=59598519a520 a3=59598519cd20 items=2 ppid=11882 pid=12229 auid=1000 uid=0 gid=0 euid=0 suid=0 fsuid=0 egid=0 sgid=0 fsgid=0 tty=pts1 ses=3 comm="rmdir" exe="/usr/bin/rmdir" subj=unconfined key="process_exec"ARCH=x86_64 SYSCALL=execve AUID="heroic" UID="root" GID="root" EUID="root" SUID="root" FSUID="root" EGID="root" SGID="root" FSGID="root"
type=EXECVE msg=audit(1769264647.230:7564): argc=2 a0="rmdir" a1="/root/hids_benign"
type=CWD msg=audit(1769264647.230:7564): cwd="/root/hids_benign"
type=PATH msg=audit(1769264647.230:7564): item=0 name="/usr/bin/rmdir" inode=1578128 dev=08:02 mode=0100755 ouid=0 ogid=0 rdev=00:00 nametype=NORMAL cap_fp=0 cap_fi=0 cap_fe=0 cap_fver=0 cap_frootid=0OUID="root" OGID="root"
type=PATH msg=audit(1769264647.230:7564): item=1 name="/lib64/ld-linux-x86-64.so.2" inode=1575340 dev=08:02 mode=0100755 ouid=0 ogid=0 rdev=00:00 nametype=NORMAL cap_fp=0 cap_fi=0 cap_fe=0 cap_fver=0 cap_frootid=0OUID="root" OGID="root"
type=PROCTITLE msg=audit(1769264647.230:7564): proctitle=726D646972002F726F6F742F686964735F62656E69676E
type=SYSCALL msg=audit(1769264647.324:7565): arch=c000003e syscall=59 success=yes exit=0 a0=5959851a28c0 a1=5959851a2560 a2=59598519a520 a3=5959851a2560 items=2 ppid=11882 pid=12230 auid=1000 uid=0 gid=0 euid=0 suid=0 fsuid=0 egid=0 sgid=0 fsgid=0 tty=pts1 ses=3 comm="sleep" exe="/usr/bin/sleep" subj=unconfined key="process_exec"ARCH=x86_64 SYSCALL=execve AUID="heroic" UID="root" GID="root" EUID="root" SUID="root" FSUID="root" EGID="root" SGID="root" FSGID="root"
type=EXECVE msg=audit(1769264647.324:7565): argc=2 a0="sleep" a1="60"
type=CWD msg=audit(1769264647.324:7565): cwd=2F726F6F742F686964735F62656E69676E202864656C6574656429
type=PATH msg=audit(1769264647.324:7565): item=0 name="/usr/bin/sleep" inode=1578138 dev=08:02 mode=0100755 ouid=0 ogid=0 rdev=00:00 nametype=NORMAL cap_fp=0 cap_fi=0 cap_fe=0 cap_fver=0 cap_frootid=0OUID="root" OGID="root"
type=PATH msg=audit(1769264647.324:7565): item=1 name="/lib64/ld-linux-x86-64.so.2" inode=1575340 dev=08:02 mode=0100755 ouid=0 ogid=0 rdev=00:00 nametype=NORMAL cap_fp=0 cap_fi=0 cap_fe=0 cap_fver=0 cap_frootid=0OUID="root" OGID="root"
type=PROCTITLE msg=audit(1769264647.324:7565): proctitle=736C656570003630
type=SYSCALL msg=audit(1769264653.496:7566): arch=c000003e syscall=59 success=yes exit=0 a0=5fb0bc773b30 a1=5fb0bc773db0 a2=5fb0bc7477c0 a3=5fb0bc773db0 items=2 ppid=11510 pid=12231 auid=1000 uid=0 gid=0 euid=0 suid=0 fsuid=0 egid=0 sgid=0 fsgid=0 tty=pts3 ses=3 comm="mv" exe="/usr/bin/mv" subj=unconfined key="process_exec"ARCH=x86_64 SYSCALL=execve AUID="heroic" UID="root" GID="root" EUID="root" SUID="root" FSUID="root" EGID="root" SGID="root" FSGID="root"
type=EXECVE msg=audit(1769264653.496:7566): argc=3 a0="mv" a1="/root/hids_dataset/" a2="/home"
type=CWD msg=audit(1769264653.496:7566): cwd="/root"
type=PATH msg=audit(1769264653.496:7566): item=0 name="/usr/bin/mv" inode=1578110 dev=08:02 mode=0100755 ouid=0 ogid=0 rdev=00:00 nametype=NORMAL cap_fp=0 cap_fi=0 cap_fe=0 cap_fver=0 cap_frootid=0OUID="root" OGID="root"
type=PATH msg=audit(1769264653.496:7566): item=1 name="/lib64/ld-linux-x86-64.so.2" inode=1575340 dev=08:02 mode=0100755 ouid=0 ogid=0 rdev=00:00 nametype=NORMAL cap_fp=0 cap_fi=0 cap_fe=0 cap_fver=0 cap_frootid=0OUID="root" OGID="root"
type=PROCTITLE msg=audit(1769264653.496:7566): proctitle=6D76002F726F6F742F686964735F646174617365742F002F686F6D65
type=USER_END msg=audit(1769264673.575:7567): pid=11509 uid=0 auid=1000 ses=3 subj=unconfined msg='op=PAM:session_close grantors=pam_env,pam_env,pam_mail,pam_limits,pam_permit,pam_umask,pam_unix,pam_systemd acct="root" exe="/usr/bin/su" hostname=? addr=? terminal=/dev/pts/3 res=success'UID="root" AUID="heroic"
type=CRED_DISP msg=audit(1769264673.577:7568): pid=11509 uid=0 auid=1000 ses=3 subj=unconfined msg='op=PAM:setcred grantors=pam_rootok acct="root" exe="/usr/bin/su" hostname=? addr=? terminal=/dev/pts/3 res=success'UID="root" AUID="heroic"
type=USER_END msg=audit(1769264673.581:7569): pid=11507 uid=1000 auid=1000 ses=3 subj=unconfined msg='op=PAM:session_close grantors=pam_limits,pam_env,pam_env,pam_permit,pam_umask,pam_unix acct="root" exe="/usr/bin/sudo" hostname=? addr=? terminal=/dev/pts/2 res=success'UID="heroic" AUID="heroic"
type=CRED_DISP msg=audit(1769264673.581:7570): pid=11507 uid=1000 auid=1000 ses=3 subj=unconfined msg='op=PAM:setcred grantors=pam_permit acct="root" exe="/usr/bin/sudo" hostname=? addr=? terminal=/dev/pts/2 res=success'UID="heroic" AUID="heroic"
type=SYSCALL msg=audit(1769264688.201:7571): arch=c000003e syscall=59 success=yes exit=0 a0=559a52951c90 a1=559a5295b860 a2=559a529535d0 a3=559a5295b860 items=2 ppid=11496 pid=12247 auid=1000 uid=1000 gid=1000 euid=1000 suid=1000 fsuid=1000 egid=1000 sgid=1000 fsgid=1000 tty=pts2 ses=3 comm="ls" exe="/usr/bin/ls" subj=unconfined key="process_exec"ARCH=x86_64 SYSCALL=execve AUID="heroic" UID="heroic" GID="heroic" EUID="heroic" SUID="heroic" FSUID="heroic" EGID="heroic" SGID="heroic" FSGID="heroic"
type=EXECVE msg=audit(1769264688.201:7571): argc=2 a0="ls" a1="--color=auto"
type=CWD msg=audit(1769264688.201:7571): cwd="/home/heroic/Desktop"
type=PATH msg=audit(1769264688.201:7571): item=0 name="/usr/bin/ls" inode=1578104 dev=08:02 mode=0100755 ouid=0 ogid=0 rdev=00:00 nametype=NORMAL cap_fp=0 cap_fi=0 cap_fe=0 cap_fver=0 cap_frootid=0OUID="root" OGID="root"
type=PATH msg=audit(1769264688.201:7571): item=1 name="/lib64/ld-linux-x86-64.so.2" inode=1575340 dev=08:02 mode=0100755 ouid=0 ogid=0 rdev=00:00 nametype=NORMAL cap_fp=0 cap_fi=0 cap_fe=0 cap_fver=0 cap_frootid=0OUID="root" OGID="root"
type=PROCTITLE msg=audit(1769264688.201:7571): proctitle=6C73002D2D636F6C6F723D6175746F
type=SYSCALL msg=audit(1769264692.743:7572): arch=c000003e syscall=59 success=yes exit=0 a0=559a5294d2e0 a1=559a52949510 a2=559a529535d0 a3=559a52949510 items=2 ppid=11496 pid=12248 auid=1000 uid=1000 gid=1000 euid=1000 suid=1000 fsuid=1000 egid=1000 sgid=1000 fsgid=1000 tty=pts2 ses=3 comm="ls" exe="/usr/bin/ls" subj=unconfined key="process_exec"ARCH=x86_64 SYSCALL=execve AUID="heroic" UID="heroic" GID="heroic" EUID="heroic" SUID="heroic" FSUID="heroic" EGID="heroic" SGID="heroic" FSGID="heroic"
type=EXECVE msg=audit(1769264692.743:7572): argc=2 a0="ls" a1="--color=auto"
type=CWD msg=audit(1769264692.743:7572): cwd="/home/heroic"
type=PATH msg=audit(1769264692.743:7572): item=0 name="/usr/bin/ls" inode=1578104 dev=08:02 mode=0100755 ouid=0 ogid=0 rdev=00:00 nametype=NORMAL cap_fp=0 cap_fi=0 cap_fe=0 cap_fver=0 cap_frootid=0OUID="root" OGID="root"
type=PATH msg=audit(1769264692.743:7572): item=1 name="/lib64/ld-linux-x86-64.so.2" inode=1575340 dev=08:02 mode=0100755 ouid=0 ogid=0 rdev=00:00 nametype=NORMAL cap_fp=0 cap_fi=0 cap_fe=0 cap_fver=0 cap_frootid=0OUID="root" OGID="root"
type=PROCTITLE msg=audit(1769264692.743:7572): proctitle=6C73002D2D636F6C6F723D6175746F
type=USER_ACCT msg=audit(1769264701.453:7573): pid=12249 uid=0 auid=4294967295 ses=4294967295 subj=unconfined msg='op=PAM:accounting grantors=pam_permit,pam_localuser acct="root" exe="/usr/sbin/cron" hostname=? addr=? terminal=cron res=success'UID="root" AUID="unset"
type=CRED_ACQ msg=audit(1769264701.464:7574): pid=12249 uid=0 auid=4294967295 ses=4294967295 subj=unconfined msg='op=PAM:setcred grantors=pam_permit,pam_cap acct="root" exe="/usr/sbin/cron" hostname=? addr=? terminal=cron res=success'UID="root" AUID="unset"
type=LOGIN msg=audit(1769264701.466:7575): pid=12249 uid=0 subj=unconfined old-auid=4294967295 auid=0 tty=(none) old-ses=4294967295 ses=16 res=1UID="root" OLD-AUID="unset" AUID="root"
type=SYSCALL msg=audit(1769264701.466:7575): arch=c000003e syscall=1 success=yes exit=1 a0=7 a1=7ffdd8ad8af0 a2=1 a3=0 items=0 ppid=882 pid=12249 auid=0 uid=0 gid=0 euid=0 suid=0 fsuid=0 egid=0 sgid=0 fsgid=0 tty=(none) ses=16 comm="cron" exe="/usr/sbin/cron" subj=unconfined key=(null)ARCH=x86_64 SYSCALL=write AUID="root" UID="root" GID="root" EUID="root" SUID="root" FSUID="root" EGID="root" SGID="root" FSGID="root"
type=PROCTITLE msg=audit(1769264701.466:7575): proctitle=2F7573722F7362696E2F43524F4E002D66002D50
type=USER_START msg=audit(1769264701.466:7576): pid=12249 uid=0 auid=0 ses=16 subj=unconfined msg='op=PAM:session_open grantors=pam_loginuid,pam_env,pam_env,pam_permit,pam_umask,pam_unix,pam_limits acct="root" exe="/usr/sbin/cron" hostname=? addr=? terminal=cron res=success'UID="root" AUID="root"
type=CRED_REFR msg=audit(1769264701.469:7577): pid=12250 uid=0 auid=0 ses=16 subj=unconfined msg='op=PAM:setcred grantors=pam_permit,pam_cap acct="root" exe="/usr/sbin/cron" hostname=? addr=? terminal=cron res=success'UID="root" AUID="root"
type=SYSCALL msg=audit(1769264701.469:7578): arch=c000003e syscall=59 success=yes exit=0 a0=5f9c7f2958a6 a1=7ffdd8ad8ba0 a2=5f9c7f2958e0 a3=5f9c7f2958a6 items=2 ppid=12249 pid=12250 auid=0 uid=0 gid=0 euid=0 suid=0 fsuid=0 egid=0 sgid=0 fsgid=0 tty=(none) ses=16 comm="sh" exe="/usr/bin/dash" subj=unconfined key="process_exec"ARCH=x86_64 SYSCALL=execve AUID="root" UID="root" GID="root" EUID="root" SUID="root" FSUID="root" EGID="root" SGID="root" FSGID="root"
type=EXECVE msg=audit(1769264701.469:7578): argc=3 a0="/bin/sh" a1="-c" a2=636F6D6D616E64202D762064656269616E2D736131203E202F6465762F6E756C6C2026262064656269616E2D73613120312031
type=CWD msg=audit(1769264701.469:7578): cwd="/root"
type=PATH msg=audit(1769264701.469:7578): item=0 name="/bin/sh" inode=1573518 dev=08:02 mode=0100755 ouid=0 ogid=0 rdev=00:00 nametype=NORMAL cap_fp=0 cap_fi=0 cap_fe=0 cap_fver=0 cap_frootid=0OUID="root" OGID="root"
type=PATH msg=audit(1769264701.469:7578): item=1 name="/lib64/ld-linux-x86-64.so.2" inode=1575340 dev=08:02 mode=0100755 ouid=0 ogid=0 rdev=00:00 nametype=NORMAL cap_fp=0 cap_fi=0 cap_fe=0 cap_fver=0 cap_frootid=0OUID="root" OGID="root"
type=PROCTITLE msg=audit(1769264701.469:7578): proctitle=2F62696E2F7368002D6300636F6D6D616E64202D762064656269616E2D736131203E202F6465762F6E756C6C2026262064656269616E2D73613120312031
type=SYSCALL msg=audit(1769264701.478:7579): arch=c000003e syscall=59 success=yes exit=0 a0=60ace772e538 a1=60ace772e4e0 a2=60ace772e500 a3=8 items=3 ppid=12250 pid=12251 auid=0 uid=0 gid=0 euid=0 suid=0 fsuid=0 egid=0 sgid=0 fsgid=0 tty=(none) ses=16 comm="debian-sa1" exe="/usr/bin/dash" subj=unconfined key="process_exec"ARCH=x86_64 SYSCALL=execve AUID="root" UID="root" GID="root" EUID="root" SUID="root" FSUID="root" EGID="root" SGID="root" FSGID="root"
type=EXECVE msg=audit(1769264701.478:7579): argc=4 a0="/bin/sh" a1="/usr/lib/sysstat/debian-sa1" a2="1" a3="1"
type=CWD msg=audit(1769264701.478:7579): cwd="/root"
type=PATH msg=audit(1769264701.478:7579): item=0 name="/usr/lib/sysstat/debian-sa1" inode=1582333 dev=08:02 mode=0100755 ouid=0 ogid=0 rdev=00:00 nametype=NORMAL cap_fp=0 cap_fi=0 cap_fe=0 cap_fver=0 cap_frootid=0OUID="root" OGID="root"
type=PATH msg=audit(1769264701.478:7579): item=1 name="/bin/sh" inode=1573518 dev=08:02 mode=0100755 ouid=0 ogid=0 rdev=00:00 nametype=NORMAL cap_fp=0 cap_fi=0 cap_fe=0 cap_fver=0 cap_frootid=0OUID="root" OGID="root"
type=PATH msg=audit(1769264701.478:7579): item=2 name="/lib64/ld-linux-x86-64.so.2" inode=1575340 dev=08:02 mode=0100755 ouid=0 ogid=0 rdev=00:00 nametype=NORMAL cap_fp=0 cap_fi=0 cap_fe=0 cap_fver=0 cap_frootid=0OUID="root" OGID="root"
type=PROCTITLE msg=audit(1769264701.478:7579): proctitle=2F62696E2F7368002F7573722F6C69622F737973737461742F64656269616E2D73613100310031
type=CRED_DISP msg=audit(1769264701.483:7580): pid=12249 uid=0 auid=0 ses=16 subj=unconfined msg='op=PAM:setcred grantors=pam_permit acct="root" exe="/usr/sbin/cron" hostname=? addr=? terminal=cron res=success'UID="root" AUID="root"
type=USER_END msg=audit(1769264701.483:7581): pid=12249 uid=0 auid=0 ses=16 subj=unconfined msg='op=PAM:session_close grantors=pam_loginuid,pam_env,pam_env,pam_permit,pam_umask,pam_unix,pam_limits acct="root" exe="/usr/sbin/cron" hostname=? addr=? terminal=cron res=success'UID="root" AUID="root"
type=SYSCALL msg=audit(1769264707.332:7582): arch=c000003e syscall=59 success=yes exit=0 a0=5959851a3310 a1=5959851a2dc0 a2=59598519a520 a3=5959851a23c0 items=2 ppid=11882 pid=12252 auid=1000 uid=0 gid=0 euid=0 suid=0 fsuid=0 egid=0 sgid=0 fsgid=0 tty=pts1 ses=3 comm="mkdir" exe="/usr/bin/mkdir" subj=unconfined key="process_exec"ARCH=x86_64 SYSCALL=execve AUID="heroic" UID="root" GID="root" EUID="root" SUID="root" FSUID="root" EGID="root" SGID="root" FSGID="root"
type=EXECVE msg=audit(1769264707.332:7582): argc=3 a0="mkdir" a1="-p" a2="/root/hids_benign"
type=CWD msg=audit(1769264707.332:7582): cwd=2F726F6F742F686964735F62656E69676E202864656C6574656429
type=PATH msg=audit(1769264707.332:7582): item=0 name="/usr/bin/mkdir" inode=1578106 dev=08:02 mode=0100755 ouid=0 ogid=0 rdev=00:00 nametype=NORMAL cap_fp=0 cap_fi=0 cap_fe=0 cap_fver=0 cap_frootid=0OUID="root" OGID="root"
type=PATH msg=audit(1769264707.332:7582): item=1 name="/lib64/ld-linux-x86-64.so.2" inode=1575340 dev=08:02 mode=0100755 ouid=0 ogid=0 rdev=00:00 nametype=NORMAL cap_fp=0 cap_fi=0 cap_fe=0 cap_fver=0 cap_frootid=0OUID="root" OGID="root"
type=PROCTITLE msg=audit(1769264707.332:7582): proctitle=6D6B646972002D70002F726F6F742F686964735F62656E69676E
type=SYSCALL msg=audit(1769264707.338:7583): arch=c000003e syscall=59 success=yes exit=0 a0=59598519f6b0 a1=5959851a37a0 a2=59598519a520 a3=5959851a37a0 items=2 ppid=11882 pid=12253 auid=1000 uid=0 gid=0 euid=0 suid=0 fsuid=0 egid=0 sgid=0 fsgid=0 tty=pts1 ses=3 comm="cat" exe="/usr/bin/cat" subj=unconfined key="process_exec"ARCH=x86_64 SYSCALL=execve AUID="heroic" UID="root" GID="root" EUID="root" SUID="root" FSUID="root" EGID="root" SGID="root" FSGID="root"
type=EXECVE msg=audit(1769264707.338:7583): argc=2 a0="cat" a1="file_1.txt"
type=CWD msg=audit(1769264707.338:7583): cwd="/root/hids_benign"
type=PATH msg=audit(1769264707.338:7583): item=0 name="/usr/bin/cat" inode=1578016 dev=08:02 mode=0100755 ouid=0 ogid=0 rdev=00:00 nametype=NORMAL cap_fp=0 cap_fi=0 cap_fe=0 cap_fver=0 cap_frootid=0OUID="root" OGID="root"
type=PATH msg=audit(1769264707.338:7583): item=1 name="/lib64/ld-linux-x86-64.so.2" inode=1575340 dev=08:02 mode=0100755 ouid=0 ogid=0 rdev=00:00 nametype=NORMAL cap_fp=0 cap_fi=0 cap_fe=0 cap_fver=0 cap_frootid=0OUID="root" OGID="root"
type=PROCTITLE msg=audit(1769264707.338:7583): proctitle=6361740066696C655F312E747874
type=SYSCALL msg=audit(1769264707.344:7584): arch=c000003e syscall=59 success=yes exit=0 a0=5959851a37a0 a1=5959851a2d80 a2=59598519a520 a3=5959851a2d80 items=2 ppid=11882 pid=12254 auid=1000 uid=0 gid=0 euid=0 suid=0 fsuid=0 egid=0 sgid=0 fsgid=0 tty=pts1 ses=3 comm="cat" exe="/usr/bin/cat" subj=unconfined key="process_exec"ARCH=x86_64 SYSCALL=execve AUID="heroic" UID="root" GID="root" EUID="root" SUID="root" FSUID="root" EGID="root" SGID="root" FSGID="root"
type=EXECVE msg=audit(1769264707.344:7584): argc=2 a0="cat" a1="file_2.txt"
type=CWD msg=audit(1769264707.344:7584): cwd="/root/hids_benign"
type=PATH msg=audit(1769264707.344:7584): item=0 name="/usr/bin/cat" inode=1578016 dev=08:02 mode=0100755 ouid=0 ogid=0 rdev=00:00 nametype=NORMAL cap_fp=0 cap_fi=0 cap_fe=0 cap_fver=0 cap_frootid=0OUID="root" OGID="root"
type=PATH msg=audit(1769264707.344:7584): item=1 name="/lib64/ld-linux-x86-64.so.2" inode=1575340 dev=08:02 mode=0100755 ouid=0 ogid=0 rdev=00:00 nametype=NORMAL cap_fp=0 cap_fi=0 cap_fe=0 cap_fver=0 cap_frootid=0OUID="root" OGID="root"
type=PROCTITLE msg=audit(1769264707.344:7584): proctitle=6361740066696C655F322E747874
type=SYSCALL msg=audit(1769264707.352:7585): arch=c000003e syscall=59 success=yes exit=0 a0=5959851a2d80 a1=59598519f6b0 a2=59598519a520 a3=59598519f6b0 items=2 ppid=11882 pid=12255 auid=1000 uid=0 gid=0 euid=0 suid=0 fsuid=0 egid=0 sgid=0 fsgid=0 tty=pts1 ses=3 comm="cat" exe="/usr/bin/cat" subj=unconfined key="process_exec"ARCH=x86_64 SYSCALL=execve AUID="heroic" UID="root" GID="root" EUID="root" SUID="root" FSUID="root" EGID="root" SGID="root" FSGID="root"
type=EXECVE msg=audit(1769264707.352:7585): argc=2 a0="cat" a1="file_3.txt"
type=CWD msg=audit(1769264707.352:7585): cwd="/root/hids_benign"
type=PATH msg=audit(1769264707.352:7585): item=0 name="/usr/bin/cat" inode=1578016 dev=08:02 mode=0100755 ouid=0 ogid=0 rdev=00:00 nametype=NORMAL cap_fp=0 cap_fi=0 cap_fe=0 cap_fver=0 cap_frootid=0OUID="root" OGID="root"
type=PATH msg=audit(1769264707.352:7585): item=1 name="/lib64/ld-linux-x86-64.so.2" inode=1575340 dev=08:02 mode=0100755 ouid=0 ogid=0 rdev=00:00 nametype=NORMAL cap_fp=0 cap_fi=0 cap_fe=0 cap_fver=0 cap_frootid=0OUID="root" OGID="root"
type=PROCTITLE msg=audit(1769264707.352:7585): proctitle=6361740066696C655F332E747874
type=SYSCALL msg=audit(1769264707.358:7586): arch=c000003e syscall=59 success=yes exit=0 a0=59598519f6b0 a1=5959851a37a0 a2=59598519a520 a3=5959851a37a0 items=2 ppid=11882 pid=12256 auid=1000 uid=0 gid=0 euid=0 suid=0 fsuid=0 egid=0 sgid=0 fsgid=0 tty=pts1 ses=3 comm="cat" exe="/usr/bin/cat" subj=unconfined key="process_exec"ARCH=x86_64 SYSCALL=execve AUID="heroic" UID="root" GID="root" EUID="root" SUID="root" FSUID="root" EGID="root" SGID="root" FSGID="root"
type=EXECVE msg=audit(1769264707.358:7586): argc=2 a0="cat" a1="file_4.txt"
type=CWD msg=audit(1769264707.358:7586): cwd="/root/hids_benign"
type=PATH msg=audit(1769264707.358:7586): item=0 name="/usr/bin/cat" inode=1578016 dev=08:02 mode=0100755 ouid=0 ogid=0 rdev=00:00 nametype=NORMAL cap_fp=0 cap_fi=0 cap_fe=0 cap_fver=0 cap_frootid=0OUID="root" OGID="root"
type=PATH msg=audit(1769264707.358:7586): item=1 name="/lib64/ld-linux-x86-64.so.2" inode=1575340 dev=08:02 mode=0100755 ouid=0 ogid=0 rdev=00:00 nametype=NORMAL cap_fp=0 cap_fi=0 cap_fe=0 cap_fver=0 cap_frootid=0OUID="root" OGID="root"
type=PROCTITLE msg=audit(1769264707.358:7586): proctitle=6361740066696C655F342E747874
type=SYSCALL msg=audit(1769264707.363:7587): arch=c000003e syscall=59 success=yes exit=0 a0=5959851a37a0 a1=5959851a2d80 a2=59598519a520 a3=5959851a2d80 items=2 ppid=11882 pid=12257 auid=1000 uid=0 gid=0 euid=0 suid=0 fsuid=0 egid=0 sgid=0 fsgid=0 tty=pts1 ses=3 comm="cat" exe="/usr/bin/cat" subj=unconfined key="process_exec"ARCH=x86_64 SYSCALL=execve AUID="heroic" UID="root" GID="root" EUID="root" SUID="root" FSUID="root" EGID="root" SGID="root" FSGID="root"
type=EXECVE msg=audit(1769264707.363:7587): argc=2 a0="cat" a1="file_5.txt"
type=CWD msg=audit(1769264707.363:7587): cwd="/root/hids_benign"
type=PATH msg=audit(1769264707.363:7587): item=0 name="/usr/bin/cat" inode=1578016 dev=08:02 mode=0100755 ouid=0 ogid=0 rdev=00:00 nametype=NORMAL cap_fp=0 cap_fi=0 cap_fe=0 cap_fver=0 cap_frootid=0OUID="root" OGID="root"
type=PATH msg=audit(1769264707.363:7587): item=1 name="/lib64/ld-linux-x86-64.so.2" inode=1575340 dev=08:02 mode=0100755 ouid=0 ogid=0 rdev=00:00 nametype=NORMAL cap_fp=0 cap_fi=0 cap_fe=0 cap_fver=0 cap_frootid=0OUID="root" OGID="root"
type=PROCTITLE msg=audit(1769264707.363:7587): proctitle=6361740066696C655F352E747874
type=SYSCALL msg=audit(1769264707.368:7588): arch=c000003e syscall=59 success=yes exit=0 a0=5959851a2d80 a1=59598519f6b0 a2=59598519a520 a3=59598519f6b0 items=2 ppid=11882 pid=12258 auid=1000 uid=0 gid=0 euid=0 suid=0 fsuid=0 egid=0 sgid=0 fsgid=0 tty=pts1 ses=3 comm="cat" exe="/usr/bin/cat" subj=unconfined key="process_exec"ARCH=x86_64 SYSCALL=execve AUID="heroic" UID="root" GID="root" EUID="root" SUID="root" FSUID="root" EGID="root" SGID="root" FSGID="root"
type=EXECVE msg=audit(1769264707.368:7588): argc=2 a0="cat" a1="file_6.txt"
type=CWD msg=audit(1769264707.368:7588): cwd="/root/hids_benign"
type=PATH msg=audit(1769264707.368:7588): item=0 name="/usr/bin/cat" inode=1578016 dev=08:02 mode=0100755 ouid=0 ogid=0 rdev=00:00 nametype=NORMAL cap_fp=0 cap_fi=0 cap_fe=0 cap_fver=0 cap_frootid=0OUID="root" OGID="root"
type=PATH msg=audit(1769264707.368:7588): item=1 name="/lib64/ld-linux-x86-64.so.2" inode=1575340 dev=08:02 mode=0100755 ouid=0 ogid=0 rdev=00:00 nametype=NORMAL cap_fp=0 cap_fi=0 cap_fe=0 cap_fver=0 cap_frootid=0OUID="root" OGID="root"
type=PROCTITLE msg=audit(1769264707.368:7588): proctitle=6361740066696C655F362E747874
type=SYSCALL msg=audit(1769264707.372:7589): arch=c000003e syscall=59 success=yes exit=0 a0=59598519f6b0 a1=5959851a37a0 a2=59598519a520 a3=5959851a37a0 items=2 ppid=11882 pid=12259 auid=1000 uid=0 gid=0 euid=0 suid=0 fsuid=0 egid=0 sgid=0 fsgid=0 tty=pts1 ses=3 comm="cat" exe="/usr/bin/cat" subj=unconfined key="process_exec"ARCH=x86_64 SYSCALL=execve AUID="heroic" UID="root" GID="root" EUID="root" SUID="root" FSUID="root" EGID="root" SGID="root" FSGID="root"
type=EXECVE msg=audit(1769264707.372:7589): argc=2 a0="cat" a1="file_7.txt"
type=CWD msg=audit(1769264707.372:7589): cwd="/root/hids_benign"
type=PATH msg=audit(1769264707.372:7589): item=0 name="/usr/bin/cat" inode=1578016 dev=08:02 mode=0100755 ouid=0 ogid=0 rdev=00:00 nametype=NORMAL cap_fp=0 cap_fi=0 cap_fe=0 cap_fver=0 cap_frootid=0OUID="root" OGID="root"
type=PATH msg=audit(1769264707.372:7589): item=1 name="/lib64/ld-linux-x86-64.so.2" inode=1575340 dev=08:02 mode=0100755 ouid=0 ogid=0 rdev=00:00 nametype=NORMAL cap_fp=0 cap_fi=0 cap_fe=0 cap_fver=0 cap_frootid=0OUID="root" OGID="root"
type=PROCTITLE msg=audit(1769264707.372:7589): proctitle=6361740066696C655F372E747874
type=SYSCALL msg=audit(1769264707.376:7590): arch=c000003e syscall=59 success=yes exit=0 a0=5959851a37a0 a1=5959851a2d80 a2=59598519a520 a3=5959851a2d80 items=2 ppid=11882 pid=12260 auid=1000 uid=0 gid=0 euid=0 suid=0 fsuid=0 egid=0 sgid=0 fsgid=0 tty=pts1 ses=3 comm="cat" exe="/usr/bin/cat" subj=unconfined key="process_exec"ARCH=x86_64 SYSCALL=execve AUID="heroic" UID="root" GID="root" EUID="root" SUID="root" FSUID="root" EGID="root" SGID="root" FSGID="root"
type=EXECVE msg=audit(1769264707.376:7590): argc=2 a0="cat" a1="file_8.txt"
type=CWD msg=audit(1769264707.376:7590): cwd="/root/hids_benign"
type=PATH msg=audit(1769264707.376:7590): item=0 name="/usr/bin/cat" inode=1578016 dev=08:02 mode=0100755 ouid=0 ogid=0 rdev=00:00 nametype=NORMAL cap_fp=0 cap_fi=0 cap_fe=0 cap_fver=0 cap_frootid=0OUID="root" OGID="root"
type=PATH msg=audit(1769264707.376:7590): item=1 name="/lib64/ld-linux-x86-64.so.2" inode=1575340 dev=08:02 mode=0100755 ouid=0 ogid=0 rdev=00:00 nametype=NORMAL cap_fp=0 cap_fi=0 cap_fe=0 cap_fver=0 cap_frootid=0OUID="root" OGID="root"
type=PROCTITLE msg=audit(1769264707.376:7590): proctitle=6361740066696C655F382E747874
type=SYSCALL msg=audit(1769264707.380:7591): arch=c000003e syscall=59 success=yes exit=0 a0=5959851a2d80 a1=59598519f6b0 a2=59598519a520 a3=59598519f6b0 items=2 ppid=11882 pid=12261 auid=1000 uid=0 gid=0 euid=0 suid=0 fsuid=0 egid=0 sgid=0 fsgid=0 tty=pts1 ses=3 comm="cat" exe="/usr/bin/cat" subj=unconfined key="process_exec"ARCH=x86_64 SYSCALL=execve AUID="heroic" UID="root" GID="root" EUID="root" SUID="root" FSUID="root" EGID="root" SGID="root" FSGID="root"
type=EXECVE msg=audit(1769264707.380:7591): argc=2 a0="cat" a1="file_9.txt"
type=CWD msg=audit(1769264707.380:7591): cwd="/root/hids_benign"
type=PATH msg=audit(1769264707.380:7591): item=0 name="/usr/bin/cat" inode=1578016 dev=08:02 mode=0100755 ouid=0 ogid=0 rdev=00:00 nametype=NORMAL cap_fp=0 cap_fi=0 cap_fe=0 cap_fver=0 cap_frootid=0OUID="root" OGID="root"
type=PATH msg=audit(1769264707.380:7591): item=1 name="/lib64/ld-linux-x86-64.so.2" inode=1575340 dev=08:02 mode=0100755 ouid=0 ogid=0 rdev=00:00 nametype=NORMAL cap_fp=0 cap_fi=0 cap_fe=0 cap_fver=0 cap_frootid=0OUID="root" OGID="root"
type=PROCTITLE msg=audit(1769264707.380:7591): proctitle=6361740066696C655F392E747874
type=SYSCALL msg=audit(1769264707.384:7592): arch=c000003e syscall=59 success=yes exit=0 a0=59598519f6b0 a1=5959851a37a0 a2=59598519a520 a3=5959851a37a0 items=2 ppid=11882 pid=12262 auid=1000 uid=0 gid=0 euid=0 suid=0 fsuid=0 egid=0 sgid=0 fsgid=0 tty=pts1 ses=3 comm="cat" exe="/usr/bin/cat" subj=unconfined key="process_exec"ARCH=x86_64 SYSCALL=execve AUID="heroic" UID="root" GID="root" EUID="root" SUID="root" FSUID="root" EGID="root" SGID="root" FSGID="root"
type=EXECVE msg=audit(1769264707.384:7592): argc=2 a0="cat" a1="file_10.txt"
type=CWD msg=audit(1769264707.384:7592): cwd="/root/hids_benign"
type=PATH msg=audit(1769264707.384:7592): item=0 name="/usr/bin/cat" inode=1578016 dev=08:02 mode=0100755 ouid=0 ogid=0 rdev=00:00 nametype=NORMAL cap_fp=0 cap_fi=0 cap_fe=0 cap_fver=0 cap_frootid=0OUID="root" OGID="root"
type=PATH msg=audit(1769264707.384:7592): item=1 name="/lib64/ld-linux-x86-64.so.2" inode=1575340 dev=08:02 mode=0100755 ouid=0 ogid=0 rdev=00:00 nametype=NORMAL cap_fp=0 cap_fi=0 cap_fe=0 cap_fver=0 cap_frootid=0OUID="root" OGID="root"
type=PROCTITLE msg=audit(1769264707.384:7592): proctitle=6361740066696C655F31302E747874
type=SYSCALL msg=audit(1769264707.389:7593): arch=c000003e syscall=59 success=yes exit=0 a0=5959851a2320 a1=5959851a4120 a2=59598519a520 a3=0 items=2 ppid=11882 pid=12263 auid=1000 uid=0 gid=0 euid=0 suid=0 fsuid=0 egid=0 sgid=0 fsgid=0 tty=pts1 ses=3 comm="vim" exe="/usr/bin/vim.basic" subj=unconfined key="process_exec"ARCH=x86_64 SYSCALL=execve AUID="heroic" UID="root" GID="root" EUID="root" SUID="root" FSUID="root" EGID="root" SGID="root" FSGID="root"
type=EXECVE msg=audit(1769264707.389:7593): argc=3 a0="vim" a1="-es" a2="file_1.txt"
type=CWD msg=audit(1769264707.389:7593): cwd="/root/hids_benign"
type=PATH msg=audit(1769264707.389:7593): item=0 name="/usr/bin/vim" inode=1575517 dev=08:02 mode=0100755 ouid=0 ogid=0 rdev=00:00 nametype=NORMAL cap_fp=0 cap_fi=0 cap_fe=0 cap_fver=0 cap_frootid=0OUID="root" OGID="root"
type=PATH msg=audit(1769264707.389:7593): item=1 name="/lib64/ld-linux-x86-64.so.2" inode=1575340 dev=08:02 mode=0100755 ouid=0 ogid=0 rdev=00:00 nametype=NORMAL cap_fp=0 cap_fi=0 cap_fe=0 cap_fver=0 cap_frootid=0OUID="root" OGID="root"
type=PROCTITLE msg=audit(1769264707.389:7593): proctitle=76696D002D65730066696C655F312E747874
type=SYSCALL msg=audit(1769264707.407:7594): arch=c000003e syscall=59 success=yes exit=0 a0=5959851a1fa0 a1=5959851a4120 a2=59598519a520 a3=0 items=2 ppid=11882 pid=12264 auid=1000 uid=0 gid=0 euid=0 suid=0 fsuid=0 egid=0 sgid=0 fsgid=0 tty=pts1 ses=3 comm="vim" exe="/usr/bin/vim.basic" subj=unconfined key="process_exec"ARCH=x86_64 SYSCALL=execve AUID="heroic" UID="root" GID="root" EUID="root" SUID="root" FSUID="root" EGID="root" SGID="root" FSGID="root"
type=EXECVE msg=audit(1769264707.407:7594): argc=3 a0="vim" a1="-es" a2="file_2.txt"
type=CWD msg=audit(1769264707.407:7594): cwd="/root/hids_benign"
type=PATH msg=audit(1769264707.407:7594): item=0 name="/usr/bin/vim" inode=1575517 dev=08:02 mode=0100755 ouid=0 ogid=0 rdev=00:00 nametype=NORMAL cap_fp=0 cap_fi=0 cap_fe=0 cap_fver=0 cap_frootid=0OUID="root" OGID="root"
type=PATH msg=audit(1769264707.407:7594): item=1 name="/lib64/ld-linux-x86-64.so.2" inode=1575340 dev=08:02 mode=0100755 ouid=0 ogid=0 rdev=00:00 nametype=NORMAL cap_fp=0 cap_fi=0 cap_fe=0 cap_fver=0 cap_frootid=0OUID="root" OGID="root"
type=PROCTITLE msg=audit(1769264707.407:7594): proctitle=76696D002D65730066696C655F322E747874
type=SYSCALL msg=audit(1769264707.426:7595): arch=c000003e syscall=59 success=yes exit=0 a0=5959851a3ff0 a1=5959851a4120 a2=59598519a520 a3=0 items=2 ppid=11882 pid=12265 auid=1000 uid=0 gid=0 euid=0 suid=0 fsuid=0 egid=0 sgid=0 fsgid=0 tty=pts1 ses=3 comm="vim" exe="/usr/bin/vim.basic" subj=unconfined key="process_exec"ARCH=x86_64 SYSCALL=execve AUID="heroic" UID="root" GID="root" EUID="root" SUID="root" FSUID="root" EGID="root" SGID="root" FSGID="root"
type=EXECVE msg=audit(1769264707.426:7595): argc=3 a0="vim" a1="-es" a2="file_3.txt"
type=CWD msg=audit(1769264707.426:7595): cwd="/root/hids_benign"
type=PATH msg=audit(1769264707.426:7595): item=0 name="/usr/bin/vim" inode=1575517 dev=08:02 mode=0100755 ouid=0 ogid=0 rdev=00:00 nametype=NORMAL cap_fp=0 cap_fi=0 cap_fe=0 cap_fver=0 cap_frootid=0OUID="root" OGID="root"
type=PATH msg=audit(1769264707.426:7595): item=1 name="/lib64/ld-linux-x86-64.so.2" inode=1575340 dev=08:02 mode=0100755 ouid=0 ogid=0 rdev=00:00 nametype=NORMAL cap_fp=0 cap_fi=0 cap_fe=0 cap_fver=0 cap_frootid=0OUID="root" OGID="root"
type=PROCTITLE msg=audit(1769264707.426:7595): proctitle=76696D002D65730066696C655F332E747874
type=SYSCALL msg=audit(1769264707.477:7596): arch=c000003e syscall=59 success=yes exit=0 a0=5959851a2d80 a1=5959851a4120 a2=59598519a520 a3=0 items=2 ppid=11882 pid=12266 auid=1000 uid=0 gid=0 euid=0 suid=0 fsuid=0 egid=0 sgid=0 fsgid=0 tty=pts1 ses=3 comm="vim" exe="/usr/bin/vim.basic" subj=unconfined key="process_exec"ARCH=x86_64 SYSCALL=execve AUID="heroic" UID="root" GID="root" EUID="root" SUID="root" FSUID="root" EGID="root" SGID="root" FSGID="root"
type=EXECVE msg=audit(1769264707.477:7596): argc=3 a0="vim" a1="-es" a2="file_4.txt"
type=CWD msg=audit(1769264707.477:7596): cwd="/root/hids_benign"
type=PATH msg=audit(1769264707.477:7596): item=0 name="/usr/bin/vim" inode=1575517 dev=08:02 mode=0100755 ouid=0 ogid=0 rdev=00:00 nametype=NORMAL cap_fp=0 cap_fi=0 cap_fe=0 cap_fver=0 cap_frootid=0OUID="root" OGID="root"
type=PATH msg=audit(1769264707.477:7596): item=1 name="/lib64/ld-linux-x86-64.so.2" inode=1575340 dev=08:02 mode=0100755 ouid=0 ogid=0 rdev=00:00 nametype=NORMAL cap_fp=0 cap_fi=0 cap_fe=0 cap_fver=0 cap_frootid=0OUID="root" OGID="root"
type=PROCTITLE msg=audit(1769264707.477:7596): proctitle=76696D002D65730066696C655F342E747874
type=SYSCALL msg=audit(1769264707.498:7597): arch=c000003e syscall=59 success=yes exit=0 a0=5959851a2320 a1=5959851a4120 a2=59598519a520 a3=0 items=2 ppid=11882 pid=12267 auid=1000 uid=0 gid=0 euid=0 suid=0 fsuid=0 egid=0 sgid=0 fsgid=0 tty=pts1 ses=3 comm="vim" exe="/usr/bin/vim.basic" subj=unconfined key="process_exec"ARCH=x86_64 SYSCALL=execve AUID="heroic" UID="root" GID="root" EUID="root" SUID="root" FSUID="root" EGID="root" SGID="root" FSGID="root"
type=EXECVE msg=audit(1769264707.498:7597): argc=3 a0="vim" a1="-es" a2="file_5.txt"
type=CWD msg=audit(1769264707.498:7597): cwd="/root/hids_benign"
type=PATH msg=audit(1769264707.498:7597): item=0 name="/usr/bin/vim" inode=1575517 dev=08:02 mode=0100755 ouid=0 ogid=0 rdev=00:00 nametype=NORMAL cap_fp=0 cap_fi=0 cap_fe=0 cap_fver=0 cap_frootid=0OUID="root" OGID="root"
type=PATH msg=audit(1769264707.498:7597): item=1 name="/lib64/ld-linux-x86-64.so.2" inode=1575340 dev=08:02 mode=0100755 ouid=0 ogid=0 rdev=00:00 nametype=NORMAL cap_fp=0 cap_fi=0 cap_fe=0 cap_fver=0 cap_frootid=0OUID="root" OGID="root"
type=PROCTITLE msg=audit(1769264707.498:7597): proctitle=76696D002D65730066696C655F352E747874
type=SYSCALL msg=audit(1769264707.513:7598): arch=c000003e syscall=59 success=yes exit=0 a0=5959851a3310 a1=5959851a3ff0 a2=59598519a520 a3=5959851a3ff0 items=2 ppid=11882 pid=12268 auid=1000 uid=0 gid=0 euid=0 suid=0 fsuid=0 egid=0 sgid=0 fsgid=0 tty=pts1 ses=3 comm="ls" exe="/usr/bin/ls" subj=unconfined key="process_exec"ARCH=x86_64 SYSCALL=execve AUID="heroic" UID="root" GID="root" EUID="root" SUID="root" FSUID="root" EGID="root" SGID="root" FSGID="root"
type=EXECVE msg=audit(1769264707.513:7598): argc=2 a0="ls" a1="-la"
type=CWD msg=audit(1769264707.513:7598): cwd="/root/hids_benign"
type=PATH msg=audit(1769264707.513:7598): item=0 name="/usr/bin/ls" inode=1578104 dev=08:02 mode=0100755 ouid=0 ogid=0 rdev=00:00 nametype=NORMAL cap_fp=0 cap_fi=0 cap_fe=0 cap_fver=0 cap_frootid=0OUID="root" OGID="root"
type=PATH msg=audit(1769264707.513:7598): item=1 name="/lib64/ld-linux-x86-64.so.2" inode=1575340 dev=08:02 mode=0100755 ouid=0 ogid=0 rdev=00:00 nametype=NORMAL cap_fp=0 cap_fi=0 cap_fe=0 cap_fver=0 cap_frootid=0OUID="root" OGID="root"
type=PROCTITLE msg=audit(1769264707.513:7598): proctitle=6C73002D6C61
type=SYSCALL msg=audit(1769264707.519:7599): arch=c000003e syscall=59 success=yes exit=0 a0=5959851a0800 a1=59598519f780 a2=59598519a520 a3=5959851a38c0 items=2 ppid=11882 pid=12269 auid=1000 uid=0 gid=0 euid=0 suid=0 fsuid=0 egid=0 sgid=0 fsgid=0 tty=pts1 ses=3 comm="ls" exe="/usr/bin/ls" subj=unconfined key="process_exec"ARCH=x86_64 SYSCALL=execve AUID="heroic" UID="root" GID="root" EUID="root" SUID="root" FSUID="root" EGID="root" SGID="root" FSGID="root"
type=EXECVE msg=audit(1769264707.519:7599): argc=2 a0="ls" a1="-la"
type=CWD msg=audit(1769264707.519:7599): cwd="/root/hids_benign"
type=PATH msg=audit(1769264707.519:7599): item=0 name="/usr/bin/ls" inode=1578104 dev=08:02 mode=0100755 ouid=0 ogid=0 rdev=00:00 nametype=NORMAL cap_fp=0 cap_fi=0 cap_fe=0 cap_fver=0 cap_frootid=0OUID="root" OGID="root"
type=PATH msg=audit(1769264707.519:7599): item=1 name="/lib64/ld-linux-x86-64.so.2" inode=1575340 dev=08:02 mode=0100755 ouid=0 ogid=0 rdev=00:00 nametype=NORMAL cap_fp=0 cap_fi=0 cap_fe=0 cap_fver=0 cap_frootid=0OUID="root" OGID="root"
type=PROCTITLE msg=audit(1769264707.519:7599): proctitle=6C73002D6C61
type=SYSCALL msg=audit(1769264707.525:7600): arch=c000003e syscall=59 success=yes exit=0 a0=5959851a2320 a1=59598519f780 a2=59598519a520 a3=5959851a25e0 items=2 ppid=11882 pid=12270 auid=1000 uid=0 gid=0 euid=0 suid=0 fsuid=0 egid=0 sgid=0 fsgid=0 tty=pts1 ses=3 comm="ls" exe="/usr/bin/ls" subj=unconfined key="process_exec"ARCH=x86_64 SYSCALL=execve AUID="heroic" UID="root" GID="root" EUID="root" SUID="root" FSUID="root" EGID="root" SGID="root" FSGID="root"
type=EXECVE msg=audit(1769264707.525:7600): argc=2 a0="ls" a1="-la"
type=CWD msg=audit(1769264707.525:7600): cwd="/root/hids_benign"
type=PATH msg=audit(1769264707.525:7600): item=0 name="/usr/bin/ls" inode=1578104 dev=08:02 mode=0100755 ouid=0 ogid=0 rdev=00:00 nametype=NORMAL cap_fp=0 cap_fi=0 cap_fe=0 cap_fver=0 cap_frootid=0OUID="root" OGID="root"
type=PATH msg=audit(1769264707.525:7600): item=1 name="/lib64/ld-linux-x86-64.so.2" inode=1575340 dev=08:02 mode=0100755 ouid=0 ogid=0 rdev=00:00 nametype=NORMAL cap_fp=0 cap_fi=0 cap_fe=0 cap_fver=0 cap_frootid=0OUID="root" OGID="root"
type=PROCTITLE msg=audit(1769264707.525:7600): proctitle=6C73002D6C61
type=SYSCALL msg=audit(1769264707.531:7601): arch=c000003e syscall=59 success=yes exit=0 a0=5959851a3170 a1=59598519f780 a2=59598519a520 a3=5959851a3310 items=2 ppid=11882 pid=12271 auid=1000 uid=0 gid=0 euid=0 suid=0 fsuid=0 egid=0 sgid=0 fsgid=0 tty=pts1 ses=3 comm="ls" exe="/usr/bin/ls" subj=unconfined key="process_exec"ARCH=x86_64 SYSCALL=execve AUID="heroic" UID="root" GID="root" EUID="root" SUID="root" FSUID="root" EGID="root" SGID="root" FSGID="root"
type=EXECVE msg=audit(1769264707.531:7601): argc=2 a0="ls" a1="-la"
type=CWD msg=audit(1769264707.531:7601): cwd="/root/hids_benign"
type=PATH msg=audit(1769264707.531:7601): item=0 name="/usr/bin/ls" inode=1578104 dev=08:02 mode=0100755 ouid=0 ogid=0 rdev=00:00 nametype=NORMAL cap_fp=0 cap_fi=0 cap_fe=0 cap_fver=0 cap_frootid=0OUID="root" OGID="root"
type=PATH msg=audit(1769264707.531:7601): item=1 name="/lib64/ld-linux-x86-64.so.2" inode=1575340 dev=08:02 mode=0100755 ouid=0 ogid=0 rdev=00:00 nametype=NORMAL cap_fp=0 cap_fi=0 cap_fe=0 cap_fver=0 cap_frootid=0OUID="root" OGID="root"
type=PROCTITLE msg=audit(1769264707.531:7601): proctitle=6C73002D6C61
type=SYSCALL msg=audit(1769264707.536:7602): arch=c000003e syscall=59 success=yes exit=0 a0=5959851a1f40 a1=59598519f780 a2=59598519a520 a3=5959851a0800 items=2 ppid=11882 pid=12272 auid=1000 uid=0 gid=0 euid=0 suid=0 fsuid=0 egid=0 sgid=0 fsgid=0 tty=pts1 ses=3 comm="ls" exe="/usr/bin/ls" subj=unconfined key="process_exec"ARCH=x86_64 SYSCALL=execve AUID="heroic" UID="root" GID="root" EUID="root" SUID="root" FSUID="root" EGID="root" SGID="root" FSGID="root"
type=EXECVE msg=audit(1769264707.536:7602): argc=2 a0="ls" a1="-la"
type=CWD msg=audit(1769264707.536:7602): cwd="/root/hids_benign"
type=PATH msg=audit(1769264707.536:7602): item=0 name="/usr/bin/ls" inode=1578104 dev=08:02 mode=0100755 ouid=0 ogid=0 rdev=00:00 nametype=NORMAL cap_fp=0 cap_fi=0 cap_fe=0 cap_fver=0 cap_frootid=0OUID="root" OGID="root"
type=PATH msg=audit(1769264707.536:7602): item=1 name="/lib64/ld-linux-x86-64.so.2" inode=1575340 dev=08:02 mode=0100755 ouid=0 ogid=0 rdev=00:00 nametype=NORMAL cap_fp=0 cap_fi=0 cap_fe=0 cap_fver=0 cap_frootid=0OUID="root" OGID="root"
type=PROCTITLE msg=audit(1769264707.536:7602): proctitle=6C73002D6C61
type=SYSCALL msg=audit(1769264707.544:7603): arch=c000003e syscall=59 success=yes exit=0 a0=5959851a3310 a1=5959851a30b0 a2=59598519a520 a3=5959851a2320 items=2 ppid=11882 pid=12273 auid=1000 uid=0 gid=0 euid=0 suid=0 fsuid=0 egid=0 sgid=0 fsgid=0 tty=pts1 ses=3 comm="curl" exe="/usr/bin/curl" subj=unconfined key="process_exec"ARCH=x86_64 SYSCALL=execve AUID="heroic" UID="root" GID="root" EUID="root" SUID="root" FSUID="root" EGID="root" SGID="root" FSGID="root"
type=EXECVE msg=audit(1769264707.544:7603): argc=3 a0="curl" a1="-s" a2="https://example.com"
type=CWD msg=audit(1769264707.544:7603): cwd="/root/hids_benign"
type=PATH msg=audit(1769264707.544:7603): item=0 name="/usr/bin/curl" inode=1573697 dev=08:02 mode=0100755 ouid=0 ogid=0 rdev=00:00 nametype=NORMAL cap_fp=0 cap_fi=0 cap_fe=0 cap_fver=0 cap_frootid=0OUID="root" OGID="root"
type=PATH msg=audit(1769264707.544:7603): item=1 name="/lib64/ld-linux-x86-64.so.2" inode=1575340 dev=08:02 mode=0100755 ouid=0 ogid=0 rdev=00:00 nametype=NORMAL cap_fp=0 cap_fi=0 cap_fe=0 cap_fver=0 cap_frootid=0OUID="root" OGID="root"
type=PROCTITLE msg=audit(1769264707.544:7603): proctitle=6375726C002D730068747470733A2F2F6578616D706C652E636F6D
type=SYSCALL msg=audit(1769264707.750:7604): arch=c000003e syscall=59 success=yes exit=0 a0=59598519f670 a1=5959851a3b40 a2=59598519a520 a3=5959851a2380 items=2 ppid=11882 pid=12275 auid=1000 uid=0 gid=0 euid=0 suid=0 fsuid=0 egid=0 sgid=0 fsgid=0 tty=pts1 ses=3 comm="ssh" exe="/usr/bin/ssh" subj=unconfined key="process_exec"ARCH=x86_64 SYSCALL=execve AUID="heroic" UID="root" GID="root" EUID="root" SUID="root" FSUID="root" EGID="root" SGID="root" FSGID="root"
type=EXECVE msg=audit(1769264707.750:7604): argc=5 a0="ssh" a1="-o" a2="BatchMode=yes" a3="localhost" a4=6563686F205353485F4F4B
type=CWD msg=audit(1769264707.750:7604): cwd="/root/hids_benign"
type=PATH msg=audit(1769264707.750:7604): item=0 name="/usr/bin/ssh" inode=1573390 dev=08:02 mode=0100755 ouid=0 ogid=0 rdev=00:00 nametype=NORMAL cap_fp=0 cap_fi=0 cap_fe=0 cap_fver=0 cap_frootid=0OUID="root" OGID="root"
type=PATH msg=audit(1769264707.750:7604): item=1 name="/lib64/ld-linux-x86-64.so.2" inode=1575340 dev=08:02 mode=0100755 ouid=0 ogid=0 rdev=00:00 nametype=NORMAL cap_fp=0 cap_fi=0 cap_fe=0 cap_fver=0 cap_frootid=0OUID="root" OGID="root"
type=PROCTITLE msg=audit(1769264707.750:7604): proctitle=737368002D6F0042617463684D6F64653D796573006C6F63616C686F7374006563686F205353485F4F4B
type=SYSCALL msg=audit(1769264707.760:7605): arch=c000003e syscall=59 success=yes exit=0 a0=5959851a2320 a1=5959851a3170 a2=59598519a520 a3=5959851a3170 items=2 ppid=11882 pid=12276 auid=1000 uid=0 gid=0 euid=0 suid=0 fsuid=0 egid=0 sgid=0 fsgid=0 tty=pts1 ses=3 comm="sleep" exe="/usr/bin/sleep" subj=unconfined key="process_exec"ARCH=x86_64 SYSCALL=execve AUID="heroic" UID="root" GID="root" EUID="root" SUID="root" FSUID="root" EGID="root" SGID="root" FSGID="root"
type=EXECVE msg=audit(1769264707.760:7605): argc=2 a0="sleep" a1="5"
type=CWD msg=audit(1769264707.760:7605): cwd="/root/hids_benign"
type=PATH msg=audit(1769264707.760:7605): item=0 name="/usr/bin/sleep" inode=1578138 dev=08:02 mode=0100755 ouid=0 ogid=0 rdev=00:00 nametype=NORMAL cap_fp=0 cap_fi=0 cap_fe=0 cap_fver=0 cap_frootid=0OUID="root" OGID="root"
type=PATH msg=audit(1769264707.760:7605): item=1 name="/lib64/ld-linux-x86-64.so.2" inode=1575340 dev=08:02 mode=0100755 ouid=0 ogid=0 rdev=00:00 nametype=NORMAL cap_fp=0 cap_fi=0 cap_fe=0 cap_fver=0 cap_frootid=0OUID="root" OGID="root"
type=PROCTITLE msg=audit(1769264707.760:7605): proctitle=736C6565700035
type=SYSCALL msg=audit(1769264712.768:7606): arch=c000003e syscall=59 success=yes exit=0 a0=5959851a2320 a1=5959851a05c0 a2=59598519a520 a3=5959851a2640 items=2 ppid=11882 pid=12277 auid=1000 uid=0 gid=0 euid=0 suid=0 fsuid=0 egid=0 sgid=0 fsgid=0 tty=pts1 ses=3 comm="rm" exe="/usr/bin/rm" subj=unconfined key="process_exec"ARCH=x86_64 SYSCALL=execve AUID="heroic" UID="root" GID="root" EUID="root" SUID="root" FSUID="root" EGID="root" SGID="root" FSGID="root"
type=EXECVE msg=audit(1769264712.768:7606): argc=14 a0="rm" a1="-f" a2="file_10.txt" a3="file_1.txt" a4="file_2.txt" a5="file_3.txt" a6="file_4.txt" a7="file_5.txt" a8="file_6.txt" a9="file_7.txt" a10="file_8.txt" a11="file_9.txt" a12="webpage.html" a13="dir_list.log"
type=CWD msg=audit(1769264712.768:7606): cwd="/root/hids_benign"
type=PATH msg=audit(1769264712.768:7606): item=0 name="/usr/bin/rm" inode=1578127 dev=08:02 mode=0100755 ouid=0 ogid=0 rdev=00:00 nametype=NORMAL cap_fp=0 cap_fi=0 cap_fe=0 cap_fver=0 cap_frootid=0OUID="root" OGID="root"
type=PATH msg=audit(1769264712.768:7606): item=1 name="/lib64/ld-linux-x86-64.so.2" inode=1575340 dev=08:02 mode=0100755 ouid=0 ogid=0 rdev=00:00 nametype=NORMAL cap_fp=0 cap_fi=0 cap_fe=0 cap_fver=0 cap_frootid=0OUID="root" OGID="root"
type=PROCTITLE msg=audit(1769264712.768:7606): proctitle=726D002D660066696C655F31302E7478740066696C655F312E7478740066696C655F322E7478740066696C655F332E7478740066696C655F342E7478740066696C655F352E7478740066696C655F362E7478740066696C655F372E7478740066696C655F382E7478740066696C655F392E74787400776562706167652E68746D
type=SYSCALL msg=audit(1769264712.779:7607): arch=c000003e syscall=59 success=yes exit=0 a0=5959851a3170 a1=5959851a2380 a2=59598519a520 a3=5959851a2380 items=2 ppid=11882 pid=12278 auid=1000 uid=0 gid=0 euid=0 suid=0 fsuid=0 egid=0 sgid=0 fsgid=0 tty=pts1 ses=3 comm="rmdir" exe="/usr/bin/rmdir" subj=unconfined key="process_exec"ARCH=x86_64 SYSCALL=execve AUID="heroic" UID="root" GID="root" EUID="root" SUID="root" FSUID="root" EGID="root" SGID="root" FSGID="root"
type=EXECVE msg=audit(1769264712.779:7607): argc=2 a0="rmdir" a1="/root/hids_benign"
type=CWD msg=audit(1769264712.779:7607): cwd="/root/hids_benign"
type=PATH msg=audit(1769264712.779:7607): item=0 name="/usr/bin/rmdir" inode=1578128 dev=08:02 mode=0100755 ouid=0 ogid=0 rdev=00:00 nametype=NORMAL cap_fp=0 cap_fi=0 cap_fe=0 cap_fver=0 cap_frootid=0OUID="root" OGID="root"
type=PATH msg=audit(1769264712.779:7607): item=1 name="/lib64/ld-linux-x86-64.so.2" inode=1575340 dev=08:02 mode=0100755 ouid=0 ogid=0 rdev=00:00 nametype=NORMAL cap_fp=0 cap_fi=0 cap_fe=0 cap_fver=0 cap_frootid=0OUID="root" OGID="root"
type=PROCTITLE msg=audit(1769264712.779:7607): proctitle=726D646972002F726F6F742F686964735F62656E69676E
type=SYSCALL msg=audit(1769264712.786:7608): arch=c000003e syscall=59 success=yes exit=0 a0=5959851a3310 a1=5959851a1f40 a2=59598519a520 a3=5959851a1f40 items=2 ppid=11882 pid=12279 auid=1000 uid=0 gid=0 euid=0 suid=0 fsuid=0 egid=0 sgid=0 fsgid=0 tty=pts1 ses=3 comm="sleep" exe="/usr/bin/sleep" subj=unconfined key="process_exec"ARCH=x86_64 SYSCALL=execve AUID="heroic" UID="root" GID="root" EUID="root" SUID="root" FSUID="root" EGID="root" SGID="root" FSGID="root"
type=EXECVE msg=audit(1769264712.786:7608): argc=2 a0="sleep" a1="60"
type=CWD msg=audit(1769264712.786:7608): cwd=2F726F6F742F686964735F62656E69676E202864656C6574656429
type=PATH msg=audit(1769264712.786:7608): item=0 name="/usr/bin/sleep" inode=1578138 dev=08:02 mode=0100755 ouid=0 ogid=0 rdev=00:00 nametype=NORMAL cap_fp=0 cap_fi=0 cap_fe=0 cap_fver=0 cap_frootid=0OUID="root" OGID="root"
type=PATH msg=audit(1769264712.786:7608): item=1 name="/lib64/ld-linux-x86-64.so.2" inode=1575340 dev=08:02 mode=0100755 ouid=0 ogid=0 rdev=00:00 nametype=NORMAL cap_fp=0 cap_fi=0 cap_fe=0 cap_fver=0 cap_frootid=0OUID="root" OGID="root"
type=PROCTITLE msg=audit(1769264712.786:7608): proctitle=736C656570003630
type=SYSCALL msg=audit(1769264730.648:7609): arch=c000003e syscall=59 success=yes exit=0 a0=559a52951c90 a1=559a52951af0 a2=559a529535d0 a3=559a52951af0 items=2 ppid=11496 pid=12282 auid=1000 uid=1000 gid=1000 euid=1000 suid=1000 fsuid=1000 egid=1000 sgid=1000 fsgid=1000 tty=pts2 ses=3 comm="ls" exe="/usr/bin/ls" subj=unconfined key="process_exec"ARCH=x86_64 SYSCALL=execve AUID="heroic" UID="heroic" GID="heroic" EUID="heroic" SUID="heroic" FSUID="heroic" EGID="heroic" SGID="heroic" FSGID="heroic"
type=EXECVE msg=audit(1769264730.648:7609): argc=2 a0="ls" a1="--color=auto"
type=CWD msg=audit(1769264730.648:7609): cwd="/home/heroic"
type=PATH msg=audit(1769264730.648:7609): item=0 name="/usr/bin/ls" inode=1578104 dev=08:02 mode=0100755 ouid=0 ogid=0 rdev=00:00 nametype=NORMAL cap_fp=0 cap_fi=0 cap_fe=0 cap_fver=0 cap_frootid=0OUID="root" OGID="root"
type=PATH msg=audit(1769264730.648:7609): item=1 name="/lib64/ld-linux-x86-64.so.2" inode=1575340 dev=08:02 mode=0100755 ouid=0 ogid=0 rdev=00:00 nametype=NORMAL cap_fp=0 cap_fi=0 cap_fe=0 cap_fver=0 cap_frootid=0OUID="root" OGID="root"
type=PROCTITLE msg=audit(1769264730.648:7609): proctitle=6C73002D2D636F6C6F723D6175746F
type=SYSCALL msg=audit(1769264772.795:7610): arch=c000003e syscall=59 success=yes exit=0 a0=5959851a2540 a1=59598519fb00 a2=59598519a520 a3=5959851a1fe0 items=2 ppid=11882 pid=12288 auid=1000 uid=0 gid=0 euid=0 suid=0 fsuid=0 egid=0 sgid=0 fsgid=0 tty=pts1 ses=3 comm="mkdir" exe="/usr/bin/mkdir" subj=unconfined key="process_exec"ARCH=x86_64 SYSCALL=execve AUID="heroic" UID="root" GID="root" EUID="root" SUID="root" FSUID="root" EGID="root" SGID="root" FSGID="root"
type=EXECVE msg=audit(1769264772.795:7610): argc=3 a0="mkdir" a1="-p" a2="/root/hids_benign"
type=CWD msg=audit(1769264772.795:7610): cwd=2F726F6F742F686964735F62656E69676E202864656C6574656429
type=PATH msg=audit(1769264772.795:7610): item=0 name="/usr/bin/mkdir" inode=1578106 dev=08:02 mode=0100755 ouid=0 ogid=0 rdev=00:00 nametype=NORMAL cap_fp=0 cap_fi=0 cap_fe=0 cap_fver=0 cap_frootid=0OUID="root" OGID="root"
type=PATH msg=audit(1769264772.795:7610): item=1 name="/lib64/ld-linux-x86-64.so.2" inode=1575340 dev=08:02 mode=0100755 ouid=0 ogid=0 rdev=00:00 nametype=NORMAL cap_fp=0 cap_fi=0 cap_fe=0 cap_fver=0 cap_frootid=0OUID="root" OGID="root"
type=PROCTITLE msg=audit(1769264772.795:7610): proctitle=6D6B646972002D70002F726F6F742F686964735F62656E69676E
type=SYSCALL msg=audit(1769264772.804:7611): arch=c000003e syscall=59 success=yes exit=0 a0=5959851a3780 a1=5959851a3030 a2=59598519a520 a3=5959851a3030 items=2 ppid=11882 pid=12289 auid=1000 uid=0 gid=0 euid=0 suid=0 fsuid=0 egid=0 sgid=0 fsgid=0 tty=pts1 ses=3 comm="cat" exe="/usr/bin/cat" subj=unconfined key="process_exec"ARCH=x86_64 SYSCALL=execve AUID="heroic" UID="root" GID="root" EUID="root" SUID="root" FSUID="root" EGID="root" SGID="root" FSGID="root"
type=EXECVE msg=audit(1769264772.804:7611): argc=2 a0="cat" a1="file_1.txt"
type=CWD msg=audit(1769264772.804:7611): cwd="/root/hids_benign"
type=PATH msg=audit(1769264772.804:7611): item=0 name="/usr/bin/cat" inode=1578016 dev=08:02 mode=0100755 ouid=0 ogid=0 rdev=00:00 nametype=NORMAL cap_fp=0 cap_fi=0 cap_fe=0 cap_fver=0 cap_frootid=0OUID="root" OGID="root"
type=PATH msg=audit(1769264772.804:7611): item=1 name="/lib64/ld-linux-x86-64.so.2" inode=1575340 dev=08:02 mode=0100755 ouid=0 ogid=0 rdev=00:00 nametype=NORMAL cap_fp=0 cap_fi=0 cap_fe=0 cap_fver=0 cap_frootid=0OUID="root" OGID="root"
type=PROCTITLE msg=audit(1769264772.804:7611): proctitle=6361740066696C655F312E747874
type=SYSCALL msg=audit(1769264772.809:7612): arch=c000003e syscall=59 success=yes exit=0 a0=5959851a3030 a1=5959851a2da0 a2=59598519a520 a3=5959851a2da0 items=2 ppid=11882 pid=12290 auid=1000 uid=0 gid=0 euid=0 suid=0 fsuid=0 egid=0 sgid=0 fsgid=0 tty=pts1 ses=3 comm="cat" exe="/usr/bin/cat" subj=unconfined key="process_exec"ARCH=x86_64 SYSCALL=execve AUID="heroic" UID="root" GID="root" EUID="root" SUID="root" FSUID="root" EGID="root" SGID="root" FSGID="root"
type=EXECVE msg=audit(1769264772.809:7612): argc=2 a0="cat" a1="file_2.txt"
type=CWD msg=audit(1769264772.809:7612): cwd="/root/hids_benign"
type=PATH msg=audit(1769264772.809:7612): item=0 name="/usr/bin/cat" inode=1578016 dev=08:02 mode=0100755 ouid=0 ogid=0 rdev=00:00 nametype=NORMAL cap_fp=0 cap_fi=0 cap_fe=0 cap_fver=0 cap_frootid=0OUID="root" OGID="root"
type=PATH msg=audit(1769264772.809:7612): item=1 name="/lib64/ld-linux-x86-64.so.2" inode=1575340 dev=08:02 mode=0100755 ouid=0 ogid=0 rdev=00:00 nametype=NORMAL cap_fp=0 cap_fi=0 cap_fe=0 cap_fver=0 cap_frootid=0OUID="root" OGID="root"
type=PROCTITLE msg=audit(1769264772.809:7612): proctitle=6361740066696C655F322E747874
type=SYSCALL msg=audit(1769264772.817:7613): arch=c000003e syscall=59 success=yes exit=0 a0=5959851a2da0 a1=5959851a3780 a2=59598519a520 a3=5959851a3780 items=2 ppid=11882 pid=12291 auid=1000 uid=0 gid=0 euid=0 suid=0 fsuid=0 egid=0 sgid=0 fsgid=0 tty=pts1 ses=3 comm="cat" exe="/usr/bin/cat" subj=unconfined key="process_exec"ARCH=x86_64 SYSCALL=execve AUID="heroic" UID="root" GID="root" EUID="root" SUID="root" FSUID="root" EGID="root" SGID="root" FSGID="root"
type=EXECVE msg=audit(1769264772.817:7613): argc=2 a0="cat" a1="file_3.txt"
type=CWD msg=audit(1769264772.817:7613): cwd="/root/hids_benign"
type=PATH msg=audit(1769264772.817:7613): item=0 name="/usr/bin/cat" inode=1578016 dev=08:02 mode=0100755 ouid=0 ogid=0 rdev=00:00 nametype=NORMAL cap_fp=0 cap_fi=0 cap_fe=0 cap_fver=0 cap_frootid=0OUID="root" OGID="root"
type=PATH msg=audit(1769264772.817:7613): item=1 name="/lib64/ld-linux-x86-64.so.2" inode=1575340 dev=08:02 mode=0100755 ouid=0 ogid=0 rdev=00:00 nametype=NORMAL cap_fp=0 cap_fi=0 cap_fe=0 cap_fver=0 cap_frootid=0OUID="root" OGID="root"
type=PROCTITLE msg=audit(1769264772.817:7613): proctitle=6361740066696C655F332E747874
type=SYSCALL msg=audit(1769264772.823:7614): arch=c000003e syscall=59 success=yes exit=0 a0=5959851a3780 a1=5959851a3030 a2=59598519a520 a3=5959851a3030 items=2 ppid=11882 pid=12292 auid=1000 uid=0 gid=0 euid=0 suid=0 fsuid=0 egid=0 sgid=0 fsgid=0 tty=pts1 ses=3 comm="cat" exe="/usr/bin/cat" subj=unconfined key="process_exec"ARCH=x86_64 SYSCALL=execve AUID="heroic" UID="root" GID="root" EUID="root" SUID="root" FSUID="root" EGID="root" SGID="root" FSGID="root"
type=EXECVE msg=audit(1769264772.823:7614): argc=2 a0="cat" a1="file_4.txt"
type=CWD msg=audit(1769264772.823:7614): cwd="/root/hids_benign"
type=PATH msg=audit(1769264772.823:7614): item=0 name="/usr/bin/cat" inode=1578016 dev=08:02 mode=0100755 ouid=0 ogid=0 rdev=00:00 nametype=NORMAL cap_fp=0 cap_fi=0 cap_fe=0 cap_fver=0 cap_frootid=0OUID="root" OGID="root"
type=PATH msg=audit(1769264772.823:7614): item=1 name="/lib64/ld-linux-x86-64.so.2" inode=1575340 dev=08:02 mode=0100755 ouid=0 ogid=0 rdev=00:00 nametype=NORMAL cap_fp=0 cap_fi=0 cap_fe=0 cap_fver=0 cap_frootid=0OUID="root" OGID="root"
type=PROCTITLE msg=audit(1769264772.823:7614): proctitle=6361740066696C655F342E747874
type=SYSCALL msg=audit(1769264772.829:7615): arch=c000003e syscall=59 success=yes exit=0 a0=5959851a3030 a1=5959851a2da0 a2=59598519a520 a3=5959851a2da0 items=2 ppid=11882 pid=12293 auid=1000 uid=0 gid=0 euid=0 suid=0 fsuid=0 egid=0 sgid=0 fsgid=0 tty=pts1 ses=3 comm="cat" exe="/usr/bin/cat" subj=unconfined key="process_exec"ARCH=x86_64 SYSCALL=execve AUID="heroic" UID="root" GID="root" EUID="root" SUID="root" FSUID="root" EGID="root" SGID="root" FSGID="root"
type=EXECVE msg=audit(1769264772.829:7615): argc=2 a0="cat" a1="file_5.txt"
type=CWD msg=audit(1769264772.829:7615): cwd="/root/hids_benign"
type=PATH msg=audit(1769264772.829:7615): item=0 name="/usr/bin/cat" inode=1578016 dev=08:02 mode=0100755 ouid=0 ogid=0 rdev=00:00 nametype=NORMAL cap_fp=0 cap_fi=0 cap_fe=0 cap_fver=0 cap_frootid=0OUID="root" OGID="root"
type=PATH msg=audit(1769264772.829:7615): item=1 name="/lib64/ld-linux-x86-64.so.2" inode=1575340 dev=08:02 mode=0100755 ouid=0 ogid=0 rdev=00:00 nametype=NORMAL cap_fp=0 cap_fi=0 cap_fe=0 cap_fver=0 cap_frootid=0OUID="root" OGID="root"
type=PROCTITLE msg=audit(1769264772.829:7615): proctitle=6361740066696C655F352E747874
type=SYSCALL msg=audit(1769264772.834:7616): arch=c000003e syscall=59 success=yes exit=0 a0=5959851a2da0 a1=5959851a3780 a2=59598519a520 a3=5959851a3780 items=2 ppid=11882 pid=12294 auid=1000 uid=0 gid=0 euid=0 suid=0 fsuid=0 egid=0 sgid=0 fsgid=0 tty=pts1 ses=3 comm="cat" exe="/usr/bin/cat" subj=unconfined key="process_exec"ARCH=x86_64 SYSCALL=execve AUID="heroic" UID="root" GID="root" EUID="root" SUID="root" FSUID="root" EGID="root" SGID="root" FSGID="root"
type=EXECVE msg=audit(1769264772.834:7616): argc=2 a0="cat" a1="file_6.txt"
type=CWD msg=audit(1769264772.834:7616): cwd="/root/hids_benign"
type=PATH msg=audit(1769264772.834:7616): item=0 name="/usr/bin/cat" inode=1578016 dev=08:02 mode=0100755 ouid=0 ogid=0 rdev=00:00 nametype=NORMAL cap_fp=0 cap_fi=0 cap_fe=0 cap_fver=0 cap_frootid=0OUID="root" OGID="root"
type=PATH msg=audit(1769264772.834:7616): item=1 name="/lib64/ld-linux-x86-64.so.2" inode=1575340 dev=08:02 mode=0100755 ouid=0 ogid=0 rdev=00:00 nametype=NORMAL cap_fp=0 cap_fi=0 cap_fe=0 cap_fver=0 cap_frootid=0OUID="root" OGID="root"
type=PROCTITLE msg=audit(1769264772.834:7616): proctitle=6361740066696C655F362E747874
type=SYSCALL msg=audit(1769264772.838:7617): arch=c000003e syscall=59 success=yes exit=0 a0=5959851a3780 a1=5959851a3030 a2=59598519a520 a3=5959851a3030 items=2 ppid=11882 pid=12295 auid=1000 uid=0 gid=0 euid=0 suid=0 fsuid=0 egid=0 sgid=0 fsgid=0 tty=pts1 ses=3 comm="cat" exe="/usr/bin/cat" subj=unconfined key="process_exec"ARCH=x86_64 SYSCALL=execve AUID="heroic" UID="root" GID="root" EUID="root" SUID="root" FSUID="root" EGID="root" SGID="root" FSGID="root"
type=EXECVE msg=audit(1769264772.838:7617): argc=2 a0="cat" a1="file_7.txt"
type=CWD msg=audit(1769264772.838:7617): cwd="/root/hids_benign"
type=PATH msg=audit(1769264772.838:7617): item=0 name="/usr/bin/cat" inode=1578016 dev=08:02 mode=0100755 ouid=0 ogid=0 rdev=00:00 nametype=NORMAL cap_fp=0 cap_fi=0 cap_fe=0 cap_fver=0 cap_frootid=0OUID="root" OGID="root"
type=PATH msg=audit(1769264772.838:7617): item=1 name="/lib64/ld-linux-x86-64.so.2" inode=1575340 dev=08:02 mode=0100755 ouid=0 ogid=0 rdev=00:00 nametype=NORMAL cap_fp=0 cap_fi=0 cap_fe=0 cap_fver=0 cap_frootid=0OUID="root" OGID="root"
type=PROCTITLE msg=audit(1769264772.838:7617): proctitle=6361740066696C655F372E747874
type=SYSCALL msg=audit(1769264772.844:7618): arch=c000003e syscall=59 success=yes exit=0 a0=5959851a3030 a1=5959851a2da0 a2=59598519a520 a3=5959851a2da0 items=2 ppid=11882 pid=12296 auid=1000 uid=0 gid=0 euid=0 suid=0 fsuid=0 egid=0 sgid=0 fsgid=0 tty=pts1 ses=3 comm="cat" exe="/usr/bin/cat" subj=unconfined key="process_exec"ARCH=x86_64 SYSCALL=execve AUID="heroic" UID="root" GID="root" EUID="root" SUID="root" FSUID="root" EGID="root" SGID="root" FSGID="root"
type=EXECVE msg=audit(1769264772.844:7618): argc=2 a0="cat" a1="file_8.txt"
type=CWD msg=audit(1769264772.844:7618): cwd="/root/hids_benign"
type=PATH msg=audit(1769264772.844:7618): item=0 name="/usr/bin/cat" inode=1578016 dev=08:02 mode=0100755 ouid=0 ogid=0 rdev=00:00 nametype=NORMAL cap_fp=0 cap_fi=0 cap_fe=0 cap_fver=0 cap_frootid=0OUID="root" OGID="root"
type=PATH msg=audit(1769264772.844:7618): item=1 name="/lib64/ld-linux-x86-64.so.2" inode=1575340 dev=08:02 mode=0100755 ouid=0 ogid=0 rdev=00:00 nametype=NORMAL cap_fp=0 cap_fi=0 cap_fe=0 cap_fver=0 cap_frootid=0OUID="root" OGID="root"
type=PROCTITLE msg=audit(1769264772.844:7618): proctitle=6361740066696C655F382E747874
type=SYSCALL msg=audit(1769264772.848:7619): arch=c000003e syscall=59 success=yes exit=0 a0=5959851a2da0 a1=5959851a3780 a2=59598519a520 a3=5959851a3780 items=2 ppid=11882 pid=12297 auid=1000 uid=0 gid=0 euid=0 suid=0 fsuid=0 egid=0 sgid=0 fsgid=0 tty=pts1 ses=3 comm="cat" exe="/usr/bin/cat" subj=unconfined key="process_exec"ARCH=x86_64 SYSCALL=execve AUID="heroic" UID="root" GID="root" EUID="root" SUID="root" FSUID="root" EGID="root" SGID="root" FSGID="root"
type=EXECVE msg=audit(1769264772.848:7619): argc=2 a0="cat" a1="file_9.txt"
type=CWD msg=audit(1769264772.848:7619): cwd="/root/hids_benign"
type=PATH msg=audit(1769264772.848:7619): item=0 name="/usr/bin/cat" inode=1578016 dev=08:02 mode=0100755 ouid=0 ogid=0 rdev=00:00 nametype=NORMAL cap_fp=0 cap_fi=0 cap_fe=0 cap_fver=0 cap_frootid=0OUID="root" OGID="root"
type=PATH msg=audit(1769264772.848:7619): item=1 name="/lib64/ld-linux-x86-64.so.2" inode=1575340 dev=08:02 mode=0100755 ouid=0 ogid=0 rdev=00:00 nametype=NORMAL cap_fp=0 cap_fi=0 cap_fe=0 cap_fver=0 cap_frootid=0OUID="root" OGID="root"
type=PROCTITLE msg=audit(1769264772.848:7619): proctitle=6361740066696C655F392E747874
type=SYSCALL msg=audit(1769264772.853:7620): arch=c000003e syscall=59 success=yes exit=0 a0=5959851a3780 a1=5959851a3030 a2=59598519a520 a3=5959851a3030 items=2 ppid=11882 pid=12298 auid=1000 uid=0 gid=0 euid=0 suid=0 fsuid=0 egid=0 sgid=0 fsgid=0 tty=pts1 ses=3 comm="cat" exe="/usr/bin/cat" subj=unconfined key="process_exec"ARCH=x86_64 SYSCALL=execve AUID="heroic" UID="root" GID="root" EUID="root" SUID="root" FSUID="root" EGID="root" SGID="root" FSGID="root"
type=EXECVE msg=audit(1769264772.853:7620): argc=2 a0="cat" a1="file_10.txt"
type=CWD msg=audit(1769264772.853:7620): cwd="/root/hids_benign"
type=PATH msg=audit(1769264772.853:7620): item=0 name="/usr/bin/cat" inode=1578016 dev=08:02 mode=0100755 ouid=0 ogid=0 rdev=00:00 nametype=NORMAL cap_fp=0 cap_fi=0 cap_fe=0 cap_fver=0 cap_frootid=0OUID="root" OGID="root"
type=PATH msg=audit(1769264772.853:7620): item=1 name="/lib64/ld-linux-x86-64.so.2" inode=1575340 dev=08:02 mode=0100755 ouid=0 ogid=0 rdev=00:00 nametype=NORMAL cap_fp=0 cap_fi=0 cap_fe=0 cap_fver=0 cap_frootid=0OUID="root" OGID="root"
type=PROCTITLE msg=audit(1769264772.853:7620): proctitle=6361740066696C655F31302E747874
type=SYSCALL msg=audit(1769264772.858:7621): arch=c000003e syscall=59 success=yes exit=0 a0=5959851a2d60 a1=5959851a4180 a2=59598519a520 a3=0 items=2 ppid=11882 pid=12299 auid=1000 uid=0 gid=0 euid=0 suid=0 fsuid=0 egid=0 sgid=0 fsgid=0 tty=pts1 ses=3 comm="vim" exe="/usr/bin/vim.basic" subj=unconfined key="process_exec"ARCH=x86_64 SYSCALL=execve AUID="heroic" UID="root" GID="root" EUID="root" SUID="root" FSUID="root" EGID="root" SGID="root" FSGID="root"
type=EXECVE msg=audit(1769264772.858:7621): argc=3 a0="vim" a1="-es" a2="file_1.txt"
type=CWD msg=audit(1769264772.858:7621): cwd="/root/hids_benign"
type=PATH msg=audit(1769264772.858:7621): item=0 name="/usr/bin/vim" inode=1575517 dev=08:02 mode=0100755 ouid=0 ogid=0 rdev=00:00 nametype=NORMAL cap_fp=0 cap_fi=0 cap_fe=0 cap_fver=0 cap_frootid=0OUID="root" OGID="root"
type=PATH msg=audit(1769264772.858:7621): item=1 name="/lib64/ld-linux-x86-64.so.2" inode=1575340 dev=08:02 mode=0100755 ouid=0 ogid=0 rdev=00:00 nametype=NORMAL cap_fp=0 cap_fi=0 cap_fe=0 cap_fver=0 cap_frootid=0OUID="root" OGID="root"
type=PROCTITLE msg=audit(1769264772.858:7621): proctitle=76696D002D65730066696C655F312E747874
type=SYSCALL msg=audit(1769264772.879:7622): arch=c000003e syscall=59 success=yes exit=0 a0=59598519f690 a1=5959851a4180 a2=59598519a520 a3=0 items=2 ppid=11882 pid=12300 auid=1000 uid=0 gid=0 euid=0 suid=0 fsuid=0 egid=0 sgid=0 fsgid=0 tty=pts1 ses=3 comm="vim" exe="/usr/bin/vim.basic" subj=unconfined key="process_exec"ARCH=x86_64 SYSCALL=execve AUID="heroic" UID="root" GID="root" EUID="root" SUID="root" FSUID="root" EGID="root" SGID="root" FSGID="root"
type=EXECVE msg=audit(1769264772.879:7622): argc=3 a0="vim" a1="-es" a2="file_2.txt"
type=CWD msg=audit(1769264772.879:7622): cwd="/root/hids_benign"
type=PATH msg=audit(1769264772.879:7622): item=0 name="/usr/bin/vim" inode=1575517 dev=08:02 mode=0100755 ouid=0 ogid=0 rdev=00:00 nametype=NORMAL cap_fp=0 cap_fi=0 cap_fe=0 cap_fver=0 cap_frootid=0OUID="root" OGID="root"
type=PATH msg=audit(1769264772.879:7622): item=1 name="/lib64/ld-linux-x86-64.so.2" inode=1575340 dev=08:02 mode=0100755 ouid=0 ogid=0 rdev=00:00 nametype=NORMAL cap_fp=0 cap_fi=0 cap_fe=0 cap_fver=0 cap_frootid=0OUID="root" OGID="root"
type=PROCTITLE msg=audit(1769264772.879:7622): proctitle=76696D002D65730066696C655F322E747874
type=SYSCALL msg=audit(1769264772.894:7623): arch=c000003e syscall=59 success=yes exit=0 a0=5959851a37a0 a1=5959851a4180 a2=59598519a520 a3=0 items=2 ppid=11882 pid=12301 auid=1000 uid=0 gid=0 euid=0 suid=0 fsuid=0 egid=0 sgid=0 fsgid=0 tty=pts1 ses=3 comm="vim" exe="/usr/bin/vim.basic" subj=unconfined key="process_exec"ARCH=x86_64 SYSCALL=execve AUID="heroic" UID="root" GID="root" EUID="root" SUID="root" FSUID="root" EGID="root" SGID="root" FSGID="root"
type=EXECVE msg=audit(1769264772.894:7623): argc=3 a0="vim" a1="-es" a2="file_3.txt"
type=CWD msg=audit(1769264772.894:7623): cwd="/root/hids_benign"
type=PATH msg=audit(1769264772.894:7623): item=0 name="/usr/bin/vim" inode=1575517 dev=08:02 mode=0100755 ouid=0 ogid=0 rdev=00:00 nametype=NORMAL cap_fp=0 cap_fi=0 cap_fe=0 cap_fver=0 cap_frootid=0OUID="root" OGID="root"
type=PATH msg=audit(1769264772.894:7623): item=1 name="/lib64/ld-linux-x86-64.so.2" inode=1575340 dev=08:02 mode=0100755 ouid=0 ogid=0 rdev=00:00 nametype=NORMAL cap_fp=0 cap_fi=0 cap_fe=0 cap_fver=0 cap_frootid=0OUID="root" OGID="root"
type=PROCTITLE msg=audit(1769264772.894:7623): proctitle=76696D002D65730066696C655F332E747874
type=SYSCALL msg=audit(1769264772.909:7624): arch=c000003e syscall=59 success=yes exit=0 a0=5959851a2da0 a1=5959851a4180 a2=59598519a520 a3=0 items=2 ppid=11882 pid=12302 auid=1000 uid=0 gid=0 euid=0 suid=0 fsuid=0 egid=0 sgid=0 fsgid=0 tty=pts1 ses=3 comm="vim" exe="/usr/bin/vim.basic" subj=unconfined key="process_exec"ARCH=x86_64 SYSCALL=execve AUID="heroic" UID="root" GID="root" EUID="root" SUID="root" FSUID="root" EGID="root" SGID="root" FSGID="root"
type=EXECVE msg=audit(1769264772.909:7624): argc=3 a0="vim" a1="-es" a2="file_4.txt"
type=CWD msg=audit(1769264772.909:7624): cwd="/root/hids_benign"
type=PATH msg=audit(1769264772.909:7624): item=0 name="/usr/bin/vim" inode=1575517 dev=08:02 mode=0100755 ouid=0 ogid=0 rdev=00:00 nametype=NORMAL cap_fp=0 cap_fi=0 cap_fe=0 cap_fver=0 cap_frootid=0OUID="root" OGID="root"
type=PATH msg=audit(1769264772.909:7624): item=1 name="/lib64/ld-linux-x86-64.so.2" inode=1575340 dev=08:02 mode=0100755 ouid=0 ogid=0 rdev=00:00 nametype=NORMAL cap_fp=0 cap_fi=0 cap_fe=0 cap_fver=0 cap_frootid=0OUID="root" OGID="root"
type=PROCTITLE msg=audit(1769264772.909:7624): proctitle=76696D002D65730066696C655F342E747874
type=SYSCALL msg=audit(1769264772.923:7625): arch=c000003e syscall=59 success=yes exit=0 a0=5959851a2d60 a1=5959851a4180 a2=59598519a520 a3=0 items=2 ppid=11882 pid=12303 auid=1000 uid=0 gid=0 euid=0 suid=0 fsuid=0 egid=0 sgid=0 fsgid=0 tty=pts1 ses=3 comm="vim" exe="/usr/bin/vim.basic" subj=unconfined key="process_exec"ARCH=x86_64 SYSCALL=execve AUID="heroic" UID="root" GID="root" EUID="root" SUID="root" FSUID="root" EGID="root" SGID="root" FSGID="root"
type=EXECVE msg=audit(1769264772.923:7625): argc=3 a0="vim" a1="-es" a2="file_5.txt"
type=CWD msg=audit(1769264772.923:7625): cwd="/root/hids_benign"
type=PATH msg=audit(1769264772.923:7625): item=0 name="/usr/bin/vim" inode=1575517 dev=08:02 mode=0100755 ouid=0 ogid=0 rdev=00:00 nametype=NORMAL cap_fp=0 cap_fi=0 cap_fe=0 cap_fver=0 cap_frootid=0OUID="root" OGID="root"
type=PATH msg=audit(1769264772.923:7625): item=1 name="/lib64/ld-linux-x86-64.so.2" inode=1575340 dev=08:02 mode=0100755 ouid=0 ogid=0 rdev=00:00 nametype=NORMAL cap_fp=0 cap_fi=0 cap_fe=0 cap_fver=0 cap_frootid=0OUID="root" OGID="root"
type=PROCTITLE msg=audit(1769264772.923:7625): proctitle=76696D002D65730066696C655F352E747874
type=SYSCALL msg=audit(1769264772.938:7626): arch=c000003e syscall=59 success=yes exit=0 a0=5959851a2540 a1=5959851a37a0 a2=59598519a520 a3=5959851a37a0 items=2 ppid=11882 pid=12304 auid=1000 uid=0 gid=0 euid=0 suid=0 fsuid=0 egid=0 sgid=0 fsgid=0 tty=pts1 ses=3 comm="ls" exe="/usr/bin/ls" subj=unconfined key="process_exec"ARCH=x86_64 SYSCALL=execve AUID="heroic" UID="root" GID="root" EUID="root" SUID="root" FSUID="root" EGID="root" SGID="root" FSGID="root"
type=EXECVE msg=audit(1769264772.938:7626): argc=2 a0="ls" a1="-la"
type=CWD msg=audit(1769264772.938:7626): cwd="/root/hids_benign"
type=PATH msg=audit(1769264772.938:7626): item=0 name="/usr/bin/ls" inode=1578104 dev=08:02 mode=0100755 ouid=0 ogid=0 rdev=00:00 nametype=NORMAL cap_fp=0 cap_fi=0 cap_fe=0 cap_fver=0 cap_frootid=0OUID="root" OGID="root"
type=PATH msg=audit(1769264772.938:7626): item=1 name="/lib64/ld-linux-x86-64.so.2" inode=1575340 dev=08:02 mode=0100755 ouid=0 ogid=0 rdev=00:00 nametype=NORMAL cap_fp=0 cap_fi=0 cap_fe=0 cap_fver=0 cap_frootid=0OUID="root" OGID="root"
type=PROCTITLE msg=audit(1769264772.938:7626): proctitle=6C73002D6C61
type=SYSCALL msg=audit(1769264772.942:7627): arch=c000003e syscall=59 success=yes exit=0 a0=5959851a3c60 a1=5959851a08e0 a2=59598519a520 a3=5959851a2020 items=2 ppid=11882 pid=12305 auid=1000 uid=0 gid=0 euid=0 suid=0 fsuid=0 egid=0 sgid=0 fsgid=0 tty=pts1 ses=3 comm="ls" exe="/usr/bin/ls" subj=unconfined key="process_exec"ARCH=x86_64 SYSCALL=execve AUID="heroic" UID="root" GID="root" EUID="root" SUID="root" FSUID="root" EGID="root" SGID="root" FSGID="root"
type=EXECVE msg=audit(1769264772.942:7627): argc=2 a0="ls" a1="-la"
type=CWD msg=audit(1769264772.942:7627): cwd="/root/hids_benign"
type=PATH msg=audit(1769264772.942:7627): item=0 name="/usr/bin/ls" inode=1578104 dev=08:02 mode=0100755 ouid=0 ogid=0 rdev=00:00 nametype=NORMAL cap_fp=0 cap_fi=0 cap_fe=0 cap_fver=0 cap_frootid=0OUID="root" OGID="root"
type=PATH msg=audit(1769264772.942:7627): item=1 name="/lib64/ld-linux-x86-64.so.2" inode=1575340 dev=08:02 mode=0100755 ouid=0 ogid=0 rdev=00:00 nametype=NORMAL cap_fp=0 cap_fi=0 cap_fe=0 cap_fver=0 cap_frootid=0OUID="root" OGID="root"
type=PROCTITLE msg=audit(1769264772.942:7627): proctitle=6C73002D6C61
type=SYSCALL msg=audit(1769264772.948:7628): arch=c000003e syscall=59 success=yes exit=0 a0=5959851a2d60 a1=5959851a08e0 a2=59598519a520 a3=5959851a0800 items=2 ppid=11882 pid=12306 auid=1000 uid=0 gid=0 euid=0 suid=0 fsuid=0 egid=0 sgid=0 fsgid=0 tty=pts1 ses=3 comm="ls" exe="/usr/bin/ls" subj=unconfined key="process_exec"ARCH=x86_64 SYSCALL=execve AUID="heroic" UID="root" GID="root" EUID="root" SUID="root" FSUID="root" EGID="root" SGID="root" FSGID="root"
type=EXECVE msg=audit(1769264772.948:7628): argc=2 a0="ls" a1="-la"
type=CWD msg=audit(1769264772.948:7628): cwd="/root/hids_benign"
type=PATH msg=audit(1769264772.948:7628): item=0 name="/usr/bin/ls" inode=1578104 dev=08:02 mode=0100755 ouid=0 ogid=0 rdev=00:00 nametype=NORMAL cap_fp=0 cap_fi=0 cap_fe=0 cap_fver=0 cap_frootid=0OUID="root" OGID="root"
type=PATH msg=audit(1769264772.948:7628): item=1 name="/lib64/ld-linux-x86-64.so.2" inode=1575340 dev=08:02 mode=0100755 ouid=0 ogid=0 rdev=00:00 nametype=NORMAL cap_fp=0 cap_fi=0 cap_fe=0 cap_fver=0 cap_frootid=0OUID="root" OGID="root"
type=PROCTITLE msg=audit(1769264772.948:7628): proctitle=6C73002D6C61
type=SYSCALL msg=audit(1769264772.952:7629): arch=c000003e syscall=59 success=yes exit=0 a0=5959851a2600 a1=5959851a08e0 a2=59598519a520 a3=5959851a2540 items=2 ppid=11882 pid=12307 auid=1000 uid=0 gid=0 euid=0 suid=0 fsuid=0 egid=0 sgid=0 fsgid=0 tty=pts1 ses=3 comm="ls" exe="/usr/bin/ls" subj=unconfined key="process_exec"ARCH=x86_64 SYSCALL=execve AUID="heroic" UID="root" GID="root" EUID="root" SUID="root" FSUID="root" EGID="root" SGID="root" FSGID="root"
type=EXECVE msg=audit(1769264772.952:7629): argc=2 a0="ls" a1="-la"
type=CWD msg=audit(1769264772.952:7629): cwd="/root/hids_benign"
type=PATH msg=audit(1769264772.952:7629): item=0 name="/usr/bin/ls" inode=1578104 dev=08:02 mode=0100755 ouid=0 ogid=0 rdev=00:00 nametype=NORMAL cap_fp=0 cap_fi=0 cap_fe=0 cap_fver=0 cap_frootid=0OUID="root" OGID="root"
type=PATH msg=audit(1769264772.952:7629): item=1 name="/lib64/ld-linux-x86-64.so.2" inode=1575340 dev=08:02 mode=0100755 ouid=0 ogid=0 rdev=00:00 nametype=NORMAL cap_fp=0 cap_fi=0 cap_fe=0 cap_fver=0 cap_frootid=0OUID="root" OGID="root"
type=PROCTITLE msg=audit(1769264772.952:7629): proctitle=6C73002D6C61
type=SYSCALL msg=audit(1769264772.956:7630): arch=c000003e syscall=59 success=yes exit=0 a0=5959851a2240 a1=5959851a08e0 a2=59598519a520 a3=5959851a3c60 items=2 ppid=11882 pid=12308 auid=1000 uid=0 gid=0 euid=0 suid=0 fsuid=0 egid=0 sgid=0 fsgid=0 tty=pts1 ses=3 comm="ls" exe="/usr/bin/ls" subj=unconfined key="process_exec"ARCH=x86_64 SYSCALL=execve AUID="heroic" UID="root" GID="root" EUID="root" SUID="root" FSUID="root" EGID="root" SGID="root" FSGID="root"
type=EXECVE msg=audit(1769264772.956:7630): argc=2 a0="ls" a1="-la"
type=CWD msg=audit(1769264772.956:7630): cwd="/root/hids_benign"
type=PATH msg=audit(1769264772.956:7630): item=0 name="/usr/bin/ls" inode=1578104 dev=08:02 mode=0100755 ouid=0 ogid=0 rdev=00:00 nametype=NORMAL cap_fp=0 cap_fi=0 cap_fe=0 cap_fver=0 cap_frootid=0OUID="root" OGID="root"
type=PATH msg=audit(1769264772.956:7630): item=1 name="/lib64/ld-linux-x86-64.so.2" inode=1575340 dev=08:02 mode=0100755 ouid=0 ogid=0 rdev=00:00 nametype=NORMAL cap_fp=0 cap_fi=0 cap_fe=0 cap_fver=0 cap_frootid=0OUID="root" OGID="root"
type=PROCTITLE msg=audit(1769264772.956:7630): proctitle=6C73002D6C61
type=SYSCALL msg=audit(1769264772.959:7631): arch=c000003e syscall=59 success=yes exit=0 a0=5959851a2540 a1=5959851a3e50 a2=59598519a520 a3=5959851a2d60 items=2 ppid=11882 pid=12309 auid=1000 uid=0 gid=0 euid=0 suid=0 fsuid=0 egid=0 sgid=0 fsgid=0 tty=pts1 ses=3 comm="curl" exe="/usr/bin/curl" subj=unconfined key="process_exec"ARCH=x86_64 SYSCALL=execve AUID="heroic" UID="root" GID="root" EUID="root" SUID="root" FSUID="root" EGID="root" SGID="root" FSGID="root"
type=EXECVE msg=audit(1769264772.959:7631): argc=3 a0="curl" a1="-s" a2="https://example.com"
type=CWD msg=audit(1769264772.959:7631): cwd="/root/hids_benign"
type=PATH msg=audit(1769264772.959:7631): item=0 name="/usr/bin/curl" inode=1573697 dev=08:02 mode=0100755 ouid=0 ogid=0 rdev=00:00 nametype=NORMAL cap_fp=0 cap_fi=0 cap_fe=0 cap_fver=0 cap_frootid=0OUID="root" OGID="root"
type=PATH msg=audit(1769264772.959:7631): item=1 name="/lib64/ld-linux-x86-64.so.2" inode=1575340 dev=08:02 mode=0100755 ouid=0 ogid=0 rdev=00:00 nametype=NORMAL cap_fp=0 cap_fi=0 cap_fe=0 cap_fver=0 cap_frootid=0OUID="root" OGID="root"
type=PROCTITLE msg=audit(1769264772.959:7631): proctitle=6375726C002D730068747470733A2F2F6578616D706C652E636F6D
type=SYSCALL msg=audit(1769264777.142:7632): arch=c000003e syscall=59 success=yes exit=0 a0=5959851a3170 a1=5959851a3820 a2=59598519a520 a3=5959851a38c0 items=2 ppid=11882 pid=12311 auid=1000 uid=0 gid=0 euid=0 suid=0 fsuid=0 egid=0 sgid=0 fsgid=0 tty=pts1 ses=3 comm="ssh" exe="/usr/bin/ssh" subj=unconfined key="process_exec"ARCH=x86_64 SYSCALL=execve AUID="heroic" UID="root" GID="root" EUID="root" SUID="root" FSUID="root" EGID="root" SGID="root" FSGID="root"
type=EXECVE msg=audit(1769264777.142:7632): argc=5 a0="ssh" a1="-o" a2="BatchMode=yes" a3="localhost" a4=6563686F205353485F4F4B
type=CWD msg=audit(1769264777.142:7632): cwd="/root/hids_benign"
type=PATH msg=audit(1769264777.142:7632): item=0 name="/usr/bin/ssh" inode=1573390 dev=08:02 mode=0100755 ouid=0 ogid=0 rdev=00:00 nametype=NORMAL cap_fp=0 cap_fi=0 cap_fe=0 cap_fver=0 cap_frootid=0OUID="root" OGID="root"
type=PATH msg=audit(1769264777.142:7632): item=1 name="/lib64/ld-linux-x86-64.so.2" inode=1575340 dev=08:02 mode=0100755 ouid=0 ogid=0 rdev=00:00 nametype=NORMAL cap_fp=0 cap_fi=0 cap_fe=0 cap_fver=0 cap_frootid=0OUID="root" OGID="root"
type=PROCTITLE msg=audit(1769264777.142:7632): proctitle=737368002D6F0042617463684D6F64653D796573006C6F63616C686F7374006563686F205353485F4F4B
type=SYSCALL msg=audit(1769264777.158:7633): arch=c000003e syscall=59 success=yes exit=0 a0=5959851a2d60 a1=5959851a2600 a2=59598519a520 a3=5959851a2600 items=2 ppid=11882 pid=12312 auid=1000 uid=0 gid=0 euid=0 suid=0 fsuid=0 egid=0 sgid=0 fsgid=0 tty=pts1 ses=3 comm="sleep" exe="/usr/bin/sleep" subj=unconfined key="process_exec"ARCH=x86_64 SYSCALL=execve AUID="heroic" UID="root" GID="root" EUID="root" SUID="root" FSUID="root" EGID="root" SGID="root" FSGID="root"
type=EXECVE msg=audit(1769264777.158:7633): argc=2 a0="sleep" a1="5"
type=CWD msg=audit(1769264777.158:7633): cwd="/root/hids_benign"
type=PATH msg=audit(1769264777.158:7633): item=0 name="/usr/bin/sleep" inode=1578138 dev=08:02 mode=0100755 ouid=0 ogid=0 rdev=00:00 nametype=NORMAL cap_fp=0 cap_fi=0 cap_fe=0 cap_fver=0 cap_frootid=0OUID="root" OGID="root"
type=PATH msg=audit(1769264777.158:7633): item=1 name="/lib64/ld-linux-x86-64.so.2" inode=1575340 dev=08:02 mode=0100755 ouid=0 ogid=0 rdev=00:00 nametype=NORMAL cap_fp=0 cap_fi=0 cap_fe=0 cap_fver=0 cap_frootid=0OUID="root" OGID="root"
type=PROCTITLE msg=audit(1769264777.158:7633): proctitle=736C6565700035
type=SYSCALL msg=audit(1769264782.165:7634): arch=c000003e syscall=59 success=yes exit=0 a0=5959851a2d60 a1=5959851a21a0 a2=59598519a520 a3=5959851a2640 items=2 ppid=11882 pid=12313 auid=1000 uid=0 gid=0 euid=0 suid=0 fsuid=0 egid=0 sgid=0 fsgid=0 tty=pts1 ses=3 comm="rm" exe="/usr/bin/rm" subj=unconfined key="process_exec"ARCH=x86_64 SYSCALL=execve AUID="heroic" UID="root" GID="root" EUID="root" SUID="root" FSUID="root" EGID="root" SGID="root" FSGID="root"
type=EXECVE msg=audit(1769264782.165:7634): argc=14 a0="rm" a1="-f" a2="file_10.txt" a3="file_1.txt" a4="file_2.txt" a5="file_3.txt" a6="file_4.txt" a7="file_5.txt" a8="file_6.txt" a9="file_7.txt" a10="file_8.txt" a11="file_9.txt" a12="webpage.html" a13="dir_list.log"
type=CWD msg=audit(1769264782.165:7634): cwd="/root/hids_benign"
type=PATH msg=audit(1769264782.165:7634): item=0 name="/usr/bin/rm" inode=1578127 dev=08:02 mode=0100755 ouid=0 ogid=0 rdev=00:00 nametype=NORMAL cap_fp=0 cap_fi=0 cap_fe=0 cap_fver=0 cap_frootid=0OUID="root" OGID="root"
type=PATH msg=audit(1769264782.165:7634): item=1 name="/lib64/ld-linux-x86-64.so.2" inode=1575340 dev=08:02 mode=0100755 ouid=0 ogid=0 rdev=00:00 nametype=NORMAL cap_fp=0 cap_fi=0 cap_fe=0 cap_fver=0 cap_frootid=0OUID="root" OGID="root"
type=PROCTITLE msg=audit(1769264782.165:7634): proctitle=726D002D660066696C655F31302E7478740066696C655F312E7478740066696C655F322E7478740066696C655F332E7478740066696C655F342E7478740066696C655F352E7478740066696C655F362E7478740066696C655F372E7478740066696C655F382E7478740066696C655F392E74787400776562706167652E68746D
type=SYSCALL msg=audit(1769264782.170:7635): arch=c000003e syscall=59 success=yes exit=0 a0=5959851a2600 a1=5959851a38c0 a2=59598519a520 a3=5959851a38c0 items=2 ppid=11882 pid=12314 auid=1000 uid=0 gid=0 euid=0 suid=0 fsuid=0 egid=0 sgid=0 fsgid=0 tty=pts1 ses=3 comm="rmdir" exe="/usr/bin/rmdir" subj=unconfined key="process_exec"ARCH=x86_64 SYSCALL=execve AUID="heroic" UID="root" GID="root" EUID="root" SUID="root" FSUID="root" EGID="root" SGID="root" FSGID="root"
type=EXECVE msg=audit(1769264782.170:7635): argc=2 a0="rmdir" a1="/root/hids_benign"
type=CWD msg=audit(1769264782.170:7635): cwd="/root/hids_benign"
type=PATH msg=audit(1769264782.170:7635): item=0 name="/usr/bin/rmdir" inode=1578128 dev=08:02 mode=0100755 ouid=0 ogid=0 rdev=00:00 nametype=NORMAL cap_fp=0 cap_fi=0 cap_fe=0 cap_fver=0 cap_frootid=0OUID="root" OGID="root"
type=PATH msg=audit(1769264782.170:7635): item=1 name="/lib64/ld-linux-x86-64.so.2" inode=1575340 dev=08:02 mode=0100755 ouid=0 ogid=0 rdev=00:00 nametype=NORMAL cap_fp=0 cap_fi=0 cap_fe=0 cap_fver=0 cap_frootid=0OUID="root" OGID="root"
type=PROCTITLE msg=audit(1769264782.170:7635): proctitle=726D646972002F726F6F742F686964735F62656E69676E
type=SYSCALL msg=audit(1769264782.178:7636): arch=c000003e syscall=59 success=yes exit=0 a0=5959851a2540 a1=5959851a2240 a2=59598519a520 a3=5959851a2240 items=2 ppid=11882 pid=12315 auid=1000 uid=0 gid=0 euid=0 suid=0 fsuid=0 egid=0 sgid=0 fsgid=0 tty=pts1 ses=3 comm="sleep" exe="/usr/bin/sleep" subj=unconfined key="process_exec"ARCH=x86_64 SYSCALL=execve AUID="heroic" UID="root" GID="root" EUID="root" SUID="root" FSUID="root" EGID="root" SGID="root" FSGID="root"
type=EXECVE msg=audit(1769264782.178:7636): argc=2 a0="sleep" a1="60"
type=CWD msg=audit(1769264782.178:7636): cwd=2F726F6F742F686964735F62656E69676E202864656C6574656429
type=PATH msg=audit(1769264782.178:7636): item=0 name="/usr/bin/sleep" inode=1578138 dev=08:02 mode=0100755 ouid=0 ogid=0 rdev=00:00 nametype=NORMAL cap_fp=0 cap_fi=0 cap_fe=0 cap_fver=0 cap_frootid=0OUID="root" OGID="root"
type=PATH msg=audit(1769264782.178:7636): item=1 name="/lib64/ld-linux-x86-64.so.2" inode=1575340 dev=08:02 mode=0100755 ouid=0 ogid=0 rdev=00:00 nametype=NORMAL cap_fp=0 cap_fi=0 cap_fe=0 cap_fver=0 cap_frootid=0OUID="root" OGID="root"
type=PROCTITLE msg=audit(1769264782.178:7636): proctitle=736C656570003630
type=SYSCALL msg=audit(1769264797.243:7637): arch=c000003e syscall=59 success=yes exit=0 a0=559a52957030 a1=559a5295b420 a2=559a529535d0 a3=559a5295b420 items=2 ppid=11496 pid=12327 auid=1000 uid=1000 gid=1000 euid=1000 suid=1000 fsuid=1000 egid=1000 sgid=1000 fsgid=1000 tty=pts2 ses=3 comm="ls" exe="/usr/bin/ls" subj=unconfined key="process_exec"ARCH=x86_64 SYSCALL=execve AUID="heroic" UID="heroic" GID="heroic" EUID="heroic" SUID="heroic" FSUID="heroic" EGID="heroic" SGID="heroic" FSGID="heroic"
type=EXECVE msg=audit(1769264797.243:7637): argc=2 a0="ls" a1="--color=auto"
type=CWD msg=audit(1769264797.243:7637): cwd="/home"
type=PATH msg=audit(1769264797.243:7637): item=0 name="/usr/bin/ls" inode=1578104 dev=08:02 mode=0100755 ouid=0 ogid=0 rdev=00:00 nametype=NORMAL cap_fp=0 cap_fi=0 cap_fe=0 cap_fver=0 cap_frootid=0OUID="root" OGID="root"
type=PATH msg=audit(1769264797.243:7637): item=1 name="/lib64/ld-linux-x86-64.so.2" inode=1575340 dev=08:02 mode=0100755 ouid=0 ogid=0 rdev=00:00 nametype=NORMAL cap_fp=0 cap_fi=0 cap_fe=0 cap_fver=0 cap_frootid=0OUID="root" OGID="root"
type=PROCTITLE msg=audit(1769264797.243:7637): proctitle=6C73002D2D636F6C6F723D6175746F
type=SYSCALL msg=audit(1769264810.495:7638): arch=c000003e syscall=59 success=yes exit=0 a0=559a5295cb20 a1=559a52952a90 a2=559a529535d0 a3=559a5295ce30 items=2 ppid=11496 pid=12331 auid=1000 uid=1000 gid=1000 euid=1000 suid=1000 fsuid=1000 egid=1000 sgid=1000 fsgid=1000 tty=pts2 ses=3 comm="ls" exe="/usr/bin/ls" subj=unconfined key="process_exec"ARCH=x86_64 SYSCALL=execve AUID="heroic" UID="heroic" GID="heroic" EUID="heroic" SUID="heroic" FSUID="heroic" EGID="heroic" SGID="heroic" FSGID="heroic"
type=EXECVE msg=audit(1769264810.495:7638): argc=3 a0="ls" a1="--color=auto" a2="-CF"
type=CWD msg=audit(1769264810.495:7638): cwd="/"
type=PATH msg=audit(1769264810.495:7638): item=0 name="/usr/bin/ls" inode=1578104 dev=08:02 mode=0100755 ouid=0 ogid=0 rdev=00:00 nametype=NORMAL cap_fp=0 cap_fi=0 cap_fe=0 cap_fver=0 cap_frootid=0OUID="root" OGID="root"
type=PATH msg=audit(1769264810.495:7638): item=1 name="/lib64/ld-linux-x86-64.so.2" inode=1575340 dev=08:02 mode=0100755 ouid=0 ogid=0 rdev=00:00 nametype=NORMAL cap_fp=0 cap_fi=0 cap_fe=0 cap_fver=0 cap_frootid=0OUID="root" OGID="root"
type=PROCTITLE msg=audit(1769264810.495:7638): proctitle=6C73002D2D636F6C6F723D6175746F002D4346
type=SYSCALL msg=audit(1769264813.081:7639): arch=c000003e syscall=59 success=yes exit=0 a0=559a5292fd10 a1=559a52930830 a2=559a529535d0 a3=559a52930830 items=2 ppid=11496 pid=12332 auid=1000 uid=1000 gid=1000 euid=1000 suid=1000 fsuid=1000 egid=1000 sgid=1000 fsgid=1000 tty=pts2 ses=3 comm="ls" exe="/usr/bin/ls" subj=unconfined key="process_exec"ARCH=x86_64 SYSCALL=execve AUID="heroic" UID="heroic" GID="heroic" EUID="heroic" SUID="heroic" FSUID="heroic" EGID="heroic" SGID="heroic" FSGID="heroic"
type=EXECVE msg=audit(1769264813.081:7639): argc=2 a0="ls" a1="--color=auto"
type=CWD msg=audit(1769264813.081:7639): cwd="/"
type=PATH msg=audit(1769264813.081:7639): item=0 name="/usr/bin/ls" inode=1578104 dev=08:02 mode=0100755 ouid=0 ogid=0 rdev=00:00 nametype=NORMAL cap_fp=0 cap_fi=0 cap_fe=0 cap_fver=0 cap_frootid=0OUID="root" OGID="root"
type=PATH msg=audit(1769264813.081:7639): item=1 name="/lib64/ld-linux-x86-64.so.2" inode=1575340 dev=08:02 mode=0100755 ouid=0 ogid=0 rdev=00:00 nametype=NORMAL cap_fp=0 cap_fi=0 cap_fe=0 cap_fver=0 cap_frootid=0OUID="root" OGID="root"
type=PROCTITLE msg=audit(1769264813.081:7639): proctitle=6C73002D2D636F6C6F723D6175746F
type=SYSCALL msg=audit(1769264842.190:7640): arch=c000003e syscall=59 success=yes exit=0 a0=5959851a08e0 a1=5959851a3c80 a2=59598519a520 a3=5959851a3030 items=2 ppid=11882 pid=12333 auid=1000 uid=0 gid=0 euid=0 suid=0 fsuid=0 egid=0 sgid=0 fsgid=0 tty=pts1 ses=3 comm="mkdir" exe="/usr/bin/mkdir" subj=unconfined key="process_exec"ARCH=x86_64 SYSCALL=execve AUID="heroic" UID="root" GID="root" EUID="root" SUID="root" FSUID="root" EGID="root" SGID="root" FSGID="root"
type=EXECVE msg=audit(1769264842.190:7640): argc=3 a0="mkdir" a1="-p" a2="/root/hids_benign"
type=CWD msg=audit(1769264842.190:7640): cwd=2F726F6F742F686964735F62656E69676E202864656C6574656429
type=PATH msg=audit(1769264842.190:7640): item=0 name="/usr/bin/mkdir" inode=1578106 dev=08:02 mode=0100755 ouid=0 ogid=0 rdev=00:00 nametype=NORMAL cap_fp=0 cap_fi=0 cap_fe=0 cap_fver=0 cap_frootid=0OUID="root" OGID="root"
type=PATH msg=audit(1769264842.190:7640): item=1 name="/lib64/ld-linux-x86-64.so.2" inode=1575340 dev=08:02 mode=0100755 ouid=0 ogid=0 rdev=00:00 nametype=NORMAL cap_fp=0 cap_fi=0 cap_fe=0 cap_fver=0 cap_frootid=0OUID="root" OGID="root"
type=PROCTITLE msg=audit(1769264842.190:7640): proctitle=6D6B646972002D70002F726F6F742F686964735F62656E69676E
type=SYSCALL msg=audit(1769264842.206:7641): arch=c000003e syscall=59 success=yes exit=0 a0=5959851a3740 a1=59598519cd20 a2=59598519a520 a3=59598519cd20 items=2 ppid=11882 pid=12334 auid=1000 uid=0 gid=0 euid=0 suid=0 fsuid=0 egid=0 sgid=0 fsgid=0 tty=pts1 ses=3 comm="cat" exe="/usr/bin/cat" subj=unconfined key="process_exec"ARCH=x86_64 SYSCALL=execve AUID="heroic" UID="root" GID="root" EUID="root" SUID="root" FSUID="root" EGID="root" SGID="root" FSGID="root"
type=EXECVE msg=audit(1769264842.206:7641): argc=2 a0="cat" a1="file_1.txt"
type=CWD msg=audit(1769264842.206:7641): cwd="/root/hids_benign"
type=PATH msg=audit(1769264842.206:7641): item=0 name="/usr/bin/cat" inode=1578016 dev=08:02 mode=0100755 ouid=0 ogid=0 rdev=00:00 nametype=NORMAL cap_fp=0 cap_fi=0 cap_fe=0 cap_fver=0 cap_frootid=0OUID="root" OGID="root"
type=PATH msg=audit(1769264842.206:7641): item=1 name="/lib64/ld-linux-x86-64.so.2" inode=1575340 dev=08:02 mode=0100755 ouid=0 ogid=0 rdev=00:00 nametype=NORMAL cap_fp=0 cap_fi=0 cap_fe=0 cap_fver=0 cap_frootid=0OUID="root" OGID="root"
type=PROCTITLE msg=audit(1769264842.206:7641): proctitle=6361740066696C655F312E747874
type=SYSCALL msg=audit(1769264842.212:7642): arch=c000003e syscall=59 success=yes exit=0 a0=59598519cd20 a1=59598519f670 a2=59598519a520 a3=59598519f670 items=2 ppid=11882 pid=12335 auid=1000 uid=0 gid=0 euid=0 suid=0 fsuid=0 egid=0 sgid=0 fsgid=0 tty=pts1 ses=3 comm="cat" exe="/usr/bin/cat" subj=unconfined key="process_exec"ARCH=x86_64 SYSCALL=execve AUID="heroic" UID="root" GID="root" EUID="root" SUID="root" FSUID="root" EGID="root" SGID="root" FSGID="root"
type=EXECVE msg=audit(1769264842.212:7642): argc=2 a0="cat" a1="file_2.txt"
type=CWD msg=audit(1769264842.212:7642): cwd="/root/hids_benign"
type=PATH msg=audit(1769264842.212:7642): item=0 name="/usr/bin/cat" inode=1578016 dev=08:02 mode=0100755 ouid=0 ogid=0 rdev=00:00 nametype=NORMAL cap_fp=0 cap_fi=0 cap_fe=0 cap_fver=0 cap_frootid=0OUID="root" OGID="root"
type=PATH msg=audit(1769264842.212:7642): item=1 name="/lib64/ld-linux-x86-64.so.2" inode=1575340 dev=08:02 mode=0100755 ouid=0 ogid=0 rdev=00:00 nametype=NORMAL cap_fp=0 cap_fi=0 cap_fe=0 cap_fver=0 cap_frootid=0OUID="root" OGID="root"
type=PROCTITLE msg=audit(1769264842.212:7642): proctitle=6361740066696C655F322E747874
type=SYSCALL msg=audit(1769264842.218:7643): arch=c000003e syscall=59 success=yes exit=0 a0=59598519f670 a1=5959851a3740 a2=59598519a520 a3=5959851a3740 items=2 ppid=11882 pid=12336 auid=1000 uid=0 gid=0 euid=0 suid=0 fsuid=0 egid=0 sgid=0 fsgid=0 tty=pts1 ses=3 comm="cat" exe="/usr/bin/cat" subj=unconfined key="process_exec"ARCH=x86_64 SYSCALL=execve AUID="heroic" UID="root" GID="root" EUID="root" SUID="root" FSUID="root" EGID="root" SGID="root" FSGID="root"
type=EXECVE msg=audit(1769264842.218:7643): argc=2 a0="cat" a1="file_3.txt"
type=CWD msg=audit(1769264842.218:7643): cwd="/root/hids_benign"
type=PATH msg=audit(1769264842.218:7643): item=0 name="/usr/bin/cat" inode=1578016 dev=08:02 mode=0100755 ouid=0 ogid=0 rdev=00:00 nametype=NORMAL cap_fp=0 cap_fi=0 cap_fe=0 cap_fver=0 cap_frootid=0OUID="root" OGID="root"
type=PATH msg=audit(1769264842.218:7643): item=1 name="/lib64/ld-linux-x86-64.so.2" inode=1575340 dev=08:02 mode=0100755 ouid=0 ogid=0 rdev=00:00 nametype=NORMAL cap_fp=0 cap_fi=0 cap_fe=0 cap_fver=0 cap_frootid=0OUID="root" OGID="root"
type=PROCTITLE msg=audit(1769264842.218:7643): proctitle=6361740066696C655F332E747874
type=SYSCALL msg=audit(1769264842.223:7644): arch=c000003e syscall=59 success=yes exit=0 a0=5959851a3740 a1=59598519cd20 a2=59598519a520 a3=59598519cd20 items=2 ppid=11882 pid=12337 auid=1000 uid=0 gid=0 euid=0 suid=0 fsuid=0 egid=0 sgid=0 fsgid=0 tty=pts1 ses=3 comm="cat" exe="/usr/bin/cat" subj=unconfined key="process_exec"ARCH=x86_64 SYSCALL=execve AUID="heroic" UID="root" GID="root" EUID="root" SUID="root" FSUID="root" EGID="root" SGID="root" FSGID="root"
type=EXECVE msg=audit(1769264842.223:7644): argc=2 a0="cat" a1="file_4.txt"
type=CWD msg=audit(1769264842.223:7644): cwd="/root/hids_benign"
type=PATH msg=audit(1769264842.223:7644): item=0 name="/usr/bin/cat" inode=1578016 dev=08:02 mode=0100755 ouid=0 ogid=0 rdev=00:00 nametype=NORMAL cap_fp=0 cap_fi=0 cap_fe=0 cap_fver=0 cap_frootid=0OUID="root" OGID="root"
type=PATH msg=audit(1769264842.223:7644): item=1 name="/lib64/ld-linux-x86-64.so.2" inode=1575340 dev=08:02 mode=0100755 ouid=0 ogid=0 rdev=00:00 nametype=NORMAL cap_fp=0 cap_fi=0 cap_fe=0 cap_fver=0 cap_frootid=0OUID="root" OGID="root"
type=PROCTITLE msg=audit(1769264842.223:7644): proctitle=6361740066696C655F342E747874
type=SYSCALL msg=audit(1769264842.229:7645): arch=c000003e syscall=59 success=yes exit=0 a0=59598519cd20 a1=59598519f670 a2=59598519a520 a3=59598519f670 items=2 ppid=11882 pid=12338 auid=1000 uid=0 gid=0 euid=0 suid=0 fsuid=0 egid=0 sgid=0 fsgid=0 tty=pts1 ses=3 comm="cat" exe="/usr/bin/cat" subj=unconfined key="process_exec"ARCH=x86_64 SYSCALL=execve AUID="heroic" UID="root" GID="root" EUID="root" SUID="root" FSUID="root" EGID="root" SGID="root" FSGID="root"
type=EXECVE msg=audit(1769264842.229:7645): argc=2 a0="cat" a1="file_5.txt"
type=CWD msg=audit(1769264842.229:7645): cwd="/root/hids_benign"
type=PATH msg=audit(1769264842.229:7645): item=0 name="/usr/bin/cat" inode=1578016 dev=08:02 mode=0100755 ouid=0 ogid=0 rdev=00:00 nametype=NORMAL cap_fp=0 cap_fi=0 cap_fe=0 cap_fver=0 cap_frootid=0OUID="root" OGID="root"
type=PATH msg=audit(1769264842.229:7645): item=1 name="/lib64/ld-linux-x86-64.so.2" inode=1575340 dev=08:02 mode=0100755 ouid=0 ogid=0 rdev=00:00 nametype=NORMAL cap_fp=0 cap_fi=0 cap_fe=0 cap_fver=0 cap_frootid=0OUID="root" OGID="root"
type=PROCTITLE msg=audit(1769264842.229:7645): proctitle=6361740066696C655F352E747874
type=SYSCALL msg=audit(1769264842.234:7646): arch=c000003e syscall=59 success=yes exit=0 a0=59598519f670 a1=5959851a3740 a2=59598519a520 a3=5959851a3740 items=2 ppid=11882 pid=12339 auid=1000 uid=0 gid=0 euid=0 suid=0 fsuid=0 egid=0 sgid=0 fsgid=0 tty=pts1 ses=3 comm="cat" exe="/usr/bin/cat" subj=unconfined key="process_exec"ARCH=x86_64 SYSCALL=execve AUID="heroic" UID="root" GID="root" EUID="root" SUID="root" FSUID="root" EGID="root" SGID="root" FSGID="root"
type=EXECVE msg=audit(1769264842.234:7646): argc=2 a0="cat" a1="file_6.txt"
type=CWD msg=audit(1769264842.234:7646): cwd="/root/hids_benign"
type=PATH msg=audit(1769264842.234:7646): item=0 name="/usr/bin/cat" inode=1578016 dev=08:02 mode=0100755 ouid=0 ogid=0 rdev=00:00 nametype=NORMAL cap_fp=0 cap_fi=0 cap_fe=0 cap_fver=0 cap_frootid=0OUID="root" OGID="root"
type=PATH msg=audit(1769264842.234:7646): item=1 name="/lib64/ld-linux-x86-64.so.2" inode=1575340 dev=08:02 mode=0100755 ouid=0 ogid=0 rdev=00:00 nametype=NORMAL cap_fp=0 cap_fi=0 cap_fe=0 cap_fver=0 cap_frootid=0OUID="root" OGID="root"
type=PROCTITLE msg=audit(1769264842.234:7646): proctitle=6361740066696C655F362E747874
type=SYSCALL msg=audit(1769264842.238:7647): arch=c000003e syscall=59 success=yes exit=0 a0=5959851a3740 a1=59598519cd20 a2=59598519a520 a3=59598519cd20 items=2 ppid=11882 pid=12340 auid=1000 uid=0 gid=0 euid=0 suid=0 fsuid=0 egid=0 sgid=0 fsgid=0 tty=pts1 ses=3 comm="cat" exe="/usr/bin/cat" subj=unconfined key="process_exec"ARCH=x86_64 SYSCALL=execve AUID="heroic" UID="root" GID="root" EUID="root" SUID="root" FSUID="root" EGID="root" SGID="root" FSGID="root"
type=EXECVE msg=audit(1769264842.238:7647): argc=2 a0="cat" a1="file_7.txt"
type=CWD msg=audit(1769264842.238:7647): cwd="/root/hids_benign"
type=PATH msg=audit(1769264842.238:7647): item=0 name="/usr/bin/cat" inode=1578016 dev=08:02 mode=0100755 ouid=0 ogid=0 rdev=00:00 nametype=NORMAL cap_fp=0 cap_fi=0 cap_fe=0 cap_fver=0 cap_frootid=0OUID="root" OGID="root"
type=PATH msg=audit(1769264842.238:7647): item=1 name="/lib64/ld-linux-x86-64.so.2" inode=1575340 dev=08:02 mode=0100755 ouid=0 ogid=0 rdev=00:00 nametype=NORMAL cap_fp=0 cap_fi=0 cap_fe=0 cap_fver=0 cap_frootid=0OUID="root" OGID="root"
type=PROCTITLE msg=audit(1769264842.238:7647): proctitle=6361740066696C655F372E747874
type=SYSCALL msg=audit(1769264842.244:7648): arch=c000003e syscall=59 success=yes exit=0 a0=59598519cd20 a1=59598519f670 a2=59598519a520 a3=59598519f670 items=2 ppid=11882 pid=12341 auid=1000 uid=0 gid=0 euid=0 suid=0 fsuid=0 egid=0 sgid=0 fsgid=0 tty=pts1 ses=3 comm="cat" exe="/usr/bin/cat" subj=unconfined key="process_exec"ARCH=x86_64 SYSCALL=execve AUID="heroic" UID="root" GID="root" EUID="root" SUID="root" FSUID="root" EGID="root" SGID="root" FSGID="root"
type=EXECVE msg=audit(1769264842.244:7648): argc=2 a0="cat" a1="file_8.txt"
type=CWD msg=audit(1769264842.244:7648): cwd="/root/hids_benign"
type=PATH msg=audit(1769264842.244:7648): item=0 name="/usr/bin/cat" inode=1578016 dev=08:02 mode=0100755 ouid=0 ogid=0 rdev=00:00 nametype=NORMAL cap_fp=0 cap_fi=0 cap_fe=0 cap_fver=0 cap_frootid=0OUID="root" OGID="root"
type=PATH msg=audit(1769264842.244:7648): item=1 name="/lib64/ld-linux-x86-64.so.2" inode=1575340 dev=08:02 mode=0100755 ouid=0 ogid=0 rdev=00:00 nametype=NORMAL cap_fp=0 cap_fi=0 cap_fe=0 cap_fver=0 cap_frootid=0OUID="root" OGID="root"
type=PROCTITLE msg=audit(1769264842.244:7648): proctitle=6361740066696C655F382E747874
type=SYSCALL msg=audit(1769264842.249:7649): arch=c000003e syscall=59 success=yes exit=0 a0=59598519f670 a1=5959851a3740 a2=59598519a520 a3=5959851a3740 items=2 ppid=11882 pid=12342 auid=1000 uid=0 gid=0 euid=0 suid=0 fsuid=0 egid=0 sgid=0 fsgid=0 tty=pts1 ses=3 comm="cat" exe="/usr/bin/cat" subj=unconfined key="process_exec"ARCH=x86_64 SYSCALL=execve AUID="heroic" UID="root" GID="root" EUID="root" SUID="root" FSUID="root" EGID="root" SGID="root" FSGID="root"
type=EXECVE msg=audit(1769264842.249:7649): argc=2 a0="cat" a1="file_9.txt"
type=CWD msg=audit(1769264842.249:7649): cwd="/root/hids_benign"
type=PATH msg=audit(1769264842.249:7649): item=0 name="/usr/bin/cat" inode=1578016 dev=08:02 mode=0100755 ouid=0 ogid=0 rdev=00:00 nametype=NORMAL cap_fp=0 cap_fi=0 cap_fe=0 cap_fver=0 cap_frootid=0OUID="root" OGID="root"
type=PATH msg=audit(1769264842.249:7649): item=1 name="/lib64/ld-linux-x86-64.so.2" inode=1575340 dev=08:02 mode=0100755 ouid=0 ogid=0 rdev=00:00 nametype=NORMAL cap_fp=0 cap_fi=0 cap_fe=0 cap_fver=0 cap_frootid=0OUID="root" OGID="root"
type=PROCTITLE msg=audit(1769264842.249:7649): proctitle=6361740066696C655F392E747874
type=SYSCALL msg=audit(1769264842.252:7650): arch=c000003e syscall=59 success=yes exit=0 a0=5959851a3740 a1=59598519cd20 a2=59598519a520 a3=59598519cd20 items=2 ppid=11882 pid=12343 auid=1000 uid=0 gid=0 euid=0 suid=0 fsuid=0 egid=0 sgid=0 fsgid=0 tty=pts1 ses=3 comm="cat" exe="/usr/bin/cat" subj=unconfined key="process_exec"ARCH=x86_64 SYSCALL=execve AUID="heroic" UID="root" GID="root" EUID="root" SUID="root" FSUID="root" EGID="root" SGID="root" FSGID="root"
type=EXECVE msg=audit(1769264842.252:7650): argc=2 a0="cat" a1="file_10.txt"
type=CWD msg=audit(1769264842.252:7650): cwd="/root/hids_benign"
type=PATH msg=audit(1769264842.252:7650): item=0 name="/usr/bin/cat" inode=1578016 dev=08:02 mode=0100755 ouid=0 ogid=0 rdev=00:00 nametype=NORMAL cap_fp=0 cap_fi=0 cap_fe=0 cap_fver=0 cap_frootid=0OUID="root" OGID="root"
type=PATH msg=audit(1769264842.252:7650): item=1 name="/lib64/ld-linux-x86-64.so.2" inode=1575340 dev=08:02 mode=0100755 ouid=0 ogid=0 rdev=00:00 nametype=NORMAL cap_fp=0 cap_fi=0 cap_fe=0 cap_fver=0 cap_frootid=0OUID="root" OGID="root"
type=PROCTITLE msg=audit(1769264842.252:7650): proctitle=6361740066696C655F31302E747874
type=SYSCALL msg=audit(1769264842.258:7651): arch=c000003e syscall=59 success=yes exit=0 a0=59598519f6b0 a1=5959851a41e0 a2=59598519a520 a3=0 items=2 ppid=11882 pid=12344 auid=1000 uid=0 gid=0 euid=0 suid=0 fsuid=0 egid=0 sgid=0 fsgid=0 tty=pts1 ses=3 comm="vim" exe="/usr/bin/vim.basic" subj=unconfined key="process_exec"ARCH=x86_64 SYSCALL=execve AUID="heroic" UID="root" GID="root" EUID="root" SUID="root" FSUID="root" EGID="root" SGID="root" FSGID="root"
type=EXECVE msg=audit(1769264842.258:7651): argc=3 a0="vim" a1="-es" a2="file_1.txt"
type=CWD msg=audit(1769264842.258:7651): cwd="/root/hids_benign"
type=PATH msg=audit(1769264842.258:7651): item=0 name="/usr/bin/vim" inode=1575517 dev=08:02 mode=0100755 ouid=0 ogid=0 rdev=00:00 nametype=NORMAL cap_fp=0 cap_fi=0 cap_fe=0 cap_fver=0 cap_frootid=0OUID="root" OGID="root"
type=PATH msg=audit(1769264842.258:7651): item=1 name="/lib64/ld-linux-x86-64.so.2" inode=1575340 dev=08:02 mode=0100755 ouid=0 ogid=0 rdev=00:00 nametype=NORMAL cap_fp=0 cap_fi=0 cap_fe=0 cap_fver=0 cap_frootid=0OUID="root" OGID="root"
type=PROCTITLE msg=audit(1769264842.258:7651): proctitle=76696D002D65730066696C655F312E747874
type=SYSCALL msg=audit(1769264842.275:7652): arch=c000003e syscall=59 success=yes exit=0 a0=5959851a3290 a1=5959851a41e0 a2=59598519a520 a3=0 items=2 ppid=11882 pid=12345 auid=1000 uid=0 gid=0 euid=0 suid=0 fsuid=0 egid=0 sgid=0 fsgid=0 tty=pts1 ses=3 comm="vim" exe="/usr/bin/vim.basic" subj=unconfined key="process_exec"ARCH=x86_64 SYSCALL=execve AUID="heroic" UID="root" GID="root" EUID="root" SUID="root" FSUID="root" EGID="root" SGID="root" FSGID="root"
type=EXECVE msg=audit(1769264842.275:7652): argc=3 a0="vim" a1="-es" a2="file_2.txt"
type=CWD msg=audit(1769264842.275:7652): cwd="/root/hids_benign"
type=PATH msg=audit(1769264842.275:7652): item=0 name="/usr/bin/vim" inode=1575517 dev=08:02 mode=0100755 ouid=0 ogid=0 rdev=00:00 nametype=NORMAL cap_fp=0 cap_fi=0 cap_fe=0 cap_fver=0 cap_frootid=0OUID="root" OGID="root"
type=PATH msg=audit(1769264842.275:7652): item=1 name="/lib64/ld-linux-x86-64.so.2" inode=1575340 dev=08:02 mode=0100755 ouid=0 ogid=0 rdev=00:00 nametype=NORMAL cap_fp=0 cap_fi=0 cap_fe=0 cap_fver=0 cap_frootid=0OUID="root" OGID="root"
type=PROCTITLE msg=audit(1769264842.275:7652): proctitle=76696D002D65730066696C655F322E747874
type=SYSCALL msg=audit(1769264842.294:7653): arch=c000003e syscall=59 success=yes exit=0 a0=5959851a3110 a1=5959851a41e0 a2=59598519a520 a3=0 items=2 ppid=11882 pid=12346 auid=1000 uid=0 gid=0 euid=0 suid=0 fsuid=0 egid=0 sgid=0 fsgid=0 tty=pts1 ses=3 comm="vim" exe="/usr/bin/vim.basic" subj=unconfined key="process_exec"ARCH=x86_64 SYSCALL=execve AUID="heroic" UID="root" GID="root" EUID="root" SUID="root" FSUID="root" EGID="root" SGID="root" FSGID="root"
type=EXECVE msg=audit(1769264842.294:7653): argc=3 a0="vim" a1="-es" a2="file_3.txt"
type=CWD msg=audit(1769264842.294:7653): cwd="/root/hids_benign"
type=PATH msg=audit(1769264842.294:7653): item=0 name="/usr/bin/vim" inode=1575517 dev=08:02 mode=0100755 ouid=0 ogid=0 rdev=00:00 nametype=NORMAL cap_fp=0 cap_fi=0 cap_fe=0 cap_fver=0 cap_frootid=0OUID="root" OGID="root"
type=PATH msg=audit(1769264842.294:7653): item=1 name="/lib64/ld-linux-x86-64.so.2" inode=1575340 dev=08:02 mode=0100755 ouid=0 ogid=0 rdev=00:00 nametype=NORMAL cap_fp=0 cap_fi=0 cap_fe=0 cap_fver=0 cap_frootid=0OUID="root" OGID="root"
type=PROCTITLE msg=audit(1769264842.294:7653): proctitle=76696D002D65730066696C655F332E747874
type=SYSCALL msg=audit(1769264842.308:7654): arch=c000003e syscall=59 success=yes exit=0 a0=59598519f670 a1=5959851a41e0 a2=59598519a520 a3=0 items=2 ppid=11882 pid=12347 auid=1000 uid=0 gid=0 euid=0 suid=0 fsuid=0 egid=0 sgid=0 fsgid=0 tty=pts1 ses=3 comm="vim" exe="/usr/bin/vim.basic" subj=unconfined key="process_exec"ARCH=x86_64 SYSCALL=execve AUID="heroic" UID="root" GID="root" EUID="root" SUID="root" FSUID="root" EGID="root" SGID="root" FSGID="root"
type=EXECVE msg=audit(1769264842.308:7654): argc=3 a0="vim" a1="-es" a2="file_4.txt"
type=CWD msg=audit(1769264842.308:7654): cwd="/root/hids_benign"
type=PATH msg=audit(1769264842.308:7654): item=0 name="/usr/bin/vim" inode=1575517 dev=08:02 mode=0100755 ouid=0 ogid=0 rdev=00:00 nametype=NORMAL cap_fp=0 cap_fi=0 cap_fe=0 cap_fver=0 cap_frootid=0OUID="root" OGID="root"
type=PATH msg=audit(1769264842.308:7654): item=1 name="/lib64/ld-linux-x86-64.so.2" inode=1575340 dev=08:02 mode=0100755 ouid=0 ogid=0 rdev=00:00 nametype=NORMAL cap_fp=0 cap_fi=0 cap_fe=0 cap_fver=0 cap_frootid=0OUID="root" OGID="root"
type=PROCTITLE msg=audit(1769264842.308:7654): proctitle=76696D002D65730066696C655F342E747874
type=SYSCALL msg=audit(1769264842.325:7655): arch=c000003e syscall=59 success=yes exit=0 a0=59598519f6b0 a1=5959851a41e0 a2=59598519a520 a3=0 items=2 ppid=11882 pid=12348 auid=1000 uid=0 gid=0 euid=0 suid=0 fsuid=0 egid=0 sgid=0 fsgid=0 tty=pts1 ses=3 comm="vim" exe="/usr/bin/vim.basic" subj=unconfined key="process_exec"ARCH=x86_64 SYSCALL=execve AUID="heroic" UID="root" GID="root" EUID="root" SUID="root" FSUID="root" EGID="root" SGID="root" FSGID="root"
type=EXECVE msg=audit(1769264842.325:7655): argc=3 a0="vim" a1="-es" a2="file_5.txt"
type=CWD msg=audit(1769264842.325:7655): cwd="/root/hids_benign"
type=PATH msg=audit(1769264842.325:7655): item=0 name="/usr/bin/vim" inode=1575517 dev=08:02 mode=0100755 ouid=0 ogid=0 rdev=00:00 nametype=NORMAL cap_fp=0 cap_fi=0 cap_fe=0 cap_fver=0 cap_frootid=0OUID="root" OGID="root"
type=PATH msg=audit(1769264842.325:7655): item=1 name="/lib64/ld-linux-x86-64.so.2" inode=1575340 dev=08:02 mode=0100755 ouid=0 ogid=0 rdev=00:00 nametype=NORMAL cap_fp=0 cap_fi=0 cap_fe=0 cap_fver=0 cap_frootid=0OUID="root" OGID="root"
type=PROCTITLE msg=audit(1769264842.325:7655): proctitle=76696D002D65730066696C655F352E747874
type=SYSCALL msg=audit(1769264842.337:7656): arch=c000003e syscall=59 success=yes exit=0 a0=5959851a08e0 a1=5959851a3110 a2=59598519a520 a3=5959851a3110 items=2 ppid=11882 pid=12349 auid=1000 uid=0 gid=0 euid=0 suid=0 fsuid=0 egid=0 sgid=0 fsgid=0 tty=pts1 ses=3 comm="ls" exe="/usr/bin/ls" subj=unconfined key="process_exec"ARCH=x86_64 SYSCALL=execve AUID="heroic" UID="root" GID="root" EUID="root" SUID="root" FSUID="root" EGID="root" SGID="root" FSGID="root"
type=EXECVE msg=audit(1769264842.337:7656): argc=2 a0="ls" a1="-la"
type=CWD msg=audit(1769264842.337:7656): cwd="/root/hids_benign"
type=PATH msg=audit(1769264842.337:7656): item=0 name="/usr/bin/ls" inode=1578104 dev=08:02 mode=0100755 ouid=0 ogid=0 rdev=00:00 nametype=NORMAL cap_fp=0 cap_fi=0 cap_fe=0 cap_fver=0 cap_frootid=0OUID="root" OGID="root"
type=PATH msg=audit(1769264842.337:7656): item=1 name="/lib64/ld-linux-x86-64.so.2" inode=1575340 dev=08:02 mode=0100755 ouid=0 ogid=0 rdev=00:00 nametype=NORMAL cap_fp=0 cap_fi=0 cap_fe=0 cap_fver=0 cap_frootid=0OUID="root" OGID="root"
type=PROCTITLE msg=audit(1769264842.337:7656): proctitle=6C73002D6C61
type=SYSCALL msg=audit(1769264842.343:7657): arch=c000003e syscall=59 success=yes exit=0 a0=5959851a0860 a1=59598519cb80 a2=59598519a520 a3=5959851a0a60 items=2 ppid=11882 pid=12350 auid=1000 uid=0 gid=0 euid=0 suid=0 fsuid=0 egid=0 sgid=0 fsgid=0 tty=pts1 ses=3 comm="ls" exe="/usr/bin/ls" subj=unconfined key="process_exec"ARCH=x86_64 SYSCALL=execve AUID="heroic" UID="root" GID="root" EUID="root" SUID="root" FSUID="root" EGID="root" SGID="root" FSGID="root"
type=EXECVE msg=audit(1769264842.343:7657): argc=2 a0="ls" a1="-la"
type=CWD msg=audit(1769264842.343:7657): cwd="/root/hids_benign"
type=PATH msg=audit(1769264842.343:7657): item=0 name="/usr/bin/ls" inode=1578104 dev=08:02 mode=0100755 ouid=0 ogid=0 rdev=00:00 nametype=NORMAL cap_fp=0 cap_fi=0 cap_fe=0 cap_fver=0 cap_frootid=0OUID="root" OGID="root"
type=PATH msg=audit(1769264842.343:7657): item=1 name="/lib64/ld-linux-x86-64.so.2" inode=1575340 dev=08:02 mode=0100755 ouid=0 ogid=0 rdev=00:00 nametype=NORMAL cap_fp=0 cap_fi=0 cap_fe=0 cap_fver=0 cap_frootid=0OUID="root" OGID="root"
type=PROCTITLE msg=audit(1769264842.343:7657): proctitle=6C73002D6C61
type=SYSCALL msg=audit(1769264842.344:7658): arch=c000003e syscall=59 success=yes exit=0 a0=59598519f6b0 a1=59598519cb80 a2=59598519a520 a3=5959851a3c60 items=2 ppid=11882 pid=12351 auid=1000 uid=0 gid=0 euid=0 suid=0 fsuid=0 egid=0 sgid=0 fsgid=0 tty=pts1 ses=3 comm="ls" exe="/usr/bin/ls" subj=unconfined key="process_exec"ARCH=x86_64 SYSCALL=execve AUID="heroic" UID="root" GID="root" EUID="root" SUID="root" FSUID="root" EGID="root" SGID="root" FSGID="root"
type=EXECVE msg=audit(1769264842.344:7658): argc=2 a0="ls" a1="-la"
type=CWD msg=audit(1769264842.344:7658): cwd="/root/hids_benign"
type=PATH msg=audit(1769264842.344:7658): item=0 name="/usr/bin/ls" inode=1578104 dev=08:02 mode=0100755 ouid=0 ogid=0 rdev=00:00 nametype=NORMAL cap_fp=0 cap_fi=0 cap_fe=0 cap_fver=0 cap_frootid=0OUID="root" OGID="root"
type=PATH msg=audit(1769264842.344:7658): item=1 name="/lib64/ld-linux-x86-64.so.2" inode=1575340 dev=08:02 mode=0100755 ouid=0 ogid=0 rdev=00:00 nametype=NORMAL cap_fp=0 cap_fi=0 cap_fe=0 cap_fver=0 cap_frootid=0OUID="root" OGID="root"
type=PROCTITLE msg=audit(1769264842.344:7658): proctitle=6C73002D6C61
type=SYSCALL msg=audit(1769264842.351:7659): arch=c000003e syscall=59 success=yes exit=0 a0=5959851a0370 a1=59598519cb80 a2=59598519a520 a3=5959851a08e0 items=2 ppid=11882 pid=12352 auid=1000 uid=0 gid=0 euid=0 suid=0 fsuid=0 egid=0 sgid=0 fsgid=0 tty=pts1 ses=3 comm="ls" exe="/usr/bin/ls" subj=unconfined key="process_exec"ARCH=x86_64 SYSCALL=execve AUID="heroic" UID="root" GID="root" EUID="root" SUID="root" FSUID="root" EGID="root" SGID="root" FSGID="root"
type=EXECVE msg=audit(1769264842.351:7659): argc=2 a0="ls" a1="-la"
type=CWD msg=audit(1769264842.351:7659): cwd="/root/hids_benign"
type=PATH msg=audit(1769264842.351:7659): item=0 name="/usr/bin/ls" inode=1578104 dev=08:02 mode=0100755 ouid=0 ogid=0 rdev=00:00 nametype=NORMAL cap_fp=0 cap_fi=0 cap_fe=0 cap_fver=0 cap_frootid=0OUID="root" OGID="root"
type=PATH msg=audit(1769264842.351:7659): item=1 name="/lib64/ld-linux-x86-64.so.2" inode=1575340 dev=08:02 mode=0100755 ouid=0 ogid=0 rdev=00:00 nametype=NORMAL cap_fp=0 cap_fi=0 cap_fe=0 cap_fver=0 cap_frootid=0OUID="root" OGID="root"
type=PROCTITLE msg=audit(1769264842.351:7659): proctitle=6C73002D6C61
type=SYSCALL msg=audit(1769264842.355:7660): arch=c000003e syscall=59 success=yes exit=0 a0=5959851a2560 a1=59598519cb80 a2=59598519a520 a3=5959851a0860 items=2 ppid=11882 pid=12353 auid=1000 uid=0 gid=0 euid=0 suid=0 fsuid=0 egid=0 sgid=0 fsgid=0 tty=pts1 ses=3 comm="ls" exe="/usr/bin/ls" subj=unconfined key="process_exec"ARCH=x86_64 SYSCALL=execve AUID="heroic" UID="root" GID="root" EUID="root" SUID="root" FSUID="root" EGID="root" SGID="root" FSGID="root"
type=EXECVE msg=audit(1769264842.355:7660): argc=2 a0="ls" a1="-la"
type=CWD msg=audit(1769264842.355:7660): cwd="/root/hids_benign"
type=PATH msg=audit(1769264842.355:7660): item=0 name="/usr/bin/ls" inode=1578104 dev=08:02 mode=0100755 ouid=0 ogid=0 rdev=00:00 nametype=NORMAL cap_fp=0 cap_fi=0 cap_fe=0 cap_fver=0 cap_frootid=0OUID="root" OGID="root"
type=PATH msg=audit(1769264842.355:7660): item=1 name="/lib64/ld-linux-x86-64.so.2" inode=1575340 dev=08:02 mode=0100755 ouid=0 ogid=0 rdev=00:00 nametype=NORMAL cap_fp=0 cap_fi=0 cap_fe=0 cap_fver=0 cap_frootid=0OUID="root" OGID="root"
type=PROCTITLE msg=audit(1769264842.355:7660): proctitle=6C73002D6C61
type=SYSCALL msg=audit(1769264842.359:7661): arch=c000003e syscall=59 success=yes exit=0 a0=5959851a08e0 a1=5959851a3050 a2=59598519a520 a3=59598519f6b0 items=2 ppid=11882 pid=12354 auid=1000 uid=0 gid=0 euid=0 suid=0 fsuid=0 egid=0 sgid=0 fsgid=0 tty=pts1 ses=3 comm="curl" exe="/usr/bin/curl" subj=unconfined key="process_exec"ARCH=x86_64 SYSCALL=execve AUID="heroic" UID="root" GID="root" EUID="root" SUID="root" FSUID="root" EGID="root" SGID="root" FSGID="root"
type=EXECVE msg=audit(1769264842.359:7661): argc=3 a0="curl" a1="-s" a2="https://example.com"
type=CWD msg=audit(1769264842.359:7661): cwd="/root/hids_benign"
type=PATH msg=audit(1769264842.359:7661): item=0 name="/usr/bin/curl" inode=1573697 dev=08:02 mode=0100755 ouid=0 ogid=0 rdev=00:00 nametype=NORMAL cap_fp=0 cap_fi=0 cap_fe=0 cap_fver=0 cap_frootid=0OUID="root" OGID="root"
type=PATH msg=audit(1769264842.359:7661): item=1 name="/lib64/ld-linux-x86-64.so.2" inode=1575340 dev=08:02 mode=0100755 ouid=0 ogid=0 rdev=00:00 nametype=NORMAL cap_fp=0 cap_fi=0 cap_fe=0 cap_fver=0 cap_frootid=0OUID="root" OGID="root"
type=PROCTITLE msg=audit(1769264842.359:7661): proctitle=6375726C002D730068747470733A2F2F6578616D706C652E636F6D
type=SYSCALL msg=audit(1769264842.546:7662): arch=c000003e syscall=59 success=yes exit=0 a0=5959851a2600 a1=5959851a2de0 a2=59598519a520 a3=5959851a2020 items=2 ppid=11882 pid=12356 auid=1000 uid=0 gid=0 euid=0 suid=0 fsuid=0 egid=0 sgid=0 fsgid=0 tty=pts1 ses=3 comm="ssh" exe="/usr/bin/ssh" subj=unconfined key="process_exec"ARCH=x86_64 SYSCALL=execve AUID="heroic" UID="root" GID="root" EUID="root" SUID="root" FSUID="root" EGID="root" SGID="root" FSGID="root"
type=EXECVE msg=audit(1769264842.546:7662): argc=5 a0="ssh" a1="-o" a2="BatchMode=yes" a3="localhost" a4=6563686F205353485F4F4B
type=CWD msg=audit(1769264842.546:7662): cwd="/root/hids_benign"
type=PATH msg=audit(1769264842.546:7662): item=0 name="/usr/bin/ssh" inode=1573390 dev=08:02 mode=0100755 ouid=0 ogid=0 rdev=00:00 nametype=NORMAL cap_fp=0 cap_fi=0 cap_fe=0 cap_fver=0 cap_frootid=0OUID="root" OGID="root"
type=PATH msg=audit(1769264842.546:7662): item=1 name="/lib64/ld-linux-x86-64.so.2" inode=1575340 dev=08:02 mode=0100755 ouid=0 ogid=0 rdev=00:00 nametype=NORMAL cap_fp=0 cap_fi=0 cap_fe=0 cap_fver=0 cap_frootid=0OUID="root" OGID="root"
type=PROCTITLE msg=audit(1769264842.546:7662): proctitle=737368002D6F0042617463684D6F64653D796573006C6F63616C686F7374006563686F205353485F4F4B
type=SYSCALL msg=audit(1769264842.564:7663): arch=c000003e syscall=59 success=yes exit=0 a0=59598519f6b0 a1=5959851a0370 a2=59598519a520 a3=5959851a0370 items=2 ppid=11882 pid=12357 auid=1000 uid=0 gid=0 euid=0 suid=0 fsuid=0 egid=0 sgid=0 fsgid=0 tty=pts1 ses=3 comm="sleep" exe="/usr/bin/sleep" subj=unconfined key="process_exec"ARCH=x86_64 SYSCALL=execve AUID="heroic" UID="root" GID="root" EUID="root" SUID="root" FSUID="root" EGID="root" SGID="root" FSGID="root"
type=EXECVE msg=audit(1769264842.564:7663): argc=2 a0="sleep" a1="5"
type=CWD msg=audit(1769264842.564:7663): cwd="/root/hids_benign"
type=PATH msg=audit(1769264842.564:7663): item=0 name="/usr/bin/sleep" inode=1578138 dev=08:02 mode=0100755 ouid=0 ogid=0 rdev=00:00 nametype=NORMAL cap_fp=0 cap_fi=0 cap_fe=0 cap_fver=0 cap_frootid=0OUID="root" OGID="root"
type=PATH msg=audit(1769264842.564:7663): item=1 name="/lib64/ld-linux-x86-64.so.2" inode=1575340 dev=08:02 mode=0100755 ouid=0 ogid=0 rdev=00:00 nametype=NORMAL cap_fp=0 cap_fi=0 cap_fe=0 cap_fver=0 cap_frootid=0OUID="root" OGID="root"
type=PROCTITLE msg=audit(1769264842.564:7663): proctitle=736C6565700035
type=SYSCALL msg=audit(1769264847.574:7664): arch=c000003e syscall=59 success=yes exit=0 a0=59598519f6b0 a1=5959851a0680 a2=59598519a520 a3=5959851a2640 items=2 ppid=11882 pid=12358 auid=1000 uid=0 gid=0 euid=0 suid=0 fsuid=0 egid=0 sgid=0 fsgid=0 tty=pts1 ses=3 comm="rm" exe="/usr/bin/rm" subj=unconfined key="process_exec"ARCH=x86_64 SYSCALL=execve AUID="heroic" UID="root" GID="root" EUID="root" SUID="root" FSUID="root" EGID="root" SGID="root" FSGID="root"
type=EXECVE msg=audit(1769264847.574:7664): argc=14 a0="rm" a1="-f" a2="file_10.txt" a3="file_1.txt" a4="file_2.txt" a5="file_3.txt" a6="file_4.txt" a7="file_5.txt" a8="file_6.txt" a9="file_7.txt" a10="file_8.txt" a11="file_9.txt" a12="webpage.html" a13="dir_list.log"
type=CWD msg=audit(1769264847.574:7664): cwd="/root/hids_benign"
type=PATH msg=audit(1769264847.574:7664): item=0 name="/usr/bin/rm" inode=1578127 dev=08:02 mode=0100755 ouid=0 ogid=0 rdev=00:00 nametype=NORMAL cap_fp=0 cap_fi=0 cap_fe=0 cap_fver=0 cap_frootid=0OUID="root" OGID="root"
type=PATH msg=audit(1769264847.574:7664): item=1 name="/lib64/ld-linux-x86-64.so.2" inode=1575340 dev=08:02 mode=0100755 ouid=0 ogid=0 rdev=00:00 nametype=NORMAL cap_fp=0 cap_fi=0 cap_fe=0 cap_fver=0 cap_frootid=0OUID="root" OGID="root"
type=PROCTITLE msg=audit(1769264847.574:7664): proctitle=726D002D660066696C655F31302E7478740066696C655F312E7478740066696C655F322E7478740066696C655F332E7478740066696C655F342E7478740066696C655F352E7478740066696C655F362E7478740066696C655F372E7478740066696C655F382E7478740066696C655F392E74787400776562706167652E68746D
type=SYSCALL msg=audit(1769264847.595:7665): arch=c000003e syscall=59 success=yes exit=0 a0=5959851a0370 a1=5959851a2020 a2=59598519a520 a3=5959851a2020 items=2 ppid=11882 pid=12359 auid=1000 uid=0 gid=0 euid=0 suid=0 fsuid=0 egid=0 sgid=0 fsgid=0 tty=pts1 ses=3 comm="rmdir" exe="/usr/bin/rmdir" subj=unconfined key="process_exec"ARCH=x86_64 SYSCALL=execve AUID="heroic" UID="root" GID="root" EUID="root" SUID="root" FSUID="root" EGID="root" SGID="root" FSGID="root"
type=EXECVE msg=audit(1769264847.595:7665): argc=2 a0="rmdir" a1="/root/hids_benign"
type=CWD msg=audit(1769264847.595:7665): cwd="/root/hids_benign"
type=PATH msg=audit(1769264847.595:7665): item=0 name="/usr/bin/rmdir" inode=1578128 dev=08:02 mode=0100755 ouid=0 ogid=0 rdev=00:00 nametype=NORMAL cap_fp=0 cap_fi=0 cap_fe=0 cap_fver=0 cap_frootid=0OUID="root" OGID="root"
type=PATH msg=audit(1769264847.595:7665): item=1 name="/lib64/ld-linux-x86-64.so.2" inode=1575340 dev=08:02 mode=0100755 ouid=0 ogid=0 rdev=00:00 nametype=NORMAL cap_fp=0 cap_fi=0 cap_fe=0 cap_fver=0 cap_frootid=0OUID="root" OGID="root"
type=PROCTITLE msg=audit(1769264847.595:7665): proctitle=726D646972002F726F6F742F686964735F62656E69676E
type=SYSCALL msg=audit(1769264847.603:7666): arch=c000003e syscall=59 success=yes exit=0 a0=5959851a08e0 a1=5959851a2560 a2=59598519a520 a3=5959851a2560 items=2 ppid=11882 pid=12360 auid=1000 uid=0 gid=0 euid=0 suid=0 fsuid=0 egid=0 sgid=0 fsgid=0 tty=pts1 ses=3 comm="sleep" exe="/usr/bin/sleep" subj=unconfined key="process_exec"ARCH=x86_64 SYSCALL=execve AUID="heroic" UID="root" GID="root" EUID="root" SUID="root" FSUID="root" EGID="root" SGID="root" FSGID="root"
type=EXECVE msg=audit(1769264847.603:7666): argc=2 a0="sleep" a1="60"
type=CWD msg=audit(1769264847.603:7666): cwd=2F726F6F742F686964735F62656E69676E202864656C6574656429
type=PATH msg=audit(1769264847.603:7666): item=0 name="/usr/bin/sleep" inode=1578138 dev=08:02 mode=0100755 ouid=0 ogid=0 rdev=00:00 nametype=NORMAL cap_fp=0 cap_fi=0 cap_fe=0 cap_fver=0 cap_frootid=0OUID="root" OGID="root"
type=PATH msg=audit(1769264847.603:7666): item=1 name="/lib64/ld-linux-x86-64.so.2" inode=1575340 dev=08:02 mode=0100755 ouid=0 ogid=0 rdev=00:00 nametype=NORMAL cap_fp=0 cap_fi=0 cap_fe=0 cap_fver=0 cap_frootid=0OUID="root" OGID="root"
type=PROCTITLE msg=audit(1769264847.603:7666): proctitle=736C656570003630
type=SYSCALL msg=audit(1769264851.291:7667): arch=c000003e syscall=59 success=yes exit=0 a0=559a52949430 a1=559a52948940 a2=559a529535d0 a3=559a52948940 items=2 ppid=11496 pid=12361 auid=1000 uid=1000 gid=1000 euid=1000 suid=1000 fsuid=1000 egid=1000 sgid=1000 fsgid=1000 tty=pts2 ses=3 comm="ls" exe="/usr/bin/ls" subj=unconfined key="process_exec"ARCH=x86_64 SYSCALL=execve AUID="heroic" UID="heroic" GID="heroic" EUID="heroic" SUID="heroic" FSUID="heroic" EGID="heroic" SGID="heroic" FSGID="heroic"
type=EXECVE msg=audit(1769264851.291:7667): argc=2 a0="ls" a1="--color=auto"
type=CWD msg=audit(1769264851.291:7667): cwd="/home"
type=PATH msg=audit(1769264851.291:7667): item=0 name="/usr/bin/ls" inode=1578104 dev=08:02 mode=0100755 ouid=0 ogid=0 rdev=00:00 nametype=NORMAL cap_fp=0 cap_fi=0 cap_fe=0 cap_fver=0 cap_frootid=0OUID="root" OGID="root"
type=PATH msg=audit(1769264851.291:7667): item=1 name="/lib64/ld-linux-x86-64.so.2" inode=1575340 dev=08:02 mode=0100755 ouid=0 ogid=0 rdev=00:00 nametype=NORMAL cap_fp=0 cap_fi=0 cap_fe=0 cap_fver=0 cap_frootid=0OUID="root" OGID="root"
type=PROCTITLE msg=audit(1769264851.291:7667): proctitle=6C73002D2D636F6C6F723D6175746F
type=SYSCALL msg=audit(1769264912.343:7668): arch=c000003e syscall=59 success=yes exit=0 a0=74c22bfcb42f a1=74c22adecca0 a2=7fff226f4908 a3=8 items=2 ppid=4679 pid=12376 auid=4294967295 uid=0 gid=124 euid=0 suid=0 fsuid=0 egid=124 sgid=124 fsgid=124 tty=(none) ses=4294967295 comm="sh" exe="/usr/bin/dash" subj=unconfined key="process_exec"ARCH=x86_64 SYSCALL=execve AUID="unset" UID="root" GID="wazuh" EUID="root" SUID="root" FSUID="root" EGID="wazuh" SGID="wazuh" FSGID="wazuh"
type=EXECVE msg=audit(1769264912.343:7668): argc=4 a0="sh" a1="-c" a2="--" a3=6466202D50
type=CWD msg=audit(1769264912.343:7668): cwd="/var/ossec"
type=PATH msg=audit(1769264912.343:7668): item=0 name="/bin/sh" inode=1573518 dev=08:02 mode=0100755 ouid=0 ogid=0 rdev=00:00 nametype=NORMAL cap_fp=0 cap_fi=0 cap_fe=0 cap_fver=0 cap_frootid=0OUID="root" OGID="root"
type=PATH msg=audit(1769264912.343:7668): item=1 name="/lib64/ld-linux-x86-64.so.2" inode=1575340 dev=08:02 mode=0100755 ouid=0 ogid=0 rdev=00:00 nametype=NORMAL cap_fp=0 cap_fi=0 cap_fe=0 cap_fver=0 cap_frootid=0OUID="root" OGID="root"
type=PROCTITLE msg=audit(1769264912.343:7668): proctitle=7368002D63002D2D006466202D50
type=SYSCALL msg=audit(1769264912.348:7669): arch=c000003e syscall=59 success=yes exit=0 a0=64994d0d35c8 a1=64994d0d3558 a2=64994d0d3570 a3=8 items=2 ppid=12376 pid=12377 auid=4294967295 uid=0 gid=124 euid=0 suid=0 fsuid=0 egid=124 sgid=124 fsgid=124 tty=(none) ses=4294967295 comm="df" exe="/usr/bin/df" subj=unconfined key="process_exec"ARCH=x86_64 SYSCALL=execve AUID="unset" UID="root" GID="wazuh" EUID="root" SUID="root" FSUID="root" EGID="wazuh" SGID="wazuh" FSGID="wazuh"
type=EXECVE msg=audit(1769264912.348:7669): argc=2 a0="df" a1="-P"
type=CWD msg=audit(1769264912.348:7669): cwd="/var/ossec"
type=PATH msg=audit(1769264912.348:7669): item=0 name="/usr/bin/df" inode=1578065 dev=08:02 mode=0100755 ouid=0 ogid=0 rdev=00:00 nametype=NORMAL cap_fp=0 cap_fi=0 cap_fe=0 cap_fver=0 cap_frootid=0OUID="root" OGID="root"
type=PATH msg=audit(1769264912.348:7669): item=1 name="/lib64/ld-linux-x86-64.so.2" inode=1575340 dev=08:02 mode=0100755 ouid=0 ogid=0 rdev=00:00 nametype=NORMAL cap_fp=0 cap_fi=0 cap_fe=0 cap_fver=0 cap_frootid=0OUID="root" OGID="root"
type=PROCTITLE msg=audit(1769264912.348:7669): proctitle=6466002D50
type=SYSCALL msg=audit(1769264912.356:7670): arch=c000003e syscall=59 success=yes exit=0 a0=74c22bfcb42f a1=74c22addcca0 a2=7fff226f4908 a3=8 items=2 ppid=4679 pid=12378 auid=4294967295 uid=0 gid=124 euid=0 suid=0 fsuid=0 egid=124 sgid=124 fsgid=124 tty=(none) ses=4294967295 comm="sh" exe="/usr/bin/dash" subj=unconfined key="process_exec"ARCH=x86_64 SYSCALL=execve AUID="unset" UID="root" GID="wazuh" EUID="root" SUID="root" FSUID="root" EGID="wazuh" SGID="wazuh" FSGID="wazuh"
type=EXECVE msg=audit(1769264912.356:7670): argc=4 a0="sh" a1="-c" a2="--" a3=6E657473746174202D74756C706E207C207365642027732F5C285B5B3A616C6E756D3A5D5D5C2B5C295C205C2B5B5B3A64696769743A5D5D5C2B5C205C2B5B5B3A64696769743A5D5D5C2B5C205C2B5C282E2A5C293A5C285B5B3A64696769743A5D5D2A5C295C205C2B5C285B302D395C2E5C3A5C2A5D5C2B5C292E5C2B5C205C285B5B3A64696769743A5D5D2A5C2F5B5B3A616C6E756D3A5D5C2D5D2A5C292E2A2F5C31205C32203D3D205C33203D3D205C34205C352F27207C20736F7274202D6B2034202D67207C207365642027732F203D3D205C282E2A5C29203D3D2F3A5C312F27207C2073656420312C3264
type=CWD msg=audit(1769264912.356:7670): cwd="/var/ossec"
type=PATH msg=audit(1769264912.356:7670): item=0 name="/bin/sh" inode=1573518 dev=08:02 mode=0100755 ouid=0 ogid=0 rdev=00:00 nametype=NORMAL cap_fp=0 cap_fi=0 cap_fe=0 cap_fver=0 cap_frootid=0OUID="root" OGID="root"
type=PATH msg=audit(1769264912.356:7670): item=1 name="/lib64/ld-linux-x86-64.so.2" inode=1575340 dev=08:02 mode=0100755 ouid=0 ogid=0 rdev=00:00 nametype=NORMAL cap_fp=0 cap_fi=0 cap_fe=0 cap_fver=0 cap_frootid=0OUID="root" OGID="root"
type=PROCTITLE msg=audit(1769264912.356:7670): proctitle=7368002D63002D2D006E657473746174202D74756C706E207C207365642027732F5C285B5B3A616C6E756D3A5D5D5C2B5C295C205C2B5B5B3A64696769743A5D5D5C2B5C205C2B5B5B3A64696769743A5D5D5C2B5C205C2B5C282E2A5C293A5C285B5B3A64696769743A5D5D2A5C295C205C2B5C285B302D395C2E5C3A5C2A5D
type=SYSCALL msg=audit(1769264912.362:7671): arch=c000003e syscall=59 success=yes exit=0 a0=61a7094c7c70 a1=61a7094c7c00 a2=61a7094c7c18 a3=1 items=2 ppid=12378 pid=12380 auid=4294967295 uid=0 gid=124 euid=0 suid=0 fsuid=0 egid=124 sgid=124 fsgid=124 tty=(none) ses=4294967295 comm="sed" exe="/usr/bin/sed" subj=unconfined key="process_exec"ARCH=x86_64 SYSCALL=execve AUID="unset" UID="root" GID="wazuh" EUID="root" SUID="root" FSUID="root" EGID="wazuh" SGID="wazuh" FSGID="wazuh"
type=EXECVE msg=audit(1769264912.362:7671): argc=2 a0="sed" a1=732F5C285B5B3A616C6E756D3A5D5D5C2B5C295C205C2B5B5B3A64696769743A5D5D5C2B5C205C2B5B5B3A64696769743A5D5D5C2B5C205C2B5C282E2A5C293A5C285B5B3A64696769743A5D5D2A5C295C205C2B5C285B302D395C2E5C3A5C2A5D5C2B5C292E5C2B5C205C285B5B3A64696769743A5D5D2A5C2F5B5B3A616C6E756D3A5D5C2D5D2A5C292E2A2F5C31205C32203D3D205C33203D3D205C34205C352F
type=SYSCALL msg=audit(1769264912.360:7672): arch=c000003e syscall=59 success=yes exit=0 a0=61a7094c7ad8 a1=61a7094c78e0 a2=61a7094c78f8 a3=1 items=2 ppid=12378 pid=12379 auid=4294967295 uid=0 gid=124 euid=0 suid=0 fsuid=0 egid=124 sgid=124 fsgid=124 tty=(none) ses=4294967295 comm="netstat" exe="/usr/bin/netstat" subj=unconfined key="process_exec"ARCH=x86_64 SYSCALL=execve AUID="unset" UID="root" GID="wazuh" EUID="root" SUID="root" FSUID="root" EGID="wazuh" SGID="wazuh" FSGID="wazuh"
type=CWD msg=audit(1769264912.362:7671): cwd="/var/ossec"
type=PATH msg=audit(1769264912.362:7671): item=0 name="/usr/bin/sed" inode=1574197 dev=08:02 mode=0100755 ouid=0 ogid=0 rdev=00:00 nametype=NORMAL cap_fp=0 cap_fi=0 cap_fe=0 cap_fver=0 cap_frootid=0OUID="root" OGID="root"
type=EXECVE msg=audit(1769264912.360:7672): argc=2 a0="netstat" a1="-tulpn"
type=PATH msg=audit(1769264912.362:7671): item=1 name="/lib64/ld-linux-x86-64.so.2" inode=1575340 dev=08:02 mode=0100755 ouid=0 ogid=0 rdev=00:00 nametype=NORMAL cap_fp=0 cap_fi=0 cap_fe=0 cap_fver=0 cap_frootid=0OUID="root" OGID="root"
type=CWD msg=audit(1769264912.360:7672): cwd="/var/ossec"
type=PROCTITLE msg=audit(1769264912.362:7671): proctitle=73656400732F5C285B5B3A616C6E756D3A5D5D5C2B5C295C205C2B5B5B3A64696769743A5D5D5C2B5C205C2B5B5B3A64696769743A5D5D5C2B5C205C2B5C282E2A5C293A5C285B5B3A64696769743A5D5D2A5C295C205C2B5C285B302D395C2E5C3A5C2A5D5C2B5C292E5C2B5C205C285B5B3A64696769743A5D5D2A5C2F5B5B
type=PATH msg=audit(1769264912.360:7672): item=0 name="/usr/bin/netstat" inode=1576702 dev=08:02 mode=0100755 ouid=0 ogid=0 rdev=00:00 nametype=NORMAL cap_fp=0 cap_fi=0 cap_fe=0 cap_fver=0 cap_frootid=0OUID="root" OGID="root"
type=PATH msg=audit(1769264912.360:7672): item=1 name="/lib64/ld-linux-x86-64.so.2" inode=1575340 dev=08:02 mode=0100755 ouid=0 ogid=0 rdev=00:00 nametype=NORMAL cap_fp=0 cap_fi=0 cap_fe=0 cap_fver=0 cap_frootid=0OUID="root" OGID="root"
type=PROCTITLE msg=audit(1769264912.360:7672): proctitle=6E657473746174002D74756C706E
type=SYSCALL msg=audit(1769264912.362:7673): arch=c000003e syscall=59 success=yes exit=0 a0=61a7094c7bc0 a1=61a7094c7900 a2=61a7094c7b68 a3=1 items=2 ppid=12378 pid=12382 auid=4294967295 uid=0 gid=124 euid=0 suid=0 fsuid=0 egid=124 sgid=124 fsgid=124 tty=(none) ses=4294967295 comm="sed" exe="/usr/bin/sed" subj=unconfined key="process_exec"ARCH=x86_64 SYSCALL=execve AUID="unset" UID="root" GID="wazuh" EUID="root" SUID="root" FSUID="root" EGID="wazuh" SGID="wazuh" FSGID="wazuh"
type=EXECVE msg=audit(1769264912.362:7673): argc=2 a0="sed" a1=732F203D3D205C282E2A5C29203D3D2F3A5C312F
type=CWD msg=audit(1769264912.362:7673): cwd="/var/ossec"
type=PATH msg=audit(1769264912.362:7673): item=0 name="/usr/bin/sed" inode=1574197 dev=08:02 mode=0100755 ouid=0 ogid=0 rdev=00:00 nametype=NORMAL cap_fp=0 cap_fi=0 cap_fe=0 cap_fver=0 cap_frootid=0OUID="root" OGID="root"
type=PATH msg=audit(1769264912.362:7673): item=1 name="/lib64/ld-linux-x86-64.so.2" inode=1575340 dev=08:02 mode=0100755 ouid=0 ogid=0 rdev=00:00 nametype=NORMAL cap_fp=0 cap_fi=0 cap_fe=0 cap_fver=0 cap_frootid=0OUID="root" OGID="root"
type=PROCTITLE msg=audit(1769264912.362:7673): proctitle=73656400732F203D3D205C282E2A5C29203D3D2F3A5C312F
type=SYSCALL msg=audit(1769264912.363:7674): arch=c000003e syscall=59 success=yes exit=0 a0=61a7094c7b38 a1=61a7094c78e0 a2=61a7094c78f8 a3=1 items=2 ppid=12378 pid=12383 auid=4294967295 uid=0 gid=124 euid=0 suid=0 fsuid=0 egid=124 sgid=124 fsgid=124 tty=(none) ses=4294967295 comm="sed" exe="/usr/bin/sed" subj=unconfined key="process_exec"ARCH=x86_64 SYSCALL=execve AUID="unset" UID="root" GID="wazuh" EUID="root" SUID="root" FSUID="root" EGID="wazuh" SGID="wazuh" FSGID="wazuh"
type=EXECVE msg=audit(1769264912.363:7674): argc=2 a0="sed" a1="1,2d"
type=CWD msg=audit(1769264912.363:7674): cwd="/var/ossec"
type=PATH msg=audit(1769264912.363:7674): item=0 name="/usr/bin/sed" inode=1574197 dev=08:02 mode=0100755 ouid=0 ogid=0 rdev=00:00 nametype=NORMAL cap_fp=0 cap_fi=0 cap_fe=0 cap_fver=0 cap_frootid=0OUID="root" OGID="root"
type=PATH msg=audit(1769264912.363:7674): item=1 name="/lib64/ld-linux-x86-64.so.2" inode=1575340 dev=08:02 mode=0100755 ouid=0 ogid=0 rdev=00:00 nametype=NORMAL cap_fp=0 cap_fi=0 cap_fe=0 cap_fver=0 cap_frootid=0OUID="root" OGID="root"
type=PROCTITLE msg=audit(1769264912.363:7674): proctitle=73656400312C3264
type=SYSCALL msg=audit(1769264912.369:7675): arch=c000003e syscall=59 success=yes exit=0 a0=61a7094c7b90 a1=61a7094c7910 a2=61a7094c7b38 a3=1 items=2 ppid=12378 pid=12381 auid=4294967295 uid=0 gid=124 euid=0 suid=0 fsuid=0 egid=124 sgid=124 fsgid=124 tty=(none) ses=4294967295 comm="sort" exe="/usr/bin/sort" subj=unconfined key="process_exec"ARCH=x86_64 SYSCALL=execve AUID="unset" UID="root" GID="wazuh" EUID="root" SUID="root" FSUID="root" EGID="wazuh" SGID="wazuh" FSGID="wazuh"
type=EXECVE msg=audit(1769264912.369:7675): argc=4 a0="sort" a1="-k" a2="4" a3="-g"
type=CWD msg=audit(1769264912.369:7675): cwd="/var/ossec"
type=PATH msg=audit(1769264912.369:7675): item=0 name="/usr/bin/sort" inode=1578139 dev=08:02 mode=0100755 ouid=0 ogid=0 rdev=00:00 nametype=NORMAL cap_fp=0 cap_fi=0 cap_fe=0 cap_fver=0 cap_frootid=0OUID="root" OGID="root"
type=PATH msg=audit(1769264912.369:7675): item=1 name="/lib64/ld-linux-x86-64.so.2" inode=1575340 dev=08:02 mode=0100755 ouid=0 ogid=0 rdev=00:00 nametype=NORMAL cap_fp=0 cap_fi=0 cap_fe=0 cap_fver=0 cap_frootid=0OUID="root" OGID="root"
type=PROCTITLE msg=audit(1769264912.369:7675): proctitle=736F7274002D6B0034002D67
type=SYSCALL msg=audit(1769264912.405:7676): arch=c000003e syscall=59 success=yes exit=0 a0=74c22bfcb42f a1=74c22addcca0 a2=7fff226f4908 a3=8 items=2 ppid=4679 pid=12384 auid=4294967295 uid=0 gid=124 euid=0 suid=0 fsuid=0 egid=124 sgid=124 fsgid=124 tty=(none) ses=4294967295 comm="sh" exe="/usr/bin/dash" subj=unconfined key="process_exec"ARCH=x86_64 SYSCALL=execve AUID="unset" UID="root" GID="wazuh" EUID="root" SUID="root" FSUID="root" EGID="wazuh" SGID="wazuh" FSGID="wazuh"
type=EXECVE msg=audit(1769264912.405:7676): argc=4 a0="sh" a1="-c" a2="--" a3=6C617374202D6E203230
type=CWD msg=audit(1769264912.405:7676): cwd="/var/ossec"
type=PATH msg=audit(1769264912.405:7676): item=0 name="/bin/sh" inode=1573518 dev=08:02 mode=0100755 ouid=0 ogid=0 rdev=00:00 nametype=NORMAL cap_fp=0 cap_fi=0 cap_fe=0 cap_fver=0 cap_frootid=0OUID="root" OGID="root"
type=PATH msg=audit(1769264912.405:7676): item=1 name="/lib64/ld-linux-x86-64.so.2" inode=1575340 dev=08:02 mode=0100755 ouid=0 ogid=0 rdev=00:00 nametype=NORMAL cap_fp=0 cap_fi=0 cap_fe=0 cap_fver=0 cap_frootid=0OUID="root" OGID="root"
type=PROCTITLE msg=audit(1769264912.405:7676): proctitle=7368002D63002D2D006C617374202D6E203230
type=SYSCALL msg=audit(1769264912.406:7677): arch=c000003e syscall=59 success=yes exit=0 a0=644af14b7618 a1=644af14b75a0 a2=644af14b75c0 a3=8 items=2 ppid=12384 pid=12385 auid=4294967295 uid=0 gid=124 euid=0 suid=0 fsuid=0 egid=124 sgid=124 fsgid=124 tty=(none) ses=4294967295 comm="last" exe="/usr/bin/last" subj=unconfined key="process_exec"ARCH=x86_64 SYSCALL=execve AUID="unset" UID="root" GID="wazuh" EUID="root" SUID="root" FSUID="root" EGID="wazuh" SGID="wazuh" FSGID="wazuh"
type=EXECVE msg=audit(1769264912.406:7677): argc=3 a0="last" a1="-n" a2="20"
type=CWD msg=audit(1769264912.406:7677): cwd="/var/ossec"
type=PATH msg=audit(1769264912.406:7677): item=0 name="/usr/bin/last" inode=1578261 dev=08:02 mode=0100755 ouid=0 ogid=0 rdev=00:00 nametype=NORMAL cap_fp=0 cap_fi=0 cap_fe=0 cap_fver=0 cap_frootid=0OUID="root" OGID="root"
type=PATH msg=audit(1769264912.406:7677): item=1 name="/lib64/ld-linux-x86-64.so.2" inode=1575340 dev=08:02 mode=0100755 ouid=0 ogid=0 rdev=00:00 nametype=NORMAL cap_fp=0 cap_fi=0 cap_fe=0 cap_fver=0 cap_frootid=0OUID="root" OGID="root"
type=PROCTITLE msg=audit(1769264912.406:7677): proctitle=6C617374002D6E003230
type=SYSCALL msg=audit(1769264923.562:7678): arch=c000003e syscall=59 success=yes exit=0 a0=559a52937d40 a1=559a529300a0 a2=559a529535d0 a3=559a52959130 items=2 ppid=11496 pid=12389 auid=1000 uid=1000 gid=1000 euid=1000 suid=1000 fsuid=1000 egid=1000 sgid=1000 fsgid=1000 tty=pts2 ses=3 comm="mv" exe="/usr/bin/mv" subj=unconfined key="process_exec"ARCH=x86_64 SYSCALL=execve AUID="heroic" UID="heroic" GID="heroic" EUID="heroic" SUID="heroic" FSUID="heroic" EGID="heroic" SGID="heroic" FSGID="heroic"
type=EXECVE msg=audit(1769264923.562:7678): argc=3 a0="mv" a1="hids_dataset/" a2="/home/heroic/Desktop"
type=CWD msg=audit(1769264923.562:7678): cwd="/home"
type=PATH msg=audit(1769264923.562:7678): item=0 name="/usr/bin/mv" inode=1578110 dev=08:02 mode=0100755 ouid=0 ogid=0 rdev=00:00 nametype=NORMAL cap_fp=0 cap_fi=0 cap_fe=0 cap_fver=0 cap_frootid=0OUID="root" OGID="root"
type=PATH msg=audit(1769264923.562:7678): item=1 name="/lib64/ld-linux-x86-64.so.2" inode=1575340 dev=08:02 mode=0100755 ouid=0 ogid=0 rdev=00:00 nametype=NORMAL cap_fp=0 cap_fi=0 cap_fe=0 cap_fver=0 cap_frootid=0OUID="root" OGID="root"
type=PROCTITLE msg=audit(1769264923.562:7678): proctitle=6D7600686964735F646174617365742F002F686F6D652F6865726F69632F4465736B746F70
type=SYSCALL msg=audit(1769264931.404:7679): arch=c000003e syscall=59 success=yes exit=0 a0=559a529486b0 a1=559a5295da10 a2=559a529535d0 a3=559a5295da10 items=2 ppid=11496 pid=12390 auid=1000 uid=1000 gid=1000 euid=0 suid=0 fsuid=0 egid=1000 sgid=1000 fsgid=1000 tty=pts2 ses=3 comm="sudo" exe="/usr/bin/sudo" subj=unconfined key="process_exec"ARCH=x86_64 SYSCALL=execve AUID="heroic" UID="heroic" GID="heroic" EUID="root" SUID="root" FSUID="root" EGID="heroic" SGID="heroic" FSGID="heroic"
type=EXECVE msg=audit(1769264931.404:7679): argc=2 a0="sudo" a1="su"
type=CWD msg=audit(1769264931.404:7679): cwd="/home"
type=PATH msg=audit(1769264931.404:7679): item=0 name="/usr/bin/sudo" inode=1574274 dev=08:02 mode=0104755 ouid=0 ogid=0 rdev=00:00 nametype=NORMAL cap_fp=0 cap_fi=0 cap_fe=0 cap_fver=0 cap_frootid=0OUID="root" OGID="root"
type=PATH msg=audit(1769264931.404:7679): item=1 name="/lib64/ld-linux-x86-64.so.2" inode=1575340 dev=08:02 mode=0100755 ouid=0 ogid=0 rdev=00:00 nametype=NORMAL cap_fp=0 cap_fi=0 cap_fe=0 cap_fver=0 cap_frootid=0OUID="root" OGID="root"
type=PROCTITLE msg=audit(1769264931.404:7679): proctitle=7375646F007375
type=USER_AUTH msg=audit(1769264933.769:7680): pid=12390 uid=1000 auid=1000 ses=3 subj=unconfined msg='op=PAM:authentication grantors=pam_permit,pam_cap acct="heroic" exe="/usr/bin/sudo" hostname=? addr=? terminal=/dev/pts/2 res=success'UID="heroic" AUID="heroic"
type=USER_ACCT msg=audit(1769264933.771:7681): pid=12390 uid=1000 auid=1000 ses=3 subj=unconfined msg='op=PAM:accounting grantors=pam_permit,pam_localuser acct="heroic" exe="/usr/bin/sudo" hostname=? addr=? terminal=/dev/pts/2 res=success'UID="heroic" AUID="heroic"
type=USER_CMD msg=audit(1769264933.773:7682): pid=12390 uid=1000 auid=1000 ses=3 subj=unconfined msg='cwd="/home" cmd="su" exe="/usr/bin/sudo" terminal=pts/2 res=success'UID="heroic" AUID="heroic"
type=CRED_REFR msg=audit(1769264933.773:7683): pid=12390 uid=1000 auid=1000 ses=3 subj=unconfined msg='op=PAM:setcred grantors=pam_permit,pam_cap acct="root" exe="/usr/bin/sudo" hostname=? addr=? terminal=/dev/pts/2 res=success'UID="heroic" AUID="heroic"
type=USER_START msg=audit(1769264933.773:7684): pid=12390 uid=1000 auid=1000 ses=3 subj=unconfined msg='op=PAM:session_open grantors=pam_limits,pam_env,pam_env,pam_permit,pam_umask,pam_unix acct="root" exe="/usr/bin/sudo" hostname=? addr=? terminal=/dev/pts/2 res=success'UID="heroic" AUID="heroic"
type=SYSCALL msg=audit(1769264933.879:7685): arch=c000003e syscall=59 success=yes exit=0 a0=56eb3cc87b68 a1=56eb3cc97ca0 a2=56eb3ccec420 a3=64 items=2 ppid=12391 pid=12392 auid=1000 uid=0 gid=0 euid=0 suid=0 fsuid=0 egid=0 sgid=0 fsgid=0 tty=pts3 ses=3 comm="su" exe="/usr/bin/su" subj=unconfined key="process_exec"ARCH=x86_64 SYSCALL=execve AUID="heroic" UID="root" GID="root" EUID="root" SUID="root" FSUID="root" EGID="root" SGID="root" FSGID="root"
type=EXECVE msg=audit(1769264933.879:7685): argc=1 a0="su"
type=CWD msg=audit(1769264933.879:7685): cwd="/home"
type=PATH msg=audit(1769264933.879:7685): item=0 name="/usr/bin/su" inode=1578335 dev=08:02 mode=0104755 ouid=0 ogid=0 rdev=00:00 nametype=NORMAL cap_fp=0 cap_fi=0 cap_fe=0 cap_fver=0 cap_frootid=0OUID="root" OGID="root"
type=PATH msg=audit(1769264933.879:7685): item=1 name="/lib64/ld-linux-x86-64.so.2" inode=1575340 dev=08:02 mode=0100755 ouid=0 ogid=0 rdev=00:00 nametype=NORMAL cap_fp=0 cap_fi=0 cap_fe=0 cap_fver=0 cap_frootid=0OUID="root" OGID="root"
type=PROCTITLE msg=audit(1769264933.879:7685): proctitle="su"
type=USER_AUTH msg=audit(1769264933.888:7686): pid=12392 uid=0 auid=1000 ses=3 subj=unconfined msg='op=PAM:authentication grantors=pam_rootok acct="root" exe="/usr/bin/su" hostname=? addr=? terminal=/dev/pts/3 res=success'UID="root" AUID="heroic"
type=USER_ACCT msg=audit(1769264933.888:7687): pid=12392 uid=0 auid=1000 ses=3 subj=unconfined msg='op=PAM:accounting grantors=pam_permit,pam_localuser acct="root" exe="/usr/bin/su" hostname=? addr=? terminal=/dev/pts/3 res=success'UID="root" AUID="heroic"
type=CRED_ACQ msg=audit(1769264933.888:7688): pid=12392 uid=0 auid=1000 ses=3 subj=unconfined msg='op=PAM:setcred grantors=pam_rootok acct="root" exe="/usr/bin/su" hostname=? addr=? terminal=/dev/pts/3 res=success'UID="root" AUID="heroic"
type=USER_START msg=audit(1769264933.901:7689): pid=12392 uid=0 auid=1000 ses=3 subj=unconfined msg='op=PAM:session_open grantors=pam_env,pam_env,pam_mail,pam_limits,pam_permit,pam_umask,pam_unix,pam_systemd acct="root" exe="/usr/bin/su" hostname=? addr=? terminal=/dev/pts/3 res=success'UID="root" AUID="heroic"
type=SYSCALL msg=audit(1769264933.905:7690): arch=c000003e syscall=59 success=yes exit=0 a0=5b7f22a3dc90 a1=5b7f22a30db0 a2=7ffe2191c0a8 a3=5b7f22a30be0 items=2 ppid=12392 pid=12393 auid=1000 uid=0 gid=0 euid=0 suid=0 fsuid=0 egid=0 sgid=0 fsgid=0 tty=pts3 ses=3 comm="bash" exe="/usr/bin/bash" subj=unconfined key="process_exec"ARCH=x86_64 SYSCALL=execve AUID="heroic" UID="root" GID="root" EUID="root" SUID="root" FSUID="root" EGID="root" SGID="root" FSGID="root"
type=EXECVE msg=audit(1769264933.905:7690): argc=1 a0="bash"
type=CWD msg=audit(1769264933.905:7690): cwd="/home"
type=PATH msg=audit(1769264933.905:7690): item=0 name="/bin/bash" inode=1573437 dev=08:02 mode=0100755 ouid=0 ogid=0 rdev=00:00 nametype=NORMAL cap_fp=0 cap_fi=0 cap_fe=0 cap_fver=0 cap_frootid=0OUID="root" OGID="root"
type=PATH msg=audit(1769264933.905:7690): item=1 name="/lib64/ld-linux-x86-64.so.2" inode=1575340 dev=08:02 mode=0100755 ouid=0 ogid=0 rdev=00:00 nametype=NORMAL cap_fp=0 cap_fi=0 cap_fe=0 cap_fver=0 cap_frootid=0OUID="root" OGID="root"
type=PROCTITLE msg=audit(1769264933.905:7690): proctitle="bash"
type=SYSCALL msg=audit(1769264934.021:7691): arch=c000003e syscall=59 success=yes exit=0 a0=5e8e8c10b230 a1=5e8e8c10bea0 a2=5e8e8c108120 a3=1 items=2 ppid=12393 pid=12394 auid=1000 uid=0 gid=0 euid=0 suid=0 fsuid=0 egid=0 sgid=0 fsgid=0 tty=pts3 ses=3 comm="groups" exe="/usr/bin/groups" subj=unconfined key="process_exec"ARCH=x86_64 SYSCALL=execve AUID="heroic" UID="root" GID="root" EUID="root" SUID="root" FSUID="root" EGID="root" SGID="root" FSGID="root"
type=EXECVE msg=audit(1769264934.021:7691): argc=1 a0="groups"
type=CWD msg=audit(1769264934.021:7691): cwd="/home"
type=PATH msg=audit(1769264934.021:7691): item=0 name="/usr/bin/groups" inode=1578094 dev=08:02 mode=0100755 ouid=0 ogid=0 rdev=00:00 nametype=NORMAL cap_fp=0 cap_fi=0 cap_fe=0 cap_fver=0 cap_frootid=0OUID="root" OGID="root"
type=PATH msg=audit(1769264934.021:7691): item=1 name="/lib64/ld-linux-x86-64.so.2" inode=1575340 dev=08:02 mode=0100755 ouid=0 ogid=0 rdev=00:00 nametype=NORMAL cap_fp=0 cap_fi=0 cap_fe=0 cap_fver=0 cap_frootid=0OUID="root" OGID="root"
type=PROCTITLE msg=audit(1769264934.021:7691): proctitle="groups"
type=SYSCALL msg=audit(1769264934.050:7692): arch=c000003e syscall=59 success=yes exit=0 a0=5e8e8c10a720 a1=5e8e8c109a70 a2=5e8e8c1087a0 a3=8 items=3 ppid=12393 pid=12395 auid=1000 uid=0 gid=0 euid=0 suid=0 fsuid=0 egid=0 sgid=0 fsgid=0 tty=pts3 ses=3 comm="lesspipe" exe="/usr/bin/dash" subj=unconfined key="process_exec"ARCH=x86_64 SYSCALL=execve AUID="heroic" UID="root" GID="root" EUID="root" SUID="root" FSUID="root" EGID="root" SGID="root" FSGID="root"
type=EXECVE msg=audit(1769264934.050:7692): argc=2 a0="/bin/sh" a1="/usr/bin/lesspipe"
type=CWD msg=audit(1769264934.050:7692): cwd="/home"
type=PATH msg=audit(1769264934.050:7692): item=0 name="/usr/bin/lesspipe" inode=1573866 dev=08:02 mode=0100755 ouid=0 ogid=0 rdev=00:00 nametype=NORMAL cap_fp=0 cap_fi=0 cap_fe=0 cap_fver=0 cap_frootid=0OUID="root" OGID="root"
type=PATH msg=audit(1769264934.050:7692): item=1 name="/bin/sh" inode=1573518 dev=08:02 mode=0100755 ouid=0 ogid=0 rdev=00:00 nametype=NORMAL cap_fp=0 cap_fi=0 cap_fe=0 cap_fver=0 cap_frootid=0OUID="root" OGID="root"
type=PATH msg=audit(1769264934.050:7692): item=2 name="/lib64/ld-linux-x86-64.so.2" inode=1575340 dev=08:02 mode=0100755 ouid=0 ogid=0 rdev=00:00 nametype=NORMAL cap_fp=0 cap_fi=0 cap_fe=0 cap_fver=0 cap_frootid=0OUID="root" OGID="root"
type=PROCTITLE msg=audit(1769264934.050:7692): proctitle=2F62696E2F7368002F7573722F62696E2F6C65737370697065
type=SYSCALL msg=audit(1769264934.054:7693): arch=c000003e syscall=59 success=yes exit=0 a0=615cd3d84950 a1=615c9ad2a600 a2=615cd3d848a8 a3=1 items=2 ppid=12395 pid=12396 auid=1000 uid=0 gid=0 euid=0 suid=0 fsuid=0 egid=0 sgid=0 fsgid=0 tty=pts3 ses=3 comm="basename" exe="/usr/bin/basename" subj=unconfined key="process_exec"ARCH=x86_64 SYSCALL=execve AUID="heroic" UID="root" GID="root" EUID="root" SUID="root" FSUID="root" EGID="root" SGID="root" FSGID="root"
type=EXECVE msg=audit(1769264934.054:7693): argc=2 a0="basename" a1="/usr/bin/lesspipe"
type=CWD msg=audit(1769264934.054:7693): cwd="/home"
type=PATH msg=audit(1769264934.054:7693): item=0 name="/usr/bin/basename" inode=1578014 dev=08:02 mode=0100755 ouid=0 ogid=0 rdev=00:00 nametype=NORMAL cap_fp=0 cap_fi=0 cap_fe=0 cap_fver=0 cap_frootid=0OUID="root" OGID="root"
type=PATH msg=audit(1769264934.054:7693): item=1 name="/lib64/ld-linux-x86-64.so.2" inode=1575340 dev=08:02 mode=0100755 ouid=0 ogid=0 rdev=00:00 nametype=NORMAL cap_fp=0 cap_fi=0 cap_fe=0 cap_fver=0 cap_frootid=0OUID="root" OGID="root"
type=PROCTITLE msg=audit(1769264934.054:7693): proctitle=626173656E616D65002F7573722F62696E2F6C65737370697065
type=SYSCALL msg=audit(1769264934.060:7694): arch=c000003e syscall=59 success=yes exit=0 a0=615cd3d908d0 a1=615cd3d90810 a2=615cd3d90828 a3=1 items=2 ppid=12397 pid=12398 auid=1000 uid=0 gid=0 euid=0 suid=0 fsuid=0 egid=0 sgid=0 fsgid=0 tty=pts3 ses=3 comm="dirname" exe="/usr/bin/dirname" subj=unconfined key="process_exec"ARCH=x86_64 SYSCALL=execve AUID="heroic" UID="root" GID="root" EUID="root" SUID="root" FSUID="root" EGID="root" SGID="root" FSGID="root"
type=EXECVE msg=audit(1769264934.060:7694): argc=2 a0="dirname" a1="/usr/bin/lesspipe"
type=CWD msg=audit(1769264934.060:7694): cwd="/home"
type=PATH msg=audit(1769264934.060:7694): item=0 name="/usr/bin/dirname" inode=1578074 dev=08:02 mode=0100755 ouid=0 ogid=0 rdev=00:00 nametype=NORMAL cap_fp=0 cap_fi=0 cap_fe=0 cap_fver=0 cap_frootid=0OUID="root" OGID="root"
type=PATH msg=audit(1769264934.060:7694): item=1 name="/lib64/ld-linux-x86-64.so.2" inode=1575340 dev=08:02 mode=0100755 ouid=0 ogid=0 rdev=00:00 nametype=NORMAL cap_fp=0 cap_fi=0 cap_fe=0 cap_fver=0 cap_frootid=0OUID="root" OGID="root"
type=PROCTITLE msg=audit(1769264934.060:7694): proctitle=6469726E616D65002F7573722F62696E2F6C65737370697065
type=SYSCALL msg=audit(1769264934.066:7695): arch=c000003e syscall=59 success=yes exit=0 a0=5e8e8c108db0 a1=5e8e8c110c70 a2=5e8e8c1087a0 a3=8 items=2 ppid=12393 pid=12399 auid=1000 uid=0 gid=0 euid=0 suid=0 fsuid=0 egid=0 sgid=0 fsgid=0 tty=pts3 ses=3 comm="dircolors" exe="/usr/bin/dircolors" subj=unconfined key="process_exec"ARCH=x86_64 SYSCALL=execve AUID="heroic" UID="root" GID="root" EUID="root" SUID="root" FSUID="root" EGID="root" SGID="root" FSGID="root"
type=EXECVE msg=audit(1769264934.066:7695): argc=2 a0="dircolors" a1="-b"
type=CWD msg=audit(1769264934.066:7695): cwd="/home"
type=PATH msg=audit(1769264934.066:7695): item=0 name="/usr/bin/dircolors" inode=1578073 dev=08:02 mode=0100755 ouid=0 ogid=0 rdev=00:00 nametype=NORMAL cap_fp=0 cap_fi=0 cap_fe=0 cap_fver=0 cap_frootid=0OUID="root" OGID="root"
type=PATH msg=audit(1769264934.066:7695): item=1 name="/lib64/ld-linux-x86-64.so.2" inode=1575340 dev=08:02 mode=0100755 ouid=0 ogid=0 rdev=00:00 nametype=NORMAL cap_fp=0 cap_fi=0 cap_fe=0 cap_fver=0 cap_frootid=0OUID="root" OGID="root"
type=PROCTITLE msg=audit(1769264934.066:7695): proctitle=646972636F6C6F7273002D62
type=SYSCALL msg=audit(1769264948.426:7696): arch=c000003e syscall=59 success=yes exit=0 a0=5e8e8c115580 a1=5e8e8c133e90 a2=5e8e8c1087a0 a3=5e8e8c133e90 items=2 ppid=12393 pid=12403 auid=1000 uid=0 gid=0 euid=0 suid=0 fsuid=0 egid=0 sgid=0 fsgid=0 tty=pts3 ses=3 comm="mv" exe="/usr/bin/mv" subj=unconfined key="process_exec"ARCH=x86_64 SYSCALL=execve AUID="heroic" UID="root" GID="root" EUID="root" SUID="root" FSUID="root" EGID="root" SGID="root" FSGID="root"
type=EXECVE msg=audit(1769264948.426:7696): argc=3 a0="mv" a1="hids_dataset/" a2="/root/Desktop"
type=CWD msg=audit(1769264948.426:7696): cwd="/home"
type=PATH msg=audit(1769264948.426:7696): item=0 name="/usr/bin/mv" inode=1578110 dev=08:02 mode=0100755 ouid=0 ogid=0 rdev=00:00 nametype=NORMAL cap_fp=0 cap_fi=0 cap_fe=0 cap_fver=0 cap_frootid=0OUID="root" OGID="root"
type=PATH msg=audit(1769264948.426:7696): item=1 name="/lib64/ld-linux-x86-64.so.2" inode=1575340 dev=08:02 mode=0100755 ouid=0 ogid=0 rdev=00:00 nametype=NORMAL cap_fp=0 cap_fi=0 cap_fe=0 cap_fver=0 cap_frootid=0OUID="root" OGID="root"
type=PROCTITLE msg=audit(1769264948.426:7696): proctitle=6D7600686964735F646174617365742F002F726F6F742F4465736B746F70
type=SYSCALL msg=audit(1769264968.129:7697): arch=c000003e syscall=59 success=yes exit=0 a0=5e8e8c13c0e0 a1=5e8e8c133e50 a2=5e8e8c1087a0 a3=5e8e8c133e50 items=2 ppid=12393 pid=12404 auid=1000 uid=0 gid=0 euid=0 suid=0 fsuid=0 egid=0 sgid=0 fsgid=0 tty=pts3 ses=3 comm="ls" exe="/usr/bin/ls" subj=unconfined key="process_exec"ARCH=x86_64 SYSCALL=execve AUID="heroic" UID="root" GID="root" EUID="root" SUID="root" FSUID="root" EGID="root" SGID="root" FSGID="root"
type=EXECVE msg=audit(1769264968.129:7697): argc=2 a0="ls" a1="--color=auto"
type=CWD msg=audit(1769264968.129:7697): cwd="/root/Desktop"
type=PATH msg=audit(1769264968.129:7697): item=0 name="/usr/bin/ls" inode=1578104 dev=08:02 mode=0100755 ouid=0 ogid=0 rdev=00:00 nametype=NORMAL cap_fp=0 cap_fi=0 cap_fe=0 cap_fver=0 cap_frootid=0OUID="root" OGID="root"
type=PATH msg=audit(1769264968.129:7697): item=1 name="/lib64/ld-linux-x86-64.so.2" inode=1575340 dev=08:02 mode=0100755 ouid=0 ogid=0 rdev=00:00 nametype=NORMAL cap_fp=0 cap_fi=0 cap_fe=0 cap_fver=0 cap_frootid=0OUID="root" OGID="root"
type=PROCTITLE msg=audit(1769264968.129:7697): proctitle=6C73002D2D636F6C6F723D6175746F
type=SYSCALL msg=audit(1769264992.555:7698): arch=c000003e syscall=59 success=yes exit=0 a0=5e8e8c134340 a1=5e8e8c134230 a2=5e8e8c1087a0 a3=5e8e8c134230 items=2 ppid=12393 pid=12416 auid=1000 uid=0 gid=0 euid=0 suid=0 fsuid=0 egid=0 sgid=0 fsgid=0 tty=pts3 ses=3 comm="ls" exe="/usr/bin/ls" subj=unconfined key="process_exec"ARCH=x86_64 SYSCALL=execve AUID="heroic" UID="root" GID="root" EUID="root" SUID="root" FSUID="root" EGID="root" SGID="root" FSGID="root"
type=EXECVE msg=audit(1769264992.555:7698): argc=2 a0="ls" a1="--color=auto"
type=CWD msg=audit(1769264992.555:7698): cwd="/root"
type=PATH msg=audit(1769264992.555:7698): item=0 name="/usr/bin/ls" inode=1578104 dev=08:02 mode=0100755 ouid=0 ogid=0 rdev=00:00 nametype=NORMAL cap_fp=0 cap_fi=0 cap_fe=0 cap_fver=0 cap_frootid=0OUID="root" OGID="root"
type=PATH msg=audit(1769264992.555:7698): item=1 name="/lib64/ld-linux-x86-64.so.2" inode=1575340 dev=08:02 mode=0100755 ouid=0 ogid=0 rdev=00:00 nametype=NORMAL cap_fp=0 cap_fi=0 cap_fe=0 cap_fver=0 cap_frootid=0OUID="root" OGID="root"
type=PROCTITLE msg=audit(1769264992.555:7698): proctitle=6C73002D2D636F6C6F723D6175746F
type=SYSCALL msg=audit(1769265008.931:7699): arch=c000003e syscall=59 success=yes exit=0 a0=7ffc259fe5a0 a1=7ffc259fe5c0 a2=7ffc259ff0b0 a3=8 items=2 ppid=1 pid=12417 auid=4294967295 uid=0 gid=0 euid=0 suid=0 fsuid=0 egid=0 sgid=0 fsgid=0 tty=(none) ses=4294967295 comm="9" exe="/usr/lib/systemd/systemd-executor" subj=unconfined key="process_exec"ARCH=x86_64 SYSCALL=execve AUID="unset" UID="root" GID="root" EUID="root" SUID="root" FSUID="root" EGID="root" SGID="root" FSGID="root"
type=EXECVE msg=audit(1769265008.931:7699): argc=7 a0="/usr/lib/systemd/systemd-executor" a1="--deserialize" a2="90" a3="--log-level" a4="info" a5="--log-target" a6="journal-or-kmsg"
type=CWD msg=audit(1769265008.931:7699): cwd="/"
type=PATH msg=audit(1769265008.931:7699): item=0 name="/proc/self/fd/9" inode=1596504 dev=08:02 mode=0100755 ouid=0 ogid=0 rdev=00:00 nametype=NORMAL cap_fp=0 cap_fi=0 cap_fe=0 cap_fver=0 cap_frootid=0OUID="root" OGID="root"
type=PATH msg=audit(1769265008.931:7699): item=1 name="/lib64/ld-linux-x86-64.so.2" inode=1575340 dev=08:02 mode=0100755 ouid=0 ogid=0 rdev=00:00 nametype=NORMAL cap_fp=0 cap_fi=0 cap_fe=0 cap_fver=0 cap_frootid=0OUID="root" OGID="root"
type=PROCTITLE msg=audit(1769265008.931:7699): proctitle=2F7573722F6C69622F73797374656D642F73797374656D642D6578656375746F72002D2D646573657269616C697A65003930002D2D6C6F672D6C6576656C00696E666F002D2D6C6F672D746172676574006A6F75726E616C2D6F722D6B6D7367
type=SYSCALL msg=audit(1769265008.993:7700): arch=c000003e syscall=59 success=yes exit=0 a0=558b8d1900c0 a1=558b8d1901c0 a2=558b8d18f4b0 a3=558b8d190990 items=3 ppid=1 pid=12417 auid=4294967295 uid=0 gid=0 euid=0 suid=0 fsuid=0 egid=0 sgid=0 fsgid=0 tty=(none) ses=4294967295 comm="sa1" exe="/usr/bin/dash" subj=unconfined key="process_exec"ARCH=x86_64 SYSCALL=execve AUID="unset" UID="root" GID="root" EUID="root" SUID="root" FSUID="root" EGID="root" SGID="root" FSGID="root"
type=EXECVE msg=audit(1769265008.993:7700): argc=4 a0="/bin/sh" a1="/usr/lib/sysstat/sa1" a2="1" a3="1"
type=CWD msg=audit(1769265008.993:7700): cwd="/"
type=PATH msg=audit(1769265008.993:7700): item=0 name="/usr/lib/sysstat/sa1" inode=1582334 dev=08:02 mode=0100755 ouid=0 ogid=0 rdev=00:00 nametype=NORMAL cap_fp=0 cap_fi=0 cap_fe=0 cap_fver=0 cap_frootid=0OUID="root" OGID="root"
type=PATH msg=audit(1769265008.993:7700): item=1 name="/bin/sh" inode=1573518 dev=08:02 mode=0100755 ouid=0 ogid=0 rdev=00:00 nametype=NORMAL cap_fp=0 cap_fi=0 cap_fe=0 cap_fver=0 cap_frootid=0OUID="root" OGID="root"
type=PATH msg=audit(1769265008.993:7700): item=2 name="/lib64/ld-linux-x86-64.so.2" inode=1575340 dev=08:02 mode=0100755 ouid=0 ogid=0 rdev=00:00 nametype=NORMAL cap_fp=0 cap_fi=0 cap_fe=0 cap_fver=0 cap_frootid=0OUID="root" OGID="root"
type=PROCTITLE msg=audit(1769265008.993:7700): proctitle=2F7573722F6C69622F73797374656D642F73797374656D642D6578656375746F72002D2D646573657269616C697A65003930002D2D6C6F672D6C6576656C00696E666F002D2D6C6F672D746172676574006A6F75726E616C2D6F722D6B6D7367
type=SYSCALL msg=audit(1769265009.006:7701): arch=c000003e syscall=59 success=yes exit=0 a0=59f3bc0de148 a1=59f3bc0de228 a2=59f3bc0de270 a3=0 items=2 ppid=1 pid=12417 auid=4294967295 uid=0 gid=0 euid=0 suid=0 fsuid=0 egid=0 sgid=0 fsgid=0 tty=(none) ses=4294967295 comm="sadc" exe="/usr/lib/sysstat/sadc" subj=unconfined key="process_exec"ARCH=x86_64 SYSCALL=execve AUID="unset" UID="root" GID="root" EUID="root" SUID="root" FSUID="root" EGID="root" SGID="root" FSGID="root"
type=EXECVE msg=audit(1769265009.006:7701): argc=8 a0="/usr/lib/sysstat/sadc" a1="-F" a2="-L" a3="-S" a4="DISK" a5="1" a6="1" a7="/var/log/sysstat"
type=CWD msg=audit(1769265009.006:7701): cwd="/usr/lib/sysstat"
type=PATH msg=audit(1769265009.006:7701): item=0 name="/usr/lib/sysstat/sadc" inode=1582336 dev=08:02 mode=0100755 ouid=0 ogid=0 rdev=00:00 nametype=NORMAL cap_fp=0 cap_fi=0 cap_fe=0 cap_fver=0 cap_frootid=0OUID="root" OGID="root"
type=PATH msg=audit(1769265009.006:7701): item=1 name="/lib64/ld-linux-x86-64.so.2" inode=1575340 dev=08:02 mode=0100755 ouid=0 ogid=0 rdev=00:00 nametype=NORMAL cap_fp=0 cap_fi=0 cap_fe=0 cap_fver=0 cap_frootid=0OUID="root" OGID="root"
type=PROCTITLE msg=audit(1769265009.006:7701): proctitle=2F7573722F6C69622F73797374656D642F73797374656D642D6578656375746F72002D2D646573657269616C697A65003930002D2D6C6F672D6C6576656C00696E666F002D2D6C6F672D746172676574006A6F75726E616C2D6F722D6B6D7367
type=SERVICE_START msg=audit(1769265009.016:7702): pid=1 uid=0 auid=4294967295 ses=4294967295 subj=unconfined msg='unit=sysstat-collect comm="systemd" exe="/usr/lib/systemd/systemd" hostname=? addr=? terminal=? res=success'UID="root" AUID="unset"
type=SERVICE_STOP msg=audit(1769265009.016:7703): pid=1 uid=0 auid=4294967295 ses=4294967295 subj=unconfined msg='unit=sysstat-collect comm="systemd" exe="/usr/lib/systemd/systemd" hostname=? addr=? terminal=? res=success'UID="root" AUID="unset"
type=SYSCALL msg=audit(1769265012.466:7704): arch=c000003e syscall=59 success=yes exit=0 a0=5e8e8c157420 a1=5e8e8c134360 a2=5e8e8c1087a0 a3=5e8e8c134360 items=2 ppid=12393 pid=12420 auid=1000 uid=0 gid=0 euid=0 suid=0 fsuid=0 egid=0 sgid=0 fsgid=0 tty=pts3 ses=3 comm="ls" exe="/usr/bin/ls" subj=unconfined key="process_exec"ARCH=x86_64 SYSCALL=execve AUID="heroic" UID="root" GID="root" EUID="root" SUID="root" FSUID="root" EGID="root" SGID="root" FSGID="root"
type=EXECVE msg=audit(1769265012.466:7704): argc=2 a0="ls" a1="--color=auto"
type=CWD msg=audit(1769265012.466:7704): cwd="/root"
type=PATH msg=audit(1769265012.466:7704): item=0 name="/usr/bin/ls" inode=1578104 dev=08:02 mode=0100755 ouid=0 ogid=0 rdev=00:00 nametype=NORMAL cap_fp=0 cap_fi=0 cap_fe=0 cap_fver=0 cap_frootid=0OUID="root" OGID="root"
type=PATH msg=audit(1769265012.466:7704): item=1 name="/lib64/ld-linux-x86-64.so.2" inode=1575340 dev=08:02 mode=0100755 ouid=0 ogid=0 rdev=00:00 nametype=NORMAL cap_fp=0 cap_fi=0 cap_fe=0 cap_fver=0 cap_frootid=0OUID="root" OGID="root"
type=PROCTITLE msg=audit(1769265012.466:7704): proctitle=6C73002D2D636F6C6F723D6175746F
type=SYSCALL msg=audit(1769265025.665:7705): arch=c000003e syscall=59 success=yes exit=0 a0=5e8e8c142260 a1=5e8e8c13f170 a2=5e8e8c1087a0 a3=5e8e8c13f170 items=3 ppid=12423 pid=12424 auid=1000 uid=0 gid=0 euid=0 suid=0 fsuid=0 egid=0 sgid=0 fsgid=0 tty=pts3 ses=3 comm="command-not-fou" exe="/usr/bin/python3.12" subj=unconfined key="process_exec"ARCH=x86_64 SYSCALL=execve AUID="heroic" UID="root" GID="root" EUID="root" SUID="root" FSUID="root" EGID="root" SGID="root" FSGID="root"
type=EXECVE msg=audit(1769265025.665:7705): argc=4 a0="/usr/bin/python3" a1="/usr/lib/command-not-found" a2="--" a3="LS"
type=CWD msg=audit(1769265025.665:7705): cwd="/root/Desktop"
type=PATH msg=audit(1769265025.665:7705): item=0 name="/usr/lib/command-not-found" inode=1574648 dev=08:02 mode=0100755 ouid=0 ogid=0 rdev=00:00 nametype=NORMAL cap_fp=0 cap_fi=0 cap_fe=0 cap_fver=0 cap_frootid=0OUID="root" OGID="root"
type=PATH msg=audit(1769265025.665:7705): item=1 name="/usr/bin/python3" inode=1572987 dev=08:02 mode=0100755 ouid=0 ogid=0 rdev=00:00 nametype=NORMAL cap_fp=0 cap_fi=0 cap_fe=0 cap_fver=0 cap_frootid=0OUID="root" OGID="root"
type=PATH msg=audit(1769265025.665:7705): item=2 name="/lib64/ld-linux-x86-64.so.2" inode=1575340 dev=08:02 mode=0100755 ouid=0 ogid=0 rdev=00:00 nametype=NORMAL cap_fp=0 cap_fi=0 cap_fe=0 cap_fver=0 cap_frootid=0OUID="root" OGID="root"
type=PROCTITLE msg=audit(1769265025.665:7705): proctitle=2F7573722F62696E2F707974686F6E33002F7573722F6C69622F636F6D6D616E642D6E6F742D666F756E64002D2D004C53
type=SYSCALL msg=audit(1769265025.929:7706): arch=c000003e syscall=59 success=yes exit=0 a0=753380d14840 a1=7533801ef180 a2=7ffd7cb48200 a3=753380a148a8 items=2 ppid=12424 pid=12425 auid=1000 uid=0 gid=0 euid=0 suid=0 fsuid=0 egid=0 sgid=0 fsgid=0 tty=pts3 ses=3 comm="snap" exe="/usr/bin/snap" subj=unconfined key="process_exec"ARCH=x86_64 SYSCALL=execve AUID="heroic" UID="root" GID="root" EUID="root" SUID="root" FSUID="root" EGID="root" SGID="root" FSGID="root"
type=EXECVE msg=audit(1769265025.929:7706): argc=5 a0="/usr/bin/snap" a1="advise-snap" a2="--format=json" a3="--command" a4="LS"
type=CWD msg=audit(1769265025.929:7706): cwd="/root/Desktop"
type=PATH msg=audit(1769265025.929:7706): item=0 name="/usr/bin/snap" inode=1582118 dev=08:02 mode=0100755 ouid=0 ogid=0 rdev=00:00 nametype=NORMAL cap_fp=0 cap_fi=0 cap_fe=0 cap_fver=0 cap_frootid=0OUID="root" OGID="root"
type=PATH msg=audit(1769265025.929:7706): item=1 name="/lib64/ld-linux-x86-64.so.2" inode=1575340 dev=08:02 mode=0100755 ouid=0 ogid=0 rdev=00:00 nametype=NORMAL cap_fp=0 cap_fi=0 cap_fe=0 cap_fver=0 cap_frootid=0OUID="root" OGID="root"
type=PROCTITLE msg=audit(1769265025.929:7706): proctitle=2F7573722F62696E2F736E6170006164766973652D736E6170002D2D666F726D61743D6A736F6E002D2D636F6D6D616E64004C53
type=SYSCALL msg=audit(1769265027.414:7707): arch=c000003e syscall=59 success=yes exit=0 a0=5e8e8c164d40 a1=5e8e8c158510 a2=5e8e8c1087a0 a3=5e8e8c158510 items=2 ppid=12393 pid=12431 auid=1000 uid=0 gid=0 euid=0 suid=0 fsuid=0 egid=0 sgid=0 fsgid=0 tty=pts3 ses=3 comm="ls" exe="/usr/bin/ls" subj=unconfined key="process_exec"ARCH=x86_64 SYSCALL=execve AUID="heroic" UID="root" GID="root" EUID="root" SUID="root" FSUID="root" EGID="root" SGID="root" FSGID="root"
type=EXECVE msg=audit(1769265027.414:7707): argc=2 a0="ls" a1="--color=auto"
type=CWD msg=audit(1769265027.414:7707): cwd="/root/Desktop"
type=PATH msg=audit(1769265027.414:7707): item=0 name="/usr/bin/ls" inode=1578104 dev=08:02 mode=0100755 ouid=0 ogid=0 rdev=00:00 nametype=NORMAL cap_fp=0 cap_fi=0 cap_fe=0 cap_fver=0 cap_frootid=0OUID="root" OGID="root"
type=PATH msg=audit(1769265027.414:7707): item=1 name="/lib64/ld-linux-x86-64.so.2" inode=1575340 dev=08:02 mode=0100755 ouid=0 ogid=0 rdev=00:00 nametype=NORMAL cap_fp=0 cap_fi=0 cap_fe=0 cap_fver=0 cap_frootid=0OUID="root" OGID="root"
type=PROCTITLE msg=audit(1769265027.414:7707): proctitle=6C73002D2D636F6C6F723D6175746F
type=SYSCALL msg=audit(1769265184.090:7708): arch=c000003e syscall=59 success=yes exit=0 a0=5e8e8c1638d0 a1=5e8e8c10f290 a2=5e8e8c1087a0 a3=5e8e8c115b70 items=2 ppid=12393 pid=12443 auid=1000 uid=0 gid=0 euid=0 suid=0 fsuid=0 egid=0 sgid=0 fsgid=0 tty=pts3 ses=3 comm="rm" exe="/usr/bin/rm" subj=unconfined key="process_exec"ARCH=x86_64 SYSCALL=execve AUID="heroic" UID="root" GID="root" EUID="root" SUID="root" FSUID="root" EGID="root" SGID="root" FSGID="root"
type=EXECVE msg=audit(1769265184.090:7708): argc=6 a0="rm" a1="features" a2="meta" a3="parsed" a4="raw" a5="windows"
type=CWD msg=audit(1769265184.090:7708): cwd="/root/Desktop"
type=PATH msg=audit(1769265184.090:7708): item=0 name="/usr/bin/rm" inode=1578127 dev=08:02 mode=0100755 ouid=0 ogid=0 rdev=00:00 nametype=NORMAL cap_fp=0 cap_fi=0 cap_fe=0 cap_fver=0 cap_frootid=0OUID="root" OGID="root"
type=PATH msg=audit(1769265184.090:7708): item=1 name="/lib64/ld-linux-x86-64.so.2" inode=1575340 dev=08:02 mode=0100755 ouid=0 ogid=0 rdev=00:00 nametype=NORMAL cap_fp=0 cap_fi=0 cap_fe=0 cap_fver=0 cap_frootid=0OUID="root" OGID="root"
type=PROCTITLE msg=audit(1769265184.090:7708): proctitle=726D006665617475726573006D65746100706172736564007261770077696E646F7773
type=SYSCALL msg=audit(1769265197.233:7709): arch=c000003e syscall=59 success=yes exit=0 a0=5e8e8c164d60 a1=5e8e8c13c770 a2=5e8e8c1087a0 a3=5e8e8c13c770 items=2 ppid=12393 pid=12444 auid=1000 uid=0 gid=0 euid=0 suid=0 fsuid=0 egid=0 sgid=0 fsgid=0 tty=pts3 ses=3 comm="rm" exe="/usr/bin/rm" subj=unconfined key="process_exec"ARCH=x86_64 SYSCALL=execve AUID="heroic" UID="root" GID="root" EUID="root" SUID="root" FSUID="root" EGID="root" SGID="root" FSGID="root"
type=EXECVE msg=audit(1769265197.233:7709): argc=2 a0="rm" a1="features"
type=CWD msg=audit(1769265197.233:7709): cwd="/root/Desktop"
type=PATH msg=audit(1769265197.233:7709): item=0 name="/usr/bin/rm" inode=1578127 dev=08:02 mode=0100755 ouid=0 ogid=0 rdev=00:00 nametype=NORMAL cap_fp=0 cap_fi=0 cap_fe=0 cap_fver=0 cap_frootid=0OUID="root" OGID="root"
type=PATH msg=audit(1769265197.233:7709): item=1 name="/lib64/ld-linux-x86-64.so.2" inode=1575340 dev=08:02 mode=0100755 ouid=0 ogid=0 rdev=00:00 nametype=NORMAL cap_fp=0 cap_fi=0 cap_fe=0 cap_fver=0 cap_frootid=0OUID="root" OGID="root"
type=PROCTITLE msg=audit(1769265197.233:7709): proctitle=726D006665617475726573
type=SYSCALL msg=audit(1769265224.895:7710): arch=c000003e syscall=59 success=yes exit=0 a0=5e8e8c137750 a1=5e8e8c162510 a2=5e8e8c1087a0 a3=5e8e8c133fd0 items=2 ppid=12393 pid=12450 auid=1000 uid=0 gid=0 euid=0 suid=0 fsuid=0 egid=0 sgid=0 fsgid=0 tty=pts3 ses=3 comm="sudo" exe="/usr/bin/sudo" subj=unconfined key="process_exec"ARCH=x86_64 SYSCALL=execve AUID="heroic" UID="root" GID="root" EUID="root" SUID="root" FSUID="root" EGID="root" SGID="root" FSGID="root"
type=EXECVE msg=audit(1769265224.895:7710): argc=4 a0="sudo" a1="rm" a2="-rf" a3="Desktop/"
type=CWD msg=audit(1769265224.895:7710): cwd="/root"
type=PATH msg=audit(1769265224.895:7710): item=0 name="/usr/bin/sudo" inode=1574274 dev=08:02 mode=0104755 ouid=0 ogid=0 rdev=00:00 nametype=NORMAL cap_fp=0 cap_fi=0 cap_fe=0 cap_fver=0 cap_frootid=0OUID="root" OGID="root"
type=PATH msg=audit(1769265224.895:7710): item=1 name="/lib64/ld-linux-x86-64.so.2" inode=1575340 dev=08:02 mode=0100755 ouid=0 ogid=0 rdev=00:00 nametype=NORMAL cap_fp=0 cap_fi=0 cap_fe=0 cap_fver=0 cap_frootid=0OUID="root" OGID="root"
type=PROCTITLE msg=audit(1769265224.895:7710): proctitle=7375646F00726D002D7266004465736B746F702F
type=USER_ACCT msg=audit(1769265224.919:7711): pid=12450 uid=0 auid=1000 ses=3 subj=unconfined msg='op=PAM:accounting grantors=pam_permit,pam_localuser acct="root" exe="/usr/bin/sudo" hostname=? addr=? terminal=/dev/pts/3 res=success'UID="root" AUID="heroic"
type=USER_CMD msg=audit(1769265224.959:7712): pid=12450 uid=0 auid=1000 ses=3 subj=unconfined msg='cwd="/root" cmd=726D202D7266204465736B746F702F exe="/usr/bin/sudo" terminal=pts/3 res=success'UID="root" AUID="heroic"
type=CRED_REFR msg=audit(1769265225.001:7713): pid=12450 uid=0 auid=1000 ses=3 subj=unconfined msg='op=PAM:setcred grantors=pam_permit,pam_cap acct="root" exe="/usr/bin/sudo" hostname=? addr=? terminal=/dev/pts/3 res=success'UID="root" AUID="heroic"
type=USER_START msg=audit(1769265225.005:7714): pid=12450 uid=0 auid=1000 ses=3 subj=unconfined msg='op=PAM:session_open grantors=pam_limits,pam_env,pam_env,pam_permit,pam_umask,pam_unix acct="root" exe="/usr/bin/sudo" hostname=? addr=? terminal=/dev/pts/3 res=success'UID="root" AUID="heroic"
type=SYSCALL msg=audit(1769265225.032:7715): arch=c000003e syscall=59 success=yes exit=0 a0=614bab492b68 a1=614bab4a2ae0 a2=614bab5365f0 a3=64 items=2 ppid=12451 pid=12452 auid=1000 uid=0 gid=0 euid=0 suid=0 fsuid=0 egid=0 sgid=0 fsgid=0 tty=pts4 ses=3 comm="rm" exe="/usr/bin/rm" subj=unconfined key="process_exec"ARCH=x86_64 SYSCALL=execve AUID="heroic" UID="root" GID="root" EUID="root" SUID="root" FSUID="root" EGID="root" SGID="root" FSGID="root"
type=EXECVE msg=audit(1769265225.032:7715): argc=3 a0="rm" a1="-rf" a2="Desktop/"
type=CWD msg=audit(1769265225.032:7715): cwd="/root"
type=PATH msg=audit(1769265225.032:7715): item=0 name="/usr/bin/rm" inode=1578127 dev=08:02 mode=0100755 ouid=0 ogid=0 rdev=00:00 nametype=NORMAL cap_fp=0 cap_fi=0 cap_fe=0 cap_fver=0 cap_frootid=0OUID="root" OGID="root"
type=PATH msg=audit(1769265225.032:7715): item=1 name="/lib64/ld-linux-x86-64.so.2" inode=1575340 dev=08:02 mode=0100755 ouid=0 ogid=0 rdev=00:00 nametype=NORMAL cap_fp=0 cap_fi=0 cap_fe=0 cap_fver=0 cap_frootid=0OUID="root" OGID="root"
type=PROCTITLE msg=audit(1769265225.032:7715): proctitle=726D002D7266004465736B746F702F
type=USER_END msg=audit(1769265225.050:7716): pid=12450 uid=0 auid=1000 ses=3 subj=unconfined msg='op=PAM:session_close grantors=pam_limits,pam_env,pam_env,pam_permit,pam_umask,pam_unix acct="root" exe="/usr/bin/sudo" hostname=? addr=? terminal=/dev/pts/3 res=success'UID="root" AUID="heroic"
type=CRED_DISP msg=audit(1769265225.050:7717): pid=12450 uid=0 auid=1000 ses=3 subj=unconfined msg='op=PAM:setcred grantors=pam_permit acct="root" exe="/usr/bin/sudo" hostname=? addr=? terminal=/dev/pts/3 res=success'UID="root" AUID="heroic"
type=SYSCALL msg=audit(1769265231.678:7718): arch=c000003e syscall=59 success=yes exit=0 a0=5e8e8c161fc0 a1=5e8e8c164ce0 a2=5e8e8c1087a0 a3=5e8e8c164ce0 items=2 ppid=12393 pid=12453 auid=1000 uid=0 gid=0 euid=0 suid=0 fsuid=0 egid=0 sgid=0 fsgid=0 tty=pts3 ses=3 comm="ls" exe="/usr/bin/ls" subj=unconfined key="process_exec"ARCH=x86_64 SYSCALL=execve AUID="heroic" UID="root" GID="root" EUID="root" SUID="root" FSUID="root" EGID="root" SGID="root" FSGID="root"
type=EXECVE msg=audit(1769265231.678:7718): argc=2 a0="ls" a1="--color=auto"
type=CWD msg=audit(1769265231.678:7718): cwd="/root"
type=PATH msg=audit(1769265231.678:7718): item=0 name="/usr/bin/ls" inode=1578104 dev=08:02 mode=0100755 ouid=0 ogid=0 rdev=00:00 nametype=NORMAL cap_fp=0 cap_fi=0 cap_fe=0 cap_fver=0 cap_frootid=0OUID="root" OGID="root"
type=PATH msg=audit(1769265231.678:7718): item=1 name="/lib64/ld-linux-x86-64.so.2" inode=1575340 dev=08:02 mode=0100755 ouid=0 ogid=0 rdev=00:00 nametype=NORMAL cap_fp=0 cap_fi=0 cap_fe=0 cap_fver=0 cap_frootid=0OUID="root" OGID="root"
type=PROCTITLE msg=audit(1769265231.678:7718): proctitle=6C73002D2D636F6C6F723D6175746F
type=SYSCALL msg=audit(1769265246.179:7719): arch=c000003e syscall=59 success=yes exit=0 a0=5e8e8c134320 a1=5e8e8c13c730 a2=5e8e8c1087a0 a3=5e8e8c13c730 items=2 ppid=12393 pid=12457 auid=1000 uid=0 gid=0 euid=0 suid=0 fsuid=0 egid=0 sgid=0 fsgid=0 tty=pts3 ses=3 comm="ls" exe="/usr/bin/ls" subj=unconfined key="process_exec"ARCH=x86_64 SYSCALL=execve AUID="heroic" UID="root" GID="root" EUID="root" SUID="root" FSUID="root" EGID="root" SGID="root" FSGID="root"
type=EXECVE msg=audit(1769265246.179:7719): argc=2 a0="ls" a1="--color=auto"
type=CWD msg=audit(1769265246.179:7719): cwd="/root"
type=PATH msg=audit(1769265246.179:7719): item=0 name="/usr/bin/ls" inode=1578104 dev=08:02 mode=0100755 ouid=0 ogid=0 rdev=00:00 nametype=NORMAL cap_fp=0 cap_fi=0 cap_fe=0 cap_fver=0 cap_frootid=0OUID="root" OGID="root"
type=PATH msg=audit(1769265246.179:7719): item=1 name="/lib64/ld-linux-x86-64.so.2" inode=1575340 dev=08:02 mode=0100755 ouid=0 ogid=0 rdev=00:00 nametype=NORMAL cap_fp=0 cap_fi=0 cap_fe=0 cap_fver=0 cap_frootid=0OUID="root" OGID="root"
type=PROCTITLE msg=audit(1769265246.179:7719): proctitle=6C73002D2D636F6C6F723D6175746F
type=USER_END msg=audit(1769265264.081:7720): pid=12392 uid=0 auid=1000 ses=3 subj=unconfined msg='op=PAM:session_close grantors=pam_env,pam_env,pam_mail,pam_limits,pam_permit,pam_umask,pam_unix,pam_systemd acct="root" exe="/usr/bin/su" hostname=? addr=? terminal=/dev/pts/3 res=success'UID="root" AUID="heroic"
type=CRED_DISP msg=audit(1769265264.081:7721): pid=12392 uid=0 auid=1000 ses=3 subj=unconfined msg='op=PAM:setcred grantors=pam_rootok acct="root" exe="/usr/bin/su" hostname=? addr=? terminal=/dev/pts/3 res=success'UID="root" AUID="heroic"
type=USER_END msg=audit(1769265264.091:7722): pid=12390 uid=1000 auid=1000 ses=3 subj=unconfined msg='op=PAM:session_close grantors=pam_limits,pam_env,pam_env,pam_permit,pam_umask,pam_unix acct="root" exe="/usr/bin/sudo" hostname=? addr=? terminal=/dev/pts/2 res=success'UID="heroic" AUID="heroic"
type=CRED_DISP msg=audit(1769265264.091:7723): pid=12390 uid=1000 auid=1000 ses=3 subj=unconfined msg='op=PAM:setcred grantors=pam_permit acct="root" exe="/usr/bin/sudo" hostname=? addr=? terminal=/dev/pts/2 res=success'UID="heroic" AUID="heroic"
type=SYSCALL msg=audit(1769265272.841:7724): arch=c000003e syscall=59 success=yes exit=0 a0=74c22bfcb42f a1=74c22adecca0 a2=7fff226f4908 a3=8 items=2 ppid=4679 pid=12458 auid=4294967295 uid=0 gid=124 euid=0 suid=0 fsuid=0 egid=124 sgid=124 fsgid=124 tty=(none) ses=4294967295 comm="sh" exe="/usr/bin/dash" subj=unconfined key="process_exec"ARCH=x86_64 SYSCALL=execve AUID="unset" UID="root" GID="wazuh" EUID="root" SUID="root" FSUID="root" EGID="wazuh" SGID="wazuh" FSGID="wazuh"
type=EXECVE msg=audit(1769265272.841:7724): argc=4 a0="sh" a1="-c" a2="--" a3=6466202D50
type=CWD msg=audit(1769265272.841:7724): cwd="/var/ossec"
type=PATH msg=audit(1769265272.841:7724): item=0 name="/bin/sh" inode=1573518 dev=08:02 mode=0100755 ouid=0 ogid=0 rdev=00:00 nametype=NORMAL cap_fp=0 cap_fi=0 cap_fe=0 cap_fver=0 cap_frootid=0OUID="root" OGID="root"
type=PATH msg=audit(1769265272.841:7724): item=1 name="/lib64/ld-linux-x86-64.so.2" inode=1575340 dev=08:02 mode=0100755 ouid=0 ogid=0 rdev=00:00 nametype=NORMAL cap_fp=0 cap_fi=0 cap_fe=0 cap_fver=0 cap_frootid=0OUID="root" OGID="root"
type=PROCTITLE msg=audit(1769265272.841:7724): proctitle=7368002D63002D2D006466202D50
type=SYSCALL msg=audit(1769265272.846:7725): arch=c000003e syscall=59 success=yes exit=0 a0=59360c99c5c8 a1=59360c99c558 a2=59360c99c570 a3=8 items=2 ppid=12458 pid=12459 auid=4294967295 uid=0 gid=124 euid=0 suid=0 fsuid=0 egid=124 sgid=124 fsgid=124 tty=(none) ses=4294967295 comm="df" exe="/usr/bin/df" subj=unconfined key="process_exec"ARCH=x86_64 SYSCALL=execve AUID="unset" UID="root" GID="wazuh" EUID="root" SUID="root" FSUID="root" EGID="wazuh" SGID="wazuh" FSGID="wazuh"
type=EXECVE msg=audit(1769265272.846:7725): argc=2 a0="df" a1="-P"
type=CWD msg=audit(1769265272.846:7725): cwd="/var/ossec"
type=PATH msg=audit(1769265272.846:7725): item=0 name="/usr/bin/df" inode=1578065 dev=08:02 mode=0100755 ouid=0 ogid=0 rdev=00:00 nametype=NORMAL cap_fp=0 cap_fi=0 cap_fe=0 cap_fver=0 cap_frootid=0OUID="root" OGID="root"
type=PATH msg=audit(1769265272.846:7725): item=1 name="/lib64/ld-linux-x86-64.so.2" inode=1575340 dev=08:02 mode=0100755 ouid=0 ogid=0 rdev=00:00 nametype=NORMAL cap_fp=0 cap_fi=0 cap_fe=0 cap_fver=0 cap_frootid=0OUID="root" OGID="root"
type=PROCTITLE msg=audit(1769265272.846:7725): proctitle=6466002D50
type=SYSCALL msg=audit(1769265272.854:7726): arch=c000003e syscall=59 success=yes exit=0 a0=74c22bfcb42f a1=74c22addcca0 a2=7fff226f4908 a3=8 items=2 ppid=4679 pid=12460 auid=4294967295 uid=0 gid=124 euid=0 suid=0 fsuid=0 egid=124 sgid=124 fsgid=124 tty=(none) ses=4294967295 comm="sh" exe="/usr/bin/dash" subj=unconfined key="process_exec"ARCH=x86_64 SYSCALL=execve AUID="unset" UID="root" GID="wazuh" EUID="root" SUID="root" FSUID="root" EGID="wazuh" SGID="wazuh" FSGID="wazuh"
type=EXECVE msg=audit(1769265272.854:7726): argc=4 a0="sh" a1="-c" a2="--" a3=6E657473746174202D74756C706E207C207365642027732F5C285B5B3A616C6E756D3A5D5D5C2B5C295C205C2B5B5B3A64696769743A5D5D5C2B5C205C2B5B5B3A64696769743A5D5D5C2B5C205C2B5C282E2A5C293A5C285B5B3A64696769743A5D5D2A5C295C205C2B5C285B302D395C2E5C3A5C2A5D5C2B5C292E5C2B5C205C285B5B3A64696769743A5D5D2A5C2F5B5B3A616C6E756D3A5D5C2D5D2A5C292E2A2F5C31205C32203D3D205C33203D3D205C34205C352F27207C20736F7274202D6B2034202D67207C207365642027732F203D3D205C282E2A5C29203D3D2F3A5C312F27207C2073656420312C3264
type=CWD msg=audit(1769265272.854:7726): cwd="/var/ossec"
type=PATH msg=audit(1769265272.854:7726): item=0 name="/bin/sh" inode=1573518 dev=08:02 mode=0100755 ouid=0 ogid=0 rdev=00:00 nametype=NORMAL cap_fp=0 cap_fi=0 cap_fe=0 cap_fver=0 cap_frootid=0OUID="root" OGID="root"
type=PATH msg=audit(1769265272.854:7726): item=1 name="/lib64/ld-linux-x86-64.so.2" inode=1575340 dev=08:02 mode=0100755 ouid=0 ogid=0 rdev=00:00 nametype=NORMAL cap_fp=0 cap_fi=0 cap_fe=0 cap_fver=0 cap_frootid=0OUID="root" OGID="root"
type=PROCTITLE msg=audit(1769265272.854:7726): proctitle=7368002D63002D2D006E657473746174202D74756C706E207C207365642027732F5C285B5B3A616C6E756D3A5D5D5C2B5C295C205C2B5B5B3A64696769743A5D5D5C2B5C205C2B5B5B3A64696769743A5D5D5C2B5C205C2B5C282E2A5C293A5C285B5B3A64696769743A5D5D2A5C295C205C2B5C285B302D395C2E5C3A5C2A5D
type=SYSCALL msg=audit(1769265272.858:7727): arch=c000003e syscall=59 success=yes exit=0 a0=55a9ef11cad8 a1=55a9ef11c8e0 a2=55a9ef11c8f8 a3=1 items=2 ppid=12460 pid=12461 auid=4294967295 uid=0 gid=124 euid=0 suid=0 fsuid=0 egid=124 sgid=124 fsgid=124 tty=(none) ses=4294967295 comm="netstat" exe="/usr/bin/netstat" subj=unconfined key="process_exec"ARCH=x86_64 SYSCALL=execve AUID="unset" UID="root" GID="wazuh" EUID="root" SUID="root" FSUID="root" EGID="wazuh" SGID="wazuh" FSGID="wazuh"
type=EXECVE msg=audit(1769265272.858:7727): argc=2 a0="netstat" a1="-tulpn"
type=CWD msg=audit(1769265272.858:7727): cwd="/var/ossec"
type=PATH msg=audit(1769265272.858:7727): item=0 name="/usr/bin/netstat" inode=1576702 dev=08:02 mode=0100755 ouid=0 ogid=0 rdev=00:00 nametype=NORMAL cap_fp=0 cap_fi=0 cap_fe=0 cap_fver=0 cap_frootid=0OUID="root" OGID="root"
type=PATH msg=audit(1769265272.858:7727): item=1 name="/lib64/ld-linux-x86-64.so.2" inode=1575340 dev=08:02 mode=0100755 ouid=0 ogid=0 rdev=00:00 nametype=NORMAL cap_fp=0 cap_fi=0 cap_fe=0 cap_fver=0 cap_frootid=0OUID="root" OGID="root"
type=PROCTITLE msg=audit(1769265272.858:7727): proctitle=6E657473746174002D74756C706E
type=SYSCALL msg=audit(1769265272.858:7728): arch=c000003e syscall=59 success=yes exit=0 a0=55a9ef11cc70 a1=55a9ef11cc00 a2=55a9ef11cc18 a3=1 items=2 ppid=12460 pid=12462 auid=4294967295 uid=0 gid=124 euid=0 suid=0 fsuid=0 egid=124 sgid=124 fsgid=124 tty=(none) ses=4294967295 comm="sed" exe="/usr/bin/sed" subj=unconfined key="process_exec"ARCH=x86_64 SYSCALL=execve AUID="unset" UID="root" GID="wazuh" EUID="root" SUID="root" FSUID="root" EGID="wazuh" SGID="wazuh" FSGID="wazuh"
type=EXECVE msg=audit(1769265272.858:7728): argc=2 a0="sed" a1=732F5C285B5B3A616C6E756D3A5D5D5C2B5C295C205C2B5B5B3A64696769743A5D5D5C2B5C205C2B5B5B3A64696769743A5D5D5C2B5C205C2B5C282E2A5C293A5C285B5B3A64696769743A5D5D2A5C295C205C2B5C285B302D395C2E5C3A5C2A5D5C2B5C292E5C2B5C205C285B5B3A64696769743A5D5D2A5C2F5B5B3A616C6E756D3A5D5C2D5D2A5C292E2A2F5C31205C32203D3D205C33203D3D205C34205C352F
type=CWD msg=audit(1769265272.858:7728): cwd="/var/ossec"
type=PATH msg=audit(1769265272.858:7728): item=0 name="/usr/bin/sed" inode=1574197 dev=08:02 mode=0100755 ouid=0 ogid=0 rdev=00:00 nametype=NORMAL cap_fp=0 cap_fi=0 cap_fe=0 cap_fver=0 cap_frootid=0OUID="root" OGID="root"
type=PATH msg=audit(1769265272.858:7728): item=1 name="/lib64/ld-linux-x86-64.so.2" inode=1575340 dev=08:02 mode=0100755 ouid=0 ogid=0 rdev=00:00 nametype=NORMAL cap_fp=0 cap_fi=0 cap_fe=0 cap_fver=0 cap_frootid=0OUID="root" OGID="root"
type=PROCTITLE msg=audit(1769265272.858:7728): proctitle=73656400732F5C285B5B3A616C6E756D3A5D5D5C2B5C295C205C2B5B5B3A64696769743A5D5D5C2B5C205C2B5B5B3A64696769743A5D5D5C2B5C205C2B5C282E2A5C293A5C285B5B3A64696769743A5D5D2A5C295C205C2B5C285B302D395C2E5C3A5C2A5D5C2B5C292E5C2B5C205C285B5B3A64696769743A5D5D2A5C2F5B5B
type=SYSCALL msg=audit(1769265272.858:7729): arch=c000003e syscall=59 success=yes exit=0 a0=55a9ef11cbc0 a1=55a9ef11c900 a2=55a9ef11cb68 a3=1 items=2 ppid=12460 pid=12464 auid=4294967295 uid=0 gid=124 euid=0 suid=0 fsuid=0 egid=124 sgid=124 fsgid=124 tty=(none) ses=4294967295 comm="sed" exe="/usr/bin/sed" subj=unconfined key="process_exec"ARCH=x86_64 SYSCALL=execve AUID="unset" UID="root" GID="wazuh" EUID="root" SUID="root" FSUID="root" EGID="wazuh" SGID="wazuh" FSGID="wazuh"
type=EXECVE msg=audit(1769265272.858:7729): argc=2 a0="sed" a1=732F203D3D205C282E2A5C29203D3D2F3A5C312F
type=CWD msg=audit(1769265272.858:7729): cwd="/var/ossec"
type=PATH msg=audit(1769265272.858:7729): item=0 name="/usr/bin/sed" inode=1574197 dev=08:02 mode=0100755 ouid=0 ogid=0 rdev=00:00 nametype=NORMAL cap_fp=0 cap_fi=0 cap_fe=0 cap_fver=0 cap_frootid=0OUID="root" OGID="root"
type=PATH msg=audit(1769265272.858:7729): item=1 name="/lib64/ld-linux-x86-64.so.2" inode=1575340 dev=08:02 mode=0100755 ouid=0 ogid=0 rdev=00:00 nametype=NORMAL cap_fp=0 cap_fi=0 cap_fe=0 cap_fver=0 cap_frootid=0OUID="root" OGID="root"
type=PROCTITLE msg=audit(1769265272.858:7729): proctitle=73656400732F203D3D205C282E2A5C29203D3D2F3A5C312F
type=SYSCALL msg=audit(1769265272.858:7730): arch=c000003e syscall=59 success=yes exit=0 a0=55a9ef11cb38 a1=55a9ef11c8e0 a2=55a9ef11c8f8 a3=1 items=2 ppid=12460 pid=12465 auid=4294967295 uid=0 gid=124 euid=0 suid=0 fsuid=0 egid=124 sgid=124 fsgid=124 tty=(none) ses=4294967295 comm="sed" exe="/usr/bin/sed" subj=unconfined key="process_exec"ARCH=x86_64 SYSCALL=execve AUID="unset" UID="root" GID="wazuh" EUID="root" SUID="root" FSUID="root" EGID="wazuh" SGID="wazuh" FSGID="wazuh"
type=EXECVE msg=audit(1769265272.858:7730): argc=2 a0="sed" a1="1,2d"
type=CWD msg=audit(1769265272.858:7730): cwd="/var/ossec"
type=PATH msg=audit(1769265272.858:7730): item=0 name="/usr/bin/sed" inode=1574197 dev=08:02 mode=0100755 ouid=0 ogid=0 rdev=00:00 nametype=NORMAL cap_fp=0 cap_fi=0 cap_fe=0 cap_fver=0 cap_frootid=0OUID="root" OGID="root"
type=PATH msg=audit(1769265272.858:7730): item=1 name="/lib64/ld-linux-x86-64.so.2" inode=1575340 dev=08:02 mode=0100755 ouid=0 ogid=0 rdev=00:00 nametype=NORMAL cap_fp=0 cap_fi=0 cap_fe=0 cap_fver=0 cap_frootid=0OUID="root" OGID="root"
type=PROCTITLE msg=audit(1769265272.858:7730): proctitle=73656400312C3264
type=SYSCALL msg=audit(1769265272.864:7731): arch=c000003e syscall=59 success=yes exit=0 a0=55a9ef11cb90 a1=55a9ef11c910 a2=55a9ef11cb38 a3=1 items=2 ppid=12460 pid=12463 auid=4294967295 uid=0 gid=124 euid=0 suid=0 fsuid=0 egid=124 sgid=124 fsgid=124 tty=(none) ses=4294967295 comm="sort" exe="/usr/bin/sort" subj=unconfined key="process_exec"ARCH=x86_64 SYSCALL=execve AUID="unset" UID="root" GID="wazuh" EUID="root" SUID="root" FSUID="root" EGID="wazuh" SGID="wazuh" FSGID="wazuh"
type=EXECVE msg=audit(1769265272.864:7731): argc=4 a0="sort" a1="-k" a2="4" a3="-g"
type=CWD msg=audit(1769265272.864:7731): cwd="/var/ossec"
type=PATH msg=audit(1769265272.864:7731): item=0 name="/usr/bin/sort" inode=1578139 dev=08:02 mode=0100755 ouid=0 ogid=0 rdev=00:00 nametype=NORMAL cap_fp=0 cap_fi=0 cap_fe=0 cap_fver=0 cap_frootid=0OUID="root" OGID="root"
type=PATH msg=audit(1769265272.864:7731): item=1 name="/lib64/ld-linux-x86-64.so.2" inode=1575340 dev=08:02 mode=0100755 ouid=0 ogid=0 rdev=00:00 nametype=NORMAL cap_fp=0 cap_fi=0 cap_fe=0 cap_fver=0 cap_frootid=0OUID="root" OGID="root"
type=PROCTITLE msg=audit(1769265272.864:7731): proctitle=736F7274002D6B0034002D67
type=SYSCALL msg=audit(1769265272.913:7732): arch=c000003e syscall=59 success=yes exit=0 a0=74c22bfcb42f a1=74c22addcca0 a2=7fff226f4908 a3=8 items=2 ppid=4679 pid=12466 auid=4294967295 uid=0 gid=124 euid=0 suid=0 fsuid=0 egid=124 sgid=124 fsgid=124 tty=(none) ses=4294967295 comm="sh" exe="/usr/bin/dash" subj=unconfined key="process_exec"ARCH=x86_64 SYSCALL=execve AUID="unset" UID="root" GID="wazuh" EUID="root" SUID="root" FSUID="root" EGID="wazuh" SGID="wazuh" FSGID="wazuh"
type=EXECVE msg=audit(1769265272.913:7732): argc=4 a0="sh" a1="-c" a2="--" a3=6C617374202D6E203230
type=CWD msg=audit(1769265272.913:7732): cwd="/var/ossec"
type=PATH msg=audit(1769265272.913:7732): item=0 name="/bin/sh" inode=1573518 dev=08:02 mode=0100755 ouid=0 ogid=0 rdev=00:00 nametype=NORMAL cap_fp=0 cap_fi=0 cap_fe=0 cap_fver=0 cap_frootid=0OUID="root" OGID="root"
type=PATH msg=audit(1769265272.913:7732): item=1 name="/lib64/ld-linux-x86-64.so.2" inode=1575340 dev=08:02 mode=0100755 ouid=0 ogid=0 rdev=00:00 nametype=NORMAL cap_fp=0 cap_fi=0 cap_fe=0 cap_fver=0 cap_frootid=0OUID="root" OGID="root"
type=PROCTITLE msg=audit(1769265272.913:7732): proctitle=7368002D63002D2D006C617374202D6E203230
type=SYSCALL msg=audit(1769265272.917:7733): arch=c000003e syscall=59 success=yes exit=0 a0=60255aceb618 a1=60255aceb5a0 a2=60255aceb5c0 a3=8 items=2 ppid=12466 pid=12467 auid=4294967295 uid=0 gid=124 euid=0 suid=0 fsuid=0 egid=124 sgid=124 fsgid=124 tty=(none) ses=4294967295 comm="last" exe="/usr/bin/last" subj=unconfined key="process_exec"ARCH=x86_64 SYSCALL=execve AUID="unset" UID="root" GID="wazuh" EUID="root" SUID="root" FSUID="root" EGID="wazuh" SGID="wazuh" FSGID="wazuh"
type=EXECVE msg=audit(1769265272.917:7733): argc=3 a0="last" a1="-n" a2="20"
type=CWD msg=audit(1769265272.917:7733): cwd="/var/ossec"
type=PATH msg=audit(1769265272.917:7733): item=0 name="/usr/bin/last" inode=1578261 dev=08:02 mode=0100755 ouid=0 ogid=0 rdev=00:00 nametype=NORMAL cap_fp=0 cap_fi=0 cap_fe=0 cap_fver=0 cap_frootid=0OUID="root" OGID="root"
type=PATH msg=audit(1769265272.917:7733): item=1 name="/lib64/ld-linux-x86-64.so.2" inode=1575340 dev=08:02 mode=0100755 ouid=0 ogid=0 rdev=00:00 nametype=NORMAL cap_fp=0 cap_fi=0 cap_fe=0 cap_fver=0 cap_frootid=0OUID="root" OGID="root"
type=PROCTITLE msg=audit(1769265272.917:7733): proctitle=6C617374002D6E003230
type=SYSCALL msg=audit(1769265293.879:7734): arch=c000003e syscall=59 success=yes exit=0 a0=559a529497d0 a1=559a52935170 a2=559a529535d0 a3=559a52935170 items=2 ppid=11496 pid=12473 auid=1000 uid=1000 gid=1000 euid=1000 suid=1000 fsuid=1000 egid=1000 sgid=1000 fsgid=1000 tty=pts2 ses=3 comm="ls" exe="/usr/bin/ls" subj=unconfined key="process_exec"ARCH=x86_64 SYSCALL=execve AUID="heroic" UID="heroic" GID="heroic" EUID="heroic" SUID="heroic" FSUID="heroic" EGID="heroic" SGID="heroic" FSGID="heroic"
type=EXECVE msg=audit(1769265293.879:7734): argc=2 a0="ls" a1="--color=auto"
type=CWD msg=audit(1769265293.879:7734): cwd="/"
type=PATH msg=audit(1769265293.879:7734): item=0 name="/usr/bin/ls" inode=1578104 dev=08:02 mode=0100755 ouid=0 ogid=0 rdev=00:00 nametype=NORMAL cap_fp=0 cap_fi=0 cap_fe=0 cap_fver=0 cap_frootid=0OUID="root" OGID="root"
type=PATH msg=audit(1769265293.879:7734): item=1 name="/lib64/ld-linux-x86-64.so.2" inode=1575340 dev=08:02 mode=0100755 ouid=0 ogid=0 rdev=00:00 nametype=NORMAL cap_fp=0 cap_fi=0 cap_fe=0 cap_fver=0 cap_frootid=0OUID="root" OGID="root"
type=PROCTITLE msg=audit(1769265293.879:7734): proctitle=6C73002D2D636F6C6F723D6175746F
type=USER_ACCT msg=audit(1769265301.506:7735): pid=12475 uid=0 auid=4294967295 ses=4294967295 subj=unconfined msg='op=PAM:accounting grantors=pam_permit,pam_localuser acct="root" exe="/usr/sbin/cron" hostname=? addr=? terminal=cron res=success'UID="root" AUID="unset"
type=CRED_ACQ msg=audit(1769265301.507:7736): pid=12475 uid=0 auid=4294967295 ses=4294967295 subj=unconfined msg='op=PAM:setcred grantors=pam_permit,pam_cap acct="root" exe="/usr/sbin/cron" hostname=? addr=? terminal=cron res=success'UID="root" AUID="unset"
type=LOGIN msg=audit(1769265301.507:7737): pid=12475 uid=0 subj=unconfined old-auid=4294967295 auid=0 tty=(none) old-ses=4294967295 ses=17 res=1UID="root" OLD-AUID="unset" AUID="root"
type=SYSCALL msg=audit(1769265301.507:7737): arch=c000003e syscall=1 success=yes exit=1 a0=7 a1=7ffdd8ad8af0 a2=1 a3=0 items=0 ppid=882 pid=12475 auid=0 uid=0 gid=0 euid=0 suid=0 fsuid=0 egid=0 sgid=0 fsgid=0 tty=(none) ses=17 comm="cron" exe="/usr/sbin/cron" subj=unconfined key=(null)ARCH=x86_64 SYSCALL=write AUID="root" UID="root" GID="root" EUID="root" SUID="root" FSUID="root" EGID="root" SGID="root" FSGID="root"
type=PROCTITLE msg=audit(1769265301.507:7737): proctitle=2F7573722F7362696E2F43524F4E002D66002D50
type=USER_START msg=audit(1769265301.508:7738): pid=12475 uid=0 auid=0 ses=17 subj=unconfined msg='op=PAM:session_open grantors=pam_loginuid,pam_env,pam_env,pam_permit,pam_umask,pam_unix,pam_limits acct="root" exe="/usr/sbin/cron" hostname=? addr=? terminal=cron res=success'UID="root" AUID="root"
type=CRED_REFR msg=audit(1769265301.510:7739): pid=12476 uid=0 auid=0 ses=17 subj=unconfined msg='op=PAM:setcred grantors=pam_permit,pam_cap acct="root" exe="/usr/sbin/cron" hostname=? addr=? terminal=cron res=success'UID="root" AUID="root"
type=SYSCALL msg=audit(1769265301.510:7740): arch=c000003e syscall=59 success=yes exit=0 a0=5f9c7f2958a6 a1=7ffdd8ad8ba0 a2=5f9c7f2958e0 a3=5f9c7f2958a6 items=2 ppid=12475 pid=12476 auid=0 uid=0 gid=0 euid=0 suid=0 fsuid=0 egid=0 sgid=0 fsgid=0 tty=(none) ses=17 comm="sh" exe="/usr/bin/dash" subj=unconfined key="process_exec"ARCH=x86_64 SYSCALL=execve AUID="root" UID="root" GID="root" EUID="root" SUID="root" FSUID="root" EGID="root" SGID="root" FSGID="root"
type=EXECVE msg=audit(1769265301.510:7740): argc=3 a0="/bin/sh" a1="-c" a2=636F6D6D616E64202D762064656269616E2D736131203E202F6465762F6E756C6C2026262064656269616E2D73613120312031
type=CWD msg=audit(1769265301.510:7740): cwd="/root"
type=PATH msg=audit(1769265301.510:7740): item=0 name="/bin/sh" inode=1573518 dev=08:02 mode=0100755 ouid=0 ogid=0 rdev=00:00 nametype=NORMAL cap_fp=0 cap_fi=0 cap_fe=0 cap_fver=0 cap_frootid=0OUID="root" OGID="root"
type=PATH msg=audit(1769265301.510:7740): item=1 name="/lib64/ld-linux-x86-64.so.2" inode=1575340 dev=08:02 mode=0100755 ouid=0 ogid=0 rdev=00:00 nametype=NORMAL cap_fp=0 cap_fi=0 cap_fe=0 cap_fver=0 cap_frootid=0OUID="root" OGID="root"
type=PROCTITLE msg=audit(1769265301.510:7740): proctitle=2F62696E2F7368002D6300636F6D6D616E64202D762064656269616E2D736131203E202F6465762F6E756C6C2026262064656269616E2D73613120312031
type=SYSCALL msg=audit(1769265301.518:7741): arch=c000003e syscall=59 success=yes exit=0 a0=60754c5bc538 a1=60754c5bc4e0 a2=60754c5bc500 a3=8 items=3 ppid=12476 pid=12477 auid=0 uid=0 gid=0 euid=0 suid=0 fsuid=0 egid=0 sgid=0 fsgid=0 tty=(none) ses=17 comm="debian-sa1" exe="/usr/bin/dash" subj=unconfined key="process_exec"ARCH=x86_64 SYSCALL=execve AUID="root" UID="root" GID="root" EUID="root" SUID="root" FSUID="root" EGID="root" SGID="root" FSGID="root"
type=EXECVE msg=audit(1769265301.518:7741): argc=4 a0="/bin/sh" a1="/usr/lib/sysstat/debian-sa1" a2="1" a3="1"
type=CWD msg=audit(1769265301.518:7741): cwd="/root"
type=PATH msg=audit(1769265301.518:7741): item=0 name="/usr/lib/sysstat/debian-sa1" inode=1582333 dev=08:02 mode=0100755 ouid=0 ogid=0 rdev=00:00 nametype=NORMAL cap_fp=0 cap_fi=0 cap_fe=0 cap_fver=0 cap_frootid=0OUID="root" OGID="root"
type=PATH msg=audit(1769265301.518:7741): item=1 name="/bin/sh" inode=1573518 dev=08:02 mode=0100755 ouid=0 ogid=0 rdev=00:00 nametype=NORMAL cap_fp=0 cap_fi=0 cap_fe=0 cap_fver=0 cap_frootid=0OUID="root" OGID="root"
type=PATH msg=audit(1769265301.518:7741): item=2 name="/lib64/ld-linux-x86-64.so.2" inode=1575340 dev=08:02 mode=0100755 ouid=0 ogid=0 rdev=00:00 nametype=NORMAL cap_fp=0 cap_fi=0 cap_fe=0 cap_fver=0 cap_frootid=0OUID="root" OGID="root"
type=PROCTITLE msg=audit(1769265301.518:7741): proctitle=2F62696E2F7368002F7573722F6C69622F737973737461742F64656269616E2D73613100310031
type=CRED_DISP msg=audit(1769265301.528:7742): pid=12475 uid=0 auid=0 ses=17 subj=unconfined msg='op=PAM:setcred grantors=pam_permit acct="root" exe="/usr/sbin/cron" hostname=? addr=? terminal=cron res=success'UID="root" AUID="root"
type=USER_END msg=audit(1769265301.528:7743): pid=12475 uid=0 auid=0 ses=17 subj=unconfined msg='op=PAM:session_close grantors=pam_loginuid,pam_env,pam_env,pam_permit,pam_umask,pam_unix,pam_limits acct="root" exe="/usr/sbin/cron" hostname=? addr=? terminal=cron res=success'UID="root" AUID="root"
type=SYSCALL msg=audit(1769265339.830:7744): arch=c000003e syscall=59 success=yes exit=0 a0=559a52930350 a1=559a529300d0 a2=559a529535d0 a3=559a529300d0 items=2 ppid=11496 pid=12479 auid=1000 uid=1000 gid=1000 euid=1000 suid=1000 fsuid=1000 egid=1000 sgid=1000 fsgid=1000 tty=pts2 ses=3 comm="ls" exe="/usr/bin/ls" subj=unconfined key="process_exec"ARCH=x86_64 SYSCALL=execve AUID="heroic" UID="heroic" GID="heroic" EUID="heroic" SUID="heroic" FSUID="heroic" EGID="heroic" SGID="heroic" FSGID="heroic"
type=EXECVE msg=audit(1769265339.830:7744): argc=2 a0="ls" a1="--color=auto"
type=CWD msg=audit(1769265339.830:7744): cwd="/home/heroic"
type=PATH msg=audit(1769265339.830:7744): item=0 name="/usr/bin/ls" inode=1578104 dev=08:02 mode=0100755 ouid=0 ogid=0 rdev=00:00 nametype=NORMAL cap_fp=0 cap_fi=0 cap_fe=0 cap_fver=0 cap_frootid=0OUID="root" OGID="root"
type=PATH msg=audit(1769265339.830:7744): item=1 name="/lib64/ld-linux-x86-64.so.2" inode=1575340 dev=08:02 mode=0100755 ouid=0 ogid=0 rdev=00:00 nametype=NORMAL cap_fp=0 cap_fi=0 cap_fe=0 cap_fver=0 cap_frootid=0OUID="root" OGID="root"
type=PROCTITLE msg=audit(1769265339.830:7744): proctitle=6C73002D2D636F6C6F723D6175746F
type=SYSCALL msg=audit(1769265599.456:7745): arch=c000003e syscall=59 success=yes exit=0 a0=559a52945020 a1=559a52937e00 a2=559a529535d0 a3=559a52937e00 items=2 ppid=11496 pid=12509 auid=1000 uid=1000 gid=1000 euid=1000 suid=1000 fsuid=1000 egid=1000 sgid=1000 fsgid=1000 tty=pts2 ses=3 comm="mkdir" exe="/usr/bin/mkdir" subj=unconfined key="process_exec"ARCH=x86_64 SYSCALL=execve AUID="heroic" UID="heroic" GID="heroic" EUID="heroic" SUID="heroic" FSUID="heroic" EGID="heroic" SGID="heroic" FSGID="heroic"
type=EXECVE msg=audit(1769265599.456:7745): argc=8 a0="mkdir" a1="mkdir" a2="-p" a3="hids_dataset/raw" a4="hids_dataset/parsed" a5="hids_dataset/windows" a6="hids_dataset/features" a7="hids_dataset/meta"
type=CWD msg=audit(1769265599.456:7745): cwd="/home/heroic/Desktop"
type=PATH msg=audit(1769265599.456:7745): item=0 name="/usr/bin/mkdir" inode=1578106 dev=08:02 mode=0100755 ouid=0 ogid=0 rdev=00:00 nametype=NORMAL cap_fp=0 cap_fi=0 cap_fe=0 cap_fver=0 cap_frootid=0OUID="root" OGID="root"
type=PATH msg=audit(1769265599.456:7745): item=1 name="/lib64/ld-linux-x86-64.so.2" inode=1575340 dev=08:02 mode=0100755 ouid=0 ogid=0 rdev=00:00 nametype=NORMAL cap_fp=0 cap_fi=0 cap_fe=0 cap_fver=0 cap_frootid=0OUID="root" OGID="root"
type=PROCTITLE msg=audit(1769265599.456:7745): proctitle=6D6B646972006D6B646972002D7000686964735F646174617365742F72617700686964735F646174617365742F70617273656400686964735F646174617365742F77696E646F777300686964735F646174617365742F666561747572657300686964735F646174617365742F6D657461
type=SYSCALL msg=audit(1769265599.642:7746): arch=c000003e syscall=59 success=yes exit=0 a0=59eb0e2da280 a1=59eb0e0b12a0 a2=59eb0e47ea50 a3=59eb0de886f0 items=2 ppid=2832 pid=12513 auid=1000 uid=1000 gid=1000 euid=1000 suid=1000 fsuid=1000 egid=1000 sgid=1000 fsgid=1000 tty=(none) ses=3 comm="tracker-extract" exe="/usr/libexec/tracker-extract-3" subj=unconfined key="process_exec"ARCH=x86_64 SYSCALL=execve AUID="heroic" UID="heroic" GID="heroic" EUID="heroic" SUID="heroic" FSUID="heroic" EGID="heroic" SGID="heroic" FSGID="heroic"
type=EXECVE msg=audit(1769265599.642:7746): argc=3 a0="/usr/libexec/tracker-extract-3" a1="--socket-fd" a2="3"
type=CWD msg=audit(1769265599.642:7746): cwd="/home/heroic"
type=PATH msg=audit(1769265599.642:7746): item=0 name="/usr/libexec/tracker-extract-3" inode=1589269 dev=08:02 mode=0100755 ouid=0 ogid=0 rdev=00:00 nametype=NORMAL cap_fp=0 cap_fi=0 cap_fe=0 cap_fver=0 cap_frootid=0OUID="root" OGID="root"
type=PATH msg=audit(1769265599.642:7746): item=1 name="/lib64/ld-linux-x86-64.so.2" inode=1575340 dev=08:02 mode=0100755 ouid=0 ogid=0 rdev=00:00 nametype=NORMAL cap_fp=0 cap_fi=0 cap_fe=0 cap_fver=0 cap_frootid=0OUID="root" OGID="root"
type=PROCTITLE msg=audit(1769265599.642:7746): proctitle=2F7573722F6C6962657865632F747261636B65722D657874726163742D33002D2D736F636B65742D66640033
type=SYSCALL msg=audit(1769265602.515:7747): arch=c000003e syscall=59 success=yes exit=0 a0=559a52955870 a1=559a5294d460 a2=559a529535d0 a3=559a5294d460 items=2 ppid=11496 pid=12518 auid=1000 uid=1000 gid=1000 euid=1000 suid=1000 fsuid=1000 egid=1000 sgid=1000 fsgid=1000 tty=pts2 ses=3 comm="ls" exe="/usr/bin/ls" subj=unconfined key="process_exec"ARCH=x86_64 SYSCALL=execve AUID="heroic" UID="heroic" GID="heroic" EUID="heroic" SUID="heroic" FSUID="heroic" EGID="heroic" SGID="heroic" FSGID="heroic"
type=EXECVE msg=audit(1769265602.515:7747): argc=2 a0="ls" a1="--color=auto"
type=CWD msg=audit(1769265602.515:7747): cwd="/home/heroic/Desktop"
type=PATH msg=audit(1769265602.515:7747): item=0 name="/usr/bin/ls" inode=1578104 dev=08:02 mode=0100755 ouid=0 ogid=0 rdev=00:00 nametype=NORMAL cap_fp=0 cap_fi=0 cap_fe=0 cap_fver=0 cap_frootid=0OUID="root" OGID="root"
type=PATH msg=audit(1769265602.515:7747): item=1 name="/lib64/ld-linux-x86-64.so.2" inode=1575340 dev=08:02 mode=0100755 ouid=0 ogid=0 rdev=00:00 nametype=NORMAL cap_fp=0 cap_fi=0 cap_fe=0 cap_fver=0 cap_frootid=0OUID="root" OGID="root"
type=PROCTITLE msg=audit(1769265602.515:7747): proctitle=6C73002D2D636F6C6F723D6175746F
type=SYSCALL msg=audit(1769265605.183:7748): arch=c000003e syscall=59 success=yes exit=0 a0=7ffc259fe5a0 a1=7ffc259fe5c0 a2=7ffc259ff0b0 a3=8 items=2 ppid=1 pid=12521 auid=4294967295 uid=0 gid=0 euid=0 suid=0 fsuid=0 egid=0 sgid=0 fsgid=0 tty=(none) ses=4294967295 comm="9" exe="/usr/lib/systemd/systemd-executor" subj=unconfined key="process_exec"ARCH=x86_64 SYSCALL=execve AUID="unset" UID="root" GID="root" EUID="root" SUID="root" FSUID="root" EGID="root" SGID="root" FSGID="root"
type=EXECVE msg=audit(1769265605.183:7748): argc=7 a0="/usr/lib/systemd/systemd-executor" a1="--deserialize" a2="90" a3="--log-level" a4="info" a5="--log-target" a6="journal-or-kmsg"
type=CWD msg=audit(1769265605.183:7748): cwd="/"
type=PATH msg=audit(1769265605.183:7748): item=0 name="/proc/self/fd/9" inode=1596504 dev=08:02 mode=0100755 ouid=0 ogid=0 rdev=00:00 nametype=NORMAL cap_fp=0 cap_fi=0 cap_fe=0 cap_fver=0 cap_frootid=0OUID="root" OGID="root"
type=PATH msg=audit(1769265605.183:7748): item=1 name="/lib64/ld-linux-x86-64.so.2" inode=1575340 dev=08:02 mode=0100755 ouid=0 ogid=0 rdev=00:00 nametype=NORMAL cap_fp=0 cap_fi=0 cap_fe=0 cap_fver=0 cap_frootid=0OUID="root" OGID="root"
type=PROCTITLE msg=audit(1769265605.183:7748): proctitle=2F7573722F6C69622F73797374656D642F73797374656D642D6578656375746F72002D2D646573657269616C697A65003930002D2D6C6F672D6C6576656C00696E666F002D2D6C6F672D746172676574006A6F75726E616C2D6F722D6B6D7367
type=SYSCALL msg=audit(1769265605.277:7749): arch=c000003e syscall=59 success=yes exit=0 a0=65436e6520c0 a1=65436e6521c0 a2=65436e6514b0 a3=65436e652990 items=3 ppid=1 pid=12521 auid=4294967295 uid=0 gid=0 euid=0 suid=0 fsuid=0 egid=0 sgid=0 fsgid=0 tty=(none) ses=4294967295 comm="sa1" exe="/usr/bin/dash" subj=unconfined key="process_exec"ARCH=x86_64 SYSCALL=execve AUID="unset" UID="root" GID="root" EUID="root" SUID="root" FSUID="root" EGID="root" SGID="root" FSGID="root"
type=EXECVE msg=audit(1769265605.277:7749): argc=4 a0="/bin/sh" a1="/usr/lib/sysstat/sa1" a2="1" a3="1"
type=CWD msg=audit(1769265605.277:7749): cwd="/"
type=PATH msg=audit(1769265605.277:7749): item=0 name="/usr/lib/sysstat/sa1" inode=1582334 dev=08:02 mode=0100755 ouid=0 ogid=0 rdev=00:00 nametype=NORMAL cap_fp=0 cap_fi=0 cap_fe=0 cap_fver=0 cap_frootid=0OUID="root" OGID="root"
type=PATH msg=audit(1769265605.277:7749): item=1 name="/bin/sh" inode=1573518 dev=08:02 mode=0100755 ouid=0 ogid=0 rdev=00:00 nametype=NORMAL cap_fp=0 cap_fi=0 cap_fe=0 cap_fver=0 cap_frootid=0OUID="root" OGID="root"
type=PATH msg=audit(1769265605.277:7749): item=2 name="/lib64/ld-linux-x86-64.so.2" inode=1575340 dev=08:02 mode=0100755 ouid=0 ogid=0 rdev=00:00 nametype=NORMAL cap_fp=0 cap_fi=0 cap_fe=0 cap_fver=0 cap_frootid=0OUID="root" OGID="root"
type=PROCTITLE msg=audit(1769265605.277:7749): proctitle=2F7573722F6C69622F73797374656D642F73797374656D642D6578656375746F72002D2D646573657269616C697A65003930002D2D6C6F672D6C6576656C00696E666F002D2D6C6F672D746172676574006A6F75726E616C2D6F722D6B6D7367
type=SYSCALL msg=audit(1769265605.315:7750): arch=c000003e syscall=59 success=yes exit=0 a0=593929c07148 a1=593929c07228 a2=593929c07270 a3=0 items=2 ppid=1 pid=12521 auid=4294967295 uid=0 gid=0 euid=0 suid=0 fsuid=0 egid=0 sgid=0 fsgid=0 tty=(none) ses=4294967295 comm="sadc" exe="/usr/lib/sysstat/sadc" subj=unconfined key="process_exec"ARCH=x86_64 SYSCALL=execve AUID="unset" UID="root" GID="root" EUID="root" SUID="root" FSUID="root" EGID="root" SGID="root" FSGID="root"
type=EXECVE msg=audit(1769265605.315:7750): argc=8 a0="/usr/lib/sysstat/sadc" a1="-F" a2="-L" a3="-S" a4="DISK" a5="1" a6="1" a7="/var/log/sysstat"
type=CWD msg=audit(1769265605.315:7750): cwd="/usr/lib/sysstat"
type=PATH msg=audit(1769265605.315:7750): item=0 name="/usr/lib/sysstat/sadc" inode=1582336 dev=08:02 mode=0100755 ouid=0 ogid=0 rdev=00:00 nametype=NORMAL cap_fp=0 cap_fi=0 cap_fe=0 cap_fver=0 cap_frootid=0OUID="root" OGID="root"
type=PATH msg=audit(1769265605.315:7750): item=1 name="/lib64/ld-linux-x86-64.so.2" inode=1575340 dev=08:02 mode=0100755 ouid=0 ogid=0 rdev=00:00 nametype=NORMAL cap_fp=0 cap_fi=0 cap_fe=0 cap_fver=0 cap_frootid=0OUID="root" OGID="root"
type=PROCTITLE msg=audit(1769265605.315:7750): proctitle=2F7573722F6C69622F73797374656D642F73797374656D642D6578656375746F72002D2D646573657269616C697A65003930002D2D6C6F672D6C6576656C00696E666F002D2D6C6F672D746172676574006A6F75726E616C2D6F722D6B6D7367
type=SERVICE_START msg=audit(1769265605.334:7751): pid=1 uid=0 auid=4294967295 ses=4294967295 subj=unconfined msg='unit=sysstat-collect comm="systemd" exe="/usr/lib/systemd/systemd" hostname=? addr=? terminal=? res=success'UID="root" AUID="unset"
type=SERVICE_STOP msg=audit(1769265605.334:7752): pid=1 uid=0 auid=4294967295 ses=4294967295 subj=unconfined msg='unit=sysstat-collect comm="systemd" exe="/usr/lib/systemd/systemd" hostname=? addr=? terminal=? res=success'UID="root" AUID="unset"
type=SYSCALL msg=audit(1769265610.511:7753): arch=c000003e syscall=59 success=yes exit=0 a0=559a5294af60 a1=559a529300d0 a2=559a529535d0 a3=559a529300d0 items=2 ppid=11496 pid=12527 auid=1000 uid=1000 gid=1000 euid=1000 suid=1000 fsuid=1000 egid=1000 sgid=1000 fsgid=1000 tty=pts2 ses=3 comm="rm" exe="/usr/bin/rm" subj=unconfined key="process_exec"ARCH=x86_64 SYSCALL=execve AUID="heroic" UID="heroic" GID="heroic" EUID="heroic" SUID="heroic" FSUID="heroic" EGID="heroic" SGID="heroic" FSGID="heroic"
type=EXECVE msg=audit(1769265610.511:7753): argc=2 a0="rm" a1="mkdir/"
type=CWD msg=audit(1769265610.511:7753): cwd="/home/heroic/Desktop"
type=PATH msg=audit(1769265610.511:7753): item=0 name="/usr/bin/rm" inode=1578127 dev=08:02 mode=0100755 ouid=0 ogid=0 rdev=00:00 nametype=NORMAL cap_fp=0 cap_fi=0 cap_fe=0 cap_fver=0 cap_frootid=0OUID="root" OGID="root"
type=PATH msg=audit(1769265610.511:7753): item=1 name="/lib64/ld-linux-x86-64.so.2" inode=1575340 dev=08:02 mode=0100755 ouid=0 ogid=0 rdev=00:00 nametype=NORMAL cap_fp=0 cap_fi=0 cap_fe=0 cap_fver=0 cap_frootid=0OUID="root" OGID="root"
type=PROCTITLE msg=audit(1769265610.511:7753): proctitle=726D006D6B6469722F
type=SYSCALL msg=audit(1769265616.132:7754): arch=c000003e syscall=59 success=yes exit=0 a0=559a529478d0 a1=559a52950330 a2=559a529535d0 a3=559a52957c90 items=2 ppid=11496 pid=12528 auid=1000 uid=1000 gid=1000 euid=1000 suid=1000 fsuid=1000 egid=1000 sgid=1000 fsgid=1000 tty=pts2 ses=3 comm="rm" exe="/usr/bin/rm" subj=unconfined key="process_exec"ARCH=x86_64 SYSCALL=execve AUID="heroic" UID="heroic" GID="heroic" EUID="heroic" SUID="heroic" FSUID="heroic" EGID="heroic" SGID="heroic" FSGID="heroic"
type=EXECVE msg=audit(1769265616.132:7754): argc=3 a0="rm" a1="-rf" a2="mkdir"
type=CWD msg=audit(1769265616.132:7754): cwd="/home/heroic/Desktop"
type=PATH msg=audit(1769265616.132:7754): item=0 name="/usr/bin/rm" inode=1578127 dev=08:02 mode=0100755 ouid=0 ogid=0 rdev=00:00 nametype=NORMAL cap_fp=0 cap_fi=0 cap_fe=0 cap_fver=0 cap_frootid=0OUID="root" OGID="root"
type=PATH msg=audit(1769265616.132:7754): item=1 name="/lib64/ld-linux-x86-64.so.2" inode=1575340 dev=08:02 mode=0100755 ouid=0 ogid=0 rdev=00:00 nametype=NORMAL cap_fp=0 cap_fi=0 cap_fe=0 cap_fver=0 cap_frootid=0OUID="root" OGID="root"
type=PROCTITLE msg=audit(1769265616.132:7754): proctitle=726D002D7266006D6B646972
type=SYSCALL msg=audit(1769265616.557:7755): arch=c000003e syscall=59 success=yes exit=0 a0=59eb0e450170 a1=59eb0de3f750 a2=59eb0e47ea50 a3=59eb0e480770 items=2 ppid=2832 pid=12531 auid=1000 uid=1000 gid=1000 euid=1000 suid=1000 fsuid=1000 egid=1000 sgid=1000 fsgid=1000 tty=(none) ses=3 comm="tracker-extract" exe="/usr/libexec/tracker-extract-3" subj=unconfined key="process_exec"ARCH=x86_64 SYSCALL=execve AUID="heroic" UID="heroic" GID="heroic" EUID="heroic" SUID="heroic" FSUID="heroic" EGID="heroic" SGID="heroic" FSGID="heroic"
type=EXECVE msg=audit(1769265616.557:7755): argc=3 a0="/usr/libexec/tracker-extract-3" a1="--socket-fd" a2="3"
type=CWD msg=audit(1769265616.557:7755): cwd="/home/heroic"
type=PATH msg=audit(1769265616.557:7755): item=0 name="/usr/libexec/tracker-extract-3" inode=1589269 dev=08:02 mode=0100755 ouid=0 ogid=0 rdev=00:00 nametype=NORMAL cap_fp=0 cap_fi=0 cap_fe=0 cap_fver=0 cap_frootid=0OUID="root" OGID="root"
type=PATH msg=audit(1769265616.557:7755): item=1 name="/lib64/ld-linux-x86-64.so.2" inode=1575340 dev=08:02 mode=0100755 ouid=0 ogid=0 rdev=00:00 nametype=NORMAL cap_fp=0 cap_fi=0 cap_fe=0 cap_fver=0 cap_frootid=0OUID="root" OGID="root"
type=PROCTITLE msg=audit(1769265616.557:7755): proctitle=2F7573722F6C6962657865632F747261636B65722D657874726163742D33002D2D736F636B65742D66640033
type=SYSCALL msg=audit(1769265624.607:7756): arch=c000003e syscall=59 success=yes exit=0 a0=559a5294d560 a1=559a529573f0 a2=559a529535d0 a3=559a529573f0 items=2 ppid=11496 pid=12537 auid=1000 uid=1000 gid=1000 euid=1000 suid=1000 fsuid=1000 egid=1000 sgid=1000 fsgid=1000 tty=pts2 ses=3 comm="ls" exe="/usr/bin/ls" subj=unconfined key="process_exec"ARCH=x86_64 SYSCALL=execve AUID="heroic" UID="heroic" GID="heroic" EUID="heroic" SUID="heroic" FSUID="heroic" EGID="heroic" SGID="heroic" FSGID="heroic"
type=EXECVE msg=audit(1769265624.607:7756): argc=2 a0="ls" a1="--color=auto"
type=CWD msg=audit(1769265624.607:7756): cwd="/home/heroic/Desktop"
type=PATH msg=audit(1769265624.607:7756): item=0 name="/usr/bin/ls" inode=1578104 dev=08:02 mode=0100755 ouid=0 ogid=0 rdev=00:00 nametype=NORMAL cap_fp=0 cap_fi=0 cap_fe=0 cap_fver=0 cap_frootid=0OUID="root" OGID="root"
type=PATH msg=audit(1769265624.607:7756): item=1 name="/lib64/ld-linux-x86-64.so.2" inode=1575340 dev=08:02 mode=0100755 ouid=0 ogid=0 rdev=00:00 nametype=NORMAL cap_fp=0 cap_fi=0 cap_fe=0 cap_fver=0 cap_frootid=0OUID="root" OGID="root"
type=PROCTITLE msg=audit(1769265624.607:7756): proctitle=6C73002D2D636F6C6F723D6175746F
type=SYSCALL msg=audit(1769265632.304:7757): arch=c000003e syscall=59 success=yes exit=0 a0=74c22bfcb42f a1=74c229deaca0 a2=7fff226f4908 a3=8 items=2 ppid=4679 pid=12538 auid=4294967295 uid=0 gid=124 euid=0 suid=0 fsuid=0 egid=124 sgid=124 fsgid=124 tty=(none) ses=4294967295 comm="sh" exe="/usr/bin/dash" subj=unconfined key="process_exec"ARCH=x86_64 SYSCALL=execve AUID="unset" UID="root" GID="wazuh" EUID="root" SUID="root" FSUID="root" EGID="wazuh" SGID="wazuh" FSGID="wazuh"
type=EXECVE msg=audit(1769265632.304:7757): argc=4 a0="sh" a1="-c" a2="--" a3=6466202D50
type=CWD msg=audit(1769265632.304:7757): cwd="/var/ossec"
type=PATH msg=audit(1769265632.304:7757): item=0 name="/bin/sh" inode=1573518 dev=08:02 mode=0100755 ouid=0 ogid=0 rdev=00:00 nametype=NORMAL cap_fp=0 cap_fi=0 cap_fe=0 cap_fver=0 cap_frootid=0OUID="root" OGID="root"
type=PATH msg=audit(1769265632.304:7757): item=1 name="/lib64/ld-linux-x86-64.so.2" inode=1575340 dev=08:02 mode=0100755 ouid=0 ogid=0 rdev=00:00 nametype=NORMAL cap_fp=0 cap_fi=0 cap_fe=0 cap_fver=0 cap_frootid=0OUID="root" OGID="root"
type=PROCTITLE msg=audit(1769265632.304:7757): proctitle=7368002D63002D2D006466202D50
type=SYSCALL msg=audit(1769265632.312:7758): arch=c000003e syscall=59 success=yes exit=0 a0=74c22bfcb42f a1=74c22a5dbca0 a2=7fff226f4908 a3=8 items=2 ppid=4679 pid=12539 auid=4294967295 uid=0 gid=124 euid=0 suid=0 fsuid=0 egid=124 sgid=124 fsgid=124 tty=(none) ses=4294967295 comm="sh" exe="/usr/bin/dash" subj=unconfined key="process_exec"ARCH=x86_64 SYSCALL=execve AUID="unset" UID="root" GID="wazuh" EUID="root" SUID="root" FSUID="root" EGID="wazuh" SGID="wazuh" FSGID="wazuh"
type=EXECVE msg=audit(1769265632.312:7758): argc=4 a0="sh" a1="-c" a2="--" a3=6E657473746174202D74756C706E207C207365642027732F5C285B5B3A616C6E756D3A5D5D5C2B5C295C205C2B5B5B3A64696769743A5D5D5C2B5C205C2B5B5B3A64696769743A5D5D5C2B5C205C2B5C282E2A5C293A5C285B5B3A64696769743A5D5D2A5C295C205C2B5C285B302D395C2E5C3A5C2A5D5C2B5C292E5C2B5C205C285B5B3A64696769743A5D5D2A5C2F5B5B3A616C6E756D3A5D5C2D5D2A5C292E2A2F5C31205C32203D3D205C33203D3D205C34205C352F27207C20736F7274202D6B2034202D67207C207365642027732F203D3D205C282E2A5C29203D3D2F3A5C312F27207C2073656420312C3264
type=CWD msg=audit(1769265632.312:7758): cwd="/var/ossec"
type=PATH msg=audit(1769265632.312:7758): item=0 name="/bin/sh" inode=1573518 dev=08:02 mode=0100755 ouid=0 ogid=0 rdev=00:00 nametype=NORMAL cap_fp=0 cap_fi=0 cap_fe=0 cap_fver=0 cap_frootid=0OUID="root" OGID="root"
type=PATH msg=audit(1769265632.312:7758): item=1 name="/lib64/ld-linux-x86-64.so.2" inode=1575340 dev=08:02 mode=0100755 ouid=0 ogid=0 rdev=00:00 nametype=NORMAL cap_fp=0 cap_fi=0 cap_fe=0 cap_fver=0 cap_frootid=0OUID="root" OGID="root"
type=PROCTITLE msg=audit(1769265632.312:7758): proctitle=7368002D63002D2D006E657473746174202D74756C706E207C207365642027732F5C285B5B3A616C6E756D3A5D5D5C2B5C295C205C2B5B5B3A64696769743A5D5D5C2B5C205C2B5B5B3A64696769743A5D5D5C2B5C205C2B5C282E2A5C293A5C285B5B3A64696769743A5D5D2A5C295C205C2B5C285B302D395C2E5C3A5C2A5D
type=SYSCALL msg=audit(1769265632.320:7759): arch=c000003e syscall=59 success=yes exit=0 a0=5624fa6cb5c8 a1=5624fa6cb558 a2=5624fa6cb570 a3=8 items=2 ppid=12538 pid=12540 auid=4294967295 uid=0 gid=124 euid=0 suid=0 fsuid=0 egid=124 sgid=124 fsgid=124 tty=(none) ses=4294967295 comm="df" exe="/usr/bin/df" subj=unconfined key="process_exec"ARCH=x86_64 SYSCALL=execve AUID="unset" UID="root" GID="wazuh" EUID="root" SUID="root" FSUID="root" EGID="wazuh" SGID="wazuh" FSGID="wazuh"
type=EXECVE msg=audit(1769265632.320:7759): argc=2 a0="df" a1="-P"
type=CWD msg=audit(1769265632.320:7759): cwd="/var/ossec"
type=PATH msg=audit(1769265632.320:7759): item=0 name="/usr/bin/df" inode=1578065 dev=08:02 mode=0100755 ouid=0 ogid=0 rdev=00:00 nametype=NORMAL cap_fp=0 cap_fi=0 cap_fe=0 cap_fver=0 cap_frootid=0OUID="root" OGID="root"
type=PATH msg=audit(1769265632.320:7759): item=1 name="/lib64/ld-linux-x86-64.so.2" inode=1575340 dev=08:02 mode=0100755 ouid=0 ogid=0 rdev=00:00 nametype=NORMAL cap_fp=0 cap_fi=0 cap_fe=0 cap_fver=0 cap_frootid=0OUID="root" OGID="root"
type=PROCTITLE msg=audit(1769265632.320:7759): proctitle=6466002D50
type=SYSCALL msg=audit(1769265632.329:7760): arch=c000003e syscall=59 success=yes exit=0 a0=64c4de128ad8 a1=64c4de1288e0 a2=64c4de1288f8 a3=1 items=2 ppid=12539 pid=12541 auid=4294967295 uid=0 gid=124 euid=0 suid=0 fsuid=0 egid=124 sgid=124 fsgid=124 tty=(none) ses=4294967295 comm="netstat" exe="/usr/bin/netstat" subj=unconfined key="process_exec"ARCH=x86_64 SYSCALL=execve AUID="unset" UID="root" GID="wazuh" EUID="root" SUID="root" FSUID="root" EGID="wazuh" SGID="wazuh" FSGID="wazuh"
type=EXECVE msg=audit(1769265632.329:7760): argc=2 a0="netstat" a1="-tulpn"
type=CWD msg=audit(1769265632.329:7760): cwd="/var/ossec"
type=PATH msg=audit(1769265632.329:7760): item=0 name="/usr/bin/netstat" inode=1576702 dev=08:02 mode=0100755 ouid=0 ogid=0 rdev=00:00 nametype=NORMAL cap_fp=0 cap_fi=0 cap_fe=0 cap_fver=0 cap_frootid=0OUID="root" OGID="root"
type=PATH msg=audit(1769265632.329:7760): item=1 name="/lib64/ld-linux-x86-64.so.2" inode=1575340 dev=08:02 mode=0100755 ouid=0 ogid=0 rdev=00:00 nametype=NORMAL cap_fp=0 cap_fi=0 cap_fe=0 cap_fver=0 cap_frootid=0OUID="root" OGID="root"
type=PROCTITLE msg=audit(1769265632.329:7760): proctitle=6E657473746174002D74756C706E
type=SYSCALL msg=audit(1769265632.329:7761): arch=c000003e syscall=59 success=yes exit=0 a0=64c4de128c70 a1=64c4de128c00 a2=64c4de128c18 a3=1 items=2 ppid=12539 pid=12542 auid=4294967295 uid=0 gid=124 euid=0 suid=0 fsuid=0 egid=124 sgid=124 fsgid=124 tty=(none) ses=4294967295 comm="sed" exe="/usr/bin/sed" subj=unconfined key="process_exec"ARCH=x86_64 SYSCALL=execve AUID="unset" UID="root" GID="wazuh" EUID="root" SUID="root" FSUID="root" EGID="wazuh" SGID="wazuh" FSGID="wazuh"
type=EXECVE msg=audit(1769265632.329:7761): argc=2 a0="sed" a1=732F5C285B5B3A616C6E756D3A5D5D5C2B5C295C205C2B5B5B3A64696769743A5D5D5C2B5C205C2B5B5B3A64696769743A5D5D5C2B5C205C2B5C282E2A5C293A5C285B5B3A64696769743A5D5D2A5C295C205C2B5C285B302D395C2E5C3A5C2A5D5C2B5C292E5C2B5C205C285B5B3A64696769743A5D5D2A5C2F5B5B3A616C6E756D3A5D5C2D5D2A5C292E2A2F5C31205C32203D3D205C33203D3D205C34205C352F
type=CWD msg=audit(1769265632.329:7761): cwd="/var/ossec"
type=PATH msg=audit(1769265632.329:7761): item=0 name="/usr/bin/sed" inode=1574197 dev=08:02 mode=0100755 ouid=0 ogid=0 rdev=00:00 nametype=NORMAL cap_fp=0 cap_fi=0 cap_fe=0 cap_fver=0 cap_frootid=0OUID="root" OGID="root"
type=PATH msg=audit(1769265632.329:7761): item=1 name="/lib64/ld-linux-x86-64.so.2" inode=1575340 dev=08:02 mode=0100755 ouid=0 ogid=0 rdev=00:00 nametype=NORMAL cap_fp=0 cap_fi=0 cap_fe=0 cap_fver=0 cap_frootid=0OUID="root" OGID="root"
type=PROCTITLE msg=audit(1769265632.329:7761): proctitle=73656400732F5C285B5B3A616C6E756D3A5D5D5C2B5C295C205C2B5B5B3A64696769743A5D5D5C2B5C205C2B5B5B3A64696769743A5D5D5C2B5C205C2B5C282E2A5C293A5C285B5B3A64696769743A5D5D2A5C295C205C2B5C285B302D395C2E5C3A5C2A5D5C2B5C292E5C2B5C205C285B5B3A64696769743A5D5D2A5C2F5B5B
type=SYSCALL msg=audit(1769265632.333:7762): arch=c000003e syscall=59 success=yes exit=0 a0=64c4de128b90 a1=64c4de128910 a2=64c4de128b38 a3=1 items=2 ppid=12539 pid=12543 auid=4294967295 uid=0 gid=124 euid=0 suid=0 fsuid=0 egid=124 sgid=124 fsgid=124 tty=(none) ses=4294967295 comm="sort" exe="/usr/bin/sort" subj=unconfined key="process_exec"ARCH=x86_64 SYSCALL=execve AUID="unset" UID="root" GID="wazuh" EUID="root" SUID="root" FSUID="root" EGID="wazuh" SGID="wazuh" FSGID="wazuh"
type=SYSCALL msg=audit(1769265632.333:7763): arch=c000003e syscall=59 success=yes exit=0 a0=64c4de128bc0 a1=64c4de128900 a2=64c4de128b68 a3=1 items=2 ppid=12539 pid=12544 auid=4294967295 uid=0 gid=124 euid=0 suid=0 fsuid=0 egid=124 sgid=124 fsgid=124 tty=(none) ses=4294967295 comm="sed" exe="/usr/bin/sed" subj=unconfined key="process_exec"ARCH=x86_64 SYSCALL=execve AUID="unset" UID="root" GID="wazuh" EUID="root" SUID="root" FSUID="root" EGID="wazuh" SGID="wazuh" FSGID="wazuh"
type=EXECVE msg=audit(1769265632.333:7763): argc=2 a0="sed" a1=732F203D3D205C282E2A5C29203D3D2F3A5C312F
type=EXECVE msg=audit(1769265632.333:7762): argc=4 a0="sort" a1="-k" a2="4" a3="-g"
type=CWD msg=audit(1769265632.333:7763): cwd="/var/ossec"
type=CWD msg=audit(1769265632.333:7762): cwd="/var/ossec"
type=PATH msg=audit(1769265632.333:7763): item=0 name="/usr/bin/sed" inode=1574197 dev=08:02 mode=0100755 ouid=0 ogid=0 rdev=00:00 nametype=NORMAL cap_fp=0 cap_fi=0 cap_fe=0 cap_fver=0 cap_frootid=0OUID="root" OGID="root"
type=PATH msg=audit(1769265632.333:7762): item=0 name="/usr/bin/sort" inode=1578139 dev=08:02 mode=0100755 ouid=0 ogid=0 rdev=00:00 nametype=NORMAL cap_fp=0 cap_fi=0 cap_fe=0 cap_fver=0 cap_frootid=0OUID="root" OGID="root"
type=PATH msg=audit(1769265632.333:7763): item=1 name="/lib64/ld-linux-x86-64.so.2" inode=1575340 dev=08:02 mode=0100755 ouid=0 ogid=0 rdev=00:00 nametype=NORMAL cap_fp=0 cap_fi=0 cap_fe=0 cap_fver=0 cap_frootid=0OUID="root" OGID="root"
type=PATH msg=audit(1769265632.333:7762): item=1 name="/lib64/ld-linux-x86-64.so.2" inode=1575340 dev=08:02 mode=0100755 ouid=0 ogid=0 rdev=00:00 nametype=NORMAL cap_fp=0 cap_fi=0 cap_fe=0 cap_fver=0 cap_frootid=0OUID="root" OGID="root"
type=PROCTITLE msg=audit(1769265632.333:7763): proctitle=73656400732F203D3D205C282E2A5C29203D3D2F3A5C312F
type=PROCTITLE msg=audit(1769265632.333:7762): proctitle=736F7274002D6B0034002D67
type=SYSCALL msg=audit(1769265632.337:7764): arch=c000003e syscall=59 success=yes exit=0 a0=64c4de128b38 a1=64c4de1288e0 a2=64c4de1288f8 a3=1 items=2 ppid=12539 pid=12545 auid=4294967295 uid=0 gid=124 euid=0 suid=0 fsuid=0 egid=124 sgid=124 fsgid=124 tty=(none) ses=4294967295 comm="sed" exe="/usr/bin/sed" subj=unconfined key="process_exec"ARCH=x86_64 SYSCALL=execve AUID="unset" UID="root" GID="wazuh" EUID="root" SUID="root" FSUID="root" EGID="wazuh" SGID="wazuh" FSGID="wazuh"
type=EXECVE msg=audit(1769265632.337:7764): argc=2 a0="sed" a1="1,2d"
type=CWD msg=audit(1769265632.337:7764): cwd="/var/ossec"
type=PATH msg=audit(1769265632.337:7764): item=0 name="/usr/bin/sed" inode=1574197 dev=08:02 mode=0100755 ouid=0 ogid=0 rdev=00:00 nametype=NORMAL cap_fp=0 cap_fi=0 cap_fe=0 cap_fver=0 cap_frootid=0OUID="root" OGID="root"
type=PATH msg=audit(1769265632.337:7764): item=1 name="/lib64/ld-linux-x86-64.so.2" inode=1575340 dev=08:02 mode=0100755 ouid=0 ogid=0 rdev=00:00 nametype=NORMAL cap_fp=0 cap_fi=0 cap_fe=0 cap_fver=0 cap_frootid=0OUID="root" OGID="root"
type=PROCTITLE msg=audit(1769265632.337:7764): proctitle=73656400312C3264
type=SYSCALL msg=audit(1769265632.371:7765): arch=c000003e syscall=59 success=yes exit=0 a0=74c22bfcb42f a1=74c229ddaca0 a2=7fff226f4908 a3=8 items=2 ppid=4679 pid=12546 auid=4294967295 uid=0 gid=124 euid=0 suid=0 fsuid=0 egid=124 sgid=124 fsgid=124 tty=(none) ses=4294967295 comm="sh" exe="/usr/bin/dash" subj=unconfined key="process_exec"ARCH=x86_64 SYSCALL=execve AUID="unset" UID="root" GID="wazuh" EUID="root" SUID="root" FSUID="root" EGID="wazuh" SGID="wazuh" FSGID="wazuh"
type=EXECVE msg=audit(1769265632.371:7765): argc=4 a0="sh" a1="-c" a2="--" a3=6C617374202D6E203230
type=CWD msg=audit(1769265632.371:7765): cwd="/var/ossec"
type=PATH msg=audit(1769265632.371:7765): item=0 name="/bin/sh" inode=1573518 dev=08:02 mode=0100755 ouid=0 ogid=0 rdev=00:00 nametype=NORMAL cap_fp=0 cap_fi=0 cap_fe=0 cap_fver=0 cap_frootid=0OUID="root" OGID="root"
type=PATH msg=audit(1769265632.371:7765): item=1 name="/lib64/ld-linux-x86-64.so.2" inode=1575340 dev=08:02 mode=0100755 ouid=0 ogid=0 rdev=00:00 nametype=NORMAL cap_fp=0 cap_fi=0 cap_fe=0 cap_fver=0 cap_frootid=0OUID="root" OGID="root"
type=PROCTITLE msg=audit(1769265632.371:7765): proctitle=7368002D63002D2D006C617374202D6E203230
type=SYSCALL msg=audit(1769265632.389:7766): arch=c000003e syscall=59 success=yes exit=0 a0=57ff58bca618 a1=57ff58bca5a0 a2=57ff58bca5c0 a3=8 items=2 ppid=12546 pid=12547 auid=4294967295 uid=0 gid=124 euid=0 suid=0 fsuid=0 egid=124 sgid=124 fsgid=124 tty=(none) ses=4294967295 comm="last" exe="/usr/bin/last" subj=unconfined key="process_exec"ARCH=x86_64 SYSCALL=execve AUID="unset" UID="root" GID="wazuh" EUID="root" SUID="root" FSUID="root" EGID="wazuh" SGID="wazuh" FSGID="wazuh"
type=EXECVE msg=audit(1769265632.389:7766): argc=3 a0="last" a1="-n" a2="20"
type=CWD msg=audit(1769265632.389:7766): cwd="/var/ossec"
type=PATH msg=audit(1769265632.389:7766): item=0 name="/usr/bin/last" inode=1578261 dev=08:02 mode=0100755 ouid=0 ogid=0 rdev=00:00 nametype=NORMAL cap_fp=0 cap_fi=0 cap_fe=0 cap_fver=0 cap_frootid=0OUID="root" OGID="root"
type=PATH msg=audit(1769265632.389:7766): item=1 name="/lib64/ld-linux-x86-64.so.2" inode=1575340 dev=08:02 mode=0100755 ouid=0 ogid=0 rdev=00:00 nametype=NORMAL cap_fp=0 cap_fi=0 cap_fe=0 cap_fver=0 cap_frootid=0OUID="root" OGID="root"
type=PROCTITLE msg=audit(1769265632.389:7766): proctitle=6C617374002D6E003230
type=SYSCALL msg=audit(1769265691.287:7767): arch=c000003e syscall=59 success=yes exit=0 a0=7ffc259fe5a0 a1=7ffc259fe5c0 a2=7ffc259ff0b0 a3=8 items=2 ppid=1 pid=12553 auid=4294967295 uid=0 gid=0 euid=0 suid=0 fsuid=0 egid=0 sgid=0 fsgid=0 tty=(none) ses=4294967295 comm="9" exe="/usr/lib/systemd/systemd-executor" subj=unconfined key="process_exec"ARCH=x86_64 SYSCALL=execve AUID="unset" UID="root" GID="root" EUID="root" SUID="root" FSUID="root" EGID="root" SGID="root" FSGID="root"
type=EXECVE msg=audit(1769265691.287:7767): argc=7 a0="/usr/lib/systemd/systemd-executor" a1="--deserialize" a2="90" a3="--log-level" a4="info" a5="--log-target" a6="journal-or-kmsg"
type=CWD msg=audit(1769265691.287:7767): cwd="/"
type=PATH msg=audit(1769265691.287:7767): item=0 name="/proc/self/fd/9" inode=1596504 dev=08:02 mode=0100755 ouid=0 ogid=0 rdev=00:00 nametype=NORMAL cap_fp=0 cap_fi=0 cap_fe=0 cap_fver=0 cap_frootid=0OUID="root" OGID="root"
type=PATH msg=audit(1769265691.287:7767): item=1 name="/lib64/ld-linux-x86-64.so.2" inode=1575340 dev=08:02 mode=0100755 ouid=0 ogid=0 rdev=00:00 nametype=NORMAL cap_fp=0 cap_fi=0 cap_fe=0 cap_fver=0 cap_frootid=0OUID="root" OGID="root"
type=PROCTITLE msg=audit(1769265691.287:7767): proctitle=2F7573722F6C69622F73797374656D642F73797374656D642D6578656375746F72002D2D646573657269616C697A65003930002D2D6C6F672D6C6576656C00696E666F002D2D6C6F672D746172676574006A6F75726E616C2D6F722D6B6D7367
type=SYSCALL msg=audit(1769265691.353:7768): arch=c000003e syscall=59 success=yes exit=0 a0=6288231ed030 a1=6288231ed010 a2=6288231ec9b0 a3=6288231ed990 items=3 ppid=1 pid=12553 auid=4294967295 uid=0 gid=0 euid=0 suid=0 fsuid=0 egid=0 sgid=0 fsgid=0 tty=(none) ses=4294967295 comm="50-motd-news" exe="/usr/bin/dash" subj=unconfined key="process_exec"ARCH=x86_64 SYSCALL=execve AUID="unset" UID="root" GID="root" EUID="root" SUID="root" FSUID="root" EGID="root" SGID="root" FSGID="root"
type=EXECVE msg=audit(1769265691.353:7768): argc=3 a0="/bin/sh" a1="/etc/update-motd.d/50-motd-news" a2="--force"
type=CWD msg=audit(1769265691.353:7768): cwd="/"
type=PATH msg=audit(1769265691.353:7768): item=0 name="/etc/update-motd.d/50-motd-news" inode=1706621 dev=08:02 mode=0100755 ouid=0 ogid=0 rdev=00:00 nametype=NORMAL cap_fp=0 cap_fi=0 cap_fe=0 cap_fver=0 cap_frootid=0OUID="root" OGID="root"
type=PATH msg=audit(1769265691.353:7768): item=1 name="/bin/sh" inode=1573518 dev=08:02 mode=0100755 ouid=0 ogid=0 rdev=00:00 nametype=NORMAL cap_fp=0 cap_fi=0 cap_fe=0 cap_fver=0 cap_frootid=0OUID="root" OGID="root"
type=PATH msg=audit(1769265691.353:7768): item=2 name="/lib64/ld-linux-x86-64.so.2" inode=1575340 dev=08:02 mode=0100755 ouid=0 ogid=0 rdev=00:00 nametype=NORMAL cap_fp=0 cap_fi=0 cap_fe=0 cap_fver=0 cap_frootid=0OUID="root" OGID="root"
type=PROCTITLE msg=audit(1769265691.353:7768): proctitle=2F7573722F6C69622F73797374656D642F73797374656D642D6578656375746F72002D2D646573657269616C697A65003930002D2D6C6F672D6C6576656C00696E666F002D2D6C6F672D746172676574006A6F75726E616C2D6F722D6B6D7367
type=SERVICE_START msg=audit(1769265691.382:7769): pid=1 uid=0 auid=4294967295 ses=4294967295 subj=unconfined msg='unit=motd-news comm="systemd" exe="/usr/lib/systemd/systemd" hostname=? addr=? terminal=? res=success'UID="root" AUID="unset"
type=SERVICE_STOP msg=audit(1769265691.382:7770): pid=1 uid=0 auid=4294967295 ses=4294967295 subj=unconfined msg='unit=motd-news comm="systemd" exe="/usr/lib/systemd/systemd" hostname=? addr=? terminal=? res=success'UID="root" AUID="unset"
type=SYSCALL msg=audit(1769265847.007:7771): arch=c000003e syscall=59 success=yes exit=0 a0=559a52958770 a1=559a529068c0 a2=559a529535d0 a3=559a529068c0 items=2 ppid=11496 pid=12570 auid=1000 uid=1000 gid=1000 euid=0 suid=0 fsuid=0 egid=1000 sgid=1000 fsgid=1000 tty=pts2 ses=3 comm="sudo" exe="/usr/bin/sudo" subj=unconfined key="process_exec"ARCH=x86_64 SYSCALL=execve AUID="heroic" UID="heroic" GID="heroic" EUID="root" SUID="root" FSUID="root" EGID="heroic" SGID="heroic" FSGID="heroic"
type=EXECVE msg=audit(1769265847.007:7771): argc=2 a0="sudo" a1="su"
type=CWD msg=audit(1769265847.007:7771): cwd="/home/heroic/Desktop"
type=PATH msg=audit(1769265847.007:7771): item=0 name="/usr/bin/sudo" inode=1574274 dev=08:02 mode=0104755 ouid=0 ogid=0 rdev=00:00 nametype=NORMAL cap_fp=0 cap_fi=0 cap_fe=0 cap_fver=0 cap_frootid=0OUID="root" OGID="root"
type=PATH msg=audit(1769265847.007:7771): item=1 name="/lib64/ld-linux-x86-64.so.2" inode=1575340 dev=08:02 mode=0100755 ouid=0 ogid=0 rdev=00:00 nametype=NORMAL cap_fp=0 cap_fi=0 cap_fe=0 cap_fver=0 cap_frootid=0OUID="root" OGID="root"
type=PROCTITLE msg=audit(1769265847.007:7771): proctitle=7375646F007375
type=USER_AUTH msg=audit(1769265849.322:7772): pid=12570 uid=1000 auid=1000 ses=3 subj=unconfined msg='op=PAM:authentication grantors=pam_permit,pam_cap acct="heroic" exe="/usr/bin/sudo" hostname=? addr=? terminal=/dev/pts/2 res=success'UID="heroic" AUID="heroic"
type=USER_ACCT msg=audit(1769265849.327:7773): pid=12570 uid=1000 auid=1000 ses=3 subj=unconfined msg='op=PAM:accounting grantors=pam_permit,pam_localuser acct="heroic" exe="/usr/bin/sudo" hostname=? addr=? terminal=/dev/pts/2 res=success'UID="heroic" AUID="heroic"
type=USER_CMD msg=audit(1769265849.328:7774): pid=12570 uid=1000 auid=1000 ses=3 subj=unconfined msg='cwd="/home/heroic/Desktop" cmd="su" exe="/usr/bin/sudo" terminal=pts/2 res=success'UID="heroic" AUID="heroic"
type=CRED_REFR msg=audit(1769265849.330:7775): pid=12570 uid=1000 auid=1000 ses=3 subj=unconfined msg='op=PAM:setcred grantors=pam_permit,pam_cap acct="root" exe="/usr/bin/sudo" hostname=? addr=? terminal=/dev/pts/2 res=success'UID="heroic" AUID="heroic"
type=USER_START msg=audit(1769265849.391:7776): pid=12570 uid=1000 auid=1000 ses=3 subj=unconfined msg='op=PAM:session_open grantors=pam_limits,pam_env,pam_env,pam_permit,pam_umask,pam_unix acct="root" exe="/usr/bin/sudo" hostname=? addr=? terminal=/dev/pts/2 res=success'UID="heroic" AUID="heroic"
type=SYSCALL msg=audit(1769265849.409:7777): arch=c000003e syscall=59 success=yes exit=0 a0=565946140b68 a1=565946150ca0 a2=5659461a5420 a3=64 items=2 ppid=12571 pid=12572 auid=1000 uid=0 gid=0 euid=0 suid=0 fsuid=0 egid=0 sgid=0 fsgid=0 tty=pts3 ses=3 comm="su" exe="/usr/bin/su" subj=unconfined key="process_exec"ARCH=x86_64 SYSCALL=execve AUID="heroic" UID="root" GID="root" EUID="root" SUID="root" FSUID="root" EGID="root" SGID="root" FSGID="root"
type=EXECVE msg=audit(1769265849.409:7777): argc=1 a0="su"
type=CWD msg=audit(1769265849.409:7777): cwd="/home/heroic/Desktop"
type=PATH msg=audit(1769265849.409:7777): item=0 name="/usr/bin/su" inode=1578335 dev=08:02 mode=0104755 ouid=0 ogid=0 rdev=00:00 nametype=NORMAL cap_fp=0 cap_fi=0 cap_fe=0 cap_fver=0 cap_frootid=0OUID="root" OGID="root"
type=PATH msg=audit(1769265849.409:7777): item=1 name="/lib64/ld-linux-x86-64.so.2" inode=1575340 dev=08:02 mode=0100755 ouid=0 ogid=0 rdev=00:00 nametype=NORMAL cap_fp=0 cap_fi=0 cap_fe=0 cap_fver=0 cap_frootid=0OUID="root" OGID="root"
type=PROCTITLE msg=audit(1769265849.409:7777): proctitle="su"
type=USER_AUTH msg=audit(1769265849.412:7778): pid=12572 uid=0 auid=1000 ses=3 subj=unconfined msg='op=PAM:authentication grantors=pam_rootok acct="root" exe="/usr/bin/su" hostname=? addr=? terminal=/dev/pts/3 res=success'UID="root" AUID="heroic"
type=USER_ACCT msg=audit(1769265849.412:7779): pid=12572 uid=0 auid=1000 ses=3 subj=unconfined msg='op=PAM:accounting grantors=pam_permit,pam_localuser acct="root" exe="/usr/bin/su" hostname=? addr=? terminal=/dev/pts/3 res=success'UID="root" AUID="heroic"
type=CRED_ACQ msg=audit(1769265849.416:7780): pid=12572 uid=0 auid=1000 ses=3 subj=unconfined msg='op=PAM:setcred grantors=pam_rootok acct="root" exe="/usr/bin/su" hostname=? addr=? terminal=/dev/pts/3 res=success'UID="root" AUID="heroic"
type=USER_START msg=audit(1769265849.423:7781): pid=12572 uid=0 auid=1000 ses=3 subj=unconfined msg='op=PAM:session_open grantors=pam_env,pam_env,pam_mail,pam_limits,pam_permit,pam_umask,pam_unix,pam_systemd acct="root" exe="/usr/bin/su" hostname=? addr=? terminal=/dev/pts/3 res=success'UID="root" AUID="heroic"
type=SYSCALL msg=audit(1769265849.425:7782): arch=c000003e syscall=59 success=yes exit=0 a0=5c9ddb6f4c90 a1=5c9ddb6e7db0 a2=7ffe494cf4d8 a3=5c9ddb6e7be0 items=2 ppid=12572 pid=12573 auid=1000 uid=0 gid=0 euid=0 suid=0 fsuid=0 egid=0 sgid=0 fsgid=0 tty=pts3 ses=3 comm="bash" exe="/usr/bin/bash" subj=unconfined key="process_exec"ARCH=x86_64 SYSCALL=execve AUID="heroic" UID="root" GID="root" EUID="root" SUID="root" FSUID="root" EGID="root" SGID="root" FSGID="root"
type=EXECVE msg=audit(1769265849.425:7782): argc=1 a0="bash"
type=CWD msg=audit(1769265849.425:7782): cwd="/home/heroic/Desktop"
type=PATH msg=audit(1769265849.425:7782): item=0 name="/bin/bash" inode=1573437 dev=08:02 mode=0100755 ouid=0 ogid=0 rdev=00:00 nametype=NORMAL cap_fp=0 cap_fi=0 cap_fe=0 cap_fver=0 cap_frootid=0OUID="root" OGID="root"
type=PATH msg=audit(1769265849.425:7782): item=1 name="/lib64/ld-linux-x86-64.so.2" inode=1575340 dev=08:02 mode=0100755 ouid=0 ogid=0 rdev=00:00 nametype=NORMAL cap_fp=0 cap_fi=0 cap_fe=0 cap_fver=0 cap_frootid=0OUID="root" OGID="root"
type=PROCTITLE msg=audit(1769265849.425:7782): proctitle="bash"
type=SYSCALL msg=audit(1769265849.432:7783): arch=c000003e syscall=59 success=yes exit=0 a0=63e9f9a60250 a1=63e9f9a5df40 a2=63e9f9a5d120 a3=63e9f9a5df90 items=2 ppid=12573 pid=12574 auid=1000 uid=0 gid=0 euid=0 suid=0 fsuid=0 egid=0 sgid=0 fsgid=0 tty=pts3 ses=3 comm="groups" exe="/usr/bin/groups" subj=unconfined key="process_exec"ARCH=x86_64 SYSCALL=execve AUID="heroic" UID="root" GID="root" EUID="root" SUID="root" FSUID="root" EGID="root" SGID="root" FSGID="root"
type=EXECVE msg=audit(1769265849.432:7783): argc=1 a0="groups"
type=CWD msg=audit(1769265849.432:7783): cwd="/home/heroic/Desktop"
type=PATH msg=audit(1769265849.432:7783): item=0 name="/usr/bin/groups" inode=1578094 dev=08:02 mode=0100755 ouid=0 ogid=0 rdev=00:00 nametype=NORMAL cap_fp=0 cap_fi=0 cap_fe=0 cap_fver=0 cap_frootid=0OUID="root" OGID="root"
type=PATH msg=audit(1769265849.432:7783): item=1 name="/lib64/ld-linux-x86-64.so.2" inode=1575340 dev=08:02 mode=0100755 ouid=0 ogid=0 rdev=00:00 nametype=NORMAL cap_fp=0 cap_fi=0 cap_fe=0 cap_fver=0 cap_frootid=0OUID="root" OGID="root"
type=PROCTITLE msg=audit(1769265849.432:7783): proctitle="groups"
type=SYSCALL msg=audit(1769265849.437:7784): arch=c000003e syscall=59 success=yes exit=0 a0=63e9f9a5f740 a1=63e9f9a5eaa0 a2=63e9f9a5d7c0 a3=8 items=3 ppid=12573 pid=12575 auid=1000 uid=0 gid=0 euid=0 suid=0 fsuid=0 egid=0 sgid=0 fsgid=0 tty=pts3 ses=3 comm="lesspipe" exe="/usr/bin/dash" subj=unconfined key="process_exec"ARCH=x86_64 SYSCALL=execve AUID="heroic" UID="root" GID="root" EUID="root" SUID="root" FSUID="root" EGID="root" SGID="root" FSGID="root"
type=EXECVE msg=audit(1769265849.437:7784): argc=2 a0="/bin/sh" a1="/usr/bin/lesspipe"
type=CWD msg=audit(1769265849.437:7784): cwd="/home/heroic/Desktop"
type=PATH msg=audit(1769265849.437:7784): item=0 name="/usr/bin/lesspipe" inode=1573866 dev=08:02 mode=0100755 ouid=0 ogid=0 rdev=00:00 nametype=NORMAL cap_fp=0 cap_fi=0 cap_fe=0 cap_fver=0 cap_frootid=0OUID="root" OGID="root"
type=PATH msg=audit(1769265849.437:7784): item=1 name="/bin/sh" inode=1573518 dev=08:02 mode=0100755 ouid=0 ogid=0 rdev=00:00 nametype=NORMAL cap_fp=0 cap_fi=0 cap_fe=0 cap_fver=0 cap_frootid=0OUID="root" OGID="root"
type=PATH msg=audit(1769265849.437:7784): item=2 name="/lib64/ld-linux-x86-64.so.2" inode=1575340 dev=08:02 mode=0100755 ouid=0 ogid=0 rdev=00:00 nametype=NORMAL cap_fp=0 cap_fi=0 cap_fe=0 cap_fver=0 cap_frootid=0OUID="root" OGID="root"
type=PROCTITLE msg=audit(1769265849.437:7784): proctitle=2F62696E2F7368002F7573722F62696E2F6C65737370697065
type=SYSCALL msg=audit(1769265849.437:7785): arch=c000003e syscall=59 success=yes exit=0 a0=5cc492fbe960 a1=5cc45de80600 a2=5cc492fbe8b8 a3=1 items=2 ppid=12575 pid=12576 auid=1000 uid=0 gid=0 euid=0 suid=0 fsuid=0 egid=0 sgid=0 fsgid=0 tty=pts3 ses=3 comm="basename" exe="/usr/bin/basename" subj=unconfined key="process_exec"ARCH=x86_64 SYSCALL=execve AUID="heroic" UID="root" GID="root" EUID="root" SUID="root" FSUID="root" EGID="root" SGID="root" FSGID="root"
type=EXECVE msg=audit(1769265849.437:7785): argc=2 a0="basename" a1="/usr/bin/lesspipe"
type=CWD msg=audit(1769265849.437:7785): cwd="/home/heroic/Desktop"
type=PATH msg=audit(1769265849.437:7785): item=0 name="/usr/bin/basename" inode=1578014 dev=08:02 mode=0100755 ouid=0 ogid=0 rdev=00:00 nametype=NORMAL cap_fp=0 cap_fi=0 cap_fe=0 cap_fver=0 cap_frootid=0OUID="root" OGID="root"
type=PATH msg=audit(1769265849.437:7785): item=1 name="/lib64/ld-linux-x86-64.so.2" inode=1575340 dev=08:02 mode=0100755 ouid=0 ogid=0 rdev=00:00 nametype=NORMAL cap_fp=0 cap_fi=0 cap_fe=0 cap_fver=0 cap_frootid=0OUID="root" OGID="root"
type=PROCTITLE msg=audit(1769265849.437:7785): proctitle=626173656E616D65002F7573722F62696E2F6C65737370697065
type=SYSCALL msg=audit(1769265849.437:7786): arch=c000003e syscall=59 success=yes exit=0 a0=5cc492fca8e0 a1=5cc492fca820 a2=5cc492fca838 a3=1 items=2 ppid=12577 pid=12578 auid=1000 uid=0 gid=0 euid=0 suid=0 fsuid=0 egid=0 sgid=0 fsgid=0 tty=pts3 ses=3 comm="dirname" exe="/usr/bin/dirname" subj=unconfined key="process_exec"ARCH=x86_64 SYSCALL=execve AUID="heroic" UID="root" GID="root" EUID="root" SUID="root" FSUID="root" EGID="root" SGID="root" FSGID="root"
type=EXECVE msg=audit(1769265849.437:7786): argc=2 a0="dirname" a1="/usr/bin/lesspipe"
type=CWD msg=audit(1769265849.437:7786): cwd="/home/heroic/Desktop"
type=PATH msg=audit(1769265849.437:7786): item=0 name="/usr/bin/dirname" inode=1578074 dev=08:02 mode=0100755 ouid=0 ogid=0 rdev=00:00 nametype=NORMAL cap_fp=0 cap_fi=0 cap_fe=0 cap_fver=0 cap_frootid=0OUID="root" OGID="root"
type=PATH msg=audit(1769265849.437:7786): item=1 name="/lib64/ld-linux-x86-64.so.2" inode=1575340 dev=08:02 mode=0100755 ouid=0 ogid=0 rdev=00:00 nametype=NORMAL cap_fp=0 cap_fi=0 cap_fe=0 cap_fver=0 cap_frootid=0OUID="root" OGID="root"
type=PROCTITLE msg=audit(1769265849.437:7786): proctitle=6469726E616D65002F7573722F62696E2F6C65737370697065
type=SYSCALL msg=audit(1769265849.437:7787): arch=c000003e syscall=59 success=yes exit=0 a0=63e9f9a5de00 a1=63e9f9a65c70 a2=63e9f9a5d7c0 a3=8 items=2 ppid=12573 pid=12579 auid=1000 uid=0 gid=0 euid=0 suid=0 fsuid=0 egid=0 sgid=0 fsgid=0 tty=pts3 ses=3 comm="dircolors" exe="/usr/bin/dircolors" subj=unconfined key="process_exec"ARCH=x86_64 SYSCALL=execve AUID="heroic" UID="root" GID="root" EUID="root" SUID="root" FSUID="root" EGID="root" SGID="root" FSGID="root"
type=EXECVE msg=audit(1769265849.437:7787): argc=2 a0="dircolors" a1="-b"
type=CWD msg=audit(1769265849.437:7787): cwd="/home/heroic/Desktop"
type=PATH msg=audit(1769265849.437:7787): item=0 name="/usr/bin/dircolors" inode=1578073 dev=08:02 mode=0100755 ouid=0 ogid=0 rdev=00:00 nametype=NORMAL cap_fp=0 cap_fi=0 cap_fe=0 cap_fver=0 cap_frootid=0OUID="root" OGID="root"
type=PATH msg=audit(1769265849.437:7787): item=1 name="/lib64/ld-linux-x86-64.so.2" inode=1575340 dev=08:02 mode=0100755 ouid=0 ogid=0 rdev=00:00 nametype=NORMAL cap_fp=0 cap_fi=0 cap_fe=0 cap_fver=0 cap_frootid=0OUID="root" OGID="root"
type=PROCTITLE msg=audit(1769265849.437:7787): proctitle=646972636F6C6F7273002D62
type=USER_ACCT msg=audit(1769265901.559:7788): pid=12586 uid=0 auid=4294967295 ses=4294967295 subj=unconfined msg='op=PAM:accounting grantors=pam_permit,pam_localuser acct="root" exe="/usr/sbin/cron" hostname=? addr=? terminal=cron res=success'UID="root" AUID="unset"
type=CRED_ACQ msg=audit(1769265901.562:7789): pid=12586 uid=0 auid=4294967295 ses=4294967295 subj=unconfined msg='op=PAM:setcred grantors=pam_permit,pam_cap acct="root" exe="/usr/sbin/cron" hostname=? addr=? terminal=cron res=success'UID="root" AUID="unset"
type=LOGIN msg=audit(1769265901.564:7790): pid=12586 uid=0 subj=unconfined old-auid=4294967295 auid=0 tty=(none) old-ses=4294967295 ses=18 res=1UID="root" OLD-AUID="unset" AUID="root"
type=SYSCALL msg=audit(1769265901.564:7790): arch=c000003e syscall=1 success=yes exit=1 a0=7 a1=7ffdd8ad8af0 a2=1 a3=0 items=0 ppid=882 pid=12586 auid=0 uid=0 gid=0 euid=0 suid=0 fsuid=0 egid=0 sgid=0 fsgid=0 tty=(none) ses=18 comm="cron" exe="/usr/sbin/cron" subj=unconfined key=(null)ARCH=x86_64 SYSCALL=write AUID="root" UID="root" GID="root" EUID="root" SUID="root" FSUID="root" EGID="root" SGID="root" FSGID="root"
type=PROCTITLE msg=audit(1769265901.564:7790): proctitle=2F7573722F7362696E2F43524F4E002D66002D50
type=USER_START msg=audit(1769265901.564:7791): pid=12586 uid=0 auid=0 ses=18 subj=unconfined msg='op=PAM:session_open grantors=pam_loginuid,pam_env,pam_env,pam_permit,pam_umask,pam_unix,pam_limits acct="root" exe="/usr/sbin/cron" hostname=? addr=? terminal=cron res=success'UID="root" AUID="root"
type=CRED_REFR msg=audit(1769265901.569:7792): pid=12587 uid=0 auid=0 ses=18 subj=unconfined msg='op=PAM:setcred grantors=pam_permit,pam_cap acct="root" exe="/usr/sbin/cron" hostname=? addr=? terminal=cron res=success'UID="root" AUID="root"
type=SYSCALL msg=audit(1769265901.569:7793): arch=c000003e syscall=59 success=yes exit=0 a0=5f9c7f2958a6 a1=7ffdd8ad8ba0 a2=5f9c7f2958e0 a3=5f9c7f2958a6 items=2 ppid=12586 pid=12587 auid=0 uid=0 gid=0 euid=0 suid=0 fsuid=0 egid=0 sgid=0 fsgid=0 tty=(none) ses=18 comm="sh" exe="/usr/bin/dash" subj=unconfined key="process_exec"ARCH=x86_64 SYSCALL=execve AUID="root" UID="root" GID="root" EUID="root" SUID="root" FSUID="root" EGID="root" SGID="root" FSGID="root"
type=EXECVE msg=audit(1769265901.569:7793): argc=3 a0="/bin/sh" a1="-c" a2=636F6D6D616E64202D762064656269616E2D736131203E202F6465762F6E756C6C2026262064656269616E2D73613120312031
type=CWD msg=audit(1769265901.569:7793): cwd="/root"
type=PATH msg=audit(1769265901.569:7793): item=0 name="/bin/sh" inode=1573518 dev=08:02 mode=0100755 ouid=0 ogid=0 rdev=00:00 nametype=NORMAL cap_fp=0 cap_fi=0 cap_fe=0 cap_fver=0 cap_frootid=0OUID="root" OGID="root"
type=PATH msg=audit(1769265901.569:7793): item=1 name="/lib64/ld-linux-x86-64.so.2" inode=1575340 dev=08:02 mode=0100755 ouid=0 ogid=0 rdev=00:00 nametype=NORMAL cap_fp=0 cap_fi=0 cap_fe=0 cap_fver=0 cap_frootid=0OUID="root" OGID="root"
type=PROCTITLE msg=audit(1769265901.569:7793): proctitle=2F62696E2F7368002D6300636F6D6D616E64202D762064656269616E2D736131203E202F6465762F6E756C6C2026262064656269616E2D73613120312031
type=SYSCALL msg=audit(1769265901.576:7794): arch=c000003e syscall=59 success=yes exit=0 a0=60839a951538 a1=60839a9514e0 a2=60839a951500 a3=8 items=3 ppid=12587 pid=12588 auid=0 uid=0 gid=0 euid=0 suid=0 fsuid=0 egid=0 sgid=0 fsgid=0 tty=(none) ses=18 comm="debian-sa1" exe="/usr/bin/dash" subj=unconfined key="process_exec"ARCH=x86_64 SYSCALL=execve AUID="root" UID="root" GID="root" EUID="root" SUID="root" FSUID="root" EGID="root" SGID="root" FSGID="root"
type=EXECVE msg=audit(1769265901.576:7794): argc=4 a0="/bin/sh" a1="/usr/lib/sysstat/debian-sa1" a2="1" a3="1"
type=CWD msg=audit(1769265901.576:7794): cwd="/root"
type=PATH msg=audit(1769265901.576:7794): item=0 name="/usr/lib/sysstat/debian-sa1" inode=1582333 dev=08:02 mode=0100755 ouid=0 ogid=0 rdev=00:00 nametype=NORMAL cap_fp=0 cap_fi=0 cap_fe=0 cap_fver=0 cap_frootid=0OUID="root" OGID="root"
type=PATH msg=audit(1769265901.576:7794): item=1 name="/bin/sh" inode=1573518 dev=08:02 mode=0100755 ouid=0 ogid=0 rdev=00:00 nametype=NORMAL cap_fp=0 cap_fi=0 cap_fe=0 cap_fver=0 cap_frootid=0OUID="root" OGID="root"
type=PATH msg=audit(1769265901.576:7794): item=2 name="/lib64/ld-linux-x86-64.so.2" inode=1575340 dev=08:02 mode=0100755 ouid=0 ogid=0 rdev=00:00 nametype=NORMAL cap_fp=0 cap_fi=0 cap_fe=0 cap_fver=0 cap_frootid=0OUID="root" OGID="root"
type=PROCTITLE msg=audit(1769265901.576:7794): proctitle=2F62696E2F7368002F7573722F6C69622F737973737461742F64656269616E2D73613100310031
type=CRED_DISP msg=audit(1769265901.582:7795): pid=12586 uid=0 auid=0 ses=18 subj=unconfined msg='op=PAM:setcred grantors=pam_permit acct="root" exe="/usr/sbin/cron" hostname=? addr=? terminal=cron res=success'UID="root" AUID="root"
type=USER_END msg=audit(1769265901.582:7796): pid=12586 uid=0 auid=0 ses=18 subj=unconfined msg='op=PAM:session_close grantors=pam_loginuid,pam_env,pam_env,pam_permit,pam_umask,pam_unix,pam_limits acct="root" exe="/usr/sbin/cron" hostname=? addr=? terminal=cron res=success'UID="root" AUID="root"
type=SYSCALL msg=audit(1769265904.096:7797): arch=c000003e syscall=59 success=yes exit=0 a0=63e9f9a6da90 a1=63e9f9a89a70 a2=63e9f9a5d7c0 a3=63e9f9a89a70 items=2 ppid=12573 pid=12589 auid=1000 uid=0 gid=0 euid=0 suid=0 fsuid=0 egid=0 sgid=0 fsgid=0 tty=pts3 ses=3 comm="ls" exe="/usr/bin/ls" subj=unconfined key="process_exec"ARCH=x86_64 SYSCALL=execve AUID="heroic" UID="root" GID="root" EUID="root" SUID="root" FSUID="root" EGID="root" SGID="root" FSGID="root"
type=EXECVE msg=audit(1769265904.096:7797): argc=2 a0="ls" a1="--color=auto"
type=CWD msg=audit(1769265904.096:7797): cwd="/home/heroic/Desktop"
type=PATH msg=audit(1769265904.096:7797): item=0 name="/usr/bin/ls" inode=1578104 dev=08:02 mode=0100755 ouid=0 ogid=0 rdev=00:00 nametype=NORMAL cap_fp=0 cap_fi=0 cap_fe=0 cap_fver=0 cap_frootid=0OUID="root" OGID="root"
type=PATH msg=audit(1769265904.096:7797): item=1 name="/lib64/ld-linux-x86-64.so.2" inode=1575340 dev=08:02 mode=0100755 ouid=0 ogid=0 rdev=00:00 nametype=NORMAL cap_fp=0 cap_fi=0 cap_fe=0 cap_fver=0 cap_frootid=0OUID="root" OGID="root"
type=PROCTITLE msg=audit(1769265904.096:7797): proctitle=6C73002D2D636F6C6F723D6175746F
type=SYSCALL msg=audit(1769265984.515:7798): arch=c000003e syscall=59 success=yes exit=0 a0=63e9f9a89fc0 a1=63e9f9a8a0c0 a2=63e9f9a5d7c0 a3=1 items=2 ppid=12573 pid=12597 auid=1000 uid=0 gid=0 euid=0 suid=0 fsuid=0 egid=0 sgid=0 fsgid=0 tty=pts3 ses=3 comm="sudo" exe="/usr/bin/sudo" subj=unconfined key="process_exec"ARCH=x86_64 SYSCALL=execve AUID="heroic" UID="root" GID="root" EUID="root" SUID="root" FSUID="root" EGID="root" SGID="root" FSGID="root"
type=EXECVE msg=audit(1769265984.515:7798): argc=4 a0="sudo" a1="cp" a2="/var/log/audit/audit.log" a3="hids_dataset/raw/benign.log"
type=CWD msg=audit(1769265984.515:7798): cwd="/home/heroic/Desktop"
type=PATH msg=audit(1769265984.515:7798): item=0 name="/usr/bin/sudo" inode=1574274 dev=08:02 mode=0104755 ouid=0 ogid=0 rdev=00:00 nametype=NORMAL cap_fp=0 cap_fi=0 cap_fe=0 cap_fver=0 cap_frootid=0OUID="root" OGID="root"
type=PATH msg=audit(1769265984.515:7798): item=1 name="/lib64/ld-linux-x86-64.so.2" inode=1575340 dev=08:02 mode=0100755 ouid=0 ogid=0 rdev=00:00 nametype=NORMAL cap_fp=0 cap_fi=0 cap_fe=0 cap_fver=0 cap_frootid=0OUID="root" OGID="root"
type=PROCTITLE msg=audit(1769265984.515:7798): proctitle=7375646F006370002F7661722F6C6F672F61756469742F61756469742E6C6F6700686964735F646174617365742F7261772F62656E69676E2E6C6F67
type=USER_ACCT msg=audit(1769265984.535:7799): pid=12597 uid=0 auid=1000 ses=3 subj=unconfined msg='op=PAM:accounting grantors=pam_permit,pam_localuser acct="root" exe="/usr/bin/sudo" hostname=? addr=? terminal=/dev/pts/3 res=success'UID="root" AUID="heroic"
type=USER_CMD msg=audit(1769265984.539:7800): pid=12597 uid=0 auid=1000 ses=3 subj=unconfined msg='cwd="/home/heroic/Desktop" cmd=6370202F7661722F6C6F672F61756469742F61756469742E6C6F6720686964735F646174617365742F7261772F62656E69676E2E6C6F67 exe="/usr/bin/sudo" terminal=pts/3 res=success'UID="root" AUID="heroic"
type=CRED_REFR msg=audit(1769265984.540:7801): pid=12597 uid=0 auid=1000 ses=3 subj=unconfined msg='op=PAM:setcred grantors=pam_permit,pam_cap acct="root" exe="/usr/bin/sudo" hostname=? addr=? terminal=/dev/pts/3 res=success'UID="root" AUID="heroic"
type=USER_START msg=audit(1769265984.541:7802): pid=12597 uid=0 auid=1000 ses=3 subj=unconfined msg='op=PAM:session_open grantors=pam_limits,pam_env,pam_env,pam_permit,pam_umask,pam_unix acct="root" exe="/usr/bin/sudo" hostname=? addr=? terminal=/dev/pts/3 res=success'UID="root" AUID="heroic"
type=SYSCALL msg=audit(1769265984.548:7803): arch=c000003e syscall=59 success=yes exit=0 a0=5b84be998b68 a1=5b84be9a8af0 a2=5b84bea3c840 a3=64 items=2 ppid=12598 pid=12599 auid=1000 uid=0 gid=0 euid=0 suid=0 fsuid=0 egid=0 sgid=0 fsgid=0 tty=pts4 ses=3 comm="cp" exe="/usr/bin/cp" subj=unconfined key="process_exec"ARCH=x86_64 SYSCALL=execve AUID="heroic" UID="root" GID="root" EUID="root" SUID="root" FSUID="root" EGID="root" SGID="root" FSGID="root"
type=EXECVE msg=audit(1769265984.548:7803): argc=3 a0="cp" a1="/var/log/audit/audit.log" a2="hids_dataset/raw/benign.log"
type=CWD msg=audit(1769265984.548:7803): cwd="/home/heroic/Desktop"
type=PATH msg=audit(1769265984.548:7803): item=0 name="/usr/bin/cp" inode=1578056 dev=08:02 mode=0100755 ouid=0 ogid=0 rdev=00:00 nametype=NORMAL cap_fp=0 cap_fi=0 cap_fe=0 cap_fver=0 cap_frootid=0OUID="root" OGID="root"
type=PATH msg=audit(1769265984.548:7803): item=1 name="/lib64/ld-linux-x86-64.so.2" inode=1575340 dev=08:02 mode=0100755 ouid=0 ogid=0 rdev=00:00 nametype=NORMAL cap_fp=0 cap_fi=0 cap_fe=0 cap_fver=0 cap_frootid=0OUID="root" OGID="root"
type=PROCTITLE msg=audit(1769265984.548:7803): proctitle=6370002F7661722F6C6F672F61756469742F61756469742E6C6F6700686964735F646174617365742F7261772F62656E69676E2E6C6F67
