type=USER_ACCT msg=audit(1769928974.681:6940): pid=8650 uid=652 auid=736 ses=3 subj=unconfined msg='op=PAM:accounting grantors=pam_permit,pam_localuser acct="heroic" exe="/usr/bin/python3" hostname=? addr=? terminal=/dev/pts/0 res=success'UID="heroic" AUID="heroic"
type=PATH msg=audit(1769928919.653:6364): item=1 name="/lib64/ld-linux-x86-64.so.2" inode=1575508 dev=8:2 mode=100439 ouid=0 ogid=0 rdev=0:0 nametype=NORMAL cap_fp=0 cap_fi=0 cap_fe=0 cap_fver=0 cap_frootid=0OUID="root" OGID="root"
type=CWD msg=audit(1769928445.713:7364): cwd=2F746D702F686964735F6D616C6963696F7573202864656C6574656429
type=CWD msg=audit(1769928839.1005:6589): cwd="/root"
type=PATH msg=audit(1769928668.476:4224): item=0 name="/usr/bin/whoami" inode=1578348 dev=8:2 mode=100537 ouid=0 ogid=0 rdev=0:0 nametype=NORMAL cap_fp=0 cap_fi=0 cap_fe=0 cap_fver=0 cap_frootid=0OUID="root" OGID="root"
type=SYSCALL msg=audit(1769929185.760:5364): arch=c000003e syscall=59 success=yes exit=0 a0=56902aa9bb68 a1=56902aaabba0 a2=56902aabe7a0 a3=64 items=2 ppid=5125 pid=9234 auid=970 uid=0 gid=0 euid=0 suid=0 fsuid=0 egid=0 sgid=0 fsgid=0 tty=pts4 ses=3 comm="last" exe="/usr/bin/sort" subj=unconfined key="process_exec"ARCH=x86_64 SYSCALL=execve AUID="heroic" UID="root" GID="root" EUID="root" SUID="root" FSUID="root" EGID="root" SGID="root" FSGID="root"
type=PATH msg=audit(1769928694.366:5573): item=1 name="/lib64/ld-linux-x86-64.so.2" inode=1575795 dev=8:2 mode=100574 ouid=0 ogid=0 rdev=0:0 nametype=NORMAL cap_fp=0 cap_fi=0 cap_fe=0 cap_fver=0 cap_frootid=0OUID="root" OGID="root"
type=EXECVE msg=audit(1769928702.343:10207): argc=3 a0="sudo" a1="tee" a2="/etc/cron.d/hids_persist"
type=USER_ACCT msg=audit(1769929115.732:8866): pid=1879 uid=854 auid=1318 ses=3 subj=unconfined msg='op=PAM:accounting grantors=pam_permit,pam_localuser acct="heroic" exe="/usr/bin/df" hostname=? addr=? terminal=/dev/pts/0 res=success'UID="heroic" AUID="heroic"
type=SYSCALL msg=audit(1769928501.945:6623): arch=c000003e syscall=419 success=yes exit=0 a0=ffffff9c a1=629b8502c4a0 a2=0 a3=629b8502d900 items=2 ppid=2364 pid=7081 auid=802 uid=0 gid=0 euid=0 suid=0 fsuid=0 egid=0 sgid=0 fsgid=0 tty=pts4 ses=3 comm="df" exe="/usr/bin/tail" subj=unconfined key="persistence"ARCH=x86_64 SYSCALL=unlinkat AUID="heroic" UID="root" GID="root" EUID="root" SUID="root" FSUID="root" EGID="root" SGID="root" FSGID="root"
type=CRED_DISP msg=audit(1769929048.200:7456): pid=908 uid=1056 auid=955 ses=3 subj=unconfined msg='op=PAM:setcred grantors=pam_permit acct="root" exe="/usr/bin/sudo" hostname=? addr=? terminal=/dev/pts/0 res=success'UID="heroic" AUID="heroic"
type=SYSCALL msg=audit(1769928449.1099:5917): arch=c000003e syscall=696 success=yes exit=3 a0=ffffff9c a1=7ffd4975272c a2=264 a3=1b6 items=2 ppid=9775 pid=5828 auid=1397 uid=0 gid=0 euid=0 suid=0 fsuid=0 egid=0 sgid=0 fsgid=0 tty=pts4 ses=3 comm="last" exe="/usr/bin/sudo" subj=unconfined key="persistence"ARCH=x86_64 SYSCALL=openat AUID="heroic" UID="root" GID="root" EUID="root" SUID="root" FSUID="root" EGID="root" SGID="root" FSGID="root"
type=EXECVE msg=audit(1769928788.633:6233): argc=2 a0="sleep" a1="5"
type=PATH msg=audit(1769929376.1067:6300): item=0 name="/etc/cron.d/" inode=1703732 dev=8:2 mode=40685 ouid=0 ogid=0 rdev=0:0 nametype=PARENT cap_fp=0 cap_fi=0 cap_fe=0 cap_fver=0 cap_frootid=0OUID="root" OGID="root"
type=EXECVE msg=audit(1769929106.1116:6389): argc=1 a0="bash"
type=PATH msg=audit(1769929181.614:7184): item=0 name="/usr/bin/rm" inode=1578162 dev=8:2 mode=101166 ouid=0 ogid=0 rdev=0:0 nametype=NORMAL cap_fp=0 cap_fi=0 cap_fe=0 cap_fver=0 cap_frootid=0OUID="root" OGID="root"
type=PATH msg=audit(1769928773.687:4578): item=1 name="/lib64/ld-linux-x86-64.so.2" inode=1575523 dev=8:2 mode=101014 ouid=0 ogid=0 rdev=0:0 nametype=NORMAL cap_fp=0 cap_fi=0 cap_fe=0 cap_fver=0 cap_frootid=0OUID="root" OGID="root"
type=EXECVE msg=audit(1769928919.522:5177): argc=2 a0="sleep" a1="90"
type=PROCTITLE msg=audit(1769929317.782:8968): proctitle=726D002D660066696C655F31302E6461740066696C655F31312E6461740066696C655F31322E6461740066696C655F31332E6461740066696C655F31342E6461740066696C655F31352E6461740066696C655F31362E6461740066696C655F31372E6461740066696C655F31382E6461740066696C655F31392E646174006669
type=PATH msg=audit(1769929256.242:5658): item=0 name="/usr/bin/id" inode=1577781 dev=8:2 mode=101093 ouid=0 ogid=0 rdev=0:0 nametype=NORMAL cap_fp=0 cap_fi=0 cap_fe=0 cap_fver=0 cap_frootid=0OUID="root" OGID="root"
type=CWD msg=audit(1769929232.711:6146): cwd="/var/ossec"
type=USER_START msg=audit(1769929084.854:9163): pid=1038 uid=813 auid=501 ses=3 subj=unconfined msg='op=PAM:session_open grantors=pam_limits,pam_env,pam_env,pam_permit,pam_umask,pam_unix acct="root" exe="/usr/bin/last" hostname=? addr=? terminal=/dev/pts/0 res=success'UID="heroic" AUID="heroic"
type=CWD msg=audit(1769928855.98:6827): cwd="/tmp"
type=PATH msg=audit(1769928793.399:5577): item=1 name="/lib64/ld-linux-x86-64.so.2" inode=1575769 dev=8:2 mode=101250 ouid=0 ogid=0 rdev=0:0 nametype=NORMAL cap_fp=0 cap_fi=0 cap_fe=0 cap_fver=0 cap_frootid=0OUID="root" OGID="root"
type=PROCTITLE msg=audit(1769928808.178:4019): proctitle=736F7274002D6B0034002D67
type=EXECVE msg=audit(1769929262.44:9488): argc=1 a0="bash"
type=EXECVE msg=audit(1769928533.1250:4623): argc=1 a0="bash"
type=CWD msg=audit(1769928445.182:10280): cwd="/home/heroic"
type=EXECVE msg=audit(1769929015.641:4262): argc=2 a0="sleep" a1="90"
type=EXECVE msg=audit(1769928693.1140:8041): argc=2 a0="uname" a1="-a"
type=EXECVE msg=audit(1769929403.356:6459): argc=2 a0="nautilus" a1="--version"
type=EXECVE msg=audit(1769929267.961:5804): argc=3 a0="chmod" a1="+x" a2="payload.sh"
type=CWD msg=audit(1769928584.781:6402): cwd="/home/heroic"
type=SYSCALL msg=audit(1769928655.118:8946): arch=c000003e syscall=59 success=yes exit=0 a0=64e1754d00f0 a1=64e1754cd360 a2=64e1754c38f0 a3=1 items=2 ppid=1652 pid=5737 auid=1427 uid=1173 gid=1463 euid=704 suid=1445 fsuid=1102 egid=651 sgid=1418 fsgid=1373 tty=pts0 ses=3 comm="sort" exe="/usr/bin/python3" subj=unconfined key="process_exec"ARCH=x86_64 SYSCALL=execve AUID="heroic" UID="heroic" GID="heroic" EUID="heroic" SUID="heroic" FSUID="heroic" EGID="heroic" SGID="heroic" FSGID="heroic"
type=USER_CMD msg=audit(1769929154.192:9049): pid=7000 uid=742 auid=904 ses=3 subj=unconfined msg='cwd="/home/heroic" cmd=726D202D66202F6574632F63726F6E2E642F686964735F70657273697374 exe="/usr/bin/netstat" terminal=pts/0 res=success'UID="heroic" AUID="heroic"
type=PATH msg=audit(1769928512.274:5490): item=0 name="/usr/bin/curl" inode=1573553 dev=8:2 mode=100325 ouid=0 ogid=0 rdev=0:0 nametype=NORMAL cap_fp=0 cap_fi=0 cap_fe=0 cap_fver=0 cap_frootid=0OUID="root" OGID="root"
type=SYSCALL msg=audit(1769928819.356:7053): arch=c000003e syscall=59 success=yes exit=0 a0=56a2ccca82d6 a1=7ffeb4c10500 a2=56a2ccca8380 a3=56a2ccca82d6 items=2 ppid=9728 pid=5539 auid=0 uid=0 gid=0 euid=0 suid=0 fsuid=0 egid=0 sgid=0 fsgid=0 tty=(none) ses=8 comm="sudo" exe="/usr/bin/sed" subj=unconfined key="process_exec"ARCH=x86_64 SYSCALL=execve AUID="root" UID="root" GID="root" EUID="root" SUID="root" FSUID="root" EGID="root" SGID="root" FSGID="root"
type=PATH msg=audit(1769928740.437:8418): item=0 name="/usr/bin/rm" inode=1578041 dev=8:2 mode=100798 ouid=0 ogid=0 rdev=0:0 nametype=NORMAL cap_fp=0 cap_fi=0 cap_fe=0 cap_fver=0 cap_frootid=0OUID="root" OGID="root"
type=SYSCALL msg=audit(1769929253.160:6321): arch=c000003e syscall=59 success=yes exit=0 a0=5da302dc88c0 a1=5da302dccab0 a2=5da302dc08f0 a3=5da302dc7a40 items=2 ppid=2860 pid=5682 auid=942 uid=572 gid=682 euid=643 suid=1433 fsuid=1298 egid=546 sgid=690 fsgid=1472 tty=pts0 ses=3 comm="sudo" exe="/usr/bin/tail" subj=unconfined key="process_exec"ARCH=x86_64 SYSCALL=execve AUID="heroic" UID="heroic" GID="heroic" EUID="heroic" SUID="heroic" FSUID="heroic" EGID="heroic" SGID="heroic" FSGID="heroic"
type=PATH msg=audit(1769929206.1315:6284): item=0 name="/usr/bin/sleep" inode=1578243 dev=8:2 mode=100944 ouid=0 ogid=0 rdev=0:0 nametype=NORMAL cap_fp=0 cap_fi=0 cap_fe=0 cap_fver=0 cap_frootid=0OUID="root" OGID="root"
type=CRED_REFR msg=audit(1769929384.678:6260): pid=8441 uid=0 auid=856 ses=5 subj=unconfined msg='op=PAM:setcred grantors=pam_permit,pam_cap acct="root" exe="/usr/bin/python3" hostname=? addr=? terminal=/dev/pts/1 res=success'UID="root" AUID="heroic"
type=PATH msg=audit(1769928726.597:6779): item=0 name="/usr/bin/bash" inode=1573413 dev=8:2 mode=100279 ouid=0 ogid=0 rdev=0:0 nametype=NORMAL cap_fp=0 cap_fi=0 cap_fe=0 cap_fver=0 cap_frootid=0OUID="root" OGID="root"
type=PROCTITLE msg=audit(1769929082.526:6575): proctitle=726D646972002F746D702F686964735F6D616C6963696F7573
type=CWD msg=audit(1769928422.331:6002): cwd="/root"
type=PATH msg=audit(1769928438.1246:5996): item=0 name="/usr/bin/mkdir" inode=1578151 dev=8:2 mode=101237 ouid=0 ogid=0 rdev=0:0 nametype=NORMAL cap_fp=0 cap_fi=0 cap_fe=0 cap_fver=0 cap_frootid=0OUID="root" OGID="root"
type=CWD msg=audit(1769928442.296:5698): cwd="/root"
type=CRED_REFR msg=audit(1769928722.418:6599): pid=6923 uid=0 auid=553 ses=5 subj=unconfined msg='op=PAM:setcred grantors=pam_permit,pam_cap acct="root" exe="/usr/bin/python3" hostname=? addr=? terminal=/dev/pts/1 res=success'UID="root" AUID="heroic"
type=PATH msg=audit(1769928793.449:5617): item=1 name="/lib64/ld-linux-x86-64.so.2" inode=1575503 dev=8:2 mode=100603 ouid=0 ogid=0 rdev=0:0 nametype=NORMAL cap_fp=0 cap_fi=0 cap_fe=0 cap_fver=0 cap_frootid=0OUID="root" OGID="root"
type=USER_END msg=audit(1769928428.1045:8620): pid=5004 uid=1372 auid=1222 ses=3 subj=unconfined msg='op=PAM:session_close grantors=pam_limits,pam_env,pam_env,pam_permit,pam_umask,pam_unix acct="root" exe="/usr/bin/netstat" hostname=? addr=? terminal=/dev/pts/0 res=success'UID="heroic" AUID="heroic"
type=PATH msg=audit(1769928722.688:6427): item=1 name="/bin/sh" inode=1573743 dev=8:2 mode=100804 ouid=0 ogid=0 rdev=0:0 nametype=NORMAL cap_fp=0 cap_fi=0 cap_fe=0 cap_fver=0 cap_frootid=0OUID="root" OGID="root"
type=CWD msg=audit(1769928598.741:4280): cwd="/tmp"
type=USER_CMD msg=audit(1769929134.413:5622): pid=4630 uid=906 auid=1091 ses=3 subj=unconfined msg='cwd="/var/ossec" cmd="whoami" exe="/usr/bin/sed" terminal=pts/0 res=success'UID="heroic" AUID="heroic"
type=USER_START msg=audit(1769928494.1237:9787): pid=10358 uid=0 auid=0 ses=8 subj=unconfined msg='op=PAM:session_open grantors=pam_loginuid,pam_env,pam_env,pam_permit,pam_umask,pam_unix,pam_limits acct="root" exe="/usr/bin/netstat" hostname=? addr=? terminal=cron res=success'UID="root" AUID="root"
type=CWD msg=audit(1769929175.992:5945): cwd="/usr/local/bin"
type=SYSCALL msg=audit(1769928864.837:6328): arch=c000003e syscall=59 success=yes exit=0 a0=64e1754d0750 a1=64e1754ca850 a2=64e1754c38f0 a3=64e1754ca850 items=2 ppid=1362 pid=4788 auid=504 uid=851 gid=1058 euid=0 suid=0 fsuid=0 egid=724 sgid=1351 fsgid=1103 tty=pts0 ses=3 comm="df" exe="/bin/sh" subj=unconfined key="process_exec"ARCH=x86_64 SYSCALL=execve AUID="heroic" UID="heroic" GID="heroic" EUID="root" SUID="root" FSUID="root" EGID="heroic" SGID="heroic" FSGID="heroic"
type=PATH msg=audit(1769929107.1439:7871): item=0 name="/usr/bin/whoami" inode=1578404 dev=8:2 mode=100515 ouid=0 ogid=0 rdev=0:0 nametype=NORMAL cap_fp=0 cap_fi=0 cap_fe=0 cap_fver=0 cap_frootid=0OUID="root" OGID="root"
type=SYSCALL msg=audit(1769928519.707:6200): arch=c000003e syscall=59 success=yes exit=0 a0=64e1754cb600 a1=64e1754cf790 a2=64e1754c38f0 a3=64e1754cf790 items=2 ppid=5199 pid=2144 auid=778 uid=937 gid=578 euid=1223 suid=1408 fsuid=543 egid=1133 sgid=702 fsgid=1271 tty=pts0 ses=3 comm="sed" exe="/usr/bin/sed" subj=unconfined key="process_exec"ARCH=x86_64 SYSCALL=execve AUID="heroic" UID="heroic" GID="heroic" EUID="heroic" SUID="heroic" FSUID="heroic" EGID="heroic" SGID="heroic" FSGID="heroic"
type=SYSCALL msg=audit(1769929127.727:5469): arch=c000003e syscall=59 success=yes exit=0 a0=5da302dc87a0 a1=5da302dc8800 a2=5da302dc08f0 a3=5da302dc8800 items=2 ppid=5557 pid=9461 auid=1088 uid=1115 gid=1081 euid=911 suid=566 fsuid=755 egid=1026 sgid=804 fsgid=1204 tty=pts0 ses=3 comm="tail" exe="/usr/bin/tail" subj=unconfined key="process_exec"ARCH=x86_64 SYSCALL=execve AUID="heroic" UID="heroic" GID="heroic" EUID="heroic" SUID="heroic" FSUID="heroic" EGID="heroic" SGID="heroic" FSGID="heroic"
type=EXECVE msg=audit(1769928709.539:7099): argc=1 a0="id"
type=PROCTITLE msg=audit(1769929035.692:4733): proctitle=7375646F00726D002D66002F6574632F63726F6E2E642F686964735F70657273697374
type=USER_ACCT msg=audit(1769928701.51:8118): pid=2027 uid=1137 auid=1189 ses=3 subj=unconfined msg='op=PAM:accounting grantors=pam_permit,pam_localuser acct="heroic" exe="/usr/bin/netstat" hostname=? addr=? terminal=/dev/pts/0 res=success'UID="heroic" AUID="heroic"
type=CRED_REFR msg=audit(1769929364.352:6356): pid=3218 uid=1134 auid=1278 ses=3 subj=unconfined msg='op=PAM:setcred grantors=pam_permit,pam_cap acct="root" exe="/usr/bin/last" hostname=? addr=? terminal=/dev/pts/0 res=success'UID="heroic" AUID="heroic"
type=SYSCALL msg=audit(1769929242.412:5625): arch=c000003e syscall=59 success=yes exit=0 a0=5da302dcd5f0 a1=5da302dcd5d0 a2=5da302dc08f0 a3=5da302dcd5d0 items=2 ppid=9137 pid=6388 auid=739 uid=1340 gid=1242 euid=0 suid=0 fsuid=0 egid=1099 sgid=1452 fsgid=682 tty=pts0 ses=3 comm="ss" exe="/usr/bin/sed" subj=unconfined key="process_exec"ARCH=x86_64 SYSCALL=execve AUID="heroic" UID="heroic" GID="heroic" EUID="root" SUID="root" FSUID="root" EGID="heroic" SGID="heroic" FSGID="heroic"
type=PATH msg=audit(1769928519.706:4408): item=1 name="/lib64/ld-linux-x86-64.so.2" inode=1575513 dev=8:2 mode=100689 ouid=0 ogid=0 rdev=0:0 nametype=NORMAL cap_fp=0 cap_fi=0 cap_fe=0 cap_fver=0 cap_frootid=0OUID="root" OGID="root"
type=PATH msg=audit(1769929168.244:8705): item=0 name="/usr/bin/sudo" inode=1574069 dev=8:2 mode=104355 ouid=0 ogid=0 rdev=0:0 nametype=NORMAL cap_fp=0 cap_fi=0 cap_fe=0 cap_fver=0 cap_frootid=0OUID="root" OGID="root"
type=USER_ACCT msg=audit(1769929311.367:9074): pid=3590 uid=1367 auid=1331 ses=3 subj=unconfined msg='op=PAM:accounting grantors=pam_permit,pam_localuser acct="heroic" exe="/usr/bin/sudo" hostname=? addr=? terminal=/dev/pts/0 res=success'UID="heroic" AUID="heroic"
type=LOGIN msg=audit(1769929244.1219:6655): pid=3920 uid=0 subj=unconfined old-auid=4294967631 auid=0 tty=(none) old-ses=4294967148 ses=9 res=1UID="root" OLD-AUID="unset" AUID="root"
type=CWD msg=audit(1769928692.519:9886): cwd="/root"
type=PATH msg=audit(1769929082.197:6660): item=1 name="/lib64/ld-linux-x86-64.so.2" inode=1575288 dev=8:2 mode=100529 ouid=0 ogid=0 rdev=0:0 nametype=NORMAL cap_fp=0 cap_fi=0 cap_fe=0 cap_fver=0 cap_frootid=0OUID="root" OGID="root"
type=CWD msg=audit(1769928724.425:6487): cwd="/root"
type=EXECVE msg=audit(1769928603.109:5567): argc=1 a0="bash"
type=USER_ACCT msg=audit(1769929322.805:5034): pid=5326 uid=986 auid=1304 ses=3 subj=unconfined msg='op=PAM:accounting grantors=pam_permit,pam_localuser acct="heroic" exe="/usr/bin/sed" hostname=? addr=? terminal=/dev/pts/0 res=success'UID="heroic" AUID="heroic"
type=SYSCALL msg=audit(1769928737.838:7510): arch=c000003e syscall=59 success=yes exit=0 a0=5dfa5a791a80 a1=5dfa5a7be670 a2=5dfa5a7907a0 a3=5dfa5a7bf120 items=2 ppid=3043 pid=8684 auid=1058 uid=0 gid=0 euid=0 suid=0 fsuid=0 egid=0 sgid=0 fsgid=0 tty=pts1 ses=5 comm="netstat" exe="/usr/bin/last" subj=unconfined key="process_exec"ARCH=x86_64 SYSCALL=execve AUID="heroic" UID="root" GID="root" EUID="root" SUID="root" FSUID="root" EGID="root" SGID="root" FSGID="root"
type=CWD msg=audit(1769928883.1163:6582): cwd="/usr/local/bin"
type=PATH msg=audit(1769928918.820:5513): item=1 name="/lib64/ld-linux-x86-64.so.2" inode=1575622 dev=8:2 mode=101119 ouid=0 ogid=0 rdev=0:0 nametype=NORMAL cap_fp=0 cap_fi=0 cap_fe=0 cap_fver=0 cap_frootid=0OUID="root" OGID="root"
type=EXECVE msg=audit(1769929076.825:9253): argc=4 a0="sort" a1="-k" a2="4" a3="-g"
type=EXECVE msg=audit(1769928607.963:3933): argc=2 a0="ps" a1="aux"
type=SERVICE_START msg=audit(1769928564.716:7067): pid=2965 uid=0 auid=4294967408 ses=4294967012 subj=unconfined msg='unit=fprintd comm="sh" exe="/usr/bin/last" hostname=? addr=? terminal=? res=success'UID="root" AUID="unset"
type=CRED_DISP msg=audit(1769928448.978:4303): pid=8255 uid=682 auid=1285 ses=3 subj=unconfined msg='op=PAM:setcred grantors=pam_permit acct="root" exe="/usr/bin/df" hostname=? addr=? terminal=/dev/pts/0 res=success'UID="heroic" AUID="heroic"
type=SYSCALL msg=audit(1769929314.12:4463): arch=c000003e syscall=695 success=yes exit=3 a0=ffffff9c a1=7ffe44fd772c a2=141 a3=1b6 items=2 ppid=7187 pid=3011 auid=843 uid=0 gid=0 euid=0 suid=0 fsuid=0 egid=0 sgid=0 fsgid=0 tty=pts4 ses=3 comm="tail" exe="/usr/bin/tail" subj=unconfined key="persistence"ARCH=x86_64 SYSCALL=openat AUID="heroic" UID="root" GID="root" EUID="root" SUID="root" FSUID="root" EGID="root" SGID="root" FSGID="root"
type=CWD msg=audit(1769929386.891:8860): cwd="/home/heroic"
type=SYSCALL msg=audit(1769929111.131:8709): arch=c000003e syscall=59 success=yes exit=0 a0=5ea55750ab68 a1=5ea55751aba0 a2=5ea55752d340 a3=64 items=2 ppid=5442 pid=9153 auid=1168 uid=0 gid=0 euid=0 suid=0 fsuid=0 egid=0 sgid=0 fsgid=0 tty=pts4 ses=3 comm="python" exe="/usr/bin/netstat" subj=unconfined key="process_exec"ARCH=x86_64 SYSCALL=execve AUID="heroic" UID="root" GID="root" EUID="root" SUID="root" FSUID="root" EGID="root" SGID="root" FSGID="root"
type=USER_END msg=audit(1769928437.340:6603): pid=5808 uid=711 auid=1246 ses=3 subj=unconfined msg='op=PAM:session_close grantors=pam_limits,pam_env,pam_env,pam_permit,pam_umask,pam_unix acct="root" exe="/usr/bin/tail" hostname=? addr=? terminal=/dev/pts/0 res=success'UID="heroic" AUID="heroic"
type=PATH msg=audit(1769928428.608:6941): item=0 name="/usr/bin/sleep" inode=1578465 dev=8:2 mode=100334 ouid=0 ogid=0 rdev=0:0 nametype=NORMAL cap_fp=0 cap_fi=0 cap_fe=0 cap_fver=0 cap_frootid=0OUID="root" OGID="root"
type=SYSCALL msg=audit(1769929191.446:7263): arch=c000003e syscall=59 success=yes exit=0 a0=5da302dc87c0 a1=5da302dc7270 a2=5da302dc08f0 a3=5da302dc87a0 items=2 ppid=3644 pid=5530 auid=620 uid=575 gid=1494 euid=932 suid=893 fsuid=898 egid=1129 sgid=853 fsgid=1481 tty=pts0 ses=3 comm="sort" exe="/usr/bin/last" subj=unconfined key="process_exec"ARCH=x86_64 SYSCALL=execve AUID="heroic" UID="heroic" GID="heroic" EUID="heroic" SUID="heroic" FSUID="heroic" EGID="heroic" SGID="heroic" FSGID="heroic"
type=PATH msg=audit(1769929407.825:5441): item=1 name="/lib64/ld-linux-x86-64.so.2" inode=1575416 dev=8:2 mode=100457 ouid=0 ogid=0 rdev=0:0 nametype=NORMAL cap_fp=0 cap_fi=0 cap_fe=0 cap_fver=0 cap_frootid=0OUID="root" OGID="root"
type=CWD msg=audit(1769929278.252:4523): cwd="/tmp"
type=CWD msg=audit(1769928716.535:9073): cwd="/var/ossec"
type=USER_END msg=audit(1769929050.1271:4984): pid=1608 uid=951 auid=933 ses=3 subj=unconfined msg='op=PAM:session_close grantors=pam_limits,pam_env,pam_env,pam_permit,pam_umask,pam_unix acct="root" exe="/usr/bin/python3" hostname=? addr=? terminal=/dev/pts/0 res=success'UID="heroic" AUID="heroic"
type=PROCTITLE msg=audit(1769929142.917:5789): proctitle=6375726C002D730066696C653A2F2F2F746D702F686964735F6D616C6963696F75732F7061796C6F61642E7368
type=CRED_DISP msg=audit(1769928475.1010:4135): pid=2460 uid=1317 auid=920 ses=3 subj=unconfined msg='op=PAM:setcred grantors=pam_permit acct="root" exe="/usr/bin/python3" hostname=? addr=? terminal=/dev/pts/0 res=success'UID="heroic" AUID="heroic"
type=CRED_REFR msg=audit(1769928520.1312:9672): pid=7388 uid=714 auid=1354 ses=3 subj=unconfined msg='op=PAM:setcred grantors=pam_permit,pam_cap acct="root" exe="/usr/bin/sort" hostname=? addr=? terminal=/dev/pts/0 res=success'UID="heroic" AUID="heroic"
type=PROCTITLE msg=audit(1769928565.145:7248): proctitle="bash"
type=USER_START msg=audit(1769928648.81:5529): pid=1643 uid=1346 auid=574 ses=3 subj=unconfined msg='op=PAM:session_open grantors=pam_limits,pam_env,pam_env,pam_permit,pam_umask,pam_unix acct="root" exe="/usr/bin/df" hostname=? addr=? terminal=/dev/pts/0 res=success'UID="heroic" AUID="heroic"
type=PROCTITLE msg=audit(1769928816.523:9381): proctitle=756E616D65002D61
type=CRED_REFR msg=audit(1769929079.363:8627): pid=2819 uid=692 auid=643 ses=3 subj=unconfined msg='op=PAM:setcred grantors=pam_permit,pam_cap acct="root" exe="/usr/bin/netstat" hostname=? addr=? terminal=/dev/pts/0 res=success'UID="heroic" AUID="heroic"
type=PATH msg=audit(1769928886.598:4983): item=0 name="/usr/bin/ps" inode=1574098 dev=8:2 mode=100991 ouid=0 ogid=0 rdev=0:0 nametype=NORMAL cap_fp=0 cap_fi=0 cap_fe=0 cap_fver=0 cap_frootid=0OUID="root" OGID="root"
type=EXECVE msg=audit(1769928481.89:8127): argc=1 a0="bash"
type=USER_CMD msg=audit(1769929383.931:4872): pid=8170 uid=636 auid=753 ses=3 subj=unconfined msg='cwd="/root" cmd=726D202D66202F6574632F63726F6E2E642F686964735F70657273697374 exe="/usr/bin/sort" terminal=pts/0 res=success'UID="heroic" AUID="heroic"
type=PATH msg=audit(1769928546.275:4252): item=1 name="/lib64/ld-linux-x86-64.so.2" inode=1575052 dev=8:2 mode=100635 ouid=0 ogid=0 rdev=0:0 nametype=NORMAL cap_fp=0 cap_fi=0 cap_fe=0 cap_fver=0 cap_frootid=0OUID="root" OGID="root"
type=EXECVE msg=audit(1769929313.801:9399): argc=1 a0="id"
type=PROCTITLE msg=audit(1769929075.981:6694): proctitle=726D002D660066696C655F31302E6461740066696C655F31312E6461740066696C655F31322E6461740066696C655F31332E6461740066696C655F31342E6461740066696C655F31352E6461740066696C655F31362E6461740066696C655F31372E6461740066696C655F31382E6461740066696C655F31392E646174006669
type=SYSCALL msg=audit(1769928569.961:6409): arch=c000003e syscall=59 success=yes exit=0 a0=64e1754cb940 a1=64e1754cfa10 a2=64e1754c38f0 a3=64e1754d03d0 items=2 ppid=3419 pid=2696 auid=739 uid=937 gid=1466 euid=594 suid=1145 fsuid=959 egid=600 sgid=827 fsgid=611 tty=pts0 ses=3 comm="ss" exe="/bin/sh" subj=unconfined key="process_exec"ARCH=x86_64 SYSCALL=execve AUID="heroic" UID="heroic" GID="heroic" EUID="heroic" SUID="heroic" FSUID="heroic" EGID="heroic" SGID="heroic" FSGID="heroic"
type=CWD msg=audit(1769928498.97:6940): cwd="/var/ossec"
type=CRED_REFR msg=audit(1769929328.310:7178): pid=3632 uid=848 auid=679 ses=3 subj=unconfined msg='op=PAM:setcred grantors=pam_permit,pam_cap acct="root" exe="/usr/bin/sort" hostname=? addr=? terminal=/dev/pts/0 res=success'UID="heroic" AUID="heroic"
type=SYSCALL msg=audit(1769928630.650:5344): arch=c000003e syscall=59 success=yes exit=0 a0=5732e69abb68 a1=5732e69bbba0 a2=5732e69ce7a0 a3=64 items=2 ppid=1816 pid=1963 auid=1482 uid=0 gid=0 euid=0 suid=0 fsuid=0 egid=0 sgid=0 fsgid=0 tty=pts4 ses=3 comm="netstat" exe="/usr/bin/python3" subj=unconfined key="process_exec"ARCH=x86_64 SYSCALL=execve AUID="heroic" UID="root" GID="root" EUID="root" SUID="root" FSUID="root" EGID="root" SGID="root" FSGID="root"
type=EXECVE msg=audit(1769929312.68:4951): argc=3 a0="sudo" a1="tee" a2="/etc/cron.d/hids_persist"
type=CWD msg=audit(1769929347.402:7467): cwd="/home/heroic"
type=PROCTITLE msg=audit(1769928747.412:9846): proctitle=7375646F002D6C
type=CWD msg=audit(1769928618.529:8743): cwd="/home/heroic"
type=CWD msg=audit(1769929182.225:5169): cwd="/tmp"
type=PROCTITLE msg=audit(1769928870.424:5400): proctitle=7375646F002D6C
type=CWD msg=audit(1769928587.1019:6707): cwd="/home/heroic"
type=EXECVE msg=audit(1769928724.397:6021): argc=1 a0="whoami"
type=PATH msg=audit(1769929342.523:5404): item=0 name="/usr/bin/mkdir" inode=1578021 dev=8:2 mode=100353 ouid=0 ogid=0 rdev=0:0 nametype=NORMAL cap_fp=0 cap_fi=0 cap_fe=0 cap_fver=0 cap_frootid=0OUID="root" OGID="root"
type=PROCTITLE msg=audit(1769928511.930:5523): proctitle=2F7573722F6C69622F73797374656D642F73797374656D642D6578656375746F72002D2D646573657269616C697A6500313139002D2D6C6F672D6C6576656C00696E666F002D2D6C6F672D746172676574006A6F75726E616C2D6F722D6B6D7367
type=USER_END msg=audit(1769929127.1366:7017): pid=3966 uid=1297 auid=1024 ses=3 subj=unconfined msg='op=PAM:session_close grantors=pam_limits,pam_env,pam_env,pam_permit,pam_umask,pam_unix acct="root" exe="/usr/bin/netstat" hostname=? addr=? terminal=/dev/pts/0 res=success'UID="heroic" AUID="heroic"
type=PATH msg=audit(1769928541.622:5658): item=1 name="/lib64/ld-linux-x86-64.so.2" inode=1575060 dev=8:2 mode=100540 ouid=0 ogid=0 rdev=0:0 nametype=NORMAL cap_fp=0 cap_fi=0 cap_fe=0 cap_fver=0 cap_frootid=0OUID="root" OGID="root"
type=SYSCALL msg=audit(1769929097.126:6126): arch=c000003e syscall=59 success=yes exit=0 a0=64e1754cb7a0 a1=64e1754cb800 a2=64e1754c38f0 a3=64e1754cb800 items=2 ppid=3735 pid=3120 auid=814 uid=1038 gid=918 euid=1046 suid=932 fsuid=1256 egid=1012 sgid=1145 fsgid=516 tty=pts0 ses=3 comm="sort" exe="/bin/sh" subj=unconfined key="process_exec"ARCH=x86_64 SYSCALL=execve AUID="heroic" UID="heroic" GID="heroic" EUID="heroic" SUID="heroic" FSUID="heroic" EGID="heroic" SGID="heroic" FSGID="heroic"
type=PATH msg=audit(1769929113.849:7886): item=0 name="/usr/bin/uname" inode=1578651 dev=8:2 mode=100329 ouid=0 ogid=0 rdev=0:0 nametype=NORMAL cap_fp=0 cap_fi=0 cap_fe=0 cap_fver=0 cap_frootid=0OUID="root" OGID="root"
type=CRED_ACQ msg=audit(1769928799.556:8094): pid=8705 uid=0 auid=4294966812 ses=4294967037 subj=unconfined msg='op=PAM:setcred grantors=pam_permit,pam_cap acct="root" exe="/usr/bin/sudo" hostname=? addr=? terminal=cron res=success'UID="root" AUID="unset"
type=PATH msg=audit(1769928629.396:6767): item=1 name="/lib64/ld-linux-x86-64.so.2" inode=1575181 dev=8:2 mode=100369 ouid=0 ogid=0 rdev=0:0 nametype=NORMAL cap_fp=0 cap_fi=0 cap_fe=0 cap_fver=0 cap_frootid=0OUID="root" OGID="root"
type=PATH msg=audit(1769929321.477:7561): item=0 name="/usr/lib/sysstat/debian-sa1" inode=1582678 dev=8:2 mode=101214 ouid=0 ogid=0 rdev=0:0 nametype=NORMAL cap_fp=0 cap_fi=0 cap_fe=0 cap_fver=0 cap_frootid=0OUID="root" OGID="root"
type=PATH msg=audit(1769928635.1314:4418): item=1 name="/lib64/ld-linux-x86-64.so.2" inode=1575665 dev=8:2 mode=100796 ouid=0 ogid=0 rdev=0:0 nametype=NORMAL cap_fp=0 cap_fi=0 cap_fe=0 cap_fver=0 cap_frootid=0OUID="root" OGID="root"
type=EXECVE msg=audit(1769928475.979:6307): argc=2 a0="ss" a1="-tulnp"
type=PATH msg=audit(1769929398.424:5583): item=0 name="/usr/bin/ps" inode=1574180 dev=8:2 mode=100700 ouid=0 ogid=0 rdev=0:0 nametype=NORMAL cap_fp=0 cap_fi=0 cap_fe=0 cap_fver=0 cap_frootid=0OUID="root" OGID="root"
type=EXECVE msg=audit(1769928633.546:6938): argc=3 a0="mkdir" a1="-p" a2="/tmp/hids_malicious"
type=CRED_DISP msg=audit(1769928607.189:5996): pid=5669 uid=511 auid=761 ses=3 subj=unconfined msg='op=PAM:setcred grantors=pam_permit acct="root" exe="/bin/sh" hostname=? addr=? terminal=/dev/pts/0 res=success'UID="heroic" AUID="heroic"
type=EXECVE msg=audit(1769929201.453:5278): argc=2 a0="ss" a1="-tulnp"
type=PATH msg=audit(1769929180.160:9047): item=1 name="/lib64/ld-linux-x86-64.so.2" inode=1575330 dev=8:2 mode=101222 ouid=0 ogid=0 rdev=0:0 nametype=NORMAL cap_fp=0 cap_fi=0 cap_fe=0 cap_fver=0 cap_frootid=0OUID="root" OGID="root"
type=PATH msg=audit(1769928664.394:5731): item=1 name="/lib64/ld-linux-x86-64.so.2" inode=1574926 dev=8:2 mode=100614 ouid=0 ogid=0 rdev=0:0 nametype=NORMAL cap_fp=0 cap_fi=0 cap_fe=0 cap_fver=0 cap_frootid=0OUID="root" OGID="root"
type=PROCTITLE msg=audit(1769928470.312:8863): proctitle=7375646F00746565002F6574632F63726F6E2E642F686964735F70657273697374
type=PROCTITLE msg=audit(1769928774.22:8430): proctitle=676A73002F7573722F73686172652F676E6F6D652D7368656C6C2F657874656E73696F6E732F64696E6740726173746572736F66742E636F6D2F6170702F64696E672E6A73002D45002D50002F7573722F73686172652F676E6F6D652D7368656C6C2F657874656E73696F6E732F64696E6740726173746572736F66742E636F
type=CWD msg=audit(1769928417.406:5949): cwd="/tmp"
type=PROCTITLE msg=audit(1769929128.745:9137): proctitle=726D002D660066696C655F31302E6461740066696C655F31312E6461740066696C655F31322E6461740066696C655F31332E6461740066696C655F31342E6461740066696C655F31352E6461740066696C655F31362E6461740066696C655F31372E6461740066696C655F31382E6461740066696C655F31392E646174006669
type=PATH msg=audit(1769928516.983:5135): item=0 name="/usr/bin/rm" inode=1578467 dev=8:2 mode=100828 ouid=0 ogid=0 rdev=0:0 nametype=NORMAL cap_fp=0 cap_fi=0 cap_fe=0 cap_fver=0 cap_frootid=0OUID="root" OGID="root"
type=PATH msg=audit(1769928727.99:7879): item=0 name="/proc/self/fd/9" inode=1596223 dev=8:2 mode=100447 ouid=0 ogid=0 rdev=0:0 nametype=NORMAL cap_fp=0 cap_fi=0 cap_fe=0 cap_fver=0 cap_frootid=0OUID="root" OGID="root"
type=CWD msg=audit(1769929143.976:7718): cwd="/home/heroic"
type=PATH msg=audit(1769928747.504:6662): item=0 name="/usr/bin/sleep" inode=1578116 dev=8:2 mode=100899 ouid=0 ogid=0 rdev=0:0 nametype=NORMAL cap_fp=0 cap_fi=0 cap_fe=0 cap_fver=0 cap_frootid=0OUID="root" OGID="root"
type=PATH msg=audit(1769928608.345:8731): item=0 name="/usr/bin/sudo" inode=1574168 dev=8:2 mode=104666 ouid=0 ogid=0 rdev=0:0 nametype=NORMAL cap_fp=0 cap_fi=0 cap_fe=0 cap_fver=0 cap_frootid=0OUID="root" OGID="root"
type=USER_END msg=audit(1769929143.429:9282): pid=1004 uid=845 auid=543 ses=3 subj=unconfined msg='op=PAM:session_close grantors=pam_limits,pam_env,pam_env,pam_permit,pam_umask,pam_unix acct="root" exe="/usr/bin/df" hostname=? addr=? terminal=/dev/pts/0 res=success'UID="heroic" AUID="heroic"
type=PATH msg=audit(1769929123.522:7581): item=1 name="/lib64/ld-linux-x86-64.so.2" inode=1575027 dev=8:2 mode=100909 ouid=0 ogid=0 rdev=0:0 nametype=NORMAL cap_fp=0 cap_fi=0 cap_fe=0 cap_fver=0 cap_frootid=0OUID="root" OGID="root"
type=PATH msg=audit(1769929353.667:4741): item=1 name="/lib64/ld-linux-x86-64.so.2" inode=1575085 dev=8:2 mode=101217 ouid=0 ogid=0 rdev=0:0 nametype=NORMAL cap_fp=0 cap_fi=0 cap_fe=0 cap_fver=0 cap_frootid=0OUID="root" OGID="root"
type=PATH msg=audit(1769928654.566:6140): item=1 name="/lib64/ld-linux-x86-64.so.2" inode=1575001 dev=8:2 mode=100258 ouid=0 ogid=0 rdev=0:0 nametype=NORMAL cap_fp=0 cap_fi=0 cap_fe=0 cap_fver=0 cap_frootid=0OUID="root" OGID="root"
type=PROCTITLE msg=audit(1769929288.103:5698): proctitle=726D002D660066696C655F31302E6461740066696C655F31312E6461740066696C655F31322E6461740066696C655F31332E6461740066696C655F31342E6461740066696C655F31352E6461740066696C655F31362E6461740066696C655F31372E6461740066696C655F31382E6461740066696C655F31392E646174006669
type=CWD msg=audit(1769929128.99:6501): cwd="/usr/local/bin"
type=USER_ACCT msg=audit(1769928437.1418:8860): pid=7620 uid=1388 auid=820 ses=3 subj=unconfined msg='op=PAM:accounting grantors=pam_permit,pam_localuser acct="heroic" exe="/usr/bin/tail" hostname=? addr=? terminal=/dev/pts/0 res=success'UID="heroic" AUID="heroic"
type=PATH msg=audit(1769928866.863:9703): item=0 name="/usr/bin/tee" inode=1578058 dev=8:2 mode=101140 ouid=0 ogid=0 rdev=0:0 nametype=NORMAL cap_fp=0 cap_fi=0 cap_fe=0 cap_fver=0 cap_frootid=0OUID="root" OGID="root"
type=PATH msg=audit(1769928741.745:4181): item=0 name="/bin/sh" inode=1573744 dev=8:2 mode=100393 ouid=0 ogid=0 rdev=0:0 nametype=NORMAL cap_fp=0 cap_fi=0 cap_fe=0 cap_fver=0 cap_frootid=0OUID="root" OGID="root"
type=PATH msg=audit(1769928680.955:5493): item=0 name="/usr/bin/sudo" inode=1574546 dev=8:2 mode=104507 ouid=0 ogid=0 rdev=0:0 nametype=NORMAL cap_fp=0 cap_fi=0 cap_fe=0 cap_fver=0 cap_frootid=0OUID="root" OGID="root"
type=PATH msg=audit(1769929154.382:8131): item=1 name="/etc/cron.d/hids_persist" inode=1704122 dev=8:2 mode=100640 ouid=0 ogid=0 rdev=0:0 nametype=CREATE cap_fp=0 cap_fi=0 cap_fe=0 cap_fver=0 cap_frootid=0OUID="root" OGID="root"
type=PATH msg=audit(1769928744.540:7266): item=1 name="/lib64/ld-linux-x86-64.so.2" inode=1575270 dev=8:2 mode=100994 ouid=0 ogid=0 rdev=0:0 nametype=NORMAL cap_fp=0 cap_fi=0 cap_fe=0 cap_fver=0 cap_frootid=0OUID="root" OGID="root"
type=CWD msg=audit(1769928987.628:7295): cwd="/root"
type=USER_ACCT msg=audit(1769929360.926:4691): pid=8025 uid=1442 auid=789 ses=3 subj=unconfined msg='op=PAM:accounting grantors=pam_permit,pam_localuser acct="heroic" exe="/usr/bin/df" hostname=? addr=? terminal=/dev/pts/0 res=success'UID="heroic" AUID="heroic"
type=SYSCALL msg=audit(1769929109.244:8429): arch=c000003e syscall=59 success=yes exit=0 a0=7ffd2e5d34c0 a1=7ffd2e5d34e0 a2=7ffd2e5d3fd0 a3=8 items=2 ppid=8962 pid=6452 auid=4294967142 uid=0 gid=0 euid=0 suid=0 fsuid=0 egid=0 sgid=0 fsgid=0 tty=(none) ses=4294967766 comm="ss" exe="/usr/bin/tail" subj=unconfined key="process_exec"ARCH=x86_64 SYSCALL=execve AUID="unset" UID="root" GID="root" EUID="root" SUID="root" FSUID="root" EGID="root" SGID="root" FSGID="root"
type=PATH msg=audit(1769928475.382:7855): item=1 name="/lib64/ld-linux-x86-64.so.2" inode=1575395 dev=8:2 mode=100303 ouid=0 ogid=0 rdev=0:0 nametype=NORMAL cap_fp=0 cap_fi=0 cap_fe=0 cap_fver=0 cap_frootid=0OUID="root" OGID="root"
type=PATH msg=audit(1769928652.725:4869): item=0 name="/usr/bin/ps" inode=1574320 dev=8:2 mode=100690 ouid=0 ogid=0 rdev=0:0 nametype=NORMAL cap_fp=0 cap_fi=0 cap_fe=0 cap_fver=0 cap_frootid=0OUID="root" OGID="root"
type=PROCTITLE msg=audit(1769929395.605:6205): proctitle=6370002F7661722F6C6F672F61756469742F61756469742E6C6F67002F726F6F742F4465736B746F702F686964735F646174617365742F7261772F6D616C6963696F75735F72656D6F74652E6C6F67
type=PATH msg=audit(1769928542.219:6136): item=0 name="/usr/bin/sudo" inode=1573907 dev=8:2 mode=105221 ouid=0 ogid=0 rdev=0:0 nametype=NORMAL cap_fp=0 cap_fi=0 cap_fe=0 cap_fver=0 cap_frootid=0OUID="root" OGID="root"
type=CWD msg=audit(1769928869.834:5761): cwd="/usr/local/bin"
type=EXECVE msg=audit(1769928564.422:8684): argc=3 a0="chmod" a1="+x" a2="payload.sh"
type=EXECVE msg=audit(1769928467.314:4272): argc=4 a0="sudo" a1="rm" a2="-f" a3="/etc/cron.d/hids_persist"
type=CWD msg=audit(1769928707.504:7817): cwd=2F746D702F686964735F6D616C6963696F7573202864656C6574656429
type=PROCTITLE msg=audit(1769928421.1031:9451): proctitle=736C656570003930
type=CRED_DISP msg=audit(1769928588.214:7153): pid=2755 uid=0 auid=960 ses=5 subj=unconfined msg='op=PAM:setcred grantors=pam_rootok acct="root" exe="/usr/bin/sort" hostname=? addr=? terminal=/dev/pts/1 res=success'UID="root" AUID="heroic"
type=PATH msg=audit(1769928875.1046:7557): item=1 name="/lib64/ld-linux-x86-64.so.2" inode=1575127 dev=8:2 mode=100962 ouid=0 ogid=0 rdev=0:0 nametype=NORMAL cap_fp=0 cap_fi=0 cap_fe=0 cap_fver=0 cap_frootid=0OUID="root" OGID="root"
type=PROCTITLE msg=audit(1769929024.664:4434): proctitle=736C6565700035
type=PATH msg=audit(1769928692.68:9624): item=1 name="/lib64/ld-linux-x86-64.so.2" inode=1575649 dev=8:2 mode=100363 ouid=0 ogid=0 rdev=0:0 nametype=NORMAL cap_fp=0 cap_fi=0 cap_fe=0 cap_fver=0 cap_frootid=0OUID="root" OGID="root"
type=PATH msg=audit(1769928965.705:4281): item=1 name="/lib64/ld-linux-x86-64.so.2" inode=1575109 dev=8:2 mode=100287 ouid=0 ogid=0 rdev=0:0 nametype=NORMAL cap_fp=0 cap_fi=0 cap_fe=0 cap_fver=0 cap_frootid=0OUID="root" OGID="root"
type=EXECVE msg=audit(1769928806.632:9053): argc=4 a0="sudo" a1="rm" a2="-f" a3="/etc/cron.d/hids_persist"
type=EXECVE msg=audit(1769929128.972:4682): argc=3 a0="curl" a1="-s" a2="file:///tmp/hids_malicious/payload.sh"
type=PATH msg=audit(1769928575.813:6338): item=1 name="/lib64/ld-linux-x86-64.so.2" inode=1574904 dev=8:2 mode=101139 ouid=0 ogid=0 rdev=0:0 nametype=NORMAL cap_fp=0 cap_fi=0 cap_fe=0 cap_fver=0 cap_frootid=0OUID="root" OGID="root"
type=PATH msg=audit(1769928752.846:6702): item=0 name="/usr/bin/ss" inode=1573860 dev=8:2 mode=100827 ouid=0 ogid=0 rdev=0:0 nametype=NORMAL cap_fp=0 cap_fi=0 cap_fe=0 cap_fver=0 cap_frootid=0OUID="root" OGID="root"
type=PATH msg=audit(1769928626.313:8369): item=1 name="/lib64/ld-linux-x86-64.so.2" inode=1575483 dev=8:2 mode=100842 ouid=0 ogid=0 rdev=0:0 nametype=NORMAL cap_fp=0 cap_fi=0 cap_fe=0 cap_fver=0 cap_frootid=0OUID="root" OGID="root"
type=PATH msg=audit(1769928428.404:8136): item=0 name="/usr/bin/sudo" inode=1574027 dev=8:2 mode=104863 ouid=0 ogid=0 rdev=0:0 nametype=NORMAL cap_fp=0 cap_fi=0 cap_fe=0 cap_fver=0 cap_frootid=0OUID="root" OGID="root"
type=CWD msg=audit(1769928489.447:5771): cwd=2F746D702F686964735F6D616C6963696F7573202864656C6574656429
type=PATH msg=audit(1769928853.1089:5370): item=0 name="/usr/bin/tee" inode=1577807 dev=8:2 mode=100807 ouid=0 ogid=0 rdev=0:0 nametype=NORMAL cap_fp=0 cap_fi=0 cap_fe=0 cap_fver=0 cap_frootid=0OUID="root" OGID="root"
type=PATH msg=audit(1769929174.807:6801): item=1 name="/lib64/ld-linux-x86-64.so.2" inode=1575634 dev=8:2 mode=100846 ouid=0 ogid=0 rdev=0:0 nametype=NORMAL cap_fp=0 cap_fi=0 cap_fe=0 cap_fver=0 cap_frootid=0OUID="root" OGID="root"
type=CWD msg=audit(1769929194.358:4128): cwd="/var/ossec"
type=EXECVE msg=audit(1769929320.35:6090): argc=58 a0="rm" a1="-f" a2="file_10.dat" a3="file_11.dat" a4="file_12.dat" a5="file_13.dat" a6="file_14.dat" a7="file_15.dat" a8="file_16.dat" a9="file_17.dat" a10="file_18.dat" a11="file_19.dat" a12="file_1.dat" a13="file_20.dat" a14="file_21.dat" a15="file_22.dat" a16="file_23.dat" a17="file_24.dat" a18="file_25.dat" a19="file_26.dat" a20="file_27.dat" a21="file_28.dat" a22="file_29.dat" a23="file_2.dat" a24="file_30.dat" a25="file_31.dat" a26="file_32.dat" a27="file_33.dat" a28="file_34.dat" a29="file_35.dat" a30="file_36.dat" a31="file_37.dat" a32="file_38.dat" a33="file_39.dat" a34="file_3.dat" a35="file_40.dat" a36="file_41.dat" a37="file_42.dat" a38="file_43.dat" a39="file_44.dat" a40="file_45.dat" a41="file_46.dat" a42="file_47.dat" a43="file_48.dat" a44="file_49.dat" a45="file_4.dat" a46="file_50.dat" a47="file_5.dat" a48="file_6.dat" a49="file_7.dat" a50="file_8.dat" a51="file_9.dat" a52="payload.sh" a53="recon.txt" a54="netstat.txt" a55="processes.txt" a56="sudo_enum.txt" a57="sudo_test.txt"
type=PROCTITLE msg=audit(1769928470.431:5997): proctitle=6C73002D2D636F6C6F723D6175746F
type=PATH msg=audit(1769928966.621:8814): item=1 name="/lib64/ld-linux-x86-64.so.2" inode=1575475 dev=8:2 mode=100653 ouid=0 ogid=0 rdev=0:0 nametype=NORMAL cap_fp=0 cap_fi=0 cap_fe=0 cap_fver=0 cap_frootid=0OUID="root" OGID="root"
type=CWD msg=audit(1769928974.106:8208): cwd="/usr/local/bin"
type=CWD msg=audit(1769929182.14:9096): cwd="/tmp"
type=PATH msg=audit(1769928896.279:5974): item=1 name="/lib64/ld-linux-x86-64.so.2" inode=1575793 dev=8:2 mode=100372 ouid=0 ogid=0 rdev=0:0 nametype=NORMAL cap_fp=0 cap_fi=0 cap_fe=0 cap_fver=0 cap_frootid=0OUID="root" OGID="root"
type=USER_ACCT msg=audit(1769928554.643:5263): pid=6063 uid=1263 auid=1300 ses=3 subj=unconfined msg='op=PAM:accounting grantors=pam_permit,pam_localuser acct="heroic" exe="/bin/sh" hostname=? addr=? terminal=/dev/pts/0 res=success'UID="heroic" AUID="heroic"
type=PROCTITLE msg=audit(1769928684.96:6324): proctitle=6D6B646972002D70002F746D702F686964735F6D616C6963696F7573
type=CWD msg=audit(1769929203.407:8269): cwd="/var/ossec"
type=SYSCALL msg=audit(1769929135.640:6472): arch=c000003e syscall=128 success=yes exit=0 a0=ffffff9c a1=5c17cc45a4a0 a2=0 a3=5c17cc45b900 items=2 ppid=4625 pid=3408 auid=890 uid=0 gid=0 euid=0 suid=0 fsuid=0 egid=0 sgid=0 fsgid=0 tty=pts4 ses=3 comm="sort" exe="/usr/bin/python3" subj=unconfined key="persistence"ARCH=x86_64 SYSCALL=unlinkat AUID="heroic" UID="root" GID="root" EUID="root" SUID="root" FSUID="root" EGID="root" SGID="root" FSGID="root"
type=SYSCALL msg=audit(1769929214.1146:7658): arch=c000003e syscall=59 success=yes exit=0 a0=64e1754cf870 a1=64e1754caa40 a2=64e1754c38f0 a3=64e1754caa40 items=2 ppid=7943 pid=1827 auid=1140 uid=1071 gid=1237 euid=686 suid=1243 fsuid=693 egid=1256 sgid=1284 fsgid=1311 tty=pts0 ses=3 comm="sed" exe="/usr/bin/tail" subj=unconfined key="process_exec"ARCH=x86_64 SYSCALL=execve AUID="heroic" UID="heroic" GID="heroic" EUID="heroic" SUID="heroic" FSUID="heroic" EGID="heroic" SGID="heroic" FSGID="heroic"
type=PATH msg=audit(1769928486.240:9217): item=1 name="/lib64/ld-linux-x86-64.so.2" inode=1575398 dev=8:2 mode=100984 ouid=0 ogid=0 rdev=0:0 nametype=NORMAL cap_fp=0 cap_fi=0 cap_fe=0 cap_fver=0 cap_frootid=0OUID="root" OGID="root"
type=SYSCALL msg=audit(1769929220.873:5064): arch=c000003e syscall=59 success=yes exit=0 a0=5da302dcd5f0 a1=5da302dcc400 a2=5da302dc08f0 a3=5da302dcd5d0 items=2 ppid=3375 pid=10329 auid=1034 uid=549 gid=795 euid=530 suid=740 fsuid=1274 egid=629 sgid=1391 fsgid=559 tty=pts0 ses=3 comm="sudo" exe="/usr/bin/sudo" subj=unconfined key="process_exec"ARCH=x86_64 SYSCALL=execve AUID="heroic" UID="heroic" GID="heroic" EUID="heroic" SUID="heroic" FSUID="heroic" EGID="heroic" SGID="heroic" FSGID="heroic"
type=CWD msg=audit(1769928658.987:6909): cwd="/var/ossec"
type=CRED_REFR msg=audit(1769929111.893:4589): pid=7026 uid=1383 auid=538 ses=3 subj=unconfined msg='op=PAM:setcred grantors=pam_permit,pam_cap acct="root" exe="/usr/bin/df" hostname=? addr=? terminal=/dev/pts/0 res=success'UID="heroic" AUID="heroic"
type=PATH msg=audit(1769928917.328:5436): item=1 name="/lib64/ld-linux-x86-64.so.2" inode=1575601 dev=8:2 mode=100384 ouid=0 ogid=0 rdev=0:0 nametype=NORMAL cap_fp=0 cap_fi=0 cap_fe=0 cap_fver=0 cap_frootid=0OUID="root" OGID="root"
type=USER_START msg=audit(1769928708.1334:5161): pid=6644 uid=619 auid=514 ses=3 subj=unconfined msg='op=PAM:session_open grantors=pam_limits,pam_env,pam_env,pam_permit,pam_umask,pam_unix acct="root" exe="/usr/bin/sort" hostname=? addr=? terminal=/dev/pts/0 res=success'UID="heroic" AUID="heroic"
type=CWD msg=audit(1769928742.716:5402): cwd=2F746D702F686964735F6D616C6963696F7573202864656C6574656429
type=EXECVE msg=audit(1769928728.265:7774): argc=2 a0="sleep" a1="5"
type=CWD msg=audit(1769928957.336:4540): cwd="/root"
type=PROCTITLE msg=audit(1769929263.191:8467): proctitle=7375646F00746565002F6574632F63726F6E2E642F686964735F70657273697374
type=EXECVE msg=audit(1769929324.456:7124): argc=2 a0="sleep" a1="5"
type=EXECVE msg=audit(1769929371.1101:9063): argc=2 a0="sleep" a1="5"
type=CRED_REFR msg=audit(1769929234.223:8606): pid=5633 uid=1477 auid=655 ses=3 subj=unconfined msg='op=PAM:setcred grantors=pam_permit,pam_cap acct="root" exe="/usr/bin/sudo" hostname=? addr=? terminal=/dev/pts/0 res=success'UID="heroic" AUID="heroic"
type=SYSCALL msg=audit(1769928711.993:4966): arch=c000003e syscall=59 success=yes exit=0 a0=5da302dc7dc0 a1=5da302dc2360 a2=5da302dc08f0 a3=5da302dc2950 items=2 ppid=6983 pid=7927 auid=706 uid=611 gid=1269 euid=1262 suid=943 fsuid=1341 egid=1180 sgid=674 fsgid=873 tty=pts0 ses=3 comm="last" exe="/usr/bin/sort" subj=unconfined key="process_exec"ARCH=x86_64 SYSCALL=execve AUID="heroic" UID="heroic" GID="heroic" EUID="heroic" SUID="heroic" FSUID="heroic" EGID="heroic" SGID="heroic" FSGID="heroic"
type=USER_ACCT msg=audit(1769929299.570:9037): pid=1161 uid=1361 auid=812 ses=3 subj=unconfined msg='op=PAM:accounting grantors=pam_permit,pam_localuser acct="heroic" exe="/usr/bin/sed" hostname=? addr=? terminal=/dev/pts/0 res=success'UID="heroic" AUID="heroic"
type=PROCTITLE msg=audit(1769929231.69:7027): proctitle=7375646F0077686F616D69
type=SERVICE_START msg=audit(1769929105.520:5869): pid=2385 uid=0 auid=4294967630 ses=4294967649 subj=unconfined msg='unit=NetworkManager-dispatcher comm="sudo" exe="/usr/bin/last" hostname=? addr=? terminal=? res=success'UID="root" AUID="unset"
type=SYSCALL msg=audit(1769928925.713:6460): arch=c000003e syscall=59 success=yes exit=0 a0=64e1754d05d0 a1=64e1754d03d0 a2=64e1754c38f0 a3=64e1754d03d0 items=2 ppid=7212 pid=3846 auid=552 uid=769 gid=1056 euid=1378 suid=837 fsuid=537 egid=827 sgid=1480 fsgid=1043 tty=pts0 ses=3 comm="df" exe="/usr/bin/last" subj=unconfined key="process_exec"ARCH=x86_64 SYSCALL=execve AUID="heroic" UID="heroic" GID="heroic" EUID="heroic" SUID="heroic" FSUID="heroic" EGID="heroic" SGID="heroic" FSGID="heroic"
type=EXECVE msg=audit(1769929372.866:6203): argc=58 a0="rm" a1="-f" a2="file_10.dat" a3="file_11.dat" a4="file_12.dat" a5="file_13.dat" a6="file_14.dat" a7="file_15.dat" a8="file_16.dat" a9="file_17.dat" a10="file_18.dat" a11="file_19.dat" a12="file_1.dat" a13="file_20.dat" a14="file_21.dat" a15="file_22.dat" a16="file_23.dat" a17="file_24.dat" a18="file_25.dat" a19="file_26.dat" a20="file_27.dat" a21="file_28.dat" a22="file_29.dat" a23="file_2.dat" a24="file_30.dat" a25="file_31.dat" a26="file_32.dat" a27="file_33.dat" a28="file_34.dat" a29="file_35.dat" a30="file_36.dat" a31="file_37.dat" a32="file_38.dat" a33="file_39.dat" a34="file_3.dat" a35="file_40.dat" a36="file_41.dat" a37="file_42.dat" a38="file_43.dat" a39="file_44.dat" a40="file_45.dat" a41="file_46.dat" a42="file_47.dat" a43="file_48.dat" a44="file_49.dat" a45="file_4.dat" a46="file_50.dat" a47="file_5.dat" a48="file_6.dat" a49="file_7.dat" a50="file_8.dat" a51="file_9.dat" a52="payload.sh" a53="recon.txt" a54="netstat.txt" a55="processes.txt" a56="sudo_enum.txt" a57="sudo_test.txt"
type=CWD msg=audit(1769928951.327:4595): cwd="/tmp"
type=SYSCALL msg=audit(1769928415.459:5011): arch=c000003e syscall=59 success=yes exit=0 a0=5da302dc8600 a1=5da302dcde60 a2=5da302dc08f0 a3=5da302dcde60 items=2 ppid=5169 pid=9360 auid=736 uid=561 gid=1185 euid=0 suid=0 fsuid=0 egid=1192 sgid=632 fsgid=1380 tty=pts0 ses=3 comm="sudo" exe="/usr/bin/df" subj=unconfined key="process_exec"ARCH=x86_64 SYSCALL=execve AUID="heroic" UID="heroic" GID="heroic" EUID="root" SUID="root" FSUID="root" EGID="heroic" SGID="heroic" FSGID="heroic"
type=SYSCALL msg=audit(1769928969.625:8698): arch=c000003e syscall=59 success=yes exit=0 a0=575d1a1750c0 a1=575d1a1751c0 a2=575d1a1744b0 a3=575d1a175990 items=3 ppid=4396 pid=6196 auid=4294967491 uid=0 gid=0 euid=0 suid=0 fsuid=0 egid=0 sgid=0 fsgid=0 tty=(none) ses=4294967248 comm="sudo" exe="/usr/bin/sort" subj=unconfined key="process_exec"ARCH=x86_64 SYSCALL=execve AUID="unset" UID="root" GID="root" EUID="root" SUID="root" FSUID="root" EGID="root" SGID="root" FSGID="root"
type=PATH msg=audit(1769928459.478:5749): item=1 name="/lib64/ld-linux-x86-64.so.2" inode=1575116 dev=8:2 mode=100452 ouid=0 ogid=0 rdev=0:0 nametype=NORMAL cap_fp=0 cap_fi=0 cap_fe=0 cap_fver=0 cap_frootid=0OUID="root" OGID="root"
type=EXECVE msg=audit(1769929332.517:5593): argc=2 a0="rmdir" a1="/tmp/hids_malicious"
type=USER_START msg=audit(1769928530.729:6533): pid=6835 uid=0 auid=593 ses=5 subj=unconfined msg='op=PAM:session_open grantors=pam_limits,pam_env,pam_env,pam_permit,pam_umask,pam_unix acct="root" exe="/usr/bin/sort" hostname=? addr=? terminal=/dev/pts/1 res=success'UID="root" AUID="heroic"
type=PATH msg=audit(1769928413.251:7649): item=1 name="/lib64/ld-linux-x86-64.so.2" inode=1575811 dev=8:2 mode=101044 ouid=0 ogid=0 rdev=0:0 nametype=NORMAL cap_fp=0 cap_fi=0 cap_fe=0 cap_fver=0 cap_frootid=0OUID="root" OGID="root"
type=EXECVE msg=audit(1769929226.126:7289): argc=3 a0="curl" a1="-s" a2="file:///tmp/hids_malicious/payload.sh"
type=PROCTITLE msg=audit(1769928650.468:5444): proctitle=6375726C002D730066696C653A2F2F2F746D702F686964735F6D616C6963696F75732F7061796C6F61642E7368
type=PROCTITLE msg=audit(1769928966.1233:4467): proctitle=7375646F002D6C
type=PATH msg=audit(1769929158.495:4097): item=0 name="/usr/libexec/nm-dispatcher" inode=1586361 dev=8:2 mode=100859 ouid=0 ogid=0 rdev=0:0 nametype=NORMAL cap_fp=0 cap_fi=0 cap_fe=0 cap_fver=0 cap_frootid=0OUID="root" OGID="root"
type=PROCTITLE msg=audit(1769928456.1076:8128): proctitle=7375646F00726D002D66002F6574632F63726F6E2E642F686964735F70657273697374
type=SYSCALL msg=audit(1769929077.443:5288): arch=c000003e syscall=59 success=yes exit=0 a0=64e1754d05d0 a1=64e1754d0630 a2=64e1754c38f0 a3=64e1754d0630 items=2 ppid=3443 pid=3551 auid=1146 uid=770 gid=1274 euid=1445 suid=1042 fsuid=1334 egid=1027 sgid=890 fsgid=751 tty=pts0 ses=3 comm="df" exe="/usr/bin/sed" subj=unconfined key="process_exec"ARCH=x86_64 SYSCALL=execve AUID="heroic" UID="heroic" GID="heroic" EUID="heroic" SUID="heroic" FSUID="heroic" EGID="heroic" SGID="heroic" FSGID="heroic"
type=CRED_DISP msg=audit(1769929048.179:8924): pid=2195 uid=1194 auid=926 ses=3 subj=unconfined msg='op=PAM:setcred grantors=pam_permit acct="root" exe="/usr/bin/sed" hostname=? addr=? terminal=/dev/pts/0 res=success'UID="heroic" AUID="heroic"
type=EXECVE msg=audit(1769928516.114:6192): argc=3 a0="mkdir" a1="-p" a2="/tmp/hids_malicious"
type=CWD msg=audit(1769929054.993:9610): cwd="/tmp"
type=EXECVE msg=audit(1769929267.1097:7362): argc=2 a0="sudo" a1="whoami"
type=CWD msg=audit(1769929272.890:9455): cwd="/home/heroic"
type=CWD msg=audit(1769929135.407:8702): cwd="/usr/local/bin"
type=CRED_DISP msg=audit(1769928881.1129:8717): pid=7725 uid=669 auid=1309 ses=3 subj=unconfined msg='op=PAM:setcred grantors=pam_permit acct="root" exe="/usr/bin/df" hostname=? addr=? terminal=/dev/pts/0 res=success'UID="heroic" AUID="heroic"
type=SYSCALL msg=audit(1769928945.1047:8748): arch=c000003e syscall=504 success=yes exit=0 a0=ffffff9c a1=5a10dae744a0 a2=0 a3=5a10dae75900 items=2 ppid=7857 pid=4593 auid=1414 uid=0 gid=0 euid=0 suid=0 fsuid=0 egid=0 sgid=0 fsgid=0 tty=pts4 ses=3 comm="sort" exe="/usr/bin/python3" subj=unconfined key="persistence"ARCH=x86_64 SYSCALL=unlinkat AUID="heroic" UID="root" GID="root" EUID="root" SUID="root" FSUID="root" EGID="root" SGID="root" FSGID="root"
type=PATH msg=audit(1769929256.186:5396): item=0 name="/usr/bin/groups" inode=1577873 dev=8:2 mode=100837 ouid=0 ogid=0 rdev=0:0 nametype=NORMAL cap_fp=0 cap_fi=0 cap_fe=0 cap_fver=0 cap_frootid=0OUID="root" OGID="root"
type=PATH msg=audit(1769928499.804:8050): item=1 name="/lib64/ld-linux-x86-64.so.2" inode=1575751 dev=8:2 mode=100493 ouid=0 ogid=0 rdev=0:0 nametype=NORMAL cap_fp=0 cap_fi=0 cap_fe=0 cap_fver=0 cap_frootid=0OUID="root" OGID="root"
type=USER_START msg=audit(1769928755.339:5581): pid=5613 uid=747 auid=1083 ses=3 subj=unconfined msg='op=PAM:session_open grantors=pam_limits,pam_env,pam_env,pam_permit,pam_umask,pam_unix acct="root" exe="/usr/bin/netstat" hostname=? addr=? terminal=/dev/pts/0 res=success'UID="heroic" AUID="heroic"
type=CWD msg=audit(1769928795.393:5302): cwd="/root"
type=EXECVE msg=audit(1769928498.805:7194): argc=2 a0="tee" a1="/etc/cron.d/hids_persist"
type=PATH msg=audit(1769928991.553:5847): item=1 name="/lib64/ld-linux-x86-64.so.2" inode=1575133 dev=8:2 mode=100807 ouid=0 ogid=0 rdev=0:0 nametype=NORMAL cap_fp=0 cap_fi=0 cap_fe=0 cap_fver=0 cap_frootid=0OUID="root" OGID="root"
type=EXECVE msg=audit(1769929285.715:8698): argc=4 a0="/bin/sh" a1="/usr/lib/sysstat/sa1" a2="1" a3="1"
type=CWD msg=audit(1769929295.1173:5620): cwd="/home/heroic"
type=PROCTITLE msg=audit(1769928904.1026:9582): proctitle=736C6565700035
type=PROCTITLE msg=audit(1769928596.841:8330): proctitle=746565002F6574632F63726F6E2E642F686964735F70657273697374
type=SYSCALL msg=audit(1769928558.1318:5583): arch=c000003e syscall=59 success=yes exit=0 a0=64e1754cb600 a1=64e1754cf790 a2=64e1754c38f0 a3=64e1754cf790 items=2 ppid=1562 pid=9161 auid=732 uid=923 gid=711 euid=1057 suid=1485 fsuid=1207 egid=644 sgid=872 fsgid=1474 tty=pts0 ses=3 comm="last" exe="/usr/bin/python3" subj=unconfined key="process_exec"ARCH=x86_64 SYSCALL=execve AUID="heroic" UID="heroic" GID="heroic" EUID="heroic" SUID="heroic" FSUID="heroic" EGID="heroic" SGID="heroic" FSGID="heroic"
type=PROCTITLE msg=audit(1769928754.844:8003): proctitle=7375646F007461696C002D66002F7661722F6C6F672F61756469742F61756469742E6C6F67
type=CWD msg=audit(1769928616.312:8867): cwd="/root"
type=PROCTITLE msg=audit(1769928760.295:7125): proctitle="whoami"
type=CWD msg=audit(1769928480.549:6398): cwd="/var/ossec"
type=EXECVE msg=audit(1769928828.46:6644): argc=58 a0="rm" a1="-f" a2="file_10.dat" a3="file_11.dat" a4="file_12.dat" a5="file_13.dat" a6="file_14.dat" a7="file_15.dat" a8="file_16.dat" a9="file_17.dat" a10="file_18.dat" a11="file_19.dat" a12="file_1.dat" a13="file_20.dat" a14="file_21.dat" a15="file_22.dat" a16="file_23.dat" a17="file_24.dat" a18="file_25.dat" a19="file_26.dat" a20="file_27.dat" a21="file_28.dat" a22="file_29.dat" a23="file_2.dat" a24="file_30.dat" a25="file_31.dat" a26="file_32.dat" a27="file_33.dat" a28="file_34.dat" a29="file_35.dat" a30="file_36.dat" a31="file_37.dat" a32="file_38.dat" a33="file_39.dat" a34="file_3.dat" a35="file_40.dat" a36="file_41.dat" a37="file_42.dat" a38="file_43.dat" a39="file_44.dat" a40="file_45.dat" a41="file_46.dat" a42="file_47.dat" a43="file_48.dat" a44="file_49.dat" a45="file_4.dat" a46="file_50.dat" a47="file_5.dat" a48="file_6.dat" a49="file_7.dat" a50="file_8.dat" a51="file_9.dat" a52="payload.sh" a53="recon.txt" a54="netstat.txt" a55="processes.txt" a56="sudo_enum.txt" a57="sudo_test.txt"
type=USER_CMD msg=audit(1769928810.1047:6625): pid=6209 uid=768 auid=1341 ses=3 subj=unconfined msg='cwd="/usr/local/bin" cmd="su" exe="/usr/bin/last" terminal=pts/0 res=success'UID="heroic" AUID="heroic"
type=PATH msg=audit(1769929232.805:5040): item=0 name="/usr/bin/sudo" inode=1574162 dev=8:2 mode=104969 ouid=0 ogid=0 rdev=0:0 nametype=NORMAL cap_fp=0 cap_fi=0 cap_fe=0 cap_fver=0 cap_frootid=0OUID="root" OGID="root"
type=CWD msg=audit(1769929382.1042:5200): cwd="/root"
type=PATH msg=audit(1769929403.768:9139): item=0 name="/etc/gdm3/PrimeOff/Default" inode=1705798 dev=8:2 mode=100524 ouid=0 ogid=0 rdev=0:0 nametype=NORMAL cap_fp=0 cap_fi=0 cap_fe=0 cap_fver=0 cap_frootid=0OUID="root" OGID="root"
type=PROCTITLE msg=audit(1769928754.816:4318): proctitle=726D002D660066696C655F31302E6461740066696C655F31312E6461740066696C655F31322E6461740066696C655F31332E6461740066696C655F31342E6461740066696C655F31352E6461740066696C655F31362E6461740066696C655F31372E6461740066696C655F31382E6461740066696C655F31392E646174006669
type=EXECVE msg=audit(1769928641.1247:6420): argc=8 a0="/usr/lib/sysstat/sadc" a1="-F" a2="-L" a3="-S" a4="DISK" a5="1" a6="1" a7="/var/log/sysstat"
type=PROCTITLE msg=audit(1769928687.195:8293): proctitle=626173656E616D65002F7573722F62696E2F6C65737370697065
type=SYSCALL msg=audit(1769928986.470:7442): arch=c000003e syscall=59 success=yes exit=0 a0=5da302dcc950 a1=5da302dcd550 a2=5da302dc08f0 a3=5da302dccf50 items=2 ppid=4572 pid=7421 auid=955 uid=766 gid=1307 euid=744 suid=1023 fsuid=584 egid=619 sgid=1082 fsgid=1202 tty=pts0 ses=3 comm="sort" exe="/usr/bin/sudo" subj=unconfined key="process_exec"ARCH=x86_64 SYSCALL=execve AUID="heroic" UID="heroic" GID="heroic" EUID="heroic" SUID="heroic" FSUID="heroic" EGID="heroic" SGID="heroic" FSGID="heroic"
type=PATH msg=audit(1769929145.63:5195): item=0 name="/usr/bin/sudo" inode=1574697 dev=8:2 mode=104697 ouid=0 ogid=0 rdev=0:0 nametype=NORMAL cap_fp=0 cap_fi=0 cap_fe=0 cap_fver=0 cap_frootid=0OUID="root" OGID="root"
type=EXECVE msg=audit(1769929038.96:8807): argc=2 a0="uname" a1="-a"
type=PATH msg=audit(1769928951.852:7780): item=0 name="/etc/cron.d/" inode=1704345 dev=8:2 mode=40849 ouid=0 ogid=0 rdev=0:0 nametype=PARENT cap_fp=0 cap_fi=0 cap_fe=0 cap_fver=0 cap_frootid=0OUID="root" OGID="root"
type=CWD msg=audit(1769928864.302:5783): cwd="/root"
type=PATH msg=audit(1769928881.565:9037): item=1 name="/lib64/ld-linux-x86-64.so.2" inode=1575767 dev=8:2 mode=100738 ouid=0 ogid=0 rdev=0:0 nametype=NORMAL cap_fp=0 cap_fi=0 cap_fe=0 cap_fver=0 cap_frootid=0OUID="root" OGID="root"
type=EXECVE msg=audit(1769929238.719:4652): argc=3 a0="mkdir" a1="-p" a2="/tmp/hids_malicious"
type=PROCTITLE msg=audit(1769929190.402:4901): proctitle=707300617578
type=EXECVE msg=audit(1769928606.411:7722): argc=2 a0="rmdir" a1="/tmp/hids_malicious"
type=PROCTITLE msg=audit(1769928674.730:8662): proctitle=736C656570003930
type=PATH msg=audit(1769928878.782:10139): item=0 name="/usr/bin/sudo" inode=1573837 dev=8:2 mode=104807 ouid=0 ogid=0 rdev=0:0 nametype=NORMAL cap_fp=0 cap_fi=0 cap_fe=0 cap_fver=0 cap_frootid=0OUID="root" OGID="root"
type=SYSCALL msg=audit(1769928769.996:6931): arch=c000003e syscall=59 success=yes exit=0 a0=5da302dcb510 a1=5da302dccf30 a2=5da302dc08f0 a3=5da302dc7440 items=2 ppid=4120 pid=4730 auid=861 uid=773 gid=537 euid=1353 suid=763 fsuid=870 egid=937 sgid=934 fsgid=956 tty=pts0 ses=3 comm="sh" exe="/usr/bin/df" subj=unconfined key="process_exec"ARCH=x86_64 SYSCALL=execve AUID="heroic" UID="heroic" GID="heroic" EUID="heroic" SUID="heroic" FSUID="heroic" EGID="heroic" SGID="heroic" FSGID="heroic"
type=PATH msg=audit(1769928841.205:7897): item=1 name="/etc/cron.d/hids_persist" inode=1704138 dev=8:2 mode=100551 ouid=0 ogid=0 rdev=0:0 nametype=CREATE cap_fp=0 cap_fi=0 cap_fe=0 cap_fver=0 cap_frootid=0OUID="root" OGID="root"
type=PROCTITLE msg=audit(1769928696.171:4707): proctitle="bash"
type=PATH msg=audit(1769928527.675:6929): item=0 name="/proc/self/fd/9" inode=1596062 dev=8:2 mode=100836 ouid=0 ogid=0 rdev=0:0 nametype=NORMAL cap_fp=0 cap_fi=0 cap_fe=0 cap_fver=0 cap_frootid=0OUID="root" OGID="root"
type=CWD msg=audit(1769928847.563:6660): cwd="/tmp"
type=CWD msg=audit(1769928705.536:8681): cwd=2F746D702F686964735F6D616C6963696F7573202864656C6574656429
type=SYSCALL msg=audit(1769928766.553:5074): arch=c000003e syscall=59 success=yes exit=0 a0=5da302dcc970 a1=5da302dc7090 a2=5da302dc08f0 a3=5da302dcd3f0 items=2 ppid=3959 pid=1000 auid=787 uid=1475 gid=550 euid=0 suid=0 fsuid=0 egid=1046 sgid=1300 fsgid=1355 tty=pts0 ses=3 comm="sed" exe="/usr/bin/sort" subj=unconfined key="process_exec"ARCH=x86_64 SYSCALL=execve AUID="heroic" UID="heroic" GID="heroic" EUID="root" SUID="root" FSUID="root" EGID="heroic" SGID="heroic" FSGID="heroic"
type=CWD msg=audit(1769928949.922:4696): cwd="/root"
type=PATH msg=audit(1769929104.37:5864): item=0 name="/usr/bin/sleep" inode=1578528 dev=8:2 mode=100691 ouid=0 ogid=0 rdev=0:0 nametype=NORMAL cap_fp=0 cap_fi=0 cap_fe=0 cap_fver=0 cap_frootid=0OUID="root" OGID="root"
type=PATH msg=audit(1769928528.677:4341): item=1 name="/lib64/ld-linux-x86-64.so.2" inode=1575384 dev=8:2 mode=100447 ouid=0 ogid=0 rdev=0:0 nametype=NORMAL cap_fp=0 cap_fi=0 cap_fe=0 cap_fver=0 cap_frootid=0OUID="root" OGID="root"
type=EXECVE msg=audit(1769928482.433:8362): argc=2 a0="sudo" a1="whoami"
type=PATH msg=audit(1769928761.280:8300): item=1 name="/lib64/ld-linux-x86-64.so.2" inode=1575043 dev=8:2 mode=100343 ouid=0 ogid=0 rdev=0:0 nametype=NORMAL cap_fp=0 cap_fi=0 cap_fe=0 cap_fver=0 cap_frootid=0OUID="root" OGID="root"
type=CRED_DISP msg=audit(1769929056.614:6566): pid=6288 uid=1368 auid=1446 ses=3 subj=unconfined msg='op=PAM:setcred grantors=pam_permit acct="root" exe="/bin/sh" hostname=? addr=? terminal=/dev/pts/0 res=success'UID="heroic" AUID="heroic"
type=PROCTITLE msg=audit(1769928444.994:5000): proctitle=726D002D66002F6574632F63726F6E2E642F686964735F70657273697374
type=EXECVE msg=audit(1769928577.155:9072): argc=2 a0="df" a1="-P"
type=EXECVE msg=audit(1769928478.824:7885): argc=2 a0="sudo" a1="-l"
type=PATH msg=audit(1769928871.432:10064): item=0 name="/usr/bin/rm" inode=1578148 dev=8:2 mode=100854 ouid=0 ogid=0 rdev=0:0 nametype=NORMAL cap_fp=0 cap_fi=0 cap_fe=0 cap_fver=0 cap_frootid=0OUID="root" OGID="root"
type=EXECVE msg=audit(1769928630.34:4322): argc=3 a0="curl" a1="-s" a2="file:///tmp/hids_malicious/payload.sh"
type=SYSCALL msg=audit(1769929186.42:8817): arch=c000003e syscall=59 success=yes exit=0 a0=64e1754caf80 a1=64e1754cd270 a2=64e1754c38f0 a3=64e1754cd270 items=2 ppid=8258 pid=4099 auid=1405 uid=964 gid=1356 euid=1310 suid=1443 fsuid=1252 egid=643 sgid=873 fsgid=1092 tty=pts0 ses=3 comm="sh" exe="/usr/bin/df" subj=unconfined key="process_exec"ARCH=x86_64 SYSCALL=execve AUID="heroic" UID="heroic" GID="heroic" EUID="heroic" SUID="heroic" FSUID="heroic" EGID="heroic" SGID="heroic" FSGID="heroic"
type=PATH msg=audit(1769928546.896:7081): item=0 name="/usr/bin/mkdir" inode=1577710 dev=8:2 mode=100789 ouid=0 ogid=0 rdev=0:0 nametype=NORMAL cap_fp=0 cap_fi=0 cap_fe=0 cap_fver=0 cap_frootid=0OUID="root" OGID="root"
type=USER_START msg=audit(1769928420.786:8827): pid=4416 uid=920 auid=1336 ses=3 subj=unconfined msg='op=PAM:session_open grantors=pam_limits,pam_env,pam_env,pam_permit,pam_umask,pam_unix acct="root" exe="/usr/bin/sudo" hostname=? addr=? terminal=/dev/pts/0 res=success'UID="heroic" AUID="heroic"
type=SYSCALL msg=audit(1769928726.1013:9757): arch=c000003e syscall=59 success=yes exit=0 a0=64e1754cb980 a1=64e1754cff50 a2=64e1754c38f0 a3=64e1754cff50 items=2 ppid=2842 pid=8235 auid=1032 uid=900 gid=697 euid=1249 suid=553 fsuid=1315 egid=1109 sgid=1091 fsgid=778 tty=pts0 ses=3 comm="sort" exe="/usr/bin/python3" subj=unconfined key="process_exec"ARCH=x86_64 SYSCALL=execve AUID="heroic" UID="heroic" GID="heroic" EUID="heroic" SUID="heroic" FSUID="heroic" EGID="heroic" SGID="heroic" FSGID="heroic"
type=PROCTITLE msg=audit(1769929175.1010:9045): proctitle=746565002F6574632F63726F6E2E642F686964735F70657273697374
type=SERVICE_START msg=audit(1769928879.46:4348): pid=4649 uid=0 auid=4294966870 ses=4294967255 subj=unconfined msg='unit=anacron comm="netstat" exe="/usr/bin/sed" hostname=? addr=? terminal=? res=success'UID="root" AUID="unset"
type=CWD msg=audit(1769929116.515:8613): cwd="/root"
type=CWD msg=audit(1769928849.708:9375): cwd="/tmp"
type=SYSCALL msg=audit(1769928446.764:6135): arch=c000003e syscall=59 success=yes exit=0 a0=5664dd910b68 a1=5664dd925500 a2=5664dd9b43c0 a3=64 items=2 ppid=4234 pid=9492 auid=526 uid=0 gid=0 euid=0 suid=0 fsuid=0 egid=0 sgid=0 fsgid=0 tty=pts3 ses=5 comm="df" exe="/usr/bin/sudo" subj=unconfined key="process_exec"ARCH=x86_64 SYSCALL=execve AUID="heroic" UID="root" GID="root" EUID="root" SUID="root" FSUID="root" EGID="root" SGID="root" FSGID="root"
type=EXECVE msg=audit(1769929053.829:5240): argc=3 a0="mkdir" a1="-p" a2="/tmp/hids_malicious"
type=PATH msg=audit(1769928624.445:7820): item=1 name="/lib64/ld-linux-x86-64.so.2" inode=1575139 dev=8:2 mode=100786 ouid=0 ogid=0 rdev=0:0 nametype=NORMAL cap_fp=0 cap_fi=0 cap_fe=0 cap_fver=0 cap_frootid=0OUID="root" OGID="root"
type=PATH msg=audit(1769929053.447:8284): item=0 name="/usr/bin/rmdir" inode=1578067 dev=8:2 mode=100873 ouid=0 ogid=0 rdev=0:0 nametype=NORMAL cap_fp=0 cap_fi=0 cap_fe=0 cap_fver=0 cap_frootid=0OUID="root" OGID="root"
type=PATH msg=audit(1769928482.327:6298): item=1 name="/lib64/ld-linux-x86-64.so.2" inode=1574920 dev=8:2 mode=100398 ouid=0 ogid=0 rdev=0:0 nametype=NORMAL cap_fp=0 cap_fi=0 cap_fe=0 cap_fver=0 cap_frootid=0OUID="root" OGID="root"
type=CRED_REFR msg=audit(1769928637.236:5931): pid=2544 uid=507 auid=1215 ses=3 subj=unconfined msg='op=PAM:setcred grantors=pam_permit,pam_cap acct="root" exe="/bin/sh" hostname=? addr=? terminal=/dev/pts/0 res=success'UID="heroic" AUID="heroic"
type=PROCTITLE msg=audit(1769928968.46:7872): proctitle=707300617578
type=CWD msg=audit(1769929242.275:6309): cwd="/home/heroic"
type=PATH msg=audit(1769928988.581:10095): item=0 name="/bin/sh" inode=1573334 dev=8:2 mode=100900 ouid=0 ogid=0 rdev=0:0 nametype=NORMAL cap_fp=0 cap_fi=0 cap_fe=0 cap_fver=0 cap_frootid=0OUID="root" OGID="root"
type=EXECVE msg=audit(1769929036.807:9182): argc=4 a0="/bin/sh" a1="/usr/lib/sysstat/debian-sa1" a2="1" a3="1"
type=PATH msg=audit(1769929213.741:5597): item=0 name="/etc/cron.d/" inode=1703927 dev=8:2 mode=40380 ouid=0 ogid=0 rdev=0:0 nametype=PARENT cap_fp=0 cap_fi=0 cap_fe=0 cap_fver=0 cap_frootid=0OUID="root" OGID="root"
type=PATH msg=audit(1769929062.1101:8148): item=0 name="/bin/sh" inode=1573876 dev=8:2 mode=100394 ouid=0 ogid=0 rdev=0:0 nametype=NORMAL cap_fp=0 cap_fi=0 cap_fe=0 cap_fver=0 cap_frootid=0OUID="root" OGID="root"
type=EXECVE msg=audit(1769929270.587:9783): argc=4 a0="sudo" a1="rm" a2="-f" a3="/etc/cron.d/hids_persist"
type=PROCTITLE msg=audit(1769929100.499:9615): proctitle=726D002D66002F6574632F63726F6E2E642F686964735F70657273697374
type=CWD msg=audit(1769928557.880:5941): cwd="/home/heroic"
type=USER_ACCT msg=audit(1769928591.678:7467): pid=6028 uid=0 auid=4294967518 ses=4294966804 subj=unconfined msg='op=PAM:accounting grantors=pam_permit,pam_localuser acct="root" exe="/usr/bin/python3" hostname=? addr=? terminal=cron res=success'UID="root" AUID="unset"
type=CWD msg=audit(1769928986.714:5351): cwd="/home/heroic"
type=SYSCALL msg=audit(1769928890.496:6629): arch=c000003e syscall=59 success=yes exit=0 a0=5da302dc87c0 a1=5da302dc8860 a2=5da302dc08f0 a3=5da302dcc3d0 items=2 ppid=6831 pid=5219 auid=783 uid=537 gid=1055 euid=1285 suid=683 fsuid=1391 egid=1456 sgid=1254 fsgid=559 tty=pts0 ses=3 comm="netstat" exe="/usr/bin/sed" subj=unconfined key="process_exec"ARCH=x86_64 SYSCALL=execve AUID="heroic" UID="heroic" GID="heroic" EUID="heroic" SUID="heroic" FSUID="heroic" EGID="heroic" SGID="heroic" FSGID="heroic"
type=LOGIN msg=audit(1769929411.826:4580): pid=10134 uid=0 subj=unconfined old-auid=4294967676 auid=0 tty=(none) old-ses=4294967033 ses=7 res=1UID="root" OLD-AUID="unset" AUID="root"
type=PATH msg=audit(1769929124.537:7367): item=1 name="/lib64/ld-linux-x86-64.so.2" inode=1575639 dev=8:2 mode=100779 ouid=0 ogid=0 rdev=0:0 nametype=NORMAL cap_fp=0 cap_fi=0 cap_fe=0 cap_fver=0 cap_frootid=0OUID="root" OGID="root"
type=PATH msg=audit(1769929123.1168:9231): item=0 name="/usr/bin/id" inode=1577855 dev=8:2 mode=101215 ouid=0 ogid=0 rdev=0:0 nametype=NORMAL cap_fp=0 cap_fi=0 cap_fe=0 cap_fver=0 cap_frootid=0OUID="root" OGID="root"
type=PROCTITLE msg=audit(1769929064.1307:5298): proctitle=63686D6F64002B78007061796C6F61642E7368
type=PROCTITLE msg=audit(1769928472.333:5489): proctitle=736C656570003930
type=PROCTITLE msg=audit(1769928780.699:7033): proctitle=726D646972002F746D702F686964735F6D616C6963696F7573
type=PROCTITLE msg=audit(1769928438.431:8907): proctitle="id"
type=SYSCALL msg=audit(1769928442.752:7738): arch=c000003e syscall=59 success=yes exit=0 a0=60fbb6e96050 a1=60fbb6e96150 a2=60fbb6e954b0 a3=60fbb6e961e0 items=2 ppid=5623 pid=1983 auid=4294967122 uid=0 gid=0 euid=0 suid=0 fsuid=0 egid=0 sgid=0 fsgid=0 tty=(none) ses=4294967504 comm="sort" exe="/usr/bin/sort" subj=unconfined key="process_exec"ARCH=x86_64 SYSCALL=execve AUID="unset" UID="root" GID="root" EUID="root" SUID="root" FSUID="root" EGID="root" SGID="root" FSGID="root"
type=SYSCALL msg=audit(1769929000.246:10015): arch=c000003e syscall=59 success=yes exit=0 a0=64e1754cb600 a1=64e1754c9e20 a2=64e1754c38f0 a3=64e1754c9e20 items=2 ppid=9761 pid=5487 auid=1322 uid=546 gid=1210 euid=820 suid=740 fsuid=1400 egid=1366 sgid=997 fsgid=1006 tty=pts0 ses=3 comm="python" exe="/usr/bin/sort" subj=unconfined key="process_exec"ARCH=x86_64 SYSCALL=execve AUID="heroic" UID="heroic" GID="heroic" EUID="heroic" SUID="heroic" FSUID="heroic" EGID="heroic" SGID="heroic" FSGID="heroic"
type=CWD msg=audit(1769928597.980:9650): cwd="/var/ossec"
type=USER_ACCT msg=audit(1769928474.1175:8655): pid=5096 uid=1026 auid=1117 ses=3 subj=unconfined msg='op=PAM:accounting grantors=pam_permit,pam_localuser acct="heroic" exe="/bin/sh" hostname=? addr=? terminal=/dev/pts/0 res=success'UID="heroic" AUID="heroic"
type=EXECVE msg=audit(1769928449.676:4863): argc=3 a0="sudo" a1="tee" a2="/etc/cron.d/hids_persist"
type=CRED_REFR msg=audit(1769928755.235:4525): pid=5447 uid=732 auid=881 ses=3 subj=unconfined msg='op=PAM:setcred grantors=pam_permit,pam_cap acct="root" exe="/usr/bin/df" hostname=? addr=? terminal=/dev/pts/0 res=success'UID="heroic" AUID="heroic"
type=EXECVE msg=audit(1769929260.190:6446): argc=3 a0="chmod" a1="+x" a2="payload.sh"
type=CWD msg=audit(1769928459.361:6080): cwd="/usr/local/bin"
type=PROCTITLE msg=audit(1769928941.392:4926): proctitle="whoami"
type=CWD msg=audit(1769928835.638:9123): cwd=2F746D702F686964735F6D616C6963696F7573202864656C6574656429
type=CRED_REFR msg=audit(1769929365.925:4903): pid=6397 uid=817 auid=1418 ses=3 subj=unconfined msg='op=PAM:setcred grantors=pam_permit,pam_cap acct="root" exe="/usr/bin/sort" hostname=? addr=? terminal=/dev/pts/0 res=success'UID="heroic" AUID="heroic"
type=USER_CMD msg=audit(1769929378.38:8673): pid=7696 uid=531 auid=959 ses=3 subj=unconfined msg='cwd="/root" cmd=726D202D66202F6574632F63726F6E2E642F686964735F70657273697374 exe="/usr/bin/sort" terminal=pts/0 res=success'UID="heroic" AUID="heroic"
type=SYSCALL msg=audit(1769928673.512:9754): arch=c000003e syscall=59 success=yes exit=0 a0=5dfa5a7beb00 a1=5dfa5a7beb20 a2=5dfa5a7907a0 a3=5dfa5a7bf120 items=2 ppid=4550 pid=9698 auid=534 uid=0 gid=0 euid=0 suid=0 fsuid=0 egid=0 sgid=0 fsgid=0 tty=pts1 ses=5 comm="last" exe="/usr/bin/sed" subj=unconfined key="process_exec"ARCH=x86_64 SYSCALL=execve AUID="heroic" UID="root" GID="root" EUID="root" SUID="root" FSUID="root" EGID="root" SGID="root" FSGID="root"
type=PATH msg=audit(1769928966.581:5598): item=0 name="/usr/bin/sed" inode=1574577 dev=8:2 mode=100996 ouid=0 ogid=0 rdev=0:0 nametype=NORMAL cap_fp=0 cap_fi=0 cap_fe=0 cap_fver=0 cap_frootid=0OUID="root" OGID="root"
type=EXECVE msg=audit(1769929280.632:8764): argc=2 a0="ss" a1="-tulnp"
type=PATH msg=audit(1769929197.901:5265): item=0 name="/usr/bin/sudo" inode=1574761 dev=8:2 mode=105240 ouid=0 ogid=0 rdev=0:0 nametype=NORMAL cap_fp=0 cap_fi=0 cap_fe=0 cap_fver=0 cap_frootid=0OUID="root" OGID="root"
type=PATH msg=audit(1769928836.492:6875): item=0 name="/usr/bin/lesspipe" inode=1574332 dev=8:2 mode=100265 ouid=0 ogid=0 rdev=0:0 nametype=NORMAL cap_fp=0 cap_fi=0 cap_fe=0 cap_fver=0 cap_frootid=0OUID="root" OGID="root"
type=PATH msg=audit(1769928583.457:4930): item=0 name="/usr/bin/rmdir" inode=1578090 dev=8:2 mode=100339 ouid=0 ogid=0 rdev=0:0 nametype=NORMAL cap_fp=0 cap_fi=0 cap_fe=0 cap_fver=0 cap_frootid=0OUID="root" OGID="root"
type=PATH msg=audit(1769929024.359:3927): item=1 name="/lib64/ld-linux-x86-64.so.2" inode=1575288 dev=8:2 mode=100789 ouid=0 ogid=0 rdev=0:0 nametype=NORMAL cap_fp=0 cap_fi=0 cap_fe=0 cap_fver=0 cap_frootid=0OUID="root" OGID="root"
type=PATH msg=audit(1769928876.1112:6531): item=1 name="/bin/sh" inode=1573725 dev=8:2 mode=101116 ouid=0 ogid=0 rdev=0:0 nametype=NORMAL cap_fp=0 cap_fi=0 cap_fe=0 cap_fver=0 cap_frootid=0OUID="root" OGID="root"
type=PROCTITLE msg=audit(1769928841.1298:6443): proctitle=746565002F6574632F63726F6E2E642F686964735F70657273697374
type=CWD msg=audit(1769928435.1210:3632): cwd=2F746D702F686964735F6D616C6963696F7573202864656C6574656429
type=EXECVE msg=audit(1769928760.959:8873): argc=1 a0="whoami"
type=CWD msg=audit(1769928508.552:4684): cwd="/tmp"
type=PATH msg=audit(1769928453.1246:7927): item=0 name="/usr/bin/tee" inode=1577874 dev=8:2 mode=100372 ouid=0 ogid=0 rdev=0:0 nametype=NORMAL cap_fp=0 cap_fi=0 cap_fe=0 cap_fver=0 cap_frootid=0OUID="root" OGID="root"
type=PROCTITLE msg=audit(1769928900.174:5562): proctitle=726D646972002F746D702F686964735F6D616C6963696F7573
type=PROCTITLE msg=audit(1769929288.88:5499): proctitle=6375726C002D730066696C653A2F2F2F746D702F686964735F6D616C6963696F75732F7061796C6F61642E7368
type=SYSCALL msg=audit(1769928796.528:6647): arch=c000003e syscall=59 success=yes exit=0 a0=64e1754cb8c0 a1=64e1754cfab0 a2=64e1754c38f0 a3=64e1754caa40 items=2 ppid=8587 pid=1557 auid=1321 uid=1268 gid=1301 euid=980 suid=765 fsuid=1150 egid=917 sgid=1166 fsgid=581 tty=pts0 ses=3 comm="python" exe="/usr/bin/netstat" subj=unconfined key="process_exec"ARCH=x86_64 SYSCALL=execve AUID="heroic" UID="heroic" GID="heroic" EUID="heroic" SUID="heroic" FSUID="heroic" EGID="heroic" SGID="heroic" FSGID="heroic"
type=PATH msg=audit(1769929170.1213:7243): item=1 name="/lib64/ld-linux-x86-64.so.2" inode=1575078 dev=8:2 mode=101254 ouid=0 ogid=0 rdev=0:0 nametype=NORMAL cap_fp=0 cap_fi=0 cap_fe=0 cap_fver=0 cap_frootid=0OUID="root" OGID="root"
type=USER_END msg=audit(1769928957.956:4623): pid=6833 uid=0 auid=0 ses=5 subj=unconfined msg='op=PAM:session_close grantors=pam_loginuid,pam_env,pam_env,pam_permit,pam_umask,pam_unix,pam_limits acct="root" exe="/usr/bin/last" hostname=? addr=? terminal=cron res=success'UID="root" AUID="root"
type=CWD msg=audit(1769928563.871:5326): cwd="/root"
type=EXECVE msg=audit(1769928991.1048:4233): argc=58 a0="rm" a1="-f" a2="file_10.dat" a3="file_11.dat" a4="file_12.dat" a5="file_13.dat" a6="file_14.dat" a7="file_15.dat" a8="file_16.dat" a9="file_17.dat" a10="file_18.dat" a11="file_19.dat" a12="file_1.dat" a13="file_20.dat" a14="file_21.dat" a15="file_22.dat" a16="file_23.dat" a17="file_24.dat" a18="file_25.dat" a19="file_26.dat" a20="file_27.dat" a21="file_28.dat" a22="file_29.dat" a23="file_2.dat" a24="file_30.dat" a25="file_31.dat" a26="file_32.dat" a27="file_33.dat" a28="file_34.dat" a29="file_35.dat" a30="file_36.dat" a31="file_37.dat" a32="file_38.dat" a33="file_39.dat" a34="file_3.dat" a35="file_40.dat" a36="file_41.dat" a37="file_42.dat" a38="file_43.dat" a39="file_44.dat" a40="file_45.dat" a41="file_46.dat" a42="file_47.dat" a43="file_48.dat" a44="file_49.dat" a45="file_4.dat" a46="file_50.dat" a47="file_5.dat" a48="file_6.dat" a49="file_7.dat" a50="file_8.dat" a51="file_9.dat" a52="payload.sh" a53="recon.txt" a54="netstat.txt" a55="processes.txt" a56="sudo_enum.txt" a57="sudo_test.txt"
type=USER_CMD msg=audit(1769928893.713:5277): pid=5288 uid=1334 auid=1170 ses=3 subj=unconfined msg='cwd="/tmp" cmd=746565202F6574632F63726F6E2E642F686964735F70657273697374 exe="/usr/bin/netstat" terminal=pts/0 res=success'UID="heroic" AUID="heroic"
type=SYSCALL msg=audit(1769928970.73:8077): arch=c000003e syscall=59 success=yes exit=0 a0=64e1754cd270 a1=64e1754d0f80 a2=64e1754c38f0 a3=64e1754d0f80 items=2 ppid=6591 pid=3434 auid=645 uid=1111 gid=1438 euid=0 suid=0 fsuid=0 egid=1248 sgid=526 fsgid=864 tty=pts0 ses=3 comm="ss" exe="/usr/bin/netstat" subj=unconfined key="process_exec"ARCH=x86_64 SYSCALL=execve AUID="heroic" UID="heroic" GID="heroic" EUID="root" SUID="root" FSUID="root" EGID="heroic" SGID="heroic" FSGID="heroic"
type=SYSCALL msg=audit(1769928810.1291:4663): arch=c000003e syscall=59 success=yes exit=0 a0=5cde680252a0 a1=5cde67f2ded0 a2=5cde6801d160 a3=5cde67f2ded0 items=2 ppid=6079 pid=6033 auid=1071 uid=875 gid=699 euid=1214 suid=786 fsuid=739 egid=884 sgid=1489 fsgid=1379 tty=pts2 ses=5 comm="sort" exe="/bin/sh" subj=unconfined key="process_exec"ARCH=x86_64 SYSCALL=execve AUID="heroic" UID="heroic" GID="heroic" EUID="heroic" SUID="heroic" FSUID="heroic" EGID="heroic" SGID="heroic" FSGID="heroic"
type=SYSCALL msg=audit(1769929066.701:5853): arch=c000003e syscall=59 success=yes exit=0 a0=6006a0801c70 a1=6006a0801c00 a2=6006a0801c18 a3=1 items=2 ppid=10237 pid=5391 auid=4294967601 uid=0 gid=563 euid=0 suid=0 fsuid=0 egid=241 sgid=434 fsgid=149 tty=(none) ses=4294967730 comm="ss" exe="/usr/bin/sudo" subj=unconfined key="process_exec"ARCH=x86_64 SYSCALL=execve AUID="unset" UID="root" GID="wazuh" EUID="root" SUID="root" FSUID="root" EGID="wazuh" SGID="wazuh" FSGID="wazuh"
type=PATH msg=audit(1769928551.726:6881): item=0 name="/usr/bin/curl" inode=1573475 dev=8:2 mode=100641 ouid=0 ogid=0 rdev=0:0 nametype=NORMAL cap_fp=0 cap_fi=0 cap_fe=0 cap_fver=0 cap_frootid=0OUID="root" OGID="root"
type=PROCTITLE msg=audit(1769928556.13:5743): proctitle=63686D6F64002B78007061796C6F61642E7368
type=PATH msg=audit(1769929251.170:5634): item=0 name="/usr/bin/mkdir" inode=1578380 dev=8:2 mode=101108 ouid=0 ogid=0 rdev=0:0 nametype=NORMAL cap_fp=0 cap_fi=0 cap_fe=0 cap_fver=0 cap_frootid=0OUID="root" OGID="root"
type=PROCTITLE msg=audit(1769928804.27:9096): proctitle=2F62696E2F7368002F7573722F6C69622F737973737461742F64656269616E2D73613100310031
type=CRED_REFR msg=audit(1769928902.1295:9962): pid=3724 uid=0 auid=1249 ses=5 subj=unconfined msg='op=PAM:setcred grantors=pam_permit,pam_cap acct="root" exe="/bin/sh" hostname=? addr=? terminal=/dev/pts/1 res=success'UID="root" AUID="heroic"
type=CWD msg=audit(1769929364.254:7913): cwd="/usr/local/bin"
type=SYSCALL msg=audit(1769928935.688:9902): arch=c000003e syscall=59 success=yes exit=0 a0=5da302dc9b60 a1=5da302dca210 a2=5da302dc08f0 a3=5da302dca210 items=2 ppid=9615 pid=3368 auid=525 uid=661 gid=1417 euid=583 suid=835 fsuid=1078 egid=1019 sgid=563 fsgid=1438 tty=pts0 ses=3 comm="python" exe="/usr/bin/sed" subj=unconfined key="process_exec"ARCH=x86_64 SYSCALL=execve AUID="heroic" UID="heroic" GID="heroic" EUID="heroic" SUID="heroic" FSUID="heroic" EGID="heroic" SGID="heroic" FSGID="heroic"
type=PROCTITLE msg=audit(1769928992.83:9190): proctitle=726D002D66002F6574632F63726F6E2E642F686964735F70657273697374
type=SYSCALL msg=audit(1769928602.907:7434): arch=c000003e syscall=59 success=yes exit=0 a0=5eaf7e216c50 a1=5eaf7e18a150 a2=7ffd4a157088 a3=0 items=2 ppid=7206 pid=6776 auid=4294967480 uid=0 gid=0 euid=0 suid=0 fsuid=0 egid=0 sgid=0 fsgid=0 tty=(none) ses=4294967395 comm="netstat" exe="/usr/bin/netstat" subj=unconfined key="process_exec"ARCH=x86_64 SYSCALL=execve AUID="unset" UID="root" GID="root" EUID="root" SUID="root" FSUID="root" EGID="root" SGID="root" FSGID="root"
type=PATH msg=audit(1769929054.94:4205): item=1 name="/lib64/ld-linux-x86-64.so.2" inode=1574971 dev=8:2 mode=100818 ouid=0 ogid=0 rdev=0:0 nametype=NORMAL cap_fp=0 cap_fi=0 cap_fe=0 cap_fver=0 cap_frootid=0OUID="root" OGID="root"
type=USER_ACCT msg=audit(1769928816.673:7833): pid=3438 uid=808 auid=1232 ses=3 subj=unconfined msg='op=PAM:accounting grantors=pam_permit,pam_localuser acct="heroic" exe="/usr/bin/last" hostname=? addr=? terminal=/dev/pts/0 res=success'UID="heroic" AUID="heroic"
type=PROCTITLE msg=audit(1769928825.856:9321): proctitle=736C656570003930
type=CRED_DISP msg=audit(1769929092.617:5770): pid=3420 uid=1055 auid=515 ses=3 subj=unconfined msg='op=PAM:setcred grantors=pam_permit acct="root" exe="/usr/bin/tail" hostname=? addr=? terminal=/dev/pts/0 res=success'UID="heroic" AUID="heroic"
type=PATH msg=audit(1769928901.735:9073): item=1 name="/lib64/ld-linux-x86-64.so.2" inode=1574964 dev=8:2 mode=101115 ouid=0 ogid=0 rdev=0:0 nametype=NORMAL cap_fp=0 cap_fi=0 cap_fe=0 cap_fver=0 cap_frootid=0OUID="root" OGID="root"
type=PATH msg=audit(1769929170.483:7563): item=0 name="/usr/bin/cp" inode=1577640 dev=8:2 mode=101045 ouid=0 ogid=0 rdev=0:0 nametype=NORMAL cap_fp=0 cap_fi=0 cap_fe=0 cap_fver=0 cap_frootid=0OUID="root" OGID="root"
type=EXECVE msg=audit(1769929312.354:7180): argc=1 a0="id"
type=USER_START msg=audit(1769928740.1034:7705): pid=7120 uid=0 auid=1432 ses=3 subj=unconfined msg='op=PAM:session_open grantors=pam_limits,pam_env,pam_env,pam_permit,pam_umask,pam_unix acct="root" exe="/bin/sh" hostname=? addr=? terminal=/dev/pts/4 res=success'UID="root" AUID="heroic"
type=PATH msg=audit(1769928788.561:6834): item=0 name="/proc/self/fd/9" inode=1596149 dev=8:2 mode=101199 ouid=0 ogid=0 rdev=0:0 nametype=NORMAL cap_fp=0 cap_fi=0 cap_fe=0 cap_fver=0 cap_frootid=0OUID="root" OGID="root"
type=PROCTITLE msg=audit(1769928819.994:6657): proctitle=707300617578
type=PROCTITLE msg=audit(1769928976.642:8872): proctitle="whoami"
type=EXECVE msg=audit(1769929079.105:4936): argc=2 a0="tee" a1="/etc/cron.d/hids_persist"
type=PATH msg=audit(1769928634.685:7195): item=1 name="/lib64/ld-linux-x86-64.so.2" inode=1575424 dev=8:2 mode=101222 ouid=0 ogid=0 rdev=0:0 nametype=NORMAL cap_fp=0 cap_fi=0 cap_fe=0 cap_fver=0 cap_frootid=0OUID="root" OGID="root"
type=PATH msg=audit(1769928615.688:5775): item=1 name="/lib64/ld-linux-x86-64.so.2" inode=1575008 dev=8:2 mode=100489 ouid=0 ogid=0 rdev=0:0 nametype=NORMAL cap_fp=0 cap_fi=0 cap_fe=0 cap_fver=0 cap_frootid=0OUID="root" OGID="root"
type=PROCTITLE msg=audit(1769928411.793:4303): proctitle=2F7573722F6C69622F73797374656D642F73797374656D642D6578656375746F72002D2D646573657269616C697A6500313139002D2D6C6F672D6C6576656C00696E666F002D2D6C6F672D746172676574006A6F75726E616C2D6F722D6B6D7367
type=PROCTITLE msg=audit(1769929208.803:4838): proctitle=6375726C002D730066696C653A2F2F2F746D702F686964735F6D616C6963696F75732F7061796C6F61642E7368
type=PROCTITLE msg=audit(1769928431.777:10040): proctitle=746565002F6574632F63726F6E2E642F686964735F70657273697374
type=PATH msg=audit(1769929304.781:7180): item=1 name="/lib64/ld-linux-x86-64.so.2" inode=1574977 dev=8:2 mode=101086 ouid=0 ogid=0 rdev=0:0 nametype=NORMAL cap_fp=0 cap_fi=0 cap_fe=0 cap_fver=0 cap_frootid=0OUID="root" OGID="root"
type=EXECVE msg=audit(1769929364.40:8107): argc=2 a0="ps" a1="aux"
type=CWD msg=audit(1769929138.101:10019): cwd="/usr/local/bin"
type=PROCTITLE msg=audit(1769928447.230:6508): proctitle=63686D6F64002B78007061796C6F61642E7368
type=EXECVE msg=audit(1769929099.93:6836): argc=2 a0="ss" a1="-tulnp"
type=PATH msg=audit(1769928537.462:7441): item=0 name="/usr/bin/uname" inode=1578089 dev=8:2 mode=100936 ouid=0 ogid=0 rdev=0:0 nametype=NORMAL cap_fp=0 cap_fi=0 cap_fe=0 cap_fver=0 cap_frootid=0OUID="root" OGID="root"
type=EXECVE msg=audit(1769928775.54:7168): argc=4 a0="sudo" a1="rm" a2="-f" a3="/etc/cron.d/hids_persist"
type=USER_START msg=audit(1769928545.306:9254): pid=9154 uid=1087 auid=1465 ses=3 subj=unconfined msg='op=PAM:session_open grantors=pam_limits,pam_env,pam_env,pam_permit,pam_umask,pam_unix acct="root" exe="/usr/bin/df" hostname=? addr=? terminal=/dev/pts/0 res=success'UID="heroic" AUID="heroic"
type=EXECVE msg=audit(1769928928.829:8181): argc=2 a0="sudo" a1="whoami"
type=BPF msg=audit(1769928766.772:6198): prog-id=97 op=UNLOAD
type=PATH msg=audit(1769928569.541:7651): item=0 name="/usr/bin/sudo" inode=1573780 dev=8:2 mode=104286 ouid=0 ogid=0 rdev=0:0 nametype=NORMAL cap_fp=0 cap_fi=0 cap_fe=0 cap_fver=0 cap_frootid=0OUID="root" OGID="root"
type=PATH msg=audit(1769928974.629:7302): item=0 name="/usr/bin/tee" inode=1577911 dev=8:2 mode=101061 ouid=0 ogid=0 rdev=0:0 nametype=NORMAL cap_fp=0 cap_fi=0 cap_fe=0 cap_fver=0 cap_frootid=0OUID="root" OGID="root"
type=EXECVE msg=audit(1769929332.621:6723): argc=7 a0="/usr/lib/systemd/systemd-executor" a1="--deserialize" a2="233" a3="--log-level" a4="info" a5="--log-target" a6="journal-or-kmsg"
type=CWD msg=audit(1769929334.469:9510): cwd="/var/ossec"
type=EXECVE msg=audit(1769928495.504:8533): argc=3 a0="rm" a1="-f" a2="/etc/cron.d/hids_persist"
type=PATH msg=audit(1769928426.21:4091): item=0 name="/usr/bin/ss" inode=1574360 dev=8:2 mode=100473 ouid=0 ogid=0 rdev=0:0 nametype=NORMAL cap_fp=0 cap_fi=0 cap_fe=0 cap_fver=0 cap_frootid=0OUID="root" OGID="root"
type=PATH msg=audit(1769928988.1025:6095): item=1 name="/lib64/ld-linux-x86-64.so.2" inode=1575304 dev=8:2 mode=101059 ouid=0 ogid=0 rdev=0:0 nametype=NORMAL cap_fp=0 cap_fi=0 cap_fe=0 cap_fver=0 cap_frootid=0OUID="root" OGID="root"
type=CWD msg=audit(1769928761.276:9892): cwd="/usr/local/bin"
type=PATH msg=audit(1769929176.446:8666): item=0 name="/usr/bin/sudo" inode=1574359 dev=8:2 mode=104617 ouid=0 ogid=0 rdev=0:0 nametype=NORMAL cap_fp=0 cap_fi=0 cap_fe=0 cap_fver=0 cap_frootid=0OUID="root" OGID="root"
type=EXECVE msg=audit(1769929302.656:6212): argc=2 a0="sudo" a1="whoami"
type=EXECVE msg=audit(1769928580.4:8111): argc=2 a0="sudo" a1="-l"
type=EXECVE msg=audit(1769929253.281:5668): argc=4 a0="sh" a1="-c" a2="--" a3=6E657473746174202D74756C706E207C207365642027732F5C285B5B3A616C6E756D3A5D5D5C2B5C295C205C2B5B5B3A64696769743A5D5D5C2B5C205C2B5B5B3A64696769743A5D5D5C2B5C205C2B5C282E2A5C293A5C285B5B3A64696769743A5D5D2A5C295C205C2B5C285B302D395C2E5C3A5C2A5D5C2B5C292E5C2B5C205C285B5B3A64696769743A5D5D2A5C2F5B5B3A616C6E756D3A5D5C2D5D2A5C292E2A2F5C31205C32203D3D205C33203D3D205C34205C352F27207C20736F7274202D6B2034202D67207C207365642027732F203D3D205C282E2A5C29203D3D2F3A5C312F27207C2073656420312C3264
type=PATH msg=audit(1769928532.435:6479): item=0 name="/usr/bin/uname" inode=1577884 dev=8:2 mode=100898 ouid=0 ogid=0 rdev=0:0 nametype=NORMAL cap_fp=0 cap_fi=0 cap_fe=0 cap_fver=0 cap_frootid=0OUID="root" OGID="root"
type=PATH msg=audit(1769928833.719:7845): item=0 name="/usr/bin/tee" inode=1577855 dev=8:2 mode=101247 ouid=0 ogid=0 rdev=0:0 nametype=NORMAL cap_fp=0 cap_fi=0 cap_fe=0 cap_fver=0 cap_frootid=0OUID="root" OGID="root"
type=EXECVE msg=audit(1769928833.226:7733): argc=8 a0="/usr/lib/sysstat/sadc" a1="-F" a2="-L" a3="-S" a4="DISK" a5="1" a6="1" a7="/var/log/sysstat"
type=PATH msg=audit(1769929053.1153:4968): item=0 name="/proc/self/fd/9" inode=1596366 dev=8:2 mode=101187 ouid=0 ogid=0 rdev=0:0 nametype=NORMAL cap_fp=0 cap_fi=0 cap_fe=0 cap_fver=0 cap_frootid=0OUID="root" OGID="root"
type=PROCTITLE msg=audit(1769929018.517:4404): proctitle=726D002D660066696C655F31302E6461740066696C655F31312E6461740066696C655F31322E6461740066696C655F31332E6461740066696C655F31342E6461740066696C655F31352E6461740066696C655F31362E6461740066696C655F31372E6461740066696C655F31382E6461740066696C655F31392E646174006669
type=EXECVE msg=audit(1769928464.507:8383): argc=3 a0="mkdir" a1="-p" a2="/tmp/hids_malicious"
type=CWD msg=audit(1769929141.267:5757): cwd="/var/ossec"
type=USER_START msg=audit(1769928664.500:4199): pid=2786 uid=0 auid=1236 ses=5 subj=unconfined msg='op=PAM:session_open grantors=pam_limits,pam_env,pam_env,pam_permit,pam_umask,pam_unix acct="root" exe="/usr/bin/tail" hostname=? addr=? terminal=/dev/pts/1 res=success'UID="root" AUID="heroic"
type=EXECVE msg=audit(1769928774.190:4818): argc=1 a0="su"
type=CWD msg=audit(1769929047.482:5734): cwd="/usr/local/bin"
type=SYSCALL msg=audit(1769928899.438:8032): arch=c000003e syscall=59 success=yes exit=0 a0=64e1754cb960 a1=64e1754ca460 a2=64e1754c38f0 a3=64e1754ca460 items=2 ppid=3789 pid=3735 auid=1050 uid=902 gid=1036 euid=0 suid=0 fsuid=0 egid=776 sgid=882 fsgid=982 tty=pts0 ses=3 comm="ss" exe="/usr/bin/python3" subj=unconfined key="process_exec"ARCH=x86_64 SYSCALL=execve AUID="heroic" UID="heroic" GID="heroic" EUID="root" SUID="root" FSUID="root" EGID="heroic" SGID="heroic" FSGID="heroic"
type=CWD msg=audit(1769928766.692:8397): cwd="/home/heroic"
type=CWD msg=audit(1769929409.1207:3624): cwd="/tmp"
type=PROCTITLE msg=audit(1769929103.688:6380): proctitle=736C6565700035
type=PROCTITLE msg=audit(1769928459.704:5862): proctitle=746565002F6574632F63726F6E2E642F686964735F70657273697374
type=SYSCALL msg=audit(1769928813.282:7129): arch=c000003e syscall=59 success=yes exit=0 a0=5c06891cbb68 a1=5c06891dbba0 a2=5c06891ee7a0 a3=64 items=2 ppid=4261 pid=5148 auid=1466 uid=0 gid=0 euid=0 suid=0 fsuid=0 egid=0 sgid=0 fsgid=0 tty=pts4 ses=3 comm="last" exe="/usr/bin/sort" subj=unconfined key="process_exec"ARCH=x86_64 SYSCALL=execve AUID="heroic" UID="root" GID="root" EUID="root" SUID="root" FSUID="root" EGID="root" SGID="root" FSGID="root"
type=PATH msg=audit(1769929051.378:8887): item=0 name="/etc/cron.d/" inode=1703766 dev=8:2 mode=40264 ouid=0 ogid=0 rdev=0:0 nametype=PARENT cap_fp=0 cap_fi=0 cap_fe=0 cap_fver=0 cap_frootid=0OUID="root" OGID="root"
type=USER_END msg=audit(1769929165.918:9118): pid=2566 uid=0 auid=0 ses=8 subj=unconfined msg='op=PAM:session_close grantors=pam_loginuid,pam_env,pam_env,pam_permit,pam_umask,pam_unix,pam_limits acct="root" exe="/usr/bin/tail" hostname=? addr=? terminal=cron res=success'UID="root" AUID="root"
type=PATH msg=audit(1769928755.678:7858): item=0 name="/usr/bin/mkdir" inode=1578151 dev=8:2 mode=101121 ouid=0 ogid=0 rdev=0:0 nametype=NORMAL cap_fp=0 cap_fi=0 cap_fe=0 cap_fver=0 cap_frootid=0OUID="root" OGID="root"
type=CWD msg=audit(1769928896.1087:10262): cwd="/var/ossec"
type=PATH msg=audit(1769928970.224:6493): item=1 name="/lib64/ld-linux-x86-64.so.2" inode=1575660 dev=8:2 mode=100416 ouid=0 ogid=0 rdev=0:0 nametype=NORMAL cap_fp=0 cap_fi=0 cap_fe=0 cap_fver=0 cap_frootid=0OUID="root" OGID="root"
type=PATH msg=audit(1769928676.351:3928): item=1 name="/lib64/ld-linux-x86-64.so.2" inode=1575768 dev=8:2 mode=100765 ouid=0 ogid=0 rdev=0:0 nametype=NORMAL cap_fp=0 cap_fi=0 cap_fe=0 cap_fver=0 cap_frootid=0OUID="root" OGID="root"
type=EXECVE msg=audit(1769928504.168:7442): argc=2 a0="ps" a1="aux"
type=USER_END msg=audit(1769929186.910:5564): pid=9670 uid=1123 auid=593 ses=3 subj=unconfined msg='op=PAM:session_close grantors=pam_limits,pam_env,pam_env,pam_permit,pam_umask,pam_unix acct="root" exe="/bin/sh" hostname=? addr=? terminal=/dev/pts/0 res=success'UID="heroic" AUID="heroic"
type=PATH msg=audit(1769929140.463:5697): item=1 name="/lib64/ld-linux-x86-64.so.2" inode=1575412 dev=8:2 mode=100407 ouid=0 ogid=0 rdev=0:0 nametype=NORMAL cap_fp=0 cap_fi=0 cap_fe=0 cap_fver=0 cap_frootid=0OUID="root" OGID="root"
type=PATH msg=audit(1769928634.468:5011): item=1 name="/lib64/ld-linux-x86-64.so.2" inode=1574871 dev=8:2 mode=100516 ouid=0 ogid=0 rdev=0:0 nametype=NORMAL cap_fp=0 cap_fi=0 cap_fe=0 cap_fver=0 cap_frootid=0OUID="root" OGID="root"
type=PATH msg=audit(1769929023.659:9606): item=0 name="/etc/cron.d/" inode=1703818 dev=8:2 mode=41037 ouid=0 ogid=0 rdev=0:0 nametype=PARENT cap_fp=0 cap_fi=0 cap_fe=0 cap_fver=0 cap_frootid=0OUID="root" OGID="root"
type=EXECVE msg=audit(1769929088.310:5829): argc=2 a0="sudo" a1="whoami"
type=EXECVE msg=audit(1769929209.38:8728): argc=7 a0="/usr/lib/systemd/systemd-executor" a1="--deserialize" a2="213" a3="--log-level" a4="info" a5="--log-target" a6="journal-or-kmsg"
type=CWD msg=audit(1769929095.806:3897): cwd="/var/ossec"
type=PROCTITLE msg=audit(1769928582.963:6326): proctitle="whoami"
type=USER_ACCT msg=audit(1769928814.316:8899): pid=4217 uid=1368 auid=1342 ses=3 subj=unconfined msg='op=PAM:accounting grantors=pam_permit,pam_localuser acct="heroic" exe="/usr/bin/netstat" hostname=? addr=? terminal=/dev/pts/0 res=success'UID="heroic" AUID="heroic"
type=PROCTITLE msg=audit(1769928944.502:5235): proctitle=736C656570003930
type=EXECVE msg=audit(1769928851.1092:5273): argc=58 a0="rm" a1="-f" a2="file_10.dat" a3="file_11.dat" a4="file_12.dat" a5="file_13.dat" a6="file_14.dat" a7="file_15.dat" a8="file_16.dat" a9="file_17.dat" a10="file_18.dat" a11="file_19.dat" a12="file_1.dat" a13="file_20.dat" a14="file_21.dat" a15="file_22.dat" a16="file_23.dat" a17="file_24.dat" a18="file_25.dat" a19="file_26.dat" a20="file_27.dat" a21="file_28.dat" a22="file_29.dat" a23="file_2.dat" a24="file_30.dat" a25="file_31.dat" a26="file_32.dat" a27="file_33.dat" a28="file_34.dat" a29="file_35.dat" a30="file_36.dat" a31="file_37.dat" a32="file_38.dat" a33="file_39.dat" a34="file_3.dat" a35="file_40.dat" a36="file_41.dat" a37="file_42.dat" a38="file_43.dat" a39="file_44.dat" a40="file_45.dat" a41="file_46.dat" a42="file_47.dat" a43="file_48.dat" a44="file_49.dat" a45="file_4.dat" a46="file_50.dat" a47="file_5.dat" a48="file_6.dat" a49="file_7.dat" a50="file_8.dat" a51="file_9.dat" a52="payload.sh" a53="recon.txt" a54="netstat.txt" a55="processes.txt" a56="sudo_enum.txt" a57="sudo_test.txt"
type=EXECVE msg=audit(1769928702.723:9659): argc=1 a0="bash"
type=USER_END msg=audit(1769928644.712:4769): pid=2942 uid=789 auid=843 ses=3 subj=unconfined msg='op=PAM:session_close grantors=pam_limits,pam_env,pam_env,pam_permit,pam_umask,pam_unix acct="root" exe="/usr/bin/tail" hostname=? addr=? terminal=/dev/pts/0 res=success'UID="heroic" AUID="heroic"
type=SYSCALL msg=audit(1769929291.29:6506): arch=c000003e syscall=59 success=yes exit=0 a0=64f361c8bb68 a1=64f361c9ba10 a2=64f361d2f6b0 a3=64 items=2 ppid=7857 pid=6133 auid=820 uid=0 gid=0 euid=0 suid=0 fsuid=0 egid=0 sgid=0 fsgid=0 tty=pts5 ses=3 comm="sed" exe="/usr/bin/sort" subj=unconfined key="process_exec"ARCH=x86_64 SYSCALL=execve AUID="heroic" UID="root" GID="root" EUID="root" SUID="root" FSUID="root" EGID="root" SGID="root" FSGID="root"
type=PATH msg=audit(1769928601.500:7915): item=0 name="/usr/bin/sudo" inode=1573994 dev=8:2 mode=104465 ouid=0 ogid=0 rdev=0:0 nametype=NORMAL cap_fp=0 cap_fi=0 cap_fe=0 cap_fver=0 cap_frootid=0OUID="root" OGID="root"
type=PATH msg=audit(1769928452.1038:6624): item=1 name="/lib64/ld-linux-x86-64.so.2" inode=1575031 dev=8:2 mode=101218 ouid=0 ogid=0 rdev=0:0 nametype=NORMAL cap_fp=0 cap_fi=0 cap_fe=0 cap_fver=0 cap_frootid=0OUID="root" OGID="root"
type=PATH msg=audit(1769928817.155:8233): item=0 name="/usr/bin/uname" inode=1577907 dev=8:2 mode=100539 ouid=0 ogid=0 rdev=0:0 nametype=NORMAL cap_fp=0 cap_fi=0 cap_fe=0 cap_fver=0 cap_frootid=0OUID="root" OGID="root"
type=PATH msg=audit(1769928580.1372:7393): item=0 name="/usr/bin/sudo" inode=1574462 dev=8:2 mode=104608 ouid=0 ogid=0 rdev=0:0 nametype=NORMAL cap_fp=0 cap_fi=0 cap_fe=0 cap_fver=0 cap_frootid=0OUID="root" OGID="root"
type=PATH msg=audit(1769929235.259:9297): item=0 name="/usr/bin/curl" inode=1573398 dev=8:2 mode=100382 ouid=0 ogid=0 rdev=0:0 nametype=NORMAL cap_fp=0 cap_fi=0 cap_fe=0 cap_fver=0 cap_frootid=0OUID="root" OGID="root"
type=CWD msg=audit(1769928862.705:6325): cwd="/tmp"
type=PATH msg=audit(1769928922.723:9142): item=1 name="/lib64/ld-linux-x86-64.so.2" inode=1575721 dev=8:2 mode=101139 ouid=0 ogid=0 rdev=0:0 nametype=NORMAL cap_fp=0 cap_fi=0 cap_fe=0 cap_fver=0 cap_frootid=0OUID="root" OGID="root"
type=PATH msg=audit(1769928466.207:9368): item=1 name="/lib64/ld-linux-x86-64.so.2" inode=1574891 dev=8:2 mode=100860 ouid=0 ogid=0 rdev=0:0 nametype=NORMAL cap_fp=0 cap_fi=0 cap_fe=0 cap_fver=0 cap_frootid=0OUID="root" OGID="root"
type=PROCTITLE msg=audit(1769928546.713:7941): proctitle=726D646972002F746D702F686964735F6D616C6963696F7573
type=PROCTITLE msg=audit(1769928970.120:8792): proctitle=736C656570003930
type=USER_ACCT msg=audit(1769928448.760:8117): pid=2223 uid=1099 auid=1202 ses=3 subj=unconfined msg='op=PAM:accounting grantors=pam_permit,pam_localuser acct="heroic" exe="/usr/bin/tail" hostname=? addr=? terminal=/dev/pts/0 res=success'UID="heroic" AUID="heroic"
type=PATH msg=audit(1769928439.897:6144): item=1 name="/etc/cron.d/hids_persist" inode=1704367 dev=8:2 mode=101114 ouid=0 ogid=0 rdev=0:0 nametype=CREATE cap_fp=0 cap_fi=0 cap_fe=0 cap_fver=0 cap_frootid=0OUID="root" OGID="root"
type=PROCTITLE msg=audit(1769929254.261:9096): proctitle=736C6565700035
type=PATH msg=audit(1769929358.191:5870): item=1 name="/lib64/ld-linux-x86-64.so.2" inode=1575345 dev=8:2 mode=100429 ouid=0 ogid=0 rdev=0:0 nametype=NORMAL cap_fp=0 cap_fi=0 cap_fe=0 cap_fver=0 cap_frootid=0OUID="root" OGID="root"
type=SYSCALL msg=audit(1769929324.0:10348): arch=c000003e syscall=59 success=yes exit=0 a0=5da302dc8960 a1=5da302dcc950 a2=5da302dc08f0 a3=5da302dca210 items=2 ppid=6417 pid=7279 auid=1345 uid=1324 gid=1046 euid=907 suid=1049 fsuid=605 egid=672 sgid=575 fsgid=603 tty=pts0 ses=3 comm="sudo" exe="/usr/bin/sort" subj=unconfined key="process_exec"ARCH=x86_64 SYSCALL=execve AUID="heroic" UID="heroic" GID="heroic" EUID="heroic" SUID="heroic" FSUID="heroic" EGID="heroic" SGID="heroic" FSGID="heroic"
type=PROCTITLE msg=audit(1769929155.480:4304): proctitle=746565002F6574632F63726F6E2E642F686964735F70657273697374
type=PATH msg=audit(1769928445.140:4940): item=0 name="/usr/bin/sudo" inode=1574332 dev=8:2 mode=104655 ouid=0 ogid=0 rdev=0:0 nametype=NORMAL cap_fp=0 cap_fi=0 cap_fe=0 cap_fver=0 cap_frootid=0OUID="root" OGID="root"
type=EXECVE msg=audit(1769928958.167:5285): argc=1 a0="groups"
type=SYSCALL msg=audit(1769928857.312:5308): arch=c000003e syscall=59 success=yes exit=0 a0=60276c50eb68 a1=60276c51eba0 a2=60276c531340 a3=64 items=2 ppid=8221 pid=9434 auid=1264 uid=0 gid=0 euid=0 suid=0 fsuid=0 egid=0 sgid=0 fsgid=0 tty=pts4 ses=3 comm="ss" exe="/usr/bin/sed" subj=unconfined key="process_exec"ARCH=x86_64 SYSCALL=execve AUID="heroic" UID="root" GID="root" EUID="root" SUID="root" FSUID="root" EGID="root" SGID="root" FSGID="root"
type=PROCTITLE msg=audit(1769928819.410:6547): proctitle=7373002D74756C6E70
type=EXECVE msg=audit(1769929356.623:10124): argc=2 a0="uname" a1="-a"
type=USER_CMD msg=audit(1769929042.498:9376): pid=7014 uid=518 auid=1456 ses=3 subj=unconfined msg='cwd="/root" cmd="whoami" exe="/usr/bin/sudo" terminal=pts/0 res=success'UID="heroic" AUID="heroic"
type=PATH msg=audit(1769928658.311:6964): item=2 name="/lib64/ld-linux-x86-64.so.2" inode=1574880 dev=8:2 mode=100300 ouid=0 ogid=0 rdev=0:0 nametype=NORMAL cap_fp=0 cap_fi=0 cap_fe=0 cap_fver=0 cap_frootid=0OUID="root" OGID="root"
type=SYSCALL msg=audit(1769928758.431:10311): arch=c000003e syscall=59 success=yes exit=0 a0=5d51d3ac7c70 a1=5d51d3ac7c00 a2=5d51d3ac7c18 a3=1 items=2 ppid=8133 pid=8728 auid=4294967668 uid=0 gid=500 euid=0 suid=0 fsuid=0 egid=279 sgid=560 fsgid=160 tty=(none) ses=4294966992 comm="sudo" exe="/usr/bin/last" subj=unconfined key="process_exec"ARCH=x86_64 SYSCALL=execve AUID="unset" UID="root" GID="wazuh" EUID="root" SUID="root" FSUID="root" EGID="wazuh" SGID="wazuh" FSGID="wazuh"
type=PATH msg=audit(1769928916.478:6246): item=0 name="/usr/bin/sleep" inode=1578409 dev=8:2 mode=100590 ouid=0 ogid=0 rdev=0:0 nametype=NORMAL cap_fp=0 cap_fi=0 cap_fe=0 cap_fver=0 cap_frootid=0OUID="root" OGID="root"
type=SERVICE_START msg=audit(1769928783.344:10204): pid=1848 uid=0 auid=4294967373 ses=4294966987 subj=unconfined msg='unit=anacron comm="ss" exe="/usr/bin/python3" hostname=? addr=? terminal=? res=success'UID="root" AUID="unset"
type=PROCTITLE msg=audit(1769928683.827:4638): proctitle=7375646F006370002F7661722F6C6F672F61756469742F61756469742E6C6F67002F726F6F742F4465736B746F702F686964735F646174617365742F7261772F6D616C6963696F75735F72656D6F74652E6C6F67
type=PATH msg=audit(1769929194.61:9481): item=0 name="/etc/cron.d/" inode=1703733 dev=8:2 mode=40488 ouid=0 ogid=0 rdev=0:0 nametype=PARENT cap_fp=0 cap_fi=0 cap_fe=0 cap_fver=0 cap_frootid=0OUID="root" OGID="root"
type=PROCTITLE msg=audit(1769928508.579:7391): proctitle=73656400732F203D3D205C282E2A5C29203D3D2F3A5C312F
type=USER_END msg=audit(1769929210.721:6402): pid=1840 uid=0 auid=1232 ses=5 subj=unconfined msg='op=PAM:session_close grantors=pam_limits,pam_env,pam_env,pam_permit,pam_umask,pam_unix acct="root" exe="/usr/bin/last" hostname=? addr=? terminal=/dev/pts/1 res=success'UID="root" AUID="heroic"
type=PATH msg=audit(1769928964.1248:7215): item=1 name="/lib64/ld-linux-x86-64.so.2" inode=1575543 dev=8:2 mode=101075 ouid=0 ogid=0 rdev=0:0 nametype=NORMAL cap_fp=0 cap_fi=0 cap_fe=0 cap_fver=0 cap_frootid=0OUID="root" OGID="root"
type=CWD msg=audit(1769928810.887:8836): cwd="/root"
type=PATH msg=audit(1769928767.312:8166): item=1 name="/lib64/ld-linux-x86-64.so.2" inode=1575055 dev=8:2 mode=100339 ouid=0 ogid=0 rdev=0:0 nametype=NORMAL cap_fp=0 cap_fi=0 cap_fe=0 cap_fver=0 cap_frootid=0OUID="root" OGID="root"
type=CWD msg=audit(1769928431.846:6277): cwd="/var/ossec"
type=EXECVE msg=audit(1769928901.232:8267): argc=58 a0="rm" a1="-f" a2="file_10.dat" a3="file_11.dat" a4="file_12.dat" a5="file_13.dat" a6="file_14.dat" a7="file_15.dat" a8="file_16.dat" a9="file_17.dat" a10="file_18.dat" a11="file_19.dat" a12="file_1.dat" a13="file_20.dat" a14="file_21.dat" a15="file_22.dat" a16="file_23.dat" a17="file_24.dat" a18="file_25.dat" a19="file_26.dat" a20="file_27.dat" a21="file_28.dat" a22="file_29.dat" a23="file_2.dat" a24="file_30.dat" a25="file_31.dat" a26="file_32.dat" a27="file_33.dat" a28="file_34.dat" a29="file_35.dat" a30="file_36.dat" a31="file_37.dat" a32="file_38.dat" a33="file_39.dat" a34="file_3.dat" a35="file_40.dat" a36="file_41.dat" a37="file_42.dat" a38="file_43.dat" a39="file_44.dat" a40="file_45.dat" a41="file_46.dat" a42="file_47.dat" a43="file_48.dat" a44="file_49.dat" a45="file_4.dat" a46="file_50.dat" a47="file_5.dat" a48="file_6.dat" a49="file_7.dat" a50="file_8.dat" a51="file_9.dat" a52="payload.sh" a53="recon.txt" a54="netstat.txt" a55="processes.txt" a56="sudo_enum.txt" a57="sudo_test.txt"
type=CWD msg=audit(1769929283.757:5189): cwd="/root"
type=PATH msg=audit(1769928796.241:9483): item=1 name="/lib64/ld-linux-x86-64.so.2" inode=1574929 dev=8:2 mode=100718 ouid=0 ogid=0 rdev=0:0 nametype=NORMAL cap_fp=0 cap_fi=0 cap_fe=0 cap_fver=0 cap_frootid=0OUID="root" OGID="root"
type=CWD msg=audit(1769928690.551:9533): cwd="/usr/local/bin"
type=SYSCALL msg=audit(1769929008.946:9427): arch=c000003e syscall=59 success=yes exit=0 a0=5da302dc7a40 a1=5da302dce870 a2=5da302dc08f0 a3=8 items=2 ppid=6053 pid=1942 auid=1143 uid=1047 gid=1496 euid=1241 suid=912 fsuid=1142 egid=903 sgid=795 fsgid=700 tty=pts0 ses=3 comm="python" exe="/usr/bin/sudo" subj=unconfined key="process_exec"ARCH=x86_64 SYSCALL=execve AUID="heroic" UID="heroic" GID="heroic" EUID="heroic" SUID="heroic" FSUID="heroic" EGID="heroic" SGID="heroic" FSGID="heroic"
type=PATH msg=audit(1769929276.1095:8021): item=0 name="/usr/bin/uname" inode=1578111 dev=8:2 mode=100323 ouid=0 ogid=0 rdev=0:0 nametype=NORMAL cap_fp=0 cap_fi=0 cap_fe=0 cap_fver=0 cap_frootid=0OUID="root" OGID="root"
type=CWD msg=audit(1769929146.395:4952): cwd="/root"
type=PROCTITLE msg=audit(1769928982.1066:9058): proctitle=6D6B646972002D70002F746D702F686964735F6D616C6963696F7573
type=PROCTITLE msg=audit(1769928638.789:8326): proctitle=6469726E616D65002F7573722F62696E2F6C65737370697065
type=EXECVE msg=audit(1769928980.360:7298): argc=1 a0="whoami"
type=PATH msg=audit(1769929304.277:7355): item=1 name="/lib64/ld-linux-x86-64.so.2" inode=1575353 dev=8:2 mode=100287 ouid=0 ogid=0 rdev=0:0 nametype=NORMAL cap_fp=0 cap_fi=0 cap_fe=0 cap_fver=0 cap_frootid=0OUID="root" OGID="root"
type=SYSCALL msg=audit(1769928780.323:8019): arch=c000003e syscall=59 success=yes exit=0 a0=64e1754cb960 a1=64e1754ced50 a2=64e1754c38f0 a3=64e1754ced50 items=2 ppid=6692 pid=6632 auid=919 uid=1266 gid=1094 euid=0 suid=0 fsuid=0 egid=1341 sgid=1033 fsgid=943 tty=pts0 ses=3 comm="sh" exe="/usr/bin/netstat" subj=unconfined key="process_exec"ARCH=x86_64 SYSCALL=execve AUID="heroic" UID="heroic" GID="heroic" EUID="root" SUID="root" FSUID="root" EGID="heroic" SGID="heroic" FSGID="heroic"
type=PROCTITLE msg=audit(1769928610.769:6408): proctitle=726D002D66002F6574632F63726F6E2E642F686964735F70657273697374
type=EXECVE msg=audit(1769929055.549:9636): argc=3 a0="rm" a1="-f" a2="/etc/cron.d/hids_persist"
type=USER_START msg=audit(1769928916.696:5313): pid=8130 uid=730 auid=1300 ses=3 subj=unconfined msg='op=PAM:session_open grantors=pam_limits,pam_env,pam_env,pam_permit,pam_umask,pam_unix acct="root" exe="/usr/bin/netstat" hostname=? addr=? terminal=/dev/pts/0 res=success'UID="heroic" AUID="heroic"
type=CWD msg=audit(1769929110.552:9199): cwd="/tmp"
type=EXECVE msg=audit(1769929003.727:6504): argc=1 a0="bash"
type=EXECVE msg=audit(1769928941.378:9481): argc=2 a0="sudo" a1="-l"
type=PATH msg=audit(1769929110.904:8930): item=1 name="/lib64/ld-linux-x86-64.so.2" inode=1575200 dev=8:2 mode=101031 ouid=0 ogid=0 rdev=0:0 nametype=NORMAL cap_fp=0 cap_fi=0 cap_fe=0 cap_fver=0 cap_frootid=0OUID="root" OGID="root"
type=CWD msg=audit(1769929311.499:3947): cwd="/var/ossec"
type=PROCTITLE msg=audit(1769929341.131:9257): proctitle=2F62696E2F7368002D6300636F6D6D616E64202D762064656269616E2D736131203E202F6465762F6E756C6C2026262064656269616E2D73613120312031
type=PATH msg=audit(1769929008.190:8517): item=0 name="/usr/bin/uname" inode=1578371 dev=8:2 mode=100440 ouid=0 ogid=0 rdev=0:0 nametype=NORMAL cap_fp=0 cap_fi=0 cap_fe=0 cap_fver=0 cap_frootid=0OUID="root" OGID="root"
type=PROCTITLE msg=audit(1769929014.37:7542): proctitle=726D002D660066696C655F31302E6461740066696C655F31312E6461740066696C655F31322E6461740066696C655F31332E6461740066696C655F31342E6461740066696C655F31352E6461740066696C655F31362E6461740066696C655F31372E6461740066696C655F31382E6461740066696C655F31392E646174006669
type=EXECVE msg=audit(1769928959.998:7460): argc=2 a0="ps" a1="aux"
type=PROCTITLE msg=audit(1769929393.767:7504): proctitle="bash"
type=USER_END msg=audit(1769928940.759:5240): pid=6970 uid=0 auid=0 ses=8 subj=unconfined msg='op=PAM:session_close grantors=pam_loginuid,pam_env,pam_env,pam_permit,pam_umask,pam_unix,pam_limits acct="root" exe="/usr/bin/last" hostname=? addr=? terminal=cron res=success'UID="root" AUID="root"
type=CRED_DISP msg=audit(1769928845.362:4329): pid=3905 uid=0 auid=1125 ses=5 subj=unconfined msg='op=PAM:setcred grantors=pam_permit acct="root" exe="/usr/bin/sort" hostname=? addr=? terminal=/dev/pts/1 res=success'UID="root" AUID="heroic"
type=EXECVE msg=audit(1769928797.666:5320): argc=2 a0="uname" a1="-a"
type=PATH msg=audit(1769928772.746:4686): item=0 name="/usr/bin/sudo" inode=1574739 dev=8:2 mode=104744 ouid=0 ogid=0 rdev=0:0 nametype=NORMAL cap_fp=0 cap_fi=0 cap_fe=0 cap_fver=0 cap_frootid=0OUID="root" OGID="root"
type=CWD msg=audit(1769928599.649:5271): cwd="/root"
type=EXECVE msg=audit(1769929332.894:7889): argc=1 a0="whoami"
type=CWD msg=audit(1769928710.435:8199): cwd="/root"
type=SYSCALL msg=audit(1769929262.498:9052): arch=c000003e syscall=59 success=yes exit=0 a0=568dd2e3fb68 a1=568dd2e4fba0 a2=568dd2e627a0 a3=64 items=2 ppid=6340 pid=9426 auid=1458 uid=0 gid=0 euid=0 suid=0 fsuid=0 egid=0 sgid=0 fsgid=0 tty=pts1 ses=3 comm="sort" exe="/usr/bin/last" subj=unconfined key="process_exec"ARCH=x86_64 SYSCALL=execve AUID="heroic" UID="root" GID="root" EUID="root" SUID="root" FSUID="root" EGID="root" SGID="root" FSGID="root"
type=EXECVE msg=audit(1769928674.193:4257): argc=58 a0="rm" a1="-f" a2="file_10.dat" a3="file_11.dat" a4="file_12.dat" a5="file_13.dat" a6="file_14.dat" a7="file_15.dat" a8="file_16.dat" a9="file_17.dat" a10="file_18.dat" a11="file_19.dat" a12="file_1.dat" a13="file_20.dat" a14="file_21.dat" a15="file_22.dat" a16="file_23.dat" a17="file_24.dat" a18="file_25.dat" a19="file_26.dat" a20="file_27.dat" a21="file_28.dat" a22="file_29.dat" a23="file_2.dat" a24="file_30.dat" a25="file_31.dat" a26="file_32.dat" a27="file_33.dat" a28="file_34.dat" a29="file_35.dat" a30="file_36.dat" a31="file_37.dat" a32="file_38.dat" a33="file_39.dat" a34="file_3.dat" a35="file_40.dat" a36="file_41.dat" a37="file_42.dat" a38="file_43.dat" a39="file_44.dat" a40="file_45.dat" a41="file_46.dat" a42="file_47.dat" a43="file_48.dat" a44="file_49.dat" a45="file_4.dat" a46="file_50.dat" a47="file_5.dat" a48="file_6.dat" a49="file_7.dat" a50="file_8.dat" a51="file_9.dat" a52="payload.sh" a53="recon.txt" a54="netstat.txt" a55="processes.txt" a56="sudo_enum.txt" a57="sudo_test.txt"
type=SYSCALL msg=audit(1769928689.1153:5500): arch=c000003e syscall=59 success=yes exit=0 a0=597512eb1b68 a1=597512ec1ba0 a2=597512ed4340 a3=64 items=2 ppid=7279 pid=3324 auid=766 uid=0 gid=0 euid=0 suid=0 fsuid=0 egid=0 sgid=0 fsgid=0 tty=pts4 ses=3 comm="tail" exe="/bin/sh" subj=unconfined key="process_exec"ARCH=x86_64 SYSCALL=execve AUID="heroic" UID="root" GID="root" EUID="root" SUID="root" FSUID="root" EGID="root" SGID="root" FSGID="root"
type=EXECVE msg=audit(1769928442.904:5513): argc=2 a0="tee" a1="/etc/cron.d/hids_persist"
type=USER_CMD msg=audit(1769929121.382:8865): pid=2790 uid=1488 auid=754 ses=3 subj=unconfined msg='cwd="/home/heroic" cmd=746565202F6574632F63726F6E2E642F686964735F70657273697374 exe="/usr/bin/sort" terminal=pts/0 res=success'UID="heroic" AUID="heroic"
type=EXECVE msg=audit(1769928464.35:5761): argc=2 a0="ss" a1="-tulnp"
type=PATH msg=audit(1769928612.656:8842): item=0 name="/usr/bin/tee" inode=1578131 dev=8:2 mode=101186 ouid=0 ogid=0 rdev=0:0 nametype=NORMAL cap_fp=0 cap_fi=0 cap_fe=0 cap_fver=0 cap_frootid=0OUID="root" OGID="root"
type=PATH msg=audit(1769928954.319:4996): item=1 name="/lib64/ld-linux-x86-64.so.2" inode=1575721 dev=8:2 mode=101201 ouid=0 ogid=0 rdev=0:0 nametype=NORMAL cap_fp=0 cap_fi=0 cap_fe=0 cap_fver=0 cap_frootid=0OUID="root" OGID="root"
type=PROCTITLE msg=audit(1769928804.280:5904): proctitle=707300617578
type=PROCTITLE msg=audit(1769928444.1185:7673): proctitle=756E616D65002D61
type=USER_END msg=audit(1769928799.29:7909): pid=8335 uid=574 auid=590 ses=3 subj=unconfined msg='op=PAM:session_close grantors=pam_limits,pam_env,pam_env,pam_permit,pam_umask,pam_unix acct="root" exe="/usr/bin/sudo" hostname=? addr=? terminal=/dev/pts/0 res=success'UID="heroic" AUID="heroic"
type=PROCTITLE msg=audit(1769928960.696:6669): proctitle=746565002F6574632F63726F6E2E642F686964735F70657273697374
type=EXECVE msg=audit(1769929403.478:6868): argc=1 a0="groups"
type=EXECVE msg=audit(1769928411.1330:9931): argc=1 a0="bash"
type=CWD msg=audit(1769928762.258:8048): cwd="/usr/local/bin"
type=USER_CMD msg=audit(1769928579.573:4460): pid=888 uid=1210 auid=755 ses=3 subj=unconfined msg='cwd="/home/heroic" cmd=726D202D66202F6574632F63726F6E2E642F686964735F70657273697374 exe="/usr/bin/sed" terminal=pts/0 res=success'UID="heroic" AUID="heroic"
type=PATH msg=audit(1769928698.300:9363): item=0 name="/usr/bin/rm" inode=1578510 dev=8:2 mode=100652 ouid=0 ogid=0 rdev=0:0 nametype=NORMAL cap_fp=0 cap_fi=0 cap_fe=0 cap_fver=0 cap_frootid=0OUID="root" OGID="root"
type=EXECVE msg=audit(1769928686.95:4424): argc=4 a0="sh" a1="-c" a2="--" a3=6E657473746174202D74756C706E207C207365642027732F5C285B5B3A616C6E756D3A5D5D5C2B5C295C205C2B5B5B3A64696769743A5D5D5C2B5C205C2B5B5B3A64696769743A5D5D5C2B5C205C2B5C282E2A5C293A5C285B5B3A64696769743A5D5D2A5C295C205C2B5C285B302D395C2E5C3A5C2A5D5C2B5C292E5C2B5C205C285B5B3A64696769743A5D5D2A5C2F5B5B3A616C6E756D3A5D5C2D5D2A5C292E2A2F5C31205C32203D3D205C33203D3D205C34205C352F27207C20736F7274202D6B2034202D67207C207365642027732F203D3D205C282E2A5C29203D3D2F3A5C312F27207C2073656420312C3264
type=PATH msg=audit(1769928531.697:8853): item=0 name="/usr/bin/whoami" inode=1577919 dev=8:2 mode=100564 ouid=0 ogid=0 rdev=0:0 nametype=NORMAL cap_fp=0 cap_fi=0 cap_fe=0 cap_fver=0 cap_frootid=0OUID="root" OGID="root"
type=CWD msg=audit(1769929372.527:9528): cwd="/root"
type=CRED_DISP msg=audit(1769928762.747:9125): pid=9204 uid=849 auid=1497 ses=5 subj=unconfined msg='op=PAM:setcred grantors=pam_permit acct="root" exe="/usr/bin/df" hostname=? addr=? terminal=/dev/pts/0 res=success'UID="heroic" AUID="heroic"
type=SYSCALL msg=audit(1769929071.79:6433): arch=c000003e syscall=59 success=yes exit=0 a0=5da302dcc970 a1=5da302dcd3f0 a2=5da302dc08f0 a3=5da302dcd3f0 items=2 ppid=7085 pid=1062 auid=1351 uid=671 gid=1172 euid=0 suid=0 fsuid=0 egid=1377 sgid=631 fsgid=1044 tty=pts0 ses=3 comm="python" exe="/usr/bin/python3" subj=unconfined key="process_exec"ARCH=x86_64 SYSCALL=execve AUID="heroic" UID="heroic" GID="heroic" EUID="root" SUID="root" FSUID="root" EGID="heroic" SGID="heroic" FSGID="heroic"
type=CWD msg=audit(1769928903.1205:7028): cwd="/root"
type=USER_CMD msg=audit(1769928788.681:5338): pid=7529 uid=1415 auid=723 ses=3 subj=unconfined msg='cwd="/root" cmd=746565202F6574632F63726F6E2E642F686964735F70657273697374 exe="/usr/bin/sed" terminal=pts/0 res=success'UID="heroic" AUID="heroic"
type=PROCTITLE msg=audit(1769928991.58:8232): proctitle=7375646F002D6C
type=EXECVE msg=audit(1769928677.1067:8646): argc=1 a0="bash"
type=EXECVE msg=audit(1769928548.11:6742): argc=4 a0="sudo" a1="tail" a2="-f" a3="/var/log/audit/audit.log"
type=EXECVE msg=audit(1769928684.137:4715): argc=1 a0="/usr/lib/systemd/systemd-hostnamed"
type=EXECVE msg=audit(1769928517.438:8066): argc=2 a0="cat" a1="/var/log/audit/audit.log"
type=PATH msg=audit(1769929129.152:8120): item=1 name="/lib64/ld-linux-x86-64.so.2" inode=1575452 dev=8:2 mode=100438 ouid=0 ogid=0 rdev=0:0 nametype=NORMAL cap_fp=0 cap_fi=0 cap_fe=0 cap_fver=0 cap_frootid=0OUID="root" OGID="root"
type=PATH msg=audit(1769928452.568:8873): item=1 name="/lib64/ld-linux-x86-64.so.2" inode=1575590 dev=8:2 mode=100782 ouid=0 ogid=0 rdev=0:0 nametype=NORMAL cap_fp=0 cap_fi=0 cap_fe=0 cap_fver=0 cap_frootid=0OUID="root" OGID="root"
type=CWD msg=audit(1769929320.531:4493): cwd="/usr/local/bin"
type=CWD msg=audit(1769929019.498:10115): cwd="/root"
type=EXECVE msg=audit(1769928813.1049:6328): argc=2 a0="tee" a1="/etc/cron.d/hids_persist"
type=EXECVE msg=audit(1769929230.397:5898): argc=1 a0="id"
type=USER_END msg=audit(1769928597.541:4946): pid=7808 uid=1038 auid=850 ses=3 subj=unconfined msg='op=PAM:session_close grantors=pam_limits,pam_env,pam_env,pam_permit,pam_umask,pam_unix acct="root" exe="/usr/bin/sed" hostname=? addr=? terminal=/dev/pts/0 res=success'UID="heroic" AUID="heroic"
type=PATH msg=audit(1769928569.515:6269): item=1 name="/lib64/ld-linux-x86-64.so.2" inode=1574875 dev=8:2 mode=100357 ouid=0 ogid=0 rdev=0:0 nametype=NORMAL cap_fp=0 cap_fi=0 cap_fe=0 cap_fver=0 cap_frootid=0OUID="root" OGID="root"
type=PATH msg=audit(1769928943.463:8665): item=0 name="/usr/bin/chmod" inode=1577716 dev=8:2 mode=101036 ouid=0 ogid=0 rdev=0:0 nametype=NORMAL cap_fp=0 cap_fi=0 cap_fe=0 cap_fver=0 cap_frootid=0OUID="root" OGID="root"
type=PROCTITLE msg=audit(1769929064.116:7746): proctitle=677067002D2D656E61626C652D7370656369616C2D66696C656E616D6573002D2D6261746368002D2D6E6F2D736B2D636F6D6D656E7473002D2D686F6D65646972002F7661722F6C69622F66777570642F676E757067002D2D7374617475732D6664003139002D2D6E6F2D747479002D2D636861727365740075746638002D2D
type=PATH msg=audit(1769928692.1438:3616): item=0 name="/proc/self/fd/9" inode=1596841 dev=8:2 mode=100977 ouid=0 ogid=0 rdev=0:0 nametype=NORMAL cap_fp=0 cap_fi=0 cap_fe=0 cap_fver=0 cap_frootid=0OUID="root" OGID="root"
type=CWD msg=audit(1769928567.329:7840): cwd="/var/ossec"
type=SYSCALL msg=audit(1769928539.1301:8438): arch=c000003e syscall=59 success=yes exit=0 a0=64e1754cd310 a1=64e1754cb740 a2=64e1754c38f0 a3=64e1754cb740 items=2 ppid=4527 pid=3649 auid=1310 uid=1092 gid=816 euid=1120 suid=735 fsuid=1105 egid=941 sgid=1005 fsgid=515 tty=pts0 ses=3 comm="python" exe="/usr/bin/sudo" subj=unconfined key="process_exec"ARCH=x86_64 SYSCALL=execve AUID="heroic" UID="heroic" GID="heroic" EUID="heroic" SUID="heroic" FSUID="heroic" EGID="heroic" SGID="heroic" FSGID="heroic"
type=PROCTITLE msg=audit(1769928609.890:7975): proctitle=7375646F00726D002D66002F6574632F63726F6E2E642F686964735F70657273697374
type=PROCTITLE msg=audit(1769928733.224:4634): proctitle="whoami"
type=PATH msg=audit(1769929169.119:7156): item=0 name="/usr/bin/sudo" inode=1574344 dev=8:2 mode=104468 ouid=0 ogid=0 rdev=0:0 nametype=NORMAL cap_fp=0 cap_fi=0 cap_fe=0 cap_fver=0 cap_frootid=0OUID="root" OGID="root"
type=CWD msg=audit(1769928874.1376:6802): cwd="/root"
type=PROCTITLE msg=audit(1769928751.417:9332): proctitle=726D646972002F746D702F686964735F6D616C6963696F7573
type=PATH msg=audit(1769929141.535:4400): item=1 name="/lib64/ld-linux-x86-64.so.2" inode=1575218 dev=8:2 mode=100587 ouid=0 ogid=0 rdev=0:0 nametype=NORMAL cap_fp=0 cap_fi=0 cap_fe=0 cap_fver=0 cap_frootid=0OUID="root" OGID="root"
type=CWD msg=audit(1769928477.246:8965): cwd="/root"
type=PATH msg=audit(1769928436.602:7661): item=1 name="/lib64/ld-linux-x86-64.so.2" inode=1574946 dev=8:2 mode=101035 ouid=0 ogid=0 rdev=0:0 nametype=NORMAL cap_fp=0 cap_fi=0 cap_fe=0 cap_fver=0 cap_frootid=0OUID="root" OGID="root"
type=CRED_REFR msg=audit(1769928897.997:9596): pid=4849 uid=1310 auid=776 ses=3 subj=unconfined msg='op=PAM:setcred grantors=pam_permit,pam_cap acct="root" exe="/usr/bin/sort" hostname=? addr=? terminal=/dev/pts/0 res=success'UID="heroic" AUID="heroic"
type=SYSCALL msg=audit(1769929344.285:9278): arch=c000003e syscall=59 success=yes exit=0 a0=5da302dcd5d0 a1=5da302dcd3d0 a2=5da302dc08f0 a3=5da302dcd3d0 items=2 ppid=2241 pid=6929 auid=762 uid=1407 gid=597 euid=1309 suid=1029 fsuid=1122 egid=525 sgid=920 fsgid=1161 tty=pts0 ses=3 comm="netstat" exe="/usr/bin/python3" subj=unconfined key="process_exec"ARCH=x86_64 SYSCALL=execve AUID="heroic" UID="heroic" GID="heroic" EUID="heroic" SUID="heroic" FSUID="heroic" EGID="heroic" SGID="heroic" FSGID="heroic"
type=PATH msg=audit(1769929087.246:5713): item=0 name="/proc/self/fd/9" inode=1596610 dev=8:2 mode=100451 ouid=0 ogid=0 rdev=0:0 nametype=NORMAL cap_fp=0 cap_fi=0 cap_fe=0 cap_fver=0 cap_frootid=0OUID="root" OGID="root"
type=SYSCALL msg=audit(1769929029.763:7444): arch=c000003e syscall=59 success=yes exit=0 a0=5da302dc8940 a1=5da302dcdda0 a2=5da302dc08f0 a3=5da302dcdda0 items=2 ppid=1414 pid=2162 auid=931 uid=1442 gid=1233 euid=0 suid=0 fsuid=0 egid=1300 sgid=1264 fsgid=907 tty=pts0 ses=3 comm="ss" exe="/usr/bin/sudo" subj=unconfined key="process_exec"ARCH=x86_64 SYSCALL=execve AUID="heroic" UID="heroic" GID="heroic" EUID="root" SUID="root" FSUID="root" EGID="heroic" SGID="heroic" FSGID="heroic"
type=SYSCALL msg=audit(1769928677.630:5286): arch=c000003e syscall=59 success=no exit=-2 a0=7ffed1fb3150 a1=7ffed1fb3500 a2=7ffed1fb3530 a3=7ffed1fb49c0 items=1 ppid=6786 pid=4410 auid=1356 uid=561 gid=703 euid=1403 suid=675 fsuid=1390 egid=647 sgid=1444 fsgid=884 tty=(none) ses=5 comm="python" exe="/usr/bin/python3" subj=desktop-icons-ng key="process_exec"ARCH=x86_64 SYSCALL=execve AUID="heroic" UID="heroic" GID="heroic" EUID="heroic" SUID="heroic" FSUID="heroic" EGID="heroic" SGID="heroic" FSGID="heroic"
type=CWD msg=audit(1769929025.409:4698): cwd="/home/heroic"
type=EXECVE msg=audit(1769929121.280:9725): argc=2 a0="rmdir" a1="/tmp/hids_malicious"
type=CRED_DISP msg=audit(1769928616.378:7016): pid=4473 uid=640 auid=1263 ses=3 subj=unconfined msg='op=PAM:setcred grantors=pam_permit acct="root" exe="/bin/sh" hostname=? addr=? terminal=/dev/pts/0 res=success'UID="heroic" AUID="heroic"
type=CWD msg=audit(1769928779.313:9056): cwd=2F746D702F686964735F6D616C6963696F7573202864656C6574656429
type=CWD msg=audit(1769928574.536:5302): cwd="/tmp"
type=EXECVE msg=audit(1769928438.182:9107): argc=58 a0="rm" a1="-f" a2="file_10.dat" a3="file_11.dat" a4="file_12.dat" a5="file_13.dat" a6="file_14.dat" a7="file_15.dat" a8="file_16.dat" a9="file_17.dat" a10="file_18.dat" a11="file_19.dat" a12="file_1.dat" a13="file_20.dat" a14="file_21.dat" a15="file_22.dat" a16="file_23.dat" a17="file_24.dat" a18="file_25.dat" a19="file_26.dat" a20="file_27.dat" a21="file_28.dat" a22="file_29.dat" a23="file_2.dat" a24="file_30.dat" a25="file_31.dat" a26="file_32.dat" a27="file_33.dat" a28="file_34.dat" a29="file_35.dat" a30="file_36.dat" a31="file_37.dat" a32="file_38.dat" a33="file_39.dat" a34="file_3.dat" a35="file_40.dat" a36="file_41.dat" a37="file_42.dat" a38="file_43.dat" a39="file_44.dat" a40="file_45.dat" a41="file_46.dat" a42="file_47.dat" a43="file_48.dat" a44="file_49.dat" a45="file_4.dat" a46="file_50.dat" a47="file_5.dat" a48="file_6.dat" a49="file_7.dat" a50="file_8.dat" a51="file_9.dat" a52="payload.sh" a53="recon.txt" a54="netstat.txt" a55="processes.txt" a56="sudo_enum.txt" a57="sudo_test.txt"
type=PROCTITLE msg=audit(1769928877.30:6842): proctitle=6375726C002D730066696C653A2F2F2F746D702F686964735F6D616C6963696F75732F7061796C6F61642E7368
type=USER_END msg=audit(1769929110.946:4753): pid=8154 uid=982 auid=1134 ses=3 subj=unconfined msg='op=PAM:session_close grantors=pam_limits,pam_env,pam_env,pam_permit,pam_umask,pam_unix acct="root" exe="/bin/sh" hostname=? addr=? terminal=/dev/pts/0 res=success'UID="heroic" AUID="heroic"
type=CWD msg=audit(1769928464.573:4486): cwd=2F746D702F686964735F6D616C6963696F7573202864656C6574656429
type=PATH msg=audit(1769928957.308:9010): item=0 name="/usr/bin/sudo" inode=1573821 dev=8:2 mode=104791 ouid=0 ogid=0 rdev=0:0 nametype=NORMAL cap_fp=0 cap_fi=0 cap_fe=0 cap_fver=0 cap_frootid=0OUID="root" OGID="root"
type=PATH msg=audit(1769928952.665:7905): item=1 name="/lib64/ld-linux-x86-64.so.2" inode=1575323 dev=8:2 mode=100702 ouid=0 ogid=0 rdev=0:0 nametype=NORMAL cap_fp=0 cap_fi=0 cap_fe=0 cap_fver=0 cap_frootid=0OUID="root" OGID="root"
type=PATH msg=audit(1769929055.1091:8091): item=1 name="/lib64/ld-linux-x86-64.so.2" inode=1574935 dev=8:2 mode=100404 ouid=0 ogid=0 rdev=0:0 nametype=NORMAL cap_fp=0 cap_fi=0 cap_fe=0 cap_fver=0 cap_frootid=0OUID="root" OGID="root"
type=PATH msg=audit(1769928918.408:8058): item=1 name="/lib64/ld-linux-x86-64.so.2" inode=1575541 dev=8:2 mode=100949 ouid=0 ogid=0 rdev=0:0 nametype=NORMAL cap_fp=0 cap_fi=0 cap_fe=0 cap_fver=0 cap_frootid=0OUID="root" OGID="root"
type=PATH msg=audit(1769928477.269:4731): item=1 name="/lib64/ld-linux-x86-64.so.2" inode=1575824 dev=8:2 mode=100279 ouid=0 ogid=0 rdev=0:0 nametype=NORMAL cap_fp=0 cap_fi=0 cap_fe=0 cap_fver=0 cap_frootid=0OUID="root" OGID="root"
type=PROCTITLE msg=audit(1769928887.1020:8310): proctitle=2F62696E2F7368002F7573722F6C69622F737973737461742F64656269616E2D73613100310031
type=PATH msg=audit(1769928761.515:4323): item=1 name="/lib64/ld-linux-x86-64.so.2" inode=1575544 dev=8:2 mode=100265 ouid=0 ogid=0 rdev=0:0 nametype=NORMAL cap_fp=0 cap_fi=0 cap_fe=0 cap_fver=0 cap_frootid=0OUID="root" OGID="root"
type=SERVICE_STOP msg=audit(1769928435.427:5746): pid=7458 uid=0 auid=4294967171 ses=4294967464 subj=unconfined msg='unit=sysstat-collect comm="ss" exe="/bin/sh" hostname=? addr=? terminal=? res=success'UID="root" AUID="unset"
type=EXECVE msg=audit(1769929237.67:8936): argc=1 a0="whoami"
type=PROCTITLE msg=audit(1769928568.34:8798): proctitle=2F62696E2F7368002F7573722F62696E2F6C65737370697065
type=SYSCALL msg=audit(1769929371.815:6259): arch=c000003e syscall=59 success=yes exit=0 a0=5da302dc7a40 a1=5da302dce870 a2=5da302dc08f0 a3=8 items=2 ppid=4833 pid=6439 auid=588 uid=1478 gid=732 euid=1329 suid=730 fsuid=1339 egid=919 sgid=674 fsgid=877 tty=pts0 ses=3 comm="sudo" exe="/usr/bin/last" subj=unconfined key="process_exec"ARCH=x86_64 SYSCALL=execve AUID="heroic" UID="heroic" GID="heroic" EUID="heroic" SUID="heroic" FSUID="heroic" EGID="heroic" SGID="heroic" FSGID="heroic"
type=SYSCALL msg=audit(1769928910.367:6574): arch=c000003e syscall=59 success=yes exit=0 a0=5da302dcc870 a1=5da302dcc850 a2=5da302dc08f0 a3=5da302dcc850 items=2 ppid=6923 pid=5121 auid=823 uid=621 gid=560 euid=0 suid=0 fsuid=0 egid=542 sgid=1232 fsgid=1073 tty=pts0 ses=3 comm="netstat" exe="/usr/bin/sed" subj=unconfined key="process_exec"ARCH=x86_64 SYSCALL=execve AUID="heroic" UID="heroic" GID="heroic" EUID="root" SUID="root" FSUID="root" EGID="heroic" SGID="heroic" FSGID="heroic"
type=USER_START msg=audit(1769929060.72:5752): pid=9928 uid=905 auid=566 ses=3 subj=unconfined msg='op=PAM:session_open grantors=pam_limits,pam_env,pam_env,pam_permit,pam_umask,pam_unix acct="root" exe="/usr/bin/sudo" hostname=? addr=? terminal=/dev/pts/0 res=success'UID="heroic" AUID="heroic"
type=EXECVE msg=audit(1769928619.156:7294): argc=3 a0="sudo" a1="tee" a2="/etc/cron.d/hids_persist"
type=PATH msg=audit(1769928598.139:6358): item=1 name="/lib64/ld-linux-x86-64.so.2" inode=1574938 dev=8:2 mode=100526 ouid=0 ogid=0 rdev=0:0 nametype=NORMAL cap_fp=0 cap_fi=0 cap_fe=0 cap_fver=0 cap_frootid=0OUID="root" OGID="root"
type=EXECVE msg=audit(1769929178.329:7860): argc=3 a0="chmod" a1="+x" a2="payload.sh"
type=EXECVE msg=audit(1769928529.309:8440): argc=3 a0="curl" a1="-s" a2="file:///tmp/hids_malicious/payload.sh"
type=USER_ACCT msg=audit(1769928985.871:4292): pid=6077 uid=556 auid=1448 ses=3 subj=unconfined msg='op=PAM:accounting grantors=pam_permit,pam_localuser acct="heroic" exe="/usr/bin/sudo" hostname=? addr=? terminal=/dev/pts/0 res=success'UID="heroic" AUID="heroic"
type=SYSCALL msg=audit(1769929037.409:7201): arch=c000003e syscall=59 success=yes exit=0 a0=64e1754ce530 a1=64e1754cf8b0 a2=64e1754c38f0 a3=64e1754cf8b0 items=2 ppid=9806 pid=9367 auid=1281 uid=527 gid=705 euid=0 suid=0 fsuid=0 egid=890 sgid=1144 fsgid=766 tty=pts0 ses=3 comm="sed" exe="/usr/bin/last" subj=unconfined key="process_exec"ARCH=x86_64 SYSCALL=execve AUID="heroic" UID="heroic" GID="heroic" EUID="root" SUID="root" FSUID="root" EGID="heroic" SGID="heroic" FSGID="heroic"
type=USER_END msg=audit(1769929092.1029:6645): pid=5869 uid=0 auid=940 ses=5 subj=unconfined msg='op=PAM:session_close grantors=pam_env,pam_env,pam_mail,pam_limits,pam_permit,pam_umask,pam_unix,pam_systemd acct="root" exe="/usr/bin/last" hostname=? addr=? terminal=/dev/pts/1 res=success'UID="root" AUID="heroic"
type=USER_ACCT msg=audit(1769929007.893:4745): pid=5518 uid=921 auid=796 ses=3 subj=unconfined msg='op=PAM:accounting grantors=pam_permit,pam_localuser acct="heroic" exe="/usr/bin/last" hostname=? addr=? terminal=/dev/pts/0 res=success'UID="heroic" AUID="heroic"
type=CWD msg=audit(1769928910.358:4600): cwd="/home/heroic"
type=PATH msg=audit(1769928803.979:4801): item=0 name="/usr/bin/gpg" inode=1573230 dev=8:2 mode=101183 ouid=0 ogid=0 rdev=0:0 nametype=NORMAL cap_fp=0 cap_fi=0 cap_fe=0 cap_fver=0 cap_frootid=0OUID="root" OGID="root"
type=CWD msg=audit(1769929031.393:8857): cwd="/home/heroic"
type=SYSCALL msg=audit(1769928789.306:8938): arch=c000003e syscall=59 success=yes exit=0 a0=55cec47b6b68 a1=55cec47c6ba0 a2=55cec47d97a0 a3=64 items=2 ppid=7870 pid=6402 auid=915 uid=0 gid=0 euid=0 suid=0 fsuid=0 egid=0 sgid=0 fsgid=0 tty=pts4 ses=3 comm="ss" exe="/usr/bin/tail" subj=unconfined key="process_exec"ARCH=x86_64 SYSCALL=execve AUID="heroic" UID="root" GID="root" EUID="root" SUID="root" FSUID="root" EGID="root" SGID="root" FSGID="root"
type=PATH msg=audit(1769929024.472:4605): item=1 name="/lib64/ld-linux-x86-64.so.2" inode=1575163 dev=8:2 mode=100529 ouid=0 ogid=0 rdev=0:0 nametype=NORMAL cap_fp=0 cap_fi=0 cap_fe=0 cap_fver=0 cap_frootid=0OUID="root" OGID="root"
type=PATH msg=audit(1769929075.990:6147): item=1 name="/lib64/ld-linux-x86-64.so.2" inode=1575124 dev=8:2 mode=100953 ouid=0 ogid=0 rdev=0:0 nametype=NORMAL cap_fp=0 cap_fi=0 cap_fe=0 cap_fver=0 cap_frootid=0OUID="root" OGID="root"
type=PATH msg=audit(1769928494.607:5374): item=0 name="/usr/bin/tee" inode=1578542 dev=8:2 mode=101119 ouid=0 ogid=0 rdev=0:0 nametype=NORMAL cap_fp=0 cap_fi=0 cap_fe=0 cap_fver=0 cap_frootid=0OUID="root" OGID="root"
type=SYSCALL msg=audit(1769929034.416:5531): arch=c000003e syscall=59 success=yes exit=0 a0=64e1754cb980 a1=64e1754cff50 a2=64e1754c38f0 a3=64e1754cff50 items=2 ppid=5228 pid=3624 auid=1499 uid=560 gid=782 euid=611 suid=1384 fsuid=705 egid=771 sgid=1348 fsgid=619 tty=pts0 ses=3 comm="sed" exe="/usr/bin/sort" subj=unconfined key="process_exec"ARCH=x86_64 SYSCALL=execve AUID="heroic" UID="heroic" GID="heroic" EUID="heroic" SUID="heroic" FSUID="heroic" EGID="heroic" SGID="heroic" FSGID="heroic"
type=PROCTITLE msg=audit(1769929319.115:8610): proctitle=746565002F6574632F63726F6E2E642F686964735F70657273697374
type=CWD msg=audit(1769928786.433:9448): cwd="/tmp"
type=PATH msg=audit(1769928452.913:5863): item=1 name="/lib64/ld-linux-x86-64.so.2" inode=1575497 dev=8:2 mode=100500 ouid=0 ogid=0 rdev=0:0 nametype=NORMAL cap_fp=0 cap_fi=0 cap_fe=0 cap_fver=0 cap_frootid=0OUID="root" OGID="root"
type=CWD msg=audit(1769929211.263:9089): cwd="/home/heroic"
type=CWD msg=audit(1769929358.117:4693): cwd="/var/ossec"
type=SYSCALL msg=audit(1769929136.909:8642): arch=c000003e syscall=59 success=yes exit=0 a0=5da302dccf10 a1=5da302dc8880 a2=5da302dc08f0 a3=5da302dc8880 items=2 ppid=9662 pid=2928 auid=1035 uid=1286 gid=937 euid=1320 suid=1294 fsuid=1146 egid=1131 sgid=1176 fsgid=1079 tty=pts0 ses=3 comm="ss" exe="/bin/sh" subj=unconfined key="process_exec"ARCH=x86_64 SYSCALL=execve AUID="heroic" UID="heroic" GID="heroic" EUID="heroic" SUID="heroic" FSUID="heroic" EGID="heroic" SGID="heroic" FSGID="heroic"
type=USER_START msg=audit(1769928646.877:9745): pid=1244 uid=1150 auid=1385 ses=3 subj=unconfined msg='op=PAM:session_open grantors=pam_limits,pam_env,pam_env,pam_permit,pam_umask,pam_unix acct="root" exe="/usr/bin/last" hostname=? addr=? terminal=/dev/pts/0 res=success'UID="heroic" AUID="heroic"
type=SYSCALL msg=audit(1769929116.819:4184): arch=c000003e syscall=59 success=yes exit=0 a0=5da302dc8600 a1=5da302dc6e20 a2=5da302dc08f0 a3=5da302dc6e20 items=2 ppid=8894 pid=9915 auid=890 uid=1454 gid=1481 euid=1234 suid=657 fsuid=1381 egid=1072 sgid=1428 fsgid=1384 tty=pts0 ses=3 comm="sh" exe="/bin/sh" subj=unconfined key="process_exec"ARCH=x86_64 SYSCALL=execve AUID="heroic" UID="heroic" GID="heroic" EUID="heroic" SUID="heroic" FSUID="heroic" EGID="heroic" SGID="heroic" FSGID="heroic"
type=CWD msg=audit(1769929031.182:5762): cwd="/root"
type=PATH msg=audit(1769928552.646:5414): item=0 name="/usr/bin/sudo" inode=1574406 dev=8:2 mode=105023 ouid=0 ogid=0 rdev=0:0 nametype=NORMAL cap_fp=0 cap_fi=0 cap_fe=0 cap_fver=0 cap_frootid=0OUID="root" OGID="root"
type=PATH msg=audit(1769929145.464:5001): item=2 name="/lib64/ld-linux-x86-64.so.2" inode=1575193 dev=8:2 mode=100454 ouid=0 ogid=0 rdev=0:0 nametype=NORMAL cap_fp=0 cap_fi=0 cap_fe=0 cap_fver=0 cap_frootid=0OUID="root" OGID="root"
type=EXECVE msg=audit(1769929230.763:4992): argc=2 a0="sleep" a1="5"
type=PROCTITLE msg=audit(1769929134.153:8951): proctitle=746565002F6574632F63726F6E2E642F686964735F70657273697374
type=USER_CMD msg=audit(1769928836.1079:9395): pid=7230 uid=1101 auid=1402 ses=3 subj=unconfined msg='cwd="/usr/local/bin" cmd="su" exe="/usr/bin/df" terminal=pts/1 res=success'UID="heroic" AUID="heroic"
type=CWD msg=audit(1769929296.891:5545): cwd="/var/ossec"
type=PROCTITLE msg=audit(1769928727.519:5708): proctitle=7375646F002D6C
type=PROCTITLE msg=audit(1769929047.977:9831): proctitle=736C656570003930
type=EXECVE msg=audit(1769929305.239:9856): argc=3 a0="curl" a1="-s" a2="file:///tmp/hids_malicious/payload.sh"
type=USER_CMD msg=audit(1769929167.1050:9551): pid=6615 uid=1441 auid=1494 ses=3 subj=unconfined msg='cwd="/usr/local/bin" cmd=726D202D66202F6574632F63726F6E2E642F686964735F70657273697374 exe="/usr/bin/sudo" terminal=pts/0 res=success'UID="heroic" AUID="heroic"
type=PATH msg=audit(1769929039.428:7729): item=0 name="/usr/bin/bash" inode=1573235 dev=8:2 mode=100806 ouid=0 ogid=0 rdev=0:0 nametype=NORMAL cap_fp=0 cap_fi=0 cap_fe=0 cap_fver=0 cap_frootid=0OUID="root" OGID="root"
type=CRED_DISP msg=audit(1769929212.153:9311): pid=993 uid=1115 auid=615 ses=3 subj=unconfined msg='op=PAM:setcred grantors=pam_permit acct="root" exe="/usr/bin/tail" hostname=? addr=? terminal=/dev/pts/0 res=success'UID="heroic" AUID="heroic"
type=PATH msg=audit(1769929232.297:9725): item=0 name="/usr/bin/id" inode=1577893 dev=8:2 mode=101008 ouid=0 ogid=0 rdev=0:0 nametype=NORMAL cap_fp=0 cap_fi=0 cap_fe=0 cap_fver=0 cap_frootid=0OUID="root" OGID="root"
type=PATH msg=audit(1769928870.146:4728): item=1 name="/lib64/ld-linux-x86-64.so.2" inode=1575203 dev=8:2 mode=101072 ouid=0 ogid=0 rdev=0:0 nametype=NORMAL cap_fp=0 cap_fi=0 cap_fe=0 cap_fver=0 cap_frootid=0OUID="root" OGID="root"
type=EXECVE msg=audit(1769928928.220:7665): argc=2 a0="rmdir" a1="/tmp/hids_malicious"
type=PATH msg=audit(1769928986.844:6250): item=1 name="/lib64/ld-linux-x86-64.so.2" inode=1575110 dev=8:2 mode=101180 ouid=0 ogid=0 rdev=0:0 nametype=NORMAL cap_fp=0 cap_fi=0 cap_fe=0 cap_fver=0 cap_frootid=0OUID="root" OGID="root"
type=PATH msg=audit(1769928473.634:4636): item=1 name="/lib64/ld-linux-x86-64.so.2" inode=1575459 dev=8:2 mode=101020 ouid=0 ogid=0 rdev=0:0 nametype=NORMAL cap_fp=0 cap_fi=0 cap_fe=0 cap_fver=0 cap_frootid=0OUID="root" OGID="root"
type=SYSCALL msg=audit(1769929033.1300:5110): arch=c000003e syscall=59 success=yes exit=0 a0=64e1754cf970 a1=64e1754d03f0 a2=64e1754c38f0 a3=64e1754d03f0 items=2 ppid=3674 pid=8089 auid=710 uid=1080 gid=506 euid=0 suid=0 fsuid=0 egid=1404 sgid=1194 fsgid=1121 tty=pts0 ses=3 comm="sed" exe="/usr/bin/df" subj=unconfined key="process_exec"ARCH=x86_64 SYSCALL=execve AUID="heroic" UID="heroic" GID="heroic" EUID="root" SUID="root" FSUID="root" EGID="heroic" SGID="heroic" FSGID="heroic"
type=CWD msg=audit(1769928485.54:7865): cwd="/root"
type=PATH msg=audit(1769928924.1052:5522): item=1 name="/lib64/ld-linux-x86-64.so.2" inode=1575285 dev=8:2 mode=101127 ouid=0 ogid=0 rdev=0:0 nametype=NORMAL cap_fp=0 cap_fi=0 cap_fe=0 cap_fver=0 cap_frootid=0OUID="root" OGID="root"
type=PATH msg=audit(1769929094.289:4552): item=1 name="/lib64/ld-linux-x86-64.so.2" inode=1575732 dev=8:2 mode=101030 ouid=0 ogid=0 rdev=0:0 nametype=NORMAL cap_fp=0 cap_fi=0 cap_fe=0 cap_fver=0 cap_frootid=0OUID="root" OGID="root"
type=EXECVE msg=audit(1769928526.796:8935): argc=2 a0="/usr/bin/gpg" a1="--version"
type=PATH msg=audit(1769928772.341:6079): item=1 name="/bin/sh" inode=1573520 dev=8:2 mode=100941 ouid=0 ogid=0 rdev=0:0 nametype=NORMAL cap_fp=0 cap_fi=0 cap_fe=0 cap_fver=0 cap_frootid=0OUID="root" OGID="root"
type=PATH msg=audit(1769929016.696:4358): item=1 name="/lib64/ld-linux-x86-64.so.2" inode=1575242 dev=8:2 mode=100998 ouid=0 ogid=0 rdev=0:0 nametype=NORMAL cap_fp=0 cap_fi=0 cap_fe=0 cap_fver=0 cap_frootid=0OUID="root" OGID="root"
type=USER_END msg=audit(1769928979.294:6084): pid=6251 uid=1150 auid=1203 ses=3 subj=unconfined msg='op=PAM:session_close grantors=pam_limits,pam_env,pam_env,pam_permit,pam_umask,pam_unix acct="root" exe="/usr/bin/sed" hostname=? addr=? terminal=/dev/pts/0 res=success'UID="heroic" AUID="heroic"
type=PATH msg=audit(1769928676.168:6934): item=0 name="/usr/bin/ls" inode=1577887 dev=8:2 mode=100458 ouid=0 ogid=0 rdev=0:0 nametype=NORMAL cap_fp=0 cap_fi=0 cap_fe=0 cap_fver=0 cap_frootid=0OUID="root" OGID="root"
type=PATH msg=audit(1769929128.952:4639): item=1 name="/lib64/ld-linux-x86-64.so.2" inode=1575561 dev=8:2 mode=100981 ouid=0 ogid=0 rdev=0:0 nametype=NORMAL cap_fp=0 cap_fi=0 cap_fe=0 cap_fver=0 cap_frootid=0OUID="root" OGID="root"
type=PATH msg=audit(1769929290.373:8342): item=0 name="/usr/bin/rm" inode=1577879 dev=8:2 mode=100261 ouid=0 ogid=0 rdev=0:0 nametype=NORMAL cap_fp=0 cap_fi=0 cap_fe=0 cap_fver=0 cap_frootid=0OUID="root" OGID="root"
type=PATH msg=audit(1769928631.728:9482): item=0 name="/usr/lib/sysstat/debian-sa1" inode=1582441 dev=8:2 mode=100853 ouid=0 ogid=0 rdev=0:0 nametype=NORMAL cap_fp=0 cap_fi=0 cap_fe=0 cap_fver=0 cap_frootid=0OUID="root" OGID="root"
type=CRED_DISP msg=audit(1769929052.433:7142): pid=3908 uid=1123 auid=611 ses=3 subj=unconfined msg='op=PAM:setcred grantors=pam_permit acct="root" exe="/bin/sh" hostname=? addr=? terminal=/dev/pts/0 res=success'UID="heroic" AUID="heroic"
type=CWD msg=audit(1769928948.261:6804): cwd="/usr/local/bin"
type=USER_CMD msg=audit(1769929190.404:7321): pid=6488 uid=672 auid=1166 ses=3 subj=unconfined msg='cwd="/var/ossec" cmd=746565202F6574632F63726F6E2E642F686964735F70657273697374 exe="/usr/bin/tail" terminal=pts/0 res=success'UID="heroic" AUID="heroic"
type=LOGIN msg=audit(1769929078.319:7489): pid=6348 uid=0 subj=unconfined old-auid=4294967200 auid=0 tty=(none) old-ses=4294967033 ses=9 res=1UID="root" OLD-AUID="unset" AUID="root"
type=EXECVE msg=audit(1769928870.598:3841): argc=4 a0="/bin/sh" a1="/usr/lib/sysstat/debian-sa1" a2="1" a3="1"
type=PROCTITLE msg=audit(1769929188.544:9450): proctitle=646972636F6C6F7273002D62
type=EXECVE msg=audit(1769928440.860:6032): argc=2 a0="rmdir" a1="/tmp/hids_malicious"
type=EXECVE msg=audit(1769929041.99:8389): argc=1 a0="whoami"
type=PATH msg=audit(1769928974.1083:4118): item=1 name="/lib64/ld-linux-x86-64.so.2" inode=1574883 dev=8:2 mode=100481 ouid=0 ogid=0 rdev=0:0 nametype=NORMAL cap_fp=0 cap_fi=0 cap_fe=0 cap_fver=0 cap_frootid=0OUID="root" OGID="root"
type=PATH msg=audit(1769929067.784:5079): item=1 name="/lib64/ld-linux-x86-64.so.2" inode=1575329 dev=8:2 mode=101242 ouid=0 ogid=0 rdev=0:0 nametype=NORMAL cap_fp=0 cap_fi=0 cap_fe=0 cap_fver=0 cap_frootid=0OUID="root" OGID="root"
type=CWD msg=audit(1769929142.87:6955): cwd="/var/ossec"
type=PATH msg=audit(1769928688.425:8258): item=0 name="/usr/bin/id" inode=1577922 dev=8:2 mode=100532 ouid=0 ogid=0 rdev=0:0 nametype=NORMAL cap_fp=0 cap_fi=0 cap_fe=0 cap_fver=0 cap_frootid=0OUID="root" OGID="root"
type=SYSCALL msg=audit(1769928472.774:9990): arch=c000003e syscall=59 success=yes exit=0 a0=64e1754cb600 a1=64e1754d0e60 a2=64e1754c38f0 a3=64e1754d0e60 items=2 ppid=9860 pid=5893 auid=1275 uid=1151 gid=1073 euid=0 suid=0 fsuid=0 egid=839 sgid=807 fsgid=807 tty=pts0 ses=3 comm="sudo" exe="/usr/bin/sort" subj=unconfined key="process_exec"ARCH=x86_64 SYSCALL=execve AUID="heroic" UID="heroic" GID="heroic" EUID="root" SUID="root" FSUID="root" EGID="heroic" SGID="heroic" FSGID="heroic"
type=EXECVE msg=audit(1769928870.497:7155): argc=2 a0="ss" a1="-tulnp"
type=EXECVE msg=audit(1769928645.1178:5420): argc=2 a0="ps" a1="aux"
type=PATH msg=audit(1769929016.611:9021): item=1 name="/lib64/ld-linux-x86-64.so.2" inode=1575266 dev=8:2 mode=101065 ouid=0 ogid=0 rdev=0:0 nametype=NORMAL cap_fp=0 cap_fi=0 cap_fe=0 cap_fver=0 cap_frootid=0OUID="root" OGID="root"
type=EXECVE msg=audit(1769928583.611:6221): argc=2 a0="sudo" a1="su"
type=SYSCALL msg=audit(1769928454.725:6644): arch=c000003e syscall=59 success=yes exit=0 a0=64e1754cfb70 a1=64e1754ce5d0 a2=64e1754c38f0 a3=64e1754cb980 items=2 ppid=7974 pid=2382 auid=1459 uid=912 gid=1103 euid=975 suid=1300 fsuid=1262 egid=1497 sgid=1193 fsgid=1136 tty=pts0 ses=3 comm="python" exe="/usr/bin/df" subj=unconfined key="process_exec"ARCH=x86_64 SYSCALL=execve AUID="heroic" UID="heroic" GID="heroic" EUID="heroic" SUID="heroic" FSUID="heroic" EGID="heroic" SGID="heroic" FSGID="heroic"
type=CRED_REFR msg=audit(1769928676.26:7281): pid=6354 uid=1299 auid=1156 ses=3 subj=unconfined msg='op=PAM:setcred grantors=pam_permit,pam_cap acct="root" exe="/usr/bin/python3" hostname=? addr=? terminal=/dev/pts/0 res=success'UID="heroic" AUID="heroic"
type=CWD msg=audit(1769928592.58:7785): cwd="/usr/local/bin"
type=PATH msg=audit(1769929400.267:6069): item=0 name="/usr/bin/whoami" inode=1577897 dev=8:2 mode=100609 ouid=0 ogid=0 rdev=0:0 nametype=NORMAL cap_fp=0 cap_fi=0 cap_fe=0 cap_fver=0 cap_frootid=0OUID="root" OGID="root"
type=SYSCALL msg=audit(1769929378.35:4583): arch=c000003e syscall=59 success=yes exit=0 a0=5da302dccd10 a1=5da302dc7090 a2=5da302dc08f0 a3=8 items=2 ppid=6462 pid=2853 auid=1227 uid=629 gid=1285 euid=578 suid=1046 fsuid=820 egid=993 sgid=1158 fsgid=1450 tty=pts0 ses=3 comm="tail" exe="/usr/bin/tail" subj=unconfined key="process_exec"ARCH=x86_64 SYSCALL=execve AUID="heroic" UID="heroic" GID="heroic" EUID="heroic" SUID="heroic" FSUID="heroic" EGID="heroic" SGID="heroic" FSGID="heroic"
type=SYSCALL msg=audit(1769929090.360:7513): arch=c000003e syscall=59 success=no exit=-2 a0=7ffd3d275ab3 a1=648e265e06a0 a2=7ffd3d279908 a3=735fc1d319c8 items=1 ppid=1538 pid=2096 auid=1344 uid=880 gid=783 euid=898 suid=565 fsuid=1376 egid=1433 sgid=1069 fsgid=909 tty=(none) ses=5 comm="last" exe="/usr/bin/netstat" subj=desktop-icons-ng key="process_exec"ARCH=x86_64 SYSCALL=execve AUID="heroic" UID="heroic" GID="heroic" EUID="heroic" SUID="heroic" FSUID="heroic" EGID="heroic" SGID="heroic" FSGID="heroic"
type=PROCTITLE msg=audit(1769928541.1070:9364): proctitle=756E616D65002D61
type=PROCTITLE msg=audit(1769928715.343:9271): proctitle=726D002D660066696C655F31302E6461740066696C655F31312E6461740066696C655F31322E6461740066696C655F31332E6461740066696C655F31342E6461740066696C655F31352E6461740066696C655F31362E6461740066696C655F31372E6461740066696C655F31382E6461740066696C655F31392E646174006669
type=PATH msg=audit(1769928829.524:9613): item=1 name="/lib64/ld-linux-x86-64.so.2" inode=1574936 dev=8:2 mode=100343 ouid=0 ogid=0 rdev=0:0 nametype=NORMAL cap_fp=0 cap_fi=0 cap_fe=0 cap_fver=0 cap_frootid=0OUID="root" OGID="root"
type=USER_END msg=audit(1769928493.689:4332): pid=1124 uid=1353 auid=562 ses=3 subj=unconfined msg='op=PAM:session_close grantors=pam_limits,pam_env,pam_env,pam_permit,pam_umask,pam_unix acct="root" exe="/usr/bin/tail" hostname=? addr=? terminal=/dev/pts/0 res=success'UID="heroic" AUID="heroic"
type=USER_START msg=audit(1769929246.643:8015): pid=2658 uid=822 auid=785 ses=3 subj=unconfined msg='op=PAM:session_open grantors=pam_limits,pam_env,pam_env,pam_permit,pam_umask,pam_unix acct="root" exe="/usr/bin/netstat" hostname=? addr=? terminal=/dev/pts/0 res=success'UID="heroic" AUID="heroic"
type=CRED_REFR msg=audit(1769928723.520:6154): pid=6810 uid=1171 auid=1264 ses=3 subj=unconfined msg='op=PAM:setcred grantors=pam_permit,pam_cap acct="root" exe="/usr/bin/tail" hostname=? addr=? terminal=/dev/pts/0 res=success'UID="heroic" AUID="heroic"
type=PATH msg=audit(1769928548.636:8124): item=0 name="/bin/bash" inode=1573018 dev=8:2 mode=101040 ouid=0 ogid=0 rdev=0:0 nametype=NORMAL cap_fp=0 cap_fi=0 cap_fe=0 cap_fver=0 cap_frootid=0OUID="root" OGID="root"
type=PATH msg=audit(1769929221.1427:10020): item=0 name="/usr/bin/whoami" inode=1578287 dev=8:2 mode=100780 ouid=0 ogid=0 rdev=0:0 nametype=NORMAL cap_fp=0 cap_fi=0 cap_fe=0 cap_fver=0 cap_frootid=0OUID="root" OGID="root"
type=SYSCALL msg=audit(1769928770.1069:8091): arch=c000003e syscall=631 success=yes exit=0 a0=ffffff9c a1=62b816a614a0 a2=0 a3=62b816a62900 items=2 ppid=9299 pid=3318 auid=756 uid=0 gid=0 euid=0 suid=0 fsuid=0 egid=0 sgid=0 fsgid=0 tty=pts4 ses=3 comm="tail" exe="/usr/bin/last" subj=unconfined key="persistence"ARCH=x86_64 SYSCALL=unlinkat AUID="heroic" UID="root" GID="root" EUID="root" SUID="root" FSUID="root" EGID="root" SGID="root" FSGID="root"
type=PATH msg=audit(1769929100.1268:8675): item=1 name="/lib64/ld-linux-x86-64.so.2" inode=1575158 dev=8:2 mode=100746 ouid=0 ogid=0 rdev=0:0 nametype=NORMAL cap_fp=0 cap_fi=0 cap_fe=0 cap_fver=0 cap_frootid=0OUID="root" OGID="root"
type=PATH msg=audit(1769928788.254:6558): item=1 name="/lib64/ld-linux-x86-64.so.2" inode=1575252 dev=8:2 mode=100343 ouid=0 ogid=0 rdev=0:0 nametype=NORMAL cap_fp=0 cap_fi=0 cap_fe=0 cap_fver=0 cap_frootid=0OUID="root" OGID="root"
type=EXECVE msg=audit(1769929382.467:5451): argc=3 a0="chmod" a1="+x" a2="payload.sh"
type=USER_ACCT msg=audit(1769929149.466:9845): pid=5439 uid=624 auid=1107 ses=3 subj=unconfined msg='op=PAM:accounting grantors=pam_permit,pam_localuser acct="heroic" exe="/usr/bin/sed" hostname=? addr=? terminal=/dev/pts/0 res=success'UID="heroic" AUID="heroic"
type=PATH msg=audit(1769928831.1036:4492): item=1 name="/lib64/ld-linux-x86-64.so.2" inode=1575491 dev=8:2 mode=100642 ouid=0 ogid=0 rdev=0:0 nametype=NORMAL cap_fp=0 cap_fi=0 cap_fe=0 cap_fver=0 cap_frootid=0OUID="root" OGID="root"
type=SYSCALL msg=audit(1769928622.807:5399): arch=c000003e syscall=59 success=yes exit=0 a0=5da302dcc4f0 a1=5da302dcdec0 a2=5da302dc08f0 a3=5da302dcd630 items=2 ppid=3613 pid=7694 auid=844 uid=533 gid=1364 euid=0 suid=0 fsuid=0 egid=1141 sgid=511 fsgid=1003 tty=pts0 ses=3 comm="sudo" exe="/usr/bin/last" subj=unconfined key="process_exec"ARCH=x86_64 SYSCALL=execve AUID="heroic" UID="heroic" GID="heroic" EUID="root" SUID="root" FSUID="root" EGID="heroic" SGID="heroic" FSGID="heroic"
type=EXECVE msg=audit(1769928870.239:4070): argc=3 a0="curl" a1="-s" a2="file:///tmp/hids_malicious/payload.sh"
type=PATH msg=audit(1769929210.611:7050): item=1 name="/lib64/ld-linux-x86-64.so.2" inode=1575243 dev=8:2 mode=100596 ouid=0 ogid=0 rdev=0:0 nametype=NORMAL cap_fp=0 cap_fi=0 cap_fe=0 cap_fver=0 cap_frootid=0OUID="root" OGID="root"
type=PROCTITLE msg=audit(1769929106.538:9857): proctitle=707300617578
type=SYSCALL msg=audit(1769928803.1287:5825): arch=c000003e syscall=59 success=yes exit=0 a0=5da302dcca90 a1=5da302dca510 a2=5da302dc08f0 a3=5da302dca510 items=2 ppid=3264 pid=8759 auid=772 uid=666 gid=785 euid=686 suid=1354 fsuid=511 egid=973 sgid=1100 fsgid=712 tty=pts0 ses=3 comm="sort" exe="/usr/bin/python3" subj=unconfined key="process_exec"ARCH=x86_64 SYSCALL=execve AUID="heroic" UID="heroic" GID="heroic" EUID="heroic" SUID="heroic" FSUID="heroic" EGID="heroic" SGID="heroic" FSGID="heroic"
type=PATH msg=audit(1769928456.1191:6528): item=0 name="/proc/self/fd/9" inode=1596617 dev=8:2 mode=101041 ouid=0 ogid=0 rdev=0:0 nametype=NORMAL cap_fp=0 cap_fi=0 cap_fe=0 cap_fver=0 cap_frootid=0OUID="root" OGID="root"
type=USER_ACCT msg=audit(1769929017.1228:9040): pid=4158 uid=0 auid=735 ses=5 subj=unconfined msg='op=PAM:accounting grantors=pam_permit,pam_localuser acct="root" exe="/usr/bin/sort" hostname=? addr=? terminal=/dev/pts/1 res=success'UID="root" AUID="heroic"
type=USER_ACCT msg=audit(1769928467.614:9623): pid=3442 uid=836 auid=1201 ses=3 subj=unconfined msg='op=PAM:accounting grantors=pam_permit,pam_localuser acct="heroic" exe="/usr/bin/python3" hostname=? addr=? terminal=/dev/pts/0 res=success'UID="heroic" AUID="heroic"
type=PATH msg=audit(1769929153.601:8955): item=0 name="/usr/bin/curl" inode=1573843 dev=8:2 mode=100608 ouid=0 ogid=0 rdev=0:0 nametype=NORMAL cap_fp=0 cap_fi=0 cap_fe=0 cap_fver=0 cap_frootid=0OUID="root" OGID="root"
type=CWD msg=audit(1769928549.617:4902): cwd="/usr/local/bin"
type=SYSCALL msg=audit(1769929311.320:7668): arch=c000003e syscall=59 success=yes exit=0 a0=5da302dccb70 a1=5da302dca620 a2=5da302dc08f0 a3=5da302dcc330 items=2 ppid=6062 pid=2575 auid=956 uid=800 gid=1248 euid=0 suid=0 fsuid=0 egid=1072 sgid=1004 fsgid=707 tty=pts0 ses=3 comm="sh" exe="/usr/bin/sudo" subj=unconfined key="process_exec"ARCH=x86_64 SYSCALL=execve AUID="heroic" UID="heroic" GID="heroic" EUID="root" SUID="root" FSUID="root" EGID="heroic" SGID="heroic" FSGID="heroic"
type=PROCTITLE msg=audit(1769928474.443:4546): proctitle="bash"
type=SYSCALL msg=audit(1769929207.586:4117): arch=c000003e syscall=59 success=yes exit=0 a0=5da302dcd5f0 a1=5da302dcc490 a2=5da302dc08f0 a3=5da302dccb50 items=2 ppid=1908 pid=3433 auid=1098 uid=1274 gid=1356 euid=862 suid=1145 fsuid=1220 egid=763 sgid=1215 fsgid=1235 tty=pts0 ses=3 comm="python" exe="/usr/bin/sort" subj=unconfined key="process_exec"ARCH=x86_64 SYSCALL=execve AUID="heroic" UID="heroic" GID="heroic" EUID="heroic" SUID="heroic" FSUID="heroic" EGID="heroic" SGID="heroic" FSGID="heroic"
type=CWD msg=audit(1769929078.488:7243): cwd="/root"
type=PATH msg=audit(1769928966.19:3905): item=1 name="/lib64/ld-linux-x86-64.so.2" inode=1575146 dev=8:2 mode=100736 ouid=0 ogid=0 rdev=0:0 nametype=NORMAL cap_fp=0 cap_fi=0 cap_fe=0 cap_fver=0 cap_frootid=0OUID="root" OGID="root"
type=EXECVE msg=audit(1769929173.207:4755): argc=1 a0="whoami"
type=PATH msg=audit(1769929299.79:5161): item=1 name="/lib64/ld-linux-x86-64.so.2" inode=1574841 dev=8:2 mode=100699 ouid=0 ogid=0 rdev=0:0 nametype=NORMAL cap_fp=0 cap_fi=0 cap_fe=0 cap_fver=0 cap_frootid=0OUID="root" OGID="root"
type=PATH msg=audit(1769928529.900:5110): item=0 name="/usr/bin/mkdir" inode=1578318 dev=8:2 mode=100370 ouid=0 ogid=0 rdev=0:0 nametype=NORMAL cap_fp=0 cap_fi=0 cap_fe=0 cap_fver=0 cap_frootid=0OUID="root" OGID="root"
type=USER_START msg=audit(1769928686.421:5833): pid=8209 uid=1427 auid=1037 ses=3 subj=unconfined msg='op=PAM:session_open grantors=pam_limits,pam_env,pam_env,pam_permit,pam_umask,pam_unix acct="root" exe="/usr/bin/python3" hostname=? addr=? terminal=/dev/pts/0 res=success'UID="heroic" AUID="heroic"
type=CRED_ACQ msg=audit(1769929086.529:6146): pid=1577 uid=0 auid=4294966875 ses=4294967470 subj=unconfined msg='op=PAM:setcred grantors=pam_permit,pam_cap acct="root" exe="/usr/bin/sed" hostname=? addr=? terminal=cron res=success'UID="root" AUID="unset"
type=SYSCALL msg=audit(1769929385.495:3974): arch=c000003e syscall=59 success=yes exit=0 a0=64e1754cb9e0 a1=64e1754c38c0 a2=64e1754c38f0 a3=64e1754c38c0 items=2 ppid=2835 pid=4778 auid=1359 uid=1348 gid=1276 euid=1225 suid=758 fsuid=1226 egid=826 sgid=1229 fsgid=790 tty=pts0 ses=3 comm="netstat" exe="/usr/bin/sort" subj=unconfined key="process_exec"ARCH=x86_64 SYSCALL=execve AUID="heroic" UID="heroic" GID="heroic" EUID="heroic" SUID="heroic" FSUID="heroic" EGID="heroic" SGID="heroic" FSGID="heroic"
type=EXECVE msg=audit(1769928753.460:9366): argc=2 a0="ps" a1="aux"
type=PATH msg=audit(1769929070.789:5022): item=0 name="/usr/bin/chmod" inode=1577580 dev=8:2 mode=100478 ouid=0 ogid=0 rdev=0:0 nametype=NORMAL cap_fp=0 cap_fi=0 cap_fe=0 cap_fver=0 cap_frootid=0OUID="root" OGID="root"
type=EXECVE msg=audit(1769929210.27:4353): argc=2 a0="sleep" a1="90"
type=SYSCALL msg=audit(1769928895.188:7687): arch=c000003e syscall=59 success=yes exit=0 a0=5dfa5a7beeb0 a1=5dfa5a79cce0 a2=5dfa5a7907a0 a3=5dfa5a7bf0c0 items=2 ppid=3013 pid=9220 auid=1008 uid=0 gid=0 euid=0 suid=0 fsuid=0 egid=0 sgid=0 fsgid=0 tty=pts1 ses=5 comm="sort" exe="/usr/bin/df" subj=unconfined key="process_exec"ARCH=x86_64 SYSCALL=execve AUID="heroic" UID="root" GID="root" EUID="root" SUID="root" FSUID="root" EGID="root" SGID="root" FSGID="root"
type=PATH msg=audit(1769928696.90:4230): item=1 name="/lib64/ld-linux-x86-64.so.2" inode=1575041 dev=8:2 mode=100998 ouid=0 ogid=0 rdev=0:0 nametype=NORMAL cap_fp=0 cap_fi=0 cap_fe=0 cap_fver=0 cap_frootid=0OUID="root" OGID="root"
type=EXECVE msg=audit(1769928788.434:7343): argc=58 a0="rm" a1="-f" a2="file_10.dat" a3="file_11.dat" a4="file_12.dat" a5="file_13.dat" a6="file_14.dat" a7="file_15.dat" a8="file_16.dat" a9="file_17.dat" a10="file_18.dat" a11="file_19.dat" a12="file_1.dat" a13="file_20.dat" a14="file_21.dat" a15="file_22.dat" a16="file_23.dat" a17="file_24.dat" a18="file_25.dat" a19="file_26.dat" a20="file_27.dat" a21="file_28.dat" a22="file_29.dat" a23="file_2.dat" a24="file_30.dat" a25="file_31.dat" a26="file_32.dat" a27="file_33.dat" a28="file_34.dat" a29="file_35.dat" a30="file_36.dat" a31="file_37.dat" a32="file_38.dat" a33="file_39.dat" a34="file_3.dat" a35="file_40.dat" a36="file_41.dat" a37="file_42.dat" a38="file_43.dat" a39="file_44.dat" a40="file_45.dat" a41="file_46.dat" a42="file_47.dat" a43="file_48.dat" a44="file_49.dat" a45="file_4.dat" a46="file_50.dat" a47="file_5.dat" a48="file_6.dat" a49="file_7.dat" a50="file_8.dat" a51="file_9.dat" a52="payload.sh" a53="recon.txt" a54="netstat.txt" a55="processes.txt" a56="sudo_enum.txt" a57="sudo_test.txt"
type=SYSCALL msg=audit(1769928601.1037:7286): arch=c000003e syscall=59 success=yes exit=0 a0=64e1754cfc70 a1=64e1754caa40 a2=64e1754c38f0 a3=64e1754d00f0 items=2 ppid=2774 pid=2149 auid=512 uid=937 gid=1150 euid=1039 suid=1465 fsuid=637 egid=648 sgid=513 fsgid=690 tty=pts0 ses=3 comm="sh" exe="/usr/bin/netstat" subj=unconfined key="process_exec"ARCH=x86_64 SYSCALL=execve AUID="heroic" UID="heroic" GID="heroic" EUID="heroic" SUID="heroic" FSUID="heroic" EGID="heroic" SGID="heroic" FSGID="heroic"
type=CWD msg=audit(1769928826.513:7776): cwd="/root"
type=PATH msg=audit(1769928623.766:6718): item=0 name="/usr/bin/lesspipe" inode=1573447 dev=8:2 mode=100727 ouid=0 ogid=0 rdev=0:0 nametype=NORMAL cap_fp=0 cap_fi=0 cap_fe=0 cap_fver=0 cap_frootid=0OUID="root" OGID="root"
type=PATH msg=audit(1769929350.956:8021): item=1 name="/lib64/ld-linux-x86-64.so.2" inode=1575650 dev=8:2 mode=100365 ouid=0 ogid=0 rdev=0:0 nametype=NORMAL cap_fp=0 cap_fi=0 cap_fe=0 cap_fver=0 cap_frootid=0OUID="root" OGID="root"
type=EXECVE msg=audit(1769929037.151:6946): argc=4 a0="sudo" a1="cp" a2="/var/log/audit/audit.log" a3="/root/Desktop/hids_dataset/raw/malicious_remote.log"
type=EXECVE msg=audit(1769929317.288:6507): argc=2 a0="rmdir" a1="/tmp/hids_malicious"
type=EXECVE msg=audit(1769928665.339:4911): argc=58 a0="rm" a1="-f" a2="file_10.dat" a3="file_11.dat" a4="file_12.dat" a5="file_13.dat" a6="file_14.dat" a7="file_15.dat" a8="file_16.dat" a9="file_17.dat" a10="file_18.dat" a11="file_19.dat" a12="file_1.dat" a13="file_20.dat" a14="file_21.dat" a15="file_22.dat" a16="file_23.dat" a17="file_24.dat" a18="file_25.dat" a19="file_26.dat" a20="file_27.dat" a21="file_28.dat" a22="file_29.dat" a23="file_2.dat" a24="file_30.dat" a25="file_31.dat" a26="file_32.dat" a27="file_33.dat" a28="file_34.dat" a29="file_35.dat" a30="file_36.dat" a31="file_37.dat" a32="file_38.dat" a33="file_39.dat" a34="file_3.dat" a35="file_40.dat" a36="file_41.dat" a37="file_42.dat" a38="file_43.dat" a39="file_44.dat" a40="file_45.dat" a41="file_46.dat" a42="file_47.dat" a43="file_48.dat" a44="file_49.dat" a45="file_4.dat" a46="file_50.dat" a47="file_5.dat" a48="file_6.dat" a49="file_7.dat" a50="file_8.dat" a51="file_9.dat" a52="payload.sh" a53="recon.txt" a54="netstat.txt" a55="processes.txt" a56="sudo_enum.txt" a57="sudo_test.txt"
type=USER_ACCT msg=audit(1769929339.528:10480): pid=4847 uid=1326 auid=1415 ses=3 subj=unconfined msg='op=PAM:accounting grantors=pam_permit,pam_localuser acct="heroic" exe="/usr/bin/sudo" hostname=? addr=? terminal=/dev/pts/0 res=success'UID="heroic" AUID="heroic"
type=PATH msg=audit(1769929356.222:5283): item=0 name="/etc/cron.d/" inode=1704328 dev=8:2 mode=41069 ouid=0 ogid=0 rdev=0:0 nametype=PARENT cap_fp=0 cap_fi=0 cap_fe=0 cap_fver=0 cap_frootid=0OUID="root" OGID="root"
type=PATH msg=audit(1769929385.69:7454): item=0 name="/usr/bin/sudo" inode=1574551 dev=8:2 mode=104309 ouid=0 ogid=0 rdev=0:0 nametype=NORMAL cap_fp=0 cap_fi=0 cap_fe=0 cap_fver=0 cap_frootid=0OUID="root" OGID="root"
type=USER_START msg=audit(1769928511.604:5951): pid=6395 uid=835 auid=827 ses=3 subj=unconfined msg='op=PAM:session_open grantors=pam_limits,pam_env,pam_env,pam_permit,pam_umask,pam_unix acct="root" exe="/usr/bin/last" hostname=? addr=? terminal=/dev/pts/0 res=success'UID="heroic" AUID="heroic"
type=PATH msg=audit(1769928596.470:6817): item=0 name="/usr/bin/ps" inode=1574294 dev=8:2 mode=100274 ouid=0 ogid=0 rdev=0:0 nametype=NORMAL cap_fp=0 cap_fi=0 cap_fe=0 cap_fver=0 cap_frootid=0OUID="root" OGID="root"
type=EXECVE msg=audit(1769928781.932:7441): argc=4 a0="sudo" a1="rm" a2="-f" a3="/etc/cron.d/hids_persist"
type=BPRM_FCAPS msg=audit(1769928917.629:9020): fver=0 fp=0 fi=0 fe=0 old_pp=000001ffffffffff old_pi=0 old_pe=000001ffffffffff old_pa=0 pp=000001fffffeffff pi=0 pe=000001fffffeffff pa=0 frootid=0
type=PATH msg=audit(1769929102.263:7161): item=0 name="/usr/bin/ps" inode=1574596 dev=8:2 mode=101015 ouid=0 ogid=0 rdev=0:0 nametype=NORMAL cap_fp=0 cap_fi=0 cap_fe=0 cap_fver=0 cap_frootid=0OUID="root" OGID="root"
type=PATH msg=audit(1769928897.1150:9927): item=1 name="/lib64/ld-linux-x86-64.so.2" inode=1575126 dev=8:2 mode=100466 ouid=0 ogid=0 rdev=0:0 nametype=NORMAL cap_fp=0 cap_fi=0 cap_fe=0 cap_fver=0 cap_frootid=0OUID="root" OGID="root"
type=PATH msg=audit(1769929238.304:5567): item=0 name="/usr/bin/ss" inode=1574636 dev=8:2 mode=100849 ouid=0 ogid=0 rdev=0:0 nametype=NORMAL cap_fp=0 cap_fi=0 cap_fe=0 cap_fver=0 cap_frootid=0OUID="root" OGID="root"
type=SYSCALL msg=audit(1769928966.66:4765): arch=c000003e syscall=59 success=yes exit=0 a0=5da302dcbd10 a1=5da302dce0f0 a2=5da302dc08f0 a3=5da302dc8980 items=2 ppid=7549 pid=6797 auid=1224 uid=1124 gid=1297 euid=693 suid=1088 fsuid=1246 egid=829 sgid=910 fsgid=922 tty=pts0 ses=3 comm="df" exe="/usr/bin/python3" subj=unconfined key="process_exec"ARCH=x86_64 SYSCALL=execve AUID="heroic" UID="heroic" GID="heroic" EUID="heroic" SUID="heroic" FSUID="heroic" EGID="heroic" SGID="heroic" FSGID="heroic"
type=PROCTITLE msg=audit(1769929196.1291:10184): proctitle=2F7573722F6C69622F73797374656D642F73797374656D642D6578656375746F72002D2D646573657269616C697A6500313139002D2D6C6F672D6C6576656C00696E666F002D2D6C6F672D746172676574006A6F75726E616C2D6F722D6B6D7367
type=PROCTITLE msg=audit(1769928427.879:8767): proctitle=746565002F6574632F63726F6E2E642F686964735F70657273697374
type=PATH msg=audit(1769929118.346:10136): item=1 name="/lib64/ld-linux-x86-64.so.2" inode=1575762 dev=8:2 mode=100813 ouid=0 ogid=0 rdev=0:0 nametype=NORMAL cap_fp=0 cap_fi=0 cap_fe=0 cap_fver=0 cap_frootid=0OUID="root" OGID="root"
type=CWD msg=audit(1769929330.554:6792): cwd="/home/heroic"
type=PATH msg=audit(1769928668.538:5864): item=0 name="/usr/bin/sudo" inode=1573953 dev=8:2 mode=104255 ouid=0 ogid=0 rdev=0:0 nametype=NORMAL cap_fp=0 cap_fi=0 cap_fe=0 cap_fver=0 cap_frootid=0OUID="root" OGID="root"
type=EXECVE msg=audit(1769929109.502:9939): argc=2 a0="uname" a1="-a"
type=SERVICE_START msg=audit(1769928427.664:9838): pid=8936 uid=0 auid=4294966910 ses=4294967548 subj=unconfined msg='unit=NetworkManager-dispatcher comm="python" exe="/usr/bin/sed" hostname=? addr=? terminal=? res=success'UID="root" AUID="unset"
type=PATH msg=audit(1769929046.671:8011): item=1 name="/lib64/ld-linux-x86-64.so.2" inode=1575475 dev=8:2 mode=100600 ouid=0 ogid=0 rdev=0:0 nametype=NORMAL cap_fp=0 cap_fi=0 cap_fe=0 cap_fver=0 cap_frootid=0OUID="root" OGID="root"
type=PATH msg=audit(1769928472.1076:9821): item=1 name="/lib64/ld-linux-x86-64.so.2" inode=1575577 dev=8:2 mode=100868 ouid=0 ogid=0 rdev=0:0 nametype=NORMAL cap_fp=0 cap_fi=0 cap_fe=0 cap_fver=0 cap_frootid=0OUID="root" OGID="root"
type=SYSCALL msg=audit(1769928722.743:9921): arch=c000003e syscall=59 success=yes exit=0 a0=5da302dccbb0 a1=5da302dcca10 a2=5da302dc08f0 a3=5da302dccc50 items=2 ppid=7025 pid=7161 auid=1364 uid=1407 gid=1087 euid=1448 suid=1415 fsuid=1107 egid=1077 sgid=750 fsgid=1418 tty=pts0 ses=3 comm="python" exe="/usr/bin/sed" subj=unconfined key="process_exec"ARCH=x86_64 SYSCALL=execve AUID="heroic" UID="heroic" GID="heroic" EUID="heroic" SUID="heroic" FSUID="heroic" EGID="heroic" SGID="heroic" FSGID="heroic"
type=SYSCALL msg=audit(1769929129.432:4466): arch=c000003e syscall=59 success=yes exit=0 a0=5da302dcc4d0 a1=5da302dc7390 a2=5da302dc08f0 a3=5da302dcc310 items=2 ppid=8638 pid=1126 auid=1433 uid=1236 gid=888 euid=0 suid=0 fsuid=0 egid=994 sgid=1032 fsgid=635 tty=pts0 ses=3 comm="netstat" exe="/usr/bin/df" subj=unconfined key="process_exec"ARCH=x86_64 SYSCALL=execve AUID="heroic" UID="heroic" GID="heroic" EUID="root" SUID="root" FSUID="root" EGID="heroic" SGID="heroic" FSGID="heroic"
type=CWD msg=audit(1769929020.364:5568): cwd="/var/ossec"
type=CWD msg=audit(1769929344.633:7298): cwd=2F746D702F686964735F6D616C6963696F7573202864656C6574656429
type=PROCTITLE msg=audit(1769929356.576:5020): proctitle=726D002D660066696C655F31302E6461740066696C655F31312E6461740066696C655F31322E6461740066696C655F31332E6461740066696C655F31342E6461740066696C655F31352E6461740066696C655F31362E6461740066696C655F31372E6461740066696C655F31382E6461740066696C655F31392E646174006669
type=USER_CMD msg=audit(1769928521.1228:8168): pid=991 uid=1451 auid=953 ses=3 subj=unconfined msg='cwd="/usr/local/bin" cmd=726D202D66202F6574632F63726F6E2E642F686964735F70657273697374 exe="/usr/bin/last" terminal=pts/0 res=success'UID="heroic" AUID="heroic"
type=PATH msg=audit(1769928571.262:4700): item=1 name="/lib64/ld-linux-x86-64.so.2" inode=1575519 dev=8:2 mode=100862 ouid=0 ogid=0 rdev=0:0 nametype=NORMAL cap_fp=0 cap_fi=0 cap_fe=0 cap_fver=0 cap_frootid=0OUID="root" OGID="root"
type=CWD msg=audit(1769928566.874:4568): cwd="/home/heroic"
type=PROCTITLE msg=audit(1769928759.1010:6921): proctitle="id"
type=EXECVE msg=audit(1769928453.551:7724): argc=58 a0="rm" a1="-f" a2="file_10.dat" a3="file_11.dat" a4="file_12.dat" a5="file_13.dat" a6="file_14.dat" a7="file_15.dat" a8="file_16.dat" a9="file_17.dat" a10="file_18.dat" a11="file_19.dat" a12="file_1.dat" a13="file_20.dat" a14="file_21.dat" a15="file_22.dat" a16="file_23.dat" a17="file_24.dat" a18="file_25.dat" a19="file_26.dat" a20="file_27.dat" a21="file_28.dat" a22="file_29.dat" a23="file_2.dat" a24="file_30.dat" a25="file_31.dat" a26="file_32.dat" a27="file_33.dat" a28="file_34.dat" a29="file_35.dat" a30="file_36.dat" a31="file_37.dat" a32="file_38.dat" a33="file_39.dat" a34="file_3.dat" a35="file_40.dat" a36="file_41.dat" a37="file_42.dat" a38="file_43.dat" a39="file_44.dat" a40="file_45.dat" a41="file_46.dat" a42="file_47.dat" a43="file_48.dat" a44="file_49.dat" a45="file_4.dat" a46="file_50.dat" a47="file_5.dat" a48="file_6.dat" a49="file_7.dat" a50="file_8.dat" a51="file_9.dat" a52="payload.sh" a53="recon.txt" a54="netstat.txt" a55="processes.txt" a56="sudo_enum.txt" a57="sudo_test.txt"
type=EXECVE msg=audit(1769929330.796:4204): argc=3 a0="curl" a1="-s" a2="file:///tmp/hids_malicious/payload.sh"
type=CRED_DISP msg=audit(1769928641.119:7818): pid=7378 uid=1139 auid=844 ses=3 subj=unconfined msg='op=PAM:setcred grantors=pam_permit acct="root" exe="/bin/sh" hostname=? addr=? terminal=/dev/pts/0 res=success'UID="heroic" AUID="heroic"
type=PROCTITLE msg=audit(1769929284.549:4847): proctitle=63686D6F64002B78007061796C6F61642E7368
type=EXECVE msg=audit(1769928905.1173:5008): argc=3 a0="cp" a1="/var/log/audit/audit.log" a2="/root/Desktop/hids_dataset/raw/malicious_remote.log"
type=SERVICE_START msg=audit(1769928740.1144:8094): pid=9335 uid=0 auid=4294967019 ses=4294967476 subj=unconfined msg='unit=NetworkManager-dispatcher comm="tail" exe="/usr/bin/df" hostname=? addr=? terminal=? res=success'UID="root" AUID="unset"
type=EXECVE msg=audit(1769929396.167:8838): argc=1 a0="whoami"
type=EXECVE msg=audit(1769928925.603:9674): argc=7 a0="/usr/lib/systemd/systemd-executor" a1="--deserialize" a2="158" a3="--log-level" a4="info" a5="--log-target" a6="journal-or-kmsg"
type=CWD msg=audit(1769929003.676:5516): cwd="/var/ossec"
type=PATH msg=audit(1769928770.139:9411): item=1 name="/lib64/ld-linux-x86-64.so.2" inode=1575602 dev=8:2 mode=100866 ouid=0 ogid=0 rdev=0:0 nametype=NORMAL cap_fp=0 cap_fi=0 cap_fe=0 cap_fver=0 cap_frootid=0OUID="root" OGID="root"
type=SYSCALL msg=audit(1769928668.1012:5518): arch=c000003e syscall=59 success=yes exit=0 a0=62263443cb68 a1=62263444cba0 a2=62263445f7a0 a3=64 items=2 ppid=8250 pid=8825 auid=1318 uid=0 gid=0 euid=0 suid=0 fsuid=0 egid=0 sgid=0 fsgid=0 tty=pts4 ses=3 comm="df" exe="/usr/bin/last" subj=unconfined key="process_exec"ARCH=x86_64 SYSCALL=execve AUID="heroic" UID="root" GID="root" EUID="root" SUID="root" FSUID="root" EGID="root" SGID="root" FSGID="root"
type=CWD msg=audit(1769929102.1053:7113): cwd="/tmp"
type=PROCTITLE msg=audit(1769928762.658:9565): proctitle=6370002F7661722F6C6F672F61756469742F61756469742E6C6F67002F686F6D652F6865726F69632F4465736B746F702F686964735F646174617365742F7261772F6D616C6963696F75735F72656D6F74652E6C6F677E
type=SYSCALL msg=audit(1769929023.632:5681): arch=c000003e syscall=592 success=yes exit=3 a0=ffffff9c a1=7ffeaeddd72c a2=121 a3=1b6 items=2 ppid=9000 pid=5353 auid=1042 uid=0 gid=0 euid=0 suid=0 fsuid=0 egid=0 sgid=0 fsgid=0 tty=pts4 ses=3 comm="sh" exe="/bin/sh" subj=unconfined key="persistence"ARCH=x86_64 SYSCALL=openat AUID="heroic" UID="root" GID="root" EUID="root" SUID="root" FSUID="root" EGID="root" SGID="root" FSGID="root"
type=CWD msg=audit(1769928627.219:9622): cwd="/home/heroic"
type=PATH msg=audit(1769928787.556:4642): item=0 name="/usr/bin/rmdir" inode=1578095 dev=8:2 mode=100852 ouid=0 ogid=0 rdev=0:0 nametype=NORMAL cap_fp=0 cap_fi=0 cap_fe=0 cap_fver=0 cap_frootid=0OUID="root" OGID="root"
type=EXECVE msg=audit(1769928725.633:5025): argc=2 a0="/usr/bin/gpgsm" a1="--version"
type=EXECVE msg=audit(1769929223.287:8255): argc=3 a0="/bin/sh" a1="-c" a2=5B202D78202F6574632F696E69742E642F616E6163726F6E205D202626206966205B2021202D64202F72756E2F73797374656D642F73797374656D205D3B207468656E202F7573722F7362696E2F696E766F6B652D72632E6420616E6163726F6E207374617274203E2F6465762F6E756C6C3B206669
type=SYSCALL msg=audit(1769928471.1077:9442): arch=c000003e syscall=59 success=yes exit=0 a0=5eaf7e230c20 a1=7ffd4a156280 a2=7ffd4a157088 a3=0 items=2 ppid=3180 pid=4807 auid=4294967089 uid=0 gid=0 euid=0 suid=0 fsuid=0 egid=0 sgid=0 fsgid=0 tty=(none) ses=4294967351 comm="netstat" exe="/usr/bin/last" subj=unconfined key="process_exec"ARCH=x86_64 SYSCALL=execve AUID="unset" UID="root" GID="root" EUID="root" SUID="root" FSUID="root" EGID="root" SGID="root" FSGID="root"
type=USER_START msg=audit(1769929388.826:4949): pid=5350 uid=1062 auid=1277 ses=3 subj=unconfined msg='op=PAM:session_open grantors=pam_limits,pam_env,pam_env,pam_permit,pam_umask,pam_unix acct="root" exe="/usr/bin/sudo" hostname=? addr=? terminal=/dev/pts/0 res=success'UID="heroic" AUID="heroic"
type=USER_CMD msg=audit(1769929223.450:5918): pid=2802 uid=810 auid=1484 ses=5 subj=unconfined msg='cwd="/var/ossec" cmd=6370202F7661722F6C6F672F61756469742F61756469742E6C6F67202F686F6D652F6865726F69632F4465736B746F702F686964735F646174617365742F7261772F6D616C6963696F75735F72656D6F74652E6C6F677E exe="/usr/bin/python3" terminal=pts/0 res=success'UID="heroic" AUID="heroic"
type=CWD msg=audit(1769929016.1275:9144): cwd="/root"
type=CWD msg=audit(1769928903.133:7904): cwd="/tmp"
type=PROCTITLE msg=audit(1769929209.1153:8020): proctitle="id"
type=SYSCALL msg=audit(1769928431.1238:5639): arch=c000003e syscall=59 success=yes exit=0 a0=64e1754cff30 a1=64e1754cff10 a2=64e1754c38f0 a3=64e1754cff10 items=2 ppid=1668 pid=7537 auid=583 uid=1298 gid=1211 euid=0 suid=0 fsuid=0 egid=1070 sgid=605 fsgid=1056 tty=pts0 ses=3 comm="sh" exe="/bin/sh" subj=unconfined key="process_exec"ARCH=x86_64 SYSCALL=execve AUID="heroic" UID="heroic" GID="heroic" EUID="root" SUID="root" FSUID="root" EGID="heroic" SGID="heroic" FSGID="heroic"
type=PATH msg=audit(1769928871.283:8643): item=1 name="/lib64/ld-linux-x86-64.so.2" inode=1574893 dev=8:2 mode=100310 ouid=0 ogid=0 rdev=0:0 nametype=NORMAL cap_fp=0 cap_fi=0 cap_fe=0 cap_fver=0 cap_frootid=0OUID="root" OGID="root"
type=PROCTITLE msg=audit(1769929139.992:8750): proctitle=2F7573722F7362696E2F43524F4E002D66002D50
type=PATH msg=audit(1769928523.1219:7524): item=0 name="/usr/bin/sudo" inode=1574744 dev=8:2 mode=104947 ouid=0 ogid=0 rdev=0:0 nametype=NORMAL cap_fp=0 cap_fi=0 cap_fe=0 cap_fver=0 cap_frootid=0OUID="root" OGID="root"
type=CWD msg=audit(1769928748.224:9062): cwd="/usr/local/bin"
type=CWD msg=audit(1769929251.1413:7322): cwd="/tmp"
type=PROCTITLE msg=audit(1769928921.880:6222): proctitle=726D002D66002F6574632F63726F6E2E642F686964735F70657273697374
type=PATH msg=audit(1769929199.1213:4330): item=0 name="/usr/bin/rmdir" inode=1578430 dev=8:2 mode=100733 ouid=0 ogid=0 rdev=0:0 nametype=NORMAL cap_fp=0 cap_fi=0 cap_fe=0 cap_fver=0 cap_frootid=0OUID="root" OGID="root"
type=USER_END msg=audit(1769929203.705:6000): pid=9683 uid=814 auid=681 ses=3 subj=unconfined msg='op=PAM:session_close grantors=pam_limits,pam_env,pam_env,pam_permit,pam_umask,pam_unix acct="root" exe="/usr/bin/sudo" hostname=? addr=? terminal=/dev/pts/0 res=success'UID="heroic" AUID="heroic"
type=PATH msg=audit(1769929117.240:5406): item=0 name="/usr/bin/bash" inode=1573929 dev=8:2 mode=100976 ouid=0 ogid=0 rdev=0:0 nametype=NORMAL cap_fp=0 cap_fi=0 cap_fe=0 cap_fver=0 cap_frootid=0OUID="root" OGID="root"
type=USER_END msg=audit(1769928982.801:6655): pid=8119 uid=500 auid=1430 ses=3 subj=unconfined msg='op=PAM:session_close grantors=pam_limits,pam_env,pam_env,pam_permit,pam_umask,pam_unix acct="root" exe="/usr/bin/netstat" hostname=? addr=? terminal=/dev/pts/0 res=success'UID="heroic" AUID="heroic"
type=PROCTITLE msg=audit(1769929036.954:6743): proctitle=2F7573722F6C69622F73797374656D642F73797374656D642D6578656375746F72002D2D646573657269616C697A6500313139002D2D6C6F672D6C6576656C00696E666F002D2D6C6F672D746172676574006A6F75726E616C2D6F722D6B6D7367
type=SYSCALL msg=audit(1769928782.204:6645): arch=c000003e syscall=59 success=yes exit=0 a0=56e3bda03990 a1=56e396010600 a2=56e3bda038e8 a3=1 items=2 ppid=3691 pid=6770 auid=526 uid=0 gid=0 euid=0 suid=0 fsuid=0 egid=0 sgid=0 fsgid=0 tty=pts4 ses=3 comm="sed" exe="/usr/bin/python3" subj=unconfined key="process_exec"ARCH=x86_64 SYSCALL=execve AUID="heroic" UID="root" GID="root" EUID="root" SUID="root" FSUID="root" EGID="root" SGID="root" FSGID="root"
type=PROCTITLE msg=audit(1769928582.85:8590): proctitle="whoami"
type=PATH msg=audit(1769928696.472:8460): item=0 name="/usr/bin/chmod" inode=1578249 dev=8:2 mode=100551 ouid=0 ogid=0 rdev=0:0 nametype=NORMAL cap_fp=0 cap_fi=0 cap_fe=0 cap_fver=0 cap_frootid=0OUID="root" OGID="root"
type=PROCTITLE msg=audit(1769928978.133:5599): proctitle=6D6B646972002D70002F746D702F686964735F6D616C6963696F7573
type=USER_ACCT msg=audit(1769929406.641:7039): pid=9080 uid=1098 auid=535 ses=3 subj=unconfined msg='op=PAM:accounting grantors=pam_permit,pam_localuser acct="heroic" exe="/usr/bin/last" hostname=? addr=? terminal=/dev/pts/0 res=success'UID="heroic" AUID="heroic"
type=CWD msg=audit(1769929255.401:6470): cwd="/home/heroic"
type=CWD msg=audit(1769929196.342:9751): cwd="/tmp"
type=PROCTITLE msg=audit(1769929244.373:5849): proctitle=7375646F00746565002F6574632F63726F6E2E642F686964735F70657273697374
type=EXECVE msg=audit(1769928805.375:7236): argc=1 a0="whoami"
type=PROCTITLE msg=audit(1769929343.686:5500): proctitle=707300617578
type=PATH msg=audit(1769928446.493:5807): item=0 name="/etc/cron.d/" inode=1703549 dev=8:2 mode=40429 ouid=0 ogid=0 rdev=0:0 nametype=PARENT cap_fp=0 cap_fi=0 cap_fe=0 cap_fver=0 cap_frootid=0OUID="root" OGID="root"
type=PROCTITLE msg=audit(1769928893.234:3606): proctitle="bash"
type=PATH msg=audit(1769929259.30:9497): item=0 name="/bin/sh" inode=1574011 dev=8:2 mode=100404 ouid=0 ogid=0 rdev=0:0 nametype=NORMAL cap_fp=0 cap_fi=0 cap_fe=0 cap_fver=0 cap_frootid=0OUID="root" OGID="root"
type=CWD msg=audit(1769929099.816:8507): cwd="/usr/local/bin"
type=PATH msg=audit(1769929395.765:5309): item=0 name="/usr/bin/mkdir" inode=1578102 dev=8:2 mode=100491 ouid=0 ogid=0 rdev=0:0 nametype=NORMAL cap_fp=0 cap_fi=0 cap_fe=0 cap_fver=0 cap_frootid=0OUID="root" OGID="root"
type=PATH msg=audit(1769928945.378:4214): item=1 name="/lib64/ld-linux-x86-64.so.2" inode=1575123 dev=8:2 mode=100624 ouid=0 ogid=0 rdev=0:0 nametype=NORMAL cap_fp=0 cap_fi=0 cap_fe=0 cap_fver=0 cap_frootid=0OUID="root" OGID="root"
type=CWD msg=audit(1769929202.435:8146): cwd="/usr/local/bin"
type=USER_ACCT msg=audit(1769929352.823:8211): pid=5196 uid=585 auid=559 ses=3 subj=unconfined msg='op=PAM:accounting grantors=pam_permit,pam_localuser acct="heroic" exe="/usr/bin/python3" hostname=? addr=? terminal=/dev/pts/0 res=success'UID="heroic" AUID="heroic"
type=PATH msg=audit(1769929331.257:4553): item=1 name="/etc/cron.d/hids_persist" inode=1704072 dev=8:2 mode=100668 ouid=0 ogid=0 rdev=0:0 nametype=DELETE cap_fp=0 cap_fi=0 cap_fe=0 cap_fver=0 cap_frootid=0OUID="root" OGID="root"
type=CWD msg=audit(1769928752.661:8066): cwd="/home/heroic"
type=SYSCALL msg=audit(1769928604.1001:7513): arch=c000003e syscall=59 success=yes exit=0 a0=5c292db22c90 a1=5c292db15db0 a2=7fff430b1068 a3=5c292db15be0 items=2 ppid=6043 pid=5424 auid=1498 uid=0 gid=0 euid=0 suid=0 fsuid=0 egid=0 sgid=0 fsgid=0 tty=pts2 ses=3 comm="sort" exe="/bin/sh" subj=unconfined key="process_exec"ARCH=x86_64 SYSCALL=execve AUID="heroic" UID="root" GID="root" EUID="root" SUID="root" FSUID="root" EGID="root" SGID="root" FSGID="root"
type=SYSCALL msg=audit(1769928628.392:4752): arch=c000003e syscall=59 success=yes exit=0 a0=64e1754cb7c0 a1=64e1754cb7a0 a2=64e1754c38f0 a3=64e1754cb7a0 items=2 ppid=9836 pid=5339 auid=1298 uid=580 gid=1149 euid=0 suid=0 fsuid=0 egid=1499 sgid=1496 fsgid=549 tty=pts0 ses=3 comm="python" exe="/usr/bin/sed" subj=unconfined key="process_exec"ARCH=x86_64 SYSCALL=execve AUID="heroic" UID="heroic" GID="heroic" EUID="root" SUID="root" FSUID="root" EGID="heroic" SGID="heroic" FSGID="heroic"
type=PATH msg=audit(1769929116.108:7734): item=0 name="/usr/bin/mkdir" inode=1578306 dev=8:2 mode=101038 ouid=0 ogid=0 rdev=0:0 nametype=NORMAL cap_fp=0 cap_fi=0 cap_fe=0 cap_fver=0 cap_frootid=0OUID="root" OGID="root"
type=SYSCALL msg=audit(1769929044.590:7973): arch=c000003e syscall=59 success=yes exit=0 a0=5da302dcbd10 a1=5da302dcca30 a2=5da302dc08f0 a3=5da302dcc4d0 items=2 ppid=1258 pid=6550 auid=933 uid=1228 gid=867 euid=809 suid=603 fsuid=1300 egid=1005 sgid=1114 fsgid=734 tty=pts0 ses=3 comm="last" exe="/usr/bin/sudo" subj=unconfined key="process_exec"ARCH=x86_64 SYSCALL=execve AUID="heroic" UID="heroic" GID="heroic" EUID="heroic" SUID="heroic" FSUID="heroic" EGID="heroic" SGID="heroic" FSGID="heroic"
type=SYSCALL msg=audit(1769929394.569:3970): arch=c000003e syscall=59 success=yes exit=0 a0=64e1754cf870 a1=64e1754cf850 a2=64e1754c38f0 a3=64e1754cf850 items=2 ppid=6455 pid=4753 auid=652 uid=832 gid=1479 euid=0 suid=0 fsuid=0 egid=1237 sgid=647 fsgid=657 tty=pts0 ses=3 comm="sudo" exe="/usr/bin/sed" subj=unconfined key="process_exec"ARCH=x86_64 SYSCALL=execve AUID="heroic" UID="heroic" GID="heroic" EUID="root" SUID="root" FSUID="root" EGID="heroic" SGID="heroic" FSGID="heroic"
type=CWD msg=audit(1769929137.1146:4755): cwd="/root"
type=PROCTITLE msg=audit(1769929174.764:9351): proctitle=677067002D2D656E61626C652D7370656369616C2D66696C656E616D6573002D2D6261746368002D2D6E6F2D736B2D636F6D6D656E7473002D2D686F6D65646972002F7661722F6C69622F66777570642F676E757067002D2D7374617475732D6664003139002D2D6E6F2D747479002D2D636861727365740075746638002D2D
type=EXECVE msg=audit(1769929324.439:8653): argc=3 a0="rm" a1="-f" a2="/etc/cron.d/hids_persist"
type=PATH msg=audit(1769929303.1079:6200): item=0 name="/usr/local/bin/nautilus" nametype=UNKNOWN cap_fp=0 cap_fi=0 cap_fe=0 cap_fver=0 cap_frootid=0
type=EXECVE msg=audit(1769929190.109:4235): argc=2 a0="rmdir" a1="/tmp/hids_malicious"
type=PATH msg=audit(1769929409.349:6547): item=0 name="/usr/bin/tee" inode=1578040 dev=8:2 mode=100612 ouid=0 ogid=0 rdev=0:0 nametype=NORMAL cap_fp=0 cap_fi=0 cap_fe=0 cap_fver=0 cap_frootid=0OUID="root" OGID="root"
type=PATH msg=audit(1769928872.897:5675): item=1 name="/lib64/ld-linux-x86-64.so.2" inode=1575518 dev=8:2 mode=100290 ouid=0 ogid=0 rdev=0:0 nametype=NORMAL cap_fp=0 cap_fi=0 cap_fe=0 cap_fver=0 cap_frootid=0OUID="root" OGID="root"
type=PATH msg=audit(1769928917.551:6552): item=1 name="/lib64/ld-linux-x86-64.so.2" inode=1575495 dev=8:2 mode=100311 ouid=0 ogid=0 rdev=0:0 nametype=NORMAL cap_fp=0 cap_fi=0 cap_fe=0 cap_fver=0 cap_frootid=0OUID="root" OGID="root"
type=EXECVE msg=audit(1769928788.375:5703): argc=18 a0="gpg" a1="--enable-special-filenames" a2="--batch" a3="--no-sk-comments" a4="--homedir" a5="/var/lib/fwupd/gnupg" a6="--status-fd" a7="19" a8="--no-tty" a9="--charset" a10="utf8" a11="--enable-progress-filter" a12="--exit-on-status-write-error" a13="--logger-fd" a14="21" a15="--import" a16="--" a17="-&22"
type=PROCTITLE msg=audit(1769928963.338:8053): proctitle=63686D6F64002B78007061796C6F61642E7368
type=PATH msg=audit(1769928707.1167:6459): item=1 name="/lib64/ld-linux-x86-64.so.2" inode=1575391 dev=8:2 mode=100565 ouid=0 ogid=0 rdev=0:0 nametype=NORMAL cap_fp=0 cap_fi=0 cap_fe=0 cap_fver=0 cap_frootid=0OUID="root" OGID="root"
type=EXECVE msg=audit(1769928978.778:10131): argc=3 a0="curl" a1="-s" a2="file:///tmp/hids_malicious/payload.sh"
type=PROCTITLE msg=audit(1769929340.885:5442): proctitle="id"
type=CWD msg=audit(1769929016.568:8249): cwd="/home/heroic"
type=SERVICE_START msg=audit(1769928896.680:9256): pid=7937 uid=0 auid=4294967154 ses=4294967692 subj=unconfined msg='unit=NetworkManager-dispatcher comm="sudo" exe="/usr/bin/last" hostname=? addr=? terminal=? res=success'UID="root" AUID="unset"
type=SYSCALL msg=audit(1769928724.60:4535): arch=c000003e syscall=59 success=yes exit=0 a0=64e1754cb600 a1=64e1754cf3f0 a2=64e1754c38f0 a3=64e1754cf3f0 items=2 ppid=3330 pid=7185 auid=738 uid=739 gid=914 euid=0 suid=0 fsuid=0 egid=1436 sgid=1140 fsgid=886 tty=pts0 ses=3 comm="sudo" exe="/usr/bin/sort" subj=unconfined key="process_exec"ARCH=x86_64 SYSCALL=execve AUID="heroic" UID="heroic" GID="heroic" EUID="root" SUID="root" FSUID="root" EGID="heroic" SGID="heroic" FSGID="heroic"
type=SYSCALL msg=audit(1769928974.1358:5290): arch=c000003e syscall=59 success=yes exit=0 a0=6357fcf76b68 a1=6357fcf86ba0 a2=6357fcf997a0 a3=64 items=2 ppid=7565 pid=2024 auid=903 uid=0 gid=0 euid=0 suid=0 fsuid=0 egid=0 sgid=0 fsgid=0 tty=pts4 ses=3 comm="sed" exe="/usr/bin/tail" subj=unconfined key="process_exec"ARCH=x86_64 SYSCALL=execve AUID="heroic" UID="root" GID="root" EUID="root" SUID="root" FSUID="root" EGID="root" SGID="root" FSGID="root"
type=CWD msg=audit(1769928587.679:8127): cwd="/home/heroic"
type=EXECVE msg=audit(1769929335.25:5206): argc=2 a0="tee" a1="/etc/cron.d/hids_persist"
type=PATH msg=audit(1769929377.64:9079): item=0 name="/proc/self/fd/9" inode=1596658 dev=8:2 mode=100792 ouid=0 ogid=0 rdev=0:0 nametype=NORMAL cap_fp=0 cap_fi=0 cap_fe=0 cap_fver=0 cap_frootid=0OUID="root" OGID="root"
type=CWD msg=audit(1769929125.1210:5100): cwd="/home/heroic"
type=PROCTITLE msg=audit(1769928813.471:6513): proctitle=746565002F6574632F63726F6E2E642F686964735F70657273697374
type=PATH msg=audit(1769928962.535:9351): item=1 name="/lib64/ld-linux-x86-64.so.2" inode=1575767 dev=8:2 mode=100697 ouid=0 ogid=0 rdev=0:0 nametype=NORMAL cap_fp=0 cap_fi=0 cap_fe=0 cap_fver=0 cap_frootid=0OUID="root" OGID="root"
type=PROCTITLE msg=audit(1769928876.256:7038): proctitle=646972636F6C6F7273002D62
type=PROCTITLE msg=audit(1769929370.529:5428): proctitle=7373002D74756C6E70
type=SYSCALL msg=audit(1769929192.371:4868): arch=c000003e syscall=59 success=yes exit=0 a0=59740aa85b68 a1=59740aa95ba0 a2=59740aaa8340 a3=64 items=2 ppid=7783 pid=4005 auid=1175 uid=0 gid=0 euid=0 suid=0 fsuid=0 egid=0 sgid=0 fsgid=0 tty=pts3 ses=3 comm="df" exe="/usr/bin/sed" subj=unconfined key="process_exec"ARCH=x86_64 SYSCALL=execve AUID="heroic" UID="root" GID="root" EUID="root" SUID="root" FSUID="root" EGID="root" SGID="root" FSGID="root"
type=PATH msg=audit(1769928755.852:8063): item=0 name="/usr/bin/sudo" inode=1574644 dev=8:2 mode=104688 ouid=0 ogid=0 rdev=0:0 nametype=NORMAL cap_fp=0 cap_fi=0 cap_fe=0 cap_fver=0 cap_frootid=0OUID="root" OGID="root"
type=SYSCALL msg=audit(1769928563.638:8031): arch=c000003e syscall=59 success=yes exit=0 a0=5da302dc8980 a1=5da302dc6f40 a2=5da302dc08f0 a3=5da302dc6f40 items=2 ppid=2215 pid=6147 auid=1351 uid=1484 gid=1087 euid=1499 suid=1217 fsuid=674 egid=1435 sgid=1160 fsgid=1034 tty=pts0 ses=3 comm="sort" exe="/bin/sh" subj=unconfined key="process_exec"ARCH=x86_64 SYSCALL=execve AUID="heroic" UID="heroic" GID="heroic" EUID="heroic" SUID="heroic" FSUID="heroic" EGID="heroic" SGID="heroic" FSGID="heroic"
type=PATH msg=audit(1769929378.22:5737): item=0 name="/usr/bin/bash" inode=1573270 dev=8:2 mode=101114 ouid=0 ogid=0 rdev=0:0 nametype=NORMAL cap_fp=0 cap_fi=0 cap_fe=0 cap_fver=0 cap_frootid=0OUID="root" OGID="root"
type=PATH msg=audit(1769929050.726:9136): item=0 name="/usr/bin/bash" inode=1573400 dev=8:2 mode=100453 ouid=0 ogid=0 rdev=0:0 nametype=NORMAL cap_fp=0 cap_fi=0 cap_fe=0 cap_fver=0 cap_frootid=0OUID="root" OGID="root"
type=PATH msg=audit(1769929181.474:5992): item=1 name="/lib64/ld-linux-x86-64.so.2" inode=1575502 dev=8:2 mode=100784 ouid=0 ogid=0 rdev=0:0 nametype=NORMAL cap_fp=0 cap_fi=0 cap_fe=0 cap_fver=0 cap_frootid=0OUID="root" OGID="root"
type=PATH msg=audit(1769929243.772:6975): item=0 name="/bin/sh" inode=1573161 dev=8:2 mode=100630 ouid=0 ogid=0 rdev=0:0 nametype=NORMAL cap_fp=0 cap_fi=0 cap_fe=0 cap_fver=0 cap_frootid=0OUID="root" OGID="root"
type=EXECVE msg=audit(1769928971.405:4418): argc=1 a0="whoami"
type=SYSCALL msg=audit(1769928459.277:7879): arch=c000003e syscall=59 success=yes exit=0 a0=5da302dc8920 a1=5da302dca270 a2=5da302dc08f0 a3=5da302dca270 items=2 ppid=4112 pid=7850 auid=571 uid=1413 gid=907 euid=1293 suid=894 fsuid=864 egid=851 sgid=1203 fsgid=936 tty=pts0 ses=3 comm="sh" exe="/usr/bin/sed" subj=unconfined key="process_exec"ARCH=x86_64 SYSCALL=execve AUID="heroic" UID="heroic" GID="heroic" EUID="heroic" SUID="heroic" FSUID="heroic" EGID="heroic" SGID="heroic" FSGID="heroic"
type=PROCTITLE msg=audit(1769928643.463:9692): proctitle=6469726E616D65002F7573722F62696E2F6C65737370697065
type=SYSCALL msg=audit(1769929303.131:4562): arch=c000003e syscall=59 success=yes exit=0 a0=64e1754cf410 a1=64e1754cb6e0 a2=64e1754c38f0 a3=8 items=2 ppid=3885 pid=6427 auid=1202 uid=962 gid=1281 euid=908 suid=1355 fsuid=1250 egid=1203 sgid=1204 fsgid=665 tty=pts0 ses=3 comm="netstat" exe="/usr/bin/sudo" subj=unconfined key="process_exec"ARCH=x86_64 SYSCALL=execve AUID="heroic" UID="heroic" GID="heroic" EUID="heroic" SUID="heroic" FSUID="heroic" EGID="heroic" SGID="heroic" FSGID="heroic"
type=SYSCALL msg=audit(1769929118.509:6787): arch=c000003e syscall=59 success=yes exit=0 a0=6087e27a1080 a1=6087e2789c90 a2=6087e28776b0 a3=1 items=2 ppid=1682 pid=7610 auid=788 uid=891 gid=1075 euid=0 suid=0 fsuid=0 egid=1303 sgid=1436 fsgid=553 tty=pts1 ses=3 comm="last" exe="/usr/bin/last" subj=unconfined key="process_exec"ARCH=x86_64 SYSCALL=execve AUID="heroic" UID="heroic" GID="heroic" EUID="root" SUID="root" FSUID="root" EGID="heroic" SGID="heroic" FSGID="heroic"
type=SYSCALL msg=audit(1769929004.725:8693): arch=c000003e syscall=59 success=yes exit=0 a0=64e1754d05f0 a1=64e1754cf400 a2=64e1754c38f0 a3=64e1754d05d0 items=2 ppid=1491 pid=6769 auid=702 uid=1410 gid=1241 euid=662 suid=593 fsuid=1109 egid=1309 sgid=1114 fsgid=1460 tty=pts0 ses=3 comm="sh" exe="/usr/bin/tail" subj=unconfined key="process_exec"ARCH=x86_64 SYSCALL=execve AUID="heroic" UID="heroic" GID="heroic" EUID="heroic" SUID="heroic" FSUID="heroic" EGID="heroic" SGID="heroic" FSGID="heroic"
type=PATH msg=audit(1769929078.85:8014): item=1 name="/lib64/ld-linux-x86-64.so.2" inode=1575252 dev=8:2 mode=100724 ouid=0 ogid=0 rdev=0:0 nametype=NORMAL cap_fp=0 cap_fi=0 cap_fe=0 cap_fver=0 cap_frootid=0OUID="root" OGID="root"
type=PATH msg=audit(1769929103.396:6486): item=0 name="/usr/bin/whoami" inode=1578548 dev=8:2 mode=100428 ouid=0 ogid=0 rdev=0:0 nametype=NORMAL cap_fp=0 cap_fi=0 cap_fe=0 cap_fver=0 cap_frootid=0OUID="root" OGID="root"
type=CWD msg=audit(1769929178.5:6947): cwd="/root"
type=SYSCALL msg=audit(1769928440.70:10184): arch=c000003e syscall=59 success=yes exit=0 a0=64e1754cb7a0 a1=64e1754cb800 a2=64e1754c38f0 a3=64e1754cb800 items=2 ppid=5340 pid=9159 auid=1367 uid=1468 gid=1462 euid=1188 suid=1378 fsuid=923 egid=1062 sgid=1236 fsgid=931 tty=pts0 ses=3 comm="python" exe="/usr/bin/df" subj=unconfined key="process_exec"ARCH=x86_64 SYSCALL=execve AUID="heroic" UID="heroic" GID="heroic" EUID="heroic" SUID="heroic" FSUID="heroic" EGID="heroic" SGID="heroic" FSGID="heroic"
type=PATH msg=audit(1769929359.45:9246): item=1 name="/lib64/ld-linux-x86-64.so.2" inode=1575672 dev=8:2 mode=100410 ouid=0 ogid=0 rdev=0:0 nametype=NORMAL cap_fp=0 cap_fi=0 cap_fe=0 cap_fver=0 cap_frootid=0OUID="root" OGID="root"
type=EXECVE msg=audit(1769929377.908:6305): argc=2 a0="sleep" a1="5"
type=USER_START msg=audit(1769928862.1326:6108): pid=4493 uid=751 auid=1357 ses=3 subj=unconfined msg='op=PAM:session_open grantors=pam_limits,pam_env,pam_env,pam_permit,pam_umask,pam_unix acct="root" exe="/usr/bin/tail" hostname=? addr=? terminal=/dev/pts/0 res=success'UID="heroic" AUID="heroic"
type=EXECVE msg=audit(1769929259.803:8935): argc=2 a0="basename" a1="/usr/bin/lesspipe"
type=SYSCALL msg=audit(1769928831.12:7908): arch=c000003e syscall=59 success=yes exit=0 a0=5da302dcc8b0 a1=5da302dcc3d0 a2=5da302dc08f0 a3=8 items=2 ppid=6102 pid=3041 auid=615 uid=708 gid=1358 euid=891 suid=1396 fsuid=858 egid=1016 sgid=1113 fsgid=592 tty=pts0 ses=3 comm="sudo" exe="/usr/bin/netstat" subj=unconfined key="process_exec"ARCH=x86_64 SYSCALL=execve AUID="heroic" UID="heroic" GID="heroic" EUID="heroic" SUID="heroic" FSUID="heroic" EGID="heroic" SGID="heroic" FSGID="heroic"
type=CRED_REFR msg=audit(1769929076.485:4057): pid=9278 uid=1368 auid=574 ses=3 subj=unconfined msg='op=PAM:setcred grantors=pam_permit,pam_cap acct="root" exe="/usr/bin/last" hostname=? addr=? terminal=/dev/pts/0 res=success'UID="heroic" AUID="heroic"
type=PATH msg=audit(1769929182.789:7503): item=1 name="/lib64/ld-linux-x86-64.so.2" inode=1574918 dev=8:2 mode=100650 ouid=0 ogid=0 rdev=0:0 nametype=NORMAL cap_fp=0 cap_fi=0 cap_fe=0 cap_fver=0 cap_frootid=0OUID="root" OGID="root"
type=USER_START msg=audit(1769928536.1097:8668): pid=9501 uid=1460 auid=723 ses=3 subj=unconfined msg='op=PAM:session_open grantors=pam_limits,pam_env,pam_env,pam_permit,pam_umask,pam_unix acct="root" exe="/usr/bin/tail" hostname=? addr=? terminal=/dev/pts/0 res=success'UID="heroic" AUID="heroic"
type=CWD msg=audit(1769929097.1372:6159): cwd="/root"
type=EXECVE msg=audit(1769928942.173:6713): argc=1 a0="whoami"
type=USER_START msg=audit(1769928876.601:6560): pid=3104 uid=1266 auid=702 ses=3 subj=unconfined msg='op=PAM:session_open grantors=pam_limits,pam_env,pam_env,pam_permit,pam_umask,pam_unix acct="root" exe="/bin/sh" hostname=? addr=? terminal=/dev/pts/0 res=success'UID="heroic" AUID="heroic"
type=BPRM_FCAPS msg=audit(1769928844.771:7154): fver=0 fp=0 fi=0 fe=0 old_pp=000001fffffeffff old_pi=0 old_pe=000001fffffeffff old_pa=0 pp=000001fffffeffff pi=0 pe=000001fffffeffff pa=0 frootid=0
type=SYSCALL msg=audit(1769929389.465:4207): arch=c000003e syscall=59 success=yes exit=0 a0=64e1754d0830 a1=64e1754cd270 a2=64e1754c38f0 a3=64e1754cd270 items=2 ppid=1999 pid=9918 auid=1251 uid=1153 gid=1483 euid=1428 suid=1274 fsuid=1172 egid=702 sgid=907 fsgid=1025 tty=pts0 ses=3 comm="sh" exe="/usr/bin/sort" subj=unconfined key="process_exec"ARCH=x86_64 SYSCALL=execve AUID="heroic" UID="heroic" GID="heroic" EUID="heroic" SUID="heroic" FSUID="heroic" EGID="heroic" SGID="heroic" FSGID="heroic"
type=CWD msg=audit(1769929289.1073:4440): cwd="/root"
type=CRED_REFR msg=audit(1769928453.970:4283): pid=5171 uid=1373 auid=1043 ses=3 subj=unconfined msg='op=PAM:setcred grantors=pam_permit,pam_cap acct="root" exe="/bin/sh" hostname=? addr=? terminal=/dev/pts/0 res=success'UID="heroic" AUID="heroic"
type=EXECVE msg=audit(1769929133.1180:6151): argc=2 a0="sudo" a1="-l"
type=PATH msg=audit(1769929385.1332:8894): item=0 name="/usr/bin/ps" inode=1574103 dev=8:2 mode=100740 ouid=0 ogid=0 rdev=0:0 nametype=NORMAL cap_fp=0 cap_fi=0 cap_fe=0 cap_fver=0 cap_frootid=0OUID="root" OGID="root"
type=PROCTITLE msg=audit(1769929253.61:5081): proctitle=7375646F00726D002D66002F6574632F63726F6E2E642F686964735F70657273697374
type=EXECVE msg=audit(1769929090.24:9451): argc=1 a0="id"
type=PATH msg=audit(1769929060.745:9205): item=1 name="/lib64/ld-linux-x86-64.so.2" inode=1575596 dev=8:2 mode=100525 ouid=0 ogid=0 rdev=0:0 nametype=NORMAL cap_fp=0 cap_fi=0 cap_fe=0 cap_fver=0 cap_frootid=0OUID="root" OGID="root"
type=PATH msg=audit(1769929400.1102:9431): item=1 name="/lib64/ld-linux-x86-64.so.2" inode=1575182 dev=8:2 mode=100971 ouid=0 ogid=0 rdev=0:0 nametype=NORMAL cap_fp=0 cap_fi=0 cap_fe=0 cap_fver=0 cap_frootid=0OUID="root" OGID="root"
type=PROCTITLE msg=audit(1769928583.444:5731): proctitle=2F7573722F6C69622F73797374656D642F73797374656D642D6578656375746F72002D2D646573657269616C697A6500313632002D2D6C6F672D6C6576656C00696E666F002D2D6C6F672D746172676574006A6F75726E616C2D6F722D6B6D7367
type=SYSCALL msg=audit(1769928636.700:8017): arch=c000003e syscall=59 success=yes exit=0 a0=6357fcf76b68 a1=6357fcf86ba0 a2=6357fcf997a0 a3=64 items=2 ppid=8097 pid=658 auid=1368 uid=0 gid=0 euid=0 suid=0 fsuid=0 egid=0 sgid=0 fsgid=0 tty=pts4 ses=3 comm="sh" exe="/bin/sh" subj=unconfined key="process_exec"ARCH=x86_64 SYSCALL=execve AUID="heroic" UID="root" GID="root" EUID="root" SUID="root" FSUID="root" EGID="root" SGID="root" FSGID="root"
type=PATH msg=audit(1769929170.1317:5864): item=1 name="/lib64/ld-linux-x86-64.so.2" inode=1575809 dev=8:2 mode=101157 ouid=0 ogid=0 rdev=0:0 nametype=NORMAL cap_fp=0 cap_fi=0 cap_fe=0 cap_fver=0 cap_frootid=0OUID="root" OGID="root"
type=CWD msg=audit(1769928456.156:7595): cwd="/tmp"
type=EXECVE msg=audit(1769929262.901:9629): argc=8 a0="/usr/lib/sysstat/sadc" a1="-F" a2="-L" a3="-S" a4="DISK" a5="1" a6="1" a7="/var/log/sysstat"
type=PROCTITLE msg=audit(1769928644.428:8243): proctitle=736C6565700035
type=PROCTITLE msg=audit(1769929105.1283:9902): proctitle=2F7573722F6C69622F73797374656D642F73797374656D642D6578656375746F72002D2D646573657269616C697A6500313139002D2D6C6F672D6C6576656C00696E666F002D2D6C6F672D746172676574006A6F75726E616C2D6F722D6B6D7367
type=CWD msg=audit(1769928976.1031:4325): cwd="/home/heroic"
type=CWD msg=audit(1769929007.144:6369): cwd="/home/heroic"
type=PATH msg=audit(1769928916.398:8695): item=0 name="/usr/bin/ps" inode=1573607 dev=8:2 mode=100921 ouid=0 ogid=0 rdev=0:0 nametype=NORMAL cap_fp=0 cap_fi=0 cap_fe=0 cap_fver=0 cap_frootid=0OUID="root" OGID="root"
type=EXECVE msg=audit(1769929217.255:8936): argc=4 a0="/bin/sh" a1="/usr/lib/sysstat/sa1" a2="1" a3="1"
type=PATH msg=audit(1769928777.1174:5678): item=0 name="/proc/self/fd/9" inode=1596111 dev=8:2 mode=100748 ouid=0 ogid=0 rdev=0:0 nametype=NORMAL cap_fp=0 cap_fi=0 cap_fe=0 cap_fver=0 cap_frootid=0OUID="root" OGID="root"
type=PATH msg=audit(1769928949.409:10381): item=1 name="/lib64/ld-linux-x86-64.so.2" inode=1575525 dev=8:2 mode=100960 ouid=0 ogid=0 rdev=0:0 nametype=NORMAL cap_fp=0 cap_fi=0 cap_fe=0 cap_fver=0 cap_frootid=0OUID="root" OGID="root"
type=PATH msg=audit(1769929223.481:6298): item=1 name="/lib64/ld-linux-x86-64.so.2" inode=1575840 dev=8:2 mode=100312 ouid=0 ogid=0 rdev=0:0 nametype=NORMAL cap_fp=0 cap_fi=0 cap_fe=0 cap_fver=0 cap_frootid=0OUID="root" OGID="root"
type=PROCTITLE msg=audit(1769929120.677:5464): proctitle=6E657473746174002D74756C706E
type=PATH msg=audit(1769929320.861:5240): item=0 name="/usr/bin/sudo" inode=1574208 dev=8:2 mode=105248 ouid=0 ogid=0 rdev=0:0 nametype=NORMAL cap_fp=0 cap_fi=0 cap_fe=0 cap_fver=0 cap_frootid=0OUID="root" OGID="root"
type=CWD msg=audit(1769928933.540:4621): cwd="/root"
type=PATH msg=audit(1769928737.864:9383): item=1 name="/lib64/ld-linux-x86-64.so.2" inode=1575325 dev=8:2 mode=100857 ouid=0 ogid=0 rdev=0:0 nametype=NORMAL cap_fp=0 cap_fi=0 cap_fe=0 cap_fver=0 cap_frootid=0OUID="root" OGID="root"
type=SERVICE_START msg=audit(1769928812.1209:8421): pid=2114 uid=0 auid=4294966867 ses=4294967694 subj=unconfined msg='unit=systemd-hostnamed comm="sort" exe="/bin/sh" hostname=? addr=? terminal=? res=success'UID="root" AUID="unset"
type=CRED_DISP msg=audit(1769928736.227:8104): pid=1955 uid=1481 auid=924 ses=3 subj=unconfined msg='op=PAM:setcred grantors=pam_permit acct="root" exe="/usr/bin/df" hostname=? addr=? terminal=/dev/pts/0 res=success'UID="heroic" AUID="heroic"
type=EXECVE msg=audit(1769928416.28:7906): argc=1 a0="bash"
type=USER_CMD msg=audit(1769928445.86:7930): pid=5903 uid=610 auid=534 ses=3 subj=unconfined msg='cwd="/tmp" cmd=746565202F6574632F63726F6E2E642F686964735F70657273697374 exe="/usr/bin/sort" terminal=pts/0 res=success'UID="heroic" AUID="heroic"
type=CWD msg=audit(1769928448.496:5740): cwd="/home/heroic"
type=SYSCALL msg=audit(1769929190.289:6446): arch=c000003e syscall=59 success=yes exit=0 a0=55b8634616b0 a1=55b863462780 a2=55b863435820 a3=55b863436690 items=2 ppid=9504 pid=1683 auid=1016 uid=0 gid=0 euid=0 suid=0 fsuid=0 egid=0 sgid=0 fsgid=0 tty=pts2 ses=3 comm="sed" exe="/usr/bin/last" subj=unconfined key="process_exec"ARCH=x86_64 SYSCALL=execve AUID="heroic" UID="root" GID="root" EUID="root" SUID="root" FSUID="root" EGID="root" SGID="root" FSGID="root"
type=SYSCALL msg=audit(1769929368.992:4023): arch=c000003e syscall=59 success=yes exit=0 a0=5da302dcca90 a1=5da302dcc570 a2=5da302dc08f0 a3=5da302dcc430 items=2 ppid=6822 pid=9522 auid=1325 uid=724 gid=847 euid=730 suid=1133 fsuid=1449 egid=1095 sgid=682 fsgid=1374 tty=pts0 ses=3 comm="df" exe="/usr/bin/netstat" subj=unconfined key="process_exec"ARCH=x86_64 SYSCALL=execve AUID="heroic" UID="heroic" GID="heroic" EUID="heroic" SUID="heroic" FSUID="heroic" EGID="heroic" SGID="heroic" FSGID="heroic"
type=EXECVE msg=audit(1769929058.631:8789): argc=2 a0="sudo" a1="-l"
type=PROCTITLE msg=audit(1769929362.170:3783): proctitle="bash"
type=EXECVE msg=audit(1769928795.139:6748): argc=18 a0="gpg" a1="--enable-special-filenames" a2="--batch" a3="--no-sk-comments" a4="--homedir" a5="/var/lib/fwupd/gnupg" a6="--status-fd" a7="19" a8="--no-tty" a9="--charset" a10="utf8" a11="--enable-progress-filter" a12="--exit-on-status-write-error" a13="--logger-fd" a14="21" a15="--import" a16="--" a17="-&22"
type=PATH msg=audit(1769929284.832:6950): item=0 name="/usr/bin/uname" inode=1578005 dev=8:2 mode=101210 ouid=0 ogid=0 rdev=0:0 nametype=NORMAL cap_fp=0 cap_fi=0 cap_fe=0 cap_fver=0 cap_frootid=0OUID="root" OGID="root"
type=PATH msg=audit(1769928547.238:8092): item=0 name="/usr/bin/whoami" inode=1577806 dev=8:2 mode=100376 ouid=0 ogid=0 rdev=0:0 nametype=NORMAL cap_fp=0 cap_fi=0 cap_fe=0 cap_fver=0 cap_frootid=0OUID="root" OGID="root"
type=PATH msg=audit(1769929232.440:4242): item=1 name="/lib64/ld-linux-x86-64.so.2" inode=1575801 dev=8:2 mode=100582 ouid=0 ogid=0 rdev=0:0 nametype=NORMAL cap_fp=0 cap_fi=0 cap_fe=0 cap_fver=0 cap_frootid=0OUID="root" OGID="root"
type=PROCTITLE msg=audit(1769928554.264:8728): proctitle="bash"
type=PATH msg=audit(1769928775.498:7020): item=2 name="/lib64/ld-linux-x86-64.so.2" inode=1575514 dev=8:2 mode=100281 ouid=0 ogid=0 rdev=0:0 nametype=NORMAL cap_fp=0 cap_fi=0 cap_fe=0 cap_fver=0 cap_frootid=0OUID="root" OGID="root"
type=EXECVE msg=audit(1769928437.944:6829): argc=2 a0="sudo" a1="-l"
type=CWD msg=audit(1769929326.554:7622): cwd="/home/heroic"
type=PROCTITLE msg=audit(1769928733.805:7178): proctitle=726D002D66002F6574632F63726F6E2E642F686964735F70657273697374
type=PROCTITLE msg=audit(1769928687.248:4988): proctitle=63686D6F64002B78007061796C6F61642E7368
type=PROCTITLE msg=audit(1769928420.6:4113): proctitle=63686D6F64002B78007061796C6F61642E7368
type=PATH msg=audit(1769928678.363:9018): item=0 name="/usr/bin/sudo" inode=1574601 dev=8:2 mode=104652 ouid=0 ogid=0 rdev=0:0 nametype=NORMAL cap_fp=0 cap_fi=0 cap_fe=0 cap_fver=0 cap_frootid=0OUID="root" OGID="root"
type=BPRM_FCAPS msg=audit(1769928961.551:3798): fver=0 fp=0 fi=0 fe=0 old_pp=000001fffffeffff old_pi=0 old_pe=000001fffffeffff old_pa=0 pp=000001fffffeffff pi=0 pe=000001fffffeffff pa=0 frootid=0
type=PATH msg=audit(1769929145.333:6575): item=0 name="/usr/bin/sleep" inode=1578070 dev=8:2 mode=100892 ouid=0 ogid=0 rdev=0:0 nametype=NORMAL cap_fp=0 cap_fi=0 cap_fe=0 cap_fver=0 cap_frootid=0OUID="root" OGID="root"
type=USER_START msg=audit(1769929088.675:7748): pid=4245 uid=1023 auid=1107 ses=3 subj=unconfined msg='op=PAM:session_open grantors=pam_limits,pam_env,pam_env,pam_permit,pam_umask,pam_unix acct="root" exe="/usr/bin/python3" hostname=? addr=? terminal=/dev/pts/0 res=success'UID="heroic" AUID="heroic"
type=USER_END msg=audit(1769928866.260:8886): pid=6685 uid=1135 auid=768 ses=3 subj=unconfined msg='op=PAM:session_close grantors=pam_limits,pam_env,pam_env,pam_permit,pam_umask,pam_unix acct="root" exe="/usr/bin/sudo" hostname=? addr=? terminal=/dev/pts/0 res=success'UID="heroic" AUID="heroic"
type=PATH msg=audit(1769928733.1216:7352): item=1 name="/lib64/ld-linux-x86-64.so.2" inode=1574932 dev=8:2 mode=100557 ouid=0 ogid=0 rdev=0:0 nametype=NORMAL cap_fp=0 cap_fi=0 cap_fe=0 cap_fver=0 cap_frootid=0OUID="root" OGID="root"
type=PROCTITLE msg=audit(1769928776.63:7760): proctitle=2F62696E2F7368002D63005B202D78202F6574632F696E69742E642F616E6163726F6E205D202626206966205B2021202D64202F72756E2F73797374656D642F73797374656D205D3B207468656E202F7573722F7362696E2F696E766F6B652D72632E6420616E6163726F6E207374617274203E2F6465762F6E756C6C3B2066
type=CWD msg=audit(1769928934.625:8987): cwd="/root"
type=EXECVE msg=audit(1769928713.435:7387): argc=2 a0="dirname" a1="/usr/bin/lesspipe"
type=CWD msg=audit(1769929144.269:4465): cwd="/home/heroic"
type=CWD msg=audit(1769928444.1355:3777): cwd="/tmp"
type=PROCTITLE msg=audit(1769928703.907:4058): proctitle="bash"
type=CWD msg=audit(1769929206.518:7828): cwd="/tmp"
type=SYSCALL msg=audit(1769928844.381:7674): arch=c000003e syscall=59 success=yes exit=0 a0=5aff5ff38b68 a1=5aff5ff48a00 a2=5aff5ffdc530 a3=64 items=2 ppid=8063 pid=3070 auid=739 uid=0 gid=0 euid=0 suid=0 fsuid=0 egid=0 sgid=0 fsgid=0 tty=pts3 ses=3 comm="sed" exe="/usr/bin/sort" subj=unconfined key="process_exec"ARCH=x86_64 SYSCALL=execve AUID="heroic" UID="root" GID="root" EUID="root" SUID="root" FSUID="root" EGID="root" SGID="root" FSGID="root"
type=PATH msg=audit(1769928790.774:7241): item=0 name="/usr/bin/sudo" inode=1574107 dev=8:2 mode=104821 ouid=0 ogid=0 rdev=0:0 nametype=NORMAL cap_fp=0 cap_fi=0 cap_fe=0 cap_fver=0 cap_frootid=0OUID="root" OGID="root"
type=EXECVE msg=audit(1769929320.753:5403): argc=2 a0="uname" a1="-a"
type=PROCTITLE msg=audit(1769929158.217:8025): proctitle=2F7573722F6C69622F73797374656D642F73797374656D642D6578656375746F72002D2D646573657269616C697A6500313139002D2D6C6F672D6C6576656C00696E666F002D2D6C6F672D746172676574006A6F75726E616C2D6F722D6B6D7367
type=EXECVE msg=audit(1769928864.308:4277): argc=3 a0="mkdir" a1="-p" a2="/tmp/hids_malicious"
type=EXECVE msg=audit(1769928841.590:4231): argc=2 a0="ss" a1="-tulnp"
type=PATH msg=audit(1769929189.444:5913): item=1 name="/lib64/ld-linux-x86-64.so.2" inode=1575407 dev=8:2 mode=100618 ouid=0 ogid=0 rdev=0:0 nametype=NORMAL cap_fp=0 cap_fi=0 cap_fe=0 cap_fver=0 cap_frootid=0OUID="root" OGID="root"
type=EXECVE msg=audit(1769929176.4:8738): argc=2 a0="sleep" a1="90"
type=PATH msg=audit(1769929279.379:4303): item=1 name="/lib64/ld-linux-x86-64.so.2" inode=1575671 dev=8:2 mode=101160 ouid=0 ogid=0 rdev=0:0 nametype=NORMAL cap_fp=0 cap_fi=0 cap_fe=0 cap_fver=0 cap_frootid=0OUID="root" OGID="root"
type=PATH msg=audit(1769928698.731:8197): item=0 name="/usr/bin/rm" inode=1577957 dev=8:2 mode=100315 ouid=0 ogid=0 rdev=0:0 nametype=NORMAL cap_fp=0 cap_fi=0 cap_fe=0 cap_fver=0 cap_frootid=0OUID="root" OGID="root"
type=USER_START msg=audit(1769929166.453:3947): pid=2349 uid=1023 auid=1496 ses=3 subj=unconfined msg='op=PAM:session_open grantors=pam_limits,pam_env,pam_env,pam_permit,pam_umask,pam_unix acct="root" exe="/usr/bin/sudo" hostname=? addr=? terminal=/dev/pts/0 res=success'UID="heroic" AUID="heroic"
type=CWD msg=audit(1769928744.542:9690): cwd="/var/ossec"
type=PATH msg=audit(1769929271.71:8697): item=2 name="/lib64/ld-linux-x86-64.so.2" inode=1575402 dev=8:2 mode=100911 ouid=0 ogid=0 rdev=0:0 nametype=NORMAL cap_fp=0 cap_fi=0 cap_fe=0 cap_fver=0 cap_frootid=0OUID="root" OGID="root"
type=CRED_REFR msg=audit(1769928771.1197:7756): pid=9132 uid=1131 auid=1033 ses=3 subj=unconfined msg='op=PAM:setcred grantors=pam_permit,pam_cap acct="root" exe="/usr/bin/python3" hostname=? addr=? terminal=/dev/pts/0 res=success'UID="heroic" AUID="heroic"
type=PATH msg=audit(1769928474.1154:7423): item=1 name="/lib64/ld-linux-x86-64.so.2" inode=1575623 dev=8:2 mode=100851 ouid=0 ogid=0 rdev=0:0 nametype=NORMAL cap_fp=0 cap_fi=0 cap_fe=0 cap_fver=0 cap_frootid=0OUID="root" OGID="root"
type=PROCTITLE msg=audit(1769928446.750:8702): proctitle=6D6B646972002D70002F746D702F686964735F6D616C6963696F7573
type=CWD msg=audit(1769928774.531:5658): cwd="/usr/local/bin"
type=PATH msg=audit(1769928993.341:9952): item=1 name="/lib64/ld-linux-x86-64.so.2" inode=1574978 dev=8:2 mode=101216 ouid=0 ogid=0 rdev=0:0 nametype=NORMAL cap_fp=0 cap_fi=0 cap_fe=0 cap_fver=0 cap_frootid=0OUID="root" OGID="root"
type=PATH msg=audit(1769928974.401:4486): item=1 name="/lib64/ld-linux-x86-64.so.2" inode=1575720 dev=8:2 mode=101042 ouid=0 ogid=0 rdev=0:0 nametype=NORMAL cap_fp=0 cap_fi=0 cap_fe=0 cap_fver=0 cap_frootid=0OUID="root" OGID="root"
type=CWD msg=audit(1769929032.690:7015): cwd="/home/heroic"
type=CWD msg=audit(1769928858.287:7602): cwd="/root"
type=PATH msg=audit(1769929024.966:5340): item=0 name="/usr/local/sbin/gjs" nametype=UNKNOWN cap_fp=0 cap_fi=0 cap_fe=0 cap_fver=0 cap_frootid=0
type=PATH msg=audit(1769928639.742:8725): item=0 name="/usr/bin/tee" inode=1577856 dev=8:2 mode=100496 ouid=0 ogid=0 rdev=0:0 nametype=NORMAL cap_fp=0 cap_fi=0 cap_fe=0 cap_fver=0 cap_frootid=0OUID="root" OGID="root"
type=PATH msg=audit(1769928485.195:6115): item=1 name="/lib64/ld-linux-x86-64.so.2" inode=1575592 dev=8:2 mode=100547 ouid=0 ogid=0 rdev=0:0 nametype=NORMAL cap_fp=0 cap_fi=0 cap_fe=0 cap_fver=0 cap_frootid=0OUID="root" OGID="root"
type=PATH msg=audit(1769929183.765:9389): item=0 name="/usr/bin/whoami" inode=1577841 dev=8:2 mode=100656 ouid=0 ogid=0 rdev=0:0 nametype=NORMAL cap_fp=0 cap_fi=0 cap_fe=0 cap_fver=0 cap_frootid=0OUID="root" OGID="root"
type=EXECVE msg=audit(1769928930.663:5821): argc=2 a0="rmdir" a1="/tmp/hids_malicious"
type=SYSCALL msg=audit(1769928719.447:6363): arch=c000003e syscall=59 success=yes exit=0 a0=5d51d3ac7b90 a1=5d51d3ac7910 a2=5d51d3ac7b38 a3=1 items=2 ppid=4476 pid=5357 auid=4294967495 uid=0 gid=457 euid=0 suid=0 fsuid=0 egid=502 sgid=126 fsgid=382 tty=(none) ses=4294967677 comm="sort" exe="/usr/bin/python3" subj=unconfined key="process_exec"ARCH=x86_64 SYSCALL=execve AUID="unset" UID="root" GID="wazuh" EUID="root" SUID="root" FSUID="root" EGID="wazuh" SGID="wazuh" FSGID="wazuh"
type=PROCTITLE msg=audit(1769929333.588:4372): proctitle=7373002D74756C6E70
type=PATH msg=audit(1769928758.767:8504): item=1 name="/lib64/ld-linux-x86-64.so.2" inode=1575558 dev=8:2 mode=100881 ouid=0 ogid=0 rdev=0:0 nametype=NORMAL cap_fp=0 cap_fi=0 cap_fe=0 cap_fver=0 cap_frootid=0OUID="root" OGID="root"
type=EXECVE msg=audit(1769928760.614:7202): argc=1 a0="whoami"
type=PATH msg=audit(1769929356.497:4436): item=1 name="/lib64/ld-linux-x86-64.so.2" inode=1574903 dev=8:2 mode=101200 ouid=0 ogid=0 rdev=0:0 nametype=NORMAL cap_fp=0 cap_fi=0 cap_fe=0 cap_fver=0 cap_frootid=0OUID="root" OGID="root"
type=SYSCALL msg=audit(1769929111.157:6366): arch=c000003e syscall=59 success=yes exit=0 a0=6087e27a1080 a1=6087e2789c90 a2=6087e28776b0 a3=1 items=2 ppid=7263 pid=7764 auid=1491 uid=1100 gid=904 euid=0 suid=0 fsuid=0 egid=1483 sgid=544 fsgid=1352 tty=pts1 ses=3 comm="df" exe="/usr/bin/python3" subj=unconfined key="process_exec"ARCH=x86_64 SYSCALL=execve AUID="heroic" UID="heroic" GID="heroic" EUID="root" SUID="root" FSUID="root" EGID="heroic" SGID="heroic" FSGID="heroic"
type=PROCTITLE msg=audit(1769929225.586:6378): proctitle=646972636F6C6F7273002D62
type=PATH msg=audit(1769929118.420:7809): item=0 name="/usr/bin/sudo" inode=1574737 dev=8:2 mode=104878 ouid=0 ogid=0 rdev=0:0 nametype=NORMAL cap_fp=0 cap_fi=0 cap_fe=0 cap_fver=0 cap_frootid=0OUID="root" OGID="root"
type=CWD msg=audit(1769928520.504:9423): cwd="/usr/local/bin"
type=PROCTITLE msg=audit(1769929304.1222:4212): proctitle=7373002D74756C6E70
type=PATH msg=audit(1769929074.488:7535): item=0 name="/usr/bin/sleep" inode=1577988 dev=8:2 mode=100749 ouid=0 ogid=0 rdev=0:0 nametype=NORMAL cap_fp=0 cap_fi=0 cap_fe=0 cap_fver=0 cap_frootid=0OUID="root" OGID="root"
type=CWD msg=audit(1769928913.394:6614): cwd="/var/ossec"
type=EXECVE msg=audit(1769928749.195:7017): argc=3 a0="/bin/sh" a1="-c" a2=636F6D6D616E64202D762064656269616E2D736131203E202F6465762F6E756C6C2026262064656269616E2D73613120312031
type=CWD msg=audit(1769928606.156:5139): cwd="/tmp"
type=PROCTITLE msg=audit(1769928751.1211:6689): proctitle=726D002D66002F6574632F63726F6E2E642F686964735F70657273697374
type=PROCTITLE msg=audit(1769928635.788:10128): proctitle=726D646972002F746D702F686964735F6D616C6963696F7573
type=SYSCALL msg=audit(1769928964.919:4538): arch=c000003e syscall=59 success=yes exit=0 a0=5da302dc9b60 a1=5da302dca210 a2=5da302dc08f0 a3=5da302dca210 items=2 ppid=1509 pid=2860 auid=1012 uid=681 gid=1396 euid=1006 suid=1402 fsuid=749 egid=1315 sgid=1293 fsgid=1234 tty=pts0 ses=3 comm="sh" exe="/bin/sh" subj=unconfined key="process_exec"ARCH=x86_64 SYSCALL=execve AUID="heroic" UID="heroic" GID="heroic" EUID="heroic" SUID="heroic" FSUID="heroic" EGID="heroic" SGID="heroic" FSGID="heroic"
type=PROCTITLE msg=audit(1769929294.448:9325): proctitle=7375646F00726D002D66002F6574632F63726F6E2E642F686964735F70657273697374
type=PATH msg=audit(1769928931.991:5811): item=0 name="/usr/bin/whoami" inode=1578128 dev=8:2 mode=101038 ouid=0 ogid=0 rdev=0:0 nametype=NORMAL cap_fp=0 cap_fi=0 cap_fe=0 cap_fver=0 cap_frootid=0OUID="root" OGID="root"
type=PROCTITLE msg=audit(1769929080.1340:9513): proctitle=2F62696E2F7368002D63005B202D78202F6574632F696E69742E642F616E6163726F6E205D202626206966205B2021202D64202F72756E2F73797374656D642F73797374656D205D3B207468656E202F7573722F7362696E2F696E766F6B652D72632E6420616E6163726F6E207374617274203E2F6465762F6E756C6C3B2066
type=CWD msg=audit(1769928698.1258:6380): cwd="/tmp"
type=EXECVE msg=audit(1769929124.368:5982): argc=2 a0="ss" a1="-tulnp"
type=EXECVE msg=audit(1769929055.190:5288): argc=3 a0="mkdir" a1="-p" a2="/tmp/hids_malicious"
type=EXECVE msg=audit(1769929047.1331:4539): argc=3 a0="sudo" a1="tee" a2="/etc/cron.d/hids_persist"
type=PATH msg=audit(1769928635.871:4673): item=1 name="/lib64/ld-linux-x86-64.so.2" inode=1575241 dev=8:2 mode=100978 ouid=0 ogid=0 rdev=0:0 nametype=NORMAL cap_fp=0 cap_fi=0 cap_fe=0 cap_fver=0 cap_frootid=0OUID="root" OGID="root"
type=SYSCALL msg=audit(1769929210.1249:6303): arch=c000003e syscall=59 success=yes exit=0 a0=5da302dcc8b0 a1=5da302dcea20 a2=5da302dc08f0 a3=8 items=2 ppid=3423 pid=6905 auid=1019 uid=978 gid=837 euid=1329 suid=1352 fsuid=984 egid=846 sgid=709 fsgid=1172 tty=pts0 ses=3 comm="last" exe="/usr/bin/python3" subj=unconfined key="process_exec"ARCH=x86_64 SYSCALL=execve AUID="heroic" UID="heroic" GID="heroic" EUID="heroic" SUID="heroic" FSUID="heroic" EGID="heroic" SGID="heroic" FSGID="heroic"
type=PROCTITLE msg=audit(1769928764.1353:7522): proctitle=746565002F6574632F63726F6E2E642F686964735F70657273697374
type=SYSCALL msg=audit(1769929390.46:8964): arch=c000003e syscall=59 success=yes exit=0 a0=6350d512ab68 a1=6350d513aba0 a2=6350d514d7a0 a3=64 items=2 ppid=3700 pid=8669 auid=687 uid=0 gid=0 euid=0 suid=0 fsuid=0 egid=0 sgid=0 fsgid=0 tty=pts4 ses=3 comm="sudo" exe="/usr/bin/tail" subj=unconfined key="process_exec"ARCH=x86_64 SYSCALL=execve AUID="heroic" UID="root" GID="root" EUID="root" SUID="root" FSUID="root" EGID="root" SGID="root" FSGID="root"
type=BPRM_FCAPS msg=audit(1769929341.603:7880): fver=0 fp=0 fi=0 fe=0 old_pp=000001ffffffffff old_pi=0 old_pe=000001ffffffffff old_pa=0 pp=000001fffffeffff pi=0 pe=000001fffffeffff pa=0 frootid=0
type=SYSCALL msg=audit(1769928544.10:7999): arch=c000003e syscall=59 success=yes exit=0 a0=5cde680253a0 a1=5cde68025430 a2=5cde6801d160 a3=5cde68025430 items=2 ppid=6184 pid=5043 auid=761 uid=1203 gid=687 euid=1457 suid=1086 fsuid=999 egid=1233 sgid=1312 fsgid=1461 tty=pts2 ses=5 comm="sort" exe="/usr/bin/tail" subj=unconfined key="process_exec"ARCH=x86_64 SYSCALL=execve AUID="heroic" UID="heroic" GID="heroic" EUID="heroic" SUID="heroic" FSUID="heroic" EGID="heroic" SGID="heroic" FSGID="heroic"
type=USER_END msg=audit(1769928545.17:5350): pid=6092 uid=1167 auid=1219 ses=3 subj=unconfined msg='op=PAM:session_close grantors=pam_limits,pam_env,pam_env,pam_permit,pam_umask,pam_unix acct="root" exe="/usr/bin/python3" hostname=? addr=? terminal=/dev/pts/0 res=success'UID="heroic" AUID="heroic"
type=CWD msg=audit(1769928985.779:6983): cwd="/root"
type=PATH msg=audit(1769928513.225:9674): item=1 name="/lib64/ld-linux-x86-64.so.2" inode=1575243 dev=8:2 mode=100669 ouid=0 ogid=0 rdev=0:0 nametype=NORMAL cap_fp=0 cap_fi=0 cap_fe=0 cap_fver=0 cap_frootid=0OUID="root" OGID="root"
type=CWD msg=audit(1769929070.683:7894): cwd="/tmp"
type=CRED_DISP msg=audit(1769928926.373:7593): pid=1572 uid=1103 auid=865 ses=3 subj=unconfined msg='op=PAM:setcred grantors=pam_permit acct="root" exe="/bin/sh" hostname=? addr=? terminal=/dev/pts/0 res=success'UID="heroic" AUID="heroic"
type=PATH msg=audit(1769928597.408:5604): item=0 name="/usr/bin/bash" inode=1573354 dev=8:2 mode=100713 ouid=0 ogid=0 rdev=0:0 nametype=NORMAL cap_fp=0 cap_fi=0 cap_fe=0 cap_fver=0 cap_frootid=0OUID="root" OGID="root"
type=PATH msg=audit(1769928630.72:9617): item=1 name="/lib64/ld-linux-x86-64.so.2" inode=1575017 dev=8:2 mode=100577 ouid=0 ogid=0 rdev=0:0 nametype=NORMAL cap_fp=0 cap_fi=0 cap_fe=0 cap_fver=0 cap_frootid=0OUID="root" OGID="root"
type=PATH msg=audit(1769928981.798:6812): item=0 name="/usr/bin/id" inode=1577645 dev=8:2 mode=100934 ouid=0 ogid=0 rdev=0:0 nametype=NORMAL cap_fp=0 cap_fi=0 cap_fe=0 cap_fver=0 cap_frootid=0OUID="root" OGID="root"
type=SYSCALL msg=audit(1769929199.567:9462): arch=c000003e syscall=59 success=yes exit=0 a0=5da302dccb50 a1=5da302dcca10 a2=5da302dc08f0 a3=5da302dcd610 items=2 ppid=9241 pid=4513 auid=504 uid=823 gid=858 euid=1347 suid=835 fsuid=1459 egid=1311 sgid=796 fsgid=998 tty=pts0 ses=3 comm="sudo" exe="/usr/bin/netstat" subj=unconfined key="process_exec"ARCH=x86_64 SYSCALL=execve AUID="heroic" UID="heroic" GID="heroic" EUID="heroic" SUID="heroic" FSUID="heroic" EGID="heroic" SGID="heroic" FSGID="heroic"
type=CWD msg=audit(1769928917.668:7627): cwd="/home/heroic"
type=CWD msg=audit(1769928875.1004:6860): cwd=2F746D702F686964735F6D616C6963696F7573202864656C6574656429
type=EXECVE msg=audit(1769929043.921:8039): argc=2 a0="sleep" a1="90"
type=SYSCALL msg=audit(1769928857.140:7274): arch=c000003e syscall=59 success=yes exit=0 a0=5da302dc7a40 a1=5da302dce870 a2=5da302dc08f0 a3=8 items=2 ppid=4784 pid=4246 auid=1388 uid=1498 gid=970 euid=623 suid=1152 fsuid=968 egid=1238 sgid=1079 fsgid=1230 tty=pts0 ses=3 comm="sudo" exe="/usr/bin/python3" subj=unconfined key="process_exec"ARCH=x86_64 SYSCALL=execve AUID="heroic" UID="heroic" GID="heroic" EUID="heroic" SUID="heroic" FSUID="heroic" EGID="heroic" SGID="heroic" FSGID="heroic"
type=PATH msg=audit(1769928765.1017:8653): item=1 name="/lib64/ld-linux-x86-64.so.2" inode=1575660 dev=8:2 mode=101102 ouid=0 ogid=0 rdev=0:0 nametype=NORMAL cap_fp=0 cap_fi=0 cap_fe=0 cap_fver=0 cap_frootid=0OUID="root" OGID="root"
type=PROCTITLE msg=audit(1769928514.810:6823): proctitle=7375646F00726D002D66002F6574632F63726F6E2E642F686964735F70657273697374
type=EXECVE msg=audit(1769928987.926:8767): argc=1 a0="whoami"
type=PATH msg=audit(1769929176.582:6064): item=0 name="/usr/bin/curl" inode=1573600 dev=8:2 mode=101153 ouid=0 ogid=0 rdev=0:0 nametype=NORMAL cap_fp=0 cap_fi=0 cap_fe=0 cap_fver=0 cap_frootid=0OUID="root" OGID="root"
type=PROCTITLE msg=audit(1769928507.982:5178): proctitle=746565002F6574632F63726F6E2E642F686964735F70657273697374
type=SYSCALL msg=audit(1769929030.390:4332): arch=c000003e syscall=59 success=yes exit=0 a0=5804bd074140 a1=5804bd066960 a2=5804bd05fd90 a3=5804bd062c40 items=2 ppid=9223 pid=9099 auid=4294967510 uid=0 gid=0 euid=0 suid=0 fsuid=0 egid=0 sgid=0 fsgid=0 tty=(none) ses=4294967056 comm="sort" exe="/usr/bin/sudo" subj=unconfined key="process_exec"ARCH=x86_64 SYSCALL=execve AUID="unset" UID="root" GID="root" EUID="root" SUID="root" FSUID="root" EGID="root" SGID="root" FSGID="root"
type=PROCTITLE msg=audit(1769928921.440:7741): proctitle=7375646F00746565002F6574632F63726F6E2E642F686964735F70657273697374
type=PROCTITLE msg=audit(1769928482.10:5168): proctitle=7368002D63002D2D006466202D50
type=PROCTITLE msg=audit(1769929231.19:7368): proctitle=2F7573722F62696E2F656E7600676A73002F7573722F73686172652F676E6F6D652D7368656C6C2F657874656E73696F6E732F64696E6740726173746572736F66742E636F6D2F6170702F64696E672E6A73002D45002D50002F7573722F73686172652F676E6F6D652D7368656C6C2F657874656E73696F6E732F64696E6740
type=PATH msg=audit(1769929009.153:6732): item=1 name="/lib64/ld-linux-x86-64.so.2" inode=1575416 dev=8:2 mode=101069 ouid=0 ogid=0 rdev=0:0 nametype=NORMAL cap_fp=0 cap_fi=0 cap_fe=0 cap_fver=0 cap_frootid=0OUID="root" OGID="root"
type=SYSCALL msg=audit(1769928748.1061:9327): arch=c000003e syscall=59 success=yes exit=0 a0=5b934d5f1b68 a1=5b934d601ba0 a2=5b934d614340 a3=64 items=2 ppid=9657 pid=4789 auid=1456 uid=0 gid=0 euid=0 suid=0 fsuid=0 egid=0 sgid=0 fsgid=0 tty=pts4 ses=3 comm="df" exe="/usr/bin/python3" subj=unconfined key="process_exec"ARCH=x86_64 SYSCALL=execve AUID="heroic" UID="root" GID="root" EUID="root" SUID="root" FSUID="root" EGID="root" SGID="root" FSGID="root"
type=USER_CMD msg=audit(1769929407.1104:6437): pid=3450 uid=504 auid=1498 ses=3 subj=unconfined msg='cwd="/home/heroic" cmd="whoami" exe="/usr/bin/df" terminal=pts/0 res=success'UID="heroic" AUID="heroic"
type=SYSCALL msg=audit(1769928873.1261:9066): arch=c000003e syscall=59 success=yes exit=0 a0=5da302dcd390 a1=5da302dcd3f0 a2=5da302dc08f0 a3=5da302dcd3f0 items=2 ppid=2924 pid=1434 auid=774 uid=819 gid=1134 euid=1289 suid=831 fsuid=964 egid=1468 sgid=1403 fsgid=1464 tty=pts0 ses=3 comm="sudo" exe="/usr/bin/last" subj=unconfined key="process_exec"ARCH=x86_64 SYSCALL=execve AUID="heroic" UID="heroic" GID="heroic" EUID="heroic" SUID="heroic" FSUID="heroic" EGID="heroic" SGID="heroic" FSGID="heroic"
type=SYSCALL msg=audit(1769929048.717:7227): arch=c000003e syscall=59 success=yes exit=0 a0=57d4fff51b68 a1=57d4fff61ba0 a2=57d4fff74340 a3=64 items=2 ppid=4974 pid=6899 auid=958 uid=0 gid=0 euid=0 suid=0 fsuid=0 egid=0 sgid=0 fsgid=0 tty=pts4 ses=3 comm="sort" exe="/usr/bin/sed" subj=unconfined key="process_exec"ARCH=x86_64 SYSCALL=execve AUID="heroic" UID="root" GID="root" EUID="root" SUID="root" FSUID="root" EGID="root" SGID="root" FSGID="root"
type=USER_START msg=audit(1769928579.98:8674): pid=6875 uid=0 auid=0 ses=7 subj=unconfined msg='op=PAM:session_open grantors=pam_loginuid,pam_env,pam_env,pam_permit,pam_umask,pam_unix,pam_limits acct="root" exe="/usr/bin/sudo" hostname=? addr=? terminal=cron res=success'UID="root" AUID="root"
type=PROCTITLE msg=audit(1769928613.620:6335): proctitle=726D002D66002F6574632F63726F6E2E642F686964735F70657273697374
type=PROCTITLE msg=audit(1769928940.419:3990): proctitle=707300617578
type=EXECVE msg=audit(1769928826.734:5819): argc=2 a0="ls" a1="--color=auto"
type=SYSCALL msg=audit(1769928469.241:8459): arch=c000003e syscall=59 success=yes exit=0 a0=5da302dccff0 a1=5da302dca550 a2=5da302dc08f0 a3=1 items=2 ppid=1962 pid=3391 auid=1423 uid=563 gid=679 euid=907 suid=1081 fsuid=855 egid=1294 sgid=1051 fsgid=893 tty=pts0 ses=3 comm="sort" exe="/usr/bin/python3" subj=unconfined key="process_exec"ARCH=x86_64 SYSCALL=execve AUID="heroic" UID="heroic" GID="heroic" EUID="heroic" SUID="heroic" FSUID="heroic" EGID="heroic" SGID="heroic" FSGID="heroic"
type=CRED_REFR msg=audit(1769928709.1085:5668): pid=5942 uid=1372 auid=1386 ses=3 subj=unconfined msg='op=PAM:setcred grantors=pam_permit,pam_cap acct="root" exe="/usr/bin/netstat" hostname=? addr=? terminal=/dev/pts/0 res=success'UID="heroic" AUID="heroic"
type=PROCTITLE msg=audit(1769928586.937:4998): proctitle=7375646F002D6C
type=PATH msg=audit(1769928428.1094:3746): item=1 name="/lib64/ld-linux-x86-64.so.2" inode=1575490 dev=8:2 mode=100537 ouid=0 ogid=0 rdev=0:0 nametype=NORMAL cap_fp=0 cap_fi=0 cap_fe=0 cap_fver=0 cap_frootid=0OUID="root" OGID="root"
type=EXECVE msg=audit(1769929112.149:4862): argc=3 a0="sudo" a1="tee" a2="/etc/cron.d/hids_persist"
