type=EXECVE msg=audit(1769929086.764:7163): argc=2 a0="sudo" a1="whoami"
type=PROCTITLE msg=audit(1769928906.1158:3965): proctitle=736C6565700035
type=PROCTITLE msg=audit(1769928964.761:4381): proctitle="groups"
type=EXECVE msg=audit(1769928636.212:5327): argc=2 a0="rmdir" a1="/tmp/hids_malicious"
type=CRED_REFR msg=audit(1769928422.0:5529): pid=7050 uid=0 auid=618 ses=5 subj=unconfined msg='op=PAM:setcred grantors=pam_permit,pam_cap acct="root" exe="/usr/bin/python3" hostname=? addr=? terminal=/dev/pts/1 res=success'UID="root" AUID="heroic"
type=CWD msg=audit(1769929034.608:6126): cwd="/tmp"
type=PATH msg=audit(1769928726.1194:9877): item=0 name="/usr/bin/ps" inode=1574202 dev=8:2 mode=101159 ouid=0 ogid=0 rdev=0:0 nametype=NORMAL cap_fp=0 cap_fi=0 cap_fe=0 cap_fver=0 cap_frootid=0OUID="root" OGID="root"
type=EXECVE msg=audit(1769929386.444:9186): argc=4 a0="sudo" a1="rm" a2="-f" a3="/etc/cron.d/hids_persist"
type=USER_START msg=audit(1769928945.254:5240): pid=8268 uid=1237 auid=1202 ses=3 subj=unconfined msg='op=PAM:session_open grantors=pam_limits,pam_env,pam_env,pam_permit,pam_umask,pam_unix acct="root" exe="/usr/bin/tail" hostname=? addr=? terminal=/dev/pts/0 res=success'UID="heroic" AUID="heroic"
type=EXECVE msg=audit(1769928509.686:10071): argc=2 a0="ps" a1="aux"
type=CRED_DISP msg=audit(1769928557.463:8955): pid=1635 uid=810 auid=1133 ses=3 subj=unconfined msg='op=PAM:setcred grantors=pam_permit acct="root" exe="/bin/sh" hostname=? addr=? terminal=/dev/pts/0 res=success'UID="heroic" AUID="heroic"
type=PATH msg=audit(1769928436.56:7434): item=0 name="/proc/self/fd/9" inode=1596167 dev=8:2 mode=100799 ouid=0 ogid=0 rdev=0:0 nametype=NORMAL cap_fp=0 cap_fi=0 cap_fe=0 cap_fver=0 cap_frootid=0OUID="root" OGID="root"
type=SYSCALL msg=audit(1769929305.120:9479): arch=c000003e syscall=59 success=yes exit=0 a0=593b4a2efb68 a1=593b4a304500 a2=593b4a3933c0 a3=64 items=2 ppid=5103 pid=1707 auid=1283 uid=0 gid=0 euid=0 suid=0 fsuid=0 egid=0 sgid=0 fsgid=0 tty=pts3 ses=5 comm="netstat" exe="/usr/bin/sudo" subj=unconfined key="process_exec"ARCH=x86_64 SYSCALL=execve AUID="heroic" UID="root" GID="root" EUID="root" SUID="root" FSUID="root" EGID="root" SGID="root" FSGID="root"
type=CWD msg=audit(1769929228.139:5148): cwd="/usr/local/bin"
type=PATH msg=audit(1769929370.579:6907): item=0 name="/usr/bin/sudo" inode=1574425 dev=8:2 mode=105217 ouid=0 ogid=0 rdev=0:0 nametype=NORMAL cap_fp=0 cap_fi=0 cap_fe=0 cap_fver=0 cap_frootid=0OUID="root" OGID="root"
type=USER_ACCT msg=audit(1769928669.782:4429): pid=7064 uid=1425 auid=982 ses=3 subj=unconfined msg='op=PAM:accounting grantors=pam_permit,pam_localuser acct="heroic" exe="/usr/bin/sed" hostname=? addr=? terminal=/dev/pts/0 res=success'UID="heroic" AUID="heroic"
type=PATH msg=audit(1769928916.682:5322): item=0 name="/usr/bin/rmdir" inode=1578397 dev=8:2 mode=100839 ouid=0 ogid=0 rdev=0:0 nametype=NORMAL cap_fp=0 cap_fi=0 cap_fe=0 cap_fver=0 cap_frootid=0OUID="root" OGID="root"
type=PATH msg=audit(1769929113.703:8819): item=0 name="/usr/bin/tee" inode=1578082 dev=8:2 mode=101066 ouid=0 ogid=0 rdev=0:0 nametype=NORMAL cap_fp=0 cap_fi=0 cap_fe=0 cap_fver=0 cap_frootid=0OUID="root" OGID="root"
type=SYSCALL msg=audit(1769929179.743:6216): arch=c000003e syscall=59 success=yes exit=0 a0=5712e494ab68 a1=5712e495aba0 a2=5712e496d340 a3=64 items=2 ppid=2871 pid=1784 auid=775 uid=0 gid=0 euid=0 suid=0 fsuid=0 egid=0 sgid=0 fsgid=0 tty=pts4 ses=3 comm="sort" exe="/usr/bin/netstat" subj=unconfined key="process_exec"ARCH=x86_64 SYSCALL=execve AUID="heroic" UID="root" GID="root" EUID="root" SUID="root" FSUID="root" EGID="root" SGID="root" FSGID="root"
type=CRED_REFR msg=audit(1769928760.1214:8971): pid=8532 uid=0 auid=0 ses=6 subj=unconfined msg='op=PAM:setcred grantors=pam_permit,pam_cap acct="root" exe="/usr/bin/netstat" hostname=? addr=? terminal=cron res=success'UID="root" AUID="root"
type=EXECVE msg=audit(1769929185.994:6402): argc=2 a0="ps" a1="aux"
type=PATH msg=audit(1769929279.326:8348): item=0 name="/usr/bin/mkdir" inode=1577865 dev=8:2 mode=101027 ouid=0 ogid=0 rdev=0:0 nametype=NORMAL cap_fp=0 cap_fi=0 cap_fe=0 cap_fver=0 cap_frootid=0OUID="root" OGID="root"
type=USER_END msg=audit(1769928861.468:5963): pid=5741 uid=1113 auid=907 ses=3 subj=unconfined msg='op=PAM:session_close grantors=pam_limits,pam_env,pam_env,pam_permit,pam_umask,pam_unix acct="root" exe="/usr/bin/tail" hostname=? addr=? terminal=/dev/pts/0 res=success'UID="heroic" AUID="heroic"
type=EXECVE msg=audit(1769929123.42:9483): argc=2 a0="dircolors" a1="-b"
type=CWD msg=audit(1769928752.483:5163): cwd="/root"
type=PATH msg=audit(1769929170.329:9744): item=0 name="/usr/bin/sleep" inode=1578082 dev=8:2 mode=100383 ouid=0 ogid=0 rdev=0:0 nametype=NORMAL cap_fp=0 cap_fi=0 cap_fe=0 cap_fver=0 cap_frootid=0OUID="root" OGID="root"
type=CWD msg=audit(1769928503.25:7567): cwd="/tmp"
type=PROCTITLE msg=audit(1769928421.312:9485): proctitle=6D6B646972002D70002F746D702F686964735F6D616C6963696F7573
type=PATH msg=audit(1769929026.700:4072): item=0 name="/usr/sbin/gjs" nametype=UNKNOWN cap_fp=0 cap_fi=0 cap_fe=0 cap_fver=0 cap_frootid=0
type=CWD msg=audit(1769929333.651:6468): cwd="/var/ossec"
type=PROCTITLE msg=audit(1769928420.52:6256): proctitle="whoami"
type=PROCTITLE msg=audit(1769928467.1176:4985): proctitle=7375646F00726D002D66002F6574632F63726F6E2E642F686964735F70657273697374
type=PATH msg=audit(1769928594.706:6114): item=1 name="/lib64/ld-linux-x86-64.so.2" inode=1575154 dev=8:2 mode=101222 ouid=0 ogid=0 rdev=0:0 nametype=NORMAL cap_fp=0 cap_fi=0 cap_fe=0 cap_fver=0 cap_frootid=0OUID="root" OGID="root"
type=EXECVE msg=audit(1769928868.586:7378): argc=7 a0="/usr/lib/systemd/systemd-executor" a1="--deserialize" a2="607" a3="--log-level" a4="info" a5="--log-target" a6="journal-or-kmsg"
type=PATH msg=audit(1769928798.511:7018): item=0 name="/usr/bin/gpgconf" inode=1575947 dev=8:2 mode=100869 ouid=0 ogid=0 rdev=0:0 nametype=NORMAL cap_fp=0 cap_fi=0 cap_fe=0 cap_fver=0 cap_frootid=0OUID="root" OGID="root"
type=PATH msg=audit(1769928449.560:9105): item=1 name="/lib64/ld-linux-x86-64.so.2" inode=1575255 dev=8:2 mode=100272 ouid=0 ogid=0 rdev=0:0 nametype=NORMAL cap_fp=0 cap_fi=0 cap_fe=0 cap_fver=0 cap_frootid=0OUID="root" OGID="root"
type=PROCTITLE msg=audit(1769928579.380:6352): proctitle="id"
type=PATH msg=audit(1769929344.843:6367): item=1 name="/lib64/ld-linux-x86-64.so.2" inode=1575005 dev=8:2 mode=100933 ouid=0 ogid=0 rdev=0:0 nametype=NORMAL cap_fp=0 cap_fi=0 cap_fe=0 cap_fver=0 cap_frootid=0OUID="root" OGID="root"
type=SYSCALL msg=audit(1769928960.634:8373): arch=c000003e syscall=59 success=yes exit=0 a0=64e1754d00f0 a1=64e1754cf350 a2=64e1754c38f0 a3=8 items=2 ppid=6370 pid=7707 auid=1111 uid=1106 gid=679 euid=888 suid=739 fsuid=1446 egid=1241 sgid=611 fsgid=1332 tty=pts0 ses=3 comm="netstat" exe="/bin/sh" subj=unconfined key="process_exec"ARCH=x86_64 SYSCALL=execve AUID="heroic" UID="heroic" GID="heroic" EUID="heroic" SUID="heroic" FSUID="heroic" EGID="heroic" SGID="heroic" FSGID="heroic"
type=PROCTITLE msg=audit(1769928650.977:7832): proctitle=6469726E616D65002F7573722F62696E2F6C65737370697065
type=SYSCALL msg=audit(1769928783.992:8867): arch=c000003e syscall=59 success=yes exit=0 a0=62baf220cb68 a1=62baf221cba0 a2=62baf222f7a0 a3=64 items=2 ppid=4823 pid=3099 auid=1193 uid=0 gid=0 euid=0 suid=0 fsuid=0 egid=0 sgid=0 fsgid=0 tty=pts1 ses=3 comm="netstat" exe="/usr/bin/sort" subj=unconfined key="process_exec"ARCH=x86_64 SYSCALL=execve AUID="heroic" UID="root" GID="root" EUID="root" SUID="root" FSUID="root" EGID="root" SGID="root" FSGID="root"
type=CWD msg=audit(1769929064.700:8458): cwd="/usr/local/bin"
type=USER_END msg=audit(1769929323.1292:6786): pid=6144 uid=1400 auid=971 ses=5 subj=unconfined msg='op=PAM:session_close grantors=pam_limits,pam_env,pam_env,pam_permit,pam_umask,pam_unix acct="root" exe="/usr/bin/tail" hostname=? addr=? terminal=/dev/pts/0 res=success'UID="heroic" AUID="heroic"
type=PROCTITLE msg=audit(1769928896.769:6687): proctitle=726D002D660066696C655F31302E6461740066696C655F31312E6461740066696C655F31322E6461740066696C655F31332E6461740066696C655F31342E6461740066696C655F31352E6461740066696C655F31362E6461740066696C655F31372E6461740066696C655F31382E6461740066696C655F31392E646174006669
type=SYSCALL msg=audit(1769928561.624:6208): arch=c000003e syscall=577 success=yes exit=0 a0=ffffff9c a1=5bbf6866e4a0 a2=0 a3=5bbf6866f900 items=2 ppid=3672 pid=4440 auid=614 uid=0 gid=0 euid=0 suid=0 fsuid=0 egid=0 sgid=0 fsgid=0 tty=pts4 ses=3 comm="sort" exe="/usr/bin/sudo" subj=unconfined key="persistence"ARCH=x86_64 SYSCALL=unlinkat AUID="heroic" UID="root" GID="root" EUID="root" SUID="root" FSUID="root" EGID="root" SGID="root" FSGID="root"
type=PATH msg=audit(1769928518.962:6411): item=0 name="/usr/bin/sudo" inode=1574014 dev=8:2 mode=104601 ouid=0 ogid=0 rdev=0:0 nametype=NORMAL cap_fp=0 cap_fi=0 cap_fe=0 cap_fver=0 cap_frootid=0OUID="root" OGID="root"
type=PROCTITLE msg=audit(1769929164.12:7702): proctitle=707300617578
type=PATH msg=audit(1769928837.378:4953): item=1 name="/lib64/ld-linux-x86-64.so.2" inode=1575620 dev=8:2 mode=100743 ouid=0 ogid=0 rdev=0:0 nametype=NORMAL cap_fp=0 cap_fi=0 cap_fe=0 cap_fver=0 cap_frootid=0OUID="root" OGID="root"
type=USER_CMD msg=audit(1769928481.338:7190): pid=6169 uid=1050 auid=953 ses=3 subj=unconfined msg='cwd="/home/heroic" cmd="whoami" exe="/usr/bin/tail" terminal=pts/0 res=success'UID="heroic" AUID="heroic"
type=PATH msg=audit(1769929260.48:6946): item=1 name="/etc/cron.d/hids_persist" inode=1704206 dev=8:2 mode=101015 ouid=0 ogid=0 rdev=0:0 nametype=CREATE cap_fp=0 cap_fi=0 cap_fe=0 cap_fver=0 cap_frootid=0OUID="root" OGID="root"
type=EXECVE msg=audit(1769928414.434:7118): argc=2 a0="tee" a1="/etc/cron.d/hids_persist"
type=PROCTITLE msg=audit(1769928793.705:4569): proctitle=6375726C002D730066696C653A2F2F2F746D702F686964735F6D616C6963696F75732F7061796C6F61642E7368
type=EXECVE msg=audit(1769928447.408:9728): argc=3 a0="curl" a1="-s" a2="file:///tmp/hids_malicious/payload.sh"
type=PATH msg=audit(1769928556.377:6996): item=1 name="/lib64/ld-linux-x86-64.so.2" inode=1574948 dev=8:2 mode=101023 ouid=0 ogid=0 rdev=0:0 nametype=NORMAL cap_fp=0 cap_fi=0 cap_fe=0 cap_fver=0 cap_frootid=0OUID="root" OGID="root"
type=PROCTITLE msg=audit(1769928432.983:6099): proctitle=707300617578
type=CWD msg=audit(1769929411.204:4304): cwd="/usr/local/bin"
type=SYSCALL msg=audit(1769928517.508:9488): arch=c000003e syscall=59 success=yes exit=0 a0=64e1754d05d0 a1=64e1754d0630 a2=64e1754c38f0 a3=64e1754d0630 items=2 ppid=1990 pid=3095 auid=694 uid=1198 gid=771 euid=1033 suid=1087 fsuid=1071 egid=1436 sgid=1369 fsgid=1290 tty=pts0 ses=3 comm="sh" exe="/usr/bin/python3" subj=unconfined key="process_exec"ARCH=x86_64 SYSCALL=execve AUID="heroic" UID="heroic" GID="heroic" EUID="heroic" SUID="heroic" FSUID="heroic" EGID="heroic" SGID="heroic" FSGID="heroic"
type=SYSCALL msg=audit(1769928411.396:8965): arch=c000003e syscall=59 success=yes exit=0 a0=5da302dcc190 a1=5da302dcc970 a2=5da302dc08f0 a3=5da302dcc970 items=2 ppid=7775 pid=4300 auid=765 uid=1339 gid=1442 euid=1157 suid=873 fsuid=543 egid=1077 sgid=1348 fsgid=1495 tty=pts0 ses=3 comm="last" exe="/usr/bin/sudo" subj=unconfined key="process_exec"ARCH=x86_64 SYSCALL=execve AUID="heroic" UID="heroic" GID="heroic" EUID="heroic" SUID="heroic" FSUID="heroic" EGID="heroic" SGID="heroic" FSGID="heroic"
type=PATH msg=audit(1769928448.489:6940): item=1 name="/etc/cron.d/hids_persist" inode=1703816 dev=8:2 mode=100557 ouid=0 ogid=0 rdev=0:0 nametype=CREATE cap_fp=0 cap_fi=0 cap_fe=0 cap_fver=0 cap_frootid=0OUID="root" OGID="root"
type=CWD msg=audit(1769928855.370:6228): cwd="/root"
type=PROCTITLE msg=audit(1769928832.119:6089): proctitle="whoami"
type=PROCTITLE msg=audit(1769929360.329:7371): proctitle=736C6565700035
type=USER_CMD msg=audit(1769929167.494:5116): pid=8434 uid=729 auid=1012 ses=3 subj=unconfined msg='cwd="/home/heroic" cmd="su" exe="/usr/bin/df" terminal=pts/0 res=success'UID="heroic" AUID="heroic"
type=CWD msg=audit(1769928561.258:4428): cwd="/tmp"
type=CWD msg=audit(1769928475.233:9919): cwd="/tmp"
type=SYSCALL msg=audit(1769928935.796:5289): arch=c000003e syscall=59 success=yes exit=0 a0=64e1754cb960 a1=64e1754cf950 a2=64e1754c38f0 a3=64e1754cd210 items=2 ppid=2299 pid=6965 auid=675 uid=722 gid=1173 euid=1421 suid=890 fsuid=1387 egid=560 sgid=751 fsgid=812 tty=pts0 ses=3 comm="sed" exe="/bin/sh" subj=unconfined key="process_exec"ARCH=x86_64 SYSCALL=execve AUID="heroic" UID="heroic" GID="heroic" EUID="heroic" SUID="heroic" FSUID="heroic" EGID="heroic" SGID="heroic" FSGID="heroic"
type=EXECVE msg=audit(1769929271.277:7799): argc=3 a0="sudo" a1="tee" a2="/etc/cron.d/hids_persist"
type=SYSCALL msg=audit(1769928712.1191:8551): arch=c000003e syscall=59 success=yes exit=0 a0=5da302dcca90 a1=5da302dcc570 a2=5da302dc08f0 a3=5da302dcc430 items=2 ppid=8884 pid=8787 auid=857 uid=1499 gid=1313 euid=522 suid=1243 fsuid=1023 egid=1148 sgid=863 fsgid=818 tty=pts0 ses=3 comm="python" exe="/usr/bin/sort" subj=unconfined key="process_exec"ARCH=x86_64 SYSCALL=execve AUID="heroic" UID="heroic" GID="heroic" EUID="heroic" SUID="heroic" FSUID="heroic" EGID="heroic" SGID="heroic" FSGID="heroic"
type=CWD msg=audit(1769929224.31:8035): cwd="/tmp"
type=PROCTITLE msg=audit(1769928935.0:9848): proctitle=6D6B646972002D70002F746D702F686964735F6D616C6963696F7573
type=PROCTITLE msg=audit(1769929054.290:9018): proctitle=7375646F002D6C
type=CWD msg=audit(1769929094.171:6107): cwd="/var/ossec"
type=USER_START msg=audit(1769928621.626:7063): pid=5812 uid=1254 auid=1166 ses=3 subj=unconfined msg='op=PAM:session_open grantors=pam_limits,pam_env,pam_env,pam_permit,pam_umask,pam_unix acct="root" exe="/usr/bin/sed" hostname=? addr=? terminal=/dev/pts/0 res=success'UID="heroic" AUID="heroic"
type=SYSCALL msg=audit(1769928902.62:9907): arch=c000003e syscall=59 success=yes exit=0 a0=5d51d3ac7b38 a1=5d51d3ac78e0 a2=5d51d3ac78f8 a3=1 items=2 ppid=9494 pid=7530 auid=4294966895 uid=0 gid=237 euid=0 suid=0 fsuid=0 egid=190 sgid=356 fsgid=342 tty=(none) ses=4294967314 comm="df" exe="/usr/bin/sudo" subj=unconfined key="process_exec"ARCH=x86_64 SYSCALL=execve AUID="unset" UID="root" GID="wazuh" EUID="root" SUID="root" FSUID="root" EGID="wazuh" SGID="wazuh" FSGID="wazuh"
type=PATH msg=audit(1769929327.1365:5419): item=0 name="/usr/bin/sudo" inode=1574766 dev=8:2 mode=104691 ouid=0 ogid=0 rdev=0:0 nametype=NORMAL cap_fp=0 cap_fi=0 cap_fe=0 cap_fver=0 cap_frootid=0OUID="root" OGID="root"
type=CWD msg=audit(1769928509.765:10016): cwd="/root"
type=USER_START msg=audit(1769929356.265:9328): pid=9294 uid=932 auid=1364 ses=3 subj=unconfined msg='op=PAM:session_open grantors=pam_limits,pam_env,pam_env,pam_permit,pam_umask,pam_unix acct="root" exe="/usr/bin/last" hostname=? addr=? terminal=/dev/pts/0 res=success'UID="heroic" AUID="heroic"
type=CWD msg=audit(1769928849.543:8332): cwd="/home/heroic"
type=CWD msg=audit(1769928977.901:5349): cwd="/root"
type=PATH msg=audit(1769928817.1145:5071): item=1 name="/lib64/ld-linux-x86-64.so.2" inode=1575696 dev=8:2 mode=101227 ouid=0 ogid=0 rdev=0:0 nametype=NORMAL cap_fp=0 cap_fi=0 cap_fe=0 cap_fver=0 cap_frootid=0OUID="root" OGID="root"
type=BPRM_FCAPS msg=audit(1769928802.425:8905): fver=0 fp=0 fi=0 fe=0 old_pp=000001fffffeffff old_pi=0 old_pe=000001fffffeffff old_pa=0 pp=000001fffffeffff pi=0 pe=000001fffffeffff pa=0 frootid=0
type=EXECVE msg=audit(1769929194.1129:7084): argc=58 a0="rm" a1="-f" a2="file_10.dat" a3="file_11.dat" a4="file_12.dat" a5="file_13.dat" a6="file_14.dat" a7="file_15.dat" a8="file_16.dat" a9="file_17.dat" a10="file_18.dat" a11="file_19.dat" a12="file_1.dat" a13="file_20.dat" a14="file_21.dat" a15="file_22.dat" a16="file_23.dat" a17="file_24.dat" a18="file_25.dat" a19="file_26.dat" a20="file_27.dat" a21="file_28.dat" a22="file_29.dat" a23="file_2.dat" a24="file_30.dat" a25="file_31.dat" a26="file_32.dat" a27="file_33.dat" a28="file_34.dat" a29="file_35.dat" a30="file_36.dat" a31="file_37.dat" a32="file_38.dat" a33="file_39.dat" a34="file_3.dat" a35="file_40.dat" a36="file_41.dat" a37="file_42.dat" a38="file_43.dat" a39="file_44.dat" a40="file_45.dat" a41="file_46.dat" a42="file_47.dat" a43="file_48.dat" a44="file_49.dat" a45="file_4.dat" a46="file_50.dat" a47="file_5.dat" a48="file_6.dat" a49="file_7.dat" a50="file_8.dat" a51="file_9.dat" a52="payload.sh" a53="recon.txt" a54="netstat.txt" a55="processes.txt" a56="sudo_enum.txt" a57="sudo_test.txt"
type=PATH msg=audit(1769929082.442:10010): item=1 name="/lib64/ld-linux-x86-64.so.2" inode=1575001 dev=8:2 mode=100976 ouid=0 ogid=0 rdev=0:0 nametype=NORMAL cap_fp=0 cap_fi=0 cap_fe=0 cap_fver=0 cap_frootid=0OUID="root" OGID="root"
type=CWD msg=audit(1769928889.431:5675): cwd="/home/heroic"
type=CWD msg=audit(1769929142.697:5877): cwd="/usr/local/bin"
type=SYSCALL msg=audit(1769928520.1385:10127): arch=c000003e syscall=218 success=yes exit=3 a0=ffffff9c a1=7ffe817ba72c a2=256 a3=1b6 items=2 ppid=3986 pid=4800 auid=1219 uid=0 gid=0 euid=0 suid=0 fsuid=0 egid=0 sgid=0 fsgid=0 tty=pts4 ses=3 comm="df" exe="/usr/bin/netstat" subj=unconfined key="persistence"ARCH=x86_64 SYSCALL=openat AUID="heroic" UID="root" GID="root" EUID="root" SUID="root" FSUID="root" EGID="root" SGID="root" FSGID="root"
type=SYSCALL msg=audit(1769928898.130:7344): arch=c000003e syscall=59 success=yes exit=0 a0=58c915b61e80 a1=58c915c57160 a2=58c915c4de50 a3=58c915c693f0 items=2 ppid=6074 pid=4306 auid=772 uid=1436 gid=1202 euid=0 suid=0 fsuid=0 egid=1164 sgid=1242 fsgid=956 tty=pts0 ses=5 comm="sh" exe="/usr/bin/sort" subj=unconfined key="process_exec"ARCH=x86_64 SYSCALL=execve AUID="heroic" UID="heroic" GID="heroic" EUID="root" SUID="root" FSUID="root" EGID="heroic" SGID="heroic" FSGID="heroic"
type=CWD msg=audit(1769928460.411:5612): cwd="/tmp"
type=PROCTITLE msg=audit(1769928955.451:5998): proctitle=726D002D66002F6574632F63726F6E2E642F686964735F70657273697374
type=EXECVE msg=audit(1769928552.551:7388): argc=3 a0="chmod" a1="+x" a2="payload.sh"
type=CWD msg=audit(1769928552.191:4252): cwd="/var/ossec"
type=PATH msg=audit(1769928486.944:8992): item=0 name="/usr/bin/sort" inode=1577718 dev=8:2 mode=100256 ouid=0 ogid=0 rdev=0:0 nametype=NORMAL cap_fp=0 cap_fi=0 cap_fe=0 cap_fver=0 cap_frootid=0OUID="root" OGID="root"
type=SYSCALL msg=audit(1769928464.505:9345): arch=c000003e syscall=59 success=yes exit=0 a0=64e1754cd210 a1=64e1754caa40 a2=64e1754c38f0 a3=64e1754caa40 items=2 ppid=6490 pid=8588 auid=1500 uid=723 gid=1385 euid=729 suid=831 fsuid=1126 egid=1411 sgid=898 fsgid=733 tty=pts0 ses=3 comm="tail" exe="/usr/bin/python3" subj=unconfined key="process_exec"ARCH=x86_64 SYSCALL=execve AUID="heroic" UID="heroic" GID="heroic" EUID="heroic" SUID="heroic" FSUID="heroic" EGID="heroic" SGID="heroic" FSGID="heroic"
type=EXECVE msg=audit(1769928515.792:5186): argc=1 a0="whoami"
type=CWD msg=audit(1769929219.807:3752): cwd="/root"
type=USER_START msg=audit(1769928545.5:6226): pid=1556 uid=541 auid=1398 ses=3 subj=unconfined msg='op=PAM:session_open grantors=pam_limits,pam_env,pam_env,pam_permit,pam_umask,pam_unix acct="root" exe="/usr/bin/sed" hostname=? addr=? terminal=/dev/pts/0 res=success'UID="heroic" AUID="heroic"
type=PROCTITLE msg=audit(1769928510.187:4722): proctitle=73656400732F203D3D205C282E2A5C29203D3D2F3A5C312F
type=SYSCALL msg=audit(1769928876.4:6987): arch=c000003e syscall=59 success=yes exit=0 a0=64e1754d0830 a1=64e1754cd270 a2=64e1754c38f0 a3=64e1754cd270 items=2 ppid=3790 pid=7512 auid=988 uid=1409 gid=616 euid=1191 suid=1337 fsuid=1167 egid=914 sgid=1296 fsgid=1211 tty=pts0 ses=3 comm="df" exe="/usr/bin/sort" subj=unconfined key="process_exec"ARCH=x86_64 SYSCALL=execve AUID="heroic" UID="heroic" GID="heroic" EUID="heroic" SUID="heroic" FSUID="heroic" EGID="heroic" SGID="heroic" FSGID="heroic"
type=CWD msg=audit(1769929230.578:9912): cwd="/root"
type=USER_ACCT msg=audit(1769928993.556:7390): pid=7532 uid=1456 auid=1136 ses=3 subj=unconfined msg='op=PAM:accounting grantors=pam_permit,pam_localuser acct="heroic" exe="/usr/bin/tail" hostname=? addr=? terminal=/dev/pts/0 res=success'UID="heroic" AUID="heroic"
type=PATH msg=audit(1769929261.71:7937): item=1 name="/lib64/ld-linux-x86-64.so.2" inode=1575218 dev=8:2 mode=100847 ouid=0 ogid=0 rdev=0:0 nametype=NORMAL cap_fp=0 cap_fi=0 cap_fe=0 cap_fver=0 cap_frootid=0OUID="root" OGID="root"
type=PATH msg=audit(1769928750.1050:6651): item=0 name="/usr/bin/rmdir" inode=1578248 dev=8:2 mode=101129 ouid=0 ogid=0 rdev=0:0 nametype=NORMAL cap_fp=0 cap_fi=0 cap_fe=0 cap_fver=0 cap_frootid=0OUID="root" OGID="root"
type=PATH msg=audit(1769929341.552:9456): item=1 name="/lib64/ld-linux-x86-64.so.2" inode=1574964 dev=8:2 mode=101241 ouid=0 ogid=0 rdev=0:0 nametype=NORMAL cap_fp=0 cap_fi=0 cap_fe=0 cap_fver=0 cap_frootid=0OUID="root" OGID="root"
type=CWD msg=audit(1769928651.1440:5657): cwd="/root"
type=CWD msg=audit(1769928867.18:9966): cwd="/root"
type=PATH msg=audit(1769928503.622:5143): item=1 name="/lib64/ld-linux-x86-64.so.2" inode=1575058 dev=8:2 mode=100993 ouid=0 ogid=0 rdev=0:0 nametype=NORMAL cap_fp=0 cap_fi=0 cap_fe=0 cap_fver=0 cap_frootid=0OUID="root" OGID="root"
type=PATH msg=audit(1769929213.10:5229): item=0 name="/usr/bin/id" inode=1577718 dev=8:2 mode=100428 ouid=0 ogid=0 rdev=0:0 nametype=NORMAL cap_fp=0 cap_fi=0 cap_fe=0 cap_fver=0 cap_frootid=0OUID="root" OGID="root"
type=EXECVE msg=audit(1769928679.411:4245): argc=2 a0="sudo" a1="-l"
type=USER_CMD msg=audit(1769928640.434:4354): pid=6336 uid=1174 auid=636 ses=3 subj=unconfined msg='cwd="/home/heroic" cmd=746565202F6574632F63726F6E2E642F686964735F70657273697374 exe="/usr/bin/sed" terminal=pts/0 res=success'UID="heroic" AUID="heroic"
type=SYSCALL msg=audit(1769929324.603:9347): arch=c000003e syscall=59 success=yes exit=0 a0=5da302dc8940 a1=5da302dccd10 a2=5da302dc08f0 a3=5da302dccd10 items=2 ppid=8901 pid=5657 auid=825 uid=1228 gid=1285 euid=1237 suid=1060 fsuid=1170 egid=1180 sgid=1434 fsgid=1319 tty=pts0 ses=3 comm="last" exe="/usr/bin/sort" subj=unconfined key="process_exec"ARCH=x86_64 SYSCALL=execve AUID="heroic" UID="heroic" GID="heroic" EUID="heroic" SUID="heroic" FSUID="heroic" EGID="heroic" SGID="heroic" FSGID="heroic"
type=PROCTITLE msg=audit(1769928449.276:4442): proctitle=7373002D74756C6E70
type=PATH msg=audit(1769929297.853:4046): item=1 name="/etc/cron.d/hids_persist" inode=1704600 dev=8:2 mode=100752 ouid=0 ogid=0 rdev=0:0 nametype=CREATE cap_fp=0 cap_fi=0 cap_fe=0 cap_fver=0 cap_frootid=0OUID="root" OGID="root"
type=EXECVE msg=audit(1769928418.1224:9263): argc=3 a0="rm" a1="-f" a2="/etc/cron.d/hids_persist"
type=PROCTITLE msg=audit(1769928694.813:9010): proctitle=6C73002D2D636F6C6F723D6175746F
type=PATH msg=audit(1769929149.527:8986): item=0 name="/usr/bin/uname" inode=1578043 dev=8:2 mode=101029 ouid=0 ogid=0 rdev=0:0 nametype=NORMAL cap_fp=0 cap_fi=0 cap_fe=0 cap_fver=0 cap_frootid=0OUID="root" OGID="root"
type=CWD msg=audit(1769929034.232:4236): cwd="/var/ossec"
type=EXECVE msg=audit(1769929156.373:5452): argc=2 a0="ss" a1="-tulnp"
type=PROCTITLE msg=audit(1769929154.524:4747): proctitle=2F7573722F6C69622F73797374656D642F73797374656D642D6578656375746F72002D2D646573657269616C697A6500313632002D2D6C6F672D6C6576656C00696E666F002D2D6C6F672D746172676574006A6F75726E616C2D6F722D6B6D7367
type=EXECVE msg=audit(1769928720.963:6804): argc=4 a0="sort" a1="-k" a2="4" a3="-g"
type=CWD msg=audit(1769928666.1024:7357): cwd="/var/ossec"
type=PATH msg=audit(1769928951.119:7574): item=1 name="/lib64/ld-linux-x86-64.so.2" inode=1575339 dev=8:2 mode=100394 ouid=0 ogid=0 rdev=0:0 nametype=NORMAL cap_fp=0 cap_fi=0 cap_fe=0 cap_fver=0 cap_frootid=0OUID="root" OGID="root"
type=PATH msg=audit(1769928668.876:6083): item=0 name="/usr/bin/uname" inode=1578078 dev=8:2 mode=100430 ouid=0 ogid=0 rdev=0:0 nametype=NORMAL cap_fp=0 cap_fi=0 cap_fe=0 cap_fver=0 cap_frootid=0OUID="root" OGID="root"
type=CWD msg=audit(1769928692.339:7243): cwd=2F746D702F686964735F6D616C6963696F7573202864656C6574656429
type=USER_ACCT msg=audit(1769928412.895:9147): pid=2209 uid=1289 auid=570 ses=3 subj=unconfined msg='op=PAM:accounting grantors=pam_permit,pam_localuser acct="heroic" exe="/usr/bin/tail" hostname=? addr=? terminal=/dev/pts/0 res=success'UID="heroic" AUID="heroic"
type=PATH msg=audit(1769928734.149:6385): item=0 name="/usr/bin/tee" inode=1577813 dev=8:2 mode=101098 ouid=0 ogid=0 rdev=0:0 nametype=NORMAL cap_fp=0 cap_fi=0 cap_fe=0 cap_fver=0 cap_frootid=0OUID="root" OGID="root"
type=PATH msg=audit(1769929099.562:5975): item=1 name="/lib64/ld-linux-x86-64.so.2" inode=1575470 dev=8:2 mode=101089 ouid=0 ogid=0 rdev=0:0 nametype=NORMAL cap_fp=0 cap_fi=0 cap_fe=0 cap_fver=0 cap_frootid=0OUID="root" OGID="root"
type=EXECVE msg=audit(1769928935.56:9038): argc=4 a0="sh" a1="-c" a2="--" a3=6466202D50
type=CWD msg=audit(1769929036.704:7414): cwd="/var/ossec"
type=SYSCALL msg=audit(1769928682.347:7805): arch=c000003e syscall=59 success=yes exit=0 a0=64e1754d05f0 a1=64e1754d1d00 a2=64e1754c38f0 a3=64e1754cfd10 items=2 ppid=8077 pid=3149 auid=841 uid=679 gid=959 euid=688 suid=1310 fsuid=1410 egid=585 sgid=721 fsgid=756 tty=pts0 ses=3 comm="sudo" exe="/usr/bin/netstat" subj=unconfined key="process_exec"ARCH=x86_64 SYSCALL=execve AUID="heroic" UID="heroic" GID="heroic" EUID="heroic" SUID="heroic" FSUID="heroic" EGID="heroic" SGID="heroic" FSGID="heroic"
type=SYSCALL msg=audit(1769928984.181:8997): arch=c000003e syscall=261 success=yes exit=3 a0=ffffff9c a1=7ffe043b172c a2=268 a3=1b6 items=2 ppid=7289 pid=3625 auid=560 uid=0 gid=0 euid=0 suid=0 fsuid=0 egid=0 sgid=0 fsgid=0 tty=pts1 ses=3 comm="sed" exe="/usr/bin/sort" subj=unconfined key="persistence"ARCH=x86_64 SYSCALL=openat AUID="heroic" UID="root" GID="root" EUID="root" SUID="root" FSUID="root" EGID="root" SGID="root" FSGID="root"
type=EXECVE msg=audit(1769929157.198:8398): argc=3 a0="/bin/sh" a1="-c" a2=5B202D78202F6574632F696E69742E642F616E6163726F6E205D202626206966205B2021202D64202F72756E2F73797374656D642F73797374656D205D3B207468656E202F7573722F7362696E2F696E766F6B652D72632E6420616E6163726F6E207374617274203E2F6465762F6E756C6C3B206669
type=EXECVE msg=audit(1769928513.407:8095): argc=2 a0="ss" a1="-tulnp"
type=PROCTITLE msg=audit(1769929312.480:6855): proctitle=756E616D65002D61
type=CWD msg=audit(1769928706.404:6116): cwd="/root"
type=SYSCALL msg=audit(1769928979.44:5299): arch=c000003e syscall=59 success=yes exit=0 a0=5c06f521e120 a1=5c06f521e200 a2=5c06f521d180 a3=0 items=2 ppid=2008 pid=3741 auid=878 uid=1436 gid=500 euid=981 suid=788 fsuid=1329 egid=1233 sgid=680 fsgid=1271 tty=(none) ses=5 comm="tail" exe="/usr/bin/last" subj=nautilus key="process_exec"ARCH=x86_64 SYSCALL=execve AUID="heroic" UID="heroic" GID="heroic" EUID="heroic" SUID="heroic" FSUID="heroic" EGID="heroic" SGID="heroic" FSGID="heroic"
type=USER_END msg=audit(1769929348.1194:8312): pid=2823 uid=1316 auid=1353 ses=3 subj=unconfined msg='op=PAM:session_close grantors=pam_limits,pam_env,pam_env,pam_permit,pam_umask,pam_unix acct="root" exe="/bin/sh" hostname=? addr=? terminal=/dev/pts/0 res=success'UID="heroic" AUID="heroic"
type=PATH msg=audit(1769928458.965:5974): item=1 name="/lib64/ld-linux-x86-64.so.2" inode=1575552 dev=8:2 mode=100860 ouid=0 ogid=0 rdev=0:0 nametype=NORMAL cap_fp=0 cap_fi=0 cap_fe=0 cap_fver=0 cap_frootid=0OUID="root" OGID="root"
type=PATH msg=audit(1769928566.611:4048): item=1 name="/lib64/ld-linux-x86-64.so.2" inode=1574840 dev=8:2 mode=100493 ouid=0 ogid=0 rdev=0:0 nametype=NORMAL cap_fp=0 cap_fi=0 cap_fe=0 cap_fver=0 cap_frootid=0OUID="root" OGID="root"
type=PATH msg=audit(1769929151.537:9439): item=0 name="/usr/bin/curl" inode=1574157 dev=8:2 mode=100460 ouid=0 ogid=0 rdev=0:0 nametype=NORMAL cap_fp=0 cap_fi=0 cap_fe=0 cap_fver=0 cap_frootid=0OUID="root" OGID="root"
type=LOGIN msg=audit(1769928556.189:8661): pid=2516 uid=0 subj=unconfined old-auid=4294967496 auid=0 tty=(none) old-ses=4294966797 ses=8 res=1UID="root" OLD-AUID="unset" AUID="root"
type=PATH msg=audit(1769928805.1209:6186): item=2 name="/lib64/ld-linux-x86-64.so.2" inode=1575621 dev=8:2 mode=100426 ouid=0 ogid=0 rdev=0:0 nametype=NORMAL cap_fp=0 cap_fi=0 cap_fe=0 cap_fver=0 cap_frootid=0OUID="root" OGID="root"
type=CWD msg=audit(1769929255.728:6871): cwd="/var/ossec"
type=PROCTITLE msg=audit(1769929394.31:8180): proctitle=2F62696E2F7368002D63005B202D78202F6574632F696E69742E642F616E6163726F6E205D202626206966205B2021202D64202F72756E2F73797374656D642F73797374656D205D3B207468656E202F7573722F7362696E2F696E766F6B652D72632E6420616E6163726F6E207374617274203E2F6465762F6E756C6C3B2066
type=EXECVE msg=audit(1769929132.633:6937): argc=4 a0="sudo" a1="rm" a2="-f" a3="/etc/cron.d/hids_persist"
type=PATH msg=audit(1769929172.646:9732): item=1 name="/lib64/ld-linux-x86-64.so.2" inode=1575728 dev=8:2 mode=101089 ouid=0 ogid=0 rdev=0:0 nametype=NORMAL cap_fp=0 cap_fi=0 cap_fe=0 cap_fver=0 cap_frootid=0OUID="root" OGID="root"
type=USER_ACCT msg=audit(1769928754.128:10219): pid=5877 uid=0 auid=4294967170 ses=4294966988 subj=unconfined msg='op=PAM:accounting grantors=pam_permit,pam_localuser acct="root" exe="/usr/bin/sort" hostname=? addr=? terminal=cron res=success'UID="root" AUID="unset"
type=PROCTITLE msg=audit(1769928646.526:6912): proctitle=6D6B646972002D70002F746D702F686964735F6D616C6963696F7573
type=USER_START msg=audit(1769929271.905:6338): pid=2641 uid=1433 auid=1354 ses=3 subj=unconfined msg='op=PAM:session_open grantors=pam_limits,pam_env,pam_env,pam_permit,pam_umask,pam_unix acct="root" exe="/usr/bin/df" hostname=? addr=? terminal=/dev/pts/0 res=success'UID="heroic" AUID="heroic"
type=PROCTITLE msg=audit(1769928837.589:5243): proctitle=7375646F00726D002D66002F6574632F63726F6E2E642F686964735F70657273697374
type=SYSCALL msg=audit(1769928967.440:7275): arch=c000003e syscall=59 success=yes exit=0 a0=5aff5ff38b68 a1=5aff5ff48a00 a2=5aff5ffdc530 a3=64 items=2 ppid=1037 pid=4359 auid=1169 uid=0 gid=0 euid=0 suid=0 fsuid=0 egid=0 sgid=0 fsgid=0 tty=pts3 ses=3 comm="ss" exe="/usr/bin/last" subj=unconfined key="process_exec"ARCH=x86_64 SYSCALL=execve AUID="heroic" UID="root" GID="root" EUID="root" SUID="root" FSUID="root" EGID="root" SGID="root" FSGID="root"
type=CWD msg=audit(1769928585.687:6298): cwd="/root"
type=PATH msg=audit(1769929097.906:7060): item=0 name="/usr/lib/sysstat/sadc" inode=1581845 dev=8:2 mode=101104 ouid=0 ogid=0 rdev=0:0 nametype=NORMAL cap_fp=0 cap_fi=0 cap_fe=0 cap_fver=0 cap_frootid=0OUID="root" OGID="root"
type=EXECVE msg=audit(1769928700.890:4880): argc=2 a0="ls" a1="--color=auto"
type=CWD msg=audit(1769929191.305:9693): cwd="/root"
type=PATH msg=audit(1769928698.861:6474): item=0 name="/usr/bin/whoami" inode=1577862 dev=8:2 mode=101060 ouid=0 ogid=0 rdev=0:0 nametype=NORMAL cap_fp=0 cap_fi=0 cap_fe=0 cap_fver=0 cap_frootid=0OUID="root" OGID="root"
type=PROCTITLE msg=audit(1769928884.346:9410): proctitle="bash"
type=SYSCALL msg=audit(1769928563.565:6824): arch=c000003e syscall=59 success=yes exit=0 a0=5dcc53f79020 a1=5dcc53f79000 a2=5dcc53f78db0 a3=5dcc53f79990 items=2 ppid=5575 pid=4879 auid=4294967028 uid=0 gid=0 euid=0 suid=0 fsuid=0 egid=0 sgid=0 fsgid=0 tty=(none) ses=4294967003 comm="tail" exe="/usr/bin/sort" subj=unconfined key="process_exec"ARCH=x86_64 SYSCALL=execve AUID="unset" UID="root" GID="root" EUID="root" SUID="root" FSUID="root" EGID="root" SGID="root" FSGID="root"
type=PROCTITLE msg=audit(1769928784.335:6465): proctitle=726D002D660066696C655F31302E6461740066696C655F31312E6461740066696C655F31322E6461740066696C655F31332E6461740066696C655F31342E6461740066696C655F31352E6461740066696C655F31362E6461740066696C655F31372E6461740066696C655F31382E6461740066696C655F31392E646174006669
type=PROCTITLE msg=audit(1769929168.1183:6731): proctitle="whoami"
type=CWD msg=audit(1769929263.977:9309): cwd="/var/ossec"
type=SYSCALL msg=audit(1769928882.778:5094): arch=c000003e syscall=59 success=yes exit=0 a0=5da302dcd3b0 a1=5da302dcce70 a2=5da302dc08f0 a3=5da302dc8920 items=2 ppid=6445 pid=8526 auid=1053 uid=1414 gid=575 euid=1467 suid=1021 fsuid=510 egid=683 sgid=815 fsgid=569 tty=pts0 ses=3 comm="last" exe="/usr/bin/sed" subj=unconfined key="process_exec"ARCH=x86_64 SYSCALL=execve AUID="heroic" UID="heroic" GID="heroic" EUID="heroic" SUID="heroic" FSUID="heroic" EGID="heroic" SGID="heroic" FSGID="heroic"
type=PATH msg=audit(1769929375.360:7130): item=0 name="/etc/cron.d/" inode=1703930 dev=8:2 mode=40320 ouid=0 ogid=0 rdev=0:0 nametype=PARENT cap_fp=0 cap_fi=0 cap_fe=0 cap_fver=0 cap_frootid=0OUID="root" OGID="root"
type=CRED_REFR msg=audit(1769928725.207:4524): pid=5481 uid=988 auid=1213 ses=3 subj=unconfined msg='op=PAM:setcred grantors=pam_permit,pam_cap acct="root" exe="/usr/bin/df" hostname=? addr=? terminal=/dev/pts/0 res=success'UID="heroic" AUID="heroic"
type=CRED_DISP msg=audit(1769928617.24:7644): pid=1801 uid=0 auid=1246 ses=5 subj=unconfined msg='op=PAM:setcred grantors=pam_permit acct="root" exe="/usr/bin/netstat" hostname=? addr=? terminal=/dev/pts/1 res=success'UID="root" AUID="heroic"
type=CWD msg=audit(1769929145.401:9995): cwd="/root"
type=PATH msg=audit(1769928417.560:5424): item=0 name="/usr/bin/sudo" inode=1574655 dev=8:2 mode=104483 ouid=0 ogid=0 rdev=0:0 nametype=NORMAL cap_fp=0 cap_fi=0 cap_fe=0 cap_fver=0 cap_frootid=0OUID="root" OGID="root"
type=USER_END msg=audit(1769928846.948:6212): pid=9590 uid=1288 auid=1320 ses=3 subj=unconfined msg='op=PAM:session_close grantors=pam_limits,pam_env,pam_env,pam_permit,pam_umask,pam_unix acct="root" exe="/usr/bin/sudo" hostname=? addr=? terminal=/dev/pts/0 res=success'UID="heroic" AUID="heroic"
type=CWD msg=audit(1769928619.560:9719): cwd="/usr/local/bin"
type=PATH msg=audit(1769928848.312:9772): item=0 name="/usr/bin/bash" inode=1573172 dev=8:2 mode=100871 ouid=0 ogid=0 rdev=0:0 nametype=NORMAL cap_fp=0 cap_fi=0 cap_fe=0 cap_fver=0 cap_frootid=0OUID="root" OGID="root"
type=PROCTITLE msg=audit(1769928764.603:9173): proctitle=746565002F6574632F63726F6E2E642F686964735F70657273697374
type=PATH msg=audit(1769929242.581:8005): item=0 name="/usr/bin/bash" inode=1573790 dev=8:2 mode=100589 ouid=0 ogid=0 rdev=0:0 nametype=NORMAL cap_fp=0 cap_fi=0 cap_fe=0 cap_fver=0 cap_frootid=0OUID="root" OGID="root"
type=CWD msg=audit(1769929257.947:5382): cwd="/home/heroic"
type=SYSCALL msg=audit(1769929180.275:5835): arch=c000003e syscall=59 success=yes exit=0 a0=5bacbcb235c8 a1=5bacbcb23558 a2=5bacbcb23570 a3=8 items=2 ppid=5597 pid=4599 auid=4294967160 uid=0 gid=129 euid=0 suid=0 fsuid=0 egid=488 sgid=603 fsgid=373 tty=(none) ses=4294966937 comm="sed" exe="/usr/bin/netstat" subj=unconfined key="process_exec"ARCH=x86_64 SYSCALL=execve AUID="unset" UID="root" GID="wazuh" EUID="root" SUID="root" FSUID="root" EGID="wazuh" SGID="wazuh" FSGID="wazuh"
type=PATH msg=audit(1769928751.411:4860): item=0 name="/usr/bin/mkdir" inode=1578455 dev=8:2 mode=101203 ouid=0 ogid=0 rdev=0:0 nametype=NORMAL cap_fp=0 cap_fi=0 cap_fe=0 cap_fver=0 cap_frootid=0OUID="root" OGID="root"
type=CWD msg=audit(1769929139.552:8860): cwd="/home/heroic"
type=CWD msg=audit(1769928816.407:9366): cwd="/tmp"
type=PROCTITLE msg=audit(1769928485.462:7748): proctitle=7373002D74756C6E70
type=CWD msg=audit(1769928537.893:6904): cwd="/usr/local/bin"
type=PROCTITLE msg=audit(1769929126.337:5879): proctitle="id"
type=PROCTITLE msg=audit(1769929145.1122:5707): proctitle="whoami"
type=CWD msg=audit(1769928957.201:6427): cwd="/root"
type=PROCTITLE msg=audit(1769929096.121:7295): proctitle=63686D6F64002B78007061796C6F61642E7368
type=CRED_DISP msg=audit(1769928628.550:6936): pid=6975 uid=1466 auid=754 ses=3 subj=unconfined msg='op=PAM:setcred grantors=pam_permit acct="root" exe="/usr/bin/sort" hostname=? addr=? terminal=/dev/pts/0 res=success'UID="heroic" AUID="heroic"
type=SYSCALL msg=audit(1769928743.843:5775): arch=c000003e syscall=598 success=yes exit=3 a0=ffffff9c a1=7ffcb36aa72c a2=631 a3=1b6 items=2 ppid=6457 pid=8184 auid=974 uid=0 gid=0 euid=0 suid=0 fsuid=0 egid=0 sgid=0 fsgid=0 tty=pts4 ses=3 comm="python" exe="/usr/bin/sed" subj=unconfined key="persistence"ARCH=x86_64 SYSCALL=openat AUID="heroic" UID="root" GID="root" EUID="root" SUID="root" FSUID="root" EGID="root" SGID="root" FSGID="root"
type=PATH msg=audit(1769928757.254:5197): item=0 name="/usr/bin/sleep" inode=1578310 dev=8:2 mode=100569 ouid=0 ogid=0 rdev=0:0 nametype=NORMAL cap_fp=0 cap_fi=0 cap_fe=0 cap_fver=0 cap_frootid=0OUID="root" OGID="root"
type=PATH msg=audit(1769928589.423:3602): item=1 name="/lib64/ld-linux-x86-64.so.2" inode=1575252 dev=8:2 mode=100354 ouid=0 ogid=0 rdev=0:0 nametype=NORMAL cap_fp=0 cap_fi=0 cap_fe=0 cap_fver=0 cap_frootid=0OUID="root" OGID="root"
type=PROCTITLE msg=audit(1769928951.1237:7440): proctitle=6D6B646972002D70002F746D702F686964735F6D616C6963696F7573
type=PATH msg=audit(1769928954.137:6678): item=0 name="/etc/cron.d/" inode=1703697 dev=8:2 mode=40686 ouid=0 ogid=0 rdev=0:0 nametype=PARENT cap_fp=0 cap_fi=0 cap_fe=0 cap_fver=0 cap_frootid=0OUID="root" OGID="root"
type=SYSCALL msg=audit(1769928995.378:7941): arch=c000003e syscall=152 success=yes exit=3 a0=ffffff9c a1=7ffd4382c72c a2=467 a3=1b6 items=2 ppid=9029 pid=5676 auid=1427 uid=0 gid=0 euid=0 suid=0 fsuid=0 egid=0 sgid=0 fsgid=0 tty=pts4 ses=3 comm="sh" exe="/usr/bin/netstat" subj=unconfined key="persistence"ARCH=x86_64 SYSCALL=openat AUID="heroic" UID="root" GID="root" EUID="root" SUID="root" FSUID="root" EGID="root" SGID="root" FSGID="root"
type=USER_ACCT msg=audit(1769928558.8:3845): pid=9866 uid=820 auid=605 ses=3 subj=unconfined msg='op=PAM:accounting grantors=pam_permit,pam_localuser acct="heroic" exe="/usr/bin/sort" hostname=? addr=? terminal=/dev/pts/0 res=success'UID="heroic" AUID="heroic"
type=PATH msg=audit(1769929293.351:7483): item=0 name="/usr/bin/mkdir" inode=1578417 dev=8:2 mode=100515 ouid=0 ogid=0 rdev=0:0 nametype=NORMAL cap_fp=0 cap_fi=0 cap_fe=0 cap_fver=0 cap_frootid=0OUID="root" OGID="root"
type=PATH msg=audit(1769928440.729:5794): item=0 name="/usr/bin/bash" inode=1573067 dev=8:2 mode=100513 ouid=0 ogid=0 rdev=0:0 nametype=NORMAL cap_fp=0 cap_fi=0 cap_fe=0 cap_fver=0 cap_frootid=0OUID="root" OGID="root"
type=CWD msg=audit(1769928650.1264:4832): cwd="/root"
type=PROCTITLE msg=audit(1769928603.94:7062): proctitle=726D002D66002F6574632F63726F6E2E642F686964735F70657273697374
type=PROCTITLE msg=audit(1769929381.575:7726): proctitle=746565002F6574632F63726F6E2E642F686964735F70657273697374
type=PATH msg=audit(1769928819.51:4447): item=0 name="/usr/bin/curl" inode=1573868 dev=8:2 mode=100383 ouid=0 ogid=0 rdev=0:0 nametype=NORMAL cap_fp=0 cap_fi=0 cap_fe=0 cap_fver=0 cap_frootid=0OUID="root" OGID="root"
type=PATH msg=audit(1769928839.729:7962): item=1 name="/lib64/ld-linux-x86-64.so.2" inode=1575239 dev=8:2 mode=101172 ouid=0 ogid=0 rdev=0:0 nametype=NORMAL cap_fp=0 cap_fi=0 cap_fe=0 cap_fver=0 cap_frootid=0OUID="root" OGID="root"
type=SYSCALL msg=audit(1769928908.689:6905): arch=c000003e syscall=59 success=yes exit=0 a0=5da302dccf30 a1=5da302dc8920 a2=5da302dc08f0 a3=5da302dc8920 items=2 ppid=8140 pid=5806 auid=1102 uid=899 gid=1302 euid=925 suid=1214 fsuid=1053 egid=1329 sgid=1301 fsgid=534 tty=pts0 ses=3 comm="last" exe="/bin/sh" subj=unconfined key="process_exec"ARCH=x86_64 SYSCALL=execve AUID="heroic" UID="heroic" GID="heroic" EUID="heroic" SUID="heroic" FSUID="heroic" EGID="heroic" SGID="heroic" FSGID="heroic"
type=PROCTITLE msg=audit(1769929310.158:9092): proctitle=2F7573722F6C69622F73797374656D642F73797374656D642D6578656375746F72002D2D646573657269616C697A6500313236002D2D6C6F672D6C6576656C00696E666F002D2D6C6F672D746172676574006A6F75726E616C2D6F722D6B6D7367
type=EXECVE msg=audit(1769928656.795:4107): argc=2 a0="ss" a1="-tulnp"
type=EXECVE msg=audit(1769929229.469:8143): argc=2 a0="df" a1="-P"
type=PATH msg=audit(1769929388.464:9740): item=0 name="/usr/bin/sudo" inode=1573960 dev=8:2 mode=105187 ouid=0 ogid=0 rdev=0:0 nametype=NORMAL cap_fp=0 cap_fi=0 cap_fe=0 cap_fver=0 cap_frootid=0OUID="root" OGID="root"
type=CWD msg=audit(1769929400.663:8165): cwd="/tmp"
type=PATH msg=audit(1769929260.460:6426): item=0 name="/etc/cron.d/" inode=1704139 dev=8:2 mode=40734 ouid=0 ogid=0 rdev=0:0 nametype=PARENT cap_fp=0 cap_fi=0 cap_fe=0 cap_fver=0 cap_frootid=0OUID="root" OGID="root"
type=CWD msg=audit(1769928846.1311:8185): cwd="/var/ossec"
type=EXECVE msg=audit(1769928427.1241:6505): argc=7 a0="/usr/lib/systemd/systemd-executor" a1="--deserialize" a2="271" a3="--log-level" a4="info" a5="--log-target" a6="journal-or-kmsg"
type=CWD msg=audit(1769928956.392:4182): cwd="/root"
type=PATH msg=audit(1769928556.380:4993): item=1 name="/lib64/ld-linux-x86-64.so.2" inode=1575499 dev=8:2 mode=100855 ouid=0 ogid=0 rdev=0:0 nametype=NORMAL cap_fp=0 cap_fi=0 cap_fe=0 cap_fver=0 cap_frootid=0OUID="root" OGID="root"
type=PATH msg=audit(1769929361.630:8445): item=0 name="/usr/bin/sudo" inode=1574230 dev=8:2 mode=104542 ouid=0 ogid=0 rdev=0:0 nametype=NORMAL cap_fp=0 cap_fi=0 cap_fe=0 cap_fver=0 cap_frootid=0OUID="root" OGID="root"
type=SYSCALL msg=audit(1769929281.711:7340): arch=c000003e syscall=59 success=yes exit=0 a0=64e1754cfb90 a1=64e1754ca440 a2=64e1754c38f0 a3=64e1754ca440 items=2 ppid=4759 pid=2501 auid=1156 uid=850 gid=584 euid=798 suid=1000 fsuid=519 egid=554 sgid=1153 fsgid=1477 tty=pts0 ses=3 comm="sh" exe="/usr/bin/sudo" subj=unconfined key="process_exec"ARCH=x86_64 SYSCALL=execve AUID="heroic" UID="heroic" GID="heroic" EUID="heroic" SUID="heroic" FSUID="heroic" EGID="heroic" SGID="heroic" FSGID="heroic"
type=EXECVE msg=audit(1769928425.100:6701): argc=4 a0="sh" a1="-c" a2="--" a3=6E657473746174202D74756C706E207C207365642027732F5C285B5B3A616C6E756D3A5D5D5C2B5C295C205C2B5B5B3A64696769743A5D5D5C2B5C205C2B5B5B3A64696769743A5D5D5C2B5C205C2B5C282E2A5C293A5C285B5B3A64696769743A5D5D2A5C295C205C2B5C285B302D395C2E5C3A5C2A5D5C2B5C292E5C2B5C205C285B5B3A64696769743A5D5D2A5C2F5B5B3A616C6E756D3A5D5C2D5D2A5C292E2A2F5C31205C32203D3D205C33203D3D205C34205C352F27207C20736F7274202D6B2034202D67207C207365642027732F203D3D205C282E2A5C29203D3D2F3A5C312F27207C2073656420312C3264
type=SYSCALL msg=audit(1769928722.663:8399): arch=c000003e syscall=59 success=yes exit=0 a0=5da302dcbd10 a1=5da302dc8980 a2=5da302dc08f0 a3=5da302dc8980 items=2 ppid=5103 pid=1389 auid=1103 uid=1120 gid=865 euid=0 suid=0 fsuid=0 egid=843 sgid=893 fsgid=909 tty=pts0 ses=3 comm="last" exe="/usr/bin/df" subj=unconfined key="process_exec"ARCH=x86_64 SYSCALL=execve AUID="heroic" UID="heroic" GID="heroic" EUID="root" SUID="root" FSUID="root" EGID="heroic" SGID="heroic" FSGID="heroic"
type=PROCTITLE msg=audit(1769928770.562:7629): proctitle=726D002D66002F6574632F63726F6E2E642F686964735F70657273697374
type=PROCTITLE msg=audit(1769928777.232:6406): proctitle=736C656570003930
type=PATH msg=audit(1769928464.746:6784): item=0 name="/usr/bin/curl" inode=1573568 dev=8:2 mode=101021 ouid=0 ogid=0 rdev=0:0 nametype=NORMAL cap_fp=0 cap_fi=0 cap_fe=0 cap_fver=0 cap_frootid=0OUID="root" OGID="root"
type=CRED_DISP msg=audit(1769928799.666:5683): pid=3986 uid=680 auid=864 ses=3 subj=unconfined msg='op=PAM:setcred grantors=pam_permit acct="root" exe="/usr/bin/tail" hostname=? addr=? terminal=/dev/pts/0 res=success'UID="heroic" AUID="heroic"
type=CRED_REFR msg=audit(1769929009.1388:4783): pid=5420 uid=1351 auid=556 ses=3 subj=unconfined msg='op=PAM:setcred grantors=pam_permit,pam_cap acct="root" exe="/usr/bin/df" hostname=? addr=? terminal=/dev/pts/0 res=success'UID="heroic" AUID="heroic"
type=PROCTITLE msg=audit(1769929002.600:8336): proctitle=7375646F00746565002F6574632F63726F6E2E642F686964735F70657273697374
type=CWD msg=audit(1769928648.354:5845): cwd="/home/heroic"
type=SYSCALL msg=audit(1769928870.549:8279): arch=c000003e syscall=59 success=yes exit=0 a0=64e1754cf970 a1=64e1754cd210 a2=64e1754c38f0 a3=64e1754cb920 items=2 ppid=8887 pid=5242 auid=1158 uid=861 gid=779 euid=1402 suid=816 fsuid=565 egid=1086 sgid=883 fsgid=1052 tty=pts0 ses=3 comm="python" exe="/usr/bin/sed" subj=unconfined key="process_exec"ARCH=x86_64 SYSCALL=execve AUID="heroic" UID="heroic" GID="heroic" EUID="heroic" SUID="heroic" FSUID="heroic" EGID="heroic" SGID="heroic" FSGID="heroic"
type=CWD msg=audit(1769929195.800:7945): cwd="/usr/local/bin"
type=PATH msg=audit(1769929063.681:9948): item=0 name="/usr/bin/sed" inode=1574609 dev=8:2 mode=100974 ouid=0 ogid=0 rdev=0:0 nametype=NORMAL cap_fp=0 cap_fi=0 cap_fe=0 cap_fver=0 cap_frootid=0OUID="root" OGID="root"
type=PATH msg=audit(1769929305.11:7704): item=1 name="/lib64/ld-linux-x86-64.so.2" inode=1575824 dev=8:2 mode=100607 ouid=0 ogid=0 rdev=0:0 nametype=NORMAL cap_fp=0 cap_fi=0 cap_fe=0 cap_fver=0 cap_frootid=0OUID="root" OGID="root"
type=EXECVE msg=audit(1769928724.842:4329): argc=4 a0="/bin/sh" a1="/usr/lib/sysstat/sa1" a2="1" a3="1"
type=PATH msg=audit(1769928649.306:6230): item=0 name="/usr/bin/rm" inode=1578495 dev=8:2 mode=100602 ouid=0 ogid=0 rdev=0:0 nametype=NORMAL cap_fp=0 cap_fi=0 cap_fe=0 cap_fver=0 cap_frootid=0OUID="root" OGID="root"
type=USER_START msg=audit(1769928892.272:9516): pid=7758 uid=980 auid=956 ses=3 subj=unconfined msg='op=PAM:session_open grantors=pam_limits,pam_env,pam_env,pam_permit,pam_umask,pam_unix acct="root" exe="/usr/bin/python3" hostname=? addr=? terminal=/dev/pts/0 res=success'UID="heroic" AUID="heroic"
type=PATH msg=audit(1769928529.323:4080): item=0 name="/usr/bin/bash" inode=1573585 dev=8:2 mode=100402 ouid=0 ogid=0 rdev=0:0 nametype=NORMAL cap_fp=0 cap_fi=0 cap_fe=0 cap_fver=0 cap_frootid=0OUID="root" OGID="root"
type=PATH msg=audit(1769929214.587:6832): item=0 name="/usr/bin/cp" inode=1578538 dev=8:2 mode=100598 ouid=0 ogid=0 rdev=0:0 nametype=NORMAL cap_fp=0 cap_fi=0 cap_fe=0 cap_fver=0 cap_frootid=0OUID="root" OGID="root"
type=PROCTITLE msg=audit(1769928476.601:6810): proctitle=736C656570003930
type=CWD msg=audit(1769928724.771:7351): cwd=2F746D702F686964735F6D616C6963696F7573202864656C6574656429
type=PROCTITLE msg=audit(1769929380.196:7297): proctitle=746565002F6574632F63726F6E2E642F686964735F70657273697374
type=SYSCALL msg=audit(1769929252.1049:8450): arch=c000003e syscall=59 success=yes exit=0 a0=5da302dcc870 a1=5da302dcc850 a2=5da302dc08f0 a3=5da302dcc850 items=2 ppid=4143 pid=9886 auid=1073 uid=1201 gid=952 euid=0 suid=0 fsuid=0 egid=1220 sgid=992 fsgid=1386 tty=pts0 ses=3 comm="sudo" exe="/usr/bin/last" subj=unconfined key="process_exec"ARCH=x86_64 SYSCALL=execve AUID="heroic" UID="heroic" GID="heroic" EUID="root" SUID="root" FSUID="root" EGID="heroic" SGID="heroic" FSGID="heroic"
type=PROCTITLE msg=audit(1769928491.632:8303): proctitle="bash"
type=USER_START msg=audit(1769929130.564:9786): pid=9375 uid=0 auid=1073 ses=5 subj=unconfined msg='op=PAM:session_open grantors=pam_limits,pam_env,pam_env,pam_permit,pam_umask,pam_unix acct="root" exe="/usr/bin/sudo" hostname=? addr=? terminal=/dev/pts/1 res=success'UID="root" AUID="heroic"
type=EXECVE msg=audit(1769929023.84:4514): argc=3 a0="tail" a1="-f" a2="/var/log/audit/audit.log"
type=PROCTITLE msg=audit(1769929279.1398:7343): proctitle="bash"
type=PROCTITLE msg=audit(1769928838.868:9471): proctitle=736C656570003930
type=PROCTITLE msg=audit(1769929202.989:9045): proctitle=2F7573722F6C69622F73797374656D642F73797374656D642D6578656375746F72002D2D646573657269616C697A6500313632002D2D6C6F672D6C6576656C00696E666F002D2D6C6F672D746172676574006A6F75726E616C2D6F722D6B6D7367
type=EXECVE msg=audit(1769928969.516:5166): argc=3 a0="rm" a1="-f" a2="/etc/cron.d/hids_persist"
type=PATH msg=audit(1769929202.938:9765): item=0 name="/usr/bin/gpg" inode=1573985 dev=8:2 mode=101236 ouid=0 ogid=0 rdev=0:0 nametype=NORMAL cap_fp=0 cap_fi=0 cap_fe=0 cap_fver=0 cap_frootid=0OUID="root" OGID="root"
type=CWD msg=audit(1769928581.946:7889): cwd="/home/heroic"
type=CWD msg=audit(1769928820.511:9829): cwd="/tmp"
type=EXECVE msg=audit(1769929409.1100:7589): argc=1 a0="whoami"
type=PATH msg=audit(1769928618.348:4569): item=1 name="/lib64/ld-linux-x86-64.so.2" inode=1575571 dev=8:2 mode=100627 ouid=0 ogid=0 rdev=0:0 nametype=NORMAL cap_fp=0 cap_fi=0 cap_fe=0 cap_fver=0 cap_frootid=0OUID="root" OGID="root"
type=SYSCALL msg=audit(1769928982.635:4326): arch=c000003e syscall=59 success=yes exit=0 a0=60fbb6e96050 a1=60fbb6e96150 a2=60fbb6e954b0 a3=60fbb6e961e0 items=2 ppid=2401 pid=10201 auid=4294967608 uid=0 gid=0 euid=0 suid=0 fsuid=0 egid=0 sgid=0 fsgid=0 tty=(none) ses=4294967364 comm="sudo" exe="/bin/sh" subj=unconfined key="process_exec"ARCH=x86_64 SYSCALL=execve AUID="unset" UID="root" GID="root" EUID="root" SUID="root" FSUID="root" EGID="root" SGID="root" FSGID="root"
type=SYSCALL msg=audit(1769928532.193:7293): arch=c000003e syscall=103 success=yes exit=3 a0=ffffff9c a1=7ffd4975272c a2=605 a3=1b6 items=2 ppid=7248 pid=3860 auid=984 uid=0 gid=0 euid=0 suid=0 fsuid=0 egid=0 sgid=0 fsgid=0 tty=pts4 ses=3 comm="df" exe="/usr/bin/last" subj=unconfined key="persistence"ARCH=x86_64 SYSCALL=openat AUID="heroic" UID="root" GID="root" EUID="root" SUID="root" FSUID="root" EGID="root" SGID="root" FSGID="root"
type=SYSCALL msg=audit(1769928421.635:9070): arch=c000003e syscall=59 success=yes exit=0 a0=6006a0801ad8 a1=6006a08018e0 a2=6006a08018f8 a3=1 items=2 ppid=7851 pid=5384 auid=4294966939 uid=0 gid=124 euid=0 suid=0 fsuid=0 egid=250 sgid=570 fsgid=155 tty=(none) ses=4294967551 comm="last" exe="/usr/bin/df" subj=unconfined key="process_exec"ARCH=x86_64 SYSCALL=execve AUID="unset" UID="root" GID="wazuh" EUID="root" SUID="root" FSUID="root" EGID="wazuh" SGID="wazuh" FSGID="wazuh"
type=PATH msg=audit(1769928672.382:4739): item=0 name="/bin/bash" inode=1573546 dev=8:2 mode=101206 ouid=0 ogid=0 rdev=0:0 nametype=NORMAL cap_fp=0 cap_fi=0 cap_fe=0 cap_fver=0 cap_frootid=0OUID="root" OGID="root"
type=PATH msg=audit(1769928917.885:4743): item=0 name="/usr/bin/chmod" inode=1578437 dev=8:2 mode=100479 ouid=0 ogid=0 rdev=0:0 nametype=NORMAL cap_fp=0 cap_fi=0 cap_fe=0 cap_fver=0 cap_frootid=0OUID="root" OGID="root"
type=PATH msg=audit(1769929376.467:8013): item=0 name="/usr/bin/ps" inode=1574215 dev=8:2 mode=100959 ouid=0 ogid=0 rdev=0:0 nametype=NORMAL cap_fp=0 cap_fi=0 cap_fe=0 cap_fver=0 cap_frootid=0OUID="root" OGID="root"
type=PROCTITLE msg=audit(1769929273.459:5472): proctitle=726D002D66002F6574632F63726F6E2E642F686964735F70657273697374
type=PROCTITLE msg=audit(1769929023.575:6114): proctitle="bash"
type=PROCTITLE msg=audit(1769928542.267:4625): proctitle="id"
type=PATH msg=audit(1769928885.336:7968): item=0 name="/proc/self/fd/9" inode=1596688 dev=8:2 mode=100315 ouid=0 ogid=0 rdev=0:0 nametype=NORMAL cap_fp=0 cap_fi=0 cap_fe=0 cap_fver=0 cap_frootid=0OUID="root" OGID="root"
type=PATH msg=audit(1769928944.1327:10489): item=1 name="/lib64/ld-linux-x86-64.so.2" inode=1575347 dev=8:2 mode=100371 ouid=0 ogid=0 rdev=0:0 nametype=NORMAL cap_fp=0 cap_fi=0 cap_fe=0 cap_fver=0 cap_frootid=0OUID="root" OGID="root"
type=PROCTITLE msg=audit(1769928926.936:5174): proctitle=2F62696E2F7368002D6300636F6D6D616E64202D762064656269616E2D736131203E202F6465762F6E756C6C2026262064656269616E2D73613120312031
type=CWD msg=audit(1769929233.7:4134): cwd="/tmp"
type=PROCTITLE msg=audit(1769928738.449:7653): proctitle="whoami"
type=SYSCALL msg=audit(1769928844.360:7502): arch=c000003e syscall=59 success=yes exit=0 a0=5da302dcbd10 a1=5da302dccd10 a2=5da302dc08f0 a3=5da302dccd10 items=2 ppid=7847 pid=2786 auid=710 uid=549 gid=1255 euid=1378 suid=1095 fsuid=1480 egid=1153 sgid=1131 fsgid=1114 tty=pts0 ses=3 comm="tail" exe="/usr/bin/netstat" subj=unconfined key="process_exec"ARCH=x86_64 SYSCALL=execve AUID="heroic" UID="heroic" GID="heroic" EUID="heroic" SUID="heroic" FSUID="heroic" EGID="heroic" SGID="heroic" FSGID="heroic"
type=CWD msg=audit(1769929220.452:10109): cwd="/root"
type=PATH msg=audit(1769928565.373:6054): item=1 name="/lib64/ld-linux-x86-64.so.2" inode=1575048 dev=8:2 mode=100970 ouid=0 ogid=0 rdev=0:0 nametype=NORMAL cap_fp=0 cap_fi=0 cap_fe=0 cap_fver=0 cap_frootid=0OUID="root" OGID="root"
type=PATH msg=audit(1769928619.162:6126): item=1 name="/lib64/ld-linux-x86-64.so.2" inode=1575244 dev=8:2 mode=100632 ouid=0 ogid=0 rdev=0:0 nametype=NORMAL cap_fp=0 cap_fi=0 cap_fe=0 cap_fver=0 cap_frootid=0OUID="root" OGID="root"
type=EXECVE msg=audit(1769928421.1208:6051): argc=1 a0="id"
type=PATH msg=audit(1769929210.956:5073): item=0 name="/usr/bin/sleep" inode=1577764 dev=8:2 mode=100845 ouid=0 ogid=0 rdev=0:0 nametype=NORMAL cap_fp=0 cap_fi=0 cap_fe=0 cap_fver=0 cap_frootid=0OUID="root" OGID="root"
type=PATH msg=audit(1769929404.752:5666): item=0 name="/etc/cron.d/" inode=1704451 dev=8:2 mode=40867 ouid=0 ogid=0 rdev=0:0 nametype=PARENT cap_fp=0 cap_fi=0 cap_fe=0 cap_fver=0 cap_frootid=0OUID="root" OGID="root"
type=SYSCALL msg=audit(1769929363.1067:6985): arch=c000003e syscall=59 success=yes exit=0 a0=6006a0801bc0 a1=6006a0801900 a2=6006a0801b68 a3=1 items=2 ppid=6058 pid=2114 auid=4294967695 uid=0 gid=218 euid=0 suid=0 fsuid=0 egid=368 sgid=288 fsgid=298 tty=(none) ses=4294967637 comm="ss" exe="/usr/bin/netstat" subj=unconfined key="process_exec"ARCH=x86_64 SYSCALL=execve AUID="unset" UID="root" GID="wazuh" EUID="root" SUID="root" FSUID="root" EGID="wazuh" SGID="wazuh" FSGID="wazuh"
type=USER_END msg=audit(1769928947.501:7292): pid=5774 uid=0 auid=1052 ses=5 subj=unconfined msg='op=PAM:session_close grantors=pam_limits,pam_env,pam_env,pam_permit,pam_umask,pam_unix acct="root" exe="/usr/bin/last" hostname=? addr=? terminal=/dev/pts/1 res=success'UID="root" AUID="heroic"
type=CWD msg=audit(1769928445.733:8484): cwd="/root"
type=PATH msg=audit(1769928807.522:7975): item=0 name="/usr/bin/sleep" inode=1578288 dev=8:2 mode=100658 ouid=0 ogid=0 rdev=0:0 nametype=NORMAL cap_fp=0 cap_fi=0 cap_fe=0 cap_fver=0 cap_frootid=0OUID="root" OGID="root"
type=SYSCALL msg=audit(1769928526.835:6363): arch=c000003e syscall=59 success=yes exit=0 a0=5ac714ffdb68 a1=5ac71500dba0 a2=5ac715020340 a3=64 items=2 ppid=3561 pid=6722 auid=1406 uid=0 gid=0 euid=0 suid=0 fsuid=0 egid=0 sgid=0 fsgid=0 tty=pts4 ses=3 comm="last" exe="/usr/bin/netstat" subj=unconfined key="process_exec"ARCH=x86_64 SYSCALL=execve AUID="heroic" UID="root" GID="root" EUID="root" SUID="root" FSUID="root" EGID="root" SGID="root" FSGID="root"
type=PATH msg=audit(1769928773.997:5733): item=1 name="/lib64/ld-linux-x86-64.so.2" inode=1575366 dev=8:2 mode=101042 ouid=0 ogid=0 rdev=0:0 nametype=NORMAL cap_fp=0 cap_fi=0 cap_fe=0 cap_fver=0 cap_frootid=0OUID="root" OGID="root"
type=CWD msg=audit(1769928612.553:6111): cwd="/tmp"
type=USER_CMD msg=audit(1769928488.248:5856): pid=10210 uid=600 auid=965 ses=3 subj=unconfined msg='cwd="/root" cmd=746565202F6574632F63726F6E2E642F686964735F70657273697374 exe="/usr/bin/tail" terminal=pts/0 res=success'UID="heroic" AUID="heroic"
type=USER_CMD msg=audit(1769928524.19:6333): pid=5943 uid=940 auid=1115 ses=3 subj=unconfined msg='cwd="/tmp" cmd=726D202D66202F6574632F63726F6E2E642F686964735F70657273697374 exe="/usr/bin/python3" terminal=pts/0 res=success'UID="heroic" AUID="heroic"
type=SYSCALL msg=audit(1769928629.1302:6101): arch=c000003e syscall=59 success=yes exit=0 a0=5da302dcd0f0 a1=5da302dcc350 a2=5da302dc08f0 a3=8 items=2 ppid=3146 pid=2163 auid=1102 uid=1398 gid=630 euid=1296 suid=549 fsuid=783 egid=561 sgid=1410 fsgid=750 tty=pts0 ses=3 comm="sort" exe="/usr/bin/last" subj=unconfined key="process_exec"ARCH=x86_64 SYSCALL=execve AUID="heroic" UID="heroic" GID="heroic" EUID="heroic" SUID="heroic" FSUID="heroic" EGID="heroic" SGID="heroic" FSGID="heroic"
type=PATH msg=audit(1769928778.108:6360): item=0 name="/usr/bin/sleep" inode=1578286 dev=8:2 mode=100905 ouid=0 ogid=0 rdev=0:0 nametype=NORMAL cap_fp=0 cap_fi=0 cap_fe=0 cap_fver=0 cap_frootid=0OUID="root" OGID="root"
type=PROCTITLE msg=audit(1769928743.707:7333): proctitle="whoami"
type=USER_END msg=audit(1769929393.459:4428): pid=6753 uid=1364 auid=598 ses=3 subj=unconfined msg='op=PAM:session_close grantors=pam_limits,pam_env,pam_env,pam_permit,pam_umask,pam_unix acct="root" exe="/usr/bin/df" hostname=? addr=? terminal=/dev/pts/0 res=success'UID="heroic" AUID="heroic"
type=PATH msg=audit(1769928450.560:8780): item=0 name="/usr/bin/chmod" inode=1578092 dev=8:2 mode=100994 ouid=0 ogid=0 rdev=0:0 nametype=NORMAL cap_fp=0 cap_fi=0 cap_fe=0 cap_fver=0 cap_frootid=0OUID="root" OGID="root"
type=USER_START msg=audit(1769929212.477:6690): pid=9936 uid=0 auid=0 ses=7 subj=unconfined msg='op=PAM:session_open grantors=pam_loginuid,pam_env,pam_env,pam_permit,pam_umask,pam_unix,pam_limits acct="root" exe="/bin/sh" hostname=? addr=? terminal=cron res=success'UID="root" AUID="root"
type=SYSCALL msg=audit(1769928676.36:8087): arch=c000003e syscall=59 success=yes exit=0 a0=64e1754cf410 a1=64e1754cb6e0 a2=64e1754c38f0 a3=8 items=2 ppid=9286 pid=9530 auid=1198 uid=503 gid=1213 euid=1467 suid=1221 fsuid=1137 egid=1461 sgid=823 fsgid=1363 tty=pts0 ses=3 comm="last" exe="/usr/bin/df" subj=unconfined key="process_exec"ARCH=x86_64 SYSCALL=execve AUID="heroic" UID="heroic" GID="heroic" EUID="heroic" SUID="heroic" FSUID="heroic" EGID="heroic" SGID="heroic" FSGID="heroic"
type=PATH msg=audit(1769929384.85:5587): item=0 name="/usr/bin/sleep" inode=1577983 dev=8:2 mode=101222 ouid=0 ogid=0 rdev=0:0 nametype=NORMAL cap_fp=0 cap_fi=0 cap_fe=0 cap_fver=0 cap_frootid=0OUID="root" OGID="root"
type=SYSCALL msg=audit(1769929204.1034:8158): arch=c000003e syscall=59 success=yes exit=0 a0=58d4a4b33b68 a1=58d4a4b43ba0 a2=58d4a4b56340 a3=64 items=2 ppid=2590 pid=8412 auid=957 uid=0 gid=0 euid=0 suid=0 fsuid=0 egid=0 sgid=0 fsgid=0 tty=pts1 ses=3 comm="df" exe="/usr/bin/sudo" subj=unconfined key="process_exec"ARCH=x86_64 SYSCALL=execve AUID="heroic" UID="root" GID="root" EUID="root" SUID="root" FSUID="root" EGID="root" SGID="root" FSGID="root"
type=SYSCALL msg=audit(1769929260.537:9352): arch=c000003e syscall=59 success=yes exit=0 a0=64e1754cb7a0 a1=64e1754cb600 a2=64e1754c38f0 a3=64e1754cb600 items=2 ppid=5962 pid=7752 auid=537 uid=1267 gid=1357 euid=1039 suid=682 fsuid=1330 egid=1255 sgid=1247 fsgid=609 tty=pts0 ses=3 comm="ss" exe="/usr/bin/df" subj=unconfined key="process_exec"ARCH=x86_64 SYSCALL=execve AUID="heroic" UID="heroic" GID="heroic" EUID="heroic" SUID="heroic" FSUID="heroic" EGID="heroic" SGID="heroic" FSGID="heroic"
type=CWD msg=audit(1769929065.596:6155): cwd="/usr/local/bin"
type=PATH msg=audit(1769928797.1209:9177): item=0 name="/usr/bin/whoami" inode=1577812 dev=8:2 mode=101014 ouid=0 ogid=0 rdev=0:0 nametype=NORMAL cap_fp=0 cap_fi=0 cap_fe=0 cap_fver=0 cap_frootid=0OUID="root" OGID="root"
type=PATH msg=audit(1769928955.353:4464): item=1 name="/lib64/ld-linux-x86-64.so.2" inode=1575265 dev=8:2 mode=100904 ouid=0 ogid=0 rdev=0:0 nametype=NORMAL cap_fp=0 cap_fi=0 cap_fe=0 cap_fver=0 cap_frootid=0OUID="root" OGID="root"
type=SYSCALL msg=audit(1769928664.246:9292): arch=c000003e syscall=59 success=yes exit=0 a0=5da302dca270 a1=5da302dcd0f0 a2=5da302dc08f0 a3=5da302dcd0f0 items=2 ppid=1256 pid=3994 auid=1119 uid=1347 gid=1395 euid=552 suid=696 fsuid=1314 egid=1373 sgid=655 fsgid=1169 tty=pts0 ses=3 comm="sed" exe="/usr/bin/sudo" subj=unconfined key="process_exec"ARCH=x86_64 SYSCALL=execve AUID="heroic" UID="heroic" GID="heroic" EUID="heroic" SUID="heroic" FSUID="heroic" EGID="heroic" SGID="heroic" FSGID="heroic"
type=EXECVE msg=audit(1769929080.551:9647): argc=3 a0="mkdir" a1="-p" a2="/tmp/hids_malicious"
type=PATH msg=audit(1769929078.697:6446): item=1 name="/lib64/ld-linux-x86-64.so.2" inode=1575682 dev=8:2 mode=100806 ouid=0 ogid=0 rdev=0:0 nametype=NORMAL cap_fp=0 cap_fi=0 cap_fe=0 cap_fver=0 cap_frootid=0OUID="root" OGID="root"
type=EXECVE msg=audit(1769928776.668:7939): argc=2 a0="sudo" a1="whoami"
type=EXECVE msg=audit(1769928520.476:5365): argc=4 a0="sudo" a1="rm" a2="-f" a3="/etc/cron.d/hids_persist"
type=PROCTITLE msg=audit(1769928582.1009:5267): proctitle=726D002D66002F6574632F63726F6E2E642F686964735F70657273697374
type=PATH msg=audit(1769928798.497:8107): item=1 name="/lib64/ld-linux-x86-64.so.2" inode=1574900 dev=8:2 mode=100696 ouid=0 ogid=0 rdev=0:0 nametype=NORMAL cap_fp=0 cap_fi=0 cap_fe=0 cap_fver=0 cap_frootid=0OUID="root" OGID="root"
type=CWD msg=audit(1769928635.94:9986): cwd="/usr/local/bin"
type=PATH msg=audit(1769928470.281:6374): item=1 name="/lib64/ld-linux-x86-64.so.2" inode=1575503 dev=8:2 mode=100336 ouid=0 ogid=0 rdev=0:0 nametype=NORMAL cap_fp=0 cap_fi=0 cap_fe=0 cap_fver=0 cap_frootid=0OUID="root" OGID="root"
type=SYSCALL msg=audit(1769928839.1192:6409): arch=c000003e syscall=59 success=yes exit=0 a0=64e1754d05f0 a1=64e1754cb980 a2=64e1754c38f0 a3=64e1754cb980 items=2 ppid=5726 pid=3039 auid=849 uid=957 gid=653 euid=1113 suid=1268 fsuid=1239 egid=1345 sgid=1077 fsgid=855 tty=pts0 ses=3 comm="python" exe="/usr/bin/sudo" subj=unconfined key="process_exec"ARCH=x86_64 SYSCALL=execve AUID="heroic" UID="heroic" GID="heroic" EUID="heroic" SUID="heroic" FSUID="heroic" EGID="heroic" SGID="heroic" FSGID="heroic"
type=EXECVE msg=audit(1769928935.761:7072): argc=8 a0="/usr/lib/sysstat/sadc" a1="-F" a2="-L" a3="-S" a4="DISK" a5="1" a6="1" a7="/var/log/sysstat"
type=EXECVE msg=audit(1769928470.330:7782): argc=3 a0="rm" a1="-f" a2="/etc/cron.d/hids_persist"
type=SYSCALL msg=audit(1769928881.879:7177): arch=c000003e syscall=59 success=yes exit=0 a0=5da302dcc790 a1=5da302dcea80 a2=5da302dc08f0 a3=1 items=2 ppid=757 pid=3840 auid=524 uid=1480 gid=1262 euid=753 suid=1099 fsuid=851 egid=1145 sgid=548 fsgid=1052 tty=pts0 ses=3 comm="df" exe="/usr/bin/sort" subj=unconfined key="process_exec"ARCH=x86_64 SYSCALL=execve AUID="heroic" UID="heroic" GID="heroic" EUID="heroic" SUID="heroic" FSUID="heroic" EGID="heroic" SGID="heroic" FSGID="heroic"
type=SYSCALL msg=audit(1769928613.71:5227): arch=c000003e syscall=59 success=yes exit=0 a0=56902aa9bb68 a1=56902aaabba0 a2=56902aabe7a0 a3=64 items=2 ppid=9220 pid=8194 auid=1046 uid=0 gid=0 euid=0 suid=0 fsuid=0 egid=0 sgid=0 fsgid=0 tty=pts4 ses=3 comm="sort" exe="/usr/bin/df" subj=unconfined key="process_exec"ARCH=x86_64 SYSCALL=execve AUID="heroic" UID="root" GID="root" EUID="root" SUID="root" FSUID="root" EGID="root" SGID="root" FSGID="root"
type=EXECVE msg=audit(1769929376.20:7481): argc=2 a0="ps" a1="aux"
type=SYSCALL msg=audit(1769929213.236:9909): arch=c000003e syscall=59 success=yes exit=0 a0=5b934d5f1b68 a1=5b934d601ba0 a2=5b934d614340 a3=64 items=2 ppid=777 pid=6552 auid=766 uid=0 gid=0 euid=0 suid=0 fsuid=0 egid=0 sgid=0 fsgid=0 tty=pts4 ses=3 comm="sed" exe="/bin/sh" subj=unconfined key="process_exec"ARCH=x86_64 SYSCALL=execve AUID="heroic" UID="root" GID="root" EUID="root" SUID="root" FSUID="root" EGID="root" SGID="root" FSGID="root"
type=PROCTITLE msg=audit(1769928522.1100:7085): proctitle=7375646F007375
type=PROCTITLE msg=audit(1769929252.619:5087): proctitle=2F7573722F6C69622F73797374656D642F73797374656D642D6578656375746F72002D2D646573657269616C697A6500313633002D2D6C6F672D6C6576656C00696E666F002D2D6C6F672D746172676574006A6F75726E616C2D6F722D6B6D7367
type=PATH msg=audit(1769928843.1001:8428): item=1 name="/lib64/ld-linux-x86-64.so.2" inode=1575380 dev=8:2 mode=101113 ouid=0 ogid=0 rdev=0:0 nametype=NORMAL cap_fp=0 cap_fi=0 cap_fe=0 cap_fver=0 cap_frootid=0OUID="root" OGID="root"
type=SYSCALL msg=audit(1769929313.863:7242): arch=c000003e syscall=275 success=yes exit=3 a0=ffffff9c a1=7ffd4975272c a2=556 a3=1b6 items=2 ppid=5349 pid=4148 auid=1313 uid=0 gid=0 euid=0 suid=0 fsuid=0 egid=0 sgid=0 fsgid=0 tty=pts4 ses=3 comm="netstat" exe="/usr/bin/netstat" subj=unconfined key="persistence"ARCH=x86_64 SYSCALL=openat AUID="heroic" UID="root" GID="root" EUID="root" SUID="root" FSUID="root" EGID="root" SGID="root" FSGID="root"
type=CWD msg=audit(1769928889.657:6267): cwd="/tmp"
type=PATH msg=audit(1769929012.771:5481): item=0 name="/usr/bin/curl" inode=1573439 dev=8:2 mode=101209 ouid=0 ogid=0 rdev=0:0 nametype=NORMAL cap_fp=0 cap_fi=0 cap_fe=0 cap_fver=0 cap_frootid=0OUID="root" OGID="root"
type=USER_ACCT msg=audit(1769929234.56:5787): pid=8497 uid=0 auid=4294967564 ses=4294967427 subj=unconfined msg='op=PAM:accounting grantors=pam_permit,pam_localuser acct="root" exe="/usr/bin/tail" hostname=? addr=? terminal=cron res=success'UID="root" AUID="unset"
type=PATH msg=audit(1769928420.703:7874): item=1 name="/lib64/ld-linux-x86-64.so.2" inode=1575656 dev=8:2 mode=101099 ouid=0 ogid=0 rdev=0:0 nametype=NORMAL cap_fp=0 cap_fi=0 cap_fe=0 cap_fver=0 cap_frootid=0OUID="root" OGID="root"
type=PATH msg=audit(1769928972.597:5435): item=1 name="/lib64/ld-linux-x86-64.so.2" inode=1575172 dev=8:2 mode=100531 ouid=0 ogid=0 rdev=0:0 nametype=NORMAL cap_fp=0 cap_fi=0 cap_fe=0 cap_fver=0 cap_frootid=0OUID="root" OGID="root"
type=PATH msg=audit(1769928654.541:4548): item=1 name="/lib64/ld-linux-x86-64.so.2" inode=1575291 dev=8:2 mode=100763 ouid=0 ogid=0 rdev=0:0 nametype=NORMAL cap_fp=0 cap_fi=0 cap_fe=0 cap_fver=0 cap_frootid=0OUID="root" OGID="root"
type=PROCTITLE msg=audit(1769928420.65:5869): proctitle=726D002D660066696C655F31302E6461740066696C655F31312E6461740066696C655F31322E6461740066696C655F31332E6461740066696C655F31342E6461740066696C655F31352E6461740066696C655F31362E6461740066696C655F31372E6461740066696C655F31382E6461740066696C655F31392E646174006669
type=PATH msg=audit(1769928889.1246:7005): item=1 name="/lib64/ld-linux-x86-64.so.2" inode=1575818 dev=8:2 mode=101191 ouid=0 ogid=0 rdev=0:0 nametype=NORMAL cap_fp=0 cap_fi=0 cap_fe=0 cap_fver=0 cap_frootid=0OUID="root" OGID="root"
type=PATH msg=audit(1769928513.606:5609): item=0 name="/usr/bin/id" inode=1577673 dev=8:2 mode=101193 ouid=0 ogid=0 rdev=0:0 nametype=NORMAL cap_fp=0 cap_fi=0 cap_fe=0 cap_fver=0 cap_frootid=0OUID="root" OGID="root"
type=PROCTITLE msg=audit(1769928785.733:6105): proctitle="whoami"
type=CRED_DISP msg=audit(1769928882.624:5032): pid=3581 uid=1462 auid=1246 ses=3 subj=unconfined msg='op=PAM:setcred grantors=pam_permit acct="root" exe="/usr/bin/df" hostname=? addr=? terminal=/dev/pts/0 res=success'UID="heroic" AUID="heroic"
type=USER_START msg=audit(1769929155.1331:8136): pid=9734 uid=1057 auid=1311 ses=3 subj=unconfined msg='op=PAM:session_open grantors=pam_limits,pam_env,pam_env,pam_permit,pam_umask,pam_unix acct="root" exe="/usr/bin/last" hostname=? addr=? terminal=/dev/pts/0 res=success'UID="heroic" AUID="heroic"
type=PATH msg=audit(1769928546.339:8974): item=0 name="/usr/bin/uname" inode=1577958 dev=8:2 mode=100922 ouid=0 ogid=0 rdev=0:0 nametype=NORMAL cap_fp=0 cap_fi=0 cap_fe=0 cap_fver=0 cap_frootid=0OUID="root" OGID="root"
type=EXECVE msg=audit(1769928476.288:7232): argc=2 a0="tee" a1="/etc/cron.d/hids_persist"
type=USER_END msg=audit(1769928702.251:10235): pid=4043 uid=751 auid=1402 ses=3 subj=unconfined msg='op=PAM:session_close grantors=pam_limits,pam_env,pam_env,pam_permit,pam_umask,pam_unix acct="root" exe="/usr/bin/sort" hostname=? addr=? terminal=/dev/pts/0 res=success'UID="heroic" AUID="heroic"
type=PATH msg=audit(1769928936.1464:5384): item=1 name="/lib64/ld-linux-x86-64.so.2" inode=1575001 dev=8:2 mode=100771 ouid=0 ogid=0 rdev=0:0 nametype=NORMAL cap_fp=0 cap_fi=0 cap_fe=0 cap_fver=0 cap_frootid=0OUID="root" OGID="root"
type=USER_START msg=audit(1769929307.1225:6275): pid=8407 uid=977 auid=1159 ses=5 subj=unconfined msg='op=PAM:session_open grantors=pam_limits,pam_env,pam_env,pam_permit,pam_umask,pam_unix acct="root" exe="/usr/bin/netstat" hostname=? addr=? terminal=/dev/pts/0 res=success'UID="heroic" AUID="heroic"
type=SYSCALL msg=audit(1769928895.675:4754): arch=c000003e syscall=59 success=yes exit=0 a0=5da302dcc950 a1=5da302dc7240 a2=5da302dc08f0 a3=5da302dc7240 items=2 ppid=4073 pid=7838 auid=503 uid=781 gid=1194 euid=0 suid=0 fsuid=0 egid=1267 sgid=985 fsgid=1446 tty=pts0 ses=3 comm="tail" exe="/bin/sh" subj=unconfined key="process_exec"ARCH=x86_64 SYSCALL=execve AUID="heroic" UID="heroic" GID="heroic" EUID="root" SUID="root" FSUID="root" EGID="heroic" SGID="heroic" FSGID="heroic"
type=PROCTITLE msg=audit(1769928858.9:8406): proctitle=7375646F006370002F7661722F6C6F672F61756469742F61756469742E6C6F67002F726F6F742F4465736B746F702F686964735F646174617365742F7261772F6D616C6963696F75735F72656D6F74652E6C6F67
type=CWD msg=audit(1769928579.1081:4694): cwd="/var/ossec"
type=PROCTITLE msg=audit(1769929012.799:9054): proctitle=726D002D66002F6574632F63726F6E2E642F686964735F70657273697374
type=PROCTITLE msg=audit(1769928626.635:8110): proctitle=2F7573722F62696E2F677067002D2D76657273696F6E
type=PATH msg=audit(1769928702.709:8307): item=0 name="/usr/bin/sudo" inode=1573962 dev=8:2 mode=104486 ouid=0 ogid=0 rdev=0:0 nametype=NORMAL cap_fp=0 cap_fi=0 cap_fe=0 cap_fver=0 cap_frootid=0OUID="root" OGID="root"
type=CWD msg=audit(1769928486.652:6357): cwd="/usr/local/bin"
type=PROCTITLE msg=audit(1769929258.1169:3951): proctitle="bash"
type=SYSCALL msg=audit(1769928733.1083:5857): arch=c000003e syscall=59 success=yes exit=0 a0=64e1754cf970 a1=64e1754cd650 a2=64e1754c38f0 a3=1 items=2 ppid=7642 pid=1106 auid=752 uid=1087 gid=961 euid=1166 suid=964 fsuid=771 egid=1153 sgid=903 fsgid=546 tty=pts0 ses=3 comm="sh" exe="/usr/bin/python3" subj=unconfined key="process_exec"ARCH=x86_64 SYSCALL=execve AUID="heroic" UID="heroic" GID="heroic" EUID="heroic" SUID="heroic" FSUID="heroic" EGID="heroic" SGID="heroic" FSGID="heroic"
type=CWD msg=audit(1769928873.192:7439): cwd="/home/heroic"
type=CWD msg=audit(1769929111.457:6340): cwd="/var/ossec"
type=CWD msg=audit(1769928516.294:3722): cwd="/usr/local/bin"
type=PROCTITLE msg=audit(1769928694.279:9548): proctitle=726D002D660066696C655F31302E6461740066696C655F31312E6461740066696C655F31322E6461740066696C655F31332E6461740066696C655F31342E6461740066696C655F31352E6461740066696C655F31362E6461740066696C655F31372E6461740066696C655F31382E6461740066696C655F31392E646174006669
type=PROCTITLE msg=audit(1769928997.165:4454): proctitle=2F62696E2F62617368002E2F6D616C6963696F75735F6C6F63616C2E7368
type=PROCTITLE msg=audit(1769928919.213:6421): proctitle=6D6B646972002D70002F746D702F686964735F6D616C6963696F7573
type=CWD msg=audit(1769928956.276:8791): cwd="/tmp"
type=EXECVE msg=audit(1769928650.1341:7083): argc=2 a0="sudo" a1="whoami"
type=EXECVE msg=audit(1769928902.833:8861): argc=58 a0="rm" a1="-f" a2="file_10.dat" a3="file_11.dat" a4="file_12.dat" a5="file_13.dat" a6="file_14.dat" a7="file_15.dat" a8="file_16.dat" a9="file_17.dat" a10="file_18.dat" a11="file_19.dat" a12="file_1.dat" a13="file_20.dat" a14="file_21.dat" a15="file_22.dat" a16="file_23.dat" a17="file_24.dat" a18="file_25.dat" a19="file_26.dat" a20="file_27.dat" a21="file_28.dat" a22="file_29.dat" a23="file_2.dat" a24="file_30.dat" a25="file_31.dat" a26="file_32.dat" a27="file_33.dat" a28="file_34.dat" a29="file_35.dat" a30="file_36.dat" a31="file_37.dat" a32="file_38.dat" a33="file_39.dat" a34="file_3.dat" a35="file_40.dat" a36="file_41.dat" a37="file_42.dat" a38="file_43.dat" a39="file_44.dat" a40="file_45.dat" a41="file_46.dat" a42="file_47.dat" a43="file_48.dat" a44="file_49.dat" a45="file_4.dat" a46="file_50.dat" a47="file_5.dat" a48="file_6.dat" a49="file_7.dat" a50="file_8.dat" a51="file_9.dat" a52="payload.sh" a53="recon.txt" a54="netstat.txt" a55="processes.txt" a56="sudo_enum.txt" a57="sudo_test.txt"
type=EXECVE msg=audit(1769928849.193:8490): argc=1 a0="whoami"
type=SYSCALL msg=audit(1769929269.591:9990): arch=c000003e syscall=59 success=yes exit=0 a0=5da302dcd5f0 a1=5da302dcc400 a2=5da302dc08f0 a3=5da302dcd5d0 items=2 ppid=8080 pid=3286 auid=1401 uid=508 gid=738 euid=1064 suid=975 fsuid=1156 egid=933 sgid=1367 fsgid=1150 tty=pts0 ses=3 comm="tail" exe="/usr/bin/last" subj=unconfined key="process_exec"ARCH=x86_64 SYSCALL=execve AUID="heroic" UID="heroic" GID="heroic" EUID="heroic" SUID="heroic" FSUID="heroic" EGID="heroic" SGID="heroic" FSGID="heroic"
type=PATH msg=audit(1769929068.417:9045): item=0 name="/usr/bin/whoami" inode=1577908 dev=8:2 mode=101162 ouid=0 ogid=0 rdev=0:0 nametype=NORMAL cap_fp=0 cap_fi=0 cap_fe=0 cap_fver=0 cap_frootid=0OUID="root" OGID="root"
type=CWD msg=audit(1769928446.962:3861): cwd="/tmp"
type=EXECVE msg=audit(1769928997.35:4666): argc=3 a0="rm" a1="-f" a2="/etc/cron.d/hids_persist"
type=CWD msg=audit(1769928920.1117:4156): cwd="/usr/local/bin"
type=PATH msg=audit(1769928643.661:4576): item=0 name="/usr/bin/sed" inode=1574085 dev=8:2 mode=100968 ouid=0 ogid=0 rdev=0:0 nametype=NORMAL cap_fp=0 cap_fi=0 cap_fe=0 cap_fver=0 cap_frootid=0OUID="root" OGID="root"
type=PATH msg=audit(1769929019.715:6452): item=0 name="/usr/bin/chmod" inode=1578103 dev=8:2 mode=101190 ouid=0 ogid=0 rdev=0:0 nametype=NORMAL cap_fp=0 cap_fi=0 cap_fe=0 cap_fver=0 cap_frootid=0OUID="root" OGID="root"
type=EXECVE msg=audit(1769928631.779:6093): argc=1 a0="id"
type=PATH msg=audit(1769929137.309:8442): item=0 name="/usr/bin/rm" inode=1578085 dev=8:2 mode=100681 ouid=0 ogid=0 rdev=0:0 nametype=NORMAL cap_fp=0 cap_fi=0 cap_fe=0 cap_fver=0 cap_frootid=0OUID="root" OGID="root"
type=PROCTITLE msg=audit(1769929229.466:5067): proctitle=756E616D65002D61
type=EXECVE msg=audit(1769929374.1341:10070): argc=3 a0="curl" a1="-s" a2="file:///tmp/hids_malicious/payload.sh"
type=CWD msg=audit(1769929320.487:9509): cwd="/usr/local/bin"
type=PATH msg=audit(1769929028.669:6327): item=1 name="/lib64/ld-linux-x86-64.so.2" inode=1575069 dev=8:2 mode=100474 ouid=0 ogid=0 rdev=0:0 nametype=NORMAL cap_fp=0 cap_fi=0 cap_fe=0 cap_fver=0 cap_frootid=0OUID="root" OGID="root"
type=PROCTITLE msg=audit(1769928784.333:8333): proctitle="whoami"
type=PATH msg=audit(1769929218.186:6434): item=1 name="/lib64/ld-linux-x86-64.so.2" inode=1575821 dev=8:2 mode=100427 ouid=0 ogid=0 rdev=0:0 nametype=NORMAL cap_fp=0 cap_fi=0 cap_fe=0 cap_fver=0 cap_frootid=0OUID="root" OGID="root"
type=CRED_REFR msg=audit(1769928623.241:4464): pid=9054 uid=877 auid=938 ses=5 subj=unconfined msg='op=PAM:setcred grantors=pam_permit,pam_cap acct="root" exe="/usr/bin/df" hostname=? addr=? terminal=/dev/pts/0 res=success'UID="heroic" AUID="heroic"
type=PROCTITLE msg=audit(1769928821.34:6564): proctitle=2F62696E2F7368002F6574632F67646D332F5072696D654F66662F44656661756C74
type=CRED_REFR msg=audit(1769928437.149:7216): pid=5662 uid=1011 auid=1398 ses=3 subj=unconfined msg='op=PAM:setcred grantors=pam_permit,pam_cap acct="root" exe="/usr/bin/python3" hostname=? addr=? terminal=/dev/pts/0 res=success'UID="heroic" AUID="heroic"
type=PROCTITLE msg=audit(1769929184.665:7915): proctitle="whoami"
type=PROCTITLE msg=audit(1769929082.1147:5242): proctitle=7368002D63002D2D006C617374202D6E203230
type=PATH msg=audit(1769929390.845:7953): item=0 name="/usr/bin/id" inode=1578564 dev=8:2 mode=100612 ouid=0 ogid=0 rdev=0:0 nametype=NORMAL cap_fp=0 cap_fi=0 cap_fe=0 cap_fver=0 cap_frootid=0OUID="root" OGID="root"
type=SYSCALL msg=audit(1769928695.540:7003): arch=c000003e syscall=59 success=yes exit=0 a0=5f93efcb0040 a1=5f93efcb00a8 a2=5f93efcf3670 a3=8 items=2 ppid=6066 pid=4471 auid=1051 uid=0 gid=1308 euid=0 suid=0 fsuid=0 egid=741 sgid=556 fsgid=878 tty=(none) ses=4 comm="sh" exe="/usr/bin/python3" subj=unconfined key="process_exec"ARCH=x86_64 SYSCALL=execve AUID="heroic" UID="root" GID="heroic" EUID="root" SUID="root" FSUID="root" EGID="heroic" SGID="heroic" FSGID="heroic"
type=SYSCALL msg=audit(1769928523.550:7434): arch=c000003e syscall=59 success=yes exit=0 a0=5da302dc8980 a1=5da302dcc2b0 a2=5da302dc08f0 a3=5da302dcc2b0 items=2 ppid=4299 pid=1426 auid=936 uid=800 gid=1270 euid=1478 suid=944 fsuid=1235 egid=952 sgid=1169 fsgid=1041 tty=pts0 ses=3 comm="sh" exe="/usr/bin/sed" subj=unconfined key="process_exec"ARCH=x86_64 SYSCALL=execve AUID="heroic" UID="heroic" GID="heroic" EUID="heroic" SUID="heroic" FSUID="heroic" EGID="heroic" SGID="heroic" FSGID="heroic"
type=SYSCALL msg=audit(1769928496.971:6409): arch=c000003e syscall=59 success=yes exit=0 a0=5da302dcc4d0 a1=5da302dcc490 a2=5da302dc08f0 a3=5da302dcc410 items=2 ppid=4202 pid=8411 auid=1454 uid=911 gid=1335 euid=1248 suid=1286 fsuid=521 egid=575 sgid=536 fsgid=1290 tty=pts0 ses=3 comm="sort" exe="/usr/bin/sort" subj=unconfined key="process_exec"ARCH=x86_64 SYSCALL=execve AUID="heroic" UID="heroic" GID="heroic" EUID="heroic" SUID="heroic" FSUID="heroic" EGID="heroic" SGID="heroic" FSGID="heroic"
type=USER_START msg=audit(1769929201.718:6837): pid=2860 uid=1101 auid=1233 ses=3 subj=unconfined msg='op=PAM:session_open grantors=pam_limits,pam_env,pam_env,pam_permit,pam_umask,pam_unix acct="root" exe="/bin/sh" hostname=? addr=? terminal=/dev/pts/0 res=success'UID="heroic" AUID="heroic"
type=PATH msg=audit(1769929099.902:6610): item=0 name="/proc/self/fd/9" inode=1596699 dev=8:2 mode=101117 ouid=0 ogid=0 rdev=0:0 nametype=NORMAL cap_fp=0 cap_fi=0 cap_fe=0 cap_fver=0 cap_frootid=0OUID="root" OGID="root"
type=PATH msg=audit(1769929187.681:7456): item=0 name="/usr/sbin/gjs" nametype=UNKNOWN cap_fp=0 cap_fi=0 cap_fe=0 cap_fver=0 cap_frootid=0
type=SYSCALL msg=audit(1769929204.431:7643): arch=c000003e syscall=59 success=yes exit=0 a0=56bd1acacb68 a1=56bd1acc1500 a2=56bd1ad503c0 a3=64 items=2 ppid=3319 pid=6810 auid=620 uid=0 gid=0 euid=0 suid=0 fsuid=0 egid=0 sgid=0 fsgid=0 tty=pts3 ses=5 comm="python" exe="/usr/bin/df" subj=unconfined key="process_exec"ARCH=x86_64 SYSCALL=execve AUID="heroic" UID="root" GID="root" EUID="root" SUID="root" FSUID="root" EGID="root" SGID="root" FSGID="root"
type=SYSCALL msg=audit(1769929084.177:9973): arch=c000003e syscall=59 success=yes exit=0 a0=64e1754ca420 a1=64e1754d1610 a2=64e1754c38f0 a3=64e1754cf8b0 items=2 ppid=7801 pid=5355 auid=567 uid=1201 gid=801 euid=875 suid=840 fsuid=1143 egid=1422 sgid=1249 fsgid=638 tty=pts0 ses=3 comm="sh" exe="/usr/bin/netstat" subj=unconfined key="process_exec"ARCH=x86_64 SYSCALL=execve AUID="heroic" UID="heroic" GID="heroic" EUID="heroic" SUID="heroic" FSUID="heroic" EGID="heroic" SGID="heroic" FSGID="heroic"
type=PATH msg=audit(1769928917.283:6976): item=1 name="/lib64/ld-linux-x86-64.so.2" inode=1575312 dev=8:2 mode=100311 ouid=0 ogid=0 rdev=0:0 nametype=NORMAL cap_fp=0 cap_fi=0 cap_fe=0 cap_fver=0 cap_frootid=0OUID="root" OGID="root"
type=PATH msg=audit(1769928610.771:4726): item=1 name="/bin/sh" inode=1573030 dev=8:2 mode=100526 ouid=0 ogid=0 rdev=0:0 nametype=NORMAL cap_fp=0 cap_fi=0 cap_fe=0 cap_fver=0 cap_frootid=0OUID="root" OGID="root"
type=PATH msg=audit(1769928727.183:8222): item=0 name="/usr/bin/rm" inode=1578536 dev=8:2 mode=100367 ouid=0 ogid=0 rdev=0:0 nametype=NORMAL cap_fp=0 cap_fi=0 cap_fe=0 cap_fver=0 cap_frootid=0OUID="root" OGID="root"
type=PATH msg=audit(1769929357.1051:7356): item=0 name="/usr/bin/ss" inode=1573855 dev=8:2 mode=100964 ouid=0 ogid=0 rdev=0:0 nametype=NORMAL cap_fp=0 cap_fi=0 cap_fe=0 cap_fver=0 cap_frootid=0OUID="root" OGID="root"
type=PATH msg=audit(1769929228.269:6929): item=0 name="/usr/bin/rmdir" inode=1578450 dev=8:2 mode=100776 ouid=0 ogid=0 rdev=0:0 nametype=NORMAL cap_fp=0 cap_fi=0 cap_fe=0 cap_fver=0 cap_frootid=0OUID="root" OGID="root"
type=SYSCALL msg=audit(1769929316.67:6258): arch=c000003e syscall=59 success=yes exit=0 a0=61d18ebc0b68 a1=61d18ebd0ba0 a2=61d18ebe37a0 a3=64 items=2 ppid=7609 pid=6143 auid=1088 uid=0 gid=0 euid=0 suid=0 fsuid=0 egid=0 sgid=0 fsgid=0 tty=pts4 ses=3 comm="python" exe="/usr/bin/netstat" subj=unconfined key="process_exec"ARCH=x86_64 SYSCALL=execve AUID="heroic" UID="root" GID="root" EUID="root" SUID="root" FSUID="root" EGID="root" SGID="root" FSGID="root"
type=CWD msg=audit(1769929249.761:4918): cwd="/root"
type=PROCTITLE msg=audit(1769928509.613:8758): proctitle=2F62696E2F7368002F7573722F6C69622F737973737461742F64656269616E2D73613100310031
type=PATH msg=audit(1769928670.312:4684): item=1 name="/lib64/ld-linux-x86-64.so.2" inode=1575214 dev=8:2 mode=100285 ouid=0 ogid=0 rdev=0:0 nametype=NORMAL cap_fp=0 cap_fi=0 cap_fe=0 cap_fver=0 cap_frootid=0OUID="root" OGID="root"
type=PROCTITLE msg=audit(1769929003.704:7560): proctitle=7375646F00726D002D66002F6574632F63726F6E2E642F686964735F70657273697374
type=PATH msg=audit(1769929374.500:5450): item=1 name="/lib64/ld-linux-x86-64.so.2" inode=1575109 dev=8:2 mode=100685 ouid=0 ogid=0 rdev=0:0 nametype=NORMAL cap_fp=0 cap_fi=0 cap_fe=0 cap_fver=0 cap_frootid=0OUID="root" OGID="root"
type=EXECVE msg=audit(1769929308.486:5797): argc=3 a0="chmod" a1="+x" a2="payload.sh"
type=USER_START msg=audit(1769928420.362:8382): pid=3895 uid=1055 auid=1348 ses=3 subj=unconfined msg='op=PAM:session_open grantors=pam_limits,pam_env,pam_env,pam_permit,pam_umask,pam_unix acct="root" exe="/usr/bin/df" hostname=? addr=? terminal=/dev/pts/0 res=success'UID="heroic" AUID="heroic"
type=PROCTITLE msg=audit(1769929109.450:7138): proctitle=2F7573722F6C69622F73797374656D642F73797374656D642D6578656375746F72002D2D646573657269616C697A6500313632002D2D6C6F672D6C6576656C00696E666F002D2D6C6F672D746172676574006A6F75726E616C2D6F722D6B6D7367
type=CWD msg=audit(1769928587.542:8230): cwd="/usr/local/bin"
type=USER_CMD msg=audit(1769929302.7:8488): pid=6630 uid=1257 auid=870 ses=3 subj=unconfined msg='cwd="/root" cmd="su" exe="/usr/bin/python3" terminal=pts/1 res=success'UID="heroic" AUID="heroic"
type=SYSCALL msg=audit(1769928601.491:5774): arch=c000003e syscall=114 success=yes exit=3 a0=ffffff9c a1=7ffd4975272c a2=514 a3=1b6 items=2 ppid=7208 pid=7059 auid=1388 uid=0 gid=0 euid=0 suid=0 fsuid=0 egid=0 sgid=0 fsgid=0 tty=pts4 ses=3 comm="last" exe="/usr/bin/netstat" subj=unconfined key="persistence"ARCH=x86_64 SYSCALL=openat AUID="heroic" UID="root" GID="root" EUID="root" SUID="root" FSUID="root" EGID="root" SGID="root" FSGID="root"
type=EXECVE msg=audit(1769928497.822:4961): argc=58 a0="rm" a1="-f" a2="file_10.dat" a3="file_11.dat" a4="file_12.dat" a5="file_13.dat" a6="file_14.dat" a7="file_15.dat" a8="file_16.dat" a9="file_17.dat" a10="file_18.dat" a11="file_19.dat" a12="file_1.dat" a13="file_20.dat" a14="file_21.dat" a15="file_22.dat" a16="file_23.dat" a17="file_24.dat" a18="file_25.dat" a19="file_26.dat" a20="file_27.dat" a21="file_28.dat" a22="file_29.dat" a23="file_2.dat" a24="file_30.dat" a25="file_31.dat" a26="file_32.dat" a27="file_33.dat" a28="file_34.dat" a29="file_35.dat" a30="file_36.dat" a31="file_37.dat" a32="file_38.dat" a33="file_39.dat" a34="file_3.dat" a35="file_40.dat" a36="file_41.dat" a37="file_42.dat" a38="file_43.dat" a39="file_44.dat" a40="file_45.dat" a41="file_46.dat" a42="file_47.dat" a43="file_48.dat" a44="file_49.dat" a45="file_4.dat" a46="file_50.dat" a47="file_5.dat" a48="file_6.dat" a49="file_7.dat" a50="file_8.dat" a51="file_9.dat" a52="payload.sh" a53="recon.txt" a54="netstat.txt" a55="processes.txt" a56="sudo_enum.txt" a57="sudo_test.txt"
type=PATH msg=audit(1769928528.694:8558): item=1 name="/lib64/ld-linux-x86-64.so.2" inode=1575543 dev=8:2 mode=101193 ouid=0 ogid=0 rdev=0:0 nametype=NORMAL cap_fp=0 cap_fi=0 cap_fe=0 cap_fver=0 cap_frootid=0OUID="root" OGID="root"
type=PATH msg=audit(1769929190.28:5690): item=1 name="/lib64/ld-linux-x86-64.so.2" inode=1575608 dev=8:2 mode=101001 ouid=0 ogid=0 rdev=0:0 nametype=NORMAL cap_fp=0 cap_fi=0 cap_fe=0 cap_fver=0 cap_frootid=0OUID="root" OGID="root"
type=PATH msg=audit(1769928576.58:7240): item=0 name="/usr/bin/tee" inode=1578121 dev=8:2 mode=101111 ouid=0 ogid=0 rdev=0:0 nametype=NORMAL cap_fp=0 cap_fi=0 cap_fe=0 cap_fver=0 cap_frootid=0OUID="root" OGID="root"
type=PATH msg=audit(1769928855.317:7647): item=1 name="/lib64/ld-linux-x86-64.so.2" inode=1575740 dev=8:2 mode=100875 ouid=0 ogid=0 rdev=0:0 nametype=NORMAL cap_fp=0 cap_fi=0 cap_fe=0 cap_fver=0 cap_frootid=0OUID="root" OGID="root"
type=USER_AUTH msg=audit(1769929304.533:8401): pid=3256 uid=0 auid=628 ses=4 subj=unconfined msg='op=PAM:authentication grantors=pam_succeed_if,pam_permit,pam_cap,pam_gnome_keyring acct="heroic" exe="/usr/bin/sudo" hostname=Ubuntu24 addr=? terminal=/dev/tty1 res=success'UID="root" AUID="heroic"
type=SYSCALL msg=audit(1769929026.387:6984): arch=c000003e syscall=59 success=yes exit=0 a0=64e1754cfc70 a1=64e1754ca900 a2=64e1754c38f0 a3=64e1754cff70 items=2 ppid=6293 pid=6351 auid=1209 uid=820 gid=1054 euid=0 suid=0 fsuid=0 egid=650 sgid=1255 fsgid=618 tty=pts0 ses=3 comm="netstat" exe="/usr/bin/df" subj=unconfined key="process_exec"ARCH=x86_64 SYSCALL=execve AUID="heroic" UID="heroic" GID="heroic" EUID="root" SUID="root" FSUID="root" EGID="heroic" SGID="heroic" FSGID="heroic"
type=SYSCALL msg=audit(1769928435.836:7893): arch=c000003e syscall=59 success=yes exit=0 a0=5da302dc8600 a1=5da302dcc3f0 a2=5da302dc08f0 a3=5da302dcc3f0 items=2 ppid=1271 pid=9204 auid=1108 uid=1377 gid=910 euid=0 suid=0 fsuid=0 egid=1130 sgid=1083 fsgid=961 tty=pts0 ses=3 comm="sh" exe="/bin/sh" subj=unconfined key="process_exec"ARCH=x86_64 SYSCALL=execve AUID="heroic" UID="heroic" GID="heroic" EUID="root" SUID="root" FSUID="root" EGID="heroic" SGID="heroic" FSGID="heroic"
type=PATH msg=audit(1769928684.1102:4406): item=1 name="/lib64/ld-linux-x86-64.so.2" inode=1574954 dev=8:2 mode=100363 ouid=0 ogid=0 rdev=0:0 nametype=NORMAL cap_fp=0 cap_fi=0 cap_fe=0 cap_fver=0 cap_frootid=0OUID="root" OGID="root"
type=PROCTITLE msg=audit(1769928669.562:4923): proctitle=2F7573722F7362696E2F43524F4E002D66002D50
type=EXECVE msg=audit(1769929241.1068:7799): argc=3 a0="/bin/sh" a1="-c" a2=6364202F2026262072756E2D7061727473202D2D7265706F7274202F6574632F63726F6E2E686F75726C79
type=SYSCALL msg=audit(1769929218.259:3861): arch=c000003e syscall=59 success=yes exit=0 a0=560b6b722b68 a1=560b6b732ba0 a2=560b6b7457a0 a3=64 items=2 ppid=5293 pid=7377 auid=1010 uid=0 gid=0 euid=0 suid=0 fsuid=0 egid=0 sgid=0 fsgid=0 tty=pts4 ses=3 comm="sort" exe="/bin/sh" subj=unconfined key="process_exec"ARCH=x86_64 SYSCALL=execve AUID="heroic" UID="root" GID="root" EUID="root" SUID="root" FSUID="root" EGID="root" SGID="root" FSGID="root"
type=EXECVE msg=audit(1769929042.1017:8921): argc=2 a0="/bin/bash" a1="./malicious_local.sh"
type=PATH msg=audit(1769928649.966:9140): item=0 name="/usr/bin/su" inode=1578700 dev=8:2 mode=104283 ouid=0 ogid=0 rdev=0:0 nametype=NORMAL cap_fp=0 cap_fi=0 cap_fe=0 cap_fver=0 cap_frootid=0OUID="root" OGID="root"
type=PATH msg=audit(1769929168.455:9395): item=1 name="/lib64/ld-linux-x86-64.so.2" inode=1575158 dev=8:2 mode=101163 ouid=0 ogid=0 rdev=0:0 nametype=NORMAL cap_fp=0 cap_fi=0 cap_fe=0 cap_fver=0 cap_frootid=0OUID="root" OGID="root"
type=EXECVE msg=audit(1769928611.756:9122): argc=2 a0="ps" a1="aux"
type=PATH msg=audit(1769928782.584:9513): item=1 name="/lib64/ld-linux-x86-64.so.2" inode=1575524 dev=8:2 mode=100507 ouid=0 ogid=0 rdev=0:0 nametype=NORMAL cap_fp=0 cap_fi=0 cap_fe=0 cap_fver=0 cap_frootid=0OUID="root" OGID="root"
type=PROCTITLE msg=audit(1769929352.451:6328): proctitle=2F7573722F62696E2F677067636F6E66002D2D76657273696F6E
type=PATH msg=audit(1769928842.105:6715): item=0 name="/usr/bin/gpg" inode=1573618 dev=8:2 mode=101019 ouid=0 ogid=0 rdev=0:0 nametype=NORMAL cap_fp=0 cap_fi=0 cap_fe=0 cap_fver=0 cap_frootid=0OUID="root" OGID="root"
type=PATH msg=audit(1769929233.351:7315): item=0 name="/usr/bin/tee" inode=1578303 dev=8:2 mode=100991 ouid=0 ogid=0 rdev=0:0 nametype=NORMAL cap_fp=0 cap_fi=0 cap_fe=0 cap_fver=0 cap_frootid=0OUID="root" OGID="root"
type=SYSCALL msg=audit(1769928945.212:6244): arch=c000003e syscall=59 success=yes exit=0 a0=64e1754cf190 a1=64e1754ca9b0 a2=64e1754c38f0 a3=8 items=2 ppid=8429 pid=6685 auid=1001 uid=1278 gid=570 euid=1362 suid=1049 fsuid=824 egid=654 sgid=759 fsgid=1302 tty=pts0 ses=3 comm="ss" exe="/usr/bin/netstat" subj=unconfined key="process_exec"ARCH=x86_64 SYSCALL=execve AUID="heroic" UID="heroic" GID="heroic" EUID="heroic" SUID="heroic" FSUID="heroic" EGID="heroic" SGID="heroic" FSGID="heroic"
type=USER_END msg=audit(1769928811.657:7013): pid=6951 uid=0 auid=585 ses=5 subj=unconfined msg='op=PAM:session_close grantors=pam_env,pam_env,pam_mail,pam_limits,pam_permit,pam_umask,pam_unix,pam_systemd acct="root" exe="/usr/bin/python3" hostname=? addr=? terminal=/dev/pts/1 res=success'UID="root" AUID="heroic"
type=PATH msg=audit(1769928476.19:6759): item=1 name="/lib64/ld-linux-x86-64.so.2" inode=1575606 dev=8:2 mode=101177 ouid=0 ogid=0 rdev=0:0 nametype=NORMAL cap_fp=0 cap_fi=0 cap_fe=0 cap_fver=0 cap_frootid=0OUID="root" OGID="root"
type=USER_END msg=audit(1769929295.390:4944): pid=8934 uid=1143 auid=1045 ses=3 subj=unconfined msg='op=PAM:session_close grantors=pam_limits,pam_env,pam_env,pam_permit,pam_umask,pam_unix acct="root" exe="/usr/bin/tail" hostname=? addr=? terminal=/dev/pts/0 res=success'UID="heroic" AUID="heroic"
type=USER_START msg=audit(1769929091.692:7754): pid=9437 uid=1021 auid=1362 ses=3 subj=unconfined msg='op=PAM:session_open grantors=pam_limits,pam_env,pam_env,pam_permit,pam_umask,pam_unix acct="root" exe="/usr/bin/sudo" hostname=? addr=? terminal=/dev/pts/0 res=success'UID="heroic" AUID="heroic"
type=SYSCALL msg=audit(1769928603.426:6906): arch=c000003e syscall=59 success=yes exit=0 a0=5da302dcc950 a1=5da302dcd550 a2=5da302dc08f0 a3=5da302dccf50 items=2 ppid=5323 pid=3279 auid=503 uid=944 gid=718 euid=533 suid=1301 fsuid=1477 egid=1412 sgid=1169 fsgid=721 tty=pts0 ses=3 comm="python" exe="/usr/bin/sort" subj=unconfined key="process_exec"ARCH=x86_64 SYSCALL=execve AUID="heroic" UID="heroic" GID="heroic" EUID="heroic" SUID="heroic" FSUID="heroic" EGID="heroic" SGID="heroic" FSGID="heroic"
type=CWD msg=audit(1769929279.1055:7333): cwd="/root"
type=CWD msg=audit(1769928557.273:4477): cwd="/tmp"
type=EXECVE msg=audit(1769928538.1297:7856): argc=2 a0="cat" a1="/var/log/audit/audit.log"
type=SYSCALL msg=audit(1769929366.796:7528): arch=c000003e syscall=59 success=yes exit=0 a0=64e1754cd270 a1=64e1754d00f0 a2=64e1754c38f0 a3=64e1754d00f0 items=2 ppid=5726 pid=1442 auid=1224 uid=546 gid=687 euid=876 suid=596 fsuid=792 egid=872 sgid=1080 fsgid=936 tty=pts0 ses=3 comm="netstat" exe="/bin/sh" subj=unconfined key="process_exec"ARCH=x86_64 SYSCALL=execve AUID="heroic" UID="heroic" GID="heroic" EUID="heroic" SUID="heroic" FSUID="heroic" EGID="heroic" SGID="heroic" FSGID="heroic"
type=USER_START msg=audit(1769928671.998:7459): pid=783 uid=1221 auid=1159 ses=3 subj=unconfined msg='op=PAM:session_open grantors=pam_limits,pam_env,pam_env,pam_permit,pam_umask,pam_unix acct="root" exe="/usr/bin/last" hostname=? addr=? terminal=/dev/pts/0 res=success'UID="heroic" AUID="heroic"
type=PATH msg=audit(1769928802.402:9325): item=0 name="/usr/bin/sudo" inode=1573869 dev=8:2 mode=104331 ouid=0 ogid=0 rdev=0:0 nametype=NORMAL cap_fp=0 cap_fi=0 cap_fe=0 cap_fver=0 cap_frootid=0OUID="root" OGID="root"
type=SYSCALL msg=audit(1769929248.443:5205): arch=c000003e syscall=59 success=yes exit=0 a0=56a2ccca82d6 a1=7ffeb4c10500 a2=56a2ccca8380 a3=56a2ccca82d6 items=2 ppid=3083 pid=5161 auid=0 uid=0 gid=0 euid=0 suid=0 fsuid=0 egid=0 sgid=0 fsgid=0 tty=(none) ses=8 comm="last" exe="/usr/bin/sort" subj=unconfined key="process_exec"ARCH=x86_64 SYSCALL=execve AUID="root" UID="root" GID="root" EUID="root" SUID="root" FSUID="root" EGID="root" SGID="root" FSGID="root"
type=CWD msg=audit(1769929040.43:7770): cwd="/tmp"
type=SYSCALL msg=audit(1769929042.805:7519): arch=c000003e syscall=59 success=yes exit=0 a0=64e1754cf190 a1=64e1754d0b60 a2=64e1754c38f0 a3=64e1754d0b60 items=2 ppid=5387 pid=4914 auid=1381 uid=1408 gid=1156 euid=0 suid=0 fsuid=0 egid=711 sgid=878 fsgid=1025 tty=pts0 ses=3 comm="netstat" exe="/usr/bin/sudo" subj=unconfined key="process_exec"ARCH=x86_64 SYSCALL=execve AUID="heroic" UID="heroic" GID="heroic" EUID="root" SUID="root" FSUID="root" EGID="heroic" SGID="heroic" FSGID="heroic"
type=SYSCALL msg=audit(1769928757.697:8878): arch=c000003e syscall=59 success=yes exit=0 a0=5eaf7e21a040 a1=5eaf7e185a30 a2=7ffd4a157088 a3=0 items=2 ppid=7584 pid=3370 auid=4294967127 uid=0 gid=0 euid=0 suid=0 fsuid=0 egid=0 sgid=0 fsgid=0 tty=(none) ses=4294967391 comm="tail" exe="/usr/bin/netstat" subj=unconfined key="process_exec"ARCH=x86_64 SYSCALL=execve AUID="unset" UID="root" GID="root" EUID="root" SUID="root" FSUID="root" EGID="root" SGID="root" FSGID="root"
type=PATH msg=audit(1769929323.48:5658): item=1 name="/lib64/ld-linux-x86-64.so.2" inode=1575050 dev=8:2 mode=100924 ouid=0 ogid=0 rdev=0:0 nametype=NORMAL cap_fp=0 cap_fi=0 cap_fe=0 cap_fver=0 cap_frootid=0OUID="root" OGID="root"
type=SYSCALL msg=audit(1769929160.211:8418): arch=c000003e syscall=59 success=yes exit=0 a0=6006a0801b38 a1=6006a08018e0 a2=6006a08018f8 a3=1 items=2 ppid=9476 pid=6897 auid=4294967404 uid=0 gid=373 euid=0 suid=0 fsuid=0 egid=177 sgid=119 fsgid=337 tty=(none) ses=4294967166 comm="sudo" exe="/usr/bin/sort" subj=unconfined key="process_exec"ARCH=x86_64 SYSCALL=execve AUID="unset" UID="root" GID="wazuh" EUID="root" SUID="root" FSUID="root" EGID="wazuh" SGID="wazuh" FSGID="wazuh"
type=PROCTITLE msg=audit(1769928954.385:4850): proctitle=2F7573722F6C69622F73797374656D642F73797374656D642D6578656375746F72002D2D646573657269616C697A6500313139002D2D6C6F672D6C6576656C00696E666F002D2D6C6F672D746172676574006A6F75726E616C2D6F722D6B6D7367
type=EXECVE msg=audit(1769929095.1331:4784): argc=2 a0="ps" a1="aux"
type=SYSCALL msg=audit(1769929009.236:7927): arch=c000003e syscall=59 success=yes exit=0 a0=64e1754cb600 a1=64e1754cf3f0 a2=64e1754c38f0 a3=64e1754cf3f0 items=2 ppid=9815 pid=5936 auid=743 uid=948 gid=959 euid=0 suid=0 fsuid=0 egid=642 sgid=1455 fsgid=1400 tty=pts0 ses=3 comm="sort" exe="/usr/bin/netstat" subj=unconfined key="process_exec"ARCH=x86_64 SYSCALL=execve AUID="heroic" UID="heroic" GID="heroic" EUID="root" SUID="root" FSUID="root" EGID="heroic" SGID="heroic" FSGID="heroic"
type=SYSCALL msg=audit(1769929041.795:9013): arch=c000003e syscall=59 success=yes exit=0 a0=5da302dcc970 a1=5da302dc7090 a2=5da302dc08f0 a3=5da302dcd3f0 items=2 ppid=903 pid=9618 auid=868 uid=675 gid=1440 euid=0 suid=0 fsuid=0 egid=1115 sgid=1014 fsgid=808 tty=pts0 ses=3 comm="last" exe="/usr/bin/tail" subj=unconfined key="process_exec"ARCH=x86_64 SYSCALL=execve AUID="heroic" UID="heroic" GID="heroic" EUID="root" SUID="root" FSUID="root" EGID="heroic" SGID="heroic" FSGID="heroic"
type=PATH msg=audit(1769928562.654:4784): item=1 name="/lib64/ld-linux-x86-64.so.2" inode=1575010 dev=8:2 mode=100742 ouid=0 ogid=0 rdev=0:0 nametype=NORMAL cap_fp=0 cap_fi=0 cap_fe=0 cap_fver=0 cap_frootid=0OUID="root" OGID="root"
type=CWD msg=audit(1769928925.566:4733): cwd="/usr/local/bin"
type=EXECVE msg=audit(1769928987.651:5329): argc=3 a0="mkdir" a1="-p" a2="/tmp/hids_malicious"
type=PATH msg=audit(1769929237.69:7988): item=0 name="/usr/bin/rm" inode=1577873 dev=8:2 mode=100520 ouid=0 ogid=0 rdev=0:0 nametype=NORMAL cap_fp=0 cap_fi=0 cap_fe=0 cap_fver=0 cap_frootid=0OUID="root" OGID="root"
type=EXECVE msg=audit(1769928993.74:5044): argc=2 a0="ss" a1="-tulnp"
type=CWD msg=audit(1769928764.621:7609): cwd="/home/heroic"
type=PROCTITLE msg=audit(1769929250.320:4560): proctitle="id"
type=PATH msg=audit(1769929200.503:9130): item=0 name="/usr/lib/sysstat/sadc" inode=1582196 dev=8:2 mode=100721 ouid=0 ogid=0 rdev=0:0 nametype=NORMAL cap_fp=0 cap_fi=0 cap_fe=0 cap_fver=0 cap_frootid=0OUID="root" OGID="root"
type=PATH msg=audit(1769929398.495:6229): item=1 name="/lib64/ld-linux-x86-64.so.2" inode=1575666 dev=8:2 mode=101016 ouid=0 ogid=0 rdev=0:0 nametype=NORMAL cap_fp=0 cap_fi=0 cap_fe=0 cap_fver=0 cap_frootid=0OUID="root" OGID="root"
type=SYSCALL msg=audit(1769929294.500:6170): arch=c000003e syscall=59 success=yes exit=0 a0=5da302dc8960 a1=5da302dcc3f0 a2=5da302dc08f0 a3=5da302dcc8b0 items=2 ppid=1229 pid=6051 auid=947 uid=1276 gid=1479 euid=739 suid=1394 fsuid=511 egid=788 sgid=664 fsgid=1147 tty=pts0 ses=3 comm="df" exe="/usr/bin/sort" subj=unconfined key="process_exec"ARCH=x86_64 SYSCALL=execve AUID="heroic" UID="heroic" GID="heroic" EUID="heroic" SUID="heroic" FSUID="heroic" EGID="heroic" SGID="heroic" FSGID="heroic"
type=CWD msg=audit(1769929299.57:5711): cwd="/tmp"
type=SYSCALL msg=audit(1769929152.441:6215): arch=c000003e syscall=59 success=yes exit=0 a0=64e1754cfa90 a1=64e1754cf570 a2=64e1754c38f0 a3=64e1754cf430 items=2 ppid=8868 pid=6580 auid=745 uid=669 gid=1398 euid=938 suid=1109 fsuid=1335 egid=1191 sgid=1378 fsgid=1276 tty=pts0 ses=3 comm="tail" exe="/usr/bin/tail" subj=unconfined key="process_exec"ARCH=x86_64 SYSCALL=execve AUID="heroic" UID="heroic" GID="heroic" EUID="heroic" SUID="heroic" FSUID="heroic" EGID="heroic" SGID="heroic" FSGID="heroic"
type=PATH msg=audit(1769929109.205:8368): item=0 name="/usr/bin/df" inode=1577630 dev=8:2 mode=100781 ouid=0 ogid=0 rdev=0:0 nametype=NORMAL cap_fp=0 cap_fi=0 cap_fe=0 cap_fver=0 cap_frootid=0OUID="root" OGID="root"
type=PROCTITLE msg=audit(1769929068.1061:5641): proctitle=7373002D74756C6E70
type=SYSCALL msg=audit(1769929178.795:8775): arch=c000003e syscall=59 success=yes exit=0 a0=593b4a2efb68 a1=593b4a304500 a2=593b4a3933c0 a3=64 items=2 ppid=5519 pid=8280 auid=952 uid=0 gid=0 euid=0 suid=0 fsuid=0 egid=0 sgid=0 fsgid=0 tty=pts3 ses=5 comm="sudo" exe="/usr/bin/sudo" subj=unconfined key="process_exec"ARCH=x86_64 SYSCALL=execve AUID="heroic" UID="root" GID="root" EUID="root" SUID="root" FSUID="root" EGID="root" SGID="root" FSGID="root"
type=PROCTITLE msg=audit(1769928527.734:5348): proctitle="whoami"
type=EXECVE msg=audit(1769929125.582:6174): argc=7 a0="/usr/lib/systemd/systemd-executor" a1="--deserialize" a2="492" a3="--log-level" a4="info" a5="--log-target" a6="journal-or-kmsg"
type=PATH msg=audit(1769929014.460:6752): item=1 name="/lib64/ld-linux-x86-64.so.2" inode=1575505 dev=8:2 mode=101016 ouid=0 ogid=0 rdev=0:0 nametype=NORMAL cap_fp=0 cap_fi=0 cap_fe=0 cap_fver=0 cap_frootid=0OUID="root" OGID="root"
type=EXECVE msg=audit(1769929110.1194:6078): argc=3 a0="mkdir" a1="-p" a2="/tmp/hids_malicious"
type=PATH msg=audit(1769929099.1021:9533): item=1 name="/lib64/ld-linux-x86-64.so.2" inode=1575839 dev=8:2 mode=101066 ouid=0 ogid=0 rdev=0:0 nametype=NORMAL cap_fp=0 cap_fi=0 cap_fe=0 cap_fver=0 cap_frootid=0OUID="root" OGID="root"
type=CWD msg=audit(1769928799.1064:9099): cwd="/tmp"
type=PATH msg=audit(1769928448.717:5747): item=1 name="/lib64/ld-linux-x86-64.so.2" inode=1575017 dev=8:2 mode=100291 ouid=0 ogid=0 rdev=0:0 nametype=NORMAL cap_fp=0 cap_fi=0 cap_fe=0 cap_fver=0 cap_frootid=0OUID="root" OGID="root"
type=USER_END msg=audit(1769928623.1207:7999): pid=1726 uid=1194 auid=1460 ses=3 subj=unconfined msg='op=PAM:session_close grantors=pam_limits,pam_env,pam_env,pam_permit,pam_umask,pam_unix acct="root" exe="/bin/sh" hostname=? addr=? terminal=/dev/pts/0 res=success'UID="heroic" AUID="heroic"
type=PATH msg=audit(1769929044.136:9235): item=1 name="/lib64/ld-linux-x86-64.so.2" inode=1575233 dev=8:2 mode=100949 ouid=0 ogid=0 rdev=0:0 nametype=NORMAL cap_fp=0 cap_fi=0 cap_fe=0 cap_fver=0 cap_frootid=0OUID="root" OGID="root"
type=SYSCALL msg=audit(1769929034.479:6811): arch=c000003e syscall=59 success=yes exit=0 a0=648e6f733b68 a1=648e6f743ba0 a2=648e6f7567a0 a3=64 items=2 ppid=6632 pid=3400 auid=536 uid=0 gid=0 euid=0 suid=0 fsuid=0 egid=0 sgid=0 fsgid=0 tty=pts4 ses=3 comm="sort" exe="/usr/bin/last" subj=unconfined key="process_exec"ARCH=x86_64 SYSCALL=execve AUID="heroic" UID="root" GID="root" EUID="root" SUID="root" FSUID="root" EGID="root" SGID="root" FSGID="root"
type=SYSCALL msg=audit(1769928787.1122:8453): arch=c000003e syscall=59 success=yes exit=0 a0=64e1754cff10 a1=64e1754cb880 a2=64e1754c38f0 a3=64e1754cb880 items=2 ppid=7192 pid=6222 auid=1095 uid=1387 gid=693 euid=868 suid=1191 fsuid=1458 egid=1474 sgid=1335 fsgid=1135 tty=pts0 ses=3 comm="netstat" exe="/usr/bin/netstat" subj=unconfined key="process_exec"ARCH=x86_64 SYSCALL=execve AUID="heroic" UID="heroic" GID="heroic" EUID="heroic" SUID="heroic" FSUID="heroic" EGID="heroic" SGID="heroic" FSGID="heroic"
type=EXECVE msg=audit(1769929094.276:5150): argc=3 a0="curl" a1="-s" a2="file:///tmp/hids_malicious/payload.sh"
type=SYSCALL msg=audit(1769928818.573:7785): arch=c000003e syscall=59 success=yes exit=0 a0=5da302dcd3b0 a1=5da302dcd390 a2=5da302dc08f0 a3=5da302dcd390 items=2 ppid=4901 pid=9695 auid=1424 uid=1027 gid=837 euid=0 suid=0 fsuid=0 egid=1086 sgid=765 fsgid=607 tty=pts0 ses=3 comm="python" exe="/usr/bin/sed" subj=unconfined key="process_exec"ARCH=x86_64 SYSCALL=execve AUID="heroic" UID="heroic" GID="heroic" EUID="root" SUID="root" FSUID="root" EGID="heroic" SGID="heroic" FSGID="heroic"
type=PROCTITLE msg=audit(1769929300.349:7614): proctitle=736C6565700035
type=PATH msg=audit(1769928746.451:8074): item=1 name="/lib64/ld-linux-x86-64.so.2" inode=1575762 dev=8:2 mode=100281 ouid=0 ogid=0 rdev=0:0 nametype=NORMAL cap_fp=0 cap_fi=0 cap_fe=0 cap_fver=0 cap_frootid=0OUID="root" OGID="root"
type=USER_ACCT msg=audit(1769929266.657:7382): pid=9740 uid=634 auid=813 ses=3 subj=unconfined msg='op=PAM:accounting grantors=pam_permit,pam_localuser acct="heroic" exe="/usr/bin/sed" hostname=? addr=? terminal=/dev/pts/0 res=success'UID="heroic" AUID="heroic"
type=EXECVE msg=audit(1769929301.679:6205): argc=3 a0="curl" a1="-s" a2="file:///tmp/hids_malicious/payload.sh"
type=PATH msg=audit(1769929093.394:5565): item=0 name="/bin/bash" inode=1573568 dev=8:2 mode=101245 ouid=0 ogid=0 rdev=0:0 nametype=NORMAL cap_fp=0 cap_fi=0 cap_fe=0 cap_fver=0 cap_frootid=0OUID="root" OGID="root"
type=SYSCALL msg=audit(1769928755.147:7615): arch=c000003e syscall=59 success=yes exit=0 a0=5da302dcc870 a1=5da302dcea50 a2=5da302dc08f0 a3=5da302dcc850 items=2 ppid=2914 pid=4917 auid=1293 uid=950 gid=603 euid=1335 suid=1455 fsuid=637 egid=877 sgid=708 fsgid=1443 tty=pts0 ses=3 comm="ss" exe="/bin/sh" subj=unconfined key="process_exec"ARCH=x86_64 SYSCALL=execve AUID="heroic" UID="heroic" GID="heroic" EUID="heroic" SUID="heroic" FSUID="heroic" EGID="heroic" SGID="heroic" FSGID="heroic"
type=PATH msg=audit(1769928719.337:7611): item=0 name="/etc/cron.d/" inode=1703907 dev=8:2 mode=41205 ouid=0 ogid=0 rdev=0:0 nametype=PARENT cap_fp=0 cap_fi=0 cap_fe=0 cap_fver=0 cap_frootid=0OUID="root" OGID="root"
type=PROCTITLE msg=audit(1769929051.330:4293): proctitle=6375726C002D730066696C653A2F2F2F746D702F686964735F6D616C6963696F75732F7061796C6F61642E7368
type=EXECVE msg=audit(1769928494.520:9353): argc=2 a0="sudo" a1="-l"
type=EXECVE msg=audit(1769928781.90:9466): argc=3 a0="chmod" a1="+x" a2="payload.sh"
type=EXECVE msg=audit(1769928795.411:6249): argc=2 a0="tee" a1="/etc/cron.d/hids_persist"
type=SYSCALL msg=audit(1769929190.640:6605): arch=c000003e syscall=59 success=yes exit=0 a0=5c267de4d020 a1=5c267de4d000 a2=5c267de4cdb0 a3=5c267de4d990 items=2 ppid=1967 pid=4186 auid=4294967385 uid=0 gid=0 euid=0 suid=0 fsuid=0 egid=0 sgid=0 fsgid=0 tty=(none) ses=4294967789 comm="python" exe="/usr/bin/tail" subj=unconfined key="process_exec"ARCH=x86_64 SYSCALL=execve AUID="unset" UID="root" GID="root" EUID="root" SUID="root" FSUID="root" EGID="root" SGID="root" FSGID="root"
type=PROCTITLE msg=audit(1769928846.662:6672): proctitle=626173656E616D65002F7573722F62696E2F6C65737370697065
type=PROCTITLE msg=audit(1769929160.294:4191): proctitle=7375646F0077686F616D69
type=EXECVE msg=audit(1769928773.836:5519): argc=3 a0="rm" a1="-f" a2="/etc/cron.d/hids_persist"
type=PATH msg=audit(1769928480.499:9266): item=1 name="/lib64/ld-linux-x86-64.so.2" inode=1575416 dev=8:2 mode=101030 ouid=0 ogid=0 rdev=0:0 nametype=NORMAL cap_fp=0 cap_fi=0 cap_fe=0 cap_fver=0 cap_frootid=0OUID="root" OGID="root"
type=PROCTITLE msg=audit(1769929014.69:5972): proctitle=7375646F002D6C
type=CWD msg=audit(1769929036.885:9166): cwd="/home/heroic"
type=EXECVE msg=audit(1769928445.545:7908): argc=1 a0="whoami"
type=CRED_DISP msg=audit(1769928553.610:9132): pid=5822 uid=988 auid=1485 ses=3 subj=unconfined msg='op=PAM:setcred grantors=pam_permit acct="root" exe="/usr/bin/last" hostname=? addr=? terminal=/dev/pts/0 res=success'UID="heroic" AUID="heroic"
type=CWD msg=audit(1769929326.514:8318): cwd="/tmp"
type=PATH msg=audit(1769929151.102:7512): item=1 name="/lib64/ld-linux-x86-64.so.2" inode=1575493 dev=8:2 mode=101115 ouid=0 ogid=0 rdev=0:0 nametype=NORMAL cap_fp=0 cap_fi=0 cap_fe=0 cap_fver=0 cap_frootid=0OUID="root" OGID="root"
type=CWD msg=audit(1769929034.484:8787): cwd="/var/ossec"
type=PROCTITLE msg=audit(1769928580.338:6234): proctitle=6375726C002D730066696C653A2F2F2F746D702F686964735F6D616C6963696F75732F7061796C6F61642E7368
type=PROCTITLE msg=audit(1769928570.496:9278): proctitle=726D002D660066696C655F31302E6461740066696C655F31312E6461740066696C655F31322E6461740066696C655F31332E6461740066696C655F31342E6461740066696C655F31352E6461740066696C655F31362E6461740066696C655F31372E6461740066696C655F31382E6461740066696C655F31392E646174006669
type=SYSCALL msg=audit(1769929201.1130:5668): arch=c000003e syscall=59 success=yes exit=0 a0=64e1754cff30 a1=64e1754ca0f0 a2=64e1754c38f0 a3=64e1754d00f0 items=2 ppid=8677 pid=6434 auid=1196 uid=1435 gid=960 euid=1369 suid=1262 fsuid=972 egid=812 sgid=1491 fsgid=1190 tty=pts0 ses=3 comm="sed" exe="/usr/bin/netstat" subj=unconfined key="process_exec"ARCH=x86_64 SYSCALL=execve AUID="heroic" UID="heroic" GID="heroic" EUID="heroic" SUID="heroic" FSUID="heroic" EGID="heroic" SGID="heroic" FSGID="heroic"
type=SYSCALL msg=audit(1769928910.573:9722): arch=c000003e syscall=59 success=yes exit=0 a0=64e1754caf80 a1=64e1754cd270 a2=64e1754c38f0 a3=64e1754cd270 items=2 ppid=4096 pid=9420 auid=1175 uid=1027 gid=1344 euid=1345 suid=853 fsuid=903 egid=1353 sgid=1447 fsgid=1419 tty=pts0 ses=3 comm="ss" exe="/usr/bin/last" subj=unconfined key="process_exec"ARCH=x86_64 SYSCALL=execve AUID="heroic" UID="heroic" GID="heroic" EUID="heroic" SUID="heroic" FSUID="heroic" EGID="heroic" SGID="heroic" FSGID="heroic"
type=PATH msg=audit(1769928627.359:9891): item=0 name="/usr/bin/sed" inode=1574056 dev=8:2 mode=100554 ouid=0 ogid=0 rdev=0:0 nametype=NORMAL cap_fp=0 cap_fi=0 cap_fe=0 cap_fver=0 cap_frootid=0OUID="root" OGID="root"
type=PROCTITLE msg=audit(1769928765.802:5003): proctitle=2F7573722F62696E2F656E7600676A73002F7573722F73686172652F676E6F6D652D7368656C6C2F657874656E73696F6E732F64696E6740726173746572736F66742E636F6D2F6170702F64696E672E6A73002D45002D50002F7573722F73686172652F676E6F6D652D7368656C6C2F657874656E73696F6E732F64696E6740
type=CRED_REFR msg=audit(1769928775.163:7401): pid=4115 uid=1082 auid=821 ses=3 subj=unconfined msg='op=PAM:setcred grantors=pam_permit,pam_cap acct="root" exe="/usr/bin/last" hostname=? addr=? terminal=/dev/pts/0 res=success'UID="heroic" AUID="heroic"
type=PATH msg=audit(1769928720.1227:7409): item=1 name="/lib64/ld-linux-x86-64.so.2" inode=1575556 dev=8:2 mode=100495 ouid=0 ogid=0 rdev=0:0 nametype=NORMAL cap_fp=0 cap_fi=0 cap_fe=0 cap_fver=0 cap_frootid=0OUID="root" OGID="root"
type=CWD msg=audit(1769929008.626:9310): cwd="/usr/local/bin"
type=USER_AUTH msg=audit(1769929163.655:5445): pid=10163 uid=0 auid=644 ses=3 subj=unconfined msg='op=PAM:authentication grantors=pam_rootok acct="root" exe="/usr/bin/sort" hostname=? addr=? terminal=/dev/pts/4 res=success'UID="root" AUID="heroic"
type=CWD msg=audit(1769928888.753:5840): cwd="/home/heroic"
type=PATH msg=audit(1769929127.448:7490): item=1 name="/etc/cron.d/hids_persist" inode=1703713 dev=8:2 mode=100712 ouid=0 ogid=0 rdev=0:0 nametype=DELETE cap_fp=0 cap_fi=0 cap_fe=0 cap_fver=0 cap_frootid=0OUID="root" OGID="root"
type=PROCTITLE msg=audit(1769928841.405:9334): proctitle=726D002D66002F6574632F63726F6E2E642F686964735F70657273697374
type=SYSCALL msg=audit(1769929334.55:7617): arch=c000003e syscall=59 success=yes exit=0 a0=575c1f257f08 a1=575be3050600 a2=575c1f257d98 a3=1 items=2 ppid=7873 pid=10026 auid=573 uid=1077 gid=1366 euid=514 suid=571 fsuid=748 egid=1483 sgid=1372 fsgid=1015 tty=pts2 ses=5 comm="df" exe="/usr/bin/python3" subj=unconfined key="process_exec"ARCH=x86_64 SYSCALL=execve AUID="heroic" UID="heroic" GID="heroic" EUID="heroic" SUID="heroic" FSUID="heroic" EGID="heroic" SGID="heroic" FSGID="heroic"
type=SYSCALL msg=audit(1769928817.189:6453): arch=c000003e syscall=59 success=yes exit=0 a0=5da302dcc950 a1=5da302dc8920 a2=5da302dc08f0 a3=5da302dc8920 items=2 ppid=3629 pid=9220 auid=1219 uid=985 gid=1240 euid=1427 suid=1185 fsuid=1210 egid=1218 sgid=623 fsgid=881 tty=pts0 ses=3 comm="sudo" exe="/usr/bin/sudo" subj=unconfined key="process_exec"ARCH=x86_64 SYSCALL=execve AUID="heroic" UID="heroic" GID="heroic" EUID="heroic" SUID="heroic" FSUID="heroic" EGID="heroic" SGID="heroic" FSGID="heroic"
type=PATH msg=audit(1769928827.335:6086): item=1 name="/lib64/ld-linux-x86-64.so.2" inode=1574923 dev=8:2 mode=100689 ouid=0 ogid=0 rdev=0:0 nametype=NORMAL cap_fp=0 cap_fi=0 cap_fe=0 cap_fver=0 cap_frootid=0OUID="root" OGID="root"
type=USER_CMD msg=audit(1769929193.259:10198): pid=8399 uid=0 auid=1452 ses=5 subj=unconfined msg='cwd="/var/ossec" cmd=6370202F7661722F6C6F672F61756469742F61756469742E6C6F67202F726F6F742F4465736B746F702F686964735F646174617365742F7261772F6D616C6963696F75735F72656D6F74652E6C6F67 exe="/usr/bin/netstat" terminal=pts/1 res=success'UID="root" AUID="heroic"
type=PATH msg=audit(1769929197.757:4487): item=1 name="/lib64/ld-linux-x86-64.so.2" inode=1575278 dev=8:2 mode=101098 ouid=0 ogid=0 rdev=0:0 nametype=NORMAL cap_fp=0 cap_fi=0 cap_fe=0 cap_fver=0 cap_frootid=0OUID="root" OGID="root"
type=PROCTITLE msg=audit(1769928655.713:6414): proctitle=726D002D660066696C655F31302E6461740066696C655F31312E6461740066696C655F31322E6461740066696C655F31332E6461740066696C655F31342E6461740066696C655F31352E6461740066696C655F31362E6461740066696C655F31372E6461740066696C655F31382E6461740066696C655F31392E646174006669
type=EXECVE msg=audit(1769928481.760:9893): argc=1 a0="bash"
type=PROCTITLE msg=audit(1769928721.502:7944): proctitle=707300617578
type=PATH msg=audit(1769928923.896:7168): item=2 name="/lib64/ld-linux-x86-64.so.2" inode=1575713 dev=8:2 mode=100795 ouid=0 ogid=0 rdev=0:0 nametype=NORMAL cap_fp=0 cap_fi=0 cap_fe=0 cap_fver=0 cap_frootid=0OUID="root" OGID="root"
type=PROCTITLE msg=audit(1769928705.990:6424): proctitle=7373002D74756C6E70
type=EXECVE msg=audit(1769928615.1246:9091): argc=1 a0="id"
type=SYSCALL msg=audit(1769928764.573:5497): arch=c000003e syscall=59 success=yes exit=0 a0=5da302dccd10 a1=5da302dc7090 a2=5da302dc08f0 a3=8 items=2 ppid=5210 pid=1759 auid=970 uid=586 gid=1141 euid=1453 suid=1058 fsuid=846 egid=599 sgid=1192 fsgid=1366 tty=pts0 ses=3 comm="sort" exe="/bin/sh" subj=unconfined key="process_exec"ARCH=x86_64 SYSCALL=execve AUID="heroic" UID="heroic" GID="heroic" EUID="heroic" SUID="heroic" FSUID="heroic" EGID="heroic" SGID="heroic" FSGID="heroic"
type=PATH msg=audit(1769929347.387:6316): item=0 name="/usr/bin/rm" inode=1578481 dev=8:2 mode=101245 ouid=0 ogid=0 rdev=0:0 nametype=NORMAL cap_fp=0 cap_fi=0 cap_fe=0 cap_fver=0 cap_frootid=0OUID="root" OGID="root"
type=PATH msg=audit(1769928726.347:8675): item=0 name="/usr/bin/df" inode=1577949 dev=8:2 mode=100803 ouid=0 ogid=0 rdev=0:0 nametype=NORMAL cap_fp=0 cap_fi=0 cap_fe=0 cap_fver=0 cap_frootid=0OUID="root" OGID="root"
type=SYSCALL msg=audit(1769929324.408:6098): arch=c000003e syscall=59 success=yes exit=0 a0=5da302dc7dc0 a1=5da302dc2360 a2=5da302dc08f0 a3=5da302dc2950 items=2 ppid=8400 pid=5542 auid=1180 uid=1484 gid=641 euid=622 suid=1132 fsuid=735 egid=1308 sgid=896 fsgid=990 tty=pts0 ses=3 comm="sed" exe="/usr/bin/tail" subj=unconfined key="process_exec"ARCH=x86_64 SYSCALL=execve AUID="heroic" UID="heroic" GID="heroic" EUID="heroic" SUID="heroic" FSUID="heroic" EGID="heroic" SGID="heroic" FSGID="heroic"
type=SYSCALL msg=audit(1769928616.1016:6321): arch=c000003e syscall=59 success=yes exit=0 a0=64e1754ccb60 a1=64e1754cd190 a2=64e1754c38f0 a3=64e1754cd190 items=2 ppid=6995 pid=743 auid=796 uid=961 gid=1085 euid=635 suid=845 fsuid=1450 egid=1025 sgid=589 fsgid=1498 tty=pts0 ses=3 comm="sudo" exe="/bin/sh" subj=unconfined key="process_exec"ARCH=x86_64 SYSCALL=execve AUID="heroic" UID="heroic" GID="heroic" EUID="heroic" SUID="heroic" FSUID="heroic" EGID="heroic" SGID="heroic" FSGID="heroic"
type=SYSCALL msg=audit(1769929305.311:6564): arch=c000003e syscall=59 success=yes exit=0 a0=5bf432dd3b68 a1=5bf432de3ba0 a2=5bf432df67a0 a3=64 items=2 ppid=8735 pid=4290 auid=1317 uid=0 gid=0 euid=0 suid=0 fsuid=0 egid=0 sgid=0 fsgid=0 tty=pts4 ses=3 comm="last" exe="/usr/bin/tail" subj=unconfined key="process_exec"ARCH=x86_64 SYSCALL=execve AUID="heroic" UID="root" GID="root" EUID="root" SUID="root" FSUID="root" EGID="root" SGID="root" FSGID="root"
type=EXECVE msg=audit(1769928489.284:5546): argc=1 a0="bash"
type=CWD msg=audit(1769928753.752:6540): cwd="/usr/local/bin"
type=CWD msg=audit(1769929361.20:5807): cwd="/var/ossec"
type=SERVICE_START msg=audit(1769928570.460:7855): pid=8796 uid=0 auid=4294967336 ses=4294967200 subj=unconfined msg='unit=fwupd-refresh comm="netstat" exe="/usr/bin/netstat" hostname=? addr=? terminal=? res=success'UID="root" AUID="unset"
type=PROCTITLE msg=audit(1769928624.549:8459): proctitle=726D002D66002F6574632F63726F6E2E642F686964735F70657273697374
type=SYSCALL msg=audit(1769929216.913:5531): arch=c000003e syscall=59 success=yes exit=0 a0=5e8dd7c3ce30 a1=5e8dd7c44ca0 a2=5e8dd7c3c820 a3=8 items=2 ppid=6900 pid=8231 auid=798 uid=0 gid=0 euid=0 suid=0 fsuid=0 egid=0 sgid=0 fsgid=0 tty=pts4 ses=3 comm="df" exe="/usr/bin/python3" subj=unconfined key="process_exec"ARCH=x86_64 SYSCALL=execve AUID="heroic" UID="root" GID="root" EUID="root" SUID="root" FSUID="root" EGID="root" SGID="root" FSGID="root"
type=CWD msg=audit(1769929104.135:6846): cwd="/tmp"
type=PROCTITLE msg=audit(1769928790.489:8940): proctitle=2F7573722F62696E2F677067002D2D76657273696F6E
type=CRED_REFR msg=audit(1769928534.542:6419): pid=7478 uid=876 auid=1472 ses=3 subj=unconfined msg='op=PAM:setcred grantors=pam_permit,pam_cap acct="root" exe="/usr/bin/netstat" hostname=? addr=? terminal=/dev/pts/0 res=success'UID="heroic" AUID="heroic"
type=EXECVE msg=audit(1769928792.236:8152): argc=4 a0="sudo" a1="rm" a2="-f" a3="/etc/cron.d/hids_persist"
type=PATH msg=audit(1769929282.1068:7461): item=1 name="/lib64/ld-linux-x86-64.so.2" inode=1575110 dev=8:2 mode=100485 ouid=0 ogid=0 rdev=0:0 nametype=NORMAL cap_fp=0 cap_fi=0 cap_fe=0 cap_fver=0 cap_frootid=0OUID="root" OGID="root"
type=PATH msg=audit(1769929089.874:6182): item=1 name="/lib64/ld-linux-x86-64.so.2" inode=1575488 dev=8:2 mode=100764 ouid=0 ogid=0 rdev=0:0 nametype=NORMAL cap_fp=0 cap_fi=0 cap_fe=0 cap_fver=0 cap_frootid=0OUID="root" OGID="root"
type=EXECVE msg=audit(1769929123.151:5645): argc=2 a0="ss" a1="-tulnp"
type=USER_ACCT msg=audit(1769928755.635:7450): pid=7556 uid=629 auid=682 ses=3 subj=unconfined msg='op=PAM:accounting grantors=pam_permit,pam_localuser acct="heroic" exe="/usr/bin/python3" hostname=? addr=? terminal=/dev/pts/0 res=success'UID="heroic" AUID="heroic"
type=PATH msg=audit(1769928720.527:8557): item=0 name="/usr/bin/mkdir" inode=1578259 dev=8:2 mode=100336 ouid=0 ogid=0 rdev=0:0 nametype=NORMAL cap_fp=0 cap_fi=0 cap_fe=0 cap_fver=0 cap_frootid=0OUID="root" OGID="root"
type=USER_END msg=audit(1769928426.300:6485): pid=4901 uid=768 auid=1046 ses=3 subj=unconfined msg='op=PAM:session_close grantors=pam_limits,pam_env,pam_env,pam_permit,pam_umask,pam_unix acct="root" exe="/usr/bin/df" hostname=? addr=? terminal=/dev/pts/0 res=success'UID="heroic" AUID="heroic"
type=PROCTITLE msg=audit(1769928518.915:9602): proctitle=756E616D65002D61
type=CRED_REFR msg=audit(1769928816.458:8147): pid=6270 uid=936 auid=634 ses=3 subj=unconfined msg='op=PAM:setcred grantors=pam_permit,pam_cap acct="root" exe="/usr/bin/netstat" hostname=? addr=? terminal=/dev/pts/0 res=success'UID="heroic" AUID="heroic"
type=CWD msg=audit(1769928639.803:9767): cwd="/root"
type=PATH msg=audit(1769928972.13:4595): item=1 name="/lib64/ld-linux-x86-64.so.2" inode=1575622 dev=8:2 mode=101028 ouid=0 ogid=0 rdev=0:0 nametype=NORMAL cap_fp=0 cap_fi=0 cap_fe=0 cap_fver=0 cap_frootid=0OUID="root" OGID="root"
type=CWD msg=audit(1769928810.807:7727): cwd="/var/ossec"
type=SYSCALL msg=audit(1769929239.722:8269): arch=c000003e syscall=59 success=yes exit=0 a0=5da302dc7a40 a1=5da302dcc610 a2=5da302dc08f0 a3=8 items=2 ppid=8072 pid=1139 auid=1170 uid=1474 gid=1281 euid=1393 suid=930 fsuid=930 egid=928 sgid=844 fsgid=1049 tty=pts0 ses=3 comm="python" exe="/usr/bin/sort" subj=unconfined key="process_exec"ARCH=x86_64 SYSCALL=execve AUID="heroic" UID="heroic" GID="heroic" EUID="heroic" SUID="heroic" FSUID="heroic" EGID="heroic" SGID="heroic" FSGID="heroic"
type=EXECVE msg=audit(1769929103.290:4526): argc=3 a0="curl" a1="-s" a2="file:///tmp/hids_malicious/payload.sh"
type=PATH msg=audit(1769929216.206:6014): item=0 name="/usr/bin/mkdir" inode=1578208 dev=8:2 mode=100848 ouid=0 ogid=0 rdev=0:0 nametype=NORMAL cap_fp=0 cap_fi=0 cap_fe=0 cap_fver=0 cap_frootid=0OUID="root" OGID="root"
type=CRED_REFR msg=audit(1769928763.808:7312): pid=9943 uid=1146 auid=1144 ses=3 subj=unconfined msg='op=PAM:setcred grantors=pam_permit,pam_cap acct="root" exe="/usr/bin/sudo" hostname=? addr=? terminal=/dev/pts/0 res=success'UID="heroic" AUID="heroic"
type=USER_END msg=audit(1769929001.395:10108): pid=7188 uid=0 auid=813 ses=5 subj=unconfined msg='op=PAM:session_close grantors=pam_limits,pam_env,pam_env,pam_permit,pam_umask,pam_unix acct="root" exe="/usr/bin/netstat" hostname=? addr=? terminal=/dev/pts/1 res=success'UID="root" AUID="heroic"
type=PATH msg=audit(1769929131.692:6069): item=0 name="/usr/bin/gpgsm" inode=1573752 dev=8:2 mode=100486 ouid=0 ogid=0 rdev=0:0 nametype=NORMAL cap_fp=0 cap_fi=0 cap_fe=0 cap_fver=0 cap_frootid=0OUID="root" OGID="root"
type=CWD msg=audit(1769929020.552:6011): cwd="/usr/local/bin"
type=CWD msg=audit(1769929116.1000:6607): cwd="/var/ossec"
type=CWD msg=audit(1769929349.160:3986): cwd="/home/heroic"
type=EXECVE msg=audit(1769928661.806:4974): argc=4 a0="/usr/sbin/anacron" a1="-d" a2="-q" a3="-s"
type=CWD msg=audit(1769928661.137:9653): cwd="/home/heroic"
type=PATH msg=audit(1769928629.186:6247): item=0 name="/usr/bin/whoami" inode=1578230 dev=8:2 mode=100648 ouid=0 ogid=0 rdev=0:0 nametype=NORMAL cap_fp=0 cap_fi=0 cap_fe=0 cap_fver=0 cap_frootid=0OUID="root" OGID="root"
type=PATH msg=audit(1769929213.153:4717): item=1 name="/lib64/ld-linux-x86-64.so.2" inode=1575681 dev=8:2 mode=100855 ouid=0 ogid=0 rdev=0:0 nametype=NORMAL cap_fp=0 cap_fi=0 cap_fe=0 cap_fver=0 cap_frootid=0OUID="root" OGID="root"
type=CWD msg=audit(1769929088.386:7593): cwd="/home/heroic"
type=CWD msg=audit(1769929325.399:9570): cwd="/home/heroic"
type=SYSCALL msg=audit(1769928590.358:5824): arch=c000003e syscall=59 success=yes exit=0 a0=5eaf7e15f710 a1=7ffd4a156670 a2=7ffd4a157088 a3=0 items=2 ppid=6393 pid=1598 auid=4294966959 uid=0 gid=0 euid=0 suid=0 fsuid=0 egid=0 sgid=0 fsgid=0 tty=(none) ses=4294967008 comm="sh" exe="/usr/bin/sed" subj=unconfined key="process_exec"ARCH=x86_64 SYSCALL=execve AUID="unset" UID="root" GID="root" EUID="root" SUID="root" FSUID="root" EGID="root" SGID="root" FSGID="root"
type=PROCTITLE msg=audit(1769929301.1361:5296): proctitle=2F62696E2F7368002F6574632F67646D332F5072696D654F66662F44656661756C74
type=SYSCALL msg=audit(1769929122.108:4188): arch=c000003e syscall=59 success=yes exit=0 a0=64e1754cfd10 a1=64e1754d1a80 a2=64e1754c38f0 a3=1 items=2 ppid=8304 pid=1680 auid=1251 uid=1392 gid=712 euid=1391 suid=937 fsuid=532 egid=749 sgid=828 fsgid=517 tty=pts0 ses=3 comm="ss" exe="/usr/bin/python3" subj=unconfined key="process_exec"ARCH=x86_64 SYSCALL=execve AUID="heroic" UID="heroic" GID="heroic" EUID="heroic" SUID="heroic" FSUID="heroic" EGID="heroic" SGID="heroic" FSGID="heroic"
type=PATH msg=audit(1769928897.501:4805): item=0 name="/usr/bin/whoami" inode=1578548 dev=8:2 mode=100449 ouid=0 ogid=0 rdev=0:0 nametype=NORMAL cap_fp=0 cap_fi=0 cap_fe=0 cap_fver=0 cap_frootid=0OUID="root" OGID="root"
type=EXECVE msg=audit(1769928761.687:10346): argc=7 a0="/usr/lib/systemd/systemd-executor" a1="--deserialize" a2="189" a3="--log-level" a4="info" a5="--log-target" a6="journal-or-kmsg"
type=PATH msg=audit(1769928839.194:8295): item=0 name="/usr/bin/rmdir" inode=1578547 dev=8:2 mode=100379 ouid=0 ogid=0 rdev=0:0 nametype=NORMAL cap_fp=0 cap_fi=0 cap_fe=0 cap_fver=0 cap_frootid=0OUID="root" OGID="root"
type=PROCTITLE msg=audit(1769929131.71:4725): proctitle=746565002F6574632F63726F6E2E642F686964735F70657273697374
type=SYSCALL msg=audit(1769928939.418:4456): arch=c000003e syscall=59 success=yes exit=0 a0=64e1754cf410 a1=64e1754cf2b0 a2=64e1754c38f0 a3=64e1754cf2b0 items=2 ppid=2880 pid=2881 auid=562 uid=784 gid=1191 euid=928 suid=1275 fsuid=1120 egid=647 sgid=1303 fsgid=641 tty=pts0 ses=3 comm="sh" exe="/usr/bin/tail" subj=unconfined key="process_exec"ARCH=x86_64 SYSCALL=execve AUID="heroic" UID="heroic" GID="heroic" EUID="heroic" SUID="heroic" FSUID="heroic" EGID="heroic" SGID="heroic" FSGID="heroic"
type=EXECVE msg=audit(1769929030.606:5512): argc=58 a0="rm" a1="-f" a2="file_10.dat" a3="file_11.dat" a4="file_12.dat" a5="file_13.dat" a6="file_14.dat" a7="file_15.dat" a8="file_16.dat" a9="file_17.dat" a10="file_18.dat" a11="file_19.dat" a12="file_1.dat" a13="file_20.dat" a14="file_21.dat" a15="file_22.dat" a16="file_23.dat" a17="file_24.dat" a18="file_25.dat" a19="file_26.dat" a20="file_27.dat" a21="file_28.dat" a22="file_29.dat" a23="file_2.dat" a24="file_30.dat" a25="file_31.dat" a26="file_32.dat" a27="file_33.dat" a28="file_34.dat" a29="file_35.dat" a30="file_36.dat" a31="file_37.dat" a32="file_38.dat" a33="file_39.dat" a34="file_3.dat" a35="file_40.dat" a36="file_41.dat" a37="file_42.dat" a38="file_43.dat" a39="file_44.dat" a40="file_45.dat" a41="file_46.dat" a42="file_47.dat" a43="file_48.dat" a44="file_49.dat" a45="file_4.dat" a46="file_50.dat" a47="file_5.dat" a48="file_6.dat" a49="file_7.dat" a50="file_8.dat" a51="file_9.dat" a52="payload.sh" a53="recon.txt" a54="netstat.txt" a55="processes.txt" a56="sudo_enum.txt" a57="sudo_test.txt"
type=CWD msg=audit(1769928485.107:6412): cwd="/home/heroic"
type=PATH msg=audit(1769929204.581:4558): item=0 name="/usr/bin/whoami" inode=1578575 dev=8:2 mode=100484 ouid=0 ogid=0 rdev=0:0 nametype=NORMAL cap_fp=0 cap_fi=0 cap_fe=0 cap_fver=0 cap_frootid=0OUID="root" OGID="root"
type=EXECVE msg=audit(1769929174.549:4583): argc=3 a0="rm" a1="-f" a2="/etc/cron.d/hids_persist"
type=USER_END msg=audit(1769929265.441:8379): pid=2998 uid=879 auid=751 ses=3 subj=unconfined msg='op=PAM:session_close grantors=pam_limits,pam_env,pam_env,pam_permit,pam_umask,pam_unix acct="root" exe="/usr/bin/sort" hostname=? addr=? terminal=/dev/pts/0 res=success'UID="heroic" AUID="heroic"
type=CWD msg=audit(1769928473.490:9094): cwd="/root"
type=PATH msg=audit(1769928800.174:5808): item=0 name="/usr/libexec/gdm-session-worker" inode=1589750 dev=8:2 mode=100569 ouid=0 ogid=0 rdev=0:0 nametype=NORMAL cap_fp=0 cap_fi=0 cap_fe=0 cap_fver=0 cap_frootid=0OUID="root" OGID="root"
type=PATH msg=audit(1769928760.1357:5997): item=1 name="/lib64/ld-linux-x86-64.so.2" inode=1575834 dev=8:2 mode=101069 ouid=0 ogid=0 rdev=0:0 nametype=NORMAL cap_fp=0 cap_fi=0 cap_fe=0 cap_fver=0 cap_frootid=0OUID="root" OGID="root"
type=CWD msg=audit(1769928855.851:4616): cwd="/var/ossec"
type=EXECVE msg=audit(1769928731.1078:4020): argc=2 a0="basename" a1="/usr/bin/lesspipe"
type=PROCTITLE msg=audit(1769928444.775:5946): proctitle=746565002F6574632F63726F6E2E642F686964735F70657273697374
type=EXECVE msg=audit(1769929382.599:6633): argc=1 a0="id"
type=SYSCALL msg=audit(1769929119.630:8930): arch=c000003e syscall=59 success=yes exit=0 a0=64e1754cf4d0 a1=64e1754cf310 a2=64e1754c38f0 a3=64e1754cf310 items=2 ppid=1746 pid=2581 auid=1194 uid=1323 gid=846 euid=0 suid=0 fsuid=0 egid=858 sgid=954 fsgid=1152 tty=pts0 ses=3 comm="last" exe="/usr/bin/df" subj=unconfined key="process_exec"ARCH=x86_64 SYSCALL=execve AUID="heroic" UID="heroic" GID="heroic" EUID="root" SUID="root" FSUID="root" EGID="heroic" SGID="heroic" FSGID="heroic"
type=EXECVE msg=audit(1769929403.665:8074): argc=2 a0="uname" a1="-a"
type=PATH msg=audit(1769928795.593:9972): item=1 name="/lib64/ld-linux-x86-64.so.2" inode=1574940 dev=8:2 mode=101121 ouid=0 ogid=0 rdev=0:0 nametype=NORMAL cap_fp=0 cap_fi=0 cap_fe=0 cap_fver=0 cap_frootid=0OUID="root" OGID="root"
type=PATH msg=audit(1769928446.759:8182): item=1 name="/lib64/ld-linux-x86-64.so.2" inode=1575045 dev=8:2 mode=101057 ouid=0 ogid=0 rdev=0:0 nametype=NORMAL cap_fp=0 cap_fi=0 cap_fe=0 cap_fver=0 cap_frootid=0OUID="root" OGID="root"
type=PROCTITLE msg=audit(1769928610.97:4488): proctitle=7375646F00746565002F6574632F63726F6E2E642F686964735F70657273697374
type=PROCTITLE msg=audit(1769928660.67:4695): proctitle=736C656570003930
type=PATH msg=audit(1769929017.289:4775): item=1 name="/lib64/ld-linux-x86-64.so.2" inode=1575682 dev=8:2 mode=100668 ouid=0 ogid=0 rdev=0:0 nametype=NORMAL cap_fp=0 cap_fi=0 cap_fe=0 cap_fver=0 cap_frootid=0OUID="root" OGID="root"
type=PATH msg=audit(1769928603.265:6327): item=0 name="/usr/bin/chmod" inode=1578393 dev=8:2 mode=101096 ouid=0 ogid=0 rdev=0:0 nametype=NORMAL cap_fp=0 cap_fi=0 cap_fe=0 cap_fver=0 cap_frootid=0OUID="root" OGID="root"
type=SYSCALL msg=audit(1769928928.606:6151): arch=c000003e syscall=59 success=yes exit=0 a0=64e1754d05d0 a1=64e1754d03d0 a2=64e1754c38f0 a3=64e1754d03d0 items=2 ppid=9941 pid=7063 auid=1180 uid=836 gid=1073 euid=1307 suid=965 fsuid=1489 egid=961 sgid=898 fsgid=850 tty=pts0 ses=3 comm="last" exe="/usr/bin/last" subj=unconfined key="process_exec"ARCH=x86_64 SYSCALL=execve AUID="heroic" UID="heroic" GID="heroic" EUID="heroic" SUID="heroic" FSUID="heroic" EGID="heroic" SGID="heroic" FSGID="heroic"
type=SYSCALL msg=audit(1769928429.291:5957): arch=c000003e syscall=225 success=yes exit=0 a0=ffffff9c a1=5910fa6b24a0 a2=0 a3=5910fa6b3900 items=2 ppid=9116 pid=7989 auid=702 uid=0 gid=0 euid=0 suid=0 fsuid=0 egid=0 sgid=0 fsgid=0 tty=pts4 ses=3 comm="python" exe="/usr/bin/df" subj=unconfined key="persistence"ARCH=x86_64 SYSCALL=unlinkat AUID="heroic" UID="root" GID="root" EUID="root" SUID="root" FSUID="root" EGID="root" SGID="root" FSGID="root"
type=PATH msg=audit(1769928611.53:8643): item=1 name="/lib64/ld-linux-x86-64.so.2" inode=1575674 dev=8:2 mode=100279 ouid=0 ogid=0 rdev=0:0 nametype=NORMAL cap_fp=0 cap_fi=0 cap_fe=0 cap_fver=0 cap_frootid=0OUID="root" OGID="root"
type=PATH msg=audit(1769929006.362:5597): item=1 name="/etc/cron.d/hids_persist" inode=1703939 dev=8:2 mode=100989 ouid=0 ogid=0 rdev=0:0 nametype=DELETE cap_fp=0 cap_fi=0 cap_fe=0 cap_fver=0 cap_frootid=0OUID="root" OGID="root"
type=PATH msg=audit(1769928674.161:8291): item=0 name="/usr/lib/sysstat/sa1" inode=1582179 dev=8:2 mode=100330 ouid=0 ogid=0 rdev=0:0 nametype=NORMAL cap_fp=0 cap_fi=0 cap_fe=0 cap_fver=0 cap_frootid=0OUID="root" OGID="root"
type=PATH msg=audit(1769928767.674:8746): item=1 name="/etc/cron.d/hids_persist" inode=1704659 dev=8:2 mode=100239 ouid=0 ogid=0 rdev=0:0 nametype=CREATE cap_fp=0 cap_fi=0 cap_fe=0 cap_fver=0 cap_frootid=0OUID="root" OGID="root"
type=PATH msg=audit(1769929101.300:5988): item=1 name="/lib64/ld-linux-x86-64.so.2" inode=1575164 dev=8:2 mode=100629 ouid=0 ogid=0 rdev=0:0 nametype=NORMAL cap_fp=0 cap_fi=0 cap_fe=0 cap_fver=0 cap_frootid=0OUID="root" OGID="root"
type=SYSCALL msg=audit(1769929144.381:6912): arch=c000003e syscall=59 success=yes exit=0 a0=64e1754cb960 a1=64e1754cd980 a2=64e1754c38f0 a3=64e1754ced50 items=2 ppid=1292 pid=738 auid=729 uid=528 gid=859 euid=0 suid=0 fsuid=0 egid=719 sgid=929 fsgid=1182 tty=pts0 ses=3 comm="df" exe="/usr/bin/python3" subj=unconfined key="process_exec"ARCH=x86_64 SYSCALL=execve AUID="heroic" UID="heroic" GID="heroic" EUID="root" SUID="root" FSUID="root" EGID="heroic" SGID="heroic" FSGID="heroic"
type=EXECVE msg=audit(1769928711.1083:4460): argc=3 a0="curl" a1="-s" a2="file:///tmp/hids_malicious/payload.sh"
type=PROCTITLE msg=audit(1769929370.20:8513): proctitle=2F7573722F6C69622F73797374656D642F73797374656D642D6578656375746F72002D2D646573657269616C697A6500313632002D2D6C6F672D6C6576656C00696E666F002D2D6C6F672D746172676574006A6F75726E616C2D6F722D6B6D7367
type=CWD msg=audit(1769929148.845:7577): cwd="/usr/local/bin"
type=PATH msg=audit(1769929343.877:6335): item=0 name="/usr/bin/ss" inode=1574019 dev=8:2 mode=100802 ouid=0 ogid=0 rdev=0:0 nametype=NORMAL cap_fp=0 cap_fi=0 cap_fe=0 cap_fver=0 cap_frootid=0OUID="root" OGID="root"
type=USER_START msg=audit(1769928419.702:7773): pid=7554 uid=813 auid=831 ses=3 subj=unconfined msg='op=PAM:session_open grantors=pam_limits,pam_env,pam_env,pam_permit,pam_umask,pam_unix acct="root" exe="/usr/bin/python3" hostname=? addr=? terminal=/dev/pts/0 res=success'UID="heroic" AUID="heroic"
type=CRED_DISP msg=audit(1769928445.714:6286): pid=7353 uid=0 auid=0 ses=7 subj=unconfined msg='op=PAM:setcred grantors=pam_permit acct="root" exe="/usr/bin/df" hostname=? addr=? terminal=cron res=success'UID="root" AUID="root"
type=USER_ACCT msg=audit(1769928707.829:7537): pid=4689 uid=1164 auid=1386 ses=3 subj=unconfined msg='op=PAM:accounting grantors=pam_permit,pam_localuser acct="heroic" exe="/usr/bin/last" hostname=? addr=? terminal=/dev/pts/0 res=success'UID="heroic" AUID="heroic"
type=PATH msg=audit(1769928760.978:8606): item=1 name="/lib64/ld-linux-x86-64.so.2" inode=1575549 dev=8:2 mode=100544 ouid=0 ogid=0 rdev=0:0 nametype=NORMAL cap_fp=0 cap_fi=0 cap_fe=0 cap_fver=0 cap_frootid=0OUID="root" OGID="root"
type=SYSCALL msg=audit(1769928420.656:8084): arch=c000003e syscall=59 success=yes exit=0 a0=5da302dc8980 a1=5da302dcd510 a2=5da302dc08f0 a3=8 items=2 ppid=4823 pid=8354 auid=970 uid=1463 gid=535 euid=558 suid=1101 fsuid=509 egid=858 sgid=1388 fsgid=1087 tty=pts0 ses=3 comm="last" exe="/usr/bin/sudo" subj=unconfined key="process_exec"ARCH=x86_64 SYSCALL=execve AUID="heroic" UID="heroic" GID="heroic" EUID="heroic" SUID="heroic" FSUID="heroic" EGID="heroic" SGID="heroic" FSGID="heroic"
type=PROCTITLE msg=audit(1769928667.316:9460): proctitle=2F7573722F6C69622F73797374656D642F73797374656D642D6578656375746F72002D2D646573657269616C697A6500313139002D2D6C6F672D6C6576656C00696E666F002D2D6C6F672D746172676574006A6F75726E616C2D6F722D6B6D7367
type=CRED_DISP msg=audit(1769929084.1047:5749): pid=3619 uid=1452 auid=1136 ses=3 subj=unconfined msg='op=PAM:setcred grantors=pam_permit acct="root" exe="/usr/bin/sed" hostname=? addr=? terminal=/dev/pts/0 res=success'UID="heroic" AUID="heroic"
type=PATH msg=audit(1769928934.223:6011): item=0 name="/proc/self/fd/9" inode=1596453 dev=8:2 mode=100597 ouid=0 ogid=0 rdev=0:0 nametype=NORMAL cap_fp=0 cap_fi=0 cap_fe=0 cap_fver=0 cap_frootid=0OUID="root" OGID="root"
type=SYSCALL msg=audit(1769928443.323:5750): arch=c000003e syscall=59 success=yes exit=0 a0=568a2f28ab68 a1=568a2f29abe0 a2=568a2f2ad360 a3=64 items=2 ppid=8107 pid=4746 auid=540 uid=0 gid=0 euid=0 suid=0 fsuid=0 egid=0 sgid=0 fsgid=0 tty=pts4 ses=3 comm="last" exe="/usr/bin/df" subj=unconfined key="process_exec"ARCH=x86_64 SYSCALL=execve AUID="heroic" UID="root" GID="root" EUID="root" SUID="root" FSUID="root" EGID="root" SGID="root" FSGID="root"
type=SYSCALL msg=audit(1769928765.559:9327): arch=c000003e syscall=59 success=yes exit=0 a0=55e32b46b618 a1=55e32b46b5a0 a2=55e32b46b5c0 a3=8 items=2 ppid=5214 pid=1515 auid=4294967325 uid=0 gid=589 euid=0 suid=0 fsuid=0 egid=474 sgid=461 fsgid=191 tty=(none) ses=4294967643 comm="sort" exe="/usr/bin/sed" subj=unconfined key="process_exec"ARCH=x86_64 SYSCALL=execve AUID="unset" UID="root" GID="wazuh" EUID="root" SUID="root" FSUID="root" EGID="wazuh" SGID="wazuh" FSGID="wazuh"
type=CWD msg=audit(1769928589.413:4931): cwd="/tmp"
type=PATH msg=audit(1769928943.496:6089): item=1 name="/lib64/ld-linux-x86-64.so.2" inode=1574878 dev=8:2 mode=100737 ouid=0 ogid=0 rdev=0:0 nametype=NORMAL cap_fp=0 cap_fi=0 cap_fe=0 cap_fver=0 cap_frootid=0OUID="root" OGID="root"
type=PROCTITLE msg=audit(1769928428.290:4401): proctitle=7375646F007461696C002D66002F7661722F6C6F672F61756469742F61756469742E6C6F67
type=SERVICE_STOP msg=audit(1769929364.167:5570): pid=8052 uid=0 auid=4294967771 ses=4294967242 subj=unconfined msg='unit=sysstat-collect comm="sed" exe="/usr/bin/df" hostname=? addr=? terminal=? res=success'UID="root" AUID="unset"
type=PATH msg=audit(1769928930.335:7993): item=0 name="/usr/bin/sleep" inode=1578236 dev=8:2 mode=101198 ouid=0 ogid=0 rdev=0:0 nametype=NORMAL cap_fp=0 cap_fi=0 cap_fe=0 cap_fver=0 cap_frootid=0OUID="root" OGID="root"
type=EXECVE msg=audit(1769929236.77:4925): argc=4 a0="/bin/sh" a1="/usr/lib/sysstat/debian-sa1" a2="1" a3="1"
type=SYSCALL msg=audit(1769928508.950:4566): arch=c000003e syscall=59 success=yes exit=0 a0=64e1754caf80 a1=64e1754cd270 a2=64e1754c38f0 a3=64e1754cd270 items=2 ppid=4324 pid=3776 auid=1222 uid=1243 gid=570 euid=798 suid=588 fsuid=1379 egid=628 sgid=517 fsgid=717 tty=pts0 ses=3 comm="sed" exe="/bin/sh" subj=unconfined key="process_exec"ARCH=x86_64 SYSCALL=execve AUID="heroic" UID="heroic" GID="heroic" EUID="heroic" SUID="heroic" FSUID="heroic" EGID="heroic" SGID="heroic" FSGID="heroic"
type=PATH msg=audit(1769929058.506:5095): item=0 name="/usr/bin/bash" inode=1573008 dev=8:2 mode=100651 ouid=0 ogid=0 rdev=0:0 nametype=NORMAL cap_fp=0 cap_fi=0 cap_fe=0 cap_fver=0 cap_frootid=0OUID="root" OGID="root"
type=PATH msg=audit(1769928984.462:5811): item=0 name="/usr/libexec/gdm-session-worker" inode=1590384 dev=8:2 mode=100308 ouid=0 ogid=0 rdev=0:0 nametype=NORMAL cap_fp=0 cap_fi=0 cap_fe=0 cap_fver=0 cap_frootid=0OUID="root" OGID="root"
type=PROCTITLE msg=audit(1769928565.879:4192): proctitle=63686D6F64002B78007061796C6F61642E7368
type=PROCTITLE msg=audit(1769928730.370:6272): proctitle=726D002D66002F6574632F63726F6E2E642F686964735F70657273697374
type=PATH msg=audit(1769928847.616:4007): item=1 name="/lib64/ld-linux-x86-64.so.2" inode=1575123 dev=8:2 mode=101169 ouid=0 ogid=0 rdev=0:0 nametype=NORMAL cap_fp=0 cap_fi=0 cap_fe=0 cap_fver=0 cap_frootid=0OUID="root" OGID="root"
type=CRED_DISP msg=audit(1769929055.233:7804): pid=4578 uid=1281 auid=1432 ses=3 subj=unconfined msg='op=PAM:setcred grantors=pam_permit acct="root" exe="/usr/bin/tail" hostname=? addr=? terminal=/dev/pts/0 res=success'UID="heroic" AUID="heroic"
type=CRED_REFR msg=audit(1769928534.681:7922): pid=4824 uid=830 auid=1482 ses=3 subj=unconfined msg='op=PAM:setcred grantors=pam_permit,pam_cap acct="root" exe="/usr/bin/sort" hostname=? addr=? terminal=/dev/pts/0 res=success'UID="heroic" AUID="heroic"
type=PATH msg=audit(1769929376.135:5628): item=0 name="/etc/cron.d/" inode=1704116 dev=8:2 mode=40524 ouid=0 ogid=0 rdev=0:0 nametype=PARENT cap_fp=0 cap_fi=0 cap_fe=0 cap_fver=0 cap_frootid=0OUID="root" OGID="root"
type=SYSCALL msg=audit(1769928905.458:8761): arch=c000003e syscall=59 success=yes exit=0 a0=5da302dcc4f0 a1=5da302dc7b20 a2=5da302dc08f0 a3=5da302dccd10 items=2 ppid=3721 pid=6250 auid=938 uid=598 gid=727 euid=717 suid=842 fsuid=1500 egid=1357 sgid=959 fsgid=984 tty=pts0 ses=3 comm="sed" exe="/usr/bin/tail" subj=unconfined key="process_exec"ARCH=x86_64 SYSCALL=execve AUID="heroic" UID="heroic" GID="heroic" EUID="heroic" SUID="heroic" FSUID="heroic" EGID="heroic" SGID="heroic" FSGID="heroic"
type=USER_ACCT msg=audit(1769928533.558:6870): pid=1697 uid=1108 auid=1058 ses=3 subj=unconfined msg='op=PAM:accounting grantors=pam_permit,pam_localuser acct="heroic" exe="/usr/bin/sort" hostname=? addr=? terminal=/dev/pts/0 res=success'UID="heroic" AUID="heroic"
type=PATH msg=audit(1769928912.559:8477): item=0 name="/usr/bin/chmod" inode=1577704 dev=8:2 mode=101065 ouid=0 ogid=0 rdev=0:0 nametype=NORMAL cap_fp=0 cap_fi=0 cap_fe=0 cap_fver=0 cap_frootid=0OUID="root" OGID="root"
type=EXECVE msg=audit(1769929100.977:5114): argc=1 a0="id"
type=PROCTITLE msg=audit(1769929120.532:5925): proctitle=756E616D65002D61
type=EXECVE msg=audit(1769929174.1161:8114): argc=2 a0="sudo" a1="-l"
type=PATH msg=audit(1769928926.563:7402): item=1 name="/lib64/ld-linux-x86-64.so.2" inode=1575708 dev=8:2 mode=100462 ouid=0 ogid=0 rdev=0:0 nametype=NORMAL cap_fp=0 cap_fi=0 cap_fe=0 cap_fver=0 cap_frootid=0OUID="root" OGID="root"
type=PROCTITLE msg=audit(1769928943.1:5665): proctitle=736C656570003930
type=PROCTITLE msg=audit(1769929133.756:4978): proctitle=756E616D65002D61
type=PATH msg=audit(1769928724.1032:4983): item=0 name="/usr/bin/mkdir" inode=1577810 dev=8:2 mode=101113 ouid=0 ogid=0 rdev=0:0 nametype=NORMAL cap_fp=0 cap_fi=0 cap_fe=0 cap_fver=0 cap_frootid=0OUID="root" OGID="root"
type=PATH msg=audit(1769928562.565:5352): item=1 name="/lib64/ld-linux-x86-64.so.2" inode=1575586 dev=8:2 mode=100862 ouid=0 ogid=0 rdev=0:0 nametype=NORMAL cap_fp=0 cap_fi=0 cap_fe=0 cap_fver=0 cap_frootid=0OUID="root" OGID="root"
type=PATH msg=audit(1769929079.857:8265): item=0 name="/usr/bin/sudo" inode=1574434 dev=8:2 mode=105239 ouid=0 ogid=0 rdev=0:0 nametype=NORMAL cap_fp=0 cap_fi=0 cap_fe=0 cap_fver=0 cap_frootid=0OUID="root" OGID="root"
type=PATH msg=audit(1769928802.787:5220): item=1 name="/lib64/ld-linux-x86-64.so.2" inode=1575791 dev=8:2 mode=100693 ouid=0 ogid=0 rdev=0:0 nametype=NORMAL cap_fp=0 cap_fi=0 cap_fe=0 cap_fver=0 cap_frootid=0OUID="root" OGID="root"
type=PATH msg=audit(1769928613.19:6801): item=1 name="/lib64/ld-linux-x86-64.so.2" inode=1574936 dev=8:2 mode=100707 ouid=0 ogid=0 rdev=0:0 nametype=NORMAL cap_fp=0 cap_fi=0 cap_fe=0 cap_fver=0 cap_frootid=0OUID="root" OGID="root"
type=CWD msg=audit(1769929374.357:9017): cwd="/usr/local/bin"
type=PROCTITLE msg=audit(1769929189.556:6742): proctitle=7375646F00746565002F6574632F63726F6E2E642F686964735F70657273697374
type=EXECVE msg=audit(1769928625.291:6684): argc=1 a0="whoami"
type=CWD msg=audit(1769928717.1356:7585): cwd="/root"
type=CRED_REFR msg=audit(1769928491.936:6468): pid=7102 uid=726 auid=1173 ses=3 subj=unconfined msg='op=PAM:setcred grantors=pam_permit,pam_cap acct="root" exe="/usr/bin/python3" hostname=? addr=? terminal=/dev/pts/0 res=success'UID="heroic" AUID="heroic"
type=PROCTITLE msg=audit(1769929026.874:6319): proctitle=746565002F6574632F63726F6E2E642F686964735F70657273697374
type=PROCTITLE msg=audit(1769928607.576:8104): proctitle=2F7573722F6C69622F73797374656D642F73797374656D642D6578656375746F72002D2D646573657269616C697A6500313139002D2D6C6F672D6C6576656C00696E666F002D2D6C6F672D746172676574006A6F75726E616C2D6F722D6B6D7367
type=CWD msg=audit(1769928577.749:7925): cwd="/home/heroic"
type=PROCTITLE msg=audit(1769929030.1112:4854): proctitle=736C6565700035
type=PROCTITLE msg=audit(1769928950.550:6115): proctitle=7375646F002D6C
type=PATH msg=audit(1769928797.843:7037): item=1 name="/lib64/ld-linux-x86-64.so.2" inode=1575590 dev=8:2 mode=100364 ouid=0 ogid=0 rdev=0:0 nametype=NORMAL cap_fp=0 cap_fi=0 cap_fe=0 cap_fver=0 cap_frootid=0OUID="root" OGID="root"
type=PATH msg=audit(1769928595.612:6784): item=1 name="/lib64/ld-linux-x86-64.so.2" inode=1575815 dev=8:2 mode=100371 ouid=0 ogid=0 rdev=0:0 nametype=NORMAL cap_fp=0 cap_fi=0 cap_fe=0 cap_fver=0 cap_frootid=0OUID="root" OGID="root"
type=PATH msg=audit(1769928612.772:6752): item=0 name="/usr/bin/whoami" inode=1578548 dev=8:2 mode=101132 ouid=0 ogid=0 rdev=0:0 nametype=NORMAL cap_fp=0 cap_fi=0 cap_fe=0 cap_fver=0 cap_frootid=0OUID="root" OGID="root"
type=PATH msg=audit(1769929163.153:7550): item=1 name="/lib64/ld-linux-x86-64.so.2" inode=1575839 dev=8:2 mode=101196 ouid=0 ogid=0 rdev=0:0 nametype=NORMAL cap_fp=0 cap_fi=0 cap_fe=0 cap_fver=0 cap_frootid=0OUID="root" OGID="root"
type=PATH msg=audit(1769928610.1206:5217): item=0 name="/usr/bin/ps" inode=1574416 dev=8:2 mode=100901 ouid=0 ogid=0 rdev=0:0 nametype=NORMAL cap_fp=0 cap_fi=0 cap_fe=0 cap_fver=0 cap_frootid=0OUID="root" OGID="root"
type=PATH msg=audit(1769928466.562:9839): item=1 name="/lib64/ld-linux-x86-64.so.2" inode=1575806 dev=8:2 mode=100778 ouid=0 ogid=0 rdev=0:0 nametype=NORMAL cap_fp=0 cap_fi=0 cap_fe=0 cap_fver=0 cap_frootid=0OUID="root" OGID="root"
type=CWD msg=audit(1769929066.1209:7418): cwd="/tmp"
type=SYSCALL msg=audit(1769929220.216:4816): arch=c000003e syscall=59 success=yes exit=0 a0=64e1754cf970 a1=64e1754cd650 a2=64e1754c38f0 a3=1 items=2 ppid=7212 pid=4593 auid=1279 uid=1293 gid=768 euid=613 suid=1048 fsuid=1385 egid=1397 sgid=1471 fsgid=805 tty=pts0 ses=3 comm="python" exe="/usr/bin/df" subj=unconfined key="process_exec"ARCH=x86_64 SYSCALL=execve AUID="heroic" UID="heroic" GID="heroic" EUID="heroic" SUID="heroic" FSUID="heroic" EGID="heroic" SGID="heroic" FSGID="heroic"
type=USER_END msg=audit(1769928856.526:6276): pid=4651 uid=0 auid=0 ses=9 subj=unconfined msg='op=PAM:session_close grantors=pam_loginuid,pam_env,pam_env,pam_permit,pam_umask,pam_unix,pam_limits acct="root" exe="/bin/sh" hostname=? addr=? terminal=cron res=success'UID="root" AUID="root"
type=PATH msg=audit(1769928990.116:9631): item=0 name="/usr/bin/sudo" inode=1574148 dev=8:2 mode=104269 ouid=0 ogid=0 rdev=0:0 nametype=NORMAL cap_fp=0 cap_fi=0 cap_fe=0 cap_fver=0 cap_frootid=0OUID="root" OGID="root"
type=CWD msg=audit(1769928737.336:5602): cwd=2F746D702F686964735F6D616C6963696F7573202864656C6574656429
type=PATH msg=audit(1769928727.569:4424): item=0 name="/usr/bin/ss" inode=1573853 dev=8:2 mode=100543 ouid=0 ogid=0 rdev=0:0 nametype=NORMAL cap_fp=0 cap_fi=0 cap_fe=0 cap_fver=0 cap_frootid=0OUID="root" OGID="root"
type=PATH msg=audit(1769929271.510:9959): item=1 name="/lib64/ld-linux-x86-64.so.2" inode=1575294 dev=8:2 mode=100359 ouid=0 ogid=0 rdev=0:0 nametype=NORMAL cap_fp=0 cap_fi=0 cap_fe=0 cap_fver=0 cap_frootid=0OUID="root" OGID="root"
type=PATH msg=audit(1769929273.7:9203): item=1 name="/lib64/ld-linux-x86-64.so.2" inode=1575219 dev=8:2 mode=100680 ouid=0 ogid=0 rdev=0:0 nametype=NORMAL cap_fp=0 cap_fi=0 cap_fe=0 cap_fver=0 cap_frootid=0OUID="root" OGID="root"
type=PROCTITLE msg=audit(1769929376.99:5595): proctitle=756E616D65002D61
type=PATH msg=audit(1769929181.364:6153): item=1 name="/lib64/ld-linux-x86-64.so.2" inode=1575321 dev=8:2 mode=101166 ouid=0 ogid=0 rdev=0:0 nametype=NORMAL cap_fp=0 cap_fi=0 cap_fe=0 cap_fver=0 cap_frootid=0OUID="root" OGID="root"
type=CRED_REFR msg=audit(1769928854.294:4728): pid=5623 uid=0 auid=556 ses=5 subj=unconfined msg='op=PAM:setcred grantors=pam_permit,pam_cap acct="root" exe="/usr/bin/sudo" hostname=? addr=? terminal=/dev/pts/1 res=success'UID="root" AUID="heroic"
type=EXECVE msg=audit(1769929075.143:4661): argc=3 a0="last" a1="-n" a2="20"
type=SYSCALL msg=audit(1769928524.715:9522): arch=c000003e syscall=59 success=yes exit=0 a0=6087e278a9e0 a1=6087e2790be0 a2=6087e278a200 a3=8 items=3 ppid=3487 pid=6487 auid=513 uid=588 gid=1455 euid=647 suid=1273 fsuid=669 egid=821 sgid=985 fsgid=731 tty=pts1 ses=3 comm="sh" exe="/usr/bin/sort" subj=unconfined key="process_exec"ARCH=x86_64 SYSCALL=execve AUID="heroic" UID="heroic" GID="heroic" EUID="heroic" SUID="heroic" FSUID="heroic" EGID="heroic" SGID="heroic" FSGID="heroic"
type=CWD msg=audit(1769928982.905:8189): cwd="/tmp"
type=SYSCALL msg=audit(1769929360.426:8644): arch=c000003e syscall=398 success=yes exit=3 a0=ffffff9c a1=7ffe043b172c a2=656 a3=1b6 items=2 ppid=4108 pid=7632 auid=1010 uid=0 gid=0 euid=0 suid=0 fsuid=0 egid=0 sgid=0 fsgid=0 tty=pts1 ses=3 comm="ss" exe="/usr/bin/tail" subj=unconfined key="persistence"ARCH=x86_64 SYSCALL=openat AUID="heroic" UID="root" GID="root" EUID="root" SUID="root" FSUID="root" EGID="root" SGID="root" FSGID="root"
type=SYSCALL msg=audit(1769928888.274:5479): arch=c000003e syscall=59 success=yes exit=0 a0=6006a0801ad8 a1=6006a08018e0 a2=6006a08018f8 a3=1 items=2 ppid=3788 pid=1856 auid=4294967177 uid=0 gid=321 euid=0 suid=0 fsuid=0 egid=536 sgid=555 fsgid=384 tty=(none) ses=4294967024 comm="last" exe="/bin/sh" subj=unconfined key="process_exec"ARCH=x86_64 SYSCALL=execve AUID="unset" UID="root" GID="wazuh" EUID="root" SUID="root" FSUID="root" EGID="wazuh" SGID="wazuh" FSGID="wazuh"
type=PATH msg=audit(1769928981.507:8340): item=1 name="/lib64/ld-linux-x86-64.so.2" inode=1575613 dev=8:2 mode=100915 ouid=0 ogid=0 rdev=0:0 nametype=NORMAL cap_fp=0 cap_fi=0 cap_fe=0 cap_fver=0 cap_frootid=0OUID="root" OGID="root"
type=PROCTITLE msg=audit(1769929181.824:9294): proctitle=726D002D660066696C655F31302E6461740066696C655F31312E6461740066696C655F31322E6461740066696C655F31332E6461740066696C655F31342E6461740066696C655F31352E6461740066696C655F31362E6461740066696C655F31372E6461740066696C655F31382E6461740066696C655F31392E646174006669
type=PATH msg=audit(1769929155.415:5874): item=0 name="/usr/bin/gpg" inode=1573661 dev=8:2 mode=100603 ouid=0 ogid=0 rdev=0:0 nametype=NORMAL cap_fp=0 cap_fi=0 cap_fe=0 cap_fver=0 cap_frootid=0OUID="root" OGID="root"
type=PROCTITLE msg=audit(1769928642.437:7246): proctitle=746565002F6574632F63726F6E2E642F686964735F70657273697374
type=USER_ACCT msg=audit(1769929002.105:8061): pid=7780 uid=1460 auid=708 ses=3 subj=unconfined msg='op=PAM:accounting grantors=pam_permit,pam_localuser acct="heroic" exe="/usr/bin/last" hostname=? addr=? terminal=/dev/pts/0 res=success'UID="heroic" AUID="heroic"
type=CRED_ACQ msg=audit(1769928450.790:7444): pid=4457 uid=0 auid=1271 ses=3 subj=unconfined msg='op=PAM:setcred grantors=pam_rootok acct="root" exe="/usr/bin/tail" hostname=? addr=? terminal=/dev/pts/2 res=success'UID="root" AUID="heroic"
type=CWD msg=audit(1769928446.731:3944): cwd="/usr/local/bin"
type=CWD msg=audit(1769929245.301:8618): cwd="/home/heroic"
type=CWD msg=audit(1769928651.58:3919): cwd="/home/heroic"
type=SYSCALL msg=audit(1769928775.541:8726): arch=c000003e syscall=59 success=yes exit=0 a0=5da302dcb530 a1=5da302dcc8b0 a2=5da302dc08f0 a3=5da302dcc8b0 items=2 ppid=9085 pid=3897 auid=541 uid=960 gid=993 euid=0 suid=0 fsuid=0 egid=537 sgid=921 fsgid=1235 tty=pts0 ses=3 comm="sed" exe="/usr/bin/sort" subj=unconfined key="process_exec"ARCH=x86_64 SYSCALL=execve AUID="heroic" UID="heroic" GID="heroic" EUID="root" SUID="root" FSUID="root" EGID="heroic" SGID="heroic" FSGID="heroic"
type=SYSCALL msg=audit(1769928532.325:10287): arch=c000003e syscall=59 success=yes exit=0 a0=5da302dc7420 a1=5da302dce610 a2=5da302dc08f0 a3=5da302dcc8b0 items=2 ppid=4359 pid=7515 auid=1376 uid=1472 gid=1347 euid=883 suid=542 fsuid=1037 egid=948 sgid=1049 fsgid=1069 tty=pts0 ses=3 comm="last" exe="/usr/bin/tail" subj=unconfined key="process_exec"ARCH=x86_64 SYSCALL=execve AUID="heroic" UID="heroic" GID="heroic" EUID="heroic" SUID="heroic" FSUID="heroic" EGID="heroic" SGID="heroic" FSGID="heroic"
type=PROCTITLE msg=audit(1769929313.1070:6910): proctitle=6370002F7661722F6C6F672F61756469742F61756469742E6C6F67002F686F6D652F6865726F69632F4465736B746F702F736372697074732D666F722D646174612D67656E65726174696F6E2F
type=PATH msg=audit(1769928827.678:9622): item=1 name="/lib64/ld-linux-x86-64.so.2" inode=1575448 dev=8:2 mode=100751 ouid=0 ogid=0 rdev=0:0 nametype=NORMAL cap_fp=0 cap_fi=0 cap_fe=0 cap_fver=0 cap_frootid=0OUID="root" OGID="root"
type=PROCTITLE msg=audit(1769928687.1072:5480): proctitle=707300617578
type=PATH msg=audit(1769928515.276:6108): item=1 name="/etc/cron.d/hids_persist" inode=1704451 dev=8:2 mode=100679 ouid=0 ogid=0 rdev=0:0 nametype=CREATE cap_fp=0 cap_fi=0 cap_fe=0 cap_fver=0 cap_frootid=0OUID="root" OGID="root"
type=SYSCALL msg=audit(1769928590.350:8973): arch=c000003e syscall=59 success=yes exit=0 a0=5da302dcbd10 a1=5da302dc70f0 a2=5da302dc08f0 a3=5da302dca210 items=2 ppid=8174 pid=5655 auid=1224 uid=855 gid=1488 euid=561 suid=1423 fsuid=913 egid=1036 sgid=925 fsgid=1304 tty=pts0 ses=3 comm="tail" exe="/usr/bin/python3" subj=unconfined key="process_exec"ARCH=x86_64 SYSCALL=execve AUID="heroic" UID="heroic" GID="heroic" EUID="heroic" SUID="heroic" FSUID="heroic" EGID="heroic" SGID="heroic" FSGID="heroic"
type=PROCTITLE msg=audit(1769928442.1045:9007): proctitle=677067002D2D656E61626C652D7370656369616C2D66696C656E616D6573002D2D6261746368002D2D6E6F2D736B2D636F6D6D656E7473002D2D686F6D65646972002F7661722F6C69622F66777570642F676E757067002D2D7374617475732D6664003139002D2D6E6F2D747479002D2D636861727365740075746638002D2D
type=CWD msg=audit(1769928685.344:9083): cwd="/home/heroic"
type=USER_ACCT msg=audit(1769929182.420:4951): pid=3439 uid=702 auid=1305 ses=3 subj=unconfined msg='op=PAM:accounting grantors=pam_permit,pam_localuser acct="heroic" exe="/bin/sh" hostname=? addr=? terminal=/dev/pts/0 res=success'UID="heroic" AUID="heroic"
type=PATH msg=audit(1769929379.615:4709): item=1 name="/lib64/ld-linux-x86-64.so.2" inode=1575423 dev=8:2 mode=100531 ouid=0 ogid=0 rdev=0:0 nametype=NORMAL cap_fp=0 cap_fi=0 cap_fe=0 cap_fver=0 cap_frootid=0OUID="root" OGID="root"
type=EXECVE msg=audit(1769928508.205:4357): argc=3 a0="curl" a1="-s" a2="file:///tmp/hids_malicious/payload.sh"
type=PROCTITLE msg=audit(1769928799.14:5643): proctitle="whoami"
type=PROCTITLE msg=audit(1769929173.1098:9844): proctitle=2F62696E2F7368002D63006364202F2026262072756E2D7061727473202D2D7265706F7274202F6574632F63726F6E2E686F75726C79
type=EXECVE msg=audit(1769929167.242:4332): argc=3 a0="/bin/sh" a1="-c" a2=6364202F2026262072756E2D7061727473202D2D7265706F7274202F6574632F63726F6E2E686F75726C79
type=PATH msg=audit(1769929405.846:5666): item=1 name="/etc/cron.d/hids_persist" inode=1703728 dev=8:2 mode=100432 ouid=0 ogid=0 rdev=0:0 nametype=DELETE cap_fp=0 cap_fi=0 cap_fe=0 cap_fver=0 cap_frootid=0OUID="root" OGID="root"
type=PATH msg=audit(1769929235.178:6269): item=1 name="/lib64/ld-linux-x86-64.so.2" inode=1575349 dev=8:2 mode=100508 ouid=0 ogid=0 rdev=0:0 nametype=NORMAL cap_fp=0 cap_fi=0 cap_fe=0 cap_fver=0 cap_frootid=0OUID="root" OGID="root"
type=CWD msg=audit(1769928837.39:8749): cwd="/tmp"
type=PROCTITLE msg=audit(1769928840.508:5505): proctitle=63686D6F64002B78007061796C6F61642E7368
type=EXECVE msg=audit(1769928756.1172:7595): argc=2 a0="/bin/bash" a1="./malicious_local.sh"
type=CRED_REFR msg=audit(1769928927.295:4712): pid=693 uid=646 auid=1412 ses=3 subj=unconfined msg='op=PAM:setcred grantors=pam_permit,pam_cap acct="root" exe="/usr/bin/tail" hostname=? addr=? terminal=/dev/pts/0 res=success'UID="heroic" AUID="heroic"
type=USER_ACCT msg=audit(1769928983.237:4648): pid=3396 uid=1482 auid=1077 ses=3 subj=unconfined msg='op=PAM:accounting grantors=pam_permit,pam_localuser acct="heroic" exe="/usr/bin/sudo" hostname=? addr=? terminal=/dev/pts/0 res=success'UID="heroic" AUID="heroic"
type=CWD msg=audit(1769928889.922:8102): cwd="/root"
type=PATH msg=audit(1769928599.412:8670): item=1 name="/lib64/ld-linux-x86-64.so.2" inode=1574888 dev=8:2 mode=101013 ouid=0 ogid=0 rdev=0:0 nametype=NORMAL cap_fp=0 cap_fi=0 cap_fe=0 cap_fver=0 cap_frootid=0OUID="root" OGID="root"
type=PROCTITLE msg=audit(1769928551.409:4763): proctitle="whoami"
type=PATH msg=audit(1769928869.270:6874): item=1 name="/lib64/ld-linux-x86-64.so.2" inode=1575082 dev=8:2 mode=100599 ouid=0 ogid=0 rdev=0:0 nametype=NORMAL cap_fp=0 cap_fi=0 cap_fe=0 cap_fver=0 cap_frootid=0OUID="root" OGID="root"
type=PROCTITLE msg=audit(1769928780.54:8194): proctitle="bash"
type=SYSCALL msg=audit(1769929400.862:8128): arch=c000003e syscall=59 success=yes exit=0 a0=64e1754d00f0 a1=64e1754cd360 a2=64e1754c38f0 a3=1 items=2 ppid=9425 pid=9193 auid=744 uid=993 gid=545 euid=1430 suid=1151 fsuid=777 egid=1127 sgid=1400 fsgid=1279 tty=pts0 ses=3 comm="ss" exe="/usr/bin/tail" subj=unconfined key="process_exec"ARCH=x86_64 SYSCALL=execve AUID="heroic" UID="heroic" GID="heroic" EUID="heroic" SUID="heroic" FSUID="heroic" EGID="heroic" SGID="heroic" FSGID="heroic"
type=PROCTITLE msg=audit(1769928670.466:5419): proctitle=7461696C002D66002F7661722F6C6F672F61756469742F61756469742E6C6F67
type=EXECVE msg=audit(1769929032.400:5868): argc=2 a0="df" a1="-P"
type=PATH msg=audit(1769928874.211:8013): item=1 name="/lib64/ld-linux-x86-64.so.2" inode=1575651 dev=8:2 mode=100473 ouid=0 ogid=0 rdev=0:0 nametype=NORMAL cap_fp=0 cap_fi=0 cap_fe=0 cap_fver=0 cap_frootid=0OUID="root" OGID="root"
type=PROCTITLE msg=audit(1769928743.317:8629): proctitle=2F62696E2F7368002D63005B202D78202F6574632F696E69742E642F616E6163726F6E205D202626206966205B2021202D64202F72756E2F73797374656D642F73797374656D205D3B207468656E202F7573722F7362696E2F696E766F6B652D72632E6420616E6163726F6E207374617274203E2F6465762F6E756C6C3B2066
type=CRED_DISP msg=audit(1769928750.227:5742): pid=5188 uid=1180 auid=1417 ses=3 subj=unconfined msg='op=PAM:setcred grantors=pam_permit acct="root" exe="/usr/bin/sudo" hostname=? addr=? terminal=/dev/pts/0 res=success'UID="heroic" AUID="heroic"
type=SYSCALL msg=audit(1769929028.669:8705): arch=c000003e syscall=59 success=yes exit=0 a0=64e1754cff10 a1=64e1754cff70 a2=64e1754c38f0 a3=64e1754cff70 items=2 ppid=4457 pid=6155 auid=1106 uid=857 gid=578 euid=1371 suid=983 fsuid=951 egid=921 sgid=767 fsgid=974 tty=pts0 ses=3 comm="sudo" exe="/usr/bin/python3" subj=unconfined key="process_exec"ARCH=x86_64 SYSCALL=execve AUID="heroic" UID="heroic" GID="heroic" EUID="heroic" SUID="heroic" FSUID="heroic" EGID="heroic" SGID="heroic" FSGID="heroic"
type=SYSCALL msg=audit(1769928665.344:4171): arch=c000003e syscall=59 success=yes exit=0 a0=5da302dcc850 a1=5da302dcc8b0 a2=5da302dc08f0 a3=5da302dcc8b0 items=2 ppid=1511 pid=4323 auid=1458 uid=1002 gid=1336 euid=600 suid=816 fsuid=849 egid=1309 sgid=897 fsgid=1445 tty=pts0 ses=3 comm="ss" exe="/usr/bin/last" subj=unconfined key="process_exec"ARCH=x86_64 SYSCALL=execve AUID="heroic" UID="heroic" GID="heroic" EUID="heroic" SUID="heroic" FSUID="heroic" EGID="heroic" SGID="heroic" FSGID="heroic"
type=PROCTITLE msg=audit(1769929342.335:5792): proctitle=6375726C002D730066696C653A2F2F2F746D702F686964735F6D616C6963696F75732F7061796C6F61642E7368
type=PATH msg=audit(1769929119.927:8329): item=0 name="/bin/sh" inode=1573979 dev=8:2 mode=100611 ouid=0 ogid=0 rdev=0:0 nametype=NORMAL cap_fp=0 cap_fi=0 cap_fe=0 cap_fver=0 cap_frootid=0OUID="root" OGID="root"
type=SYSCALL msg=audit(1769928758.651:10424): arch=c000003e syscall=59 success=yes exit=0 a0=5da302dc87a0 a1=5da302dc8600 a2=5da302dc08f0 a3=5da302dc8600 items=2 ppid=2861 pid=5035 auid=552 uid=592 gid=549 euid=1151 suid=695 fsuid=1249 egid=935 sgid=1106 fsgid=1470 tty=pts0 ses=3 comm="df" exe="/usr/bin/tail" subj=unconfined key="process_exec"ARCH=x86_64 SYSCALL=execve AUID="heroic" UID="heroic" GID="heroic" EUID="heroic" SUID="heroic" FSUID="heroic" EGID="heroic" SGID="heroic" FSGID="heroic"
type=SYSCALL msg=audit(1769928808.59:7559): arch=c000003e syscall=59 success=yes exit=0 a0=64e1754cf870 a1=64e1754d1870 a2=64e1754c38f0 a3=64e1754cf190 items=2 ppid=8676 pid=8613 auid=1252 uid=906 gid=539 euid=836 suid=1414 fsuid=1037 egid=537 sgid=963 fsgid=545 tty=pts0 ses=3 comm="sort" exe="/usr/bin/netstat" subj=unconfined key="process_exec"ARCH=x86_64 SYSCALL=execve AUID="heroic" UID="heroic" GID="heroic" EUID="heroic" SUID="heroic" FSUID="heroic" EGID="heroic" SGID="heroic" FSGID="heroic"
type=PROCTITLE msg=audit(1769929180.656:4096): proctitle=6D6B646972002D70002F746D702F686964735F6D616C6963696F7573
type=SYSCALL msg=audit(1769929082.222:5535): arch=c000003e syscall=59 success=yes exit=0 a0=64e1754cf3f0 a1=64e1754cfff0 a2=64e1754c38f0 a3=64e1754cfff0 items=2 ppid=6021 pid=5528 auid=632 uid=575 gid=726 euid=1009 suid=1073 fsuid=691 egid=635 sgid=1070 fsgid=688 tty=pts0 ses=3 comm="sh" exe="/usr/bin/sed" subj=unconfined key="process_exec"ARCH=x86_64 SYSCALL=execve AUID="heroic" UID="heroic" GID="heroic" EUID="heroic" SUID="heroic" FSUID="heroic" EGID="heroic" SGID="heroic" FSGID="heroic"
type=PROCTITLE msg=audit(1769929409.697:5891): proctitle=726D002D660066696C655F31302E6461740066696C655F31312E6461740066696C655F31322E6461740066696C655F31332E6461740066696C655F31342E6461740066696C655F31352E6461740066696C655F31362E6461740066696C655F31372E6461740066696C655F31382E6461740066696C655F31392E646174006669
type=SYSCALL msg=audit(1769929199.11:4565): arch=c000003e syscall=59 success=yes exit=0 a0=636ec018db68 a1=636ec019dba0 a2=636ec01b07a0 a3=64 items=2 ppid=2618 pid=1119 auid=915 uid=0 gid=0 euid=0 suid=0 fsuid=0 egid=0 sgid=0 fsgid=0 tty=pts4 ses=3 comm="sort" exe="/usr/bin/sort" subj=unconfined key="process_exec"ARCH=x86_64 SYSCALL=execve AUID="heroic" UID="root" GID="root" EUID="root" SUID="root" FSUID="root" EGID="root" SGID="root" FSGID="root"
type=EXECVE msg=audit(1769928596.23:4487): argc=2 a0="/usr/bin/fwupdmgr" a1="refresh"
type=PATH msg=audit(1769928753.641:5443): item=1 name="/lib64/ld-linux-x86-64.so.2" inode=1575416 dev=8:2 mode=100509 ouid=0 ogid=0 rdev=0:0 nametype=NORMAL cap_fp=0 cap_fi=0 cap_fe=0 cap_fver=0 cap_frootid=0OUID="root" OGID="root"
type=PATH msg=audit(1769928574.1416:6059): item=0 name="/usr/bin/whoami" inode=1578588 dev=8:2 mode=100736 ouid=0 ogid=0 rdev=0:0 nametype=NORMAL cap_fp=0 cap_fi=0 cap_fe=0 cap_fver=0 cap_frootid=0OUID="root" OGID="root"
type=EXECVE msg=audit(1769929245.21:5185): argc=2 a0="sudo" a1="su"
type=PATH msg=audit(1769928511.1326:5720): item=0 name="/usr/bin/tee" inode=1578125 dev=8:2 mode=101018 ouid=0 ogid=0 rdev=0:0 nametype=NORMAL cap_fp=0 cap_fi=0 cap_fe=0 cap_fver=0 cap_frootid=0OUID="root" OGID="root"
type=PROCTITLE msg=audit(1769929215.538:5582): proctitle=2F7573722F6C69622F73797374656D642F73797374656D642D6578656375746F72002D2D646573657269616C697A6500313139002D2D6C6F672D6C6576656C00696E666F002D2D6C6F672D746172676574006A6F75726E616C2D6F722D6B6D7367
type=PATH msg=audit(1769928703.205:9392): item=0 name="/usr/bin/curl" inode=1573213 dev=8:2 mode=100433 ouid=0 ogid=0 rdev=0:0 nametype=NORMAL cap_fp=0 cap_fi=0 cap_fe=0 cap_fver=0 cap_frootid=0OUID="root" OGID="root"
type=PATH msg=audit(1769928731.601:9653): item=0 name="/etc/cron.d/" inode=1703918 dev=8:2 mode=40671 ouid=0 ogid=0 rdev=0:0 nametype=PARENT cap_fp=0 cap_fi=0 cap_fe=0 cap_fver=0 cap_frootid=0OUID="root" OGID="root"
type=EXECVE msg=audit(1769928978.191:9442): argc=2 a0="sleep" a1="90"
type=USER_CMD msg=audit(1769929297.1462:8350): pid=5959 uid=796 auid=555 ses=3 subj=unconfined msg='cwd="/var/ossec" cmd=726D202D66202F6574632F63726F6E2E642F686964735F70657273697374 exe="/usr/bin/last" terminal=pts/0 res=success'UID="heroic" AUID="heroic"
type=EXECVE msg=audit(1769929392.71:5612): argc=2 a0="sleep" a1="5"
type=EXECVE msg=audit(1769928682.31:8224): argc=1 a0="whoami"
type=PATH msg=audit(1769929057.744:5034): item=0 name="/usr/bin/sudo" inode=1573936 dev=8:2 mode=104812 ouid=0 ogid=0 rdev=0:0 nametype=NORMAL cap_fp=0 cap_fi=0 cap_fe=0 cap_fver=0 cap_frootid=0OUID="root" OGID="root"
type=SERVICE_START msg=audit(1769928904.1120:9973): pid=9619 uid=0 auid=4294966895 ses=4294967479 subj=unconfined msg='unit=sysstat-collect comm="sh" exe="/usr/bin/sort" hostname=? addr=? terminal=? res=success'UID="root" AUID="unset"
type=PATH msg=audit(1769928868.399:4786): item=0 name="/usr/bin/ss" inode=1573758 dev=8:2 mode=101249 ouid=0 ogid=0 rdev=0:0 nametype=NORMAL cap_fp=0 cap_fi=0 cap_fe=0 cap_fver=0 cap_frootid=0OUID="root" OGID="root"
type=PROCTITLE msg=audit(1769928931.450:5339): proctitle=726D646972002F746D702F686964735F6D616C6963696F7573
type=PATH msg=audit(1769928545.251:9110): item=1 name="/lib64/ld-linux-x86-64.so.2" inode=1575370 dev=8:2 mode=100591 ouid=0 ogid=0 rdev=0:0 nametype=NORMAL cap_fp=0 cap_fi=0 cap_fe=0 cap_fver=0 cap_frootid=0OUID="root" OGID="root"
type=EXECVE msg=audit(1769929155.1138:4564): argc=1 a0="bash"
type=PATH msg=audit(1769928726.257:6019): item=0 name="/usr/bin/whoami" inode=1578183 dev=8:2 mode=100267 ouid=0 ogid=0 rdev=0:0 nametype=NORMAL cap_fp=0 cap_fi=0 cap_fe=0 cap_fver=0 cap_frootid=0OUID="root" OGID="root"
type=PATH msg=audit(1769929070.798:7314): item=0 name="/usr/lib/sysstat/sadc" inode=1582272 dev=8:2 mode=101024 ouid=0 ogid=0 rdev=0:0 nametype=NORMAL cap_fp=0 cap_fi=0 cap_fe=0 cap_fver=0 cap_frootid=0OUID="root" OGID="root"
type=PROCTITLE msg=audit(1769928879.629:8571): proctitle=7373002D74756C6E70
type=PATH msg=audit(1769929128.501:7665): item=1 name="/lib64/ld-linux-x86-64.so.2" inode=1575514 dev=8:2 mode=100807 ouid=0 ogid=0 rdev=0:0 nametype=NORMAL cap_fp=0 cap_fi=0 cap_fe=0 cap_fver=0 cap_frootid=0OUID="root" OGID="root"
type=CRED_REFR msg=audit(1769929199.571:8107): pid=9144 uid=744 auid=624 ses=3 subj=unconfined msg='op=PAM:setcred grantors=pam_permit,pam_cap acct="root" exe="/usr/bin/df" hostname=? addr=? terminal=/dev/pts/0 res=success'UID="heroic" AUID="heroic"
type=PATH msg=audit(1769928456.359:6999): item=0 name="/usr/libexec/gvfsd-recent" inode=1589173 dev=8:2 mode=101173 ouid=0 ogid=0 rdev=0:0 nametype=NORMAL cap_fp=0 cap_fi=0 cap_fe=0 cap_fver=0 cap_frootid=0OUID="root" OGID="root"
type=SYSCALL msg=audit(1769928787.546:7660): arch=c000003e syscall=59 success=yes exit=0 a0=5bb70272d538 a1=5bb70272d4e0 a2=5bb70272d500 a3=8 items=3 ppid=8955 pid=6976 auid=0 uid=0 gid=0 euid=0 suid=0 fsuid=0 egid=0 sgid=0 fsgid=0 tty=(none) ses=8 comm="tail" exe="/usr/bin/netstat" subj=unconfined key="process_exec"ARCH=x86_64 SYSCALL=execve AUID="root" UID="root" GID="root" EUID="root" SUID="root" FSUID="root" EGID="root" SGID="root" FSGID="root"
type=CWD msg=audit(1769928458.17:3865): cwd="/root"
type=SYSCALL msg=audit(1769928994.745:5076): arch=c000003e syscall=59 success=yes exit=0 a0=5da302dc9bc0 a1=5da302dc08a0 a2=5da302dc08f0 a3=5da302dc08a0 items=2 ppid=5135 pid=7047 auid=1106 uid=1077 gid=1430 euid=534 suid=757 fsuid=1094 egid=1342 sgid=546 fsgid=557 tty=pts0 ses=3 comm="netstat" exe="/usr/bin/netstat" subj=unconfined key="process_exec"ARCH=x86_64 SYSCALL=execve AUID="heroic" UID="heroic" GID="heroic" EUID="heroic" SUID="heroic" FSUID="heroic" EGID="heroic" SGID="heroic" FSGID="heroic"
type=EXECVE msg=audit(1769928521.1216:6115): argc=2 a0="uname" a1="-a"
type=CRED_REFR msg=audit(1769928524.376:6688): pid=9476 uid=0 auid=649 ses=3 subj=unconfined msg='op=PAM:setcred grantors=pam_permit,pam_cap acct="root" exe="/usr/bin/last" hostname=? addr=? terminal=/dev/pts/2 res=success'UID="root" AUID="heroic"
type=CWD msg=audit(1769929012.1201:5702): cwd="/home/heroic"
type=SYSCALL msg=audit(1769929291.691:8792): arch=c000003e syscall=59 success=yes exit=0 a0=7ffd2e5d34c0 a1=7ffd2e5d34e0 a2=7ffd2e5d3fd0 a3=8 items=2 ppid=4728 pid=6369 auid=4294967747 uid=0 gid=0 euid=0 suid=0 fsuid=0 egid=0 sgid=0 fsgid=0 tty=(none) ses=4294967579 comm="python" exe="/usr/bin/netstat" subj=unconfined key="process_exec"ARCH=x86_64 SYSCALL=execve AUID="unset" UID="root" GID="root" EUID="root" SUID="root" FSUID="root" EGID="root" SGID="root" FSGID="root"
type=CWD msg=audit(1769929262.661:6341): cwd="/home/heroic"
type=CWD msg=audit(1769929026.410:5457): cwd="/var/ossec"
type=PROCTITLE msg=audit(1769929325.774:5672): proctitle=736C656570003930
type=PATH msg=audit(1769928944.393:7759): item=1 name="/lib64/ld-linux-x86-64.so.2" inode=1574866 dev=8:2 mode=100268 ouid=0 ogid=0 rdev=0:0 nametype=NORMAL cap_fp=0 cap_fi=0 cap_fe=0 cap_fver=0 cap_frootid=0OUID="root" OGID="root"
type=PATH msg=audit(1769928872.542:6405): item=1 name="/lib64/ld-linux-x86-64.so.2" inode=1575159 dev=8:2 mode=101093 ouid=0 ogid=0 rdev=0:0 nametype=NORMAL cap_fp=0 cap_fi=0 cap_fe=0 cap_fver=0 cap_frootid=0OUID="root" OGID="root"
type=PATH msg=audit(1769929253.751:8873): item=1 name="/etc/cron.d/hids_persist" inode=1704334 dev=8:2 mode=100185 ouid=0 ogid=0 rdev=0:0 nametype=CREATE cap_fp=0 cap_fi=0 cap_fe=0 cap_fver=0 cap_frootid=0OUID="root" OGID="root"
type=EXECVE msg=audit(1769928802.485:8602): argc=2 a0="rmdir" a1="/tmp/hids_malicious"
type=EXECVE msg=audit(1769928892.1197:4748): argc=1 a0="bash"
type=EXECVE msg=audit(1769928763.909:6349): argc=3 a0="rm" a1="-f" a2="/etc/cron.d/hids_persist"
type=CWD msg=audit(1769928871.72:4525): cwd="/root"
type=CWD msg=audit(1769928554.817:7570): cwd="/home/heroic"
type=PATH msg=audit(1769929222.41:8936): item=0 name="/usr/libexec/fwupd/fwupd" inode=1581697 dev=8:2 mode=101225 ouid=0 ogid=0 rdev=0:0 nametype=NORMAL cap_fp=0 cap_fi=0 cap_fe=0 cap_fver=0 cap_frootid=0OUID="root" OGID="root"
type=CWD msg=audit(1769928980.644:9138): cwd="/home/heroic"
type=SYSCALL msg=audit(1769928826.27:4937): arch=c000003e syscall=59 success=yes exit=0 a0=5804bd074140 a1=5804bd066960 a2=5804bd05fd90 a3=5804bd062c40 items=2 ppid=1878 pid=9552 auid=4294966802 uid=0 gid=0 euid=0 suid=0 fsuid=0 egid=0 sgid=0 fsgid=0 tty=(none) ses=4294967401 comm="python" exe="/usr/bin/last" subj=unconfined key="process_exec"ARCH=x86_64 SYSCALL=execve AUID="unset" UID="root" GID="root" EUID="root" SUID="root" FSUID="root" EGID="root" SGID="root" FSGID="root"
type=CWD msg=audit(1769929408.96:7887): cwd="/tmp"
type=PATH msg=audit(1769929410.1054:5996): item=0 name="/usr/bin/rmdir" inode=1578189 dev=8:2 mode=101076 ouid=0 ogid=0 rdev=0:0 nametype=NORMAL cap_fp=0 cap_fi=0 cap_fe=0 cap_fver=0 cap_frootid=0OUID="root" OGID="root"
type=EXECVE msg=audit(1769928957.224:8445): argc=1 a0="id"
type=PROCTITLE msg=audit(1769928666.181:4843): proctitle=746565002F6574632F63726F6E2E642F686964735F70657273697374
type=USER_START msg=audit(1769928618.598:6549): pid=8630 uid=1404 auid=1037 ses=3 subj=unconfined msg='op=PAM:session_open grantors=pam_limits,pam_env,pam_env,pam_permit,pam_umask,pam_unix acct="root" exe="/usr/bin/df" hostname=? addr=? terminal=/dev/pts/0 res=success'UID="heroic" AUID="heroic"
type=USER_START msg=audit(1769929282.179:6813): pid=9480 uid=612 auid=1113 ses=3 subj=unconfined msg='op=PAM:session_open grantors=pam_limits,pam_env,pam_env,pam_permit,pam_umask,pam_unix acct="root" exe="/usr/bin/df" hostname=? addr=? terminal=/dev/pts/0 res=success'UID="heroic" AUID="heroic"
type=CRED_DISP msg=audit(1769929053.783:9636): pid=6252 uid=1360 auid=863 ses=3 subj=unconfined msg='op=PAM:setcred grantors=pam_permit acct="root" exe="/usr/bin/last" hostname=? addr=? terminal=/dev/pts/0 res=success'UID="heroic" AUID="heroic"
type=SYSCALL msg=audit(1769929121.957:7915): arch=c000003e syscall=59 success=yes exit=0 a0=5da302dc8960 a1=5da302dc7460 a2=5da302dc08f0 a3=5da302dc7460 items=2 ppid=5849 pid=8957 auid=1274 uid=1387 gid=1469 euid=0 suid=0 fsuid=0 egid=1041 sgid=972 fsgid=849 tty=pts0 ses=3 comm="python" exe="/usr/bin/tail" subj=unconfined key="process_exec"ARCH=x86_64 SYSCALL=execve AUID="heroic" UID="heroic" GID="heroic" EUID="root" SUID="root" FSUID="root" EGID="heroic" SGID="heroic" FSGID="heroic"
type=SYSCALL msg=audit(1769928817.636:4282): arch=c000003e syscall=59 success=yes exit=0 a0=5da302dcd5f0 a1=5da302dced00 a2=5da302dc08f0 a3=5da302dccd10 items=2 ppid=5922 pid=5565 auid=631 uid=700 gid=1207 euid=1380 suid=927 fsuid=1158 egid=1039 sgid=1253 fsgid=508 tty=pts0 ses=3 comm="sed" exe="/usr/bin/sort" subj=unconfined key="process_exec"ARCH=x86_64 SYSCALL=execve AUID="heroic" UID="heroic" GID="heroic" EUID="heroic" SUID="heroic" FSUID="heroic" EGID="heroic" SGID="heroic" FSGID="heroic"
type=PROCTITLE msg=audit(1769929262.702:8056): proctitle="id"
type=PROCTITLE msg=audit(1769929194.264:4695): proctitle=756E616D65002D61
type=PATH msg=audit(1769928613.296:9066): item=1 name="/lib64/ld-linux-x86-64.so.2" inode=1575259 dev=8:2 mode=100613 ouid=0 ogid=0 rdev=0:0 nametype=NORMAL cap_fp=0 cap_fi=0 cap_fe=0 cap_fver=0 cap_frootid=0OUID="root" OGID="root"
type=PROCTITLE msg=audit(1769929355.1035:4944): proctitle=677067002D2D656E61626C652D7370656369616C2D66696C656E616D6573002D2D6261746368002D2D6E6F2D736B2D636F6D6D656E7473002D2D686F6D65646972002F7661722F6C69622F66777570642F676E757067002D2D7374617475732D6664003139002D2D6E6F2D747479002D2D636861727365740075746638002D2D
type=CWD msg=audit(1769929084.264:8303): cwd="/usr/local/bin"
type=USER_START msg=audit(1769929060.45:9969): pid=9785 uid=702 auid=1353 ses=3 subj=unconfined msg='op=PAM:session_open grantors=pam_limits,pam_env,pam_env,pam_permit,pam_umask,pam_unix acct="root" exe="/usr/bin/df" hostname=? addr=? terminal=/dev/pts/0 res=success'UID="heroic" AUID="heroic"
type=PATH msg=audit(1769929076.137:4957): item=0 name="/usr/bin/sudo" inode=1573900 dev=8:2 mode=104998 ouid=0 ogid=0 rdev=0:0 nametype=NORMAL cap_fp=0 cap_fi=0 cap_fe=0 cap_fver=0 cap_frootid=0OUID="root" OGID="root"
type=PATH msg=audit(1769929033.605:3951): item=1 name="/lib64/ld-linux-x86-64.so.2" inode=1574936 dev=8:2 mode=100672 ouid=0 ogid=0 rdev=0:0 nametype=NORMAL cap_fp=0 cap_fi=0 cap_fe=0 cap_fver=0 cap_frootid=0OUID="root" OGID="root"
type=CWD msg=audit(1769929384.549:5374): cwd="/home/heroic"
type=PATH msg=audit(1769928838.654:8571): item=1 name="/lib64/ld-linux-x86-64.so.2" inode=1575296 dev=8:2 mode=100755 ouid=0 ogid=0 rdev=0:0 nametype=NORMAL cap_fp=0 cap_fi=0 cap_fe=0 cap_fver=0 cap_frootid=0OUID="root" OGID="root"
type=PROCTITLE msg=audit(1769928606.522:8007): proctitle=676A73002F7573722F73686172652F676E6F6D652D7368656C6C2F657874656E73696F6E732F64696E6740726173746572736F66742E636F6D2F6170702F64696E672E6A73002D45002D50002F7573722F73686172652F676E6F6D652D7368656C6C2F657874656E73696F6E732F64696E6740726173746572736F66742E636F
type=PATH msg=audit(1769929147.965:7855): item=0 name="/usr/bin/basename" inode=1577606 dev=8:2 mode=101009 ouid=0 ogid=0 rdev=0:0 nametype=NORMAL cap_fp=0 cap_fi=0 cap_fe=0 cap_fver=0 cap_frootid=0OUID="root" OGID="root"
type=EXECVE msg=audit(1769929350.930:7286): argc=2 a0="rmdir" a1="/tmp/hids_malicious"
type=PROCTITLE msg=audit(1769928879.813:5320): proctitle=7373002D74756C6E70
type=PROCTITLE msg=audit(1769929297.1141:8273): proctitle=736C656570003930
type=PROCTITLE msg=audit(1769928949.407:7579): proctitle="whoami"
type=EXECVE msg=audit(1769929393.1254:6602): argc=3 a0="chmod" a1="+x" a2="payload.sh"
type=CWD msg=audit(1769929206.277:9413): cwd="/tmp"
type=CWD msg=audit(1769929122.1331:5096): cwd="/usr/local/bin"
type=PROCTITLE msg=audit(1769929054.899:5992): proctitle=7375646F00726D002D66002F6574632F63726F6E2E642F686964735F70657273697374
type=SYSCALL msg=audit(1769928764.619:6150): arch=c000003e syscall=59 success=yes exit=0 a0=5da302dc7dc0 a1=5da302dc2360 a2=5da302dc08f0 a3=5da302dc2950 items=2 ppid=7032 pid=1637 auid=1090 uid=653 gid=1032 euid=1202 suid=1206 fsuid=1230 egid=753 sgid=535 fsgid=1128 tty=pts0 ses=3 comm="last" exe="/usr/bin/sed" subj=unconfined key="process_exec"ARCH=x86_64 SYSCALL=execve AUID="heroic" UID="heroic" GID="heroic" EUID="heroic" SUID="heroic" FSUID="heroic" EGID="heroic" SGID="heroic" FSGID="heroic"
type=SERVICE_START msg=audit(1769929332.17:4253): pid=3061 uid=0 auid=4294967515 ses=4294967689 subj=unconfined msg='unit=sysstat-collect comm="python" exe="/usr/bin/tail" hostname=? addr=? terminal=? res=success'UID="root" AUID="unset"
type=CWD msg=audit(1769928802.550:6709): cwd="/tmp"
type=CWD msg=audit(1769928994.155:5135): cwd="/root"
type=EXECVE msg=audit(1769928607.991:9528): argc=3 a0="mkdir" a1="-p" a2="/tmp/hids_malicious"
type=SYSCALL msg=audit(1769929201.539:8515): arch=c000003e syscall=59 success=yes exit=0 a0=64e1754cf4d0 a1=64e1754ca390 a2=64e1754c38f0 a3=64e1754cf310 items=2 ppid=9667 pid=7854 auid=877 uid=1060 gid=714 euid=0 suid=0 fsuid=0 egid=1036 sgid=1406 fsgid=981 tty=pts0 ses=3 comm="sudo" exe="/usr/bin/sed" subj=unconfined key="process_exec"ARCH=x86_64 SYSCALL=execve AUID="heroic" UID="heroic" GID="heroic" EUID="root" SUID="root" FSUID="root" EGID="heroic" SGID="heroic" FSGID="heroic"
type=SYSCALL msg=audit(1769928908.712:10430): arch=c000003e syscall=59 success=yes exit=0 a0=7ef0ff5cb42f a1=7ef0fdbebca0 a2=7ffe56934cb8 a3=8 items=2 ppid=4220 pid=5769 auid=4294967678 uid=0 gid=197 euid=0 suid=0 fsuid=0 egid=268 sgid=435 fsgid=493 tty=(none) ses=4294967533 comm="python" exe="/usr/bin/tail" subj=unconfined key="process_exec"ARCH=x86_64 SYSCALL=execve AUID="unset" UID="root" GID="wazuh" EUID="root" SUID="root" FSUID="root" EGID="wazuh" SGID="wazuh" FSGID="wazuh"
type=SYSCALL msg=audit(1769928923.71:8663): arch=c000003e syscall=59 success=yes exit=0 a0=64e1754cd270 a1=64e1754d00f0 a2=64e1754c38f0 a3=64e1754d00f0 items=2 ppid=3459 pid=4052 auid=585 uid=581 gid=798 euid=1373 suid=938 fsuid=1413 egid=1331 sgid=1412 fsgid=649 tty=pts0 ses=3 comm="sort" exe="/usr/bin/python3" subj=unconfined key="process_exec"ARCH=x86_64 SYSCALL=execve AUID="heroic" UID="heroic" GID="heroic" EUID="heroic" SUID="heroic" FSUID="heroic" EGID="heroic" SGID="heroic" FSGID="heroic"
type=EXECVE msg=audit(1769928607.769:7653): argc=1 a0="bash"
type=PATH msg=audit(1769928934.267:4477): item=1 name="/lib64/ld-linux-x86-64.so.2" inode=1575364 dev=8:2 mode=101199 ouid=0 ogid=0 rdev=0:0 nametype=NORMAL cap_fp=0 cap_fi=0 cap_fe=0 cap_fver=0 cap_frootid=0OUID="root" OGID="root"
type=PATH msg=audit(1769929106.113:5235): item=0 name="/etc/cron.d/" inode=1704307 dev=8:2 mode=40919 ouid=0 ogid=0 rdev=0:0 nametype=PARENT cap_fp=0 cap_fi=0 cap_fe=0 cap_fver=0 cap_frootid=0OUID="root" OGID="root"
type=PATH msg=audit(1769929216.57:8151): item=0 name="/usr/bin/bash" inode=1573544 dev=8:2 mode=100576 ouid=0 ogid=0 rdev=0:0 nametype=NORMAL cap_fp=0 cap_fi=0 cap_fe=0 cap_fver=0 cap_frootid=0OUID="root" OGID="root"
type=USER_ACCT msg=audit(1769929360.248:3904): pid=2812 uid=1312 auid=700 ses=3 subj=unconfined msg='op=PAM:accounting grantors=pam_permit,pam_localuser acct="heroic" exe="/usr/bin/tail" hostname=? addr=? terminal=/dev/pts/0 res=success'UID="heroic" AUID="heroic"
type=CRED_DISP msg=audit(1769928436.341:5102): pid=1651 uid=0 auid=0 ses=8 subj=unconfined msg='op=PAM:setcred grantors=pam_permit acct="root" exe="/usr/bin/netstat" hostname=? addr=? terminal=cron res=success'UID="root" AUID="root"
type=EXECVE msg=audit(1769929314.1133:5966): argc=2 a0="uname" a1="-a"
type=PATH msg=audit(1769929282.305:5756): item=0 name="/bin/bash" inode=1573599 dev=8:2 mode=100521 ouid=0 ogid=0 rdev=0:0 nametype=NORMAL cap_fp=0 cap_fi=0 cap_fe=0 cap_fver=0 cap_frootid=0OUID="root" OGID="root"
type=CRED_REFR msg=audit(1769928468.448:5108): pid=6823 uid=0 auid=533 ses=5 subj=unconfined msg='op=PAM:setcred grantors=pam_permit,pam_cap acct="root" exe="/usr/bin/sudo" hostname=? addr=? terminal=/dev/pts/1 res=success'UID="root" AUID="heroic"
type=CWD msg=audit(1769929367.463:8254): cwd="/root"
type=PATH msg=audit(1769929402.645:6866): item=0 name="/usr/bin/mkdir" inode=1577885 dev=8:2 mode=100949 ouid=0 ogid=0 rdev=0:0 nametype=NORMAL cap_fp=0 cap_fi=0 cap_fe=0 cap_fver=0 cap_frootid=0OUID="root" OGID="root"
type=SYSCALL msg=audit(1769929062.1158:8399): arch=c000003e syscall=59 success=yes exit=0 a0=5da302dccc50 a1=5da302dcc9d0 a2=5da302dc08f0 a3=5da302dcc310 items=2 ppid=2939 pid=8425 auid=573 uid=522 gid=1279 euid=701 suid=647 fsuid=1270 egid=1381 sgid=517 fsgid=1190 tty=pts0 ses=3 comm="sudo" exe="/bin/sh" subj=unconfined key="process_exec"ARCH=x86_64 SYSCALL=execve AUID="heroic" UID="heroic" GID="heroic" EUID="heroic" SUID="heroic" FSUID="heroic" EGID="heroic" SGID="heroic" FSGID="heroic"
type=EXECVE msg=audit(1769928584.787:5689): argc=2 a0="tee" a1="/etc/cron.d/hids_persist"
type=EXECVE msg=audit(1769929236.764:5196): argc=3 a0="mkdir" a1="-p" a2="/tmp/hids_malicious"
type=PATH msg=audit(1769929292.328:7084): item=1 name="/lib64/ld-linux-x86-64.so.2" inode=1575331 dev=8:2 mode=101171 ouid=0 ogid=0 rdev=0:0 nametype=NORMAL cap_fp=0 cap_fi=0 cap_fe=0 cap_fver=0 cap_frootid=0OUID="root" OGID="root"
type=EXECVE msg=audit(1769928516.295:8293): argc=2 a0="ps" a1="aux"
type=USER_END msg=audit(1769928799.1095:4180): pid=1648 uid=756 auid=810 ses=3 subj=unconfined msg='op=PAM:session_close grantors=pam_limits,pam_env,pam_env,pam_permit,pam_umask,pam_unix acct="root" exe="/usr/bin/sed" hostname=? addr=? terminal=/dev/pts/0 res=success'UID="heroic" AUID="heroic"
type=PROCTITLE msg=audit(1769929053.424:8957): proctitle=626173656E616D65002F7573722F62696E2F6C65737370697065
type=CWD msg=audit(1769928970.655:7010): cwd="/var/ossec"
type=SYSCALL msg=audit(1769929053.208:10240): arch=c000003e syscall=59 success=yes exit=0 a0=64e1754cb740 a1=64e1754cd360 a2=64e1754c38f0 a3=1 items=2 ppid=1884 pid=5147 auid=1467 uid=1236 gid=1453 euid=757 suid=844 fsuid=1005 egid=895 sgid=509 fsgid=670 tty=pts0 ses=3 comm="tail" exe="/usr/bin/python3" subj=unconfined key="process_exec"ARCH=x86_64 SYSCALL=execve AUID="heroic" UID="heroic" GID="heroic" EUID="heroic" SUID="heroic" FSUID="heroic" EGID="heroic" SGID="heroic" FSGID="heroic"
type=PATH msg=audit(1769929260.829:7237): item=0 name="/usr/bin/sleep" inode=1578569 dev=8:2 mode=100580 ouid=0 ogid=0 rdev=0:0 nametype=NORMAL cap_fp=0 cap_fi=0 cap_fe=0 cap_fver=0 cap_frootid=0OUID="root" OGID="root"
type=SYSCALL msg=audit(1769928526.650:6977): arch=c000003e syscall=59 success=yes exit=0 a0=60589dedfb68 a1=60589deefba0 a2=60589df027a0 a3=64 items=2 ppid=836 pid=8678 auid=695 uid=0 gid=0 euid=0 suid=0 fsuid=0 egid=0 sgid=0 fsgid=0 tty=pts4 ses=3 comm="sh" exe="/usr/bin/tail" subj=unconfined key="process_exec"ARCH=x86_64 SYSCALL=execve AUID="heroic" UID="root" GID="root" EUID="root" SUID="root" FSUID="root" EGID="root" SGID="root" FSGID="root"
type=PATH msg=audit(1769929133.62:4288): item=0 name="/usr/bin/bash" inode=1573713 dev=8:2 mode=101062 ouid=0 ogid=0 rdev=0:0 nametype=NORMAL cap_fp=0 cap_fi=0 cap_fe=0 cap_fver=0 cap_frootid=0OUID="root" OGID="root"
type=USER_ACCT msg=audit(1769928937.798:8847): pid=5839 uid=1409 auid=726 ses=3 subj=unconfined msg='op=PAM:accounting grantors=pam_permit,pam_localuser acct="heroic" exe="/usr/bin/python3" hostname=? addr=? terminal=/dev/pts/0 res=success'UID="heroic" AUID="heroic"
type=EXECVE msg=audit(1769928646.754:6626): argc=4 a0="/usr/libexec/gvfsd-recent" a1="--spawner" a2=":1.20" a3="/org/gtk/gvfs/exec_spaw/1"
type=CWD msg=audit(1769928861.115:9620): cwd="/root"
type=PROCTITLE msg=audit(1769928673.576:4153): proctitle=6469726E616D65002F7573722F62696E2F6C65737370697065
type=PATH msg=audit(1769929024.841:5437): item=1 name="/lib64/ld-linux-x86-64.so.2" inode=1575210 dev=8:2 mode=100338 ouid=0 ogid=0 rdev=0:0 nametype=NORMAL cap_fp=0 cap_fi=0 cap_fe=0 cap_fver=0 cap_frootid=0OUID="root" OGID="root"
type=CRED_REFR msg=audit(1769928930.1371:5421): pid=7857 uid=1020 auid=901 ses=3 subj=unconfined msg='op=PAM:setcred grantors=pam_permit,pam_cap acct="root" exe="/bin/sh" hostname=? addr=? terminal=/dev/pts/0 res=success'UID="heroic" AUID="heroic"
type=SYSCALL msg=audit(1769928907.1136:8544): arch=c000003e syscall=59 success=yes exit=0 a0=5dfa5a7beeb0 a1=5dfa5a79cce0 a2=5dfa5a7907a0 a3=5dfa5a7bf0c0 items=2 ppid=6834 pid=6117 auid=670 uid=0 gid=0 euid=0 suid=0 fsuid=0 egid=0 sgid=0 fsgid=0 tty=pts1 ses=5 comm="tail" exe="/usr/bin/last" subj=unconfined key="process_exec"ARCH=x86_64 SYSCALL=execve AUID="heroic" UID="root" GID="root" EUID="root" SUID="root" FSUID="root" EGID="root" SGID="root" FSGID="root"
type=SYSCALL msg=audit(1769928747.269:6472): arch=c000003e syscall=59 success=yes exit=0 a0=64e1754cb8c0 a1=64e1754cb800 a2=64e1754c38f0 a3=64e1754cb800 items=2 ppid=9022 pid=6682 auid=762 uid=1253 gid=881 euid=0 suid=0 fsuid=0 egid=626 sgid=614 fsgid=883 tty=pts0 ses=3 comm="df" exe="/usr/bin/python3" subj=unconfined key="process_exec"ARCH=x86_64 SYSCALL=execve AUID="heroic" UID="heroic" GID="heroic" EUID="root" SUID="root" FSUID="root" EGID="heroic" SGID="heroic" FSGID="heroic"
type=CWD msg=audit(1769928437.799:7229): cwd="/root"
type=PATH msg=audit(1769929291.608:9596): item=0 name="/usr/bin/rm" inode=1577680 dev=8:2 mode=100449 ouid=0 ogid=0 rdev=0:0 nametype=NORMAL cap_fp=0 cap_fi=0 cap_fe=0 cap_fver=0 cap_frootid=0OUID="root" OGID="root"
type=PATH msg=audit(1769929069.710:7324): item=1 name="/lib64/ld-linux-x86-64.so.2" inode=1575618 dev=8:2 mode=100415 ouid=0 ogid=0 rdev=0:0 nametype=NORMAL cap_fp=0 cap_fi=0 cap_fe=0 cap_fver=0 cap_frootid=0OUID="root" OGID="root"
type=PATH msg=audit(1769929384.313:4306): item=1 name="/lib64/ld-linux-x86-64.so.2" inode=1575171 dev=8:2 mode=100761 ouid=0 ogid=0 rdev=0:0 nametype=NORMAL cap_fp=0 cap_fi=0 cap_fe=0 cap_fver=0 cap_frootid=0OUID="root" OGID="root"
type=CWD msg=audit(1769928574.1328:6323): cwd="/home/heroic"
type=CWD msg=audit(1769928512.556:4499): cwd="/root"
type=CWD msg=audit(1769928852.990:7032): cwd="/home/heroic"
type=SYSCALL msg=audit(1769929333.731:5482): arch=c000003e syscall=59 success=yes exit=0 a0=557171056148 a1=557171056228 a2=557171056270 a3=0 items=2 ppid=5175 pid=5253 auid=4294966798 uid=0 gid=0 euid=0 suid=0 fsuid=0 egid=0 sgid=0 fsgid=0 tty=(none) ses=4294967344 comm="python" exe="/usr/bin/tail" subj=unconfined key="process_exec"ARCH=x86_64 SYSCALL=execve AUID="unset" UID="root" GID="root" EUID="root" SUID="root" FSUID="root" EGID="root" SGID="root" FSGID="root"
type=PATH msg=audit(1769928808.743:6099): item=1 name="/lib64/ld-linux-x86-64.so.2" inode=1575801 dev=8:2 mode=100633 ouid=0 ogid=0 rdev=0:0 nametype=NORMAL cap_fp=0 cap_fi=0 cap_fe=0 cap_fver=0 cap_frootid=0OUID="root" OGID="root"
type=SYSCALL msg=audit(1769929224.367:7340): arch=c000003e syscall=59 success=yes exit=0 a0=64e1754cfc70 a1=64e1754ca900 a2=64e1754c38f0 a3=64e1754cff70 items=2 ppid=8281 pid=6130 auid=980 uid=979 gid=1262 euid=0 suid=0 fsuid=0 egid=1375 sgid=666 fsgid=522 tty=pts0 ses=3 comm="df" exe="/usr/bin/sed" subj=unconfined key="process_exec"ARCH=x86_64 SYSCALL=execve AUID="heroic" UID="heroic" GID="heroic" EUID="root" SUID="root" FSUID="root" EGID="heroic" SGID="heroic" FSGID="heroic"
type=USER_END msg=audit(1769929288.366:7632): pid=2087 uid=1168 auid=1381 ses=3 subj=unconfined msg='op=PAM:session_close grantors=pam_limits,pam_env,pam_env,pam_permit,pam_umask,pam_unix acct="root" exe="/usr/bin/sudo" hostname=? addr=? terminal=/dev/pts/0 res=success'UID="heroic" AUID="heroic"
type=PROCTITLE msg=audit(1769929269.1063:6147): proctitle="id"
type=PATH msg=audit(1769928576.402:8635): item=0 name="/usr/bin/nautilus" inode=1590231 dev=8:2 mode=100727 ouid=0 ogid=0 rdev=0:0 nametype=NORMAL cap_fp=0 cap_fi=0 cap_fe=0 cap_fver=0 cap_frootid=0OUID="root" OGID="root"
type=EXECVE msg=audit(1769929114.1359:9023): argc=3 a0="chmod" a1="+x" a2="payload.sh"
type=PATH msg=audit(1769928523.208:5921): item=0 name="/usr/bin/id" inode=1578495 dev=8:2 mode=101126 ouid=0 ogid=0 rdev=0:0 nametype=NORMAL cap_fp=0 cap_fi=0 cap_fe=0 cap_fver=0 cap_frootid=0OUID="root" OGID="root"
type=SERVICE_START msg=audit(1769928835.36:8230): pid=1867 uid=0 auid=4294967244 ses=4294967150 subj=unconfined msg='unit=NetworkManager-dispatcher comm="python" exe="/usr/bin/last" hostname=? addr=? terminal=? res=success'UID="root" AUID="unset"
type=EXECVE msg=audit(1769928672.1108:5979): argc=1 a0="id"
type=CWD msg=audit(1769928792.370:6899): cwd="/root"
type=CWD msg=audit(1769928991.703:5351): cwd="/tmp"
type=SYSCALL msg=audit(1769929387.667:9253): arch=c000003e syscall=59 success=yes exit=0 a0=5da302dc8940 a1=5da302dcdda0 a2=5da302dc08f0 a3=5da302dcdda0 items=2 ppid=5715 pid=4887 auid=1148 uid=709 gid=514 euid=0 suid=0 fsuid=0 egid=854 sgid=982 fsgid=1279 tty=pts0 ses=3 comm="sh" exe="/usr/bin/python3" subj=unconfined key="process_exec"ARCH=x86_64 SYSCALL=execve AUID="heroic" UID="heroic" GID="heroic" EUID="root" SUID="root" FSUID="root" EGID="heroic" SGID="heroic" FSGID="heroic"
type=SYSCALL msg=audit(1769928451.606:9680): arch=c000003e syscall=59 success=yes exit=0 a0=5da302dcb530 a1=5da302dcc8b0 a2=5da302dc08f0 a3=5da302dcc8b0 items=2 ppid=5330 pid=2446 auid=759 uid=581 gid=974 euid=0 suid=0 fsuid=0 egid=826 sgid=800 fsgid=1407 tty=pts0 ses=3 comm="sed" exe="/usr/bin/last" subj=unconfined key="process_exec"ARCH=x86_64 SYSCALL=execve AUID="heroic" UID="heroic" GID="heroic" EUID="root" SUID="root" FSUID="root" EGID="heroic" SGID="heroic" FSGID="heroic"
type=SYSCALL msg=audit(1769928803.1277:7616): arch=c000003e syscall=59 success=yes exit=0 a0=64cc6722ceb0 a1=64cc67320e40 a2=64cc6731a630 a3=64cc67320e40 items=3 ppid=4213 pid=4341 auid=766 uid=1240 gid=785 euid=1463 suid=816 fsuid=1042 egid=1198 sgid=804 fsgid=1292 tty=pts0 ses=3 comm="sh" exe="/usr/bin/df" subj=unconfined key="process_exec"ARCH=x86_64 SYSCALL=execve AUID="heroic" UID="heroic" GID="heroic" EUID="heroic" SUID="heroic" FSUID="heroic" EGID="heroic" SGID="heroic" FSGID="heroic"
type=PATH msg=audit(1769928566.1018:6947): item=0 name="/usr/bin/rm" inode=1578443 dev=8:2 mode=100915 ouid=0 ogid=0 rdev=0:0 nametype=NORMAL cap_fp=0 cap_fi=0 cap_fe=0 cap_fver=0 cap_frootid=0OUID="root" OGID="root"
type=PATH msg=audit(1769928601.16:8010): item=0 name="/usr/bin/rmdir" inode=1577750 dev=8:2 mode=100338 ouid=0 ogid=0 rdev=0:0 nametype=NORMAL cap_fp=0 cap_fi=0 cap_fe=0 cap_fver=0 cap_frootid=0OUID="root" OGID="root"
type=SYSCALL msg=audit(1769928451.1057:4629): arch=c000003e syscall=59 success=yes exit=0 a0=64e1754cb940 a1=64e1754cfa10 a2=64e1754c38f0 a3=64e1754d03d0 items=2 ppid=1385 pid=7697 auid=1423 uid=785 gid=788 euid=1034 suid=824 fsuid=1344 egid=1040 sgid=1292 fsgid=1094 tty=pts0 ses=3 comm="netstat" exe="/usr/bin/sed" subj=unconfined key="process_exec"ARCH=x86_64 SYSCALL=execve AUID="heroic" UID="heroic" GID="heroic" EUID="heroic" SUID="heroic" FSUID="heroic" EGID="heroic" SGID="heroic" FSGID="heroic"
type=CWD msg=audit(1769928740.925:7966): cwd="/tmp"
type=PATH msg=audit(1769928694.624:7212): item=0 name="/usr/bin/chmod" inode=1578318 dev=8:2 mode=100565 ouid=0 ogid=0 rdev=0:0 nametype=NORMAL cap_fp=0 cap_fi=0 cap_fe=0 cap_fver=0 cap_frootid=0OUID="root" OGID="root"
type=EXECVE msg=audit(1769928845.938:3983): argc=2 a0="ps" a1="aux"
type=SYSCALL msg=audit(1769929106.284:5765): arch=c000003e syscall=59 success=yes exit=0 a0=64e1754d05f0 a1=64e1754cb980 a2=64e1754c38f0 a3=64e1754cb980 items=2 ppid=2590 pid=3337 auid=1385 uid=1414 gid=1132 euid=1438 suid=984 fsuid=912 egid=1376 sgid=1459 fsgid=749 tty=pts0 ses=3 comm="netstat" exe="/usr/bin/sed" subj=unconfined key="process_exec"ARCH=x86_64 SYSCALL=execve AUID="heroic" UID="heroic" GID="heroic" EUID="heroic" SUID="heroic" FSUID="heroic" EGID="heroic" SGID="heroic" FSGID="heroic"
type=SYSCALL msg=audit(1769928687.47:7634): arch=c000003e syscall=59 success=yes exit=0 a0=60589dedfb68 a1=60589deefba0 a2=60589df027a0 a3=64 items=2 ppid=8995 pid=8419 auid=510 uid=0 gid=0 euid=0 suid=0 fsuid=0 egid=0 sgid=0 fsgid=0 tty=pts4 ses=3 comm="ss" exe="/usr/bin/sort" subj=unconfined key="process_exec"ARCH=x86_64 SYSCALL=execve AUID="heroic" UID="root" GID="root" EUID="root" SUID="root" FSUID="root" EGID="root" SGID="root" FSGID="root"
type=CRED_DISP msg=audit(1769928443.190:4382): pid=2653 uid=0 auid=0 ses=8 subj=unconfined msg='op=PAM:setcred grantors=pam_permit acct="root" exe="/usr/bin/sed" hostname=? addr=? terminal=cron res=success'UID="root" AUID="root"
type=SERVICE_START msg=audit(1769928832.839:6833): pid=8057 uid=0 auid=4294967262 ses=4294967020 subj=unconfined msg='unit=NetworkManager-dispatcher comm="tail" exe="/usr/bin/tail" hostname=? addr=? terminal=? res=success'UID="root" AUID="unset"
type=USER_START msg=audit(1769929298.92:9760): pid=7199 uid=0 auid=0 ses=5 subj=unconfined msg='op=PAM:session_open grantors=pam_loginuid,pam_env,pam_env,pam_permit,pam_umask,pam_unix,pam_limits acct="root" exe="/usr/bin/sudo" hostname=? addr=? terminal=cron res=success'UID="root" AUID="root"
type=EXECVE msg=audit(1769929295.337:4212): argc=2 a0="sudo" a1="-l"
type=EXECVE msg=audit(1769928445.96:9005): argc=4 a0="sh" a1="-c" a2="--" a3=6466202D50
type=PATH msg=audit(1769928675.283:9035): item=1 name="/lib64/ld-linux-x86-64.so.2" inode=1575824 dev=8:2 mode=100594 ouid=0 ogid=0 rdev=0:0 nametype=NORMAL cap_fp=0 cap_fi=0 cap_fe=0 cap_fver=0 cap_frootid=0OUID="root" OGID="root"
type=PATH msg=audit(1769928662.578:7724): item=1 name="/lib64/ld-linux-x86-64.so.2" inode=1575224 dev=8:2 mode=100835 ouid=0 ogid=0 rdev=0:0 nametype=NORMAL cap_fp=0 cap_fi=0 cap_fe=0 cap_fver=0 cap_frootid=0OUID="root" OGID="root"
type=SYSCALL msg=audit(1769928800.560:5786): arch=c000003e syscall=59 success=yes exit=0 a0=64e1754c67e0 a1=64e1754cd1d0 a2=64e1754c38f0 a3=64e1754cd1d0 items=2 ppid=6311 pid=9205 auid=1138 uid=1201 gid=1374 euid=577 suid=814 fsuid=753 egid=794 sgid=1426 fsgid=1497 tty=pts0 ses=3 comm="df" exe="/usr/bin/last" subj=unconfined key="process_exec"ARCH=x86_64 SYSCALL=execve AUID="heroic" UID="heroic" GID="heroic" EUID="heroic" SUID="heroic" FSUID="heroic" EGID="heroic" SGID="heroic" FSGID="heroic"
type=SYSCALL msg=audit(1769928583.740:3989): arch=c000003e syscall=59 success=yes exit=0 a0=5da302dcc870 a1=5da302dcb4d0 a2=5da302dc08f0 a3=5da302dc88a0 items=2 ppid=5520 pid=5247 auid=1371 uid=576 gid=676 euid=983 suid=953 fsuid=1122 egid=846 sgid=1216 fsgid=992 tty=pts0 ses=3 comm="sh" exe="/usr/bin/netstat" subj=unconfined key="process_exec"ARCH=x86_64 SYSCALL=execve AUID="heroic" UID="heroic" GID="heroic" EUID="heroic" SUID="heroic" FSUID="heroic" EGID="heroic" SGID="heroic" FSGID="heroic"
type=PROCTITLE msg=audit(1769929292.427:4508): proctitle=63686D6F64002B78007061796C6F61642E7368
type=CRED_DISP msg=audit(1769929045.258:6186): pid=3405 uid=997 auid=1224 ses=3 subj=unconfined msg='op=PAM:setcred grantors=pam_permit acct="root" exe="/usr/bin/sudo" hostname=? addr=? terminal=/dev/pts/0 res=success'UID="heroic" AUID="heroic"
type=PATH msg=audit(1769928688.555:8062): item=0 name="/usr/bin/sudo" inode=1574414 dev=8:2 mode=104749 ouid=0 ogid=0 rdev=0:0 nametype=NORMAL cap_fp=0 cap_fi=0 cap_fe=0 cap_fver=0 cap_frootid=0OUID="root" OGID="root"
type=CWD msg=audit(1769929153.406:9960): cwd=2F746D702F686964735F6D616C6963696F7573202864656C6574656429
type=PATH msg=audit(1769928629.128:7251): item=1 name="/lib64/ld-linux-x86-64.so.2" inode=1575192 dev=8:2 mode=100368 ouid=0 ogid=0 rdev=0:0 nametype=NORMAL cap_fp=0 cap_fi=0 cap_fe=0 cap_fver=0 cap_frootid=0OUID="root" OGID="root"
type=PATH msg=audit(1769928468.740:6730): item=0 name="/bin/bash" inode=1573702 dev=8:2 mode=101041 ouid=0 ogid=0 rdev=0:0 nametype=NORMAL cap_fp=0 cap_fi=0 cap_fe=0 cap_fver=0 cap_frootid=0OUID="root" OGID="root"
type=SYSCALL msg=audit(1769929149.457:9529): arch=c000003e syscall=59 success=yes exit=0 a0=62263443cb68 a1=62263444cba0 a2=62263445f7a0 a3=64 items=2 ppid=5287 pid=1938 auid=974 uid=0 gid=0 euid=0 suid=0 fsuid=0 egid=0 sgid=0 fsgid=0 tty=pts4 ses=3 comm="netstat" exe="/usr/bin/sudo" subj=unconfined key="process_exec"ARCH=x86_64 SYSCALL=execve AUID="heroic" UID="root" GID="root" EUID="root" SUID="root" FSUID="root" EGID="root" SGID="root" FSGID="root"
type=CWD msg=audit(1769928886.340:7667): cwd="/tmp"
type=CWD msg=audit(1769929070.298:8718): cwd="/home/heroic"
type=PATH msg=audit(1769928527.580:6764): item=1 name="/lib64/ld-linux-x86-64.so.2" inode=1574892 dev=8:2 mode=101236 ouid=0 ogid=0 rdev=0:0 nametype=NORMAL cap_fp=0 cap_fi=0 cap_fe=0 cap_fver=0 cap_frootid=0OUID="root" OGID="root"
type=SYSCALL msg=audit(1769929034.722:6419): arch=c000003e syscall=59 success=yes exit=0 a0=5da302dcc4d0 a1=5da302dcc490 a2=5da302dc08f0 a3=5da302dcc410 items=2 ppid=8830 pid=3243 auid=939 uid=716 gid=1280 euid=1065 suid=1468 fsuid=1355 egid=975 sgid=1049 fsgid=1409 tty=pts0 ses=3 comm="df" exe="/bin/sh" subj=unconfined key="process_exec"ARCH=x86_64 SYSCALL=execve AUID="heroic" UID="heroic" GID="heroic" EUID="heroic" SUID="heroic" FSUID="heroic" EGID="heroic" SGID="heroic" FSGID="heroic"
type=SYSCALL msg=audit(1769928514.702:6548): arch=c000003e syscall=59 success=yes exit=0 a0=55debe790f48 a1=55dea86ed600 a2=55debe790dd8 a3=1 items=2 ppid=7867 pid=4917 auid=1465 uid=1159 gid=702 euid=573 suid=1047 fsuid=937 egid=846 sgid=1014 fsgid=975 tty=pts1 ses=3 comm="sudo" exe="/usr/bin/python3" subj=unconfined key="process_exec"ARCH=x86_64 SYSCALL=execve AUID="heroic" UID="heroic" GID="heroic" EUID="heroic" SUID="heroic" FSUID="heroic" EGID="heroic" SGID="heroic" FSGID="heroic"
type=PATH msg=audit(1769929404.947:4326): item=1 name="/lib64/ld-linux-x86-64.so.2" inode=1575483 dev=8:2 mode=100295 ouid=0 ogid=0 rdev=0:0 nametype=NORMAL cap_fp=0 cap_fi=0 cap_fe=0 cap_fver=0 cap_frootid=0OUID="root" OGID="root"
type=CWD msg=audit(1769928732.255:6837): cwd="/usr/local/bin"
type=SERVICE_START msg=audit(1769928888.546:7026): pid=5332 uid=0 auid=4294967596 ses=4294967269 subj=unconfined msg='unit=sysstat-collect comm="sh" exe="/usr/bin/netstat" hostname=? addr=? terminal=? res=success'UID="root" AUID="unset"
type=CWD msg=audit(1769929254.765:6280): cwd="/var/ossec"
type=CRED_DISP msg=audit(1769928528.434:8244): pid=6235 uid=963 auid=1499 ses=3 subj=unconfined msg='op=PAM:setcred grantors=pam_permit acct="root" exe="/usr/bin/sudo" hostname=? addr=? terminal=/dev/pts/0 res=success'UID="heroic" AUID="heroic"
type=PATH msg=audit(1769928875.428:7289): item=0 name="/usr/bin/chmod" inode=1578226 dev=8:2 mode=100841 ouid=0 ogid=0 rdev=0:0 nametype=NORMAL cap_fp=0 cap_fi=0 cap_fe=0 cap_fver=0 cap_frootid=0OUID="root" OGID="root"
type=PATH msg=audit(1769929061.720:5687): item=1 name="/lib64/ld-linux-x86-64.so.2" inode=1575422 dev=8:2 mode=100595 ouid=0 ogid=0 rdev=0:0 nametype=NORMAL cap_fp=0 cap_fi=0 cap_fe=0 cap_fver=0 cap_frootid=0OUID="root" OGID="root"
type=SYSCALL msg=audit(1769929209.506:6495): arch=c000003e syscall=59 success=yes exit=0 a0=63954e9de020 a1=63954e9de000 a2=63954e9dddb0 a3=63954e9de990 items=2 ppid=8180 pid=3201 auid=4294967592 uid=0 gid=0 euid=0 suid=0 fsuid=0 egid=0 sgid=0 fsgid=0 tty=(none) ses=4294967721 comm="df" exe="/usr/bin/tail" subj=unconfined key="process_exec"ARCH=x86_64 SYSCALL=execve AUID="unset" UID="root" GID="root" EUID="root" SUID="root" FSUID="root" EGID="root" SGID="root" FSGID="root"
type=PATH msg=audit(1769928592.216:8088): item=0 name="/usr/local/sbin/nautilus" nametype=UNKNOWN cap_fp=0 cap_fi=0 cap_fe=0 cap_fver=0 cap_frootid=0
type=PATH msg=audit(1769929365.344:8981): item=0 name="/usr/bin/rm" inode=1577916 dev=8:2 mode=100737 ouid=0 ogid=0 rdev=0:0 nametype=NORMAL cap_fp=0 cap_fi=0 cap_fe=0 cap_fver=0 cap_frootid=0OUID="root" OGID="root"
type=SYSCALL msg=audit(1769928819.1339:8901): arch=c000003e syscall=59 success=yes exit=0 a0=64e1754cd210 a1=64e1754caa40 a2=64e1754c38f0 a3=64e1754caa40 items=2 ppid=5376 pid=3145 auid=1007 uid=1416 gid=704 euid=1102 suid=1218 fsuid=939 egid=1473 sgid=522 fsgid=685 tty=pts0 ses=3 comm="ss" exe="/usr/bin/sort" subj=unconfined key="process_exec"ARCH=x86_64 SYSCALL=execve AUID="heroic" UID="heroic" GID="heroic" EUID="heroic" SUID="heroic" FSUID="heroic" EGID="heroic" SGID="heroic" FSGID="heroic"
type=PATH msg=audit(1769929175.733:4744): item=0 name="/usr/bin/bash" inode=1573191 dev=8:2 mode=100880 ouid=0 ogid=0 rdev=0:0 nametype=NORMAL cap_fp=0 cap_fi=0 cap_fe=0 cap_fver=0 cap_frootid=0OUID="root" OGID="root"
type=PATH msg=audit(1769929063.717:5052): item=1 name="/lib64/ld-linux-x86-64.so.2" inode=1575682 dev=8:2 mode=100777 ouid=0 ogid=0 rdev=0:0 nametype=NORMAL cap_fp=0 cap_fi=0 cap_fe=0 cap_fver=0 cap_frootid=0OUID="root" OGID="root"
type=PROCTITLE msg=audit(1769929402.163:9952): proctitle=7461696C002D66002F7661722F6C6F672F61756469742F61756469742E6C6F67
type=PROCTITLE msg=audit(1769929339.383:7089): proctitle=7375646F002D6C
type=CWD msg=audit(1769929266.725:7796): cwd="/tmp"
type=LOGIN msg=audit(1769929256.682:4712): pid=5075 uid=0 subj=unconfined old-auid=4294967438 auid=0 tty=(none) old-ses=4294967045 ses=8 res=1UID="root" OLD-AUID="unset" AUID="root"
type=PATH msg=audit(1769928840.33:6024): item=0 name="/usr/bin/chmod" inode=1577867 dev=8:2 mode=100796 ouid=0 ogid=0 rdev=0:0 nametype=NORMAL cap_fp=0 cap_fi=0 cap_fe=0 cap_fver=0 cap_frootid=0OUID="root" OGID="root"
type=PATH msg=audit(1769929074.344:8456): item=0 name="/usr/bin/whoami" inode=1577948 dev=8:2 mode=100848 ouid=0 ogid=0 rdev=0:0 nametype=NORMAL cap_fp=0 cap_fi=0 cap_fe=0 cap_fver=0 cap_frootid=0OUID="root" OGID="root"
type=SYSCALL msg=audit(1769928685.1181:8571): arch=c000003e syscall=59 success=yes exit=0 a0=7ffd2e5d34c0 a1=7ffd2e5d34e0 a2=7ffd2e5d3fd0 a3=8 items=2 ppid=4001 pid=2175 auid=4294967441 uid=0 gid=0 euid=0 suid=0 fsuid=0 egid=0 sgid=0 fsgid=0 tty=(none) ses=4294967524 comm="python" exe="/usr/bin/sed" subj=unconfined key="process_exec"ARCH=x86_64 SYSCALL=execve AUID="unset" UID="root" GID="root" EUID="root" SUID="root" FSUID="root" EGID="root" SGID="root" FSGID="root"
type=PATH msg=audit(1769928901.868:6636): item=1 name="/lib64/ld-linux-x86-64.so.2" inode=1575188 dev=8:2 mode=100773 ouid=0 ogid=0 rdev=0:0 nametype=NORMAL cap_fp=0 cap_fi=0 cap_fe=0 cap_fver=0 cap_frootid=0OUID="root" OGID="root"
type=PATH msg=audit(1769928984.836:6003): item=1 name="/lib64/ld-linux-x86-64.so.2" inode=1575196 dev=8:2 mode=100981 ouid=0 ogid=0 rdev=0:0 nametype=NORMAL cap_fp=0 cap_fi=0 cap_fe=0 cap_fver=0 cap_frootid=0OUID="root" OGID="root"
type=SERVICE_STOP msg=audit(1769928615.921:7898): pid=1767 uid=0 auid=4294967121 ses=4294967377 subj=unconfined msg='unit=packagekit comm="ss" exe="/bin/sh" hostname=? addr=? terminal=? res=success'UID="root" AUID="unset"
type=PATH msg=audit(1769928460.1081:4541): item=0 name="/usr/bin/sed" inode=1573847 dev=8:2 mode=100359 ouid=0 ogid=0 rdev=0:0 nametype=NORMAL cap_fp=0 cap_fi=0 cap_fe=0 cap_fver=0 cap_frootid=0OUID="root" OGID="root"
type=PROCTITLE msg=audit(1769928925.487:6729): proctitle=746565002F6574632F63726F6E2E642F686964735F70657273697374
type=PATH msg=audit(1769928825.863:9014): item=0 name="/usr/libexec/nm-dispatcher" inode=1586385 dev=8:2 mode=100436 ouid=0 ogid=0 rdev=0:0 nametype=NORMAL cap_fp=0 cap_fi=0 cap_fe=0 cap_fver=0 cap_frootid=0OUID="root" OGID="root"
type=CWD msg=audit(1769929249.730:9562): cwd="/home/heroic"
type=CWD msg=audit(1769929092.698:7846): cwd="/var/ossec"
type=PATH msg=audit(1769928789.852:7184): item=0 name="/usr/bin/whoami" inode=1578091 dev=8:2 mode=100283 ouid=0 ogid=0 rdev=0:0 nametype=NORMAL cap_fp=0 cap_fi=0 cap_fe=0 cap_fver=0 cap_frootid=0OUID="root" OGID="root"
type=PATH msg=audit(1769928953.592:5665): item=1 name="/lib64/ld-linux-x86-64.so.2" inode=1575603 dev=8:2 mode=101185 ouid=0 ogid=0 rdev=0:0 nametype=NORMAL cap_fp=0 cap_fi=0 cap_fe=0 cap_fver=0 cap_frootid=0OUID="root" OGID="root"
type=EXECVE msg=audit(1769928832.388:7560): argc=8 a0="/usr/lib/sysstat/sadc" a1="-F" a2="-L" a3="-S" a4="DISK" a5="1" a6="1" a7="/var/log/sysstat"
type=PROCTITLE msg=audit(1769928847.598:7935): proctitle=726D002D660066696C655F31302E6461740066696C655F31312E6461740066696C655F31322E6461740066696C655F31332E6461740066696C655F31342E6461740066696C655F31352E6461740066696C655F31362E6461740066696C655F31372E6461740066696C655F31382E6461740066696C655F31392E646174006669
type=EXECVE msg=audit(1769928766.797:4915): argc=2 a0="sleep" a1="5"
type=SERVICE_STOP msg=audit(1769929100.88:3916): pid=6902 uid=0 auid=4294966883 ses=4294967455 subj=unconfined msg='unit=anacron comm="sort" exe="/usr/bin/netstat" hostname=? addr=? terminal=? res=success'UID="root" AUID="unset"
type=PROCTITLE msg=audit(1769929027.536:8582): proctitle=2F62696E2F7368002F7573722F62696E2F6C65737370697065
type=SYSCALL msg=audit(1769928604.1049:5992): arch=c000003e syscall=59 success=yes exit=0 a0=5da302dc7420 a1=5da302dccf70 a2=5da302dc08f0 a3=5da302dcb510 items=2 ppid=6061 pid=2807 auid=772 uid=1141 gid=1208 euid=1472 suid=1064 fsuid=1423 egid=708 sgid=508 fsgid=502 tty=pts0 ses=3 comm="sed" exe="/usr/bin/last" subj=unconfined key="process_exec"ARCH=x86_64 SYSCALL=execve AUID="heroic" UID="heroic" GID="heroic" EUID="heroic" SUID="heroic" FSUID="heroic" EGID="heroic" SGID="heroic" FSGID="heroic"
type=USER_CMD msg=audit(1769928957.88:8885): pid=7688 uid=0 auid=1410 ses=5 subj=unconfined msg='cwd="/usr/local/bin" cmd=6370202F7661722F6C6F672F61756469742F61756469742E6C6F67202F726F6F742F4465736B746F702F686964735F646174617365742F7261772F6D616C6963696F75735F72656D6F74652E6C6F67 exe="/usr/bin/last" terminal=pts/1 res=success'UID="root" AUID="heroic"
type=CWD msg=audit(1769929232.133:7138): cwd="/root"
type=PROCTITLE msg=audit(1769928427.217:5659): proctitle="whoami"
type=EXECVE msg=audit(1769928476.405:7560): argc=3 a0="chmod" a1="+x" a2="payload.sh"
type=EXECVE msg=audit(1769928717.1123:9409): argc=3 a0="sudo" a1="tee" a2="/etc/cron.d/hids_persist"
type=CWD msg=audit(1769929134.1250:7572): cwd="/home/heroic"
type=EXECVE msg=audit(1769928448.486:9903): argc=1 a0="id"
type=PROCTITLE msg=audit(1769929223.37:9086): proctitle="whoami"
type=SYSCALL msg=audit(1769929220.371:4164): arch=c000003e syscall=59 success=yes exit=0 a0=5da302dc8920 a1=5da302dce250 a2=5da302dc08f0 a3=8 items=2 ppid=2775 pid=7356 auid=1310 uid=1054 gid=1453 euid=724 suid=1364 fsuid=1059 egid=972 sgid=1398 fsgid=1321 tty=pts0 ses=3 comm="tail" exe="/usr/bin/python3" subj=unconfined key="process_exec"ARCH=x86_64 SYSCALL=execve AUID="heroic" UID="heroic" GID="heroic" EUID="heroic" SUID="heroic" FSUID="heroic" EGID="heroic" SGID="heroic" FSGID="heroic"
type=SYSCALL msg=audit(1769928416.1316:7529): arch=c000003e syscall=59 success=yes exit=0 a0=64e1754cfb70 a1=64e1754cf330 a2=64e1754c38f0 a3=64e1754cf330 items=2 ppid=7306 pid=2931 auid=954 uid=1275 gid=1212 euid=0 suid=0 fsuid=0 egid=1191 sgid=887 fsgid=1002 tty=pts0 ses=3 comm="last" exe="/bin/sh" subj=unconfined key="process_exec"ARCH=x86_64 SYSCALL=execve AUID="heroic" UID="heroic" GID="heroic" EUID="root" SUID="root" FSUID="root" EGID="heroic" SGID="heroic" FSGID="heroic"
type=USER_ACCT msg=audit(1769928685.490:8694): pid=2478 uid=998 auid=816 ses=3 subj=unconfined msg='op=PAM:accounting grantors=pam_permit,pam_localuser acct="heroic" exe="/bin/sh" hostname=? addr=? terminal=/dev/pts/0 res=success'UID="heroic" AUID="heroic"
type=USER_START msg=audit(1769929390.439:9771): pid=4869 uid=795 auid=1383 ses=3 subj=unconfined msg='op=PAM:session_open grantors=pam_limits,pam_env,pam_env,pam_permit,pam_umask,pam_unix acct="root" exe="/bin/sh" hostname=? addr=? terminal=/dev/pts/0 res=success'UID="heroic" AUID="heroic"
type=EXECVE msg=audit(1769929027.356:5126): argc=1 a0="bash"
type=PATH msg=audit(1769928902.993:6395): item=0 name="/usr/bin/rm" inode=1578392 dev=8:2 mode=101058 ouid=0 ogid=0 rdev=0:0 nametype=NORMAL cap_fp=0 cap_fi=0 cap_fe=0 cap_fver=0 cap_frootid=0OUID="root" OGID="root"
type=PATH msg=audit(1769929101.606:8094): item=1 name="/lib64/ld-linux-x86-64.so.2" inode=1575026 dev=8:2 mode=100299 ouid=0 ogid=0 rdev=0:0 nametype=NORMAL cap_fp=0 cap_fi=0 cap_fe=0 cap_fver=0 cap_frootid=0OUID="root" OGID="root"
type=CRED_DISP msg=audit(1769928992.568:9146): pid=2389 uid=967 auid=757 ses=3 subj=unconfined msg='op=PAM:setcred grantors=pam_permit acct="root" exe="/bin/sh" hostname=? addr=? terminal=/dev/pts/0 res=success'UID="heroic" AUID="heroic"
type=USER_ACCT msg=audit(1769928934.303:9846): pid=5164 uid=1293 auid=588 ses=5 subj=unconfined msg='op=PAM:accounting grantors=pam_permit,pam_localuser acct="heroic" exe="/usr/bin/sudo" hostname=? addr=? terminal=/dev/pts/0 res=success'UID="heroic" AUID="heroic"
type=EXECVE msg=audit(1769928463.1070:6399): argc=1 a0="whoami"
type=PROCTITLE msg=audit(1769929290.6:5967): proctitle="whoami"
type=PATH msg=audit(1769928961.1016:8369): item=2 name="/lib64/ld-linux-x86-64.so.2" inode=1575489 dev=8:2 mode=100287 ouid=0 ogid=0 rdev=0:0 nametype=NORMAL cap_fp=0 cap_fi=0 cap_fe=0 cap_fver=0 cap_frootid=0OUID="root" OGID="root"
type=EXECVE msg=audit(1769929189.1037:5369): argc=1 a0="whoami"
type=CRED_DISP msg=audit(1769928598.431:5519): pid=4193 uid=532 auid=898 ses=3 subj=unconfined msg='op=PAM:setcred grantors=pam_permit acct="root" exe="/usr/bin/sudo" hostname=? addr=? terminal=/dev/pts/0 res=success'UID="heroic" AUID="heroic"
type=CWD msg=audit(1769928485.353:8619): cwd="/root"
type=USER_ACCT msg=audit(1769929228.579:7742): pid=3314 uid=884 auid=860 ses=3 subj=unconfined msg='op=PAM:accounting grantors=pam_permit,pam_localuser acct="heroic" exe="/usr/bin/sed" hostname=? addr=? terminal=/dev/pts/0 res=success'UID="heroic" AUID="heroic"
type=PATH msg=audit(1769929369.514:5323): item=1 name="/lib64/ld-linux-x86-64.so.2" inode=1574956 dev=8:2 mode=100915 ouid=0 ogid=0 rdev=0:0 nametype=NORMAL cap_fp=0 cap_fi=0 cap_fe=0 cap_fver=0 cap_frootid=0OUID="root" OGID="root"
type=USER_CMD msg=audit(1769929178.1152:7648): pid=1961 uid=725 auid=1349 ses=3 subj=unconfined msg='cwd="/var/ossec" cmd="whoami" exe="/usr/bin/sed" terminal=pts/0 res=success'UID="heroic" AUID="heroic"
type=PROCTITLE msg=audit(1769928629.843:6655): proctitle=2F7573722F62696E2F677067736D002D2D76657273696F6E
type=CRED_REFR msg=audit(1769928420.224:9282): pid=6633 uid=664 auid=1291 ses=3 subj=unconfined msg='op=PAM:setcred grantors=pam_permit,pam_cap acct="root" exe="/usr/bin/sudo" hostname=? addr=? terminal=/dev/pts/0 res=success'UID="heroic" AUID="heroic"
type=EXECVE msg=audit(1769928897.829:9538): argc=2 a0="sudo" a1="su"
type=PATH msg=audit(1769928701.264:4077): item=1 name="/lib64/ld-linux-x86-64.so.2" inode=1575438 dev=8:2 mode=100557 ouid=0 ogid=0 rdev=0:0 nametype=NORMAL cap_fp=0 cap_fi=0 cap_fe=0 cap_fver=0 cap_frootid=0OUID="root" OGID="root"
type=SYSCALL msg=audit(1769928687.220:6506): arch=c000003e syscall=59 success=yes exit=0 a0=5da302dc7a40 a1=5da302dce870 a2=5da302dc08f0 a3=8 items=2 ppid=7244 pid=3970 auid=827 uid=1136 gid=1428 euid=561 suid=678 fsuid=994 egid=926 sgid=835 fsgid=1013 tty=pts0 ses=3 comm="tail" exe="/usr/bin/python3" subj=unconfined key="process_exec"ARCH=x86_64 SYSCALL=execve AUID="heroic" UID="heroic" GID="heroic" EUID="heroic" SUID="heroic" FSUID="heroic" EGID="heroic" SGID="heroic" FSGID="heroic"
type=PROCTITLE msg=audit(1769929159.271:8515): proctitle=7375646F002D6C
type=EXECVE msg=audit(1769929027.440:9636): argc=2 a0="ls" a1="--color=auto"
type=PROCTITLE msg=audit(1769929024.767:4712): proctitle=6375726C002D730066696C653A2F2F2F746D702F686964735F6D616C6963696F75732F7061796C6F61642E7368
type=USER_END msg=audit(1769928523.555:7887): pid=2369 uid=1347 auid=667 ses=3 subj=unconfined msg='op=PAM:session_close grantors=pam_limits,pam_env,pam_env,pam_permit,pam_umask,pam_unix acct="root" exe="/usr/bin/tail" hostname=? addr=? terminal=/dev/pts/0 res=success'UID="heroic" AUID="heroic"
type=PROCTITLE msg=audit(1769928513.550:6308): proctitle=726D002D660066696C655F31302E6461740066696C655F31312E6461740066696C655F31322E6461740066696C655F31332E6461740066696C655F31342E6461740066696C655F31352E6461740066696C655F31362E6461740066696C655F31372E6461740066696C655F31382E6461740066696C655F31392E646174006669
type=PATH msg=audit(1769929203.271:5871): item=0 name="/usr/bin/bash" inode=1573181 dev=8:2 mode=100516 ouid=0 ogid=0 rdev=0:0 nametype=NORMAL cap_fp=0 cap_fi=0 cap_fe=0 cap_fver=0 cap_frootid=0OUID="root" OGID="root"
type=PATH msg=audit(1769928965.5:9539): item=1 name="/lib64/ld-linux-x86-64.so.2" inode=1575311 dev=8:2 mode=100730 ouid=0 ogid=0 rdev=0:0 nametype=NORMAL cap_fp=0 cap_fi=0 cap_fe=0 cap_fver=0 cap_frootid=0OUID="root" OGID="root"
type=PROCTITLE msg=audit(1769928616.483:7113): proctitle=7368002D63002D2D006466202D50
type=SYSCALL msg=audit(1769929069.334:6338): arch=c000003e syscall=59 success=yes exit=0 a0=5da302dccf30 a1=5da302dccc10 a2=5da302dc08f0 a3=5da302dcc950 items=2 ppid=5966 pid=9128 auid=1270 uid=548 gid=1256 euid=656 suid=1177 fsuid=893 egid=1235 sgid=1010 fsgid=909 tty=pts0 ses=3 comm="last" exe="/usr/bin/last" subj=unconfined key="process_exec"ARCH=x86_64 SYSCALL=execve AUID="heroic" UID="heroic" GID="heroic" EUID="heroic" SUID="heroic" FSUID="heroic" EGID="heroic" SGID="heroic" FSGID="heroic"
type=CWD msg=audit(1769928810.1023:6311): cwd="/root"
type=PATH msg=audit(1769928685.616:9943): item=0 name="/usr/bin/id" inode=1577876 dev=8:2 mode=100743 ouid=0 ogid=0 rdev=0:0 nametype=NORMAL cap_fp=0 cap_fi=0 cap_fe=0 cap_fver=0 cap_frootid=0OUID="root" OGID="root"
type=SYSCALL msg=audit(1769928856.934:8747): arch=c000003e syscall=59 success=yes exit=0 a0=64e1754cb7a0 a1=64e1754cb800 a2=64e1754c38f0 a3=64e1754cb800 items=2 ppid=9458 pid=2004 auid=1303 uid=611 gid=1267 euid=1170 suid=1143 fsuid=560 egid=1324 sgid=1282 fsgid=660 tty=pts0 ses=3 comm="sudo" exe="/usr/bin/df" subj=unconfined key="process_exec"ARCH=x86_64 SYSCALL=execve AUID="heroic" UID="heroic" GID="heroic" EUID="heroic" SUID="heroic" FSUID="heroic" EGID="heroic" SGID="heroic" FSGID="heroic"
type=PROCTITLE msg=audit(1769929178.762:7308): proctitle=726D002D66002F6574632F63726F6E2E642F686964735F70657273697374
type=PATH msg=audit(1769928831.518:9594): item=0 name="/etc/cron.d/" inode=1703917 dev=8:2 mode=40904 ouid=0 ogid=0 rdev=0:0 nametype=PARENT cap_fp=0 cap_fi=0 cap_fe=0 cap_fver=0 cap_frootid=0OUID="root" OGID="root"
type=PATH msg=audit(1769929012.847:8374): item=0 name="/usr/bin/sudo" inode=1573797 dev=8:2 mode=105176 ouid=0 ogid=0 rdev=0:0 nametype=NORMAL cap_fp=0 cap_fi=0 cap_fe=0 cap_fver=0 cap_frootid=0OUID="root" OGID="root"
type=PATH msg=audit(1769929201.506:4116): item=1 name="/lib64/ld-linux-x86-64.so.2" inode=1574903 dev=8:2 mode=101184 ouid=0 ogid=0 rdev=0:0 nametype=NORMAL cap_fp=0 cap_fi=0 cap_fe=0 cap_fver=0 cap_frootid=0OUID="root" OGID="root"
type=PROCTITLE msg=audit(1769928785.1267:8386): proctitle=63686D6F64002B78007061796C6F61642E7368
type=CWD msg=audit(1769928533.941:9816): cwd="/root"
type=PROCTITLE msg=audit(1769929251.475:5452): proctitle="bash"
type=SYSCALL msg=audit(1769928658.153:6405): arch=c000003e syscall=59 success=yes exit=0 a0=5bf432dd3b68 a1=5bf432de3ba0 a2=5bf432df67a0 a3=64 items=2 ppid=8002 pid=4096 auid=764 uid=0 gid=0 euid=0 suid=0 fsuid=0 egid=0 sgid=0 fsgid=0 tty=pts4 ses=3 comm="last" exe="/usr/bin/df" subj=unconfined key="process_exec"ARCH=x86_64 SYSCALL=execve AUID="heroic" UID="root" GID="root" EUID="root" SUID="root" FSUID="root" EGID="root" SGID="root" FSGID="root"
type=SYSCALL msg=audit(1769928868.1270:7214): arch=c000003e syscall=59 success=yes exit=0 a0=64e1754cff30 a1=64e1754d0e90 a2=64e1754c38f0 a3=64e1754cff10 items=2 ppid=7365 pid=6678 auid=1298 uid=1222 gid=972 euid=1025 suid=1214 fsuid=701 egid=589 sgid=1447 fsgid=730 tty=pts0 ses=3 comm="df" exe="/usr/bin/sed" subj=unconfined key="process_exec"ARCH=x86_64 SYSCALL=execve AUID="heroic" UID="heroic" GID="heroic" EUID="heroic" SUID="heroic" FSUID="heroic" EGID="heroic" SGID="heroic" FSGID="heroic"
type=SYSCALL msg=audit(1769929253.423:4534): arch=c000003e syscall=59 success=yes exit=0 a0=5da302dccc50 a1=5da302dcc9d0 a2=5da302dc08f0 a3=5da302dcc310 items=2 ppid=7064 pid=6698 auid=585 uid=754 gid=1274 euid=1038 suid=875 fsuid=1274 egid=874 sgid=533 fsgid=1021 tty=pts0 ses=3 comm="netstat" exe="/usr/bin/sort" subj=unconfined key="process_exec"ARCH=x86_64 SYSCALL=execve AUID="heroic" UID="heroic" GID="heroic" EUID="heroic" SUID="heroic" FSUID="heroic" EGID="heroic" SGID="heroic" FSGID="heroic"
type=CWD msg=audit(1769928796.302:8955): cwd="/home/heroic"
type=CWD msg=audit(1769929288.409:9125): cwd="/usr/local/bin"
type=CWD msg=audit(1769929408.312:6263): cwd="/var/ossec"
type=PATH msg=audit(1769928896.971:5033): item=0 name="/usr/bin/id" inode=1578471 dev=8:2 mode=101090 ouid=0 ogid=0 rdev=0:0 nametype=NORMAL cap_fp=0 cap_fi=0 cap_fe=0 cap_fver=0 cap_frootid=0OUID="root" OGID="root"
type=USER_ACCT msg=audit(1769929370.319:6369): pid=9667 uid=921 auid=908 ses=3 subj=unconfined msg='op=PAM:accounting grantors=pam_permit,pam_localuser acct="heroic" exe="/usr/bin/sed" hostname=? addr=? terminal=/dev/pts/0 res=success'UID="heroic" AUID="heroic"
type=PATH msg=audit(1769929213.311:6310): item=0 name="/usr/bin/rmdir" inode=1578552 dev=8:2 mode=100520 ouid=0 ogid=0 rdev=0:0 nametype=NORMAL cap_fp=0 cap_fi=0 cap_fe=0 cap_fver=0 cap_frootid=0OUID="root" OGID="root"
type=PROCTITLE msg=audit(1769928857.1164:7355): proctitle=2F7573722F6C69622F73797374656D642F73797374656D642D6578656375746F72002D2D646573657269616C697A6500313139002D2D6C6F672D6C6576656C00696E666F002D2D6C6F672D746172676574006A6F75726E616C2D6F722D6B6D7367
type=PATH msg=audit(1769928793.318:6907): item=0 name="/usr/bin/whoami" inode=1578086 dev=8:2 mode=100467 ouid=0 ogid=0 rdev=0:0 nametype=NORMAL cap_fp=0 cap_fi=0 cap_fe=0 cap_fver=0 cap_frootid=0OUID="root" OGID="root"
type=EXECVE msg=audit(1769928432.1322:5073): argc=1 a0="bash"
type=EXECVE msg=audit(1769928436.768:4684): argc=3 a0="rm" a1="-f" a2="/etc/cron.d/hids_persist"
type=SYSCALL msg=audit(1769928950.1239:5786): arch=c000003e syscall=59 success=yes exit=0 a0=5eaf7e15f710 a1=7ffd4a156670 a2=7ffd4a157088 a3=0 items=2 ppid=5708 pid=3486 auid=4294967598 uid=0 gid=0 euid=0 suid=0 fsuid=0 egid=0 sgid=0 fsgid=0 tty=(none) ses=4294967788 comm="sort" exe="/bin/sh" subj=unconfined key="process_exec"ARCH=x86_64 SYSCALL=execve AUID="unset" UID="root" GID="root" EUID="root" SUID="root" FSUID="root" EGID="root" SGID="root" FSGID="root"
type=PROCTITLE msg=audit(1769929212.158:8563): proctitle=2F7573722F6C69622F73797374656D642F73797374656D642D6578656375746F72002D2D646573657269616C697A6500313139002D2D6C6F672D6C6576656C00696E666F002D2D6C6F672D746172676574006A6F75726E616C2D6F722D6B6D7367
type=PROCTITLE msg=audit(1769928855.527:5140): proctitle=2F7573722F62696E2F6E617574696C7573002D2D676170706C69636174696F6E2D73657276696365
type=PROCTITLE msg=audit(1769929357.156:8181): proctitle=626173656E616D65002F7573722F62696E2F6C65737370697065
type=SYSCALL msg=audit(1769929072.1348:7512): arch=c000003e syscall=59 success=yes exit=0 a0=55a01b67fb68 a1=55a01b68fba0 a2=55a01b6a2340 a3=64 items=2 ppid=2918 pid=7695 auid=1216 uid=0 gid=0 euid=0 suid=0 fsuid=0 egid=0 sgid=0 fsgid=0 tty=pts4 ses=3 comm="sudo" exe="/usr/bin/netstat" subj=unconfined key="process_exec"ARCH=x86_64 SYSCALL=execve AUID="heroic" UID="root" GID="root" EUID="root" SUID="root" FSUID="root" EGID="root" SGID="root" FSGID="root"
type=EXECVE msg=audit(1769928848.133:7326): argc=4 a0="sudo" a1="cp" a2="/var/log/audit/audit.log" a3="/root/Desktop/hids_dataset/raw/malicious_remote.log"
type=USER_CMD msg=audit(1769929131.746:9561): pid=10205 uid=601 auid=558 ses=3 subj=unconfined msg='cwd="/home/heroic" cmd="whoami" exe="/bin/sh" terminal=pts/0 res=success'UID="heroic" AUID="heroic"
type=EXECVE msg=audit(1769928723.37:8912): argc=1 a0="/usr/libexec/nm-dispatcher"
type=PATH msg=audit(1769929289.1273:7665): item=0 name="/usr/bin/sudo" inode=1574018 dev=8:2 mode=105115 ouid=0 ogid=0 rdev=0:0 nametype=NORMAL cap_fp=0 cap_fi=0 cap_fe=0 cap_fver=0 cap_frootid=0OUID="root" OGID="root"
type=SYSCALL msg=audit(1769929353.715:6103): arch=c000003e syscall=59 success=yes exit=0 a0=56a2cccba8a6 a1=7ffeb4c10500 a2=56a2cccba8e0 a3=56a2cccba8a6 items=2 ppid=4274 pid=9320 auid=0 uid=0 gid=0 euid=0 suid=0 fsuid=0 egid=0 sgid=0 fsgid=0 tty=(none) ses=6 comm="ss" exe="/usr/bin/last" subj=unconfined key="process_exec"ARCH=x86_64 SYSCALL=execve AUID="root" UID="root" GID="root" EUID="root" SUID="root" FSUID="root" EGID="root" SGID="root" FSGID="root"
type=PROCTITLE msg=audit(1769928430.635:9298): proctitle="whoami"
type=SYSCALL msg=audit(1769928948.771:5315): arch=c000003e syscall=59 success=yes exit=0 a0=5da302dcd5f0 a1=5da302dcd5d0 a2=5da302dc08f0 a3=5da302dcd5d0 items=2 ppid=1302 pid=6526 auid=1192 uid=771 gid=725 euid=0 suid=0 fsuid=0 egid=731 sgid=1124 fsgid=713 tty=pts0 ses=3 comm="df" exe="/usr/bin/df" subj=unconfined key="process_exec"ARCH=x86_64 SYSCALL=execve AUID="heroic" UID="heroic" GID="heroic" EUID="root" SUID="root" FSUID="root" EGID="heroic" SGID="heroic" FSGID="heroic"
type=CWD msg=audit(1769928745.647:4204): cwd="/home/heroic"
type=PATH msg=audit(1769928841.785:9289): item=0 name="/usr/bin/curl" inode=1573207 dev=8:2 mode=100595 ouid=0 ogid=0 rdev=0:0 nametype=NORMAL cap_fp=0 cap_fi=0 cap_fe=0 cap_fver=0 cap_frootid=0OUID="root" OGID="root"
type=SYSCALL msg=audit(1769928530.181:7996): arch=c000003e syscall=59 success=yes exit=0 a0=64e1754cb8a0 a1=64e1754d03d0 a2=64e1754c38f0 a3=64e1754cf890 items=2 ppid=1917 pid=8137 auid=1201 uid=1388 gid=1201 euid=1277 suid=1465 fsuid=831 egid=1428 sgid=1119 fsgid=1303 tty=pts0 ses=3 comm="last" exe="/usr/bin/tail" subj=unconfined key="process_exec"ARCH=x86_64 SYSCALL=execve AUID="heroic" UID="heroic" GID="heroic" EUID="heroic" SUID="heroic" FSUID="heroic" EGID="heroic" SGID="heroic" FSGID="heroic"
type=PATH msg=audit(1769929164.932:7654): item=1 name="/lib64/ld-linux-x86-64.so.2" inode=1575803 dev=8:2 mode=100508 ouid=0 ogid=0 rdev=0:0 nametype=NORMAL cap_fp=0 cap_fi=0 cap_fe=0 cap_fver=0 cap_frootid=0OUID="root" OGID="root"
type=CRED_REFR msg=audit(1769928633.586:5030): pid=6373 uid=1325 auid=571 ses=3 subj=unconfined msg='op=PAM:setcred grantors=pam_permit,pam_cap acct="root" exe="/usr/bin/last" hostname=? addr=? terminal=/dev/pts/0 res=success'UID="heroic" AUID="heroic"
type=EXECVE msg=audit(1769929119.476:10117): argc=1 a0="id"
type=SYSCALL msg=audit(1769928989.504:6376): arch=c000003e syscall=59 success=yes exit=0 a0=5da302dcd830 a1=5da302dca270 a2=5da302dc08f0 a3=5da302dca270 items=2 ppid=4825 pid=8826 auid=541 uid=801 gid=1026 euid=1320 suid=1020 fsuid=1282 egid=1234 sgid=1488 fsgid=1330 tty=pts0 ses=3 comm="sort" exe="/usr/bin/df" subj=unconfined key="process_exec"ARCH=x86_64 SYSCALL=execve AUID="heroic" UID="heroic" GID="heroic" EUID="heroic" SUID="heroic" FSUID="heroic" EGID="heroic" SGID="heroic" FSGID="heroic"
type=PATH msg=audit(1769928716.119:4338): item=1 name="/lib64/ld-linux-x86-64.so.2" inode=1575509 dev=8:2 mode=100624 ouid=0 ogid=0 rdev=0:0 nametype=NORMAL cap_fp=0 cap_fi=0 cap_fe=0 cap_fver=0 cap_frootid=0OUID="root" OGID="root"
type=PATH msg=audit(1769928530.264:6153): item=0 name="/usr/bin/rmdir" inode=1578059 dev=8:2 mode=100854 ouid=0 ogid=0 rdev=0:0 nametype=NORMAL cap_fp=0 cap_fi=0 cap_fe=0 cap_fver=0 cap_frootid=0OUID="root" OGID="root"
type=EXECVE msg=audit(1769928446.537:4416): argc=4 a0="sh" a1="-c" a2="--" a3=6E657473746174202D74756C706E207C207365642027732F5C285B5B3A616C6E756D3A5D5D5C2B5C295C205C2B5B5B3A64696769743A5D5D5C2B5C205C2B5B5B3A64696769743A5D5D5C2B5C205C2B5C282E2A5C293A5C285B5B3A64696769743A5D5D2A5C295C205C2B5C285B302D395C2E5C3A5C2A5D5C2B5C292E5C2B5C205C285B5B3A64696769743A5D5D2A5C2F5B5B3A616C6E756D3A5D5C2D5D2A5C292E2A2F5C31205C32203D3D205C33203D3D205C34205C352F27207C20736F7274202D6B2034202D67207C207365642027732F203D3D205C282E2A5C29203D3D2F3A5C312F27207C2073656420312C3264
type=PROCTITLE msg=audit(1769929083.649:9858): proctitle=7373002D74756C6E70
type=PATH msg=audit(1769928748.371:9638): item=0 name="/usr/bin/sudo" inode=1574552 dev=8:2 mode=105024 ouid=0 ogid=0 rdev=0:0 nametype=NORMAL cap_fp=0 cap_fi=0 cap_fe=0 cap_fver=0 cap_frootid=0OUID="root" OGID="root"
type=PATH msg=audit(1769929410.327:8564): item=0 name="/usr/bin/ss" inode=1574519 dev=8:2 mode=101128 ouid=0 ogid=0 rdev=0:0 nametype=NORMAL cap_fp=0 cap_fi=0 cap_fe=0 cap_fver=0 cap_frootid=0OUID="root" OGID="root"
type=CWD msg=audit(1769928530.757:7630): cwd=2F746D702F686964735F6D616C6963696F7573202864656C6574656429
