type=PATH msg=audit(1769928902.892:7343): item=1 name="/lib64/ld-linux-x86-64.so.2" inode=1575595 dev=8:2 mode=100387 ouid=0 ogid=0 rdev=0:0 nametype=NORMAL cap_fp=0 cap_fi=0 cap_fe=0 cap_fver=0 cap_frootid=0OUID="root" OGID="root"
type=SYSCALL msg=audit(1769928672.556:5849): arch=c000003e syscall=59 success=yes exit=0 a0=5da302dcc310 a1=5da302dc22c0 a2=5da302dc08f0 a3=1 items=2 ppid=5007 pid=8656 auid=792 uid=1123 gid=1419 euid=1069 suid=1491 fsuid=757 egid=975 sgid=1194 fsgid=835 tty=pts0 ses=3 comm="sh" exe="/usr/bin/df" subj=unconfined key="process_exec"ARCH=x86_64 SYSCALL=execve AUID="heroic" UID="heroic" GID="heroic" EUID="heroic" SUID="heroic" FSUID="heroic" EGID="heroic" SGID="heroic" FSGID="heroic"
type=CWD msg=audit(1769928779.492:5327): cwd="/usr/local/bin"
type=SYSCALL msg=audit(1769928436.431:7157): arch=c000003e syscall=59 success=yes exit=0 a0=64e1754d05f0 a1=64e1754cb980 a2=64e1754c38f0 a3=64e1754cb980 items=2 ppid=6229 pid=5499 auid=1179 uid=702 gid=889 euid=1450 suid=579 fsuid=755 egid=1466 sgid=1173 fsgid=1006 tty=pts0 ses=3 comm="df" exe="/usr/bin/netstat" subj=unconfined key="process_exec"ARCH=x86_64 SYSCALL=execve AUID="heroic" UID="heroic" GID="heroic" EUID="heroic" SUID="heroic" FSUID="heroic" EGID="heroic" SGID="heroic" FSGID="heroic"
type=EXECVE msg=audit(1769928594.569:5822): argc=2 a0="ps" a1="aux"
type=EXECVE msg=audit(1769928875.638:7648): argc=2 a0="rmdir" a1="/tmp/hids_malicious"
type=PROCTITLE msg=audit(1769929040.1063:6291): proctitle=2F7573722F6C69622F73797374656D642F73797374656D642D6578656375746F72002D2D646573657269616C697A6500313139002D2D6C6F672D6C6576656C00696E666F002D2D6C6F672D746172676574006A6F75726E616C2D6F722D6B6D7367
type=PROCTITLE msg=audit(1769929225.834:9801): proctitle=6D6B646972002D70002F746D702F686964735F6D616C6963696F7573
type=USER_ACCT msg=audit(1769929318.942:8745): pid=4852 uid=1226 auid=848 ses=3 subj=unconfined msg='op=PAM:accounting grantors=pam_permit,pam_localuser acct="heroic" exe="/usr/bin/sed" hostname=? addr=? terminal=/dev/pts/0 res=success'UID="heroic" AUID="heroic"
type=EXECVE msg=audit(1769929043.1030:7465): argc=1 a0="bash"
type=SYSCALL msg=audit(1769928990.995:7665): arch=c000003e syscall=59 success=yes exit=0 a0=64e1754cace0 a1=64e1754ca8a0 a2=64e1754c38f0 a3=64e1754cd270 items=2 ppid=3699 pid=4107 auid=665 uid=835 gid=1156 euid=0 suid=0 fsuid=0 egid=889 sgid=557 fsgid=1238 tty=pts0 ses=3 comm="df" exe="/usr/bin/sort" subj=unconfined key="process_exec"ARCH=x86_64 SYSCALL=execve AUID="heroic" UID="heroic" GID="heroic" EUID="root" SUID="root" FSUID="root" EGID="heroic" SGID="heroic" FSGID="heroic"
type=PROCTITLE msg=audit(1769928929.368:7656): proctitle=63686D6F64002B78007061796C6F61642E7368
type=PROCTITLE msg=audit(1769928440.917:9903): proctitle=736C656570003930
type=PATH msg=audit(1769928705.95:8798): item=0 name="/usr/bin/rm" inode=1577859 dev=8:2 mode=100798 ouid=0 ogid=0 rdev=0:0 nametype=NORMAL cap_fp=0 cap_fi=0 cap_fe=0 cap_fver=0 cap_frootid=0OUID="root" OGID="root"
type=PROCTITLE msg=audit(1769928581.1129:4928): proctitle=2F7573722F6C69622F73797374656D642F73797374656D642D6578656375746F72002D2D646573657269616C697A6500313139002D2D6C6F672D6C6576656C00696E666F002D2D6C6F672D746172676574006A6F75726E616C2D6F722D6B6D7367
type=EXECVE msg=audit(1769928757.886:8468): argc=2 a0="/usr/bin/gpgsm" a1="--version"
type=CWD msg=audit(1769928557.163:5926): cwd="/var/ossec"
type=PROCTITLE msg=audit(1769928864.0:8407): proctitle=2F62696E2F7368002D63005B202D78202F6574632F696E69742E642F616E6163726F6E205D202626206966205B2021202D64202F72756E2F73797374656D642F73797374656D205D3B207468656E202F7573722F7362696E2F696E766F6B652D72632E6420616E6163726F6E207374617274203E2F6465762F6E756C6C3B2066
type=PROCTITLE msg=audit(1769929172.1043:7085): proctitle=736C656570003930
type=PATH msg=audit(1769928740.191:5400): item=0 name="/usr/libexec/nm-dispatcher" inode=1586096 dev=8:2 mode=101094 ouid=0 ogid=0 rdev=0:0 nametype=NORMAL cap_fp=0 cap_fi=0 cap_fe=0 cap_fver=0 cap_frootid=0OUID="root" OGID="root"
type=PATH msg=audit(1769928715.590:5562): item=0 name="/usr/bin/chmod" inode=1577520 dev=8:2 mode=101196 ouid=0 ogid=0 rdev=0:0 nametype=NORMAL cap_fp=0 cap_fi=0 cap_fe=0 cap_fver=0 cap_frootid=0OUID="root" OGID="root"
type=PATH msg=audit(1769928712.187:7207): item=1 name="/lib64/ld-linux-x86-64.so.2" inode=1575131 dev=8:2 mode=101039 ouid=0 ogid=0 rdev=0:0 nametype=NORMAL cap_fp=0 cap_fi=0 cap_fe=0 cap_fver=0 cap_frootid=0OUID="root" OGID="root"
type=PATH msg=audit(1769929291.371:9265): item=0 name="/usr/bin/sleep" inode=1577896 dev=8:2 mode=100582 ouid=0 ogid=0 rdev=0:0 nametype=NORMAL cap_fp=0 cap_fi=0 cap_fe=0 cap_fver=0 cap_frootid=0OUID="root" OGID="root"
type=EXECVE msg=audit(1769929368.602:8912): argc=2 a0="sudo" a1="-l"
type=SYSCALL msg=audit(1769928760.672:6183): arch=c000003e syscall=59 success=yes exit=0 a0=64e1754cf190 a1=64e1754d0b60 a2=64e1754c38f0 a3=64e1754d0b60 items=2 ppid=7092 pid=9364 auid=811 uid=1318 gid=1355 euid=0 suid=0 fsuid=0 egid=1207 sgid=530 fsgid=1436 tty=pts0 ses=3 comm="sort" exe="/usr/bin/netstat" subj=unconfined key="process_exec"ARCH=x86_64 SYSCALL=execve AUID="heroic" UID="heroic" GID="heroic" EUID="root" SUID="root" FSUID="root" EGID="heroic" SGID="heroic" FSGID="heroic"
type=CWD msg=audit(1769929110.1042:8517): cwd=2F746D702F686964735F6D616C6963696F7573202864656C6574656429
type=CWD msg=audit(1769929165.532:4534): cwd="/root"
type=PATH msg=audit(1769928869.407:4990): item=1 name="/lib64/ld-linux-x86-64.so.2" inode=1575401 dev=8:2 mode=101234 ouid=0 ogid=0 rdev=0:0 nametype=NORMAL cap_fp=0 cap_fi=0 cap_fe=0 cap_fver=0 cap_frootid=0OUID="root" OGID="root"
type=PROCTITLE msg=audit(1769929192.680:5469): proctitle=7375646F00726D002D66002F6574632F63726F6E2E642F686964735F70657273697374
type=PROCTITLE msg=audit(1769929105.1043:8490): proctitle=736C656570003930
type=CWD msg=audit(1769928729.320:8633): cwd="/usr/local/bin"
type=PATH msg=audit(1769928518.1075:4734): item=0 name="/usr/bin/id" inode=1577882 dev=8:2 mode=101082 ouid=0 ogid=0 rdev=0:0 nametype=NORMAL cap_fp=0 cap_fi=0 cap_fe=0 cap_fver=0 cap_frootid=0OUID="root" OGID="root"
type=PROCTITLE msg=audit(1769929065.989:9266): proctitle=726D002D66002F6574632F63726F6E2E642F686964735F70657273697374
type=PATH msg=audit(1769928773.87:5134): item=1 name="/lib64/ld-linux-x86-64.so.2" inode=1575029 dev=8:2 mode=101101 ouid=0 ogid=0 rdev=0:0 nametype=NORMAL cap_fp=0 cap_fi=0 cap_fe=0 cap_fver=0 cap_frootid=0OUID="root" OGID="root"
type=PATH msg=audit(1769928412.421:8300): item=1 name="/lib64/ld-linux-x86-64.so.2" inode=1574852 dev=8:2 mode=101227 ouid=0 ogid=0 rdev=0:0 nametype=NORMAL cap_fp=0 cap_fi=0 cap_fe=0 cap_fver=0 cap_frootid=0OUID="root" OGID="root"
type=CWD msg=audit(1769928917.17:7187): cwd="/root"
type=PROCTITLE msg=audit(1769928445.277:4435): proctitle=2F7573722F62696E2F677067002D2D76657273696F6E
type=PATH msg=audit(1769928433.537:4301): item=2 name="/lib64/ld-linux-x86-64.so.2" inode=1575268 dev=8:2 mode=100723 ouid=0 ogid=0 rdev=0:0 nametype=NORMAL cap_fp=0 cap_fi=0 cap_fe=0 cap_fver=0 cap_frootid=0OUID="root" OGID="root"
type=CWD msg=audit(1769928771.70:9021): cwd="/var/ossec"
type=EXECVE msg=audit(1769929032.183:9188): argc=4 a0="/bin/sh" a1="/usr/lib/sysstat/debian-sa1" a2="1" a3="1"
type=PROCTITLE msg=audit(1769929182.628:6200): proctitle=7375646F00726D002D66002F6574632F63726F6E2E642F686964735F70657273697374
type=SERVICE_STOP msg=audit(1769928416.1109:8558): pid=3872 uid=0 auid=4294967534 ses=4294966871 subj=unconfined msg='unit=NetworkManager-dispatcher comm="sh" exe="/bin/sh" hostname=? addr=? terminal=? res=success'UID="root" AUID="unset"
type=USER_CMD msg=audit(1769928726.792:6348): pid=6581 uid=0 auid=909 ses=3 subj=unconfined msg='cwd="/home/heroic" cmd=6370202F7661722F6C6F672F61756469742F61756469742E6C6F67202F686F6D652F6865726F69632F4465736B746F702F736372697074732D666F722D646174612D67656E65726174696F6E2F exe="/bin/sh" terminal=pts/4 res=success'UID="root" AUID="heroic"
type=CRED_DISP msg=audit(1769929130.660:9476): pid=6362 uid=1358 auid=592 ses=3 subj=unconfined msg='op=PAM:setcred grantors=pam_permit acct="root" exe="/bin/sh" hostname=? addr=? terminal=/dev/pts/0 res=success'UID="heroic" AUID="heroic"
type=USER_START msg=audit(1769928608.668:4873): pid=7515 uid=982 auid=1405 ses=3 subj=unconfined msg='op=PAM:session_open grantors=pam_limits,pam_env,pam_env,pam_permit,pam_umask,pam_unix acct="root" exe="/bin/sh" hostname=? addr=? terminal=/dev/pts/0 res=success'UID="heroic" AUID="heroic"
type=PATH msg=audit(1769928496.1033:6201): item=0 name="/usr/bin/bash" inode=1573656 dev=8:2 mode=101004 ouid=0 ogid=0 rdev=0:0 nametype=NORMAL cap_fp=0 cap_fi=0 cap_fe=0 cap_fver=0 cap_frootid=0OUID="root" OGID="root"
type=SYSCALL msg=audit(1769928621.576:8104): arch=c000003e syscall=59 success=yes exit=0 a0=5d51d3ac7c70 a1=5d51d3ac7c00 a2=5d51d3ac7c18 a3=1 items=2 ppid=3930 pid=6711 auid=4294966919 uid=0 gid=363 euid=0 suid=0 fsuid=0 egid=544 sgid=393 fsgid=160 tty=(none) ses=4294967480 comm="ss" exe="/usr/bin/netstat" subj=unconfined key="process_exec"ARCH=x86_64 SYSCALL=execve AUID="unset" UID="root" GID="wazuh" EUID="root" SUID="root" FSUID="root" EGID="wazuh" SGID="wazuh" FSGID="wazuh"
type=SYSCALL msg=audit(1769928905.267:5105): arch=c000003e syscall=59 success=yes exit=0 a0=64e1754d05d0 a1=64e1754d03d0 a2=64e1754c38f0 a3=64e1754d03d0 items=2 ppid=3909 pid=5442 auid=1018 uid=917 gid=1171 euid=1363 suid=565 fsuid=1077 egid=1327 sgid=1314 fsgid=1199 tty=pts0 ses=3 comm="tail" exe="/usr/bin/python3" subj=unconfined key="process_exec"ARCH=x86_64 SYSCALL=execve AUID="heroic" UID="heroic" GID="heroic" EUID="heroic" SUID="heroic" FSUID="heroic" EGID="heroic" SGID="heroic" FSGID="heroic"
type=PATH msg=audit(1769929051.149:5282): item=1 name="/lib64/ld-linux-x86-64.so.2" inode=1575462 dev=8:2 mode=100858 ouid=0 ogid=0 rdev=0:0 nametype=NORMAL cap_fp=0 cap_fi=0 cap_fe=0 cap_fver=0 cap_frootid=0OUID="root" OGID="root"
type=EXECVE msg=audit(1769928436.1206:9679): argc=3 a0="/bin/sh" a1="-c" a2=636F6D6D616E64202D762064656269616E2D736131203E202F6465762F6E756C6C2026262064656269616E2D73613120312031
type=PATH msg=audit(1769929225.1076:6670): item=0 name="/usr/bin/ps" inode=1574118 dev=8:2 mode=101230 ouid=0 ogid=0 rdev=0:0 nametype=NORMAL cap_fp=0 cap_fi=0 cap_fe=0 cap_fver=0 cap_frootid=0OUID="root" OGID="root"
type=PROCTITLE msg=audit(1769928743.542:7005): proctitle=736C656570003930
type=CRED_REFR msg=audit(1769928437.1089:9350): pid=6460 uid=0 auid=0 ses=8 subj=unconfined msg='op=PAM:setcred grantors=pam_permit,pam_cap acct="root" exe="/usr/bin/sudo" hostname=? addr=? terminal=cron res=success'UID="root" AUID="root"
type=PATH msg=audit(1769928558.263:9372): item=1 name="/lib64/ld-linux-x86-64.so.2" inode=1575730 dev=8:2 mode=101255 ouid=0 ogid=0 rdev=0:0 nametype=NORMAL cap_fp=0 cap_fi=0 cap_fe=0 cap_fver=0 cap_frootid=0OUID="root" OGID="root"
type=PROCTITLE msg=audit(1769928918.683:9230): proctitle=2F7573722F6C69622F73797374656D642F73797374656D642D6578656375746F72002D2D646573657269616C697A6500313139002D2D6C6F672D6C6576656C00696E666F002D2D6C6F672D746172676574006A6F75726E616C2D6F722D6B6D7367
type=USER_START msg=audit(1769928627.1073:5801): pid=10059 uid=1239 auid=505 ses=3 subj=unconfined msg='op=PAM:session_open grantors=pam_limits,pam_env,pam_env,pam_permit,pam_umask,pam_unix acct="root" exe="/usr/bin/sort" hostname=? addr=? terminal=/dev/pts/0 res=success'UID="heroic" AUID="heroic"
type=CWD msg=audit(1769929121.948:8818): cwd="/home/heroic"
type=PATH msg=audit(1769928436.37:9973): item=0 name="/usr/bin/ps" inode=1574167 dev=8:2 mode=100776 ouid=0 ogid=0 rdev=0:0 nametype=NORMAL cap_fp=0 cap_fi=0 cap_fe=0 cap_fver=0 cap_frootid=0OUID="root" OGID="root"
type=USER_ACCT msg=audit(1769929020.216:4820): pid=7487 uid=0 auid=1063 ses=5 subj=unconfined msg='op=PAM:accounting grantors=pam_permit,pam_localuser acct="root" exe="/usr/bin/python3" hostname=? addr=? terminal=/dev/pts/1 res=success'UID="root" AUID="heroic"
type=EXECVE msg=audit(1769928572.805:4603): argc=1 a0="bash"
type=PATH msg=audit(1769929281.688:6774): item=1 name="/lib64/ld-linux-x86-64.so.2" inode=1575304 dev=8:2 mode=100701 ouid=0 ogid=0 rdev=0:0 nametype=NORMAL cap_fp=0 cap_fi=0 cap_fe=0 cap_fver=0 cap_frootid=0OUID="root" OGID="root"
type=USER_ACCT msg=audit(1769929222.842:5883): pid=4379 uid=516 auid=712 ses=3 subj=unconfined msg='op=PAM:accounting grantors=pam_permit,pam_localuser acct="heroic" exe="/usr/bin/sed" hostname=? addr=? terminal=/dev/pts/0 res=success'UID="heroic" AUID="heroic"
type=SYSCALL msg=audit(1769929060.520:5924): arch=c000003e syscall=59 success=yes exit=0 a0=5da302dcb530 a1=5da302dce930 a2=5da302dc08f0 a3=5da302dcc8b0 items=2 ppid=7549 pid=4761 auid=1108 uid=1196 gid=1287 euid=0 suid=0 fsuid=0 egid=1261 sgid=640 fsgid=648 tty=pts0 ses=3 comm="python" exe="/usr/bin/sudo" subj=unconfined key="process_exec"ARCH=x86_64 SYSCALL=execve AUID="heroic" UID="heroic" GID="heroic" EUID="root" SUID="root" FSUID="root" EGID="heroic" SGID="heroic" FSGID="heroic"
type=CWD msg=audit(1769928567.1026:6219): cwd="/usr/local/bin"
type=SYSCALL msg=audit(1769928477.181:7521): arch=c000003e syscall=59 success=yes exit=0 a0=5da302dc7420 a1=5da302dce610 a2=5da302dc08f0 a3=5da302dcc8b0 items=2 ppid=2782 pid=1238 auid=1283 uid=1283 gid=1118 euid=1205 suid=1491 fsuid=1107 egid=753 sgid=1146 fsgid=531 tty=pts0 ses=3 comm="ss" exe="/usr/bin/sudo" subj=unconfined key="process_exec"ARCH=x86_64 SYSCALL=execve AUID="heroic" UID="heroic" GID="heroic" EUID="heroic" SUID="heroic" FSUID="heroic" EGID="heroic" SGID="heroic" FSGID="heroic"
type=CWD msg=audit(1769928511.726:6737): cwd="/home/heroic"
type=USER_ACCT msg=audit(1769928480.107:6461): pid=8456 uid=890 auid=666 ses=5 subj=unconfined msg='op=PAM:accounting grantors=pam_permit,pam_localuser acct="heroic" exe="/usr/bin/sed" hostname=? addr=? terminal=/dev/pts/0 res=success'UID="heroic" AUID="heroic"
type=PATH msg=audit(1769929138.1113:4910): item=1 name="/lib64/ld-linux-x86-64.so.2" inode=1575126 dev=8:2 mode=101214 ouid=0 ogid=0 rdev=0:0 nametype=NORMAL cap_fp=0 cap_fi=0 cap_fe=0 cap_fver=0 cap_frootid=0OUID="root" OGID="root"
type=USER_START msg=audit(1769929243.222:5443): pid=8904 uid=688 auid=1343 ses=3 subj=unconfined msg='op=PAM:session_open grantors=pam_limits,pam_env,pam_env,pam_permit,pam_umask,pam_unix acct="root" exe="/usr/bin/netstat" hostname=? addr=? terminal=/dev/pts/0 res=success'UID="heroic" AUID="heroic"
type=CWD msg=audit(1769929305.246:7026): cwd="/tmp"
type=PATH msg=audit(1769928912.453:6718): item=0 name="/usr/bin/rm" inode=1578355 dev=8:2 mode=100996 ouid=0 ogid=0 rdev=0:0 nametype=NORMAL cap_fp=0 cap_fi=0 cap_fe=0 cap_fver=0 cap_frootid=0OUID="root" OGID="root"
type=USER_END msg=audit(1769928936.729:10018): pid=1435 uid=671 auid=882 ses=3 subj=unconfined msg='op=PAM:session_close grantors=pam_limits,pam_env,pam_env,pam_permit,pam_umask,pam_unix acct="root" exe="/usr/bin/python3" hostname=? addr=? terminal=/dev/pts/0 res=success'UID="heroic" AUID="heroic"
type=PATH msg=audit(1769929352.95:4822): item=0 name="/usr/bin/bash" inode=1573840 dev=8:2 mode=101095 ouid=0 ogid=0 rdev=0:0 nametype=NORMAL cap_fp=0 cap_fi=0 cap_fe=0 cap_fver=0 cap_frootid=0OUID="root" OGID="root"
type=EXECVE msg=audit(1769929026.924:8112): argc=7 a0="/usr/lib/systemd/systemd-executor" a1="--deserialize" a2="381" a3="--log-level" a4="info" a5="--log-target" a6="journal-or-kmsg"
type=EXECVE msg=audit(1769928515.283:9783): argc=1 a0="whoami"
type=BPRM_FCAPS msg=audit(1769929151.655:7599): fver=0 fp=0 fi=0 fe=0 old_pp=000001fffffeffff old_pi=0 old_pe=000001fffffeffff old_pa=0 pp=000001fffffeffff pi=0 pe=000001fffffeffff pa=0 frootid=0
type=SYSCALL msg=audit(1769929384.377:5645): arch=c000003e syscall=59 success=yes exit=0 a0=56a2ccca82d6 a1=7ffeb4c10500 a2=56a2ccca8380 a3=56a2ccca82d6 items=2 ppid=1598 pid=4639 auid=0 uid=0 gid=0 euid=0 suid=0 fsuid=0 egid=0 sgid=0 fsgid=0 tty=(none) ses=9 comm="sed" exe="/usr/bin/sed" subj=unconfined key="process_exec"ARCH=x86_64 SYSCALL=execve AUID="root" UID="root" GID="root" EUID="root" SUID="root" FSUID="root" EGID="root" SGID="root" FSGID="root"
type=PROCTITLE msg=audit(1769928915.565:5564): proctitle=63686D6F64002B78007061796C6F61642E7368
type=CWD msg=audit(1769929026.478:9789): cwd="/root"
type=SYSCALL msg=audit(1769928416.1264:8387): arch=c000003e syscall=59 success=yes exit=0 a0=64e1754cf4d0 a1=64e1754cf9f0 a2=64e1754c38f0 a3=64e1754ced30 items=2 ppid=3426 pid=10386 auid=1391 uid=1432 gid=1139 euid=802 suid=565 fsuid=832 egid=619 sgid=1222 fsgid=1257 tty=pts0 ses=3 comm="df" exe="/usr/bin/last" subj=unconfined key="process_exec"ARCH=x86_64 SYSCALL=execve AUID="heroic" UID="heroic" GID="heroic" EUID="heroic" SUID="heroic" FSUID="heroic" EGID="heroic" SGID="heroic" FSGID="heroic"
type=SYSCALL msg=audit(1769928617.611:6606): arch=c000003e syscall=59 success=yes exit=0 a0=62baf220cb68 a1=62baf221cba0 a2=62baf222f7a0 a3=64 items=2 ppid=1315 pid=4081 auid=1146 uid=0 gid=0 euid=0 suid=0 fsuid=0 egid=0 sgid=0 fsgid=0 tty=pts1 ses=3 comm="sed" exe="/usr/bin/netstat" subj=unconfined key="process_exec"ARCH=x86_64 SYSCALL=execve AUID="heroic" UID="root" GID="root" EUID="root" SUID="root" FSUID="root" EGID="root" SGID="root" FSGID="root"
type=CWD msg=audit(1769928651.968:8231): cwd="/root"
type=PATH msg=audit(1769929120.537:5058): item=0 name="/usr/bin/rmdir" inode=1577715 dev=8:2 mode=100280 ouid=0 ogid=0 rdev=0:0 nametype=NORMAL cap_fp=0 cap_fi=0 cap_fe=0 cap_fver=0 cap_frootid=0OUID="root" OGID="root"
type=EXECVE msg=audit(1769929340.320:4701): argc=3 a0="sudo" a1="tee" a2="/etc/cron.d/hids_persist"
type=CWD msg=audit(1769928952.688:5990): cwd="/usr/local/bin"
type=SYSCALL msg=audit(1769929182.355:8180): arch=c000003e syscall=59 success=yes exit=0 a0=5f93efcfa880 a1=5f93efceb040 a2=5f93efcea2c0 a3=0 items=3 ppid=6251 pid=2821 auid=1003 uid=0 gid=1388 euid=0 suid=0 fsuid=0 egid=1326 sgid=1230 fsgid=608 tty=(none) ses=4 comm="sh" exe="/usr/bin/netstat" subj=unconfined key="process_exec"ARCH=x86_64 SYSCALL=execve AUID="heroic" UID="root" GID="heroic" EUID="root" SUID="root" FSUID="root" EGID="heroic" SGID="heroic" FSGID="heroic"
type=SYSCALL msg=audit(1769929269.577:7210): arch=c000003e syscall=59 success=yes exit=0 a0=5da302dccbb0 a1=5da302dcbad0 a2=5da302dc08f0 a3=5da302dccb90 items=2 ppid=4897 pid=9651 auid=838 uid=584 gid=838 euid=1448 suid=592 fsuid=541 egid=1224 sgid=1376 fsgid=1220 tty=pts0 ses=3 comm="df" exe="/usr/bin/python3" subj=unconfined key="process_exec"ARCH=x86_64 SYSCALL=execve AUID="heroic" UID="heroic" GID="heroic" EUID="heroic" SUID="heroic" FSUID="heroic" EGID="heroic" SGID="heroic" FSGID="heroic"
type=USER_CMD msg=audit(1769929054.423:6551): pid=8075 uid=665 auid=1081 ses=3 subj=unconfined msg='cwd="/tmp" cmd="whoami" exe="/usr/bin/netstat" terminal=pts/0 res=success'UID="heroic" AUID="heroic"
type=SYSCALL msg=audit(1769928769.581:9310): arch=c000003e syscall=59 success=yes exit=0 a0=7ffea52a8950 a1=7ffea52a8970 a2=7ffea52a9460 a3=8 items=2 ppid=7797 pid=3412 auid=4294967792 uid=0 gid=0 euid=0 suid=0 fsuid=0 egid=0 sgid=0 fsgid=0 tty=(none) ses=4294967582 comm="ss" exe="/usr/bin/last" subj=unconfined key="process_exec"ARCH=x86_64 SYSCALL=execve AUID="unset" UID="root" GID="root" EUID="root" SUID="root" FSUID="root" EGID="root" SGID="root" FSGID="root"
type=BPF msg=audit(1769928945.553:7525): prog-id=99 op=LOAD
type=PATH msg=audit(1769928585.809:7196): item=0 name="/etc/cron.d/" inode=1704392 dev=8:2 mode=41120 ouid=0 ogid=0 rdev=0:0 nametype=PARENT cap_fp=0 cap_fi=0 cap_fe=0 cap_fver=0 cap_frootid=0OUID="root" OGID="root"
type=PATH msg=audit(1769929158.429:5719): item=0 name="/etc/cron.d/" inode=1703717 dev=8:2 mode=40828 ouid=0 ogid=0 rdev=0:0 nametype=PARENT cap_fp=0 cap_fi=0 cap_fe=0 cap_fver=0 cap_frootid=0OUID="root" OGID="root"
type=SYSCALL msg=audit(1769929370.37:9943): arch=c000003e syscall=59 success=yes exit=0 a0=64e1754cfeb0 a1=64e1754cf310 a2=64e1754c38f0 a3=64e1754cf310 items=2 ppid=4402 pid=2800 auid=1456 uid=850 gid=1358 euid=1329 suid=748 fsuid=1469 egid=991 sgid=1218 fsgid=1167 tty=pts0 ses=3 comm="python" exe="/usr/bin/netstat" subj=unconfined key="process_exec"ARCH=x86_64 SYSCALL=execve AUID="heroic" UID="heroic" GID="heroic" EUID="heroic" SUID="heroic" FSUID="heroic" EGID="heroic" SGID="heroic" FSGID="heroic"
type=PATH msg=audit(1769928850.344:4480): item=0 name="/usr/bin/sleep" inode=1578326 dev=8:2 mode=100686 ouid=0 ogid=0 rdev=0:0 nametype=NORMAL cap_fp=0 cap_fi=0 cap_fe=0 cap_fver=0 cap_frootid=0OUID="root" OGID="root"
type=PATH msg=audit(1769929351.638:4222): item=0 name="/usr/bin/bash" inode=1573347 dev=8:2 mode=101077 ouid=0 ogid=0 rdev=0:0 nametype=NORMAL cap_fp=0 cap_fi=0 cap_fe=0 cap_fver=0 cap_frootid=0OUID="root" OGID="root"
type=PATH msg=audit(1769929036.14:6895): item=0 name="./malicious_local.sh" inode=1196604 dev=8:2 mode=100470 ouid=1234 ogid=604 rdev=0:0 nametype=NORMAL cap_fp=0 cap_fi=0 cap_fe=0 cap_fver=0 cap_frootid=0OUID="heroic" OGID="heroic"
type=PATH msg=audit(1769928817.889:8338): item=1 name="/lib64/ld-linux-x86-64.so.2" inode=1575445 dev=8:2 mode=100597 ouid=0 ogid=0 rdev=0:0 nametype=NORMAL cap_fp=0 cap_fi=0 cap_fe=0 cap_fver=0 cap_frootid=0OUID="root" OGID="root"
type=EXECVE msg=audit(1769928812.469:10018): argc=3 a0="chmod" a1="+x" a2="payload.sh"
type=PATH msg=audit(1769929300.924:8980): item=1 name="/lib64/ld-linux-x86-64.so.2" inode=1574952 dev=8:2 mode=100740 ouid=0 ogid=0 rdev=0:0 nametype=NORMAL cap_fp=0 cap_fi=0 cap_fe=0 cap_fver=0 cap_frootid=0OUID="root" OGID="root"
type=PATH msg=audit(1769928851.1359:8341): item=0 name="/usr/bin/sudo" inode=1574631 dev=8:2 mode=104317 ouid=0 ogid=0 rdev=0:0 nametype=NORMAL cap_fp=0 cap_fi=0 cap_fe=0 cap_fver=0 cap_frootid=0OUID="root" OGID="root"
type=PATH msg=audit(1769928594.43:5135): item=0 name="/usr/bin/rm" inode=1578385 dev=8:2 mode=100269 ouid=0 ogid=0 rdev=0:0 nametype=NORMAL cap_fp=0 cap_fi=0 cap_fe=0 cap_fver=0 cap_frootid=0OUID="root" OGID="root"
type=PATH msg=audit(1769929088.276:3895): item=1 name="/lib64/ld-linux-x86-64.so.2" inode=1575549 dev=8:2 mode=101178 ouid=0 ogid=0 rdev=0:0 nametype=NORMAL cap_fp=0 cap_fi=0 cap_fe=0 cap_fver=0 cap_frootid=0OUID="root" OGID="root"
type=SYSCALL msg=audit(1769929143.55:6525): arch=c000003e syscall=59 success=yes exit=0 a0=5cf7ea324020 a1=5cf7ea324000 a2=5cf7ea323db0 a3=5cf7ea324990 items=2 ppid=5733 pid=4770 auid=4294967659 uid=0 gid=0 euid=0 suid=0 fsuid=0 egid=0 sgid=0 fsgid=0 tty=(none) ses=4294967265 comm="last" exe="/bin/sh" subj=unconfined key="process_exec"ARCH=x86_64 SYSCALL=execve AUID="unset" UID="root" GID="root" EUID="root" SUID="root" FSUID="root" EGID="root" SGID="root" FSGID="root"
type=SYSCALL msg=audit(1769928605.1376:3792): arch=c000003e syscall=59 success=yes exit=0 a0=64e1754cb7a0 a1=64e1754cb600 a2=64e1754c38f0 a3=64e1754cb600 items=2 ppid=4050 pid=2542 auid=1493 uid=817 gid=1344 euid=528 suid=1037 fsuid=650 egid=1442 sgid=1074 fsgid=787 tty=pts0 ses=3 comm="python" exe="/usr/bin/last" subj=unconfined key="process_exec"ARCH=x86_64 SYSCALL=execve AUID="heroic" UID="heroic" GID="heroic" EUID="heroic" SUID="heroic" FSUID="heroic" EGID="heroic" SGID="heroic" FSGID="heroic"
type=PATH msg=audit(1769929062.987:5869): item=0 name="/usr/bin/sleep" inode=1577749 dev=8:2 mode=100311 ouid=0 ogid=0 rdev=0:0 nametype=NORMAL cap_fp=0 cap_fi=0 cap_fe=0 cap_fver=0 cap_frootid=0OUID="root" OGID="root"
type=PROCTITLE msg=audit(1769929196.531:5435): proctitle=7375646F0077686F616D69
type=EXECVE msg=audit(1769928786.409:9844): argc=1 a0="bash"
type=PATH msg=audit(1769928766.69:9914): item=0 name="/usr/bin/sudo" inode=1574337 dev=8:2 mode=104553 ouid=0 ogid=0 rdev=0:0 nametype=NORMAL cap_fp=0 cap_fi=0 cap_fe=0 cap_fver=0 cap_frootid=0OUID="root" OGID="root"
type=PATH msg=audit(1769929345.1369:7404): item=1 name="/lib64/ld-linux-x86-64.so.2" inode=1575125 dev=8:2 mode=100818 ouid=0 ogid=0 rdev=0:0 nametype=NORMAL cap_fp=0 cap_fi=0 cap_fe=0 cap_fver=0 cap_frootid=0OUID="root" OGID="root"
type=SYSCALL msg=audit(1769929153.131:8127): arch=c000003e syscall=59 success=yes exit=0 a0=64e1754cf410 a1=64e1754ca360 a2=64e1754c38f0 a3=64e1754cab20 items=2 ppid=9098 pid=6857 auid=1287 uid=1164 gid=1324 euid=1092 suid=1291 fsuid=934 egid=1086 sgid=967 fsgid=1440 tty=pts0 ses=3 comm="sed" exe="/usr/bin/sort" subj=unconfined key="process_exec"ARCH=x86_64 SYSCALL=execve AUID="heroic" UID="heroic" GID="heroic" EUID="heroic" SUID="heroic" FSUID="heroic" EGID="heroic" SGID="heroic" FSGID="heroic"
type=SYSCALL msg=audit(1769929178.535:9360): arch=c000003e syscall=59 success=yes exit=0 a0=5d51d3ac7b38 a1=5d51d3ac78e0 a2=5d51d3ac78f8 a3=1 items=2 ppid=2179 pid=7089 auid=4294967688 uid=0 gid=171 euid=0 suid=0 fsuid=0 egid=405 sgid=567 fsgid=326 tty=(none) ses=4294967169 comm="sudo" exe="/usr/bin/python3" subj=unconfined key="process_exec"ARCH=x86_64 SYSCALL=execve AUID="unset" UID="root" GID="wazuh" EUID="root" SUID="root" FSUID="root" EGID="wazuh" SGID="wazuh" FSGID="wazuh"
type=SYSCALL msg=audit(1769929387.9:9371): arch=c000003e syscall=59 success=yes exit=0 a0=5da302dcc790 a1=5da302dcea80 a2=5da302dc08f0 a3=1 items=2 ppid=1904 pid=2063 auid=1018 uid=1427 gid=1239 euid=874 suid=843 fsuid=1387 egid=938 sgid=1381 fsgid=930 tty=pts0 ses=3 comm="df" exe="/usr/bin/sort" subj=unconfined key="process_exec"ARCH=x86_64 SYSCALL=execve AUID="heroic" UID="heroic" GID="heroic" EUID="heroic" SUID="heroic" FSUID="heroic" EGID="heroic" SGID="heroic" FSGID="heroic"
type=SYSCALL msg=audit(1769929001.330:9030): arch=c000003e syscall=59 success=yes exit=0 a0=5da302dccf30 a1=5da302dc8920 a2=5da302dc08f0 a3=5da302dc8920 items=2 ppid=7650 pid=3984 auid=1425 uid=964 gid=678 euid=1034 suid=1181 fsuid=691 egid=643 sgid=1435 fsgid=1335 tty=pts0 ses=3 comm="sh" exe="/usr/bin/sort" subj=unconfined key="process_exec"ARCH=x86_64 SYSCALL=execve AUID="heroic" UID="heroic" GID="heroic" EUID="heroic" SUID="heroic" FSUID="heroic" EGID="heroic" SGID="heroic" FSGID="heroic"
type=PROCTITLE msg=audit(1769928781.552:9381): proctitle=63686D6F64002B78007061796C6F61642E7368
type=EXECVE msg=audit(1769928589.2:6521): argc=2 a0="sed" a1="1,2d"
type=PATH msg=audit(1769928845.560:8624): item=1 name="/lib64/ld-linux-x86-64.so.2" inode=1574912 dev=8:2 mode=101117 ouid=0 ogid=0 rdev=0:0 nametype=NORMAL cap_fp=0 cap_fi=0 cap_fe=0 cap_fver=0 cap_frootid=0OUID="root" OGID="root"
type=PROCTITLE msg=audit(1769928874.1066:8362): proctitle=726D002D66002F6574632F63726F6E2E642F686964735F70657273697374
type=PROCTITLE msg=audit(1769928923.900:8295): proctitle="id"
type=CWD msg=audit(1769929164.274:4689): cwd="/tmp"
type=CWD msg=audit(1769928913.660:6816): cwd="/tmp"
type=USER_AUTH msg=audit(1769929027.584:7414): pid=7902 uid=0 auid=513 ses=3 subj=unconfined msg='op=PAM:authentication grantors=pam_rootok acct="root" exe="/usr/bin/python3" hostname=? addr=? terminal=/dev/pts/4 res=success'UID="root" AUID="heroic"
type=USER_ACCT msg=audit(1769929391.240:5066): pid=9425 uid=1172 auid=795 ses=3 subj=unconfined msg='op=PAM:accounting grantors=pam_permit,pam_localuser acct="heroic" exe="/usr/bin/sudo" hostname=? addr=? terminal=/dev/pts/0 res=success'UID="heroic" AUID="heroic"
type=PATH msg=audit(1769928736.297:4109): item=1 name="/lib64/ld-linux-x86-64.so.2" inode=1575543 dev=8:2 mode=101036 ouid=0 ogid=0 rdev=0:0 nametype=NORMAL cap_fp=0 cap_fi=0 cap_fe=0 cap_fver=0 cap_frootid=0OUID="root" OGID="root"
type=EXECVE msg=audit(1769929059.530:7880): argc=3 a0="sudo" a1="tee" a2="/etc/cron.d/hids_persist"
type=PATH msg=audit(1769929222.504:8013): item=0 name="/usr/bin/whoami" inode=1577752 dev=8:2 mode=100980 ouid=0 ogid=0 rdev=0:0 nametype=NORMAL cap_fp=0 cap_fi=0 cap_fe=0 cap_fver=0 cap_frootid=0OUID="root" OGID="root"
type=CWD msg=audit(1769928526.838:6841): cwd="/root"
type=SYSCALL msg=audit(1769928757.91:3925): arch=c000003e syscall=59 success=yes exit=0 a0=64e1754cb960 a1=64e1754ced50 a2=64e1754c38f0 a3=64e1754ced50 items=2 ppid=8558 pid=9835 auid=784 uid=1479 gid=742 euid=0 suid=0 fsuid=0 egid=1116 sgid=925 fsgid=1312 tty=pts0 ses=3 comm="last" exe="/usr/bin/sudo" subj=unconfined key="process_exec"ARCH=x86_64 SYSCALL=execve AUID="heroic" UID="heroic" GID="heroic" EUID="root" SUID="root" FSUID="root" EGID="heroic" SGID="heroic" FSGID="heroic"
type=EXECVE msg=audit(1769928899.754:7876): argc=2 a0="ps" a1="aux"
type=PATH msg=audit(1769929093.853:8399): item=0 name="/usr/bin/sudo" inode=1574040 dev=8:2 mode=105086 ouid=0 ogid=0 rdev=0:0 nametype=NORMAL cap_fp=0 cap_fi=0 cap_fe=0 cap_fver=0 cap_frootid=0OUID="root" OGID="root"
type=USER_ACCT msg=audit(1769928827.813:3688): pid=6988 uid=829 auid=1477 ses=3 subj=unconfined msg='op=PAM:accounting grantors=pam_permit,pam_localuser acct="heroic" exe="/usr/bin/sort" hostname=? addr=? terminal=/dev/pts/0 res=success'UID="heroic" AUID="heroic"
type=EXECVE msg=audit(1769929177.91:8851): argc=4 a0="sudo" a1="rm" a2="-f" a3="/etc/cron.d/hids_persist"
type=PATH msg=audit(1769929117.889:5978): item=1 name="/lib64/ld-linux-x86-64.so.2" inode=1575206 dev=8:2 mode=101105 ouid=0 ogid=0 rdev=0:0 nametype=NORMAL cap_fp=0 cap_fi=0 cap_fe=0 cap_fver=0 cap_frootid=0OUID="root" OGID="root"
type=PROCTITLE msg=audit(1769929133.235:6613): proctitle=726D002D660066696C655F31302E6461740066696C655F31312E6461740066696C655F31322E6461740066696C655F31332E6461740066696C655F31342E6461740066696C655F31352E6461740066696C655F31362E6461740066696C655F31372E6461740066696C655F31382E6461740066696C655F31392E646174006669
type=PATH msg=audit(1769929352.787:8709): item=1 name="/lib64/ld-linux-x86-64.so.2" inode=1575759 dev=8:2 mode=100498 ouid=0 ogid=0 rdev=0:0 nametype=NORMAL cap_fp=0 cap_fi=0 cap_fe=0 cap_fver=0 cap_frootid=0OUID="root" OGID="root"
type=EXECVE msg=audit(1769929315.348:7608): argc=3 a0="cp" a1="/var/log/audit/audit.log" a2="/root/Desktop/hids_dataset/raw/malicious_remote.log"
type=SYSCALL msg=audit(1769928937.117:5293): arch=c000003e syscall=59 success=yes exit=0 a0=5ed348af0b68 a1=5ed348b00ba0 a2=5ed348b137a0 a3=64 items=2 ppid=991 pid=8629 auid=968 uid=0 gid=0 euid=0 suid=0 fsuid=0 egid=0 sgid=0 fsgid=0 tty=pts1 ses=3 comm="ss" exe="/usr/bin/df" subj=unconfined key="process_exec"ARCH=x86_64 SYSCALL=execve AUID="heroic" UID="root" GID="root" EUID="root" SUID="root" FSUID="root" EGID="root" SGID="root" FSGID="root"
type=SYSCALL msg=audit(1769928952.257:7308): arch=c000003e syscall=59 success=yes exit=0 a0=62baf220cb68 a1=62baf221cba0 a2=62baf222f7a0 a3=64 items=2 ppid=7222 pid=7718 auid=884 uid=0 gid=0 euid=0 suid=0 fsuid=0 egid=0 sgid=0 fsgid=0 tty=pts1 ses=3 comm="sh" exe="/usr/bin/df" subj=unconfined key="process_exec"ARCH=x86_64 SYSCALL=execve AUID="heroic" UID="root" GID="root" EUID="root" SUID="root" FSUID="root" EGID="root" SGID="root" FSGID="root"
type=SYSCALL msg=audit(1769929002.530:5699): arch=c000003e syscall=59 success=yes exit=0 a0=64e1754cd310 a1=64e1754cb740 a2=64e1754c38f0 a3=64e1754cb740 items=2 ppid=1316 pid=4655 auid=1336 uid=1326 gid=1266 euid=847 suid=821 fsuid=852 egid=1493 sgid=1101 fsgid=673 tty=pts0 ses=3 comm="netstat" exe="/usr/bin/sudo" subj=unconfined key="process_exec"ARCH=x86_64 SYSCALL=execve AUID="heroic" UID="heroic" GID="heroic" EUID="heroic" SUID="heroic" FSUID="heroic" EGID="heroic" SGID="heroic" FSGID="heroic"
type=SYSCALL msg=audit(1769928817.1128:8451): arch=c000003e syscall=59 success=yes exit=0 a0=5da302dc8940 a1=5da302dcdda0 a2=5da302dc08f0 a3=5da302dcdda0 items=2 ppid=5975 pid=4703 auid=975 uid=1136 gid=1271 euid=0 suid=0 fsuid=0 egid=969 sgid=676 fsgid=967 tty=pts0 ses=3 comm="python" exe="/usr/bin/tail" subj=unconfined key="process_exec"ARCH=x86_64 SYSCALL=execve AUID="heroic" UID="heroic" GID="heroic" EUID="root" SUID="root" FSUID="root" EGID="heroic" SGID="heroic" FSGID="heroic"
type=SYSCALL msg=audit(1769929405.331:4519): arch=c000003e syscall=59 success=yes exit=0 a0=64e1754ccb60 a1=64e1754bc990 a2=64e1754c38f0 a3=64e1754cd2b0 items=2 ppid=8982 pid=9831 auid=828 uid=816 gid=561 euid=788 suid=804 fsuid=1372 egid=1268 sgid=1353 fsgid=508 tty=pts0 ses=3 comm="tail" exe="/usr/bin/sed" subj=unconfined key="process_exec"ARCH=x86_64 SYSCALL=execve AUID="heroic" UID="heroic" GID="heroic" EUID="heroic" SUID="heroic" FSUID="heroic" EGID="heroic" SGID="heroic" FSGID="heroic"
type=EXECVE msg=audit(1769928956.64:6713): argc=2 a0="ss" a1="-tulnp"
type=PATH msg=audit(1769928795.400:6444): item=1 name="/lib64/ld-linux-x86-64.so.2" inode=1575717 dev=8:2 mode=101010 ouid=0 ogid=0 rdev=0:0 nametype=NORMAL cap_fp=0 cap_fi=0 cap_fe=0 cap_fver=0 cap_frootid=0OUID="root" OGID="root"
type=CRED_ACQ msg=audit(1769929393.242:6163): pid=3199 uid=0 auid=1276 ses=3 subj=unconfined msg='op=PAM:setcred grantors=pam_rootok acct="root" exe="/usr/bin/python3" hostname=? addr=? terminal=/dev/pts/4 res=success'UID="root" AUID="heroic"
type=USER_END msg=audit(1769929193.1314:7214): pid=931 uid=1025 auid=1170 ses=3 subj=unconfined msg='op=PAM:session_close grantors=pam_limits,pam_env,pam_env,pam_permit,pam_umask,pam_unix acct="root" exe="/usr/bin/python3" hostname=? addr=? terminal=/dev/pts/0 res=success'UID="heroic" AUID="heroic"
type=SYSCALL msg=audit(1769928926.309:9334): arch=c000003e syscall=59 success=yes exit=0 a0=5b2ac3941b68 a1=5b2ac3951ba0 a2=5b2ac3964340 a3=64 items=2 ppid=10184 pid=7273 auid=1305 uid=0 gid=0 euid=0 suid=0 fsuid=0 egid=0 sgid=0 fsgid=0 tty=pts4 ses=3 comm="ss" exe="/usr/bin/tail" subj=unconfined key="process_exec"ARCH=x86_64 SYSCALL=execve AUID="heroic" UID="root" GID="root" EUID="root" SUID="root" FSUID="root" EGID="root" SGID="root" FSGID="root"
type=CWD msg=audit(1769928738.86:9742): cwd="/usr/local/bin"
type=EXECVE msg=audit(1769928786.542:7232): argc=4 a0="sh" a1="-c" a2="--" a3=6466202D50
type=PATH msg=audit(1769928872.413:4491): item=1 name="/lib64/ld-linux-x86-64.so.2" inode=1575172 dev=8:2 mode=100712 ouid=0 ogid=0 rdev=0:0 nametype=NORMAL cap_fp=0 cap_fi=0 cap_fe=0 cap_fver=0 cap_frootid=0OUID="root" OGID="root"
type=PATH msg=audit(1769928810.523:4985): item=0 name="/usr/bin/ss" inode=1573979 dev=8:2 mode=101227 ouid=0 ogid=0 rdev=0:0 nametype=NORMAL cap_fp=0 cap_fi=0 cap_fe=0 cap_fver=0 cap_frootid=0OUID="root" OGID="root"
type=PATH msg=audit(1769929073.64:8211): item=0 name="/usr/bin/uname" inode=1577973 dev=8:2 mode=100936 ouid=0 ogid=0 rdev=0:0 nametype=NORMAL cap_fp=0 cap_fi=0 cap_fe=0 cap_fver=0 cap_frootid=0OUID="root" OGID="root"
type=PATH msg=audit(1769928635.1266:7304): item=1 name="/etc/cron.d/hids_persist" inode=1703991 dev=8:2 mode=100364 ouid=0 ogid=0 rdev=0:0 nametype=CREATE cap_fp=0 cap_fi=0 cap_fe=0 cap_fver=0 cap_frootid=0OUID="root" OGID="root"
type=PROCTITLE msg=audit(1769929088.155:9789): proctitle=707300617578
type=PROCTITLE msg=audit(1769928579.1187:10340): proctitle=7375646F00726D002D66002F6574632F63726F6E2E642F686964735F70657273697374
type=PROCTITLE msg=audit(1769929162.841:4956): proctitle="whoami"
type=CWD msg=audit(1769928912.87:5283): cwd="/root"
type=PATH msg=audit(1769929129.757:4247): item=0 name="/usr/bin/mkdir" inode=1578487 dev=8:2 mode=100503 ouid=0 ogid=0 rdev=0:0 nametype=NORMAL cap_fp=0 cap_fi=0 cap_fe=0 cap_fver=0 cap_frootid=0OUID="root" OGID="root"
type=PROCTITLE msg=audit(1769928945.748:7616): proctitle=6375726C002D730066696C653A2F2F2F746D702F686964735F6D616C6963696F75732F7061796C6F61642E7368
type=EXECVE msg=audit(1769929259.975:6197): argc=2 a0="tee" a1="/etc/cron.d/hids_persist"
type=PATH msg=audit(1769929043.368:8579): item=0 name="/usr/bin/sudo" inode=1574531 dev=8:2 mode=104324 ouid=0 ogid=0 rdev=0:0 nametype=NORMAL cap_fp=0 cap_fi=0 cap_fe=0 cap_fver=0 cap_frootid=0OUID="root" OGID="root"
type=USER_ACCT msg=audit(1769928549.1420:5648): pid=9173 uid=0 auid=4294967204 ses=4294967667 subj=unconfined msg='op=PAM:accounting grantors=pam_permit,pam_localuser acct="root" exe="/usr/bin/df" hostname=? addr=? terminal=cron res=success'UID="root" AUID="unset"
type=CRED_DISP msg=audit(1769928904.503:9360): pid=5805 uid=1004 auid=1176 ses=3 subj=unconfined msg='op=PAM:setcred grantors=pam_permit acct="root" exe="/bin/sh" hostname=? addr=? terminal=/dev/pts/0 res=success'UID="heroic" AUID="heroic"
type=PROCTITLE msg=audit(1769928677.100:8180): proctitle=7373002D74756C6E70
type=PATH msg=audit(1769928928.1041:5110): item=0 name="/usr/bin/ls" inode=1578575 dev=8:2 mode=101206 ouid=0 ogid=0 rdev=0:0 nametype=NORMAL cap_fp=0 cap_fi=0 cap_fe=0 cap_fver=0 cap_frootid=0OUID="root" OGID="root"
type=PATH msg=audit(1769928650.269:5646): item=1 name="/lib64/ld-linux-x86-64.so.2" inode=1575292 dev=8:2 mode=101180 ouid=0 ogid=0 rdev=0:0 nametype=NORMAL cap_fp=0 cap_fi=0 cap_fe=0 cap_fver=0 cap_frootid=0OUID="root" OGID="root"
type=CWD msg=audit(1769928739.378:8339): cwd="/usr/local/bin"
type=CWD msg=audit(1769928549.505:6352): cwd=2F746D702F686964735F6D616C6963696F7573202864656C6574656429
type=USER_START msg=audit(1769929048.512:5092): pid=2586 uid=736 auid=1302 ses=3 subj=unconfined msg='op=PAM:session_open grantors=pam_limits,pam_env,pam_env,pam_permit,pam_umask,pam_unix acct="root" exe="/usr/bin/sed" hostname=? addr=? terminal=/dev/pts/0 res=success'UID="heroic" AUID="heroic"
type=EXECVE msg=audit(1769928811.586:5449): argc=1 a0="whoami"
type=PROCTITLE msg=audit(1769928624.252:5764): proctitle=7375646F00726D002D66002F6574632F63726F6E2E642F686964735F70657273697374
type=PATH msg=audit(1769928420.188:5377): item=0 name="/usr/bin/rm" inode=1577781 dev=8:2 mode=101087 ouid=0 ogid=0 rdev=0:0 nametype=NORMAL cap_fp=0 cap_fi=0 cap_fe=0 cap_fver=0 cap_frootid=0OUID="root" OGID="root"
type=PATH msg=audit(1769928418.1207:5789): item=0 name="/usr/bin/ls" inode=1578511 dev=8:2 mode=100785 ouid=0 ogid=0 rdev=0:0 nametype=NORMAL cap_fp=0 cap_fi=0 cap_fe=0 cap_fver=0 cap_frootid=0OUID="root" OGID="root"
type=PATH msg=audit(1769928592.815:10018): item=2 name="/lib64/ld-linux-x86-64.so.2" inode=1575546 dev=8:2 mode=100419 ouid=0 ogid=0 rdev=0:0 nametype=NORMAL cap_fp=0 cap_fi=0 cap_fe=0 cap_fver=0 cap_frootid=0OUID="root" OGID="root"
type=EXECVE msg=audit(1769929368.399:5789): argc=2 a0="sleep" a1="90"
type=EXECVE msg=audit(1769928619.1326:6364): argc=2 a0="sudo" a1="-l"
type=EXECVE msg=audit(1769928513.0:6725): argc=7 a0="/usr/lib/systemd/systemd-executor" a1="--deserialize" a2="434" a3="--log-level" a4="info" a5="--log-target" a6="journal-or-kmsg"
type=PATH msg=audit(1769928975.169:9439): item=2 name="/lib64/ld-linux-x86-64.so.2" inode=1575804 dev=8:2 mode=101090 ouid=0 ogid=0 rdev=0:0 nametype=NORMAL cap_fp=0 cap_fi=0 cap_fe=0 cap_fver=0 cap_frootid=0OUID="root" OGID="root"
type=SYSCALL msg=audit(1769928675.847:6381): arch=c000003e syscall=59 success=yes exit=0 a0=7ffd2e5d34c0 a1=7ffd2e5d34e0 a2=7ffd2e5d3fd0 a3=8 items=2 ppid=1671 pid=2633 auid=4294967759 uid=0 gid=0 euid=0 suid=0 fsuid=0 egid=0 sgid=0 fsgid=0 tty=(none) ses=4294967172 comm="tail" exe="/bin/sh" subj=unconfined key="process_exec"ARCH=x86_64 SYSCALL=execve AUID="unset" UID="root" GID="root" EUID="root" SUID="root" FSUID="root" EGID="root" SGID="root" FSGID="root"
type=EXECVE msg=audit(1769929356.499:6526): argc=2 a0="sleep" a1="90"
type=CWD msg=audit(1769928613.726:10312): cwd="/tmp"
type=SYSCALL msg=audit(1769928704.409:8869): arch=c000003e syscall=59 success=yes exit=0 a0=62263443cb68 a1=62263444cba0 a2=62263445f7a0 a3=64 items=2 ppid=5700 pid=1842 auid=527 uid=0 gid=0 euid=0 suid=0 fsuid=0 egid=0 sgid=0 fsgid=0 tty=pts4 ses=3 comm="python" exe="/usr/bin/df" subj=unconfined key="process_exec"ARCH=x86_64 SYSCALL=execve AUID="heroic" UID="root" GID="root" EUID="root" SUID="root" FSUID="root" EGID="root" SGID="root" FSGID="root"
type=PROCTITLE msg=audit(1769928869.571:4538): proctitle=7375646F00746565002F6574632F63726F6E2E642F686964735F70657273697374
type=CWD msg=audit(1769929259.614:8300): cwd="/home/heroic"
type=PATH msg=audit(1769928673.563:5614): item=1 name="/lib64/ld-linux-x86-64.so.2" inode=1575782 dev=8:2 mode=100653 ouid=0 ogid=0 rdev=0:0 nametype=NORMAL cap_fp=0 cap_fi=0 cap_fe=0 cap_fver=0 cap_frootid=0OUID="root" OGID="root"
type=PATH msg=audit(1769929030.575:9936): item=1 name="/lib64/ld-linux-x86-64.so.2" inode=1575263 dev=8:2 mode=101000 ouid=0 ogid=0 rdev=0:0 nametype=NORMAL cap_fp=0 cap_fi=0 cap_fe=0 cap_fver=0 cap_frootid=0OUID="root" OGID="root"
type=CWD msg=audit(1769928753.879:7271): cwd="/tmp"
type=SYSCALL msg=audit(1769929092.612:4053): arch=c000003e syscall=59 success=yes exit=0 a0=626d28f8eb68 a1=626d28f9eba0 a2=626d28fb17a0 a3=64 items=2 ppid=2432 pid=8369 auid=1221 uid=0 gid=0 euid=0 suid=0 fsuid=0 egid=0 sgid=0 fsgid=0 tty=pts4 ses=3 comm="sort" exe="/usr/bin/df" subj=unconfined key="process_exec"ARCH=x86_64 SYSCALL=execve AUID="heroic" UID="root" GID="root" EUID="root" SUID="root" FSUID="root" EGID="root" SGID="root" FSGID="root"
type=PATH msg=audit(1769928445.1107:8851): item=0 name="/usr/bin/gpg" inode=1573941 dev=8:2 mode=100680 ouid=0 ogid=0 rdev=0:0 nametype=NORMAL cap_fp=0 cap_fi=0 cap_fe=0 cap_fver=0 cap_frootid=0OUID="root" OGID="root"
type=CWD msg=audit(1769929202.706:5202): cwd=2F746D702F686964735F6D616C6963696F7573202864656C6574656429
type=PATH msg=audit(1769928531.615:6681): item=0 name="/usr/sbin/gjs" nametype=UNKNOWN cap_fp=0 cap_fi=0 cap_fe=0 cap_fver=0 cap_frootid=0
type=CWD msg=audit(1769929068.471:7093): cwd="/root"
type=EXECVE msg=audit(1769929324.395:5254): argc=2 a0="tee" a1="/etc/cron.d/hids_persist"
type=SYSCALL msg=audit(1769929398.76:6844): arch=c000003e syscall=59 success=yes exit=0 a0=64e1754cfc70 a1=64e1754caa40 a2=64e1754c38f0 a3=64e1754d00f0 items=2 ppid=2734 pid=8099 auid=1268 uid=785 gid=846 euid=1213 suid=1116 fsuid=604 egid=1496 sgid=1481 fsgid=1159 tty=pts0 ses=3 comm="sed" exe="/usr/bin/sort" subj=unconfined key="process_exec"ARCH=x86_64 SYSCALL=execve AUID="heroic" UID="heroic" GID="heroic" EUID="heroic" SUID="heroic" FSUID="heroic" EGID="heroic" SGID="heroic" FSGID="heroic"
type=USER_CMD msg=audit(1769928551.889:5837): pid=1214 uid=1488 auid=1019 ses=3 subj=unconfined msg='cwd="/root" cmd=746565202F6574632F63726F6E2E642F686964735F70657273697374 exe="/usr/bin/tail" terminal=pts/0 res=success'UID="heroic" AUID="heroic"
type=PROCTITLE msg=audit(1769928938.543:9655): proctitle=2F7573722F62696E2F677067636F6E66002D2D6C6973742D636F6D706F6E656E7473
type=EXECVE msg=audit(1769929004.506:9534): argc=2 a0="rmdir" a1="/tmp/hids_malicious"
type=PATH msg=audit(1769928447.402:9220): item=0 name="/usr/bin/ss" inode=1574265 dev=8:2 mode=100743 ouid=0 ogid=0 rdev=0:0 nametype=NORMAL cap_fp=0 cap_fi=0 cap_fe=0 cap_fver=0 cap_frootid=0OUID="root" OGID="root"
type=CRED_DISP msg=audit(1769928963.245:5501): pid=9311 uid=550 auid=911 ses=3 subj=unconfined msg='op=PAM:setcred grantors=pam_permit acct="root" exe="/usr/bin/netstat" hostname=? addr=? terminal=/dev/pts/0 res=success'UID="heroic" AUID="heroic"
type=CWD msg=audit(1769929197.574:4481): cwd="/home/heroic"
type=PATH msg=audit(1769928781.1197:5029): item=0 name="/proc/self/fd/9" inode=1596491 dev=8:2 mode=100304 ouid=0 ogid=0 rdev=0:0 nametype=NORMAL cap_fp=0 cap_fi=0 cap_fe=0 cap_fver=0 cap_frootid=0OUID="root" OGID="root"
type=USER_ACCT msg=audit(1769929190.101:6004): pid=7214 uid=1050 auid=1156 ses=3 subj=unconfined msg='op=PAM:accounting grantors=pam_permit,pam_localuser acct="heroic" exe="/usr/bin/sed" hostname=? addr=? terminal=/dev/pts/0 res=success'UID="heroic" AUID="heroic"
type=PATH msg=audit(1769929097.936:4773): item=0 name="/usr/local/bin/gjs" nametype=UNKNOWN cap_fp=0 cap_fi=0 cap_fe=0 cap_fver=0 cap_frootid=0
type=PATH msg=audit(1769929020.689:4499): item=0 name="/usr/bin/mkdir" inode=1578034 dev=8:2 mode=101192 ouid=0 ogid=0 rdev=0:0 nametype=NORMAL cap_fp=0 cap_fi=0 cap_fe=0 cap_fver=0 cap_frootid=0OUID="root" OGID="root"
type=EXECVE msg=audit(1769929275.60:5363): argc=2 a0="dircolors" a1="-b"
type=PATH msg=audit(1769928449.545:5270): item=1 name="/lib64/ld-linux-x86-64.so.2" inode=1575056 dev=8:2 mode=100381 ouid=0 ogid=0 rdev=0:0 nametype=NORMAL cap_fp=0 cap_fi=0 cap_fe=0 cap_fver=0 cap_frootid=0OUID="root" OGID="root"
type=BPRM_FCAPS msg=audit(1769928954.130:8511): fver=0 fp=0 fi=0 fe=0 old_pp=000001fffffeffff old_pi=0 old_pe=000001fffffeffff old_pa=0 pp=000001fffffeffff pi=0 pe=000001fffffeffff pa=0 frootid=0
type=PATH msg=audit(1769928743.44:7603): item=0 name="/usr/bin/sudo" inode=1574458 dev=8:2 mode=104631 ouid=0 ogid=0 rdev=0:0 nametype=NORMAL cap_fp=0 cap_fi=0 cap_fe=0 cap_fver=0 cap_frootid=0OUID="root" OGID="root"
type=USER_ACCT msg=audit(1769928527.419:9822): pid=8338 uid=0 auid=4294967051 ses=4294966801 subj=unconfined msg='op=PAM:accounting grantors=pam_permit,pam_localuser acct="root" exe="/bin/sh" hostname=? addr=? terminal=cron res=success'UID="root" AUID="unset"
type=SYSCALL msg=audit(1769928671.629:5996): arch=c000003e syscall=451 success=yes exit=3 a0=ffffff9c a1=7ffe152dd72c a2=602 a3=1b6 items=2 ppid=6687 pid=7757 auid=601 uid=0 gid=0 euid=0 suid=0 fsuid=0 egid=0 sgid=0 fsgid=0 tty=pts4 ses=3 comm="sh" exe="/usr/bin/sudo" subj=unconfined key="persistence"ARCH=x86_64 SYSCALL=openat AUID="heroic" UID="root" GID="root" EUID="root" SUID="root" FSUID="root" EGID="root" SGID="root" FSGID="root"
type=SYSCALL msg=audit(1769928498.565:8436): arch=c000003e syscall=136 success=yes exit=0 a0=ffffff9c a1=6098108304a0 a2=0 a3=609810831900 items=2 ppid=3565 pid=10164 auid=1219 uid=0 gid=0 euid=0 suid=0 fsuid=0 egid=0 sgid=0 fsgid=0 tty=pts4 ses=3 comm="sort" exe="/usr/bin/python3" subj=unconfined key="persistence"ARCH=x86_64 SYSCALL=unlinkat AUID="heroic" UID="root" GID="root" EUID="root" SUID="root" FSUID="root" EGID="root" SGID="root" FSGID="root"
type=USER_START msg=audit(1769928522.1042:6724): pid=7436 uid=666 auid=1137 ses=3 subj=unconfined msg='op=PAM:session_open grantors=pam_limits,pam_env,pam_env,pam_permit,pam_umask,pam_unix acct="root" exe="/usr/bin/tail" hostname=? addr=? terminal=/dev/pts/0 res=success'UID="heroic" AUID="heroic"
type=CWD msg=audit(1769928871.259:5355): cwd="/var/ossec"
type=PATH msg=audit(1769928590.976:9194): item=1 name="/etc/cron.d/hids_persist" inode=1703905 dev=8:2 mode=101050 ouid=0 ogid=0 rdev=0:0 nametype=DELETE cap_fp=0 cap_fi=0 cap_fe=0 cap_fver=0 cap_frootid=0OUID="root" OGID="root"
type=EXECVE msg=audit(1769928878.383:7736): argc=2 a0="ss" a1="-tulnp"
type=SYSCALL msg=audit(1769928939.187:8579): arch=c000003e syscall=59 success=yes exit=0 a0=64e1754ca420 a1=64e1754cb6e0 a2=64e1754c38f0 a3=64e1754cb6e0 items=2 ppid=5594 pid=5876 auid=951 uid=866 gid=1398 euid=711 suid=1471 fsuid=1180 egid=931 sgid=845 fsgid=1315 tty=pts0 ses=3 comm="tail" exe="/usr/bin/sort" subj=unconfined key="process_exec"ARCH=x86_64 SYSCALL=execve AUID="heroic" UID="heroic" GID="heroic" EUID="heroic" SUID="heroic" FSUID="heroic" EGID="heroic" SGID="heroic" FSGID="heroic"
type=PATH msg=audit(1769929079.209:9827): item=0 name="/usr/local/bin/nautilus" nametype=UNKNOWN cap_fp=0 cap_fi=0 cap_fe=0 cap_fver=0 cap_frootid=0
type=PATH msg=audit(1769928990.383:7348): item=1 name="/lib64/ld-linux-x86-64.so.2" inode=1574989 dev=8:2 mode=101032 ouid=0 ogid=0 rdev=0:0 nametype=NORMAL cap_fp=0 cap_fi=0 cap_fe=0 cap_fver=0 cap_frootid=0OUID="root" OGID="root"
type=BPF msg=audit(1769928457.495:6634): prog-id=98 op=LOAD
type=PATH msg=audit(1769928591.1079:6627): item=1 name="/lib64/ld-linux-x86-64.so.2" inode=1575195 dev=8:2 mode=101128 ouid=0 ogid=0 rdev=0:0 nametype=NORMAL cap_fp=0 cap_fi=0 cap_fe=0 cap_fver=0 cap_frootid=0OUID="root" OGID="root"
type=PATH msg=audit(1769928447.835:4408): item=0 name="/usr/bin/sleep" inode=1577947 dev=8:2 mode=101117 ouid=0 ogid=0 rdev=0:0 nametype=NORMAL cap_fp=0 cap_fi=0 cap_fe=0 cap_fver=0 cap_frootid=0OUID="root" OGID="root"
type=EXECVE msg=audit(1769928782.373:8020): argc=2 a0="tee" a1="/etc/cron.d/hids_persist"
type=SYSCALL msg=audit(1769929005.538:7060): arch=c000003e syscall=59 success=yes exit=0 a0=5da302dcc970 a1=5da302dca210 a2=5da302dc08f0 a3=5da302dc8920 items=2 ppid=5681 pid=3838 auid=800 uid=547 gid=705 euid=1483 suid=761 fsuid=888 egid=846 sgid=754 fsgid=1272 tty=pts0 ses=3 comm="python" exe="/usr/bin/sed" subj=unconfined key="process_exec"ARCH=x86_64 SYSCALL=execve AUID="heroic" UID="heroic" GID="heroic" EUID="heroic" SUID="heroic" FSUID="heroic" EGID="heroic" SGID="heroic" FSGID="heroic"
type=PROCTITLE msg=audit(1769928548.129:4373): proctitle="id"
type=CRED_REFR msg=audit(1769929023.955:6110): pid=7304 uid=850 auid=1195 ses=3 subj=unconfined msg='op=PAM:setcred grantors=pam_permit,pam_cap acct="root" exe="/usr/bin/sed" hostname=? addr=? terminal=/dev/pts/0 res=success'UID="heroic" AUID="heroic"
type=CWD msg=audit(1769929257.811:7166): cwd="/usr/local/bin"
type=CWD msg=audit(1769928680.17:6929): cwd="/root"
type=PATH msg=audit(1769928733.197:5370): item=1 name="/lib64/ld-linux-x86-64.so.2" inode=1575306 dev=8:2 mode=100394 ouid=0 ogid=0 rdev=0:0 nametype=NORMAL cap_fp=0 cap_fi=0 cap_fe=0 cap_fver=0 cap_frootid=0OUID="root" OGID="root"
type=SYSCALL msg=audit(1769928794.119:4704): arch=c000003e syscall=59 success=yes exit=0 a0=64e1754cb980 a1=64e1754ca8d0 a2=64e1754c38f0 a3=8 items=2 ppid=2814 pid=7478 auid=1211 uid=1051 gid=832 euid=724 suid=1094 fsuid=1377 egid=1187 sgid=906 fsgid=741 tty=pts0 ses=3 comm="python" exe="/usr/bin/sed" subj=unconfined key="process_exec"ARCH=x86_64 SYSCALL=execve AUID="heroic" UID="heroic" GID="heroic" EUID="heroic" SUID="heroic" FSUID="heroic" EGID="heroic" SGID="heroic" FSGID="heroic"
type=PATH msg=audit(1769929163.1029:8747): item=1 name="/lib64/ld-linux-x86-64.so.2" inode=1575323 dev=8:2 mode=101136 ouid=0 ogid=0 rdev=0:0 nametype=NORMAL cap_fp=0 cap_fi=0 cap_fe=0 cap_fver=0 cap_frootid=0OUID="root" OGID="root"
type=SYSCALL msg=audit(1769929269.253:6245): arch=c000003e syscall=140 success=yes exit=3 a0=ffffff9c a1=7ffe0923872c a2=603 a3=1b6 items=2 ppid=3105 pid=5371 auid=1058 uid=0 gid=0 euid=0 suid=0 fsuid=0 egid=0 sgid=0 fsgid=0 tty=pts3 ses=3 comm="df" exe="/usr/bin/python3" subj=unconfined key="persistence"ARCH=x86_64 SYSCALL=openat AUID="heroic" UID="root" GID="root" EUID="root" SUID="root" FSUID="root" EGID="root" SGID="root" FSGID="root"
type=CWD msg=audit(1769928790.687:6603): cwd="/home/heroic"
type=PATH msg=audit(1769928711.572:4738): item=1 name="/etc/cron.d/hids_persist" inode=1704110 dev=8:2 mode=100177 ouid=0 ogid=0 rdev=0:0 nametype=CREATE cap_fp=0 cap_fi=0 cap_fe=0 cap_fver=0 cap_frootid=0OUID="root" OGID="root"
type=PROCTITLE msg=audit(1769929390.628:8656): proctitle="bash"
type=CWD msg=audit(1769928598.352:8815): cwd="/root"
type=PATH msg=audit(1769929338.399:9779): item=0 name="/proc/self/fd/9" inode=1596579 dev=8:2 mode=100952 ouid=0 ogid=0 rdev=0:0 nametype=NORMAL cap_fp=0 cap_fi=0 cap_fe=0 cap_fver=0 cap_frootid=0OUID="root" OGID="root"
type=CWD msg=audit(1769928772.59:4815): cwd="/usr/local/bin"
type=SYSCALL msg=audit(1769928836.571:10060): arch=c000003e syscall=59 success=yes exit=0 a0=64e1754cf4f0 a1=64e1754d0ec0 a2=64e1754c38f0 a3=64e1754d0630 items=2 ppid=8046 pid=1297 auid=1459 uid=1117 gid=1341 euid=0 suid=0 fsuid=0 egid=1248 sgid=1446 fsgid=558 tty=pts0 ses=3 comm="netstat" exe="/usr/bin/netstat" subj=unconfined key="process_exec"ARCH=x86_64 SYSCALL=execve AUID="heroic" UID="heroic" GID="heroic" EUID="root" SUID="root" FSUID="root" EGID="heroic" SGID="heroic" FSGID="heroic"
type=USER_ACCT msg=audit(1769928903.471:3953): pid=7780 uid=1324 auid=886 ses=3 subj=unconfined msg='op=PAM:accounting grantors=pam_permit,pam_localuser acct="heroic" exe="/usr/bin/python3" hostname=? addr=? terminal=/dev/pts/0 res=success'UID="heroic" AUID="heroic"
type=CWD msg=audit(1769929151.821:5309): cwd="/root"
type=PATH msg=audit(1769928796.1145:7655): item=0 name="/usr/bin/uname" inode=1578178 dev=8:2 mode=100558 ouid=0 ogid=0 rdev=0:0 nametype=NORMAL cap_fp=0 cap_fi=0 cap_fe=0 cap_fver=0 cap_frootid=0OUID="root" OGID="root"
type=PATH msg=audit(1769928497.220:4719): item=0 name="/usr/bin/gpgconf" inode=1575934 dev=8:2 mode=100668 ouid=0 ogid=0 rdev=0:0 nametype=NORMAL cap_fp=0 cap_fi=0 cap_fe=0 cap_fver=0 cap_frootid=0OUID="root" OGID="root"
type=EXECVE msg=audit(1769928583.966:6498): argc=2 a0="rmdir" a1="/tmp/hids_malicious"
type=EXECVE msg=audit(1769929329.1213:5973): argc=2 a0="sleep" a1="90"
type=CRED_REFR msg=audit(1769928753.889:7710): pid=9370 uid=875 auid=971 ses=3 subj=unconfined msg='op=PAM:setcred grantors=pam_permit,pam_cap acct="root" exe="/bin/sh" hostname=? addr=? terminal=/dev/pts/0 res=success'UID="heroic" AUID="heroic"
type=PROCTITLE msg=audit(1769929175.335:9466): proctitle=6D6B646972002D70002F746D702F686964735F6D616C6963696F7573
type=PATH msg=audit(1769928648.349:4922): item=1 name="/lib64/ld-linux-x86-64.so.2" inode=1575440 dev=8:2 mode=100511 ouid=0 ogid=0 rdev=0:0 nametype=NORMAL cap_fp=0 cap_fi=0 cap_fe=0 cap_fver=0 cap_frootid=0OUID="root" OGID="root"
type=USER_CMD msg=audit(1769928574.241:8474): pid=3040 uid=1176 auid=1454 ses=3 subj=unconfined msg='cwd="/tmp" cmd="whoami" exe="/bin/sh" terminal=pts/0 res=success'UID="heroic" AUID="heroic"
type=USER_ACCT msg=audit(1769928949.551:5674): pid=8857 uid=1152 auid=573 ses=3 subj=unconfined msg='op=PAM:accounting grantors=pam_permit,pam_localuser acct="heroic" exe="/usr/bin/sed" hostname=? addr=? terminal=/dev/pts/0 res=success'UID="heroic" AUID="heroic"
type=PROCTITLE msg=audit(1769929158.1430:5171): proctitle=7375646F002D6C
type=SYSCALL msg=audit(1769928632.394:6892): arch=c000003e syscall=59 success=yes exit=0 a0=5da302dc88c0 a1=5da302dce5b0 a2=5da302dc08f0 a3=5da302dc8800 items=2 ppid=1459 pid=2799 auid=1471 uid=688 gid=818 euid=0 suid=0 fsuid=0 egid=545 sgid=987 fsgid=579 tty=pts0 ses=3 comm="netstat" exe="/usr/bin/tail" subj=unconfined key="process_exec"ARCH=x86_64 SYSCALL=execve AUID="heroic" UID="heroic" GID="heroic" EUID="root" SUID="root" FSUID="root" EGID="heroic" SGID="heroic" FSGID="heroic"
type=EXECVE msg=audit(1769928978.1046:6759): argc=2 a0="/bin/sh" a1="/usr/bin/lesspipe"
type=CRED_DISP msg=audit(1769929011.629:9671): pid=6365 uid=0 auid=0 ses=6 subj=unconfined msg='op=PAM:setcred grantors=pam_permit acct="root" exe="/usr/bin/tail" hostname=? addr=? terminal=cron res=success'UID="root" AUID="root"
type=PROCTITLE msg=audit(1769928566.1307:9634): proctitle=707300617578
type=SYSCALL msg=audit(1769929030.124:4220): arch=c000003e syscall=59 success=yes exit=0 a0=55b8634377a0 a1=55b863436b00 a2=55b863435820 a3=8 items=3 ppid=5100 pid=3674 auid=1233 uid=0 gid=0 euid=0 suid=0 fsuid=0 egid=0 sgid=0 fsgid=0 tty=pts2 ses=3 comm="last" exe="/usr/bin/sort" subj=unconfined key="process_exec"ARCH=x86_64 SYSCALL=execve AUID="heroic" UID="root" GID="root" EUID="root" SUID="root" FSUID="root" EGID="root" SGID="root" FSGID="root"
type=PATH msg=audit(1769929186.1123:6343): item=1 name="/lib64/ld-linux-x86-64.so.2" inode=1575614 dev=8:2 mode=100279 ouid=0 ogid=0 rdev=0:0 nametype=NORMAL cap_fp=0 cap_fi=0 cap_fe=0 cap_fver=0 cap_frootid=0OUID="root" OGID="root"
type=SYSCALL msg=audit(1769929294.226:4925): arch=c000003e syscall=59 success=yes exit=0 a0=5da302dcc870 a1=5da302dcea50 a2=5da302dc08f0 a3=5da302dcc850 items=2 ppid=9543 pid=5907 auid=1381 uid=781 gid=1133 euid=1481 suid=1225 fsuid=799 egid=1028 sgid=717 fsgid=1407 tty=pts0 ses=3 comm="sh" exe="/usr/bin/tail" subj=unconfined key="process_exec"ARCH=x86_64 SYSCALL=execve AUID="heroic" UID="heroic" GID="heroic" EUID="heroic" SUID="heroic" FSUID="heroic" EGID="heroic" SGID="heroic" FSGID="heroic"
type=CWD msg=audit(1769928855.534:9102): cwd="/tmp"
type=PATH msg=audit(1769928773.389:8141): item=0 name="/usr/bin/sudo" inode=1573804 dev=8:2 mode=104703 ouid=0 ogid=0 rdev=0:0 nametype=NORMAL cap_fp=0 cap_fi=0 cap_fe=0 cap_fver=0 cap_frootid=0OUID="root" OGID="root"
type=EXECVE msg=audit(1769928951.1090:8186): argc=1 a0="id"
type=PATH msg=audit(1769929261.1345:7428): item=1 name="/lib64/ld-linux-x86-64.so.2" inode=1575823 dev=8:2 mode=100566 ouid=0 ogid=0 rdev=0:0 nametype=NORMAL cap_fp=0 cap_fi=0 cap_fe=0 cap_fver=0 cap_frootid=0OUID="root" OGID="root"
type=PATH msg=audit(1769928452.552:7071): item=0 name="/usr/bin/sleep" inode=1578396 dev=8:2 mode=100728 ouid=0 ogid=0 rdev=0:0 nametype=NORMAL cap_fp=0 cap_fi=0 cap_fe=0 cap_fver=0 cap_frootid=0OUID="root" OGID="root"
type=PROCTITLE msg=audit(1769928663.19:7358): proctitle=726D002D660066696C655F31302E6461740066696C655F31312E6461740066696C655F31322E6461740066696C655F31332E6461740066696C655F31342E6461740066696C655F31352E6461740066696C655F31362E6461740066696C655F31372E6461740066696C655F31382E6461740066696C655F31392E646174006669
type=SYSCALL msg=audit(1769928647.513:6603): arch=c000003e syscall=59 success=yes exit=0 a0=64e1754cff30 a1=64e1754d0e90 a2=64e1754c38f0 a3=64e1754cff10 items=2 ppid=5436 pid=3335 auid=1153 uid=755 gid=604 euid=1436 suid=1093 fsuid=974 egid=1255 sgid=1296 fsgid=847 tty=pts0 ses=3 comm="last" exe="/usr/bin/sed" subj=unconfined key="process_exec"ARCH=x86_64 SYSCALL=execve AUID="heroic" UID="heroic" GID="heroic" EUID="heroic" SUID="heroic" FSUID="heroic" EGID="heroic" SGID="heroic" FSGID="heroic"
type=CWD msg=audit(1769928959.1390:8180): cwd="/home/heroic"
type=PROCTITLE msg=audit(1769928971.444:7958): proctitle=726D002D66002F6574632F63726F6E2E642F686964735F70657273697374
type=PATH msg=audit(1769928851.539:4382): item=0 name="/usr/bin/chmod" inode=1578351 dev=8:2 mode=101093 ouid=0 ogid=0 rdev=0:0 nametype=NORMAL cap_fp=0 cap_fi=0 cap_fe=0 cap_fver=0 cap_frootid=0OUID="root" OGID="root"
type=PATH msg=audit(1769929241.665:6013): item=1 name="/lib64/ld-linux-x86-64.so.2" inode=1574987 dev=8:2 mode=100894 ouid=0 ogid=0 rdev=0:0 nametype=NORMAL cap_fp=0 cap_fi=0 cap_fe=0 cap_fver=0 cap_frootid=0OUID="root" OGID="root"
type=SYSCALL msg=audit(1769928693.1029:4563): arch=c000003e syscall=59 success=yes exit=0 a0=64e1754d03b0 a1=64e1754cfe70 a2=64e1754c38f0 a3=64e1754cb920 items=2 ppid=3420 pid=7056 auid=1272 uid=955 gid=1353 euid=750 suid=1460 fsuid=581 egid=830 sgid=558 fsgid=835 tty=pts0 ses=3 comm="tail" exe="/usr/bin/tail" subj=unconfined key="process_exec"ARCH=x86_64 SYSCALL=execve AUID="heroic" UID="heroic" GID="heroic" EUID="heroic" SUID="heroic" FSUID="heroic" EGID="heroic" SGID="heroic" FSGID="heroic"
type=PROCTITLE msg=audit(1769929082.338:7611): proctitle="whoami"
type=PATH msg=audit(1769929350.410:6055): item=1 name="/lib64/ld-linux-x86-64.so.2" inode=1575018 dev=8:2 mode=101042 ouid=0 ogid=0 rdev=0:0 nametype=NORMAL cap_fp=0 cap_fi=0 cap_fe=0 cap_fver=0 cap_frootid=0OUID="root" OGID="root"
type=EXECVE msg=audit(1769929021.992:7791): argc=1 a0="id"
type=PATH msg=audit(1769928619.977:5084): item=0 name="/bin/sh" inode=1573471 dev=8:2 mode=100551 ouid=0 ogid=0 rdev=0:0 nametype=NORMAL cap_fp=0 cap_fi=0 cap_fe=0 cap_fver=0 cap_frootid=0OUID="root" OGID="root"
type=CWD msg=audit(1769928787.708:8651): cwd="/usr/local/bin"
type=SYSCALL msg=audit(1769929124.348:5898): arch=c000003e syscall=59 success=yes exit=0 a0=64e1754cfbb0 a1=64e1754cead0 a2=64e1754c38f0 a3=64e1754cfb90 items=2 ppid=6549 pid=3786 auid=1140 uid=961 gid=1006 euid=1391 suid=577 fsuid=1271 egid=1011 sgid=678 fsgid=563 tty=pts0 ses=3 comm="sudo" exe="/usr/bin/tail" subj=unconfined key="process_exec"ARCH=x86_64 SYSCALL=execve AUID="heroic" UID="heroic" GID="heroic" EUID="heroic" SUID="heroic" FSUID="heroic" EGID="heroic" SGID="heroic" FSGID="heroic"
type=PROCTITLE msg=audit(1769928554.530:6438): proctitle=676A73002F7573722F73686172652F676E6F6D652D7368656C6C2F657874656E73696F6E732F64696E6740726173746572736F66742E636F6D2F6170702F64696E672E6A73002D45002D50002F7573722F73686172652F676E6F6D652D7368656C6C2F657874656E73696F6E732F64696E6740726173746572736F66742E636F
type=USER_ACCT msg=audit(1769928897.1093:8240): pid=8289 uid=594 auid=1012 ses=3 subj=unconfined msg='op=PAM:accounting grantors=pam_permit,pam_localuser acct="heroic" exe="/bin/sh" hostname=? addr=? terminal=/dev/pts/0 res=success'UID="heroic" AUID="heroic"
type=PATH msg=audit(1769928652.431:6902): item=0 name="/usr/bin/sudo" inode=1573804 dev=8:2 mode=104263 ouid=0 ogid=0 rdev=0:0 nametype=NORMAL cap_fp=0 cap_fi=0 cap_fe=0 cap_fver=0 cap_frootid=0OUID="root" OGID="root"
type=CWD msg=audit(1769929003.407:9987): cwd="/home/heroic"
type=PATH msg=audit(1769929127.917:7826): item=1 name="/lib64/ld-linux-x86-64.so.2" inode=1575248 dev=8:2 mode=101136 ouid=0 ogid=0 rdev=0:0 nametype=NORMAL cap_fp=0 cap_fi=0 cap_fe=0 cap_fver=0 cap_frootid=0OUID="root" OGID="root"
type=PROCTITLE msg=audit(1769928630.550:7463): proctitle=2F7573722F6C69622F73797374656D642F73797374656D642D6578656375746F72002D2D646573657269616C697A6500313139002D2D6C6F672D6C6576656C00696E666F002D2D6C6F672D746172676574006A6F75726E616C2D6F722D6B6D7367
type=EXECVE msg=audit(1769929306.4:4529): argc=8 a0="/usr/lib/sysstat/sadc" a1="-F" a2="-L" a3="-S" a4="DISK" a5="1" a6="1" a7="/var/log/sysstat"
type=PATH msg=audit(1769929371.1136:8422): item=1 name="/lib64/ld-linux-x86-64.so.2" inode=1575521 dev=8:2 mode=100710 ouid=0 ogid=0 rdev=0:0 nametype=NORMAL cap_fp=0 cap_fi=0 cap_fe=0 cap_fver=0 cap_frootid=0OUID="root" OGID="root"
type=PATH msg=audit(1769928732.749:8670): item=0 name="/usr/bin/curl" inode=1574012 dev=8:2 mode=101206 ouid=0 ogid=0 rdev=0:0 nametype=NORMAL cap_fp=0 cap_fi=0 cap_fe=0 cap_fver=0 cap_frootid=0OUID="root" OGID="root"
type=PROCTITLE msg=audit(1769928922.754:8376): proctitle=63686D6F64002B78007061796C6F61642E7368
type=EXECVE msg=audit(1769928840.325:4579): argc=3 a0="mkdir" a1="-p" a2="/tmp/hids_malicious"
type=PATH msg=audit(1769929087.328:7616): item=1 name="/lib64/ld-linux-x86-64.so.2" inode=1575045 dev=8:2 mode=100875 ouid=0 ogid=0 rdev=0:0 nametype=NORMAL cap_fp=0 cap_fi=0 cap_fe=0 cap_fver=0 cap_frootid=0OUID="root" OGID="root"
type=CWD msg=audit(1769929233.435:6742): cwd="/usr/local/bin"
type=CWD msg=audit(1769929403.384:8654): cwd="/home/heroic"
type=CWD msg=audit(1769928480.501:6227): cwd="/var/ossec"
type=USER_CMD msg=audit(1769929297.1074:8533): pid=8723 uid=966 auid=691 ses=3 subj=unconfined msg='cwd="/usr/local/bin" cmd=746565202F6574632F63726F6E2E642F686964735F70657273697374 exe="/bin/sh" terminal=pts/0 res=success'UID="heroic" AUID="heroic"
type=CWD msg=audit(1769929123.576:4965): cwd="/root"
type=PATH msg=audit(1769929052.938:4081): item=1 name="/lib64/ld-linux-x86-64.so.2" inode=1575424 dev=8:2 mode=100789 ouid=0 ogid=0 rdev=0:0 nametype=NORMAL cap_fp=0 cap_fi=0 cap_fe=0 cap_fver=0 cap_frootid=0OUID="root" OGID="root"
type=EXECVE msg=audit(1769928511.173:6052): argc=3 a0="sudo" a1="tee" a2="/etc/cron.d/hids_persist"
type=SYSCALL msg=audit(1769928776.1279:5849): arch=c000003e syscall=59 success=yes exit=0 a0=55cec47b6b68 a1=55cec47c6ba0 a2=55cec47d97a0 a3=64 items=2 ppid=6916 pid=6232 auid=554 uid=0 gid=0 euid=0 suid=0 fsuid=0 egid=0 sgid=0 fsgid=0 tty=pts4 ses=3 comm="last" exe="/usr/bin/python3" subj=unconfined key="process_exec"ARCH=x86_64 SYSCALL=execve AUID="heroic" UID="root" GID="root" EUID="root" SUID="root" FSUID="root" EGID="root" SGID="root" FSGID="root"
type=PATH msg=audit(1769928600.701:7345): item=0 name="/usr/libexec/nm-dispatcher" inode=1586590 dev=8:2 mode=101170 ouid=0 ogid=0 rdev=0:0 nametype=NORMAL cap_fp=0 cap_fi=0 cap_fe=0 cap_fver=0 cap_frootid=0OUID="root" OGID="root"
type=PROCTITLE msg=audit(1769928452.136:6848): proctitle=736C656570003930
type=PATH msg=audit(1769928899.515:9645): item=0 name="/proc/self/fd/9" inode=1596239 dev=8:2 mode=101178 ouid=0 ogid=0 rdev=0:0 nametype=NORMAL cap_fp=0 cap_fi=0 cap_fe=0 cap_fver=0 cap_frootid=0OUID="root" OGID="root"
type=PROCTITLE msg=audit(1769929376.454:8711): proctitle=7373002D74756C6E70
type=CWD msg=audit(1769929323.173:6759): cwd="/var/ossec"
type=USER_CMD msg=audit(1769928753.328:9914): pid=9186 uid=884 auid=1183 ses=3 subj=unconfined msg='cwd="/root" cmd="whoami" exe="/usr/bin/sudo" terminal=pts/0 res=success'UID="heroic" AUID="heroic"
type=PATH msg=audit(1769928874.456:4835): item=0 name="/usr/bin/sudo" inode=1573859 dev=8:2 mode=104363 ouid=0 ogid=0 rdev=0:0 nametype=NORMAL cap_fp=0 cap_fi=0 cap_fe=0 cap_fver=0 cap_frootid=0OUID="root" OGID="root"
type=SYSCALL msg=audit(1769929349.906:6844): arch=c000003e syscall=59 success=yes exit=0 a0=6006a0801b38 a1=6006a08018e0 a2=6006a08018f8 a3=1 items=2 ppid=8568 pid=2293 auid=4294966970 uid=0 gid=415 euid=0 suid=0 fsuid=0 egid=358 sgid=397 fsgid=250 tty=(none) ses=4294967583 comm="last" exe="/usr/bin/tail" subj=unconfined key="process_exec"ARCH=x86_64 SYSCALL=execve AUID="unset" UID="root" GID="wazuh" EUID="root" SUID="root" FSUID="root" EGID="wazuh" SGID="wazuh" FSGID="wazuh"
type=SERVICE_START msg=audit(1769928664.36:4731): pid=8434 uid=0 auid=4294967114 ses=4294966985 subj=unconfined msg='unit=NetworkManager-dispatcher comm="sed" exe="/usr/bin/sudo" hostname=? addr=? terminal=? res=success'UID="root" AUID="unset"
type=PROCTITLE msg=audit(1769928447.661:7259): proctitle=2F7573722F6C69622F73797374656D642F73797374656D642D6578656375746F72002D2D646573657269616C697A6500313632002D2D6C6F672D6C6576656C00696E666F002D2D6C6F672D746172676574006A6F75726E616C2D6F722D6B6D7367
type=EXECVE msg=audit(1769928891.919:8617): argc=2 a0="dirname" a1="/usr/bin/lesspipe"
type=CWD msg=audit(1769928852.557:8402): cwd="/root"
type=PATH msg=audit(1769928866.668:6982): item=0 name="/usr/bin/bash" inode=1573507 dev=8:2 mode=100644 ouid=0 ogid=0 rdev=0:0 nametype=NORMAL cap_fp=0 cap_fi=0 cap_fe=0 cap_fver=0 cap_frootid=0OUID="root" OGID="root"
type=PATH msg=audit(1769929249.220:9545): item=0 name="/usr/bin/rmdir" inode=1577787 dev=8:2 mode=100926 ouid=0 ogid=0 rdev=0:0 nametype=NORMAL cap_fp=0 cap_fi=0 cap_fe=0 cap_fver=0 cap_frootid=0OUID="root" OGID="root"
type=PATH msg=audit(1769929004.206:7685): item=0 name="/etc/cron.d/" inode=1703500 dev=8:2 mode=41054 ouid=0 ogid=0 rdev=0:0 nametype=PARENT cap_fp=0 cap_fi=0 cap_fe=0 cap_fver=0 cap_frootid=0OUID="root" OGID="root"
type=PROCTITLE msg=audit(1769928587.429:6519): proctitle=726D002D66002F6574632F63726F6E2E642F686964735F70657273697374
type=SYSCALL msg=audit(1769928907.56:7862): arch=c000003e syscall=59 success=yes exit=0 a0=5da302dccb50 a1=5da302dcca10 a2=5da302dc08f0 a3=5da302dcd610 items=2 ppid=2118 pid=3838 auid=1042 uid=1358 gid=753 euid=568 suid=1436 fsuid=1361 egid=1306 sgid=1028 fsgid=645 tty=pts0 ses=3 comm="sort" exe="/usr/bin/sed" subj=unconfined key="process_exec"ARCH=x86_64 SYSCALL=execve AUID="heroic" UID="heroic" GID="heroic" EUID="heroic" SUID="heroic" FSUID="heroic" EGID="heroic" SGID="heroic" FSGID="heroic"
type=EXECVE msg=audit(1769928420.15:7477): argc=3 a0="mkdir" a1="-p" a2="/tmp/hids_malicious"
type=PATH msg=audit(1769928826.1255:8762): item=0 name="/usr/bin/cp" inode=1578420 dev=8:2 mode=100921 ouid=0 ogid=0 rdev=0:0 nametype=NORMAL cap_fp=0 cap_fi=0 cap_fe=0 cap_fver=0 cap_frootid=0OUID="root" OGID="root"
type=CRED_REFR msg=audit(1769928650.333:5360): pid=4674 uid=674 auid=1110 ses=3 subj=unconfined msg='op=PAM:setcred grantors=pam_permit,pam_cap acct="root" exe="/usr/bin/last" hostname=? addr=? terminal=/dev/pts/0 res=success'UID="heroic" AUID="heroic"
type=EXECVE msg=audit(1769928746.791:7237): argc=2 a0="ss" a1="-tulnp"
type=PROCTITLE msg=audit(1769929092.627:5321): proctitle=7375646F002D6C
type=EXECVE msg=audit(1769929276.235:7650): argc=3 a0="sudo" a1="tee" a2="/etc/cron.d/hids_persist"
type=PROCTITLE msg=audit(1769928983.700:8056): proctitle=63686D6F64002B78007061796C6F61642E7368
type=CWD msg=audit(1769929252.593:4965): cwd="/usr/local/bin"
type=PROCTITLE msg=audit(1769929170.541:6808): proctitle=746565002F6574632F63726F6E2E642F686964735F70657273697374
type=EXECVE msg=audit(1769928654.178:8333): argc=2 a0="tee" a1="/etc/cron.d/hids_persist"
type=CWD msg=audit(1769929245.822:8586): cwd="/root"
type=SYSCALL msg=audit(1769928827.378:4673): arch=c000003e syscall=59 success=yes exit=0 a0=64e1754cb980 a1=64e1754cff50 a2=64e1754c38f0 a3=64e1754cff50 items=2 ppid=2290 pid=9670 auid=1440 uid=664 gid=1404 euid=695 suid=1218 fsuid=1071 egid=1064 sgid=1193 fsgid=798 tty=pts0 ses=3 comm="sh" exe="/usr/bin/sudo" subj=unconfined key="process_exec"ARCH=x86_64 SYSCALL=execve AUID="heroic" UID="heroic" GID="heroic" EUID="heroic" SUID="heroic" FSUID="heroic" EGID="heroic" SGID="heroic" FSGID="heroic"
type=PATH msg=audit(1769929259.715:9598): item=1 name="/lib64/ld-linux-x86-64.so.2" inode=1575330 dev=8:2 mode=101089 ouid=0 ogid=0 rdev=0:0 nametype=NORMAL cap_fp=0 cap_fi=0 cap_fe=0 cap_fver=0 cap_frootid=0OUID="root" OGID="root"
type=EXECVE msg=audit(1769929243.12:9006): argc=1 a0="bash"
type=PATH msg=audit(1769928546.283:7416): item=0 name="/usr/bin/curl" inode=1573208 dev=8:2 mode=101135 ouid=0 ogid=0 rdev=0:0 nametype=NORMAL cap_fp=0 cap_fi=0 cap_fe=0 cap_fver=0 cap_frootid=0OUID="root" OGID="root"
type=USER_CMD msg=audit(1769928701.178:9329): pid=7721 uid=1468 auid=762 ses=3 subj=unconfined msg='cwd="/tmp" cmd=746565202F6574632F63726F6E2E642F686964735F70657273697374 exe="/usr/bin/sed" terminal=pts/0 res=success'UID="heroic" AUID="heroic"
type=SYSCALL msg=audit(1769928627.187:7421): arch=c000003e syscall=59 success=yes exit=0 a0=55b863462a30 a1=55b863462ab0 a2=55b863435820 a3=55b863462ab0 items=2 ppid=9527 pid=10333 auid=1198 uid=0 gid=0 euid=0 suid=0 fsuid=0 egid=0 sgid=0 fsgid=0 tty=pts2 ses=3 comm="sh" exe="/usr/bin/tail" subj=unconfined key="process_exec"ARCH=x86_64 SYSCALL=execve AUID="heroic" UID="root" GID="root" EUID="root" SUID="root" FSUID="root" EGID="root" SGID="root" FSGID="root"
type=CRED_ACQ msg=audit(1769929395.841:5795): pid=6679 uid=0 auid=4294966983 ses=4294966940 subj=unconfined msg='op=PAM:setcred grantors=pam_permit,pam_cap acct="root" exe="/usr/bin/sed" hostname=? addr=? terminal=cron res=success'UID="root" AUID="unset"
type=PATH msg=audit(1769929148.550:9708): item=1 name="/lib64/ld-linux-x86-64.so.2" inode=1575327 dev=8:2 mode=101089 ouid=0 ogid=0 rdev=0:0 nametype=NORMAL cap_fp=0 cap_fi=0 cap_fe=0 cap_fver=0 cap_frootid=0OUID="root" OGID="root"
type=EXECVE msg=audit(1769929099.448:4495): argc=3 a0="sudo" a1="tee" a2="/etc/cron.d/hids_persist"
type=PROCTITLE msg=audit(1769929391.356:6931): proctitle=756E616D65002D61
type=PATH msg=audit(1769929201.383:5250): item=0 name="/usr/bin/curl" inode=1573327 dev=8:2 mode=100631 ouid=0 ogid=0 rdev=0:0 nametype=NORMAL cap_fp=0 cap_fi=0 cap_fe=0 cap_fver=0 cap_frootid=0OUID="root" OGID="root"
type=EXECVE msg=audit(1769928723.869:3871): argc=3 a0="sudo" a1="tee" a2="/etc/cron.d/hids_persist"
type=SYSCALL msg=audit(1769928766.628:9837): arch=c000003e syscall=59 success=yes exit=0 a0=55b8634377a0 a1=55b863436b00 a2=55b863435820 a3=8 items=3 ppid=5300 pid=1504 auid=806 uid=0 gid=0 euid=0 suid=0 fsuid=0 egid=0 sgid=0 fsgid=0 tty=pts2 ses=3 comm="df" exe="/usr/bin/df" subj=unconfined key="process_exec"ARCH=x86_64 SYSCALL=execve AUID="heroic" UID="root" GID="root" EUID="root" SUID="root" FSUID="root" EGID="root" SGID="root" FSGID="root"
type=USER_ACCT msg=audit(1769928604.706:5314): pid=8659 uid=791 auid=824 ses=3 subj=unconfined msg='op=PAM:accounting grantors=pam_permit,pam_localuser acct="heroic" exe="/usr/bin/df" hostname=? addr=? terminal=/dev/pts/0 res=success'UID="heroic" AUID="heroic"
type=CWD msg=audit(1769929320.1169:5969): cwd="/home/heroic"
type=SYSCALL msg=audit(1769928416.1117:6952): arch=c000003e syscall=59 success=yes exit=0 a0=5664dd910b68 a1=5664dd925500 a2=5664dd9b43c0 a3=64 items=2 ppid=8165 pid=5527 auid=1228 uid=0 gid=0 euid=0 suid=0 fsuid=0 egid=0 sgid=0 fsgid=0 tty=pts3 ses=5 comm="netstat" exe="/usr/bin/sort" subj=unconfined key="process_exec"ARCH=x86_64 SYSCALL=execve AUID="heroic" UID="root" GID="root" EUID="root" SUID="root" FSUID="root" EGID="root" SGID="root" FSGID="root"
type=PATH msg=audit(1769929324.1195:9754): item=1 name="/lib64/ld-linux-x86-64.so.2" inode=1575245 dev=8:2 mode=100365 ouid=0 ogid=0 rdev=0:0 nametype=NORMAL cap_fp=0 cap_fi=0 cap_fe=0 cap_fver=0 cap_frootid=0OUID="root" OGID="root"
type=CWD msg=audit(1769928628.320:5449): cwd="/usr/local/bin"
type=PROCTITLE msg=audit(1769929372.313:9117): proctitle=726D002D66002F6574632F63726F6E2E642F686964735F70657273697374
type=PATH msg=audit(1769928658.1013:6908): item=1 name="/lib64/ld-linux-x86-64.so.2" inode=1575070 dev=8:2 mode=100955 ouid=0 ogid=0 rdev=0:0 nametype=NORMAL cap_fp=0 cap_fi=0 cap_fe=0 cap_fver=0 cap_frootid=0OUID="root" OGID="root"
type=PATH msg=audit(1769928987.427:6667): item=1 name="/lib64/ld-linux-x86-64.so.2" inode=1575276 dev=8:2 mode=100512 ouid=0 ogid=0 rdev=0:0 nametype=NORMAL cap_fp=0 cap_fi=0 cap_fe=0 cap_fver=0 cap_frootid=0OUID="root" OGID="root"
type=SYSCALL msg=audit(1769928784.819:9000): arch=c000003e syscall=59 success=yes exit=0 a0=64e1754c9e20 a1=64e1754cb6e0 a2=64e1754c38f0 a3=64e1754cb6e0 items=2 ppid=8719 pid=5784 auid=854 uid=898 gid=1192 euid=1145 suid=1345 fsuid=1065 egid=1225 sgid=933 fsgid=1125 tty=pts0 ses=3 comm="sh" exe="/usr/bin/last" subj=unconfined key="process_exec"ARCH=x86_64 SYSCALL=execve AUID="heroic" UID="heroic" GID="heroic" EUID="heroic" SUID="heroic" FSUID="heroic" EGID="heroic" SGID="heroic" FSGID="heroic"
type=PROCTITLE msg=audit(1769929121.165:7257): proctitle=2F7573722F6C69622F73797374656D642F73797374656D642D6578656375746F72002D2D646573657269616C697A6500313139002D2D6C6F672D6C6576656C00696E666F002D2D6C6F672D746172676574006A6F75726E616C2D6F722D6B6D7367
type=EXECVE msg=audit(1769929111.16:9224): argc=2 a0="dirname" a1="/usr/bin/lesspipe"
type=USER_END msg=audit(1769928826.960:5137): pid=5053 uid=0 auid=0 ses=6 subj=unconfined msg='op=PAM:session_close grantors=pam_loginuid,pam_env,pam_env,pam_permit,pam_umask,pam_unix,pam_limits acct="root" exe="/usr/bin/netstat" hostname=? addr=? terminal=cron res=success'UID="root" AUID="root"
type=PATH msg=audit(1769929236.119:9487): item=1 name="/lib64/ld-linux-x86-64.so.2" inode=1575332 dev=8:2 mode=100742 ouid=0 ogid=0 rdev=0:0 nametype=NORMAL cap_fp=0 cap_fi=0 cap_fe=0 cap_fver=0 cap_frootid=0OUID="root" OGID="root"
type=CRED_REFR msg=audit(1769928807.629:4116): pid=9534 uid=1447 auid=1057 ses=3 subj=unconfined msg='op=PAM:setcred grantors=pam_permit,pam_cap acct="root" exe="/usr/bin/df" hostname=? addr=? terminal=/dev/pts/0 res=success'UID="heroic" AUID="heroic"
type=PATH msg=audit(1769928738.19:8856): item=1 name="/lib64/ld-linux-x86-64.so.2" inode=1575235 dev=8:2 mode=100518 ouid=0 ogid=0 rdev=0:0 nametype=NORMAL cap_fp=0 cap_fi=0 cap_fe=0 cap_fver=0 cap_frootid=0OUID="root" OGID="root"
type=PATH msg=audit(1769929115.596:8436): item=0 name="/usr/lib/sysstat/debian-sa1" inode=1582323 dev=8:2 mode=100566 ouid=0 ogid=0 rdev=0:0 nametype=NORMAL cap_fp=0 cap_fi=0 cap_fe=0 cap_fver=0 cap_frootid=0OUID="root" OGID="root"
type=PROCTITLE msg=audit(1769928446.73:6093): proctitle=726D002D660066696C655F31302E6461740066696C655F31312E6461740066696C655F31322E6461740066696C655F31332E6461740066696C655F31342E6461740066696C655F31352E6461740066696C655F31362E6461740066696C655F31372E6461740066696C655F31382E6461740066696C655F31392E646174006669
type=EXECVE msg=audit(1769928588.627:7006): argc=2 a0="tee" a1="/etc/cron.d/hids_persist"
type=EXECVE msg=audit(1769929047.191:6567): argc=3 a0="sudo" a1="tee" a2="/etc/cron.d/hids_persist"
type=EXECVE msg=audit(1769928588.395:6188): argc=1 a0="bash"
type=EXECVE msg=audit(1769928596.1070:9558): argc=3 a0="rm" a1="-f" a2="/etc/cron.d/hids_persist"
type=SYSCALL msg=audit(1769928965.1228:8933): arch=c000003e syscall=59 success=yes exit=0 a0=5eaf7e216c50 a1=5eaf7e18a150 a2=7ffd4a157088 a3=0 items=2 ppid=3424 pid=7982 auid=4294967311 uid=0 gid=0 euid=0 suid=0 fsuid=0 egid=0 sgid=0 fsgid=0 tty=(none) ses=4294967510 comm="ss" exe="/usr/bin/python3" subj=unconfined key="process_exec"ARCH=x86_64 SYSCALL=execve AUID="unset" UID="root" GID="root" EUID="root" SUID="root" FSUID="root" EGID="root" SGID="root" FSGID="root"
type=USER_START msg=audit(1769928458.231:3996): pid=7114 uid=588 auid=727 ses=5 subj=unconfined msg='op=PAM:session_open grantors=pam_limits,pam_env,pam_env,pam_permit,pam_umask,pam_unix acct="root" exe="/usr/bin/python3" hostname=? addr=? terminal=/dev/pts/0 res=success'UID="heroic" AUID="heroic"
type=PATH msg=audit(1769929186.547:4806): item=0 name="/usr/bin/systemd-tmpfiles" inode=1588434 dev=8:2 mode=101169 ouid=0 ogid=0 rdev=0:0 nametype=NORMAL cap_fp=0 cap_fi=0 cap_fe=0 cap_fver=0 cap_frootid=0OUID="root" OGID="root"
type=PATH msg=audit(1769928659.877:6262): item=1 name="/lib64/ld-linux-x86-64.so.2" inode=1574990 dev=8:2 mode=100815 ouid=0 ogid=0 rdev=0:0 nametype=NORMAL cap_fp=0 cap_fi=0 cap_fe=0 cap_fver=0 cap_frootid=0OUID="root" OGID="root"
type=EXECVE msg=audit(1769928480.936:7141): argc=2 a0="sleep" a1="90"
type=CRED_REFR msg=audit(1769928565.901:6661): pid=9160 uid=943 auid=808 ses=3 subj=unconfined msg='op=PAM:setcred grantors=pam_permit,pam_cap acct="root" exe="/usr/bin/python3" hostname=? addr=? terminal=/dev/pts/0 res=success'UID="heroic" AUID="heroic"
type=SYSCALL msg=audit(1769929298.622:6795): arch=c000003e syscall=59 success=yes exit=0 a0=5da302dcbd10 a1=5da302dc70f0 a2=5da302dc08f0 a3=5da302dca210 items=2 ppid=9895 pid=7981 auid=576 uid=699 gid=795 euid=719 suid=1178 fsuid=1081 egid=819 sgid=513 fsgid=1078 tty=pts0 ses=3 comm="last" exe="/bin/sh" subj=unconfined key="process_exec"ARCH=x86_64 SYSCALL=execve AUID="heroic" UID="heroic" GID="heroic" EUID="heroic" SUID="heroic" FSUID="heroic" EGID="heroic" SGID="heroic" FSGID="heroic"
type=CRED_DISP msg=audit(1769929319.672:9569): pid=9496 uid=1373 auid=778 ses=3 subj=unconfined msg='op=PAM:setcred grantors=pam_permit acct="root" exe="/usr/bin/tail" hostname=? addr=? terminal=/dev/pts/0 res=success'UID="heroic" AUID="heroic"
type=CWD msg=audit(1769928469.278:9498): cwd="/var/ossec"
type=BPRM_FCAPS msg=audit(1769929063.273:4088): fver=0 fp=0 fi=0 fe=0 old_pp=000001fffffeffff old_pi=0 old_pe=000001fffffeffff old_pa=0 pp=000001fffffeffff pi=0 pe=000001fffffeffff pa=0 frootid=0
type=CRED_REFR msg=audit(1769928517.152:6349): pid=8162 uid=1069 auid=1466 ses=3 subj=unconfined msg='op=PAM:setcred grantors=pam_permit,pam_cap acct="root" exe="/usr/bin/python3" hostname=? addr=? terminal=/dev/pts/0 res=success'UID="heroic" AUID="heroic"
type=PROCTITLE msg=audit(1769928752.381:6922): proctitle="whoami"
type=SYSCALL msg=audit(1769928664.735:9469): arch=c000003e syscall=452 success=yes exit=3 a0=ffffff9c a1=7ffe44fd772c a2=201 a3=1b6 items=2 ppid=4987 pid=2664 auid=1136 uid=0 gid=0 euid=0 suid=0 fsuid=0 egid=0 sgid=0 fsgid=0 tty=pts4 ses=3 comm="tail" exe="/usr/bin/last" subj=unconfined key="persistence"ARCH=x86_64 SYSCALL=openat AUID="heroic" UID="root" GID="root" EUID="root" SUID="root" FSUID="root" EGID="root" SGID="root" FSGID="root"
type=SYSCALL msg=audit(1769928774.1204:4525): arch=c000003e syscall=59 success=yes exit=0 a0=64f361c8bb68 a1=64f361c9ba10 a2=64f361d2f6b0 a3=64 items=2 ppid=5721 pid=2741 auid=695 uid=0 gid=0 euid=0 suid=0 fsuid=0 egid=0 sgid=0 fsgid=0 tty=pts5 ses=3 comm="netstat" exe="/usr/bin/tail" subj=unconfined key="process_exec"ARCH=x86_64 SYSCALL=execve AUID="heroic" UID="root" GID="root" EUID="root" SUID="root" FSUID="root" EGID="root" SGID="root" FSGID="root"
type=CWD msg=audit(1769929123.92:9620): cwd="/var/ossec"
type=SYSCALL msg=audit(1769929139.38:4194): arch=c000003e syscall=59 success=yes exit=0 a0=5da302dc37e0 a1=5da302dca1d0 a2=5da302dc08f0 a3=5da302dca1d0 items=2 ppid=1926 pid=5719 auid=691 uid=1497 gid=1091 euid=1026 suid=770 fsuid=1073 egid=1144 sgid=1058 fsgid=1192 tty=pts0 ses=3 comm="ss" exe="/usr/bin/python3" subj=unconfined key="process_exec"ARCH=x86_64 SYSCALL=execve AUID="heroic" UID="heroic" GID="heroic" EUID="heroic" SUID="heroic" FSUID="heroic" EGID="heroic" SGID="heroic" FSGID="heroic"
type=PATH msg=audit(1769929218.616:6091): item=1 name="/lib64/ld-linux-x86-64.so.2" inode=1575067 dev=8:2 mode=100432 ouid=0 ogid=0 rdev=0:0 nametype=NORMAL cap_fp=0 cap_fi=0 cap_fe=0 cap_fver=0 cap_frootid=0OUID="root" OGID="root"
type=EXECVE msg=audit(1769928751.1205:8382): argc=2 a0="rmdir" a1="/tmp/hids_malicious"
type=PATH msg=audit(1769929404.602:5501): item=1 name="/lib64/ld-linux-x86-64.so.2" inode=1575694 dev=8:2 mode=101054 ouid=0 ogid=0 rdev=0:0 nametype=NORMAL cap_fp=0 cap_fi=0 cap_fe=0 cap_fver=0 cap_frootid=0OUID="root" OGID="root"
type=EXECVE msg=audit(1769928972.554:4927): argc=4 a0="sh" a1="-c" a2="--" a3=6466202D50
type=SYSCALL msg=audit(1769928604.478:5057): arch=c000003e syscall=59 success=yes exit=0 a0=5b1d09c7db68 a1=5b1d09c8dba0 a2=5b1d09ca07a0 a3=64 items=2 ppid=4587 pid=3536 auid=1202 uid=0 gid=0 euid=0 suid=0 fsuid=0 egid=0 sgid=0 fsgid=0 tty=pts4 ses=3 comm="sh" exe="/usr/bin/sudo" subj=unconfined key="process_exec"ARCH=x86_64 SYSCALL=execve AUID="heroic" UID="root" GID="root" EUID="root" SUID="root" FSUID="root" EGID="root" SGID="root" FSGID="root"
type=PROCTITLE msg=audit(1769928610.825:8563): proctitle=6370002F7661722F6C6F672F61756469742F61756469742E6C6F67002F686F6D652F6865726F69632F4465736B746F702F736372697074732D666F722D646174612D67656E65726174696F6E2F
type=EXECVE msg=audit(1769929125.1270:7060): argc=2 a0="ss" a1="-tulnp"
type=USER_CMD msg=audit(1769928442.1217:9033): pid=8145 uid=1103 auid=1390 ses=3 subj=unconfined msg='cwd="/root" cmd=726D202D66202F6574632F63726F6E2E642F686964735F70657273697374 exe="/usr/bin/sort" terminal=pts/0 res=success'UID="heroic" AUID="heroic"
type=PATH msg=audit(1769928900.1:9033): item=1 name="/lib64/ld-linux-x86-64.so.2" inode=1575398 dev=8:2 mode=100816 ouid=0 ogid=0 rdev=0:0 nametype=NORMAL cap_fp=0 cap_fi=0 cap_fe=0 cap_fver=0 cap_frootid=0OUID="root" OGID="root"
type=SYSCALL msg=audit(1769929114.3:9081): arch=c000003e syscall=59 success=yes exit=0 a0=56a2cccba8a6 a1=7ffeb4c10500 a2=56a2cccba8e0 a3=56a2cccba8a6 items=2 ppid=2505 pid=3945 auid=0 uid=0 gid=0 euid=0 suid=0 fsuid=0 egid=0 sgid=0 fsgid=0 tty=(none) ses=6 comm="sort" exe="/usr/bin/last" subj=unconfined key="process_exec"ARCH=x86_64 SYSCALL=execve AUID="root" UID="root" GID="root" EUID="root" SUID="root" FSUID="root" EGID="root" SGID="root" FSGID="root"
type=SYSCALL msg=audit(1769929289.533:8592): arch=c000003e syscall=59 success=yes exit=0 a0=5e8dd7c3e7a0 a1=5e8dd7c3db00 a2=5e8dd7c3c820 a3=8 items=3 ppid=8924 pid=7559 auid=1129 uid=0 gid=0 euid=0 suid=0 fsuid=0 egid=0 sgid=0 fsgid=0 tty=pts4 ses=3 comm="sudo" exe="/usr/bin/netstat" subj=unconfined key="process_exec"ARCH=x86_64 SYSCALL=execve AUID="heroic" UID="root" GID="root" EUID="root" SUID="root" FSUID="root" EGID="root" SGID="root" FSGID="root"
type=PATH msg=audit(1769928723.529:8100): item=1 name="/lib64/ld-linux-x86-64.so.2" inode=1575683 dev=8:2 mode=100828 ouid=0 ogid=0 rdev=0:0 nametype=NORMAL cap_fp=0 cap_fi=0 cap_fe=0 cap_fver=0 cap_frootid=0OUID="root" OGID="root"
type=BPF msg=audit(1769928906.268:7934): prog-id=97 op=LOAD
type=PROCTITLE msg=audit(1769929304.33:7543): proctitle=73656400732F5C285B5B3A616C6E756D3A5D5D5C2B5C295C205C2B5B5B3A64696769743A5D5D5C2B5C205C2B5B5B3A64696769743A5D5D5C2B5C205C2B5C282E2A5C293A5C285B5B3A64696769743A5D5D2A5C295C205C2B5C285B302D395C2E5C3A5C2A5D5C2B5C292E5C2B5C205C285B5B3A64696769743A5D5D2A5C2F5B5B
type=SYSCALL msg=audit(1769929310.347:4960): arch=c000003e syscall=59 success=yes exit=0 a0=5da302dc8960 a1=5da302dcbd50 a2=5da302dc08f0 a3=5da302dcbd50 items=2 ppid=2081 pid=4779 auid=571 uid=1420 gid=509 euid=0 suid=0 fsuid=0 egid=760 sgid=853 fsgid=577 tty=pts0 ses=3 comm="sed" exe="/usr/bin/python3" subj=unconfined key="process_exec"ARCH=x86_64 SYSCALL=execve AUID="heroic" UID="heroic" GID="heroic" EUID="root" SUID="root" FSUID="root" EGID="heroic" SGID="heroic" FSGID="heroic"
type=CWD msg=audit(1769929107.904:5467): cwd="/root"
type=EXECVE msg=audit(1769929250.443:4482): argc=1 a0="whoami"
type=PROCTITLE msg=audit(1769928469.699:9183): proctitle=646972636F6C6F7273002D62
type=CWD msg=audit(1769928482.1071:4814): cwd="/home/heroic"
type=PATH msg=audit(1769928488.459:8462): item=0 name="/usr/bin/sudo" inode=1574315 dev=8:2 mode=104404 ouid=0 ogid=0 rdev=0:0 nametype=NORMAL cap_fp=0 cap_fi=0 cap_fe=0 cap_fver=0 cap_frootid=0OUID="root" OGID="root"
type=EXECVE msg=audit(1769929250.400:7487): argc=1 a0="bash"
type=EXECVE msg=audit(1769928997.336:4345): argc=2 a0="sleep" a1="5"
type=CRED_REFR msg=audit(1769928949.639:9507): pid=6479 uid=985 auid=702 ses=3 subj=unconfined msg='op=PAM:setcred grantors=pam_permit,pam_cap acct="root" exe="/usr/bin/netstat" hostname=? addr=? terminal=/dev/pts/0 res=success'UID="heroic" AUID="heroic"
type=SYSCALL msg=audit(1769929257.137:5175): arch=c000003e syscall=59 success=yes exit=0 a0=55b863462a30 a1=55b863462ab0 a2=55b863435820 a3=55b863462ab0 items=2 ppid=4721 pid=2171 auid=1470 uid=0 gid=0 euid=0 suid=0 fsuid=0 egid=0 sgid=0 fsgid=0 tty=pts2 ses=3 comm="sh" exe="/usr/bin/last" subj=unconfined key="process_exec"ARCH=x86_64 SYSCALL=execve AUID="heroic" UID="root" GID="root" EUID="root" SUID="root" FSUID="root" EGID="root" SGID="root" FSGID="root"
type=PATH msg=audit(1769929172.319:8763): item=0 name="/usr/bin/ls" inode=1578153 dev=8:2 mode=100686 ouid=0 ogid=0 rdev=0:0 nametype=NORMAL cap_fp=0 cap_fi=0 cap_fe=0 cap_fver=0 cap_frootid=0OUID="root" OGID="root"
type=CWD msg=audit(1769929113.765:8412): cwd="/usr/local/bin"
type=PATH msg=audit(1769929307.57:6206): item=1 name="/lib64/ld-linux-x86-64.so.2" inode=1575045 dev=8:2 mode=100266 ouid=0 ogid=0 rdev=0:0 nametype=NORMAL cap_fp=0 cap_fi=0 cap_fe=0 cap_fver=0 cap_frootid=0OUID="root" OGID="root"
type=PROCTITLE msg=audit(1769929286.357:6612): proctitle=7375646F00746565002F6574632F63726F6E2E642F686964735F70657273697374
type=PATH msg=audit(1769928594.103:4704): item=0 name="/usr/bin/sudo" inode=1574610 dev=8:2 mode=104762 ouid=0 ogid=0 rdev=0:0 nametype=NORMAL cap_fp=0 cap_fi=0 cap_fe=0 cap_fver=0 cap_frootid=0OUID="root" OGID="root"
type=CWD msg=audit(1769928478.276:7703): cwd="/root"
type=CWD msg=audit(1769929092.742:8100): cwd="/home/heroic"
type=PATH msg=audit(1769929311.348:6165): item=1 name="/lib64/ld-linux-x86-64.so.2" inode=1575130 dev=8:2 mode=101160 ouid=0 ogid=0 rdev=0:0 nametype=NORMAL cap_fp=0 cap_fi=0 cap_fe=0 cap_fver=0 cap_frootid=0OUID="root" OGID="root"
type=SYSCALL msg=audit(1769928988.119:8142): arch=c000003e syscall=1 success=yes exit=1 a0=7 a1=7ffeb4c10450 a2=1 a3=0 items=0 ppid=6054 pid=2842 auid=0 uid=0 gid=0 euid=0 suid=0 fsuid=0 egid=0 sgid=0 fsgid=0 tty=(none) ses=5 comm="sed" exe="/usr/bin/sort" subj=unconfined key=(null)ARCH=x86_64 SYSCALL=write AUID="root" UID="root" GID="root" EUID="root" SUID="root" FSUID="root" EGID="root" SGID="root" FSGID="root"
type=CWD msg=audit(1769928761.889:9544): cwd="/root"
type=SYSCALL msg=audit(1769928926.747:8602): arch=c000003e syscall=59 success=yes exit=0 a0=7ffd2e5d34c0 a1=7ffd2e5d34e0 a2=7ffd2e5d3fd0 a3=8 items=2 ppid=2042 pid=9499 auid=4294967156 uid=0 gid=0 euid=0 suid=0 fsuid=0 egid=0 sgid=0 fsgid=0 tty=(none) ses=4294967431 comm="df" exe="/bin/sh" subj=unconfined key="process_exec"ARCH=x86_64 SYSCALL=execve AUID="unset" UID="root" GID="root" EUID="root" SUID="root" FSUID="root" EGID="root" SGID="root" FSGID="root"
type=EXECVE msg=audit(1769928868.602:9055): argc=1 a0="bash"
type=CWD msg=audit(1769929304.119:7810): cwd="/var/ossec"
type=EXECVE msg=audit(1769928782.404:5725): argc=2 a0="sudo" a1="-l"
type=PATH msg=audit(1769928551.187:8735): item=0 name="/usr/bin/gpg" inode=1573365 dev=8:2 mode=101040 ouid=0 ogid=0 rdev=0:0 nametype=NORMAL cap_fp=0 cap_fi=0 cap_fe=0 cap_fver=0 cap_frootid=0OUID="root" OGID="root"
type=PATH msg=audit(1769929284.737:6409): item=0 name="/usr/bin/rmdir" inode=1578352 dev=8:2 mode=100722 ouid=0 ogid=0 rdev=0:0 nametype=NORMAL cap_fp=0 cap_fi=0 cap_fe=0 cap_fver=0 cap_frootid=0OUID="root" OGID="root"
type=PATH msg=audit(1769928780.548:3929): item=0 name="/usr/bin/ls" inode=1578265 dev=8:2 mode=100638 ouid=0 ogid=0 rdev=0:0 nametype=NORMAL cap_fp=0 cap_fi=0 cap_fe=0 cap_fver=0 cap_frootid=0OUID="root" OGID="root"
type=EXECVE msg=audit(1769928854.483:8934): argc=2 a0="dircolors" a1="-b"
type=PROCTITLE msg=audit(1769928935.16:4786): proctitle=7375646F002D6C
type=SYSCALL msg=audit(1769929286.50:8971): arch=c000003e syscall=59 success=yes exit=0 a0=55debe79cec8 a1=55debe79cd40 a2=55debe79cd58 a3=1 items=2 ppid=6750 pid=9293 auid=1307 uid=975 gid=1464 euid=976 suid=1276 fsuid=630 egid=1121 sgid=1166 fsgid=712 tty=pts1 ses=3 comm="sudo" exe="/usr/bin/python3" subj=unconfined key="process_exec"ARCH=x86_64 SYSCALL=execve AUID="heroic" UID="heroic" GID="heroic" EUID="heroic" SUID="heroic" FSUID="heroic" EGID="heroic" SGID="heroic" FSGID="heroic"
type=PROCTITLE msg=audit(1769929350.1116:6191): proctitle=7375646F002D6C
type=EXECVE msg=audit(1769929382.356:9463): argc=4 a0="sudo" a1="cp" a2="/var/log/audit/audit.log" a3="/root/Desktop/hids_dataset/raw/malicious_remote.log"
type=SYSCALL msg=audit(1769929330.774:8067): arch=c000003e syscall=59 success=yes exit=0 a0=5da302dc87c0 a1=5da302dc87a0 a2=5da302dc08f0 a3=5da302dc87a0 items=2 ppid=2339 pid=4717 auid=804 uid=1140 gid=1005 euid=0 suid=0 fsuid=0 egid=896 sgid=719 fsgid=1068 tty=pts0 ses=3 comm="ss" exe="/usr/bin/python3" subj=unconfined key="process_exec"ARCH=x86_64 SYSCALL=execve AUID="heroic" UID="heroic" GID="heroic" EUID="root" SUID="root" FSUID="root" EGID="heroic" SGID="heroic" FSGID="heroic"
type=SYSCALL msg=audit(1769928515.172:4401): arch=c000003e syscall=59 success=yes exit=0 a0=5f93efcb0040 a1=5f93efcb00a8 a2=5f93efcf3670 a3=8 items=2 ppid=5583 pid=3882 auid=644 uid=0 gid=947 euid=0 suid=0 fsuid=0 egid=801 sgid=932 fsgid=1099 tty=(none) ses=4 comm="sort" exe="/usr/bin/sort" subj=unconfined key="process_exec"ARCH=x86_64 SYSCALL=execve AUID="heroic" UID="root" GID="heroic" EUID="root" SUID="root" FSUID="root" EGID="heroic" SGID="heroic" FSGID="heroic"
type=CRED_REFR msg=audit(1769928872.281:6974): pid=5471 uid=1168 auid=568 ses=3 subj=unconfined msg='op=PAM:setcred grantors=pam_permit,pam_cap acct="root" exe="/usr/bin/last" hostname=? addr=? terminal=/dev/pts/0 res=success'UID="heroic" AUID="heroic"
type=SYSCALL msg=audit(1769929291.612:5590): arch=c000003e syscall=59 success=yes exit=0 a0=5da302dc8960 a1=5da302dcc3f0 a2=5da302dc08f0 a3=5da302dcc8b0 items=2 ppid=8350 pid=4283 auid=1212 uid=1460 gid=905 euid=1481 suid=1198 fsuid=1291 egid=933 sgid=1447 fsgid=509 tty=pts0 ses=3 comm="netstat" exe="/usr/bin/tail" subj=unconfined key="process_exec"ARCH=x86_64 SYSCALL=execve AUID="heroic" UID="heroic" GID="heroic" EUID="heroic" SUID="heroic" FSUID="heroic" EGID="heroic" SGID="heroic" FSGID="heroic"
type=PROCTITLE msg=audit(1769929181.409:6728): proctitle=726D646972002F746D702F686964735F6D616C6963696F7573
type=EXECVE msg=audit(1769929185.76:6579): argc=2 a0="tee" a1="/etc/cron.d/hids_persist"
type=USER_ACCT msg=audit(1769929258.558:5052): pid=7644 uid=571 auid=875 ses=3 subj=unconfined msg='op=PAM:accounting grantors=pam_permit,pam_localuser acct="heroic" exe="/usr/bin/sudo" hostname=? addr=? terminal=/dev/pts/0 res=success'UID="heroic" AUID="heroic"
type=SYSCALL msg=audit(1769928745.789:6004): arch=c000003e syscall=59 success=yes exit=0 a0=5c292db22c90 a1=5c292db15db0 a2=7fff430b1068 a3=5c292db15be0 items=2 ppid=4751 pid=3663 auid=1215 uid=0 gid=0 euid=0 suid=0 fsuid=0 egid=0 sgid=0 fsgid=0 tty=pts2 ses=3 comm="python" exe="/usr/bin/df" subj=unconfined key="process_exec"ARCH=x86_64 SYSCALL=execve AUID="heroic" UID="root" GID="root" EUID="root" SUID="root" FSUID="root" EGID="root" SGID="root" FSGID="root"
type=CWD msg=audit(1769929014.933:6138): cwd="/var/ossec"
type=EXECVE msg=audit(1769928945.508:4835): argc=2 a0="sleep" a1="5"
type=EXECVE msg=audit(1769929273.1169:4696): argc=2 a0="sudo" a1="whoami"
type=PATH msg=audit(1769928929.906:9062): item=1 name="/lib64/ld-linux-x86-64.so.2" inode=1575637 dev=8:2 mode=101080 ouid=0 ogid=0 rdev=0:0 nametype=NORMAL cap_fp=0 cap_fi=0 cap_fe=0 cap_fver=0 cap_frootid=0OUID="root" OGID="root"
type=PROCTITLE msg=audit(1769928678.509:5028): proctitle=7375646F00746565002F6574632F63726F6E2E642F686964735F70657273697374
type=PATH msg=audit(1769929078.557:8935): item=1 name="/lib64/ld-linux-x86-64.so.2" inode=1575330 dev=8:2 mode=100658 ouid=0 ogid=0 rdev=0:0 nametype=NORMAL cap_fp=0 cap_fi=0 cap_fe=0 cap_fver=0 cap_frootid=0OUID="root" OGID="root"
type=EXECVE msg=audit(1769928743.171:8988): argc=2 a0="sudo" a1="-l"
type=SYSCALL msg=audit(1769929345.405:4974): arch=c000003e syscall=59 success=yes exit=0 a0=64cc6722ceb0 a1=64cc67320e40 a2=64cc6731a630 a3=64cc67320e40 items=3 ppid=8199 pid=8864 auid=531 uid=858 gid=1179 euid=1316 suid=523 fsuid=529 egid=919 sgid=531 fsgid=522 tty=pts0 ses=3 comm="sudo" exe="/usr/bin/tail" subj=unconfined key="process_exec"ARCH=x86_64 SYSCALL=execve AUID="heroic" UID="heroic" GID="heroic" EUID="heroic" SUID="heroic" FSUID="heroic" EGID="heroic" SGID="heroic" FSGID="heroic"
type=PROCTITLE msg=audit(1769928689.305:9004): proctitle=6375726C002D730066696C653A2F2F2F746D702F686964735F6D616C6963696F75732F7061796C6F61642E7368
type=PROCTITLE msg=audit(1769929125.778:5083): proctitle=2F7573722F6C69622F73797374656D642F73797374656D642D6578656375746F72002D2D646573657269616C697A6500313139002D2D6C6F672D6C6576656C00696E666F002D2D6C6F672D746172676574006A6F75726E616C2D6F722D6B6D7367
type=USER_START msg=audit(1769928716.709:6240): pid=1279 uid=1040 auid=1243 ses=3 subj=unconfined msg='op=PAM:session_open grantors=pam_limits,pam_env,pam_env,pam_permit,pam_umask,pam_unix acct="root" exe="/usr/bin/python3" hostname=? addr=? terminal=/dev/pts/0 res=success'UID="heroic" AUID="heroic"
type=EXECVE msg=audit(1769928740.767:8880): argc=2 a0="tee" a1="/etc/cron.d/hids_persist"
type=PATH msg=audit(1769928736.501:6554): item=0 name="/etc/cron.d/" inode=1703775 dev=8:2 mode=40883 ouid=0 ogid=0 rdev=0:0 nametype=PARENT cap_fp=0 cap_fi=0 cap_fe=0 cap_fver=0 cap_frootid=0OUID="root" OGID="root"
type=PATH msg=audit(1769929052.612:5422): item=0 name="/usr/bin/cp" inode=1577813 dev=8:2 mode=100348 ouid=0 ogid=0 rdev=0:0 nametype=NORMAL cap_fp=0 cap_fi=0 cap_fe=0 cap_fver=0 cap_frootid=0OUID="root" OGID="root"
type=SYSCALL msg=audit(1769928747.1274:8375): arch=c000003e syscall=59 success=yes exit=0 a0=64e1754cfc70 a1=64e1754cff70 a2=64e1754c38f0 a3=64e1754cff70 items=2 ppid=6657 pid=2063 auid=1408 uid=1004 gid=765 euid=0 suid=0 fsuid=0 egid=1332 sgid=1427 fsgid=582 tty=pts0 ses=3 comm="sort" exe="/bin/sh" subj=unconfined key="process_exec"ARCH=x86_64 SYSCALL=execve AUID="heroic" UID="heroic" GID="heroic" EUID="root" SUID="root" FSUID="root" EGID="heroic" SGID="heroic" FSGID="heroic"
type=SERVICE_STOP msg=audit(1769929059.449:9882): pid=4307 uid=0 auid=4294967046 ses=4294967527 subj=unconfined msg='unit=NetworkManager-dispatcher comm="df" exe="/usr/bin/df" hostname=? addr=? terminal=? res=success'UID="root" AUID="unset"
type=SYSCALL msg=audit(1769929225.471:7822): arch=c000003e syscall=59 success=yes exit=0 a0=62263443cb68 a1=62263444cba0 a2=62263445f7a0 a3=64 items=2 ppid=8222 pid=3809 auid=1313 uid=0 gid=0 euid=0 suid=0 fsuid=0 egid=0 sgid=0 fsgid=0 tty=pts4 ses=3 comm="df" exe="/usr/bin/python3" subj=unconfined key="process_exec"ARCH=x86_64 SYSCALL=execve AUID="heroic" UID="root" GID="root" EUID="root" SUID="root" FSUID="root" EGID="root" SGID="root" FSGID="root"
type=EXECVE msg=audit(1769929273.250:10203): argc=4 a0="sudo" a1="rm" a2="-f" a3="/etc/cron.d/hids_persist"
type=EXECVE msg=audit(1769929239.280:8193): argc=1 a0="id"
type=PROCTITLE msg=audit(1769928648.1087:7707): proctitle=7373002D74756C6E70
type=CRED_REFR msg=audit(1769928693.709:9243): pid=5488 uid=0 auid=0 ses=8 subj=unconfined msg='op=PAM:setcred grantors=pam_permit,pam_cap acct="root" exe="/usr/bin/sort" hostname=? addr=? terminal=cron res=success'UID="root" AUID="root"
type=SYSCALL msg=audit(1769929311.270:4121): arch=c000003e syscall=59 success=yes exit=0 a0=5da302dcd3b0 a1=5da302dcce70 a2=5da302dc08f0 a3=5da302dc8920 items=2 ppid=4167 pid=10024 auid=899 uid=1186 gid=653 euid=1334 suid=1289 fsuid=688 egid=1047 sgid=1045 fsgid=1367 tty=pts0 ses=3 comm="tail" exe="/usr/bin/netstat" subj=unconfined key="process_exec"ARCH=x86_64 SYSCALL=execve AUID="heroic" UID="heroic" GID="heroic" EUID="heroic" SUID="heroic" FSUID="heroic" EGID="heroic" SGID="heroic" FSGID="heroic"
type=EXECVE msg=audit(1769929302.515:3748): argc=58 a0="rm" a1="-f" a2="file_10.dat" a3="file_11.dat" a4="file_12.dat" a5="file_13.dat" a6="file_14.dat" a7="file_15.dat" a8="file_16.dat" a9="file_17.dat" a10="file_18.dat" a11="file_19.dat" a12="file_1.dat" a13="file_20.dat" a14="file_21.dat" a15="file_22.dat" a16="file_23.dat" a17="file_24.dat" a18="file_25.dat" a19="file_26.dat" a20="file_27.dat" a21="file_28.dat" a22="file_29.dat" a23="file_2.dat" a24="file_30.dat" a25="file_31.dat" a26="file_32.dat" a27="file_33.dat" a28="file_34.dat" a29="file_35.dat" a30="file_36.dat" a31="file_37.dat" a32="file_38.dat" a33="file_39.dat" a34="file_3.dat" a35="file_40.dat" a36="file_41.dat" a37="file_42.dat" a38="file_43.dat" a39="file_44.dat" a40="file_45.dat" a41="file_46.dat" a42="file_47.dat" a43="file_48.dat" a44="file_49.dat" a45="file_4.dat" a46="file_50.dat" a47="file_5.dat" a48="file_6.dat" a49="file_7.dat" a50="file_8.dat" a51="file_9.dat" a52="payload.sh" a53="recon.txt" a54="netstat.txt" a55="processes.txt" a56="sudo_enum.txt" a57="sudo_test.txt"
type=PATH msg=audit(1769928848.537:9660): item=0 name="/usr/bin/basename" inode=1578420 dev=8:2 mode=100471 ouid=0 ogid=0 rdev=0:0 nametype=NORMAL cap_fp=0 cap_fi=0 cap_fe=0 cap_fver=0 cap_frootid=0OUID="root" OGID="root"
type=SYSCALL msg=audit(1769928905.1348:6152): arch=c000003e syscall=59 success=yes exit=0 a0=5da302dc7a40 a1=5da302dcc610 a2=5da302dc08f0 a3=8 items=2 ppid=6485 pid=1517 auid=1131 uid=648 gid=643 euid=1455 suid=621 fsuid=541 egid=1139 sgid=654 fsgid=830 tty=pts0 ses=3 comm="sed" exe="/usr/bin/df" subj=unconfined key="process_exec"ARCH=x86_64 SYSCALL=execve AUID="heroic" UID="heroic" GID="heroic" EUID="heroic" SUID="heroic" FSUID="heroic" EGID="heroic" SGID="heroic" FSGID="heroic"
type=PROCTITLE msg=audit(1769928665.114:6247): proctitle=2F7573722F6C69622F73797374656D642F73797374656D642D6578656375746F72002D2D646573657269616C697A6500313139002D2D6C6F672D6C6576656C00696E666F002D2D6C6F672D746172676574006A6F75726E616C2D6F722D6B6D7367
type=EXECVE msg=audit(1769928467.356:6860): argc=1 a0="id"
type=SYSCALL msg=audit(1769928519.92:7003): arch=c000003e syscall=59 success=yes exit=0 a0=611f903d7240 a1=611f903de440 a2=611f903cbde0 a3=611f903cebc0 items=2 ppid=4663 pid=3560 auid=4294967137 uid=0 gid=0 euid=0 suid=0 fsuid=0 egid=0 sgid=0 fsgid=0 tty=(none) ses=4294967259 comm="sort" exe="/usr/bin/last" subj=unconfined key="process_exec"ARCH=x86_64 SYSCALL=execve AUID="unset" UID="root" GID="root" EUID="root" SUID="root" FSUID="root" EGID="root" SGID="root" FSGID="root"
type=SYSCALL msg=audit(1769928788.520:7146): arch=c000003e syscall=59 success=yes exit=0 a0=64e1754d03b0 a1=64e1754cfe70 a2=64e1754c38f0 a3=64e1754cb920 items=2 ppid=9934 pid=3012 auid=1262 uid=899 gid=960 euid=1385 suid=1318 fsuid=1319 egid=941 sgid=703 fsgid=949 tty=pts0 ses=3 comm="ss" exe="/usr/bin/netstat" subj=unconfined key="process_exec"ARCH=x86_64 SYSCALL=execve AUID="heroic" UID="heroic" GID="heroic" EUID="heroic" SUID="heroic" FSUID="heroic" EGID="heroic" SGID="heroic" FSGID="heroic"
type=CWD msg=audit(1769928905.102:9507): cwd="/usr/local/bin"
type=SYSCALL msg=audit(1769928960.487:9145): arch=c000003e syscall=59 success=yes exit=0 a0=5eaf7e164a00 a1=7ffd4a156670 a2=7ffd4a157088 a3=0 items=2 ppid=3329 pid=1615 auid=4294967142 uid=0 gid=0 euid=0 suid=0 fsuid=0 egid=0 sgid=0 fsgid=0 tty=(none) ses=4294967165 comm="netstat" exe="/usr/bin/sed" subj=unconfined key="process_exec"ARCH=x86_64 SYSCALL=execve AUID="unset" UID="root" GID="root" EUID="root" SUID="root" FSUID="root" EGID="root" SGID="root" FSGID="root"
type=CWD msg=audit(1769928713.811:4371): cwd="/home/heroic"
type=SYSCALL msg=audit(1769928573.422:10438): arch=c000003e syscall=59 success=yes exit=0 a0=55b863435e30 a1=55b86343dca0 a2=55b863435820 a3=8 items=2 ppid=3975 pid=5285 auid=529 uid=0 gid=0 euid=0 suid=0 fsuid=0 egid=0 sgid=0 fsgid=0 tty=pts2 ses=3 comm="sudo" exe="/usr/bin/last" subj=unconfined key="process_exec"ARCH=x86_64 SYSCALL=execve AUID="heroic" UID="root" GID="root" EUID="root" SUID="root" FSUID="root" EGID="root" SGID="root" FSGID="root"
type=CWD msg=audit(1769929140.1019:4781): cwd="/var/ossec"
type=PATH msg=audit(1769929400.331:4303): item=1 name="/lib64/ld-linux-x86-64.so.2" inode=1574934 dev=8:2 mode=100514 ouid=0 ogid=0 rdev=0:0 nametype=NORMAL cap_fp=0 cap_fi=0 cap_fe=0 cap_fver=0 cap_frootid=0OUID="root" OGID="root"
type=EXECVE msg=audit(1769928610.206:8388): argc=3 a0="sudo" a1="tee" a2="/etc/cron.d/hids_persist"
type=CWD msg=audit(1769928872.435:4392): cwd="/tmp"
type=EXECVE msg=audit(1769929366.1253:7529): argc=3 a0="curl" a1="-s" a2="file:///tmp/hids_malicious/payload.sh"
type=USER_AUTH msg=audit(1769929052.36:5740): pid=3460 uid=0 auid=871 ses=4 subj=unconfined msg='op=PAM:authentication grantors=pam_succeed_if,pam_permit,pam_cap,pam_gnome_keyring acct="heroic" exe="/usr/bin/python3" hostname=Ubuntu24 addr=? terminal=/dev/tty1 res=success'UID="root" AUID="heroic"
type=CWD msg=audit(1769928778.270:7158): cwd=2F746D702F686964735F6D616C6963696F7573202864656C6574656429
type=CWD msg=audit(1769928922.666:6386): cwd="/root"
type=SYSCALL msg=audit(1769929285.956:9084): arch=c000003e syscall=59 success=yes exit=0 a0=64e1754d00f0 a1=64e1754cf350 a2=64e1754c38f0 a3=8 items=2 ppid=5948 pid=2491 auid=661 uid=1330 gid=1284 euid=544 suid=692 fsuid=1303 egid=1094 sgid=1066 fsgid=578 tty=pts0 ses=3 comm="sed" exe="/usr/bin/tail" subj=unconfined key="process_exec"ARCH=x86_64 SYSCALL=execve AUID="heroic" UID="heroic" GID="heroic" EUID="heroic" SUID="heroic" FSUID="heroic" EGID="heroic" SGID="heroic" FSGID="heroic"
type=EXECVE msg=audit(1769929037.985:5787): argc=2 a0="dirname" a1="/usr/bin/lesspipe"
type=PATH msg=audit(1769928733.760:6136): item=0 name="/usr/bin/sleep" inode=1577824 dev=8:2 mode=101093 ouid=0 ogid=0 rdev=0:0 nametype=NORMAL cap_fp=0 cap_fi=0 cap_fe=0 cap_fver=0 cap_frootid=0OUID="root" OGID="root"
type=PROCTITLE msg=audit(1769929259.1293:9704): proctitle=736C656570003930
type=CWD msg=audit(1769928488.1238:8547): cwd="/var/ossec"
type=PROCTITLE msg=audit(1769928415.466:8202): proctitle=746565002F6574632F63726F6E2E642F686964735F70657273697374
type=PATH msg=audit(1769928826.306:8941): item=1 name="/lib64/ld-linux-x86-64.so.2" inode=1575176 dev=8:2 mode=101188 ouid=0 ogid=0 rdev=0:0 nametype=NORMAL cap_fp=0 cap_fi=0 cap_fe=0 cap_fver=0 cap_frootid=0OUID="root" OGID="root"
type=PROCTITLE msg=audit(1769928702.959:6194): proctitle=6D6B646972002D70002F746D702F686964735F6D616C6963696F7573
type=USER_END msg=audit(1769928512.925:7429): pid=8280 uid=1311 auid=783 ses=3 subj=unconfined msg='op=PAM:session_close grantors=pam_limits,pam_env,pam_env,pam_permit,pam_umask,pam_unix acct="root" exe="/usr/bin/sed" hostname=? addr=? terminal=/dev/pts/0 res=success'UID="heroic" AUID="heroic"
type=SYSCALL msg=audit(1769928435.1119:5745): arch=c000003e syscall=59 success=yes exit=0 a0=5dfa5a7beb00 a1=5dfa5a7beb20 a2=5dfa5a7907a0 a3=5dfa5a7bf120 items=2 ppid=7217 pid=2272 auid=1113 uid=0 gid=0 euid=0 suid=0 fsuid=0 egid=0 sgid=0 fsgid=0 tty=pts1 ses=5 comm="df" exe="/usr/bin/sudo" subj=unconfined key="process_exec"ARCH=x86_64 SYSCALL=execve AUID="heroic" UID="root" GID="root" EUID="root" SUID="root" FSUID="root" EGID="root" SGID="root" FSGID="root"
type=PROCTITLE msg=audit(1769928506.671:4975): proctitle=7375646F00746565002F6574632F63726F6E2E642F686964735F70657273697374
type=PATH msg=audit(1769929198.1225:9040): item=1 name="/lib64/ld-linux-x86-64.so.2" inode=1574964 dev=8:2 mode=100597 ouid=0 ogid=0 rdev=0:0 nametype=NORMAL cap_fp=0 cap_fi=0 cap_fe=0 cap_fver=0 cap_frootid=0OUID="root" OGID="root"
type=CWD msg=audit(1769929102.297:5905): cwd="/var/ossec"
type=CWD msg=audit(1769928564.699:8587): cwd="/root"
type=CWD msg=audit(1769929249.714:9776): cwd="/var/ossec"
type=PROCTITLE msg=audit(1769929175.505:5956): proctitle=726D646972002F746D702F686964735F6D616C6963696F7573
type=PATH msg=audit(1769928737.1247:8820): item=0 name="/etc/cron.d/" inode=1703617 dev=8:2 mode=40882 ouid=0 ogid=0 rdev=0:0 nametype=PARENT cap_fp=0 cap_fi=0 cap_fe=0 cap_fver=0 cap_frootid=0OUID="root" OGID="root"
type=PATH msg=audit(1769928874.53:6061): item=1 name="/lib64/ld-linux-x86-64.so.2" inode=1575754 dev=8:2 mode=101071 ouid=0 ogid=0 rdev=0:0 nametype=NORMAL cap_fp=0 cap_fi=0 cap_fe=0 cap_fver=0 cap_frootid=0OUID="root" OGID="root"
type=CWD msg=audit(1769929071.1189:9266): cwd="/root"
type=USER_START msg=audit(1769929331.350:8106): pid=1490 uid=907 auid=745 ses=3 subj=unconfined msg='op=PAM:session_open grantors=pam_limits,pam_env,pam_env,pam_permit,pam_umask,pam_unix acct="root" exe="/usr/bin/sort" hostname=? addr=? terminal=/dev/pts/0 res=success'UID="heroic" AUID="heroic"
type=PROCTITLE msg=audit(1769928994.610:6054): proctitle=736C656570003930
type=PATH msg=audit(1769928467.402:9338): item=0 name="/usr/bin/sleep" inode=1578594 dev=8:2 mode=100792 ouid=0 ogid=0 rdev=0:0 nametype=NORMAL cap_fp=0 cap_fi=0 cap_fe=0 cap_fver=0 cap_frootid=0OUID="root" OGID="root"
type=PATH msg=audit(1769928620.492:7187): item=0 name="/usr/bin/uname" inode=1578089 dev=8:2 mode=100563 ouid=0 ogid=0 rdev=0:0 nametype=NORMAL cap_fp=0 cap_fi=0 cap_fe=0 cap_fver=0 cap_frootid=0OUID="root" OGID="root"
type=CRED_REFR msg=audit(1769928413.495:9956): pid=5230 uid=688 auid=627 ses=5 subj=unconfined msg='op=PAM:setcred grantors=pam_permit,pam_cap acct="root" exe="/usr/bin/last" hostname=? addr=? terminal=/dev/pts/0 res=success'UID="heroic" AUID="heroic"
type=USER_START msg=audit(1769928897.387:8416): pid=7112 uid=1356 auid=1331 ses=3 subj=unconfined msg='op=PAM:session_open grantors=pam_limits,pam_env,pam_env,pam_permit,pam_umask,pam_unix acct="root" exe="/usr/bin/sort" hostname=? addr=? terminal=/dev/pts/0 res=success'UID="heroic" AUID="heroic"
type=SERVICE_START msg=audit(1769929014.544:6741): pid=9490 uid=0 auid=4294967628 ses=4294967734 subj=unconfined msg='unit=anacron comm="last" exe="/usr/bin/sudo" hostname=? addr=? terminal=? res=success'UID="root" AUID="unset"
type=USER_END msg=audit(1769929323.22:10382): pid=2516 uid=714 auid=529 ses=3 subj=unconfined msg='op=PAM:session_close grantors=pam_limits,pam_env,pam_env,pam_permit,pam_umask,pam_unix acct="root" exe="/usr/bin/tail" hostname=? addr=? terminal=/dev/pts/0 res=success'UID="heroic" AUID="heroic"
type=PATH msg=audit(1769929221.733:8825): item=0 name="/etc/cron.d/" inode=1704260 dev=8:2 mode=40834 ouid=0 ogid=0 rdev=0:0 nametype=PARENT cap_fp=0 cap_fi=0 cap_fe=0 cap_fver=0 cap_frootid=0OUID="root" OGID="root"
type=PATH msg=audit(1769929219.302:4464): item=1 name="/lib64/ld-linux-x86-64.so.2" inode=1574855 dev=8:2 mode=100433 ouid=0 ogid=0 rdev=0:0 nametype=NORMAL cap_fp=0 cap_fi=0 cap_fe=0 cap_fver=0 cap_frootid=0OUID="root" OGID="root"
type=SYSCALL msg=audit(1769928576.930:8253): arch=c000003e syscall=59 success=yes exit=0 a0=7ffed1fb3150 a1=7ffed1fb3500 a2=7ffed1fb3530 a3=7ffed1fb49c0 items=2 ppid=1840 pid=1600 auid=1027 uid=1145 gid=612 euid=601 suid=1138 fsuid=1231 egid=923 sgid=727 fsgid=635 tty=(none) ses=5 comm="netstat" exe="/usr/bin/sudo" subj=desktop-icons-ng key="process_exec"ARCH=x86_64 SYSCALL=execve AUID="heroic" UID="heroic" GID="heroic" EUID="heroic" SUID="heroic" FSUID="heroic" EGID="heroic" SGID="heroic" FSGID="heroic"
type=CWD msg=audit(1769928857.672:4224): cwd="/home/heroic"
type=PATH msg=audit(1769928581.1095:3537): item=0 name="/usr/bin/sleep" inode=1578085 dev=8:2 mode=100555 ouid=0 ogid=0 rdev=0:0 nametype=NORMAL cap_fp=0 cap_fi=0 cap_fe=0 cap_fver=0 cap_frootid=0OUID="root" OGID="root"
type=EXECVE msg=audit(1769928427.34:7545): argc=58 a0="rm" a1="-f" a2="file_10.dat" a3="file_11.dat" a4="file_12.dat" a5="file_13.dat" a6="file_14.dat" a7="file_15.dat" a8="file_16.dat" a9="file_17.dat" a10="file_18.dat" a11="file_19.dat" a12="file_1.dat" a13="file_20.dat" a14="file_21.dat" a15="file_22.dat" a16="file_23.dat" a17="file_24.dat" a18="file_25.dat" a19="file_26.dat" a20="file_27.dat" a21="file_28.dat" a22="file_29.dat" a23="file_2.dat" a24="file_30.dat" a25="file_31.dat" a26="file_32.dat" a27="file_33.dat" a28="file_34.dat" a29="file_35.dat" a30="file_36.dat" a31="file_37.dat" a32="file_38.dat" a33="file_39.dat" a34="file_3.dat" a35="file_40.dat" a36="file_41.dat" a37="file_42.dat" a38="file_43.dat" a39="file_44.dat" a40="file_45.dat" a41="file_46.dat" a42="file_47.dat" a43="file_48.dat" a44="file_49.dat" a45="file_4.dat" a46="file_50.dat" a47="file_5.dat" a48="file_6.dat" a49="file_7.dat" a50="file_8.dat" a51="file_9.dat" a52="payload.sh" a53="recon.txt" a54="netstat.txt" a55="processes.txt" a56="sudo_enum.txt" a57="sudo_test.txt"
type=PATH msg=audit(1769929345.752:8074): item=0 name="/proc/self/fd/9" inode=1596467 dev=8:2 mode=101124 ouid=0 ogid=0 rdev=0:0 nametype=NORMAL cap_fp=0 cap_fi=0 cap_fe=0 cap_fver=0 cap_frootid=0OUID="root" OGID="root"
type=PATH msg=audit(1769929126.965:8190): item=1 name="/lib64/ld-linux-x86-64.so.2" inode=1574957 dev=8:2 mode=100963 ouid=0 ogid=0 rdev=0:0 nametype=NORMAL cap_fp=0 cap_fi=0 cap_fe=0 cap_fver=0 cap_frootid=0OUID="root" OGID="root"
type=EXECVE msg=audit(1769928628.507:8137): argc=2 a0="dirname" a1="/usr/bin/lesspipe"
type=CWD msg=audit(1769928649.210:8159): cwd="/root"
type=USER_END msg=audit(1769928952.239:5613): pid=8317 uid=0 auid=0 ses=5 subj=unconfined msg='op=PAM:session_close grantors=pam_loginuid,pam_env,pam_env,pam_permit,pam_umask,pam_unix,pam_limits acct="root" exe="/usr/bin/last" hostname=? addr=? terminal=cron res=success'UID="root" AUID="root"
type=PATH msg=audit(1769929315.443:5810): item=1 name="/lib64/ld-linux-x86-64.so.2" inode=1575782 dev=8:2 mode=100261 ouid=0 ogid=0 rdev=0:0 nametype=NORMAL cap_fp=0 cap_fi=0 cap_fe=0 cap_fver=0 cap_frootid=0OUID="root" OGID="root"
type=EXECVE msg=audit(1769928530.836:9512): argc=2 a0="basename" a1="/usr/bin/lesspipe"
type=PROCTITLE msg=audit(1769928545.1218:8073): proctitle=707300617578
type=SYSCALL msg=audit(1769929041.842:8349): arch=c000003e syscall=59 success=yes exit=0 a0=64cc6722ceb0 a1=64cc67320e40 a2=64cc6731a630 a3=64cc67320e40 items=3 ppid=7202 pid=9376 auid=1414 uid=1065 gid=683 euid=1013 suid=1457 fsuid=1285 egid=816 sgid=1100 fsgid=509 tty=pts0 ses=3 comm="sh" exe="/usr/bin/python3" subj=unconfined key="process_exec"ARCH=x86_64 SYSCALL=execve AUID="heroic" UID="heroic" GID="heroic" EUID="heroic" SUID="heroic" FSUID="heroic" EGID="heroic" SGID="heroic" FSGID="heroic"
type=SYSCALL msg=audit(1769928530.461:9089): arch=c000003e syscall=59 success=yes exit=0 a0=5805f9588b68 a1=5805f9598ba0 a2=5805f95ab340 a3=64 items=2 ppid=7802 pid=5501 auid=692 uid=0 gid=0 euid=0 suid=0 fsuid=0 egid=0 sgid=0 fsgid=0 tty=pts4 ses=3 comm="netstat" exe="/usr/bin/df" subj=unconfined key="process_exec"ARCH=x86_64 SYSCALL=execve AUID="heroic" UID="root" GID="root" EUID="root" SUID="root" FSUID="root" EGID="root" SGID="root" FSGID="root"
type=USER_CMD msg=audit(1769929324.263:8072): pid=1142 uid=1085 auid=1340 ses=3 subj=unconfined msg='cwd="/usr/local/bin" cmd="whoami" exe="/usr/bin/sort" terminal=pts/0 res=success'UID="heroic" AUID="heroic"
type=PROCTITLE msg=audit(1769928507.558:9755): proctitle=726D646972002F746D702F686964735F6D616C6963696F7573
type=PATH msg=audit(1769928877.86:5370): item=0 name="/etc/cron.d/" inode=1703918 dev=8:2 mode=40654 ouid=0 ogid=0 rdev=0:0 nametype=PARENT cap_fp=0 cap_fi=0 cap_fe=0 cap_fver=0 cap_frootid=0OUID="root" OGID="root"
type=EXECVE msg=audit(1769929087.48:9137): argc=58 a0="rm" a1="-f" a2="file_10.dat" a3="file_11.dat" a4="file_12.dat" a5="file_13.dat" a6="file_14.dat" a7="file_15.dat" a8="file_16.dat" a9="file_17.dat" a10="file_18.dat" a11="file_19.dat" a12="file_1.dat" a13="file_20.dat" a14="file_21.dat" a15="file_22.dat" a16="file_23.dat" a17="file_24.dat" a18="file_25.dat" a19="file_26.dat" a20="file_27.dat" a21="file_28.dat" a22="file_29.dat" a23="file_2.dat" a24="file_30.dat" a25="file_31.dat" a26="file_32.dat" a27="file_33.dat" a28="file_34.dat" a29="file_35.dat" a30="file_36.dat" a31="file_37.dat" a32="file_38.dat" a33="file_39.dat" a34="file_3.dat" a35="file_40.dat" a36="file_41.dat" a37="file_42.dat" a38="file_43.dat" a39="file_44.dat" a40="file_45.dat" a41="file_46.dat" a42="file_47.dat" a43="file_48.dat" a44="file_49.dat" a45="file_4.dat" a46="file_50.dat" a47="file_5.dat" a48="file_6.dat" a49="file_7.dat" a50="file_8.dat" a51="file_9.dat" a52="payload.sh" a53="recon.txt" a54="netstat.txt" a55="processes.txt" a56="sudo_enum.txt" a57="sudo_test.txt"
type=CWD msg=audit(1769928605.1075:8895): cwd="/root"
type=USER_ACCT msg=audit(1769928464.775:9850): pid=6838 uid=1120 auid=1360 ses=3 subj=unconfined msg='op=PAM:accounting grantors=pam_permit,pam_localuser acct="heroic" exe="/usr/bin/sudo" hostname=? addr=? terminal=/dev/pts/0 res=success'UID="heroic" AUID="heroic"
type=CWD msg=audit(1769928786.328:9099): cwd="/tmp"
type=EXECVE msg=audit(1769928521.964:8708): argc=2 a0="dircolors" a1="-b"
type=PATH msg=audit(1769929106.376:7543): item=0 name="/usr/bin/sed" inode=1573956 dev=8:2 mode=100296 ouid=0 ogid=0 rdev=0:0 nametype=NORMAL cap_fp=0 cap_fi=0 cap_fe=0 cap_fver=0 cap_frootid=0OUID="root" OGID="root"
type=CWD msg=audit(1769929372.376:5067): cwd="/root"
type=SYSCALL msg=audit(1769928737.251:8854): arch=c000003e syscall=59 success=yes exit=0 a0=5eaf7e164a00 a1=7ffd4a156670 a2=7ffd4a157088 a3=0 items=2 ppid=5963 pid=8715 auid=4294967707 uid=0 gid=0 euid=0 suid=0 fsuid=0 egid=0 sgid=0 fsgid=0 tty=(none) ses=4294966936 comm="sh" exe="/usr/bin/sed" subj=unconfined key="process_exec"ARCH=x86_64 SYSCALL=execve AUID="unset" UID="root" GID="root" EUID="root" SUID="root" FSUID="root" EGID="root" SGID="root" FSGID="root"
type=USER_START msg=audit(1769928568.89:5893): pid=5919 uid=0 auid=635 ses=5 subj=unconfined msg='op=PAM:session_open grantors=pam_limits,pam_env,pam_env,pam_permit,pam_umask,pam_unix acct="root" exe="/usr/bin/tail" hostname=? addr=? terminal=/dev/pts/1 res=success'UID="root" AUID="heroic"
type=PROCTITLE msg=audit(1769928990.957:7371): proctitle=726D002D66002F6574632F63726F6E2E642F686964735F70657273697374
type=SYSCALL msg=audit(1769928687.163:6344): arch=c000003e syscall=59 success=yes exit=0 a0=5df8b09ddb68 a1=5df8b09edba0 a2=5df8b0a007a0 a3=64 items=2 ppid=9450 pid=4751 auid=1478 uid=0 gid=0 euid=0 suid=0 fsuid=0 egid=0 sgid=0 fsgid=0 tty=pts4 ses=3 comm="sort" exe="/usr/bin/last" subj=unconfined key="process_exec"ARCH=x86_64 SYSCALL=execve AUID="heroic" UID="root" GID="root" EUID="root" SUID="root" FSUID="root" EGID="root" SGID="root" FSGID="root"
type=PATH msg=audit(1769928641.167:9021): item=1 name="/lib64/ld-linux-x86-64.so.2" inode=1575559 dev=8:2 mode=100705 ouid=0 ogid=0 rdev=0:0 nametype=NORMAL cap_fp=0 cap_fi=0 cap_fe=0 cap_fver=0 cap_frootid=0OUID="root" OGID="root"
type=PROCTITLE msg=audit(1769928560.84:9536): proctitle="whoami"
type=CWD msg=audit(1769929336.828:9232): cwd="/usr/local/bin"
type=PROCTITLE msg=audit(1769929336.384:6879): proctitle=7373002D74756C6E70
type=USER_START msg=audit(1769928952.93:8019): pid=4285 uid=881 auid=794 ses=5 subj=unconfined msg='op=PAM:session_open grantors=pam_limits,pam_env,pam_env,pam_permit,pam_umask,pam_unix acct="root" exe="/usr/bin/sed" hostname=? addr=? terminal=/dev/pts/0 res=success'UID="heroic" AUID="heroic"
type=PATH msg=audit(1769929055.95:8179): item=1 name="/lib64/ld-linux-x86-64.so.2" inode=1575647 dev=8:2 mode=100639 ouid=0 ogid=0 rdev=0:0 nametype=NORMAL cap_fp=0 cap_fi=0 cap_fe=0 cap_fver=0 cap_frootid=0OUID="root" OGID="root"
type=PROCTITLE msg=audit(1769928622.1070:8958): proctitle="whoami"
type=CWD msg=audit(1769929410.501:9899): cwd="/tmp"
type=PATH msg=audit(1769928653.255:9321): item=0 name="/etc/cron.d/" inode=1703705 dev=8:2 mode=41077 ouid=0 ogid=0 rdev=0:0 nametype=PARENT cap_fp=0 cap_fi=0 cap_fe=0 cap_fver=0 cap_frootid=0OUID="root" OGID="root"
type=PROCTITLE msg=audit(1769928717.595:4556): proctitle=746565002F6574632F63726F6E2E642F686964735F70657273697374
type=USER_CMD msg=audit(1769928717.606:8716): pid=8122 uid=1066 auid=1124 ses=3 subj=unconfined msg='cwd="/root" cmd=726D202D66202F6574632F63726F6E2E642F686964735F70657273697374 exe="/usr/bin/sed" terminal=pts/0 res=success'UID="heroic" AUID="heroic"
type=CRED_DISP msg=audit(1769928467.610:9282): pid=7060 uid=655 auid=1460 ses=3 subj=unconfined msg='op=PAM:setcred grantors=pam_permit acct="root" exe="/usr/bin/python3" hostname=? addr=? terminal=/dev/pts/0 res=success'UID="heroic" AUID="heroic"
type=SYSCALL msg=audit(1769928560.998:8031): arch=c000003e syscall=59 success=yes exit=0 a0=64e1754cf4f0 a1=64e1754d0630 a2=64e1754c38f0 a3=64e1754d0630 items=2 ppid=996 pid=7678 auid=1020 uid=914 gid=1169 euid=0 suid=0 fsuid=0 egid=1215 sgid=1301 fsgid=737 tty=pts0 ses=3 comm="sort" exe="/usr/bin/netstat" subj=unconfined key="process_exec"ARCH=x86_64 SYSCALL=execve AUID="heroic" UID="heroic" GID="heroic" EUID="root" SUID="root" FSUID="root" EGID="heroic" SGID="heroic" FSGID="heroic"
type=USER_START msg=audit(1769929142.923:4699): pid=9204 uid=0 auid=1158 ses=3 subj=unconfined msg='op=PAM:session_open grantors=pam_limits,pam_env,pam_env,pam_permit,pam_umask,pam_unix acct="root" exe="/usr/bin/last" hostname=? addr=? terminal=/dev/pts/2 res=success'UID="root" AUID="heroic"
type=SYSCALL msg=audit(1769929337.933:5000): arch=c000003e syscall=59 success=yes exit=0 a0=64e1754ccb60 a1=64e1754cd210 a2=64e1754c38f0 a3=64e1754cd210 items=2 ppid=3182 pid=9546 auid=1203 uid=987 gid=1372 euid=523 suid=1091 fsuid=1056 egid=1023 sgid=600 fsgid=690 tty=pts0 ses=3 comm="sort" exe="/usr/bin/tail" subj=unconfined key="process_exec"ARCH=x86_64 SYSCALL=execve AUID="heroic" UID="heroic" GID="heroic" EUID="heroic" SUID="heroic" FSUID="heroic" EGID="heroic" SGID="heroic" FSGID="heroic"
type=PATH msg=audit(1769928925.294:10333): item=1 name="/lib64/ld-linux-x86-64.so.2" inode=1574897 dev=8:2 mode=101157 ouid=0 ogid=0 rdev=0:0 nametype=NORMAL cap_fp=0 cap_fi=0 cap_fe=0 cap_fver=0 cap_frootid=0OUID="root" OGID="root"
type=USER_CMD msg=audit(1769929372.363:8531): pid=2400 uid=1350 auid=1428 ses=3 subj=unconfined msg='cwd="/home/heroic" cmd="whoami" exe="/usr/bin/python3" terminal=pts/0 res=success'UID="heroic" AUID="heroic"
type=PATH msg=audit(1769929012.403:5456): item=0 name="/usr/bin/id" inode=1577984 dev=8:2 mode=100326 ouid=0 ogid=0 rdev=0:0 nametype=NORMAL cap_fp=0 cap_fi=0 cap_fe=0 cap_fver=0 cap_frootid=0OUID="root" OGID="root"
type=PATH msg=audit(1769929101.51:5120): item=0 name="/usr/libexec/nm-dispatcher" inode=1586201 dev=8:2 mode=100419 ouid=0 ogid=0 rdev=0:0 nametype=NORMAL cap_fp=0 cap_fi=0 cap_fe=0 cap_fver=0 cap_frootid=0OUID="root" OGID="root"
type=CWD msg=audit(1769929039.52:8085): cwd="/tmp"
type=USER_CMD msg=audit(1769928979.164:8984): pid=5110 uid=1475 auid=1324 ses=3 subj=unconfined msg='cwd="/root" cmd=746565202F6574632F63726F6E2E642F686964735F70657273697374 exe="/usr/bin/netstat" terminal=pts/0 res=success'UID="heroic" AUID="heroic"
type=SYSCALL msg=audit(1769928542.97:8541): arch=c000003e syscall=59 success=yes exit=0 a0=64e1754c9e20 a1=64e1754cf330 a2=64e1754c38f0 a3=8 items=2 ppid=869 pid=9606 auid=711 uid=682 gid=1086 euid=953 suid=705 fsuid=1111 egid=624 sgid=846 fsgid=1295 tty=pts0 ses=3 comm="ss" exe="/usr/bin/sed" subj=unconfined key="process_exec"ARCH=x86_64 SYSCALL=execve AUID="heroic" UID="heroic" GID="heroic" EUID="heroic" SUID="heroic" FSUID="heroic" EGID="heroic" SGID="heroic" FSGID="heroic"
type=SYSCALL msg=audit(1769928762.1004:5145): arch=c000003e syscall=59 success=yes exit=0 a0=5da302dccf10 a1=5da302dc8880 a2=5da302dc08f0 a3=5da302dc8880 items=2 ppid=4044 pid=6488 auid=603 uid=775 gid=977 euid=1364 suid=1374 fsuid=708 egid=1172 sgid=1244 fsgid=1166 tty=pts0 ses=3 comm="sort" exe="/usr/bin/sudo" subj=unconfined key="process_exec"ARCH=x86_64 SYSCALL=execve AUID="heroic" UID="heroic" GID="heroic" EUID="heroic" SUID="heroic" FSUID="heroic" EGID="heroic" SGID="heroic" FSGID="heroic"
type=EXECVE msg=audit(1769929190.392:5492): argc=3 a0="run-parts" a1="--report" a2="/etc/cron.hourly"
type=EXECVE msg=audit(1769929098.102:5837): argc=2 a0="ss" a1="-tulnp"
type=SYSCALL msg=audit(1769929030.442:5933): arch=c000003e syscall=59 success=yes exit=0 a0=5da302dc88c0 a1=5da302dccab0 a2=5da302dc08f0 a3=5da302dc7a40 items=2 ppid=5937 pid=1698 auid=1204 uid=1465 gid=922 euid=531 suid=602 fsuid=1418 egid=1150 sgid=551 fsgid=1246 tty=pts0 ses=3 comm="tail" exe="/usr/bin/sed" subj=unconfined key="process_exec"ARCH=x86_64 SYSCALL=execve AUID="heroic" UID="heroic" GID="heroic" EUID="heroic" SUID="heroic" FSUID="heroic" EGID="heroic" SGID="heroic" FSGID="heroic"
type=PATH msg=audit(1769929103.611:8772): item=0 name="/usr/bin/rm" inode=1577870 dev=8:2 mode=100977 ouid=0 ogid=0 rdev=0:0 nametype=NORMAL cap_fp=0 cap_fi=0 cap_fe=0 cap_fver=0 cap_frootid=0OUID="root" OGID="root"
type=EXECVE msg=audit(1769928919.1036:4335): argc=3 a0="mkdir" a1="-p" a2="/tmp/hids_malicious"
type=PATH msg=audit(1769928615.996:9363): item=1 name="/lib64/ld-linux-x86-64.so.2" inode=1575535 dev=8:2 mode=100567 ouid=0 ogid=0 rdev=0:0 nametype=NORMAL cap_fp=0 cap_fi=0 cap_fe=0 cap_fver=0 cap_frootid=0OUID="root" OGID="root"
type=SYSCALL msg=audit(1769929106.6:7179): arch=c000003e syscall=59 success=yes exit=0 a0=5da302dcc410 a1=5da302dc7360 a2=5da302dc08f0 a3=5da302dc7b20 items=2 ppid=10116 pid=6435 auid=1432 uid=1224 gid=954 euid=639 suid=918 fsuid=1313 egid=988 sgid=766 fsgid=512 tty=pts0 ses=3 comm="sudo" exe="/usr/bin/df" subj=unconfined key="process_exec"ARCH=x86_64 SYSCALL=execve AUID="heroic" UID="heroic" GID="heroic" EUID="heroic" SUID="heroic" FSUID="heroic" EGID="heroic" SGID="heroic" FSGID="heroic"
type=EXECVE msg=audit(1769928794.387:6582): argc=1 a0="id"
type=PROCTITLE msg=audit(1769929143.605:4089): proctitle=2F7573722F62696E2F677067002D2D76657273696F6E
type=PATH msg=audit(1769928814.4:7474): item=0 name="/usr/lib/sysstat/sa1" inode=1582379 dev=8:2 mode=100761 ouid=0 ogid=0 rdev=0:0 nametype=NORMAL cap_fp=0 cap_fi=0 cap_fe=0 cap_fver=0 cap_frootid=0OUID="root" OGID="root"
type=SYSCALL msg=audit(1769929026.50:7974): arch=c000003e syscall=59 success=yes exit=0 a0=5da302dc86e0 a1=5da302dcea80 a2=5da302dc08f0 a3=1 items=2 ppid=5471 pid=6879 auid=1207 uid=979 gid=908 euid=868 suid=626 fsuid=1141 egid=946 sgid=549 fsgid=1140 tty=pts0 ses=3 comm="sed" exe="/usr/bin/python3" subj=unconfined key="process_exec"ARCH=x86_64 SYSCALL=execve AUID="heroic" UID="heroic" GID="heroic" EUID="heroic" SUID="heroic" FSUID="heroic" EGID="heroic" SGID="heroic" FSGID="heroic"
type=PATH msg=audit(1769928898.1126:5185): item=1 name="/lib64/ld-linux-x86-64.so.2" inode=1575505 dev=8:2 mode=100876 ouid=0 ogid=0 rdev=0:0 nametype=NORMAL cap_fp=0 cap_fi=0 cap_fe=0 cap_fver=0 cap_frootid=0OUID="root" OGID="root"
type=CWD msg=audit(1769929139.996:7908): cwd="/home/heroic"
type=PATH msg=audit(1769928716.420:4901): item=1 name="/lib64/ld-linux-x86-64.so.2" inode=1574855 dev=8:2 mode=101028 ouid=0 ogid=0 rdev=0:0 nametype=NORMAL cap_fp=0 cap_fi=0 cap_fe=0 cap_fver=0 cap_frootid=0OUID="root" OGID="root"
type=PATH msg=audit(1769929062.945:5607): item=0 name="/usr/bin/sudo" inode=1574648 dev=8:2 mode=104521 ouid=0 ogid=0 rdev=0:0 nametype=NORMAL cap_fp=0 cap_fi=0 cap_fe=0 cap_fver=0 cap_frootid=0OUID="root" OGID="root"
type=PATH msg=audit(1769928689.555:5660): item=1 name="/lib64/ld-linux-x86-64.so.2" inode=1575546 dev=8:2 mode=100615 ouid=0 ogid=0 rdev=0:0 nametype=NORMAL cap_fp=0 cap_fi=0 cap_fe=0 cap_fver=0 cap_frootid=0OUID="root" OGID="root"
type=EXECVE msg=audit(1769929093.897:8010): argc=2 a0="tee" a1="/etc/cron.d/hids_persist"
type=BPRM_FCAPS msg=audit(1769929185.604:6704): fver=0 fp=0 fi=0 fe=0 old_pp=000001ffffffffff old_pi=0 old_pe=000001ffffffffff old_pa=0 pp=000001f3fdfeffff pi=0 pe=000001f3fdfeffff pa=0 frootid=0
type=PROCTITLE msg=audit(1769928417.657:6812): proctitle=2F62696E2F62617368002E2F6D616C6963696F75735F6C6F63616C2E7368
type=PATH msg=audit(1769929058.413:5066): item=0 name="/usr/bin/tee" inode=1577663 dev=8:2 mode=100299 ouid=0 ogid=0 rdev=0:0 nametype=NORMAL cap_fp=0 cap_fi=0 cap_fe=0 cap_fver=0 cap_frootid=0OUID="root" OGID="root"
type=PATH msg=audit(1769928853.910:3763): item=1 name="/lib64/ld-linux-x86-64.so.2" inode=1575050 dev=8:2 mode=101242 ouid=0 ogid=0 rdev=0:0 nametype=NORMAL cap_fp=0 cap_fi=0 cap_fe=0 cap_fver=0 cap_frootid=0OUID="root" OGID="root"
type=PATH msg=audit(1769929369.742:9918): item=0 name="/bin/sh" inode=1573732 dev=8:2 mode=100968 ouid=0 ogid=0 rdev=0:0 nametype=NORMAL cap_fp=0 cap_fi=0 cap_fe=0 cap_fver=0 cap_frootid=0OUID="root" OGID="root"
type=PATH msg=audit(1769928417.485:9666): item=1 name="/lib64/ld-linux-x86-64.so.2" inode=1575049 dev=8:2 mode=101032 ouid=0 ogid=0 rdev=0:0 nametype=NORMAL cap_fp=0 cap_fi=0 cap_fe=0 cap_fver=0 cap_frootid=0OUID="root" OGID="root"
type=PATH msg=audit(1769928974.484:4383): item=1 name="/lib64/ld-linux-x86-64.so.2" inode=1575198 dev=8:2 mode=100875 ouid=0 ogid=0 rdev=0:0 nametype=NORMAL cap_fp=0 cap_fi=0 cap_fe=0 cap_fver=0 cap_frootid=0OUID="root" OGID="root"
type=EXECVE msg=audit(1769929173.435:8923): argc=2 a0="tee" a1="/etc/cron.d/hids_persist"
type=EXECVE msg=audit(1769928437.1278:6449): argc=3 a0="mkdir" a1="-p" a2="/tmp/hids_malicious"
type=SERVICE_STOP msg=audit(1769928633.244:8736): pid=6866 uid=0 auid=4294967225 ses=4294967063 subj=unconfined msg='unit=fwupd-refresh comm="netstat" exe="/usr/bin/python3" hostname=? addr=? terminal=? res=success'UID="root" AUID="unset"
type=USER_CMD msg=audit(1769928648.175:7492): pid=8297 uid=583 auid=705 ses=3 subj=unconfined msg='cwd="/home/heroic" cmd="whoami" exe="/usr/bin/df" terminal=pts/0 res=success'UID="heroic" AUID="heroic"
type=CWD msg=audit(1769928796.433:7735): cwd="/var/ossec"
type=CWD msg=audit(1769928484.760:8482): cwd=2F746D702F686964735F6D616C6963696F7573202864656C6574656429
type=SYSCALL msg=audit(1769929159.133:5401): arch=c000003e syscall=59 success=yes exit=0 a0=5da302dcc410 a1=5da302dc86e0 a2=5da302dc08f0 a3=8 items=2 ppid=6746 pid=7546 auid=1097 uid=1343 gid=986 euid=1270 suid=1026 fsuid=1168 egid=1376 sgid=687 fsgid=776 tty=pts0 ses=3 comm="last" exe="/usr/bin/sort" subj=unconfined key="process_exec"ARCH=x86_64 SYSCALL=execve AUID="heroic" UID="heroic" GID="heroic" EUID="heroic" SUID="heroic" FSUID="heroic" EGID="heroic" SGID="heroic" FSGID="heroic"
type=PATH msg=audit(1769929226.425:4940): item=0 name="/usr/bin/sleep" inode=1577932 dev=8:2 mode=100935 ouid=0 ogid=0 rdev=0:0 nametype=NORMAL cap_fp=0 cap_fi=0 cap_fe=0 cap_fver=0 cap_frootid=0OUID="root" OGID="root"
type=EXECVE msg=audit(1769929164.1145:8283): argc=3 a0="sudo" a1="tee" a2="/etc/cron.d/hids_persist"
type=CWD msg=audit(1769929149.1179:7543): cwd="/tmp"
type=CRED_DISP msg=audit(1769928507.759:8757): pid=4268 uid=763 auid=1315 ses=3 subj=unconfined msg='op=PAM:setcred grantors=pam_permit acct="root" exe="/usr/bin/python3" hostname=? addr=? terminal=/dev/pts/0 res=success'UID="heroic" AUID="heroic"
type=PATH msg=audit(1769928656.856:8592): item=0 name="/usr/bin/sudo" inode=1574610 dev=8:2 mode=104694 ouid=0 ogid=0 rdev=0:0 nametype=NORMAL cap_fp=0 cap_fi=0 cap_fe=0 cap_fver=0 cap_frootid=0OUID="root" OGID="root"
type=EXECVE msg=audit(1769929134.430:5829): argc=1 a0="/usr/libexec/nm-dispatcher"
type=PROCTITLE msg=audit(1769929368.141:8037): proctitle=646972636F6C6F7273002D62
type=EXECVE msg=audit(1769928899.126:4781): argc=3 a0="chmod" a1="+x" a2="payload.sh"
type=USER_ACCT msg=audit(1769928517.650:7372): pid=9505 uid=923 auid=912 ses=3 subj=unconfined msg='op=PAM:accounting grantors=pam_permit,pam_localuser acct="heroic" exe="/usr/bin/df" hostname=? addr=? terminal=/dev/pts/0 res=success'UID="heroic" AUID="heroic"
type=SYSCALL msg=audit(1769929007.978:7283): arch=c000003e syscall=59 success=yes exit=0 a0=64e1754cff30 a1=64e1754cff10 a2=64e1754c38f0 a3=64e1754cff10 items=2 ppid=8738 pid=10044 auid=811 uid=1138 gid=875 euid=0 suid=0 fsuid=0 egid=526 sgid=730 fsgid=1205 tty=pts0 ses=3 comm="sudo" exe="/bin/sh" subj=unconfined key="process_exec"ARCH=x86_64 SYSCALL=execve AUID="heroic" UID="heroic" GID="heroic" EUID="root" SUID="root" FSUID="root" EGID="heroic" SGID="heroic" FSGID="heroic"
type=EXECVE msg=audit(1769929011.1399:8391): argc=2 a0="/bin/sh" a1="/usr/bin/lesspipe"
type=SYSCALL msg=audit(1769929242.1362:5021): arch=c000003e syscall=59 success=yes exit=0 a0=7ffea52a8950 a1=7ffea52a8970 a2=7ffea52a9460 a3=8 items=2 ppid=9790 pid=6342 auid=4294967321 uid=0 gid=0 euid=0 suid=0 fsuid=0 egid=0 sgid=0 fsgid=0 tty=(none) ses=4294967361 comm="sudo" exe="/usr/bin/netstat" subj=unconfined key="process_exec"ARCH=x86_64 SYSCALL=execve AUID="unset" UID="root" GID="root" EUID="root" SUID="root" FSUID="root" EGID="root" SGID="root" FSGID="root"
type=CWD msg=audit(1769928663.945:9555): cwd=2F746D702F686964735F6D616C6963696F7573202864656C6574656429
type=PATH msg=audit(1769928696.280:9314): item=0 name="/usr/bin/bash" inode=1573100 dev=8:2 mode=100282 ouid=0 ogid=0 rdev=0:0 nametype=NORMAL cap_fp=0 cap_fi=0 cap_fe=0 cap_fver=0 cap_frootid=0OUID="root" OGID="root"
type=PROCTITLE msg=audit(1769928468.1001:7734): proctitle="bash"
type=EXECVE msg=audit(1769928606.675:3857): argc=3 a0="curl" a1="-s" a2="file:///tmp/hids_malicious/payload.sh"
type=PATH msg=audit(1769928627.447:8106): item=0 name="/usr/bin/sudo" inode=1574516 dev=8:2 mode=104662 ouid=0 ogid=0 rdev=0:0 nametype=NORMAL cap_fp=0 cap_fi=0 cap_fe=0 cap_fver=0 cap_frootid=0OUID="root" OGID="root"
type=PATH msg=audit(1769929136.1273:3855): item=0 name="/etc/cron.d/" inode=1703740 dev=8:2 mode=40408 ouid=0 ogid=0 rdev=0:0 nametype=PARENT cap_fp=0 cap_fi=0 cap_fe=0 cap_fver=0 cap_frootid=0OUID="root" OGID="root"
type=CWD msg=audit(1769928608.141:4420): cwd="/home/heroic"
type=EXECVE msg=audit(1769928443.1195:7664): argc=2 a0="ps" a1="aux"
type=SERVICE_START msg=audit(1769928973.557:5624): pid=3867 uid=0 auid=4294967757 ses=4294967316 subj=unconfined msg='unit=systemd-tmpfiles-clean comm="ss" exe="/usr/bin/sed" hostname=? addr=? terminal=? res=success'UID="root" AUID="unset"
type=PATH msg=audit(1769928883.738:4331): item=0 name="/usr/bin/whoami" inode=1577974 dev=8:2 mode=100373 ouid=0 ogid=0 rdev=0:0 nametype=NORMAL cap_fp=0 cap_fi=0 cap_fe=0 cap_fver=0 cap_frootid=0OUID="root" OGID="root"
type=PROCTITLE msg=audit(1769929333.1239:7373): proctitle=6375726C002D730066696C653A2F2F2F746D702F686964735F6D616C6963696F75732F7061796C6F61642E7368
type=SYSCALL msg=audit(1769928608.737:6836): arch=c000003e syscall=59 success=yes exit=0 a0=64e1754cf190 a1=64e1754d0b60 a2=64e1754c38f0 a3=64e1754d0b60 items=2 ppid=1100 pid=7900 auid=1178 uid=1436 gid=616 euid=0 suid=0 fsuid=0 egid=692 sgid=1265 fsgid=994 tty=pts0 ses=3 comm="ss" exe="/usr/bin/df" subj=unconfined key="process_exec"ARCH=x86_64 SYSCALL=execve AUID="heroic" UID="heroic" GID="heroic" EUID="root" SUID="root" FSUID="root" EGID="heroic" SGID="heroic" FSGID="heroic"
type=PROCTITLE msg=audit(1769928438.686:7705): proctitle=6D6B646972002D70002F746D702F686964735F6D616C6963696F7573
type=CWD msg=audit(1769929285.822:8544): cwd="/var/ossec"
type=SYSCALL msg=audit(1769928957.821:5134): arch=c000003e syscall=292 success=yes exit=3 a0=ffffff9c a1=7ffe043b172c a2=631 a3=1b6 items=2 ppid=2093 pid=9186 auid=1338 uid=0 gid=0 euid=0 suid=0 fsuid=0 egid=0 sgid=0 fsgid=0 tty=pts1 ses=3 comm="sh" exe="/usr/bin/sudo" subj=unconfined key="persistence"ARCH=x86_64 SYSCALL=openat AUID="heroic" UID="root" GID="root" EUID="root" SUID="root" FSUID="root" EGID="root" SGID="root" FSGID="root"
type=SYSCALL msg=audit(1769929311.1180:9102): arch=c000003e syscall=59 success=yes exit=0 a0=557171056148 a1=557171056228 a2=557171056270 a3=0 items=2 ppid=3658 pid=6752 auid=4294967430 uid=0 gid=0 euid=0 suid=0 fsuid=0 egid=0 sgid=0 fsgid=0 tty=(none) ses=4294967751 comm="sh" exe="/usr/bin/tail" subj=unconfined key="process_exec"ARCH=x86_64 SYSCALL=execve AUID="unset" UID="root" GID="root" EUID="root" SUID="root" FSUID="root" EGID="root" SGID="root" FSGID="root"
type=PROCTITLE msg=audit(1769929088.1267:9341): proctitle=726D002D660066696C655F31302E6461740066696C655F31312E6461740066696C655F31322E6461740066696C655F31332E6461740066696C655F31342E6461740066696C655F31352E6461740066696C655F31362E6461740066696C655F31372E6461740066696C655F31382E6461740066696C655F31392E646174006669
type=USER_START msg=audit(1769928667.943:9924): pid=4785 uid=630 auid=1043 ses=3 subj=unconfined msg='op=PAM:session_open grantors=pam_limits,pam_env,pam_env,pam_permit,pam_umask,pam_unix acct="root" exe="/bin/sh" hostname=? addr=? terminal=/dev/pts/0 res=success'UID="heroic" AUID="heroic"
type=PATH msg=audit(1769928657.54:6701): item=1 name="/lib64/ld-linux-x86-64.so.2" inode=1575204 dev=8:2 mode=100778 ouid=0 ogid=0 rdev=0:0 nametype=NORMAL cap_fp=0 cap_fi=0 cap_fe=0 cap_fver=0 cap_frootid=0OUID="root" OGID="root"
type=PATH msg=audit(1769928740.781:4168): item=1 name="/lib64/ld-linux-x86-64.so.2" inode=1574867 dev=8:2 mode=101212 ouid=0 ogid=0 rdev=0:0 nametype=NORMAL cap_fp=0 cap_fi=0 cap_fe=0 cap_fver=0 cap_frootid=0OUID="root" OGID="root"
type=PATH msg=audit(1769929132.1395:9245): item=0 name="/usr/bin/sudo" inode=1574353 dev=8:2 mode=104501 ouid=0 ogid=0 rdev=0:0 nametype=NORMAL cap_fp=0 cap_fi=0 cap_fe=0 cap_fver=0 cap_frootid=0OUID="root" OGID="root"
type=PATH msg=audit(1769929248.668:8354): item=0 name="/usr/bin/sudo" inode=1574562 dev=8:2 mode=104553 ouid=0 ogid=0 rdev=0:0 nametype=NORMAL cap_fp=0 cap_fi=0 cap_fe=0 cap_fver=0 cap_frootid=0OUID="root" OGID="root"
type=SYSCALL msg=audit(1769928902.1076:4695): arch=c000003e syscall=59 success=yes exit=0 a0=64e1754cd270 a1=64e1754d0f80 a2=64e1754c38f0 a3=64e1754d0f80 items=2 ppid=1986 pid=9606 auid=1399 uid=1393 gid=923 euid=0 suid=0 fsuid=0 egid=868 sgid=1047 fsgid=1425 tty=pts0 ses=3 comm="sort" exe="/usr/bin/python3" subj=unconfined key="process_exec"ARCH=x86_64 SYSCALL=execve AUID="heroic" UID="heroic" GID="heroic" EUID="root" SUID="root" FSUID="root" EGID="heroic" SGID="heroic" FSGID="heroic"
type=PATH msg=audit(1769929157.652:3924): item=1 name="/lib64/ld-linux-x86-64.so.2" inode=1575807 dev=8:2 mode=101254 ouid=0 ogid=0 rdev=0:0 nametype=NORMAL cap_fp=0 cap_fi=0 cap_fe=0 cap_fver=0 cap_frootid=0OUID="root" OGID="root"
type=CRED_REFR msg=audit(1769929342.1005:10255): pid=1211 uid=1079 auid=596 ses=3 subj=unconfined msg='op=PAM:setcred grantors=pam_permit,pam_cap acct="root" exe="/usr/bin/python3" hostname=? addr=? terminal=/dev/pts/0 res=success'UID="heroic" AUID="heroic"
type=EXECVE msg=audit(1769928856.541:5868): argc=2 a0="ss" a1="-tulnp"
type=PATH msg=audit(1769929376.18:8561): item=0 name="/usr/bin/id" inode=1577649 dev=8:2 mode=101035 ouid=0 ogid=0 rdev=0:0 nametype=NORMAL cap_fp=0 cap_fi=0 cap_fe=0 cap_fver=0 cap_frootid=0OUID="root" OGID="root"
type=CRED_REFR msg=audit(1769928512.164:3801): pid=5627 uid=549 auid=770 ses=3 subj=unconfined msg='op=PAM:setcred grantors=pam_permit,pam_cap acct="root" exe="/usr/bin/df" hostname=? addr=? terminal=/dev/pts/0 res=success'UID="heroic" AUID="heroic"
type=EXECVE msg=audit(1769928850.328:6128): argc=1 a0="whoami"
type=PATH msg=audit(1769928598.923:9079): item=0 name="/usr/bin/chmod" inode=1577570 dev=8:2 mode=100646 ouid=0 ogid=0 rdev=0:0 nametype=NORMAL cap_fp=0 cap_fi=0 cap_fe=0 cap_fver=0 cap_frootid=0OUID="root" OGID="root"
type=EXECVE msg=audit(1769928823.649:6254): argc=58 a0="rm" a1="-f" a2="file_10.dat" a3="file_11.dat" a4="file_12.dat" a5="file_13.dat" a6="file_14.dat" a7="file_15.dat" a8="file_16.dat" a9="file_17.dat" a10="file_18.dat" a11="file_19.dat" a12="file_1.dat" a13="file_20.dat" a14="file_21.dat" a15="file_22.dat" a16="file_23.dat" a17="file_24.dat" a18="file_25.dat" a19="file_26.dat" a20="file_27.dat" a21="file_28.dat" a22="file_29.dat" a23="file_2.dat" a24="file_30.dat" a25="file_31.dat" a26="file_32.dat" a27="file_33.dat" a28="file_34.dat" a29="file_35.dat" a30="file_36.dat" a31="file_37.dat" a32="file_38.dat" a33="file_39.dat" a34="file_3.dat" a35="file_40.dat" a36="file_41.dat" a37="file_42.dat" a38="file_43.dat" a39="file_44.dat" a40="file_45.dat" a41="file_46.dat" a42="file_47.dat" a43="file_48.dat" a44="file_49.dat" a45="file_4.dat" a46="file_50.dat" a47="file_5.dat" a48="file_6.dat" a49="file_7.dat" a50="file_8.dat" a51="file_9.dat" a52="payload.sh" a53="recon.txt" a54="netstat.txt" a55="processes.txt" a56="sudo_enum.txt" a57="sudo_test.txt"
type=CWD msg=audit(1769928487.289:6407): cwd="/usr/local/bin"
type=PATH msg=audit(1769928945.275:6107): item=1 name="/lib64/ld-linux-x86-64.so.2" inode=1575400 dev=8:2 mode=100327 ouid=0 ogid=0 rdev=0:0 nametype=NORMAL cap_fp=0 cap_fi=0 cap_fe=0 cap_fver=0 cap_frootid=0OUID="root" OGID="root"
type=EXECVE msg=audit(1769928838.555:6764): argc=2 a0="/usr/bin/fwupdmgr" a1="refresh"
type=CWD msg=audit(1769929376.675:8889): cwd="/home/heroic"
type=PATH msg=audit(1769928454.1285:8334): item=0 name="/usr/bin/ps" inode=1573707 dev=8:2 mode=100994 ouid=0 ogid=0 rdev=0:0 nametype=NORMAL cap_fp=0 cap_fi=0 cap_fe=0 cap_fver=0 cap_frootid=0OUID="root" OGID="root"
type=SYSCALL msg=audit(1769928420.218:6474): arch=c000003e syscall=59 success=yes exit=0 a0=64e1754cb920 a1=64e1754d1250 a2=64e1754c38f0 a3=8 items=2 ppid=1915 pid=7436 auid=673 uid=827 gid=1000 euid=1272 suid=1140 fsuid=890 egid=1023 sgid=557 fsgid=1268 tty=pts0 ses=3 comm="python" exe="/usr/bin/tail" subj=unconfined key="process_exec"ARCH=x86_64 SYSCALL=execve AUID="heroic" UID="heroic" GID="heroic" EUID="heroic" SUID="heroic" FSUID="heroic" EGID="heroic" SGID="heroic" FSGID="heroic"
type=SYSCALL msg=audit(1769928986.743:7072): arch=c000003e syscall=59 success=yes exit=0 a0=61d18ebc0b68 a1=61d18ebd0ba0 a2=61d18ebe37a0 a3=64 items=2 ppid=4045 pid=8020 auid=1166 uid=0 gid=0 euid=0 suid=0 fsuid=0 egid=0 sgid=0 fsgid=0 tty=pts4 ses=3 comm="tail" exe="/usr/bin/sort" subj=unconfined key="process_exec"ARCH=x86_64 SYSCALL=execve AUID="heroic" UID="root" GID="root" EUID="root" SUID="root" FSUID="root" EGID="root" SGID="root" FSGID="root"
type=PROCTITLE msg=audit(1769928668.326:8085): proctitle=63686D6F64002B78007061796C6F61642E7368
type=EXECVE msg=audit(1769929178.134:6570): argc=1 a0="whoami"
type=CRED_REFR msg=audit(1769928755.690:7061): pid=5219 uid=0 auid=0 ses=8 subj=unconfined msg='op=PAM:setcred grantors=pam_permit,pam_cap acct="root" exe="/usr/bin/sort" hostname=? addr=? terminal=cron res=success'UID="root" AUID="root"
type=CWD msg=audit(1769929162.220:4550): cwd="/tmp"
type=PROCTITLE msg=audit(1769929379.173:7071): proctitle=746565002F6574632F63726F6E2E642F686964735F70657273697374
type=EXECVE msg=audit(1769929341.748:10083): argc=2 a0="uname" a1="-a"
type=SYSCALL msg=audit(1769928447.293:6378): arch=c000003e syscall=1 success=yes exit=1 a0=7 a1=7ffeb4c10450 a2=1 a3=0 items=0 ppid=8801 pid=9532 auid=0 uid=0 gid=0 euid=0 suid=0 fsuid=0 egid=0 sgid=0 fsgid=0 tty=(none) ses=5 comm="netstat" exe="/usr/bin/sort" subj=unconfined key=(null)ARCH=x86_64 SYSCALL=write AUID="root" UID="root" GID="root" EUID="root" SUID="root" FSUID="root" EGID="root" SGID="root" FSGID="root"
type=PROCTITLE msg=audit(1769928600.723:5755): proctitle=63686D6F64002B78007061796C6F61642E7368
type=SYSCALL msg=audit(1769928851.22:9946): arch=c000003e syscall=59 success=yes exit=0 a0=5da302dccf30 a1=5da302dc8920 a2=5da302dc08f0 a3=5da302dc8920 items=2 ppid=9449 pid=5242 auid=688 uid=946 gid=554 euid=847 suid=1455 fsuid=599 egid=670 sgid=790 fsgid=650 tty=pts0 ses=3 comm="ss" exe="/usr/bin/sudo" subj=unconfined key="process_exec"ARCH=x86_64 SYSCALL=execve AUID="heroic" UID="heroic" GID="heroic" EUID="heroic" SUID="heroic" FSUID="heroic" EGID="heroic" SGID="heroic" FSGID="heroic"
type=USER_END msg=audit(1769929227.816:8143): pid=1842 uid=1082 auid=834 ses=3 subj=unconfined msg='op=PAM:session_close grantors=pam_limits,pam_env,pam_env,pam_permit,pam_umask,pam_unix acct="root" exe="/bin/sh" hostname=? addr=? terminal=/dev/pts/0 res=success'UID="heroic" AUID="heroic"
type=CWD msg=audit(1769928973.898:9281): cwd="/root"
type=CWD msg=audit(1769928639.407:5425): cwd="/home/heroic"
type=PATH msg=audit(1769929274.719:9124): item=1 name="/lib64/ld-linux-x86-64.so.2" inode=1575153 dev=8:2 mode=101142 ouid=0 ogid=0 rdev=0:0 nametype=NORMAL cap_fp=0 cap_fi=0 cap_fe=0 cap_fver=0 cap_frootid=0OUID="root" OGID="root"
type=PROCTITLE msg=audit(1769928981.441:8097): proctitle=7375646F006370002F7661722F6C6F672F61756469742F61756469742E6C6F67002F726F6F742F4465736B746F702F686964735F646174617365742F7261772F6D616C6963696F75735F72656D6F74652E6C6F67
type=PATH msg=audit(1769928901.747:9070): item=0 name="/usr/bin/rm" inode=1578299 dev=8:2 mode=100941 ouid=0 ogid=0 rdev=0:0 nametype=NORMAL cap_fp=0 cap_fi=0 cap_fe=0 cap_fver=0 cap_frootid=0OUID="root" OGID="root"
type=PATH msg=audit(1769928570.944:6895): item=0 name="/usr/bin/sudo" inode=1574230 dev=8:2 mode=104547 ouid=0 ogid=0 rdev=0:0 nametype=NORMAL cap_fp=0 cap_fi=0 cap_fe=0 cap_fver=0 cap_frootid=0OUID="root" OGID="root"
type=PATH msg=audit(1769928820.600:3645): item=1 name="/lib64/ld-linux-x86-64.so.2" inode=1575507 dev=8:2 mode=100710 ouid=0 ogid=0 rdev=0:0 nametype=NORMAL cap_fp=0 cap_fi=0 cap_fe=0 cap_fver=0 cap_frootid=0OUID="root" OGID="root"
type=PATH msg=audit(1769929265.1279:6945): item=1 name="/lib64/ld-linux-x86-64.so.2" inode=1575577 dev=8:2 mode=101111 ouid=0 ogid=0 rdev=0:0 nametype=NORMAL cap_fp=0 cap_fi=0 cap_fe=0 cap_fver=0 cap_frootid=0OUID="root" OGID="root"
type=CWD msg=audit(1769928752.559:7440): cwd="/usr/local/bin"
type=PATH msg=audit(1769928541.111:7913): item=0 name="/usr/bin/id" inode=1578260 dev=8:2 mode=100351 ouid=0 ogid=0 rdev=0:0 nametype=NORMAL cap_fp=0 cap_fi=0 cap_fe=0 cap_fver=0 cap_frootid=0OUID="root" OGID="root"
type=PATH msg=audit(1769928472.695:9887): item=0 name="/usr/bin/sudo" inode=1574017 dev=8:2 mode=104588 ouid=0 ogid=0 rdev=0:0 nametype=NORMAL cap_fp=0 cap_fi=0 cap_fe=0 cap_fver=0 cap_frootid=0OUID="root" OGID="root"
type=SYSCALL msg=audit(1769929245.325:9156): arch=c000003e syscall=59 success=yes exit=0 a0=56e3bda03990 a1=56e396010600 a2=56e3bda038e8 a3=1 items=2 ppid=4367 pid=7743 auid=1488 uid=0 gid=0 euid=0 suid=0 fsuid=0 egid=0 sgid=0 fsgid=0 tty=pts4 ses=3 comm="df" exe="/bin/sh" subj=unconfined key="process_exec"ARCH=x86_64 SYSCALL=execve AUID="heroic" UID="root" GID="root" EUID="root" SUID="root" FSUID="root" EGID="root" SGID="root" FSGID="root"
type=PATH msg=audit(1769928965.152:5370): item=1 name="/lib64/ld-linux-x86-64.so.2" inode=1574980 dev=8:2 mode=101177 ouid=0 ogid=0 rdev=0:0 nametype=NORMAL cap_fp=0 cap_fi=0 cap_fe=0 cap_fver=0 cap_frootid=0OUID="root" OGID="root"
type=PATH msg=audit(1769929386.580:7340): item=0 name="/usr/bin/sleep" inode=1578407 dev=8:2 mode=100814 ouid=0 ogid=0 rdev=0:0 nametype=NORMAL cap_fp=0 cap_fi=0 cap_fe=0 cap_fver=0 cap_frootid=0OUID="root" OGID="root"
type=EXECVE msg=audit(1769928875.295:6163): argc=2 a0="tee" a1="/etc/cron.d/hids_persist"
type=CWD msg=audit(1769928716.397:7434): cwd="/root"
type=SYSCALL msg=audit(1769928919.493:8931): arch=c000003e syscall=59 success=yes exit=0 a0=5da302dcc870 a1=5da302dcb4d0 a2=5da302dc08f0 a3=5da302dc88a0 items=2 ppid=9689 pid=1356 auid=609 uid=747 gid=1221 euid=601 suid=1279 fsuid=828 egid=1035 sgid=918 fsgid=1486 tty=pts0 ses=3 comm="tail" exe="/usr/bin/tail" subj=unconfined key="process_exec"ARCH=x86_64 SYSCALL=execve AUID="heroic" UID="heroic" GID="heroic" EUID="heroic" SUID="heroic" FSUID="heroic" EGID="heroic" SGID="heroic" FSGID="heroic"
type=PROCTITLE msg=audit(1769928701.648:7234): proctitle=726D002D66002F6574632F63726F6E2E642F686964735F70657273697374
type=PATH msg=audit(1769929062.540:9772): item=0 name="/usr/bin/gpg" inode=1573796 dev=8:2 mode=100744 ouid=0 ogid=0 rdev=0:0 nametype=NORMAL cap_fp=0 cap_fi=0 cap_fe=0 cap_fver=0 cap_frootid=0OUID="root" OGID="root"
type=SYSCALL msg=audit(1769928423.182:4313): arch=c000003e syscall=621 success=yes exit=3 a0=ffffff9c a1=7ffd3ba1772c a2=588 a3=1b6 items=2 ppid=7912 pid=7151 auid=894 uid=0 gid=0 euid=0 suid=0 fsuid=0 egid=0 sgid=0 fsgid=0 tty=pts4 ses=3 comm="ss" exe="/bin/sh" subj=unconfined key="persistence"ARCH=x86_64 SYSCALL=openat AUID="heroic" UID="root" GID="root" EUID="root" SUID="root" FSUID="root" EGID="root" SGID="root" FSGID="root"
type=PATH msg=audit(1769929306.1282:4814): item=0 name="/usr/bin/sudo" inode=1574310 dev=8:2 mode=104865 ouid=0 ogid=0 rdev=0:0 nametype=NORMAL cap_fp=0 cap_fi=0 cap_fe=0 cap_fver=0 cap_frootid=0OUID="root" OGID="root"
type=USER_ACCT msg=audit(1769929033.768:9948): pid=3431 uid=0 auid=519 ses=3 subj=unconfined msg='op=PAM:accounting grantors=pam_permit,pam_localuser acct="root" exe="/usr/bin/tail" hostname=? addr=? terminal=/dev/pts/2 res=success'UID="root" AUID="heroic"
type=PATH msg=audit(1769929237.808:5793): item=1 name="/lib64/ld-linux-x86-64.so.2" inode=1575203 dev=8:2 mode=100649 ouid=0 ogid=0 rdev=0:0 nametype=NORMAL cap_fp=0 cap_fi=0 cap_fe=0 cap_fver=0 cap_frootid=0OUID="root" OGID="root"
type=USER_AUTH msg=audit(1769928858.553:4253): pid=2037 uid=0 auid=781 ses=3 subj=unconfined msg='op=PAM:authentication grantors=pam_rootok acct="root" exe="/usr/bin/sed" hostname=? addr=? terminal=/dev/pts/2 res=success'UID="root" AUID="heroic"
type=SYSCALL msg=audit(1769929018.570:7581): arch=c000003e syscall=59 success=yes exit=0 a0=6006a0801ad8 a1=6006a08018e0 a2=6006a08018f8 a3=1 items=2 ppid=7464 pid=4587 auid=4294967064 uid=0 gid=554 euid=0 suid=0 fsuid=0 egid=197 sgid=227 fsgid=310 tty=(none) ses=4294967643 comm="netstat" exe="/bin/sh" subj=unconfined key="process_exec"ARCH=x86_64 SYSCALL=execve AUID="unset" UID="root" GID="wazuh" EUID="root" SUID="root" FSUID="root" EGID="wazuh" SGID="wazuh" FSGID="wazuh"
type=SYSCALL msg=audit(1769928424.963:6324): arch=c000003e syscall=59 success=yes exit=0 a0=64cc6722ceb0 a1=64cc67320e40 a2=64cc6731a630 a3=64cc67320e40 items=3 ppid=6634 pid=7357 auid=1385 uid=712 gid=1158 euid=1076 suid=1181 fsuid=923 egid=1301 sgid=1328 fsgid=1273 tty=pts0 ses=3 comm="python" exe="/usr/bin/sudo" subj=unconfined key="process_exec"ARCH=x86_64 SYSCALL=execve AUID="heroic" UID="heroic" GID="heroic" EUID="heroic" SUID="heroic" FSUID="heroic" EGID="heroic" SGID="heroic" FSGID="heroic"
type=USER_ACCT msg=audit(1769928691.1200:7272): pid=4908 uid=1075 auid=537 ses=3 subj=unconfined msg='op=PAM:accounting grantors=pam_permit,pam_localuser acct="heroic" exe="/usr/bin/last" hostname=? addr=? terminal=/dev/pts/0 res=success'UID="heroic" AUID="heroic"
type=CWD msg=audit(1769929247.656:5134): cwd="/usr/local/bin"
type=PATH msg=audit(1769928967.1428:4682): item=1 name="/lib64/ld-linux-x86-64.so.2" inode=1574892 dev=8:2 mode=100987 ouid=0 ogid=0 rdev=0:0 nametype=NORMAL cap_fp=0 cap_fi=0 cap_fe=0 cap_fver=0 cap_frootid=0OUID="root" OGID="root"
type=PATH msg=audit(1769928666.5:4108): item=1 name="/lib64/ld-linux-x86-64.so.2" inode=1575753 dev=8:2 mode=101180 ouid=0 ogid=0 rdev=0:0 nametype=NORMAL cap_fp=0 cap_fi=0 cap_fe=0 cap_fver=0 cap_frootid=0OUID="root" OGID="root"
type=EXECVE msg=audit(1769928889.834:7224): argc=2 a0="sleep" a1="90"
type=EXECVE msg=audit(1769929207.292:7229): argc=2 a0="/bin/bash" a1="./malicious_local.sh"
type=PATH msg=audit(1769929197.716:6229): item=1 name="/etc/cron.d/hids_persist" inode=1703928 dev=8:2 mode=100762 ouid=0 ogid=0 rdev=0:0 nametype=DELETE cap_fp=0 cap_fi=0 cap_fe=0 cap_fver=0 cap_frootid=0OUID="root" OGID="root"
type=PATH msg=audit(1769928730.20:7813): item=1 name="/lib64/ld-linux-x86-64.so.2" inode=1575062 dev=8:2 mode=100731 ouid=0 ogid=0 rdev=0:0 nametype=NORMAL cap_fp=0 cap_fi=0 cap_fe=0 cap_fver=0 cap_frootid=0OUID="root" OGID="root"
type=PATH msg=audit(1769928633.275:4722): item=0 name="/usr/bin/sleep" inode=1578066 dev=8:2 mode=100912 ouid=0 ogid=0 rdev=0:0 nametype=NORMAL cap_fp=0 cap_fi=0 cap_fe=0 cap_fver=0 cap_frootid=0OUID="root" OGID="root"
type=CWD msg=audit(1769929215.414:8348): cwd="/usr/local/bin"
type=PATH msg=audit(1769928977.93:6990): item=1 name="/lib64/ld-linux-x86-64.so.2" inode=1575755 dev=8:2 mode=100711 ouid=0 ogid=0 rdev=0:0 nametype=NORMAL cap_fp=0 cap_fi=0 cap_fe=0 cap_fver=0 cap_frootid=0OUID="root" OGID="root"
type=SYSCALL msg=audit(1769928635.58:8612): arch=c000003e syscall=59 success=yes exit=0 a0=5d51d3ac7b90 a1=5d51d3ac7910 a2=5d51d3ac7b38 a3=1 items=2 ppid=4998 pid=2980 auid=4294967679 uid=0 gid=184 euid=0 suid=0 fsuid=0 egid=165 sgid=604 fsgid=113 tty=(none) ses=4294967751 comm="sudo" exe="/usr/bin/sort" subj=unconfined key="process_exec"ARCH=x86_64 SYSCALL=execve AUID="unset" UID="root" GID="wazuh" EUID="root" SUID="root" FSUID="root" EGID="wazuh" SGID="wazuh" FSGID="wazuh"
type=CRED_REFR msg=audit(1769928788.1232:5288): pid=9133 uid=1176 auid=1118 ses=3 subj=unconfined msg='op=PAM:setcred grantors=pam_permit,pam_cap acct="root" exe="/usr/bin/netstat" hostname=? addr=? terminal=/dev/pts/0 res=success'UID="heroic" AUID="heroic"
type=PATH msg=audit(1769928889.717:5440): item=0 name="/usr/bin/rm" inode=1577871 dev=8:2 mode=100983 ouid=0 ogid=0 rdev=0:0 nametype=NORMAL cap_fp=0 cap_fi=0 cap_fe=0 cap_fver=0 cap_frootid=0OUID="root" OGID="root"
type=PATH msg=audit(1769928753.983:7725): item=1 name="/lib64/ld-linux-x86-64.so.2" inode=1575814 dev=8:2 mode=100287 ouid=0 ogid=0 rdev=0:0 nametype=NORMAL cap_fp=0 cap_fi=0 cap_fe=0 cap_fver=0 cap_frootid=0OUID="root" OGID="root"
type=USER_END msg=audit(1769929073.807:5785): pid=9296 uid=0 auid=0 ses=5 subj=unconfined msg='op=PAM:session_close grantors=pam_loginuid,pam_env,pam_env,pam_permit,pam_umask,pam_unix,pam_limits acct="root" exe="/usr/bin/sort" hostname=? addr=? terminal=cron res=success'UID="root" AUID="root"
type=USER_END msg=audit(1769929241.403:7906): pid=5236 uid=1082 auid=572 ses=3 subj=unconfined msg='op=PAM:session_close grantors=pam_limits,pam_env,pam_env,pam_permit,pam_umask,pam_unix acct="root" exe="/usr/bin/netstat" hostname=? addr=? terminal=/dev/pts/0 res=success'UID="heroic" AUID="heroic"
type=CWD msg=audit(1769928523.279:8199): cwd="/var/ossec"
type=PATH msg=audit(1769929072.468:10002): item=0 name="/usr/libexec/nm-dispatcher" inode=1586661 dev=8:2 mode=100632 ouid=0 ogid=0 rdev=0:0 nametype=NORMAL cap_fp=0 cap_fi=0 cap_fe=0 cap_fver=0 cap_frootid=0OUID="root" OGID="root"
type=CWD msg=audit(1769929351.533:5299): cwd="/root"
type=SYSCALL msg=audit(1769928904.130:4679): arch=c000003e syscall=59 success=yes exit=0 a0=56e3bda03990 a1=56e396010600 a2=56e3bda038e8 a3=1 items=2 ppid=6943 pid=9888 auid=1084 uid=0 gid=0 euid=0 suid=0 fsuid=0 egid=0 sgid=0 fsgid=0 tty=pts4 ses=3 comm="netstat" exe="/usr/bin/sed" subj=unconfined key="process_exec"ARCH=x86_64 SYSCALL=execve AUID="heroic" UID="root" GID="root" EUID="root" SUID="root" FSUID="root" EGID="root" SGID="root" FSGID="root"
type=CRED_REFR msg=audit(1769928700.498:5596): pid=8384 uid=1130 auid=1314 ses=3 subj=unconfined msg='op=PAM:setcred grantors=pam_permit,pam_cap acct="root" exe="/usr/bin/sort" hostname=? addr=? terminal=/dev/pts/0 res=success'UID="heroic" AUID="heroic"
type=PATH msg=audit(1769929293.223:5029): item=1 name="/lib64/ld-linux-x86-64.so.2" inode=1575244 dev=8:2 mode=100829 ouid=0 ogid=0 rdev=0:0 nametype=NORMAL cap_fp=0 cap_fi=0 cap_fe=0 cap_fver=0 cap_frootid=0OUID="root" OGID="root"
type=SYSCALL msg=audit(1769928571.17:5863): arch=c000003e syscall=59 success=yes exit=0 a0=64e1754cf850 a1=64e1754c9f00 a2=64e1754c38f0 a3=64e1754c9f00 items=2 ppid=4766 pid=2329 auid=1497 uid=963 gid=695 euid=1055 suid=1214 fsuid=1407 egid=657 sgid=1225 fsgid=785 tty=pts0 ses=3 comm="python" exe="/usr/bin/python3" subj=unconfined key="process_exec"ARCH=x86_64 SYSCALL=execve AUID="heroic" UID="heroic" GID="heroic" EUID="heroic" SUID="heroic" FSUID="heroic" EGID="heroic" SGID="heroic" FSGID="heroic"
type=CRED_REFR msg=audit(1769928451.546:7226): pid=5684 uid=1014 auid=1258 ses=3 subj=unconfined msg='op=PAM:setcred grantors=pam_permit,pam_cap acct="root" exe="/usr/bin/sudo" hostname=? addr=? terminal=/dev/pts/0 res=success'UID="heroic" AUID="heroic"
type=CWD msg=audit(1769929132.158:9754): cwd="/usr/local/bin"
type=CRED_REFR msg=audit(1769929034.870:8215): pid=2572 uid=1063 auid=1128 ses=3 subj=unconfined msg='op=PAM:setcred grantors=pam_permit,pam_cap acct="root" exe="/usr/bin/sudo" hostname=? addr=? terminal=/dev/pts/0 res=success'UID="heroic" AUID="heroic"
type=USER_START msg=audit(1769928791.79:3752): pid=8932 uid=548 auid=1471 ses=3 subj=unconfined msg='op=PAM:session_open grantors=pam_limits,pam_env,pam_env,pam_permit,pam_umask,pam_unix acct="root" exe="/bin/sh" hostname=? addr=? terminal=/dev/pts/0 res=success'UID="heroic" AUID="heroic"
type=PROCTITLE msg=audit(1769929112.1023:4526): proctitle=7375646F006370002F7661722F6C6F672F61756469742F61756469742E6C6F67002F686F6D652F6865726F69632F4465736B746F702F736372697074732D666F722D646174612D67656E65726174696F6E2F
type=CWD msg=audit(1769928934.557:4087): cwd="/root"
type=SYSCALL msg=audit(1769929227.142:9040): arch=c000003e syscall=59 success=yes exit=0 a0=5da302dc7420 a1=5da302dce610 a2=5da302dc08f0 a3=5da302dcc8b0 items=2 ppid=8762 pid=4905 auid=1207 uid=1051 gid=807 euid=1302 suid=549 fsuid=1136 egid=601 sgid=1131 fsgid=1029 tty=pts0 ses=3 comm="python" exe="/usr/bin/sort" subj=unconfined key="process_exec"ARCH=x86_64 SYSCALL=execve AUID="heroic" UID="heroic" GID="heroic" EUID="heroic" SUID="heroic" FSUID="heroic" EGID="heroic" SGID="heroic" FSGID="heroic"
type=CWD msg=audit(1769928702.477:6472): cwd="/var/ossec"
type=PROCTITLE msg=audit(1769928768.297:9383): proctitle=7375646F0077686F616D69
type=USER_START msg=audit(1769929284.583:3801): pid=5385 uid=663 auid=1181 ses=3 subj=unconfined msg='op=PAM:session_open grantors=pam_limits,pam_env,pam_env,pam_permit,pam_umask,pam_unix acct="root" exe="/usr/bin/netstat" hostname=? addr=? terminal=/dev/pts/0 res=success'UID="heroic" AUID="heroic"
type=PATH msg=audit(1769928635.215:4627): item=1 name="/lib64/ld-linux-x86-64.so.2" inode=1575147 dev=8:2 mode=100641 ouid=0 ogid=0 rdev=0:0 nametype=NORMAL cap_fp=0 cap_fi=0 cap_fe=0 cap_fver=0 cap_frootid=0OUID="root" OGID="root"
type=USER_CMD msg=audit(1769928421.62:10080): pid=2104 uid=1196 auid=512 ses=3 subj=unconfined msg='cwd="/var/ossec" cmd=746565202F6574632F63726F6E2E642F686964735F70657273697374 exe="/usr/bin/sed" terminal=pts/0 res=success'UID="heroic" AUID="heroic"
type=PATH msg=audit(1769928478.909:6598): item=0 name="/usr/bin/id" inode=1578225 dev=8:2 mode=100424 ouid=0 ogid=0 rdev=0:0 nametype=NORMAL cap_fp=0 cap_fi=0 cap_fe=0 cap_fver=0 cap_frootid=0OUID="root" OGID="root"
type=CWD msg=audit(1769928580.516:4982): cwd="/var/ossec"
type=SYSCALL msg=audit(1769928865.782:7218): arch=c000003e syscall=59 success=yes exit=0 a0=5eaf7e21a040 a1=5eaf7e185a30 a2=7ffd4a157088 a3=0 items=2 ppid=4527 pid=2729 auid=4294966989 uid=0 gid=0 euid=0 suid=0 fsuid=0 egid=0 sgid=0 fsgid=0 tty=(none) ses=4294967182 comm="tail" exe="/bin/sh" subj=unconfined key="process_exec"ARCH=x86_64 SYSCALL=execve AUID="unset" UID="root" GID="root" EUID="root" SUID="root" FSUID="root" EGID="root" SGID="root" FSGID="root"
type=PATH msg=audit(1769928638.1118:4183): item=0 name="/usr/bin/gpg" inode=1573716 dev=8:2 mode=100259 ouid=0 ogid=0 rdev=0:0 nametype=NORMAL cap_fp=0 cap_fi=0 cap_fe=0 cap_fver=0 cap_frootid=0OUID="root" OGID="root"
type=PATH msg=audit(1769929128.669:6551): item=0 name="/usr/bin/rmdir" inode=1578197 dev=8:2 mode=101090 ouid=0 ogid=0 rdev=0:0 nametype=NORMAL cap_fp=0 cap_fi=0 cap_fe=0 cap_fver=0 cap_frootid=0OUID="root" OGID="root"
type=PATH msg=audit(1769928490.918:4467): item=1 name="/lib64/ld-linux-x86-64.so.2" inode=1574849 dev=8:2 mode=100393 ouid=0 ogid=0 rdev=0:0 nametype=NORMAL cap_fp=0 cap_fi=0 cap_fe=0 cap_fver=0 cap_frootid=0OUID="root" OGID="root"
type=PATH msg=audit(1769928524.886:5887): item=1 name="/lib64/ld-linux-x86-64.so.2" inode=1574987 dev=8:2 mode=101188 ouid=0 ogid=0 rdev=0:0 nametype=NORMAL cap_fp=0 cap_fi=0 cap_fe=0 cap_fver=0 cap_frootid=0OUID="root" OGID="root"
type=CWD msg=audit(1769929194.891:9346): cwd="/home/heroic"
type=PATH msg=audit(1769928963.685:4445): item=0 name="/usr/bin/mkdir" inode=1577783 dev=8:2 mode=100265 ouid=0 ogid=0 rdev=0:0 nametype=NORMAL cap_fp=0 cap_fi=0 cap_fe=0 cap_fver=0 cap_frootid=0OUID="root" OGID="root"
type=PROCTITLE msg=audit(1769929058.383:5618): proctitle=7373002D74756C6E70
type=PROCTITLE msg=audit(1769928939.406:4454): proctitle=726D002D66002F6574632F63726F6E2E642F686964735F70657273697374
type=CRED_DISP msg=audit(1769928908.118:5262): pid=8658 uid=1423 auid=830 ses=3 subj=unconfined msg='op=PAM:setcred grantors=pam_permit acct="root" exe="/usr/bin/netstat" hostname=? addr=? terminal=/dev/pts/0 res=success'UID="heroic" AUID="heroic"
type=CWD msg=audit(1769929063.427:6657): cwd="/var/ossec"
type=PATH msg=audit(1769929211.765:8701): item=0 name="/usr/bin/ss" inode=1574651 dev=8:2 mode=101030 ouid=0 ogid=0 rdev=0:0 nametype=NORMAL cap_fp=0 cap_fi=0 cap_fe=0 cap_fver=0 cap_frootid=0OUID="root" OGID="root"
type=EXECVE msg=audit(1769928429.1069:9404): argc=1 a0="whoami"
type=SYSCALL msg=audit(1769929362.803:4462): arch=c000003e syscall=59 success=yes exit=0 a0=5eaf7e216c50 a1=5eaf7e18a150 a2=7ffd4a157088 a3=0 items=2 ppid=9801 pid=1788 auid=4294967717 uid=0 gid=0 euid=0 suid=0 fsuid=0 egid=0 sgid=0 fsgid=0 tty=(none) ses=4294966892 comm="last" exe="/usr/bin/netstat" subj=unconfined key="process_exec"ARCH=x86_64 SYSCALL=execve AUID="unset" UID="root" GID="root" EUID="root" SUID="root" FSUID="root" EGID="root" SGID="root" FSGID="root"
type=EXECVE msg=audit(1769929227.1082:6274): argc=4 a0="sudo" a1="rm" a2="-f" a3="/etc/cron.d/hids_persist"
type=PATH msg=audit(1769929046.321:7845): item=1 name="/lib64/ld-linux-x86-64.so.2" inode=1575564 dev=8:2 mode=100782 ouid=0 ogid=0 rdev=0:0 nametype=NORMAL cap_fp=0 cap_fi=0 cap_fe=0 cap_fver=0 cap_frootid=0OUID="root" OGID="root"
type=SYSCALL msg=audit(1769928765.780:7857): arch=c000003e syscall=59 success=yes exit=0 a0=5da302dccff0 a1=5da302dce1c0 a2=5da302dc08f0 a3=5da302dce1c0 items=2 ppid=2812 pid=6713 auid=511 uid=1222 gid=1287 euid=0 suid=0 fsuid=0 egid=1286 sgid=1106 fsgid=1339 tty=pts0 ses=3 comm="sh" exe="/usr/bin/sort" subj=unconfined key="process_exec"ARCH=x86_64 SYSCALL=execve AUID="heroic" UID="heroic" GID="heroic" EUID="root" SUID="root" FSUID="root" EGID="heroic" SGID="heroic" FSGID="heroic"
type=EXECVE msg=audit(1769928557.445:5385): argc=1 a0="whoami"
type=PROCTITLE msg=audit(1769928711.194:5900): proctitle=756E616D65002D61
type=PATH msg=audit(1769929178.666:5628): item=1 name="/lib64/ld-linux-x86-64.so.2" inode=1575278 dev=8:2 mode=100471 ouid=0 ogid=0 rdev=0:0 nametype=NORMAL cap_fp=0 cap_fi=0 cap_fe=0 cap_fver=0 cap_frootid=0OUID="root" OGID="root"
type=SYSCALL msg=audit(1769928588.216:8075): arch=c000003e syscall=59 success=yes exit=0 a0=63673b5e6b68 a1=63673b5f6ba0 a2=63673b6097a0 a3=64 items=2 ppid=2403 pid=8257 auid=804 uid=0 gid=0 euid=0 suid=0 fsuid=0 egid=0 sgid=0 fsgid=0 tty=pts4 ses=3 comm="python" exe="/usr/bin/sudo" subj=unconfined key="process_exec"ARCH=x86_64 SYSCALL=execve AUID="heroic" UID="root" GID="root" EUID="root" SUID="root" FSUID="root" EGID="root" SGID="root" FSGID="root"
type=PROCTITLE msg=audit(1769928870.353:6479): proctitle=7375646F00726D002D66002F6574632F63726F6E2E642F686964735F70657273697374
type=CRED_REFR msg=audit(1769928888.319:7936): pid=2816 uid=527 auid=797 ses=3 subj=unconfined msg='op=PAM:setcred grantors=pam_permit,pam_cap acct="root" exe="/usr/bin/df" hostname=? addr=? terminal=/dev/pts/0 res=success'UID="heroic" AUID="heroic"
type=EXECVE msg=audit(1769929240.951:6224): argc=4 a0="sh" a1="-c" a2="--" a3=6C617374202D6E203230
type=SYSCALL msg=audit(1769928793.961:8892): arch=c000003e syscall=59 success=yes exit=0 a0=5da302dcc870 a1=5da302dcea50 a2=5da302dc08f0 a3=5da302dcc850 items=2 ppid=2115 pid=7391 auid=650 uid=998 gid=866 euid=960 suid=1166 fsuid=1326 egid=573 sgid=802 fsgid=1006 tty=pts0 ses=3 comm="python" exe="/usr/bin/sed" subj=unconfined key="process_exec"ARCH=x86_64 SYSCALL=execve AUID="heroic" UID="heroic" GID="heroic" EUID="heroic" SUID="heroic" FSUID="heroic" EGID="heroic" SGID="heroic" FSGID="heroic"
type=CWD msg=audit(1769929315.586:5127): cwd="/root"
type=PATH msg=audit(1769929140.927:9213): item=1 name="/lib64/ld-linux-x86-64.so.2" inode=1575352 dev=8:2 mode=100630 ouid=0 ogid=0 rdev=0:0 nametype=NORMAL cap_fp=0 cap_fi=0 cap_fe=0 cap_fver=0 cap_frootid=0OUID="root" OGID="root"
type=SYSCALL msg=audit(1769928523.206:4783): arch=c000003e syscall=59 success=yes exit=0 a0=5da302dca1d0 a1=5da302dca310 a2=5da302dc08f0 a3=8 items=2 ppid=10111 pid=6776 auid=553 uid=1385 gid=1218 euid=1106 suid=1135 fsuid=1207 egid=1420 sgid=1381 fsgid=822 tty=pts0 ses=3 comm="sh" exe="/usr/bin/last" subj=unconfined key="process_exec"ARCH=x86_64 SYSCALL=execve AUID="heroic" UID="heroic" GID="heroic" EUID="heroic" SUID="heroic" FSUID="heroic" EGID="heroic" SGID="heroic" FSGID="heroic"
type=SYSCALL msg=audit(1769929201.1133:4397): arch=c000003e syscall=59 success=yes exit=0 a0=64e1754cf8b0 a1=64e1754cf3d0 a2=64e1754c38f0 a3=8 items=2 ppid=7680 pid=5884 auid=1358 uid=1146 gid=568 euid=506 suid=523 fsuid=1406 egid=1136 sgid=510 fsgid=889 tty=pts0 ses=3 comm="python" exe="/usr/bin/sed" subj=unconfined key="process_exec"ARCH=x86_64 SYSCALL=execve AUID="heroic" UID="heroic" GID="heroic" EUID="heroic" SUID="heroic" FSUID="heroic" EGID="heroic" SGID="heroic" FSGID="heroic"
type=PATH msg=audit(1769929324.1422:6921): item=0 name="/usr/bin/uname" inode=1577946 dev=8:2 mode=100273 ouid=0 ogid=0 rdev=0:0 nametype=NORMAL cap_fp=0 cap_fi=0 cap_fe=0 cap_fver=0 cap_frootid=0OUID="root" OGID="root"
type=PATH msg=audit(1769928994.168:4578): item=1 name="/lib64/ld-linux-x86-64.so.2" inode=1575619 dev=8:2 mode=101045 ouid=0 ogid=0 rdev=0:0 nametype=NORMAL cap_fp=0 cap_fi=0 cap_fe=0 cap_fver=0 cap_frootid=0OUID="root" OGID="root"
type=CWD msg=audit(1769929010.340:7691): cwd="/tmp"
type=SYSCALL msg=audit(1769928502.468:8350): arch=c000003e syscall=59 success=yes exit=0 a0=5602ea212b68 a1=5602ea222ba0 a2=5602ea2357a0 a3=64 items=2 ppid=7510 pid=754 auid=700 uid=0 gid=0 euid=0 suid=0 fsuid=0 egid=0 sgid=0 fsgid=0 tty=pts4 ses=3 comm="sed" exe="/usr/bin/last" subj=unconfined key="process_exec"ARCH=x86_64 SYSCALL=execve AUID="heroic" UID="root" GID="root" EUID="root" SUID="root" FSUID="root" EGID="root" SGID="root" FSGID="root"
type=CWD msg=audit(1769929013.1002:8748): cwd="/var/ossec"
type=CRED_REFR msg=audit(1769929390.304:8683): pid=3672 uid=905 auid=539 ses=3 subj=unconfined msg='op=PAM:setcred grantors=pam_permit,pam_cap acct="root" exe="/usr/bin/sed" hostname=? addr=? terminal=/dev/pts/0 res=success'UID="heroic" AUID="heroic"
type=EXECVE msg=audit(1769929031.358:4272): argc=2 a0="sudo" a1="whoami"
type=PATH msg=audit(1769928863.206:8184): item=1 name="/etc/cron.d/hids_persist" inode=1704443 dev=8:2 mode=100957 ouid=0 ogid=0 rdev=0:0 nametype=DELETE cap_fp=0 cap_fi=0 cap_fe=0 cap_fver=0 cap_frootid=0OUID="root" OGID="root"
type=EXECVE msg=audit(1769928679.1061:8548): argc=2 a0="dircolors" a1="-b"
type=EXECVE msg=audit(1769928465.719:5616): argc=4 a0="/bin/sh" a1="/usr/lib/sysstat/debian-sa1" a2="1" a3="1"
type=PATH msg=audit(1769929290.600:4679): item=1 name="/lib64/ld-linux-x86-64.so.2" inode=1575475 dev=8:2 mode=101181 ouid=0 ogid=0 rdev=0:0 nametype=NORMAL cap_fp=0 cap_fi=0 cap_fe=0 cap_fver=0 cap_frootid=0OUID="root" OGID="root"
type=EXECVE msg=audit(1769928576.673:4779): argc=2 a0="ss" a1="-tulnp"
type=PROCTITLE msg=audit(1769928794.494:6505): proctitle=63686D6F64002B78007061796C6F61642E7368
type=USER_END msg=audit(1769929073.235:7080): pid=4470 uid=922 auid=967 ses=3 subj=unconfined msg='op=PAM:session_close grantors=pam_limits,pam_env,pam_env,pam_permit,pam_umask,pam_unix acct="root" exe="/usr/bin/last" hostname=? addr=? terminal=/dev/pts/0 res=success'UID="heroic" AUID="heroic"
type=CWD msg=audit(1769928962.206:6225): cwd="/root"
type=EXECVE msg=audit(1769929401.298:5048): argc=3 a0="mkdir" a1="-p" a2="/tmp/hids_malicious"
type=PROCTITLE msg=audit(1769929219.496:5047): proctitle=707300617578
type=EXECVE msg=audit(1769928846.145:7851): argc=2 a0="rmdir" a1="/tmp/hids_malicious"
type=SYSCALL msg=audit(1769928420.904:9100): arch=c000003e syscall=59 success=yes exit=0 a0=64e1754cf870 a1=64e1754caa40 a2=64e1754c38f0 a3=64e1754caa40 items=2 ppid=5452 pid=3110 auid=1292 uid=573 gid=554 euid=831 suid=818 fsuid=690 egid=588 sgid=580 fsgid=1161 tty=pts0 ses=3 comm="ss" exe="/usr/bin/sudo" subj=unconfined key="process_exec"ARCH=x86_64 SYSCALL=execve AUID="heroic" UID="heroic" GID="heroic" EUID="heroic" SUID="heroic" FSUID="heroic" EGID="heroic" SGID="heroic" FSGID="heroic"
type=USER_START msg=audit(1769928593.927:4576): pid=5038 uid=511 auid=705 ses=3 subj=unconfined msg='op=PAM:session_open grantors=pam_limits,pam_env,pam_env,pam_permit,pam_umask,pam_unix acct="root" exe="/usr/bin/last" hostname=? addr=? terminal=/dev/pts/0 res=success'UID="heroic" AUID="heroic"
type=PROCTITLE msg=audit(1769928411.940:8414): proctitle=6C617374002D6E003230
type=USER_END msg=audit(1769929282.656:6537): pid=9495 uid=603 auid=1371 ses=3 subj=unconfined msg='op=PAM:session_close grantors=pam_limits,pam_env,pam_env,pam_permit,pam_umask,pam_unix acct="root" exe="/usr/bin/sed" hostname=? addr=? terminal=/dev/pts/0 res=success'UID="heroic" AUID="heroic"
type=EXECVE msg=audit(1769929239.90:8894): argc=4 a0="sort" a1="-k" a2="4" a3="-g"
type=CWD msg=audit(1769929231.354:7975): cwd="/var/ossec"
type=PROCTITLE msg=audit(1769928940.249:8542): proctitle=726D002D66002F6574632F63726F6E2E642F686964735F70657273697374
type=PROCTITLE msg=audit(1769929240.994:5205): proctitle=746565002F6574632F63726F6E2E642F686964735F70657273697374
type=PROCTITLE msg=audit(1769928866.728:7609): proctitle=7375646F00726D002D66002F6574632F63726F6E2E642F686964735F70657273697374
type=CWD msg=audit(1769928753.195:5896): cwd="/root"
type=USER_START msg=audit(1769928979.325:6388): pid=9722 uid=1338 auid=610 ses=3 subj=unconfined msg='op=PAM:session_open grantors=pam_limits,pam_env,pam_env,pam_permit,pam_umask,pam_unix acct="root" exe="/usr/bin/sed" hostname=? addr=? terminal=/dev/pts/0 res=success'UID="heroic" AUID="heroic"
type=PATH msg=audit(1769928969.441:4666): item=0 name="/usr/bin/sleep" inode=1577912 dev=8:2 mode=101028 ouid=0 ogid=0 rdev=0:0 nametype=NORMAL cap_fp=0 cap_fi=0 cap_fe=0 cap_fver=0 cap_frootid=0OUID="root" OGID="root"
type=PATH msg=audit(1769929255.435:5234): item=1 name="/lib64/ld-linux-x86-64.so.2" inode=1575703 dev=8:2 mode=100510 ouid=0 ogid=0 rdev=0:0 nametype=NORMAL cap_fp=0 cap_fi=0 cap_fe=0 cap_fver=0 cap_frootid=0OUID="root" OGID="root"
type=PROCTITLE msg=audit(1769928939.674:6658): proctitle=7373002D74756C6E70
type=PATH msg=audit(1769928927.626:8305): item=0 name="/usr/bin/gpgconf" inode=1575514 dev=8:2 mode=100874 ouid=0 ogid=0 rdev=0:0 nametype=NORMAL cap_fp=0 cap_fi=0 cap_fe=0 cap_fver=0 cap_frootid=0OUID="root" OGID="root"
type=EXECVE msg=audit(1769929088.1313:7984): argc=1 a0="bash"
type=PROCTITLE msg=audit(1769928459.792:9763): proctitle=7373002D74756C6E70
type=PROCTITLE msg=audit(1769929089.1035:9486): proctitle=7375646F0077686F616D69
type=PROCTITLE msg=audit(1769928773.1437:7847): proctitle="id"
type=CWD msg=audit(1769929374.563:3920): cwd="/tmp"
type=USER_ACCT msg=audit(1769928726.46:8342): pid=8845 uid=0 auid=1219 ses=3 subj=unconfined msg='op=PAM:accounting grantors=pam_permit,pam_localuser acct="root" exe="/usr/bin/sort" hostname=? addr=? terminal=/dev/pts/2 res=success'UID="root" AUID="heroic"
type=SYSCALL msg=audit(1769928475.930:8135): arch=c000003e syscall=59 success=yes exit=0 a0=64e1754cff30 a1=64e1754cb920 a2=64e1754c38f0 a3=64e1754cb920 items=2 ppid=7189 pid=4876 auid=752 uid=1283 gid=1132 euid=1476 suid=859 fsuid=1083 egid=1205 sgid=717 fsgid=1340 tty=pts0 ses=3 comm="sudo" exe="/usr/bin/python3" subj=unconfined key="process_exec"ARCH=x86_64 SYSCALL=execve AUID="heroic" UID="heroic" GID="heroic" EUID="heroic" SUID="heroic" FSUID="heroic" EGID="heroic" SGID="heroic" FSGID="heroic"
type=EXECVE msg=audit(1769928744.7:6055): argc=2 a0="/usr/bin/gpgconf" a1="--list-components"
type=PROCTITLE msg=audit(1769928424.267:6751): proctitle=7373002D74756C6E70
type=PATH msg=audit(1769929069.921:9190): item=0 name="/usr/bin/tail" inode=1578264 dev=8:2 mode=100548 ouid=0 ogid=0 rdev=0:0 nametype=NORMAL cap_fp=0 cap_fi=0 cap_fe=0 cap_fver=0 cap_frootid=0OUID="root" OGID="root"
type=PROCTITLE msg=audit(1769928820.164:8453): proctitle=677067002D2D656E61626C652D7370656369616C2D66696C656E616D6573002D2D6261746368002D2D6E6F2D736B2D636F6D6D656E7473002D2D686F6D65646972002F7661722F6C69622F66777570642F676E757067002D2D7374617475732D6664003139002D2D6E6F2D747479002D2D636861727365740075746638002D2D
type=PATH msg=audit(1769928946.928:4755): item=0 name="/etc/cron.d/" inode=1704131 dev=8:2 mode=40696 ouid=0 ogid=0 rdev=0:0 nametype=PARENT cap_fp=0 cap_fi=0 cap_fe=0 cap_fver=0 cap_frootid=0OUID="root" OGID="root"
type=PROCTITLE msg=audit(1769929065.311:6811): proctitle=746565002F6574632F63726F6E2E642F686964735F70657273697374
type=PATH msg=audit(1769929213.192:6830): item=0 name="/usr/bin/mkdir" inode=1577751 dev=8:2 mode=101056 ouid=0 ogid=0 rdev=0:0 nametype=NORMAL cap_fp=0 cap_fi=0 cap_fe=0 cap_fver=0 cap_frootid=0OUID="root" OGID="root"
type=SERVICE_STOP msg=audit(1769929235.1249:8679): pid=5505 uid=0 auid=4294967718 ses=4294967601 subj=unconfined msg='unit=packagekit comm="netstat" exe="/usr/bin/last" hostname=? addr=? terminal=? res=success'UID="root" AUID="unset"
type=PATH msg=audit(1769928439.398:6723): item=0 name="/usr/bin/sudo" inode=1573774 dev=8:2 mode=104439 ouid=0 ogid=0 rdev=0:0 nametype=NORMAL cap_fp=0 cap_fi=0 cap_fe=0 cap_fver=0 cap_frootid=0OUID="root" OGID="root"
type=EXECVE msg=audit(1769928996.1391:8080): argc=3 a0="curl" a1="-s" a2="file:///tmp/hids_malicious/payload.sh"
type=BPRM_FCAPS msg=audit(1769929277.976:10013): fver=0 fp=0 fi=0 fe=0 old_pp=000001fffffeffff old_pi=0 old_pe=000001fffffeffff old_pa=0 pp=000001fffffeffff pi=0 pe=000001fffffeffff pa=0 frootid=0
type=CRED_REFR msg=audit(1769929333.274:7165): pid=1793 uid=1224 auid=583 ses=3 subj=unconfined msg='op=PAM:setcred grantors=pam_permit,pam_cap acct="root" exe="/usr/bin/netstat" hostname=? addr=? terminal=/dev/pts/0 res=success'UID="heroic" AUID="heroic"
type=USER_START msg=audit(1769928578.1045:7450): pid=3353 uid=702 auid=532 ses=3 subj=unconfined msg='op=PAM:session_open grantors=pam_limits,pam_env,pam_env,pam_permit,pam_umask,pam_unix acct="root" exe="/usr/bin/last" hostname=? addr=? terminal=/dev/pts/0 res=success'UID="heroic" AUID="heroic"
type=CRED_REFR msg=audit(1769929398.1026:4765): pid=1304 uid=1427 auid=1312 ses=3 subj=unconfined msg='op=PAM:setcred grantors=pam_permit,pam_cap acct="root" exe="/usr/bin/netstat" hostname=? addr=? terminal=/dev/pts/0 res=success'UID="heroic" AUID="heroic"
type=USER_CMD msg=audit(1769928533.210:4219): pid=6824 uid=1004 auid=1220 ses=3 subj=unconfined msg='cwd="/tmp" cmd="whoami" exe="/usr/bin/sed" terminal=pts/0 res=success'UID="heroic" AUID="heroic"
type=PATH msg=audit(1769929334.313:8799): item=1 name="/lib64/ld-linux-x86-64.so.2" inode=1575514 dev=8:2 mode=100888 ouid=0 ogid=0 rdev=0:0 nametype=NORMAL cap_fp=0 cap_fi=0 cap_fe=0 cap_fver=0 cap_frootid=0OUID="root" OGID="root"
type=PATH msg=audit(1769929397.260:3938): item=1 name="/lib64/ld-linux-x86-64.so.2" inode=1575726 dev=8:2 mode=101085 ouid=0 ogid=0 rdev=0:0 nametype=NORMAL cap_fp=0 cap_fi=0 cap_fe=0 cap_fver=0 cap_frootid=0OUID="root" OGID="root"
type=PATH msg=audit(1769928448.841:3897): item=0 name="/usr/bin/sudo" inode=1574610 dev=8:2 mode=104632 ouid=0 ogid=0 rdev=0:0 nametype=NORMAL cap_fp=0 cap_fi=0 cap_fe=0 cap_fver=0 cap_frootid=0OUID="root" OGID="root"
type=EXECVE msg=audit(1769929300.495:6003): argc=1 a0="whoami"
type=USER_CMD msg=audit(1769929234.791:6564): pid=3831 uid=856 auid=849 ses=3 subj=unconfined msg='cwd="/root" cmd=746565202F6574632F63726F6E2E642F686964735F70657273697374 exe="/usr/bin/tail" terminal=pts/0 res=success'UID="heroic" AUID="heroic"
type=PATH msg=audit(1769928571.296:4655): item=1 name="/lib64/ld-linux-x86-64.so.2" inode=1575106 dev=8:2 mode=101024 ouid=0 ogid=0 rdev=0:0 nametype=NORMAL cap_fp=0 cap_fi=0 cap_fe=0 cap_fver=0 cap_frootid=0OUID="root" OGID="root"
type=CWD msg=audit(1769929164.617:9818): cwd="/home/heroic"
type=PROCTITLE msg=audit(1769928537.237:5716): proctitle=6375726C002D730066696C653A2F2F2F746D702F686964735F6D616C6963696F75732F7061796C6F61642E7368
type=SYSCALL msg=audit(1769929160.677:5027): arch=c000003e syscall=59 success=yes exit=0 a0=64e1754ced10 a1=64e1754d10f0 a2=64e1754c38f0 a3=64e1754cb980 items=2 ppid=8680 pid=4883 auid=1253 uid=1043 gid=892 euid=1030 suid=941 fsuid=806 egid=1188 sgid=780 fsgid=1139 tty=pts0 ses=3 comm="python" exe="/usr/bin/sort" subj=unconfined key="process_exec"ARCH=x86_64 SYSCALL=execve AUID="heroic" UID="heroic" GID="heroic" EUID="heroic" SUID="heroic" FSUID="heroic" EGID="heroic" SGID="heroic" FSGID="heroic"
type=PATH msg=audit(1769929113.204:3965): item=1 name="/lib64/ld-linux-x86-64.so.2" inode=1574912 dev=8:2 mode=100915 ouid=0 ogid=0 rdev=0:0 nametype=NORMAL cap_fp=0 cap_fi=0 cap_fe=0 cap_fver=0 cap_frootid=0OUID="root" OGID="root"
type=PATH msg=audit(1769929048.653:4280): item=0 name="/usr/bin/rmdir" inode=1578372 dev=8:2 mode=100852 ouid=0 ogid=0 rdev=0:0 nametype=NORMAL cap_fp=0 cap_fi=0 cap_fe=0 cap_fver=0 cap_frootid=0OUID="root" OGID="root"
type=PROCTITLE msg=audit(1769928952.750:6388): proctitle="id"
type=EXECVE msg=audit(1769928426.204:8020): argc=2 a0="sudo" a1="-l"
type=PATH msg=audit(1769929075.374:7380): item=1 name="/lib64/ld-linux-x86-64.so.2" inode=1575279 dev=8:2 mode=100325 ouid=0 ogid=0 rdev=0:0 nametype=NORMAL cap_fp=0 cap_fi=0 cap_fe=0 cap_fver=0 cap_frootid=0OUID="root" OGID="root"
type=EXECVE msg=audit(1769929128.330:6620): argc=2 a0="rmdir" a1="/tmp/hids_malicious"
type=CWD msg=audit(1769929267.967:6218): cwd="/root"
type=PATH msg=audit(1769928619.847:7593): item=1 name="/lib64/ld-linux-x86-64.so.2" inode=1574993 dev=8:2 mode=100309 ouid=0 ogid=0 rdev=0:0 nametype=NORMAL cap_fp=0 cap_fi=0 cap_fe=0 cap_fver=0 cap_frootid=0OUID="root" OGID="root"
type=PATH msg=audit(1769928732.1139:7017): item=1 name="/lib64/ld-linux-x86-64.so.2" inode=1575223 dev=8:2 mode=100482 ouid=0 ogid=0 rdev=0:0 nametype=NORMAL cap_fp=0 cap_fi=0 cap_fe=0 cap_fver=0 cap_frootid=0OUID="root" OGID="root"
type=CWD msg=audit(1769928856.163:5215): cwd="/root"
type=PROCTITLE msg=audit(1769929168.135:5150): proctitle=746565002F6574632F63726F6E2E642F686964735F70657273697374
type=SYSCALL msg=audit(1769928899.427:5451): arch=c000003e syscall=59 success=yes exit=0 a0=64e1754cfff0 a1=64e1754d11c0 a2=64e1754c38f0 a3=64e1754d11c0 items=2 ppid=5008 pid=2183 auid=688 uid=870 gid=1067 euid=0 suid=0 fsuid=0 egid=1485 sgid=1051 fsgid=927 tty=pts0 ses=3 comm="df" exe="/usr/bin/sort" subj=unconfined key="process_exec"ARCH=x86_64 SYSCALL=execve AUID="heroic" UID="heroic" GID="heroic" EUID="root" SUID="root" FSUID="root" EGID="heroic" SGID="heroic" FSGID="heroic"
type=CRED_REFR msg=audit(1769928925.71:9007): pid=4811 uid=1269 auid=526 ses=3 subj=unconfined msg='op=PAM:setcred grantors=pam_permit,pam_cap acct="root" exe="/usr/bin/netstat" hostname=? addr=? terminal=/dev/pts/0 res=success'UID="heroic" AUID="heroic"
type=USER_START msg=audit(1769928981.409:8516): pid=2124 uid=0 auid=1216 ses=3 subj=unconfined msg='op=PAM:session_open grantors=pam_env,pam_env,pam_mail,pam_limits,pam_permit,pam_umask,pam_unix,pam_systemd acct="root" exe="/usr/bin/sort" hostname=? addr=? terminal=/dev/pts/2 res=success'UID="root" AUID="heroic"
type=SYSCALL msg=audit(1769929304.783:5630): arch=c000003e syscall=59 success=yes exit=0 a0=64e1754cff30 a1=64e1754cfc10 a2=64e1754c38f0 a3=64e1754cf950 items=2 ppid=8851 pid=2792 auid=1069 uid=824 gid=908 euid=1480 suid=1290 fsuid=663 egid=910 sgid=1357 fsgid=583 tty=pts0 ses=3 comm="tail" exe="/usr/bin/sed" subj=unconfined key="process_exec"ARCH=x86_64 SYSCALL=execve AUID="heroic" UID="heroic" GID="heroic" EUID="heroic" SUID="heroic" FSUID="heroic" EGID="heroic" SGID="heroic" FSGID="heroic"
type=CWD msg=audit(1769928546.595:4611): cwd="/tmp"
type=PATH msg=audit(1769929202.52:4910): item=1 name="/lib64/ld-linux-x86-64.so.2" inode=1575812 dev=8:2 mode=100323 ouid=0 ogid=0 rdev=0:0 nametype=NORMAL cap_fp=0 cap_fi=0 cap_fe=0 cap_fver=0 cap_frootid=0OUID="root" OGID="root"
type=PROCTITLE msg=audit(1769929219.11:8081): proctitle=746565002F6574632F63726F6E2E642F686964735F70657273697374
type=PATH msg=audit(1769929211.559:4555): item=0 name="/usr/bin/rm" inode=1578113 dev=8:2 mode=100336 ouid=0 ogid=0 rdev=0:0 nametype=NORMAL cap_fp=0 cap_fi=0 cap_fe=0 cap_fver=0 cap_frootid=0OUID="root" OGID="root"
type=EXECVE msg=audit(1769928746.444:6674): argc=2 a0="tee" a1="/etc/cron.d/hids_persist"
type=PATH msg=audit(1769929355.973:4414): item=0 name="/usr/bin/whoami" inode=1577767 dev=8:2 mode=100802 ouid=0 ogid=0 rdev=0:0 nametype=NORMAL cap_fp=0 cap_fi=0 cap_fe=0 cap_fver=0 cap_frootid=0OUID="root" OGID="root"
type=CWD msg=audit(1769928575.218:6590): cwd="/tmp"
type=SYSCALL msg=audit(1769928475.655:4402): arch=c000003e syscall=59 success=yes exit=0 a0=64e1754ca420 a1=64e1754cb980 a2=64e1754c38f0 a3=64e1754cb980 items=2 ppid=8040 pid=7787 auid=589 uid=1421 gid=671 euid=0 suid=0 fsuid=0 egid=1108 sgid=721 fsgid=1256 tty=pts0 ses=3 comm="python" exe="/usr/bin/python3" subj=unconfined key="process_exec"ARCH=x86_64 SYSCALL=execve AUID="heroic" UID="heroic" GID="heroic" EUID="root" SUID="root" FSUID="root" EGID="heroic" SGID="heroic" FSGID="heroic"
type=CWD msg=audit(1769928816.195:5474): cwd="/usr/local/bin"
type=CWD msg=audit(1769929315.707:8910): cwd="/root"
type=EXECVE msg=audit(1769929126.861:5160): argc=1 a0="bash"
type=PATH msg=audit(1769928791.110:9637): item=0 name="/usr/lib/sysstat/sa1" inode=1582504 dev=8:2 mode=100309 ouid=0 ogid=0 rdev=0:0 nametype=NORMAL cap_fp=0 cap_fi=0 cap_fe=0 cap_fver=0 cap_frootid=0OUID="root" OGID="root"
type=PATH msg=audit(1769929191.1454:8721): item=1 name="/lib64/ld-linux-x86-64.so.2" inode=1575588 dev=8:2 mode=101224 ouid=0 ogid=0 rdev=0:0 nametype=NORMAL cap_fp=0 cap_fi=0 cap_fe=0 cap_fver=0 cap_frootid=0OUID="root" OGID="root"
type=PATH msg=audit(1769928793.479:5248): item=0 name="/usr/bin/chmod" inode=1578152 dev=8:2 mode=101051 ouid=0 ogid=0 rdev=0:0 nametype=NORMAL cap_fp=0 cap_fi=0 cap_fe=0 cap_fver=0 cap_frootid=0OUID="root" OGID="root"
type=EXECVE msg=audit(1769928763.1037:6961): argc=2 a0="ps" a1="aux"
type=PATH msg=audit(1769929018.76:5552): item=1 name="/lib64/ld-linux-x86-64.so.2" inode=1574930 dev=8:2 mode=100383 ouid=0 ogid=0 rdev=0:0 nametype=NORMAL cap_fp=0 cap_fi=0 cap_fe=0 cap_fver=0 cap_frootid=0OUID="root" OGID="root"
type=PATH msg=audit(1769928623.861:8888): item=1 name="/lib64/ld-linux-x86-64.so.2" inode=1575364 dev=8:2 mode=100367 ouid=0 ogid=0 rdev=0:0 nametype=NORMAL cap_fp=0 cap_fi=0 cap_fe=0 cap_fver=0 cap_frootid=0OUID="root" OGID="root"
type=EXECVE msg=audit(1769928681.436:4348): argc=3 a0="mkdir" a1="-p" a2="/tmp/hids_malicious"
type=PATH msg=audit(1769929400.572:8865): item=1 name="/lib64/ld-linux-x86-64.so.2" inode=1574890 dev=8:2 mode=100398 ouid=0 ogid=0 rdev=0:0 nametype=NORMAL cap_fp=0 cap_fi=0 cap_fe=0 cap_fver=0 cap_frootid=0OUID="root" OGID="root"
type=EXECVE msg=audit(1769928954.638:7112): argc=4 a0="sudo" a1="rm" a2="-f" a3="/etc/cron.d/hids_persist"
type=PROCTITLE msg=audit(1769929348.794:8013): proctitle=707300617578
type=PROCTITLE msg=audit(1769928944.631:4144): proctitle="groups"
type=PATH msg=audit(1769928894.198:6468): item=0 name="/usr/bin/ss" inode=1574580 dev=8:2 mode=100566 ouid=0 ogid=0 rdev=0:0 nametype=NORMAL cap_fp=0 cap_fi=0 cap_fe=0 cap_fver=0 cap_frootid=0OUID="root" OGID="root"
type=CWD msg=audit(1769929060.497:6152): cwd="/tmp"
type=PROCTITLE msg=audit(1769928927.997:7629): proctitle=746565002F6574632F63726F6E2E642F686964735F70657273697374
type=PROCTITLE msg=audit(1769929242.994:8597): proctitle=6375726C002D730066696C653A2F2F2F746D702F686964735F6D616C6963696F75732F7061796C6F61642E7368
type=SYSCALL msg=audit(1769929281.423:6147): arch=c000003e syscall=59 success=yes exit=0 a0=64e1754c9e20 a1=64e1754cf330 a2=64e1754c38f0 a3=8 items=2 ppid=9633 pid=888 auid=1017 uid=794 gid=1397 euid=709 suid=980 fsuid=903 egid=1164 sgid=848 fsgid=1005 tty=pts0 ses=3 comm="netstat" exe="/usr/bin/sudo" subj=unconfined key="process_exec"ARCH=x86_64 SYSCALL=execve AUID="heroic" UID="heroic" GID="heroic" EUID="heroic" SUID="heroic" FSUID="heroic" EGID="heroic" SGID="heroic" FSGID="heroic"
type=SYSCALL msg=audit(1769928949.541:8105): arch=c000003e syscall=59 success=yes exit=0 a0=64e1754cfbb0 a1=64e1754cead0 a2=64e1754c38f0 a3=64e1754cfb90 items=2 ppid=2922 pid=3316 auid=519 uid=861 gid=1088 euid=1047 suid=1120 fsuid=698 egid=1344 sgid=668 fsgid=944 tty=pts0 ses=3 comm="sh" exe="/usr/bin/sudo" subj=unconfined key="process_exec"ARCH=x86_64 SYSCALL=execve AUID="heroic" UID="heroic" GID="heroic" EUID="heroic" SUID="heroic" FSUID="heroic" EGID="heroic" SGID="heroic" FSGID="heroic"
type=PATH msg=audit(1769929099.931:5601): item=1 name="/lib64/ld-linux-x86-64.so.2" inode=1575747 dev=8:2 mode=100420 ouid=0 ogid=0 rdev=0:0 nametype=NORMAL cap_fp=0 cap_fi=0 cap_fe=0 cap_fver=0 cap_frootid=0OUID="root" OGID="root"
type=EXECVE msg=audit(1769929207.524:4352): argc=3 a0="rm" a1="-f" a2="/etc/cron.d/hids_persist"
type=SYSCALL msg=audit(1769929009.603:6266): arch=c000003e syscall=233 success=yes exit=0 a0=ffffff9c a1=6098108304a0 a2=0 a3=609810831900 items=2 ppid=5674 pid=10044 auid=817 uid=0 gid=0 euid=0 suid=0 fsuid=0 egid=0 sgid=0 fsgid=0 tty=pts4 ses=3 comm="netstat" exe="/usr/bin/sudo" subj=unconfined key="persistence"ARCH=x86_64 SYSCALL=unlinkat AUID="heroic" UID="root" GID="root" EUID="root" SUID="root" FSUID="root" EGID="root" SGID="root" FSGID="root"
type=PATH msg=audit(1769928668.528:8888): item=1 name="/lib64/ld-linux-x86-64.so.2" inode=1575494 dev=8:2 mode=100265 ouid=0 ogid=0 rdev=0:0 nametype=NORMAL cap_fp=0 cap_fi=0 cap_fe=0 cap_fver=0 cap_frootid=0OUID="root" OGID="root"
type=EXECVE msg=audit(1769928495.792:4373): argc=2 a0="/bin/sh" a1="/usr/bin/lesspipe"
type=PROCTITLE msg=audit(1769929077.452:6536): proctitle=726D002D660066696C655F31302E6461740066696C655F31312E6461740066696C655F31322E6461740066696C655F31332E6461740066696C655F31342E6461740066696C655F31352E6461740066696C655F31362E6461740066696C655F31372E6461740066696C655F31382E6461740066696C655F31392E646174006669
type=EXECVE msg=audit(1769929340.553:4215): argc=3 a0="mkdir" a1="-p" a2="/tmp/hids_malicious"
type=USER_ACCT msg=audit(1769929127.551:4277): pid=5753 uid=0 auid=4294967739 ses=4294966810 subj=unconfined msg='op=PAM:accounting grantors=pam_permit,pam_localuser acct="root" exe="/usr/bin/netstat" hostname=? addr=? terminal=cron res=success'UID="root" AUID="unset"
type=SYSCALL msg=audit(1769929081.1164:5864): arch=c000003e syscall=59 success=yes exit=0 a0=64e1754cb980 a1=64e1754c9f40 a2=64e1754c38f0 a3=64e1754c9f40 items=2 ppid=4284 pid=9352 auid=963 uid=561 gid=794 euid=1414 suid=782 fsuid=688 egid=983 sgid=852 fsgid=1446 tty=pts0 ses=3 comm="sh" exe="/usr/bin/sudo" subj=unconfined key="process_exec"ARCH=x86_64 SYSCALL=execve AUID="heroic" UID="heroic" GID="heroic" EUID="heroic" SUID="heroic" FSUID="heroic" EGID="heroic" SGID="heroic" FSGID="heroic"
type=CRED_DISP msg=audit(1769928723.695:5407): pid=4191 uid=706 auid=1347 ses=3 subj=unconfined msg='op=PAM:setcred grantors=pam_permit acct="root" exe="/usr/bin/python3" hostname=? addr=? terminal=/dev/pts/0 res=success'UID="heroic" AUID="heroic"
type=CWD msg=audit(1769928663.614:5149): cwd="/tmp"
type=CWD msg=audit(1769928598.168:8833): cwd="/usr/local/bin"
type=PROCTITLE msg=audit(1769929006.210:4844): proctitle=2F7573722F62696E2F677067002D2D76657273696F6E
type=PATH msg=audit(1769928938.98:3683): item=0 name="/proc/self/fd/9" inode=1596724 dev=8:2 mode=101092 ouid=0 ogid=0 rdev=0:0 nametype=NORMAL cap_fp=0 cap_fi=0 cap_fe=0 cap_fver=0 cap_frootid=0OUID="root" OGID="root"
type=CWD msg=audit(1769929106.680:10028): cwd="/var/ossec"
type=USER_START msg=audit(1769928608.147:7619): pid=9527 uid=1142 auid=718 ses=3 subj=unconfined msg='op=PAM:session_open grantors=pam_limits,pam_env,pam_env,pam_permit,pam_umask,pam_unix acct="root" exe="/usr/bin/df" hostname=? addr=? terminal=/dev/pts/0 res=success'UID="heroic" AUID="heroic"
type=PATH msg=audit(1769928850.351:6288): item=0 name="/usr/bin/rm" inode=1578285 dev=8:2 mode=100899 ouid=0 ogid=0 rdev=0:0 nametype=NORMAL cap_fp=0 cap_fi=0 cap_fe=0 cap_fver=0 cap_frootid=0OUID="root" OGID="root"
type=PATH msg=audit(1769928450.1118:4578): item=0 name="/usr/bin/id" inode=1578232 dev=8:2 mode=100902 ouid=0 ogid=0 rdev=0:0 nametype=NORMAL cap_fp=0 cap_fi=0 cap_fe=0 cap_fver=0 cap_frootid=0OUID="root" OGID="root"
type=PATH msg=audit(1769928651.177:8680): item=1 name="/bin/sh" inode=1573232 dev=8:2 mode=101070 ouid=0 ogid=0 rdev=0:0 nametype=NORMAL cap_fp=0 cap_fi=0 cap_fe=0 cap_fver=0 cap_frootid=0OUID="root" OGID="root"
type=BPRM_FCAPS msg=audit(1769928899.677:4859): fver=0 fp=0 fi=0 fe=0 old_pp=000001fffffeffff old_pi=0 old_pe=000001fffffeffff old_pa=0 pp=000001fffffeffff pi=0 pe=000001fffffeffff pa=0 frootid=0
type=SYSCALL msg=audit(1769928425.949:6303): arch=c000003e syscall=536 success=yes exit=3 a0=ffffff9c a1=7ffcecf2e72c a2=137 a3=1b6 items=2 ppid=8230 pid=2022 auid=1441 uid=0 gid=0 euid=0 suid=0 fsuid=0 egid=0 sgid=0 fsgid=0 tty=pts4 ses=3 comm="sed" exe="/bin/sh" subj=unconfined key="persistence"ARCH=x86_64 SYSCALL=openat AUID="heroic" UID="root" GID="root" EUID="root" SUID="root" FSUID="root" EGID="root" SGID="root" FSGID="root"
type=EXECVE msg=audit(1769929338.804:9379): argc=58 a0="rm" a1="-f" a2="file_10.dat" a3="file_11.dat" a4="file_12.dat" a5="file_13.dat" a6="file_14.dat" a7="file_15.dat" a8="file_16.dat" a9="file_17.dat" a10="file_18.dat" a11="file_19.dat" a12="file_1.dat" a13="file_20.dat" a14="file_21.dat" a15="file_22.dat" a16="file_23.dat" a17="file_24.dat" a18="file_25.dat" a19="file_26.dat" a20="file_27.dat" a21="file_28.dat" a22="file_29.dat" a23="file_2.dat" a24="file_30.dat" a25="file_31.dat" a26="file_32.dat" a27="file_33.dat" a28="file_34.dat" a29="file_35.dat" a30="file_36.dat" a31="file_37.dat" a32="file_38.dat" a33="file_39.dat" a34="file_3.dat" a35="file_40.dat" a36="file_41.dat" a37="file_42.dat" a38="file_43.dat" a39="file_44.dat" a40="file_45.dat" a41="file_46.dat" a42="file_47.dat" a43="file_48.dat" a44="file_49.dat" a45="file_4.dat" a46="file_50.dat" a47="file_5.dat" a48="file_6.dat" a49="file_7.dat" a50="file_8.dat" a51="file_9.dat" a52="payload.sh" a53="recon.txt" a54="netstat.txt" a55="processes.txt" a56="sudo_enum.txt" a57="sudo_test.txt"
type=CRED_REFR msg=audit(1769928522.1483:4576): pid=9449 uid=1390 auid=576 ses=5 subj=unconfined msg='op=PAM:setcred grantors=pam_permit,pam_cap acct="root" exe="/usr/bin/sudo" hostname=? addr=? terminal=/dev/pts/0 res=success'UID="heroic" AUID="heroic"
type=PROCTITLE msg=audit(1769928533.1414:6248): proctitle=6D6B646972002D70002F746D702F686964735F6D616C6963696F7573
type=PROCTITLE msg=audit(1769929383.534:7749): proctitle=6D6B646972002D70002F746D702F686964735F6D616C6963696F7573
type=PATH msg=audit(1769929182.326:3950): item=1 name="/lib64/ld-linux-x86-64.so.2" inode=1575531 dev=8:2 mode=100745 ouid=0 ogid=0 rdev=0:0 nametype=NORMAL cap_fp=0 cap_fi=0 cap_fe=0 cap_fver=0 cap_frootid=0OUID="root" OGID="root"
type=PATH msg=audit(1769928587.1000:8412): item=0 name="/usr/bin/rm" inode=1578057 dev=8:2 mode=101028 ouid=0 ogid=0 rdev=0:0 nametype=NORMAL cap_fp=0 cap_fi=0 cap_fe=0 cap_fver=0 cap_frootid=0OUID="root" OGID="root"
type=EXECVE msg=audit(1769929003.1055:6794): argc=2 a0="rmdir" a1="/tmp/hids_malicious"
type=CWD msg=audit(1769928472.672:4677): cwd="/var/ossec"
type=PROCTITLE msg=audit(1769929356.22:8355): proctitle="id"
type=USER_CMD msg=audit(1769929180.574:7705): pid=2214 uid=592 auid=1144 ses=5 subj=unconfined msg='cwd="/tmp" cmd=6370202F7661722F6C6F672F61756469742F61756469742E6C6F67202F686F6D652F6865726F69632F4465736B746F702F686964735F646174617365742F7261772F6D616C6963696F75735F72656D6F74652E6C6F677E exe="/usr/bin/last" terminal=pts/0 res=success'UID="heroic" AUID="heroic"
type=PATH msg=audit(1769929235.742:9015): item=0 name="/usr/bin/sudo" inode=1574759 dev=8:2 mode=104376 ouid=0 ogid=0 rdev=0:0 nametype=NORMAL cap_fp=0 cap_fi=0 cap_fe=0 cap_fver=0 cap_frootid=0OUID="root" OGID="root"
type=EXECVE msg=audit(1769929013.991:4863): argc=1 a0="id"
type=USER_START msg=audit(1769928647.890:5742): pid=2374 uid=1284 auid=502 ses=3 subj=unconfined msg='op=PAM:session_open grantors=pam_limits,pam_env,pam_env,pam_permit,pam_umask,pam_unix acct="root" exe="/usr/bin/sudo" hostname=? addr=? terminal=/dev/pts/0 res=success'UID="heroic" AUID="heroic"
type=SYSCALL msg=audit(1769928559.264:9522): arch=c000003e syscall=59 success=yes exit=0 a0=64e1754ced10 a1=64e1754cfd10 a2=64e1754c38f0 a3=64e1754cfd10 items=2 ppid=4838 pid=5160 auid=629 uid=937 gid=750 euid=991 suid=1310 fsuid=1266 egid=1405 sgid=701 fsgid=1374 tty=pts0 ses=3 comm="sh" exe="/usr/bin/netstat" subj=unconfined key="process_exec"ARCH=x86_64 SYSCALL=execve AUID="heroic" UID="heroic" GID="heroic" EUID="heroic" SUID="heroic" FSUID="heroic" EGID="heroic" SGID="heroic" FSGID="heroic"
type=PATH msg=audit(1769928667.512:6450): item=1 name="/lib64/ld-linux-x86-64.so.2" inode=1575673 dev=8:2 mode=100452 ouid=0 ogid=0 rdev=0:0 nametype=NORMAL cap_fp=0 cap_fi=0 cap_fe=0 cap_fver=0 cap_frootid=0OUID="root" OGID="root"
type=PROCTITLE msg=audit(1769928888.543:4478): proctitle=726D002D660066696C655F31302E6461740066696C655F31312E6461740066696C655F31322E6461740066696C655F31332E6461740066696C655F31342E6461740066696C655F31352E6461740066696C655F31362E6461740066696C655F31372E6461740066696C655F31382E6461740066696C655F31392E646174006669
type=EXECVE msg=audit(1769929040.867:7695): argc=2 a0="tee" a1="/etc/cron.d/hids_persist"
type=USER_END msg=audit(1769929365.544:8715): pid=9153 uid=563 auid=1477 ses=3 subj=unconfined msg='op=PAM:session_close grantors=pam_limits,pam_env,pam_env,pam_permit,pam_umask,pam_unix acct="root" exe="/usr/bin/df" hostname=? addr=? terminal=/dev/pts/0 res=success'UID="heroic" AUID="heroic"
type=CRED_DISP msg=audit(1769928748.522:4454): pid=4843 uid=0 auid=1018 ses=5 subj=unconfined msg='op=PAM:setcred grantors=pam_permit acct="root" exe="/usr/bin/last" hostname=? addr=? terminal=/dev/pts/1 res=success'UID="root" AUID="heroic"
type=PATH msg=audit(1769929360.801:9490): item=0 name="/etc/cron.d/" inode=1703580 dev=8:2 mode=41003 ouid=0 ogid=0 rdev=0:0 nametype=PARENT cap_fp=0 cap_fi=0 cap_fe=0 cap_fver=0 cap_frootid=0OUID="root" OGID="root"
type=CWD msg=audit(1769928806.204:7374): cwd="/var/ossec"
type=PATH msg=audit(1769928681.502:8703): item=0 name="/usr/bin/sleep" inode=1578078 dev=8:2 mode=100732 ouid=0 ogid=0 rdev=0:0 nametype=NORMAL cap_fp=0 cap_fi=0 cap_fe=0 cap_fver=0 cap_frootid=0OUID="root" OGID="root"
type=USER_START msg=audit(1769928779.796:8150): pid=9373 uid=950 auid=1274 ses=3 subj=unconfined msg='op=PAM:session_open grantors=pam_limits,pam_env,pam_env,pam_permit,pam_umask,pam_unix acct="root" exe="/usr/bin/tail" hostname=? addr=? terminal=/dev/pts/0 res=success'UID="heroic" AUID="heroic"
type=PATH msg=audit(1769929104.470:10040): item=0 name="/usr/local/bin/nautilus" nametype=UNKNOWN cap_fp=0 cap_fi=0 cap_fe=0 cap_fver=0 cap_frootid=0
type=SYSCALL msg=audit(1769928831.397:6535): arch=c000003e syscall=59 success=yes exit=0 a0=5da302dccb70 a1=5da302dca620 a2=5da302dc08f0 a3=5da302dcc330 items=2 ppid=7102 pid=3714 auid=532 uid=562 gid=1138 euid=0 suid=0 fsuid=0 egid=1112 sgid=939 fsgid=1495 tty=pts0 ses=3 comm="ss" exe="/usr/bin/sort" subj=unconfined key="process_exec"ARCH=x86_64 SYSCALL=execve AUID="heroic" UID="heroic" GID="heroic" EUID="root" SUID="root" FSUID="root" EGID="heroic" SGID="heroic" FSGID="heroic"
type=PROCTITLE msg=audit(1769928713.418:5850): proctitle=726D002D66002F6574632F63726F6E2E642F686964735F70657273697374
type=PATH msg=audit(1769928575.1308:4226): item=1 name="/bin/sh" inode=1573026 dev=8:2 mode=100770 ouid=0 ogid=0 rdev=0:0 nametype=NORMAL cap_fp=0 cap_fi=0 cap_fe=0 cap_fver=0 cap_frootid=0OUID="root" OGID="root"
type=SYSCALL msg=audit(1769928966.176:7420): arch=c000003e syscall=59 success=yes exit=0 a0=5cde67f2dcc0 a1=5cde67f36700 a2=5cde67f35870 a3=8 items=2 ppid=1563 pid=7790 auid=925 uid=963 gid=1266 euid=505 suid=1448 fsuid=989 egid=1170 sgid=1487 fsgid=1178 tty=pts2 ses=5 comm="netstat" exe="/usr/bin/df" subj=unconfined key="process_exec"ARCH=x86_64 SYSCALL=execve AUID="heroic" UID="heroic" GID="heroic" EUID="heroic" SUID="heroic" FSUID="heroic" EGID="heroic" SGID="heroic" FSGID="heroic"
type=PROCTITLE msg=audit(1769928923.378:9591): proctitle=726D002D66002F6574632F63726F6E2E642F686964735F70657273697374
type=CWD msg=audit(1769928664.630:8308): cwd="/home/heroic"
type=USER_CMD msg=audit(1769929229.546:8626): pid=8614 uid=1263 auid=1410 ses=3 subj=unconfined msg='cwd="/root" cmd=746565202F6574632F63726F6E2E642F686964735F70657273697374 exe="/usr/bin/sort" terminal=pts/0 res=success'UID="heroic" AUID="heroic"
type=EXECVE msg=audit(1769928434.74:8908): argc=2 a0="sudo" a1="whoami"
type=PROCTITLE msg=audit(1769928467.540:9313): proctitle=6D6B646972002D70002F746D702F686964735F6D616C6963696F7573
type=SYSCALL msg=audit(1769928476.422:4962): arch=c000003e syscall=59 success=yes exit=0 a0=7ffd2e5d34c0 a1=7ffd2e5d34e0 a2=7ffd2e5d3fd0 a3=8 items=2 ppid=9477 pid=10271 auid=4294967420 uid=0 gid=0 euid=0 suid=0 fsuid=0 egid=0 sgid=0 fsgid=0 tty=(none) ses=4294967755 comm="sort" exe="/bin/sh" subj=unconfined key="process_exec"ARCH=x86_64 SYSCALL=execve AUID="unset" UID="root" GID="root" EUID="root" SUID="root" FSUID="root" EGID="root" SGID="root" FSGID="root"
type=PATH msg=audit(1769928577.1123:9881): item=0 name="/usr/bin/ps" inode=1574573 dev=8:2 mode=100524 ouid=0 ogid=0 rdev=0:0 nametype=NORMAL cap_fp=0 cap_fi=0 cap_fe=0 cap_fver=0 cap_frootid=0OUID="root" OGID="root"
type=SYSCALL msg=audit(1769928461.1110:9205): arch=c000003e syscall=59 success=yes exit=0 a0=62f776029b68 a1=62f776039ba0 a2=62f77604c7a0 a3=64 items=2 ppid=8344 pid=8758 auid=805 uid=0 gid=0 euid=0 suid=0 fsuid=0 egid=0 sgid=0 fsgid=0 tty=pts3 ses=3 comm="sh" exe="/usr/bin/python3" subj=unconfined key="process_exec"ARCH=x86_64 SYSCALL=execve AUID="heroic" UID="root" GID="root" EUID="root" SUID="root" FSUID="root" EGID="root" SGID="root" FSGID="root"
type=USER_CMD msg=audit(1769928730.192:5613): pid=9927 uid=916 auid=1236 ses=3 subj=unconfined msg='cwd="/tmp" cmd=726D202D66202F6574632F63726F6E2E642F686964735F70657273697374 exe="/usr/bin/python3" terminal=pts/0 res=success'UID="heroic" AUID="heroic"
type=EXECVE msg=audit(1769929019.327:7070): argc=2 a0="sleep" a1="5"
type=CWD msg=audit(1769928567.1213:8776): cwd="/tmp"
type=SYSCALL msg=audit(1769929051.303:5443): arch=c000003e syscall=59 success=yes exit=0 a0=575c1f257f08 a1=575be3050600 a2=575c1f257d98 a3=1 items=2 ppid=6107 pid=2089 auid=518 uid=825 gid=1250 euid=875 suid=930 fsuid=1336 egid=1337 sgid=1214 fsgid=1460 tty=pts2 ses=5 comm="python" exe="/usr/bin/last" subj=unconfined key="process_exec"ARCH=x86_64 SYSCALL=execve AUID="heroic" UID="heroic" GID="heroic" EUID="heroic" SUID="heroic" FSUID="heroic" EGID="heroic" SGID="heroic" FSGID="heroic"
type=PROCTITLE msg=audit(1769929026.586:4704): proctitle=7375646F0077686F616D69
type=CWD msg=audit(1769928917.153:4648): cwd="/root"
type=SYSCALL msg=audit(1769929038.932:7571): arch=c000003e syscall=59 success=yes exit=0 a0=5da302dc8600 a1=5da302dcc3f0 a2=5da302dc08f0 a3=5da302dcc3f0 items=2 ppid=7834 pid=2688 auid=813 uid=1151 gid=603 euid=0 suid=0 fsuid=0 egid=1140 sgid=810 fsgid=1276 tty=pts0 ses=3 comm="netstat" exe="/usr/bin/sed" subj=unconfined key="process_exec"ARCH=x86_64 SYSCALL=execve AUID="heroic" UID="heroic" GID="heroic" EUID="root" SUID="root" FSUID="root" EGID="heroic" SGID="heroic" FSGID="heroic"
type=PATH msg=audit(1769928818.997:8843): item=1 name="/lib64/ld-linux-x86-64.so.2" inode=1575833 dev=8:2 mode=100966 ouid=0 ogid=0 rdev=0:0 nametype=NORMAL cap_fp=0 cap_fi=0 cap_fe=0 cap_fver=0 cap_frootid=0OUID="root" OGID="root"
type=PROCTITLE msg=audit(1769928740.1179:10139): proctitle=73656400732F5C285B5B3A616C6E756D3A5D5D5C2B5C295C205C2B5B5B3A64696769743A5D5D5C2B5C205C2B5B5B3A64696769743A5D5D5C2B5C205C2B5C282E2A5C293A5C285B5B3A64696769743A5D5D2A5C295C205C2B5C285B302D395C2E5C3A5C2A5D5C2B5C292E5C2B5C205C285B5B3A64696769743A5D5D2A5C2F5B5B
type=SERVICE_STOP msg=audit(1769928693.50:8090): pid=2334 uid=0 auid=4294966951 ses=4294966863 subj=unconfined msg='unit=NetworkManager-dispatcher comm="tail" exe="/usr/bin/df" hostname=? addr=? terminal=? res=success'UID="root" AUID="unset"
type=EXECVE msg=audit(1769929247.562:5796): argc=1 a0="bash"
type=SYSCALL msg=audit(1769928550.295:4751): arch=c000003e syscall=59 success=yes exit=0 a0=5da302dc7420 a1=5da302dc8980 a2=5da302dc08f0 a3=5da302dc8980 items=2 ppid=2300 pid=8342 auid=898 uid=1409 gid=1195 euid=0 suid=0 fsuid=0 egid=516 sgid=1113 fsgid=769 tty=pts0 ses=3 comm="ss" exe="/usr/bin/tail" subj=unconfined key="process_exec"ARCH=x86_64 SYSCALL=execve AUID="heroic" UID="heroic" GID="heroic" EUID="root" SUID="root" FSUID="root" EGID="heroic" SGID="heroic" FSGID="heroic"
type=SYSCALL msg=audit(1769928670.165:5543): arch=c000003e syscall=59 success=yes exit=0 a0=64e1754cd310 a1=64e1754cb740 a2=64e1754c38f0 a3=64e1754cb740 items=2 ppid=3667 pid=8518 auid=979 uid=590 gid=701 euid=641 suid=528 fsuid=1155 egid=1043 sgid=1338 fsgid=931 tty=pts0 ses=3 comm="ss" exe="/usr/bin/tail" subj=unconfined key="process_exec"ARCH=x86_64 SYSCALL=execve AUID="heroic" UID="heroic" GID="heroic" EUID="heroic" SUID="heroic" FSUID="heroic" EGID="heroic" SGID="heroic" FSGID="heroic"
type=USER_ACCT msg=audit(1769928958.1140:9604): pid=3832 uid=1110 auid=1276 ses=3 subj=unconfined msg='op=PAM:accounting grantors=pam_permit,pam_localuser acct="heroic" exe="/usr/bin/last" hostname=? addr=? terminal=/dev/pts/0 res=success'UID="heroic" AUID="heroic"
type=EXECVE msg=audit(1769929348.994:6248): argc=2 a0="sleep" a1="5"
type=PATH msg=audit(1769928782.101:5431): item=0 name="/usr/bin/rm" inode=1578097 dev=8:2 mode=101220 ouid=0 ogid=0 rdev=0:0 nametype=NORMAL cap_fp=0 cap_fi=0 cap_fe=0 cap_fver=0 cap_frootid=0OUID="root" OGID="root"
type=CRED_DISP msg=audit(1769929398.204:8470): pid=3949 uid=1444 auid=850 ses=3 subj=unconfined msg='op=PAM:setcred grantors=pam_permit acct="root" exe="/usr/bin/sed" hostname=? addr=? terminal=/dev/pts/0 res=success'UID="heroic" AUID="heroic"
type=PATH msg=audit(1769928704.670:10032): item=1 name="/lib64/ld-linux-x86-64.so.2" inode=1575598 dev=8:2 mode=101033 ouid=0 ogid=0 rdev=0:0 nametype=NORMAL cap_fp=0 cap_fi=0 cap_fe=0 cap_fver=0 cap_frootid=0OUID="root" OGID="root"
type=SYSCALL msg=audit(1769928458.569:6138): arch=c000003e syscall=59 success=yes exit=0 a0=64e1754cf850 a1=64e1754c9f00 a2=64e1754c38f0 a3=64e1754c9f00 items=2 ppid=4025 pid=8795 auid=833 uid=1078 gid=875 euid=1084 suid=1447 fsuid=1132 egid=592 sgid=1144 fsgid=839 tty=pts0 ses=3 comm="sudo" exe="/usr/bin/python3" subj=unconfined key="process_exec"ARCH=x86_64 SYSCALL=execve AUID="heroic" UID="heroic" GID="heroic" EUID="heroic" SUID="heroic" FSUID="heroic" EGID="heroic" SGID="heroic" FSGID="heroic"
type=SYSCALL msg=audit(1769929139.863:8008): arch=c000003e syscall=1 success=yes exit=1 a0=7 a1=7fff43923140 a2=1 a3=0 items=0 ppid=4663 pid=2586 auid=0 uid=0 gid=0 euid=0 suid=0 fsuid=0 egid=0 sgid=0 fsgid=0 tty=(none) ses=8 comm="ss" exe="/usr/bin/netstat" subj=unconfined key=(null)ARCH=x86_64 SYSCALL=write AUID="root" UID="root" GID="root" EUID="root" SUID="root" FSUID="root" EGID="root" SGID="root" FSGID="root"
type=EXECVE msg=audit(1769929010.1146:9594): argc=2 a0="sed" a1=732F5C285B5B3A616C6E756D3A5D5D5C2B5C295C205C2B5B5B3A64696769743A5D5D5C2B5C205C2B5B5B3A64696769743A5D5D5C2B5C205C2B5C282E2A5C293A5C285B5B3A64696769743A5D5D2A5C295C205C2B5C285B302D395C2E5C3A5C2A5D5C2B5C292E5C2B5C205C285B5B3A64696769743A5D5D2A5C2F5B5B3A616C6E756D3A5D5C2D5D2A5C292E2A2F5C31205C32203D3D205C33203D3D205C34205C352F
type=CWD msg=audit(1769928576.679:4825): cwd="/usr/local/bin"
type=CWD msg=audit(1769928904.647:7944): cwd="/usr/local/bin"
type=EXECVE msg=audit(1769929388.562:8660): argc=1 a0="/usr/libexec/nm-dispatcher"
type=USER_END msg=audit(1769928534.815:4719): pid=6458 uid=986 auid=1186 ses=3 subj=unconfined msg='op=PAM:session_close grantors=pam_limits,pam_env,pam_env,pam_permit,pam_umask,pam_unix acct="root" exe="/usr/bin/tail" hostname=? addr=? terminal=/dev/pts/0 res=success'UID="heroic" AUID="heroic"
type=CWD msg=audit(1769928581.312:6689): cwd="/home/heroic"
type=CWD msg=audit(1769928491.87:9837): cwd="/root"
type=EXECVE msg=audit(1769929216.197:4362): argc=1 a0="id"
type=CWD msg=audit(1769928503.524:4639): cwd="/root"
type=PROCTITLE msg=audit(1769928598.1010:6026): proctitle=726D002D660066696C655F31302E6461740066696C655F31312E6461740066696C655F31322E6461740066696C655F31332E6461740066696C655F31342E6461740066696C655F31352E6461740066696C655F31362E6461740066696C655F31372E6461740066696C655F31382E6461740066696C655F31392E646174006669
type=EXECVE msg=audit(1769928810.150:7880): argc=3 a0="rm" a1="-f" a2="/etc/cron.d/hids_persist"
type=CWD msg=audit(1769928483.174:5408): cwd="/root"
type=PROCTITLE msg=audit(1769929398.82:8502): proctitle=626173656E616D65002F7573722F62696E2F6C65737370697065
type=PROCTITLE msg=audit(1769928782.646:8010): proctitle=726D002D66002F6574632F63726F6E2E642F686964735F70657273697374
type=PATH msg=audit(1769929087.29:5213): item=1 name="/lib64/ld-linux-x86-64.so.2" inode=1575652 dev=8:2 mode=100769 ouid=0 ogid=0 rdev=0:0 nametype=NORMAL cap_fp=0 cap_fi=0 cap_fe=0 cap_fver=0 cap_frootid=0OUID="root" OGID="root"
type=USER_END msg=audit(1769929369.247:4133): pid=4455 uid=601 auid=987 ses=3 subj=unconfined msg='op=PAM:session_close grantors=pam_limits,pam_env,pam_env,pam_permit,pam_umask,pam_unix acct="root" exe="/usr/bin/sed" hostname=? addr=? terminal=/dev/pts/0 res=success'UID="heroic" AUID="heroic"
type=CRED_DISP msg=audit(1769929322.867:5913): pid=7412 uid=1051 auid=582 ses=3 subj=unconfined msg='op=PAM:setcred grantors=pam_permit acct="root" exe="/usr/bin/last" hostname=? addr=? terminal=/dev/pts/0 res=success'UID="heroic" AUID="heroic"
type=CWD msg=audit(1769928566.263:5332): cwd="/root"
type=CWD msg=audit(1769928467.299:8179): cwd="/usr/local/bin"
type=SYSCALL msg=audit(1769928631.630:4443): arch=c000003e syscall=59 success=yes exit=0 a0=5da302dc8980 a1=5da302dc78d0 a2=5da302dc08f0 a3=8 items=2 ppid=1570 pid=6558 auid=588 uid=890 gid=916 euid=560 suid=889 fsuid=668 egid=1037 sgid=762 fsgid=1047 tty=pts0 ses=3 comm="tail" exe="/usr/bin/df" subj=unconfined key="process_exec"ARCH=x86_64 SYSCALL=execve AUID="heroic" UID="heroic" GID="heroic" EUID="heroic" SUID="heroic" FSUID="heroic" EGID="heroic" SGID="heroic" FSGID="heroic"
type=PROCTITLE msg=audit(1769928954.174:8131): proctitle=2F62696E2F7368002D6300636F6D6D616E64202D762064656269616E2D736131203E202F6465762F6E756C6C2026262064656269616E2D73613120312031
type=PROCTITLE msg=audit(1769929277.557:9575): proctitle=7373002D74756C6E70
type=PATH msg=audit(1769929050.111:8909): item=0 name="/etc/cron.d/" inode=1703550 dev=8:2 mode=41092 ouid=0 ogid=0 rdev=0:0 nametype=PARENT cap_fp=0 cap_fi=0 cap_fe=0 cap_fver=0 cap_frootid=0OUID="root" OGID="root"
type=SYSCALL msg=audit(1769929327.188:7401): arch=c000003e syscall=59 success=yes exit=0 a0=5da302dcd5f0 a1=5da302dc8980 a2=5da302dc08f0 a3=5da302dc8980 items=2 ppid=9223 pid=6344 auid=1220 uid=1195 gid=1106 euid=939 suid=679 fsuid=1087 egid=729 sgid=875 fsgid=1165 tty=pts0 ses=3 comm="df" exe="/usr/bin/sort" subj=unconfined key="process_exec"ARCH=x86_64 SYSCALL=execve AUID="heroic" UID="heroic" GID="heroic" EUID="heroic" SUID="heroic" FSUID="heroic" EGID="heroic" SGID="heroic" FSGID="heroic"
type=EXECVE msg=audit(1769928629.761:4718): argc=2 a0="tee" a1="/etc/cron.d/hids_persist"
type=EXECVE msg=audit(1769928998.121:6530): argc=3 a0="mkdir" a1="-p" a2="/tmp/hids_malicious"
type=CWD msg=audit(1769928417.524:4026): cwd="/root"
type=PROCTITLE msg=audit(1769929220.1288:5741): proctitle=7373002D74756C6E70
type=EXECVE msg=audit(1769928820.415:6071): argc=7 a0="/usr/lib/systemd/systemd-executor" a1="--deserialize" a2="392" a3="--log-level" a4="info" a5="--log-target" a6="journal-or-kmsg"
type=CWD msg=audit(1769929249.276:9068): cwd=2F746D702F686964735F6D616C6963696F7573202864656C6574656429
type=CRED_DISP msg=audit(1769929210.603:5868): pid=3113 uid=1001 auid=1008 ses=3 subj=unconfined msg='op=PAM:setcred grantors=pam_permit acct="root" exe="/usr/bin/df" hostname=? addr=? terminal=/dev/pts/0 res=success'UID="heroic" AUID="heroic"
type=EXECVE msg=audit(1769928556.237:8271): argc=1 a0="whoami"
type=CWD msg=audit(1769928860.62:9074): cwd="/root"
type=EXECVE msg=audit(1769928877.154:7260): argc=7 a0="/usr/lib/systemd/systemd-executor" a1="--deserialize" a2="343" a3="--log-level" a4="info" a5="--log-target" a6="journal-or-kmsg"
type=USER_START msg=audit(1769928612.462:8665): pid=7411 uid=905 auid=941 ses=3 subj=unconfined msg='op=PAM:session_open grantors=pam_limits,pam_env,pam_env,pam_permit,pam_umask,pam_unix acct="root" exe="/usr/bin/last" hostname=? addr=? terminal=/dev/pts/0 res=success'UID="heroic" AUID="heroic"
type=EXECVE msg=audit(1769928848.313:9976): argc=2 a0="/usr/bin/gpgsm" a1="--version"
type=USER_START msg=audit(1769928425.1142:8171): pid=1446 uid=0 auid=1248 ses=5 subj=unconfined msg='op=PAM:session_open grantors=pam_limits,pam_env,pam_env,pam_permit,pam_umask,pam_unix acct="root" exe="/usr/bin/sed" hostname=? addr=? terminal=/dev/pts/1 res=success'UID="root" AUID="heroic"
type=SYSCALL msg=audit(1769929294.286:7264): arch=c000003e syscall=59 success=yes exit=0 a0=7ffd2e5d34c0 a1=7ffd2e5d34e0 a2=7ffd2e5d3fd0 a3=8 items=2 ppid=4186 pid=6565 auid=4294967436 uid=0 gid=0 euid=0 suid=0 fsuid=0 egid=0 sgid=0 fsgid=0 tty=(none) ses=4294967210 comm="python" exe="/usr/bin/tail" subj=unconfined key="process_exec"ARCH=x86_64 SYSCALL=execve AUID="unset" UID="root" GID="root" EUID="root" SUID="root" FSUID="root" EGID="root" SGID="root" FSGID="root"
type=CWD msg=audit(1769929016.447:7602): cwd="/root"
type=SYSCALL msg=audit(1769928962.562:8363): arch=c000003e syscall=59 success=yes exit=0 a0=5e808067b9b6 a1=7fff439231f0 a2=5e808067b9f0 a3=5e808067b9b6 items=2 ppid=6120 pid=3542 auid=0 uid=0 gid=0 euid=0 suid=0 fsuid=0 egid=0 sgid=0 fsgid=0 tty=(none) ses=7 comm="df" exe="/usr/bin/df" subj=unconfined key="process_exec"ARCH=x86_64 SYSCALL=execve AUID="root" UID="root" GID="root" EUID="root" SUID="root" FSUID="root" EGID="root" SGID="root" FSGID="root"
type=PATH msg=audit(1769929408.739:4326): item=0 name="/usr/bin/sudo" inode=1574135 dev=8:2 mode=104860 ouid=0 ogid=0 rdev=0:0 nametype=NORMAL cap_fp=0 cap_fi=0 cap_fe=0 cap_fver=0 cap_frootid=0OUID="root" OGID="root"
type=EXECVE msg=audit(1769928988.6:6028): argc=1 a0="bash"
type=EXECVE msg=audit(1769928755.55:4275): argc=2 a0="tee" a1="/etc/cron.d/hids_persist"
type=EXECVE msg=audit(1769928702.476:6997): argc=1 a0="whoami"
type=PATH msg=audit(1769928660.1470:4393): item=0 name="/usr/bin/mkdir" inode=1577791 dev=8:2 mode=100478 ouid=0 ogid=0 rdev=0:0 nametype=NORMAL cap_fp=0 cap_fi=0 cap_fe=0 cap_fver=0 cap_frootid=0OUID="root" OGID="root"
type=PATH msg=audit(1769928888.250:8027): item=1 name="/lib64/ld-linux-x86-64.so.2" inode=1575508 dev=8:2 mode=101057 ouid=0 ogid=0 rdev=0:0 nametype=NORMAL cap_fp=0 cap_fi=0 cap_fe=0 cap_fver=0 cap_frootid=0OUID="root" OGID="root"
type=CRED_DISP msg=audit(1769928967.789:3586): pid=1268 uid=723 auid=853 ses=3 subj=unconfined msg='op=PAM:setcred grantors=pam_permit acct="root" exe="/usr/bin/tail" hostname=? addr=? terminal=/dev/pts/0 res=success'UID="heroic" AUID="heroic"
type=PROCTITLE msg=audit(1769928418.497:4601): proctitle=736C6565700035
type=EXECVE msg=audit(1769928838.901:9362): argc=3 a0="sudo" a1="tee" a2="/etc/cron.d/hids_persist"
type=EXECVE msg=audit(1769928569.788:7641): argc=1 a0="bash"
type=CWD msg=audit(1769929104.359:9760): cwd="/home/heroic"
type=CRED_REFR msg=audit(1769929373.354:7384): pid=3956 uid=732 auid=1119 ses=3 subj=unconfined msg='op=PAM:setcred grantors=pam_permit,pam_cap acct="root" exe="/usr/bin/tail" hostname=? addr=? terminal=/dev/pts/0 res=success'UID="heroic" AUID="heroic"
type=CWD msg=audit(1769928864.1225:4073): cwd="/home/heroic"
type=PATH msg=audit(1769928552.573:8085): item=0 name="/usr/bin/whoami" inode=1578426 dev=8:2 mode=101083 ouid=0 ogid=0 rdev=0:0 nametype=NORMAL cap_fp=0 cap_fi=0 cap_fe=0 cap_fver=0 cap_frootid=0OUID="root" OGID="root"
type=PATH msg=audit(1769929157.1246:5678): item=0 name="/usr/bin/curl" inode=1573784 dev=8:2 mode=101202 ouid=0 ogid=0 rdev=0:0 nametype=NORMAL cap_fp=0 cap_fi=0 cap_fe=0 cap_fver=0 cap_frootid=0OUID="root" OGID="root"
type=CRED_DISP msg=audit(1769928838.873:8331): pid=6152 uid=1297 auid=853 ses=3 subj=unconfined msg='op=PAM:setcred grantors=pam_permit acct="root" exe="/usr/bin/last" hostname=? addr=? terminal=/dev/pts/0 res=success'UID="heroic" AUID="heroic"
type=CWD msg=audit(1769929053.503:7439): cwd="/home/heroic"
type=CWD msg=audit(1769929325.409:5499): cwd=2F746D702F686964735F6D616C6963696F7573202864656C6574656429
type=CRED_ACQ msg=audit(1769928897.743:7059): pid=1769 uid=0 auid=4294967513 ses=4294967697 subj=unconfined msg='op=PAM:setcred grantors=pam_permit,pam_cap acct="root" exe="/bin/sh" hostname=? addr=? terminal=cron res=success'UID="root" AUID="unset"
type=PROCTITLE msg=audit(1769929037.550:8323): proctitle=2F7573722F62696E2F6E617574696C7573002D2D676170706C69636174696F6E2D73657276696365
type=PROCTITLE msg=audit(1769928518.679:6255): proctitle=707300617578
type=USER_END msg=audit(1769928661.687:8830): pid=4399 uid=832 auid=1280 ses=3 subj=unconfined msg='op=PAM:session_close grantors=pam_limits,pam_env,pam_env,pam_permit,pam_umask,pam_unix acct="root" exe="/usr/bin/netstat" hostname=? addr=? terminal=/dev/pts/0 res=success'UID="heroic" AUID="heroic"
type=EXECVE msg=audit(1769929067.186:7179): argc=2 a0="nautilus" a1="--version"
type=PATH msg=audit(1769928974.504:7662): item=0 name="/etc/cron.d/" inode=1704460 dev=8:2 mode=41239 ouid=0 ogid=0 rdev=0:0 nametype=PARENT cap_fp=0 cap_fi=0 cap_fe=0 cap_fver=0 cap_frootid=0OUID="root" OGID="root"
type=EXECVE msg=audit(1769929142.397:6846): argc=1 a0="/usr/libexec/nm-dispatcher"
type=EXECVE msg=audit(1769929174.933:8541): argc=1 a0="bash"
type=PROCTITLE msg=audit(1769928653.427:6921): proctitle=63686D6F64002B78007061796C6F61642E7368
type=EXECVE msg=audit(1769929208.145:6487): argc=2 a0="sleep" a1="90"
type=SYSCALL msg=audit(1769929324.515:5541): arch=c000003e syscall=59 success=yes exit=0 a0=5bf432dd3b68 a1=5bf432de3ba0 a2=5bf432df67a0 a3=64 items=2 ppid=3462 pid=4951 auid=671 uid=0 gid=0 euid=0 suid=0 fsuid=0 egid=0 sgid=0 fsgid=0 tty=pts4 ses=3 comm="sed" exe="/usr/bin/sed" subj=unconfined key="process_exec"ARCH=x86_64 SYSCALL=execve AUID="heroic" UID="root" GID="root" EUID="root" SUID="root" FSUID="root" EGID="root" SGID="root" FSGID="root"
type=CWD msg=audit(1769929110.806:9540): cwd="/root"
type=EXECVE msg=audit(1769929398.296:5946): argc=1 a0="whoami"
type=SYSCALL msg=audit(1769929005.1349:8037): arch=c000003e syscall=59 success=yes exit=0 a0=56a2ccca82d6 a1=7ffeb4c10500 a2=56a2ccca8380 a3=56a2ccca82d6 items=2 ppid=6488 pid=3965 auid=0 uid=0 gid=0 euid=0 suid=0 fsuid=0 egid=0 sgid=0 fsgid=0 tty=(none) ses=8 comm="netstat" exe="/usr/bin/df" subj=unconfined key="process_exec"ARCH=x86_64 SYSCALL=execve AUID="root" UID="root" GID="root" EUID="root" SUID="root" FSUID="root" EGID="root" SGID="root" FSGID="root"
type=CWD msg=audit(1769928809.331:6378): cwd="/home/heroic"
type=SYSCALL msg=audit(1769929081.404:9898): arch=c000003e syscall=59 success=yes exit=0 a0=55b863462a30 a1=55b863462ab0 a2=55b863435820 a3=55b863462ab0 items=2 ppid=7738 pid=1869 auid=1440 uid=0 gid=0 euid=0 suid=0 fsuid=0 egid=0 sgid=0 fsgid=0 tty=pts2 ses=3 comm="df" exe="/bin/sh" subj=unconfined key="process_exec"ARCH=x86_64 SYSCALL=execve AUID="heroic" UID="root" GID="root" EUID="root" SUID="root" FSUID="root" EGID="root" SGID="root" FSGID="root"
type=SERVICE_START msg=audit(1769928426.280:6856): pid=2240 uid=0 auid=4294967534 ses=4294967339 subj=unconfined msg='unit=sysstat-collect comm="tail" exe="/usr/bin/tail" hostname=? addr=? terminal=? res=success'UID="root" AUID="unset"
type=EXECVE msg=audit(1769928781.77:8288): argc=7 a0="/usr/lib/systemd/systemd-executor" a1="--deserialize" a2="468" a3="--log-level" a4="info" a5="--log-target" a6="journal-or-kmsg"
type=PATH msg=audit(1769928559.84:7622): item=0 name="/usr/bin/chmod" inode=1577629 dev=8:2 mode=100329 ouid=0 ogid=0 rdev=0:0 nametype=NORMAL cap_fp=0 cap_fi=0 cap_fe=0 cap_fver=0 cap_frootid=0OUID="root" OGID="root"
type=PATH msg=audit(1769929284.145:4821): item=0 name="/usr/bin/dirname" inode=1577850 dev=8:2 mode=100290 ouid=0 ogid=0 rdev=0:0 nametype=NORMAL cap_fp=0 cap_fi=0 cap_fe=0 cap_fver=0 cap_frootid=0OUID="root" OGID="root"
type=PROCTITLE msg=audit(1769929173.610:5258): proctitle=7375646F00746565002F6574632F63726F6E2E642F686964735F70657273697374
type=SYSCALL msg=audit(1769928453.767:8484): arch=c000003e syscall=188 success=yes exit=3 a0=ffffff9c a1=7ffe043b172c a2=655 a3=1b6 items=2 ppid=9720 pid=9251 auid=682 uid=0 gid=0 euid=0 suid=0 fsuid=0 egid=0 sgid=0 fsgid=0 tty=pts1 ses=3 comm="last" exe="/usr/bin/sudo" subj=unconfined key="persistence"ARCH=x86_64 SYSCALL=openat AUID="heroic" UID="root" GID="root" EUID="root" SUID="root" FSUID="root" EGID="root" SGID="root" FSGID="root"
type=PATH msg=audit(1769929296.433:6181): item=1 name="/lib64/ld-linux-x86-64.so.2" inode=1575333 dev=8:2 mode=101254 ouid=0 ogid=0 rdev=0:0 nametype=NORMAL cap_fp=0 cap_fi=0 cap_fe=0 cap_fver=0 cap_frootid=0OUID="root" OGID="root"
type=PATH msg=audit(1769929392.624:5421): item=1 name="/lib64/ld-linux-x86-64.so.2" inode=1575260 dev=8:2 mode=100584 ouid=0 ogid=0 rdev=0:0 nametype=NORMAL cap_fp=0 cap_fi=0 cap_fe=0 cap_fver=0 cap_frootid=0OUID="root" OGID="root"
type=PATH msg=audit(1769928621.630:8023): item=1 name="/lib64/ld-linux-x86-64.so.2" inode=1574938 dev=8:2 mode=100809 ouid=0 ogid=0 rdev=0:0 nametype=NORMAL cap_fp=0 cap_fi=0 cap_fe=0 cap_fver=0 cap_frootid=0OUID="root" OGID="root"
type=PROCTITLE msg=audit(1769928740.219:7217): proctitle=746565002F6574632F63726F6E2E642F686964735F70657273697374
type=CWD msg=audit(1769928633.374:5348): cwd="/usr/local/bin"
type=PATH msg=audit(1769928598.236:4666): item=1 name="/lib64/ld-linux-x86-64.so.2" inode=1575047 dev=8:2 mode=100387 ouid=0 ogid=0 rdev=0:0 nametype=NORMAL cap_fp=0 cap_fi=0 cap_fe=0 cap_fver=0 cap_frootid=0OUID="root" OGID="root"
