type=PROCTITLE msg=audit(1769928695.12:8444): proctitle=63686D6F64002B78007061796C6F61642E7368
type=PROCTITLE msg=audit(1769928860.1088:6596): proctitle=6D6B646972002D70002F746D702F686964735F6D616C6963696F7573
type=PROCTITLE msg=audit(1769928740.1006:9093): proctitle=746565002F6574632F63726F6E2E642F686964735F70657273697374
type=PATH msg=audit(1769929086.30:9322): item=1 name="/lib64/ld-linux-x86-64.so.2" inode=1574865 dev=8:2 mode=101020 ouid=0 ogid=0 rdev=0:0 nametype=NORMAL cap_fp=0 cap_fi=0 cap_fe=0 cap_fver=0 cap_frootid=0OUID="root" OGID="root"
type=PATH msg=audit(1769928457.517:7423): item=1 name="/etc/cron.d/hids_persist" inode=1703839 dev=8:2 mode=100374 ouid=0 ogid=0 rdev=0:0 nametype=CREATE cap_fp=0 cap_fi=0 cap_fe=0 cap_fver=0 cap_frootid=0OUID="root" OGID="root"
type=PATH msg=audit(1769928998.411:7010): item=0 name="/usr/bin/rm" inode=1578017 dev=8:2 mode=100604 ouid=0 ogid=0 rdev=0:0 nametype=NORMAL cap_fp=0 cap_fi=0 cap_fe=0 cap_fver=0 cap_frootid=0OUID="root" OGID="root"
type=PATH msg=audit(1769929156.672:4691): item=0 name="/usr/bin/ss" inode=1574648 dev=8:2 mode=100994 ouid=0 ogid=0 rdev=0:0 nametype=NORMAL cap_fp=0 cap_fi=0 cap_fe=0 cap_fver=0 cap_frootid=0OUID="root" OGID="root"
type=PATH msg=audit(1769929023.596:5130): item=1 name="/lib64/ld-linux-x86-64.so.2" inode=1575330 dev=8:2 mode=100487 ouid=0 ogid=0 rdev=0:0 nametype=NORMAL cap_fp=0 cap_fi=0 cap_fe=0 cap_fver=0 cap_frootid=0OUID="root" OGID="root"
type=EXECVE msg=audit(1769928822.286:6981): argc=1 a0="whoami"
type=PROCTITLE msg=audit(1769928486.401:9896): proctitle=63686D6F64002B78007061796C6F61642E7368
type=PATH msg=audit(1769928846.582:4813): item=1 name="/lib64/ld-linux-x86-64.so.2" inode=1575263 dev=8:2 mode=100841 ouid=0 ogid=0 rdev=0:0 nametype=NORMAL cap_fp=0 cap_fi=0 cap_fe=0 cap_fver=0 cap_frootid=0OUID="root" OGID="root"
type=PATH msg=audit(1769929394.789:10399): item=0 name="/usr/bin/sudo" inode=1574715 dev=8:2 mode=105178 ouid=0 ogid=0 rdev=0:0 nametype=NORMAL cap_fp=0 cap_fi=0 cap_fe=0 cap_fver=0 cap_frootid=0OUID="root" OGID="root"
type=PROCTITLE msg=audit(1769928461.668:4616): proctitle="id"
type=PROCTITLE msg=audit(1769928676.498:10317): proctitle="id"
type=CWD msg=audit(1769929064.154:6166): cwd="/usr/local/bin"
type=SYSCALL msg=audit(1769929129.971:5229): arch=c000003e syscall=59 success=yes exit=0 a0=64e1754cfbb0 a1=64e1754cfb90 a2=64e1754c38f0 a3=64e1754cfb90 items=2 ppid=1566 pid=8222 auid=670 uid=1487 gid=836 euid=0 suid=0 fsuid=0 egid=1065 sgid=1191 fsgid=952 tty=pts0 ses=3 comm="sh" exe="/bin/sh" subj=unconfined key="process_exec"ARCH=x86_64 SYSCALL=execve AUID="heroic" UID="heroic" GID="heroic" EUID="root" SUID="root" FSUID="root" EGID="heroic" SGID="heroic" FSGID="heroic"
type=CRED_REFR msg=audit(1769929213.917:8164): pid=4803 uid=1319 auid=967 ses=3 subj=unconfined msg='op=PAM:setcred grantors=pam_permit,pam_cap acct="root" exe="/usr/bin/sort" hostname=? addr=? terminal=/dev/pts/0 res=success'UID="heroic" AUID="heroic"
type=SYSCALL msg=audit(1769928868.518:8624): arch=c000003e syscall=59 success=yes exit=0 a0=56bd1acacb68 a1=56bd1acc1500 a2=56bd1ad503c0 a3=64 items=2 ppid=10070 pid=2321 auid=790 uid=0 gid=0 euid=0 suid=0 fsuid=0 egid=0 sgid=0 fsgid=0 tty=pts3 ses=5 comm="ss" exe="/usr/bin/sed" subj=unconfined key="process_exec"ARCH=x86_64 SYSCALL=execve AUID="heroic" UID="root" GID="root" EUID="root" SUID="root" FSUID="root" EGID="root" SGID="root" FSGID="root"
type=PROCTITLE msg=audit(1769928414.687:7461): proctitle=726D002D66002F6574632F63726F6E2E642F686964735F70657273697374
type=CWD msg=audit(1769928856.184:8031): cwd="/tmp"
type=SYSCALL msg=audit(1769928730.827:8136): arch=c000003e syscall=59 success=yes exit=0 a0=7ffd2e5d34c0 a1=7ffd2e5d34e0 a2=7ffd2e5d3fd0 a3=8 items=2 ppid=5603 pid=8270 auid=4294967573 uid=0 gid=0 euid=0 suid=0 fsuid=0 egid=0 sgid=0 fsgid=0 tty=(none) ses=4294967264 comm="last" exe="/usr/bin/df" subj=unconfined key="process_exec"ARCH=x86_64 SYSCALL=execve AUID="unset" UID="root" GID="root" EUID="root" SUID="root" FSUID="root" EGID="root" SGID="root" FSGID="root"
type=CWD msg=audit(1769928608.971:7713): cwd="/var/ossec"
type=PATH msg=audit(1769928999.649:9341): item=0 name="/usr/bin/tee" inode=1578522 dev=8:2 mode=100828 ouid=0 ogid=0 rdev=0:0 nametype=NORMAL cap_fp=0 cap_fi=0 cap_fe=0 cap_fver=0 cap_frootid=0OUID="root" OGID="root"
type=PROCTITLE msg=audit(1769929225.669:8642): proctitle=2F7573722F6C69622F73797374656D642F73797374656D642D6578656375746F72002D2D646573657269616C697A6500313139002D2D6C6F672D6C6576656C00696E666F002D2D6C6F672D746172676574006A6F75726E616C2D6F722D6B6D7367
type=CWD msg=audit(1769929086.94:4583): cwd="/usr/local/bin"
type=PROCTITLE msg=audit(1769928929.877:7031): proctitle=2F7573722F6C69622F73797374656D642F73797374656D642D6578656375746F72002D2D646573657269616C697A6500313139002D2D6C6F672D6C6576656C00696E666F002D2D6C6F672D746172676574006A6F75726E616C2D6F722D6B6D7367
type=PATH msg=audit(1769928584.242:9158): item=1 name="/lib64/ld-linux-x86-64.so.2" inode=1575219 dev=8:2 mode=100530 ouid=0 ogid=0 rdev=0:0 nametype=NORMAL cap_fp=0 cap_fi=0 cap_fe=0 cap_fver=0 cap_frootid=0OUID="root" OGID="root"
type=PROCTITLE msg=audit(1769929011.49:7888): proctitle=2F7573722F6C69622F73797374656D642F73797374656D642D6578656375746F72002D2D646573657269616C697A6500313139002D2D6C6F672D6C6576656C00696E666F002D2D6C6F672D746172676574006A6F75726E616C2D6F722D6B6D7367
type=SYSCALL msg=audit(1769929179.914:9124): arch=c000003e syscall=59 success=yes exit=0 a0=5da302dc8960 a1=5da302dced00 a2=5da302dc08f0 a3=5da302dc7460 items=2 ppid=7365 pid=840 auid=1238 uid=955 gid=1250 euid=0 suid=0 fsuid=0 egid=1289 sgid=1271 fsgid=1261 tty=pts0 ses=3 comm="sort" exe="/usr/bin/last" subj=unconfined key="process_exec"ARCH=x86_64 SYSCALL=execve AUID="heroic" UID="heroic" GID="heroic" EUID="root" SUID="root" FSUID="root" EGID="heroic" SGID="heroic" FSGID="heroic"
type=PATH msg=audit(1769928518.634:5425): item=1 name="/lib64/ld-linux-x86-64.so.2" inode=1575783 dev=8:2 mode=100658 ouid=0 ogid=0 rdev=0:0 nametype=NORMAL cap_fp=0 cap_fi=0 cap_fe=0 cap_fver=0 cap_frootid=0OUID="root" OGID="root"
type=USER_ACCT msg=audit(1769928812.492:7753): pid=892 uid=945 auid=1285 ses=3 subj=unconfined msg='op=PAM:accounting grantors=pam_permit,pam_localuser acct="heroic" exe="/usr/bin/df" hostname=? addr=? terminal=/dev/pts/0 res=success'UID="heroic" AUID="heroic"
type=PATH msg=audit(1769928588.622:7905): item=0 name="/usr/bin/tee" inode=1577996 dev=8:2 mode=100314 ouid=0 ogid=0 rdev=0:0 nametype=NORMAL cap_fp=0 cap_fi=0 cap_fe=0 cap_fver=0 cap_frootid=0OUID="root" OGID="root"
type=SYSCALL msg=audit(1769928836.479:6479): arch=c000003e syscall=59 success=yes exit=0 a0=5da302dca210 a1=5da302dc7a40 a2=5da302dc08f0 a3=5da302dc7a40 items=2 ppid=4837 pid=3439 auid=841 uid=651 gid=1095 euid=1294 suid=611 fsuid=903 egid=855 sgid=980 fsgid=642 tty=pts0 ses=3 comm="netstat" exe="/usr/bin/sudo" subj=unconfined key="process_exec"ARCH=x86_64 SYSCALL=execve AUID="heroic" UID="heroic" GID="heroic" EUID="heroic" SUID="heroic" FSUID="heroic" EGID="heroic" SGID="heroic" FSGID="heroic"
type=PATH msg=audit(1769929321.965:7191): item=0 name="/usr/lib/sysstat/sadc" inode=1581856 dev=8:2 mode=100995 ouid=0 ogid=0 rdev=0:0 nametype=NORMAL cap_fp=0 cap_fi=0 cap_fe=0 cap_fver=0 cap_frootid=0OUID="root" OGID="root"
type=SYSCALL msg=audit(1769928605.590:6360): arch=c000003e syscall=59 success=yes exit=0 a0=5da302dc37e0 a1=5da302dca1d0 a2=5da302dc08f0 a3=5da302dca1d0 items=2 ppid=7256 pid=6306 auid=831 uid=1269 gid=799 euid=549 suid=1479 fsuid=590 egid=1348 sgid=721 fsgid=1237 tty=pts0 ses=3 comm="sed" exe="/usr/bin/last" subj=unconfined key="process_exec"ARCH=x86_64 SYSCALL=execve AUID="heroic" UID="heroic" GID="heroic" EUID="heroic" SUID="heroic" FSUID="heroic" EGID="heroic" SGID="heroic" FSGID="heroic"
type=SYSCALL msg=audit(1769929267.980:6317): arch=c000003e syscall=59 success=yes exit=0 a0=5c1f39926b68 a1=5c1f39936ba0 a2=5c1f399497a0 a3=64 items=2 ppid=2376 pid=8087 auid=513 uid=0 gid=0 euid=0 suid=0 fsuid=0 egid=0 sgid=0 fsgid=0 tty=pts4 ses=3 comm="df" exe="/usr/bin/sed" subj=unconfined key="process_exec"ARCH=x86_64 SYSCALL=execve AUID="heroic" UID="root" GID="root" EUID="root" SUID="root" FSUID="root" EGID="root" SGID="root" FSGID="root"
type=CWD msg=audit(1769928884.602:5260): cwd="/tmp"
type=SYSCALL msg=audit(1769929378.941:4724): arch=c000003e syscall=59 success=yes exit=0 a0=64e1754ccb60 a1=64e1754cd190 a2=64e1754c38f0 a3=64e1754cd190 items=2 ppid=4322 pid=8450 auid=1422 uid=1454 gid=802 euid=1364 suid=1212 fsuid=1108 egid=924 sgid=1218 fsgid=909 tty=pts0 ses=3 comm="netstat" exe="/usr/bin/last" subj=unconfined key="process_exec"ARCH=x86_64 SYSCALL=execve AUID="heroic" UID="heroic" GID="heroic" EUID="heroic" SUID="heroic" FSUID="heroic" EGID="heroic" SGID="heroic" FSGID="heroic"
type=PROCTITLE msg=audit(1769928901.381:9238): proctitle=736C6565700035
type=EXECVE msg=audit(1769929188.132:6224): argc=1 a0="whoami"
type=PROCTITLE msg=audit(1769929335.640:9203): proctitle=726D002D66002F6574632F63726F6E2E642F686964735F70657273697374
type=EXECVE msg=audit(1769928677.291:4697): argc=3 a0="rm" a1="-f" a2="/etc/cron.d/hids_persist"
type=PATH msg=audit(1769928484.23:7301): item=0 name="/usr/bin/rmdir" inode=1577883 dev=8:2 mode=100600 ouid=0 ogid=0 rdev=0:0 nametype=NORMAL cap_fp=0 cap_fi=0 cap_fe=0 cap_fver=0 cap_frootid=0OUID="root" OGID="root"
type=SYSCALL msg=audit(1769928555.356:9299): arch=c000003e syscall=59 success=yes exit=0 a0=5da302dcc410 a1=5da302dc86e0 a2=5da302dc08f0 a3=8 items=2 ppid=1151 pid=1432 auid=502 uid=746 gid=1442 euid=1352 suid=1454 fsuid=506 egid=626 sgid=1304 fsgid=1451 tty=pts0 ses=3 comm="sh" exe="/usr/bin/netstat" subj=unconfined key="process_exec"ARCH=x86_64 SYSCALL=execve AUID="heroic" UID="heroic" GID="heroic" EUID="heroic" SUID="heroic" FSUID="heroic" EGID="heroic" SGID="heroic" FSGID="heroic"
type=PROCTITLE msg=audit(1769929211.1108:7545): proctitle=746565002F6574632F63726F6E2E642F686964735F70657273697374
type=EXECVE msg=audit(1769928722.22:7861): argc=2 a0="ps" a1="aux"
type=EXECVE msg=audit(1769928705.125:8201): argc=2 a0="tee" a1="/etc/cron.d/hids_persist"
type=SYSCALL msg=audit(1769929117.716:7738): arch=c000003e syscall=59 success=yes exit=0 a0=61c7fe198b68 a1=61c7fe1a8ba0 a2=61c7fe1bb340 a3=64 items=2 ppid=8705 pid=2418 auid=1282 uid=0 gid=0 euid=0 suid=0 fsuid=0 egid=0 sgid=0 fsgid=0 tty=pts4 ses=3 comm="python" exe="/usr/bin/sudo" subj=unconfined key="process_exec"ARCH=x86_64 SYSCALL=execve AUID="heroic" UID="root" GID="root" EUID="root" SUID="root" FSUID="root" EGID="root" SGID="root" FSGID="root"
type=USER_END msg=audit(1769928532.1269:8632): pid=3686 uid=0 auid=0 ses=9 subj=unconfined msg='op=PAM:session_close grantors=pam_loginuid,pam_env,pam_env,pam_permit,pam_umask,pam_unix,pam_limits acct="root" exe="/usr/bin/last" hostname=? addr=? terminal=cron res=success'UID="root" AUID="root"
type=EXECVE msg=audit(1769929033.1085:9806): argc=2 a0="ps" a1="aux"
type=EXECVE msg=audit(1769928486.959:9316): argc=1 a0="id"
type=SYSCALL msg=audit(1769928643.783:5726): arch=c000003e syscall=59 success=yes exit=0 a0=5e808067b8a6 a1=7fff439231f0 a2=5e808067b8e0 a3=5e808067b8a6 items=2 ppid=9816 pid=1047 auid=0 uid=0 gid=0 euid=0 suid=0 fsuid=0 egid=0 sgid=0 fsgid=0 tty=(none) ses=8 comm="sudo" exe="/usr/bin/last" subj=unconfined key="process_exec"ARCH=x86_64 SYSCALL=execve AUID="root" UID="root" GID="root" EUID="root" SUID="root" FSUID="root" EGID="root" SGID="root" FSGID="root"
type=PATH msg=audit(1769929293.601:7217): item=0 name="/usr/bin/whoami" inode=1578504 dev=8:2 mode=100947 ouid=0 ogid=0 rdev=0:0 nametype=NORMAL cap_fp=0 cap_fi=0 cap_fe=0 cap_fver=0 cap_frootid=0OUID="root" OGID="root"
type=PATH msg=audit(1769929314.351:6672): item=1 name="/lib64/ld-linux-x86-64.so.2" inode=1575105 dev=8:2 mode=100707 ouid=0 ogid=0 rdev=0:0 nametype=NORMAL cap_fp=0 cap_fi=0 cap_fe=0 cap_fver=0 cap_frootid=0OUID="root" OGID="root"
type=USER_START msg=audit(1769929227.455:9306): pid=2045 uid=1159 auid=877 ses=3 subj=unconfined msg='op=PAM:session_open grantors=pam_limits,pam_env,pam_env,pam_permit,pam_umask,pam_unix acct="root" exe="/usr/bin/df" hostname=? addr=? terminal=/dev/pts/0 res=success'UID="heroic" AUID="heroic"
type=PATH msg=audit(1769929023.97:7382): item=0 name="/usr/bin/sudo" inode=1573853 dev=8:2 mode=104470 ouid=0 ogid=0 rdev=0:0 nametype=NORMAL cap_fp=0 cap_fi=0 cap_fe=0 cap_fver=0 cap_frootid=0OUID="root" OGID="root"
type=PROCTITLE msg=audit(1769929189.643:4202): proctitle=2F7573722F6C69622F73797374656D642F73797374656D642D6578656375746F72002D2D646573657269616C697A6500313139002D2D6C6F672D6C6576656C00696E666F002D2D6C6F672D746172676574006A6F75726E616C2D6F722D6B6D7367
type=PATH msg=audit(1769928802.991:5427): item=0 name="/usr/bin/rm" inode=1577672 dev=8:2 mode=101124 ouid=0 ogid=0 rdev=0:0 nametype=NORMAL cap_fp=0 cap_fi=0 cap_fe=0 cap_fver=0 cap_frootid=0OUID="root" OGID="root"
type=CWD msg=audit(1769928771.473:7456): cwd="/usr/local/bin"
type=PATH msg=audit(1769928473.760:4480): item=1 name="/etc/cron.d/hids_persist" inode=1704127 dev=8:2 mode=100186 ouid=0 ogid=0 rdev=0:0 nametype=DELETE cap_fp=0 cap_fi=0 cap_fe=0 cap_fver=0 cap_frootid=0OUID="root" OGID="root"
type=SERVICE_STOP msg=audit(1769928646.795:5269): pid=6019 uid=0 auid=4294967621 ses=4294966823 subj=unconfined msg='unit=NetworkManager-dispatcher comm="last" exe="/usr/bin/sudo" hostname=? addr=? terminal=? res=success'UID="root" AUID="unset"
type=CWD msg=audit(1769928773.486:8884): cwd="/var/ossec"
type=PROCTITLE msg=audit(1769928445.1275:8672): proctitle=7375646F006370002F7661722F6C6F672F61756469742F61756469742E6C6F67002F686F6D652F6865726F69632F4465736B746F702F736372697074732D666F722D646174612D67656E65726174696F6E2F
type=EXECVE msg=audit(1769929102.365:4936): argc=4 a0="sudo" a1="rm" a2="-f" a3="/etc/cron.d/hids_persist"
type=PATH msg=audit(1769929125.282:5787): item=1 name="/lib64/ld-linux-x86-64.so.2" inode=1575163 dev=8:2 mode=100536 ouid=0 ogid=0 rdev=0:0 nametype=NORMAL cap_fp=0 cap_fi=0 cap_fe=0 cap_fver=0 cap_frootid=0OUID="root" OGID="root"
type=CWD msg=audit(1769929105.1070:5677): cwd="/tmp"
type=CWD msg=audit(1769928461.181:4630): cwd="/usr/local/bin"
type=PROCTITLE msg=audit(1769928796.811:5433): proctitle=7373002D74756C6E70
type=CRED_DISP msg=audit(1769929217.294:6948): pid=2044 uid=773 auid=646 ses=3 subj=unconfined msg='op=PAM:setcred grantors=pam_permit acct="root" exe="/bin/sh" hostname=? addr=? terminal=/dev/pts/0 res=success'UID="heroic" AUID="heroic"
type=SYSCALL msg=audit(1769929383.514:3608): arch=c000003e syscall=59 success=yes exit=0 a0=55b863435e30 a1=55b86343dca0 a2=55b863435820 a3=8 items=2 ppid=9452 pid=7176 auid=724 uid=0 gid=0 euid=0 suid=0 fsuid=0 egid=0 sgid=0 fsgid=0 tty=pts2 ses=3 comm="python" exe="/usr/bin/df" subj=unconfined key="process_exec"ARCH=x86_64 SYSCALL=execve AUID="heroic" UID="root" GID="root" EUID="root" SUID="root" FSUID="root" EGID="root" SGID="root" FSGID="root"
type=PROCTITLE msg=audit(1769928722.148:9647): proctitle=2F7573722F6C69622F73797374656D642F73797374656D642D6578656375746F72002D2D646573657269616C697A6500313139002D2D6C6F672D6C6576656C00696E666F002D2D6C6F672D746172676574006A6F75726E616C2D6F722D6B6D7367
type=PATH msg=audit(1769928967.864:6571): item=1 name="/lib64/ld-linux-x86-64.so.2" inode=1575255 dev=8:2 mode=100572 ouid=0 ogid=0 rdev=0:0 nametype=NORMAL cap_fp=0 cap_fi=0 cap_fe=0 cap_fver=0 cap_frootid=0OUID="root" OGID="root"
type=USER_CMD msg=audit(1769928485.361:6771): pid=9315 uid=1341 auid=1242 ses=3 subj=unconfined msg='cwd="/tmp" cmd=746565202F6574632F63726F6E2E642F686964735F70657273697374 exe="/usr/bin/last" terminal=pts/0 res=success'UID="heroic" AUID="heroic"
type=EXECVE msg=audit(1769928972.141:9314): argc=1 a0="whoami"
type=PATH msg=audit(1769929037.368:5645): item=0 name="/usr/bin/whoami" inode=1578013 dev=8:2 mode=100491 ouid=0 ogid=0 rdev=0:0 nametype=NORMAL cap_fp=0 cap_fi=0 cap_fe=0 cap_fver=0 cap_frootid=0OUID="root" OGID="root"
type=PATH msg=audit(1769928864.760:9270): item=0 name="/usr/bin/rmdir" inode=1577631 dev=8:2 mode=101163 ouid=0 ogid=0 rdev=0:0 nametype=NORMAL cap_fp=0 cap_fi=0 cap_fe=0 cap_fver=0 cap_frootid=0OUID="root" OGID="root"
type=EXECVE msg=audit(1769929065.682:4997): argc=4 a0="/bin/sh" a1="/usr/lib/sysstat/debian-sa1" a2="1" a3="1"
type=CRED_REFR msg=audit(1769929051.506:5808): pid=6733 uid=1034 auid=1079 ses=3 subj=unconfined msg='op=PAM:setcred grantors=pam_permit,pam_cap acct="root" exe="/bin/sh" hostname=? addr=? terminal=/dev/pts/0 res=success'UID="heroic" AUID="heroic"
type=USER_START msg=audit(1769929269.422:8633): pid=7633 uid=1079 auid=755 ses=3 subj=unconfined msg='op=PAM:session_open grantors=pam_limits,pam_env,pam_env,pam_permit,pam_umask,pam_unix acct="root" exe="/bin/sh" hostname=? addr=? terminal=/dev/pts/0 res=success'UID="heroic" AUID="heroic"
type=PATH msg=audit(1769929305.239:9342): item=1 name="/lib64/ld-linux-x86-64.so.2" inode=1575451 dev=8:2 mode=100440 ouid=0 ogid=0 rdev=0:0 nametype=NORMAL cap_fp=0 cap_fi=0 cap_fe=0 cap_fver=0 cap_frootid=0OUID="root" OGID="root"
type=USER_END msg=audit(1769929100.737:8808): pid=6623 uid=0 auid=1328 ses=5 subj=unconfined msg='op=PAM:session_close grantors=pam_limits,pam_env,pam_env,pam_permit,pam_umask,pam_unix acct="root" exe="/usr/bin/last" hostname=? addr=? terminal=/dev/pts/1 res=success'UID="root" AUID="heroic"
type=PROCTITLE msg=audit(1769929077.330:8592): proctitle=6D6B646972002D70002F746D702F686964735F6D616C6963696F7573
type=PATH msg=audit(1769929262.488:5021): item=0 name="/usr/bin/whoami" inode=1578606 dev=8:2 mode=100657 ouid=0 ogid=0 rdev=0:0 nametype=NORMAL cap_fp=0 cap_fi=0 cap_fe=0 cap_fver=0 cap_frootid=0OUID="root" OGID="root"
type=EXECVE msg=audit(1769928612.1185:4030): argc=2 a0="tee" a1="/etc/cron.d/hids_persist"
type=EXECVE msg=audit(1769929087.819:4638): argc=2 a0="sudo" a1="whoami"
type=USER_ACCT msg=audit(1769928742.1164:8812): pid=7399 uid=948 auid=1136 ses=5 subj=unconfined msg='op=PAM:accounting grantors=pam_permit,pam_localuser acct="heroic" exe="/usr/bin/last" hostname=? addr=? terminal=/dev/pts/0 res=success'UID="heroic" AUID="heroic"
type=EXECVE msg=audit(1769929407.553:7348): argc=2 a0="sudo" a1="-l"
type=EXECVE msg=audit(1769928909.350:9633): argc=2 a0="sudo" a1="-l"
type=PROCTITLE msg=audit(1769929397.1250:6542): proctitle=7375646F00726D002D66002F6574632F63726F6E2E642F686964735F70657273697374
type=SYSCALL msg=audit(1769928594.617:4888): arch=c000003e syscall=59 success=yes exit=0 a0=64e1754cd270 a1=64e1754d0f80 a2=64e1754c38f0 a3=64e1754d0f80 items=2 ppid=2979 pid=5360 auid=1206 uid=1144 gid=944 euid=0 suid=0 fsuid=0 egid=975 sgid=1060 fsgid=1236 tty=pts0 ses=3 comm="sh" exe="/usr/bin/netstat" subj=unconfined key="process_exec"ARCH=x86_64 SYSCALL=execve AUID="heroic" UID="heroic" GID="heroic" EUID="root" SUID="root" FSUID="root" EGID="heroic" SGID="heroic" FSGID="heroic"
type=EXECVE msg=audit(1769929371.849:5175): argc=3 a0="rm" a1="-f" a2="/etc/cron.d/hids_persist"
type=PATH msg=audit(1769929123.946:4754): item=1 name="/lib64/ld-linux-x86-64.so.2" inode=1575292 dev=8:2 mode=101116 ouid=0 ogid=0 rdev=0:0 nametype=NORMAL cap_fp=0 cap_fi=0 cap_fe=0 cap_fver=0 cap_frootid=0OUID="root" OGID="root"
type=EXECVE msg=audit(1769929117.558:5089): argc=58 a0="rm" a1="-f" a2="file_10.dat" a3="file_11.dat" a4="file_12.dat" a5="file_13.dat" a6="file_14.dat" a7="file_15.dat" a8="file_16.dat" a9="file_17.dat" a10="file_18.dat" a11="file_19.dat" a12="file_1.dat" a13="file_20.dat" a14="file_21.dat" a15="file_22.dat" a16="file_23.dat" a17="file_24.dat" a18="file_25.dat" a19="file_26.dat" a20="file_27.dat" a21="file_28.dat" a22="file_29.dat" a23="file_2.dat" a24="file_30.dat" a25="file_31.dat" a26="file_32.dat" a27="file_33.dat" a28="file_34.dat" a29="file_35.dat" a30="file_36.dat" a31="file_37.dat" a32="file_38.dat" a33="file_39.dat" a34="file_3.dat" a35="file_40.dat" a36="file_41.dat" a37="file_42.dat" a38="file_43.dat" a39="file_44.dat" a40="file_45.dat" a41="file_46.dat" a42="file_47.dat" a43="file_48.dat" a44="file_49.dat" a45="file_4.dat" a46="file_50.dat" a47="file_5.dat" a48="file_6.dat" a49="file_7.dat" a50="file_8.dat" a51="file_9.dat" a52="payload.sh" a53="recon.txt" a54="netstat.txt" a55="processes.txt" a56="sudo_enum.txt" a57="sudo_test.txt"
type=PROCTITLE msg=audit(1769929350.102:8628): proctitle=2F62696E2F7368002D63005B202D78202F6574632F696E69742E642F616E6163726F6E205D202626206966205B2021202D64202F72756E2F73797374656D642F73797374656D205D3B207468656E202F7573722F7362696E2F696E766F6B652D72632E6420616E6163726F6E207374617274203E2F6465762F6E756C6C3B2066
type=SYSCALL msg=audit(1769928682.897:10194): arch=c000003e syscall=59 success=yes exit=0 a0=5f4129ea3b68 a1=5f4129eb3ba0 a2=5f4129ec6340 a3=64 items=2 ppid=4839 pid=9343 auid=833 uid=0 gid=0 euid=0 suid=0 fsuid=0 egid=0 sgid=0 fsgid=0 tty=pts4 ses=3 comm="sudo" exe="/bin/sh" subj=unconfined key="process_exec"ARCH=x86_64 SYSCALL=execve AUID="heroic" UID="root" GID="root" EUID="root" SUID="root" FSUID="root" EGID="root" SGID="root" FSGID="root"
type=PATH msg=audit(1769928421.1192:7909): item=1 name="/lib64/ld-linux-x86-64.so.2" inode=1575175 dev=8:2 mode=100446 ouid=0 ogid=0 rdev=0:0 nametype=NORMAL cap_fp=0 cap_fi=0 cap_fe=0 cap_fver=0 cap_frootid=0OUID="root" OGID="root"
type=EXECVE msg=audit(1769928552.606:8067): argc=2 a0="sudo" a1="whoami"
type=CWD msg=audit(1769928564.538:8356): cwd="/var/ossec"
type=PATH msg=audit(1769928799.471:8713): item=1 name="/lib64/ld-linux-x86-64.so.2" inode=1575508 dev=8:2 mode=100505 ouid=0 ogid=0 rdev=0:0 nametype=NORMAL cap_fp=0 cap_fi=0 cap_fe=0 cap_fver=0 cap_frootid=0OUID="root" OGID="root"
type=CWD msg=audit(1769928589.683:9780): cwd="/usr/local/bin"
type=PATH msg=audit(1769929409.711:6243): item=1 name="/lib64/ld-linux-x86-64.so.2" inode=1575306 dev=8:2 mode=100834 ouid=0 ogid=0 rdev=0:0 nametype=NORMAL cap_fp=0 cap_fi=0 cap_fe=0 cap_fver=0 cap_frootid=0OUID="root" OGID="root"
type=PATH msg=audit(1769928823.76:5679): item=0 name="/usr/bin/sudo" inode=1574379 dev=8:2 mode=105150 ouid=0 ogid=0 rdev=0:0 nametype=NORMAL cap_fp=0 cap_fi=0 cap_fe=0 cap_fver=0 cap_frootid=0OUID="root" OGID="root"
type=PATH msg=audit(1769928582.412:4792): item=1 name="/lib64/ld-linux-x86-64.so.2" inode=1574890 dev=8:2 mode=100782 ouid=0 ogid=0 rdev=0:0 nametype=NORMAL cap_fp=0 cap_fi=0 cap_fe=0 cap_fver=0 cap_frootid=0OUID="root" OGID="root"
type=PATH msg=audit(1769929261.365:7689): item=1 name="/lib64/ld-linux-x86-64.so.2" inode=1575361 dev=8:2 mode=100913 ouid=0 ogid=0 rdev=0:0 nametype=NORMAL cap_fp=0 cap_fi=0 cap_fe=0 cap_fver=0 cap_frootid=0OUID="root" OGID="root"
type=PATH msg=audit(1769929055.656:6911): item=1 name="/lib64/ld-linux-x86-64.so.2" inode=1575360 dev=8:2 mode=101099 ouid=0 ogid=0 rdev=0:0 nametype=NORMAL cap_fp=0 cap_fi=0 cap_fe=0 cap_fver=0 cap_frootid=0OUID="root" OGID="root"
type=PATH msg=audit(1769928751.730:10084): item=1 name="/lib64/ld-linux-x86-64.so.2" inode=1575107 dev=8:2 mode=100956 ouid=0 ogid=0 rdev=0:0 nametype=NORMAL cap_fp=0 cap_fi=0 cap_fe=0 cap_fver=0 cap_frootid=0OUID="root" OGID="root"
type=PROCTITLE msg=audit(1769928982.1027:6656): proctitle=6375726C002D730066696C653A2F2F2F746D702F686964735F6D616C6963696F75732F7061796C6F61642E7368
type=SYSCALL msg=audit(1769929148.645:5245): arch=c000003e syscall=59 success=yes exit=0 a0=5da302dc6e20 a1=5da302dcc330 a2=5da302dc08f0 a3=8 items=2 ppid=4669 pid=7346 auid=1362 uid=1127 gid=913 euid=964 suid=1309 fsuid=1257 egid=1034 sgid=1267 fsgid=694 tty=pts0 ses=3 comm="python" exe="/usr/bin/netstat" subj=unconfined key="process_exec"ARCH=x86_64 SYSCALL=execve AUID="heroic" UID="heroic" GID="heroic" EUID="heroic" SUID="heroic" FSUID="heroic" EGID="heroic" SGID="heroic" FSGID="heroic"
type=PROCTITLE msg=audit(1769928418.700:4700): proctitle=707300617578
type=CRED_DISP msg=audit(1769929329.368:8643): pid=6298 uid=1030 auid=793 ses=3 subj=unconfined msg='op=PAM:setcred grantors=pam_permit acct="root" exe="/usr/bin/sed" hostname=? addr=? terminal=/dev/pts/0 res=success'UID="heroic" AUID="heroic"
type=EXECVE msg=audit(1769929136.90:7715): argc=1 a0=67646D2D73657373696F6E2D776F726B6572205B70616D2F67646D2D70617373776F72645D
type=PROCTITLE msg=audit(1769929285.925:5709): proctitle=736C6565700035
type=SYSCALL msg=audit(1769929022.950:9508): arch=c000003e syscall=59 success=yes exit=0 a0=7ffea52a8950 a1=7ffea52a8970 a2=7ffea52a9460 a3=8 items=2 ppid=1509 pid=4548 auid=4294967319 uid=0 gid=0 euid=0 suid=0 fsuid=0 egid=0 sgid=0 fsgid=0 tty=(none) ses=4294967173 comm="ss" exe="/bin/sh" subj=unconfined key="process_exec"ARCH=x86_64 SYSCALL=execve AUID="unset" UID="root" GID="root" EUID="root" SUID="root" FSUID="root" EGID="root" SGID="root" FSGID="root"
type=PATH msg=audit(1769929212.550:4148): item=1 name="/etc/cron.d/hids_persist" inode=1704269 dev=8:2 mode=100607 ouid=0 ogid=0 rdev=0:0 nametype=CREATE cap_fp=0 cap_fi=0 cap_fe=0 cap_fver=0 cap_frootid=0OUID="root" OGID="root"
type=CWD msg=audit(1769929369.956:9373): cwd="/tmp"
type=PATH msg=audit(1769929149.294:5637): item=1 name="/lib64/ld-linux-x86-64.so.2" inode=1575497 dev=8:2 mode=100803 ouid=0 ogid=0 rdev=0:0 nametype=NORMAL cap_fp=0 cap_fi=0 cap_fe=0 cap_fver=0 cap_frootid=0OUID="root" OGID="root"
type=CWD msg=audit(1769929302.22:6806): cwd="/usr/local/bin"
type=CWD msg=audit(1769928748.57:6322): cwd="/tmp"
type=SERVICE_STOP msg=audit(1769928966.637:8963): pid=2176 uid=0 auid=4294967011 ses=4294967442 subj=unconfined msg='unit=fwupd-refresh comm="sh" exe="/usr/bin/sort" hostname=? addr=? terminal=? res=success'UID="root" AUID="unset"
type=CRED_DISP msg=audit(1769929398.1117:8888): pid=7051 uid=551 auid=640 ses=3 subj=unconfined msg='op=PAM:setcred grantors=pam_permit acct="root" exe="/usr/bin/tail" hostname=? addr=? terminal=/dev/pts/0 res=success'UID="heroic" AUID="heroic"
type=PROCTITLE msg=audit(1769928608.1331:7087): proctitle="whoami"
type=SYSCALL msg=audit(1769928524.949:8644): arch=c000003e syscall=59 success=yes exit=0 a0=5da302dcbd10 a1=5da302dce0f0 a2=5da302dc08f0 a3=5da302dc8980 items=2 ppid=8191 pid=3376 auid=1061 uid=722 gid=655 euid=908 suid=1307 fsuid=705 egid=1004 sgid=574 fsgid=795 tty=pts0 ses=3 comm="ss" exe="/usr/bin/last" subj=unconfined key="process_exec"ARCH=x86_64 SYSCALL=execve AUID="heroic" UID="heroic" GID="heroic" EUID="heroic" SUID="heroic" FSUID="heroic" EGID="heroic" SGID="heroic" FSGID="heroic"
type=PATH msg=audit(1769928724.4:8363): item=1 name="/lib64/ld-linux-x86-64.so.2" inode=1575176 dev=8:2 mode=100322 ouid=0 ogid=0 rdev=0:0 nametype=NORMAL cap_fp=0 cap_fi=0 cap_fe=0 cap_fver=0 cap_frootid=0OUID="root" OGID="root"
type=PATH msg=audit(1769929321.6:7200): item=1 name="/lib64/ld-linux-x86-64.so.2" inode=1574844 dev=8:2 mode=101224 ouid=0 ogid=0 rdev=0:0 nametype=NORMAL cap_fp=0 cap_fi=0 cap_fe=0 cap_fver=0 cap_frootid=0OUID="root" OGID="root"
type=PROCTITLE msg=audit(1769929137.246:4214): proctitle=676A73002F7573722F73686172652F676E6F6D652D7368656C6C2F657874656E73696F6E732F64696E6740726173746572736F66742E636F6D2F6170702F64696E672E6A73002D45002D50002F7573722F73686172652F676E6F6D652D7368656C6C2F657874656E73696F6E732F64696E6740726173746572736F66742E636F
type=SERVICE_START msg=audit(1769928417.613:6142): pid=4202 uid=0 auid=4294967654 ses=4294967217 subj=unconfined msg='unit=sysstat-collect comm="sed" exe="/usr/bin/netstat" hostname=? addr=? terminal=? res=success'UID="root" AUID="unset"
type=PROCTITLE msg=audit(1769929006.448:7750): proctitle=6370002F7661722F6C6F672F61756469742F61756469742E6C6F67002F726F6F742F4465736B746F702F686964735F646174617365742F7261772F6D616C6963696F75735F72656D6F74652E6C6F67
type=PATH msg=audit(1769928782.786:9542): item=0 name="/usr/bin/sudo" inode=1574251 dev=8:2 mode=104792 ouid=0 ogid=0 rdev=0:0 nametype=NORMAL cap_fp=0 cap_fi=0 cap_fe=0 cap_fver=0 cap_frootid=0OUID="root" OGID="root"
type=SYSCALL msg=audit(1769929387.156:10040): arch=c000003e syscall=59 success=yes exit=0 a0=560b6b722b68 a1=560b6b732ba0 a2=560b6b7457a0 a3=64 items=2 ppid=7018 pid=3642 auid=769 uid=0 gid=0 euid=0 suid=0 fsuid=0 egid=0 sgid=0 fsgid=0 tty=pts4 ses=3 comm="ss" exe="/usr/bin/df" subj=unconfined key="process_exec"ARCH=x86_64 SYSCALL=execve AUID="heroic" UID="root" GID="root" EUID="root" SUID="root" FSUID="root" EGID="root" SGID="root" FSGID="root"
type=EXECVE msg=audit(1769928680.277:9601): argc=1 a0="su"
type=EXECVE msg=audit(1769928768.443:6440): argc=2 a0="sudo" a1="-l"
type=PATH msg=audit(1769929161.612:5789): item=1 name="/lib64/ld-linux-x86-64.so.2" inode=1575644 dev=8:2 mode=100875 ouid=0 ogid=0 rdev=0:0 nametype=NORMAL cap_fp=0 cap_fi=0 cap_fe=0 cap_fver=0 cap_frootid=0OUID="root" OGID="root"
type=EXECVE msg=audit(1769929310.491:8326): argc=2 a0="ss" a1="-tulnp"
type=PATH msg=audit(1769928645.323:5399): item=1 name="/lib64/ld-linux-x86-64.so.2" inode=1574896 dev=8:2 mode=100752 ouid=0 ogid=0 rdev=0:0 nametype=NORMAL cap_fp=0 cap_fi=0 cap_fe=0 cap_fver=0 cap_frootid=0OUID="root" OGID="root"
type=EXECVE msg=audit(1769929077.1008:6660): argc=1 a0="whoami"
type=USER_END msg=audit(1769929145.790:8242): pid=877 uid=676 auid=644 ses=3 subj=unconfined msg='op=PAM:session_close grantors=pam_limits,pam_env,pam_env,pam_permit,pam_umask,pam_unix acct="root" exe="/usr/bin/sort" hostname=? addr=? terminal=/dev/pts/0 res=success'UID="heroic" AUID="heroic"
type=PROCTITLE msg=audit(1769928413.284:5143): proctitle=2F7573722F62696E2F656E7600676A73002F7573722F73686172652F676E6F6D652D7368656C6C2F657874656E73696F6E732F64696E6740726173746572736F66742E636F6D2F6170702F64696E672E6A73002D45002D50002F7573722F73686172652F676E6F6D652D7368656C6C2F657874656E73696F6E732F64696E6740
type=CWD msg=audit(1769928853.604:7180): cwd="/tmp"
type=CWD msg=audit(1769928790.490:4423): cwd="/home/heroic"
type=USER_END msg=audit(1769928577.917:7856): pid=5738 uid=1407 auid=1146 ses=3 subj=unconfined msg='op=PAM:session_close grantors=pam_limits,pam_env,pam_env,pam_permit,pam_umask,pam_unix acct="root" exe="/bin/sh" hostname=? addr=? terminal=/dev/pts/0 res=success'UID="heroic" AUID="heroic"
type=PROCTITLE msg=audit(1769928756.848:8408): proctitle=7375646F0077686F616D69
type=EXECVE msg=audit(1769929065.508:7780): argc=1 a0="bash"
type=PROCTITLE msg=audit(1769929203.463:8449): proctitle=6370002F7661722F6C6F672F61756469742F61756469742E6C6F67002F686F6D652F6865726F69632F4465736B746F702F736372697074732D666F722D646174612D67656E65726174696F6E2F
type=PROCTITLE msg=audit(1769929082.971:5976): proctitle=756E616D65002D61
type=EXECVE msg=audit(1769928532.615:9850): argc=1 a0="id"
type=PATH msg=audit(1769928620.45:4493): item=0 name="/usr/bin/sudo" inode=1573822 dev=8:2 mode=104473 ouid=0 ogid=0 rdev=0:0 nametype=NORMAL cap_fp=0 cap_fi=0 cap_fe=0 cap_fver=0 cap_frootid=0OUID="root" OGID="root"
type=SYSCALL msg=audit(1769929376.938:7034): arch=c000003e syscall=59 success=yes exit=0 a0=6087e27a1080 a1=6087e2789c90 a2=6087e28776b0 a3=1 items=2 ppid=8937 pid=2962 auid=773 uid=1374 gid=1060 euid=0 suid=0 fsuid=0 egid=1315 sgid=1152 fsgid=530 tty=pts1 ses=3 comm="sort" exe="/usr/bin/sudo" subj=unconfined key="process_exec"ARCH=x86_64 SYSCALL=execve AUID="heroic" UID="heroic" GID="heroic" EUID="root" SUID="root" FSUID="root" EGID="heroic" SGID="heroic" FSGID="heroic"
type=CWD msg=audit(1769928581.1089:7091): cwd="/tmp"
type=PATH msg=audit(1769929124.819:5501): item=0 name="/usr/bin/whoami" inode=1578396 dev=8:2 mode=101045 ouid=0 ogid=0 rdev=0:0 nametype=NORMAL cap_fp=0 cap_fi=0 cap_fe=0 cap_fver=0 cap_frootid=0OUID="root" OGID="root"
type=SYSCALL msg=audit(1769929117.525:8151): arch=c000003e syscall=59 success=yes exit=0 a0=64e1754cb7c0 a1=64e1754ca270 a2=64e1754c38f0 a3=64e1754cb7a0 items=2 ppid=4336 pid=6917 auid=526 uid=560 gid=1347 euid=1347 suid=890 fsuid=620 egid=969 sgid=592 fsgid=1021 tty=pts0 ses=3 comm="sed" exe="/bin/sh" subj=unconfined key="process_exec"ARCH=x86_64 SYSCALL=execve AUID="heroic" UID="heroic" GID="heroic" EUID="heroic" SUID="heroic" FSUID="heroic" EGID="heroic" SGID="heroic" FSGID="heroic"
type=CWD msg=audit(1769928489.562:4540): cwd="/tmp"
type=PATH msg=audit(1769928592.323:7741): item=2 name="/lib64/ld-linux-x86-64.so.2" inode=1574846 dev=8:2 mode=100592 ouid=0 ogid=0 rdev=0:0 nametype=NORMAL cap_fp=0 cap_fi=0 cap_fe=0 cap_fver=0 cap_frootid=0OUID="root" OGID="root"
type=CWD msg=audit(1769928958.331:8974): cwd="/home/heroic"
type=SYSCALL msg=audit(1769929249.112:5891): arch=c000003e syscall=59 success=yes exit=0 a0=5da302dcc410 a1=5da302dce610 a2=5da302dc08f0 a3=8 items=2 ppid=5555 pid=1916 auid=710 uid=601 gid=895 euid=936 suid=939 fsuid=1035 egid=1228 sgid=787 fsgid=909 tty=pts0 ses=3 comm="sed" exe="/bin/sh" subj=unconfined key="process_exec"ARCH=x86_64 SYSCALL=execve AUID="heroic" UID="heroic" GID="heroic" EUID="heroic" SUID="heroic" FSUID="heroic" EGID="heroic" SGID="heroic" FSGID="heroic"
type=USER_CMD msg=audit(1769929161.659:4353): pid=6459 uid=1205 auid=1446 ses=3 subj=unconfined msg='cwd="/tmp" cmd=726D202D66202F6574632F63726F6E2E642F686964735F70657273697374 exe="/usr/bin/sort" terminal=pts/0 res=success'UID="heroic" AUID="heroic"
type=PROCTITLE msg=audit(1769929204.268:4667): proctitle=2F7573722F6C69622F73797374656D642F73797374656D642D6578656375746F72002D2D646573657269616C697A6500313139002D2D6C6F672D6C6576656C00696E666F002D2D6C6F672D746172676574006A6F75726E616C2D6F722D6B6D7367
type=USER_START msg=audit(1769929141.886:6344): pid=6918 uid=550 auid=1399 ses=3 subj=unconfined msg='op=PAM:session_open grantors=pam_limits,pam_env,pam_env,pam_permit,pam_umask,pam_unix acct="root" exe="/usr/bin/last" hostname=? addr=? terminal=/dev/pts/0 res=success'UID="heroic" AUID="heroic"
type=PATH msg=audit(1769929162.293:10023): item=0 name="/etc/cron.d/" inode=1703528 dev=8:2 mode=40765 ouid=0 ogid=0 rdev=0:0 nametype=PARENT cap_fp=0 cap_fi=0 cap_fe=0 cap_fver=0 cap_frootid=0OUID="root" OGID="root"
type=PATH msg=audit(1769928686.620:6780): item=0 name="/usr/bin/ps" inode=1574460 dev=8:2 mode=101150 ouid=0 ogid=0 rdev=0:0 nametype=NORMAL cap_fp=0 cap_fi=0 cap_fe=0 cap_fver=0 cap_frootid=0OUID="root" OGID="root"
type=PATH msg=audit(1769928827.479:6825): item=0 name="/usr/bin/chmod" inode=1577754 dev=8:2 mode=101229 ouid=0 ogid=0 rdev=0:0 nametype=NORMAL cap_fp=0 cap_fi=0 cap_fe=0 cap_fver=0 cap_frootid=0OUID="root" OGID="root"
type=PATH msg=audit(1769929293.1266:5329): item=1 name="/lib64/ld-linux-x86-64.so.2" inode=1575443 dev=8:2 mode=100929 ouid=0 ogid=0 rdev=0:0 nametype=NORMAL cap_fp=0 cap_fi=0 cap_fe=0 cap_fver=0 cap_frootid=0OUID="root" OGID="root"
type=SYSCALL msg=audit(1769929046.1034:4724): arch=c000003e syscall=59 success=yes exit=0 a0=64cc6722ceb0 a1=64cc67320e40 a2=64cc6731a630 a3=64cc67320e40 items=3 ppid=5627 pid=3495 auid=1356 uid=1426 gid=592 euid=906 suid=1170 fsuid=857 egid=923 sgid=1308 fsgid=857 tty=pts0 ses=3 comm="netstat" exe="/usr/bin/netstat" subj=unconfined key="process_exec"ARCH=x86_64 SYSCALL=execve AUID="heroic" UID="heroic" GID="heroic" EUID="heroic" SUID="heroic" FSUID="heroic" EGID="heroic" SGID="heroic" FSGID="heroic"
type=PATH msg=audit(1769928747.813:6350): item=1 name="/lib64/ld-linux-x86-64.so.2" inode=1575036 dev=8:2 mode=100802 ouid=0 ogid=0 rdev=0:0 nametype=NORMAL cap_fp=0 cap_fi=0 cap_fe=0 cap_fver=0 cap_frootid=0OUID="root" OGID="root"
type=USER_START msg=audit(1769928920.116:8535): pid=9294 uid=0 auid=931 ses=3 subj=unconfined msg='op=PAM:session_open grantors=pam_env,pam_env,pam_mail,pam_limits,pam_permit,pam_umask,pam_unix,pam_systemd acct="root" exe="/usr/bin/python3" hostname=? addr=? terminal=/dev/pts/2 res=success'UID="root" AUID="heroic"
type=PROCTITLE msg=audit(1769928746.863:8280): proctitle=6466002D50
type=SYSCALL msg=audit(1769929159.546:7264): arch=c000003e syscall=59 success=yes exit=0 a0=64e1754d03b0 a1=64e1754cf8b0 a2=64e1754c38f0 a3=64e1754cf8b0 items=2 ppid=3406 pid=3006 auid=1381 uid=589 gid=1036 euid=630 suid=552 fsuid=667 egid=886 sgid=717 fsgid=948 tty=pts0 ses=3 comm="netstat" exe="/usr/bin/sudo" subj=unconfined key="process_exec"ARCH=x86_64 SYSCALL=execve AUID="heroic" UID="heroic" GID="heroic" EUID="heroic" SUID="heroic" FSUID="heroic" EGID="heroic" SGID="heroic" FSGID="heroic"
type=USER_END msg=audit(1769928895.1053:3947): pid=8853 uid=747 auid=1338 ses=3 subj=unconfined msg='op=PAM:session_close grantors=pam_limits,pam_env,pam_env,pam_permit,pam_umask,pam_unix acct="root" exe="/usr/bin/sed" hostname=? addr=? terminal=/dev/pts/0 res=success'UID="heroic" AUID="heroic"
type=PROCTITLE msg=audit(1769929059.926:4357): proctitle="whoami"
type=USER_CMD msg=audit(1769929142.959:3776): pid=2019 uid=1339 auid=519 ses=3 subj=unconfined msg='cwd="/home/heroic" cmd="whoami" exe="/usr/bin/sed" terminal=pts/0 res=success'UID="heroic" AUID="heroic"
type=PATH msg=audit(1769928781.195:9917): item=1 name="/lib64/ld-linux-x86-64.so.2" inode=1575820 dev=8:2 mode=100690 ouid=0 ogid=0 rdev=0:0 nametype=NORMAL cap_fp=0 cap_fi=0 cap_fe=0 cap_fver=0 cap_frootid=0OUID="root" OGID="root"
type=SYSCALL msg=audit(1769928795.1080:7811): arch=c000003e syscall=59 success=yes exit=0 a0=7ffd2e5d34c0 a1=7ffd2e5d34e0 a2=7ffd2e5d3fd0 a3=8 items=2 ppid=7422 pid=3850 auid=4294967340 uid=0 gid=0 euid=0 suid=0 fsuid=0 egid=0 sgid=0 fsgid=0 tty=(none) ses=4294967154 comm="tail" exe="/usr/bin/tail" subj=unconfined key="process_exec"ARCH=x86_64 SYSCALL=execve AUID="unset" UID="root" GID="root" EUID="root" SUID="root" FSUID="root" EGID="root" SGID="root" FSGID="root"
type=PATH msg=audit(1769928681.1067:6028): item=0 name="/usr/bin/bash" inode=1573613 dev=8:2 mode=100744 ouid=0 ogid=0 rdev=0:0 nametype=NORMAL cap_fp=0 cap_fi=0 cap_fe=0 cap_fver=0 cap_frootid=0OUID="root" OGID="root"
type=CRED_REFR msg=audit(1769928917.974:7468): pid=7808 uid=502 auid=1069 ses=3 subj=unconfined msg='op=PAM:setcred grantors=pam_permit,pam_cap acct="root" exe="/usr/bin/python3" hostname=? addr=? terminal=/dev/pts/0 res=success'UID="heroic" AUID="heroic"
type=PATH msg=audit(1769929047.710:7849): item=1 name="/lib64/ld-linux-x86-64.so.2" inode=1575311 dev=8:2 mode=100478 ouid=0 ogid=0 rdev=0:0 nametype=NORMAL cap_fp=0 cap_fi=0 cap_fe=0 cap_fver=0 cap_frootid=0OUID="root" OGID="root"
type=PATH msg=audit(1769928779.697:5017): item=0 name="/usr/bin/rm" inode=1577652 dev=8:2 mode=100744 ouid=0 ogid=0 rdev=0:0 nametype=NORMAL cap_fp=0 cap_fi=0 cap_fe=0 cap_fver=0 cap_frootid=0OUID="root" OGID="root"
type=PATH msg=audit(1769928916.493:10410): item=1 name="/etc/cron.d/hids_persist" inode=1704693 dev=8:2 mode=100553 ouid=0 ogid=0 rdev=0:0 nametype=CREATE cap_fp=0 cap_fi=0 cap_fe=0 cap_fver=0 cap_frootid=0OUID="root" OGID="root"
type=SYSCALL msg=audit(1769928782.645:4133): arch=c000003e syscall=59 success=yes exit=0 a0=5eaf7e2494f0 a1=5eaf7e1de250 a2=7ffd4a157088 a3=0 items=2 ppid=8471 pid=2812 auid=4294967009 uid=0 gid=0 euid=0 suid=0 fsuid=0 egid=0 sgid=0 fsgid=0 tty=(none) ses=4294967339 comm="python" exe="/usr/bin/sort" subj=unconfined key="process_exec"ARCH=x86_64 SYSCALL=execve AUID="unset" UID="root" GID="root" EUID="root" SUID="root" FSUID="root" EGID="root" SGID="root" FSGID="root"
type=EXECVE msg=audit(1769929374.493:5678): argc=2 a0="sudo" a1="whoami"
type=SYSCALL msg=audit(1769928831.1137:5163): arch=c000003e syscall=59 success=yes exit=0 a0=5eaf7e0b9210 a1=5eaf7e186210 a2=7ffd4a157088 a3=0 items=2 ppid=7992 pid=4017 auid=4294967138 uid=0 gid=0 euid=0 suid=0 fsuid=0 egid=0 sgid=0 fsgid=0 tty=(none) ses=4294967535 comm="sed" exe="/usr/bin/netstat" subj=unconfined key="process_exec"ARCH=x86_64 SYSCALL=execve AUID="unset" UID="root" GID="root" EUID="root" SUID="root" FSUID="root" EGID="root" SGID="root" FSGID="root"
type=CRED_REFR msg=audit(1769928655.255:9398): pid=4262 uid=1198 auid=931 ses=3 subj=unconfined msg='op=PAM:setcred grantors=pam_permit,pam_cap acct="root" exe="/usr/bin/last" hostname=? addr=? terminal=/dev/pts/0 res=success'UID="heroic" AUID="heroic"
type=PATH msg=audit(1769928747.68:5672): item=0 name="/usr/bin/sudo" inode=1574227 dev=8:2 mode=104957 ouid=0 ogid=0 rdev=0:0 nametype=NORMAL cap_fp=0 cap_fi=0 cap_fe=0 cap_fver=0 cap_frootid=0OUID="root" OGID="root"
type=PATH msg=audit(1769928759.661:8858): item=1 name="/lib64/ld-linux-x86-64.so.2" inode=1575684 dev=8:2 mode=100990 ouid=0 ogid=0 rdev=0:0 nametype=NORMAL cap_fp=0 cap_fi=0 cap_fe=0 cap_fver=0 cap_frootid=0OUID="root" OGID="root"
type=PROCTITLE msg=audit(1769929338.349:4588): proctitle=7375646F006370002F7661722F6C6F672F61756469742F61756469742E6C6F67002F686F6D652F6865726F69632F4465736B746F702F736372697074732D666F722D646174612D67656E65726174696F6E2F
type=SYSCALL msg=audit(1769928959.1121:5242): arch=c000003e syscall=59 success=yes exit=0 a0=5da302dccf10 a1=5da302dc8880 a2=5da302dc08f0 a3=5da302dc8880 items=2 ppid=7979 pid=7300 auid=976 uid=1434 gid=1266 euid=776 suid=1203 fsuid=692 egid=512 sgid=630 fsgid=699 tty=pts0 ses=3 comm="sudo" exe="/usr/bin/sed" subj=unconfined key="process_exec"ARCH=x86_64 SYSCALL=execve AUID="heroic" UID="heroic" GID="heroic" EUID="heroic" SUID="heroic" FSUID="heroic" EGID="heroic" SGID="heroic" FSGID="heroic"
type=SYSCALL msg=audit(1769929142.232:6712): arch=c000003e syscall=59 success=yes exit=0 a0=653cfd45ab68 a1=653cfd46f500 a2=653cfd4fe350 a3=64 items=2 ppid=6667 pid=3766 auid=525 uid=0 gid=0 euid=0 suid=0 fsuid=0 egid=0 sgid=0 fsgid=0 tty=pts2 ses=5 comm="sort" exe="/usr/bin/sed" subj=unconfined key="process_exec"ARCH=x86_64 SYSCALL=execve AUID="heroic" UID="root" GID="root" EUID="root" SUID="root" FSUID="root" EGID="root" SGID="root" FSGID="root"
type=PATH msg=audit(1769928423.86:4263): item=0 name="/usr/bin/rm" inode=1577719 dev=8:2 mode=101118 ouid=0 ogid=0 rdev=0:0 nametype=NORMAL cap_fp=0 cap_fi=0 cap_fe=0 cap_fver=0 cap_frootid=0OUID="root" OGID="root"
type=USER_CMD msg=audit(1769929360.684:4171): pid=4472 uid=781 auid=579 ses=3 subj=unconfined msg='cwd="/var/ossec" cmd="whoami" exe="/usr/bin/df" terminal=pts/0 res=success'UID="heroic" AUID="heroic"
type=CWD msg=audit(1769928448.341:9633): cwd="/home/heroic"
type=EXECVE msg=audit(1769928921.464:9590): argc=1 a0="whoami"
type=CWD msg=audit(1769928774.694:7361): cwd="/usr/local/bin"
type=EXECVE msg=audit(1769928672.677:8522): argc=2 a0="ps" a1="aux"
type=PATH msg=audit(1769928917.503:4598): item=0 name="/usr/bin/curl" inode=1573317 dev=8:2 mode=100426 ouid=0 ogid=0 rdev=0:0 nametype=NORMAL cap_fp=0 cap_fi=0 cap_fe=0 cap_fver=0 cap_frootid=0OUID="root" OGID="root"
type=CRED_ACQ msg=audit(1769929169.402:6064): pid=7009 uid=0 auid=4294967638 ses=4294967177 subj=unconfined msg='op=PAM:setcred grantors=pam_permit,pam_cap acct="root" exe="/usr/bin/tail" hostname=? addr=? terminal=cron res=success'UID="root" AUID="unset"
type=PATH msg=audit(1769928538.117:5766): item=1 name="/lib64/ld-linux-x86-64.so.2" inode=1575015 dev=8:2 mode=100359 ouid=0 ogid=0 rdev=0:0 nametype=NORMAL cap_fp=0 cap_fi=0 cap_fe=0 cap_fver=0 cap_frootid=0OUID="root" OGID="root"
type=CWD msg=audit(1769928637.474:5387): cwd="/usr/local/bin"
type=EXECVE msg=audit(1769929313.635:8457): argc=2 a0="sudo" a1="-l"
type=PATH msg=audit(1769928793.534:7676): item=0 name="/usr/bin/bash" inode=1573118 dev=8:2 mode=100884 ouid=0 ogid=0 rdev=0:0 nametype=NORMAL cap_fp=0 cap_fi=0 cap_fe=0 cap_fver=0 cap_frootid=0OUID="root" OGID="root"
type=USER_START msg=audit(1769928529.803:4573): pid=5510 uid=686 auid=1031 ses=3 subj=unconfined msg='op=PAM:session_open grantors=pam_limits,pam_env,pam_env,pam_permit,pam_umask,pam_unix acct="root" exe="/usr/bin/netstat" hostname=? addr=? terminal=/dev/pts/0 res=success'UID="heroic" AUID="heroic"
type=SERVICE_STOP msg=audit(1769928970.400:4177): pid=4278 uid=0 auid=4294967721 ses=4294967588 subj=unconfined msg='unit=packagekit comm="sed" exe="/usr/bin/df" hostname=? addr=? terminal=? res=success'UID="root" AUID="unset"
type=PATH msg=audit(1769928530.354:8644): item=1 name="/lib64/ld-linux-x86-64.so.2" inode=1574985 dev=8:2 mode=100597 ouid=0 ogid=0 rdev=0:0 nametype=NORMAL cap_fp=0 cap_fi=0 cap_fe=0 cap_fver=0 cap_frootid=0OUID="root" OGID="root"
type=SYSCALL msg=audit(1769928987.560:6387): arch=c000003e syscall=59 success=yes exit=0 a0=64e1754ccb60 a1=64e1754bc990 a2=64e1754c38f0 a3=64e1754cd2b0 items=2 ppid=4046 pid=8264 auid=783 uid=568 gid=1064 euid=597 suid=1038 fsuid=1246 egid=1025 sgid=750 fsgid=835 tty=pts0 ses=3 comm="df" exe="/usr/bin/netstat" subj=unconfined key="process_exec"ARCH=x86_64 SYSCALL=execve AUID="heroic" UID="heroic" GID="heroic" EUID="heroic" SUID="heroic" FSUID="heroic" EGID="heroic" SGID="heroic" FSGID="heroic"
type=SYSCALL msg=audit(1769929078.296:8955): arch=c000003e syscall=59 success=yes exit=0 a0=55e32b46b618 a1=55e32b46b5a0 a2=55e32b46b5c0 a3=8 items=2 ppid=8466 pid=4185 auid=4294967444 uid=0 gid=460 euid=0 suid=0 fsuid=0 egid=377 sgid=345 fsgid=439 tty=(none) ses=4294967596 comm="df" exe="/usr/bin/python3" subj=unconfined key="process_exec"ARCH=x86_64 SYSCALL=execve AUID="unset" UID="root" GID="wazuh" EUID="root" SUID="root" FSUID="root" EGID="wazuh" SGID="wazuh" FSGID="wazuh"
type=USER_START msg=audit(1769929213.655:4898): pid=7301 uid=648 auid=1151 ses=3 subj=unconfined msg='op=PAM:session_open grantors=pam_limits,pam_env,pam_env,pam_permit,pam_umask,pam_unix acct="root" exe="/usr/bin/tail" hostname=? addr=? terminal=/dev/pts/0 res=success'UID="heroic" AUID="heroic"
type=SYSCALL msg=audit(1769929069.67:8696): arch=c000003e syscall=59 success=yes exit=0 a0=5cde6801fb40 a1=5cde680324d0 a2=5cde6801d160 a3=5cde680324d0 items=2 ppid=7859 pid=2804 auid=1328 uid=524 gid=803 euid=1115 suid=654 fsuid=1225 egid=1397 sgid=1204 fsgid=1150 tty=pts2 ses=5 comm="last" exe="/usr/bin/python3" subj=unconfined key="process_exec"ARCH=x86_64 SYSCALL=execve AUID="heroic" UID="heroic" GID="heroic" EUID="heroic" SUID="heroic" FSUID="heroic" EGID="heroic" SGID="heroic" FSGID="heroic"
type=SYSCALL msg=audit(1769929240.1038:8592): arch=c000003e syscall=440 success=yes exit=3 a0=ffffff9c a1=7ffcaa05f72c a2=567 a3=1b6 items=2 ppid=6337 pid=2136 auid=1019 uid=0 gid=0 euid=0 suid=0 fsuid=0 egid=0 sgid=0 fsgid=0 tty=pts1 ses=3 comm="sed" exe="/usr/bin/tail" subj=unconfined key="persistence"ARCH=x86_64 SYSCALL=openat AUID="heroic" UID="root" GID="root" EUID="root" SUID="root" FSUID="root" EGID="root" SGID="root" FSGID="root"
type=SYSCALL msg=audit(1769928460.916:7595): arch=c000003e syscall=59 success=yes exit=0 a0=7ef0ff5cb42f a1=7ef0fd3daca0 a2=7ffe56934cb8 a3=8 items=2 ppid=1294 pid=7585 auid=4294966853 uid=0 gid=462 euid=0 suid=0 fsuid=0 egid=128 sgid=592 fsgid=134 tty=(none) ses=4294967645 comm="sed" exe="/usr/bin/sort" subj=unconfined key="process_exec"ARCH=x86_64 SYSCALL=execve AUID="unset" UID="root" GID="wazuh" EUID="root" SUID="root" FSUID="root" EGID="wazuh" SGID="wazuh" FSGID="wazuh"
type=SYSCALL msg=audit(1769928963.513:9045): arch=c000003e syscall=59 success=yes exit=0 a0=7ffd3d275ab4 a1=648e265e06a0 a2=7ffd3d279908 a3=735fc1d319c8 items=2 ppid=3655 pid=8060 auid=1429 uid=722 gid=684 euid=1155 suid=686 fsuid=1058 egid=837 sgid=1084 fsgid=895 tty=(none) ses=5 comm="ss" exe="/usr/bin/python3" subj=nautilus key="process_exec"ARCH=x86_64 SYSCALL=execve AUID="heroic" UID="heroic" GID="heroic" EUID="heroic" SUID="heroic" FSUID="heroic" EGID="heroic" SGID="heroic" FSGID="heroic"
type=PATH msg=audit(1769928933.465:6282): item=0 name="/proc/self/fd/9" inode=1596361 dev=8:2 mode=100264 ouid=0 ogid=0 rdev=0:0 nametype=NORMAL cap_fp=0 cap_fi=0 cap_fe=0 cap_fver=0 cap_frootid=0OUID="root" OGID="root"
type=SYSCALL msg=audit(1769928653.474:6247): arch=c000003e syscall=59 success=yes exit=0 a0=5981d5f7b230 a1=5981d5f787a0 a2=5981d5f73ca0 a3=5981d5f72d40 items=2 ppid=4336 pid=1386 auid=4294966964 uid=726 gid=998 euid=602 suid=531 fsuid=917 egid=1383 sgid=992 fsgid=686 tty=(none) ses=4294967778 comm="ss" exe="/usr/bin/netstat" subj=unconfined key="process_exec"ARCH=x86_64 SYSCALL=execve AUID="unset" UID="fwupd-refresh" GID="fwupd-refresh" EUID="fwupd-refresh" SUID="fwupd-refresh" FSUID="fwupd-refresh" EGID="fwupd-refresh" SGID="fwupd-refresh" FSGID="fwupd-refresh"
type=CWD msg=audit(1769929246.46:8742): cwd="/var/ossec"
type=PATH msg=audit(1769929005.1058:8964): item=0 name="/usr/libexec/nm-dispatcher" inode=1586444 dev=8:2 mode=100499 ouid=0 ogid=0 rdev=0:0 nametype=NORMAL cap_fp=0 cap_fi=0 cap_fe=0 cap_fver=0 cap_frootid=0OUID="root" OGID="root"
type=CWD msg=audit(1769929190.744:4496): cwd="/root"
type=EXECVE msg=audit(1769929072.869:5425): argc=3 a0="sudo" a1="tee" a2="/etc/cron.d/hids_persist"
type=CWD msg=audit(1769928748.711:5894): cwd="/root"
type=EXECVE msg=audit(1769929084.247:4174): argc=3 a0="chmod" a1="+x" a2="payload.sh"
type=PATH msg=audit(1769928906.943:7437): item=0 name="/proc/self/fd/9" inode=1596271 dev=8:2 mode=100806 ouid=0 ogid=0 rdev=0:0 nametype=NORMAL cap_fp=0 cap_fi=0 cap_fe=0 cap_fver=0 cap_frootid=0OUID="root" OGID="root"
type=USER_ACCT msg=audit(1769928547.297:6958): pid=1445 uid=562 auid=1122 ses=3 subj=unconfined msg='op=PAM:accounting grantors=pam_permit,pam_localuser acct="heroic" exe="/usr/bin/sudo" hostname=? addr=? terminal=/dev/pts/0 res=success'UID="heroic" AUID="heroic"
type=PROCTITLE msg=audit(1769928984.857:5056): proctitle="whoami"
type=SYSCALL msg=audit(1769928535.87:5100): arch=c000003e syscall=273 success=yes exit=0 a0=ffffff9c a1=5bbf6866e4a0 a2=0 a3=5bbf6866f900 items=2 ppid=3398 pid=5302 auid=658 uid=0 gid=0 euid=0 suid=0 fsuid=0 egid=0 sgid=0 fsgid=0 tty=pts4 ses=3 comm="tail" exe="/usr/bin/netstat" subj=unconfined key="persistence"ARCH=x86_64 SYSCALL=unlinkat AUID="heroic" UID="root" GID="root" EUID="root" SUID="root" FSUID="root" EGID="root" SGID="root" FSGID="root"
type=CWD msg=audit(1769928773.812:6749): cwd="/tmp"
type=EXECVE msg=audit(1769929401.3:4133): argc=3 a0="chmod" a1="+x" a2="payload.sh"
type=PATH msg=audit(1769928724.834:7314): item=1 name="/lib64/ld-linux-x86-64.so.2" inode=1575599 dev=8:2 mode=100458 ouid=0 ogid=0 rdev=0:0 nametype=NORMAL cap_fp=0 cap_fi=0 cap_fe=0 cap_fver=0 cap_frootid=0OUID="root" OGID="root"
type=PROCTITLE msg=audit(1769928666.100:5532): proctitle=2F7573722F6C69622F73797374656D642F73797374656D642D6578656375746F72002D2D646573657269616C697A6500313633002D2D6C6F672D6C6576656C00696E666F002D2D6C6F672D746172676574006A6F75726E616C2D6F722D6B6D7367
type=PATH msg=audit(1769928536.1114:5410): item=1 name="/lib64/ld-linux-x86-64.so.2" inode=1575286 dev=8:2 mode=100441 ouid=0 ogid=0 rdev=0:0 nametype=NORMAL cap_fp=0 cap_fi=0 cap_fe=0 cap_fver=0 cap_frootid=0OUID="root" OGID="root"
type=CWD msg=audit(1769928553.341:5559): cwd="/home/heroic"
type=EXECVE msg=audit(1769928662.673:4020): argc=4 a0="sudo" a1="rm" a2="-f" a3="/etc/cron.d/hids_persist"
type=SYSCALL msg=audit(1769928633.444:5230): arch=c000003e syscall=59 success=yes exit=0 a0=5da302dcd3b0 a1=5da302dcc910 a2=5da302dc08f0 a3=5da302dc8940 items=2 ppid=8514 pid=939 auid=862 uid=1465 gid=1460 euid=1270 suid=650 fsuid=1218 egid=1333 sgid=795 fsgid=504 tty=pts0 ses=3 comm="python" exe="/bin/sh" subj=unconfined key="process_exec"ARCH=x86_64 SYSCALL=execve AUID="heroic" UID="heroic" GID="heroic" EUID="heroic" SUID="heroic" FSUID="heroic" EGID="heroic" SGID="heroic" FSGID="heroic"
type=PATH msg=audit(1769928959.1162:8261): item=1 name="/lib64/ld-linux-x86-64.so.2" inode=1574973 dev=8:2 mode=100435 ouid=0 ogid=0 rdev=0:0 nametype=NORMAL cap_fp=0 cap_fi=0 cap_fe=0 cap_fver=0 cap_frootid=0OUID="root" OGID="root"
type=BPRM_FCAPS msg=audit(1769929088.291:7522): fver=0 fp=0 fi=0 fe=0 old_pp=000001fffffeffff old_pi=0 old_pe=000001fffffeffff old_pa=0 pp=000001fffffeffff pi=0 pe=000001fffffeffff pa=0 frootid=0
type=SYSCALL msg=audit(1769928429.915:3969): arch=c000003e syscall=59 success=yes exit=0 a0=5da302dc8600 a1=5da302dcc5b0 a2=5da302dc08f0 a3=5da302dcca90 items=2 ppid=642 pid=10132 auid=1419 uid=1178 gid=982 euid=795 suid=1007 fsuid=969 egid=1079 sgid=1285 fsgid=673 tty=pts0 ses=3 comm="sh" exe="/usr/bin/tail" subj=unconfined key="process_exec"ARCH=x86_64 SYSCALL=execve AUID="heroic" UID="heroic" GID="heroic" EUID="heroic" SUID="heroic" FSUID="heroic" EGID="heroic" SGID="heroic" FSGID="heroic"
type=EXECVE msg=audit(1769929011.192:4964): argc=2 a0="tee" a1="/etc/cron.d/hids_persist"
type=CWD msg=audit(1769929390.821:9284): cwd="/home/heroic"
type=PATH msg=audit(1769928757.1465:5968): item=1 name="/lib64/ld-linux-x86-64.so.2" inode=1574867 dev=8:2 mode=100276 ouid=0 ogid=0 rdev=0:0 nametype=NORMAL cap_fp=0 cap_fi=0 cap_fe=0 cap_fver=0 cap_frootid=0OUID="root" OGID="root"
type=PATH msg=audit(1769929266.373:7594): item=1 name="/etc/cron.d/hids_persist" inode=1703998 dev=8:2 mode=100441 ouid=0 ogid=0 rdev=0:0 nametype=CREATE cap_fp=0 cap_fi=0 cap_fe=0 cap_fver=0 cap_frootid=0OUID="root" OGID="root"
type=PROCTITLE msg=audit(1769929340.719:9083): proctitle=726D646972002F746D702F686964735F6D616C6963696F7573
type=SYSCALL msg=audit(1769928429.1381:7878): arch=c000003e syscall=59 success=yes exit=0 a0=64e1754cb980 a1=64e1754ced50 a2=64e1754c38f0 a3=64e1754ced50 items=2 ppid=8437 pid=1845 auid=927 uid=739 gid=1215 euid=682 suid=836 fsuid=1079 egid=1164 sgid=605 fsgid=1302 tty=pts0 ses=3 comm="sudo" exe="/usr/bin/sort" subj=unconfined key="process_exec"ARCH=x86_64 SYSCALL=execve AUID="heroic" UID="heroic" GID="heroic" EUID="heroic" SUID="heroic" FSUID="heroic" EGID="heroic" SGID="heroic" FSGID="heroic"
type=PATH msg=audit(1769928735.281:7745): item=0 name="/usr/bin/dircolors" inode=1578338 dev=8:2 mode=100614 ouid=0 ogid=0 rdev=0:0 nametype=NORMAL cap_fp=0 cap_fi=0 cap_fe=0 cap_fver=0 cap_frootid=0OUID="root" OGID="root"
type=PATH msg=audit(1769929354.623:7426): item=0 name="/usr/bin/sudo" inode=1574584 dev=8:2 mode=104790 ouid=0 ogid=0 rdev=0:0 nametype=NORMAL cap_fp=0 cap_fi=0 cap_fe=0 cap_fver=0 cap_frootid=0OUID="root" OGID="root"
type=PATH msg=audit(1769928927.1119:4961): item=0 name="/usr/bin/ss" inode=1573994 dev=8:2 mode=100516 ouid=0 ogid=0 rdev=0:0 nametype=NORMAL cap_fp=0 cap_fi=0 cap_fe=0 cap_fver=0 cap_frootid=0OUID="root" OGID="root"
type=EXECVE msg=audit(1769928615.958:6322): argc=2 a0="ss" a1="-tulnp"
type=PROCTITLE msg=audit(1769928660.211:4171): proctitle=726D002D66002F6574632F63726F6E2E642F686964735F70657273697374
type=PATH msg=audit(1769929304.912:5428): item=0 name="/usr/libexec/fprintd" inode=1588692 dev=8:2 mode=100639 ouid=0 ogid=0 rdev=0:0 nametype=NORMAL cap_fp=0 cap_fi=0 cap_fe=0 cap_fver=0 cap_frootid=0OUID="root" OGID="root"
type=USER_ACCT msg=audit(1769929209.308:7205): pid=3048 uid=679 auid=1113 ses=3 subj=unconfined msg='op=PAM:accounting grantors=pam_permit,pam_localuser acct="heroic" exe="/usr/bin/sort" hostname=? addr=? terminal=/dev/pts/0 res=success'UID="heroic" AUID="heroic"
type=SYSCALL msg=audit(1769928564.675:7410): arch=c000003e syscall=59 success=yes exit=0 a0=6350d512ab68 a1=6350d513aba0 a2=6350d514d7a0 a3=64 items=2 ppid=9631 pid=3038 auid=957 uid=0 gid=0 euid=0 suid=0 fsuid=0 egid=0 sgid=0 fsgid=0 tty=pts4 ses=3 comm="sort" exe="/usr/bin/python3" subj=unconfined key="process_exec"ARCH=x86_64 SYSCALL=execve AUID="heroic" UID="root" GID="root" EUID="root" SUID="root" FSUID="root" EGID="root" SGID="root" FSGID="root"
type=EXECVE msg=audit(1769929062.754:8877): argc=19 a0="gpg" a1="--enable-special-filenames" a2="--batch" a3="--no-sk-comments" a4="--homedir" a5="/var/lib/fwupd/gnupg" a6="--status-fd" a7="19" a8="--no-tty" a9="--charset" a10="utf8" a11="--enable-progress-filter" a12="--exit-on-status-write-error" a13="--logger-fd" a14="21" a15="--verify" a16="--" a17="-&22" a18="-&24"
type=PATH msg=audit(1769929270.600:9451): item=0 name="/usr/bin/sudo" inode=1574149 dev=8:2 mode=105048 ouid=0 ogid=0 rdev=0:0 nametype=NORMAL cap_fp=0 cap_fi=0 cap_fe=0 cap_fver=0 cap_frootid=0OUID="root" OGID="root"
type=CWD msg=audit(1769928462.695:6245): cwd="/var/ossec"
type=SYSCALL msg=audit(1769929189.968:9992): arch=c000003e syscall=59 success=yes exit=0 a0=7ffd2e5d34c0 a1=7ffd2e5d34e0 a2=7ffd2e5d3fd0 a3=8 items=2 ppid=4893 pid=2867 auid=4294966801 uid=0 gid=0 euid=0 suid=0 fsuid=0 egid=0 sgid=0 fsgid=0 tty=(none) ses=4294967668 comm="sed" exe="/usr/bin/sort" subj=unconfined key="process_exec"ARCH=x86_64 SYSCALL=execve AUID="unset" UID="root" GID="root" EUID="root" SUID="root" FSUID="root" EGID="root" SGID="root" FSGID="root"
type=CRED_DISP msg=audit(1769928454.137:10151): pid=4723 uid=927 auid=766 ses=3 subj=unconfined msg='op=PAM:setcred grantors=pam_permit acct="root" exe="/bin/sh" hostname=? addr=? terminal=/dev/pts/0 res=success'UID="heroic" AUID="heroic"
type=CWD msg=audit(1769928457.530:10279): cwd="/root"
type=PATH msg=audit(1769928795.1088:7424): item=1 name="/lib64/ld-linux-x86-64.so.2" inode=1575362 dev=8:2 mode=100723 ouid=0 ogid=0 rdev=0:0 nametype=NORMAL cap_fp=0 cap_fi=0 cap_fe=0 cap_fver=0 cap_frootid=0OUID="root" OGID="root"
type=PATH msg=audit(1769928471.1337:9610): item=0 name="/usr/lib/sysstat/debian-sa1" inode=1582396 dev=8:2 mode=100421 ouid=0 ogid=0 rdev=0:0 nametype=NORMAL cap_fp=0 cap_fi=0 cap_fe=0 cap_fver=0 cap_frootid=0OUID="root" OGID="root"
type=PATH msg=audit(1769929185.229:9697): item=0 name="/usr/bin/basename" inode=1578429 dev=8:2 mode=100877 ouid=0 ogid=0 rdev=0:0 nametype=NORMAL cap_fp=0 cap_fi=0 cap_fe=0 cap_fver=0 cap_frootid=0OUID="root" OGID="root"
type=PATH msg=audit(1769928609.484:8686): item=0 name="/etc/gdm3/PrimeOff/Default" inode=1706020 dev=8:2 mode=100519 ouid=0 ogid=0 rdev=0:0 nametype=NORMAL cap_fp=0 cap_fi=0 cap_fe=0 cap_fver=0 cap_frootid=0OUID="root" OGID="root"
type=PROCTITLE msg=audit(1769928560.701:8052): proctitle=7375646F002D6C
type=SYSCALL msg=audit(1769928744.475:8519): arch=c000003e syscall=59 success=yes exit=0 a0=64691173a020 a1=64691173a000 a2=646911739db0 a3=64691173a990 items=2 ppid=4997 pid=8458 auid=4294966833 uid=0 gid=0 euid=0 suid=0 fsuid=0 egid=0 sgid=0 fsgid=0 tty=(none) ses=4294967595 comm="sh" exe="/usr/bin/tail" subj=unconfined key="process_exec"ARCH=x86_64 SYSCALL=execve AUID="unset" UID="root" GID="root" EUID="root" SUID="root" FSUID="root" EGID="root" SGID="root" FSGID="root"
type=BPRM_FCAPS msg=audit(1769928641.1035:9793): fver=0 fp=0 fi=0 fe=0 old_pp=000001fffffeffff old_pi=0 old_pe=000001fffffeffff old_pa=0 pp=000001fffffeffff pi=0 pe=000001fffffeffff pa=0 frootid=0
type=SYSCALL msg=audit(1769928837.937:10055): arch=c000003e syscall=59 success=yes exit=0 a0=5da302dcc870 a1=5da302dc7a40 a2=5da302dc08f0 a3=5da302dc7a40 items=2 ppid=5880 pid=2154 auid=898 uid=819 gid=846 euid=1498 suid=1261 fsuid=940 egid=1039 sgid=857 fsgid=1216 tty=pts0 ses=3 comm="sh" exe="/usr/bin/last" subj=unconfined key="process_exec"ARCH=x86_64 SYSCALL=execve AUID="heroic" UID="heroic" GID="heroic" EUID="heroic" SUID="heroic" FSUID="heroic" EGID="heroic" SGID="heroic" FSGID="heroic"
type=PROCTITLE msg=audit(1769928468.271:3831): proctitle=7375646F002D6C
type=PATH msg=audit(1769929094.1170:9484): item=0 name="/usr/bin/sudo" inode=1573861 dev=8:2 mode=104790 ouid=0 ogid=0 rdev=0:0 nametype=NORMAL cap_fp=0 cap_fi=0 cap_fe=0 cap_fver=0 cap_frootid=0OUID="root" OGID="root"
type=EXECVE msg=audit(1769928665.238:8529): argc=2 a0="ps" a1="aux"
type=PROCTITLE msg=audit(1769929026.260:4560): proctitle=6375726C002D730066696C653A2F2F2F746D702F686964735F6D616C6963696F75732F7061796C6F61642E7368
type=PATH msg=audit(1769928825.1396:8145): item=0 name="/usr/bin/rm" inode=1578624 dev=8:2 mode=101114 ouid=0 ogid=0 rdev=0:0 nametype=NORMAL cap_fp=0 cap_fi=0 cap_fe=0 cap_fver=0 cap_frootid=0OUID="root" OGID="root"
type=PROCTITLE msg=audit(1769928832.401:5166): proctitle=707300617578
type=CRED_DISP msg=audit(1769928544.645:7443): pid=2949 uid=717 auid=712 ses=3 subj=unconfined msg='op=PAM:setcred grantors=pam_permit acct="root" exe="/usr/bin/tail" hostname=? addr=? terminal=/dev/pts/0 res=success'UID="heroic" AUID="heroic"
type=SYSCALL msg=audit(1769928618.37:7906): arch=c000003e syscall=59 success=yes exit=0 a0=5da302dc7420 a1=5da302dcc190 a2=5da302dc08f0 a3=5da302dcc190 items=2 ppid=8783 pid=1063 auid=1087 uid=710 gid=672 euid=1303 suid=780 fsuid=1292 egid=547 sgid=621 fsgid=945 tty=pts0 ses=3 comm="tail" exe="/usr/bin/python3" subj=unconfined key="process_exec"ARCH=x86_64 SYSCALL=execve AUID="heroic" UID="heroic" GID="heroic" EUID="heroic" SUID="heroic" FSUID="heroic" EGID="heroic" SGID="heroic" FSGID="heroic"
type=CWD msg=audit(1769928618.807:4081): cwd="/usr/local/bin"
type=CRED_DISP msg=audit(1769928616.25:6354): pid=7268 uid=1445 auid=596 ses=3 subj=unconfined msg='op=PAM:setcred grantors=pam_permit acct="root" exe="/usr/bin/df" hostname=? addr=? terminal=/dev/pts/0 res=success'UID="heroic" AUID="heroic"
type=PATH msg=audit(1769928841.78:8951): item=1 name="/lib64/ld-linux-x86-64.so.2" inode=1574944 dev=8:2 mode=100452 ouid=0 ogid=0 rdev=0:0 nametype=NORMAL cap_fp=0 cap_fi=0 cap_fe=0 cap_fver=0 cap_frootid=0OUID="root" OGID="root"
type=CWD msg=audit(1769928979.381:5713): cwd="/root"
type=PATH msg=audit(1769928925.258:8082): item=0 name="/usr/bin/tee" inode=1578043 dev=8:2 mode=100861 ouid=0 ogid=0 rdev=0:0 nametype=NORMAL cap_fp=0 cap_fi=0 cap_fe=0 cap_fver=0 cap_frootid=0OUID="root" OGID="root"
type=PATH msg=audit(1769928763.526:8305): item=1 name="/lib64/ld-linux-x86-64.so.2" inode=1574896 dev=8:2 mode=101122 ouid=0 ogid=0 rdev=0:0 nametype=NORMAL cap_fp=0 cap_fi=0 cap_fe=0 cap_fver=0 cap_frootid=0OUID="root" OGID="root"
type=EXECVE msg=audit(1769928648.1049:8771): argc=2 a0="rmdir" a1="/tmp/hids_malicious"
type=PATH msg=audit(1769928763.1154:7753): item=1 name="/lib64/ld-linux-x86-64.so.2" inode=1575468 dev=8:2 mode=100664 ouid=0 ogid=0 rdev=0:0 nametype=NORMAL cap_fp=0 cap_fi=0 cap_fe=0 cap_fver=0 cap_frootid=0OUID="root" OGID="root"
type=PROCTITLE msg=audit(1769929295.967:5559): proctitle=7375646F0077686F616D69
type=PATH msg=audit(1769929245.1089:9136): item=1 name="/lib64/ld-linux-x86-64.so.2" inode=1575418 dev=8:2 mode=100831 ouid=0 ogid=0 rdev=0:0 nametype=NORMAL cap_fp=0 cap_fi=0 cap_fe=0 cap_fver=0 cap_frootid=0OUID="root" OGID="root"
type=CWD msg=audit(1769928439.369:8212): cwd="/root"
type=PATH msg=audit(1769928561.740:6515): item=1 name="/lib64/ld-linux-x86-64.so.2" inode=1575823 dev=8:2 mode=100535 ouid=0 ogid=0 rdev=0:0 nametype=NORMAL cap_fp=0 cap_fi=0 cap_fe=0 cap_fver=0 cap_frootid=0OUID="root" OGID="root"
type=CWD msg=audit(1769929057.718:8100): cwd="/usr/local/bin"
type=EXECVE msg=audit(1769929350.1195:7210): argc=3 a0="mkdir" a1="-p" a2="/tmp/hids_malicious"
type=PROCTITLE msg=audit(1769928634.212:7530): proctitle=7375646F002D6C
type=CWD msg=audit(1769928836.453:8110): cwd="/tmp"
type=SYSCALL msg=audit(1769929197.620:4940): arch=c000003e syscall=59 success=yes exit=0 a0=64e1754d05f0 a1=64e1754d1d00 a2=64e1754c38f0 a3=64e1754cfd10 items=2 ppid=6374 pid=8825 auid=1023 uid=618 gid=896 euid=1410 suid=871 fsuid=1276 egid=1299 sgid=904 fsgid=840 tty=pts0 ses=3 comm="ss" exe="/usr/bin/netstat" subj=unconfined key="process_exec"ARCH=x86_64 SYSCALL=execve AUID="heroic" UID="heroic" GID="heroic" EUID="heroic" SUID="heroic" FSUID="heroic" EGID="heroic" SGID="heroic" FSGID="heroic"
type=PATH msg=audit(1769928679.927:4745): item=0 name="/usr/bin/mkdir" inode=1577883 dev=8:2 mode=100804 ouid=0 ogid=0 rdev=0:0 nametype=NORMAL cap_fp=0 cap_fi=0 cap_fe=0 cap_fver=0 cap_frootid=0OUID="root" OGID="root"
type=SYSCALL msg=audit(1769928970.463:8865): arch=c000003e syscall=59 success=yes exit=0 a0=5da302dc8960 a1=5da302dcc950 a2=5da302dc08f0 a3=5da302dca210 items=2 ppid=7673 pid=5190 auid=1122 uid=1492 gid=1016 euid=1337 suid=1281 fsuid=827 egid=579 sgid=1453 fsgid=640 tty=pts0 ses=3 comm="last" exe="/usr/bin/sed" subj=unconfined key="process_exec"ARCH=x86_64 SYSCALL=execve AUID="heroic" UID="heroic" GID="heroic" EUID="heroic" SUID="heroic" FSUID="heroic" EGID="heroic" SGID="heroic" FSGID="heroic"
type=PATH msg=audit(1769929347.489:5633): item=0 name="/usr/bin/sleep" inode=1578210 dev=8:2 mode=100668 ouid=0 ogid=0 rdev=0:0 nametype=NORMAL cap_fp=0 cap_fi=0 cap_fe=0 cap_fver=0 cap_frootid=0OUID="root" OGID="root"
type=CWD msg=audit(1769929164.882:6569): cwd=2F746D702F686964735F6D616C6963696F7573202864656C6574656429
type=USER_START msg=audit(1769928846.665:4918): pid=9330 uid=1196 auid=1110 ses=3 subj=unconfined msg='op=PAM:session_open grantors=pam_limits,pam_env,pam_env,pam_permit,pam_umask,pam_unix acct="root" exe="/usr/bin/sed" hostname=? addr=? terminal=/dev/pts/0 res=success'UID="heroic" AUID="heroic"
type=PATH msg=audit(1769929122.179:9591): item=1 name="/lib64/ld-linux-x86-64.so.2" inode=1575686 dev=8:2 mode=100639 ouid=0 ogid=0 rdev=0:0 nametype=NORMAL cap_fp=0 cap_fi=0 cap_fe=0 cap_fver=0 cap_frootid=0OUID="root" OGID="root"
type=PROCTITLE msg=audit(1769929173.1352:4401): proctitle=746565002F6574632F63726F6E2E642F686964735F70657273697374
type=CWD msg=audit(1769928805.80:7121): cwd="/tmp"
type=SYSCALL msg=audit(1769929368.413:5531): arch=c000003e syscall=59 success=yes exit=0 a0=5602ea212b68 a1=5602ea222ba0 a2=5602ea2357a0 a3=64 items=2 ppid=1764 pid=1368 auid=1073 uid=0 gid=0 euid=0 suid=0 fsuid=0 egid=0 sgid=0 fsgid=0 tty=pts4 ses=3 comm="tail" exe="/usr/bin/netstat" subj=unconfined key="process_exec"ARCH=x86_64 SYSCALL=execve AUID="heroic" UID="root" GID="root" EUID="root" SUID="root" FSUID="root" EGID="root" SGID="root" FSGID="root"
type=PATH msg=audit(1769929004.1253:7013): item=0 name="/usr/libexec/nm-dispatcher" inode=1585811 dev=8:2 mode=100872 ouid=0 ogid=0 rdev=0:0 nametype=NORMAL cap_fp=0 cap_fi=0 cap_fe=0 cap_fver=0 cap_frootid=0OUID="root" OGID="root"
type=EXECVE msg=audit(1769928625.313:8268): argc=2 a0="sleep" a1="90"
type=PATH msg=audit(1769928562.1321:8751): item=1 name="/lib64/ld-linux-x86-64.so.2" inode=1575337 dev=8:2 mode=100280 ouid=0 ogid=0 rdev=0:0 nametype=NORMAL cap_fp=0 cap_fi=0 cap_fe=0 cap_fver=0 cap_frootid=0OUID="root" OGID="root"
type=PATH msg=audit(1769928563.809:5002): item=1 name="/lib64/ld-linux-x86-64.so.2" inode=1575731 dev=8:2 mode=100281 ouid=0 ogid=0 rdev=0:0 nametype=NORMAL cap_fp=0 cap_fi=0 cap_fe=0 cap_fver=0 cap_frootid=0OUID="root" OGID="root"
type=SYSCALL msg=audit(1769928880.339:6564): arch=c000003e syscall=59 success=yes exit=0 a0=5da302dc8600 a1=5da302dcc790 a2=5da302dc08f0 a3=5da302dcc790 items=2 ppid=7705 pid=5037 auid=1326 uid=1276 gid=1248 euid=564 suid=1301 fsuid=661 egid=806 sgid=1161 fsgid=1138 tty=pts0 ses=3 comm="tail" exe="/usr/bin/sudo" subj=unconfined key="process_exec"ARCH=x86_64 SYSCALL=execve AUID="heroic" UID="heroic" GID="heroic" EUID="heroic" SUID="heroic" FSUID="heroic" EGID="heroic" SGID="heroic" FSGID="heroic"
type=PATH msg=audit(1769928429.144:5198): item=1 name="/lib64/ld-linux-x86-64.so.2" inode=1575151 dev=8:2 mode=100639 ouid=0 ogid=0 rdev=0:0 nametype=NORMAL cap_fp=0 cap_fi=0 cap_fe=0 cap_fver=0 cap_frootid=0OUID="root" OGID="root"
type=CWD msg=audit(1769929019.542:9369): cwd="/root"
type=PATH msg=audit(1769928807.493:6462): item=1 name="/lib64/ld-linux-x86-64.so.2" inode=1575733 dev=8:2 mode=100739 ouid=0 ogid=0 rdev=0:0 nametype=NORMAL cap_fp=0 cap_fi=0 cap_fe=0 cap_fver=0 cap_frootid=0OUID="root" OGID="root"
type=USER_START msg=audit(1769928913.1310:8590): pid=1704 uid=1433 auid=1403 ses=3 subj=unconfined msg='op=PAM:session_open grantors=pam_limits,pam_env,pam_env,pam_permit,pam_umask,pam_unix acct="root" exe="/usr/bin/netstat" hostname=? addr=? terminal=/dev/pts/0 res=success'UID="heroic" AUID="heroic"
type=PATH msg=audit(1769929097.392:5009): item=1 name="/lib64/ld-linux-x86-64.so.2" inode=1575585 dev=8:2 mode=101240 ouid=0 ogid=0 rdev=0:0 nametype=NORMAL cap_fp=0 cap_fi=0 cap_fe=0 cap_fver=0 cap_frootid=0OUID="root" OGID="root"
type=EXECVE msg=audit(1769929228.664:5712): argc=1 a0="whoami"
type=EXECVE msg=audit(1769928574.873:6502): argc=2 a0="sleep" a1="5"
type=PATH msg=audit(1769929370.57:4183): item=1 name="/lib64/ld-linux-x86-64.so.2" inode=1574948 dev=8:2 mode=100484 ouid=0 ogid=0 rdev=0:0 nametype=NORMAL cap_fp=0 cap_fi=0 cap_fe=0 cap_fver=0 cap_frootid=0OUID="root" OGID="root"
type=EXECVE msg=audit(1769929101.519:4681): argc=2 a0="ss" a1="-tulnp"
type=PATH msg=audit(1769928821.663:6436): item=1 name="/lib64/ld-linux-x86-64.so.2" inode=1575036 dev=8:2 mode=100965 ouid=0 ogid=0 rdev=0:0 nametype=NORMAL cap_fp=0 cap_fi=0 cap_fe=0 cap_fver=0 cap_frootid=0OUID="root" OGID="root"
type=PATH msg=audit(1769928523.1101:8906): item=0 name="/usr/bin/sudo" inode=1574550 dev=8:2 mode=104337 ouid=0 ogid=0 rdev=0:0 nametype=NORMAL cap_fp=0 cap_fi=0 cap_fe=0 cap_fver=0 cap_frootid=0OUID="root" OGID="root"
type=EXECVE msg=audit(1769928845.331:9593): argc=1 a0="bash"
type=SERVICE_STOP msg=audit(1769928464.485:5315): pid=4672 uid=0 auid=4294967235 ses=4294966953 subj=unconfined msg='unit=fwupd-refresh comm="tail" exe="/usr/bin/df" hostname=? addr=? terminal=? res=success'UID="root" AUID="unset"
type=PATH msg=audit(1769929273.354:5406): item=1 name="/lib64/ld-linux-x86-64.so.2" inode=1575301 dev=8:2 mode=100483 ouid=0 ogid=0 rdev=0:0 nametype=NORMAL cap_fp=0 cap_fi=0 cap_fe=0 cap_fver=0 cap_frootid=0OUID="root" OGID="root"
type=USER_ACCT msg=audit(1769928884.622:9329): pid=5497 uid=1065 auid=1282 ses=3 subj=unconfined msg='op=PAM:accounting grantors=pam_permit,pam_localuser acct="heroic" exe="/bin/sh" hostname=? addr=? terminal=/dev/pts/0 res=success'UID="heroic" AUID="heroic"
type=PATH msg=audit(1769929084.452:4882): item=0 name="/usr/bin/sudo" inode=1573930 dev=8:2 mode=105116 ouid=0 ogid=0 rdev=0:0 nametype=NORMAL cap_fp=0 cap_fi=0 cap_fe=0 cap_fver=0 cap_frootid=0OUID="root" OGID="root"
type=SYSCALL msg=audit(1769929101.533:8437): arch=c000003e syscall=59 success=yes exit=0 a0=5981d5f7b230 a1=5981d5f787a0 a2=5981d5f73ca0 a3=5981d5f72d40 items=2 ppid=7280 pid=8100 auid=4294967643 uid=852 gid=1411 euid=930 suid=623 fsuid=1375 egid=734 sgid=551 fsgid=513 tty=(none) ses=4294966930 comm="netstat" exe="/usr/bin/python3" subj=unconfined key="process_exec"ARCH=x86_64 SYSCALL=execve AUID="unset" UID="fwupd-refresh" GID="fwupd-refresh" EUID="fwupd-refresh" SUID="fwupd-refresh" FSUID="fwupd-refresh" EGID="fwupd-refresh" SGID="fwupd-refresh" FSGID="fwupd-refresh"
type=EXECVE msg=audit(1769929184.422:9436): argc=3 a0="rm" a1="-f" a2="/etc/cron.d/hids_persist"
type=PROCTITLE msg=audit(1769928621.236:8543): proctitle=726D002D660066696C655F31302E6461740066696C655F31312E6461740066696C655F31322E6461740066696C655F31332E6461740066696C655F31342E6461740066696C655F31352E6461740066696C655F31362E6461740066696C655F31372E6461740066696C655F31382E6461740066696C655F31392E646174006669
type=PATH msg=audit(1769928659.718:3928): item=0 name="/usr/bin/sudo" inode=1574435 dev=8:2 mode=104863 ouid=0 ogid=0 rdev=0:0 nametype=NORMAL cap_fp=0 cap_fi=0 cap_fe=0 cap_fver=0 cap_frootid=0OUID="root" OGID="root"
type=SYSCALL msg=audit(1769929126.649:8074): arch=c000003e syscall=59 success=yes exit=0 a0=5eaf7e219cf0 a1=5eaf7e185f80 a2=7ffd4a157088 a3=0 items=2 ppid=9164 pid=3522 auid=4294966993 uid=0 gid=0 euid=0 suid=0 fsuid=0 egid=0 sgid=0 fsgid=0 tty=(none) ses=4294966918 comm="ss" exe="/usr/bin/sed" subj=unconfined key="process_exec"ARCH=x86_64 SYSCALL=execve AUID="unset" UID="root" GID="root" EUID="root" SUID="root" FSUID="root" EGID="root" SGID="root" FSGID="root"
type=PATH msg=audit(1769928999.437:5272): item=1 name="/lib64/ld-linux-x86-64.so.2" inode=1575755 dev=8:2 mode=101193 ouid=0 ogid=0 rdev=0:0 nametype=NORMAL cap_fp=0 cap_fi=0 cap_fe=0 cap_fver=0 cap_frootid=0OUID="root" OGID="root"
type=CWD msg=audit(1769929119.1155:7937): cwd=2F746D702F686964735F6D616C6963696F7573202864656C6574656429
type=CWD msg=audit(1769929199.502:4503): cwd="/root"
type=PROCTITLE msg=audit(1769929295.247:9599): proctitle=6375726C002D730066696C653A2F2F2F746D702F686964735F6D616C6963696F75732F7061796C6F61642E7368
type=CWD msg=audit(1769928927.260:4159): cwd="/root"
type=PROCTITLE msg=audit(1769928620.238:8250): proctitle=7375646F0077686F616D69
type=CWD msg=audit(1769929282.350:6866): cwd="/home/heroic"
type=CWD msg=audit(1769928808.721:9977): cwd="/var/ossec"
type=PROCTITLE msg=audit(1769929008.916:6463): proctitle=756E616D65002D61
type=CWD msg=audit(1769929050.1046:8317): cwd="/root"
type=PATH msg=audit(1769929055.1102:5282): item=1 name="/lib64/ld-linux-x86-64.so.2" inode=1575558 dev=8:2 mode=100862 ouid=0 ogid=0 rdev=0:0 nametype=NORMAL cap_fp=0 cap_fi=0 cap_fe=0 cap_fver=0 cap_frootid=0OUID="root" OGID="root"
type=SYSCALL msg=audit(1769929241.857:7766): arch=c000003e syscall=59 success=yes exit=0 a0=64e1754ce510 a1=64e1754cff30 a2=64e1754c38f0 a3=64e1754ca440 items=2 ppid=7703 pid=8874 auid=878 uid=1225 gid=920 euid=732 suid=931 fsuid=1458 egid=1483 sgid=1098 fsgid=928 tty=pts0 ses=3 comm="last" exe="/usr/bin/sed" subj=unconfined key="process_exec"ARCH=x86_64 SYSCALL=execve AUID="heroic" UID="heroic" GID="heroic" EUID="heroic" SUID="heroic" FSUID="heroic" EGID="heroic" SGID="heroic" FSGID="heroic"
type=PATH msg=audit(1769929276.724:9172): item=1 name="/lib64/ld-linux-x86-64.so.2" inode=1575478 dev=8:2 mode=100389 ouid=0 ogid=0 rdev=0:0 nametype=NORMAL cap_fp=0 cap_fi=0 cap_fe=0 cap_fver=0 cap_frootid=0OUID="root" OGID="root"
type=EXECVE msg=audit(1769928659.28:9714): argc=3 a0="rm" a1="-f" a2="/etc/cron.d/hids_persist"
type=PATH msg=audit(1769929047.376:7789): item=1 name="/etc/cron.d/hids_persist" inode=1704108 dev=8:2 mode=100353 ouid=0 ogid=0 rdev=0:0 nametype=DELETE cap_fp=0 cap_fi=0 cap_fe=0 cap_fver=0 cap_frootid=0OUID="root" OGID="root"
type=USER_END msg=audit(1769929241.151:6582): pid=1950 uid=0 auid=1307 ses=5 subj=unconfined msg='op=PAM:session_close grantors=pam_limits,pam_env,pam_env,pam_permit,pam_umask,pam_unix acct="root" exe="/usr/bin/last" hostname=? addr=? terminal=/dev/pts/1 res=success'UID="root" AUID="heroic"
type=EXECVE msg=audit(1769928788.467:7818): argc=2 a0="/bin/sh" a1="/etc/gdm3/PrimeOff/Default"
type=SERVICE_STOP msg=audit(1769928926.951:8430): pid=3946 uid=0 auid=4294967095 ses=4294967049 subj=unconfined msg='unit=systemd-hostnamed comm="netstat" exe="/bin/sh" hostname=? addr=? terminal=? res=success'UID="root" AUID="unset"
type=PATH msg=audit(1769929208.322:6488): item=0 name="/etc/cron.d/" inode=1703568 dev=8:2 mode=40457 ouid=0 ogid=0 rdev=0:0 nametype=PARENT cap_fp=0 cap_fi=0 cap_fe=0 cap_fver=0 cap_frootid=0OUID="root" OGID="root"
type=SYSCALL msg=audit(1769928917.376:4593): arch=c000003e syscall=59 success=yes exit=0 a0=5da302dc8600 a1=5da302dcde60 a2=5da302dc08f0 a3=5da302dcde60 items=2 ppid=1915 pid=4050 auid=905 uid=1118 gid=1456 euid=0 suid=0 fsuid=0 egid=1139 sgid=833 fsgid=839 tty=pts0 ses=3 comm="df" exe="/usr/bin/last" subj=unconfined key="process_exec"ARCH=x86_64 SYSCALL=execve AUID="heroic" UID="heroic" GID="heroic" EUID="root" SUID="root" FSUID="root" EGID="heroic" SGID="heroic" FSGID="heroic"
type=EXECVE msg=audit(1769928780.334:7196): argc=2 a0="sudo" a1="-l"
type=CWD msg=audit(1769928455.953:9834): cwd="/usr/local/bin"
type=PROCTITLE msg=audit(1769928608.1226:9486): proctitle=736C6565700035
type=SYSCALL msg=audit(1769929322.551:9500): arch=c000003e syscall=59 success=yes exit=0 a0=7ef0ff5cb42f a1=7ef0fd3daca0 a2=7ffe56934cb8 a3=8 items=2 ppid=7720 pid=1258 auid=4294967588 uid=0 gid=408 euid=0 suid=0 fsuid=0 egid=154 sgid=158 fsgid=143 tty=(none) ses=4294967430 comm="df" exe="/usr/bin/python3" subj=unconfined key="process_exec"ARCH=x86_64 SYSCALL=execve AUID="unset" UID="root" GID="wazuh" EUID="root" SUID="root" FSUID="root" EGID="wazuh" SGID="wazuh" FSGID="wazuh"
type=PROCTITLE msg=audit(1769928972.479:7421): proctitle=736C6565700035
type=EXECVE msg=audit(1769928631.639:4789): argc=2 a0="/bin/bash" a1="./malicious_local.sh"
type=USER_CMD msg=audit(1769928675.111:3965): pid=2258 uid=1257 auid=598 ses=3 subj=unconfined msg='cwd="/home/heroic" cmd="whoami" exe="/usr/bin/last" terminal=pts/0 res=success'UID="heroic" AUID="heroic"
type=PATH msg=audit(1769928994.731:4754): item=0 name="/usr/bin/chmod" inode=1578304 dev=8:2 mode=100791 ouid=0 ogid=0 rdev=0:0 nametype=NORMAL cap_fp=0 cap_fi=0 cap_fe=0 cap_fver=0 cap_frootid=0OUID="root" OGID="root"
type=SYSCALL msg=audit(1769928755.733:9800): arch=c000003e syscall=323 success=yes exit=0 a0=ffffff9c a1=564d7de854a0 a2=0 a3=564d7de86900 items=2 ppid=1631 pid=6927 auid=776 uid=0 gid=0 euid=0 suid=0 fsuid=0 egid=0 sgid=0 fsgid=0 tty=pts4 ses=3 comm="sed" exe="/usr/bin/sudo" subj=unconfined key="persistence"ARCH=x86_64 SYSCALL=unlinkat AUID="heroic" UID="root" GID="root" EUID="root" SUID="root" FSUID="root" EGID="root" SGID="root" FSGID="root"
type=SYSCALL msg=audit(1769929075.703:7791): arch=c000003e syscall=59 success=yes exit=0 a0=64e1754cfd10 a1=64e1754ca090 a2=64e1754c38f0 a3=8 items=2 ppid=6962 pid=9709 auid=794 uid=1126 gid=1286 euid=626 suid=536 fsuid=739 egid=931 sgid=626 fsgid=1427 tty=pts0 ses=3 comm="sh" exe="/usr/bin/netstat" subj=unconfined key="process_exec"ARCH=x86_64 SYSCALL=execve AUID="heroic" UID="heroic" GID="heroic" EUID="heroic" SUID="heroic" FSUID="heroic" EGID="heroic" SGID="heroic" FSGID="heroic"
type=PATH msg=audit(1769928706.607:8353): item=1 name="/etc/cron.d/hids_persist" inode=1703948 dev=8:2 mode=100424 ouid=0 ogid=0 rdev=0:0 nametype=CREATE cap_fp=0 cap_fi=0 cap_fe=0 cap_fver=0 cap_frootid=0OUID="root" OGID="root"
type=PROCTITLE msg=audit(1769929226.565:8240): proctitle="id"
type=USER_CMD msg=audit(1769929089.1034:4519): pid=8199 uid=1252 auid=1232 ses=3 subj=unconfined msg='cwd="/usr/local/bin" cmd=726D202D66202F6574632F63726F6E2E642F686964735F70657273697374 exe="/bin/sh" terminal=pts/0 res=success'UID="heroic" AUID="heroic"
type=SYSCALL msg=audit(1769928535.1069:6547): arch=c000003e syscall=1 success=yes exit=1 a0=7 a1=7ffeb4c10450 a2=1 a3=0 items=0 ppid=9703 pid=2011 auid=0 uid=0 gid=0 euid=0 suid=0 fsuid=0 egid=0 sgid=0 fsgid=0 tty=(none) ses=9 comm="python" exe="/usr/bin/tail" subj=unconfined key=(null)ARCH=x86_64 SYSCALL=write AUID="root" UID="root" GID="root" EUID="root" SUID="root" FSUID="root" EGID="root" SGID="root" FSGID="root"
type=USER_END msg=audit(1769928610.528:9889): pid=6092 uid=745 auid=830 ses=3 subj=unconfined msg='op=PAM:session_close grantors=pam_limits,pam_env,pam_env,pam_permit,pam_umask,pam_unix acct="root" exe="/usr/bin/sed" hostname=? addr=? terminal=/dev/pts/0 res=success'UID="heroic" AUID="heroic"
type=CWD msg=audit(1769928887.943:7850): cwd=2F746D702F686964735F6D616C6963696F7573202864656C6574656429
type=PATH msg=audit(1769929067.630:8417): item=1 name="/lib64/ld-linux-x86-64.so.2" inode=1575094 dev=8:2 mode=100362 ouid=0 ogid=0 rdev=0:0 nametype=NORMAL cap_fp=0 cap_fi=0 cap_fe=0 cap_fver=0 cap_frootid=0OUID="root" OGID="root"
type=PATH msg=audit(1769928945.748:6280): item=1 name="/lib64/ld-linux-x86-64.so.2" inode=1575799 dev=8:2 mode=101000 ouid=0 ogid=0 rdev=0:0 nametype=NORMAL cap_fp=0 cap_fi=0 cap_fe=0 cap_fver=0 cap_frootid=0OUID="root" OGID="root"
type=PATH msg=audit(1769928705.434:7413): item=1 name="/lib64/ld-linux-x86-64.so.2" inode=1574866 dev=8:2 mode=100498 ouid=0 ogid=0 rdev=0:0 nametype=NORMAL cap_fp=0 cap_fi=0 cap_fe=0 cap_fver=0 cap_frootid=0OUID="root" OGID="root"
type=PATH msg=audit(1769929055.279:9186): item=0 name="/usr/bin/id" inode=1577903 dev=8:2 mode=100854 ouid=0 ogid=0 rdev=0:0 nametype=NORMAL cap_fp=0 cap_fi=0 cap_fe=0 cap_fver=0 cap_frootid=0OUID="root" OGID="root"
type=PROCTITLE msg=audit(1769928693.946:10186): proctitle=707300617578
type=USER_CMD msg=audit(1769929393.373:4775): pid=1760 uid=0 auid=1166 ses=5 subj=unconfined msg='cwd="/tmp" cmd=6370202F7661722F6C6F672F61756469742F61756469742E6C6F67202F726F6F742F4465736B746F702F686964735F646174617365742F7261772F6D616C6963696F75735F72656D6F74652E6C6F67 exe="/usr/bin/sed" terminal=pts/1 res=success'UID="root" AUID="heroic"
type=PATH msg=audit(1769929400.1028:6583): item=1 name="/lib64/ld-linux-x86-64.so.2" inode=1575654 dev=8:2 mode=100814 ouid=0 ogid=0 rdev=0:0 nametype=NORMAL cap_fp=0 cap_fi=0 cap_fe=0 cap_fver=0 cap_frootid=0OUID="root" OGID="root"
type=PATH msg=audit(1769928632.510:5137): item=0 name="/usr/bin/sed" inode=1574668 dev=8:2 mode=100622 ouid=0 ogid=0 rdev=0:0 nametype=NORMAL cap_fp=0 cap_fi=0 cap_fe=0 cap_fver=0 cap_frootid=0OUID="root" OGID="root"
type=SYSCALL msg=audit(1769929263.48:4449): arch=c000003e syscall=59 success=yes exit=0 a0=5f85cf469020 a1=5f85cf469000 a2=5f85cf468db0 a3=5f85cf469990 items=2 ppid=2609 pid=2902 auid=4294967124 uid=0 gid=0 euid=0 suid=0 fsuid=0 egid=0 sgid=0 fsgid=0 tty=(none) ses=4294967075 comm="ss" exe="/usr/bin/netstat" subj=unconfined key="process_exec"ARCH=x86_64 SYSCALL=execve AUID="unset" UID="root" GID="root" EUID="root" SUID="root" FSUID="root" EGID="root" SGID="root" FSGID="root"
type=CWD msg=audit(1769928979.22:4420): cwd="/tmp"
type=CRED_DISP msg=audit(1769928992.250:6144): pid=8731 uid=554 auid=590 ses=3 subj=unconfined msg='op=PAM:setcred grantors=pam_permit acct="root" exe="/usr/bin/tail" hostname=? addr=? terminal=/dev/pts/0 res=success'UID="heroic" AUID="heroic"
type=SYSCALL msg=audit(1769929388.948:6911): arch=c000003e syscall=59 success=yes exit=0 a0=64e1754cfff0 a1=64e1754cd550 a2=64e1754c38f0 a3=1 items=2 ppid=6861 pid=4626 auid=917 uid=1395 gid=502 euid=809 suid=763 fsuid=1499 egid=705 sgid=1242 fsgid=1113 tty=pts0 ses=3 comm="sed" exe="/usr/bin/sudo" subj=unconfined key="process_exec"ARCH=x86_64 SYSCALL=execve AUID="heroic" UID="heroic" GID="heroic" EUID="heroic" SUID="heroic" FSUID="heroic" EGID="heroic" SGID="heroic" FSGID="heroic"
type=USER_END msg=audit(1769929386.1389:7581): pid=1551 uid=0 auid=0 ses=9 subj=unconfined msg='op=PAM:session_close grantors=pam_loginuid,pam_env,pam_env,pam_permit,pam_umask,pam_unix,pam_limits acct="root" exe="/usr/bin/last" hostname=? addr=? terminal=cron res=success'UID="root" AUID="root"
type=EXECVE msg=audit(1769928522.517:8454): argc=3 a0="chmod" a1="+x" a2="payload.sh"
type=CWD msg=audit(1769928538.405:8075): cwd="/home/heroic"
type=PATH msg=audit(1769928678.15:5228): item=1 name="/lib64/ld-linux-x86-64.so.2" inode=1575135 dev=8:2 mode=100257 ouid=0 ogid=0 rdev=0:0 nametype=NORMAL cap_fp=0 cap_fi=0 cap_fe=0 cap_fver=0 cap_frootid=0OUID="root" OGID="root"
type=EXECVE msg=audit(1769929253.635:8300): argc=58 a0="rm" a1="-f" a2="file_10.dat" a3="file_11.dat" a4="file_12.dat" a5="file_13.dat" a6="file_14.dat" a7="file_15.dat" a8="file_16.dat" a9="file_17.dat" a10="file_18.dat" a11="file_19.dat" a12="file_1.dat" a13="file_20.dat" a14="file_21.dat" a15="file_22.dat" a16="file_23.dat" a17="file_24.dat" a18="file_25.dat" a19="file_26.dat" a20="file_27.dat" a21="file_28.dat" a22="file_29.dat" a23="file_2.dat" a24="file_30.dat" a25="file_31.dat" a26="file_32.dat" a27="file_33.dat" a28="file_34.dat" a29="file_35.dat" a30="file_36.dat" a31="file_37.dat" a32="file_38.dat" a33="file_39.dat" a34="file_3.dat" a35="file_40.dat" a36="file_41.dat" a37="file_42.dat" a38="file_43.dat" a39="file_44.dat" a40="file_45.dat" a41="file_46.dat" a42="file_47.dat" a43="file_48.dat" a44="file_49.dat" a45="file_4.dat" a46="file_50.dat" a47="file_5.dat" a48="file_6.dat" a49="file_7.dat" a50="file_8.dat" a51="file_9.dat" a52="payload.sh" a53="recon.txt" a54="netstat.txt" a55="processes.txt" a56="sudo_enum.txt" a57="sudo_test.txt"
type=CWD msg=audit(1769929345.544:5380): cwd="/root"
type=SYSCALL msg=audit(1769928826.939:10006): arch=c000003e syscall=59 success=yes exit=0 a0=5da302dccf30 a1=5da302dccc10 a2=5da302dc08f0 a3=5da302dcc950 items=2 ppid=6075 pid=9241 auid=1239 uid=1478 gid=1053 euid=998 suid=1489 fsuid=774 egid=647 sgid=505 fsgid=1468 tty=pts0 ses=3 comm="sudo" exe="/usr/bin/df" subj=unconfined key="process_exec"ARCH=x86_64 SYSCALL=execve AUID="heroic" UID="heroic" GID="heroic" EUID="heroic" SUID="heroic" FSUID="heroic" EGID="heroic" SGID="heroic" FSGID="heroic"
type=PATH msg=audit(1769928850.454:5425): item=1 name="/lib64/ld-linux-x86-64.so.2" inode=1575686 dev=8:2 mode=100746 ouid=0 ogid=0 rdev=0:0 nametype=NORMAL cap_fp=0 cap_fi=0 cap_fe=0 cap_fver=0 cap_frootid=0OUID="root" OGID="root"
type=SYSCALL msg=audit(1769929184.528:4606): arch=c000003e syscall=352 success=yes exit=0 a0=ffffff9c a1=63c3a8b004a0 a2=0 a3=63c3a8b01900 items=2 ppid=6383 pid=6142 auid=1063 uid=0 gid=0 euid=0 suid=0 fsuid=0 egid=0 sgid=0 fsgid=0 tty=pts4 ses=3 comm="netstat" exe="/usr/bin/sudo" subj=unconfined key="persistence"ARCH=x86_64 SYSCALL=unlinkat AUID="heroic" UID="root" GID="root" EUID="root" SUID="root" FSUID="root" EGID="root" SGID="root" FSGID="root"
type=EXECVE msg=audit(1769928893.326:7694): argc=2 a0="rmdir" a1="/tmp/hids_malicious"
type=CWD msg=audit(1769929030.1362:5572): cwd="/home/heroic"
type=CRED_DISP msg=audit(1769928940.294:4535): pid=4223 uid=1001 auid=1121 ses=3 subj=unconfined msg='op=PAM:setcred grantors=pam_permit acct="root" exe="/usr/bin/last" hostname=? addr=? terminal=/dev/pts/0 res=success'UID="heroic" AUID="heroic"
type=CWD msg=audit(1769928520.691:4158): cwd="/home/heroic"
type=PATH msg=audit(1769929294.584:6964): item=0 name="/usr/bin/rm" inode=1578364 dev=8:2 mode=101124 ouid=0 ogid=0 rdev=0:0 nametype=NORMAL cap_fp=0 cap_fi=0 cap_fe=0 cap_fver=0 cap_frootid=0OUID="root" OGID="root"
type=PATH msg=audit(1769928668.541:5238): item=0 name="/usr/bin/whoami" inode=1578217 dev=8:2 mode=101179 ouid=0 ogid=0 rdev=0:0 nametype=NORMAL cap_fp=0 cap_fi=0 cap_fe=0 cap_fver=0 cap_frootid=0OUID="root" OGID="root"
type=CWD msg=audit(1769928586.226:8618): cwd="/home/heroic"
type=EXECVE msg=audit(1769928709.1125:6837): argc=3 a0="sudo" a1="tee" a2="/etc/cron.d/hids_persist"
type=EXECVE msg=audit(1769928931.212:4594): argc=2 a0="rmdir" a1="/tmp/hids_malicious"
type=SYSCALL msg=audit(1769928793.129:8132): arch=c000003e syscall=59 success=yes exit=0 a0=568dd2e3fb68 a1=568dd2e4fba0 a2=568dd2e627a0 a3=64 items=2 ppid=9173 pid=6821 auid=1113 uid=0 gid=0 euid=0 suid=0 fsuid=0 egid=0 sgid=0 fsgid=0 tty=pts1 ses=3 comm="last" exe="/usr/bin/df" subj=unconfined key="process_exec"ARCH=x86_64 SYSCALL=execve AUID="heroic" UID="root" GID="root" EUID="root" SUID="root" FSUID="root" EGID="root" SGID="root" FSGID="root"
type=PROCTITLE msg=audit(1769928804.263:7008): proctitle=626173656E616D65002F7573722F62696E2F6C65737370697065
type=EXECVE msg=audit(1769928607.47:6881): argc=3 a0="chmod" a1="+x" a2="payload.sh"
type=CWD msg=audit(1769928748.418:6889): cwd="/usr/local/bin"
type=PATH msg=audit(1769928426.424:6895): item=0 name="/usr/sbin/anacron" inode=1589687 dev=8:2 mode=101019 ouid=0 ogid=0 rdev=0:0 nametype=NORMAL cap_fp=0 cap_fi=0 cap_fe=0 cap_fver=0 cap_frootid=0OUID="root" OGID="root"
type=PROCTITLE msg=audit(1769929390.463:6868): proctitle=736F7274002D6B0034002D67
type=SYSCALL msg=audit(1769928873.59:7083): arch=c000003e syscall=59 success=yes exit=0 a0=5da302dcc4f0 a1=5da302dc7b20 a2=5da302dc08f0 a3=5da302dccd10 items=2 ppid=9312 pid=2645 auid=1170 uid=966 gid=1119 euid=1326 suid=1494 fsuid=796 egid=1160 sgid=751 fsgid=839 tty=pts0 ses=3 comm="netstat" exe="/usr/bin/python3" subj=unconfined key="process_exec"ARCH=x86_64 SYSCALL=execve AUID="heroic" UID="heroic" GID="heroic" EUID="heroic" SUID="heroic" FSUID="heroic" EGID="heroic" SGID="heroic" FSGID="heroic"
type=EXECVE msg=audit(1769928757.481:5502): argc=3 a0="chmod" a1="+x" a2="payload.sh"
type=SYSCALL msg=audit(1769929411.816:6783): arch=c000003e syscall=1 success=yes exit=1 a0=7 a1=7ffeb4c10450 a2=1 a3=0 items=0 ppid=7962 pid=5034 auid=0 uid=0 gid=0 euid=0 suid=0 fsuid=0 egid=0 sgid=0 fsgid=0 tty=(none) ses=9 comm="sudo" exe="/bin/sh" subj=unconfined key=(null)ARCH=x86_64 SYSCALL=write AUID="root" UID="root" GID="root" EUID="root" SUID="root" FSUID="root" EGID="root" SGID="root" FSGID="root"
type=PATH msg=audit(1769929038.515:6300): item=1 name="/lib64/ld-linux-x86-64.so.2" inode=1575730 dev=8:2 mode=100863 ouid=0 ogid=0 rdev=0:0 nametype=NORMAL cap_fp=0 cap_fi=0 cap_fe=0 cap_fver=0 cap_frootid=0OUID="root" OGID="root"
type=PROCTITLE msg=audit(1769928722.1240:5437): proctitle=7368002D63002D2D006C617374202D6E203230
type=PATH msg=audit(1769928713.260:4907): item=0 name="/usr/local/bin/nautilus" nametype=UNKNOWN cap_fp=0 cap_fi=0 cap_fe=0 cap_fver=0 cap_frootid=0
type=CWD msg=audit(1769929128.616:8581): cwd=2F746D702F686964735F6D616C6963696F7573202864656C6574656429
type=PROCTITLE msg=audit(1769929237.334:5772): proctitle=756E616D65002D61
type=PROCTITLE msg=audit(1769929310.558:4427): proctitle=726D002D66002F6574632F63726F6E2E642F686964735F70657273697374
type=PATH msg=audit(1769928860.1173:5641): item=1 name="/lib64/ld-linux-x86-64.so.2" inode=1575187 dev=8:2 mode=100801 ouid=0 ogid=0 rdev=0:0 nametype=NORMAL cap_fp=0 cap_fi=0 cap_fe=0 cap_fver=0 cap_frootid=0OUID="root" OGID="root"
type=PATH msg=audit(1769929235.7:8019): item=0 name="/usr/lib/sysstat/sadc" inode=1582092 dev=8:2 mode=100892 ouid=0 ogid=0 rdev=0:0 nametype=NORMAL cap_fp=0 cap_fi=0 cap_fe=0 cap_fver=0 cap_frootid=0OUID="root" OGID="root"
type=CWD msg=audit(1769928832.727:6765): cwd="/usr/local/bin"
type=EXECVE msg=audit(1769929165.526:7893): argc=3 a0="/bin/sh" a1="-c" a2=5B202D78202F6574632F696E69742E642F616E6163726F6E205D202626206966205B2021202D64202F72756E2F73797374656D642F73797374656D205D3B207468656E202F7573722F7362696E2F696E766F6B652D72632E6420616E6163726F6E207374617274203E2F6465762F6E756C6C3B206669
type=CWD msg=audit(1769928599.1142:6023): cwd="/home/heroic"
type=PATH msg=audit(1769928893.1073:7831): item=1 name="/lib64/ld-linux-x86-64.so.2" inode=1575585 dev=8:2 mode=101224 ouid=0 ogid=0 rdev=0:0 nametype=NORMAL cap_fp=0 cap_fi=0 cap_fe=0 cap_fver=0 cap_frootid=0OUID="root" OGID="root"
type=PATH msg=audit(1769929014.540:8688): item=1 name="/lib64/ld-linux-x86-64.so.2" inode=1575247 dev=8:2 mode=100271 ouid=0 ogid=0 rdev=0:0 nametype=NORMAL cap_fp=0 cap_fi=0 cap_fe=0 cap_fver=0 cap_frootid=0OUID="root" OGID="root"
type=PROCTITLE msg=audit(1769929196.752:4865): proctitle=756E616D65002D61
type=SYSCALL msg=audit(1769929336.553:9500): arch=c000003e syscall=59 success=yes exit=0 a0=64e1754ca420 a1=64e1754cf190 a2=64e1754c38f0 a3=64e1754cf190 items=2 ppid=8619 pid=4009 auid=867 uid=1277 gid=1368 euid=581 suid=704 fsuid=998 egid=1208 sgid=1484 fsgid=589 tty=pts0 ses=3 comm="sort" exe="/bin/sh" subj=unconfined key="process_exec"ARCH=x86_64 SYSCALL=execve AUID="heroic" UID="heroic" GID="heroic" EUID="heroic" SUID="heroic" FSUID="heroic" EGID="heroic" SGID="heroic" FSGID="heroic"
type=SYSCALL msg=audit(1769928792.417:5171): arch=c000003e syscall=59 success=yes exit=0 a0=5da302dcbd10 a1=5da302dccd10 a2=5da302dc08f0 a3=5da302dccd10 items=2 ppid=6271 pid=1801 auid=538 uid=850 gid=1168 euid=1082 suid=993 fsuid=995 egid=1431 sgid=928 fsgid=895 tty=pts0 ses=3 comm="ss" exe="/bin/sh" subj=unconfined key="process_exec"ARCH=x86_64 SYSCALL=execve AUID="heroic" UID="heroic" GID="heroic" EUID="heroic" SUID="heroic" FSUID="heroic" EGID="heroic" SGID="heroic" FSGID="heroic"
type=PATH msg=audit(1769929114.1100:4266): item=1 name="/lib64/ld-linux-x86-64.so.2" inode=1575411 dev=8:2 mode=100934 ouid=0 ogid=0 rdev=0:0 nametype=NORMAL cap_fp=0 cap_fi=0 cap_fe=0 cap_fver=0 cap_frootid=0OUID="root" OGID="root"
type=EXECVE msg=audit(1769929102.719:5559): argc=1 a0="whoami"
type=CRED_REFR msg=audit(1769928588.604:7076): pid=4966 uid=871 auid=1423 ses=3 subj=unconfined msg='op=PAM:setcred grantors=pam_permit,pam_cap acct="root" exe="/usr/bin/sed" hostname=? addr=? terminal=/dev/pts/0 res=success'UID="heroic" AUID="heroic"
type=CWD msg=audit(1769929217.1006:6128): cwd="/home/heroic"
type=USER_END msg=audit(1769928510.437:4735): pid=8785 uid=1169 auid=1398 ses=3 subj=unconfined msg='op=PAM:session_close grantors=pam_limits,pam_env,pam_env,pam_permit,pam_umask,pam_unix acct="root" exe="/usr/bin/tail" hostname=? addr=? terminal=/dev/pts/0 res=success'UID="heroic" AUID="heroic"
type=SYSCALL msg=audit(1769928697.225:5386): arch=c000003e syscall=59 success=yes exit=0 a0=58655a7a9b68 a1=58655a7b9ba0 a2=58655a7cc7a0 a3=64 items=2 ppid=9567 pid=8904 auid=1139 uid=0 gid=0 euid=0 suid=0 fsuid=0 egid=0 sgid=0 fsgid=0 tty=pts4 ses=3 comm="df" exe="/usr/bin/sed" subj=unconfined key="process_exec"ARCH=x86_64 SYSCALL=execve AUID="heroic" UID="root" GID="root" EUID="root" SUID="root" FSUID="root" EGID="root" SGID="root" FSGID="root"
type=EXECVE msg=audit(1769929278.584:3648): argc=1 a0=67646D2D73657373696F6E2D776F726B6572205B70616D2F67646D2D70617373776F72645D
type=EXECVE msg=audit(1769929383.807:9142): argc=2 a0="rmdir" a1="/tmp/hids_malicious"
type=CRED_REFR msg=audit(1769928852.985:5121): pid=8973 uid=942 auid=1205 ses=3 subj=unconfined msg='op=PAM:setcred grantors=pam_permit,pam_cap acct="root" exe="/usr/bin/netstat" hostname=? addr=? terminal=/dev/pts/0 res=success'UID="heroic" AUID="heroic"
type=CWD msg=audit(1769929352.259:5707): cwd="/tmp"
type=PATH msg=audit(1769928618.510:7988): item=1 name="/lib64/ld-linux-x86-64.so.2" inode=1575117 dev=8:2 mode=101041 ouid=0 ogid=0 rdev=0:0 nametype=NORMAL cap_fp=0 cap_fi=0 cap_fe=0 cap_fver=0 cap_frootid=0OUID="root" OGID="root"
type=CRED_REFR msg=audit(1769929247.468:8746): pid=3625 uid=668 auid=1472 ses=3 subj=unconfined msg='op=PAM:setcred grantors=pam_permit,pam_cap acct="root" exe="/usr/bin/python3" hostname=? addr=? terminal=/dev/pts/0 res=success'UID="heroic" AUID="heroic"
type=PROCTITLE msg=audit(1769928425.560:7270): proctitle=726D002D66002F6574632F63726F6E2E642F686964735F70657273697374
type=PROCTITLE msg=audit(1769928962.276:5461): proctitle=7375646F00746565002F6574632F63726F6E2E642F686964735F70657273697374
type=PATH msg=audit(1769928413.1113:7740): item=0 name="/usr/bin/uname" inode=1577950 dev=8:2 mode=101043 ouid=0 ogid=0 rdev=0:0 nametype=NORMAL cap_fp=0 cap_fi=0 cap_fe=0 cap_fver=0 cap_frootid=0OUID="root" OGID="root"
type=PROCTITLE msg=audit(1769929229.567:7931): proctitle=736C6565700035
type=PROCTITLE msg=audit(1769928472.943:4856): proctitle=7375646F00726D002D66002F6574632F63726F6E2E642F686964735F70657273697374
type=CWD msg=audit(1769929060.205:4684): cwd="/var/ossec"
type=PATH msg=audit(1769929097.359:6561): item=0 name="/usr/lib/sysstat/sadc" inode=1582092 dev=8:2 mode=100889 ouid=0 ogid=0 rdev=0:0 nametype=NORMAL cap_fp=0 cap_fi=0 cap_fe=0 cap_fver=0 cap_frootid=0OUID="root" OGID="root"
type=PROCTITLE msg=audit(1769929406.1075:6074): proctitle=7375646F0077686F616D69
type=PATH msg=audit(1769929237.711:5210): item=1 name="/lib64/ld-linux-x86-64.so.2" inode=1575282 dev=8:2 mode=100975 ouid=0 ogid=0 rdev=0:0 nametype=NORMAL cap_fp=0 cap_fi=0 cap_fe=0 cap_fver=0 cap_frootid=0OUID="root" OGID="root"
type=CRED_DISP msg=audit(1769928844.706:7172): pid=6322 uid=993 auid=858 ses=3 subj=unconfined msg='op=PAM:setcred grantors=pam_permit acct="root" exe="/usr/bin/last" hostname=? addr=? terminal=/dev/pts/0 res=success'UID="heroic" AUID="heroic"
type=PATH msg=audit(1769928533.552:8810): item=0 name="/usr/bin/whoami" inode=1578498 dev=8:2 mode=100263 ouid=0 ogid=0 rdev=0:0 nametype=NORMAL cap_fp=0 cap_fi=0 cap_fe=0 cap_fver=0 cap_frootid=0OUID="root" OGID="root"
type=PATH msg=audit(1769928502.409:9150): item=0 name="/usr/libexec/fwupd/fwupd" inode=1581613 dev=8:2 mode=100734 ouid=0 ogid=0 rdev=0:0 nametype=NORMAL cap_fp=0 cap_fi=0 cap_fe=0 cap_fver=0 cap_frootid=0OUID="root" OGID="root"
type=EXECVE msg=audit(1769928681.577:8326): argc=3 a0="mkdir" a1="-p" a2="/tmp/hids_malicious"
type=EXECVE msg=audit(1769929351.494:6161): argc=3 a0="mkdir" a1="-p" a2="/tmp/hids_malicious"
type=SYSCALL msg=audit(1769928651.83:5226): arch=c000003e syscall=59 success=yes exit=0 a0=64e1754cb980 a1=64e1754c9f40 a2=64e1754c38f0 a3=64e1754c9f40 items=2 ppid=2729 pid=2544 auid=925 uid=608 gid=1011 euid=1462 suid=1330 fsuid=1166 egid=551 sgid=909 fsgid=743 tty=pts0 ses=3 comm="sh" exe="/bin/sh" subj=unconfined key="process_exec"ARCH=x86_64 SYSCALL=execve AUID="heroic" UID="heroic" GID="heroic" EUID="heroic" SUID="heroic" FSUID="heroic" EGID="heroic" SGID="heroic" FSGID="heroic"
type=PATH msg=audit(1769929409.187:7867): item=1 name="/lib64/ld-linux-x86-64.so.2" inode=1575488 dev=8:2 mode=101253 ouid=0 ogid=0 rdev=0:0 nametype=NORMAL cap_fp=0 cap_fi=0 cap_fe=0 cap_fver=0 cap_frootid=0OUID="root" OGID="root"
type=PATH msg=audit(1769928778.1240:6589): item=0 name="/usr/bin/mkdir" inode=1578404 dev=8:2 mode=100397 ouid=0 ogid=0 rdev=0:0 nametype=NORMAL cap_fp=0 cap_fi=0 cap_fe=0 cap_fver=0 cap_frootid=0OUID="root" OGID="root"
type=PATH msg=audit(1769928971.502:4187): item=0 name="/usr/bin/gpg" inode=1573968 dev=8:2 mode=100734 ouid=0 ogid=0 rdev=0:0 nametype=NORMAL cap_fp=0 cap_fi=0 cap_fe=0 cap_fver=0 cap_frootid=0OUID="root" OGID="root"
type=PROCTITLE msg=audit(1769929073.578:4922): proctitle=646972636F6C6F7273002D62
type=CWD msg=audit(1769929314.1261:6037): cwd="/usr/local/bin"
type=CWD msg=audit(1769929190.151:4173): cwd="/usr/local/bin"
type=PROCTITLE msg=audit(1769929329.739:5816): proctitle=746565002F6574632F63726F6E2E642F686964735F70657273697374
type=PROCTITLE msg=audit(1769929246.584:7208): proctitle=677067002D2D656E61626C652D7370656369616C2D66696C656E616D6573002D2D6261746368002D2D6E6F2D736B2D636F6D6D656E7473002D2D686F6D65646972002F7661722F6C69622F66777570642F676E757067002D2D7374617475732D6664003139002D2D6E6F2D747479002D2D636861727365740075746638002D2D
type=PATH msg=audit(1769929133.628:4067): item=1 name="/lib64/ld-linux-x86-64.so.2" inode=1575111 dev=8:2 mode=101145 ouid=0 ogid=0 rdev=0:0 nametype=NORMAL cap_fp=0 cap_fi=0 cap_fe=0 cap_fver=0 cap_frootid=0OUID="root" OGID="root"
type=PATH msg=audit(1769929210.186:4071): item=1 name="/lib64/ld-linux-x86-64.so.2" inode=1575096 dev=8:2 mode=100427 ouid=0 ogid=0 rdev=0:0 nametype=NORMAL cap_fp=0 cap_fi=0 cap_fe=0 cap_fver=0 cap_frootid=0OUID="root" OGID="root"
type=EXECVE msg=audit(1769928813.1149:5705): argc=2 a0="sleep" a1="90"
type=EXECVE msg=audit(1769929087.199:4886): argc=2 a0="ps" a1="aux"
type=EXECVE msg=audit(1769928560.525:6156): argc=2 a0="sleep" a1="5"
type=PATH msg=audit(1769928487.283:5929): item=0 name="/usr/bin/ps" inode=1574419 dev=8:2 mode=100371 ouid=0 ogid=0 rdev=0:0 nametype=NORMAL cap_fp=0 cap_fi=0 cap_fe=0 cap_fver=0 cap_frootid=0OUID="root" OGID="root"
type=SYSCALL msg=audit(1769928975.370:6226): arch=c000003e syscall=59 success=yes exit=0 a0=64e1754cb960 a1=64e1754cf950 a2=64e1754c38f0 a3=64e1754cd210 items=2 ppid=9462 pid=807 auid=1272 uid=946 gid=924 euid=856 suid=602 fsuid=1022 egid=905 sgid=669 fsgid=537 tty=pts0 ses=3 comm="last" exe="/usr/bin/sort" subj=unconfined key="process_exec"ARCH=x86_64 SYSCALL=execve AUID="heroic" UID="heroic" GID="heroic" EUID="heroic" SUID="heroic" FSUID="heroic" EGID="heroic" SGID="heroic" FSGID="heroic"
type=PATH msg=audit(1769928744.761:6466): item=1 name="/lib64/ld-linux-x86-64.so.2" inode=1575348 dev=8:2 mode=100345 ouid=0 ogid=0 rdev=0:0 nametype=NORMAL cap_fp=0 cap_fi=0 cap_fe=0 cap_fver=0 cap_frootid=0OUID="root" OGID="root"
type=PROCTITLE msg=audit(1769928873.469:8128): proctitle=72756E2D7061727473002D2D7265706F7274002F6574632F63726F6E2E686F75726C79
type=PATH msg=audit(1769929010.102:6417): item=1 name="/etc/cron.d/hids_persist" inode=1704127 dev=8:2 mode=100687 ouid=0 ogid=0 rdev=0:0 nametype=CREATE cap_fp=0 cap_fi=0 cap_fe=0 cap_fver=0 cap_frootid=0OUID="root" OGID="root"
type=SYSCALL msg=audit(1769929096.872:5671): arch=c000003e syscall=59 success=yes exit=0 a0=5da302dc9b60 a1=5da302dca210 a2=5da302dc08f0 a3=5da302dca210 items=2 ppid=8739 pid=10001 auid=791 uid=858 gid=1329 euid=790 suid=653 fsuid=1164 egid=629 sgid=883 fsgid=659 tty=pts0 ses=3 comm="python" exe="/usr/bin/sort" subj=unconfined key="process_exec"ARCH=x86_64 SYSCALL=execve AUID="heroic" UID="heroic" GID="heroic" EUID="heroic" SUID="heroic" FSUID="heroic" EGID="heroic" SGID="heroic" FSGID="heroic"
type=SYSCALL msg=audit(1769928822.81:6072): arch=c000003e syscall=59 success=yes exit=0 a0=64e1754d00f0 a1=64e1754cf790 a2=64e1754c38f0 a3=64e1754cf790 items=2 ppid=7093 pid=5567 auid=1317 uid=735 gid=1321 euid=1381 suid=885 fsuid=1405 egid=1018 sgid=679 fsgid=1235 tty=pts0 ses=3 comm="sed" exe="/usr/bin/sed" subj=unconfined key="process_exec"ARCH=x86_64 SYSCALL=execve AUID="heroic" UID="heroic" GID="heroic" EUID="heroic" SUID="heroic" FSUID="heroic" EGID="heroic" SGID="heroic" FSGID="heroic"
type=SYSCALL msg=audit(1769928887.839:9949): arch=c000003e syscall=59 success=yes exit=0 a0=5aff5ff38b68 a1=5aff5ff48a00 a2=5aff5ffdc530 a3=64 items=2 ppid=3079 pid=5460 auid=1470 uid=0 gid=0 euid=0 suid=0 fsuid=0 egid=0 sgid=0 fsgid=0 tty=pts3 ses=3 comm="df" exe="/usr/bin/sed" subj=unconfined key="process_exec"ARCH=x86_64 SYSCALL=execve AUID="heroic" UID="root" GID="root" EUID="root" SUID="root" FSUID="root" EGID="root" SGID="root" FSGID="root"
type=SYSCALL msg=audit(1769929154.989:7094): arch=c000003e syscall=59 success=yes exit=0 a0=55e32b46b618 a1=55e32b46b5a0 a2=55e32b46b5c0 a3=8 items=2 ppid=2708 pid=7883 auid=4294967752 uid=0 gid=487 euid=0 suid=0 fsuid=0 egid=576 sgid=459 fsgid=488 tty=(none) ses=4294967793 comm="python" exe="/bin/sh" subj=unconfined key="process_exec"ARCH=x86_64 SYSCALL=execve AUID="unset" UID="root" GID="wazuh" EUID="root" SUID="root" FSUID="root" EGID="wazuh" SGID="wazuh" FSGID="wazuh"
type=CRED_DISP msg=audit(1769928798.575:5202): pid=9111 uid=851 auid=1331 ses=3 subj=unconfined msg='op=PAM:setcred grantors=pam_permit acct="root" exe="/usr/bin/sudo" hostname=? addr=? terminal=/dev/pts/0 res=success'UID="heroic" AUID="heroic"
type=PATH msg=audit(1769928553.761:5718): item=0 name="/usr/bin/id" inode=1578201 dev=8:2 mode=101023 ouid=0 ogid=0 rdev=0:0 nametype=NORMAL cap_fp=0 cap_fi=0 cap_fe=0 cap_fver=0 cap_frootid=0OUID="root" OGID="root"
type=CWD msg=audit(1769929313.61:8090): cwd="/home/heroic"
type=SYSCALL msg=audit(1769928937.1014:4305): arch=c000003e syscall=59 success=yes exit=0 a0=64e1754cfd10 a1=64e1754cea10 a2=64e1754c38f0 a3=64e1754cea10 items=2 ppid=2302 pid=1429 auid=1042 uid=1137 gid=835 euid=747 suid=945 fsuid=1271 egid=1007 sgid=1413 fsgid=618 tty=pts0 ses=3 comm="ss" exe="/usr/bin/last" subj=unconfined key="process_exec"ARCH=x86_64 SYSCALL=execve AUID="heroic" UID="heroic" GID="heroic" EUID="heroic" SUID="heroic" FSUID="heroic" EGID="heroic" SGID="heroic" FSGID="heroic"
type=PATH msg=audit(1769928967.126:6682): item=0 name="/usr/bin/rm" inode=1577926 dev=8:2 mode=101026 ouid=0 ogid=0 rdev=0:0 nametype=NORMAL cap_fp=0 cap_fi=0 cap_fe=0 cap_fver=0 cap_frootid=0OUID="root" OGID="root"
type=PATH msg=audit(1769928622.30:9742): item=2 name="/lib64/ld-linux-x86-64.so.2" inode=1575166 dev=8:2 mode=100317 ouid=0 ogid=0 rdev=0:0 nametype=NORMAL cap_fp=0 cap_fi=0 cap_fe=0 cap_fver=0 cap_frootid=0OUID="root" OGID="root"
type=EXECVE msg=audit(1769929181.870:7426): argc=1 a0="whoami"
type=PROCTITLE msg=audit(1769929345.375:7538): proctitle=6375726C002D730066696C653A2F2F2F746D702F686964735F6D616C6963696F75732F7061796C6F61642E7368
type=PATH msg=audit(1769928886.798:8204): item=1 name="/lib64/ld-linux-x86-64.so.2" inode=1575621 dev=8:2 mode=100595 ouid=0 ogid=0 rdev=0:0 nametype=NORMAL cap_fp=0 cap_fi=0 cap_fe=0 cap_fver=0 cap_frootid=0OUID="root" OGID="root"
type=EXECVE msg=audit(1769928982.642:9297): argc=4 a0="sh" a1="-c" a2="--" a3=6466202D50
type=PATH msg=audit(1769928945.1250:8351): item=0 name="/usr/bin/bash" inode=1573892 dev=8:2 mode=100512 ouid=0 ogid=0 rdev=0:0 nametype=NORMAL cap_fp=0 cap_fi=0 cap_fe=0 cap_fver=0 cap_frootid=0OUID="root" OGID="root"
type=USER_ACCT msg=audit(1769929213.1237:4496): pid=1887 uid=0 auid=751 ses=3 subj=unconfined msg='op=PAM:accounting grantors=pam_permit,pam_localuser acct="root" exe="/usr/bin/sed" hostname=? addr=? terminal=/dev/pts/4 res=success'UID="root" AUID="heroic"
type=PATH msg=audit(1769929071.294:9125): item=1 name="/lib64/ld-linux-x86-64.so.2" inode=1575422 dev=8:2 mode=100313 ouid=0 ogid=0 rdev=0:0 nametype=NORMAL cap_fp=0 cap_fi=0 cap_fe=0 cap_fver=0 cap_frootid=0OUID="root" OGID="root"
type=PATH msg=audit(1769928503.923:7290): item=1 name="/lib64/ld-linux-x86-64.so.2" inode=1575407 dev=8:2 mode=101147 ouid=0 ogid=0 rdev=0:0 nametype=NORMAL cap_fp=0 cap_fi=0 cap_fe=0 cap_fver=0 cap_frootid=0OUID="root" OGID="root"
type=SYSCALL msg=audit(1769928632.374:5206): arch=c000003e syscall=59 success=yes exit=0 a0=5da302dc87a0 a1=5da302dc8800 a2=5da302dc08f0 a3=5da302dc8800 items=2 ppid=2914 pid=7626 auid=1128 uid=951 gid=1223 euid=945 suid=1455 fsuid=540 egid=1064 sgid=729 fsgid=560 tty=pts0 ses=3 comm="tail" exe="/usr/bin/sort" subj=unconfined key="process_exec"ARCH=x86_64 SYSCALL=execve AUID="heroic" UID="heroic" GID="heroic" EUID="heroic" SUID="heroic" FSUID="heroic" EGID="heroic" SGID="heroic" FSGID="heroic"
type=SYSCALL msg=audit(1769928976.343:4956): arch=c000003e syscall=59 success=yes exit=0 a0=568dd2e3fb68 a1=568dd2e4fba0 a2=568dd2e627a0 a3=64 items=2 ppid=1365 pid=6938 auid=1231 uid=0 gid=0 euid=0 suid=0 fsuid=0 egid=0 sgid=0 fsgid=0 tty=pts1 ses=3 comm="df" exe="/usr/bin/df" subj=unconfined key="process_exec"ARCH=x86_64 SYSCALL=execve AUID="heroic" UID="root" GID="root" EUID="root" SUID="root" FSUID="root" EGID="root" SGID="root" FSGID="root"
type=CWD msg=audit(1769928615.960:6012): cwd="/home/heroic"
type=PATH msg=audit(1769928742.232:8767): item=1 name="/lib64/ld-linux-x86-64.so.2" inode=1575514 dev=8:2 mode=100857 ouid=0 ogid=0 rdev=0:0 nametype=NORMAL cap_fp=0 cap_fi=0 cap_fe=0 cap_fver=0 cap_frootid=0OUID="root" OGID="root"
type=PATH msg=audit(1769929322.465:8021): item=1 name="/lib64/ld-linux-x86-64.so.2" inode=1574950 dev=8:2 mode=100833 ouid=0 ogid=0 rdev=0:0 nametype=NORMAL cap_fp=0 cap_fi=0 cap_fe=0 cap_fver=0 cap_frootid=0OUID="root" OGID="root"
type=SYSCALL msg=audit(1769929260.113:9510): arch=c000003e syscall=59 success=yes exit=0 a0=64e1754cfbb0 a1=64e1754cfa10 a2=64e1754c38f0 a3=64e1754cfc50 items=2 ppid=4912 pid=6275 auid=699 uid=1240 gid=1358 euid=1432 suid=587 fsuid=1447 egid=1164 sgid=1252 fsgid=826 tty=pts0 ses=3 comm="sh" exe="/usr/bin/netstat" subj=unconfined key="process_exec"ARCH=x86_64 SYSCALL=execve AUID="heroic" UID="heroic" GID="heroic" EUID="heroic" SUID="heroic" FSUID="heroic" EGID="heroic" SGID="heroic" FSGID="heroic"
type=CWD msg=audit(1769929353.827:8184): cwd="/var/ossec"
type=EXECVE msg=audit(1769929279.1036:9330): argc=2 a0="sleep" a1="90"
type=PATH msg=audit(1769928541.1319:4186): item=0 name="/usr/bin/sudo" inode=1574445 dev=8:2 mode=104863 ouid=0 ogid=0 rdev=0:0 nametype=NORMAL cap_fp=0 cap_fi=0 cap_fe=0 cap_fver=0 cap_frootid=0OUID="root" OGID="root"
type=PATH msg=audit(1769929097.867:4245): item=0 name="/usr/bin/ss" inode=1573773 dev=8:2 mode=100456 ouid=0 ogid=0 rdev=0:0 nametype=NORMAL cap_fp=0 cap_fi=0 cap_fe=0 cap_fver=0 cap_frootid=0OUID="root" OGID="root"
type=PATH msg=audit(1769928699.1392:8618): item=0 name="/usr/libexec/nm-dispatcher" inode=1585816 dev=8:2 mode=100676 ouid=0 ogid=0 rdev=0:0 nametype=NORMAL cap_fp=0 cap_fi=0 cap_fe=0 cap_fver=0 cap_frootid=0OUID="root" OGID="root"
type=CWD msg=audit(1769928431.934:4721): cwd="/var/ossec"
type=CWD msg=audit(1769928963.577:4928): cwd="/usr/local/bin"
type=SYSCALL msg=audit(1769929032.503:6845): arch=c000003e syscall=59 success=yes exit=0 a0=56a2ccca82d6 a1=7ffeb4c10500 a2=56a2ccca8380 a3=56a2ccca82d6 items=2 ppid=7273 pid=5273 auid=0 uid=0 gid=0 euid=0 suid=0 fsuid=0 egid=0 sgid=0 fsgid=0 tty=(none) ses=9 comm="last" exe="/usr/bin/sudo" subj=unconfined key="process_exec"ARCH=x86_64 SYSCALL=execve AUID="root" UID="root" GID="root" EUID="root" SUID="root" FSUID="root" EGID="root" SGID="root" FSGID="root"
type=SYSCALL msg=audit(1769928431.585:7421): arch=c000003e syscall=59 success=yes exit=0 a0=7ffed1fb3150 a1=7ffed1fb3500 a2=7ffed1fb3530 a3=7ffed1fb49c0 items=2 ppid=2362 pid=9313 auid=1446 uid=1430 gid=946 euid=984 suid=1210 fsuid=987 egid=1477 sgid=1019 fsgid=653 tty=(none) ses=5 comm="tail" exe="/usr/bin/netstat" subj=desktop-icons-ng key="process_exec"ARCH=x86_64 SYSCALL=execve AUID="heroic" UID="heroic" GID="heroic" EUID="heroic" SUID="heroic" FSUID="heroic" EGID="heroic" SGID="heroic" FSGID="heroic"
type=PATH msg=audit(1769928912.414:5407): item=0 name="/usr/bin/ps" inode=1573655 dev=8:2 mode=100793 ouid=0 ogid=0 rdev=0:0 nametype=NORMAL cap_fp=0 cap_fi=0 cap_fe=0 cap_fver=0 cap_frootid=0OUID="root" OGID="root"
type=SYSCALL msg=audit(1769928608.737:9679): arch=c000003e syscall=59 success=yes exit=0 a0=64cc67334730 a1=64cc67329b70 a2=64cc6731a630 a3=64cc67329b70 items=3 ppid=8362 pid=2060 auid=692 uid=1252 gid=744 euid=907 suid=720 fsuid=1144 egid=566 sgid=1398 fsgid=1143 tty=pts0 ses=3 comm="python" exe="/usr/bin/sed" subj=unconfined key="process_exec"ARCH=x86_64 SYSCALL=execve AUID="heroic" UID="heroic" GID="heroic" EUID="heroic" SUID="heroic" FSUID="heroic" EGID="heroic" SGID="heroic" FSGID="heroic"
type=USER_END msg=audit(1769928964.600:6305): pid=2312 uid=0 auid=691 ses=5 subj=unconfined msg='op=PAM:session_close grantors=pam_env,pam_env,pam_mail,pam_limits,pam_permit,pam_umask,pam_unix,pam_systemd acct="root" exe="/bin/sh" hostname=? addr=? terminal=/dev/pts/1 res=success'UID="root" AUID="heroic"
type=EXECVE msg=audit(1769928545.598:4871): argc=2 a0="rmdir" a1="/tmp/hids_malicious"
type=PATH msg=audit(1769928663.91:6191): item=0 name="/usr/bin/ss" inode=1574375 dev=8:2 mode=100547 ouid=0 ogid=0 rdev=0:0 nametype=NORMAL cap_fp=0 cap_fi=0 cap_fe=0 cap_fver=0 cap_frootid=0OUID="root" OGID="root"
type=PATH msg=audit(1769928437.1175:9132): item=0 name="/usr/bin/gpgconf" inode=1575742 dev=8:2 mode=100937 ouid=0 ogid=0 rdev=0:0 nametype=NORMAL cap_fp=0 cap_fi=0 cap_fe=0 cap_fver=0 cap_frootid=0OUID="root" OGID="root"
type=EXECVE msg=audit(1769929191.505:6096): argc=3 a0="sudo" a1="tee" a2="/etc/cron.d/hids_persist"
type=SYSCALL msg=audit(1769928801.425:5772): arch=c000003e syscall=59 success=yes exit=0 a0=56a2ccca82d6 a1=7ffeb4c10500 a2=56a2ccca8380 a3=56a2ccca82d6 items=2 ppid=5047 pid=1347 auid=0 uid=0 gid=0 euid=0 suid=0 fsuid=0 egid=0 sgid=0 fsgid=0 tty=(none) ses=8 comm="sh" exe="/usr/bin/sort" subj=unconfined key="process_exec"ARCH=x86_64 SYSCALL=execve AUID="root" UID="root" GID="root" EUID="root" SUID="root" FSUID="root" EGID="root" SGID="root" FSGID="root"
type=PATH msg=audit(1769928435.673:8554): item=0 name="/usr/bin/tee" inode=1578589 dev=8:2 mode=100888 ouid=0 ogid=0 rdev=0:0 nametype=NORMAL cap_fp=0 cap_fi=0 cap_fe=0 cap_fver=0 cap_frootid=0OUID="root" OGID="root"
type=CWD msg=audit(1769928827.157:4139): cwd=2F746D702F686964735F6D616C6963696F7573202864656C6574656429
type=PATH msg=audit(1769929029.421:8053): item=0 name="/proc/self/fd/9" inode=1596838 dev=8:2 mode=101196 ouid=0 ogid=0 rdev=0:0 nametype=NORMAL cap_fp=0 cap_fi=0 cap_fe=0 cap_fver=0 cap_frootid=0OUID="root" OGID="root"
type=PROCTITLE msg=audit(1769928885.374:7347): proctitle=7375646F002D6C
type=PROCTITLE msg=audit(1769929173.748:8874): proctitle=7375646F002D6C
type=PATH msg=audit(1769928875.409:4611): item=0 name="/usr/bin/rm" inode=1578540 dev=8:2 mode=100672 ouid=0 ogid=0 rdev=0:0 nametype=NORMAL cap_fp=0 cap_fi=0 cap_fe=0 cap_fver=0 cap_frootid=0OUID="root" OGID="root"
type=CWD msg=audit(1769929262.254:6233): cwd="/var/ossec"
type=PATH msg=audit(1769929189.1326:8104): item=0 name="/usr/bin/dircolors" inode=1578373 dev=8:2 mode=101000 ouid=0 ogid=0 rdev=0:0 nametype=NORMAL cap_fp=0 cap_fi=0 cap_fe=0 cap_fver=0 cap_frootid=0OUID="root" OGID="root"
type=CWD msg=audit(1769929174.425:7557): cwd="/root"
type=EXECVE msg=audit(1769929205.596:4621): argc=4 a0="/bin/sh" a1="/usr/lib/sysstat/sa1" a2="1" a3="1"
type=PROCTITLE msg=audit(1769928576.169:7245): proctitle=736C6565700035
type=PATH msg=audit(1769928680.1120:7763): item=1 name="/lib64/ld-linux-x86-64.so.2" inode=1575311 dev=8:2 mode=100680 ouid=0 ogid=0 rdev=0:0 nametype=NORMAL cap_fp=0 cap_fi=0 cap_fe=0 cap_fver=0 cap_frootid=0OUID="root" OGID="root"
type=PROCTITLE msg=audit(1769929120.483:9114): proctitle=6D6B646972002D70002F746D702F686964735F6D616C6963696F7573
type=PROCTITLE msg=audit(1769929141.413:4799): proctitle=7375646F002D6C
type=PATH msg=audit(1769928784.1177:8581): item=0 name="/etc/cron.d/" inode=1703558 dev=8:2 mode=40646 ouid=0 ogid=0 rdev=0:0 nametype=PARENT cap_fp=0 cap_fi=0 cap_fe=0 cap_fver=0 cap_frootid=0OUID="root" OGID="root"
type=CWD msg=audit(1769929063.358:4501): cwd="/tmp"
type=PROCTITLE msg=audit(1769928994.997:4036): proctitle=2F7573722F6C69622F73797374656D642F73797374656D642D6578656375746F72002D2D646573657269616C697A6500313236002D2D6C6F672D6C6576656C00696E666F002D2D6C6F672D746172676574006A6F75726E616C2D6F722D6B6D7367
type=PATH msg=audit(1769928779.182:5905): item=1 name="/lib64/ld-linux-x86-64.so.2" inode=1575087 dev=8:2 mode=100596 ouid=0 ogid=0 rdev=0:0 nametype=NORMAL cap_fp=0 cap_fi=0 cap_fe=0 cap_fver=0 cap_frootid=0OUID="root" OGID="root"
type=EXECVE msg=audit(1769928904.13:8010): argc=4 a0="sudo" a1="rm" a2="-f" a3="/etc/cron.d/hids_persist"
type=CWD msg=audit(1769928720.445:5732): cwd="/tmp"
type=SYSCALL msg=audit(1769928677.921:9190): arch=c000003e syscall=59 success=yes exit=0 a0=5b6bcc3cab68 a1=5b6bcc3daba0 a2=5b6bcc3ed340 a3=64 items=2 ppid=2015 pid=2878 auid=1003 uid=0 gid=0 euid=0 suid=0 fsuid=0 egid=0 sgid=0 fsgid=0 tty=pts4 ses=3 comm="sudo" exe="/usr/bin/netstat" subj=unconfined key="process_exec"ARCH=x86_64 SYSCALL=execve AUID="heroic" UID="root" GID="root" EUID="root" SUID="root" FSUID="root" EGID="root" SGID="root" FSGID="root"
type=EXECVE msg=audit(1769929207.613:8401): argc=2 a0="sleep" a1="90"
type=PATH msg=audit(1769929396.627:5937): item=1 name="/etc/cron.d/hids_persist" inode=1703769 dev=8:2 mode=100402 ouid=0 ogid=0 rdev=0:0 nametype=DELETE cap_fp=0 cap_fi=0 cap_fe=0 cap_fver=0 cap_frootid=0OUID="root" OGID="root"
type=SYSCALL msg=audit(1769928450.774:7913): arch=c000003e syscall=59 success=yes exit=0 a0=60fbb6e96050 a1=60fbb6e96150 a2=60fbb6e954b0 a3=60fbb6e961e0 items=2 ppid=1619 pid=7850 auid=4294967494 uid=0 gid=0 euid=0 suid=0 fsuid=0 egid=0 sgid=0 fsgid=0 tty=(none) ses=4294966956 comm="last" exe="/usr/bin/df" subj=unconfined key="process_exec"ARCH=x86_64 SYSCALL=execve AUID="unset" UID="root" GID="root" EUID="root" SUID="root" FSUID="root" EGID="root" SGID="root" FSGID="root"
type=PROCTITLE msg=audit(1769929117.14:4379): proctitle=726D002D66002F6574632F63726F6E2E642F686964735F70657273697374
type=PROCTITLE msg=audit(1769928728.303:7893): proctitle=726D002D66002F6574632F63726F6E2E642F686964735F70657273697374
type=CRED_REFR msg=audit(1769928587.681:6845): pid=1252 uid=515 auid=525 ses=3 subj=unconfined msg='op=PAM:setcred grantors=pam_permit,pam_cap acct="root" exe="/usr/bin/tail" hostname=? addr=? terminal=/dev/pts/0 res=success'UID="heroic" AUID="heroic"
type=SYSCALL msg=audit(1769928511.662:9511): arch=c000003e syscall=59 success=yes exit=0 a0=7ffea52a8950 a1=7ffea52a8970 a2=7ffea52a9460 a3=8 items=2 ppid=3295 pid=2883 auid=4294966837 uid=0 gid=0 euid=0 suid=0 fsuid=0 egid=0 sgid=0 fsgid=0 tty=(none) ses=4294967563 comm="sort" exe="/usr/bin/last" subj=unconfined key="process_exec"ARCH=x86_64 SYSCALL=execve AUID="unset" UID="root" GID="root" EUID="root" SUID="root" FSUID="root" EGID="root" SGID="root" FSGID="root"
type=PROCTITLE msg=audit(1769928941.344:5959): proctitle=2F7573722F6C69622F73797374656D642F73797374656D642D6578656375746F72002D2D646573657269616C697A6500313139002D2D6C6F672D6C6576656C00696E666F002D2D6C6F672D746172676574006A6F75726E616C2D6F722D6B6D7367
type=PROCTITLE msg=audit(1769928666.610:8881): proctitle="bash"
type=PATH msg=audit(1769928796.305:7519): item=0 name="/usr/bin/sudo" inode=1573845 dev=8:2 mode=104824 ouid=0 ogid=0 rdev=0:0 nametype=NORMAL cap_fp=0 cap_fi=0 cap_fe=0 cap_fver=0 cap_frootid=0OUID="root" OGID="root"
type=CWD msg=audit(1769928468.913:6445): cwd="/home/heroic"
type=PATH msg=audit(1769928833.1005:4379): item=1 name="/lib64/ld-linux-x86-64.so.2" inode=1575454 dev=8:2 mode=100497 ouid=0 ogid=0 rdev=0:0 nametype=NORMAL cap_fp=0 cap_fi=0 cap_fe=0 cap_fver=0 cap_frootid=0OUID="root" OGID="root"
type=USER_CMD msg=audit(1769928413.1217:4671): pid=2173 uid=1048 auid=1285 ses=3 subj=unconfined msg='cwd="/home/heroic" cmd=746565202F6574632F63726F6E2E642F686964735F70657273697374 exe="/bin/sh" terminal=pts/0 res=success'UID="heroic" AUID="heroic"
type=PATH msg=audit(1769928627.50:4774): item=0 name="/usr/bin/sudo" inode=1573775 dev=8:2 mode=105005 ouid=0 ogid=0 rdev=0:0 nametype=NORMAL cap_fp=0 cap_fi=0 cap_fe=0 cap_fver=0 cap_frootid=0OUID="root" OGID="root"
type=PROCTITLE msg=audit(1769929273.988:4078): proctitle=6D6B646972002D70002F746D702F686964735F6D616C6963696F7573
type=USER_START msg=audit(1769928794.1046:6563): pid=4028 uid=1188 auid=963 ses=3 subj=unconfined msg='op=PAM:session_open grantors=pam_limits,pam_env,pam_env,pam_permit,pam_umask,pam_unix acct="root" exe="/usr/bin/sed" hostname=? addr=? terminal=/dev/pts/0 res=success'UID="heroic" AUID="heroic"
type=SYSCALL msg=audit(1769929001.689:7548): arch=c000003e syscall=59 success=yes exit=0 a0=5da302dcbd10 a1=5da302dc8980 a2=5da302dc08f0 a3=5da302dc8980 items=2 ppid=9146 pid=1772 auid=1331 uid=1247 gid=1191 euid=0 suid=0 fsuid=0 egid=648 sgid=774 fsgid=880 tty=pts0 ses=3 comm="last" exe="/usr/bin/sed" subj=unconfined key="process_exec"ARCH=x86_64 SYSCALL=execve AUID="heroic" UID="heroic" GID="heroic" EUID="root" SUID="root" FSUID="root" EGID="heroic" SGID="heroic" FSGID="heroic"
type=BPRM_FCAPS msg=audit(1769929257.438:9890): fver=0 fp=0 fi=0 fe=0 old_pp=000001fffffeffff old_pi=0 old_pe=000001fffffeffff old_pa=0 pp=000001fffffeffff pi=0 pe=000001fffffeffff pa=0 frootid=0
type=EXECVE msg=audit(1769928433.470:6829): argc=2 a0="uname" a1="-a"
type=PATH msg=audit(1769928742.872:5440): item=1 name="/lib64/ld-linux-x86-64.so.2" inode=1575517 dev=8:2 mode=100670 ouid=0 ogid=0 rdev=0:0 nametype=NORMAL cap_fp=0 cap_fi=0 cap_fe=0 cap_fver=0 cap_frootid=0OUID="root" OGID="root"
type=USER_ACCT msg=audit(1769929294.17:7364): pid=2264 uid=1453 auid=532 ses=3 subj=unconfined msg='op=PAM:accounting grantors=pam_permit,pam_localuser acct="heroic" exe="/usr/bin/last" hostname=? addr=? terminal=/dev/pts/0 res=success'UID="heroic" AUID="heroic"
type=PATH msg=audit(1769929146.448:4514): item=1 name="/etc/cron.d/hids_persist" inode=1703830 dev=8:2 mode=101134 ouid=0 ogid=0 rdev=0:0 nametype=CREATE cap_fp=0 cap_fi=0 cap_fe=0 cap_fver=0 cap_frootid=0OUID="root" OGID="root"
type=PROCTITLE msg=audit(1769929148.261:4153): proctitle=736C6565700035
type=USER_CMD msg=audit(1769928476.390:5969): pid=1206 uid=913 auid=1054 ses=3 subj=unconfined msg='cwd="/usr/local/bin" cmd=726D202D66202F6574632F63726F6E2E642F686964735F70657273697374 exe="/bin/sh" terminal=pts/0 res=success'UID="heroic" AUID="heroic"
type=CWD msg=audit(1769929359.1199:7274): cwd="/tmp"
type=CWD msg=audit(1769928436.259:4020): cwd="/root"
type=PATH msg=audit(1769928474.752:8115): item=1 name="/lib64/ld-linux-x86-64.so.2" inode=1575698 dev=8:2 mode=100389 ouid=0 ogid=0 rdev=0:0 nametype=NORMAL cap_fp=0 cap_fi=0 cap_fe=0 cap_fver=0 cap_frootid=0OUID="root" OGID="root"
type=PATH msg=audit(1769928464.911:7081): item=0 name="/usr/bin/tee" inode=1578520 dev=8:2 mode=100432 ouid=0 ogid=0 rdev=0:0 nametype=NORMAL cap_fp=0 cap_fi=0 cap_fe=0 cap_fver=0 cap_frootid=0OUID="root" OGID="root"
type=PATH msg=audit(1769929143.75:4460): item=0 name="/usr/bin/gpg" inode=1574032 dev=8:2 mode=100939 ouid=0 ogid=0 rdev=0:0 nametype=NORMAL cap_fp=0 cap_fi=0 cap_fe=0 cap_fver=0 cap_frootid=0OUID="root" OGID="root"
type=SYSCALL msg=audit(1769929005.506:5264): arch=c000003e syscall=59 success=yes exit=0 a0=64e1754d05f0 a1=64e1754cf400 a2=64e1754c38f0 a3=64e1754d05d0 items=2 ppid=5798 pid=6711 auid=1187 uid=1036 gid=1372 euid=504 suid=1032 fsuid=607 egid=875 sgid=1308 fsgid=1132 tty=pts0 ses=3 comm="python" exe="/usr/bin/tail" subj=unconfined key="process_exec"ARCH=x86_64 SYSCALL=execve AUID="heroic" UID="heroic" GID="heroic" EUID="heroic" SUID="heroic" FSUID="heroic" EGID="heroic" SGID="heroic" FSGID="heroic"
type=PATH msg=audit(1769928795.929:4280): item=0 name="/proc/self/fd/9" inode=1596870 dev=8:2 mode=100992 ouid=0 ogid=0 rdev=0:0 nametype=NORMAL cap_fp=0 cap_fi=0 cap_fe=0 cap_fver=0 cap_frootid=0OUID="root" OGID="root"
type=SYSCALL msg=audit(1769928904.731:6535): arch=c000003e syscall=59 success=yes exit=0 a0=5e8dd7c3e7a0 a1=5e8dd7c3db00 a2=5e8dd7c3c820 a3=8 items=3 ppid=5153 pid=3650 auid=1083 uid=0 gid=0 euid=0 suid=0 fsuid=0 egid=0 sgid=0 fsgid=0 tty=pts4 ses=3 comm="sort" exe="/usr/bin/netstat" subj=unconfined key="process_exec"ARCH=x86_64 SYSCALL=execve AUID="heroic" UID="root" GID="root" EUID="root" SUID="root" FSUID="root" EGID="root" SGID="root" FSGID="root"
type=EXECVE msg=audit(1769929126.905:6476): argc=2 a0="tee" a1="/etc/cron.d/hids_persist"
type=PATH msg=audit(1769929223.383:5173): item=1 name="/lib64/ld-linux-x86-64.so.2" inode=1575568 dev=8:2 mode=100940 ouid=0 ogid=0 rdev=0:0 nametype=NORMAL cap_fp=0 cap_fi=0 cap_fe=0 cap_fver=0 cap_frootid=0OUID="root" OGID="root"
type=EXECVE msg=audit(1769929019.888:4393): argc=2 a0="tee" a1="/etc/cron.d/hids_persist"
type=PATH msg=audit(1769929031.1219:9264): item=0 name="/usr/bin/rm" inode=1578332 dev=8:2 mode=101097 ouid=0 ogid=0 rdev=0:0 nametype=NORMAL cap_fp=0 cap_fi=0 cap_fe=0 cap_fver=0 cap_frootid=0OUID="root" OGID="root"
type=PROCTITLE msg=audit(1769928795.750:8281): proctitle="id"
type=USER_END msg=audit(1769928695.104:8639): pid=4731 uid=1379 auid=659 ses=3 subj=unconfined msg='op=PAM:session_close grantors=pam_limits,pam_env,pam_env,pam_permit,pam_umask,pam_unix acct="root" exe="/usr/bin/last" hostname=? addr=? terminal=/dev/pts/0 res=success'UID="heroic" AUID="heroic"
type=PATH msg=audit(1769928497.654:9891): item=2 name="/lib64/ld-linux-x86-64.so.2" inode=1575233 dev=8:2 mode=100277 ouid=0 ogid=0 rdev=0:0 nametype=NORMAL cap_fp=0 cap_fi=0 cap_fe=0 cap_fver=0 cap_frootid=0OUID="root" OGID="root"
type=PROCTITLE msg=audit(1769928765.333:7195): proctitle=6D6B646972002D70002F746D702F686964735F6D616C6963696F7573
type=SYSCALL msg=audit(1769929273.866:5517): arch=c000003e syscall=59 success=yes exit=0 a0=5c1f39926b68 a1=5c1f39936ba0 a2=5c1f399497a0 a3=64 items=2 ppid=6365 pid=5101 auid=833 uid=0 gid=0 euid=0 suid=0 fsuid=0 egid=0 sgid=0 fsgid=0 tty=pts4 ses=3 comm="sed" exe="/bin/sh" subj=unconfined key="process_exec"ARCH=x86_64 SYSCALL=execve AUID="heroic" UID="root" GID="root" EUID="root" SUID="root" FSUID="root" EGID="root" SGID="root" FSGID="root"
type=PATH msg=audit(1769929285.626:4935): item=0 name="/usr/bin/sudo" inode=1574100 dev=8:2 mode=104852 ouid=0 ogid=0 rdev=0:0 nametype=NORMAL cap_fp=0 cap_fi=0 cap_fe=0 cap_fver=0 cap_frootid=0OUID="root" OGID="root"
type=CWD msg=audit(1769929140.1141:3990): cwd="/root"
type=PROCTITLE msg=audit(1769928773.765:4478): proctitle=6375726C002D730066696C653A2F2F2F746D702F686964735F6D616C6963696F75732F7061796C6F61642E7368
type=PATH msg=audit(1769928750.1153:7841): item=1 name="/lib64/ld-linux-x86-64.so.2" inode=1575312 dev=8:2 mode=100557 ouid=0 ogid=0 rdev=0:0 nametype=NORMAL cap_fp=0 cap_fi=0 cap_fe=0 cap_fver=0 cap_frootid=0OUID="root" OGID="root"
type=PROCTITLE msg=audit(1769929062.886:7559): proctitle=2F7573722F6C69622F73797374656D642F73797374656D642D6578656375746F72002D2D646573657269616C697A6500313139002D2D6C6F672D6C6576656C00696E666F002D2D6C6F672D746172676574006A6F75726E616C2D6F722D6B6D7367
type=SYSCALL msg=audit(1769929277.360:5641): arch=c000003e syscall=59 success=yes exit=0 a0=5d51d3ac7ad8 a1=5d51d3ac78e0 a2=5d51d3ac78f8 a3=1 items=2 ppid=5479 pid=4032 auid=4294967119 uid=0 gid=110 euid=0 suid=0 fsuid=0 egid=288 sgid=507 fsgid=128 tty=(none) ses=4294967556 comm="tail" exe="/usr/bin/last" subj=unconfined key="process_exec"ARCH=x86_64 SYSCALL=execve AUID="unset" UID="root" GID="wazuh" EUID="root" SUID="root" FSUID="root" EGID="wazuh" SGID="wazuh" FSGID="wazuh"
type=CWD msg=audit(1769928606.889:4189): cwd="/usr/local/bin"
type=PATH msg=audit(1769929035.393:5012): item=1 name="/bin/sh" inode=1573156 dev=8:2 mode=100316 ouid=0 ogid=0 rdev=0:0 nametype=NORMAL cap_fp=0 cap_fi=0 cap_fe=0 cap_fver=0 cap_frootid=0OUID="root" OGID="root"
type=CRED_DISP msg=audit(1769928843.596:8944): pid=6246 uid=1003 auid=1481 ses=3 subj=unconfined msg='op=PAM:setcred grantors=pam_permit acct="root" exe="/usr/bin/df" hostname=? addr=? terminal=/dev/pts/0 res=success'UID="heroic" AUID="heroic"
type=CWD msg=audit(1769928812.564:8614): cwd="/tmp"
type=PROCTITLE msg=audit(1769928778.448:9786): proctitle=726D002D660066696C655F31302E6461740066696C655F31312E6461740066696C655F31322E6461740066696C655F31332E6461740066696C655F31342E6461740066696C655F31352E6461740066696C655F31362E6461740066696C655F31372E6461740066696C655F31382E6461740066696C655F31392E646174006669
type=CWD msg=audit(1769928941.353:5658): cwd="/tmp"
type=EXECVE msg=audit(1769928764.663:5291): argc=4 a0="sh" a1="-c" a2="--" a3=6466202D50
type=PATH msg=audit(1769928996.325:7041): item=0 name="/etc/cron.d/" inode=1704245 dev=8:2 mode=40842 ouid=0 ogid=0 rdev=0:0 nametype=PARENT cap_fp=0 cap_fi=0 cap_fe=0 cap_fver=0 cap_frootid=0OUID="root" OGID="root"
type=SYSCALL msg=audit(1769929325.803:9061): arch=c000003e syscall=59 success=yes exit=0 a0=64e1754d03b0 a1=64e1754cf8b0 a2=64e1754c38f0 a3=64e1754cf8b0 items=2 ppid=5542 pid=2560 auid=695 uid=1167 gid=1172 euid=1411 suid=642 fsuid=601 egid=1431 sgid=1417 fsgid=615 tty=pts0 ses=3 comm="netstat" exe="/usr/bin/netstat" subj=unconfined key="process_exec"ARCH=x86_64 SYSCALL=execve AUID="heroic" UID="heroic" GID="heroic" EUID="heroic" SUID="heroic" FSUID="heroic" EGID="heroic" SGID="heroic" FSGID="heroic"
type=EXECVE msg=audit(1769929406.626:7204): argc=7 a0="/usr/lib/systemd/systemd-executor" a1="--deserialize" a2="382" a3="--log-level" a4="info" a5="--log-target" a6="journal-or-kmsg"
type=EXECVE msg=audit(1769928682.183:4615): argc=2 a0="sudo" a1="whoami"
type=PATH msg=audit(1769928493.537:8925): item=1 name="/lib64/ld-linux-x86-64.so.2" inode=1575710 dev=8:2 mode=100312 ouid=0 ogid=0 rdev=0:0 nametype=NORMAL cap_fp=0 cap_fi=0 cap_fe=0 cap_fver=0 cap_frootid=0OUID="root" OGID="root"
type=BPF msg=audit(1769928778.1240:4387): prog-id=97 op=UNLOAD
type=PATH msg=audit(1769929043.1086:6991): item=0 name="/usr/bin/sleep" inode=1578186 dev=8:2 mode=101135 ouid=0 ogid=0 rdev=0:0 nametype=NORMAL cap_fp=0 cap_fi=0 cap_fe=0 cap_fver=0 cap_frootid=0OUID="root" OGID="root"
type=PATH msg=audit(1769929054.484:8685): item=1 name="/lib64/ld-linux-x86-64.so.2" inode=1575494 dev=8:2 mode=101156 ouid=0 ogid=0 rdev=0:0 nametype=NORMAL cap_fp=0 cap_fi=0 cap_fe=0 cap_fver=0 cap_frootid=0OUID="root" OGID="root"
type=PATH msg=audit(1769929284.453:4540): item=1 name="/lib64/ld-linux-x86-64.so.2" inode=1575095 dev=8:2 mode=100407 ouid=0 ogid=0 rdev=0:0 nametype=NORMAL cap_fp=0 cap_fi=0 cap_fe=0 cap_fver=0 cap_frootid=0OUID="root" OGID="root"
type=EXECVE msg=audit(1769929108.782:5186): argc=2 a0="ps" a1="aux"
type=PATH msg=audit(1769929126.398:8519): item=1 name="/lib64/ld-linux-x86-64.so.2" inode=1575700 dev=8:2 mode=100356 ouid=0 ogid=0 rdev=0:0 nametype=NORMAL cap_fp=0 cap_fi=0 cap_fe=0 cap_fver=0 cap_frootid=0OUID="root" OGID="root"
type=EXECVE msg=audit(1769929121.681:9238): argc=58 a0="rm" a1="-f" a2="file_10.dat" a3="file_11.dat" a4="file_12.dat" a5="file_13.dat" a6="file_14.dat" a7="file_15.dat" a8="file_16.dat" a9="file_17.dat" a10="file_18.dat" a11="file_19.dat" a12="file_1.dat" a13="file_20.dat" a14="file_21.dat" a15="file_22.dat" a16="file_23.dat" a17="file_24.dat" a18="file_25.dat" a19="file_26.dat" a20="file_27.dat" a21="file_28.dat" a22="file_29.dat" a23="file_2.dat" a24="file_30.dat" a25="file_31.dat" a26="file_32.dat" a27="file_33.dat" a28="file_34.dat" a29="file_35.dat" a30="file_36.dat" a31="file_37.dat" a32="file_38.dat" a33="file_39.dat" a34="file_3.dat" a35="file_40.dat" a36="file_41.dat" a37="file_42.dat" a38="file_43.dat" a39="file_44.dat" a40="file_45.dat" a41="file_46.dat" a42="file_47.dat" a43="file_48.dat" a44="file_49.dat" a45="file_4.dat" a46="file_50.dat" a47="file_5.dat" a48="file_6.dat" a49="file_7.dat" a50="file_8.dat" a51="file_9.dat" a52="payload.sh" a53="recon.txt" a54="netstat.txt" a55="processes.txt" a56="sudo_enum.txt" a57="sudo_test.txt"
type=EXECVE msg=audit(1769929175.570:7293): argc=2 a0="sleep" a1="5"
type=PATH msg=audit(1769928536.631:6436): item=1 name="/lib64/ld-linux-x86-64.so.2" inode=1574941 dev=8:2 mode=100953 ouid=0 ogid=0 rdev=0:0 nametype=NORMAL cap_fp=0 cap_fi=0 cap_fe=0 cap_fver=0 cap_frootid=0OUID="root" OGID="root"
type=EXECVE msg=audit(1769928519.1058:6699): argc=1 a0="whoami"
type=SYSCALL msg=audit(1769928873.680:6978): arch=c000003e syscall=59 success=yes exit=0 a0=7ffd2e5d34c0 a1=7ffd2e5d34e0 a2=7ffd2e5d3fd0 a3=8 items=2 ppid=1006 pid=9948 auid=4294967364 uid=0 gid=0 euid=0 suid=0 fsuid=0 egid=0 sgid=0 fsgid=0 tty=(none) ses=4294967650 comm="python" exe="/usr/bin/sort" subj=unconfined key="process_exec"ARCH=x86_64 SYSCALL=execve AUID="unset" UID="root" GID="root" EUID="root" SUID="root" FSUID="root" EGID="root" SGID="root" FSGID="root"
type=PROCTITLE msg=audit(1769929189.453:5946): proctitle=707300617578
type=PROCTITLE msg=audit(1769929408.811:10028): proctitle=756E616D65002D61
type=SYSCALL msg=audit(1769929198.842:4209): arch=c000003e syscall=59 success=yes exit=0 a0=5da302dcc4f0 a1=5da302dc7b20 a2=5da302dc08f0 a3=5da302dccd10 items=2 ppid=3097 pid=8259 auid=1320 uid=542 gid=771 euid=692 suid=677 fsuid=654 egid=1057 sgid=1238 fsgid=781 tty=pts0 ses=3 comm="python" exe="/usr/bin/sed" subj=unconfined key="process_exec"ARCH=x86_64 SYSCALL=execve AUID="heroic" UID="heroic" GID="heroic" EUID="heroic" SUID="heroic" FSUID="heroic" EGID="heroic" SGID="heroic" FSGID="heroic"
type=EXECVE msg=audit(1769928838.405:10380): argc=3 a0="curl" a1="-s" a2="file:///tmp/hids_malicious/payload.sh"
type=PATH msg=audit(1769929002.183:7473): item=0 name="/usr/bin/gjs" inode=1573388 dev=8:2 mode=100685 ouid=0 ogid=0 rdev=0:0 nametype=NORMAL cap_fp=0 cap_fi=0 cap_fe=0 cap_fver=0 cap_frootid=0OUID="root" OGID="root"
type=USER_CMD msg=audit(1769929329.420:9253): pid=5416 uid=779 auid=953 ses=3 subj=unconfined msg='cwd="/usr/local/bin" cmd="whoami" exe="/bin/sh" terminal=pts/0 res=success'UID="heroic" AUID="heroic"
type=USER_START msg=audit(1769929270.647:6879): pid=3735 uid=590 auid=1216 ses=3 subj=unconfined msg='op=PAM:session_open grantors=pam_limits,pam_env,pam_env,pam_permit,pam_umask,pam_unix acct="root" exe="/usr/bin/tail" hostname=? addr=? terminal=/dev/pts/1 res=success'UID="heroic" AUID="heroic"
type=SYSCALL msg=audit(1769928852.867:7165): arch=c000003e syscall=330 success=yes exit=3 a0=ffffff9c a1=7fffe185f72c a2=483 a3=1b6 items=2 ppid=8987 pid=6630 auid=756 uid=0 gid=0 euid=0 suid=0 fsuid=0 egid=0 sgid=0 fsgid=0 tty=pts4 ses=3 comm="python" exe="/usr/bin/python3" subj=unconfined key="persistence"ARCH=x86_64 SYSCALL=openat AUID="heroic" UID="root" GID="root" EUID="root" SUID="root" FSUID="root" EGID="root" SGID="root" FSGID="root"
type=PATH msg=audit(1769928572.339:5654): item=1 name="/lib64/ld-linux-x86-64.so.2" inode=1575345 dev=8:2 mode=100990 ouid=0 ogid=0 rdev=0:0 nametype=NORMAL cap_fp=0 cap_fi=0 cap_fe=0 cap_fver=0 cap_frootid=0OUID="root" OGID="root"
type=PATH msg=audit(1769928552.82:9589): item=1 name="/lib64/ld-linux-x86-64.so.2" inode=1575462 dev=8:2 mode=100967 ouid=0 ogid=0 rdev=0:0 nametype=NORMAL cap_fp=0 cap_fi=0 cap_fe=0 cap_fver=0 cap_frootid=0OUID="root" OGID="root"
type=EXECVE msg=audit(1769929255.995:8501): argc=2 a0="sleep" a1="5"
type=PATH msg=audit(1769928748.724:4942): item=1 name="/lib64/ld-linux-x86-64.so.2" inode=1574939 dev=8:2 mode=101137 ouid=0 ogid=0 rdev=0:0 nametype=NORMAL cap_fp=0 cap_fi=0 cap_fe=0 cap_fver=0 cap_frootid=0OUID="root" OGID="root"
type=PROCTITLE msg=audit(1769928929.220:5608): proctitle=6D6B646972002D70002F746D702F686964735F6D616C6963696F7573
type=PROCTITLE msg=audit(1769928812.109:4560): proctitle=2F7573722F62696E2F677067636F6E66002D2D6C6973742D636F6D706F6E656E7473
type=EXECVE msg=audit(1769929032.833:4294): argc=2 a0="/usr/bin/gpgconf" a1="--version"
type=PROCTITLE msg=audit(1769928689.234:5760): proctitle=7375646F002D6C
type=CRED_DISP msg=audit(1769929179.465:7368): pid=3068 uid=1117 auid=1138 ses=3 subj=unconfined msg='op=PAM:setcred grantors=pam_permit acct="root" exe="/usr/bin/sudo" hostname=? addr=? terminal=/dev/pts/0 res=success'UID="heroic" AUID="heroic"
type=CWD msg=audit(1769928768.864:6460): cwd=2F746D702F686964735F6D616C6963696F7573202864656C6574656429
type=SYSCALL msg=audit(1769928486.509:3969): arch=c000003e syscall=59 success=yes exit=0 a0=64e1754cb980 a1=64e1754d0510 a2=64e1754c38f0 a3=8 items=2 ppid=4525 pid=8064 auid=737 uid=957 gid=697 euid=1098 suid=523 fsuid=1250 egid=1239 sgid=1319 fsgid=825 tty=pts0 ses=3 comm="sed" exe="/usr/bin/last" subj=unconfined key="process_exec"ARCH=x86_64 SYSCALL=execve AUID="heroic" UID="heroic" GID="heroic" EUID="heroic" SUID="heroic" FSUID="heroic" EGID="heroic" SGID="heroic" FSGID="heroic"
type=PROCTITLE msg=audit(1769928727.580:6532): proctitle=746565002F6574632F63726F6E2E642F686964735F70657273697374
type=EXECVE msg=audit(1769929062.632:10337): argc=2 a0="sleep" a1="90"
type=CRED_REFR msg=audit(1769929142.412:8392): pid=4435 uid=1265 auid=1413 ses=3 subj=unconfined msg='op=PAM:setcred grantors=pam_permit,pam_cap acct="root" exe="/usr/bin/sudo" hostname=? addr=? terminal=/dev/pts/0 res=success'UID="heroic" AUID="heroic"
type=SYSCALL msg=audit(1769928915.116:7094): arch=c000003e syscall=59 success=yes exit=0 a0=5cde680253a0 a1=5cde68025430 a2=5cde6801d160 a3=5cde68025430 items=2 ppid=883 pid=4650 auid=835 uid=1381 gid=1232 euid=1381 suid=1408 fsuid=715 egid=1228 sgid=1433 fsgid=607 tty=pts2 ses=5 comm="sed" exe="/usr/bin/df" subj=unconfined key="process_exec"ARCH=x86_64 SYSCALL=execve AUID="heroic" UID="heroic" GID="heroic" EUID="heroic" SUID="heroic" FSUID="heroic" EGID="heroic" SGID="heroic" FSGID="heroic"
type=CWD msg=audit(1769928479.821:6287): cwd="/tmp"
type=PATH msg=audit(1769928951.842:8205): item=1 name="/bin/sh" inode=1573715 dev=8:2 mode=101007 ouid=0 ogid=0 rdev=0:0 nametype=NORMAL cap_fp=0 cap_fi=0 cap_fe=0 cap_fver=0 cap_frootid=0OUID="root" OGID="root"
type=CWD msg=audit(1769929348.265:6211): cwd="/tmp"
type=PATH msg=audit(1769928585.450:8961): item=1 name="/lib64/ld-linux-x86-64.so.2" inode=1575635 dev=8:2 mode=100988 ouid=0 ogid=0 rdev=0:0 nametype=NORMAL cap_fp=0 cap_fi=0 cap_fe=0 cap_fver=0 cap_frootid=0OUID="root" OGID="root"
type=PROCTITLE msg=audit(1769929175.199:8663): proctitle=2F7573722F6C69622F73797374656D642F73797374656D642D6578656375746F72002D2D646573657269616C697A6500313634002D2D6C6F672D6C6576656C00696E666F002D2D6C6F672D746172676574006A6F75726E616C2D6F722D6B6D7367
type=PROCTITLE msg=audit(1769929153.608:5646): proctitle="whoami"
type=EXECVE msg=audit(1769928911.838:8245): argc=2 a0="tee" a1="/etc/cron.d/hids_persist"
type=PATH msg=audit(1769929194.477:7995): item=1 name="/lib64/ld-linux-x86-64.so.2" inode=1574909 dev=8:2 mode=100941 ouid=0 ogid=0 rdev=0:0 nametype=NORMAL cap_fp=0 cap_fi=0 cap_fe=0 cap_fver=0 cap_frootid=0OUID="root" OGID="root"
type=SYSCALL msg=audit(1769929172.644:7112): arch=c000003e syscall=59 success=yes exit=0 a0=5da302dcc4d0 a1=5da302dc7390 a2=5da302dc08f0 a3=5da302dcc310 items=2 ppid=6324 pid=9375 auid=1244 uid=1061 gid=604 euid=0 suid=0 fsuid=0 egid=710 sgid=1406 fsgid=682 tty=pts0 ses=3 comm="sed" exe="/usr/bin/sort" subj=unconfined key="process_exec"ARCH=x86_64 SYSCALL=execve AUID="heroic" UID="heroic" GID="heroic" EUID="root" SUID="root" FSUID="root" EGID="heroic" SGID="heroic" FSGID="heroic"
type=PATH msg=audit(1769928746.779:4355): item=1 name="/lib64/ld-linux-x86-64.so.2" inode=1575797 dev=8:2 mode=100922 ouid=0 ogid=0 rdev=0:0 nametype=NORMAL cap_fp=0 cap_fi=0 cap_fe=0 cap_fver=0 cap_frootid=0OUID="root" OGID="root"
type=CWD msg=audit(1769928971.714:4887): cwd="/home/heroic"
type=EXECVE msg=audit(1769928637.269:7779): argc=4 a0="sudo" a1="rm" a2="-f" a3="/etc/cron.d/hids_persist"
type=CWD msg=audit(1769928863.788:9707): cwd="/usr/local/bin"
type=PROCTITLE msg=audit(1769928587.620:9438): proctitle="id"
type=CWD msg=audit(1769929264.370:10241): cwd="/root"
type=EXECVE msg=audit(1769928429.355:8145): argc=1 a0="id"
type=PATH msg=audit(1769929238.1084:6802): item=1 name="/lib64/ld-linux-x86-64.so.2" inode=1574912 dev=8:2 mode=100326 ouid=0 ogid=0 rdev=0:0 nametype=NORMAL cap_fp=0 cap_fi=0 cap_fe=0 cap_fver=0 cap_frootid=0OUID="root" OGID="root"
type=PATH msg=audit(1769928523.1237:4943): item=0 name="/usr/bin/sudo" inode=1574179 dev=8:2 mode=105139 ouid=0 ogid=0 rdev=0:0 nametype=NORMAL cap_fp=0 cap_fi=0 cap_fe=0 cap_fver=0 cap_frootid=0OUID="root" OGID="root"
type=EXECVE msg=audit(1769929251.797:4296): argc=4 a0="/bin/sh" a1="/usr/lib/sysstat/debian-sa1" a2="1" a3="1"
type=CRED_DISP msg=audit(1769929277.440:6211): pid=1432 uid=1105 auid=843 ses=3 subj=unconfined msg='op=PAM:setcred grantors=pam_permit acct="root" exe="/usr/bin/python3" hostname=? addr=? terminal=/dev/pts/0 res=success'UID="heroic" AUID="heroic"
type=PROCTITLE msg=audit(1769929316.405:9903): proctitle=7375646F0077686F616D69
type=PATH msg=audit(1769929085.272:7627): item=0 name="/usr/bin/curl" inode=1573206 dev=8:2 mode=101025 ouid=0 ogid=0 rdev=0:0 nametype=NORMAL cap_fp=0 cap_fi=0 cap_fe=0 cap_fver=0 cap_frootid=0OUID="root" OGID="root"
type=CWD msg=audit(1769928521.592:8241): cwd="/root"
type=SYSCALL msg=audit(1769928597.731:4199): arch=c000003e syscall=59 success=yes exit=0 a0=6006a0801b38 a1=6006a08018e0 a2=6006a08018f8 a3=1 items=2 ppid=6082 pid=9689 auid=4294967470 uid=0 gid=423 euid=0 suid=0 fsuid=0 egid=454 sgid=593 fsgid=484 tty=(none) ses=4294967147 comm="sh" exe="/usr/bin/tail" subj=unconfined key="process_exec"ARCH=x86_64 SYSCALL=execve AUID="unset" UID="root" GID="wazuh" EUID="root" SUID="root" FSUID="root" EGID="wazuh" SGID="wazuh" FSGID="wazuh"
type=EXECVE msg=audit(1769928929.1087:8161): argc=2 a0="ps" a1="aux"
type=PATH msg=audit(1769928929.529:6193): item=1 name="/lib64/ld-linux-x86-64.so.2" inode=1574962 dev=8:2 mode=101212 ouid=0 ogid=0 rdev=0:0 nametype=NORMAL cap_fp=0 cap_fi=0 cap_fe=0 cap_fver=0 cap_frootid=0OUID="root" OGID="root"
type=EXECVE msg=audit(1769928731.446:6727): argc=2 a0="basename" a1="/usr/bin/lesspipe"
type=CWD msg=audit(1769929052.332:5081): cwd="/usr/local/bin"
type=PATH msg=audit(1769928737.455:7156): item=1 name="/lib64/ld-linux-x86-64.so.2" inode=1575379 dev=8:2 mode=100307 ouid=0 ogid=0 rdev=0:0 nametype=NORMAL cap_fp=0 cap_fi=0 cap_fe=0 cap_fver=0 cap_frootid=0OUID="root" OGID="root"
type=USER_START msg=audit(1769928778.45:9437): pid=6078 uid=1184 auid=910 ses=3 subj=unconfined msg='op=PAM:session_open grantors=pam_limits,pam_env,pam_env,pam_permit,pam_umask,pam_unix acct="root" exe="/usr/bin/python3" hostname=? addr=? terminal=/dev/pts/0 res=success'UID="heroic" AUID="heroic"
type=SYSCALL msg=audit(1769928875.45:4897): arch=c000003e syscall=59 success=yes exit=0 a0=5eaf7e230c20 a1=7ffd4a156670 a2=7ffd4a157088 a3=0 items=2 ppid=4789 pid=7017 auid=4294966829 uid=0 gid=0 euid=0 suid=0 fsuid=0 egid=0 sgid=0 fsgid=0 tty=(none) ses=4294967536 comm="sort" exe="/usr/bin/tail" subj=unconfined key="process_exec"ARCH=x86_64 SYSCALL=execve AUID="unset" UID="root" GID="root" EUID="root" SUID="root" FSUID="root" EGID="root" SGID="root" FSGID="root"
type=SYSCALL msg=audit(1769929054.498:6130): arch=c000003e syscall=59 success=yes exit=0 a0=64e1754cff30 a1=64e1754cb920 a2=64e1754c38f0 a3=64e1754cb920 items=2 ppid=3330 pid=3870 auid=605 uid=995 gid=827 euid=801 suid=1432 fsuid=1435 egid=519 sgid=1362 fsgid=1114 tty=pts0 ses=3 comm="df" exe="/usr/bin/tail" subj=unconfined key="process_exec"ARCH=x86_64 SYSCALL=execve AUID="heroic" UID="heroic" GID="heroic" EUID="heroic" SUID="heroic" FSUID="heroic" EGID="heroic" SGID="heroic" FSGID="heroic"
type=PROCTITLE msg=audit(1769928523.1153:5103): proctitle=2F7573722F62696E2F6E617574696C7573002D2D676170706C69636174696F6E2D73657276696365
type=SYSCALL msg=audit(1769928775.138:8647): arch=c000003e syscall=59 success=yes exit=0 a0=5da302dcd3b0 a1=5da302dcc910 a2=5da302dc08f0 a3=5da302dc8940 items=2 ppid=6363 pid=3356 auid=619 uid=554 gid=621 euid=623 suid=838 fsuid=827 egid=1076 sgid=641 fsgid=952 tty=pts0 ses=3 comm="tail" exe="/usr/bin/sudo" subj=unconfined key="process_exec"ARCH=x86_64 SYSCALL=execve AUID="heroic" UID="heroic" GID="heroic" EUID="heroic" SUID="heroic" FSUID="heroic" EGID="heroic" SGID="heroic" FSGID="heroic"
type=PATH msg=audit(1769929273.293:5595): item=0 name="/usr/bin/ps" inode=1574133 dev=8:2 mode=100370 ouid=0 ogid=0 rdev=0:0 nametype=NORMAL cap_fp=0 cap_fi=0 cap_fe=0 cap_fver=0 cap_frootid=0OUID="root" OGID="root"
type=PROCTITLE msg=audit(1769928678.750:9180): proctitle="whoami"
type=EXECVE msg=audit(1769929314.781:6830): argc=1 a0="id"
type=PATH msg=audit(1769929036.755:6633): item=0 name="/usr/bin/curl" inode=1574189 dev=8:2 mode=100841 ouid=0 ogid=0 rdev=0:0 nametype=NORMAL cap_fp=0 cap_fi=0 cap_fe=0 cap_fver=0 cap_frootid=0OUID="root" OGID="root"
type=CWD msg=audit(1769929234.543:6034): cwd="/var/ossec"
type=PATH msg=audit(1769929065.1186:4816): item=1 name="/lib64/ld-linux-x86-64.so.2" inode=1575595 dev=8:2 mode=100579 ouid=0 ogid=0 rdev=0:0 nametype=NORMAL cap_fp=0 cap_fi=0 cap_fe=0 cap_fver=0 cap_frootid=0OUID="root" OGID="root"
type=PATH msg=audit(1769928512.1116:9117): item=0 name="/usr/bin/sleep" inode=1578148 dev=8:2 mode=100748 ouid=0 ogid=0 rdev=0:0 nametype=NORMAL cap_fp=0 cap_fi=0 cap_fe=0 cap_fver=0 cap_frootid=0OUID="root" OGID="root"
type=PROCTITLE msg=audit(1769929281.657:9436): proctitle=736C6565700035
type=PROCTITLE msg=audit(1769929229.1205:5578): proctitle=7375646F0077686F616D69
type=SYSCALL msg=audit(1769928824.388:6013): arch=c000003e syscall=59 success=yes exit=0 a0=5cf7ea324020 a1=5cf7ea324000 a2=5cf7ea323db0 a3=5cf7ea324990 items=2 ppid=2981 pid=3000 auid=4294967177 uid=0 gid=0 euid=0 suid=0 fsuid=0 egid=0 sgid=0 fsgid=0 tty=(none) ses=4294967050 comm="sh" exe="/usr/bin/sed" subj=unconfined key="process_exec"ARCH=x86_64 SYSCALL=execve AUID="unset" UID="root" GID="root" EUID="root" SUID="root" FSUID="root" EGID="root" SGID="root" FSGID="root"
type=CWD msg=audit(1769929406.720:5752): cwd="/tmp"
type=EXECVE msg=audit(1769929183.80:5105): argc=1 a0="/usr/libexec/nm-dispatcher"
type=SYSCALL msg=audit(1769929287.1303:8948): arch=c000003e syscall=59 success=yes exit=0 a0=5da302dc8980 a1=5da302dc78d0 a2=5da302dc08f0 a3=8 items=2 ppid=2295 pid=9331 auid=1390 uid=538 gid=960 euid=1234 suid=852 fsuid=1475 egid=1181 sgid=1151 fsgid=1035 tty=pts0 ses=3 comm="sh" exe="/usr/bin/sudo" subj=unconfined key="process_exec"ARCH=x86_64 SYSCALL=execve AUID="heroic" UID="heroic" GID="heroic" EUID="heroic" SUID="heroic" FSUID="heroic" EGID="heroic" SGID="heroic" FSGID="heroic"
type=EXECVE msg=audit(1769928440.529:4236): argc=2 a0="sudo" a1="-l"
type=PATH msg=audit(1769928715.672:6226): item=1 name="/lib64/ld-linux-x86-64.so.2" inode=1575753 dev=8:2 mode=101232 ouid=0 ogid=0 rdev=0:0 nametype=NORMAL cap_fp=0 cap_fi=0 cap_fe=0 cap_fver=0 cap_frootid=0OUID="root" OGID="root"
type=PROCTITLE msg=audit(1769928725.997:8921): proctitle=746565002F6574632F63726F6E2E642F686964735F70657273697374
type=PATH msg=audit(1769929394.244:7954): item=0 name="/usr/bin/whoami" inode=1578274 dev=8:2 mode=100642 ouid=0 ogid=0 rdev=0:0 nametype=NORMAL cap_fp=0 cap_fi=0 cap_fe=0 cap_fver=0 cap_frootid=0OUID="root" OGID="root"
type=CWD msg=audit(1769928610.4:5482): cwd="/tmp"
type=SYSCALL msg=audit(1769928844.355:8833): arch=c000003e syscall=59 success=yes exit=0 a0=63673b5e6b68 a1=63673b5f6ba0 a2=63673b6097a0 a3=64 items=2 ppid=2784 pid=9188 auid=818 uid=0 gid=0 euid=0 suid=0 fsuid=0 egid=0 sgid=0 fsgid=0 tty=pts4 ses=3 comm="ss" exe="/usr/bin/sort" subj=unconfined key="process_exec"ARCH=x86_64 SYSCALL=execve AUID="heroic" UID="root" GID="root" EUID="root" SUID="root" FSUID="root" EGID="root" SGID="root" FSGID="root"
type=CWD msg=audit(1769929201.647:5483): cwd="/usr/local/bin"
type=CWD msg=audit(1769929227.805:6271): cwd="/var/ossec"
type=PATH msg=audit(1769929166.1215:9551): item=1 name="/lib64/ld-linux-x86-64.so.2" inode=1575591 dev=8:2 mode=101124 ouid=0 ogid=0 rdev=0:0 nametype=NORMAL cap_fp=0 cap_fi=0 cap_fe=0 cap_fver=0 cap_frootid=0OUID="root" OGID="root"
type=EXECVE msg=audit(1769929382.735:9484): argc=3 a0="chmod" a1="+x" a2="payload.sh"
type=SERVICE_START msg=audit(1769928631.823:6928): pid=5035 uid=0 auid=4294967142 ses=4294967764 subj=unconfined msg='unit=NetworkManager-dispatcher comm="sort" exe="/usr/bin/netstat" hostname=? addr=? terminal=? res=success'UID="root" AUID="unset"
type=USER_ACCT msg=audit(1769929221.827:8646): pid=7347 uid=0 auid=4294967271 ses=4294967169 subj=unconfined msg='op=PAM:accounting grantors=pam_permit,pam_localuser acct="root" exe="/bin/sh" hostname=? addr=? terminal=cron res=success'UID="root" AUID="unset"
type=PATH msg=audit(1769928756.94:6017): item=0 name="/usr/bin/uname" inode=1577781 dev=8:2 mode=100455 ouid=0 ogid=0 rdev=0:0 nametype=NORMAL cap_fp=0 cap_fi=0 cap_fe=0 cap_fver=0 cap_frootid=0OUID="root" OGID="root"
type=USER_START msg=audit(1769928914.629:9936): pid=3827 uid=834 auid=648 ses=3 subj=unconfined msg='op=PAM:session_open grantors=pam_limits,pam_env,pam_env,pam_permit,pam_umask,pam_unix acct="root" exe="/usr/bin/python3" hostname=? addr=? terminal=/dev/pts/0 res=success'UID="heroic" AUID="heroic"
type=PROCTITLE msg=audit(1769929134.662:6074): proctitle=2F7573722F6C69622F73797374656D642F73797374656D642D6578656375746F72002D2D646573657269616C697A6500313139002D2D6C6F672D6C6576656C00696E666F002D2D6C6F672D746172676574006A6F75726E616C2D6F722D6B6D7367
type=SYSCALL msg=audit(1769929234.357:4099): arch=c000003e syscall=59 success=yes exit=0 a0=6547738a2a90 a1=6547738aa900 a2=65477389e4b0 a3=65477389ffc0 items=2 ppid=6015 pid=8911 auid=4294967320 uid=0 gid=0 euid=0 suid=0 fsuid=0 egid=0 sgid=0 fsgid=0 tty=(none) ses=4294967333 comm="sh" exe="/usr/bin/sed" subj=unconfined key="process_exec"ARCH=x86_64 SYSCALL=execve AUID="unset" UID="root" GID="root" EUID="root" SUID="root" FSUID="root" EGID="root" SGID="root" FSGID="root"
type=PROCTITLE msg=audit(1769929394.554:6178): proctitle=2F7573722F6C69622F73797374656D642F73797374656D642D6578656375746F72002D2D646573657269616C697A6500313236002D2D6C6F672D6C6576656C00696E666F002D2D6C6F672D746172676574006A6F75726E616C2D6F722D6B6D7367
type=CWD msg=audit(1769929137.611:6481): cwd="/usr/local/bin"
type=PATH msg=audit(1769928876.681:5612): item=0 name="/usr/bin/curl" inode=1573365 dev=8:2 mode=100692 ouid=0 ogid=0 rdev=0:0 nametype=NORMAL cap_fp=0 cap_fi=0 cap_fe=0 cap_fver=0 cap_frootid=0OUID="root" OGID="root"
type=EXECVE msg=audit(1769929113.438:5789): argc=3 a0="sudo" a1="tee" a2="/etc/cron.d/hids_persist"
type=CWD msg=audit(1769928902.53:7797): cwd="/usr/local/bin"
type=PATH msg=audit(1769929120.665:6753): item=1 name="/lib64/ld-linux-x86-64.so.2" inode=1574881 dev=8:2 mode=100596 ouid=0 ogid=0 rdev=0:0 nametype=NORMAL cap_fp=0 cap_fi=0 cap_fe=0 cap_fver=0 cap_frootid=0OUID="root" OGID="root"
type=SYSCALL msg=audit(1769928569.73:7536): arch=c000003e syscall=59 success=yes exit=0 a0=64e1754cf190 a1=64e1754d0b60 a2=64e1754c38f0 a3=64e1754d0b60 items=2 ppid=9253 pid=9890 auid=775 uid=580 gid=1252 euid=0 suid=0 fsuid=0 egid=1117 sgid=699 fsgid=1116 tty=pts0 ses=3 comm="df" exe="/bin/sh" subj=unconfined key="process_exec"ARCH=x86_64 SYSCALL=execve AUID="heroic" UID="heroic" GID="heroic" EUID="root" SUID="root" FSUID="root" EGID="heroic" SGID="heroic" FSGID="heroic"
type=CRED_DISP msg=audit(1769928862.357:5474): pid=9959 uid=0 auid=0 ses=9 subj=unconfined msg='op=PAM:setcred grantors=pam_permit acct="root" exe="/usr/bin/sudo" hostname=? addr=? terminal=cron res=success'UID="root" AUID="root"
type=PROCTITLE msg=audit(1769928946.327:6265): proctitle=2F62696E2F7368002D6300636F6D6D616E64202D762064656269616E2D736131203E202F6465762F6E756C6C2026262064656269616E2D73613120312031
type=PROCTITLE msg=audit(1769928429.1014:8027): proctitle=7375646F006370002F7661722F6C6F672F61756469742F61756469742E6C6F67002F726F6F742F4465736B746F702F686964735F646174617365742F7261772F6D616C6963696F75735F72656D6F74652E6C6F67
type=PATH msg=audit(1769928839.1110:5461): item=1 name="/lib64/ld-linux-x86-64.so.2" inode=1575426 dev=8:2 mode=100898 ouid=0 ogid=0 rdev=0:0 nametype=NORMAL cap_fp=0 cap_fi=0 cap_fe=0 cap_fver=0 cap_frootid=0OUID="root" OGID="root"
type=PATH msg=audit(1769928531.552:5159): item=0 name="/usr/bin/mkdir" inode=1578121 dev=8:2 mode=101152 ouid=0 ogid=0 rdev=0:0 nametype=NORMAL cap_fp=0 cap_fi=0 cap_fe=0 cap_fver=0 cap_frootid=0OUID="root" OGID="root"
type=CRED_DISP msg=audit(1769928862.1002:6235): pid=4760 uid=0 auid=806 ses=5 subj=unconfined msg='op=PAM:setcred grantors=pam_permit acct="root" exe="/usr/bin/netstat" hostname=? addr=? terminal=/dev/pts/1 res=success'UID="root" AUID="heroic"
type=PATH msg=audit(1769929104.1314:6510): item=1 name="/lib64/ld-linux-x86-64.so.2" inode=1575570 dev=8:2 mode=100995 ouid=0 ogid=0 rdev=0:0 nametype=NORMAL cap_fp=0 cap_fi=0 cap_fe=0 cap_fver=0 cap_frootid=0OUID="root" OGID="root"
type=SYSCALL msg=audit(1769929324.400:8503): arch=c000003e syscall=59 success=yes exit=0 a0=5da302dcc850 a1=5da302dc6f00 a2=5da302dc08f0 a3=5da302dc6f00 items=2 ppid=1314 pid=2841 auid=849 uid=1102 gid=520 euid=756 suid=1144 fsuid=852 egid=1199 sgid=1141 fsgid=1482 tty=pts0 ses=3 comm="netstat" exe="/usr/bin/sort" subj=unconfined key="process_exec"ARCH=x86_64 SYSCALL=execve AUID="heroic" UID="heroic" GID="heroic" EUID="heroic" SUID="heroic" FSUID="heroic" EGID="heroic" SGID="heroic" FSGID="heroic"
type=SYSCALL msg=audit(1769929339.285:7588): arch=c000003e syscall=59 success=yes exit=0 a0=5da302dccc70 a1=5da302dccf70 a2=5da302dc08f0 a3=5da302dccf70 items=2 ppid=2262 pid=4438 auid=706 uid=1404 gid=632 euid=0 suid=0 fsuid=0 egid=965 sgid=1397 fsgid=847 tty=pts0 ses=3 comm="sort" exe="/usr/bin/tail" subj=unconfined key="process_exec"ARCH=x86_64 SYSCALL=execve AUID="heroic" UID="heroic" GID="heroic" EUID="root" SUID="root" FSUID="root" EGID="heroic" SGID="heroic" FSGID="heroic"
type=PROCTITLE msg=audit(1769928715.364:7894): proctitle=707300617578
type=PATH msg=audit(1769929186.46:7654): item=0 name="/usr/bin/sed" inode=1573846 dev=8:2 mode=101124 ouid=0 ogid=0 rdev=0:0 nametype=NORMAL cap_fp=0 cap_fi=0 cap_fe=0 cap_fver=0 cap_frootid=0OUID="root" OGID="root"
type=CRED_DISP msg=audit(1769928543.360:3930): pid=7530 uid=1500 auid=1280 ses=3 subj=unconfined msg='op=PAM:setcred grantors=pam_permit acct="root" exe="/bin/sh" hostname=? addr=? terminal=/dev/pts/0 res=success'UID="heroic" AUID="heroic"
type=EXECVE msg=audit(1769928495.756:7124): argc=1 a0="bash"
type=PROCTITLE msg=audit(1769928801.354:6726): proctitle=746565002F6574632F63726F6E2E642F686964735F70657273697374
type=SYSCALL msg=audit(1769929150.81:9624): arch=c000003e syscall=59 success=yes exit=0 a0=64e1754cb8c0 a1=64e1754cfab0 a2=64e1754c38f0 a3=64e1754caa40 items=2 ppid=4856 pid=2367 auid=1169 uid=1314 gid=1192 euid=1187 suid=1078 fsuid=1446 egid=505 sgid=1023 fsgid=534 tty=pts0 ses=3 comm="tail" exe="/usr/bin/df" subj=unconfined key="process_exec"ARCH=x86_64 SYSCALL=execve AUID="heroic" UID="heroic" GID="heroic" EUID="heroic" SUID="heroic" FSUID="heroic" EGID="heroic" SGID="heroic" FSGID="heroic"
type=USER_END msg=audit(1769929398.994:6175): pid=7757 uid=1181 auid=1176 ses=3 subj=unconfined msg='op=PAM:session_close grantors=pam_limits,pam_env,pam_env,pam_permit,pam_umask,pam_unix acct="root" exe="/bin/sh" hostname=? addr=? terminal=/dev/pts/0 res=success'UID="heroic" AUID="heroic"
type=PATH msg=audit(1769928684.3:9270): item=0 name="/usr/bin/sudo" inode=1574456 dev=8:2 mode=104522 ouid=0 ogid=0 rdev=0:0 nametype=NORMAL cap_fp=0 cap_fi=0 cap_fe=0 cap_fver=0 cap_frootid=0OUID="root" OGID="root"
type=EXECVE msg=audit(1769928441.69:8215): argc=4 a0="sudo" a1="rm" a2="-f" a3="/etc/cron.d/hids_persist"
type=PATH msg=audit(1769928643.652:5194): item=0 name="/usr/bin/sudo" inode=1573814 dev=8:2 mode=104981 ouid=0 ogid=0 rdev=0:0 nametype=NORMAL cap_fp=0 cap_fi=0 cap_fe=0 cap_fver=0 cap_frootid=0OUID="root" OGID="root"
type=EXECVE msg=audit(1769929106.440:8729): argc=2 a0="systemd-tmpfiles" a1="--clean"
type=SYSCALL msg=audit(1769928604.1395:4730): arch=c000003e syscall=59 success=yes exit=0 a0=5d51d3ac7b38 a1=5d51d3ac78e0 a2=5d51d3ac78f8 a3=1 items=2 ppid=4469 pid=5632 auid=4294967446 uid=0 gid=310 euid=0 suid=0 fsuid=0 egid=242 sgid=342 fsgid=190 tty=(none) ses=4294967185 comm="sudo" exe="/usr/bin/netstat" subj=unconfined key="process_exec"ARCH=x86_64 SYSCALL=execve AUID="unset" UID="root" GID="wazuh" EUID="root" SUID="root" FSUID="root" EGID="wazuh" SGID="wazuh" FSGID="wazuh"
type=CRED_REFR msg=audit(1769928613.770:6593): pid=7916 uid=1352 auid=845 ses=3 subj=unconfined msg='op=PAM:setcred grantors=pam_permit,pam_cap acct="root" exe="/usr/bin/tail" hostname=? addr=? terminal=/dev/pts/0 res=success'UID="heroic" AUID="heroic"
type=CWD msg=audit(1769928718.385:3783): cwd="/home/heroic"
type=PATH msg=audit(1769928738.240:7102): item=0 name="/usr/bin/sort" inode=1578202 dev=8:2 mode=100732 ouid=0 ogid=0 rdev=0:0 nametype=NORMAL cap_fp=0 cap_fi=0 cap_fe=0 cap_fver=0 cap_frootid=0OUID="root" OGID="root"
type=CWD msg=audit(1769928563.218:9457): cwd="/usr/local/bin"
type=CWD msg=audit(1769928822.691:9035): cwd="/root"
type=CWD msg=audit(1769928891.598:9889): cwd="/var/ossec"
type=EXECVE msg=audit(1769929217.761:3877): argc=3 a0="cp" a1="/var/log/audit/audit.log" a2="/root/Desktop/hids_dataset/raw/malicious_remote.log"
type=EXECVE msg=audit(1769929392.1111:7408): argc=3 a0="curl" a1="-s" a2="file:///tmp/hids_malicious/payload.sh"
type=CWD msg=audit(1769929184.561:4464): cwd="/home/heroic"
type=PATH msg=audit(1769929084.366:7115): item=1 name="/lib64/ld-linux-x86-64.so.2" inode=1575432 dev=8:2 mode=100428 ouid=0 ogid=0 rdev=0:0 nametype=NORMAL cap_fp=0 cap_fi=0 cap_fe=0 cap_fver=0 cap_frootid=0OUID="root" OGID="root"
type=PATH msg=audit(1769928727.668:7666): item=0 name="/usr/bin/gpg" inode=1573581 dev=8:2 mode=100617 ouid=0 ogid=0 rdev=0:0 nametype=NORMAL cap_fp=0 cap_fi=0 cap_fe=0 cap_fver=0 cap_frootid=0OUID="root" OGID="root"
type=PATH msg=audit(1769928668.1419:9699): item=1 name="/lib64/ld-linux-x86-64.so.2" inode=1575368 dev=8:2 mode=100963 ouid=0 ogid=0 rdev=0:0 nametype=NORMAL cap_fp=0 cap_fi=0 cap_fe=0 cap_fver=0 cap_frootid=0OUID="root" OGID="root"
type=PATH msg=audit(1769928507.141:6689): item=0 name="/etc/cron.d/" inode=1703715 dev=8:2 mode=40668 ouid=0 ogid=0 rdev=0:0 nametype=PARENT cap_fp=0 cap_fi=0 cap_fe=0 cap_fver=0 cap_frootid=0OUID="root" OGID="root"
type=PATH msg=audit(1769928614.572:7351): item=1 name="/bin/sh" inode=1573399 dev=8:2 mode=100622 ouid=0 ogid=0 rdev=0:0 nametype=NORMAL cap_fp=0 cap_fi=0 cap_fe=0 cap_fver=0 cap_frootid=0OUID="root" OGID="root"
type=PROCTITLE msg=audit(1769929139.843:5933): proctitle=746565002F6574632F63726F6E2E642F686964735F70657273697374
type=PATH msg=audit(1769929291.99:8172): item=0 name="/usr/bin/ss" inode=1574332 dev=8:2 mode=100309 ouid=0 ogid=0 rdev=0:0 nametype=NORMAL cap_fp=0 cap_fi=0 cap_fe=0 cap_fver=0 cap_frootid=0OUID="root" OGID="root"
type=PATH msg=audit(1769929183.729:9157): item=1 name="/lib64/ld-linux-x86-64.so.2" inode=1575775 dev=8:2 mode=101231 ouid=0 ogid=0 rdev=0:0 nametype=NORMAL cap_fp=0 cap_fi=0 cap_fe=0 cap_fver=0 cap_frootid=0OUID="root" OGID="root"
type=PATH msg=audit(1769928937.598:7340): item=1 name="/lib64/ld-linux-x86-64.so.2" inode=1575311 dev=8:2 mode=101227 ouid=0 ogid=0 rdev=0:0 nametype=NORMAL cap_fp=0 cap_fi=0 cap_fe=0 cap_fver=0 cap_frootid=0OUID="root" OGID="root"
type=CWD msg=audit(1769928836.558:8139): cwd="/var/ossec"
type=CWD msg=audit(1769929007.733:7312): cwd="/tmp"
type=PATH msg=audit(1769928792.804:7951): item=0 name="/usr/bin/curl" inode=1573707 dev=8:2 mode=101017 ouid=0 ogid=0 rdev=0:0 nametype=NORMAL cap_fp=0 cap_fi=0 cap_fe=0 cap_fver=0 cap_frootid=0OUID="root" OGID="root"
type=CWD msg=audit(1769928981.785:9034): cwd="/root"
type=SERVICE_STOP msg=audit(1769928829.616:8500): pid=3145 uid=0 auid=4294966896 ses=4294967416 subj=unconfined msg='unit=systemd-tmpfiles-clean comm="df" exe="/usr/bin/python3" hostname=? addr=? terminal=? res=success'UID="root" AUID="unset"
type=CWD msg=audit(1769929103.470:4862): cwd="/usr/local/bin"
type=PATH msg=audit(1769928826.306:8703): item=1 name="/lib64/ld-linux-x86-64.so.2" inode=1575297 dev=8:2 mode=100814 ouid=0 ogid=0 rdev=0:0 nametype=NORMAL cap_fp=0 cap_fi=0 cap_fe=0 cap_fver=0 cap_frootid=0OUID="root" OGID="root"
type=PATH msg=audit(1769928627.564:8612): item=0 name="/usr/bin/whoami" inode=1577777 dev=8:2 mode=101224 ouid=0 ogid=0 rdev=0:0 nametype=NORMAL cap_fp=0 cap_fi=0 cap_fe=0 cap_fver=0 cap_frootid=0OUID="root" OGID="root"
type=EXECVE msg=audit(1769928933.989:7936): argc=2 a0="sudo" a1="-l"
type=PROCTITLE msg=audit(1769928857.639:10108): proctitle=7368002D63002D2D006466202D50
type=SYSCALL msg=audit(1769928534.1022:7450): arch=c000003e syscall=59 success=yes exit=0 a0=5da302dcc4f0 a1=5da302dcd630 a2=5da302dc08f0 a3=5da302dcd630 items=2 ppid=8558 pid=8206 auid=925 uid=847 gid=1362 euid=0 suid=0 fsuid=0 egid=1225 sgid=812 fsgid=584 tty=pts0 ses=3 comm="netstat" exe="/usr/bin/python3" subj=unconfined key="process_exec"ARCH=x86_64 SYSCALL=execve AUID="heroic" UID="heroic" GID="heroic" EUID="root" SUID="root" FSUID="root" EGID="heroic" SGID="heroic" FSGID="heroic"
type=PATH msg=audit(1769928637.285:9480): item=1 name="/lib64/ld-linux-x86-64.so.2" inode=1575578 dev=8:2 mode=100843 ouid=0 ogid=0 rdev=0:0 nametype=NORMAL cap_fp=0 cap_fi=0 cap_fe=0 cap_fver=0 cap_frootid=0OUID="root" OGID="root"
type=PROCTITLE msg=audit(1769928602.478:7727): proctitle=726D002D66002F6574632F63726F6E2E642F686964735F70657273697374
type=PATH msg=audit(1769928545.39:4846): item=0 name="/usr/bin/curl" inode=1573961 dev=8:2 mode=100379 ouid=0 ogid=0 rdev=0:0 nametype=NORMAL cap_fp=0 cap_fi=0 cap_fe=0 cap_fver=0 cap_frootid=0OUID="root" OGID="root"
type=SYSCALL msg=audit(1769929119.526:7026): arch=c000003e syscall=59 success=yes exit=0 a0=5bb70272d538 a1=5bb70272d4e0 a2=5bb70272d500 a3=8 items=3 ppid=4656 pid=9867 auid=0 uid=0 gid=0 euid=0 suid=0 fsuid=0 egid=0 sgid=0 fsgid=0 tty=(none) ses=8 comm="sort" exe="/usr/bin/sort" subj=unconfined key="process_exec"ARCH=x86_64 SYSCALL=execve AUID="root" UID="root" GID="root" EUID="root" SUID="root" FSUID="root" EGID="root" SGID="root" FSGID="root"
type=PATH msg=audit(1769929209.458:9796): item=1 name="/lib64/ld-linux-x86-64.so.2" inode=1575104 dev=8:2 mode=100674 ouid=0 ogid=0 rdev=0:0 nametype=NORMAL cap_fp=0 cap_fi=0 cap_fe=0 cap_fver=0 cap_frootid=0OUID="root" OGID="root"
type=CWD msg=audit(1769928473.433:5584): cwd="/tmp"
type=SYSCALL msg=audit(1769929378.1024:4389): arch=c000003e syscall=59 success=yes exit=0 a0=5da302dcc3d0 a1=5da302dc8960 a2=5da302dc08f0 a3=5da302dc87e0 items=2 ppid=8182 pid=8994 auid=1420 uid=1319 gid=1434 euid=763 suid=1094 fsuid=1310 egid=1181 sgid=967 fsgid=672 tty=pts0 ses=3 comm="sh" exe="/usr/bin/sudo" subj=unconfined key="process_exec"ARCH=x86_64 SYSCALL=execve AUID="heroic" UID="heroic" GID="heroic" EUID="heroic" SUID="heroic" FSUID="heroic" EGID="heroic" SGID="heroic" FSGID="heroic"
type=PROCTITLE msg=audit(1769928938.335:5849): proctitle=6375726C002D730066696C653A2F2F2F746D702F686964735F6D616C6963696F75732F7061796C6F61642E7368
type=USER_ACCT msg=audit(1769928961.204:10137): pid=7057 uid=910 auid=1452 ses=3 subj=unconfined msg='op=PAM:accounting grantors=pam_permit,pam_localuser acct="heroic" exe="/usr/bin/sort" hostname=? addr=? terminal=/dev/pts/0 res=success'UID="heroic" AUID="heroic"
type=PATH msg=audit(1769928800.471:6859): item=1 name="/lib64/ld-linux-x86-64.so.2" inode=1575559 dev=8:2 mode=101000 ouid=0 ogid=0 rdev=0:0 nametype=NORMAL cap_fp=0 cap_fi=0 cap_fe=0 cap_fver=0 cap_frootid=0OUID="root" OGID="root"
type=CWD msg=audit(1769929357.266:9626): cwd="/usr/local/bin"
type=PATH msg=audit(1769928668.681:8666): item=1 name="/lib64/ld-linux-x86-64.so.2" inode=1575226 dev=8:2 mode=100739 ouid=0 ogid=0 rdev=0:0 nametype=NORMAL cap_fp=0 cap_fi=0 cap_fe=0 cap_fver=0 cap_frootid=0OUID="root" OGID="root"
type=CWD msg=audit(1769929108.456:8426): cwd="/usr/local/bin"
type=USER_ACCT msg=audit(1769929004.661:9638): pid=6458 uid=1142 auid=1124 ses=3 subj=unconfined msg='op=PAM:accounting grantors=pam_permit,pam_localuser acct="heroic" exe="/usr/bin/tail" hostname=? addr=? terminal=/dev/pts/0 res=success'UID="heroic" AUID="heroic"
type=PROCTITLE msg=audit(1769928573.690:6814): proctitle=2F7573722F62696E2F6E617574696C7573002D2D676170706C69636174696F6E2D73657276696365
type=CRED_DISP msg=audit(1769928452.401:5041): pid=5260 uid=1015 auid=945 ses=3 subj=unconfined msg='op=PAM:setcred grantors=pam_permit acct="root" exe="/bin/sh" hostname=? addr=? terminal=/dev/pts/0 res=success'UID="heroic" AUID="heroic"
type=PROCTITLE msg=audit(1769928789.397:7005): proctitle="bash"
type=CWD msg=audit(1769928855.681:8878): cwd="/home/heroic"
type=PATH msg=audit(1769929074.657:5642): item=1 name="/lib64/ld-linux-x86-64.so.2" inode=1575214 dev=8:2 mode=100687 ouid=0 ogid=0 rdev=0:0 nametype=NORMAL cap_fp=0 cap_fi=0 cap_fe=0 cap_fver=0 cap_frootid=0OUID="root" OGID="root"
type=PATH msg=audit(1769928490.46:7923): item=0 name="/usr/bin/df" inode=1578437 dev=8:2 mode=100666 ouid=0 ogid=0 rdev=0:0 nametype=NORMAL cap_fp=0 cap_fi=0 cap_fe=0 cap_fver=0 cap_frootid=0OUID="root" OGID="root"
type=PATH msg=audit(1769928515.567:10418): item=0 name="/usr/bin/uname" inode=1578429 dev=8:2 mode=100335 ouid=0 ogid=0 rdev=0:0 nametype=NORMAL cap_fp=0 cap_fi=0 cap_fe=0 cap_fver=0 cap_frootid=0OUID="root" OGID="root"
type=EXECVE msg=audit(1769928486.388:5651): argc=3 a0="sudo" a1="tee" a2="/etc/cron.d/hids_persist"
type=USER_AUTH msg=audit(1769929357.1026:5588): pid=6182 uid=737 auid=1233 ses=5 subj=unconfined msg='op=PAM:authentication grantors=pam_permit,pam_cap acct="heroic" exe="/usr/bin/sort" hostname=? addr=? terminal=/dev/pts/0 res=success'UID="heroic" AUID="heroic"
type=CWD msg=audit(1769928695.580:9235): cwd="/usr/local/bin"
type=PATH msg=audit(1769929081.762:8367): item=1 name="/lib64/ld-linux-x86-64.so.2" inode=1575439 dev=8:2 mode=100848 ouid=0 ogid=0 rdev=0:0 nametype=NORMAL cap_fp=0 cap_fi=0 cap_fe=0 cap_fver=0 cap_frootid=0OUID="root" OGID="root"
type=USER_START msg=audit(1769928885.284:9468): pid=9463 uid=776 auid=894 ses=3 subj=unconfined msg='op=PAM:session_open grantors=pam_limits,pam_env,pam_env,pam_permit,pam_umask,pam_unix acct="root" exe="/usr/bin/tail" hostname=? addr=? terminal=/dev/pts/0 res=success'UID="heroic" AUID="heroic"
type=EXECVE msg=audit(1769928429.342:5442): argc=1 a0="whoami"
type=PATH msg=audit(1769928851.421:7513): item=0 name="/usr/bin/cp" inode=1577556 dev=8:2 mode=101244 ouid=0 ogid=0 rdev=0:0 nametype=NORMAL cap_fp=0 cap_fi=0 cap_fe=0 cap_fver=0 cap_frootid=0OUID="root" OGID="root"
type=PATH msg=audit(1769929411.143:6404): item=0 name="/usr/bin/dircolors" inode=1577735 dev=8:2 mode=101221 ouid=0 ogid=0 rdev=0:0 nametype=NORMAL cap_fp=0 cap_fi=0 cap_fe=0 cap_fver=0 cap_frootid=0OUID="root" OGID="root"
type=CWD msg=audit(1769929357.1088:8954): cwd="/usr/local/bin"
type=EXECVE msg=audit(1769928672.353:6635): argc=2 a0="sudo" a1="-l"
type=CWD msg=audit(1769929267.838:5456): cwd="/usr/local/bin"
type=CWD msg=audit(1769928844.832:9074): cwd="/home/heroic"
type=SYSCALL msg=audit(1769929205.720:8235): arch=c000003e syscall=59 success=yes exit=0 a0=5da302dcc410 a1=5da302dc7360 a2=5da302dc08f0 a3=5da302dc7b20 items=2 ppid=4481 pid=7805 auid=813 uid=1080 gid=1011 euid=1114 suid=1183 fsuid=1216 egid=523 sgid=1357 fsgid=1031 tty=pts0 ses=3 comm="ss" exe="/bin/sh" subj=unconfined key="process_exec"ARCH=x86_64 SYSCALL=execve AUID="heroic" UID="heroic" GID="heroic" EUID="heroic" SUID="heroic" FSUID="heroic" EGID="heroic" SGID="heroic" FSGID="heroic"
type=CWD msg=audit(1769928840.525:4643): cwd="/home/heroic"
type=PATH msg=audit(1769929381.28:8222): item=0 name="/usr/bin/lesspipe" inode=1573934 dev=8:2 mode=101175 ouid=0 ogid=0 rdev=0:0 nametype=NORMAL cap_fp=0 cap_fi=0 cap_fe=0 cap_fver=0 cap_frootid=0OUID="root" OGID="root"
type=PATH msg=audit(1769928760.532:4538): item=0 name="/usr/bin/sleep" inode=1577932 dev=8:2 mode=100918 ouid=0 ogid=0 rdev=0:0 nametype=NORMAL cap_fp=0 cap_fi=0 cap_fe=0 cap_fver=0 cap_frootid=0OUID="root" OGID="root"
type=LOGIN msg=audit(1769928935.587:8149): pid=9469 uid=0 subj=unconfined old-auid=4294966884 auid=0 tty=(none) old-ses=4294967090 ses=8 res=1UID="root" OLD-AUID="unset" AUID="root"
type=SYSCALL msg=audit(1769928539.171:7155): arch=c000003e syscall=59 success=yes exit=0 a0=5da302dc8600 a1=5da302dc6e20 a2=5da302dc08f0 a3=5da302dc6e20 items=2 ppid=9508 pid=6260 auid=725 uid=1211 gid=830 euid=879 suid=695 fsuid=1053 egid=1226 sgid=1320 fsgid=992 tty=pts0 ses=3 comm="netstat" exe="/usr/bin/sudo" subj=unconfined key="process_exec"ARCH=x86_64 SYSCALL=execve AUID="heroic" UID="heroic" GID="heroic" EUID="heroic" SUID="heroic" FSUID="heroic" EGID="heroic" SGID="heroic" FSGID="heroic"
type=EXECVE msg=audit(1769928463.376:9003): argc=2 a0="sudo" a1="-l"
type=PATH msg=audit(1769928654.441:7063): item=1 name="/lib64/ld-linux-x86-64.so.2" inode=1575055 dev=8:2 mode=101079 ouid=0 ogid=0 rdev=0:0 nametype=NORMAL cap_fp=0 cap_fi=0 cap_fe=0 cap_fver=0 cap_frootid=0OUID="root" OGID="root"
type=PATH msg=audit(1769929394.821:8516): item=0 name="/usr/bin/bash" inode=1573387 dev=8:2 mode=101033 ouid=0 ogid=0 rdev=0:0 nametype=NORMAL cap_fp=0 cap_fi=0 cap_fe=0 cap_fver=0 cap_frootid=0OUID="root" OGID="root"
type=SYSCALL msg=audit(1769928671.577:6584): arch=c000003e syscall=59 success=yes exit=0 a0=64e1754c67e0 a1=64e1754cd1d0 a2=64e1754c38f0 a3=64e1754cd1d0 items=2 ppid=6530 pid=3114 auid=710 uid=1039 gid=1370 euid=974 suid=625 fsuid=601 egid=731 sgid=610 fsgid=861 tty=pts0 ses=3 comm="netstat" exe="/usr/bin/python3" subj=unconfined key="process_exec"ARCH=x86_64 SYSCALL=execve AUID="heroic" UID="heroic" GID="heroic" EUID="heroic" SUID="heroic" FSUID="heroic" EGID="heroic" SGID="heroic" FSGID="heroic"
type=EXECVE msg=audit(1769928570.648:4736): argc=3 a0="mkdir" a1="-p" a2="/tmp/hids_malicious"
type=BPRM_FCAPS msg=audit(1769929101.1049:7640): fver=0 fp=0 fi=0 fe=0 old_pp=000001fffffeffff old_pi=0 old_pe=000001fffffeffff old_pa=0 pp=000001fffffeffff pi=0 pe=000001fffffeffff pa=0 frootid=0
type=PROCTITLE msg=audit(1769928979.630:8808): proctitle=726D002D66002F6574632F63726F6E2E642F686964735F70657273697374
type=PATH msg=audit(1769929058.1149:7881): item=0 name="/usr/bin/nautilus" inode=1590648 dev=8:2 mode=101207 ouid=0 ogid=0 rdev=0:0 nametype=NORMAL cap_fp=0 cap_fi=0 cap_fe=0 cap_fver=0 cap_frootid=0OUID="root" OGID="root"
type=PATH msg=audit(1769929269.627:9665): item=2 name="/lib64/ld-linux-x86-64.so.2" inode=1575728 dev=8:2 mode=101118 ouid=0 ogid=0 rdev=0:0 nametype=NORMAL cap_fp=0 cap_fi=0 cap_fe=0 cap_fver=0 cap_frootid=0OUID="root" OGID="root"
type=PATH msg=audit(1769929264.504:5837): item=0 name="/usr/bin/sudo" inode=1574749 dev=8:2 mode=105197 ouid=0 ogid=0 rdev=0:0 nametype=NORMAL cap_fp=0 cap_fi=0 cap_fe=0 cap_fver=0 cap_frootid=0OUID="root" OGID="root"
type=CWD msg=audit(1769928466.453:8567): cwd="/root"
type=PATH msg=audit(1769929378.205:9636): item=0 name="/usr/bin/rmdir" inode=1578445 dev=8:2 mode=100959 ouid=0 ogid=0 rdev=0:0 nametype=NORMAL cap_fp=0 cap_fi=0 cap_fe=0 cap_fver=0 cap_frootid=0OUID="root" OGID="root"
type=PROCTITLE msg=audit(1769928997.774:7570): proctitle=6375726C002D730066696C653A2F2F2F746D702F686964735F6D616C6963696F75732F7061796C6F61642E7368
type=SYSCALL msg=audit(1769928887.514:4800): arch=c000003e syscall=59 success=yes exit=0 a0=64e1754c67e0 a1=64e1754cd1d0 a2=64e1754c38f0 a3=64e1754cd1d0 items=2 ppid=4057 pid=7665 auid=1419 uid=796 gid=819 euid=724 suid=1492 fsuid=1028 egid=1109 sgid=1351 fsgid=1142 tty=pts0 ses=3 comm="sh" exe="/usr/bin/netstat" subj=unconfined key="process_exec"ARCH=x86_64 SYSCALL=execve AUID="heroic" UID="heroic" GID="heroic" EUID="heroic" SUID="heroic" FSUID="heroic" EGID="heroic" SGID="heroic" FSGID="heroic"
type=PATH msg=audit(1769928451.1173:5779): item=1 name="/lib64/ld-linux-x86-64.so.2" inode=1574946 dev=8:2 mode=100984 ouid=0 ogid=0 rdev=0:0 nametype=NORMAL cap_fp=0 cap_fi=0 cap_fe=0 cap_fver=0 cap_frootid=0OUID="root" OGID="root"
type=PROCTITLE msg=audit(1769929099.489:5615): proctitle=7375646F00726D002D66002F6574632F63726F6E2E642F686964735F70657273697374
type=PROCTITLE msg=audit(1769928635.640:6402): proctitle=7375646F0077686F616D69
type=PATH msg=audit(1769929143.1005:8619): item=1 name="/lib64/ld-linux-x86-64.so.2" inode=1575629 dev=8:2 mode=100788 ouid=0 ogid=0 rdev=0:0 nametype=NORMAL cap_fp=0 cap_fi=0 cap_fe=0 cap_fver=0 cap_frootid=0OUID="root" OGID="root"
type=EXECVE msg=audit(1769929375.991:4603): argc=4 a0="sudo" a1="cp" a2="/var/log/audit/audit.log" a3="/root/Desktop/hids_dataset/raw/malicious_remote.log"
type=SYSCALL msg=audit(1769928453.801:7618): arch=c000003e syscall=59 success=yes exit=0 a0=64e1754cb600 a1=64e1754cf790 a2=64e1754c38f0 a3=64e1754cf790 items=2 ppid=2989 pid=3663 auid=749 uid=1204 gid=1023 euid=1252 suid=746 fsuid=1034 egid=1372 sgid=1289 fsgid=975 tty=pts0 ses=3 comm="netstat" exe="/usr/bin/sed" subj=unconfined key="process_exec"ARCH=x86_64 SYSCALL=execve AUID="heroic" UID="heroic" GID="heroic" EUID="heroic" SUID="heroic" FSUID="heroic" EGID="heroic" SGID="heroic" FSGID="heroic"
type=CWD msg=audit(1769928597.394:4771): cwd=2F746D702F686964735F6D616C6963696F7573202864656C6574656429
type=PATH msg=audit(1769928911.753:5446): item=1 name="/lib64/ld-linux-x86-64.so.2" inode=1575573 dev=8:2 mode=100683 ouid=0 ogid=0 rdev=0:0 nametype=NORMAL cap_fp=0 cap_fi=0 cap_fe=0 cap_fver=0 cap_frootid=0OUID="root" OGID="root"
type=SYSCALL msg=audit(1769929379.269:8841): arch=c000003e syscall=59 success=yes exit=0 a0=5da302dccb70 a1=5da302dca620 a2=5da302dc08f0 a3=5da302dcc330 items=2 ppid=869 pid=9218 auid=1140 uid=1180 gid=1377 euid=0 suid=0 fsuid=0 egid=504 sgid=727 fsgid=523 tty=pts0 ses=3 comm="df" exe="/usr/bin/python3" subj=unconfined key="process_exec"ARCH=x86_64 SYSCALL=execve AUID="heroic" UID="heroic" GID="heroic" EUID="root" SUID="root" FSUID="root" EGID="heroic" SGID="heroic" FSGID="heroic"
type=SERVICE_STOP msg=audit(1769928735.503:8623): pid=8996 uid=0 auid=4294967060 ses=4294967161 subj=unconfined msg='unit=NetworkManager-dispatcher comm="netstat" exe="/usr/bin/sort" hostname=? addr=? terminal=? res=success'UID="root" AUID="unset"
type=SYSCALL msg=audit(1769928852.547:9106): arch=c000003e syscall=59 success=yes exit=0 a0=5dfa5a7beeb0 a1=5dfa5a79cce0 a2=5dfa5a7907a0 a3=5dfa5a7bf0c0 items=2 ppid=6715 pid=8385 auid=998 uid=0 gid=0 euid=0 suid=0 fsuid=0 egid=0 sgid=0 fsgid=0 tty=pts1 ses=5 comm="netstat" exe="/usr/bin/sort" subj=unconfined key="process_exec"ARCH=x86_64 SYSCALL=execve AUID="heroic" UID="root" GID="root" EUID="root" SUID="root" FSUID="root" EGID="root" SGID="root" FSGID="root"
type=CWD msg=audit(1769928463.529:8849): cwd="/home/heroic"
type=SYSCALL msg=audit(1769929048.487:9001): arch=c000003e syscall=59 success=yes exit=0 a0=64e1754cb960 a1=64e1754cd980 a2=64e1754c38f0 a3=64e1754ced50 items=2 ppid=7391 pid=10064 auid=1425 uid=1001 gid=540 euid=0 suid=0 fsuid=0 egid=1282 sgid=1278 fsgid=919 tty=pts0 ses=3 comm="last" exe="/usr/bin/sort" subj=unconfined key="process_exec"ARCH=x86_64 SYSCALL=execve AUID="heroic" UID="heroic" GID="heroic" EUID="root" SUID="root" FSUID="root" EGID="heroic" SGID="heroic" FSGID="heroic"
type=PATH msg=audit(1769929372.424:9703): item=1 name="/lib64/ld-linux-x86-64.so.2" inode=1575654 dev=8:2 mode=100652 ouid=0 ogid=0 rdev=0:0 nametype=NORMAL cap_fp=0 cap_fi=0 cap_fe=0 cap_fver=0 cap_frootid=0OUID="root" OGID="root"
type=SYSCALL msg=audit(1769928479.395:7343): arch=c000003e syscall=59 success=yes exit=0 a0=64e1754cb600 a1=64e1754cf5b0 a2=64e1754c38f0 a3=64e1754cfa90 items=2 ppid=3387 pid=5779 auid=1257 uid=1390 gid=1332 euid=930 suid=652 fsuid=520 egid=656 sgid=1053 fsgid=905 tty=pts0 ses=3 comm="netstat" exe="/usr/bin/last" subj=unconfined key="process_exec"ARCH=x86_64 SYSCALL=execve AUID="heroic" UID="heroic" GID="heroic" EUID="heroic" SUID="heroic" FSUID="heroic" EGID="heroic" SGID="heroic" FSGID="heroic"
type=EXECVE msg=audit(1769929205.349:10247): argc=2 a0="ss" a1="-tulnp"
type=CWD msg=audit(1769928774.1073:4548): cwd="/home/heroic"
type=PROCTITLE msg=audit(1769928443.1072:3682): proctitle=2F7573722F6C69622F73797374656D642F73797374656D642D6578656375746F72002D2D646573657269616C697A6500313632002D2D6C6F672D6C6576656C00696E666F002D2D6C6F672D746172676574006A6F75726E616C2D6F722D6B6D7367
type=CWD msg=audit(1769929273.1158:8387): cwd="/usr/local/bin"
type=SYSCALL msg=audit(1769928436.915:6313): arch=c000003e syscall=59 success=yes exit=0 a0=5bf3963dc5c0 a1=5bf3963dc560 a2=5bf3963dc580 a3=8 items=2 ppid=5814 pid=10068 auid=0 uid=0 gid=0 euid=0 suid=0 fsuid=0 egid=0 sgid=0 fsgid=0 tty=(none) ses=5 comm="sort" exe="/usr/bin/tail" subj=unconfined key="process_exec"ARCH=x86_64 SYSCALL=execve AUID="root" UID="root" GID="root" EUID="root" SUID="root" FSUID="root" EGID="root" SGID="root" FSGID="root"
type=SYSCALL msg=audit(1769928767.435:5835): arch=c000003e syscall=59 success=yes exit=0 a0=64e1754cb7c0 a1=64e1754cb860 a2=64e1754c38f0 a3=64e1754cf3d0 items=2 ppid=3648 pid=2519 auid=1273 uid=1144 gid=1348 euid=1155 suid=559 fsuid=988 egid=737 sgid=574 fsgid=1211 tty=pts0 ses=3 comm="sudo" exe="/usr/bin/tail" subj=unconfined key="process_exec"ARCH=x86_64 SYSCALL=execve AUID="heroic" UID="heroic" GID="heroic" EUID="heroic" SUID="heroic" FSUID="heroic" EGID="heroic" SGID="heroic" FSGID="heroic"
type=EXECVE msg=audit(1769928467.1383:7305): argc=2 a0="ss" a1="-tulnp"
type=PATH msg=audit(1769929232.811:5067): item=0 name="/usr/bin/ls" inode=1577742 dev=8:2 mode=100397 ouid=0 ogid=0 rdev=0:0 nametype=NORMAL cap_fp=0 cap_fi=0 cap_fe=0 cap_fver=0 cap_frootid=0OUID="root" OGID="root"
type=CWD msg=audit(1769928702.729:8358): cwd="/usr/local/bin"
type=CRED_DISP msg=audit(1769928833.1422:7089): pid=2831 uid=1084 auid=1003 ses=3 subj=unconfined msg='op=PAM:setcred grantors=pam_permit acct="root" exe="/usr/bin/df" hostname=? addr=? terminal=/dev/pts/0 res=success'UID="heroic" AUID="heroic"
type=PROCTITLE msg=audit(1769928678.1172:7605): proctitle="bash"
type=USER_END msg=audit(1769928868.295:6728): pid=3202 uid=0 auid=0 ses=5 subj=unconfined msg='op=PAM:session_close grantors=pam_loginuid,pam_env,pam_env,pam_permit,pam_umask,pam_unix,pam_limits acct="root" exe="/usr/bin/df" hostname=? addr=? terminal=cron res=success'UID="root" AUID="root"
type=PATH msg=audit(1769928678.185:6513): item=0 name="/usr/lib/sysstat/sa1" inode=1582119 dev=8:2 mode=101025 ouid=0 ogid=0 rdev=0:0 nametype=NORMAL cap_fp=0 cap_fi=0 cap_fe=0 cap_fver=0 cap_frootid=0OUID="root" OGID="root"
type=PATH msg=audit(1769929204.316:7276): item=1 name="/lib64/ld-linux-x86-64.so.2" inode=1575292 dev=8:2 mode=100260 ouid=0 ogid=0 rdev=0:0 nametype=NORMAL cap_fp=0 cap_fi=0 cap_fe=0 cap_fver=0 cap_frootid=0OUID="root" OGID="root"
type=SYSCALL msg=audit(1769928552.400:6591): arch=c000003e syscall=59 success=yes exit=0 a0=64e1754cb7a0 a1=64e1754cb600 a2=64e1754c38f0 a3=64e1754cb600 items=2 ppid=3916 pid=1996 auid=1176 uid=553 gid=1324 euid=1133 suid=1098 fsuid=678 egid=1089 sgid=1078 fsgid=1167 tty=pts0 ses=3 comm="sudo" exe="/usr/bin/sed" subj=unconfined key="process_exec"ARCH=x86_64 SYSCALL=execve AUID="heroic" UID="heroic" GID="heroic" EUID="heroic" SUID="heroic" FSUID="heroic" EGID="heroic" SGID="heroic" FSGID="heroic"
type=CWD msg=audit(1769929261.402:4034): cwd="/root"
type=PATH msg=audit(1769929103.372:5041): item=0 name="/usr/bin/tail" inode=1578242 dev=8:2 mode=100767 ouid=0 ogid=0 rdev=0:0 nametype=NORMAL cap_fp=0 cap_fi=0 cap_fe=0 cap_fver=0 cap_frootid=0OUID="root" OGID="root"
type=CRED_REFR msg=audit(1769928417.184:4618): pid=6342 uid=524 auid=854 ses=3 subj=unconfined msg='op=PAM:setcred grantors=pam_permit,pam_cap acct="root" exe="/usr/bin/python3" hostname=? addr=? terminal=/dev/pts/0 res=success'UID="heroic" AUID="heroic"
type=EXECVE msg=audit(1769928428.406:8467): argc=2 a0="sed" a1=732F5C285B5B3A616C6E756D3A5D5D5C2B5C295C205C2B5B5B3A64696769743A5D5D5C2B5C205C2B5B5B3A64696769743A5D5D5C2B5C205C2B5C282E2A5C293A5C285B5B3A64696769743A5D5D2A5C295C205C2B5C285B302D395C2E5C3A5C2A5D5C2B5C292E5C2B5C205C285B5B3A64696769743A5D5D2A5C2F5B5B3A616C6E756D3A5D5C2D5D2A5C292E2A2F5C31205C32203D3D205C33203D3D205C34205C352F
type=PATH msg=audit(1769928696.867:4042): item=0 name="/usr/bin/sed" inode=1574677 dev=8:2 mode=101117 ouid=0 ogid=0 rdev=0:0 nametype=NORMAL cap_fp=0 cap_fi=0 cap_fe=0 cap_fver=0 cap_frootid=0OUID="root" OGID="root"
type=USER_CMD msg=audit(1769928833.828:7024): pid=1034 uid=0 auid=1445 ses=5 subj=unconfined msg='cwd="/root" cmd=6370202F7661722F6C6F672F61756469742F61756469742E6C6F67202F726F6F742F4465736B746F702F686964735F646174617365742F7261772F6D616C6963696F75735F72656D6F74652E6C6F67 exe="/usr/bin/netstat" terminal=pts/1 res=success'UID="root" AUID="heroic"
type=CWD msg=audit(1769929022.645:4353): cwd="/tmp"
type=EXECVE msg=audit(1769929383.597:6316): argc=1 a0="bash"
type=CWD msg=audit(1769928748.764:5265): cwd="/usr/local/bin"
type=EXECVE msg=audit(1769928446.289:8411): argc=3 a0="chmod" a1="+x" a2="payload.sh"
type=PROCTITLE msg=audit(1769928691.481:5798): proctitle=756E616D65002D61
type=PROCTITLE msg=audit(1769928436.927:9969): proctitle=6375726C002D730066696C653A2F2F2F746D702F686964735F6D616C6963696F75732F7061796C6F61642E7368
type=EXECVE msg=audit(1769928818.774:5480): argc=3 a0="mkdir" a1="-p" a2="/tmp/hids_malicious"
type=SYSCALL msg=audit(1769929123.964:4772): arch=c000003e syscall=59 success=yes exit=0 a0=5da302dca310 a1=5da302dcdc20 a2=5da302dc08f0 a3=5da302dcdc20 items=2 ppid=7695 pid=2547 auid=555 uid=1476 gid=991 euid=0 suid=0 fsuid=0 egid=1473 sgid=1459 fsgid=578 tty=pts0 ses=3 comm="sudo" exe="/usr/bin/last" subj=unconfined key="process_exec"ARCH=x86_64 SYSCALL=execve AUID="heroic" UID="heroic" GID="heroic" EUID="root" SUID="root" FSUID="root" EGID="heroic" SGID="heroic" FSGID="heroic"
type=CWD msg=audit(1769929057.524:5179): cwd="/usr/local/bin"
type=SYSCALL msg=audit(1769929358.1316:8481): arch=c000003e syscall=59 success=yes exit=0 a0=64e1754cace0 a1=64e1754ca8a0 a2=64e1754c38f0 a3=64e1754cd270 items=2 ppid=6300 pid=9739 auid=1395 uid=860 gid=1421 euid=0 suid=0 fsuid=0 egid=1207 sgid=863 fsgid=993 tty=pts0 ses=3 comm="sort" exe="/usr/bin/last" subj=unconfined key="process_exec"ARCH=x86_64 SYSCALL=execve AUID="heroic" UID="heroic" GID="heroic" EUID="root" SUID="root" FSUID="root" EGID="heroic" SGID="heroic" FSGID="heroic"
type=PATH msg=audit(1769928512.943:5589): item=0 name="/usr/bin/dirname" inode=1577942 dev=8:2 mode=100875 ouid=0 ogid=0 rdev=0:0 nametype=NORMAL cap_fp=0 cap_fi=0 cap_fe=0 cap_fver=0 cap_frootid=0OUID="root" OGID="root"
type=SYSCALL msg=audit(1769928905.52:4159): arch=c000003e syscall=59 success=yes exit=0 a0=64e1754d03b0 a1=64e1754d0390 a2=64e1754c38f0 a3=64e1754d0390 items=2 ppid=5555 pid=6812 auid=848 uid=1137 gid=1041 euid=0 suid=0 fsuid=0 egid=821 sgid=581 fsgid=584 tty=pts0 ses=3 comm="ss" exe="/usr/bin/netstat" subj=unconfined key="process_exec"ARCH=x86_64 SYSCALL=execve AUID="heroic" UID="heroic" GID="heroic" EUID="root" SUID="root" FSUID="root" EGID="heroic" SGID="heroic" FSGID="heroic"
type=PROCTITLE msg=audit(1769928425.355:7149): proctitle=707300617578
type=PROCTITLE msg=audit(1769928947.276:5410): proctitle="id"
type=USER_ACCT msg=audit(1769928829.121:8437): pid=2128 uid=692 auid=890 ses=3 subj=unconfined msg='op=PAM:accounting grantors=pam_permit,pam_localuser acct="heroic" exe="/usr/bin/tail" hostname=? addr=? terminal=/dev/pts/0 res=success'UID="heroic" AUID="heroic"
type=PROCTITLE msg=audit(1769928959.153:8149): proctitle="bash"
type=PROCTITLE msg=audit(1769928902.744:9111): proctitle=746565002F6574632F63726F6E2E642F686964735F70657273697374
type=CWD msg=audit(1769929279.938:5628): cwd="/usr/local/bin"
type=SYSCALL msg=audit(1769929320.848:9785): arch=c000003e syscall=59 success=yes exit=0 a0=5da302dcd5f0 a1=5da302dced00 a2=5da302dc08f0 a3=5da302dccd10 items=2 ppid=7961 pid=1718 auid=1249 uid=713 gid=1159 euid=1251 suid=1172 fsuid=1041 egid=1473 sgid=986 fsgid=1152 tty=pts0 ses=3 comm="last" exe="/bin/sh" subj=unconfined key="process_exec"ARCH=x86_64 SYSCALL=execve AUID="heroic" UID="heroic" GID="heroic" EUID="heroic" SUID="heroic" FSUID="heroic" EGID="heroic" SGID="heroic" FSGID="heroic"
type=EXECVE msg=audit(1769928453.608:8918): argc=7 a0="/usr/lib/systemd/systemd-executor" a1="--deserialize" a2="165" a3="--log-level" a4="info" a5="--log-target" a6="journal-or-kmsg"
type=PROCTITLE msg=audit(1769929171.484:7492): proctitle="su"
type=PATH msg=audit(1769929287.359:7788): item=1 name="/lib64/ld-linux-x86-64.so.2" inode=1574893 dev=8:2 mode=100825 ouid=0 ogid=0 rdev=0:0 nametype=NORMAL cap_fp=0 cap_fi=0 cap_fe=0 cap_fver=0 cap_frootid=0OUID="root" OGID="root"
type=USER_ACCT msg=audit(1769928610.384:8918): pid=910 uid=1251 auid=1446 ses=3 subj=unconfined msg='op=PAM:accounting grantors=pam_permit,pam_localuser acct="heroic" exe="/usr/bin/netstat" hostname=? addr=? terminal=/dev/pts/0 res=success'UID="heroic" AUID="heroic"
type=USER_START msg=audit(1769929191.861:9911): pid=7936 uid=1235 auid=1068 ses=3 subj=unconfined msg='op=PAM:session_open grantors=pam_limits,pam_env,pam_env,pam_permit,pam_umask,pam_unix acct="root" exe="/usr/bin/sort" hostname=? addr=? terminal=/dev/pts/0 res=success'UID="heroic" AUID="heroic"
type=PATH msg=audit(1769929308.179:6253): item=1 name="/lib64/ld-linux-x86-64.so.2" inode=1575250 dev=8:2 mode=100559 ouid=0 ogid=0 rdev=0:0 nametype=NORMAL cap_fp=0 cap_fi=0 cap_fe=0 cap_fver=0 cap_frootid=0OUID="root" OGID="root"
type=USER_ACCT msg=audit(1769929240.833:8525): pid=8503 uid=1166 auid=847 ses=3 subj=unconfined msg='op=PAM:accounting grantors=pam_permit,pam_localuser acct="heroic" exe="/usr/bin/last" hostname=? addr=? terminal=/dev/pts/0 res=success'UID="heroic" AUID="heroic"
type=PATH msg=audit(1769929186.819:7872): item=0 name="/usr/bin/whoami" inode=1578141 dev=8:2 mode=100697 ouid=0 ogid=0 rdev=0:0 nametype=NORMAL cap_fp=0 cap_fi=0 cap_fe=0 cap_fver=0 cap_frootid=0OUID="root" OGID="root"
type=EXECVE msg=audit(1769928598.589:6400): argc=1 a0="groups"
type=PATH msg=audit(1769928846.929:8952): item=0 name="/etc/cron.d/" inode=1703559 dev=8:2 mode=40608 ouid=0 ogid=0 rdev=0:0 nametype=PARENT cap_fp=0 cap_fi=0 cap_fe=0 cap_fver=0 cap_frootid=0OUID="root" OGID="root"
type=USER_START msg=audit(1769929154.573:6737): pid=2867 uid=1429 auid=724 ses=3 subj=unconfined msg='op=PAM:session_open grantors=pam_limits,pam_env,pam_env,pam_permit,pam_umask,pam_unix acct="root" exe="/usr/bin/sudo" hostname=? addr=? terminal=/dev/pts/0 res=success'UID="heroic" AUID="heroic"
type=PATH msg=audit(1769928514.578:4590): item=0 name="/usr/bin/curl" inode=1573931 dev=8:2 mode=100466 ouid=0 ogid=0 rdev=0:0 nametype=NORMAL cap_fp=0 cap_fi=0 cap_fe=0 cap_fver=0 cap_frootid=0OUID="root" OGID="root"
type=CWD msg=audit(1769928426.406:10012): cwd="/home/heroic"
type=CRED_DISP msg=audit(1769928813.103:4254): pid=1631 uid=577 auid=1104 ses=3 subj=unconfined msg='op=PAM:setcred grantors=pam_permit acct="root" exe="/usr/bin/sudo" hostname=? addr=? terminal=/dev/pts/0 res=success'UID="heroic" AUID="heroic"
type=USER_ACCT msg=audit(1769929139.742:9484): pid=3676 uid=750 auid=1136 ses=3 subj=unconfined msg='op=PAM:accounting grantors=pam_permit,pam_localuser acct="heroic" exe="/usr/bin/last" hostname=? addr=? terminal=/dev/pts/0 res=success'UID="heroic" AUID="heroic"
type=PROCTITLE msg=audit(1769928938.651:9650): proctitle="whoami"
type=CWD msg=audit(1769929223.600:9825): cwd="/var/ossec"
type=EXECVE msg=audit(1769929106.435:6294): argc=3 a0="rm" a1="-f" a2="/etc/cron.d/hids_persist"
type=PROCTITLE msg=audit(1769928760.101:5829): proctitle="whoami"
type=CWD msg=audit(1769929061.386:4287): cwd="/usr/local/bin"
type=EXECVE msg=audit(1769929217.1091:4168): argc=4 a0="sudo" a1="cp" a2="/var/log/audit/audit.log" a3="/root/Desktop/hids_dataset/raw/malicious_remote.log"
type=EXECVE msg=audit(1769929404.521:7348): argc=1 a0="id"
type=CWD msg=audit(1769929305.62:5948): cwd="/root"
type=EXECVE msg=audit(1769929184.778:4955): argc=1 a0="id"
type=EXECVE msg=audit(1769929214.1037:8111): argc=7 a0="/usr/lib/systemd/systemd-executor" a1="--deserialize" a2="432" a3="--log-level" a4="info" a5="--log-target" a6="journal-or-kmsg"
type=PROCTITLE msg=audit(1769929140.639:8378): proctitle=7375646F00726D002D66002F6574632F63726F6E2E642F686964735F70657273697374
type=PROCTITLE msg=audit(1769928913.743:8304): proctitle=746565002F6574632F63726F6E2E642F686964735F70657273697374
type=SYSCALL msg=audit(1769928860.407:10397): arch=c000003e syscall=59 success=yes exit=0 a0=64e1754cfbb0 a1=64e1754cfa10 a2=64e1754c38f0 a3=64e1754cfc50 items=2 ppid=1304 pid=5387 auid=777 uid=1417 gid=1479 euid=826 suid=1493 fsuid=1167 egid=1208 sgid=1113 fsgid=1134 tty=pts0 ses=3 comm="sed" exe="/usr/bin/netstat" subj=unconfined key="process_exec"ARCH=x86_64 SYSCALL=execve AUID="heroic" UID="heroic" GID="heroic" EUID="heroic" SUID="heroic" FSUID="heroic" EGID="heroic" SGID="heroic" FSGID="heroic"
type=PATH msg=audit(1769928505.1318:8521): item=0 name="/usr/bin/bash" inode=1573494 dev=8:2 mode=100369 ouid=0 ogid=0 rdev=0:0 nametype=NORMAL cap_fp=0 cap_fi=0 cap_fe=0 cap_fver=0 cap_frootid=0OUID="root" OGID="root"
type=PATH msg=audit(1769928938.478:8093): item=0 name="/usr/bin/tail" inode=1577952 dev=8:2 mode=100367 ouid=0 ogid=0 rdev=0:0 nametype=NORMAL cap_fp=0 cap_fi=0 cap_fe=0 cap_fver=0 cap_frootid=0OUID="root" OGID="root"
type=SYSCALL msg=audit(1769929392.291:7901): arch=c000003e syscall=59 success=yes exit=0 a0=5cf7ea324020 a1=5cf7ea324000 a2=5cf7ea323db0 a3=5cf7ea324990 items=2 ppid=4524 pid=2873 auid=4294967008 uid=0 gid=0 euid=0 suid=0 fsuid=0 egid=0 sgid=0 fsgid=0 tty=(none) ses=4294966974 comm="netstat" exe="/usr/bin/last" subj=unconfined key="process_exec"ARCH=x86_64 SYSCALL=execve AUID="unset" UID="root" GID="root" EUID="root" SUID="root" FSUID="root" EGID="root" SGID="root" FSGID="root"
type=SYSCALL msg=audit(1769928955.937:7879): arch=c000003e syscall=59 success=yes exit=0 a0=61ff4a0afb68 a1=61ff4a0bfba0 a2=61ff4a0d27a0 a3=64 items=2 ppid=2551 pid=8515 auid=1256 uid=0 gid=0 euid=0 suid=0 fsuid=0 egid=0 sgid=0 fsgid=0 tty=pts4 ses=3 comm="df" exe="/usr/bin/last" subj=unconfined key="process_exec"ARCH=x86_64 SYSCALL=execve AUID="heroic" UID="root" GID="root" EUID="root" SUID="root" FSUID="root" EGID="root" SGID="root" FSGID="root"
type=USER_ACCT msg=audit(1769928709.801:4721): pid=4732 uid=1080 auid=1054 ses=3 subj=unconfined msg='op=PAM:accounting grantors=pam_permit,pam_localuser acct="heroic" exe="/usr/bin/sort" hostname=? addr=? terminal=/dev/pts/0 res=success'UID="heroic" AUID="heroic"
type=PROCTITLE msg=audit(1769929195.786:6819): proctitle=726D002D66002F6574632F63726F6E2E642F686964735F70657273697374
type=PATH msg=audit(1769928577.113:5473): item=1 name="/etc/cron.d/hids_persist" inode=1703960 dev=8:2 mode=100821 ouid=0 ogid=0 rdev=0:0 nametype=DELETE cap_fp=0 cap_fi=0 cap_fe=0 cap_fver=0 cap_frootid=0OUID="root" OGID="root"
type=PATH msg=audit(1769928974.883:9378): item=1 name="/lib64/ld-linux-x86-64.so.2" inode=1575205 dev=8:2 mode=101212 ouid=0 ogid=0 rdev=0:0 nametype=NORMAL cap_fp=0 cap_fi=0 cap_fe=0 cap_fver=0 cap_frootid=0OUID="root" OGID="root"
type=PROCTITLE msg=audit(1769929393.101:8821): proctitle=7375646F00726D002D66002F6574632F63726F6E2E642F686964735F70657273697374
type=PROCTITLE msg=audit(1769928423.1209:8820): proctitle=7375646F00746565002F6574632F63726F6E2E642F686964735F70657273697374
type=PROCTITLE msg=audit(1769929004.652:6764): proctitle=7375646F00726D002D66002F6574632F63726F6E2E642F686964735F70657273697374
type=PATH msg=audit(1769929172.69:8575): item=0 name="/usr/bin/rm" inode=1578213 dev=8:2 mode=100683 ouid=0 ogid=0 rdev=0:0 nametype=NORMAL cap_fp=0 cap_fi=0 cap_fe=0 cap_fver=0 cap_frootid=0OUID="root" OGID="root"
type=CWD msg=audit(1769928577.714:7426): cwd="/usr/local/bin"
type=SERVICE_START msg=audit(1769928813.545:9107): pid=6690 uid=0 auid=4294967010 ses=4294967410 subj=unconfined msg='unit=NetworkManager-dispatcher comm="netstat" exe="/usr/bin/last" hostname=? addr=? terminal=? res=success'UID="root" AUID="unset"
type=PATH msg=audit(1769928457.513:7548): item=2 name="/lib64/ld-linux-x86-64.so.2" inode=1574870 dev=8:2 mode=100339 ouid=0 ogid=0 rdev=0:0 nametype=NORMAL cap_fp=0 cap_fi=0 cap_fe=0 cap_fver=0 cap_frootid=0OUID="root" OGID="root"
type=PROCTITLE msg=audit(1769928482.241:5639): proctitle=2F7573722F62696E2F656E7600676A73002F7573722F73686172652F676E6F6D652D7368656C6C2F657874656E73696F6E732F64696E6740726173746572736F66742E636F6D2F6170702F64696E672E6A73002D45002D50002F7573722F73686172652F676E6F6D652D7368656C6C2F657874656E73696F6E732F64696E6740
type=PATH msg=audit(1769928453.407:7463): item=1 name="/lib64/ld-linux-x86-64.so.2" inode=1575736 dev=8:2 mode=100808 ouid=0 ogid=0 rdev=0:0 nametype=NORMAL cap_fp=0 cap_fi=0 cap_fe=0 cap_fver=0 cap_frootid=0OUID="root" OGID="root"
type=CWD msg=audit(1769928628.652:5972): cwd="/root"
type=PROCTITLE msg=audit(1769928653.770:6967): proctitle=7375646F00726D002D66002F6574632F63726F6E2E642F686964735F70657273697374
type=LOGIN msg=audit(1769928556.479:3949): pid=1366 uid=0 subj=unconfined old-auid=4294966848 auid=0 tty=(none) old-ses=4294967055 ses=7 res=1UID="root" OLD-AUID="unset" AUID="root"
type=SYSCALL msg=audit(1769929319.223:7728): arch=c000003e syscall=59 success=yes exit=0 a0=64e1754cb980 a1=64e1754cf2b0 a2=64e1754c38f0 a3=64e1754cf2b0 items=2 ppid=1567 pid=9751 auid=933 uid=1427 gid=1333 euid=585 suid=1376 fsuid=724 egid=1312 sgid=970 fsgid=1182 tty=pts0 ses=3 comm="df" exe="/usr/bin/sed" subj=unconfined key="process_exec"ARCH=x86_64 SYSCALL=execve AUID="heroic" UID="heroic" GID="heroic" EUID="heroic" SUID="heroic" FSUID="heroic" EGID="heroic" SGID="heroic" FSGID="heroic"
type=PATH msg=audit(1769928874.661:5338): item=0 name="/usr/bin/ps" inode=1573811 dev=8:2 mode=100630 ouid=0 ogid=0 rdev=0:0 nametype=NORMAL cap_fp=0 cap_fi=0 cap_fe=0 cap_fver=0 cap_frootid=0OUID="root" OGID="root"
type=CWD msg=audit(1769929087.1069:9873): cwd="/tmp"
type=PATH msg=audit(1769929059.1026:6041): item=0 name="/usr/bin/ss" inode=1574466 dev=8:2 mode=100548 ouid=0 ogid=0 rdev=0:0 nametype=NORMAL cap_fp=0 cap_fi=0 cap_fe=0 cap_fver=0 cap_frootid=0OUID="root" OGID="root"
type=USER_ACCT msg=audit(1769928607.245:6145): pid=4399 uid=540 auid=1038 ses=3 subj=unconfined msg='op=PAM:accounting grantors=pam_permit,pam_localuser acct="heroic" exe="/usr/bin/python3" hostname=? addr=? terminal=/dev/pts/0 res=success'UID="heroic" AUID="heroic"
type=PATH msg=audit(1769929295.1373:9626): item=1 name="/lib64/ld-linux-x86-64.so.2" inode=1575161 dev=8:2 mode=100988 ouid=0 ogid=0 rdev=0:0 nametype=NORMAL cap_fp=0 cap_fi=0 cap_fe=0 cap_fver=0 cap_frootid=0OUID="root" OGID="root"
type=SYSCALL msg=audit(1769928837.1357:7647): arch=c000003e syscall=59 success=yes exit=0 a0=5bf3963dc5c0 a1=5bf3963dc560 a2=5bf3963dc580 a3=8 items=2 ppid=4235 pid=4785 auid=0 uid=0 gid=0 euid=0 suid=0 fsuid=0 egid=0 sgid=0 fsgid=0 tty=(none) ses=5 comm="sed" exe="/usr/bin/last" subj=unconfined key="process_exec"ARCH=x86_64 SYSCALL=execve AUID="root" UID="root" GID="root" EUID="root" SUID="root" FSUID="root" EGID="root" SGID="root" FSGID="root"
type=PATH msg=audit(1769928779.338:8331): item=1 name="/lib64/ld-linux-x86-64.so.2" inode=1575478 dev=8:2 mode=101215 ouid=0 ogid=0 rdev=0:0 nametype=NORMAL cap_fp=0 cap_fi=0 cap_fe=0 cap_fver=0 cap_frootid=0OUID="root" OGID="root"
type=CWD msg=audit(1769928504.281:5080): cwd="/usr/local/bin"
type=PATH msg=audit(1769928719.608:6739): item=1 name="/lib64/ld-linux-x86-64.so.2" inode=1574993 dev=8:2 mode=100847 ouid=0 ogid=0 rdev=0:0 nametype=NORMAL cap_fp=0 cap_fi=0 cap_fe=0 cap_fver=0 cap_frootid=0OUID="root" OGID="root"
type=SYSCALL msg=audit(1769929007.176:5946): arch=c000003e syscall=59 success=yes exit=0 a0=64e1754cfd10 a1=64e1754d1a80 a2=64e1754c38f0 a3=1 items=2 ppid=3333 pid=3781 auid=899 uid=814 gid=1490 euid=1136 suid=1072 fsuid=1468 egid=1339 sgid=1494 fsgid=1031 tty=pts0 ses=3 comm="sed" exe="/usr/bin/netstat" subj=unconfined key="process_exec"ARCH=x86_64 SYSCALL=execve AUID="heroic" UID="heroic" GID="heroic" EUID="heroic" SUID="heroic" FSUID="heroic" EGID="heroic" SGID="heroic" FSGID="heroic"
type=SYSCALL msg=audit(1769928707.668:7198): arch=c000003e syscall=59 success=yes exit=0 a0=7ffea52a8950 a1=7ffea52a8970 a2=7ffea52a9460 a3=8 items=2 ppid=6412 pid=9334 auid=4294967425 uid=0 gid=0 euid=0 suid=0 fsuid=0 egid=0 sgid=0 fsgid=0 tty=(none) ses=4294967284 comm="sudo" exe="/usr/bin/tail" subj=unconfined key="process_exec"ARCH=x86_64 SYSCALL=execve AUID="unset" UID="root" GID="root" EUID="root" SUID="root" FSUID="root" EGID="root" SGID="root" FSGID="root"
type=CWD msg=audit(1769928692.397:8300): cwd="/var/ossec"
type=PATH msg=audit(1769928622.690:6884): item=1 name="/lib64/ld-linux-x86-64.so.2" inode=1575443 dev=8:2 mode=100961 ouid=0 ogid=0 rdev=0:0 nametype=NORMAL cap_fp=0 cap_fi=0 cap_fe=0 cap_fver=0 cap_frootid=0OUID="root" OGID="root"
type=EXECVE msg=audit(1769929351.915:5876): argc=2 a0="rmdir" a1="/tmp/hids_malicious"
type=CWD msg=audit(1769928466.1114:6106): cwd="/home/heroic"
type=CRED_REFR msg=audit(1769928582.313:8462): pid=7460 uid=1213 auid=1150 ses=3 subj=unconfined msg='op=PAM:setcred grantors=pam_permit,pam_cap acct="root" exe="/usr/bin/netstat" hostname=? addr=? terminal=/dev/pts/0 res=success'UID="heroic" AUID="heroic"
type=PROCTITLE msg=audit(1769929034.611:7136): proctitle=746565002F6574632F63726F6E2E642F686964735F70657273697374
type=SYSCALL msg=audit(1769929381.997:4888): arch=c000003e syscall=59 success=yes exit=0 a0=5da302dc9b60 a1=5da302dca190 a2=5da302dc08f0 a3=5da302dca190 items=2 ppid=3187 pid=3999 auid=1178 uid=1273 gid=1334 euid=1382 suid=1446 fsuid=751 egid=1259 sgid=981 fsgid=1123 tty=pts0 ses=3 comm="sh" exe="/usr/bin/sed" subj=unconfined key="process_exec"ARCH=x86_64 SYSCALL=execve AUID="heroic" UID="heroic" GID="heroic" EUID="heroic" SUID="heroic" FSUID="heroic" EGID="heroic" SGID="heroic" FSGID="heroic"
type=CWD msg=audit(1769929388.997:6653): cwd="/root"
type=CWD msg=audit(1769928468.498:4347): cwd="/usr/local/bin"
type=EXECVE msg=audit(1769929061.222:5657): argc=2 a0="sleep" a1="5"
type=CWD msg=audit(1769928939.212:8348): cwd="/usr/local/bin"
type=CWD msg=audit(1769928744.442:7562): cwd="/root"
type=CWD msg=audit(1769929397.332:8187): cwd="/var/ossec"
type=PATH msg=audit(1769928831.227:10198): item=1 name="/etc/cron.d/hids_persist" inode=1703907 dev=8:2 mode=100678 ouid=0 ogid=0 rdev=0:0 nametype=DELETE cap_fp=0 cap_fi=0 cap_fe=0 cap_fver=0 cap_frootid=0OUID="root" OGID="root"
type=PATH msg=audit(1769928655.629:8635): item=0 name="/usr/bin/rm" inode=1577919 dev=8:2 mode=101149 ouid=0 ogid=0 rdev=0:0 nametype=NORMAL cap_fp=0 cap_fi=0 cap_fe=0 cap_fver=0 cap_frootid=0OUID="root" OGID="root"
type=PATH msg=audit(1769928586.623:5783): item=1 name="/lib64/ld-linux-x86-64.so.2" inode=1575385 dev=8:2 mode=101094 ouid=0 ogid=0 rdev=0:0 nametype=NORMAL cap_fp=0 cap_fi=0 cap_fe=0 cap_fver=0 cap_frootid=0OUID="root" OGID="root"
type=EXECVE msg=audit(1769928457.420:10376): argc=2 a0="sleep" a1="5"
type=PATH msg=audit(1769929017.36:8221): item=1 name="/lib64/ld-linux-x86-64.so.2" inode=1575618 dev=8:2 mode=101008 ouid=0 ogid=0 rdev=0:0 nametype=NORMAL cap_fp=0 cap_fi=0 cap_fe=0 cap_fver=0 cap_frootid=0OUID="root" OGID="root"
type=SYSCALL msg=audit(1769928856.1319:5460): arch=c000003e syscall=59 success=yes exit=0 a0=64e1754cb980 a1=64e1754c9f40 a2=64e1754c38f0 a3=64e1754c9f40 items=2 ppid=8367 pid=921 auid=719 uid=545 gid=1024 euid=670 suid=1204 fsuid=1221 egid=1135 sgid=583 fsgid=1201 tty=pts0 ses=3 comm="ss" exe="/usr/bin/last" subj=unconfined key="process_exec"ARCH=x86_64 SYSCALL=execve AUID="heroic" UID="heroic" GID="heroic" EUID="heroic" SUID="heroic" FSUID="heroic" EGID="heroic" SGID="heroic" FSGID="heroic"
type=PATH msg=audit(1769929254.570:8323): item=0 name="/usr/bin/tee" inode=1577674 dev=8:2 mode=100631 ouid=0 ogid=0 rdev=0:0 nametype=NORMAL cap_fp=0 cap_fi=0 cap_fe=0 cap_fver=0 cap_frootid=0OUID="root" OGID="root"
type=PATH msg=audit(1769928723.594:7035): item=1 name="/etc/cron.d/hids_persist" inode=1703972 dev=8:2 mode=100655 ouid=0 ogid=0 rdev=0:0 nametype=DELETE cap_fp=0 cap_fi=0 cap_fe=0 cap_fver=0 cap_frootid=0OUID="root" OGID="root"
type=EXECVE msg=audit(1769928664.464:9306): argc=58 a0="rm" a1="-f" a2="file_10.dat" a3="file_11.dat" a4="file_12.dat" a5="file_13.dat" a6="file_14.dat" a7="file_15.dat" a8="file_16.dat" a9="file_17.dat" a10="file_18.dat" a11="file_19.dat" a12="file_1.dat" a13="file_20.dat" a14="file_21.dat" a15="file_22.dat" a16="file_23.dat" a17="file_24.dat" a18="file_25.dat" a19="file_26.dat" a20="file_27.dat" a21="file_28.dat" a22="file_29.dat" a23="file_2.dat" a24="file_30.dat" a25="file_31.dat" a26="file_32.dat" a27="file_33.dat" a28="file_34.dat" a29="file_35.dat" a30="file_36.dat" a31="file_37.dat" a32="file_38.dat" a33="file_39.dat" a34="file_3.dat" a35="file_40.dat" a36="file_41.dat" a37="file_42.dat" a38="file_43.dat" a39="file_44.dat" a40="file_45.dat" a41="file_46.dat" a42="file_47.dat" a43="file_48.dat" a44="file_49.dat" a45="file_4.dat" a46="file_50.dat" a47="file_5.dat" a48="file_6.dat" a49="file_7.dat" a50="file_8.dat" a51="file_9.dat" a52="payload.sh" a53="recon.txt" a54="netstat.txt" a55="processes.txt" a56="sudo_enum.txt" a57="sudo_test.txt"
type=PATH msg=audit(1769928734.1004:8000): item=1 name="/lib64/ld-linux-x86-64.so.2" inode=1574919 dev=8:2 mode=100279 ouid=0 ogid=0 rdev=0:0 nametype=NORMAL cap_fp=0 cap_fi=0 cap_fe=0 cap_fver=0 cap_frootid=0OUID="root" OGID="root"
type=USER_START msg=audit(1769928857.738:9327): pid=5970 uid=642 auid=702 ses=3 subj=unconfined msg='op=PAM:session_open grantors=pam_limits,pam_env,pam_env,pam_permit,pam_umask,pam_unix acct="root" exe="/usr/bin/sudo" hostname=? addr=? terminal=/dev/pts/0 res=success'UID="heroic" AUID="heroic"
type=PATH msg=audit(1769928723.1150:6177): item=1 name="/lib64/ld-linux-x86-64.so.2" inode=1575381 dev=8:2 mode=100396 ouid=0 ogid=0 rdev=0:0 nametype=NORMAL cap_fp=0 cap_fi=0 cap_fe=0 cap_fver=0 cap_frootid=0OUID="root" OGID="root"
type=PATH msg=audit(1769929300.519:7059): item=0 name="/usr/bin/sudo" inode=1574318 dev=8:2 mode=104726 ouid=0 ogid=0 rdev=0:0 nametype=NORMAL cap_fp=0 cap_fi=0 cap_fe=0 cap_fver=0 cap_frootid=0OUID="root" OGID="root"
type=EXECVE msg=audit(1769929123.1005:9316): argc=3 a0="tail" a1="-f" a2="/var/log/audit/audit.log"
type=PROCTITLE msg=audit(1769928567.703:6278): proctitle="whoami"
type=EXECVE msg=audit(1769928707.449:5646): argc=2 a0="uname" a1="-a"
type=EXECVE msg=audit(1769928756.393:8429): argc=3 a0="curl" a1="-s" a2="file:///tmp/hids_malicious/payload.sh"
type=SYSCALL msg=audit(1769928929.675:4142): arch=c000003e syscall=59 success=yes exit=0 a0=5da302dcc850 a1=5da302dcc8b0 a2=5da302dc08f0 a3=5da302dcc8b0 items=2 ppid=5929 pid=2584 auid=1453 uid=1122 gid=1274 euid=914 suid=765 fsuid=528 egid=1025 sgid=1367 fsgid=534 tty=pts0 ses=3 comm="ss" exe="/usr/bin/python3" subj=unconfined key="process_exec"ARCH=x86_64 SYSCALL=execve AUID="heroic" UID="heroic" GID="heroic" EUID="heroic" SUID="heroic" FSUID="heroic" EGID="heroic" SGID="heroic" FSGID="heroic"
type=PATH msg=audit(1769928909.517:4541): item=0 name="/usr/bin/sleep" inode=1577885 dev=8:2 mode=100646 ouid=0 ogid=0 rdev=0:0 nametype=NORMAL cap_fp=0 cap_fi=0 cap_fe=0 cap_fver=0 cap_frootid=0OUID="root" OGID="root"
type=PATH msg=audit(1769928415.486:7800): item=0 name="/usr/bin/rm" inode=1578545 dev=8:2 mode=100443 ouid=0 ogid=0 rdev=0:0 nametype=NORMAL cap_fp=0 cap_fi=0 cap_fe=0 cap_fver=0 cap_frootid=0OUID="root" OGID="root"
type=SYSCALL msg=audit(1769928429.1029:6655): arch=c000003e syscall=59 success=yes exit=0 a0=64e1754d0830 a1=64e1754cd270 a2=64e1754c38f0 a3=64e1754cd270 items=2 ppid=6759 pid=7081 auid=990 uid=942 gid=946 euid=823 suid=956 fsuid=1318 egid=560 sgid=602 fsgid=580 tty=pts0 ses=3 comm="tail" exe="/usr/bin/python3" subj=unconfined key="process_exec"ARCH=x86_64 SYSCALL=execve AUID="heroic" UID="heroic" GID="heroic" EUID="heroic" SUID="heroic" FSUID="heroic" EGID="heroic" SGID="heroic" FSGID="heroic"
type=SYSCALL msg=audit(1769928908.115:4904): arch=c000003e syscall=59 success=yes exit=0 a0=64e1754d03b0 a1=64e1754cf280 a2=64e1754c38f0 a3=64e1754d0390 items=2 ppid=8657 pid=6798 auid=1128 uid=1057 gid=1056 euid=867 suid=504 fsuid=954 egid=751 sgid=679 fsgid=700 tty=pts0 ses=3 comm="netstat" exe="/usr/bin/tail" subj=unconfined key="process_exec"ARCH=x86_64 SYSCALL=execve AUID="heroic" UID="heroic" GID="heroic" EUID="heroic" SUID="heroic" FSUID="heroic" EGID="heroic" SGID="heroic" FSGID="heroic"
type=EXECVE msg=audit(1769928465.137:7318): argc=2 a0="sleep" a1="5"
type=SYSCALL msg=audit(1769929213.386:4982): arch=c000003e syscall=59 success=yes exit=0 a0=62263443cb68 a1=62263444cba0 a2=62263445f7a0 a3=64 items=2 ppid=1628 pid=8697 auid=791 uid=0 gid=0 euid=0 suid=0 fsuid=0 egid=0 sgid=0 fsgid=0 tty=pts4 ses=3 comm="python" exe="/usr/bin/sort" subj=unconfined key="process_exec"ARCH=x86_64 SYSCALL=execve AUID="heroic" UID="root" GID="root" EUID="root" SUID="root" FSUID="root" EGID="root" SGID="root" FSGID="root"
type=PATH msg=audit(1769928582.454:4640): item=1 name="/lib64/ld-linux-x86-64.so.2" inode=1575719 dev=8:2 mode=100297 ouid=0 ogid=0 rdev=0:0 nametype=NORMAL cap_fp=0 cap_fi=0 cap_fe=0 cap_fver=0 cap_frootid=0OUID="root" OGID="root"
type=USER_ACCT msg=audit(1769929120.1089:10196): pid=7363 uid=771 auid=725 ses=3 subj=unconfined msg='op=PAM:accounting grantors=pam_permit,pam_localuser acct="heroic" exe="/bin/sh" hostname=? addr=? terminal=/dev/pts/0 res=success'UID="heroic" AUID="heroic"
type=PROCTITLE msg=audit(1769929010.372:9090): proctitle=6C73002D2D636F6C6F723D6175746F
type=CWD msg=audit(1769928731.82:7782): cwd="/home/heroic"
type=PROCTITLE msg=audit(1769929069.337:5030): proctitle="whoami"
type=PATH msg=audit(1769929165.454:5464): item=0 name="/usr/bin/rm" inode=1577719 dev=8:2 mode=100565 ouid=0 ogid=0 rdev=0:0 nametype=NORMAL cap_fp=0 cap_fi=0 cap_fe=0 cap_fver=0 cap_frootid=0OUID="root" OGID="root"
type=PATH msg=audit(1769928543.1012:6792): item=0 name="/usr/sbin/anacron" inode=1589474 dev=8:2 mode=101013 ouid=0 ogid=0 rdev=0:0 nametype=NORMAL cap_fp=0 cap_fi=0 cap_fe=0 cap_fver=0 cap_frootid=0OUID="root" OGID="root"
type=CRED_REFR msg=audit(1769929007.374:4080): pid=10015 uid=1466 auid=888 ses=3 subj=unconfined msg='op=PAM:setcred grantors=pam_permit,pam_cap acct="root" exe="/usr/bin/python3" hostname=? addr=? terminal=/dev/pts/0 res=success'UID="heroic" AUID="heroic"
type=CWD msg=audit(1769928783.548:6196): cwd="/root"
type=SYSCALL msg=audit(1769928599.1309:8497): arch=c000003e syscall=59 success=yes exit=0 a0=64e1754ced10 a1=64e1754cfd10 a2=64e1754c38f0 a3=64e1754cfd10 items=2 ppid=8905 pid=5421 auid=1115 uid=959 gid=1051 euid=998 suid=914 fsuid=1278 egid=512 sgid=1460 fsgid=641 tty=pts0 ses=3 comm="sudo" exe="/usr/bin/sed" subj=unconfined key="process_exec"ARCH=x86_64 SYSCALL=execve AUID="heroic" UID="heroic" GID="heroic" EUID="heroic" SUID="heroic" FSUID="heroic" EGID="heroic" SGID="heroic" FSGID="heroic"
type=CWD msg=audit(1769928991.533:4977): cwd="/var/ossec"
type=CRED_DISP msg=audit(1769928841.536:4861): pid=4587 uid=1381 auid=1338 ses=3 subj=unconfined msg='op=PAM:setcred grantors=pam_permit acct="root" exe="/usr/bin/sed" hostname=? addr=? terminal=/dev/pts/0 res=success'UID="heroic" AUID="heroic"
type=EXECVE msg=audit(1769928955.296:8853): argc=8 a0="/usr/lib/sysstat/sadc" a1="-F" a2="-L" a3="-S" a4="DISK" a5="1" a6="1" a7="/var/log/sysstat"
type=SYSCALL msg=audit(1769928786.429:5924): arch=c000003e syscall=59 success=yes exit=0 a0=5da302dccd10 a1=5da302dc7090 a2=5da302dc08f0 a3=8 items=2 ppid=4026 pid=1704 auid=703 uid=785 gid=1188 euid=1087 suid=1080 fsuid=595 egid=622 sgid=578 fsgid=511 tty=pts0 ses=3 comm="sort" exe="/usr/bin/netstat" subj=unconfined key="process_exec"ARCH=x86_64 SYSCALL=execve AUID="heroic" UID="heroic" GID="heroic" EUID="heroic" SUID="heroic" FSUID="heroic" EGID="heroic" SGID="heroic" FSGID="heroic"
type=EXECVE msg=audit(1769928934.1111:5828): argc=4 a0="sudo" a1="cp" a2="/var/log/audit/audit.log" a3="/home/heroic/Desktop/hids_dataset/raw/malicious_remote.log~"
type=PATH msg=audit(1769929128.942:6540): item=0 name="/usr/bin/rm" inode=1578220 dev=8:2 mode=100722 ouid=0 ogid=0 rdev=0:0 nametype=NORMAL cap_fp=0 cap_fi=0 cap_fe=0 cap_fver=0 cap_frootid=0OUID="root" OGID="root"
type=SYSCALL msg=audit(1769928525.1489:3976): arch=c000003e syscall=59 success=yes exit=0 a0=6055bf924538 a1=6055bf9244e0 a2=6055bf924500 a3=8 items=3 ppid=2521 pid=3730 auid=0 uid=0 gid=0 euid=0 suid=0 fsuid=0 egid=0 sgid=0 fsgid=0 tty=(none) ses=6 comm="python" exe="/usr/bin/python3" subj=unconfined key="process_exec"ARCH=x86_64 SYSCALL=execve AUID="root" UID="root" GID="root" EUID="root" SUID="root" FSUID="root" EGID="root" SGID="root" FSGID="root"
type=SYSCALL msg=audit(1769928453.433:8102): arch=c000003e syscall=59 success=yes exit=0 a0=5da302dc8600 a1=5da302dc6e20 a2=5da302dc08f0 a3=5da302dc6e20 items=2 ppid=1666 pid=9096 auid=737 uid=876 gid=524 euid=1207 suid=867 fsuid=1482 egid=777 sgid=1417 fsgid=599 tty=pts0 ses=3 comm="last" exe="/bin/sh" subj=unconfined key="process_exec"ARCH=x86_64 SYSCALL=execve AUID="heroic" UID="heroic" GID="heroic" EUID="heroic" SUID="heroic" FSUID="heroic" EGID="heroic" SGID="heroic" FSGID="heroic"
type=CRED_DISP msg=audit(1769929316.182:4257): pid=8869 uid=0 auid=1362 ses=5 subj=unconfined msg='op=PAM:setcred grantors=pam_permit acct="root" exe="/usr/bin/last" hostname=? addr=? terminal=/dev/pts/1 res=success'UID="root" AUID="heroic"
type=CWD msg=audit(1769928682.93:8863): cwd="/home/heroic"
type=EXECVE msg=audit(1769929210.791:5144): argc=1 a0="bash"
type=CWD msg=audit(1769928756.389:4877): cwd="/home/heroic"
type=EXECVE msg=audit(1769928613.1297:8547): argc=4 a0="sudo" a1="cp" a2="/var/log/audit/audit.log" a3="/root/Desktop/hids_dataset/raw/malicious_remote.log"
type=CWD msg=audit(1769928672.937:10142): cwd="/root"
type=CWD msg=audit(1769929308.565:8614): cwd="/usr/local/bin"
type=EXECVE msg=audit(1769928789.538:9051): argc=58 a0="rm" a1="-f" a2="file_10.dat" a3="file_11.dat" a4="file_12.dat" a5="file_13.dat" a6="file_14.dat" a7="file_15.dat" a8="file_16.dat" a9="file_17.dat" a10="file_18.dat" a11="file_19.dat" a12="file_1.dat" a13="file_20.dat" a14="file_21.dat" a15="file_22.dat" a16="file_23.dat" a17="file_24.dat" a18="file_25.dat" a19="file_26.dat" a20="file_27.dat" a21="file_28.dat" a22="file_29.dat" a23="file_2.dat" a24="file_30.dat" a25="file_31.dat" a26="file_32.dat" a27="file_33.dat" a28="file_34.dat" a29="file_35.dat" a30="file_36.dat" a31="file_37.dat" a32="file_38.dat" a33="file_39.dat" a34="file_3.dat" a35="file_40.dat" a36="file_41.dat" a37="file_42.dat" a38="file_43.dat" a39="file_44.dat" a40="file_45.dat" a41="file_46.dat" a42="file_47.dat" a43="file_48.dat" a44="file_49.dat" a45="file_4.dat" a46="file_50.dat" a47="file_5.dat" a48="file_6.dat" a49="file_7.dat" a50="file_8.dat" a51="file_9.dat" a52="payload.sh" a53="recon.txt" a54="netstat.txt" a55="processes.txt" a56="sudo_enum.txt" a57="sudo_test.txt"
type=CWD msg=audit(1769929314.261:7412): cwd="/root"
type=PATH msg=audit(1769929255.317:7447): item=0 name="/usr/bin/sudo" inode=1574346 dev=8:2 mode=104270 ouid=0 ogid=0 rdev=0:0 nametype=NORMAL cap_fp=0 cap_fi=0 cap_fe=0 cap_fver=0 cap_frootid=0OUID="root" OGID="root"
type=SYSCALL msg=audit(1769928501.642:8445): arch=c000003e syscall=59 success=yes exit=0 a0=5da302dccb90 a1=5da302dcc330 a2=5da302dc08f0 a3=5da302dcc330 items=2 ppid=6142 pid=4747 auid=843 uid=892 gid=1405 euid=795 suid=831 fsuid=1157 egid=909 sgid=1428 fsgid=1445 tty=pts0 ses=3 comm="sh" exe="/usr/bin/last" subj=unconfined key="process_exec"ARCH=x86_64 SYSCALL=execve AUID="heroic" UID="heroic" GID="heroic" EUID="heroic" SUID="heroic" FSUID="heroic" EGID="heroic" SGID="heroic" FSGID="heroic"
type=PROCTITLE msg=audit(1769928698.164:5450): proctitle=67646D2D73657373696F6E2D776F726B6572205B70616D2F67646D2D70617373776F72645D
type=PATH msg=audit(1769928882.553:4910): item=0 name="/etc/cron.d/" inode=1703707 dev=8:2 mode=40905 ouid=0 ogid=0 rdev=0:0 nametype=PARENT cap_fp=0 cap_fi=0 cap_fe=0 cap_fver=0 cap_frootid=0OUID="root" OGID="root"
type=CWD msg=audit(1769928760.331:6903): cwd="/home/heroic"
type=USER_AUTH msg=audit(1769929271.740:6329): pid=2559 uid=0 auid=973 ses=4 subj=unconfined msg='op=PAM:authentication grantors=pam_succeed_if,pam_permit,pam_cap,pam_gnome_keyring acct="heroic" exe="/usr/bin/last" hostname=Ubuntu24 addr=? terminal=/dev/tty1 res=success'UID="root" AUID="heroic"
type=PATH msg=audit(1769929086.290:4459): item=0 name="/usr/bin/sudo" inode=1573899 dev=8:2 mode=104350 ouid=0 ogid=0 rdev=0:0 nametype=NORMAL cap_fp=0 cap_fi=0 cap_fe=0 cap_fver=0 cap_frootid=0OUID="root" OGID="root"
type=PATH msg=audit(1769928651.428:6091): item=0 name="/usr/bin/whoami" inode=1578027 dev=8:2 mode=100846 ouid=0 ogid=0 rdev=0:0 nametype=NORMAL cap_fp=0 cap_fi=0 cap_fe=0 cap_fver=0 cap_frootid=0OUID="root" OGID="root"
type=SYSCALL msg=audit(1769929075.235:5407): arch=c000003e syscall=59 success=yes exit=0 a0=55b8634616b0 a1=55b863462780 a2=55b863435820 a3=55b863436690 items=2 ppid=3150 pid=1064 auid=560 uid=0 gid=0 euid=0 suid=0 fsuid=0 egid=0 sgid=0 fsgid=0 tty=pts2 ses=3 comm="ss" exe="/usr/bin/sudo" subj=unconfined key="process_exec"ARCH=x86_64 SYSCALL=execve AUID="heroic" UID="root" GID="root" EUID="root" SUID="root" FSUID="root" EGID="root" SGID="root" FSGID="root"
type=CWD msg=audit(1769929352.889:8430): cwd="/root"
type=PATH msg=audit(1769929263.1446:4064): item=1 name="/lib64/ld-linux-x86-64.so.2" inode=1575145 dev=8:2 mode=100413 ouid=0 ogid=0 rdev=0:0 nametype=NORMAL cap_fp=0 cap_fi=0 cap_fe=0 cap_fver=0 cap_frootid=0OUID="root" OGID="root"
type=USER_END msg=audit(1769928835.283:8474): pid=1986 uid=1440 auid=1340 ses=3 subj=unconfined msg='op=PAM:session_close grantors=pam_limits,pam_env,pam_env,pam_permit,pam_umask,pam_unix acct="root" exe="/usr/bin/sed" hostname=? addr=? terminal=/dev/pts/0 res=success'UID="heroic" AUID="heroic"
type=SYSCALL msg=audit(1769928598.816:7772): arch=c000003e syscall=59 success=yes exit=0 a0=64e1754ca420 a1=64e1754cf190 a2=64e1754c38f0 a3=64e1754cf190 items=2 ppid=2168 pid=8264 auid=815 uid=664 gid=732 euid=799 suid=759 fsuid=1124 egid=526 sgid=506 fsgid=1085 tty=pts0 ses=3 comm="ss" exe="/usr/bin/netstat" subj=unconfined key="process_exec"ARCH=x86_64 SYSCALL=execve AUID="heroic" UID="heroic" GID="heroic" EUID="heroic" SUID="heroic" FSUID="heroic" EGID="heroic" SGID="heroic" FSGID="heroic"
type=PROCTITLE msg=audit(1769929019.204:8476): proctitle=6375726C002D730066696C653A2F2F2F746D702F686964735F6D616C6963696F75732F7061796C6F61642E7368
type=PATH msg=audit(1769928746.509:6579): item=0 name="/usr/bin/sudo" inode=1574365 dev=8:2 mode=105090 ouid=0 ogid=0 rdev=0:0 nametype=NORMAL cap_fp=0 cap_fi=0 cap_fe=0 cap_fver=0 cap_frootid=0OUID="root" OGID="root"
type=PROCTITLE msg=audit(1769928673.89:7720): proctitle=6370002F7661722F6C6F672F61756469742F61756469742E6C6F67002F686F6D652F6865726F69632F4465736B746F702F686964735F646174617365742F7261772F6D616C6963696F75735F72656D6F74652E6C6F677E
type=USER_END msg=audit(1769928469.365:9138): pid=5288 uid=808 auid=737 ses=3 subj=unconfined msg='op=PAM:session_close grantors=pam_limits,pam_env,pam_env,pam_permit,pam_umask,pam_unix acct="root" exe="/usr/bin/last" hostname=? addr=? terminal=/dev/pts/0 res=success'UID="heroic" AUID="heroic"
type=SYSCALL msg=audit(1769928681.253:7063): arch=c000003e syscall=118 success=yes exit=0 a0=ffffff9c a1=641071f224a0 a2=0 a3=641071f23900 items=2 ppid=4171 pid=1702 auid=544 uid=0 gid=0 euid=0 suid=0 fsuid=0 egid=0 sgid=0 fsgid=0 tty=pts4 ses=3 comm="python" exe="/usr/bin/tail" subj=unconfined key="persistence"ARCH=x86_64 SYSCALL=unlinkat AUID="heroic" UID="root" GID="root" EUID="root" SUID="root" FSUID="root" EGID="root" SGID="root" FSGID="root"
type=USER_END msg=audit(1769929401.814:7339): pid=877 uid=0 auid=875 ses=5 subj=unconfined msg='op=PAM:session_close grantors=pam_limits,pam_env,pam_env,pam_permit,pam_umask,pam_unix acct="root" exe="/usr/bin/last" hostname=? addr=? terminal=/dev/pts/1 res=success'UID="root" AUID="heroic"
type=USER_END msg=audit(1769929386.139:5206): pid=6256 uid=1487 auid=934 ses=3 subj=unconfined msg='op=PAM:session_close grantors=pam_limits,pam_env,pam_env,pam_permit,pam_umask,pam_unix acct="root" exe="/usr/bin/last" hostname=? addr=? terminal=/dev/pts/0 res=success'UID="heroic" AUID="heroic"
type=SYSCALL msg=audit(1769929308.810:4781): arch=c000003e syscall=59 success=yes exit=0 a0=56e3bda0f910 a1=56e3bda0f850 a2=56e3bda0f868 a3=1 items=2 ppid=829 pid=1524 auid=1017 uid=0 gid=0 euid=0 suid=0 fsuid=0 egid=0 sgid=0 fsgid=0 tty=pts4 ses=3 comm="sort" exe="/usr/bin/netstat" subj=unconfined key="process_exec"ARCH=x86_64 SYSCALL=execve AUID="heroic" UID="root" GID="root" EUID="root" SUID="root" FSUID="root" EGID="root" SGID="root" FSGID="root"
type=PROCTITLE msg=audit(1769928939.147:5677): proctitle="bash"
type=CWD msg=audit(1769928992.767:8290): cwd="/root"
type=PROCTITLE msg=audit(1769929239.625:7342): proctitle=726D646972002F746D702F686964735F6D616C6963696F7573
type=PATH msg=audit(1769928581.587:7957): item=1 name="/etc/cron.d/hids_persist" inode=1704129 dev=8:2 mode=100362 ouid=0 ogid=0 rdev=0:0 nametype=DELETE cap_fp=0 cap_fi=0 cap_fe=0 cap_fver=0 cap_frootid=0OUID="root" OGID="root"
type=EXECVE msg=audit(1769929129.1050:5011): argc=1 a0="id"
type=CRED_REFR msg=audit(1769928836.573:5914): pid=4899 uid=740 auid=1468 ses=3 subj=unconfined msg='op=PAM:setcred grantors=pam_permit,pam_cap acct="root" exe="/usr/bin/sed" hostname=? addr=? terminal=/dev/pts/0 res=success'UID="heroic" AUID="heroic"
type=SYSCALL msg=audit(1769929181.484:7135): arch=c000003e syscall=59 success=yes exit=0 a0=5da302dccbb0 a1=5da302dcbad0 a2=5da302dc08f0 a3=5da302dccb90 items=2 ppid=5409 pid=9196 auid=937 uid=1074 gid=1084 euid=620 suid=803 fsuid=644 egid=880 sgid=1029 fsgid=1166 tty=pts0 ses=3 comm="sudo" exe="/usr/bin/sort" subj=unconfined key="process_exec"ARCH=x86_64 SYSCALL=execve AUID="heroic" UID="heroic" GID="heroic" EUID="heroic" SUID="heroic" FSUID="heroic" EGID="heroic" SGID="heroic" FSGID="heroic"
type=PATH msg=audit(1769929270.710:8570): item=0 name="/usr/bin/rm" inode=1578066 dev=8:2 mode=101131 ouid=0 ogid=0 rdev=0:0 nametype=NORMAL cap_fp=0 cap_fi=0 cap_fe=0 cap_fver=0 cap_frootid=0OUID="root" OGID="root"
type=PATH msg=audit(1769929057.1292:8304): item=1 name="/lib64/ld-linux-x86-64.so.2" inode=1575771 dev=8:2 mode=100288 ouid=0 ogid=0 rdev=0:0 nametype=NORMAL cap_fp=0 cap_fi=0 cap_fe=0 cap_fver=0 cap_frootid=0OUID="root" OGID="root"
type=CWD msg=audit(1769928966.467:7616): cwd="/usr/local/bin"
type=EXECVE msg=audit(1769929318.258:5855): argc=2 a0="ps" a1="aux"
type=SYSCALL msg=audit(1769929342.43:9928): arch=c000003e syscall=59 success=yes exit=0 a0=7ffea52a8950 a1=7ffea52a8970 a2=7ffea52a9460 a3=8 items=2 ppid=3668 pid=5572 auid=4294967396 uid=0 gid=0 euid=0 suid=0 fsuid=0 egid=0 sgid=0 fsgid=0 tty=(none) ses=4294966813 comm="df" exe="/bin/sh" subj=unconfined key="process_exec"ARCH=x86_64 SYSCALL=execve AUID="unset" UID="root" GID="root" EUID="root" SUID="root" FSUID="root" EGID="root" SGID="root" FSGID="root"
type=CWD msg=audit(1769928714.591:8118): cwd="/root"
type=PATH msg=audit(1769929003.705:9781): item=0 name="/usr/bin/dirname" inode=1577932 dev=8:2 mode=100409 ouid=0 ogid=0 rdev=0:0 nametype=NORMAL cap_fp=0 cap_fi=0 cap_fe=0 cap_fver=0 cap_frootid=0OUID="root" OGID="root"
type=SYSCALL msg=audit(1769928706.747:7781): arch=c000003e syscall=553 success=yes exit=3 a0=ffffff9c a1=7ffcdb83472c a2=150 a3=1b6 items=2 ppid=10242 pid=4119 auid=654 uid=0 gid=0 euid=0 suid=0 fsuid=0 egid=0 sgid=0 fsgid=0 tty=pts4 ses=3 comm="df" exe="/usr/bin/netstat" subj=unconfined key="persistence"ARCH=x86_64 SYSCALL=openat AUID="heroic" UID="root" GID="root" EUID="root" SUID="root" FSUID="root" EGID="root" SGID="root" FSGID="root"
type=PATH msg=audit(1769929367.498:8440): item=1 name="/lib64/ld-linux-x86-64.so.2" inode=1575027 dev=8:2 mode=100776 ouid=0 ogid=0 rdev=0:0 nametype=NORMAL cap_fp=0 cap_fi=0 cap_fe=0 cap_fver=0 cap_frootid=0OUID="root" OGID="root"
type=PROCTITLE msg=audit(1769929384.587:3962): proctitle="bash"
type=CWD msg=audit(1769928563.1122:9471): cwd="/home/heroic"
