type=PATH msg=audit(1769929192.244:5061): item=1 name="/lib64/ld-linux-x86-64.so.2" inode=1575092 dev=8:2 mode=100760 ouid=0 ogid=0 rdev=0:0 nametype=NORMAL cap_fp=0 cap_fi=0 cap_fe=0 cap_fver=0 cap_frootid=0OUID="root" OGID="root"
type=PATH msg=audit(1769928437.1388:8036): item=0 name="/usr/bin/id" inode=1577996 dev=8:2 mode=100438 ouid=0 ogid=0 rdev=0:0 nametype=NORMAL cap_fp=0 cap_fi=0 cap_fe=0 cap_fver=0 cap_frootid=0OUID="root" OGID="root"
type=USER_CMD msg=audit(1769929206.39:7916): pid=7362 uid=692 auid=822 ses=5 subj=unconfined msg='cwd="/tmp" cmd=6370202F7661722F6C6F672F61756469742F61756469742E6C6F67202F686F6D652F6865726F69632F4465736B746F702F686964735F646174617365742F7261772F6D616C6963696F75735F72656D6F74652E6C6F677E exe="/usr/bin/last" terminal=pts/0 res=success'UID="heroic" AUID="heroic"
type=SYSCALL msg=audit(1769929187.43:6969): arch=c000003e syscall=59 success=yes exit=0 a0=64e1754ccbc0 a1=64e1754c38a0 a2=64e1754c38f0 a3=64e1754c38a0 items=2 ppid=6802 pid=7366 auid=647 uid=623 gid=989 euid=1022 suid=1261 fsuid=556 egid=779 sgid=750 fsgid=955 tty=pts0 ses=3 comm="ss" exe="/usr/bin/netstat" subj=unconfined key="process_exec"ARCH=x86_64 SYSCALL=execve AUID="heroic" UID="heroic" GID="heroic" EUID="heroic" SUID="heroic" FSUID="heroic" EGID="heroic" SGID="heroic" FSGID="heroic"
type=SYSCALL msg=audit(1769928912.528:9850): arch=c000003e syscall=59 success=yes exit=0 a0=64e1754cb7c0 a1=64e1754cf410 a2=64e1754c38f0 a3=64e1754cf410 items=2 ppid=4545 pid=6875 auid=797 uid=543 gid=1477 euid=1328 suid=1202 fsuid=719 egid=830 sgid=978 fsgid=1075 tty=pts0 ses=3 comm="sed" exe="/usr/bin/sort" subj=unconfined key="process_exec"ARCH=x86_64 SYSCALL=execve AUID="heroic" UID="heroic" GID="heroic" EUID="heroic" SUID="heroic" FSUID="heroic" EGID="heroic" SGID="heroic" FSGID="heroic"
type=BPRM_FCAPS msg=audit(1769929267.1108:8236): fver=0 fp=0 fi=0 fe=0 old_pp=000001fffffeffff old_pi=0 old_pe=000001fffffeffff old_pa=0 pp=000001fffffeffff pi=0 pe=000001fffffeffff pa=0 frootid=0
type=SYSCALL msg=audit(1769928626.591:6885): arch=c000003e syscall=59 success=yes exit=0 a0=64e1754cf8b0 a1=64e1754d1a20 a2=64e1754c38f0 a3=8 items=2 ppid=5277 pid=3536 auid=1492 uid=611 gid=1121 euid=510 suid=759 fsuid=1152 egid=1345 sgid=1419 fsgid=946 tty=pts0 ses=3 comm="tail" exe="/usr/bin/sed" subj=unconfined key="process_exec"ARCH=x86_64 SYSCALL=execve AUID="heroic" UID="heroic" GID="heroic" EUID="heroic" SUID="heroic" FSUID="heroic" EGID="heroic" SGID="heroic" FSGID="heroic"
type=PROCTITLE msg=audit(1769928566.302:4329): proctitle=6D6B646972002D70002F746D702F686964735F6D616C6963696F7573
type=SYSCALL msg=audit(1769928727.801:6910): arch=c000003e syscall=59 success=yes exit=0 a0=5da302dcc3d0 a1=5da302dc8960 a2=5da302dc08f0 a3=5da302dc87e0 items=2 ppid=8224 pid=5594 auid=865 uid=1060 gid=1223 euid=798 suid=1305 fsuid=1334 egid=709 sgid=1308 fsgid=1217 tty=pts0 ses=3 comm="last" exe="/usr/bin/tail" subj=unconfined key="process_exec"ARCH=x86_64 SYSCALL=execve AUID="heroic" UID="heroic" GID="heroic" EUID="heroic" SUID="heroic" FSUID="heroic" EGID="heroic" SGID="heroic" FSGID="heroic"
type=CWD msg=audit(1769928813.987:8152): cwd="/tmp"
type=CWD msg=audit(1769928420.913:5722): cwd="/home/heroic"
type=USER_START msg=audit(1769928655.857:8518): pid=8162 uid=1217 auid=1471 ses=3 subj=unconfined msg='op=PAM:session_open grantors=pam_limits,pam_env,pam_env,pam_permit,pam_umask,pam_unix acct="root" exe="/bin/sh" hostname=? addr=? terminal=/dev/pts/0 res=success'UID="heroic" AUID="heroic"
type=SYSCALL msg=audit(1769928437.624:8944): arch=c000003e syscall=1 success=yes exit=1 a0=7 a1=7ffeb4c10450 a2=1 a3=0 items=0 ppid=8386 pid=1425 auid=0 uid=0 gid=0 euid=0 suid=0 fsuid=0 egid=0 sgid=0 fsgid=0 tty=(none) ses=6 comm="sed" exe="/usr/bin/sed" subj=unconfined key=(null)ARCH=x86_64 SYSCALL=write AUID="root" UID="root" GID="root" EUID="root" SUID="root" FSUID="root" EGID="root" SGID="root" FSGID="root"
type=SERVICE_START msg=audit(1769929171.1:7156): pid=8752 uid=0 auid=4294966978 ses=4294967416 subj=unconfined msg='unit=anacron comm="sh" exe="/usr/bin/df" hostname=? addr=? terminal=? res=success'UID="root" AUID="unset"
type=CWD msg=audit(1769928976.1040:8270): cwd="/home/heroic"
type=SYSCALL msg=audit(1769928462.146:7418): arch=c000003e syscall=59 success=yes exit=0 a0=5b934d5f1b68 a1=5b934d601ba0 a2=5b934d614340 a3=64 items=2 ppid=2980 pid=6045 auid=939 uid=0 gid=0 euid=0 suid=0 fsuid=0 egid=0 sgid=0 fsgid=0 tty=pts4 ses=3 comm="netstat" exe="/usr/bin/python3" subj=unconfined key="process_exec"ARCH=x86_64 SYSCALL=execve AUID="heroic" UID="root" GID="root" EUID="root" SUID="root" FSUID="root" EGID="root" SGID="root" FSGID="root"
type=CRED_REFR msg=audit(1769929322.544:6683): pid=5136 uid=0 auid=0 ses=8 subj=unconfined msg='op=PAM:setcred grantors=pam_permit,pam_cap acct="root" exe="/usr/bin/df" hostname=? addr=? terminal=cron res=success'UID="root" AUID="root"
type=CWD msg=audit(1769928995.19:8775): cwd="/usr/local/bin"
type=PROCTITLE msg=audit(1769929052.81:6761): proctitle=6375726C002D730066696C653A2F2F2F746D702F686964735F6D616C6963696F75732F7061796C6F61642E7368
type=PATH msg=audit(1769928886.1100:6635): item=0 name="/usr/bin/ps" inode=1574372 dev=8:2 mode=100432 ouid=0 ogid=0 rdev=0:0 nametype=NORMAL cap_fp=0 cap_fi=0 cap_fe=0 cap_fver=0 cap_frootid=0OUID="root" OGID="root"
type=CRED_REFR msg=audit(1769929186.41:9599): pid=5950 uid=1414 auid=791 ses=3 subj=unconfined msg='op=PAM:setcred grantors=pam_permit,pam_cap acct="root" exe="/usr/bin/python3" hostname=? addr=? terminal=/dev/pts/0 res=success'UID="heroic" AUID="heroic"
type=SYSCALL msg=audit(1769928986.34:4203): arch=c000003e syscall=59 success=yes exit=0 a0=5da302dcc410 a1=5da302dc86e0 a2=5da302dc08f0 a3=8 items=2 ppid=4184 pid=3954 auid=1466 uid=769 gid=937 euid=1439 suid=1082 fsuid=1497 egid=588 sgid=1483 fsgid=1389 tty=pts0 ses=3 comm="sudo" exe="/usr/bin/last" subj=unconfined key="process_exec"ARCH=x86_64 SYSCALL=execve AUID="heroic" UID="heroic" GID="heroic" EUID="heroic" SUID="heroic" FSUID="heroic" EGID="heroic" SGID="heroic" FSGID="heroic"
type=SYSCALL msg=audit(1769929091.287:6326): arch=c000003e syscall=59 success=yes exit=0 a0=5da302dccbb0 a1=5da302dcca10 a2=5da302dc08f0 a3=5da302dccc50 items=2 ppid=5138 pid=9001 auid=654 uid=736 gid=1253 euid=998 suid=1277 fsuid=575 egid=1291 sgid=996 fsgid=848 tty=pts0 ses=3 comm="tail" exe="/usr/bin/sed" subj=unconfined key="process_exec"ARCH=x86_64 SYSCALL=execve AUID="heroic" UID="heroic" GID="heroic" EUID="heroic" SUID="heroic" FSUID="heroic" EGID="heroic" SGID="heroic" FSGID="heroic"
type=CWD msg=audit(1769928769.182:7352): cwd="/tmp"
type=CWD msg=audit(1769928441.532:10002): cwd="/root"
type=CRED_DISP msg=audit(1769929307.30:9532): pid=9043 uid=1388 auid=596 ses=3 subj=unconfined msg='op=PAM:setcred grantors=pam_permit acct="root" exe="/usr/bin/sed" hostname=? addr=? terminal=/dev/pts/0 res=success'UID="heroic" AUID="heroic"
type=PATH msg=audit(1769928847.810:6672): item=1 name="/lib64/ld-linux-x86-64.so.2" inode=1575695 dev=8:2 mode=100536 ouid=0 ogid=0 rdev=0:0 nametype=NORMAL cap_fp=0 cap_fi=0 cap_fe=0 cap_fver=0 cap_frootid=0OUID="root" OGID="root"
type=PATH msg=audit(1769929349.648:7315): item=0 name="/usr/bin/rm" inode=1577864 dev=8:2 mode=100376 ouid=0 ogid=0 rdev=0:0 nametype=NORMAL cap_fp=0 cap_fi=0 cap_fe=0 cap_fver=0 cap_frootid=0OUID="root" OGID="root"
type=CWD msg=audit(1769928837.757:7113): cwd="/var/ossec"
type=SYSCALL msg=audit(1769929269.895:8130): arch=c000003e syscall=745 success=yes exit=0 a0=ffffff9c a1=62b816a614a0 a2=0 a3=62b816a62900 items=2 ppid=4157 pid=770 auid=995 uid=0 gid=0 euid=0 suid=0 fsuid=0 egid=0 sgid=0 fsgid=0 tty=pts4 ses=3 comm="df" exe="/usr/bin/sudo" subj=unconfined key="persistence"ARCH=x86_64 SYSCALL=unlinkat AUID="heroic" UID="root" GID="root" EUID="root" SUID="root" FSUID="root" EGID="root" SGID="root" FSGID="root"
type=EXECVE msg=audit(1769929103.91:8448): argc=3 a0="chmod" a1="+x" a2="payload.sh"
type=EXECVE msg=audit(1769929036.277:8752): argc=4 a0="sudo" a1="rm" a2="-f" a3="/etc/cron.d/hids_persist"
type=CWD msg=audit(1769929249.492:9065): cwd="/usr/local/bin"
type=SYSCALL msg=audit(1769928601.446:5685): arch=c000003e syscall=59 success=yes exit=0 a0=5da302dc8600 a1=5da302dcde60 a2=5da302dc08f0 a3=5da302dcde60 items=2 ppid=8506 pid=5340 auid=1472 uid=1151 gid=1175 euid=0 suid=0 fsuid=0 egid=1446 sgid=1286 fsgid=1278 tty=pts0 ses=3 comm="last" exe="/bin/sh" subj=unconfined key="process_exec"ARCH=x86_64 SYSCALL=execve AUID="heroic" UID="heroic" GID="heroic" EUID="root" SUID="root" FSUID="root" EGID="heroic" SGID="heroic" FSGID="heroic"
type=SYSCALL msg=audit(1769928442.412:8830): arch=c000003e syscall=59 success=yes exit=0 a0=5b934d5f1b68 a1=5b934d601ba0 a2=5b934d614340 a3=64 items=2 ppid=1200 pid=7062 auid=1237 uid=0 gid=0 euid=0 suid=0 fsuid=0 egid=0 sgid=0 fsgid=0 tty=pts4 ses=3 comm="df" exe="/usr/bin/sudo" subj=unconfined key="process_exec"ARCH=x86_64 SYSCALL=execve AUID="heroic" UID="root" GID="root" EUID="root" SUID="root" FSUID="root" EGID="root" SGID="root" FSGID="root"
type=BPF msg=audit(1769929314.832:6655): prog-id=98 op=LOAD
type=PROCTITLE msg=audit(1769929120.580:5950): proctitle=63686D6F64002B78007061796C6F61642E7368
type=SYSCALL msg=audit(1769928743.573:5162): arch=c000003e syscall=59 success=yes exit=0 a0=64e1754cb600 a1=64e1754ca0f0 a2=64e1754c38f0 a3=64e1754cf3f0 items=2 ppid=9136 pid=7104 auid=604 uid=1028 gid=931 euid=577 suid=862 fsuid=1489 egid=899 sgid=698 fsgid=1249 tty=pts0 ses=3 comm="netstat" exe="/usr/bin/sed" subj=unconfined key="process_exec"ARCH=x86_64 SYSCALL=execve AUID="heroic" UID="heroic" GID="heroic" EUID="heroic" SUID="heroic" FSUID="heroic" EGID="heroic" SGID="heroic" FSGID="heroic"
type=PATH msg=audit(1769928844.143:4425): item=1 name="/lib64/ld-linux-x86-64.so.2" inode=1575487 dev=8:2 mode=100492 ouid=0 ogid=0 rdev=0:0 nametype=NORMAL cap_fp=0 cap_fi=0 cap_fe=0 cap_fver=0 cap_frootid=0OUID="root" OGID="root"
type=SYSCALL msg=audit(1769929304.622:6061): arch=c000003e syscall=59 success=yes exit=0 a0=5da302dcd0f0 a1=5da302dca360 a2=5da302dc08f0 a3=1 items=2 ppid=1284 pid=2279 auid=1245 uid=787 gid=764 euid=1343 suid=1143 fsuid=775 egid=1190 sgid=878 fsgid=880 tty=pts0 ses=3 comm="sudo" exe="/usr/bin/df" subj=unconfined key="process_exec"ARCH=x86_64 SYSCALL=execve AUID="heroic" UID="heroic" GID="heroic" EUID="heroic" SUID="heroic" FSUID="heroic" EGID="heroic" SGID="heroic" FSGID="heroic"
type=SYSCALL msg=audit(1769928762.101:7092): arch=c000003e syscall=59 success=yes exit=0 a0=61c7fe198b68 a1=61c7fe1a8ba0 a2=61c7fe1bb340 a3=64 items=2 ppid=4326 pid=5903 auid=1228 uid=0 gid=0 euid=0 suid=0 fsuid=0 egid=0 sgid=0 fsgid=0 tty=pts4 ses=3 comm="sort" exe="/bin/sh" subj=unconfined key="process_exec"ARCH=x86_64 SYSCALL=execve AUID="heroic" UID="root" GID="root" EUID="root" SUID="root" FSUID="root" EGID="root" SGID="root" FSGID="root"
type=PATH msg=audit(1769928887.324:9808): item=0 name="/usr/bin/sudo" inode=1574188 dev=8:2 mode=104339 ouid=0 ogid=0 rdev=0:0 nametype=NORMAL cap_fp=0 cap_fi=0 cap_fe=0 cap_fver=0 cap_frootid=0OUID="root" OGID="root"
type=EXECVE msg=audit(1769928524.1046:6000): argc=2 a0="rmdir" a1="/tmp/hids_malicious"
type=SYSCALL msg=audit(1769928490.1032:6190): arch=c000003e syscall=59 success=yes exit=0 a0=5da302dccf30 a1=5da302dccc10 a2=5da302dc08f0 a3=5da302dcc950 items=2 ppid=1178 pid=8691 auid=839 uid=1499 gid=729 euid=1153 suid=1307 fsuid=578 egid=943 sgid=944 fsgid=659 tty=pts0 ses=3 comm="df" exe="/usr/bin/sort" subj=unconfined key="process_exec"ARCH=x86_64 SYSCALL=execve AUID="heroic" UID="heroic" GID="heroic" EUID="heroic" SUID="heroic" FSUID="heroic" EGID="heroic" SGID="heroic" FSGID="heroic"
type=EXECVE msg=audit(1769928520.1145:6614): argc=2 a0="sed" a1=732F5C285B5B3A616C6E756D3A5D5D5C2B5C295C205C2B5B5B3A64696769743A5D5D5C2B5C205C2B5B5B3A64696769743A5D5D5C2B5C205C2B5C282E2A5C293A5C285B5B3A64696769743A5D5D2A5C295C205C2B5C285B302D395C2E5C3A5C2A5D5C2B5C292E5C2B5C205C285B5B3A64696769743A5D5D2A5C2F5B5B3A616C6E756D3A5D5C2D5D2A5C292E2A2F5C31205C32203D3D205C33203D3D205C34205C352F
type=SYSCALL msg=audit(1769929261.637:7730): arch=c000003e syscall=59 success=yes exit=0 a0=5da302dccc50 a1=5da302dcc9d0 a2=5da302dc08f0 a3=5da302dcc310 items=2 ppid=7156 pid=7086 auid=1255 uid=1476 gid=944 euid=959 suid=632 fsuid=1412 egid=1026 sgid=738 fsgid=1335 tty=pts0 ses=3 comm="tail" exe="/usr/bin/tail" subj=unconfined key="process_exec"ARCH=x86_64 SYSCALL=execve AUID="heroic" UID="heroic" GID="heroic" EUID="heroic" SUID="heroic" FSUID="heroic" EGID="heroic" SGID="heroic" FSGID="heroic"
type=PATH msg=audit(1769928680.211:7194): item=0 name="/usr/bin/rm" inode=1578565 dev=8:2 mode=100480 ouid=0 ogid=0 rdev=0:0 nametype=NORMAL cap_fp=0 cap_fi=0 cap_fe=0 cap_fver=0 cap_frootid=0OUID="root" OGID="root"
type=EXECVE msg=audit(1769928902.408:5234): argc=2 a0="cat" a1="/var/log/audit/audit.log"
type=PATH msg=audit(1769928851.993:8050): item=1 name="/etc/cron.d/hids_persist" inode=1704438 dev=8:2 mode=100950 ouid=0 ogid=0 rdev=0:0 nametype=DELETE cap_fp=0 cap_fi=0 cap_fe=0 cap_fver=0 cap_frootid=0OUID="root" OGID="root"
type=PROCTITLE msg=audit(1769928579.670:7995): proctitle=746565002F6574632F63726F6E2E642F686964735F70657273697374
type=USER_ACCT msg=audit(1769928752.804:5380): pid=2389 uid=620 auid=827 ses=3 subj=unconfined msg='op=PAM:accounting grantors=pam_permit,pam_localuser acct="heroic" exe="/usr/bin/last" hostname=? addr=? terminal=/dev/pts/0 res=success'UID="heroic" AUID="heroic"
type=PROCTITLE msg=audit(1769929046.790:8415): proctitle=7375646F00726D002D66002F6574632F63726F6E2E642F686964735F70657273697374
type=SYSCALL msg=audit(1769928552.343:8020): arch=c000003e syscall=59 success=yes exit=0 a0=64e1754cb7c0 a1=64e1754ca270 a2=64e1754c38f0 a3=64e1754cb7a0 items=2 ppid=3313 pid=7410 auid=719 uid=1080 gid=1056 euid=942 suid=586 fsuid=853 egid=1203 sgid=1264 fsgid=1166 tty=pts0 ses=3 comm="df" exe="/usr/bin/python3" subj=unconfined key="process_exec"ARCH=x86_64 SYSCALL=execve AUID="heroic" UID="heroic" GID="heroic" EUID="heroic" SUID="heroic" FSUID="heroic" EGID="heroic" SGID="heroic" FSGID="heroic"
type=EXECVE msg=audit(1769929195.368:5752): argc=2 a0="sudo" a1="whoami"
type=CWD msg=audit(1769928931.447:4298): cwd="/root"
type=EXECVE msg=audit(1769928883.735:8099): argc=2 a0="sudo" a1="whoami"
type=PROCTITLE msg=audit(1769928420.784:6550): proctitle=6375726C002D730066696C653A2F2F2F746D702F686964735F6D616C6963696F75732F7061796C6F61642E7368
type=PATH msg=audit(1769928935.748:7562): item=1 name="/lib64/ld-linux-x86-64.so.2" inode=1575251 dev=8:2 mode=100874 ouid=0 ogid=0 rdev=0:0 nametype=NORMAL cap_fp=0 cap_fi=0 cap_fe=0 cap_fver=0 cap_frootid=0OUID="root" OGID="root"
type=PATH msg=audit(1769928612.699:6878): item=1 name="/etc/cron.d/hids_persist" inode=1704129 dev=8:2 mode=100812 ouid=0 ogid=0 rdev=0:0 nametype=DELETE cap_fp=0 cap_fi=0 cap_fe=0 cap_fver=0 cap_frootid=0OUID="root" OGID="root"
type=PATH msg=audit(1769928953.238:4839): item=1 name="/lib64/ld-linux-x86-64.so.2" inode=1575187 dev=8:2 mode=101067 ouid=0 ogid=0 rdev=0:0 nametype=NORMAL cap_fp=0 cap_fi=0 cap_fe=0 cap_fver=0 cap_frootid=0OUID="root" OGID="root"
type=PATH msg=audit(1769929167.331:4205): item=1 name="/lib64/ld-linux-x86-64.so.2" inode=1575336 dev=8:2 mode=101199 ouid=0 ogid=0 rdev=0:0 nametype=NORMAL cap_fp=0 cap_fi=0 cap_fe=0 cap_fver=0 cap_frootid=0OUID="root" OGID="root"
type=PROCTITLE msg=audit(1769928845.589:10105): proctitle=756E616D65002D61
type=EXECVE msg=audit(1769929135.276:8007): argc=2 a0="rmdir" a1="/tmp/hids_malicious"
type=PATH msg=audit(1769928587.357:6578): item=1 name="/lib64/ld-linux-x86-64.so.2" inode=1575122 dev=8:2 mode=100742 ouid=0 ogid=0 rdev=0:0 nametype=NORMAL cap_fp=0 cap_fi=0 cap_fe=0 cap_fver=0 cap_frootid=0OUID="root" OGID="root"
type=PATH msg=audit(1769928812.515:5785): item=1 name="/lib64/ld-linux-x86-64.so.2" inode=1574898 dev=8:2 mode=100719 ouid=0 ogid=0 rdev=0:0 nametype=NORMAL cap_fp=0 cap_fi=0 cap_fe=0 cap_fver=0 cap_frootid=0OUID="root" OGID="root"
type=EXECVE msg=audit(1769928982.635:9183): argc=3 a0="sudo" a1="tee" a2="/etc/cron.d/hids_persist"
type=EXECVE msg=audit(1769929026.360:6645): argc=3 a0="/bin/sh" a1="-c" a2=5B202D78202F6574632F696E69742E642F616E6163726F6E205D202626206966205B2021202D64202F72756E2F73797374656D642F73797374656D205D3B207468656E202F7573722F7362696E2F696E766F6B652D72632E6420616E6163726F6E207374617274203E2F6465762F6E756C6C3B206669
type=PATH msg=audit(1769928825.530:5789): item=0 name="/usr/bin/ps" inode=1573610 dev=8:2 mode=100713 ouid=0 ogid=0 rdev=0:0 nametype=NORMAL cap_fp=0 cap_fi=0 cap_fe=0 cap_fver=0 cap_frootid=0OUID="root" OGID="root"
type=PATH msg=audit(1769928869.517:5584): item=0 name="/usr/bin/sleep" inode=1578407 dev=8:2 mode=101069 ouid=0 ogid=0 rdev=0:0 nametype=NORMAL cap_fp=0 cap_fi=0 cap_fe=0 cap_fver=0 cap_frootid=0OUID="root" OGID="root"
type=CWD msg=audit(1769928767.667:6659): cwd="/usr/local/bin"
type=EXECVE msg=audit(1769929243.735:8113): argc=2 a0="tee" a1="/etc/cron.d/hids_persist"
type=PATH msg=audit(1769928793.228:4565): item=0 name="/usr/bin/netstat" inode=1576628 dev=8:2 mode=100916 ouid=0 ogid=0 rdev=0:0 nametype=NORMAL cap_fp=0 cap_fi=0 cap_fe=0 cap_fver=0 cap_frootid=0OUID="root" OGID="root"
type=PATH msg=audit(1769928524.1396:8898): item=1 name="/lib64/ld-linux-x86-64.so.2" inode=1575132 dev=8:2 mode=100534 ouid=0 ogid=0 rdev=0:0 nametype=NORMAL cap_fp=0 cap_fi=0 cap_fe=0 cap_fver=0 cap_frootid=0OUID="root" OGID="root"
type=PATH msg=audit(1769929404.523:6545): item=1 name="/lib64/ld-linux-x86-64.so.2" inode=1575159 dev=8:2 mode=101008 ouid=0 ogid=0 rdev=0:0 nametype=NORMAL cap_fp=0 cap_fi=0 cap_fe=0 cap_fver=0 cap_frootid=0OUID="root" OGID="root"
type=PROCTITLE msg=audit(1769929044.510:9642): proctitle=646972636F6C6F7273002D62
type=USER_END msg=audit(1769929366.1077:4387): pid=7130 uid=1107 auid=1152 ses=3 subj=unconfined msg='op=PAM:session_close grantors=pam_limits,pam_env,pam_env,pam_permit,pam_umask,pam_unix acct="root" exe="/usr/bin/sort" hostname=? addr=? terminal=/dev/pts/0 res=success'UID="heroic" AUID="heroic"
type=PATH msg=audit(1769929161.452:7790): item=1 name="/lib64/ld-linux-x86-64.so.2" inode=1575759 dev=8:2 mode=100993 ouid=0 ogid=0 rdev=0:0 nametype=NORMAL cap_fp=0 cap_fi=0 cap_fe=0 cap_fver=0 cap_frootid=0OUID="root" OGID="root"
type=SERVICE_STOP msg=audit(1769929385.941:9084): pid=7352 uid=0 auid=4294967144 ses=4294966951 subj=unconfined msg='unit=packagekit comm="python" exe="/usr/bin/python3" hostname=? addr=? terminal=? res=success'UID="root" AUID="unset"
type=PATH msg=audit(1769928440.102:8426): item=0 name="/usr/bin/ps" inode=1574358 dev=8:2 mode=100352 ouid=0 ogid=0 rdev=0:0 nametype=NORMAL cap_fp=0 cap_fi=0 cap_fe=0 cap_fver=0 cap_frootid=0OUID="root" OGID="root"
type=CWD msg=audit(1769928913.1129:9073): cwd="/root"
type=EXECVE msg=audit(1769929243.493:7901): argc=2 a0="sudo" a1="-l"
type=PROCTITLE msg=audit(1769929156.325:6965): proctitle=2F7573722F62696E2F656E7600676A73002F7573722F73686172652F676E6F6D652D7368656C6C2F657874656E73696F6E732F64696E6740726173746572736F66742E636F6D2F6170702F64696E672E6A73002D45002D50002F7573722F73686172652F676E6F6D652D7368656C6C2F657874656E73696F6E732F64696E6740
type=PATH msg=audit(1769929205.1082:5474): item=1 name="/etc/cron.d/hids_persist" inode=1703795 dev=8:2 mode=100568 ouid=0 ogid=0 rdev=0:0 nametype=CREATE cap_fp=0 cap_fi=0 cap_fe=0 cap_fver=0 cap_frootid=0OUID="root" OGID="root"
type=EXECVE msg=audit(1769928610.399:7859): argc=1 a0=67646D2D73657373696F6E2D776F726B6572205B70616D2F67646D2D70617373776F72645D
type=PATH msg=audit(1769928841.445:6667): item=1 name="/lib64/ld-linux-x86-64.so.2" inode=1575300 dev=8:2 mode=100333 ouid=0 ogid=0 rdev=0:0 nametype=NORMAL cap_fp=0 cap_fi=0 cap_fe=0 cap_fver=0 cap_frootid=0OUID="root" OGID="root"
type=SYSCALL msg=audit(1769928415.455:9916): arch=c000003e syscall=59 success=yes exit=0 a0=5825e4fd6b68 a1=5825e4fe6ba0 a2=5825e4ff97a0 a3=64 items=2 ppid=8790 pid=6811 auid=507 uid=0 gid=0 euid=0 suid=0 fsuid=0 egid=0 sgid=0 fsgid=0 tty=pts4 ses=3 comm="sudo" exe="/usr/bin/netstat" subj=unconfined key="process_exec"ARCH=x86_64 SYSCALL=execve AUID="heroic" UID="root" GID="root" EUID="root" SUID="root" FSUID="root" EGID="root" SGID="root" FSGID="root"
type=CWD msg=audit(1769929289.985:4784): cwd="/var/ossec"
type=PROCTITLE msg=audit(1769929180.552:7283): proctitle=756E616D65002D61
type=EXECVE msg=audit(1769929061.596:5455): argc=1 a0="bash"
type=PATH msg=audit(1769929021.1034:9253): item=1 name="/lib64/ld-linux-x86-64.so.2" inode=1575695 dev=8:2 mode=100329 ouid=0 ogid=0 rdev=0:0 nametype=NORMAL cap_fp=0 cap_fi=0 cap_fe=0 cap_fver=0 cap_frootid=0OUID="root" OGID="root"
type=PATH msg=audit(1769928640.1002:7329): item=1 name="/lib64/ld-linux-x86-64.so.2" inode=1574938 dev=8:2 mode=100747 ouid=0 ogid=0 rdev=0:0 nametype=NORMAL cap_fp=0 cap_fi=0 cap_fe=0 cap_fver=0 cap_frootid=0OUID="root" OGID="root"
type=USER_START msg=audit(1769929332.914:7590): pid=7147 uid=618 auid=500 ses=3 subj=unconfined msg='op=PAM:session_open grantors=pam_limits,pam_env,pam_env,pam_permit,pam_umask,pam_unix acct="root" exe="/usr/bin/netstat" hostname=? addr=? terminal=/dev/pts/0 res=success'UID="heroic" AUID="heroic"
type=PROCTITLE msg=audit(1769929004.177:5229): proctitle=746565002F6574632F63726F6E2E642F686964735F70657273697374
type=SYSCALL msg=audit(1769929207.195:9537): arch=c000003e syscall=59 success=yes exit=0 a0=64e1754cfbb0 a1=64e1754d00f0 a2=64e1754c38f0 a3=64e1754d00f0 items=2 ppid=2422 pid=6808 auid=509 uid=1419 gid=1102 euid=616 suid=956 fsuid=1010 egid=1009 sgid=1278 fsgid=1273 tty=pts0 ses=3 comm="tail" exe="/usr/bin/df" subj=unconfined key="process_exec"ARCH=x86_64 SYSCALL=execve AUID="heroic" UID="heroic" GID="heroic" EUID="heroic" SUID="heroic" FSUID="heroic" EGID="heroic" SGID="heroic" FSGID="heroic"
type=PATH msg=audit(1769928415.367:7746): item=0 name="/usr/bin/curl" inode=1573311 dev=8:2 mode=100378 ouid=0 ogid=0 rdev=0:0 nametype=NORMAL cap_fp=0 cap_fi=0 cap_fe=0 cap_fver=0 cap_frootid=0OUID="root" OGID="root"
type=PATH msg=audit(1769929286.870:3902): item=1 name="/lib64/ld-linux-x86-64.so.2" inode=1574995 dev=8:2 mode=100447 ouid=0 ogid=0 rdev=0:0 nametype=NORMAL cap_fp=0 cap_fi=0 cap_fe=0 cap_fver=0 cap_frootid=0OUID="root" OGID="root"
type=USER_END msg=audit(1769929004.498:6624): pid=6034 uid=747 auid=659 ses=3 subj=unconfined msg='op=PAM:session_close grantors=pam_limits,pam_env,pam_env,pam_permit,pam_umask,pam_unix acct="root" exe="/usr/bin/netstat" hostname=? addr=? terminal=/dev/pts/0 res=success'UID="heroic" AUID="heroic"
type=PATH msg=audit(1769929148.609:9149): item=0 name="/usr/bin/sleep" inode=1578331 dev=8:2 mode=101014 ouid=0 ogid=0 rdev=0:0 nametype=NORMAL cap_fp=0 cap_fi=0 cap_fe=0 cap_fver=0 cap_frootid=0OUID="root" OGID="root"
type=PATH msg=audit(1769928529.23:5648): item=1 name="/lib64/ld-linux-x86-64.so.2" inode=1574915 dev=8:2 mode=100890 ouid=0 ogid=0 rdev=0:0 nametype=NORMAL cap_fp=0 cap_fi=0 cap_fe=0 cap_fver=0 cap_frootid=0OUID="root" OGID="root"
type=CWD msg=audit(1769928896.748:4321): cwd=2F746D702F686964735F6D616C6963696F7573202864656C6574656429
type=SYSCALL msg=audit(1769928459.119:4779): arch=c000003e syscall=59 success=yes exit=0 a0=562ec9734dc0 a1=562ec9a17630 a2=77ea54005570 a3=8 items=2 ppid=5482 pid=4505 auid=974 uid=1001 gid=670 euid=1218 suid=975 fsuid=623 egid=1365 sgid=1396 fsgid=564 tty=pts1 ses=3 comm="netstat" exe="/usr/bin/sudo" subj=unconfined key="process_exec"ARCH=x86_64 SYSCALL=execve AUID="heroic" UID="heroic" GID="heroic" EUID="heroic" SUID="heroic" FSUID="heroic" EGID="heroic" SGID="heroic" FSGID="heroic"
type=CWD msg=audit(1769928517.168:6593): cwd="/var/ossec"
type=PATH msg=audit(1769929011.767:7903): item=0 name="/usr/bin/bash" inode=1573515 dev=8:2 mode=100404 ouid=0 ogid=0 rdev=0:0 nametype=NORMAL cap_fp=0 cap_fi=0 cap_fe=0 cap_fver=0 cap_frootid=0OUID="root" OGID="root"
type=PATH msg=audit(1769928621.66:9956): item=2 name="/lib64/ld-linux-x86-64.so.2" inode=1575611 dev=8:2 mode=101217 ouid=0 ogid=0 rdev=0:0 nametype=NORMAL cap_fp=0 cap_fi=0 cap_fe=0 cap_fver=0 cap_frootid=0OUID="root" OGID="root"
type=USER_START msg=audit(1769928555.462:3845): pid=1076 uid=0 auid=839 ses=3 subj=unconfined msg='op=PAM:session_open grantors=pam_env,pam_env,pam_mail,pam_limits,pam_permit,pam_umask,pam_unix,pam_systemd acct="root" exe="/usr/bin/sed" hostname=? addr=? terminal=/dev/pts/4 res=success'UID="root" AUID="heroic"
type=EXECVE msg=audit(1769928949.571:5818): argc=3 a0="mkdir" a1="-p" a2="/tmp/hids_malicious"
type=PATH msg=audit(1769928521.603:8337): item=0 name="/usr/bin/whoami" inode=1578257 dev=8:2 mode=100380 ouid=0 ogid=0 rdev=0:0 nametype=NORMAL cap_fp=0 cap_fi=0 cap_fe=0 cap_fver=0 cap_frootid=0OUID="root" OGID="root"
type=PATH msg=audit(1769928659.691:5330): item=0 name="/etc/cron.d/" inode=1704341 dev=8:2 mode=40855 ouid=0 ogid=0 rdev=0:0 nametype=PARENT cap_fp=0 cap_fi=0 cap_fe=0 cap_fver=0 cap_frootid=0OUID="root" OGID="root"
type=PATH msg=audit(1769928924.491:9051): item=0 name="/usr/bin/sleep" inode=1577825 dev=8:2 mode=101022 ouid=0 ogid=0 rdev=0:0 nametype=NORMAL cap_fp=0 cap_fi=0 cap_fe=0 cap_fver=0 cap_frootid=0OUID="root" OGID="root"
type=SYSCALL msg=audit(1769929050.351:4486): arch=c000003e syscall=59 success=yes exit=0 a0=5d4170966148 a1=5d4170966228 a2=5d4170966270 a3=0 items=2 ppid=1779 pid=7078 auid=4294967620 uid=0 gid=0 euid=0 suid=0 fsuid=0 egid=0 sgid=0 fsgid=0 tty=(none) ses=4294967449 comm="sed" exe="/usr/bin/sudo" subj=unconfined key="process_exec"ARCH=x86_64 SYSCALL=execve AUID="unset" UID="root" GID="root" EUID="root" SUID="root" FSUID="root" EGID="root" SGID="root" FSGID="root"
type=PATH msg=audit(1769928934.44:4681): item=0 name="/usr/bin/whoami" inode=1577836 dev=8:2 mode=101160 ouid=0 ogid=0 rdev=0:0 nametype=NORMAL cap_fp=0 cap_fi=0 cap_fe=0 cap_fver=0 cap_frootid=0OUID="root" OGID="root"
type=PROCTITLE msg=audit(1769929305.64:5584): proctitle=6375726C002D730066696C653A2F2F2F746D702F686964735F6D616C6963696F75732F7061796C6F61642E7368
type=EXECVE msg=audit(1769928563.498:7995): argc=2 a0="uname" a1="-a"
type=SYSCALL msg=audit(1769928926.1400:8198): arch=c000003e syscall=59 success=yes exit=0 a0=7ef0ff5cb42f a1=7ef0fd3daca0 a2=7ffe56934cb8 a3=8 items=2 ppid=2616 pid=6915 auid=4294967289 uid=0 gid=310 euid=0 suid=0 fsuid=0 egid=500 sgid=391 fsgid=333 tty=(none) ses=4294967541 comm="python" exe="/usr/bin/netstat" subj=unconfined key="process_exec"ARCH=x86_64 SYSCALL=execve AUID="unset" UID="root" GID="wazuh" EUID="root" SUID="root" FSUID="root" EGID="wazuh" SGID="wazuh" FSGID="wazuh"
type=CWD msg=audit(1769929207.58:9791): cwd="/var/ossec"
type=PROCTITLE msg=audit(1769929076.830:4019): proctitle=6D6B646972002D70002F746D702F686964735F6D616C6963696F7573
type=EXECVE msg=audit(1769928465.1136:4450): argc=4 a0="sudo" a1="rm" a2="-f" a3="/etc/cron.d/hids_persist"
type=PROCTITLE msg=audit(1769928719.7:7691): proctitle=726D002D66002F6574632F63726F6E2E642F686964735F70657273697374
type=USER_START msg=audit(1769928839.435:6054): pid=3412 uid=640 auid=1237 ses=3 subj=unconfined msg='op=PAM:session_open grantors=pam_limits,pam_env,pam_env,pam_permit,pam_umask,pam_unix acct="root" exe="/usr/bin/df" hostname=? addr=? terminal=/dev/pts/0 res=success'UID="heroic" AUID="heroic"
type=CWD msg=audit(1769928940.150:9001): cwd="/usr/local/bin"
type=PATH msg=audit(1769928457.799:4490): item=0 name="/usr/bin/sudo" inode=1574228 dev=8:2 mode=105149 ouid=0 ogid=0 rdev=0:0 nametype=NORMAL cap_fp=0 cap_fi=0 cap_fe=0 cap_fver=0 cap_frootid=0OUID="root" OGID="root"
type=CWD msg=audit(1769928578.159:6220): cwd="/usr/local/bin"
type=PATH msg=audit(1769928444.628:5577): item=0 name="/usr/bin/ls" inode=1578480 dev=8:2 mode=100656 ouid=0 ogid=0 rdev=0:0 nametype=NORMAL cap_fp=0 cap_fi=0 cap_fe=0 cap_fver=0 cap_frootid=0OUID="root" OGID="root"
type=PATH msg=audit(1769928848.236:4214): item=0 name="/usr/bin/run-parts" inode=1574089 dev=8:2 mode=100343 ouid=0 ogid=0 rdev=0:0 nametype=NORMAL cap_fp=0 cap_fi=0 cap_fe=0 cap_fver=0 cap_frootid=0OUID="root" OGID="root"
type=PROCTITLE msg=audit(1769928584.55:8066): proctitle=63686D6F64002B78007061796C6F61642E7368
type=SYSCALL msg=audit(1769928881.540:6619): arch=c000003e syscall=59 success=yes exit=0 a0=5647bad5bb68 a1=5647bad706a0 a2=5647bad81270 a3=64 items=2 ppid=1331 pid=4318 auid=513 uid=0 gid=0 euid=0 suid=0 fsuid=0 egid=0 sgid=0 fsgid=0 tty=pts1 ses=5 comm="netstat" exe="/usr/bin/netstat" subj=unconfined key="process_exec"ARCH=x86_64 SYSCALL=execve AUID="heroic" UID="root" GID="root" EUID="root" SUID="root" FSUID="root" EGID="root" SGID="root" FSGID="root"
type=SYSCALL msg=audit(1769929170.1183:8983): arch=c000003e syscall=59 success=yes exit=0 a0=5da302dccb50 a1=5da302dcca10 a2=5da302dc08f0 a3=5da302dcd610 items=2 ppid=7468 pid=8132 auid=633 uid=1145 gid=838 euid=1398 suid=1439 fsuid=1392 egid=1045 sgid=1325 fsgid=1354 tty=pts0 ses=3 comm="sudo" exe="/usr/bin/sort" subj=unconfined key="process_exec"ARCH=x86_64 SYSCALL=execve AUID="heroic" UID="heroic" GID="heroic" EUID="heroic" SUID="heroic" FSUID="heroic" EGID="heroic" SGID="heroic" FSGID="heroic"
type=CWD msg=audit(1769928935.101:8892): cwd="/tmp"
type=SYSCALL msg=audit(1769928970.91:5875): arch=c000003e syscall=59 success=yes exit=0 a0=64e1754d05f0 a1=64e1754d05d0 a2=64e1754c38f0 a3=64e1754d05d0 items=2 ppid=8698 pid=7792 auid=1139 uid=1239 gid=611 euid=0 suid=0 fsuid=0 egid=1477 sgid=538 fsgid=811 tty=pts0 ses=3 comm="sudo" exe="/usr/bin/sort" subj=unconfined key="process_exec"ARCH=x86_64 SYSCALL=execve AUID="heroic" UID="heroic" GID="heroic" EUID="root" SUID="root" FSUID="root" EGID="heroic" SGID="heroic" FSGID="heroic"
type=PATH msg=audit(1769929392.348:7640): item=0 name="/usr/bin/mkdir" inode=1577777 dev=8:2 mode=100502 ouid=0 ogid=0 rdev=0:0 nametype=NORMAL cap_fp=0 cap_fi=0 cap_fe=0 cap_fver=0 cap_frootid=0OUID="root" OGID="root"
type=PATH msg=audit(1769929094.808:5937): item=1 name="/lib64/ld-linux-x86-64.so.2" inode=1575511 dev=8:2 mode=101156 ouid=0 ogid=0 rdev=0:0 nametype=NORMAL cap_fp=0 cap_fi=0 cap_fe=0 cap_fver=0 cap_frootid=0OUID="root" OGID="root"
type=PROCTITLE msg=audit(1769928645.333:9372): proctitle=726D646972002F746D702F686964735F6D616C6963696F7573
type=PROCTITLE msg=audit(1769928776.515:6999): proctitle=2F7573722F6C69622F73797374656D642F73797374656D642D6578656375746F72002D2D646573657269616C697A6500313139002D2D6C6F672D6C6576656C00696E666F002D2D6C6F672D746172676574006A6F75726E616C2D6F722D6B6D7367
type=SYSCALL msg=audit(1769928761.1034:9102): arch=c000003e syscall=59 success=yes exit=0 a0=64e1754cb940 a1=64e1754d0da0 a2=64e1754c38f0 a3=64e1754d0da0 items=2 ppid=7944 pid=3352 auid=1252 uid=1217 gid=949 euid=0 suid=0 fsuid=0 egid=1002 sgid=1236 fsgid=1175 tty=pts0 ses=3 comm="ss" exe="/usr/bin/last" subj=unconfined key="process_exec"ARCH=x86_64 SYSCALL=execve AUID="heroic" UID="heroic" GID="heroic" EUID="root" SUID="root" FSUID="root" EGID="heroic" SGID="heroic" FSGID="heroic"
type=EXECVE msg=audit(1769929129.633:5334): argc=4 a0="sh" a1="-c" a2="--" a3=6C617374202D6E203230
type=CRED_DISP msg=audit(1769928872.1012:9958): pid=9138 uid=0 auid=901 ses=5 subj=unconfined msg='op=PAM:setcred grantors=pam_permit acct="root" exe="/usr/bin/df" hostname=? addr=? terminal=/dev/pts/1 res=success'UID="root" AUID="heroic"
type=SYSCALL msg=audit(1769929211.484:6037): arch=c000003e syscall=59 success=yes exit=0 a0=64e1754d00f0 a1=64e1754ca7f0 a2=64e1754c38f0 a3=8 items=2 ppid=2284 pid=2023 auid=873 uid=854 gid=1171 euid=1069 suid=996 fsuid=607 egid=839 sgid=1198 fsgid=1159 tty=pts0 ses=3 comm="python" exe="/usr/bin/tail" subj=unconfined key="process_exec"ARCH=x86_64 SYSCALL=execve AUID="heroic" UID="heroic" GID="heroic" EUID="heroic" SUID="heroic" FSUID="heroic" EGID="heroic" SGID="heroic" FSGID="heroic"
type=USER_START msg=audit(1769929077.85:8623): pid=6042 uid=1298 auid=1298 ses=5 subj=unconfined msg='op=PAM:session_open grantors=pam_limits,pam_env,pam_env,pam_permit,pam_umask,pam_unix acct="root" exe="/usr/bin/sed" hostname=? addr=? terminal=/dev/pts/0 res=success'UID="heroic" AUID="heroic"
type=PATH msg=audit(1769928638.326:7367): item=1 name="/lib64/ld-linux-x86-64.so.2" inode=1575801 dev=8:2 mode=100316 ouid=0 ogid=0 rdev=0:0 nametype=NORMAL cap_fp=0 cap_fi=0 cap_fe=0 cap_fver=0 cap_frootid=0OUID="root" OGID="root"
type=PATH msg=audit(1769928926.1060:5999): item=0 name="/usr/bin/nautilus" inode=1591016 dev=8:2 mode=100908 ouid=0 ogid=0 rdev=0:0 nametype=NORMAL cap_fp=0 cap_fi=0 cap_fe=0 cap_fver=0 cap_frootid=0OUID="root" OGID="root"
type=PATH msg=audit(1769928473.469:6197): item=0 name="/usr/bin/id" inode=1578597 dev=8:2 mode=101093 ouid=0 ogid=0 rdev=0:0 nametype=NORMAL cap_fp=0 cap_fi=0 cap_fe=0 cap_fver=0 cap_frootid=0OUID="root" OGID="root"
type=SYSCALL msg=audit(1769929081.239:6648): arch=c000003e syscall=59 success=yes exit=0 a0=64e1754cf870 a1=64e1754ce4d0 a2=64e1754c38f0 a3=64e1754cb8a0 items=2 ppid=7500 pid=8701 auid=501 uid=1309 gid=532 euid=693 suid=582 fsuid=1351 egid=1078 sgid=749 fsgid=1269 tty=pts0 ses=3 comm="sudo" exe="/usr/bin/sed" subj=unconfined key="process_exec"ARCH=x86_64 SYSCALL=execve AUID="heroic" UID="heroic" GID="heroic" EUID="heroic" SUID="heroic" FSUID="heroic" EGID="heroic" SGID="heroic" FSGID="heroic"
type=EXECVE msg=audit(1769928663.627:5860): argc=1 a0="id"
type=PATH msg=audit(1769929285.1131:7033): item=1 name="/lib64/ld-linux-x86-64.so.2" inode=1575385 dev=8:2 mode=101216 ouid=0 ogid=0 rdev=0:0 nametype=NORMAL cap_fp=0 cap_fi=0 cap_fe=0 cap_fver=0 cap_frootid=0OUID="root" OGID="root"
type=USER_AUTH msg=audit(1769929049.248:8329): pid=2010 uid=0 auid=1373 ses=3 subj=unconfined msg='op=PAM:authentication grantors=pam_rootok acct="root" exe="/usr/bin/df" hostname=? addr=? terminal=/dev/pts/2 res=success'UID="root" AUID="heroic"
type=PROCTITLE msg=audit(1769928997.365:4870): proctitle=6D6B646972002D70002F746D702F686964735F6D616C6963696F7573
type=PATH msg=audit(1769928843.926:9259): item=0 name="/usr/libexec/nm-dispatcher" inode=1585772 dev=8:2 mode=100364 ouid=0 ogid=0 rdev=0:0 nametype=NORMAL cap_fp=0 cap_fi=0 cap_fe=0 cap_fver=0 cap_frootid=0OUID="root" OGID="root"
type=PROCTITLE msg=audit(1769928817.131:8301): proctitle=7375646F007461696C002D66002F7661722F6C6F672F61756469742F61756469742E6C6F67
type=CWD msg=audit(1769928742.12:9346): cwd="/var/ossec"
type=SYSCALL msg=audit(1769928417.498:6565): arch=c000003e syscall=59 success=yes exit=0 a0=5da302dc87c0 a1=5da302dc7270 a2=5da302dc08f0 a3=5da302dc87a0 items=2 ppid=7758 pid=2448 auid=693 uid=515 gid=1234 euid=598 suid=921 fsuid=917 egid=642 sgid=1326 fsgid=758 tty=pts0 ses=3 comm="sed" exe="/usr/bin/df" subj=unconfined key="process_exec"ARCH=x86_64 SYSCALL=execve AUID="heroic" UID="heroic" GID="heroic" EUID="heroic" SUID="heroic" FSUID="heroic" EGID="heroic" SGID="heroic" FSGID="heroic"
type=EXECVE msg=audit(1769928628.47:5496): argc=2 a0="cat" a1="/var/log/audit/audit.log"
type=PROCTITLE msg=audit(1769928962.327:7402): proctitle=7375646F002D6C
type=PROCTITLE msg=audit(1769928866.726:6383): proctitle=63686D6F64002B78007061796C6F61642E7368
type=LOGIN msg=audit(1769928543.124:5781): pid=6697 uid=0 subj=unconfined old-auid=4294967151 auid=0 tty=(none) old-ses=4294967043 ses=7 res=1UID="root" OLD-AUID="unset" AUID="root"
type=PATH msg=audit(1769928491.478:4571): item=1 name="/lib64/ld-linux-x86-64.so.2" inode=1575713 dev=8:2 mode=100524 ouid=0 ogid=0 rdev=0:0 nametype=NORMAL cap_fp=0 cap_fi=0 cap_fe=0 cap_fver=0 cap_frootid=0OUID="root" OGID="root"
type=PROCTITLE msg=audit(1769928822.328:9363): proctitle=63686D6F64002B78007061796C6F61642E7368
type=PATH msg=audit(1769929093.53:6400): item=0 name="/usr/bin/dircolors" inode=1578013 dev=8:2 mode=100417 ouid=0 ogid=0 rdev=0:0 nametype=NORMAL cap_fp=0 cap_fi=0 cap_fe=0 cap_fver=0 cap_frootid=0OUID="root" OGID="root"
type=SYSCALL msg=audit(1769928933.175:5403): arch=c000003e syscall=59 success=yes exit=0 a0=5dcc53f79020 a1=5dcc53f79000 a2=5dcc53f78db0 a3=5dcc53f79990 items=2 ppid=3493 pid=2994 auid=4294967556 uid=0 gid=0 euid=0 suid=0 fsuid=0 egid=0 sgid=0 fsgid=0 tty=(none) ses=4294967174 comm="df" exe="/usr/bin/python3" subj=unconfined key="process_exec"ARCH=x86_64 SYSCALL=execve AUID="unset" UID="root" GID="root" EUID="root" SUID="root" FSUID="root" EGID="root" SGID="root" FSGID="root"
type=CWD msg=audit(1769928616.1290:4595): cwd="/tmp"
type=PROCTITLE msg=audit(1769929267.665:5915): proctitle="bash"
type=PROCTITLE msg=audit(1769929287.458:5878): proctitle=2F62696E2F7368002D6300636F6D6D616E64202D762064656269616E2D736131203E202F6465762F6E756C6C2026262064656269616E2D73613120312031
type=USER_CMD msg=audit(1769928461.473:7152): pid=9665 uid=1459 auid=889 ses=3 subj=unconfined msg='cwd="/home/heroic" cmd=726D202D66202F6574632F63726F6E2E642F686964735F70657273697374 exe="/usr/bin/sed" terminal=pts/0 res=success'UID="heroic" AUID="heroic"
type=PATH msg=audit(1769929196.638:5453): item=1 name="/lib64/ld-linux-x86-64.so.2" inode=1574984 dev=8:2 mode=100719 ouid=0 ogid=0 rdev=0:0 nametype=NORMAL cap_fp=0 cap_fi=0 cap_fe=0 cap_fver=0 cap_frootid=0OUID="root" OGID="root"
type=USER_ACCT msg=audit(1769928775.824:9475): pid=1634 uid=681 auid=601 ses=3 subj=unconfined msg='op=PAM:accounting grantors=pam_permit,pam_localuser acct="heroic" exe="/usr/bin/python3" hostname=? addr=? terminal=/dev/pts/0 res=success'UID="heroic" AUID="heroic"
type=PATH msg=audit(1769928948.367:7858): item=0 name="/proc/self/fd/9" inode=1596311 dev=8:2 mode=100374 ouid=0 ogid=0 rdev=0:0 nametype=NORMAL cap_fp=0 cap_fi=0 cap_fe=0 cap_fver=0 cap_frootid=0OUID="root" OGID="root"
type=PATH msg=audit(1769928427.414:9293): item=0 name="/usr/bin/sleep" inode=1577715 dev=8:2 mode=100310 ouid=0 ogid=0 rdev=0:0 nametype=NORMAL cap_fp=0 cap_fi=0 cap_fe=0 cap_fver=0 cap_frootid=0OUID="root" OGID="root"
type=CWD msg=audit(1769928931.1354:4433): cwd="/home/heroic"
type=CWD msg=audit(1769929026.104:9503): cwd="/usr/local/bin"
type=PROCTITLE msg=audit(1769928443.537:7649): proctitle=726D002D66002F6574632F63726F6E2E642F686964735F70657273697374
type=PROCTITLE msg=audit(1769929142.783:10061): proctitle=707300617578
type=PROCTITLE msg=audit(1769929068.429:5305): proctitle=6469726E616D65002F7573722F62696E2F6C65737370697065
type=PATH msg=audit(1769928828.182:9224): item=1 name="/lib64/ld-linux-x86-64.so.2" inode=1575633 dev=8:2 mode=100847 ouid=0 ogid=0 rdev=0:0 nametype=NORMAL cap_fp=0 cap_fi=0 cap_fe=0 cap_fver=0 cap_frootid=0OUID="root" OGID="root"
type=EXECVE msg=audit(1769928426.1018:8470): argc=3 a0="rm" a1="-f" a2="/etc/cron.d/hids_persist"
type=PATH msg=audit(1769928807.1037:9836): item=1 name="/etc/cron.d/hids_persist" inode=1704655 dev=8:2 mode=100973 ouid=0 ogid=0 rdev=0:0 nametype=CREATE cap_fp=0 cap_fi=0 cap_fe=0 cap_fver=0 cap_frootid=0OUID="root" OGID="root"
type=EXECVE msg=audit(1769928701.658:6661): argc=3 a0="rm" a1="-f" a2="/etc/cron.d/hids_persist"
type=EXECVE msg=audit(1769928739.333:4612): argc=4 a0="sudo" a1="rm" a2="-f" a3="/etc/cron.d/hids_persist"
type=PATH msg=audit(1769929181.1320:4463): item=2 name="/lib64/ld-linux-x86-64.so.2" inode=1575012 dev=8:2 mode=100922 ouid=0 ogid=0 rdev=0:0 nametype=NORMAL cap_fp=0 cap_fi=0 cap_fe=0 cap_fver=0 cap_frootid=0OUID="root" OGID="root"
type=EXECVE msg=audit(1769929142.757:9422): argc=2 a0="/bin/bash" a1="./malicious_local.sh"
type=PATH msg=audit(1769929100.208:9746): item=1 name="/lib64/ld-linux-x86-64.so.2" inode=1574903 dev=8:2 mode=101237 ouid=0 ogid=0 rdev=0:0 nametype=NORMAL cap_fp=0 cap_fi=0 cap_fe=0 cap_fver=0 cap_frootid=0OUID="root" OGID="root"
type=PATH msg=audit(1769928837.706:3648): item=0 name="/etc/cron.d/" inode=1703818 dev=8:2 mode=40436 ouid=0 ogid=0 rdev=0:0 nametype=PARENT cap_fp=0 cap_fi=0 cap_fe=0 cap_fver=0 cap_frootid=0OUID="root" OGID="root"
type=PATH msg=audit(1769928649.688:8141): item=1 name="/etc/cron.d/hids_persist" inode=1703970 dev=8:2 mode=100283 ouid=0 ogid=0 rdev=0:0 nametype=CREATE cap_fp=0 cap_fi=0 cap_fe=0 cap_fver=0 cap_frootid=0OUID="root" OGID="root"
type=SYSCALL msg=audit(1769929049.289:4118): arch=c000003e syscall=59 success=yes exit=0 a0=5da302dc8600 a1=5da302dcc790 a2=5da302dc08f0 a3=5da302dcc790 items=2 ppid=5621 pid=557 auid=1392 uid=1364 gid=709 euid=987 suid=1423 fsuid=1296 egid=954 sgid=1492 fsgid=768 tty=pts0 ses=3 comm="ss" exe="/bin/sh" subj=unconfined key="process_exec"ARCH=x86_64 SYSCALL=execve AUID="heroic" UID="heroic" GID="heroic" EUID="heroic" SUID="heroic" FSUID="heroic" EGID="heroic" SGID="heroic" FSGID="heroic"
type=PATH msg=audit(1769929017.813:7522): item=1 name="/lib64/ld-linux-x86-64.so.2" inode=1575697 dev=8:2 mode=100905 ouid=0 ogid=0 rdev=0:0 nametype=NORMAL cap_fp=0 cap_fi=0 cap_fe=0 cap_fver=0 cap_frootid=0OUID="root" OGID="root"
type=PATH msg=audit(1769928926.627:6580): item=0 name="/usr/bin/ss" inode=1574362 dev=8:2 mode=100808 ouid=0 ogid=0 rdev=0:0 nametype=NORMAL cap_fp=0 cap_fi=0 cap_fe=0 cap_fver=0 cap_frootid=0OUID="root" OGID="root"
type=PATH msg=audit(1769929180.563:7772): item=0 name="/usr/bin/sudo" inode=1574192 dev=8:2 mode=105164 ouid=0 ogid=0 rdev=0:0 nametype=NORMAL cap_fp=0 cap_fi=0 cap_fe=0 cap_fver=0 cap_frootid=0OUID="root" OGID="root"
type=USER_START msg=audit(1769928601.562:6735): pid=3294 uid=1186 auid=806 ses=3 subj=unconfined msg='op=PAM:session_open grantors=pam_limits,pam_env,pam_env,pam_permit,pam_umask,pam_unix acct="root" exe="/usr/bin/last" hostname=? addr=? terminal=/dev/pts/0 res=success'UID="heroic" AUID="heroic"
type=SYSCALL msg=audit(1769928955.1136:9182): arch=c000003e syscall=59 success=yes exit=0 a0=64e1754cd2b0 a1=64e1754cd310 a2=64e1754c38f0 a3=64e1754cd310 items=2 ppid=2522 pid=4152 auid=1056 uid=941 gid=1106 euid=0 suid=0 fsuid=0 egid=585 sgid=1172 fsgid=1492 tty=pts0 ses=3 comm="df" exe="/usr/bin/sudo" subj=unconfined key="process_exec"ARCH=x86_64 SYSCALL=execve AUID="heroic" UID="heroic" GID="heroic" EUID="root" SUID="root" FSUID="root" EGID="heroic" SGID="heroic" FSGID="heroic"
type=USER_END msg=audit(1769928648.470:9660): pid=3316 uid=814 auid=1347 ses=3 subj=unconfined msg='op=PAM:session_close grantors=pam_limits,pam_env,pam_env,pam_permit,pam_umask,pam_unix acct="root" exe="/usr/bin/last" hostname=? addr=? terminal=/dev/pts/0 res=success'UID="heroic" AUID="heroic"
type=USER_ACCT msg=audit(1769929264.78:7842): pid=4999 uid=833 auid=1015 ses=3 subj=unconfined msg='op=PAM:accounting grantors=pam_permit,pam_localuser acct="heroic" exe="/usr/bin/netstat" hostname=? addr=? terminal=/dev/pts/0 res=success'UID="heroic" AUID="heroic"
type=CWD msg=audit(1769928425.1278:4062): cwd="/home/heroic"
type=PATH msg=audit(1769928779.105:8784): item=1 name="/lib64/ld-linux-x86-64.so.2" inode=1575555 dev=8:2 mode=100498 ouid=0 ogid=0 rdev=0:0 nametype=NORMAL cap_fp=0 cap_fi=0 cap_fe=0 cap_fver=0 cap_frootid=0OUID="root" OGID="root"
type=PROCTITLE msg=audit(1769928464.424:8670): proctitle=726D002D66002F6574632F63726F6E2E642F686964735F70657273697374
type=USER_CMD msg=audit(1769929053.965:8713): pid=6103 uid=1399 auid=997 ses=3 subj=unconfined msg='cwd="/root" cmd=726D202D66202F6574632F63726F6E2E642F686964735F70657273697374 exe="/usr/bin/sed" terminal=pts/0 res=success'UID="heroic" AUID="heroic"
type=SYSCALL msg=audit(1769928523.707:6284): arch=c000003e syscall=59 success=yes exit=0 a0=5df8b09ddb68 a1=5df8b09edba0 a2=5df8b0a007a0 a3=64 items=2 ppid=5206 pid=7081 auid=1238 uid=0 gid=0 euid=0 suid=0 fsuid=0 egid=0 sgid=0 fsgid=0 tty=pts4 ses=3 comm="last" exe="/bin/sh" subj=unconfined key="process_exec"ARCH=x86_64 SYSCALL=execve AUID="heroic" UID="root" GID="root" EUID="root" SUID="root" FSUID="root" EGID="root" SGID="root" FSGID="root"
type=SYSCALL msg=audit(1769928851.625:5466): arch=c000003e syscall=59 success=yes exit=0 a0=64e1754ca420 a1=64e1754cb6e0 a2=64e1754c38f0 a3=64e1754cb6e0 items=2 ppid=4318 pid=4389 auid=1352 uid=1339 gid=1076 euid=1461 suid=1017 fsuid=582 egid=657 sgid=1257 fsgid=1452 tty=pts0 ses=3 comm="ss" exe="/usr/bin/python3" subj=unconfined key="process_exec"ARCH=x86_64 SYSCALL=execve AUID="heroic" UID="heroic" GID="heroic" EUID="heroic" SUID="heroic" FSUID="heroic" EGID="heroic" SGID="heroic" FSGID="heroic"
type=PATH msg=audit(1769928824.661:9512): item=1 name="/lib64/ld-linux-x86-64.so.2" inode=1575437 dev=8:2 mode=101051 ouid=0 ogid=0 rdev=0:0 nametype=NORMAL cap_fp=0 cap_fi=0 cap_fe=0 cap_fver=0 cap_frootid=0OUID="root" OGID="root"
type=SYSCALL msg=audit(1769929342.705:6968): arch=c000003e syscall=59 success=yes exit=0 a0=573324359990 a1=57331ce16600 a2=5733243598e8 a3=1 items=2 ppid=7798 pid=2149 auid=755 uid=0 gid=0 euid=0 suid=0 fsuid=0 egid=0 sgid=0 fsgid=0 tty=pts2 ses=3 comm="python" exe="/bin/sh" subj=unconfined key="process_exec"ARCH=x86_64 SYSCALL=execve AUID="heroic" UID="root" GID="root" EUID="root" SUID="root" FSUID="root" EGID="root" SGID="root" FSGID="root"
type=PROCTITLE msg=audit(1769929134.922:5001): proctitle="id"
type=PATH msg=audit(1769929340.661:9262): item=0 name="/usr/bin/curl" inode=1573283 dev=8:2 mode=100641 ouid=0 ogid=0 rdev=0:0 nametype=NORMAL cap_fp=0 cap_fi=0 cap_fe=0 cap_fver=0 cap_frootid=0OUID="root" OGID="root"
type=SYSCALL msg=audit(1769928633.445:8118): arch=c000003e syscall=59 success=yes exit=0 a0=5da302dc8940 a1=5da302dccd10 a2=5da302dc08f0 a3=5da302dccd10 items=2 ppid=4383 pid=5834 auid=1335 uid=991 gid=1247 euid=792 suid=978 fsuid=525 egid=1101 sgid=1323 fsgid=945 tty=pts0 ses=3 comm="python" exe="/bin/sh" subj=unconfined key="process_exec"ARCH=x86_64 SYSCALL=execve AUID="heroic" UID="heroic" GID="heroic" EUID="heroic" SUID="heroic" FSUID="heroic" EGID="heroic" SGID="heroic" FSGID="heroic"
type=USER_ACCT msg=audit(1769929370.648:4647): pid=682 uid=0 auid=1150 ses=3 subj=unconfined msg='op=PAM:accounting grantors=pam_permit,pam_localuser acct="root" exe="/usr/bin/sed" hostname=? addr=? terminal=/dev/pts/2 res=success'UID="root" AUID="heroic"
type=PROCTITLE msg=audit(1769928936.447:6708): proctitle=746565002F6574632F63726F6E2E642F686964735F70657273697374
type=CWD msg=audit(1769928441.1065:6040): cwd="/root"
type=PATH msg=audit(1769929182.705:6103): item=1 name="/lib64/ld-linux-x86-64.so.2" inode=1575707 dev=8:2 mode=100860 ouid=0 ogid=0 rdev=0:0 nametype=NORMAL cap_fp=0 cap_fi=0 cap_fe=0 cap_fver=0 cap_frootid=0OUID="root" OGID="root"
type=PROCTITLE msg=audit(1769929010.401:6423): proctitle=707300617578
type=SYSCALL msg=audit(1769928783.751:7588): arch=c000003e syscall=59 success=yes exit=0 a0=7ffd2e5d34c0 a1=7ffd2e5d34e0 a2=7ffd2e5d3fd0 a3=8 items=2 ppid=3842 pid=1162 auid=4294967468 uid=0 gid=0 euid=0 suid=0 fsuid=0 egid=0 sgid=0 fsgid=0 tty=(none) ses=4294967399 comm="sort" exe="/usr/bin/python3" subj=unconfined key="process_exec"ARCH=x86_64 SYSCALL=execve AUID="unset" UID="root" GID="root" EUID="root" SUID="root" FSUID="root" EGID="root" SGID="root" FSGID="root"
type=EXECVE msg=audit(1769928476.546:4895): argc=3 a0="cp" a1="/var/log/audit/audit.log" a2="/home/heroic/Desktop/scripts-for-data-generation/"
type=PATH msg=audit(1769928608.584:4469): item=1 name="/lib64/ld-linux-x86-64.so.2" inode=1574921 dev=8:2 mode=100495 ouid=0 ogid=0 rdev=0:0 nametype=NORMAL cap_fp=0 cap_fi=0 cap_fe=0 cap_fver=0 cap_frootid=0OUID="root" OGID="root"
type=SYSCALL msg=audit(1769929301.759:7138): arch=c000003e syscall=59 success=yes exit=0 a0=5da302dcc970 a1=5da302dca210 a2=5da302dc08f0 a3=5da302dc8920 items=2 ppid=2726 pid=2371 auid=773 uid=1178 gid=1037 euid=1416 suid=853 fsuid=926 egid=696 sgid=1270 fsgid=812 tty=pts0 ses=3 comm="sed" exe="/usr/bin/sort" subj=unconfined key="process_exec"ARCH=x86_64 SYSCALL=execve AUID="heroic" UID="heroic" GID="heroic" EUID="heroic" SUID="heroic" FSUID="heroic" EGID="heroic" SGID="heroic" FSGID="heroic"
type=CRED_REFR msg=audit(1769929073.546:5358): pid=9593 uid=0 auid=0 ses=8 subj=unconfined msg='op=PAM:setcred grantors=pam_permit,pam_cap acct="root" exe="/bin/sh" hostname=? addr=? terminal=cron res=success'UID="root" AUID="root"
type=EXECVE msg=audit(1769928620.586:9122): argc=2 a0="basename" a1="/usr/bin/lesspipe"
type=PROCTITLE msg=audit(1769928612.71:10046): proctitle=6D6B646972002D70002F746D702F686964735F6D616C6963696F7573
type=PATH msg=audit(1769928433.518:5907): item=1 name="/lib64/ld-linux-x86-64.so.2" inode=1574945 dev=8:2 mode=101140 ouid=0 ogid=0 rdev=0:0 nametype=NORMAL cap_fp=0 cap_fi=0 cap_fe=0 cap_fver=0 cap_frootid=0OUID="root" OGID="root"
type=PATH msg=audit(1769929150.855:8062): item=1 name="/lib64/ld-linux-x86-64.so.2" inode=1575699 dev=8:2 mode=100917 ouid=0 ogid=0 rdev=0:0 nametype=NORMAL cap_fp=0 cap_fi=0 cap_fe=0 cap_fver=0 cap_frootid=0OUID="root" OGID="root"
type=SYSCALL msg=audit(1769928453.159:6995): arch=c000003e syscall=59 success=yes exit=0 a0=7ffd2e5d34c0 a1=7ffd2e5d34e0 a2=7ffd2e5d3fd0 a3=8 items=2 ppid=1615 pid=7268 auid=4294967142 uid=0 gid=0 euid=0 suid=0 fsuid=0 egid=0 sgid=0 fsgid=0 tty=(none) ses=4294967586 comm="df" exe="/usr/bin/sudo" subj=unconfined key="process_exec"ARCH=x86_64 SYSCALL=execve AUID="unset" UID="root" GID="root" EUID="root" SUID="root" FSUID="root" EGID="root" SGID="root" FSGID="root"
type=CWD msg=audit(1769928760.397:8125): cwd=2F746D702F686964735F6D616C6963696F7573202864656C6574656429
type=PATH msg=audit(1769929408.332:9191): item=1 name="/lib64/ld-linux-x86-64.so.2" inode=1575740 dev=8:2 mode=100342 ouid=0 ogid=0 rdev=0:0 nametype=NORMAL cap_fp=0 cap_fi=0 cap_fe=0 cap_fver=0 cap_frootid=0OUID="root" OGID="root"
type=PATH msg=audit(1769929056.57:6669): item=0 name="/usr/bin/tee" inode=1577718 dev=8:2 mode=101162 ouid=0 ogid=0 rdev=0:0 nametype=NORMAL cap_fp=0 cap_fi=0 cap_fe=0 cap_fver=0 cap_frootid=0OUID="root" OGID="root"
type=EXECVE msg=audit(1769928836.411:8023): argc=3 a0="rm" a1="-f" a2="/etc/cron.d/hids_persist"
type=PATH msg=audit(1769929259.650:6145): item=1 name="/lib64/ld-linux-x86-64.so.2" inode=1575264 dev=8:2 mode=100532 ouid=0 ogid=0 rdev=0:0 nametype=NORMAL cap_fp=0 cap_fi=0 cap_fe=0 cap_fver=0 cap_frootid=0OUID="root" OGID="root"
type=SYSCALL msg=audit(1769928932.173:9249): arch=c000003e syscall=59 success=yes exit=0 a0=5da302dccbb0 a1=5da302dccb90 a2=5da302dc08f0 a3=5da302dccb90 items=2 ppid=3899 pid=9452 auid=650 uid=968 gid=935 euid=0 suid=0 fsuid=0 egid=1482 sgid=790 fsgid=1413 tty=pts0 ses=3 comm="sudo" exe="/usr/bin/sudo" subj=unconfined key="process_exec"ARCH=x86_64 SYSCALL=execve AUID="heroic" UID="heroic" GID="heroic" EUID="root" SUID="root" FSUID="root" EGID="heroic" SGID="heroic" FSGID="heroic"
type=SYSCALL msg=audit(1769928747.569:5997): arch=c000003e syscall=59 success=yes exit=0 a0=5981d5f7b230 a1=5981d5f787a0 a2=5981d5f73ca0 a3=5981d5f72d40 items=2 ppid=2709 pid=2140 auid=4294967744 uid=1002 gid=1379 euid=1103 suid=1313 fsuid=722 egid=933 sgid=1139 fsgid=1413 tty=(none) ses=4294966846 comm="python" exe="/usr/bin/last" subj=unconfined key="process_exec"ARCH=x86_64 SYSCALL=execve AUID="unset" UID="fwupd-refresh" GID="fwupd-refresh" EUID="fwupd-refresh" SUID="fwupd-refresh" FSUID="fwupd-refresh" EGID="fwupd-refresh" SGID="fwupd-refresh" FSGID="fwupd-refresh"
type=SYSCALL msg=audit(1769929068.573:4571): arch=c000003e syscall=59 success=yes exit=0 a0=64e1754d03b0 a1=64e1754cf910 a2=64e1754c38f0 a3=64e1754cb940 items=2 ppid=4463 pid=5893 auid=1273 uid=1155 gid=848 euid=1407 suid=540 fsuid=872 egid=959 sgid=1043 fsgid=706 tty=pts0 ses=3 comm="sed" exe="/bin/sh" subj=unconfined key="process_exec"ARCH=x86_64 SYSCALL=execve AUID="heroic" UID="heroic" GID="heroic" EUID="heroic" SUID="heroic" FSUID="heroic" EGID="heroic" SGID="heroic" FSGID="heroic"
type=PATH msg=audit(1769929243.764:5082): item=1 name="/lib64/ld-linux-x86-64.so.2" inode=1575661 dev=8:2 mode=101249 ouid=0 ogid=0 rdev=0:0 nametype=NORMAL cap_fp=0 cap_fi=0 cap_fe=0 cap_fver=0 cap_frootid=0OUID="root" OGID="root"
type=CWD msg=audit(1769929189.776:5092): cwd="/tmp"
type=PATH msg=audit(1769928930.186:10200): item=1 name="/lib64/ld-linux-x86-64.so.2" inode=1575669 dev=8:2 mode=100856 ouid=0 ogid=0 rdev=0:0 nametype=NORMAL cap_fp=0 cap_fi=0 cap_fe=0 cap_fver=0 cap_frootid=0OUID="root" OGID="root"
type=EXECVE msg=audit(1769928412.510:8899): argc=2 a0="sleep" a1="90"
type=CWD msg=audit(1769928698.896:5990): cwd="/var/ossec"
type=EXECVE msg=audit(1769928509.685:6432): argc=1 a0="whoami"
type=PATH msg=audit(1769929384.562:8268): item=0 name="/usr/bin/ss" inode=1573792 dev=8:2 mode=100712 ouid=0 ogid=0 rdev=0:0 nametype=NORMAL cap_fp=0 cap_fi=0 cap_fe=0 cap_fver=0 cap_frootid=0OUID="root" OGID="root"
type=PATH msg=audit(1769928766.997:5383): item=1 name="/lib64/ld-linux-x86-64.so.2" inode=1575009 dev=8:2 mode=101051 ouid=0 ogid=0 rdev=0:0 nametype=NORMAL cap_fp=0 cap_fi=0 cap_fe=0 cap_fver=0 cap_frootid=0OUID="root" OGID="root"
type=EXECVE msg=audit(1769928737.19:7762): argc=1 a0="id"
type=PATH msg=audit(1769928609.671:5539): item=0 name="/usr/bin/sudo" inode=1574511 dev=8:2 mode=105251 ouid=0 ogid=0 rdev=0:0 nametype=NORMAL cap_fp=0 cap_fi=0 cap_fe=0 cap_fver=0 cap_frootid=0OUID="root" OGID="root"
type=PROCTITLE msg=audit(1769928788.1285:5010): proctitle=6C73002D2D636F6C6F723D6175746F
type=SYSCALL msg=audit(1769929252.496:5525): arch=c000003e syscall=59 success=yes exit=0 a0=64e1754cff30 a1=64e1754cff10 a2=64e1754c38f0 a3=64e1754cff10 items=2 ppid=4170 pid=2528 auid=1114 uid=1419 gid=1193 euid=0 suid=0 fsuid=0 egid=699 sgid=1251 fsgid=501 tty=pts0 ses=3 comm="python" exe="/bin/sh" subj=unconfined key="process_exec"ARCH=x86_64 SYSCALL=execve AUID="heroic" UID="heroic" GID="heroic" EUID="root" SUID="root" FSUID="root" EGID="heroic" SGID="heroic" FSGID="heroic"
type=SYSCALL msg=audit(1769929007.152:6344): arch=c000003e syscall=59 success=yes exit=0 a0=5da302dcc190 a1=5da302dc79b0 a2=5da302dc08f0 a3=8 items=2 ppid=9421 pid=7936 auid=1056 uid=1192 gid=859 euid=870 suid=1025 fsuid=853 egid=725 sgid=1211 fsgid=1129 tty=pts0 ses=3 comm="sudo" exe="/usr/bin/df" subj=unconfined key="process_exec"ARCH=x86_64 SYSCALL=execve AUID="heroic" UID="heroic" GID="heroic" EUID="heroic" SUID="heroic" FSUID="heroic" EGID="heroic" SGID="heroic" FSGID="heroic"
type=PATH msg=audit(1769929333.828:9362): item=0 name="/usr/bin/sudo" inode=1574455 dev=8:2 mode=104351 ouid=0 ogid=0 rdev=0:0 nametype=NORMAL cap_fp=0 cap_fi=0 cap_fe=0 cap_fver=0 cap_frootid=0OUID="root" OGID="root"
type=USER_START msg=audit(1769928829.668:4139): pid=8713 uid=560 auid=709 ses=3 subj=unconfined msg='op=PAM:session_open grantors=pam_limits,pam_env,pam_env,pam_permit,pam_umask,pam_unix acct="root" exe="/usr/bin/sort" hostname=? addr=? terminal=/dev/pts/0 res=success'UID="heroic" AUID="heroic"
type=PATH msg=audit(1769929393.1263:5582): item=0 name="/usr/bin/sed" inode=1573915 dev=8:2 mode=101083 ouid=0 ogid=0 rdev=0:0 nametype=NORMAL cap_fp=0 cap_fi=0 cap_fe=0 cap_fver=0 cap_frootid=0OUID="root" OGID="root"
type=PATH msg=audit(1769929046.539:10004): item=0 name="/usr/bin/bash" inode=1573594 dev=8:2 mode=100758 ouid=0 ogid=0 rdev=0:0 nametype=NORMAL cap_fp=0 cap_fi=0 cap_fe=0 cap_fver=0 cap_frootid=0OUID="root" OGID="root"
type=PATH msg=audit(1769929218.672:7516): item=1 name="/etc/cron.d/hids_persist" inode=1704622 dev=8:2 mode=101019 ouid=0 ogid=0 rdev=0:0 nametype=CREATE cap_fp=0 cap_fi=0 cap_fe=0 cap_fver=0 cap_frootid=0OUID="root" OGID="root"
type=CWD msg=audit(1769928573.534:4748): cwd="/tmp"
type=EXECVE msg=audit(1769928840.922:8734): argc=1 a0="bash"
type=PATH msg=audit(1769928734.435:9058): item=1 name="/bin/sh" inode=1573427 dev=8:2 mode=100626 ouid=0 ogid=0 rdev=0:0 nametype=NORMAL cap_fp=0 cap_fi=0 cap_fe=0 cap_fver=0 cap_frootid=0OUID="root" OGID="root"
type=SYSCALL msg=audit(1769929299.285:7233): arch=c000003e syscall=59 success=yes exit=0 a0=5da302dc8980 a1=5da302dc78d0 a2=5da302dc08f0 a3=8 items=2 ppid=8170 pid=8583 auid=911 uid=1355 gid=722 euid=884 suid=1388 fsuid=1421 egid=553 sgid=1285 fsgid=1469 tty=pts0 ses=3 comm="df" exe="/usr/bin/last" subj=unconfined key="process_exec"ARCH=x86_64 SYSCALL=execve AUID="heroic" UID="heroic" GID="heroic" EUID="heroic" SUID="heroic" FSUID="heroic" EGID="heroic" SGID="heroic" FSGID="heroic"
type=PROCTITLE msg=audit(1769928959.135:6023): proctitle=756E616D65002D61
type=PROCTITLE msg=audit(1769929116.577:5659): proctitle=7375646F00726D002D66002F6574632F63726F6E2E642F686964735F70657273697374
type=SYSCALL msg=audit(1769929044.457:5658): arch=c000003e syscall=59 success=yes exit=0 a0=64e1754ced10 a1=64e1754cb980 a2=64e1754c38f0 a3=64e1754cb980 items=2 ppid=3938 pid=4193 auid=1147 uid=909 gid=952 euid=0 suid=0 fsuid=0 egid=1264 sgid=1471 fsgid=791 tty=pts0 ses=3 comm="python" exe="/usr/bin/netstat" subj=unconfined key="process_exec"ARCH=x86_64 SYSCALL=execve AUID="heroic" UID="heroic" GID="heroic" EUID="root" SUID="root" FSUID="root" EGID="heroic" SGID="heroic" FSGID="heroic"
type=EXECVE msg=audit(1769929130.930:9653): argc=7 a0="/usr/lib/systemd/systemd-executor" a1="--deserialize" a2="148" a3="--log-level" a4="info" a5="--log-target" a6="journal-or-kmsg"
type=EXECVE msg=audit(1769929215.1144:8317): argc=3 a0="sudo" a1="tee" a2="/etc/cron.d/hids_persist"
type=PATH msg=audit(1769929310.832:6408): item=1 name="/lib64/ld-linux-x86-64.so.2" inode=1575188 dev=8:2 mode=100654 ouid=0 ogid=0 rdev=0:0 nametype=NORMAL cap_fp=0 cap_fi=0 cap_fe=0 cap_fver=0 cap_frootid=0OUID="root" OGID="root"
type=PROCTITLE msg=audit(1769928760.937:8781): proctitle=7375646F002D6C
type=CRED_REFR msg=audit(1769929366.147:5419): pid=1590 uid=1194 auid=1063 ses=3 subj=unconfined msg='op=PAM:setcred grantors=pam_permit,pam_cap acct="root" exe="/usr/bin/sed" hostname=? addr=? terminal=/dev/pts/0 res=success'UID="heroic" AUID="heroic"
type=SYSCALL msg=audit(1769928912.870:8044): arch=c000003e syscall=59 success=yes exit=0 a0=5da302dc7420 a1=5da302dc8980 a2=5da302dc08f0 a3=5da302dc8980 items=2 ppid=5540 pid=6004 auid=994 uid=908 gid=1060 euid=0 suid=0 fsuid=0 egid=1404 sgid=1239 fsgid=883 tty=pts0 ses=3 comm="df" exe="/usr/bin/sort" subj=unconfined key="process_exec"ARCH=x86_64 SYSCALL=execve AUID="heroic" UID="heroic" GID="heroic" EUID="root" SUID="root" FSUID="root" EGID="heroic" SGID="heroic" FSGID="heroic"
type=PATH msg=audit(1769928823.620:5802): item=0 name="/usr/bin/ps" inode=1574488 dev=8:2 mode=100456 ouid=0 ogid=0 rdev=0:0 nametype=NORMAL cap_fp=0 cap_fi=0 cap_fe=0 cap_fver=0 cap_frootid=0OUID="root" OGID="root"
type=SYSCALL msg=audit(1769928719.1223:5178): arch=c000003e syscall=59 success=yes exit=0 a0=58d4a4b33b68 a1=58d4a4b43ba0 a2=58d4a4b56340 a3=64 items=2 ppid=7884 pid=3569 auid=1284 uid=0 gid=0 euid=0 suid=0 fsuid=0 egid=0 sgid=0 fsgid=0 tty=pts1 ses=3 comm="df" exe="/usr/bin/tail" subj=unconfined key="process_exec"ARCH=x86_64 SYSCALL=execve AUID="heroic" UID="root" GID="root" EUID="root" SUID="root" FSUID="root" EGID="root" SGID="root" FSGID="root"
type=CWD msg=audit(1769929323.56:8514): cwd="/var/ossec"
type=PROCTITLE msg=audit(1769928591.457:8378): proctitle=746565002F6574632F63726F6E2E642F686964735F70657273697374
type=SYSCALL msg=audit(1769928581.422:4710): arch=c000003e syscall=59 success=yes exit=0 a0=5da302dcd390 a1=5da302dc87e0 a2=5da302dc08f0 a3=5da302dc87e0 items=2 ppid=7828 pid=9960 auid=707 uid=1431 gid=1432 euid=921 suid=1008 fsuid=539 egid=1452 sgid=1195 fsgid=1166 tty=pts0 ses=3 comm="python" exe="/usr/bin/sudo" subj=unconfined key="process_exec"ARCH=x86_64 SYSCALL=execve AUID="heroic" UID="heroic" GID="heroic" EUID="heroic" SUID="heroic" FSUID="heroic" EGID="heroic" SGID="heroic" FSGID="heroic"
type=CRED_DISP msg=audit(1769929345.292:5153): pid=3334 uid=1232 auid=507 ses=3 subj=unconfined msg='op=PAM:setcred grantors=pam_permit acct="root" exe="/bin/sh" hostname=? addr=? terminal=/dev/pts/0 res=success'UID="heroic" AUID="heroic"
type=SYSCALL msg=audit(1769928977.574:9949): arch=c000003e syscall=59 success=yes exit=0 a0=59740aa85b68 a1=59740aa95ba0 a2=59740aaa8340 a3=64 items=2 ppid=8214 pid=8035 auid=1237 uid=0 gid=0 euid=0 suid=0 fsuid=0 egid=0 sgid=0 fsgid=0 tty=pts3 ses=3 comm="sort" exe="/usr/bin/tail" subj=unconfined key="process_exec"ARCH=x86_64 SYSCALL=execve AUID="heroic" UID="root" GID="root" EUID="root" SUID="root" FSUID="root" EGID="root" SGID="root" FSGID="root"
type=CWD msg=audit(1769929339.613:5041): cwd="/var/ossec"
type=PATH msg=audit(1769929113.115:7046): item=0 name="/usr/bin/ss" inode=1574635 dev=8:2 mode=101141 ouid=0 ogid=0 rdev=0:0 nametype=NORMAL cap_fp=0 cap_fi=0 cap_fe=0 cap_fver=0 cap_frootid=0OUID="root" OGID="root"
type=PATH msg=audit(1769928731.821:4842): item=1 name="/lib64/ld-linux-x86-64.so.2" inode=1574886 dev=8:2 mode=101001 ouid=0 ogid=0 rdev=0:0 nametype=NORMAL cap_fp=0 cap_fi=0 cap_fe=0 cap_fver=0 cap_frootid=0OUID="root" OGID="root"
type=SYSCALL msg=audit(1769928735.510:8003): arch=c000003e syscall=59 success=yes exit=0 a0=5c6c3e03e010 a1=5c6c3e03e150 a2=5c6c3d078860 a3=0 items=3 ppid=1595 pid=5730 auid=1232 uid=1154 gid=1499 euid=612 suid=1494 fsuid=628 egid=1135 sgid=881 fsgid=1360 tty=(none) ses=5 comm="netstat" exe="/usr/bin/sort" subj=desktop-icons-ng key="process_exec"ARCH=x86_64 SYSCALL=execve AUID="heroic" UID="heroic" GID="heroic" EUID="heroic" SUID="heroic" FSUID="heroic" EGID="heroic" SGID="heroic" FSGID="heroic"
type=SYSCALL msg=audit(1769929247.89:7685): arch=c000003e syscall=59 success=yes exit=0 a0=5da302dcc950 a1=5da302dc8920 a2=5da302dc08f0 a3=5da302dc8920 items=2 ppid=3964 pid=8300 auid=1456 uid=835 gid=1343 euid=837 suid=862 fsuid=1328 egid=786 sgid=1418 fsgid=995 tty=pts0 ses=3 comm="python" exe="/usr/bin/tail" subj=unconfined key="process_exec"ARCH=x86_64 SYSCALL=execve AUID="heroic" UID="heroic" GID="heroic" EUID="heroic" SUID="heroic" FSUID="heroic" EGID="heroic" SGID="heroic" FSGID="heroic"
type=PATH msg=audit(1769929213.373:5838): item=0 name="/usr/bin/sudo" inode=1574543 dev=8:2 mode=105160 ouid=0 ogid=0 rdev=0:0 nametype=NORMAL cap_fp=0 cap_fi=0 cap_fe=0 cap_fver=0 cap_frootid=0OUID="root" OGID="root"
type=PATH msg=audit(1769928948.98:5964): item=0 name="/usr/sbin/gjs" nametype=UNKNOWN cap_fp=0 cap_fi=0 cap_fe=0 cap_fver=0 cap_frootid=0
type=EXECVE msg=audit(1769929126.846:6543): argc=4 a0="sh" a1="-c" a2="--" a3=6E657473746174202D74756C706E207C207365642027732F5C285B5B3A616C6E756D3A5D5D5C2B5C295C205C2B5B5B3A64696769743A5D5D5C2B5C205C2B5B5B3A64696769743A5D5D5C2B5C205C2B5C282E2A5C293A5C285B5B3A64696769743A5D5D2A5C295C205C2B5C285B302D395C2E5C3A5C2A5D5C2B5C292E5C2B5C205C285B5B3A64696769743A5D5D2A5C2F5B5B3A616C6E756D3A5D5C2D5D2A5C292E2A2F5C31205C32203D3D205C33203D3D205C34205C352F27207C20736F7274202D6B2034202D67207C207365642027732F203D3D205C282E2A5C29203D3D2F3A5C312F27207C2073656420312C3264
type=SYSCALL msg=audit(1769929388.776:7218): arch=c000003e syscall=1 success=yes exit=1 a0=7 a1=7ffeb4c10450 a2=1 a3=0 items=0 ppid=3706 pid=4217 auid=0 uid=0 gid=0 euid=0 suid=0 fsuid=0 egid=0 sgid=0 fsgid=0 tty=(none) ses=8 comm="sed" exe="/usr/bin/sudo" subj=unconfined key=(null)ARCH=x86_64 SYSCALL=write AUID="root" UID="root" GID="root" EUID="root" SUID="root" FSUID="root" EGID="root" SGID="root" FSGID="root"
type=USER_START msg=audit(1769928576.77:9534): pid=7720 uid=686 auid=1157 ses=3 subj=unconfined msg='op=PAM:session_open grantors=pam_limits,pam_env,pam_env,pam_permit,pam_umask,pam_unix acct="root" exe="/usr/bin/last" hostname=? addr=? terminal=/dev/pts/0 res=success'UID="heroic" AUID="heroic"
type=PROCTITLE msg=audit(1769928790.311:3733): proctitle=7375646F00726D002D66002F6574632F63726F6E2E642F686964735F70657273697374
type=PATH msg=audit(1769928465.14:5143): item=1 name="/etc/cron.d/hids_persist" inode=1703796 dev=8:2 mode=100636 ouid=0 ogid=0 rdev=0:0 nametype=CREATE cap_fp=0 cap_fi=0 cap_fe=0 cap_fver=0 cap_frootid=0OUID="root" OGID="root"
type=PROCTITLE msg=audit(1769928445.1081:5294): proctitle="whoami"
type=SYSCALL msg=audit(1769928941.178:8888): arch=c000003e syscall=59 success=yes exit=0 a0=64e1754c9e20 a1=64e1754ca8d0 a2=64e1754c38f0 a3=8 items=2 ppid=1595 pid=2633 auid=978 uid=1466 gid=1405 euid=902 suid=1003 fsuid=1147 egid=1187 sgid=675 fsgid=924 tty=pts0 ses=3 comm="netstat" exe="/usr/bin/sed" subj=unconfined key="process_exec"ARCH=x86_64 SYSCALL=execve AUID="heroic" UID="heroic" GID="heroic" EUID="heroic" SUID="heroic" FSUID="heroic" EGID="heroic" SGID="heroic" FSGID="heroic"
type=EXECVE msg=audit(1769929318.1051:5435): argc=3 a0="chmod" a1="+x" a2="payload.sh"
type=PATH msg=audit(1769928580.521:6722): item=0 name="/usr/bin/tee" inode=1577926 dev=8:2 mode=100257 ouid=0 ogid=0 rdev=0:0 nametype=NORMAL cap_fp=0 cap_fi=0 cap_fe=0 cap_fver=0 cap_frootid=0OUID="root" OGID="root"
type=PATH msg=audit(1769928842.408:5104): item=0 name="/usr/bin/sudo" inode=1574527 dev=8:2 mode=105097 ouid=0 ogid=0 rdev=0:0 nametype=NORMAL cap_fp=0 cap_fi=0 cap_fe=0 cap_fver=0 cap_frootid=0OUID="root" OGID="root"
type=PATH msg=audit(1769928491.766:7781): item=0 name="/usr/bin/whoami" inode=1578254 dev=8:2 mode=100498 ouid=0 ogid=0 rdev=0:0 nametype=NORMAL cap_fp=0 cap_fi=0 cap_fe=0 cap_fver=0 cap_frootid=0OUID="root" OGID="root"
type=PATH msg=audit(1769928593.226:8266): item=1 name="/lib64/ld-linux-x86-64.so.2" inode=1575569 dev=8:2 mode=100582 ouid=0 ogid=0 rdev=0:0 nametype=NORMAL cap_fp=0 cap_fi=0 cap_fe=0 cap_fver=0 cap_frootid=0OUID="root" OGID="root"
type=SYSCALL msg=audit(1769929048.625:5367): arch=c000003e syscall=59 success=yes exit=0 a0=64e1754ca420 a1=64e1754d1d90 a2=64e1754c38f0 a3=64e1754cb980 items=2 ppid=7934 pid=6584 auid=572 uid=1028 gid=759 euid=652 suid=1252 fsuid=881 egid=873 sgid=1138 fsgid=1489 tty=pts0 ses=3 comm="sudo" exe="/usr/bin/sudo" subj=unconfined key="process_exec"ARCH=x86_64 SYSCALL=execve AUID="heroic" UID="heroic" GID="heroic" EUID="heroic" SUID="heroic" FSUID="heroic" EGID="heroic" SGID="heroic" FSGID="heroic"
type=PATH msg=audit(1769929083.562:3704): item=0 name="/usr/bin/rm" inode=1577863 dev=8:2 mode=100455 ouid=0 ogid=0 rdev=0:0 nametype=NORMAL cap_fp=0 cap_fi=0 cap_fe=0 cap_fver=0 cap_frootid=0OUID="root" OGID="root"
type=SYSCALL msg=audit(1769929139.1021:9913): arch=c000003e syscall=59 success=yes exit=0 a0=5da302dcd0f0 a1=5da302dc77f0 a2=5da302dc08f0 a3=8 items=2 ppid=4830 pid=6204 auid=653 uid=565 gid=1382 euid=1161 suid=1457 fsuid=1496 egid=1348 sgid=763 fsgid=732 tty=pts0 ses=3 comm="netstat" exe="/usr/bin/last" subj=unconfined key="process_exec"ARCH=x86_64 SYSCALL=execve AUID="heroic" UID="heroic" GID="heroic" EUID="heroic" SUID="heroic" FSUID="heroic" EGID="heroic" SGID="heroic" FSGID="heroic"
type=USER_START msg=audit(1769929396.1071:9155): pid=5563 uid=753 auid=1334 ses=3 subj=unconfined msg='op=PAM:session_open grantors=pam_limits,pam_env,pam_env,pam_permit,pam_umask,pam_unix acct="root" exe="/usr/bin/df" hostname=? addr=? terminal=/dev/pts/0 res=success'UID="heroic" AUID="heroic"
type=CWD msg=audit(1769928812.303:8862): cwd=2F746D702F686964735F6D616C6963696F7573202864656C6574656429
type=CWD msg=audit(1769929343.553:8542): cwd="/var/ossec"
type=PATH msg=audit(1769929120.894:8989): item=1 name="/lib64/ld-linux-x86-64.so.2" inode=1575709 dev=8:2 mode=100887 ouid=0 ogid=0 rdev=0:0 nametype=NORMAL cap_fp=0 cap_fi=0 cap_fe=0 cap_fver=0 cap_frootid=0OUID="root" OGID="root"
type=PATH msg=audit(1769928421.634:8878): item=0 name="/proc/self/fd/9" inode=1596490 dev=8:2 mode=100411 ouid=0 ogid=0 rdev=0:0 nametype=NORMAL cap_fp=0 cap_fi=0 cap_fe=0 cap_fver=0 cap_frootid=0OUID="root" OGID="root"
type=CWD msg=audit(1769929233.754:9323): cwd="/root"
type=PATH msg=audit(1769928868.321:3944): item=0 name="/usr/bin/gpgconf" inode=1575150 dev=8:2 mode=100877 ouid=0 ogid=0 rdev=0:0 nametype=NORMAL cap_fp=0 cap_fi=0 cap_fe=0 cap_fver=0 cap_frootid=0OUID="root" OGID="root"
type=PATH msg=audit(1769929055.841:5868): item=0 name="/usr/bin/curl" inode=1573395 dev=8:2 mode=100389 ouid=0 ogid=0 rdev=0:0 nametype=NORMAL cap_fp=0 cap_fi=0 cap_fe=0 cap_fver=0 cap_frootid=0OUID="root" OGID="root"
type=EXECVE msg=audit(1769928515.467:4230): argc=2 a0="uname" a1="-a"
type=PATH msg=audit(1769928924.1435:7762): item=0 name="/usr/bin/curl" inode=1574136 dev=8:2 mode=100544 ouid=0 ogid=0 rdev=0:0 nametype=NORMAL cap_fp=0 cap_fi=0 cap_fe=0 cap_fver=0 cap_frootid=0OUID="root" OGID="root"
type=EXECVE msg=audit(1769928457.187:4308): argc=2 a0="sleep" a1="90"
type=PATH msg=audit(1769928809.334:4850): item=1 name="/lib64/ld-linux-x86-64.so.2" inode=1574864 dev=8:2 mode=100910 ouid=0 ogid=0 rdev=0:0 nametype=NORMAL cap_fp=0 cap_fi=0 cap_fe=0 cap_fver=0 cap_frootid=0OUID="root" OGID="root"
type=PATH msg=audit(1769929324.543:7015): item=0 name="/usr/bin/sudo" inode=1574612 dev=8:2 mode=104673 ouid=0 ogid=0 rdev=0:0 nametype=NORMAL cap_fp=0 cap_fi=0 cap_fe=0 cap_fver=0 cap_frootid=0OUID="root" OGID="root"
type=SYSCALL msg=audit(1769929331.420:7130): arch=c000003e syscall=59 success=yes exit=0 a0=7ffd2e5d34c0 a1=7ffd2e5d34e0 a2=7ffd2e5d3fd0 a3=8 items=2 ppid=8994 pid=6133 auid=4294967084 uid=0 gid=0 euid=0 suid=0 fsuid=0 egid=0 sgid=0 fsgid=0 tty=(none) ses=4294966898 comm="netstat" exe="/usr/bin/last" subj=unconfined key="process_exec"ARCH=x86_64 SYSCALL=execve AUID="unset" UID="root" GID="root" EUID="root" SUID="root" FSUID="root" EGID="root" SGID="root" FSGID="root"
type=USER_ACCT msg=audit(1769928956.305:4419): pid=2382 uid=507 auid=644 ses=3 subj=unconfined msg='op=PAM:accounting grantors=pam_permit,pam_localuser acct="heroic" exe="/usr/bin/python3" hostname=? addr=? terminal=/dev/pts/0 res=success'UID="heroic" AUID="heroic"
type=PATH msg=audit(1769929268.1142:4550): item=0 name="/usr/bin/sudo" inode=1574684 dev=8:2 mode=104941 ouid=0 ogid=0 rdev=0:0 nametype=NORMAL cap_fp=0 cap_fi=0 cap_fe=0 cap_fver=0 cap_frootid=0OUID="root" OGID="root"
type=PATH msg=audit(1769929389.1128:4902): item=1 name="/lib64/ld-linux-x86-64.so.2" inode=1575140 dev=8:2 mode=100323 ouid=0 ogid=0 rdev=0:0 nametype=NORMAL cap_fp=0 cap_fi=0 cap_fe=0 cap_fver=0 cap_frootid=0OUID="root" OGID="root"
type=PATH msg=audit(1769929102.444:5347): item=0 name="/usr/bin/chmod" inode=1577655 dev=8:2 mode=100949 ouid=0 ogid=0 rdev=0:0 nametype=NORMAL cap_fp=0 cap_fi=0 cap_fe=0 cap_fver=0 cap_frootid=0OUID="root" OGID="root"
type=EXECVE msg=audit(1769928843.88:4055): argc=2 a0="sleep" a1="90"
type=PATH msg=audit(1769929230.260:7744): item=1 name="/lib64/ld-linux-x86-64.so.2" inode=1575121 dev=8:2 mode=101219 ouid=0 ogid=0 rdev=0:0 nametype=NORMAL cap_fp=0 cap_fi=0 cap_fe=0 cap_fver=0 cap_frootid=0OUID="root" OGID="root"
type=LOGIN msg=audit(1769929016.54:8617): pid=2004 uid=0 subj=unconfined old-auid=4294967109 auid=0 tty=(none) old-ses=4294967201 ses=7 res=1UID="root" OLD-AUID="unset" AUID="root"
type=SYSCALL msg=audit(1769928518.662:8669): arch=c000003e syscall=59 success=yes exit=0 a0=5da302dcd5f0 a1=5da302dced00 a2=5da302dc08f0 a3=5da302dccd10 items=2 ppid=10191 pid=5304 auid=1455 uid=772 gid=1333 euid=821 suid=1204 fsuid=1449 egid=1151 sgid=1259 fsgid=1228 tty=pts0 ses=3 comm="df" exe="/usr/bin/df" subj=unconfined key="process_exec"ARCH=x86_64 SYSCALL=execve AUID="heroic" UID="heroic" GID="heroic" EUID="heroic" SUID="heroic" FSUID="heroic" EGID="heroic" SGID="heroic" FSGID="heroic"
type=PROCTITLE msg=audit(1769928876.301:4998): proctitle=746565002F6574632F63726F6E2E642F686964735F70657273697374
type=PATH msg=audit(1769928532.831:8577): item=0 name="/usr/bin/whoami" inode=1578171 dev=8:2 mode=100255 ouid=0 ogid=0 rdev=0:0 nametype=NORMAL cap_fp=0 cap_fi=0 cap_fe=0 cap_fver=0 cap_frootid=0OUID="root" OGID="root"
type=EXECVE msg=audit(1769928562.177:5921): argc=1 a0="bash"
type=CRED_DISP msg=audit(1769929194.118:5526): pid=3141 uid=0 auid=0 ses=7 subj=unconfined msg='op=PAM:setcred grantors=pam_permit acct="root" exe="/usr/bin/sudo" hostname=? addr=? terminal=cron res=success'UID="root" AUID="root"
type=USER_ACCT msg=audit(1769928839.77:7382): pid=7660 uid=1094 auid=1226 ses=3 subj=unconfined msg='op=PAM:accounting grantors=pam_permit,pam_localuser acct="heroic" exe="/usr/bin/sed" hostname=? addr=? terminal=/dev/pts/0 res=success'UID="heroic" AUID="heroic"
type=PATH msg=audit(1769928423.1029:9090): item=1 name="/lib64/ld-linux-x86-64.so.2" inode=1575025 dev=8:2 mode=100983 ouid=0 ogid=0 rdev=0:0 nametype=NORMAL cap_fp=0 cap_fi=0 cap_fe=0 cap_fver=0 cap_frootid=0OUID="root" OGID="root"
type=PATH msg=audit(1769929055.54:8290): item=2 name="/lib64/ld-linux-x86-64.so.2" inode=1575717 dev=8:2 mode=100515 ouid=0 ogid=0 rdev=0:0 nametype=NORMAL cap_fp=0 cap_fi=0 cap_fe=0 cap_fver=0 cap_frootid=0OUID="root" OGID="root"
type=PATH msg=audit(1769928739.533:5187): item=1 name="/lib64/ld-linux-x86-64.so.2" inode=1575290 dev=8:2 mode=100672 ouid=0 ogid=0 rdev=0:0 nametype=NORMAL cap_fp=0 cap_fi=0 cap_fe=0 cap_fver=0 cap_frootid=0OUID="root" OGID="root"
type=PATH msg=audit(1769929216.478:6704): item=0 name="/usr/bin/bash" inode=1573619 dev=8:2 mode=101246 ouid=0 ogid=0 rdev=0:0 nametype=NORMAL cap_fp=0 cap_fi=0 cap_fe=0 cap_fver=0 cap_frootid=0OUID="root" OGID="root"
type=EXECVE msg=audit(1769929060.809:9194): argc=2 a0="sudo" a1="-l"
type=PATH msg=audit(1769929368.1047:7047): item=0 name="/usr/bin/bash" inode=1573052 dev=8:2 mode=100836 ouid=0 ogid=0 rdev=0:0 nametype=NORMAL cap_fp=0 cap_fi=0 cap_fe=0 cap_fver=0 cap_frootid=0OUID="root" OGID="root"
type=PATH msg=audit(1769928543.94:9631): item=1 name="/lib64/ld-linux-x86-64.so.2" inode=1575808 dev=8:2 mode=100403 ouid=0 ogid=0 rdev=0:0 nametype=NORMAL cap_fp=0 cap_fi=0 cap_fe=0 cap_fver=0 cap_frootid=0OUID="root" OGID="root"
type=PATH msg=audit(1769929332.581:5731): item=1 name="/lib64/ld-linux-x86-64.so.2" inode=1575407 dev=8:2 mode=100427 ouid=0 ogid=0 rdev=0:0 nametype=NORMAL cap_fp=0 cap_fi=0 cap_fe=0 cap_fver=0 cap_frootid=0OUID="root" OGID="root"
type=SYSCALL msg=audit(1769929023.313:9189): arch=c000003e syscall=59 success=yes exit=0 a0=5da302dcc190 a1=5da302dcdb60 a2=5da302dc08f0 a3=5da302dcdb60 items=2 ppid=3876 pid=5857 auid=1391 uid=1274 gid=1176 euid=0 suid=0 fsuid=0 egid=819 sgid=601 fsgid=574 tty=pts0 ses=3 comm="sh" exe="/usr/bin/python3" subj=unconfined key="process_exec"ARCH=x86_64 SYSCALL=execve AUID="heroic" UID="heroic" GID="heroic" EUID="root" SUID="root" FSUID="root" EGID="heroic" SGID="heroic" FSGID="heroic"
type=CWD msg=audit(1769928827.46:4779): cwd=2F746D702F686964735F6D616C6963696F7573202864656C6574656429
type=SYSCALL msg=audit(1769928934.627:9121): arch=c000003e syscall=761 success=yes exit=0 a0=ffffff9c a1=62b816a614a0 a2=0 a3=62b816a62900 items=2 ppid=5152 pid=2144 auid=1085 uid=0 gid=0 euid=0 suid=0 fsuid=0 egid=0 sgid=0 fsgid=0 tty=pts4 ses=3 comm="netstat" exe="/usr/bin/df" subj=unconfined key="persistence"ARCH=x86_64 SYSCALL=unlinkat AUID="heroic" UID="root" GID="root" EUID="root" SUID="root" FSUID="root" EGID="root" SGID="root" FSGID="root"
type=CWD msg=audit(1769928452.19:5662): cwd="/home/heroic"
type=CWD msg=audit(1769928854.373:7478): cwd="/tmp"
type=PATH msg=audit(1769928573.942:5441): item=0 name="/usr/bin/sort" inode=1577678 dev=8:2 mode=100748 ouid=0 ogid=0 rdev=0:0 nametype=NORMAL cap_fp=0 cap_fi=0 cap_fe=0 cap_fver=0 cap_frootid=0OUID="root" OGID="root"
type=PROCTITLE msg=audit(1769928536.483:9785): proctitle=7375646F002D6C
type=SYSCALL msg=audit(1769928422.1101:4844): arch=c000003e syscall=59 success=yes exit=0 a0=63673b5e6b68 a1=63673b5f6ba0 a2=63673b6097a0 a3=64 items=2 ppid=9006 pid=3439 auid=1233 uid=0 gid=0 euid=0 suid=0 fsuid=0 egid=0 sgid=0 fsgid=0 tty=pts4 ses=3 comm="ss" exe="/usr/bin/sudo" subj=unconfined key="process_exec"ARCH=x86_64 SYSCALL=execve AUID="heroic" UID="root" GID="root" EUID="root" SUID="root" FSUID="root" EGID="root" SGID="root" FSGID="root"
type=USER_ACCT msg=audit(1769929138.355:6115): pid=9115 uid=1237 auid=1047 ses=3 subj=unconfined msg='op=PAM:accounting grantors=pam_permit,pam_localuser acct="heroic" exe="/usr/bin/last" hostname=? addr=? terminal=/dev/pts/0 res=success'UID="heroic" AUID="heroic"
type=EXECVE msg=audit(1769928862.582:9660): argc=1 a0="whoami"
type=CWD msg=audit(1769928820.1214:8632): cwd="/var/ossec"
type=SYSCALL msg=audit(1769928910.88:5059): arch=c000003e syscall=59 success=yes exit=0 a0=5f93eeb5cb68 a1=5f93eeb6cba0 a2=5f93eeb7f7a0 a3=64 items=2 ppid=7220 pid=8004 auid=1203 uid=0 gid=0 euid=0 suid=0 fsuid=0 egid=0 sgid=0 fsgid=0 tty=pts4 ses=3 comm="sort" exe="/bin/sh" subj=unconfined key="process_exec"ARCH=x86_64 SYSCALL=execve AUID="heroic" UID="root" GID="root" EUID="root" SUID="root" FSUID="root" EGID="root" SGID="root" FSGID="root"
type=CWD msg=audit(1769928521.486:7360): cwd="/tmp"
type=PROCTITLE msg=audit(1769928723.667:8603): proctitle=7375646F00726D002D66002F6574632F63726F6E2E642F686964735F70657273697374
type=PATH msg=audit(1769928888.586:5391): item=0 name="/usr/bin/rmdir" inode=1578573 dev=8:2 mode=100642 ouid=0 ogid=0 rdev=0:0 nametype=NORMAL cap_fp=0 cap_fi=0 cap_fe=0 cap_fver=0 cap_frootid=0OUID="root" OGID="root"
type=PATH msg=audit(1769929091.552:4440): item=1 name="/lib64/ld-linux-x86-64.so.2" inode=1575442 dev=8:2 mode=100997 ouid=0 ogid=0 rdev=0:0 nametype=NORMAL cap_fp=0 cap_fi=0 cap_fe=0 cap_fver=0 cap_frootid=0OUID="root" OGID="root"
type=EXECVE msg=audit(1769929004.216:6675): argc=4 a0="sudo" a1="cp" a2="/var/log/audit/audit.log" a3="/root/Desktop/hids_dataset/raw/malicious_remote.log"
type=CWD msg=audit(1769929221.214:9893): cwd="/tmp"
type=CRED_REFR msg=audit(1769929001.912:5697): pid=911 uid=1401 auid=976 ses=3 subj=unconfined msg='op=PAM:setcred grantors=pam_permit,pam_cap acct="root" exe="/usr/bin/df" hostname=? addr=? terminal=/dev/pts/0 res=success'UID="heroic" AUID="heroic"
type=PROCTITLE msg=audit(1769928631.258:9582): proctitle=677067002D2D656E61626C652D7370656369616C2D66696C656E616D6573002D2D6261746368002D2D6E6F2D736B2D636F6D6D656E7473002D2D686F6D65646972002F7661722F6C69622F66777570642F676E757067002D2D7374617475732D6664003139002D2D6E6F2D747479002D2D636861727365740075746638002D2D
type=EXECVE msg=audit(1769929313.1127:9841): argc=3 a0="mkdir" a1="-p" a2="/tmp/hids_malicious"
type=PATH msg=audit(1769929174.1027:8530): item=1 name="/lib64/ld-linux-x86-64.so.2" inode=1575480 dev=8:2 mode=100743 ouid=0 ogid=0 rdev=0:0 nametype=NORMAL cap_fp=0 cap_fi=0 cap_fe=0 cap_fver=0 cap_frootid=0OUID="root" OGID="root"
type=PROCTITLE msg=audit(1769928727.14:6965): proctitle=746565002F6574632F63726F6E2E642F686964735F70657273697374
type=PATH msg=audit(1769928844.683:9293): item=1 name="/lib64/ld-linux-x86-64.so.2" inode=1575418 dev=8:2 mode=100717 ouid=0 ogid=0 rdev=0:0 nametype=NORMAL cap_fp=0 cap_fi=0 cap_fe=0 cap_fver=0 cap_frootid=0OUID="root" OGID="root"
type=EXECVE msg=audit(1769928729.771:8747): argc=2 a0="/bin/sh" a1="/usr/bin/lesspipe"
type=PATH msg=audit(1769929152.216:4772): item=0 name="/usr/bin/netstat" inode=1576755 dev=8:2 mode=100360 ouid=0 ogid=0 rdev=0:0 nametype=NORMAL cap_fp=0 cap_fi=0 cap_fe=0 cap_fver=0 cap_frootid=0OUID="root" OGID="root"
type=PATH msg=audit(1769928935.424:4661): item=1 name="/lib64/ld-linux-x86-64.so.2" inode=1575445 dev=8:2 mode=100797 ouid=0 ogid=0 rdev=0:0 nametype=NORMAL cap_fp=0 cap_fi=0 cap_fe=0 cap_fver=0 cap_frootid=0OUID="root" OGID="root"
type=USER_CMD msg=audit(1769928720.523:6918): pid=5775 uid=620 auid=901 ses=3 subj=unconfined msg='cwd="/tmp" cmd=726D202D66202F6574632F63726F6E2E642F686964735F70657273697374 exe="/usr/bin/last" terminal=pts/0 res=success'UID="heroic" AUID="heroic"
type=PROCTITLE msg=audit(1769929011.518:7400): proctitle=7373002D74756C6E70
type=SYSCALL msg=audit(1769929024.756:9658): arch=c000003e syscall=59 success=yes exit=0 a0=5da302dc6e20 a1=5da302dc86e0 a2=5da302dc08f0 a3=5da302dc86e0 items=2 ppid=2059 pid=5118 auid=800 uid=1116 gid=1248 euid=538 suid=535 fsuid=1487 egid=566 sgid=649 fsgid=1101 tty=pts0 ses=3 comm="tail" exe="/usr/bin/python3" subj=unconfined key="process_exec"ARCH=x86_64 SYSCALL=execve AUID="heroic" UID="heroic" GID="heroic" EUID="heroic" SUID="heroic" FSUID="heroic" EGID="heroic" SGID="heroic" FSGID="heroic"
type=CRED_DISP msg=audit(1769929106.91:5128): pid=8446 uid=0 auid=0 ses=9 subj=unconfined msg='op=PAM:setcred grantors=pam_permit acct="root" exe="/usr/bin/sed" hostname=? addr=? terminal=cron res=success'UID="root" AUID="root"
type=PROCTITLE msg=audit(1769928706.532:9109): proctitle=726D002D660066696C655F31302E6461740066696C655F31312E6461740066696C655F31322E6461740066696C655F31332E6461740066696C655F31342E6461740066696C655F31352E6461740066696C655F31362E6461740066696C655F31372E6461740066696C655F31382E6461740066696C655F31392E646174006669
type=EXECVE msg=audit(1769929167.133:6298): argc=3 a0="tail" a1="-f" a2="/var/log/audit/audit.log"
type=PATH msg=audit(1769928495.356:9375): item=0 name="/usr/bin/curl" inode=1573532 dev=8:2 mode=100508 ouid=0 ogid=0 rdev=0:0 nametype=NORMAL cap_fp=0 cap_fi=0 cap_fe=0 cap_fver=0 cap_frootid=0OUID="root" OGID="root"
type=EXECVE msg=audit(1769928913.522:7764): argc=4 a0="sort" a1="-k" a2="4" a3="-g"
type=PATH msg=audit(1769928659.607:4944): item=1 name="/lib64/ld-linux-x86-64.so.2" inode=1575598 dev=8:2 mode=100262 ouid=0 ogid=0 rdev=0:0 nametype=NORMAL cap_fp=0 cap_fi=0 cap_fe=0 cap_fver=0 cap_frootid=0OUID="root" OGID="root"
type=PATH msg=audit(1769929262.1171:3987): item=0 name="/usr/bin/sudo" inode=1574286 dev=8:2 mode=104645 ouid=0 ogid=0 rdev=0:0 nametype=NORMAL cap_fp=0 cap_fi=0 cap_fe=0 cap_fver=0 cap_frootid=0OUID="root" OGID="root"
type=EXECVE msg=audit(1769928580.1282:4512): argc=3 a0="tail" a1="-f" a2="/var/log/audit/audit.log"
type=USER_END msg=audit(1769928822.176:8006): pid=5410 uid=0 auid=1242 ses=5 subj=unconfined msg='op=PAM:session_close grantors=pam_limits,pam_env,pam_env,pam_permit,pam_umask,pam_unix acct="root" exe="/usr/bin/tail" hostname=? addr=? terminal=/dev/pts/1 res=success'UID="root" AUID="heroic"
type=EXECVE msg=audit(1769929293.1106:8355): argc=3 a0="cp" a1="/var/log/audit/audit.log" a2="/root/Desktop/hids_dataset/raw/malicious_remote.log"
type=USER_CMD msg=audit(1769928526.505:7309): pid=7456 uid=1016 auid=1035 ses=3 subj=unconfined msg='cwd="/home/heroic" cmd=726D202D66202F6574632F63726F6E2E642F686964735F70657273697374 exe="/usr/bin/sed" terminal=pts/0 res=success'UID="heroic" AUID="heroic"
type=CWD msg=audit(1769928740.625:6060): cwd="/home/heroic"
type=PATH msg=audit(1769929310.302:8706): item=1 name="/lib64/ld-linux-x86-64.so.2" inode=1574964 dev=8:2 mode=101242 ouid=0 ogid=0 rdev=0:0 nametype=NORMAL cap_fp=0 cap_fi=0 cap_fe=0 cap_fver=0 cap_frootid=0OUID="root" OGID="root"
type=CRED_DISP msg=audit(1769928661.693:5524): pid=8115 uid=0 auid=0 ses=5 subj=unconfined msg='op=PAM:setcred grantors=pam_permit acct="root" exe="/usr/bin/sed" hostname=? addr=? terminal=cron res=success'UID="root" AUID="root"
type=PATH msg=audit(1769929077.490:8981): item=1 name="/lib64/ld-linux-x86-64.so.2" inode=1575390 dev=8:2 mode=101036 ouid=0 ogid=0 rdev=0:0 nametype=NORMAL cap_fp=0 cap_fi=0 cap_fe=0 cap_fver=0 cap_frootid=0OUID="root" OGID="root"
type=PATH msg=audit(1769928826.798:6584): item=0 name="/usr/bin/sudo" inode=1574317 dev=8:2 mode=104593 ouid=0 ogid=0 rdev=0:0 nametype=NORMAL cap_fp=0 cap_fi=0 cap_fe=0 cap_fver=0 cap_frootid=0OUID="root" OGID="root"
type=PATH msg=audit(1769928686.1164:5998): item=0 name="/etc/cron.d/" inode=1703479 dev=8:2 mode=40969 ouid=0 ogid=0 rdev=0:0 nametype=PARENT cap_fp=0 cap_fi=0 cap_fe=0 cap_fver=0 cap_frootid=0OUID="root" OGID="root"
type=CWD msg=audit(1769929057.481:7519): cwd="/home/heroic"
type=PATH msg=audit(1769928861.31:7884): item=0 name="/proc/self/fd/9" inode=1596615 dev=8:2 mode=100413 ouid=0 ogid=0 rdev=0:0 nametype=NORMAL cap_fp=0 cap_fi=0 cap_fe=0 cap_fver=0 cap_frootid=0OUID="root" OGID="root"
type=PATH msg=audit(1769928926.738:4523): item=0 name="/usr/bin/sleep" inode=1577865 dev=8:2 mode=100350 ouid=0 ogid=0 rdev=0:0 nametype=NORMAL cap_fp=0 cap_fi=0 cap_fe=0 cap_fver=0 cap_frootid=0OUID="root" OGID="root"
type=PATH msg=audit(1769928630.112:9054): item=0 name="/usr/local/sbin/nautilus" nametype=UNKNOWN cap_fp=0 cap_fi=0 cap_fe=0 cap_fver=0 cap_frootid=0
type=PATH msg=audit(1769928628.1277:9803): item=1 name="/lib64/ld-linux-x86-64.so.2" inode=1574924 dev=8:2 mode=100690 ouid=0 ogid=0 rdev=0:0 nametype=NORMAL cap_fp=0 cap_fi=0 cap_fe=0 cap_fver=0 cap_frootid=0OUID="root" OGID="root"
type=CWD msg=audit(1769929371.762:6740): cwd="/root"
type=PATH msg=audit(1769928512.90:5378): item=0 name="/usr/bin/rm" inode=1577737 dev=8:2 mode=101062 ouid=0 ogid=0 rdev=0:0 nametype=NORMAL cap_fp=0 cap_fi=0 cap_fe=0 cap_fver=0 cap_frootid=0OUID="root" OGID="root"
type=EXECVE msg=audit(1769929095.474:8937): argc=2 a0="tee" a1="/etc/cron.d/hids_persist"
type=PROCTITLE msg=audit(1769928803.136:8878): proctitle=7375646F0077686F616D69
type=PROCTITLE msg=audit(1769928901.946:5454): proctitle=726D002D660066696C655F31302E6461740066696C655F31312E6461740066696C655F31322E6461740066696C655F31332E6461740066696C655F31342E6461740066696C655F31352E6461740066696C655F31362E6461740066696C655F31372E6461740066696C655F31382E6461740066696C655F31392E646174006669
type=PATH msg=audit(1769928718.507:7068): item=1 name="/lib64/ld-linux-x86-64.so.2" inode=1575774 dev=8:2 mode=100284 ouid=0 ogid=0 rdev=0:0 nametype=NORMAL cap_fp=0 cap_fi=0 cap_fe=0 cap_fver=0 cap_frootid=0OUID="root" OGID="root"
type=PROCTITLE msg=audit(1769928995.918:4795): proctitle="bash"
type=CWD msg=audit(1769928866.666:6639): cwd="/tmp"
type=USER_ACCT msg=audit(1769928612.703:8922): pid=3013 uid=826 auid=767 ses=3 subj=unconfined msg='op=PAM:accounting grantors=pam_permit,pam_localuser acct="heroic" exe="/usr/bin/sort" hostname=? addr=? terminal=/dev/pts/0 res=success'UID="heroic" AUID="heroic"
type=PROCTITLE msg=audit(1769928651.462:8396): proctitle=707300617578
type=SYSCALL msg=audit(1769928952.504:7485): arch=c000003e syscall=59 success=yes exit=0 a0=5da302dccd10 a1=5da302dcba10 a2=5da302dc08f0 a3=5da302dcba10 items=2 ppid=5062 pid=8052 auid=697 uid=1134 gid=1310 euid=929 suid=1214 fsuid=671 egid=650 sgid=1456 fsgid=1404 tty=pts0 ses=3 comm="sudo" exe="/usr/bin/netstat" subj=unconfined key="process_exec"ARCH=x86_64 SYSCALL=execve AUID="heroic" UID="heroic" GID="heroic" EUID="heroic" SUID="heroic" FSUID="heroic" EGID="heroic" SGID="heroic" FSGID="heroic"
type=EXECVE msg=audit(1769929046.130:5238): argc=3 a0="cp" a1="/var/log/audit/audit.log" a2="/root/Desktop/hids_dataset/raw/malicious_remote.log"
type=CWD msg=audit(1769928670.909:6023): cwd="/root"
type=PATH msg=audit(1769928443.359:6819): item=1 name="/etc/cron.d/hids_persist" inode=1704200 dev=8:2 mode=100897 ouid=0 ogid=0 rdev=0:0 nametype=DELETE cap_fp=0 cap_fi=0 cap_fe=0 cap_fver=0 cap_frootid=0OUID="root" OGID="root"
type=BPF msg=audit(1769928880.828:8972): prog-id=97 op=LOAD
type=SERVICE_START msg=audit(1769929181.12:9111): pid=7684 uid=0 auid=4294967409 ses=4294967650 subj=unconfined msg='unit=systemd-hostnamed comm="sudo" exe="/usr/bin/df" hostname=? addr=? terminal=? res=success'UID="root" AUID="unset"
type=USER_END msg=audit(1769929104.173:6045): pid=7050 uid=866 auid=896 ses=3 subj=unconfined msg='op=PAM:session_close grantors=pam_limits,pam_env,pam_env,pam_permit,pam_umask,pam_unix acct="root" exe="/usr/bin/df" hostname=? addr=? terminal=/dev/pts/0 res=success'UID="heroic" AUID="heroic"
type=SYSCALL msg=audit(1769928997.50:6122): arch=c000003e syscall=59 success=yes exit=0 a0=64e1754cfb70 a1=64e1754ce5d0 a2=64e1754c38f0 a3=64e1754cb980 items=2 ppid=7095 pid=2120 auid=1495 uid=921 gid=547 euid=586 suid=1404 fsuid=1358 egid=706 sgid=728 fsgid=1459 tty=pts0 ses=3 comm="df" exe="/usr/bin/sort" subj=unconfined key="process_exec"ARCH=x86_64 SYSCALL=execve AUID="heroic" UID="heroic" GID="heroic" EUID="heroic" SUID="heroic" FSUID="heroic" EGID="heroic" SGID="heroic" FSGID="heroic"
type=EXECVE msg=audit(1769928460.475:8882): argc=1 a0="id"
type=PATH msg=audit(1769928496.225:6586): item=0 name="/usr/bin/cp" inode=1577934 dev=8:2 mode=100775 ouid=0 ogid=0 rdev=0:0 nametype=NORMAL cap_fp=0 cap_fi=0 cap_fe=0 cap_fver=0 cap_frootid=0OUID="root" OGID="root"
type=PATH msg=audit(1769928910.8:6242): item=1 name="/lib64/ld-linux-x86-64.so.2" inode=1575721 dev=8:2 mode=100435 ouid=0 ogid=0 rdev=0:0 nametype=NORMAL cap_fp=0 cap_fi=0 cap_fe=0 cap_fver=0 cap_frootid=0OUID="root" OGID="root"
type=PROCTITLE msg=audit(1769929410.682:7046): proctitle=7375646F007375
type=USER_START msg=audit(1769928999.541:5614): pid=6691 uid=1272 auid=1376 ses=3 subj=unconfined msg='op=PAM:session_open grantors=pam_limits,pam_env,pam_env,pam_permit,pam_umask,pam_unix acct="root" exe="/usr/bin/python3" hostname=? addr=? terminal=/dev/pts/0 res=success'UID="heroic" AUID="heroic"
type=CWD msg=audit(1769929151.151:7890): cwd="/tmp"
type=SYSCALL msg=audit(1769929002.76:8921): arch=c000003e syscall=59 success=yes exit=0 a0=648e6f733b68 a1=648e6f743ba0 a2=648e6f7567a0 a3=64 items=2 ppid=8477 pid=9464 auid=1490 uid=0 gid=0 euid=0 suid=0 fsuid=0 egid=0 sgid=0 fsgid=0 tty=pts4 ses=3 comm="df" exe="/usr/bin/tail" subj=unconfined key="process_exec"ARCH=x86_64 SYSCALL=execve AUID="heroic" UID="root" GID="root" EUID="root" SUID="root" FSUID="root" EGID="root" SGID="root" FSGID="root"
type=PROCTITLE msg=audit(1769929206.393:8627): proctitle=6375726C002D730066696C653A2F2F2F746D702F686964735F6D616C6963696F75732F7061796C6F61642E7368
type=EXECVE msg=audit(1769928628.377:8769): argc=3 a0="/bin/sh" a1="-c" a2=636F6D6D616E64202D762064656269616E2D736131203E202F6465762F6E756C6C2026262064656269616E2D73613120312031
type=PATH msg=audit(1769928965.673:8322): item=0 name="/usr/bin/tee" inode=1578395 dev=8:2 mode=100979 ouid=0 ogid=0 rdev=0:0 nametype=NORMAL cap_fp=0 cap_fi=0 cap_fe=0 cap_fver=0 cap_frootid=0OUID="root" OGID="root"
type=EXECVE msg=audit(1769929021.697:6175): argc=3 a0="sudo" a1="tee" a2="/etc/cron.d/hids_persist"
type=PATH msg=audit(1769929148.583:5083): item=0 name="/usr/bin/gpgconf" inode=1575500 dev=8:2 mode=100666 ouid=0 ogid=0 rdev=0:0 nametype=NORMAL cap_fp=0 cap_fi=0 cap_fe=0 cap_fver=0 cap_frootid=0OUID="root" OGID="root"
type=PATH msg=audit(1769928913.299:8000): item=1 name="/lib64/ld-linux-x86-64.so.2" inode=1575817 dev=8:2 mode=101228 ouid=0 ogid=0 rdev=0:0 nametype=NORMAL cap_fp=0 cap_fi=0 cap_fe=0 cap_fver=0 cap_frootid=0OUID="root" OGID="root"
type=PATH msg=audit(1769928438.11:9073): item=1 name="/lib64/ld-linux-x86-64.so.2" inode=1575319 dev=8:2 mode=100791 ouid=0 ogid=0 rdev=0:0 nametype=NORMAL cap_fp=0 cap_fi=0 cap_fe=0 cap_fver=0 cap_frootid=0OUID="root" OGID="root"
type=PROCTITLE msg=audit(1769928896.73:4807): proctitle=626173656E616D65002F7573722F62696E2F6C65737370697065
type=CWD msg=audit(1769928716.476:5307): cwd="/root"
type=CWD msg=audit(1769929395.1410:7392): cwd="/var/ossec"
type=EXECVE msg=audit(1769928994.497:4642): argc=3 a0="sudo" a1="tee" a2="/etc/cron.d/hids_persist"
type=PATH msg=audit(1769929170.461:9116): item=1 name="/lib64/ld-linux-x86-64.so.2" inode=1574906 dev=8:2 mode=100597 ouid=0 ogid=0 rdev=0:0 nametype=NORMAL cap_fp=0 cap_fi=0 cap_fe=0 cap_fver=0 cap_frootid=0OUID="root" OGID="root"
type=CWD msg=audit(1769928692.295:9567): cwd="/home/heroic"
type=SYSCALL msg=audit(1769929378.286:6067): arch=c000003e syscall=59 success=yes exit=0 a0=64e1754cff30 a1=64e1754d0e90 a2=64e1754c38f0 a3=64e1754cff10 items=2 ppid=10198 pid=6193 auid=1330 uid=1142 gid=561 euid=562 suid=1158 fsuid=1143 egid=1024 sgid=1096 fsgid=1339 tty=pts0 ses=3 comm="netstat" exe="/usr/bin/netstat" subj=unconfined key="process_exec"ARCH=x86_64 SYSCALL=execve AUID="heroic" UID="heroic" GID="heroic" EUID="heroic" SUID="heroic" FSUID="heroic" EGID="heroic" SGID="heroic" FSGID="heroic"
type=EXECVE msg=audit(1769929083.655:4988): argc=4 a0="sudo" a1="rm" a2="-f" a3="/etc/cron.d/hids_persist"
type=USER_CMD msg=audit(1769928414.726:6562): pid=7117 uid=1236 auid=1161 ses=3 subj=unconfined msg='cwd="/tmp" cmd=746565202F6574632F63726F6E2E642F686964735F70657273697374 exe="/usr/bin/sudo" terminal=pts/0 res=success'UID="heroic" AUID="heroic"
type=PATH msg=audit(1769928780.213:5438): item=0 name="/usr/bin/rmdir" inode=1577666 dev=8:2 mode=101243 ouid=0 ogid=0 rdev=0:0 nametype=NORMAL cap_fp=0 cap_fi=0 cap_fe=0 cap_fver=0 cap_frootid=0OUID="root" OGID="root"
type=PATH msg=audit(1769929292.506:9773): item=0 name="/usr/bin/tee" inode=1578369 dev=8:2 mode=100852 ouid=0 ogid=0 rdev=0:0 nametype=NORMAL cap_fp=0 cap_fi=0 cap_fe=0 cap_fver=0 cap_frootid=0OUID="root" OGID="root"
type=CWD msg=audit(1769928825.317:4462): cwd="/tmp"
type=PATH msg=audit(1769929311.1069:4419): item=1 name="/lib64/ld-linux-x86-64.so.2" inode=1574919 dev=8:2 mode=100781 ouid=0 ogid=0 rdev=0:0 nametype=NORMAL cap_fp=0 cap_fi=0 cap_fe=0 cap_fver=0 cap_frootid=0OUID="root" OGID="root"
type=PATH msg=audit(1769928534.690:7208): item=0 name="/usr/bin/ps" inode=1573974 dev=8:2 mode=100965 ouid=0 ogid=0 rdev=0:0 nametype=NORMAL cap_fp=0 cap_fi=0 cap_fe=0 cap_fver=0 cap_frootid=0OUID="root" OGID="root"
type=SYSCALL msg=audit(1769928610.367:8042): arch=c000003e syscall=59 success=yes exit=0 a0=5ea55750ab68 a1=5ea55751aba0 a2=5ea55752d340 a3=64 items=2 ppid=2498 pid=4475 auid=793 uid=0 gid=0 euid=0 suid=0 fsuid=0 egid=0 sgid=0 fsgid=0 tty=pts4 ses=3 comm="sort" exe="/usr/bin/sed" subj=unconfined key="process_exec"ARCH=x86_64 SYSCALL=execve AUID="heroic" UID="root" GID="root" EUID="root" SUID="root" FSUID="root" EGID="root" SGID="root" FSGID="root"
type=SYSCALL msg=audit(1769928854.984:7821): arch=c000003e syscall=59 success=yes exit=0 a0=64e1754cb960 a1=64e1754cf950 a2=64e1754c38f0 a3=64e1754cd210 items=2 ppid=8226 pid=8418 auid=1423 uid=1360 gid=1419 euid=515 suid=951 fsuid=1155 egid=1440 sgid=1436 fsgid=1032 tty=pts0 ses=3 comm="sudo" exe="/usr/bin/sed" subj=unconfined key="process_exec"ARCH=x86_64 SYSCALL=execve AUID="heroic" UID="heroic" GID="heroic" EUID="heroic" SUID="heroic" FSUID="heroic" EGID="heroic" SGID="heroic" FSGID="heroic"
type=CWD msg=audit(1769928905.66:8322): cwd="/usr/local/bin"
type=PROCTITLE msg=audit(1769928582.413:8380): proctitle=7375646F007461696C002D66002F7661722F6C6F672F61756469742F61756469742E6C6F67
type=CWD msg=audit(1769928946.822:6564): cwd="/home/heroic"
type=CWD msg=audit(1769929217.561:4065): cwd="/var/ossec"
type=PATH msg=audit(1769928557.244:7172): item=1 name="/lib64/ld-linux-x86-64.so.2" inode=1575071 dev=8:2 mode=101202 ouid=0 ogid=0 rdev=0:0 nametype=NORMAL cap_fp=0 cap_fi=0 cap_fe=0 cap_fver=0 cap_frootid=0OUID="root" OGID="root"
type=CWD msg=audit(1769928809.1071:8020): cwd="/tmp"
type=CWD msg=audit(1769928422.614:6064): cwd="/usr/local/bin"
type=EXECVE msg=audit(1769929081.133:6187): argc=2 a0="uname" a1="-a"
type=PATH msg=audit(1769928891.145:9127): item=1 name="/lib64/ld-linux-x86-64.so.2" inode=1575696 dev=8:2 mode=100496 ouid=0 ogid=0 rdev=0:0 nametype=NORMAL cap_fp=0 cap_fi=0 cap_fe=0 cap_fver=0 cap_frootid=0OUID="root" OGID="root"
type=PROCTITLE msg=audit(1769929144.104:8690): proctitle=7375646F00746565002F6574632F63726F6E2E642F686964735F70657273697374
type=PATH msg=audit(1769929304.643:8562): item=1 name="/lib64/ld-linux-x86-64.so.2" inode=1575194 dev=8:2 mode=100952 ouid=0 ogid=0 rdev=0:0 nametype=NORMAL cap_fp=0 cap_fi=0 cap_fe=0 cap_fver=0 cap_frootid=0OUID="root" OGID="root"
type=PATH msg=audit(1769929127.845:4758): item=2 name="/lib64/ld-linux-x86-64.so.2" inode=1574881 dev=8:2 mode=100470 ouid=0 ogid=0 rdev=0:0 nametype=NORMAL cap_fp=0 cap_fi=0 cap_fe=0 cap_fver=0 cap_frootid=0OUID="root" OGID="root"
type=PATH msg=audit(1769928456.648:8423): item=0 name="/usr/libexec/nm-dispatcher" inode=1586367 dev=8:2 mode=101173 ouid=0 ogid=0 rdev=0:0 nametype=NORMAL cap_fp=0 cap_fi=0 cap_fe=0 cap_fver=0 cap_frootid=0OUID="root" OGID="root"
type=CWD msg=audit(1769928824.380:7351): cwd="/usr/local/bin"
type=PROCTITLE msg=audit(1769928825.596:5082): proctitle=726D002D66002F6574632F63726F6E2E642F686964735F70657273697374
type=PROCTITLE msg=audit(1769929209.727:4113): proctitle=646972636F6C6F7273002D62
type=PATH msg=audit(1769928673.70:7570): item=0 name="/bin/sh" inode=1573146 dev=8:2 mode=100819 ouid=0 ogid=0 rdev=0:0 nametype=NORMAL cap_fp=0 cap_fi=0 cap_fe=0 cap_fver=0 cap_frootid=0OUID="root" OGID="root"
type=PROCTITLE msg=audit(1769928768.315:9589): proctitle=63686D6F64002B78007061796C6F61642E7368
type=CWD msg=audit(1769928769.228:8030): cwd="/tmp"
type=EXECVE msg=audit(1769928431.464:5054): argc=1 a0="whoami"
type=PROCTITLE msg=audit(1769928841.510:8533): proctitle=676A73002F7573722F73686172652F676E6F6D652D7368656C6C2F657874656E73696F6E732F64696E6740726173746572736F66742E636F6D2F6170702F64696E672E6A73002D45002D50002F7573722F73686172652F676E6F6D652D7368656C6C2F657874656E73696F6E732F64696E6740726173746572736F66742E636F
type=EXECVE msg=audit(1769928437.881:7897): argc=2 a0="sleep" a1="90"
type=PATH msg=audit(1769928877.1010:6386): item=0 name="/usr/bin/rm" inode=1578425 dev=8:2 mode=100332 ouid=0 ogid=0 rdev=0:0 nametype=NORMAL cap_fp=0 cap_fi=0 cap_fe=0 cap_fver=0 cap_frootid=0OUID="root" OGID="root"
type=PATH msg=audit(1769928843.150:6153): item=0 name="/usr/bin/sleep" inode=1578238 dev=8:2 mode=100480 ouid=0 ogid=0 rdev=0:0 nametype=NORMAL cap_fp=0 cap_fi=0 cap_fe=0 cap_fver=0 cap_frootid=0OUID="root" OGID="root"
type=PROCTITLE msg=audit(1769928660.1144:8170): proctitle=7375646F00746565002F6574632F63726F6E2E642F686964735F70657273697374
type=PATH msg=audit(1769929285.720:8409): item=0 name="/usr/bin/sudo" inode=1574392 dev=8:2 mode=104822 ouid=0 ogid=0 rdev=0:0 nametype=NORMAL cap_fp=0 cap_fi=0 cap_fe=0 cap_fver=0 cap_frootid=0OUID="root" OGID="root"
type=CRED_DISP msg=audit(1769929043.1041:7143): pid=1020 uid=990 auid=894 ses=3 subj=unconfined msg='op=PAM:setcred grantors=pam_permit acct="root" exe="/usr/bin/sed" hostname=? addr=? terminal=/dev/pts/0 res=success'UID="heroic" AUID="heroic"
type=PATH msg=audit(1769928783.155:9451): item=1 name="/lib64/ld-linux-x86-64.so.2" inode=1574896 dev=8:2 mode=100319 ouid=0 ogid=0 rdev=0:0 nametype=NORMAL cap_fp=0 cap_fi=0 cap_fe=0 cap_fver=0 cap_frootid=0OUID="root" OGID="root"
type=PATH msg=audit(1769928619.166:5404): item=1 name="/lib64/ld-linux-x86-64.so.2" inode=1575246 dev=8:2 mode=100837 ouid=0 ogid=0 rdev=0:0 nametype=NORMAL cap_fp=0 cap_fi=0 cap_fe=0 cap_fver=0 cap_frootid=0OUID="root" OGID="root"
type=PROCTITLE msg=audit(1769929035.559:8949): proctitle=7373002D74756C6E70
type=EXECVE msg=audit(1769928440.160:8432): argc=2 a0="sleep" a1="5"
type=PATH msg=audit(1769928853.341:4474): item=1 name="/lib64/ld-linux-x86-64.so.2" inode=1575415 dev=8:2 mode=100551 ouid=0 ogid=0 rdev=0:0 nametype=NORMAL cap_fp=0 cap_fi=0 cap_fe=0 cap_fver=0 cap_frootid=0OUID="root" OGID="root"
type=PATH msg=audit(1769928772.307:8337): item=1 name="/bin/sh" inode=1573702 dev=8:2 mode=100594 ouid=0 ogid=0 rdev=0:0 nametype=NORMAL cap_fp=0 cap_fi=0 cap_fe=0 cap_fver=0 cap_frootid=0OUID="root" OGID="root"
type=PATH msg=audit(1769928882.688:5514): item=1 name="/lib64/ld-linux-x86-64.so.2" inode=1575557 dev=8:2 mode=100822 ouid=0 ogid=0 rdev=0:0 nametype=NORMAL cap_fp=0 cap_fi=0 cap_fe=0 cap_fver=0 cap_frootid=0OUID="root" OGID="root"
type=PATH msg=audit(1769928925.1292:6822): item=0 name="/usr/bin/whoami" inode=1577929 dev=8:2 mode=101209 ouid=0 ogid=0 rdev=0:0 nametype=NORMAL cap_fp=0 cap_fi=0 cap_fe=0 cap_fver=0 cap_frootid=0OUID="root" OGID="root"
type=EXECVE msg=audit(1769929299.101:9035): argc=3 a0="chmod" a1="+x" a2="payload.sh"
type=USER_ACCT msg=audit(1769929161.572:4661): pid=3728 uid=0 auid=4294966895 ses=4294967192 subj=unconfined msg='op=PAM:accounting grantors=pam_permit,pam_localuser acct="root" exe="/usr/bin/df" hostname=? addr=? terminal=cron res=success'UID="root" AUID="unset"
type=CWD msg=audit(1769928836.363:8666): cwd="/usr/local/bin"
type=CWD msg=audit(1769928490.390:7857): cwd="/root"
type=EXECVE msg=audit(1769928937.50:8944): argc=1 a0="bash"
type=PATH msg=audit(1769928438.590:4711): item=1 name="/lib64/ld-linux-x86-64.so.2" inode=1575687 dev=8:2 mode=100722 ouid=0 ogid=0 rdev=0:0 nametype=NORMAL cap_fp=0 cap_fi=0 cap_fe=0 cap_fver=0 cap_frootid=0OUID="root" OGID="root"
type=EXECVE msg=audit(1769928550.150:5790): argc=2 a0="rmdir" a1="/tmp/hids_malicious"
type=PROCTITLE msg=audit(1769928993.170:5338): proctitle=736C6565700035
type=EXECVE msg=audit(1769928447.874:9503): argc=58 a0="rm" a1="-f" a2="file_10.dat" a3="file_11.dat" a4="file_12.dat" a5="file_13.dat" a6="file_14.dat" a7="file_15.dat" a8="file_16.dat" a9="file_17.dat" a10="file_18.dat" a11="file_19.dat" a12="file_1.dat" a13="file_20.dat" a14="file_21.dat" a15="file_22.dat" a16="file_23.dat" a17="file_24.dat" a18="file_25.dat" a19="file_26.dat" a20="file_27.dat" a21="file_28.dat" a22="file_29.dat" a23="file_2.dat" a24="file_30.dat" a25="file_31.dat" a26="file_32.dat" a27="file_33.dat" a28="file_34.dat" a29="file_35.dat" a30="file_36.dat" a31="file_37.dat" a32="file_38.dat" a33="file_39.dat" a34="file_3.dat" a35="file_40.dat" a36="file_41.dat" a37="file_42.dat" a38="file_43.dat" a39="file_44.dat" a40="file_45.dat" a41="file_46.dat" a42="file_47.dat" a43="file_48.dat" a44="file_49.dat" a45="file_4.dat" a46="file_50.dat" a47="file_5.dat" a48="file_6.dat" a49="file_7.dat" a50="file_8.dat" a51="file_9.dat" a52="payload.sh" a53="recon.txt" a54="netstat.txt" a55="processes.txt" a56="sudo_enum.txt" a57="sudo_test.txt"
type=CWD msg=audit(1769928635.970:4599): cwd="/home/heroic"
type=EXECVE msg=audit(1769929111.1018:7789): argc=2 a0="uname" a1="-a"
type=SYSCALL msg=audit(1769929174.61:5445): arch=c000003e syscall=59 success=yes exit=0 a0=64e1754cb600 a1=64e1754cf5b0 a2=64e1754c38f0 a3=64e1754cfa90 items=2 ppid=8028 pid=7826 auid=550 uid=638 gid=908 euid=1406 suid=730 fsuid=957 egid=1417 sgid=783 fsgid=895 tty=pts0 ses=3 comm="python" exe="/usr/bin/python3" subj=unconfined key="process_exec"ARCH=x86_64 SYSCALL=execve AUID="heroic" UID="heroic" GID="heroic" EUID="heroic" SUID="heroic" FSUID="heroic" EGID="heroic" SGID="heroic" FSGID="heroic"
type=CWD msg=audit(1769929006.449:7039): cwd="/root"
type=CWD msg=audit(1769929074.884:6851): cwd="/var/ossec"
type=SYSCALL msg=audit(1769928659.735:8757): arch=c000003e syscall=59 success=yes exit=0 a0=64e1754d05d0 a1=64e1754d03d0 a2=64e1754c38f0 a3=64e1754d03d0 items=2 ppid=5171 pid=2562 auid=1228 uid=623 gid=1374 euid=570 suid=879 fsuid=935 egid=667 sgid=1164 fsgid=1120 tty=pts0 ses=3 comm="ss" exe="/usr/bin/netstat" subj=unconfined key="process_exec"ARCH=x86_64 SYSCALL=execve AUID="heroic" UID="heroic" GID="heroic" EUID="heroic" SUID="heroic" FSUID="heroic" EGID="heroic" SGID="heroic" FSGID="heroic"
type=CWD msg=audit(1769929214.114:6237): cwd="/usr/local/bin"
type=EXECVE msg=audit(1769928969.1048:3926): argc=58 a0="rm" a1="-f" a2="file_10.dat" a3="file_11.dat" a4="file_12.dat" a5="file_13.dat" a6="file_14.dat" a7="file_15.dat" a8="file_16.dat" a9="file_17.dat" a10="file_18.dat" a11="file_19.dat" a12="file_1.dat" a13="file_20.dat" a14="file_21.dat" a15="file_22.dat" a16="file_23.dat" a17="file_24.dat" a18="file_25.dat" a19="file_26.dat" a20="file_27.dat" a21="file_28.dat" a22="file_29.dat" a23="file_2.dat" a24="file_30.dat" a25="file_31.dat" a26="file_32.dat" a27="file_33.dat" a28="file_34.dat" a29="file_35.dat" a30="file_36.dat" a31="file_37.dat" a32="file_38.dat" a33="file_39.dat" a34="file_3.dat" a35="file_40.dat" a36="file_41.dat" a37="file_42.dat" a38="file_43.dat" a39="file_44.dat" a40="file_45.dat" a41="file_46.dat" a42="file_47.dat" a43="file_48.dat" a44="file_49.dat" a45="file_4.dat" a46="file_50.dat" a47="file_5.dat" a48="file_6.dat" a49="file_7.dat" a50="file_8.dat" a51="file_9.dat" a52="payload.sh" a53="recon.txt" a54="netstat.txt" a55="processes.txt" a56="sudo_enum.txt" a57="sudo_test.txt"
type=CWD msg=audit(1769928909.481:6700): cwd="/root"
type=CRED_DISP msg=audit(1769928459.368:3876): pid=9777 uid=726 auid=879 ses=3 subj=unconfined msg='op=PAM:setcred grantors=pam_permit acct="root" exe="/usr/bin/python3" hostname=? addr=? terminal=/dev/pts/0 res=success'UID="heroic" AUID="heroic"
type=BPF msg=audit(1769928520.191:6605): prog-id=97 op=UNLOAD
type=CWD msg=audit(1769928983.266:5951): cwd="/root"
type=PROCTITLE msg=audit(1769928694.599:6939): proctitle=63686D6F64002B78007061796C6F61642E7368
type=SYSCALL msg=audit(1769928979.692:6267): arch=c000003e syscall=59 success=yes exit=0 a0=56a2ccca8536 a1=7ffeb4c10500 a2=56a2ccca8570 a3=56a2ccca8536 items=2 ppid=7109 pid=4075 auid=0 uid=0 gid=0 euid=0 suid=0 fsuid=0 egid=0 sgid=0 fsgid=0 tty=(none) ses=7 comm="df" exe="/usr/bin/sort" subj=unconfined key="process_exec"ARCH=x86_64 SYSCALL=execve AUID="root" UID="root" GID="root" EUID="root" SUID="root" FSUID="root" EGID="root" SGID="root" FSGID="root"
type=CWD msg=audit(1769928939.432:8715): cwd="/usr/local/bin"
type=PATH msg=audit(1769929038.203:6248): item=1 name="/lib64/ld-linux-x86-64.so.2" inode=1574966 dev=8:2 mode=101213 ouid=0 ogid=0 rdev=0:0 nametype=NORMAL cap_fp=0 cap_fi=0 cap_fe=0 cap_fver=0 cap_frootid=0OUID="root" OGID="root"
type=PATH msg=audit(1769929168.689:9534): item=0 name="/usr/bin/sudo" inode=1574678 dev=8:2 mode=104890 ouid=0 ogid=0 rdev=0:0 nametype=NORMAL cap_fp=0 cap_fi=0 cap_fe=0 cap_fver=0 cap_frootid=0OUID="root" OGID="root"
type=PATH msg=audit(1769929115.247:4948): item=0 name="/usr/lib/sysstat/sa1" inode=1582089 dev=8:2 mode=101128 ouid=0 ogid=0 rdev=0:0 nametype=NORMAL cap_fp=0 cap_fi=0 cap_fe=0 cap_fver=0 cap_frootid=0OUID="root" OGID="root"
type=SYSCALL msg=audit(1769928684.580:7895): arch=c000003e syscall=59 success=yes exit=0 a0=64e1754cf950 a1=64e1754ca240 a2=64e1754c38f0 a3=64e1754ca240 items=2 ppid=1801 pid=7815 auid=620 uid=1018 gid=793 euid=0 suid=0 fsuid=0 egid=696 sgid=900 fsgid=602 tty=pts0 ses=3 comm="sudo" exe="/usr/bin/df" subj=unconfined key="process_exec"ARCH=x86_64 SYSCALL=execve AUID="heroic" UID="heroic" GID="heroic" EUID="root" SUID="root" FSUID="root" EGID="heroic" SGID="heroic" FSGID="heroic"
type=PATH msg=audit(1769928523.572:7012): item=0 name="/usr/bin/id" inode=1577968 dev=8:2 mode=100397 ouid=0 ogid=0 rdev=0:0 nametype=NORMAL cap_fp=0 cap_fi=0 cap_fe=0 cap_fver=0 cap_frootid=0OUID="root" OGID="root"
type=USER_ACCT msg=audit(1769928731.1081:5047): pid=1830 uid=1313 auid=1088 ses=3 subj=unconfined msg='op=PAM:accounting grantors=pam_permit,pam_localuser acct="heroic" exe="/usr/bin/sort" hostname=? addr=? terminal=/dev/pts/0 res=success'UID="heroic" AUID="heroic"
type=PROCTITLE msg=audit(1769928974.544:8823): proctitle=7375646F00746565002F6574632F63726F6E2E642F686964735F70657273697374
type=PROCTITLE msg=audit(1769929172.1094:7865): proctitle=736C656570003930
type=PROCTITLE msg=audit(1769929353.835:5917): proctitle=2F7573722F6C69622F73797374656D642F73797374656D642D6578656375746F72002D2D646573657269616C697A6500313632002D2D6C6F672D6C6576656C00696E666F002D2D6C6F672D746172676574006A6F75726E616C2D6F722D6B6D7367
type=PATH msg=audit(1769928663.45:9358): item=1 name="/lib64/ld-linux-x86-64.so.2" inode=1575334 dev=8:2 mode=100849 ouid=0 ogid=0 rdev=0:0 nametype=NORMAL cap_fp=0 cap_fi=0 cap_fe=0 cap_fver=0 cap_frootid=0OUID="root" OGID="root"
type=SYSCALL msg=audit(1769928976.1358:5552): arch=c000003e syscall=59 success=yes exit=0 a0=55e4d9270b68 a1=55e4d9280ba0 a2=55e4d92937a0 a3=64 items=2 ppid=6270 pid=8574 auid=616 uid=0 gid=0 euid=0 suid=0 fsuid=0 egid=0 sgid=0 fsgid=0 tty=pts4 ses=3 comm="netstat" exe="/bin/sh" subj=unconfined key="process_exec"ARCH=x86_64 SYSCALL=execve AUID="heroic" UID="root" GID="root" EUID="root" SUID="root" FSUID="root" EGID="root" SGID="root" FSGID="root"
type=SYSCALL msg=audit(1769929385.157:5565): arch=c000003e syscall=59 success=yes exit=0 a0=64e1754cb980 a1=64e1754c9f40 a2=64e1754c38f0 a3=64e1754c9f40 items=2 ppid=6686 pid=7207 auid=1262 uid=611 gid=1169 euid=778 suid=1465 fsuid=875 egid=708 sgid=1011 fsgid=1099 tty=pts0 ses=3 comm="sh" exe="/usr/bin/sed" subj=unconfined key="process_exec"ARCH=x86_64 SYSCALL=execve AUID="heroic" UID="heroic" GID="heroic" EUID="heroic" SUID="heroic" FSUID="heroic" EGID="heroic" SGID="heroic" FSGID="heroic"
type=EXECVE msg=audit(1769929282.324:9319): argc=2 a0="uname" a1="-a"
type=PROCTITLE msg=audit(1769929129.553:5335): proctitle=7375646F002D6C
type=PATH msg=audit(1769928927.86:9077): item=0 name="/usr/lib/sysstat/debian-sa1" inode=1582081 dev=8:2 mode=101204 ouid=0 ogid=0 rdev=0:0 nametype=NORMAL cap_fp=0 cap_fi=0 cap_fe=0 cap_fver=0 cap_frootid=0OUID="root" OGID="root"
type=EXECVE msg=audit(1769928985.864:6043): argc=2 a0="sudo" a1="whoami"
type=EXECVE msg=audit(1769929296.520:8566): argc=1 a0="id"
type=PROCTITLE msg=audit(1769928813.784:6910): proctitle="bash"
type=PROCTITLE msg=audit(1769929344.23:7574): proctitle=736C656570003930
type=USER_CMD msg=audit(1769929258.218:8555): pid=4795 uid=973 auid=1500 ses=3 subj=unconfined msg='cwd="/tmp" cmd=726D202D66202F6574632F63726F6E2E642F686964735F70657273697374 exe="/bin/sh" terminal=pts/0 res=success'UID="heroic" AUID="heroic"
type=EXECVE msg=audit(1769928670.1159:5787): argc=3 a0="sudo" a1="tee" a2="/etc/cron.d/hids_persist"
type=CWD msg=audit(1769928952.407:6801): cwd="/usr/local/bin"
type=USER_START msg=audit(1769928597.723:8841): pid=9144 uid=1090 auid=909 ses=3 subj=unconfined msg='op=PAM:session_open grantors=pam_limits,pam_env,pam_env,pam_permit,pam_umask,pam_unix acct="root" exe="/bin/sh" hostname=? addr=? terminal=/dev/pts/0 res=success'UID="heroic" AUID="heroic"
type=EXECVE msg=audit(1769928522.1207:9636): argc=2 a0="dirname" a1="/usr/bin/lesspipe"
type=PROCTITLE msg=audit(1769929077.327:4880): proctitle=726D646972002F746D702F686964735F6D616C6963696F7573
type=PROCTITLE msg=audit(1769928853.826:7095): proctitle=726D646972002F746D702F686964735F6D616C6963696F7573
type=EXECVE msg=audit(1769928553.613:6393): argc=3 a0="sudo" a1="tee" a2="/etc/cron.d/hids_persist"
type=PROCTITLE msg=audit(1769929333.1071:4837): proctitle=736C656570003930
type=SYSCALL msg=audit(1769928454.1306:3814): arch=c000003e syscall=59 success=yes exit=0 a0=5da302dcc4f0 a1=5da302dcdec0 a2=5da302dc08f0 a3=5da302dcd630 items=2 ppid=7604 pid=8350 auid=1346 uid=1157 gid=1341 euid=0 suid=0 fsuid=0 egid=1311 sgid=1409 fsgid=841 tty=pts0 ses=3 comm="sudo" exe="/usr/bin/sort" subj=unconfined key="process_exec"ARCH=x86_64 SYSCALL=execve AUID="heroic" UID="heroic" GID="heroic" EUID="root" SUID="root" FSUID="root" EGID="heroic" SGID="heroic" FSGID="heroic"
type=PATH msg=audit(1769928597.341:4686): item=0 name="/usr/bin/sudo" inode=1574137 dev=8:2 mode=104278 ouid=0 ogid=0 rdev=0:0 nametype=NORMAL cap_fp=0 cap_fi=0 cap_fe=0 cap_fver=0 cap_frootid=0OUID="root" OGID="root"
type=EXECVE msg=audit(1769928869.357:6980): argc=3 a0="sudo" a1="tee" a2="/etc/cron.d/hids_persist"
type=PROCTITLE msg=audit(1769929167.551:5808): proctitle=707300617578
type=EXECVE msg=audit(1769928776.1001:6619): argc=2 a0="sleep" a1="5"
type=EXECVE msg=audit(1769929182.41:6934): argc=2 a0="tee" a1="/etc/cron.d/hids_persist"
type=PATH msg=audit(1769929235.480:7946): item=1 name="/etc/cron.d/hids_persist" inode=1704479 dev=8:2 mode=101123 ouid=0 ogid=0 rdev=0:0 nametype=DELETE cap_fp=0 cap_fi=0 cap_fe=0 cap_fver=0 cap_frootid=0OUID="root" OGID="root"
type=PATH msg=audit(1769929063.595:6335): item=0 name="/usr/bin/tee" inode=1578355 dev=8:2 mode=100865 ouid=0 ogid=0 rdev=0:0 nametype=NORMAL cap_fp=0 cap_fi=0 cap_fe=0 cap_fver=0 cap_frootid=0OUID="root" OGID="root"
type=CWD msg=audit(1769928927.662:9970): cwd="/root"
type=CRED_DISP msg=audit(1769928968.557:8279): pid=5098 uid=974 auid=1135 ses=3 subj=unconfined msg='op=PAM:setcred grantors=pam_permit acct="root" exe="/usr/bin/last" hostname=? addr=? terminal=/dev/pts/0 res=success'UID="heroic" AUID="heroic"
type=EXECVE msg=audit(1769929306.1065:6433): argc=2 a0="sleep" a1="5"
type=PATH msg=audit(1769929004.440:4735): item=1 name="/lib64/ld-linux-x86-64.so.2" inode=1575774 dev=8:2 mode=100930 ouid=0 ogid=0 rdev=0:0 nametype=NORMAL cap_fp=0 cap_fi=0 cap_fe=0 cap_fver=0 cap_frootid=0OUID="root" OGID="root"
type=SYSCALL msg=audit(1769928583.448:8762): arch=c000003e syscall=59 success=yes exit=0 a0=64e1754cb8c0 a1=64e1754cb800 a2=64e1754c38f0 a3=64e1754cb800 items=2 ppid=6921 pid=8130 auid=554 uid=1253 gid=1133 euid=0 suid=0 fsuid=0 egid=1143 sgid=867 fsgid=1438 tty=pts0 ses=3 comm="sed" exe="/bin/sh" subj=unconfined key="process_exec"ARCH=x86_64 SYSCALL=execve AUID="heroic" UID="heroic" GID="heroic" EUID="root" SUID="root" FSUID="root" EGID="heroic" SGID="heroic" FSGID="heroic"
type=USER_ACCT msg=audit(1769928642.484:7906): pid=2639 uid=1102 auid=1130 ses=3 subj=unconfined msg='op=PAM:accounting grantors=pam_permit,pam_localuser acct="heroic" exe="/usr/bin/python3" hostname=? addr=? terminal=/dev/pts/0 res=success'UID="heroic" AUID="heroic"
type=PROCTITLE msg=audit(1769928761.208:8859): proctitle="id"
type=PATH msg=audit(1769928549.1116:10009): item=0 name="/usr/bin/whoami" inode=1578158 dev=8:2 mode=101247 ouid=0 ogid=0 rdev=0:0 nametype=NORMAL cap_fp=0 cap_fi=0 cap_fe=0 cap_fver=0 cap_frootid=0OUID="root" OGID="root"
type=USER_ACCT msg=audit(1769928547.426:9126): pid=5066 uid=829 auid=528 ses=3 subj=unconfined msg='op=PAM:accounting grantors=pam_permit,pam_localuser acct="heroic" exe="/usr/bin/python3" hostname=? addr=? terminal=/dev/pts/0 res=success'UID="heroic" AUID="heroic"
type=EXECVE msg=audit(1769929085.410:8008): argc=2 a0="sleep" a1="90"
type=CWD msg=audit(1769929294.509:9641): cwd="/tmp"
type=USER_ACCT msg=audit(1769928943.1138:4769): pid=7979 uid=586 auid=770 ses=3 subj=unconfined msg='op=PAM:accounting grantors=pam_permit,pam_localuser acct="heroic" exe="/usr/bin/netstat" hostname=? addr=? terminal=/dev/pts/0 res=success'UID="heroic" AUID="heroic"
type=PATH msg=audit(1769929071.447:8954): item=1 name="/lib64/ld-linux-x86-64.so.2" inode=1575095 dev=8:2 mode=100943 ouid=0 ogid=0 rdev=0:0 nametype=NORMAL cap_fp=0 cap_fi=0 cap_fe=0 cap_fver=0 cap_frootid=0OUID="root" OGID="root"
type=EXECVE msg=audit(1769928628.583:4974): argc=3 a0="sudo" a1="tee" a2="/etc/cron.d/hids_persist"
type=SERVICE_START msg=audit(1769928519.517:7005): pid=2492 uid=0 auid=4294967576 ses=4294967602 subj=unconfined msg='unit=anacron comm="sh" exe="/usr/bin/python3" hostname=? addr=? terminal=? res=success'UID="root" AUID="unset"
type=CWD msg=audit(1769928669.113:7213): cwd="/root"
type=PROCTITLE msg=audit(1769929135.465:4360): proctitle=2F62696E2F7368002F7573722F62696E2F6C65737370697065
type=PATH msg=audit(1769929148.814:7027): item=0 name="/usr/bin/sudo" inode=1574738 dev=8:2 mode=105123 ouid=0 ogid=0 rdev=0:0 nametype=NORMAL cap_fp=0 cap_fi=0 cap_fe=0 cap_fver=0 cap_frootid=0OUID="root" OGID="root"
type=CRED_REFR msg=audit(1769929027.747:4255): pid=2066 uid=800 auid=1443 ses=3 subj=unconfined msg='op=PAM:setcred grantors=pam_permit,pam_cap acct="root" exe="/usr/bin/sed" hostname=? addr=? terminal=/dev/pts/0 res=success'UID="heroic" AUID="heroic"
type=CRED_DISP msg=audit(1769929259.376:7778): pid=1328 uid=1289 auid=1012 ses=3 subj=unconfined msg='op=PAM:setcred grantors=pam_permit acct="root" exe="/usr/bin/df" hostname=? addr=? terminal=/dev/pts/0 res=success'UID="heroic" AUID="heroic"
type=SYSCALL msg=audit(1769928682.896:6819): arch=c000003e syscall=59 success=yes exit=0 a0=5e8dd7c3ce30 a1=5e8dd7c44ca0 a2=5e8dd7c3c820 a3=8 items=2 ppid=8038 pid=3360 auid=1431 uid=0 gid=0 euid=0 suid=0 fsuid=0 egid=0 sgid=0 fsgid=0 tty=pts4 ses=3 comm="last" exe="/bin/sh" subj=unconfined key="process_exec"ARCH=x86_64 SYSCALL=execve AUID="heroic" UID="root" GID="root" EUID="root" SUID="root" FSUID="root" EGID="root" SGID="root" FSGID="root"
type=EXECVE msg=audit(1769928683.532:4826): argc=3 a0="sudo" a1="tee" a2="/etc/cron.d/hids_persist"
type=SYSCALL msg=audit(1769928998.1263:8318): arch=c000003e syscall=59 success=yes exit=0 a0=64e1754cb7c0 a1=64e1754d14c0 a2=64e1754c38f0 a3=64e1754caa40 items=2 ppid=2048 pid=6656 auid=1247 uid=781 gid=1029 euid=661 suid=762 fsuid=795 egid=1129 sgid=1336 fsgid=1123 tty=pts0 ses=3 comm="netstat" exe="/usr/bin/sed" subj=unconfined key="process_exec"ARCH=x86_64 SYSCALL=execve AUID="heroic" UID="heroic" GID="heroic" EUID="heroic" SUID="heroic" FSUID="heroic" EGID="heroic" SGID="heroic" FSGID="heroic"
type=PATH msg=audit(1769928772.620:7837): item=1 name="/lib64/ld-linux-x86-64.so.2" inode=1575713 dev=8:2 mode=100958 ouid=0 ogid=0 rdev=0:0 nametype=NORMAL cap_fp=0 cap_fi=0 cap_fe=0 cap_fver=0 cap_frootid=0OUID="root" OGID="root"
type=SYSCALL msg=audit(1769928907.1413:8209): arch=c000003e syscall=59 success=yes exit=0 a0=5da302dcbd10 a1=5da302dccd10 a2=5da302dc08f0 a3=5da302dccd10 items=2 ppid=6529 pid=1472 auid=1227 uid=791 gid=523 euid=653 suid=894 fsuid=612 egid=545 sgid=945 fsgid=1151 tty=pts0 ses=3 comm="python" exe="/usr/bin/python3" subj=unconfined key="process_exec"ARCH=x86_64 SYSCALL=execve AUID="heroic" UID="heroic" GID="heroic" EUID="heroic" SUID="heroic" FSUID="heroic" EGID="heroic" SGID="heroic" FSGID="heroic"
type=SYSCALL msg=audit(1769928453.324:8358): arch=c000003e syscall=59 success=yes exit=0 a0=5d433cf30b68 a1=5d433cf40ba0 a2=5d433cf537a0 a3=64 items=2 ppid=7500 pid=8387 auid=1410 uid=0 gid=0 euid=0 suid=0 fsuid=0 egid=0 sgid=0 fsgid=0 tty=pts1 ses=3 comm="sort" exe="/usr/bin/tail" subj=unconfined key="process_exec"ARCH=x86_64 SYSCALL=execve AUID="heroic" UID="root" GID="root" EUID="root" SUID="root" FSUID="root" EGID="root" SGID="root" FSGID="root"
type=EXECVE msg=audit(1769929322.136:7185): argc=2 a0="tee" a1="/etc/cron.d/hids_persist"
type=PATH msg=audit(1769929075.11:8790): item=1 name="/lib64/ld-linux-x86-64.so.2" inode=1575646 dev=8:2 mode=101164 ouid=0 ogid=0 rdev=0:0 nametype=NORMAL cap_fp=0 cap_fi=0 cap_fe=0 cap_fver=0 cap_frootid=0OUID="root" OGID="root"
type=PATH msg=audit(1769929177.661:7956): item=0 name="/usr/bin/rmdir" inode=1578172 dev=8:2 mode=100680 ouid=0 ogid=0 rdev=0:0 nametype=NORMAL cap_fp=0 cap_fi=0 cap_fe=0 cap_fver=0 cap_frootid=0OUID="root" OGID="root"
type=PATH msg=audit(1769929279.1110:5821): item=1 name="/lib64/ld-linux-x86-64.so.2" inode=1575269 dev=8:2 mode=101250 ouid=0 ogid=0 rdev=0:0 nametype=NORMAL cap_fp=0 cap_fi=0 cap_fe=0 cap_fver=0 cap_frootid=0OUID="root" OGID="root"
type=PATH msg=audit(1769929394.558:5432): item=1 name="/lib64/ld-linux-x86-64.so.2" inode=1575028 dev=8:2 mode=100658 ouid=0 ogid=0 rdev=0:0 nametype=NORMAL cap_fp=0 cap_fi=0 cap_fe=0 cap_fver=0 cap_frootid=0OUID="root" OGID="root"
type=SYSCALL msg=audit(1769928695.844:5857): arch=c000003e syscall=59 success=yes exit=0 a0=5da302dcc950 a1=5da302dc8920 a2=5da302dc08f0 a3=5da302dc8920 items=2 ppid=5098 pid=6278 auid=532 uid=630 gid=1334 euid=1053 suid=1279 fsuid=884 egid=1401 sgid=1443 fsgid=504 tty=pts0 ses=3 comm="sed" exe="/usr/bin/sed" subj=unconfined key="process_exec"ARCH=x86_64 SYSCALL=execve AUID="heroic" UID="heroic" GID="heroic" EUID="heroic" SUID="heroic" FSUID="heroic" EGID="heroic" SGID="heroic" FSGID="heroic"
type=CRED_DISP msg=audit(1769929237.962:6119): pid=7663 uid=0 auid=0 ses=5 subj=unconfined msg='op=PAM:setcred grantors=pam_permit acct="root" exe="/usr/bin/tail" hostname=? addr=? terminal=cron res=success'UID="root" AUID="root"
type=EXECVE msg=audit(1769928721.338:8572): argc=2 a0="sudo" a1="whoami"
type=USER_CMD msg=audit(1769928884.851:6826): pid=4397 uid=0 auid=626 ses=3 subj=unconfined msg='cwd="/home/heroic" cmd=7461696C202D66202F7661722F6C6F672F61756469742F61756469742E6C6F67 exe="/usr/bin/sudo" terminal=pts/2 res=success'UID="root" AUID="heroic"
type=SYSCALL msg=audit(1769929244.708:4551): arch=c000003e syscall=59 success=yes exit=0 a0=64e1754cd310 a1=64e1754cb740 a2=64e1754c38f0 a3=64e1754cb740 items=2 ppid=4120 pid=4515 auid=1141 uid=1039 gid=576 euid=1190 suid=1194 fsuid=1489 egid=854 sgid=1421 fsgid=739 tty=pts0 ses=3 comm="ss" exe="/usr/bin/sudo" subj=unconfined key="process_exec"ARCH=x86_64 SYSCALL=execve AUID="heroic" UID="heroic" GID="heroic" EUID="heroic" SUID="heroic" FSUID="heroic" EGID="heroic" SGID="heroic" FSGID="heroic"
type=PATH msg=audit(1769928419.243:6096): item=0 name="/usr/bin/basename" inode=1578319 dev=8:2 mode=101016 ouid=0 ogid=0 rdev=0:0 nametype=NORMAL cap_fp=0 cap_fi=0 cap_fe=0 cap_fver=0 cap_frootid=0OUID="root" OGID="root"
type=EXECVE msg=audit(1769928701.434:3830): argc=2 a0="rmdir" a1="/tmp/hids_malicious"
type=PATH msg=audit(1769928615.235:9349): item=1 name="/lib64/ld-linux-x86-64.so.2" inode=1575509 dev=8:2 mode=100673 ouid=0 ogid=0 rdev=0:0 nametype=NORMAL cap_fp=0 cap_fi=0 cap_fe=0 cap_fver=0 cap_frootid=0OUID="root" OGID="root"
type=PROCTITLE msg=audit(1769928589.482:7301): proctitle=2F62696E2F7368002D6300636F6D6D616E64202D762064656269616E2D736131203E202F6465762F6E756C6C2026262064656269616E2D73613120312031
type=PATH msg=audit(1769928713.232:6169): item=1 name="/lib64/ld-linux-x86-64.so.2" inode=1575797 dev=8:2 mode=100423 ouid=0 ogid=0 rdev=0:0 nametype=NORMAL cap_fp=0 cap_fi=0 cap_fe=0 cap_fver=0 cap_frootid=0OUID="root" OGID="root"
type=PATH msg=audit(1769928832.417:5024): item=0 name="/usr/bin/sudo" inode=1573795 dev=8:2 mode=104607 ouid=0 ogid=0 rdev=0:0 nametype=NORMAL cap_fp=0 cap_fi=0 cap_fe=0 cap_fver=0 cap_frootid=0OUID="root" OGID="root"
type=PATH msg=audit(1769928802.1082:4450): item=2 name="/lib64/ld-linux-x86-64.so.2" inode=1575794 dev=8:2 mode=100593 ouid=0 ogid=0 rdev=0:0 nametype=NORMAL cap_fp=0 cap_fi=0 cap_fe=0 cap_fver=0 cap_frootid=0OUID="root" OGID="root"
type=SYSCALL msg=audit(1769928553.278:4898): arch=c000003e syscall=59 success=yes exit=0 a0=575c1f263e88 a1=575c1f263d00 a2=575c1f263d18 a3=1 items=2 ppid=6558 pid=4735 auid=968 uid=575 gid=1145 euid=583 suid=764 fsuid=1179 egid=575 sgid=550 fsgid=1148 tty=pts2 ses=5 comm="last" exe="/usr/bin/netstat" subj=unconfined key="process_exec"ARCH=x86_64 SYSCALL=execve AUID="heroic" UID="heroic" GID="heroic" EUID="heroic" SUID="heroic" FSUID="heroic" EGID="heroic" SGID="heroic" FSGID="heroic"
type=PROCTITLE msg=audit(1769928835.616:4932): proctitle=736C656570003930
type=USER_CMD msg=audit(1769928707.328:5635): pid=1600 uid=532 auid=844 ses=3 subj=unconfined msg='cwd="/usr/local/bin" cmd=746565202F6574632F63726F6E2E642F686964735F70657273697374 exe="/usr/bin/tail" terminal=pts/0 res=success'UID="heroic" AUID="heroic"
type=PROCTITLE msg=audit(1769928786.437:4602): proctitle=6D6B646972002D70002F746D702F686964735F6D616C6963696F7573
type=SYSCALL msg=audit(1769928964.247:9494): arch=c000003e syscall=59 success=yes exit=0 a0=55b8634382b0 a1=55b863435fa0 a2=55b863435160 a3=55b863435ff0 items=2 ppid=2393 pid=6013 auid=992 uid=0 gid=0 euid=0 suid=0 fsuid=0 egid=0 sgid=0 fsgid=0 tty=pts2 ses=3 comm="tail" exe="/usr/bin/tail" subj=unconfined key="process_exec"ARCH=x86_64 SYSCALL=execve AUID="heroic" UID="root" GID="root" EUID="root" SUID="root" FSUID="root" EGID="root" SGID="root" FSGID="root"
type=PROCTITLE msg=audit(1769929232.234:8416): proctitle=636174002F7661722F6C6F672F61756469742F61756469742E6C6F67
type=PATH msg=audit(1769929373.354:5476): item=0 name="/usr/bin/sudo" inode=1574302 dev=8:2 mode=104681 ouid=0 ogid=0 rdev=0:0 nametype=NORMAL cap_fp=0 cap_fi=0 cap_fe=0 cap_fver=0 cap_frootid=0OUID="root" OGID="root"
type=PATH msg=audit(1769928642.75:9830): item=1 name="/lib64/ld-linux-x86-64.so.2" inode=1575099 dev=8:2 mode=101045 ouid=0 ogid=0 rdev=0:0 nametype=NORMAL cap_fp=0 cap_fi=0 cap_fe=0 cap_fver=0 cap_frootid=0OUID="root" OGID="root"
type=USER_START msg=audit(1769929351.855:8476): pid=3097 uid=0 auid=930 ses=5 subj=unconfined msg='op=PAM:session_open grantors=pam_limits,pam_env,pam_env,pam_permit,pam_umask,pam_unix acct="root" exe="/bin/sh" hostname=? addr=? terminal=/dev/pts/1 res=success'UID="root" AUID="heroic"
type=CWD msg=audit(1769929279.319:8036): cwd="/usr/local/bin"
type=EXECVE msg=audit(1769928936.419:4608): argc=3 a0="mkdir" a1="-p" a2="/tmp/hids_malicious"
type=CWD msg=audit(1769928453.857:5566): cwd="/var/ossec"
type=PATH msg=audit(1769929019.732:4496): item=0 name="/usr/bin/sudo" inode=1574504 dev=8:2 mode=104410 ouid=0 ogid=0 rdev=0:0 nametype=NORMAL cap_fp=0 cap_fi=0 cap_fe=0 cap_fver=0 cap_frootid=0OUID="root" OGID="root"
type=CWD msg=audit(1769928743.292:3821): cwd=2F746D702F686964735F6D616C6963696F7573202864656C6574656429
type=PATH msg=audit(1769929150.981:4323): item=1 name="/lib64/ld-linux-x86-64.so.2" inode=1575367 dev=8:2 mode=100721 ouid=0 ogid=0 rdev=0:0 nametype=NORMAL cap_fp=0 cap_fi=0 cap_fe=0 cap_fver=0 cap_frootid=0OUID="root" OGID="root"
type=PATH msg=audit(1769929373.32:4864): item=0 name="/usr/bin/sudo" inode=1574567 dev=8:2 mode=105024 ouid=0 ogid=0 rdev=0:0 nametype=NORMAL cap_fp=0 cap_fi=0 cap_fe=0 cap_fver=0 cap_frootid=0OUID="root" OGID="root"
type=EXECVE msg=audit(1769928737.420:8623): argc=2 a0="sleep" a1="5"
type=CRED_REFR msg=audit(1769929313.941:10446): pid=6992 uid=1250 auid=1159 ses=3 subj=unconfined msg='op=PAM:setcred grantors=pam_permit,pam_cap acct="root" exe="/usr/bin/sort" hostname=? addr=? terminal=/dev/pts/0 res=success'UID="heroic" AUID="heroic"
type=PATH msg=audit(1769928616.1332:7004): item=1 name="/lib64/ld-linux-x86-64.so.2" inode=1575565 dev=8:2 mode=101155 ouid=0 ogid=0 rdev=0:0 nametype=NORMAL cap_fp=0 cap_fi=0 cap_fe=0 cap_fver=0 cap_frootid=0OUID="root" OGID="root"
type=PROCTITLE msg=audit(1769928863.451:4738): proctitle=726D002D66002F6574632F63726F6E2E642F686964735F70657273697374
type=PATH msg=audit(1769928412.202:9960): item=0 name="/usr/bin/ps" inode=1574508 dev=8:2 mode=100791 ouid=0 ogid=0 rdev=0:0 nametype=NORMAL cap_fp=0 cap_fi=0 cap_fe=0 cap_fver=0 cap_frootid=0OUID="root" OGID="root"
type=PATH msg=audit(1769928668.582:7333): item=1 name="/lib64/ld-linux-x86-64.so.2" inode=1575007 dev=8:2 mode=100728 ouid=0 ogid=0 rdev=0:0 nametype=NORMAL cap_fp=0 cap_fi=0 cap_fe=0 cap_fver=0 cap_frootid=0OUID="root" OGID="root"
type=USER_ACCT msg=audit(1769928535.768:8120): pid=5122 uid=1104 auid=1318 ses=3 subj=unconfined msg='op=PAM:accounting grantors=pam_permit,pam_localuser acct="heroic" exe="/usr/bin/netstat" hostname=? addr=? terminal=/dev/pts/0 res=success'UID="heroic" AUID="heroic"
type=PATH msg=audit(1769929275.972:10167): item=0 name="/etc/cron.d/" inode=1704257 dev=8:2 mode=40986 ouid=0 ogid=0 rdev=0:0 nametype=PARENT cap_fp=0 cap_fi=0 cap_fe=0 cap_fver=0 cap_frootid=0OUID="root" OGID="root"
type=EXECVE msg=audit(1769929339.265:7615): argc=4 a0="sudo" a1="rm" a2="-f" a3="/etc/cron.d/hids_persist"
type=SYSCALL msg=audit(1769929199.564:8375): arch=c000003e syscall=59 success=yes exit=0 a0=5da302dccd10 a1=5da302dcbd70 a2=5da302dc08f0 a3=8 items=2 ppid=6094 pid=2729 auid=1336 uid=1451 gid=1055 euid=748 suid=921 fsuid=571 egid=810 sgid=602 fsgid=1411 tty=pts0 ses=3 comm="python" exe="/usr/bin/sort" subj=unconfined key="process_exec"ARCH=x86_64 SYSCALL=execve AUID="heroic" UID="heroic" GID="heroic" EUID="heroic" SUID="heroic" FSUID="heroic" EGID="heroic" SGID="heroic" FSGID="heroic"
type=EXECVE msg=audit(1769928655.412:10207): argc=2 a0="uname" a1="-a"
type=EXECVE msg=audit(1769929045.356:5112): argc=2 a0="uname" a1="-a"
type=PATH msg=audit(1769928466.1250:5003): item=0 name="/usr/bin/id" inode=1578465 dev=8:2 mode=100462 ouid=0 ogid=0 rdev=0:0 nametype=NORMAL cap_fp=0 cap_fi=0 cap_fe=0 cap_fver=0 cap_frootid=0OUID="root" OGID="root"
type=PROCTITLE msg=audit(1769928763.319:9896): proctitle=746565002F6574632F63726F6E2E642F686964735F70657273697374
type=CRED_REFR msg=audit(1769929021.554:6283): pid=2000 uid=971 auid=592 ses=3 subj=unconfined msg='op=PAM:setcred grantors=pam_permit,pam_cap acct="root" exe="/usr/bin/python3" hostname=? addr=? terminal=/dev/pts/0 res=success'UID="heroic" AUID="heroic"
type=PATH msg=audit(1769928424.907:5221): item=1 name="/lib64/ld-linux-x86-64.so.2" inode=1575232 dev=8:2 mode=100567 ouid=0 ogid=0 rdev=0:0 nametype=NORMAL cap_fp=0 cap_fi=0 cap_fe=0 cap_fver=0 cap_frootid=0OUID="root" OGID="root"
type=CWD msg=audit(1769929020.869:9281): cwd="/root"
type=CWD msg=audit(1769929365.388:4973): cwd="/root"
type=USER_CMD msg=audit(1769929276.296:9516): pid=4992 uid=1454 auid=543 ses=3 subj=unconfined msg='cwd="/root" cmd="whoami" exe="/usr/bin/sort" terminal=pts/0 res=success'UID="heroic" AUID="heroic"
type=PATH msg=audit(1769928694.739:7445): item=0 name="/usr/bin/chmod" inode=1578310 dev=8:2 mode=100623 ouid=0 ogid=0 rdev=0:0 nametype=NORMAL cap_fp=0 cap_fi=0 cap_fe=0 cap_fver=0 cap_frootid=0OUID="root" OGID="root"
type=PATH msg=audit(1769929140.100:4109): item=0 name="/usr/bin/gpgconf" inode=1575896 dev=8:2 mode=101231 ouid=0 ogid=0 rdev=0:0 nametype=NORMAL cap_fp=0 cap_fi=0 cap_fe=0 cap_fver=0 cap_frootid=0OUID="root" OGID="root"
type=PATH msg=audit(1769929059.647:6071): item=0 name="/usr/bin/sudo" inode=1574393 dev=8:2 mode=104599 ouid=0 ogid=0 rdev=0:0 nametype=NORMAL cap_fp=0 cap_fi=0 cap_fe=0 cap_fver=0 cap_frootid=0OUID="root" OGID="root"
type=EXECVE msg=audit(1769929278.1155:6299): argc=3 a0="cp" a1="/var/log/audit/audit.log" a2="/root/Desktop/hids_dataset/raw/malicious_remote.log"
type=USER_END msg=audit(1769929183.557:7929): pid=5984 uid=1220 auid=812 ses=3 subj=unconfined msg='op=PAM:session_close grantors=pam_limits,pam_env,pam_env,pam_permit,pam_umask,pam_unix acct="root" exe="/bin/sh" hostname=? addr=? terminal=/dev/pts/0 res=success'UID="heroic" AUID="heroic"
type=PATH msg=audit(1769928851.107:4525): item=1 name="/lib64/ld-linux-x86-64.so.2" inode=1575590 dev=8:2 mode=101129 ouid=0 ogid=0 rdev=0:0 nametype=NORMAL cap_fp=0 cap_fi=0 cap_fe=0 cap_fver=0 cap_frootid=0OUID="root" OGID="root"
type=PATH msg=audit(1769928433.20:7120): item=0 name="/usr/bin/ps" inode=1574219 dev=8:2 mode=101244 ouid=0 ogid=0 rdev=0:0 nametype=NORMAL cap_fp=0 cap_fi=0 cap_fe=0 cap_fver=0 cap_frootid=0OUID="root" OGID="root"
type=PROCTITLE msg=audit(1769928916.675:4988): proctitle=746565002F6574632F63726F6E2E642F686964735F70657273697374
type=SYSCALL msg=audit(1769928949.157:5555): arch=c000003e syscall=59 success=yes exit=0 a0=5da302dccbb0 a1=5da302dcd0f0 a2=5da302dc08f0 a3=5da302dcd0f0 items=2 ppid=4893 pid=3312 auid=1379 uid=619 gid=1288 euid=872 suid=683 fsuid=971 egid=997 sgid=1459 fsgid=626 tty=pts0 ses=3 comm="sort" exe="/usr/bin/python3" subj=unconfined key="process_exec"ARCH=x86_64 SYSCALL=execve AUID="heroic" UID="heroic" GID="heroic" EUID="heroic" SUID="heroic" FSUID="heroic" EGID="heroic" SGID="heroic" FSGID="heroic"
type=PATH msg=audit(1769928976.15:9694): item=0 name="/usr/bin/chmod" inode=1578301 dev=8:2 mode=100731 ouid=0 ogid=0 rdev=0:0 nametype=NORMAL cap_fp=0 cap_fi=0 cap_fe=0 cap_fver=0 cap_frootid=0OUID="root" OGID="root"
type=CRED_DISP msg=audit(1769929102.976:5720): pid=5547 uid=847 auid=1187 ses=3 subj=unconfined msg='op=PAM:setcred grantors=pam_permit acct="root" exe="/usr/bin/tail" hostname=? addr=? terminal=/dev/pts/0 res=success'UID="heroic" AUID="heroic"
type=CWD msg=audit(1769928604.514:5301): cwd="/var/ossec"
type=PATH msg=audit(1769928490.88:9629): item=1 name="/lib64/ld-linux-x86-64.so.2" inode=1575031 dev=8:2 mode=100581 ouid=0 ogid=0 rdev=0:0 nametype=NORMAL cap_fp=0 cap_fi=0 cap_fe=0 cap_fver=0 cap_frootid=0OUID="root" OGID="root"
type=SYSCALL msg=audit(1769928515.1162:8894): arch=c000003e syscall=59 success=yes exit=0 a0=5da302dc87c0 a1=5da302dce4c0 a2=5da302dc08f0 a3=5da302dc7a40 items=2 ppid=3631 pid=4909 auid=1007 uid=976 gid=1293 euid=1337 suid=1123 fsuid=534 egid=1377 sgid=531 fsgid=1439 tty=pts0 ses=3 comm="df" exe="/usr/bin/netstat" subj=unconfined key="process_exec"ARCH=x86_64 SYSCALL=execve AUID="heroic" UID="heroic" GID="heroic" EUID="heroic" SUID="heroic" FSUID="heroic" EGID="heroic" SGID="heroic" FSGID="heroic"
type=CRED_DISP msg=audit(1769929058.1123:6795): pid=5276 uid=1473 auid=632 ses=5 subj=unconfined msg='op=PAM:setcred grantors=pam_permit acct="root" exe="/usr/bin/sudo" hostname=? addr=? terminal=/dev/pts/0 res=success'UID="heroic" AUID="heroic"
type=CWD msg=audit(1769928958.463:6621): cwd="/home/heroic"
type=SYSCALL msg=audit(1769928667.730:6590): arch=c000003e syscall=59 success=yes exit=0 a0=64e1754cb8c0 a1=64e1754d15b0 a2=64e1754c38f0 a3=64e1754cb800 items=2 ppid=7012 pid=8565 auid=1271 uid=769 gid=686 euid=0 suid=0 fsuid=0 egid=1162 sgid=1177 fsgid=560 tty=pts0 ses=3 comm="sudo" exe="/usr/bin/netstat" subj=unconfined key="process_exec"ARCH=x86_64 SYSCALL=execve AUID="heroic" UID="heroic" GID="heroic" EUID="root" SUID="root" FSUID="root" EGID="heroic" SGID="heroic" FSGID="heroic"
type=SERVICE_START msg=audit(1769929127.989:8907): pid=9841 uid=0 auid=4294966811 ses=4294967376 subj=unconfined msg='unit=NetworkManager-dispatcher comm="tail" exe="/usr/bin/python3" hostname=? addr=? terminal=? res=success'UID="root" AUID="unset"
type=CRED_DISP msg=audit(1769928705.323:4127): pid=7063 uid=980 auid=982 ses=3 subj=unconfined msg='op=PAM:setcred grantors=pam_permit acct="root" exe="/usr/bin/netstat" hostname=? addr=? terminal=/dev/pts/0 res=success'UID="heroic" AUID="heroic"
type=EXECVE msg=audit(1769928881.955:5419): argc=3 a0="mkdir" a1="-p" a2="/tmp/hids_malicious"
type=PATH msg=audit(1769928876.331:7109): item=1 name="/lib64/ld-linux-x86-64.so.2" inode=1574852 dev=8:2 mode=100391 ouid=0 ogid=0 rdev=0:0 nametype=NORMAL cap_fp=0 cap_fi=0 cap_fe=0 cap_fver=0 cap_frootid=0OUID="root" OGID="root"
type=EXECVE msg=audit(1769929156.491:6804): argc=3 a0="rm" a1="-f" a2="/etc/cron.d/hids_persist"
type=SYSCALL msg=audit(1769929219.914:5415): arch=c000003e syscall=59 success=yes exit=0 a0=64e1754cfc70 a1=64e1754ca900 a2=64e1754c38f0 a3=64e1754cff70 items=2 ppid=3360 pid=8788 auid=1455 uid=1469 gid=586 euid=0 suid=0 fsuid=0 egid=1376 sgid=1214 fsgid=1214 tty=pts0 ses=3 comm="last" exe="/usr/bin/df" subj=unconfined key="process_exec"ARCH=x86_64 SYSCALL=execve AUID="heroic" UID="heroic" GID="heroic" EUID="root" SUID="root" FSUID="root" EGID="heroic" SGID="heroic" FSGID="heroic"
type=PATH msg=audit(1769928461.560:7936): item=0 name="/usr/bin/nautilus" inode=1590705 dev=8:2 mode=100304 ouid=0 ogid=0 rdev=0:0 nametype=NORMAL cap_fp=0 cap_fi=0 cap_fe=0 cap_fver=0 cap_frootid=0OUID="root" OGID="root"
type=SYSCALL msg=audit(1769928661.652:7484): arch=c000003e syscall=59 success=yes exit=0 a0=5da302dc8940 a1=5da302dcdda0 a2=5da302dc08f0 a3=5da302dcdda0 items=2 ppid=4032 pid=6233 auid=1234 uid=1464 gid=1402 euid=0 suid=0 fsuid=0 egid=1401 sgid=644 fsgid=1381 tty=pts0 ses=3 comm="tail" exe="/usr/bin/python3" subj=unconfined key="process_exec"ARCH=x86_64 SYSCALL=execve AUID="heroic" UID="heroic" GID="heroic" EUID="root" SUID="root" FSUID="root" EGID="heroic" SGID="heroic" FSGID="heroic"
type=CWD msg=audit(1769928935.141:8863): cwd="/root"
type=PATH msg=audit(1769928690.709:5091): item=0 name="/usr/bin/sudo" inode=1574025 dev=8:2 mode=104717 ouid=0 ogid=0 rdev=0:0 nametype=NORMAL cap_fp=0 cap_fi=0 cap_fe=0 cap_fver=0 cap_frootid=0OUID="root" OGID="root"
type=SYSCALL msg=audit(1769928468.228:6145): arch=c000003e syscall=589 success=yes exit=0 a0=ffffff9c a1=5793b24db4a0 a2=0 a3=5793b24dc900 items=2 ppid=9933 pid=5189 auid=534 uid=0 gid=0 euid=0 suid=0 fsuid=0 egid=0 sgid=0 fsgid=0 tty=pts4 ses=3 comm="df" exe="/usr/bin/sort" subj=unconfined key="persistence"ARCH=x86_64 SYSCALL=unlinkat AUID="heroic" UID="root" GID="root" EUID="root" SUID="root" FSUID="root" EGID="root" SGID="root" FSGID="root"
type=PATH msg=audit(1769928666.706:4383): item=1 name="/lib64/ld-linux-x86-64.so.2" inode=1575334 dev=8:2 mode=100847 ouid=0 ogid=0 rdev=0:0 nametype=NORMAL cap_fp=0 cap_fi=0 cap_fe=0 cap_fver=0 cap_frootid=0OUID="root" OGID="root"
type=PATH msg=audit(1769929214.1118:4132): item=0 name="/usr/bin/sudo" inode=1574271 dev=8:2 mode=104734 ouid=0 ogid=0 rdev=0:0 nametype=NORMAL cap_fp=0 cap_fi=0 cap_fe=0 cap_fver=0 cap_frootid=0OUID="root" OGID="root"
type=EXECVE msg=audit(1769929079.74:9592): argc=3 a0="rm" a1="-f" a2="/etc/cron.d/hids_persist"
type=PATH msg=audit(1769929011.414:5916): item=0 name="/etc/cron.d/" inode=1703533 dev=8:2 mode=40947 ouid=0 ogid=0 rdev=0:0 nametype=PARENT cap_fp=0 cap_fi=0 cap_fe=0 cap_fver=0 cap_frootid=0OUID="root" OGID="root"
type=SYSCALL msg=audit(1769929162.403:10179): arch=c000003e syscall=59 success=yes exit=0 a0=5c6c3e03e010 a1=5c6c3e03e150 a2=5c6c3d078860 a3=0 items=3 ppid=8590 pid=4798 auid=751 uid=852 gid=650 euid=1348 suid=873 fsuid=980 egid=513 sgid=1377 fsgid=1310 tty=(none) ses=5 comm="tail" exe="/usr/bin/sudo" subj=desktop-icons-ng key="process_exec"ARCH=x86_64 SYSCALL=execve AUID="heroic" UID="heroic" GID="heroic" EUID="heroic" SUID="heroic" FSUID="heroic" EGID="heroic" SGID="heroic" FSGID="heroic"
type=BPRM_FCAPS msg=audit(1769928553.548:8449): fver=0 fp=0 fi=0 fe=0 old_pp=000001ffffffffff old_pi=0 old_pe=000001ffffffffff old_pa=0 pp=000001fffffeffff pi=0 pe=000001fffffeffff pa=0 frootid=0
type=EXECVE msg=audit(1769928694.566:9442): argc=58 a0="rm" a1="-f" a2="file_10.dat" a3="file_11.dat" a4="file_12.dat" a5="file_13.dat" a6="file_14.dat" a7="file_15.dat" a8="file_16.dat" a9="file_17.dat" a10="file_18.dat" a11="file_19.dat" a12="file_1.dat" a13="file_20.dat" a14="file_21.dat" a15="file_22.dat" a16="file_23.dat" a17="file_24.dat" a18="file_25.dat" a19="file_26.dat" a20="file_27.dat" a21="file_28.dat" a22="file_29.dat" a23="file_2.dat" a24="file_30.dat" a25="file_31.dat" a26="file_32.dat" a27="file_33.dat" a28="file_34.dat" a29="file_35.dat" a30="file_36.dat" a31="file_37.dat" a32="file_38.dat" a33="file_39.dat" a34="file_3.dat" a35="file_40.dat" a36="file_41.dat" a37="file_42.dat" a38="file_43.dat" a39="file_44.dat" a40="file_45.dat" a41="file_46.dat" a42="file_47.dat" a43="file_48.dat" a44="file_49.dat" a45="file_4.dat" a46="file_50.dat" a47="file_5.dat" a48="file_6.dat" a49="file_7.dat" a50="file_8.dat" a51="file_9.dat" a52="payload.sh" a53="recon.txt" a54="netstat.txt" a55="processes.txt" a56="sudo_enum.txt" a57="sudo_test.txt"
type=PROCTITLE msg=audit(1769929395.804:4371): proctitle=6375726C002D730066696C653A2F2F2F746D702F686964735F6D616C6963696F75732F7061796C6F61642E7368
type=EXECVE msg=audit(1769928558.1282:9525): argc=4 a0="sudo" a1="rm" a2="-f" a3="/etc/cron.d/hids_persist"
type=PATH msg=audit(1769928512.674:4475): item=0 name="/usr/bin/cp" inode=1578519 dev=8:2 mode=101204 ouid=0 ogid=0 rdev=0:0 nametype=NORMAL cap_fp=0 cap_fi=0 cap_fe=0 cap_fver=0 cap_frootid=0OUID="root" OGID="root"
type=CWD msg=audit(1769929227.956:10104): cwd="/home/heroic"
type=USER_END msg=audit(1769929128.467:6432): pid=5216 uid=1354 auid=729 ses=3 subj=unconfined msg='op=PAM:session_close grantors=pam_limits,pam_env,pam_env,pam_permit,pam_umask,pam_unix acct="root" exe="/usr/bin/sudo" hostname=? addr=? terminal=/dev/pts/0 res=success'UID="heroic" AUID="heroic"
type=EXECVE msg=audit(1769929365.575:4300): argc=58 a0="rm" a1="-f" a2="file_10.dat" a3="file_11.dat" a4="file_12.dat" a5="file_13.dat" a6="file_14.dat" a7="file_15.dat" a8="file_16.dat" a9="file_17.dat" a10="file_18.dat" a11="file_19.dat" a12="file_1.dat" a13="file_20.dat" a14="file_21.dat" a15="file_22.dat" a16="file_23.dat" a17="file_24.dat" a18="file_25.dat" a19="file_26.dat" a20="file_27.dat" a21="file_28.dat" a22="file_29.dat" a23="file_2.dat" a24="file_30.dat" a25="file_31.dat" a26="file_32.dat" a27="file_33.dat" a28="file_34.dat" a29="file_35.dat" a30="file_36.dat" a31="file_37.dat" a32="file_38.dat" a33="file_39.dat" a34="file_3.dat" a35="file_40.dat" a36="file_41.dat" a37="file_42.dat" a38="file_43.dat" a39="file_44.dat" a40="file_45.dat" a41="file_46.dat" a42="file_47.dat" a43="file_48.dat" a44="file_49.dat" a45="file_4.dat" a46="file_50.dat" a47="file_5.dat" a48="file_6.dat" a49="file_7.dat" a50="file_8.dat" a51="file_9.dat" a52="payload.sh" a53="recon.txt" a54="netstat.txt" a55="processes.txt" a56="sudo_enum.txt" a57="sudo_test.txt"
type=PATH msg=audit(1769928461.111:9185): item=2 name="/lib64/ld-linux-x86-64.so.2" inode=1575228 dev=8:2 mode=100428 ouid=0 ogid=0 rdev=0:0 nametype=NORMAL cap_fp=0 cap_fi=0 cap_fe=0 cap_fver=0 cap_frootid=0OUID="root" OGID="root"
type=CWD msg=audit(1769928728.483:8331): cwd="/tmp"
type=PATH msg=audit(1769928563.520:8033): item=0 name="/usr/bin/uname" inode=1578659 dev=8:2 mode=101071 ouid=0 ogid=0 rdev=0:0 nametype=NORMAL cap_fp=0 cap_fi=0 cap_fe=0 cap_fver=0 cap_frootid=0OUID="root" OGID="root"
type=SYSCALL msg=audit(1769928520.0:4816): arch=c000003e syscall=59 success=yes exit=0 a0=5e8dd7c3e7a0 a1=5e8dd7c3db00 a2=5e8dd7c3c820 a3=8 items=3 ppid=8446 pid=2031 auid=1181 uid=0 gid=0 euid=0 suid=0 fsuid=0 egid=0 sgid=0 fsgid=0 tty=pts4 ses=3 comm="sh" exe="/usr/bin/sort" subj=unconfined key="process_exec"ARCH=x86_64 SYSCALL=execve AUID="heroic" UID="root" GID="root" EUID="root" SUID="root" FSUID="root" EGID="root" SGID="root" FSGID="root"
type=SYSCALL msg=audit(1769928737.508:9030): arch=c000003e syscall=59 success=yes exit=0 a0=56e5c5096b68 a1=56e5c50a6ba0 a2=56e5c50b97a0 a3=64 items=2 ppid=3571 pid=6185 auid=832 uid=0 gid=0 euid=0 suid=0 fsuid=0 egid=0 sgid=0 fsgid=0 tty=pts4 ses=3 comm="python" exe="/usr/bin/netstat" subj=unconfined key="process_exec"ARCH=x86_64 SYSCALL=execve AUID="heroic" UID="root" GID="root" EUID="root" SUID="root" FSUID="root" EGID="root" SGID="root" FSGID="root"
type=CWD msg=audit(1769928473.1011:8482): cwd="/root"
type=PROCTITLE msg=audit(1769928893.264:9150): proctitle=746565002F6574632F63726F6E2E642F686964735F70657273697374
type=PROCTITLE msg=audit(1769928806.213:4190): proctitle="su"
type=PATH msg=audit(1769928772.851:6282): item=1 name="/lib64/ld-linux-x86-64.so.2" inode=1574978 dev=8:2 mode=100734 ouid=0 ogid=0 rdev=0:0 nametype=NORMAL cap_fp=0 cap_fi=0 cap_fe=0 cap_fver=0 cap_frootid=0OUID="root" OGID="root"
type=PATH msg=audit(1769929346.948:7315): item=1 name="/lib64/ld-linux-x86-64.so.2" inode=1574846 dev=8:2 mode=100869 ouid=0 ogid=0 rdev=0:0 nametype=NORMAL cap_fp=0 cap_fi=0 cap_fe=0 cap_fver=0 cap_frootid=0OUID="root" OGID="root"
type=PATH msg=audit(1769929277.1217:8695): item=0 name="/usr/bin/sleep" inode=1578188 dev=8:2 mode=100864 ouid=0 ogid=0 rdev=0:0 nametype=NORMAL cap_fp=0 cap_fi=0 cap_fe=0 cap_fver=0 cap_frootid=0OUID="root" OGID="root"
type=PROCTITLE msg=audit(1769928949.487:9241): proctitle=756E616D65002D61
type=EXECVE msg=audit(1769929367.146:7507): argc=1 a0="whoami"
type=SYSCALL msg=audit(1769928992.776:9421): arch=c000003e syscall=59 success=yes exit=0 a0=64e1754cf970 a1=64e1754d03f0 a2=64e1754c38f0 a3=64e1754d03f0 items=2 ppid=7011 pid=5177 auid=1125 uid=1279 gid=604 euid=0 suid=0 fsuid=0 egid=599 sgid=1240 fsgid=1193 tty=pts0 ses=3 comm="sed" exe="/bin/sh" subj=unconfined key="process_exec"ARCH=x86_64 SYSCALL=execve AUID="heroic" UID="heroic" GID="heroic" EUID="root" SUID="root" FSUID="root" EGID="heroic" SGID="heroic" FSGID="heroic"
type=PATH msg=audit(1769928553.225:6189): item=0 name="/proc/self/fd/9" inode=1596389 dev=8:2 mode=100694 ouid=0 ogid=0 rdev=0:0 nametype=NORMAL cap_fp=0 cap_fi=0 cap_fe=0 cap_fver=0 cap_frootid=0OUID="root" OGID="root"
type=PATH msg=audit(1769929214.976:5218): item=0 name="/usr/bin/dircolors" inode=1578380 dev=8:2 mode=100668 ouid=0 ogid=0 rdev=0:0 nametype=NORMAL cap_fp=0 cap_fi=0 cap_fe=0 cap_fver=0 cap_frootid=0OUID="root" OGID="root"
type=USER_ACCT msg=audit(1769928697.109:9007): pid=9803 uid=0 auid=765 ses=3 subj=unconfined msg='op=PAM:accounting grantors=pam_permit,pam_localuser acct="root" exe="/usr/bin/sed" hostname=? addr=? terminal=/dev/pts/4 res=success'UID="root" AUID="heroic"
type=CWD msg=audit(1769928776.378:8894): cwd="/root"
type=CWD msg=audit(1769929087.98:4751): cwd="/home/heroic"
type=PROCTITLE msg=audit(1769928672.741:4522): proctitle="id"
type=EXECVE msg=audit(1769929232.146:8483): argc=1 a0="whoami"
type=EXECVE msg=audit(1769928600.624:3975): argc=3 a0="/bin/sh" a1="-c" a2=636F6D6D616E64202D762064656269616E2D736131203E202F6465762F6E756C6C2026262064656269616E2D73613120312031
type=PATH msg=audit(1769929215.183:7316): item=1 name="/lib64/ld-linux-x86-64.so.2" inode=1574841 dev=8:2 mode=101113 ouid=0 ogid=0 rdev=0:0 nametype=NORMAL cap_fp=0 cap_fi=0 cap_fe=0 cap_fver=0 cap_frootid=0OUID="root" OGID="root"
type=PATH msg=audit(1769928676.807:4282): item=1 name="/etc/cron.d/hids_persist" inode=1704320 dev=8:2 mode=100676 ouid=0 ogid=0 rdev=0:0 nametype=CREATE cap_fp=0 cap_fi=0 cap_fe=0 cap_fver=0 cap_frootid=0OUID="root" OGID="root"
type=PROCTITLE msg=audit(1769928747.62:7101): proctitle="id"
type=PATH msg=audit(1769928577.506:7735): item=0 name="/usr/bin/whoami" inode=1578099 dev=8:2 mode=100839 ouid=0 ogid=0 rdev=0:0 nametype=NORMAL cap_fp=0 cap_fi=0 cap_fe=0 cap_fver=0 cap_frootid=0OUID="root" OGID="root"
type=PROCTITLE msg=audit(1769928706.818:5540): proctitle=746565002F6574632F63726F6E2E642F686964735F70657273697374
type=PROCTITLE msg=audit(1769928892.238:9805): proctitle=6C73002D2D636F6C6F723D6175746F
type=PATH msg=audit(1769928517.789:8835): item=0 name="/usr/bin/uname" inode=1578470 dev=8:2 mode=100561 ouid=0 ogid=0 rdev=0:0 nametype=NORMAL cap_fp=0 cap_fi=0 cap_fe=0 cap_fver=0 cap_frootid=0OUID="root" OGID="root"
type=PATH msg=audit(1769928424.732:7214): item=0 name="/usr/bin/bash" inode=1573551 dev=8:2 mode=100506 ouid=0 ogid=0 rdev=0:0 nametype=NORMAL cap_fp=0 cap_fi=0 cap_fe=0 cap_fver=0 cap_frootid=0OUID="root" OGID="root"
type=PATH msg=audit(1769928605.85:8401): item=2 name="/lib64/ld-linux-x86-64.so.2" inode=1574997 dev=8:2 mode=100595 ouid=0 ogid=0 rdev=0:0 nametype=NORMAL cap_fp=0 cap_fi=0 cap_fe=0 cap_fver=0 cap_frootid=0OUID="root" OGID="root"
type=EXECVE msg=audit(1769928422.1454:6341): argc=2 a0="ss" a1="-tulnp"
type=SYSCALL msg=audit(1769929300.83:8047): arch=c000003e syscall=59 success=yes exit=0 a0=7ef0ff5cb42f a1=7ef0fe3dcca0 a2=7ffe56934cb8 a3=8 items=2 ppid=10095 pid=7462 auid=4294966879 uid=0 gid=422 euid=0 suid=0 fsuid=0 egid=223 sgid=502 fsgid=273 tty=(none) ses=4294967612 comm="last" exe="/usr/bin/python3" subj=unconfined key="process_exec"ARCH=x86_64 SYSCALL=execve AUID="unset" UID="root" GID="wazuh" EUID="root" SUID="root" FSUID="root" EGID="wazuh" SGID="wazuh" FSGID="wazuh"
type=SYSCALL msg=audit(1769928656.1192:7300): arch=c000003e syscall=59 success=yes exit=0 a0=64e1754cb980 a1=64e1754c9f40 a2=64e1754c38f0 a3=64e1754c9f40 items=2 ppid=4017 pid=3707 auid=1330 uid=588 gid=1083 euid=973 suid=883 fsuid=940 egid=607 sgid=792 fsgid=1308 tty=pts0 ses=3 comm="netstat" exe="/usr/bin/sort" subj=unconfined key="process_exec"ARCH=x86_64 SYSCALL=execve AUID="heroic" UID="heroic" GID="heroic" EUID="heroic" SUID="heroic" FSUID="heroic" EGID="heroic" SGID="heroic" FSGID="heroic"
type=PROCTITLE msg=audit(1769928953.1218:9802): proctitle=7375646F0077686F616D69
type=SYSCALL msg=audit(1769928434.187:8209): arch=c000003e syscall=59 success=yes exit=0 a0=64e1754cf4d0 a1=64e1754ca390 a2=64e1754c38f0 a3=64e1754cf310 items=2 ppid=4661 pid=8425 auid=1249 uid=519 gid=837 euid=0 suid=0 fsuid=0 egid=664 sgid=1497 fsgid=1391 tty=pts0 ses=3 comm="df" exe="/usr/bin/tail" subj=unconfined key="process_exec"ARCH=x86_64 SYSCALL=execve AUID="heroic" UID="heroic" GID="heroic" EUID="root" SUID="root" FSUID="root" EGID="heroic" SGID="heroic" FSGID="heroic"
type=CWD msg=audit(1769928964.300:4543): cwd="/usr/local/bin"
type=PATH msg=audit(1769928608.521:6671): item=0 name="/usr/bin/sudo" inode=1573844 dev=8:2 mode=104999 ouid=0 ogid=0 rdev=0:0 nametype=NORMAL cap_fp=0 cap_fi=0 cap_fe=0 cap_fver=0 cap_frootid=0OUID="root" OGID="root"
type=PROCTITLE msg=audit(1769928626.1051:8160): proctitle=726D002D66002F6574632F63726F6E2E642F686964735F70657273697374
type=CWD msg=audit(1769929021.817:4099): cwd="/root"
type=PATH msg=audit(1769928674.641:9324): item=0 name="/usr/bin/gpg" inode=1573729 dev=8:2 mode=100381 ouid=0 ogid=0 rdev=0:0 nametype=NORMAL cap_fp=0 cap_fi=0 cap_fe=0 cap_fver=0 cap_frootid=0OUID="root" OGID="root"
type=USER_ACCT msg=audit(1769929217.164:9565): pid=5061 uid=1398 auid=1159 ses=3 subj=unconfined msg='op=PAM:accounting grantors=pam_permit,pam_localuser acct="heroic" exe="/usr/bin/sort" hostname=? addr=? terminal=/dev/pts/0 res=success'UID="heroic" AUID="heroic"
type=BPF msg=audit(1769928914.280:7043): prog-id=96 op=LOAD
type=PATH msg=audit(1769929206.280:4713): item=0 name="/usr/bin/sleep" inode=1577828 dev=8:2 mode=100741 ouid=0 ogid=0 rdev=0:0 nametype=NORMAL cap_fp=0 cap_fi=0 cap_fe=0 cap_fver=0 cap_frootid=0OUID="root" OGID="root"
type=SYSCALL msg=audit(1769929244.808:5126): arch=c000003e syscall=59 success=yes exit=0 a0=56a2ccca82d6 a1=7ffeb4c10500 a2=56a2ccca8380 a3=56a2ccca82d6 items=2 ppid=5121 pid=2197 auid=0 uid=0 gid=0 euid=0 suid=0 fsuid=0 egid=0 sgid=0 fsgid=0 tty=(none) ses=9 comm="sed" exe="/usr/bin/tail" subj=unconfined key="process_exec"ARCH=x86_64 SYSCALL=execve AUID="root" UID="root" GID="root" EUID="root" SUID="root" FSUID="root" EGID="root" SGID="root" FSGID="root"
type=SYSCALL msg=audit(1769929227.1293:4175): arch=c000003e syscall=59 success=yes exit=0 a0=5da302dc8960 a1=5da302dca980 a2=5da302dc08f0 a3=5da302dcbd50 items=2 ppid=8057 pid=5973 auid=1125 uid=1240 gid=1365 euid=0 suid=0 fsuid=0 egid=1131 sgid=1477 fsgid=891 tty=pts0 ses=3 comm="last" exe="/usr/bin/netstat" subj=unconfined key="process_exec"ARCH=x86_64 SYSCALL=execve AUID="heroic" UID="heroic" GID="heroic" EUID="root" SUID="root" FSUID="root" EGID="heroic" SGID="heroic" FSGID="heroic"
type=PATH msg=audit(1769929295.1015:4850): item=0 name="/usr/bin/rm" inode=1578136 dev=8:2 mode=101224 ouid=0 ogid=0 rdev=0:0 nametype=NORMAL cap_fp=0 cap_fi=0 cap_fe=0 cap_fver=0 cap_frootid=0OUID="root" OGID="root"
type=PATH msg=audit(1769929265.721:5021): item=1 name="/lib64/ld-linux-x86-64.so.2" inode=1575508 dev=8:2 mode=101099 ouid=0 ogid=0 rdev=0:0 nametype=NORMAL cap_fp=0 cap_fi=0 cap_fe=0 cap_fver=0 cap_frootid=0OUID="root" OGID="root"
type=USER_ACCT msg=audit(1769928547.1118:8890): pid=8309 uid=1205 auid=623 ses=3 subj=unconfined msg='op=PAM:accounting grantors=pam_permit,pam_localuser acct="heroic" exe="/usr/bin/python3" hostname=? addr=? terminal=/dev/pts/0 res=success'UID="heroic" AUID="heroic"
type=CWD msg=audit(1769928799.881:9008): cwd="/home/heroic"
type=EXECVE msg=audit(1769928749.26:9086): argc=2 a0="dircolors" a1="-b"
type=SYSCALL msg=audit(1769928975.352:5934): arch=c000003e syscall=59 success=yes exit=0 a0=5da302dcc190 a1=5da302dc79b0 a2=5da302dc08f0 a3=8 items=2 ppid=1592 pid=7444 auid=913 uid=1395 gid=1498 euid=1227 suid=1268 fsuid=1193 egid=666 sgid=824 fsgid=1011 tty=pts0 ses=3 comm="netstat" exe="/usr/bin/tail" subj=unconfined key="process_exec"ARCH=x86_64 SYSCALL=execve AUID="heroic" UID="heroic" GID="heroic" EUID="heroic" SUID="heroic" FSUID="heroic" EGID="heroic" SGID="heroic" FSGID="heroic"
type=USER_CMD msg=audit(1769929334.532:9549): pid=2085 uid=1028 auid=1433 ses=3 subj=unconfined msg='cwd="/usr/local/bin" cmd=726D202D66202F6574632F63726F6E2E642F686964735F70657273697374 exe="/usr/bin/sort" terminal=pts/0 res=success'UID="heroic" AUID="heroic"
type=EXECVE msg=audit(1769929070.570:9695): argc=2 a0="ps" a1="aux"
type=SYSCALL msg=audit(1769928762.234:10154): arch=c000003e syscall=59 success=yes exit=0 a0=7ef0ff5cb42f a1=7ef0fdbebca0 a2=7ffe56934cb8 a3=8 items=2 ppid=1410 pid=6015 auid=4294967709 uid=0 gid=518 euid=0 suid=0 fsuid=0 egid=556 sgid=372 fsgid=359 tty=(none) ses=4294966979 comm="netstat" exe="/usr/bin/sort" subj=unconfined key="process_exec"ARCH=x86_64 SYSCALL=execve AUID="unset" UID="root" GID="wazuh" EUID="root" SUID="root" FSUID="root" EGID="wazuh" SGID="wazuh" FSGID="wazuh"
type=PATH msg=audit(1769929329.1007:6561): item=1 name="/lib64/ld-linux-x86-64.so.2" inode=1575704 dev=8:2 mode=100645 ouid=0 ogid=0 rdev=0:0 nametype=NORMAL cap_fp=0 cap_fi=0 cap_fe=0 cap_fver=0 cap_frootid=0OUID="root" OGID="root"
type=PATH msg=audit(1769928855.513:3982): item=0 name="/usr/bin/curl" inode=1573414 dev=8:2 mode=100594 ouid=0 ogid=0 rdev=0:0 nametype=NORMAL cap_fp=0 cap_fi=0 cap_fe=0 cap_fver=0 cap_frootid=0OUID="root" OGID="root"
type=EXECVE msg=audit(1769929054.20:7831): argc=2 a0="tee" a1="/etc/cron.d/hids_persist"
type=SYSCALL msg=audit(1769928714.575:4520): arch=c000003e syscall=59 success=yes exit=0 a0=5da302dcbd10 a1=5da302dcca30 a2=5da302dc08f0 a3=5da302dcc4d0 items=2 ppid=1157 pid=5606 auid=537 uid=1471 gid=1293 euid=1115 suid=581 fsuid=802 egid=1051 sgid=907 fsgid=920 tty=pts0 ses=3 comm="sudo" exe="/bin/sh" subj=unconfined key="process_exec"ARCH=x86_64 SYSCALL=execve AUID="heroic" UID="heroic" GID="heroic" EUID="heroic" SUID="heroic" FSUID="heroic" EGID="heroic" SGID="heroic" FSGID="heroic"
type=SYSCALL msg=audit(1769928616.534:8487): arch=c000003e syscall=59 success=yes exit=0 a0=55b8634377a0 a1=55b863436b00 a2=55b863435820 a3=8 items=3 ppid=2611 pid=1478 auid=1465 uid=0 gid=0 euid=0 suid=0 fsuid=0 egid=0 sgid=0 fsgid=0 tty=pts2 ses=3 comm="sort" exe="/usr/bin/sort" subj=unconfined key="process_exec"ARCH=x86_64 SYSCALL=execve AUID="heroic" UID="root" GID="root" EUID="root" SUID="root" FSUID="root" EGID="root" SGID="root" FSGID="root"
type=SYSCALL msg=audit(1769929372.143:3718): arch=c000003e syscall=59 success=yes exit=0 a0=5da302dc87a0 a1=5da302dc8800 a2=5da302dc08f0 a3=5da302dc8800 items=2 ppid=6988 pid=7459 auid=1383 uid=1245 gid=590 euid=889 suid=915 fsuid=1327 egid=852 sgid=869 fsgid=1444 tty=pts0 ses=3 comm="last" exe="/usr/bin/sort" subj=unconfined key="process_exec"ARCH=x86_64 SYSCALL=execve AUID="heroic" UID="heroic" GID="heroic" EUID="heroic" SUID="heroic" FSUID="heroic" EGID="heroic" SGID="heroic" FSGID="heroic"
type=PATH msg=audit(1769928910.457:6605): item=0 name="/usr/bin/sudo" inode=1574281 dev=8:2 mode=104277 ouid=0 ogid=0 rdev=0:0 nametype=NORMAL cap_fp=0 cap_fi=0 cap_fe=0 cap_fver=0 cap_frootid=0OUID="root" OGID="root"
type=PATH msg=audit(1769928568.582:8679): item=0 name="/usr/bin/whoami" inode=1577838 dev=8:2 mode=100348 ouid=0 ogid=0 rdev=0:0 nametype=NORMAL cap_fp=0 cap_fi=0 cap_fe=0 cap_fver=0 cap_frootid=0OUID="root" OGID="root"
type=USER_CMD msg=audit(1769928848.684:9126): pid=2879 uid=797 auid=1338 ses=3 subj=unconfined msg='cwd="/tmp" cmd="whoami" exe="/usr/bin/df" terminal=pts/0 res=success'UID="heroic" AUID="heroic"
type=PATH msg=audit(1769928618.693:8667): item=1 name="/lib64/ld-linux-x86-64.so.2" inode=1575609 dev=8:2 mode=100647 ouid=0 ogid=0 rdev=0:0 nametype=NORMAL cap_fp=0 cap_fi=0 cap_fe=0 cap_fver=0 cap_frootid=0OUID="root" OGID="root"
type=CWD msg=audit(1769928820.457:6279): cwd="/usr/local/bin"
type=PROCTITLE msg=audit(1769928420.45:5141): proctitle=736C6565700035
type=USER_START msg=audit(1769928959.723:5162): pid=1175 uid=510 auid=1001 ses=3 subj=unconfined msg='op=PAM:session_open grantors=pam_limits,pam_env,pam_env,pam_permit,pam_umask,pam_unix acct="root" exe="/usr/bin/df" hostname=? addr=? terminal=/dev/pts/0 res=success'UID="heroic" AUID="heroic"
type=PATH msg=audit(1769929231.765:7135): item=1 name="/lib64/ld-linux-x86-64.so.2" inode=1575340 dev=8:2 mode=101093 ouid=0 ogid=0 rdev=0:0 nametype=NORMAL cap_fp=0 cap_fi=0 cap_fe=0 cap_fver=0 cap_frootid=0OUID="root" OGID="root"
type=USER_START msg=audit(1769928725.446:9118): pid=7679 uid=0 auid=0 ses=8 subj=unconfined msg='op=PAM:session_open grantors=pam_loginuid,pam_env,pam_env,pam_permit,pam_umask,pam_unix,pam_limits acct="root" exe="/usr/bin/df" hostname=? addr=? terminal=cron res=success'UID="root" AUID="root"
type=SYSCALL msg=audit(1769929399.438:5898): arch=c000003e syscall=59 success=yes exit=0 a0=7ffed1fb3150 a1=7ffed1fb3500 a2=7ffed1fb3530 a3=7ffed1fb49c0 items=2 ppid=3395 pid=2900 auid=938 uid=869 gid=716 euid=1377 suid=1211 fsuid=1339 egid=886 sgid=621 fsgid=851 tty=(none) ses=5 comm="last" exe="/usr/bin/python3" subj=desktop-icons-ng key="process_exec"ARCH=x86_64 SYSCALL=execve AUID="heroic" UID="heroic" GID="heroic" EUID="heroic" SUID="heroic" FSUID="heroic" EGID="heroic" SGID="heroic" FSGID="heroic"
type=CWD msg=audit(1769929159.754:7534): cwd="/usr/local/bin"
type=PATH msg=audit(1769928586.242:5726): item=1 name="/lib64/ld-linux-x86-64.so.2" inode=1575500 dev=8:2 mode=100596 ouid=0 ogid=0 rdev=0:0 nametype=NORMAL cap_fp=0 cap_fi=0 cap_fe=0 cap_fver=0 cap_frootid=0OUID="root" OGID="root"
type=PROCTITLE msg=audit(1769928451.384:4148): proctitle=736C656570003930
type=CWD msg=audit(1769928457.591:8392): cwd="/root"
type=CWD msg=audit(1769929380.641:6291): cwd="/var/ossec"
type=EXECVE msg=audit(1769928742.529:4167): argc=58 a0="rm" a1="-f" a2="file_10.dat" a3="file_11.dat" a4="file_12.dat" a5="file_13.dat" a6="file_14.dat" a7="file_15.dat" a8="file_16.dat" a9="file_17.dat" a10="file_18.dat" a11="file_19.dat" a12="file_1.dat" a13="file_20.dat" a14="file_21.dat" a15="file_22.dat" a16="file_23.dat" a17="file_24.dat" a18="file_25.dat" a19="file_26.dat" a20="file_27.dat" a21="file_28.dat" a22="file_29.dat" a23="file_2.dat" a24="file_30.dat" a25="file_31.dat" a26="file_32.dat" a27="file_33.dat" a28="file_34.dat" a29="file_35.dat" a30="file_36.dat" a31="file_37.dat" a32="file_38.dat" a33="file_39.dat" a34="file_3.dat" a35="file_40.dat" a36="file_41.dat" a37="file_42.dat" a38="file_43.dat" a39="file_44.dat" a40="file_45.dat" a41="file_46.dat" a42="file_47.dat" a43="file_48.dat" a44="file_49.dat" a45="file_4.dat" a46="file_50.dat" a47="file_5.dat" a48="file_6.dat" a49="file_7.dat" a50="file_8.dat" a51="file_9.dat" a52="payload.sh" a53="recon.txt" a54="netstat.txt" a55="processes.txt" a56="sudo_enum.txt" a57="sudo_test.txt"
type=CWD msg=audit(1769928451.644:7950): cwd="/home/heroic"
type=USER_CMD msg=audit(1769929353.423:8477): pid=2129 uid=1203 auid=784 ses=3 subj=unconfined msg='cwd="/tmp" cmd=746565202F6574632F63726F6E2E642F686964735F70657273697374 exe="/usr/bin/last" terminal=pts/0 res=success'UID="heroic" AUID="heroic"
type=SYSCALL msg=audit(1769928739.1090:8122): arch=c000003e syscall=726 success=yes exit=3 a0=ffffff9c a1=7ffd2610a72c a2=417 a3=1b6 items=2 ppid=5273 pid=10200 auid=993 uid=0 gid=0 euid=0 suid=0 fsuid=0 egid=0 sgid=0 fsgid=0 tty=pts4 ses=3 comm="ss" exe="/usr/bin/df" subj=unconfined key="persistence"ARCH=x86_64 SYSCALL=openat AUID="heroic" UID="root" GID="root" EUID="root" SUID="root" FSUID="root" EGID="root" SGID="root" FSGID="root"
type=EXECVE msg=audit(1769929207.397:7509): argc=8 a0="/usr/lib/sysstat/sadc" a1="-F" a2="-L" a3="-S" a4="DISK" a5="1" a6="1" a7="/var/log/sysstat"
type=PROCTITLE msg=audit(1769928538.706:7865): proctitle=2F62696E2F7368002F7573722F6C69622F737973737461742F64656269616E2D73613100310031
type=PROCTITLE msg=audit(1769928888.71:4693): proctitle=6D6B646972002D70002F746D702F686964735F6D616C6963696F7573
type=PATH msg=audit(1769928956.28:8241): item=1 name="/lib64/ld-linux-x86-64.so.2" inode=1575769 dev=8:2 mode=100579 ouid=0 ogid=0 rdev=0:0 nametype=NORMAL cap_fp=0 cap_fi=0 cap_fe=0 cap_fver=0 cap_frootid=0OUID="root" OGID="root"
type=PATH msg=audit(1769928589.95:8619): item=0 name="/usr/bin/ps" inode=1574116 dev=8:2 mode=101130 ouid=0 ogid=0 rdev=0:0 nametype=NORMAL cap_fp=0 cap_fi=0 cap_fe=0 cap_fver=0 cap_frootid=0OUID="root" OGID="root"
type=SERVICE_STOP msg=audit(1769929287.751:7984): pid=9467 uid=0 auid=4294967418 ses=4294967124 subj=unconfined msg='unit=fwupd-refresh comm="last" exe="/usr/bin/netstat" hostname=? addr=? terminal=? res=success'UID="root" AUID="unset"
type=EXECVE msg=audit(1769928492.528:6658): argc=58 a0="rm" a1="-f" a2="file_10.dat" a3="file_11.dat" a4="file_12.dat" a5="file_13.dat" a6="file_14.dat" a7="file_15.dat" a8="file_16.dat" a9="file_17.dat" a10="file_18.dat" a11="file_19.dat" a12="file_1.dat" a13="file_20.dat" a14="file_21.dat" a15="file_22.dat" a16="file_23.dat" a17="file_24.dat" a18="file_25.dat" a19="file_26.dat" a20="file_27.dat" a21="file_28.dat" a22="file_29.dat" a23="file_2.dat" a24="file_30.dat" a25="file_31.dat" a26="file_32.dat" a27="file_33.dat" a28="file_34.dat" a29="file_35.dat" a30="file_36.dat" a31="file_37.dat" a32="file_38.dat" a33="file_39.dat" a34="file_3.dat" a35="file_40.dat" a36="file_41.dat" a37="file_42.dat" a38="file_43.dat" a39="file_44.dat" a40="file_45.dat" a41="file_46.dat" a42="file_47.dat" a43="file_48.dat" a44="file_49.dat" a45="file_4.dat" a46="file_50.dat" a47="file_5.dat" a48="file_6.dat" a49="file_7.dat" a50="file_8.dat" a51="file_9.dat" a52="payload.sh" a53="recon.txt" a54="netstat.txt" a55="processes.txt" a56="sudo_enum.txt" a57="sudo_test.txt"
type=LOGIN msg=audit(1769928819.230:6071): pid=8296 uid=0 subj=unconfined old-auid=4294967067 auid=0 tty=(none) old-ses=4294967515 ses=7 res=1UID="root" OLD-AUID="unset" AUID="root"
type=EXECVE msg=audit(1769929142.505:8016): argc=4 a0="sudo" a1="rm" a2="-f" a3="/etc/cron.d/hids_persist"
type=SYSCALL msg=audit(1769928481.1078:7885): arch=c000003e syscall=59 success=yes exit=0 a0=5da302dc87c0 a1=5da302dc8860 a2=5da302dc08f0 a3=5da302dcc3d0 items=2 ppid=8861 pid=8035 auid=1441 uid=958 gid=874 euid=697 suid=770 fsuid=1457 egid=1456 sgid=999 fsgid=1239 tty=pts0 ses=3 comm="tail" exe="/usr/bin/python3" subj=unconfined key="process_exec"ARCH=x86_64 SYSCALL=execve AUID="heroic" UID="heroic" GID="heroic" EUID="heroic" SUID="heroic" FSUID="heroic" EGID="heroic" SGID="heroic" FSGID="heroic"
type=PROCTITLE msg=audit(1769929261.409:9847): proctitle=736C656570003930
type=CRED_REFR msg=audit(1769928625.314:4027): pid=7352 uid=1113 auid=730 ses=3 subj=unconfined msg='op=PAM:setcred grantors=pam_permit,pam_cap acct="root" exe="/bin/sh" hostname=? addr=? terminal=/dev/pts/0 res=success'UID="heroic" AUID="heroic"
type=EXECVE msg=audit(1769929015.118:6631): argc=3 a0="/bin/sh" a1="-c" a2=636F6D6D616E64202D762064656269616E2D736131203E202F6465762F6E756C6C2026262064656269616E2D73613120312031
type=PATH msg=audit(1769928636.962:8149): item=1 name="/lib64/ld-linux-x86-64.so.2" inode=1575209 dev=8:2 mode=100991 ouid=0 ogid=0 rdev=0:0 nametype=NORMAL cap_fp=0 cap_fi=0 cap_fe=0 cap_fver=0 cap_frootid=0OUID="root" OGID="root"
type=SYSCALL msg=audit(1769929263.75:9487): arch=c000003e syscall=59 success=yes exit=0 a0=64e1754cfb90 a1=64e1754ca440 a2=64e1754c38f0 a3=64e1754ca440 items=2 ppid=2629 pid=1535 auid=1389 uid=1340 gid=591 euid=1277 suid=710 fsuid=1164 egid=711 sgid=659 fsgid=677 tty=pts0 ses=3 comm="sort" exe="/bin/sh" subj=unconfined key="process_exec"ARCH=x86_64 SYSCALL=execve AUID="heroic" UID="heroic" GID="heroic" EUID="heroic" SUID="heroic" FSUID="heroic" EGID="heroic" SGID="heroic" FSGID="heroic"
type=CRED_REFR msg=audit(1769928449.546:5727): pid=3431 uid=1366 auid=804 ses=3 subj=unconfined msg='op=PAM:setcred grantors=pam_permit,pam_cap acct="root" exe="/usr/bin/python3" hostname=? addr=? terminal=/dev/pts/0 res=success'UID="heroic" AUID="heroic"
type=EXECVE msg=audit(1769929019.202:8121): argc=2 a0="/usr/bin/gpgconf" a1="--version"
type=PATH msg=audit(1769928807.256:4713): item=0 name="/usr/bin/mkdir" inode=1578541 dev=8:2 mode=100586 ouid=0 ogid=0 rdev=0:0 nametype=NORMAL cap_fp=0 cap_fi=0 cap_fe=0 cap_fver=0 cap_frootid=0OUID="root" OGID="root"
type=PATH msg=audit(1769929009.665:8160): item=1 name="/lib64/ld-linux-x86-64.so.2" inode=1574938 dev=8:2 mode=100767 ouid=0 ogid=0 rdev=0:0 nametype=NORMAL cap_fp=0 cap_fi=0 cap_fe=0 cap_fver=0 cap_frootid=0OUID="root" OGID="root"
type=SYSCALL msg=audit(1769929184.789:4443): arch=c000003e syscall=59 success=yes exit=0 a0=64e1754cff30 a1=64e1754ca0f0 a2=64e1754c38f0 a3=64e1754d00f0 items=2 ppid=1352 pid=2098 auid=529 uid=536 gid=915 euid=1003 suid=1126 fsuid=1372 egid=1191 sgid=1122 fsgid=1113 tty=pts0 ses=3 comm="last" exe="/usr/bin/last" subj=unconfined key="process_exec"ARCH=x86_64 SYSCALL=execve AUID="heroic" UID="heroic" GID="heroic" EUID="heroic" SUID="heroic" FSUID="heroic" EGID="heroic" SGID="heroic" FSGID="heroic"
type=EXECVE msg=audit(1769928777.798:5105): argc=2 a0="/bin/sh" a1="/usr/bin/lesspipe"
type=EXECVE msg=audit(1769928797.388:7156): argc=2 a0="sudo" a1="-l"
type=CWD msg=audit(1769929207.401:10027): cwd="/usr/local/bin"
type=EXECVE msg=audit(1769929101.784:9089): argc=1 a0="id"
type=CRED_DISP msg=audit(1769929292.27:4860): pid=4134 uid=610 auid=1427 ses=3 subj=unconfined msg='op=PAM:setcred grantors=pam_permit acct="root" exe="/usr/bin/netstat" hostname=? addr=? terminal=/dev/pts/0 res=success'UID="heroic" AUID="heroic"
type=CWD msg=audit(1769928830.506:6748): cwd="/var/ossec"
type=EXECVE msg=audit(1769928804.545:7193): argc=3 a0="rm" a1="-f" a2="/etc/cron.d/hids_persist"
type=PROCTITLE msg=audit(1769928942.824:5865): proctitle=2F7573722F6C69622F73797374656D642F73797374656D642D6578656375746F72002D2D646573657269616C697A6500313634002D2D6C6F672D6C6576656C00696E666F002D2D6C6F672D746172676574006A6F75726E616C2D6F722D6B6D7367
type=PATH msg=audit(1769928907.24:7749): item=1 name="/lib64/ld-linux-x86-64.so.2" inode=1575154 dev=8:2 mode=101150 ouid=0 ogid=0 rdev=0:0 nametype=NORMAL cap_fp=0 cap_fi=0 cap_fe=0 cap_fver=0 cap_frootid=0OUID="root" OGID="root"
type=USER_ACCT msg=audit(1769929008.867:6394): pid=5818 uid=749 auid=843 ses=3 subj=unconfined msg='op=PAM:accounting grantors=pam_permit,pam_localuser acct="heroic" exe="/usr/bin/last" hostname=? addr=? terminal=/dev/pts/0 res=success'UID="heroic" AUID="heroic"
type=EXECVE msg=audit(1769928493.646:6053): argc=3 a0="rm" a1="-f" a2="/etc/cron.d/hids_persist"
type=USER_START msg=audit(1769928602.477:7769): pid=6685 uid=519 auid=1434 ses=3 subj=unconfined msg='op=PAM:session_open grantors=pam_limits,pam_env,pam_env,pam_permit,pam_umask,pam_unix acct="root" exe="/usr/bin/sudo" hostname=? addr=? terminal=/dev/pts/0 res=success'UID="heroic" AUID="heroic"
type=PROCTITLE msg=audit(1769928702.195:4846): proctitle=2F62696E2F62617368002E2F6D616C6963696F75735F6C6F63616C2E7368
type=PATH msg=audit(1769929143.307:8333): item=0 name="/usr/bin/bash" inode=1573115 dev=8:2 mode=100857 ouid=0 ogid=0 rdev=0:0 nametype=NORMAL cap_fp=0 cap_fi=0 cap_fe=0 cap_fver=0 cap_frootid=0OUID="root" OGID="root"
type=PATH msg=audit(1769928578.598:8316): item=1 name="/lib64/ld-linux-x86-64.so.2" inode=1574923 dev=8:2 mode=100287 ouid=0 ogid=0 rdev=0:0 nametype=NORMAL cap_fp=0 cap_fi=0 cap_fe=0 cap_fver=0 cap_frootid=0OUID="root" OGID="root"
type=USER_START msg=audit(1769928998.593:6406): pid=7927 uid=1195 auid=1282 ses=3 subj=unconfined msg='op=PAM:session_open grantors=pam_limits,pam_env,pam_env,pam_permit,pam_umask,pam_unix acct="root" exe="/usr/bin/df" hostname=? addr=? terminal=/dev/pts/0 res=success'UID="heroic" AUID="heroic"
type=EXECVE msg=audit(1769928471.379:4539): argc=8 a0="/usr/lib/sysstat/sadc" a1="-F" a2="-L" a3="-S" a4="DISK" a5="1" a6="1" a7="/var/log/sysstat"
type=PROCTITLE msg=audit(1769928633.803:7314): proctitle=6375726C002D730066696C653A2F2F2F746D702F686964735F6D616C6963696F75732F7061796C6F61642E7368
type=PATH msg=audit(1769928724.1173:5956): item=1 name="/lib64/ld-linux-x86-64.so.2" inode=1575335 dev=8:2 mode=100481 ouid=0 ogid=0 rdev=0:0 nametype=NORMAL cap_fp=0 cap_fi=0 cap_fe=0 cap_fver=0 cap_frootid=0OUID="root" OGID="root"
type=EXECVE msg=audit(1769929266.582:9156): argc=2 a0="/usr/bin/nautilus" a1="--gapplication-service"
type=PATH msg=audit(1769929108.853:8690): item=0 name="/usr/bin/lesspipe" inode=1573883 dev=8:2 mode=100816 ouid=0 ogid=0 rdev=0:0 nametype=NORMAL cap_fp=0 cap_fi=0 cap_fe=0 cap_fver=0 cap_frootid=0OUID="root" OGID="root"
type=SYSCALL msg=audit(1769928957.545:9733): arch=c000003e syscall=59 success=yes exit=0 a0=64e1754d05f0 a1=64e1754d05d0 a2=64e1754c38f0 a3=64e1754d05d0 items=2 ppid=6041 pid=6230 auid=764 uid=961 gid=1019 euid=0 suid=0 fsuid=0 egid=1294 sgid=863 fsgid=640 tty=pts0 ses=3 comm="df" exe="/usr/bin/df" subj=unconfined key="process_exec"ARCH=x86_64 SYSCALL=execve AUID="heroic" UID="heroic" GID="heroic" EUID="root" SUID="root" FSUID="root" EGID="heroic" SGID="heroic" FSGID="heroic"
type=CWD msg=audit(1769928929.1471:9636): cwd="/tmp"
type=PATH msg=audit(1769929346.572:4363): item=1 name="/lib64/ld-linux-x86-64.so.2" inode=1575256 dev=8:2 mode=100260 ouid=0 ogid=0 rdev=0:0 nametype=NORMAL cap_fp=0 cap_fi=0 cap_fe=0 cap_fver=0 cap_frootid=0OUID="root" OGID="root"
type=PATH msg=audit(1769929074.34:7881): item=0 name="/etc/cron.d/" inode=1703732 dev=8:2 mode=40307 ouid=0 ogid=0 rdev=0:0 nametype=PARENT cap_fp=0 cap_fi=0 cap_fe=0 cap_fver=0 cap_frootid=0OUID="root" OGID="root"
type=EXECVE msg=audit(1769928751.1066:7672): argc=1 a0="id"
type=PROCTITLE msg=audit(1769929124.654:6360): proctitle="bash"
type=CWD msg=audit(1769928604.900:7115): cwd="/tmp"
type=PROCTITLE msg=audit(1769929087.587:9513): proctitle=726D002D660066696C655F31302E6461740066696C655F31312E6461740066696C655F31322E6461740066696C655F31332E6461740066696C655F31342E6461740066696C655F31352E6461740066696C655F31362E6461740066696C655F31372E6461740066696C655F31382E6461740066696C655F31392E646174006669
type=PROCTITLE msg=audit(1769928947.29:4497): proctitle=7368002D63002D2D006C617374202D6E203230
type=CWD msg=audit(1769928584.1213:8285): cwd="/var/ossec"
type=EXECVE msg=audit(1769928978.264:6268): argc=2 a0="sudo" a1="whoami"
type=PATH msg=audit(1769929283.468:9186): item=0 name="/etc/cron.d/" inode=1703756 dev=8:2 mode=40596 ouid=0 ogid=0 rdev=0:0 nametype=PARENT cap_fp=0 cap_fi=0 cap_fe=0 cap_fver=0 cap_frootid=0OUID="root" OGID="root"
type=SYSCALL msg=audit(1769929307.253:6545): arch=c000003e syscall=59 success=yes exit=0 a0=55b8634377a0 a1=55b863436b00 a2=55b863435820 a3=8 items=3 ppid=5046 pid=514 auid=1223 uid=0 gid=0 euid=0 suid=0 fsuid=0 egid=0 sgid=0 fsgid=0 tty=pts2 ses=3 comm="last" exe="/usr/bin/python3" subj=unconfined key="process_exec"ARCH=x86_64 SYSCALL=execve AUID="heroic" UID="root" GID="root" EUID="root" SUID="root" FSUID="root" EGID="root" SGID="root" FSGID="root"
type=USER_START msg=audit(1769929240.658:9479): pid=3894 uid=0 auid=1472 ses=3 subj=unconfined msg='op=PAM:session_open grantors=pam_limits,pam_env,pam_env,pam_permit,pam_umask,pam_unix acct="root" exe="/usr/bin/tail" hostname=? addr=? terminal=/dev/pts/2 res=success'UID="root" AUID="heroic"
type=PATH msg=audit(1769928880.323:7245): item=1 name="/lib64/ld-linux-x86-64.so.2" inode=1575679 dev=8:2 mode=100821 ouid=0 ogid=0 rdev=0:0 nametype=NORMAL cap_fp=0 cap_fi=0 cap_fe=0 cap_fver=0 cap_frootid=0OUID="root" OGID="root"
type=CRED_REFR msg=audit(1769929127.1074:6555): pid=6147 uid=891 auid=599 ses=3 subj=unconfined msg='op=PAM:setcred grantors=pam_permit,pam_cap acct="root" exe="/usr/bin/sudo" hostname=? addr=? terminal=/dev/pts/0 res=success'UID="heroic" AUID="heroic"
type=USER_START msg=audit(1769929370.890:7549): pid=8994 uid=0 auid=0 ses=8 subj=unconfined msg='op=PAM:session_open grantors=pam_loginuid,pam_env,pam_env,pam_permit,pam_umask,pam_unix,pam_limits acct="root" exe="/usr/bin/tail" hostname=? addr=? terminal=cron res=success'UID="root" AUID="root"
type=EXECVE msg=audit(1769928830.671:4649): argc=2 a0="rmdir" a1="/tmp/hids_malicious"
type=SYSCALL msg=audit(1769928794.92:4985): arch=c000003e syscall=59 success=yes exit=0 a0=5da302dca210 a1=5da302dc7a40 a2=5da302dc08f0 a3=5da302dc7a40 items=2 ppid=900 pid=5030 auid=726 uid=1271 gid=1461 euid=568 suid=529 fsuid=744 egid=1051 sgid=699 fsgid=646 tty=pts0 ses=3 comm="ss" exe="/bin/sh" subj=unconfined key="process_exec"ARCH=x86_64 SYSCALL=execve AUID="heroic" UID="heroic" GID="heroic" EUID="heroic" SUID="heroic" FSUID="heroic" EGID="heroic" SGID="heroic" FSGID="heroic"
type=CWD msg=audit(1769928696.498:5247): cwd="/tmp"
type=PATH msg=audit(1769928726.483:5656): item=0 name="/usr/bin/bash" inode=1573722 dev=8:2 mode=101052 ouid=0 ogid=0 rdev=0:0 nametype=NORMAL cap_fp=0 cap_fi=0 cap_fe=0 cap_fver=0 cap_frootid=0OUID="root" OGID="root"
type=CWD msg=audit(1769928575.354:6714): cwd="/home/heroic"
type=PATH msg=audit(1769928795.302:6818): item=0 name="/usr/bin/sleep" inode=1578139 dev=8:2 mode=101012 ouid=0 ogid=0 rdev=0:0 nametype=NORMAL cap_fp=0 cap_fi=0 cap_fe=0 cap_fver=0 cap_frootid=0OUID="root" OGID="root"
type=SYSCALL msg=audit(1769929337.657:5331): arch=c000003e syscall=59 success=yes exit=0 a0=6006a0801c70 a1=6006a0801c00 a2=6006a0801c18 a3=1 items=2 ppid=947 pid=2154 auid=4294967689 uid=0 gid=496 euid=0 suid=0 fsuid=0 egid=558 sgid=287 fsgid=416 tty=(none) ses=4294967559 comm="python" exe="/bin/sh" subj=unconfined key="process_exec"ARCH=x86_64 SYSCALL=execve AUID="unset" UID="root" GID="wazuh" EUID="root" SUID="root" FSUID="root" EGID="wazuh" SGID="wazuh" FSGID="wazuh"
type=PATH msg=audit(1769928517.377:8229): item=1 name="/etc/cron.d/hids_persist" inode=1704071 dev=8:2 mode=101078 ouid=0 ogid=0 rdev=0:0 nametype=CREATE cap_fp=0 cap_fi=0 cap_fe=0 cap_fver=0 cap_frootid=0OUID="root" OGID="root"
type=EXECVE msg=audit(1769929038.33:4915): argc=4 a0="/bin/sh" a1="/usr/lib/sysstat/sa1" a2="1" a3="1"
type=EXECVE msg=audit(1769928951.398:7717): argc=3 a0="tail" a1="-f" a2="/var/log/audit/audit.log"
type=SYSCALL msg=audit(1769928801.512:7348): arch=c000003e syscall=59 success=yes exit=0 a0=5d51d3ac7b90 a1=5d51d3ac7910 a2=5d51d3ac7b38 a3=1 items=2 ppid=8142 pid=7507 auid=4294967431 uid=0 gid=459 euid=0 suid=0 fsuid=0 egid=345 sgid=260 fsgid=359 tty=(none) ses=4294967641 comm="ss" exe="/usr/bin/python3" subj=unconfined key="process_exec"ARCH=x86_64 SYSCALL=execve AUID="unset" UID="root" GID="wazuh" EUID="root" SUID="root" FSUID="root" EGID="wazuh" SGID="wazuh" FSGID="wazuh"
type=PROCTITLE msg=audit(1769929084.763:4446): proctitle="id"
type=PROCTITLE msg=audit(1769928971.624:8978): proctitle=736C6565700035
type=SYSCALL msg=audit(1769928462.1424:9131): arch=c000003e syscall=59 success=yes exit=0 a0=5d4170966148 a1=5d4170966228 a2=5d4170966270 a3=0 items=2 ppid=9090 pid=3552 auid=4294967365 uid=0 gid=0 euid=0 suid=0 fsuid=0 egid=0 sgid=0 fsgid=0 tty=(none) ses=4294967170 comm="sh" exe="/usr/bin/df" subj=unconfined key="process_exec"ARCH=x86_64 SYSCALL=execve AUID="unset" UID="root" GID="root" EUID="root" SUID="root" FSUID="root" EGID="root" SGID="root" FSGID="root"
type=EXECVE msg=audit(1769929389.282:7129): argc=4 a0="sh" a1="-c" a2="--" a3=6E657473746174202D74756C706E207C207365642027732F5C285B5B3A616C6E756D3A5D5D5C2B5C295C205C2B5B5B3A64696769743A5D5D5C2B5C205C2B5B5B3A64696769743A5D5D5C2B5C205C2B5C282E2A5C293A5C285B5B3A64696769743A5D5D2A5C295C205C2B5C285B302D395C2E5C3A5C2A5D5C2B5C292E5C2B5C205C285B5B3A64696769743A5D5D2A5C2F5B5B3A616C6E756D3A5D5C2D5D2A5C292E2A2F5C31205C32203D3D205C33203D3D205C34205C352F27207C20736F7274202D6B2034202D67207C207365642027732F203D3D205C282E2A5C29203D3D2F3A5C312F27207C2073656420312C3264
type=PATH msg=audit(1769929410.290:6631): item=1 name="/lib64/ld-linux-x86-64.so.2" inode=1575053 dev=8:2 mode=100891 ouid=0 ogid=0 rdev=0:0 nametype=NORMAL cap_fp=0 cap_fi=0 cap_fe=0 cap_fver=0 cap_frootid=0OUID="root" OGID="root"
type=PATH msg=audit(1769928701.33:8807): item=0 name="/etc/cron.d/" inode=1703506 dev=8:2 mode=40257 ouid=0 ogid=0 rdev=0:0 nametype=PARENT cap_fp=0 cap_fi=0 cap_fe=0 cap_fver=0 cap_frootid=0OUID="root" OGID="root"
type=PATH msg=audit(1769929162.870:5594): item=1 name="/lib64/ld-linux-x86-64.so.2" inode=1575466 dev=8:2 mode=100617 ouid=0 ogid=0 rdev=0:0 nametype=NORMAL cap_fp=0 cap_fi=0 cap_fe=0 cap_fver=0 cap_frootid=0OUID="root" OGID="root"
type=PROCTITLE msg=audit(1769929294.1269:4774): proctitle=746565002F6574632F63726F6E2E642F686964735F70657273697374
type=PROCTITLE msg=audit(1769929214.443:5325): proctitle=626173656E616D65002F7573722F62696E2F6C65737370697065
type=CWD msg=audit(1769928704.460:6579): cwd=2F746D702F686964735F6D616C6963696F7573202864656C6574656429
type=EXECVE msg=audit(1769928723.342:7937): argc=18 a0="gpg" a1="--enable-special-filenames" a2="--batch" a3="--no-sk-comments" a4="--homedir" a5="/var/lib/fwupd/gnupg" a6="--status-fd" a7="19" a8="--no-tty" a9="--charset" a10="utf8" a11="--enable-progress-filter" a12="--exit-on-status-write-error" a13="--logger-fd" a14="21" a15="--import" a16="--" a17="-&22"
type=PATH msg=audit(1769929395.624:9174): item=0 name="/usr/bin/whoami" inode=1578064 dev=8:2 mode=100870 ouid=0 ogid=0 rdev=0:0 nametype=NORMAL cap_fp=0 cap_fi=0 cap_fe=0 cap_fver=0 cap_frootid=0OUID="root" OGID="root"
type=EXECVE msg=audit(1769928781.227:8114): argc=2 a0="sleep" a1="90"
type=PATH msg=audit(1769928791.685:8299): item=1 name="/lib64/ld-linux-x86-64.so.2" inode=1574913 dev=8:2 mode=100491 ouid=0 ogid=0 rdev=0:0 nametype=NORMAL cap_fp=0 cap_fi=0 cap_fe=0 cap_fver=0 cap_frootid=0OUID="root" OGID="root"
type=CWD msg=audit(1769929083.676:6626): cwd="/tmp"
type=PROCTITLE msg=audit(1769928800.33:4826): proctitle=63686D6F64002B78007061796C6F61642E7368
type=PATH msg=audit(1769929196.219:8070): item=0 name="/usr/bin/bash" inode=1573927 dev=8:2 mode=101213 ouid=0 ogid=0 rdev=0:0 nametype=NORMAL cap_fp=0 cap_fi=0 cap_fe=0 cap_fver=0 cap_frootid=0OUID="root" OGID="root"
type=PATH msg=audit(1769928803.510:9521): item=1 name="/lib64/ld-linux-x86-64.so.2" inode=1575579 dev=8:2 mode=100477 ouid=0 ogid=0 rdev=0:0 nametype=NORMAL cap_fp=0 cap_fi=0 cap_fe=0 cap_fver=0 cap_frootid=0OUID="root" OGID="root"
type=PATH msg=audit(1769929296.605:5481): item=1 name="/lib64/ld-linux-x86-64.so.2" inode=1575722 dev=8:2 mode=100283 ouid=0 ogid=0 rdev=0:0 nametype=NORMAL cap_fp=0 cap_fi=0 cap_fe=0 cap_fver=0 cap_frootid=0OUID="root" OGID="root"
type=CWD msg=audit(1769928917.272:5325): cwd="/home/heroic"
type=CWD msg=audit(1769929212.776:7586): cwd="/root"
type=CWD msg=audit(1769928769.741:9437): cwd=2F746D702F686964735F6D616C6963696F7573202864656C6574656429
type=USER_END msg=audit(1769928560.284:8942): pid=9691 uid=1127 auid=1436 ses=3 subj=unconfined msg='op=PAM:session_close grantors=pam_limits,pam_env,pam_env,pam_permit,pam_umask,pam_unix acct="root" exe="/usr/bin/sort" hostname=? addr=? terminal=/dev/pts/0 res=success'UID="heroic" AUID="heroic"
type=PATH msg=audit(1769928698.784:6296): item=0 name="/usr/bin/rm" inode=1578364 dev=8:2 mode=100744 ouid=0 ogid=0 rdev=0:0 nametype=NORMAL cap_fp=0 cap_fi=0 cap_fe=0 cap_fver=0 cap_frootid=0OUID="root" OGID="root"
type=PATH msg=audit(1769928799.448:7082): item=0 name="/proc/self/fd/9" inode=1596324 dev=8:2 mode=100643 ouid=0 ogid=0 rdev=0:0 nametype=NORMAL cap_fp=0 cap_fi=0 cap_fe=0 cap_fver=0 cap_frootid=0OUID="root" OGID="root"
type=PATH msg=audit(1769928563.754:6256): item=0 name="/usr/bin/sudo" inode=1574210 dev=8:2 mode=104742 ouid=0 ogid=0 rdev=0:0 nametype=NORMAL cap_fp=0 cap_fi=0 cap_fe=0 cap_fver=0 cap_frootid=0OUID="root" OGID="root"
type=PATH msg=audit(1769929370.257:4248): item=0 name="/usr/bin/mkdir" inode=1577697 dev=8:2 mode=100774 ouid=0 ogid=0 rdev=0:0 nametype=NORMAL cap_fp=0 cap_fi=0 cap_fe=0 cap_fver=0 cap_frootid=0OUID="root" OGID="root"
type=EXECVE msg=audit(1769929030.967:6269): argc=1 a0="id"
type=PATH msg=audit(1769929150.653:6503): item=0 name="/bin/bash" inode=1573797 dev=8:2 mode=100745 ouid=0 ogid=0 rdev=0:0 nametype=NORMAL cap_fp=0 cap_fi=0 cap_fe=0 cap_fver=0 cap_frootid=0OUID="root" OGID="root"
type=BPRM_FCAPS msg=audit(1769929283.277:6763): fver=0 fp=0 fi=0 fe=0 old_pp=000001ffffffffff old_pi=0 old_pe=000001ffffffffff old_pa=0 pp=000001f3fdfeffff pi=0 pe=000001f3fdfeffff pa=0 frootid=0
type=CWD msg=audit(1769929072.1018:5831): cwd="/usr/local/bin"
type=CRED_DISP msg=audit(1769929115.854:8306): pid=7128 uid=646 auid=900 ses=3 subj=unconfined msg='op=PAM:setcred grantors=pam_permit acct="root" exe="/usr/bin/netstat" hostname=? addr=? terminal=/dev/pts/0 res=success'UID="heroic" AUID="heroic"
type=SYSCALL msg=audit(1769929324.92:8711): arch=c000003e syscall=59 success=yes exit=0 a0=5da302dc8600 a1=5da302dcc5b0 a2=5da302dc08f0 a3=5da302dcca90 items=2 ppid=7395 pid=3149 auid=1177 uid=1191 gid=1456 euid=523 suid=1422 fsuid=1001 egid=1404 sgid=1331 fsgid=1332 tty=pts0 ses=3 comm="sh" exe="/usr/bin/sed" subj=unconfined key="process_exec"ARCH=x86_64 SYSCALL=execve AUID="heroic" UID="heroic" GID="heroic" EUID="heroic" SUID="heroic" FSUID="heroic" EGID="heroic" SGID="heroic" FSGID="heroic"
type=CRED_REFR msg=audit(1769929173.827:6647): pid=3213 uid=744 auid=1093 ses=3 subj=unconfined msg='op=PAM:setcred grantors=pam_permit,pam_cap acct="root" exe="/usr/bin/sort" hostname=? addr=? terminal=/dev/pts/0 res=success'UID="heroic" AUID="heroic"
type=SYSCALL msg=audit(1769929348.961:5468): arch=c000003e syscall=651 success=yes exit=3 a0=ffffff9c a1=7ffcecf2e72c a2=326 a3=1b6 items=2 ppid=9417 pid=6623 auid=610 uid=0 gid=0 euid=0 suid=0 fsuid=0 egid=0 sgid=0 fsgid=0 tty=pts4 ses=3 comm="tail" exe="/usr/bin/df" subj=unconfined key="persistence"ARCH=x86_64 SYSCALL=openat AUID="heroic" UID="root" GID="root" EUID="root" SUID="root" FSUID="root" EGID="root" SGID="root" FSGID="root"
type=PROCTITLE msg=audit(1769928539.188:7572): proctitle=7461696C002D66002F7661722F6C6F672F61756469742F61756469742E6C6F67
type=PROCTITLE msg=audit(1769928708.482:5189): proctitle=6D6B646972002D70002F746D702F686964735F6D616C6963696F7573
type=USER_START msg=audit(1769928783.607:9391): pid=6040 uid=1331 auid=1165 ses=3 subj=unconfined msg='op=PAM:session_open grantors=pam_limits,pam_env,pam_env,pam_permit,pam_umask,pam_unix acct="root" exe="/usr/bin/sort" hostname=? addr=? terminal=/dev/pts/0 res=success'UID="heroic" AUID="heroic"
type=EXECVE msg=audit(1769928615.250:8606): argc=3 a0="sudo" a1="tee" a2="/etc/cron.d/hids_persist"
type=CWD msg=audit(1769928843.97:8667): cwd="/var/ossec"
type=PATH msg=audit(1769929138.552:8577): item=0 name="/usr/bin/bash" inode=1573673 dev=8:2 mode=100484 ouid=0 ogid=0 rdev=0:0 nametype=NORMAL cap_fp=0 cap_fi=0 cap_fe=0 cap_fver=0 cap_frootid=0OUID="root" OGID="root"
type=PATH msg=audit(1769929351.723:7467): item=0 name="/usr/bin/sudo" inode=1574231 dev=8:2 mode=104942 ouid=0 ogid=0 rdev=0:0 nametype=NORMAL cap_fp=0 cap_fi=0 cap_fe=0 cap_fver=0 cap_frootid=0OUID="root" OGID="root"
type=PROCTITLE msg=audit(1769928543.638:8578): proctitle=707300617578
type=CRED_DISP msg=audit(1769929178.164:5507): pid=7966 uid=915 auid=648 ses=3 subj=unconfined msg='op=PAM:setcred grantors=pam_permit acct="root" exe="/usr/bin/tail" hostname=? addr=? terminal=/dev/pts/0 res=success'UID="heroic" AUID="heroic"
type=PROCTITLE msg=audit(1769928935.275:9384): proctitle=726D002D66002F6574632F63726F6E2E642F686964735F70657273697374
type=PROCTITLE msg=audit(1769929373.441:6656): proctitle=707300617578
type=PATH msg=audit(1769929217.606:4509): item=0 name="/usr/bin/sleep" inode=1578358 dev=8:2 mode=100519 ouid=0 ogid=0 rdev=0:0 nametype=NORMAL cap_fp=0 cap_fi=0 cap_fe=0 cap_fver=0 cap_frootid=0OUID="root" OGID="root"
type=PATH msg=audit(1769928950.549:6973): item=0 name="/usr/bin/sudo" inode=1574003 dev=8:2 mode=104598 ouid=0 ogid=0 rdev=0:0 nametype=NORMAL cap_fp=0 cap_fi=0 cap_fe=0 cap_fver=0 cap_frootid=0OUID="root" OGID="root"
type=PATH msg=audit(1769928667.642:9201): item=1 name="/lib64/ld-linux-x86-64.so.2" inode=1575215 dev=8:2 mode=100985 ouid=0 ogid=0 rdev=0:0 nametype=NORMAL cap_fp=0 cap_fi=0 cap_fe=0 cap_fver=0 cap_frootid=0OUID="root" OGID="root"
type=SYSCALL msg=audit(1769929249.493:5243): arch=c000003e syscall=59 success=yes exit=0 a0=7ffea52a8950 a1=7ffea52a8970 a2=7ffea52a9460 a3=8 items=2 ppid=7742 pid=5710 auid=4294966940 uid=0 gid=0 euid=0 suid=0 fsuid=0 egid=0 sgid=0 fsgid=0 tty=(none) ses=4294967061 comm="netstat" exe="/bin/sh" subj=unconfined key="process_exec"ARCH=x86_64 SYSCALL=execve AUID="unset" UID="root" GID="root" EUID="root" SUID="root" FSUID="root" EGID="root" SGID="root" FSGID="root"
type=EXECVE msg=audit(1769928495.377:8865): argc=2 a0="sleep" a1="90"
type=CWD msg=audit(1769928667.718:8672): cwd="/var/ossec"
type=USER_START msg=audit(1769928958.714:9170): pid=6510 uid=838 auid=1172 ses=3 subj=unconfined msg='op=PAM:session_open grantors=pam_limits,pam_env,pam_env,pam_permit,pam_umask,pam_unix acct="root" exe="/usr/bin/sort" hostname=? addr=? terminal=/dev/pts/0 res=success'UID="heroic" AUID="heroic"
type=USER_CMD msg=audit(1769928808.1236:10137): pid=7389 uid=1430 auid=1367 ses=3 subj=unconfined msg='cwd="/var/ossec" cmd=746565202F6574632F63726F6E2E642F686964735F70657273697374 exe="/bin/sh" terminal=pts/0 res=success'UID="heroic" AUID="heroic"
type=USER_END msg=audit(1769928511.765:8385): pid=2425 uid=1303 auid=1486 ses=3 subj=unconfined msg='op=PAM:session_close grantors=pam_limits,pam_env,pam_env,pam_permit,pam_umask,pam_unix acct="root" exe="/usr/bin/sudo" hostname=? addr=? terminal=/dev/pts/0 res=success'UID="heroic" AUID="heroic"
type=LOGIN msg=audit(1769928813.1173:7600): pid=6120 uid=0 subj=unconfined old-auid=4294967558 auid=0 tty=(none) old-ses=4294967476 ses=9 res=1UID="root" OLD-AUID="unset" AUID="root"
type=PROCTITLE msg=audit(1769929389.509:7178): proctitle=7375646F00726D002D66002F6574632F63726F6E2E642F686964735F70657273697374
type=EXECVE msg=audit(1769928428.283:7601): argc=2 a0="rmdir" a1="/tmp/hids_malicious"
type=EXECVE msg=audit(1769929026.382:6537): argc=2 a0="sleep" a1="5"
type=PATH msg=audit(1769928546.1117:5391): item=0 name="/usr/bin/sudo" inode=1574625 dev=8:2 mode=104422 ouid=0 ogid=0 rdev=0:0 nametype=NORMAL cap_fp=0 cap_fi=0 cap_fe=0 cap_fver=0 cap_frootid=0OUID="root" OGID="root"
type=SYSCALL msg=audit(1769928762.956:7144): arch=c000003e syscall=59 success=yes exit=0 a0=5d51d3ac7bc0 a1=5d51d3ac7900 a2=5d51d3ac7b68 a3=1 items=2 ppid=1680 pid=9213 auid=4294967389 uid=0 gid=168 euid=0 suid=0 fsuid=0 egid=127 sgid=446 fsgid=168 tty=(none) ses=4294967654 comm="tail" exe="/usr/bin/tail" subj=unconfined key="process_exec"ARCH=x86_64 SYSCALL=execve AUID="unset" UID="root" GID="wazuh" EUID="root" SUID="root" FSUID="root" EGID="wazuh" SGID="wazuh" FSGID="wazuh"
type=SYSCALL msg=audit(1769929297.44:8328): arch=c000003e syscall=59 success=yes exit=0 a0=64e1754cf4d0 a1=64e1754ca390 a2=64e1754c38f0 a3=64e1754cf310 items=2 ppid=7582 pid=8535 auid=563 uid=1236 gid=535 euid=0 suid=0 fsuid=0 egid=1415 sgid=1452 fsgid=1387 tty=pts0 ses=3 comm="ss" exe="/usr/bin/sed" subj=unconfined key="process_exec"ARCH=x86_64 SYSCALL=execve AUID="heroic" UID="heroic" GID="heroic" EUID="root" SUID="root" FSUID="root" EGID="heroic" SGID="heroic" FSGID="heroic"
type=PATH msg=audit(1769928952.747:5866): item=1 name="/lib64/ld-linux-x86-64.so.2" inode=1575702 dev=8:2 mode=100695 ouid=0 ogid=0 rdev=0:0 nametype=NORMAL cap_fp=0 cap_fi=0 cap_fe=0 cap_fver=0 cap_frootid=0OUID="root" OGID="root"
type=EXECVE msg=audit(1769928935.179:10058): argc=2 a0="sed" a1=732F203D3D205C282E2A5C29203D3D2F3A5C312F
type=CWD msg=audit(1769929194.858:8687): cwd="/tmp"
type=USER_END msg=audit(1769928743.85:3824): pid=2079 uid=890 auid=771 ses=3 subj=unconfined msg='op=PAM:session_close grantors=pam_limits,pam_env,pam_env,pam_permit,pam_umask,pam_unix acct="root" exe="/usr/bin/tail" hostname=? addr=? terminal=/dev/pts/0 res=success'UID="heroic" AUID="heroic"
type=SYSCALL msg=audit(1769929084.400:8972): arch=c000003e syscall=59 success=yes exit=0 a0=64e1754cfc70 a1=64e1754cff70 a2=64e1754c38f0 a3=64e1754cff70 items=2 ppid=8308 pid=2978 auid=758 uid=1424 gid=1493 euid=0 suid=0 fsuid=0 egid=1350 sgid=710 fsgid=1160 tty=pts0 ses=3 comm="ss" exe="/usr/bin/netstat" subj=unconfined key="process_exec"ARCH=x86_64 SYSCALL=execve AUID="heroic" UID="heroic" GID="heroic" EUID="root" SUID="root" FSUID="root" EGID="heroic" SGID="heroic" FSGID="heroic"
type=PROCTITLE msg=audit(1769929232.503:4911): proctitle=646972636F6C6F7273002D62
type=PATH msg=audit(1769929015.507:7618): item=1 name="/lib64/ld-linux-x86-64.so.2" inode=1575576 dev=8:2 mode=100793 ouid=0 ogid=0 rdev=0:0 nametype=NORMAL cap_fp=0 cap_fi=0 cap_fe=0 cap_fver=0 cap_frootid=0OUID="root" OGID="root"
type=CWD msg=audit(1769929341.762:6461): cwd="/home/heroic"
type=EXECVE msg=audit(1769929053.921:8430): argc=3 a0="rm" a1="-f" a2="/etc/cron.d/hids_persist"
type=CWD msg=audit(1769928555.87:4666): cwd="/root"
type=PATH msg=audit(1769929379.395:9073): item=1 name="/lib64/ld-linux-x86-64.so.2" inode=1574909 dev=8:2 mode=100990 ouid=0 ogid=0 rdev=0:0 nametype=NORMAL cap_fp=0 cap_fi=0 cap_fe=0 cap_fver=0 cap_frootid=0OUID="root" OGID="root"
type=PATH msg=audit(1769928722.420:7984): item=0 name="/usr/bin/sudo" inode=1573946 dev=8:2 mode=105184 ouid=0 ogid=0 rdev=0:0 nametype=NORMAL cap_fp=0 cap_fi=0 cap_fe=0 cap_fver=0 cap_frootid=0OUID="root" OGID="root"
type=EXECVE msg=audit(1769928944.146:6395): argc=4 a0="sudo" a1="cp" a2="/var/log/audit/audit.log" a3="/home/heroic/Desktop/scripts-for-data-generation/"
type=SYSCALL msg=audit(1769929175.277:9352): arch=c000003e syscall=59 success=yes exit=0 a0=64e1754d03b0 a1=64e1754cf910 a2=64e1754c38f0 a3=64e1754cb940 items=2 ppid=1266 pid=7832 auid=625 uid=563 gid=643 euid=1159 suid=709 fsuid=1039 egid=663 sgid=785 fsgid=1014 tty=pts0 ses=3 comm="sh" exe="/usr/bin/sed" subj=unconfined key="process_exec"ARCH=x86_64 SYSCALL=execve AUID="heroic" UID="heroic" GID="heroic" EUID="heroic" SUID="heroic" FSUID="heroic" EGID="heroic" SGID="heroic" FSGID="heroic"
type=CWD msg=audit(1769928649.748:7648): cwd="/root"
type=PATH msg=audit(1769928849.214:9574): item=1 name="/lib64/ld-linux-x86-64.so.2" inode=1575225 dev=8:2 mode=100749 ouid=0 ogid=0 rdev=0:0 nametype=NORMAL cap_fp=0 cap_fi=0 cap_fe=0 cap_fver=0 cap_frootid=0OUID="root" OGID="root"
type=PROCTITLE msg=audit(1769929195.449:5437): proctitle=707300617578
type=USER_ACCT msg=audit(1769928676.632:6799): pid=5540 uid=632 auid=1008 ses=3 subj=unconfined msg='op=PAM:accounting grantors=pam_permit,pam_localuser acct="heroic" exe="/usr/bin/sed" hostname=? addr=? terminal=/dev/pts/0 res=success'UID="heroic" AUID="heroic"
type=SYSCALL msg=audit(1769928531.511:6539): arch=c000003e syscall=59 success=yes exit=0 a0=64e1754cfbb0 a1=64e1754cfa10 a2=64e1754c38f0 a3=64e1754cfc50 items=2 ppid=3064 pid=8739 auid=595 uid=863 gid=1325 euid=1323 suid=1032 fsuid=1491 egid=1097 sgid=1052 fsgid=631 tty=pts0 ses=3 comm="netstat" exe="/usr/bin/last" subj=unconfined key="process_exec"ARCH=x86_64 SYSCALL=execve AUID="heroic" UID="heroic" GID="heroic" EUID="heroic" SUID="heroic" FSUID="heroic" EGID="heroic" SGID="heroic" FSGID="heroic"
type=CWD msg=audit(1769929090.196:5709): cwd="/home/heroic"
type=CWD msg=audit(1769929207.480:6310): cwd="/var/ossec"
type=CRED_REFR msg=audit(1769928712.884:9864): pid=9208 uid=521 auid=836 ses=3 subj=unconfined msg='op=PAM:setcred grantors=pam_permit,pam_cap acct="root" exe="/usr/bin/sudo" hostname=? addr=? terminal=/dev/pts/0 res=success'UID="heroic" AUID="heroic"
type=USER_START msg=audit(1769929054.834:4647): pid=8003 uid=621 auid=945 ses=3 subj=unconfined msg='op=PAM:session_open grantors=pam_limits,pam_env,pam_env,pam_permit,pam_umask,pam_unix acct="root" exe="/usr/bin/sed" hostname=? addr=? terminal=/dev/pts/0 res=success'UID="heroic" AUID="heroic"
type=CWD msg=audit(1769929308.39:5235): cwd="/home/heroic"
type=PROCTITLE msg=audit(1769929106.1089:5631): proctitle=2F7573722F62696E2F6E617574696C7573002D2D676170706C69636174696F6E2D73657276696365
type=PATH msg=audit(1769928615.724:6916): item=1 name="/lib64/ld-linux-x86-64.so.2" inode=1575067 dev=8:2 mode=100700 ouid=0 ogid=0 rdev=0:0 nametype=NORMAL cap_fp=0 cap_fi=0 cap_fe=0 cap_fver=0 cap_frootid=0OUID="root" OGID="root"
type=USER_START msg=audit(1769929192.922:7364): pid=7168 uid=900 auid=720 ses=3 subj=unconfined msg='op=PAM:session_open grantors=pam_limits,pam_env,pam_env,pam_permit,pam_umask,pam_unix acct="root" exe="/usr/bin/tail" hostname=? addr=? terminal=/dev/pts/0 res=success'UID="heroic" AUID="heroic"
type=CRED_REFR msg=audit(1769929211.481:6404): pid=4575 uid=1483 auid=1369 ses=3 subj=unconfined msg='op=PAM:setcred grantors=pam_permit,pam_cap acct="root" exe="/usr/bin/python3" hostname=? addr=? terminal=/dev/pts/0 res=success'UID="heroic" AUID="heroic"
type=PATH msg=audit(1769928558.897:7851): item=0 name="/etc/cron.d/" inode=1703635 dev=8:2 mode=41066 ouid=0 ogid=0 rdev=0:0 nametype=PARENT cap_fp=0 cap_fi=0 cap_fe=0 cap_fver=0 cap_frootid=0OUID="root" OGID="root"
type=USER_CMD msg=audit(1769928538.335:8329): pid=2059 uid=1005 auid=1476 ses=3 subj=unconfined msg='cwd="/var/ossec" cmd="whoami" exe="/usr/bin/last" terminal=pts/0 res=success'UID="heroic" AUID="heroic"
type=USER_START msg=audit(1769929097.836:8175): pid=3525 uid=1039 auid=1406 ses=3 subj=unconfined msg='op=PAM:session_open grantors=pam_limits,pam_env,pam_env,pam_permit,pam_umask,pam_unix acct="root" exe="/usr/bin/sed" hostname=? addr=? terminal=/dev/pts/0 res=success'UID="heroic" AUID="heroic"
type=PROCTITLE msg=audit(1769929044.521:7725): proctitle=746565002F6574632F63726F6E2E642F686964735F70657273697374
type=USER_START msg=audit(1769929325.979:7119): pid=4388 uid=1173 auid=1097 ses=3 subj=unconfined msg='op=PAM:session_open grantors=pam_limits,pam_env,pam_env,pam_permit,pam_umask,pam_unix acct="root" exe="/usr/bin/sed" hostname=? addr=? terminal=/dev/pts/0 res=success'UID="heroic" AUID="heroic"
type=PATH msg=audit(1769929017.512:7862): item=0 name="/usr/bin/rmdir" inode=1577719 dev=8:2 mode=100258 ouid=0 ogid=0 rdev=0:0 nametype=NORMAL cap_fp=0 cap_fi=0 cap_fe=0 cap_fver=0 cap_frootid=0OUID="root" OGID="root"
type=PATH msg=audit(1769928529.627:5113): item=0 name="/usr/bin/curl" inode=1573441 dev=8:2 mode=100639 ouid=0 ogid=0 rdev=0:0 nametype=NORMAL cap_fp=0 cap_fi=0 cap_fe=0 cap_fver=0 cap_frootid=0OUID="root" OGID="root"
type=EXECVE msg=audit(1769928847.477:7887): argc=2 a0="rmdir" a1="/tmp/hids_malicious"
type=PROCTITLE msg=audit(1769928660.555:8518): proctitle=726D646972002F746D702F686964735F6D616C6963696F7573
type=EXECVE msg=audit(1769928584.374:5009): argc=2 a0="ps" a1="aux"
type=CWD msg=audit(1769928579.123:6625): cwd="/home/heroic"
type=PATH msg=audit(1769928479.1251:6589): item=1 name="/lib64/ld-linux-x86-64.so.2" inode=1575713 dev=8:2 mode=101234 ouid=0 ogid=0 rdev=0:0 nametype=NORMAL cap_fp=0 cap_fi=0 cap_fe=0 cap_fver=0 cap_frootid=0OUID="root" OGID="root"
type=SYSCALL msg=audit(1769929257.306:4952): arch=c000003e syscall=59 success=yes exit=0 a0=64e1754cb600 a1=64e1754cf790 a2=64e1754c38f0 a3=64e1754cf790 items=2 ppid=1011 pid=1214 auid=785 uid=1364 gid=982 euid=1334 suid=551 fsuid=987 egid=1186 sgid=951 fsgid=926 tty=pts0 ses=3 comm="sh" exe="/usr/bin/netstat" subj=unconfined key="process_exec"ARCH=x86_64 SYSCALL=execve AUID="heroic" UID="heroic" GID="heroic" EUID="heroic" SUID="heroic" FSUID="heroic" EGID="heroic" SGID="heroic" FSGID="heroic"
type=USER_END msg=audit(1769929288.202:6516): pid=7719 uid=765 auid=633 ses=3 subj=unconfined msg='op=PAM:session_close grantors=pam_limits,pam_env,pam_env,pam_permit,pam_umask,pam_unix acct="root" exe="/usr/bin/tail" hostname=? addr=? terminal=/dev/pts/0 res=success'UID="heroic" AUID="heroic"
type=PROCTITLE msg=audit(1769928800.270:6758): proctitle=7375646F002D6C
type=PATH msg=audit(1769928562.767:6939): item=0 name="/usr/bin/chmod" inode=1578236 dev=8:2 mode=101103 ouid=0 ogid=0 rdev=0:0 nametype=NORMAL cap_fp=0 cap_fi=0 cap_fe=0 cap_fver=0 cap_frootid=0OUID="root" OGID="root"
type=EXECVE msg=audit(1769928450.374:9086): argc=1 a0="whoami"
type=CWD msg=audit(1769928774.450:5797): cwd="/usr/local/bin"
type=USER_START msg=audit(1769928440.1266:4463): pid=1593 uid=741 auid=556 ses=3 subj=unconfined msg='op=PAM:session_open grantors=pam_limits,pam_env,pam_env,pam_permit,pam_umask,pam_unix acct="root" exe="/usr/bin/tail" hostname=? addr=? terminal=/dev/pts/0 res=success'UID="heroic" AUID="heroic"
type=EXECVE msg=audit(1769928624.802:9796): argc=1 a0="whoami"
type=CWD msg=audit(1769928548.913:10185): cwd="/root"
type=PATH msg=audit(1769928980.23:4200): item=1 name="/lib64/ld-linux-x86-64.so.2" inode=1575465 dev=8:2 mode=101021 ouid=0 ogid=0 rdev=0:0 nametype=NORMAL cap_fp=0 cap_fi=0 cap_fe=0 cap_fver=0 cap_frootid=0OUID="root" OGID="root"
type=PROCTITLE msg=audit(1769929100.187:7044): proctitle=736C6565700035
type=USER_START msg=audit(1769929166.339:6197): pid=2590 uid=923 auid=769 ses=3 subj=unconfined msg='op=PAM:session_open grantors=pam_limits,pam_env,pam_env,pam_permit,pam_umask,pam_unix acct="root" exe="/usr/bin/netstat" hostname=? addr=? terminal=/dev/pts/0 res=success'UID="heroic" AUID="heroic"
type=CWD msg=audit(1769929002.347:7580): cwd="/root"
type=SYSCALL msg=audit(1769929285.443:3869): arch=c000003e syscall=59 success=yes exit=0 a0=5da302dc9b60 a1=5da302dca210 a2=5da302dc08f0 a3=5da302dca210 items=2 ppid=3215 pid=8084 auid=1350 uid=1367 gid=1441 euid=658 suid=892 fsuid=617 egid=524 sgid=969 fsgid=1207 tty=pts0 ses=3 comm="ss" exe="/usr/bin/df" subj=unconfined key="process_exec"ARCH=x86_64 SYSCALL=execve AUID="heroic" UID="heroic" GID="heroic" EUID="heroic" SUID="heroic" FSUID="heroic" EGID="heroic" SGID="heroic" FSGID="heroic"
type=SYSCALL msg=audit(1769929131.653:7491): arch=c000003e syscall=59 success=yes exit=0 a0=64e1754cf310 a1=64e1754c52c0 a2=64e1754c38f0 a3=1 items=2 ppid=8126 pid=4520 auid=758 uid=1028 gid=1311 euid=932 suid=1043 fsuid=1232 egid=1013 sgid=1373 fsgid=1473 tty=pts0 ses=3 comm="sort" exe="/usr/bin/netstat" subj=unconfined key="process_exec"ARCH=x86_64 SYSCALL=execve AUID="heroic" UID="heroic" GID="heroic" EUID="heroic" SUID="heroic" FSUID="heroic" EGID="heroic" SGID="heroic" FSGID="heroic"
type=CWD msg=audit(1769928846.82:6140): cwd="/usr/local/bin"
type=CWD msg=audit(1769928513.762:6966): cwd="/usr/local/bin"
type=EXECVE msg=audit(1769928562.557:8832): argc=4 a0="sudo" a1="cp" a2="/var/log/audit/audit.log" a3="/root/Desktop/hids_dataset/raw/malicious_remote.log"
type=PATH msg=audit(1769928605.647:7941): item=0 name="/usr/bin/ps" inode=1574317 dev=8:2 mode=101128 ouid=0 ogid=0 rdev=0:0 nametype=NORMAL cap_fp=0 cap_fi=0 cap_fe=0 cap_fver=0 cap_frootid=0OUID="root" OGID="root"
type=EXECVE msg=audit(1769928918.959:9100): argc=2 a0="sleep" a1="5"
type=EXECVE msg=audit(1769928474.590:8269): argc=18 a0="gpg" a1="--enable-special-filenames" a2="--batch" a3="--no-sk-comments" a4="--homedir" a5="/var/lib/fwupd/gnupg" a6="--status-fd" a7="19" a8="--no-tty" a9="--charset" a10="utf8" a11="--enable-progress-filter" a12="--exit-on-status-write-error" a13="--logger-fd" a14="21" a15="--import" a16="--" a17="-&22"
type=PATH msg=audit(1769928594.1180:8663): item=0 name="/etc/cron.d/" inode=1703648 dev=8:2 mode=41235 ouid=0 ogid=0 rdev=0:0 nametype=PARENT cap_fp=0 cap_fi=0 cap_fe=0 cap_fver=0 cap_frootid=0OUID="root" OGID="root"
type=CRED_DISP msg=audit(1769928763.112:4535): pid=4428 uid=728 auid=806 ses=3 subj=unconfined msg='op=PAM:setcred grantors=pam_permit acct="root" exe="/usr/bin/python3" hostname=? addr=? terminal=/dev/pts/0 res=success'UID="heroic" AUID="heroic"
type=PATH msg=audit(1769928797.495:6880): item=1 name="/lib64/ld-linux-x86-64.so.2" inode=1575438 dev=8:2 mode=100375 ouid=0 ogid=0 rdev=0:0 nametype=NORMAL cap_fp=0 cap_fi=0 cap_fe=0 cap_fver=0 cap_frootid=0OUID="root" OGID="root"
type=PROCTITLE msg=audit(1769929016.492:5309): proctitle=7375646F002D6C
type=EXECVE msg=audit(1769928574.1053:7557): argc=2 a0="sudo" a1="whoami"
type=SYSCALL msg=audit(1769929151.744:8327): arch=c000003e syscall=59 success=yes exit=0 a0=64e1754cfa90 a1=64e1754cf570 a2=64e1754c38f0 a3=64e1754cf430 items=2 ppid=2808 pid=10107 auid=1044 uid=1388 gid=638 euid=812 suid=633 fsuid=1108 egid=1384 sgid=1166 fsgid=771 tty=pts0 ses=3 comm="sh" exe="/usr/bin/last" subj=unconfined key="process_exec"ARCH=x86_64 SYSCALL=execve AUID="heroic" UID="heroic" GID="heroic" EUID="heroic" SUID="heroic" FSUID="heroic" EGID="heroic" SGID="heroic" FSGID="heroic"
type=EXECVE msg=audit(1769928451.482:9826): argc=3 a0="/bin/sh" a1="-c" a2=5B202D78202F6574632F696E69742E642F616E6163726F6E205D202626206966205B2021202D64202F72756E2F73797374656D642F73797374656D205D3B207468656E202F7573722F7362696E2F696E766F6B652D72632E6420616E6163726F6E207374617274203E2F6465762F6E756C6C3B206669
type=PATH msg=audit(1769929155.665:6149): item=0 name="/usr/bin/sudo" inode=1574768 dev=8:2 mode=105001 ouid=0 ogid=0 rdev=0:0 nametype=NORMAL cap_fp=0 cap_fi=0 cap_fe=0 cap_fver=0 cap_frootid=0OUID="root" OGID="root"
type=CWD msg=audit(1769928417.569:5807): cwd="/home/heroic"
type=PROCTITLE msg=audit(1769928928.1230:9355): proctitle=7375646F0077686F616D69
type=PATH msg=audit(1769928710.59:4170): item=0 name="/usr/bin/rm" inode=1578340 dev=8:2 mode=100908 ouid=0 ogid=0 rdev=0:0 nametype=NORMAL cap_fp=0 cap_fi=0 cap_fe=0 cap_fver=0 cap_frootid=0OUID="root" OGID="root"
type=USER_CMD msg=audit(1769928465.338:9991): pid=8231 uid=0 auid=1192 ses=5 subj=unconfined msg='cwd="/usr/local/bin" cmd=6370202F7661722F6C6F672F61756469742F61756469742E6C6F67202F726F6F742F4465736B746F702F686964735F646174617365742F7261772F6D616C6963696F75735F72656D6F74652E6C6F67 exe="/usr/bin/tail" terminal=pts/1 res=success'UID="root" AUID="heroic"
type=EXECVE msg=audit(1769928904.96:3970): argc=2 a0="sudo" a1="whoami"
type=CWD msg=audit(1769928617.1246:7422): cwd="/root"
type=USER_ACCT msg=audit(1769929086.426:4240): pid=6535 uid=1335 auid=897 ses=3 subj=unconfined msg='op=PAM:accounting grantors=pam_permit,pam_localuser acct="heroic" exe="/usr/bin/netstat" hostname=? addr=? terminal=/dev/pts/0 res=success'UID="heroic" AUID="heroic"
type=SYSCALL msg=audit(1769929057.343:3911): arch=c000003e syscall=59 success=yes exit=0 a0=64e1754caa40 a1=64e1754d1870 a2=64e1754c38f0 a3=8 items=2 ppid=3236 pid=3053 auid=1293 uid=1276 gid=710 euid=683 suid=718 fsuid=1272 egid=918 sgid=910 fsgid=507 tty=pts0 ses=3 comm="sed" exe="/usr/bin/df" subj=unconfined key="process_exec"ARCH=x86_64 SYSCALL=execve AUID="heroic" UID="heroic" GID="heroic" EUID="heroic" SUID="heroic" FSUID="heroic" EGID="heroic" SGID="heroic" FSGID="heroic"
type=EXECVE msg=audit(1769929038.34:9548): argc=1 a0="whoami"
type=PATH msg=audit(1769929291.827:7440): item=1 name="/lib64/ld-linux-x86-64.so.2" inode=1575747 dev=8:2 mode=100442 ouid=0 ogid=0 rdev=0:0 nametype=NORMAL cap_fp=0 cap_fi=0 cap_fe=0 cap_fver=0 cap_frootid=0OUID="root" OGID="root"
type=PROCTITLE msg=audit(1769928764.23:8167): proctitle=726D002D66002F6574632F63726F6E2E642F686964735F70657273697374
type=CWD msg=audit(1769928620.408:7412): cwd="/var/ossec"
type=PROCTITLE msg=audit(1769928757.854:4970): proctitle=7375646F00746565002F6574632F63726F6E2E642F686964735F70657273697374
type=PATH msg=audit(1769929169.81:8755): item=1 name="/etc/cron.d/hids_persist" inode=1704630 dev=8:2 mode=100348 ouid=0 ogid=0 rdev=0:0 nametype=DELETE cap_fp=0 cap_fi=0 cap_fe=0 cap_fver=0 cap_frootid=0OUID="root" OGID="root"
type=CWD msg=audit(1769928906.261:6826): cwd="/usr/local/bin"
type=PATH msg=audit(1769928749.327:9457): item=1 name="/lib64/ld-linux-x86-64.so.2" inode=1575545 dev=8:2 mode=100583 ouid=0 ogid=0 rdev=0:0 nametype=NORMAL cap_fp=0 cap_fi=0 cap_fe=0 cap_fver=0 cap_frootid=0OUID="root" OGID="root"
type=SYSCALL msg=audit(1769929044.430:7631): arch=c000003e syscall=59 success=yes exit=0 a0=5da302dccff0 a1=5da302dce1c0 a2=5da302dc08f0 a3=5da302dce1c0 items=2 ppid=3351 pid=1935 auid=791 uid=955 gid=618 euid=0 suid=0 fsuid=0 egid=1267 sgid=1368 fsgid=974 tty=pts0 ses=3 comm="df" exe="/bin/sh" subj=unconfined key="process_exec"ARCH=x86_64 SYSCALL=execve AUID="heroic" UID="heroic" GID="heroic" EUID="root" SUID="root" FSUID="root" EGID="heroic" SGID="heroic" FSGID="heroic"
type=PATH msg=audit(1769928910.407:5263): item=1 name="/lib64/ld-linux-x86-64.so.2" inode=1575551 dev=8:2 mode=100858 ouid=0 ogid=0 rdev=0:0 nametype=NORMAL cap_fp=0 cap_fi=0 cap_fe=0 cap_fver=0 cap_frootid=0OUID="root" OGID="root"
type=USER_CMD msg=audit(1769928887.848:6280): pid=6343 uid=1058 auid=880 ses=3 subj=unconfined msg='cwd="/usr/local/bin" cmd=746565202F6574632F63726F6E2E642F686964735F70657273697374 exe="/usr/bin/python3" terminal=pts/0 res=success'UID="heroic" AUID="heroic"
type=EXECVE msg=audit(1769929132.241:7951): argc=7 a0="/usr/lib/systemd/systemd-executor" a1="--deserialize" a2="552" a3="--log-level" a4="info" a5="--log-target" a6="journal-or-kmsg"
type=USER_START msg=audit(1769929274.51:8833): pid=1067 uid=1440 auid=771 ses=3 subj=unconfined msg='op=PAM:session_open grantors=pam_limits,pam_env,pam_env,pam_permit,pam_umask,pam_unix acct="root" exe="/usr/bin/python3" hostname=? addr=? terminal=/dev/pts/0 res=success'UID="heroic" AUID="heroic"
type=SYSCALL msg=audit(1769928945.1266:4516): arch=c000003e syscall=59 success=yes exit=0 a0=5da302dc8940 a1=5da302dcca10 a2=5da302dc08f0 a3=5da302dcd3d0 items=2 ppid=4299 pid=10392 auid=1076 uid=1455 gid=1471 euid=501 suid=866 fsuid=1220 egid=1500 sgid=791 fsgid=948 tty=pts0 ses=3 comm="last" exe="/usr/bin/python3" subj=unconfined key="process_exec"ARCH=x86_64 SYSCALL=execve AUID="heroic" UID="heroic" GID="heroic" EUID="heroic" SUID="heroic" FSUID="heroic" EGID="heroic" SGID="heroic" FSGID="heroic"
type=PATH msg=audit(1769928796.417:5863): item=1 name="/lib64/ld-linux-x86-64.so.2" inode=1575129 dev=8:2 mode=100258 ouid=0 ogid=0 rdev=0:0 nametype=NORMAL cap_fp=0 cap_fi=0 cap_fe=0 cap_fver=0 cap_frootid=0OUID="root" OGID="root"
type=EXECVE msg=audit(1769928844.1256:8095): argc=2 a0="sudo" a1="whoami"
type=USER_START msg=audit(1769929201.578:4567): pid=6013 uid=602 auid=962 ses=3 subj=unconfined msg='op=PAM:session_open grantors=pam_limits,pam_env,pam_env,pam_permit,pam_umask,pam_unix acct="root" exe="/usr/bin/sudo" hostname=? addr=? terminal=/dev/pts/0 res=success'UID="heroic" AUID="heroic"
type=PATH msg=audit(1769928623.933:5423): item=0 name="/usr/bin/mkdir" inode=1577871 dev=8:2 mode=101060 ouid=0 ogid=0 rdev=0:0 nametype=NORMAL cap_fp=0 cap_fi=0 cap_fe=0 cap_fver=0 cap_frootid=0OUID="root" OGID="root"
type=CWD msg=audit(1769929013.830:6372): cwd="/var/ossec"
type=CWD msg=audit(1769928542.960:4440): cwd="/tmp"
type=CWD msg=audit(1769928871.301:6308): cwd="/usr/local/bin"
type=PROCTITLE msg=audit(1769928684.472:9512): proctitle=726D002D66002F6574632F63726F6E2E642F686964735F70657273697374
type=EXECVE msg=audit(1769929159.367:8602): argc=2 a0="ss" a1="-tulnp"
type=CWD msg=audit(1769929187.928:9538): cwd="/home/heroic"
type=PATH msg=audit(1769928438.228:7292): item=0 name="/usr/bin/bash" inode=1573698 dev=8:2 mode=100851 ouid=0 ogid=0 rdev=0:0 nametype=NORMAL cap_fp=0 cap_fi=0 cap_fe=0 cap_fver=0 cap_frootid=0OUID="root" OGID="root"
type=PROCTITLE msg=audit(1769928466.58:8246): proctitle=707300617578
type=SYSCALL msg=audit(1769928604.318:5651): arch=c000003e syscall=59 success=yes exit=0 a0=5da302dcd5f0 a1=5da302dcc400 a2=5da302dc08f0 a3=5da302dcd5d0 items=2 ppid=6053 pid=10178 auid=806 uid=839 gid=1065 euid=775 suid=1478 fsuid=697 egid=595 sgid=637 fsgid=1416 tty=pts0 ses=3 comm="df" exe="/usr/bin/python3" subj=unconfined key="process_exec"ARCH=x86_64 SYSCALL=execve AUID="heroic" UID="heroic" GID="heroic" EUID="heroic" SUID="heroic" FSUID="heroic" EGID="heroic" SGID="heroic" FSGID="heroic"
type=USER_START msg=audit(1769928668.1217:9109): pid=5132 uid=629 auid=626 ses=3 subj=unconfined msg='op=PAM:session_open grantors=pam_limits,pam_env,pam_env,pam_permit,pam_umask,pam_unix acct="root" exe="/usr/bin/python3" hostname=? addr=? terminal=/dev/pts/0 res=success'UID="heroic" AUID="heroic"
type=CWD msg=audit(1769928759.525:7618): cwd="/tmp"
type=SYSCALL msg=audit(1769929326.443:5522): arch=c000003e syscall=59 success=yes exit=0 a0=7ef0ff5cb42f a1=7ef0fdbebca0 a2=7ffe56934cb8 a3=8 items=2 ppid=6575 pid=9595 auid=4294967156 uid=0 gid=431 euid=0 suid=0 fsuid=0 egid=613 sgid=407 fsgid=461 tty=(none) ses=4294967390 comm="sh" exe="/usr/bin/sed" subj=unconfined key="process_exec"ARCH=x86_64 SYSCALL=execve AUID="unset" UID="root" GID="wazuh" EUID="root" SUID="root" FSUID="root" EGID="wazuh" SGID="wazuh" FSGID="wazuh"
type=PROCTITLE msg=audit(1769929043.578:8526): proctitle=7375646F002D6C
type=PATH msg=audit(1769928657.332:5818): item=1 name="/lib64/ld-linux-x86-64.so.2" inode=1575416 dev=8:2 mode=101032 ouid=0 ogid=0 rdev=0:0 nametype=NORMAL cap_fp=0 cap_fi=0 cap_fe=0 cap_fver=0 cap_frootid=0OUID="root" OGID="root"
type=EXECVE msg=audit(1769928730.427:5926): argc=1 a0="whoami"
type=PROCTITLE msg=audit(1769928744.465:4061): proctitle=626173656E616D65002F7573722F62696E2F6C65737370697065
type=EXECVE msg=audit(1769928758.1034:9494): argc=1 a0="/usr/lib/systemd/systemd-hostnamed"
type=SYSCALL msg=audit(1769928651.573:6794): arch=c000003e syscall=59 success=yes exit=0 a0=57f9f2d76b68 a1=57f9f2d86ba0 a2=57f9f2d997a0 a3=64 items=2 ppid=5557 pid=3230 auid=557 uid=0 gid=0 euid=0 suid=0 fsuid=0 egid=0 sgid=0 fsgid=0 tty=pts4 ses=3 comm="sudo" exe="/usr/bin/sort" subj=unconfined key="process_exec"ARCH=x86_64 SYSCALL=execve AUID="heroic" UID="root" GID="root" EUID="root" SUID="root" FSUID="root" EGID="root" SGID="root" FSGID="root"
type=PROCTITLE msg=audit(1769928716.651:9779): proctitle=6375726C002D730066696C653A2F2F2F746D702F686964735F6D616C6963696F75732F7061796C6F61642E7368
type=SYSCALL msg=audit(1769928850.599:6407): arch=c000003e syscall=59 success=yes exit=0 a0=5da302dcb510 a1=5da302dccf30 a2=5da302dc08f0 a3=5da302dc7440 items=2 ppid=1104 pid=6924 auid=1150 uid=920 gid=500 euid=1034 suid=909 fsuid=1026 egid=826 sgid=1356 fsgid=574 tty=pts0 ses=3 comm="python" exe="/usr/bin/df" subj=unconfined key="process_exec"ARCH=x86_64 SYSCALL=execve AUID="heroic" UID="heroic" GID="heroic" EUID="heroic" SUID="heroic" FSUID="heroic" EGID="heroic" SGID="heroic" FSGID="heroic"
type=EXECVE msg=audit(1769928721.784:9345): argc=3 a0="mkdir" a1="-p" a2="/tmp/hids_malicious"
type=EXECVE msg=audit(1769929019.374:8152): argc=2 a0="uname" a1="-a"
type=CWD msg=audit(1769928695.885:5728): cwd="/root"
type=SYSCALL msg=audit(1769928882.417:4323): arch=c000003e syscall=59 success=yes exit=0 a0=64e1754cb600 a1=64e1754cf5b0 a2=64e1754c38f0 a3=64e1754cfa90 items=2 ppid=3772 pid=6686 auid=721 uid=856 gid=1206 euid=947 suid=1261 fsuid=1257 egid=1395 sgid=1496 fsgid=1481 tty=pts0 ses=3 comm="netstat" exe="/usr/bin/python3" subj=unconfined key="process_exec"ARCH=x86_64 SYSCALL=execve AUID="heroic" UID="heroic" GID="heroic" EUID="heroic" SUID="heroic" FSUID="heroic" EGID="heroic" SGID="heroic" FSGID="heroic"
type=USER_ACCT msg=audit(1769928432.1384:7924): pid=9824 uid=510 auid=1295 ses=3 subj=unconfined msg='op=PAM:accounting grantors=pam_permit,pam_localuser acct="heroic" exe="/usr/bin/sed" hostname=? addr=? terminal=/dev/pts/0 res=success'UID="heroic" AUID="heroic"
type=EXECVE msg=audit(1769928849.573:7055): argc=18 a0="gpg" a1="--enable-special-filenames" a2="--batch" a3="--no-sk-comments" a4="--homedir" a5="/var/lib/fwupd/gnupg" a6="--status-fd" a7="19" a8="--no-tty" a9="--charset" a10="utf8" a11="--enable-progress-filter" a12="--exit-on-status-write-error" a13="--logger-fd" a14="21" a15="--import" a16="--" a17="-&22"
type=EXECVE msg=audit(1769929273.915:8734): argc=2 a0="/usr/bin/gpgconf" a1="--version"
type=EXECVE msg=audit(1769929030.842:6900): argc=1 a0="bash"
type=PATH msg=audit(1769928990.513:6570): item=1 name="/lib64/ld-linux-x86-64.so.2" inode=1575793 dev=8:2 mode=100373 ouid=0 ogid=0 rdev=0:0 nametype=NORMAL cap_fp=0 cap_fi=0 cap_fe=0 cap_fver=0 cap_frootid=0OUID="root" OGID="root"
type=PROCTITLE msg=audit(1769928894.523:4734): proctitle=726D002D66002F6574632F63726F6E2E642F686964735F70657273697374
type=PATH msg=audit(1769929142.59:7473): item=0 name="/usr/bin/curl" inode=1573499 dev=8:2 mode=100824 ouid=0 ogid=0 rdev=0:0 nametype=NORMAL cap_fp=0 cap_fi=0 cap_fe=0 cap_fver=0 cap_frootid=0OUID="root" OGID="root"
type=CWD msg=audit(1769929071.152:7305): cwd="/usr/local/bin"
type=PROCTITLE msg=audit(1769929121.20:5640): proctitle=73656400732F5C285B5B3A616C6E756D3A5D5D5C2B5C295C205C2B5B5B3A64696769743A5D5D5C2B5C205C2B5B5B3A64696769743A5D5D5C2B5C205C2B5C282E2A5C293A5C285B5B3A64696769743A5D5D2A5C295C205C2B5C285B302D395C2E5C3A5C2A5D5C2B5C292E5C2B5C205C285B5B3A64696769743A5D5D2A5C2F5B5B
type=PATH msg=audit(1769929107.185:9627): item=0 name="/usr/bin/whoami" inode=1577852 dev=8:2 mode=100296 ouid=0 ogid=0 rdev=0:0 nametype=NORMAL cap_fp=0 cap_fi=0 cap_fe=0 cap_fver=0 cap_frootid=0OUID="root" OGID="root"
type=CWD msg=audit(1769928506.273:8857): cwd="/var/ossec"
type=PATH msg=audit(1769928504.556:7630): item=0 name="/usr/bin/bash" inode=1573109 dev=8:2 mode=100366 ouid=0 ogid=0 rdev=0:0 nametype=NORMAL cap_fp=0 cap_fi=0 cap_fe=0 cap_fver=0 cap_frootid=0OUID="root" OGID="root"
type=CWD msg=audit(1769929220.1114:5178): cwd="/root"
type=PATH msg=audit(1769929365.100:7462): item=0 name="/usr/bin/cp" inode=1577673 dev=8:2 mode=101116 ouid=0 ogid=0 rdev=0:0 nametype=NORMAL cap_fp=0 cap_fi=0 cap_fe=0 cap_fver=0 cap_frootid=0OUID="root" OGID="root"
type=CWD msg=audit(1769928711.284:8361): cwd=2F746D702F686964735F6D616C6963696F7573202864656C6574656429
type=CRED_REFR msg=audit(1769928714.561:5878): pid=8636 uid=1418 auid=1381 ses=3 subj=unconfined msg='op=PAM:setcred grantors=pam_permit,pam_cap acct="root" exe="/usr/bin/python3" hostname=? addr=? terminal=/dev/pts/0 res=success'UID="heroic" AUID="heroic"
type=EXECVE msg=audit(1769928622.673:6992): argc=2 a0="uname" a1="-a"
type=USER_ACCT msg=audit(1769929128.757:8394): pid=9013 uid=0 auid=1432 ses=3 subj=unconfined msg='op=PAM:accounting grantors=pam_permit,pam_localuser acct="root" exe="/usr/bin/sudo" hostname=? addr=? terminal=/dev/pts/2 res=success'UID="root" AUID="heroic"
type=CWD msg=audit(1769929014.34:7609): cwd="/tmp"
type=PATH msg=audit(1769929019.602:9900): item=1 name="/lib64/ld-linux-x86-64.so.2" inode=1575833 dev=8:2 mode=100476 ouid=0 ogid=0 rdev=0:0 nametype=NORMAL cap_fp=0 cap_fi=0 cap_fe=0 cap_fver=0 cap_frootid=0OUID="root" OGID="root"
type=USER_START msg=audit(1769928697.1131:7776): pid=8710 uid=1463 auid=790 ses=3 subj=unconfined msg='op=PAM:session_open grantors=pam_limits,pam_env,pam_env,pam_permit,pam_umask,pam_unix acct="root" exe="/usr/bin/sed" hostname=? addr=? terminal=/dev/pts/0 res=success'UID="heroic" AUID="heroic"
type=PATH msg=audit(1769928618.119:6170): item=0 name="/usr/bin/rm" inode=1578530 dev=8:2 mode=100426 ouid=0 ogid=0 rdev=0:0 nametype=NORMAL cap_fp=0 cap_fi=0 cap_fe=0 cap_fver=0 cap_frootid=0OUID="root" OGID="root"
type=EXECVE msg=audit(1769929176.406:4073): argc=2 a0="sudo" a1="whoami"
type=SYSCALL msg=audit(1769928846.304:8039): arch=c000003e syscall=59 success=yes exit=0 a0=58c915b61e80 a1=58c915c57160 a2=58c915c4de50 a3=58c915c693f0 items=2 ppid=2002 pid=4990 auid=1225 uid=612 gid=1242 euid=0 suid=0 fsuid=0 egid=1233 sgid=1470 fsgid=1460 tty=pts0 ses=5 comm="sed" exe="/usr/bin/tail" subj=unconfined key="process_exec"ARCH=x86_64 SYSCALL=execve AUID="heroic" UID="heroic" GID="heroic" EUID="root" SUID="root" FSUID="root" EGID="heroic" SGID="heroic" FSGID="heroic"
type=PATH msg=audit(1769929225.37:8616): item=0 name="/usr/bin/tee" inode=1578281 dev=8:2 mode=100511 ouid=0 ogid=0 rdev=0:0 nametype=NORMAL cap_fp=0 cap_fi=0 cap_fe=0 cap_fver=0 cap_frootid=0OUID="root" OGID="root"
type=SYSCALL msg=audit(1769929049.214:4038): arch=c000003e syscall=59 success=yes exit=0 a0=64e1754ced10 a1=64e1754cb980 a2=64e1754c38f0 a3=64e1754cb980 items=2 ppid=3702 pid=9139 auid=572 uid=613 gid=868 euid=0 suid=0 fsuid=0 egid=1435 sgid=777 fsgid=826 tty=pts0 ses=3 comm="df" exe="/usr/bin/sed" subj=unconfined key="process_exec"ARCH=x86_64 SYSCALL=execve AUID="heroic" UID="heroic" GID="heroic" EUID="root" SUID="root" FSUID="root" EGID="heroic" SGID="heroic" FSGID="heroic"
type=CWD msg=audit(1769929220.446:5544): cwd=2F746D702F686964735F6D616C6963696F7573202864656C6574656429
type=CWD msg=audit(1769928529.183:5378): cwd="/home/heroic"
type=PATH msg=audit(1769929260.427:6873): item=0 name="/usr/bin/rm" inode=1578369 dev=8:2 mode=101077 ouid=0 ogid=0 rdev=0:0 nametype=NORMAL cap_fp=0 cap_fi=0 cap_fe=0 cap_fver=0 cap_frootid=0OUID="root" OGID="root"
type=CWD msg=audit(1769928600.51:6691): cwd="/var/ossec"
type=SYSCALL msg=audit(1769928963.810:5633): arch=c000003e syscall=59 success=yes exit=0 a0=64e1754cb960 a1=64e1754cd980 a2=64e1754c38f0 a3=64e1754ced50 items=2 ppid=6852 pid=3419 auid=1376 uid=629 gid=1416 euid=0 suid=0 fsuid=0 egid=601 sgid=919 fsgid=1494 tty=pts0 ses=3 comm="netstat" exe="/usr/bin/sed" subj=unconfined key="process_exec"ARCH=x86_64 SYSCALL=execve AUID="heroic" UID="heroic" GID="heroic" EUID="root" SUID="root" FSUID="root" EGID="heroic" SGID="heroic" FSGID="heroic"
type=PATH msg=audit(1769928840.176:9244): item=1 name="/lib64/ld-linux-x86-64.so.2" inode=1574867 dev=8:2 mode=100794 ouid=0 ogid=0 rdev=0:0 nametype=NORMAL cap_fp=0 cap_fi=0 cap_fe=0 cap_fver=0 cap_frootid=0OUID="root" OGID="root"
type=PATH msg=audit(1769929126.883:8506): item=0 name="/usr/bin/whoami" inode=1578447 dev=8:2 mode=101009 ouid=0 ogid=0 rdev=0:0 nametype=NORMAL cap_fp=0 cap_fi=0 cap_fe=0 cap_fver=0 cap_frootid=0OUID="root" OGID="root"
type=SYSCALL msg=audit(1769928814.504:5759): arch=c000003e syscall=59 success=yes exit=0 a0=5b2ac3941b68 a1=5b2ac3951ba0 a2=5b2ac3964340 a3=64 items=2 ppid=3420 pid=9841 auid=580 uid=0 gid=0 euid=0 suid=0 fsuid=0 egid=0 sgid=0 fsgid=0 tty=pts4 ses=3 comm="df" exe="/usr/bin/tail" subj=unconfined key="process_exec"ARCH=x86_64 SYSCALL=execve AUID="heroic" UID="root" GID="root" EUID="root" SUID="root" FSUID="root" EGID="root" SGID="root" FSGID="root"
type=CWD msg=audit(1769928588.45:7664): cwd="/var/ossec"
type=USER_ACCT msg=audit(1769928467.377:8429): pid=4796 uid=759 auid=670 ses=3 subj=unconfined msg='op=PAM:accounting grantors=pam_permit,pam_localuser acct="heroic" exe="/usr/bin/last" hostname=? addr=? terminal=/dev/pts/0 res=success'UID="heroic" AUID="heroic"
type=PATH msg=audit(1769929179.345:6331): item=0 name="/usr/bin/bash" inode=1573473 dev=8:2 mode=100783 ouid=0 ogid=0 rdev=0:0 nametype=NORMAL cap_fp=0 cap_fi=0 cap_fe=0 cap_fver=0 cap_frootid=0OUID="root" OGID="root"
type=PATH msg=audit(1769928586.1153:4070): item=0 name="/usr/bin/bash" inode=1572972 dev=8:2 mode=100511 ouid=0 ogid=0 rdev=0:0 nametype=NORMAL cap_fp=0 cap_fi=0 cap_fe=0 cap_fver=0 cap_frootid=0OUID="root" OGID="root"
