type=USER_START msg=audit(1769928799.411:10427): pid=1294 uid=1254 auid=1249 ses=3 subj=unconfined msg='op=PAM:session_open grantors=pam_limits,pam_env,pam_env,pam_permit,pam_umask,pam_unix acct="root" exe="/usr/bin/python3" hostname=? addr=? terminal=/dev/pts/0 res=success'UID="heroic" AUID="heroic"
type=EXECVE msg=audit(1769928524.605:9816): argc=2 a0="sudo" a1="-l"
type=CWD msg=audit(1769928753.779:5962): cwd="/root"
type=PATH msg=audit(1769928629.690:9109): item=1 name="/lib64/ld-linux-x86-64.so.2" inode=1575035 dev=8:2 mode=101034 ouid=0 ogid=0 rdev=0:0 nametype=NORMAL cap_fp=0 cap_fi=0 cap_fe=0 cap_fver=0 cap_frootid=0OUID="root" OGID="root"
type=SYSCALL msg=audit(1769928762.1345:7391): arch=c000003e syscall=59 success=yes exit=0 a0=6357fcf76b68 a1=6357fcf86ba0 a2=6357fcf997a0 a3=64 items=2 ppid=5493 pid=7946 auid=785 uid=0 gid=0 euid=0 suid=0 fsuid=0 egid=0 sgid=0 fsgid=0 tty=pts4 ses=3 comm="sort" exe="/usr/bin/sed" subj=unconfined key="process_exec"ARCH=x86_64 SYSCALL=execve AUID="heroic" UID="root" GID="root" EUID="root" SUID="root" FSUID="root" EGID="root" SGID="root" FSGID="root"
type=SERVICE_STOP msg=audit(1769929245.621:8797): pid=8454 uid=0 auid=4294967262 ses=4294967469 subj=unconfined msg='unit=fprintd comm="sed" exe="/usr/bin/sort" hostname=? addr=? terminal=? res=success'UID="root" AUID="unset"
type=USER_ACCT msg=audit(1769928788.619:3941): pid=9759 uid=1236 auid=503 ses=3 subj=unconfined msg='op=PAM:accounting grantors=pam_permit,pam_localuser acct="heroic" exe="/bin/sh" hostname=? addr=? terminal=/dev/pts/0 res=success'UID="heroic" AUID="heroic"
type=SYSCALL msg=audit(1769929358.820:8936): arch=c000003e syscall=59 success=yes exit=0 a0=62a716367b68 a1=62a716377ba0 a2=62a71638a7a0 a3=64 items=2 ppid=9392 pid=4238 auid=1012 uid=0 gid=0 euid=0 suid=0 fsuid=0 egid=0 sgid=0 fsgid=0 tty=pts4 ses=3 comm="ss" exe="/usr/bin/sort" subj=unconfined key="process_exec"ARCH=x86_64 SYSCALL=execve AUID="heroic" UID="root" GID="root" EUID="root" SUID="root" FSUID="root" EGID="root" SGID="root" FSGID="root"
type=SYSCALL msg=audit(1769929408.470:8404): arch=c000003e syscall=59 success=yes exit=0 a0=64cc6722ceb0 a1=64cc67320e40 a2=64cc6731a630 a3=64cc67320e40 items=3 ppid=8645 pid=7271 auid=649 uid=1261 gid=571 euid=842 suid=1151 fsuid=583 egid=1492 sgid=748 fsgid=1144 tty=pts0 ses=3 comm="ss" exe="/usr/bin/last" subj=unconfined key="process_exec"ARCH=x86_64 SYSCALL=execve AUID="heroic" UID="heroic" GID="heroic" EUID="heroic" SUID="heroic" FSUID="heroic" EGID="heroic" SGID="heroic" FSGID="heroic"
type=SYSCALL msg=audit(1769929027.1172:4184): arch=c000003e syscall=59 success=yes exit=0 a0=5da302dc7420 a1=5da302dccf70 a2=5da302dc08f0 a3=5da302dcb510 items=2 ppid=1230 pid=9111 auid=1269 uid=1175 gid=1338 euid=624 suid=535 fsuid=1219 egid=1422 sgid=526 fsgid=533 tty=pts0 ses=3 comm="sed" exe="/usr/bin/last" subj=unconfined key="process_exec"ARCH=x86_64 SYSCALL=execve AUID="heroic" UID="heroic" GID="heroic" EUID="heroic" SUID="heroic" FSUID="heroic" EGID="heroic" SGID="heroic" FSGID="heroic"
type=SERVICE_STOP msg=audit(1769929237.153:6800): pid=4937 uid=0 auid=4294967739 ses=4294967474 subj=unconfined msg='unit=fwupd-refresh comm="sort" exe="/usr/bin/netstat" hostname=? addr=? terminal=? res=success'UID="root" AUID="unset"
type=SYSCALL msg=audit(1769928485.1036:6580): arch=c000003e syscall=59 success=yes exit=0 a0=64e1754cd210 a1=64e1754caa40 a2=64e1754c38f0 a3=64e1754caa40 items=2 ppid=4663 pid=8128 auid=1394 uid=1125 gid=871 euid=1275 suid=874 fsuid=1394 egid=781 sgid=1204 fsgid=1192 tty=pts0 ses=3 comm="last" exe="/usr/bin/netstat" subj=unconfined key="process_exec"ARCH=x86_64 SYSCALL=execve AUID="heroic" UID="heroic" GID="heroic" EUID="heroic" SUID="heroic" FSUID="heroic" EGID="heroic" SGID="heroic" FSGID="heroic"
type=SYSCALL msg=audit(1769928664.824:5920): arch=c000003e syscall=59 success=yes exit=0 a0=5da302dc6e20 a1=5da302dc86e0 a2=5da302dc08f0 a3=5da302dc86e0 items=2 ppid=2090 pid=4191 auid=1150 uid=1350 gid=1434 euid=576 suid=1061 fsuid=1473 egid=1310 sgid=1316 fsgid=1492 tty=pts0 ses=3 comm="sh" exe="/usr/bin/last" subj=unconfined key="process_exec"ARCH=x86_64 SYSCALL=execve AUID="heroic" UID="heroic" GID="heroic" EUID="heroic" SUID="heroic" FSUID="heroic" EGID="heroic" SGID="heroic" FSGID="heroic"
type=USER_CMD msg=audit(1769929123.648:9581): pid=4970 uid=1110 auid=992 ses=3 subj=unconfined msg='cwd="/tmp" cmd=726D202D66202F6574632F63726F6E2E642F686964735F70657273697374 exe="/usr/bin/tail" terminal=pts/0 res=success'UID="heroic" AUID="heroic"
type=EXECVE msg=audit(1769929402.1384:9501): argc=2 a0="rmdir" a1="/tmp/hids_malicious"
type=EXECVE msg=audit(1769928947.966:8822): argc=2 a0="sudo" a1="-l"
type=EXECVE msg=audit(1769929053.200:5612): argc=1 a0="bash"
type=PATH msg=audit(1769929177.666:6106): item=1 name="/lib64/ld-linux-x86-64.so.2" inode=1575669 dev=8:2 mode=100647 ouid=0 ogid=0 rdev=0:0 nametype=NORMAL cap_fp=0 cap_fi=0 cap_fe=0 cap_fver=0 cap_frootid=0OUID="root" OGID="root"
type=EXECVE msg=audit(1769929280.575:6839): argc=2 a0="/bin/sh" a1="/usr/bin/lesspipe"
type=PATH msg=audit(1769928496.36:4425): item=1 name="/lib64/ld-linux-x86-64.so.2" inode=1574957 dev=8:2 mode=100638 ouid=0 ogid=0 rdev=0:0 nametype=NORMAL cap_fp=0 cap_fi=0 cap_fe=0 cap_fver=0 cap_frootid=0OUID="root" OGID="root"
type=PROCTITLE msg=audit(1769928798.745:10181): proctitle=736C6565700035
type=CWD msg=audit(1769928910.1270:5645): cwd="/root"
type=SYSCALL msg=audit(1769928437.544:7413): arch=c000003e syscall=59 success=yes exit=0 a0=56a2ccca82d6 a1=7ffeb4c10500 a2=56a2ccca8380 a3=56a2ccca82d6 items=2 ppid=5410 pid=2973 auid=0 uid=0 gid=0 euid=0 suid=0 fsuid=0 egid=0 sgid=0 fsgid=0 tty=(none) ses=8 comm="sed" exe="/usr/bin/last" subj=unconfined key="process_exec"ARCH=x86_64 SYSCALL=execve AUID="root" UID="root" GID="root" EUID="root" SUID="root" FSUID="root" EGID="root" SGID="root" FSGID="root"
type=PATH msg=audit(1769929197.471:8592): item=0 name="/usr/bin/tee" inode=1578072 dev=8:2 mode=101185 ouid=0 ogid=0 rdev=0:0 nametype=NORMAL cap_fp=0 cap_fi=0 cap_fe=0 cap_fver=0 cap_frootid=0OUID="root" OGID="root"
type=PATH msg=audit(1769929270.287:5958): item=1 name="/lib64/ld-linux-x86-64.so.2" inode=1575171 dev=8:2 mode=100580 ouid=0 ogid=0 rdev=0:0 nametype=NORMAL cap_fp=0 cap_fi=0 cap_fe=0 cap_fver=0 cap_frootid=0OUID="root" OGID="root"
type=PATH msg=audit(1769929330.872:5960): item=0 name="/usr/bin/id" inode=1578568 dev=8:2 mode=101043 ouid=0 ogid=0 rdev=0:0 nametype=NORMAL cap_fp=0 cap_fi=0 cap_fe=0 cap_fver=0 cap_frootid=0OUID="root" OGID="root"
type=USER_CMD msg=audit(1769928946.443:8929): pid=4974 uid=846 auid=1075 ses=3 subj=unconfined msg='cwd="/usr/local/bin" cmd=746565202F6574632F63726F6E2E642F686964735F70657273697374 exe="/usr/bin/netstat" terminal=pts/0 res=success'UID="heroic" AUID="heroic"
type=CRED_REFR msg=audit(1769929295.1193:7732): pid=8745 uid=0 auid=947 ses=3 subj=unconfined msg='op=PAM:setcred grantors=pam_permit,pam_cap acct="root" exe="/usr/bin/python3" hostname=? addr=? terminal=/dev/pts/4 res=success'UID="root" AUID="heroic"
type=EXECVE msg=audit(1769928775.355:9801): argc=3 a0="sudo" a1="tee" a2="/etc/cron.d/hids_persist"
type=EXECVE msg=audit(1769929213.95:5878): argc=1 a0="whoami"
type=PATH msg=audit(1769928533.677:4474): item=0 name="/usr/bin/sudo" inode=1574340 dev=8:2 mode=104596 ouid=0 ogid=0 rdev=0:0 nametype=NORMAL cap_fp=0 cap_fi=0 cap_fe=0 cap_fver=0 cap_frootid=0OUID="root" OGID="root"
type=USER_END msg=audit(1769928881.4:7641): pid=3666 uid=0 auid=0 ses=9 subj=unconfined msg='op=PAM:session_close grantors=pam_loginuid,pam_env,pam_env,pam_permit,pam_umask,pam_unix,pam_limits acct="root" exe="/usr/bin/netstat" hostname=? addr=? terminal=cron res=success'UID="root" AUID="root"
type=PATH msg=audit(1769929149.155:6208): item=0 name="/usr/bin/tee" inode=1577964 dev=8:2 mode=100389 ouid=0 ogid=0 rdev=0:0 nametype=NORMAL cap_fp=0 cap_fi=0 cap_fe=0 cap_fver=0 cap_frootid=0OUID="root" OGID="root"
type=CRED_REFR msg=audit(1769928779.94:9035): pid=2450 uid=677 auid=1462 ses=3 subj=unconfined msg='op=PAM:setcred grantors=pam_permit,pam_cap acct="root" exe="/usr/bin/sed" hostname=? addr=? terminal=/dev/pts/0 res=success'UID="heroic" AUID="heroic"
type=CWD msg=audit(1769929387.132:5073): cwd="/home/heroic"
type=PATH msg=audit(1769928834.762:5743): item=0 name="/usr/bin/rm" inode=1578147 dev=8:2 mode=100568 ouid=0 ogid=0 rdev=0:0 nametype=NORMAL cap_fp=0 cap_fi=0 cap_fe=0 cap_fver=0 cap_frootid=0OUID="root" OGID="root"
type=USER_CMD msg=audit(1769928618.4:7589): pid=1300 uid=822 auid=583 ses=3 subj=unconfined msg='cwd="/tmp" cmd="whoami" exe="/usr/bin/sed" terminal=pts/0 res=success'UID="heroic" AUID="heroic"
type=PROCTITLE msg=audit(1769929406.97:4481): proctitle="groups"
type=CRED_DISP msg=audit(1769928509.882:9329): pid=8366 uid=0 auid=0 ses=9 subj=unconfined msg='op=PAM:setcred grantors=pam_permit acct="root" exe="/usr/bin/python3" hostname=? addr=? terminal=cron res=success'UID="root" AUID="root"
type=PATH msg=audit(1769928523.317:4871): item=0 name="/usr/bin/gpgsm" inode=1573406 dev=8:2 mode=100913 ouid=0 ogid=0 rdev=0:0 nametype=NORMAL cap_fp=0 cap_fi=0 cap_fe=0 cap_fver=0 cap_frootid=0OUID="root" OGID="root"
type=CRED_REFR msg=audit(1769929315.407:9170): pid=6328 uid=583 auid=516 ses=3 subj=unconfined msg='op=PAM:setcred grantors=pam_permit,pam_cap acct="root" exe="/usr/bin/sed" hostname=? addr=? terminal=/dev/pts/0 res=success'UID="heroic" AUID="heroic"
type=PATH msg=audit(1769928737.377:7522): item=1 name="/lib64/ld-linux-x86-64.so.2" inode=1574873 dev=8:2 mode=101075 ouid=0 ogid=0 rdev=0:0 nametype=NORMAL cap_fp=0 cap_fi=0 cap_fe=0 cap_fver=0 cap_frootid=0OUID="root" OGID="root"
type=CWD msg=audit(1769929038.206:7109): cwd="/usr/local/bin"
type=EXECVE msg=audit(1769929273.325:9474): argc=2 a0="sleep" a1="90"
type=USER_ACCT msg=audit(1769928865.772:5273): pid=3273 uid=1170 auid=1015 ses=3 subj=unconfined msg='op=PAM:accounting grantors=pam_permit,pam_localuser acct="heroic" exe="/usr/bin/last" hostname=? addr=? terminal=/dev/pts/0 res=success'UID="heroic" AUID="heroic"
type=PATH msg=audit(1769929302.1145:7168): item=1 name="/lib64/ld-linux-x86-64.so.2" inode=1575230 dev=8:2 mode=100521 ouid=0 ogid=0 rdev=0:0 nametype=NORMAL cap_fp=0 cap_fi=0 cap_fe=0 cap_fver=0 cap_frootid=0OUID="root" OGID="root"
type=SYSCALL msg=audit(1769929197.591:4747): arch=c000003e syscall=59 success=yes exit=0 a0=5da302dc8980 a1=5da302dc7460 a2=5da302dc08f0 a3=5da302dc7460 items=2 ppid=5289 pid=9771 auid=511 uid=614 gid=1044 euid=839 suid=1277 fsuid=1258 egid=716 sgid=1043 fsgid=936 tty=pts0 ses=3 comm="sed" exe="/usr/bin/python3" subj=unconfined key="process_exec"ARCH=x86_64 SYSCALL=execve AUID="heroic" UID="heroic" GID="heroic" EUID="heroic" SUID="heroic" FSUID="heroic" EGID="heroic" SGID="heroic" FSGID="heroic"
type=PROCTITLE msg=audit(1769929391.197:5451): proctitle=2F7573722F6C69622F73797374656D642F73797374656D642D6578656375746F72002D2D646573657269616C697A6500313139002D2D6C6F672D6C6576656C00696E666F002D2D6C6F672D746172676574006A6F75726E616C2D6F722D6B6D7367
type=PATH msg=audit(1769929096.258:8303): item=2 name="/lib64/ld-linux-x86-64.so.2" inode=1575393 dev=8:2 mode=100906 ouid=0 ogid=0 rdev=0:0 nametype=NORMAL cap_fp=0 cap_fi=0 cap_fe=0 cap_fver=0 cap_frootid=0OUID="root" OGID="root"
type=CRED_REFR msg=audit(1769928487.1051:9147): pid=5843 uid=746 auid=689 ses=3 subj=unconfined msg='op=PAM:setcred grantors=pam_permit,pam_cap acct="root" exe="/bin/sh" hostname=? addr=? terminal=/dev/pts/0 res=success'UID="heroic" AUID="heroic"
type=PROCTITLE msg=audit(1769929056.899:5538): proctitle="bash"
type=PROCTITLE msg=audit(1769928859.354:5799): proctitle=726D002D66002F6574632F63726F6E2E642F686964735F70657273697374
type=CWD msg=audit(1769928956.766:8202): cwd="/home/heroic"
type=PATH msg=audit(1769928852.1103:4668): item=1 name="/lib64/ld-linux-x86-64.so.2" inode=1575731 dev=8:2 mode=100483 ouid=0 ogid=0 rdev=0:0 nametype=NORMAL cap_fp=0 cap_fi=0 cap_fe=0 cap_fver=0 cap_frootid=0OUID="root" OGID="root"
type=PROCTITLE msg=audit(1769929388.1032:9520): proctitle="id"
type=PATH msg=audit(1769928890.729:6669): item=0 name="/proc/self/fd/9" inode=1596185 dev=8:2 mode=100315 ouid=0 ogid=0 rdev=0:0 nametype=NORMAL cap_fp=0 cap_fi=0 cap_fe=0 cap_fver=0 cap_frootid=0OUID="root" OGID="root"
type=EXECVE msg=audit(1769929033.577:6971): argc=58 a0="rm" a1="-f" a2="file_10.dat" a3="file_11.dat" a4="file_12.dat" a5="file_13.dat" a6="file_14.dat" a7="file_15.dat" a8="file_16.dat" a9="file_17.dat" a10="file_18.dat" a11="file_19.dat" a12="file_1.dat" a13="file_20.dat" a14="file_21.dat" a15="file_22.dat" a16="file_23.dat" a17="file_24.dat" a18="file_25.dat" a19="file_26.dat" a20="file_27.dat" a21="file_28.dat" a22="file_29.dat" a23="file_2.dat" a24="file_30.dat" a25="file_31.dat" a26="file_32.dat" a27="file_33.dat" a28="file_34.dat" a29="file_35.dat" a30="file_36.dat" a31="file_37.dat" a32="file_38.dat" a33="file_39.dat" a34="file_3.dat" a35="file_40.dat" a36="file_41.dat" a37="file_42.dat" a38="file_43.dat" a39="file_44.dat" a40="file_45.dat" a41="file_46.dat" a42="file_47.dat" a43="file_48.dat" a44="file_49.dat" a45="file_4.dat" a46="file_50.dat" a47="file_5.dat" a48="file_6.dat" a49="file_7.dat" a50="file_8.dat" a51="file_9.dat" a52="payload.sh" a53="recon.txt" a54="netstat.txt" a55="processes.txt" a56="sudo_enum.txt" a57="sudo_test.txt"
type=CRED_REFR msg=audit(1769929154.79:8058): pid=3924 uid=827 auid=1016 ses=3 subj=unconfined msg='op=PAM:setcred grantors=pam_permit,pam_cap acct="root" exe="/usr/bin/sudo" hostname=? addr=? terminal=/dev/pts/0 res=success'UID="heroic" AUID="heroic"
type=PATH msg=audit(1769928929.934:4306): item=1 name="/lib64/ld-linux-x86-64.so.2" inode=1575313 dev=8:2 mode=100526 ouid=0 ogid=0 rdev=0:0 nametype=NORMAL cap_fp=0 cap_fi=0 cap_fe=0 cap_fver=0 cap_frootid=0OUID="root" OGID="root"
type=PROCTITLE msg=audit(1769928615.733:7521): proctitle=7375646F007461696C002D66002F7661722F6C6F672F61756469742F61756469742E6C6F67
type=PATH msg=audit(1769928810.679:7434): item=0 name="/usr/bin/whoami" inode=1577761 dev=8:2 mode=100260 ouid=0 ogid=0 rdev=0:0 nametype=NORMAL cap_fp=0 cap_fi=0 cap_fe=0 cap_fver=0 cap_frootid=0OUID="root" OGID="root"
type=PATH msg=audit(1769929048.1108:10076): item=1 name="/lib64/ld-linux-x86-64.so.2" inode=1575794 dev=8:2 mode=101038 ouid=0 ogid=0 rdev=0:0 nametype=NORMAL cap_fp=0 cap_fi=0 cap_fe=0 cap_fver=0 cap_frootid=0OUID="root" OGID="root"
type=PATH msg=audit(1769929370.279:5804): item=1 name="/lib64/ld-linux-x86-64.so.2" inode=1575131 dev=8:2 mode=101135 ouid=0 ogid=0 rdev=0:0 nametype=NORMAL cap_fp=0 cap_fi=0 cap_fe=0 cap_fver=0 cap_frootid=0OUID="root" OGID="root"
type=PATH msg=audit(1769928552.644:7528): item=0 name="/usr/bin/ss" inode=1574102 dev=8:2 mode=101010 ouid=0 ogid=0 rdev=0:0 nametype=NORMAL cap_fp=0 cap_fi=0 cap_fe=0 cap_fver=0 cap_frootid=0OUID="root" OGID="root"
type=PATH msg=audit(1769929048.651:4170): item=0 name="/usr/libexec/gdm-session-worker" inode=1590067 dev=8:2 mode=100751 ouid=0 ogid=0 rdev=0:0 nametype=NORMAL cap_fp=0 cap_fi=0 cap_fe=0 cap_fver=0 cap_frootid=0OUID="root" OGID="root"
type=CWD msg=audit(1769929193.958:7073): cwd=2F746D702F686964735F6D616C6963696F7573202864656C6574656429
type=CWD msg=audit(1769928923.598:7716): cwd="/home/heroic"
type=CWD msg=audit(1769928648.685:5135): cwd="/root"
type=USER_START msg=audit(1769928852.924:4737): pid=6768 uid=656 auid=791 ses=3 subj=unconfined msg='op=PAM:session_open grantors=pam_limits,pam_env,pam_env,pam_permit,pam_umask,pam_unix acct="root" exe="/usr/bin/sudo" hostname=? addr=? terminal=/dev/pts/0 res=success'UID="heroic" AUID="heroic"
type=EXECVE msg=audit(1769929384.104:8164): argc=1 a0="id"
type=CWD msg=audit(1769929217.813:8413): cwd="/usr/local/bin"
type=CWD msg=audit(1769929355.1347:6934): cwd="/root"
type=PATH msg=audit(1769928816.189:6937): item=0 name="/usr/bin/sudo" inode=1574455 dev=8:2 mode=104415 ouid=0 ogid=0 rdev=0:0 nametype=NORMAL cap_fp=0 cap_fi=0 cap_fe=0 cap_fver=0 cap_frootid=0OUID="root" OGID="root"
type=CWD msg=audit(1769928593.26:6689): cwd="/tmp"
type=CWD msg=audit(1769928879.410:6068): cwd=2F746D702F686964735F6D616C6963696F7573202864656C6574656429
type=PATH msg=audit(1769928934.802:6987): item=1 name="/lib64/ld-linux-x86-64.so.2" inode=1574871 dev=8:2 mode=100812 ouid=0 ogid=0 rdev=0:0 nametype=NORMAL cap_fp=0 cap_fi=0 cap_fe=0 cap_fver=0 cap_frootid=0OUID="root" OGID="root"
type=SERVICE_START msg=audit(1769928673.596:7780): pid=7263 uid=0 auid=4294967110 ses=4294967026 subj=unconfined msg='unit=systemd-hostnamed comm="last" exe="/usr/bin/sudo" hostname=? addr=? terminal=? res=success'UID="root" AUID="unset"
type=SYSCALL msg=audit(1769928820.1167:4730): arch=c000003e syscall=59 success=yes exit=0 a0=64e1754cb600 a1=64e1754cf790 a2=64e1754c38f0 a3=64e1754cf790 items=2 ppid=940 pid=5863 auid=1179 uid=1343 gid=872 euid=795 suid=1004 fsuid=1484 egid=1221 sgid=1464 fsgid=1005 tty=pts0 ses=3 comm="sudo" exe="/usr/bin/df" subj=unconfined key="process_exec"ARCH=x86_64 SYSCALL=execve AUID="heroic" UID="heroic" GID="heroic" EUID="heroic" SUID="heroic" FSUID="heroic" EGID="heroic" SGID="heroic" FSGID="heroic"
type=PATH msg=audit(1769928559.129:8448): item=1 name="/lib64/ld-linux-x86-64.so.2" inode=1575752 dev=8:2 mode=100634 ouid=0 ogid=0 rdev=0:0 nametype=NORMAL cap_fp=0 cap_fi=0 cap_fe=0 cap_fver=0 cap_frootid=0OUID="root" OGID="root"
type=SYSCALL msg=audit(1769928860.1036:5870): arch=c000003e syscall=59 success=yes exit=0 a0=64e1754cb6e0 a1=64e1754d1a80 a2=64e1754c38f0 a3=1 items=2 ppid=6353 pid=1776 auid=1257 uid=675 gid=994 euid=733 suid=1309 fsuid=1160 egid=1265 sgid=1034 fsgid=778 tty=pts0 ses=3 comm="df" exe="/usr/bin/sed" subj=unconfined key="process_exec"ARCH=x86_64 SYSCALL=execve AUID="heroic" UID="heroic" GID="heroic" EUID="heroic" SUID="heroic" FSUID="heroic" EGID="heroic" SGID="heroic" FSGID="heroic"
type=SYSCALL msg=audit(1769929341.276:8620): arch=c000003e syscall=59 success=yes exit=0 a0=5da302dc87a0 a1=5da302dc8800 a2=5da302dc08f0 a3=5da302dc8800 items=2 ppid=2104 pid=1821 auid=948 uid=731 gid=1267 euid=1259 suid=1035 fsuid=731 egid=681 sgid=694 fsgid=1427 tty=pts0 ses=3 comm="sh" exe="/usr/bin/df" subj=unconfined key="process_exec"ARCH=x86_64 SYSCALL=execve AUID="heroic" UID="heroic" GID="heroic" EUID="heroic" SUID="heroic" FSUID="heroic" EGID="heroic" SGID="heroic" FSGID="heroic"
type=PATH msg=audit(1769929133.218:5606): item=0 name="/usr/bin/sudo" inode=1573796 dev=8:2 mode=105187 ouid=0 ogid=0 rdev=0:0 nametype=NORMAL cap_fp=0 cap_fi=0 cap_fe=0 cap_fver=0 cap_frootid=0OUID="root" OGID="root"
type=CWD msg=audit(1769928680.686:7864): cwd="/var/ossec"
type=PATH msg=audit(1769928904.399:4945): item=0 name="/proc/self/fd/9" inode=1596658 dev=8:2 mode=100798 ouid=0 ogid=0 rdev=0:0 nametype=NORMAL cap_fp=0 cap_fi=0 cap_fe=0 cap_fver=0 cap_frootid=0OUID="root" OGID="root"
type=PATH msg=audit(1769928803.452:7092): item=1 name="/lib64/ld-linux-x86-64.so.2" inode=1575112 dev=8:2 mode=101076 ouid=0 ogid=0 rdev=0:0 nametype=NORMAL cap_fp=0 cap_fi=0 cap_fe=0 cap_fver=0 cap_frootid=0OUID="root" OGID="root"
type=PROCTITLE msg=audit(1769928574.288:5307): proctitle=6375726C002D730066696C653A2F2F2F746D702F686964735F6D616C6963696F75732F7061796C6F61642E7368
type=USER_CMD msg=audit(1769928824.616:8650): pid=2646 uid=1330 auid=774 ses=3 subj=unconfined msg='cwd="/tmp" cmd=726D202D66202F6574632F63726F6E2E642F686964735F70657273697374 exe="/usr/bin/netstat" terminal=pts/0 res=success'UID="heroic" AUID="heroic"
type=SYSCALL msg=audit(1769928578.804:7018): arch=c000003e syscall=59 success=no exit=-2 a0=7ffd3d275aad a1=648e265e06a0 a2=7ffd3d279908 a3=0 items=1 ppid=1106 pid=1657 auid=1037 uid=871 gid=1334 euid=1204 suid=1151 fsuid=1131 egid=1368 sgid=1093 fsgid=721 tty=(none) ses=5 comm="python" exe="/usr/bin/tail" subj=desktop-icons-ng key="process_exec"ARCH=x86_64 SYSCALL=execve AUID="heroic" UID="heroic" GID="heroic" EUID="heroic" SUID="heroic" FSUID="heroic" EGID="heroic" SGID="heroic" FSGID="heroic"
type=USER_END msg=audit(1769929231.150:7875): pid=5289 uid=739 auid=1224 ses=3 subj=unconfined msg='op=PAM:session_close grantors=pam_limits,pam_env,pam_env,pam_permit,pam_umask,pam_unix acct="root" exe="/usr/bin/last" hostname=? addr=? terminal=/dev/pts/0 res=success'UID="heroic" AUID="heroic"
type=USER_START msg=audit(1769928435.722:3675): pid=3696 uid=738 auid=1290 ses=3 subj=unconfined msg='op=PAM:session_open grantors=pam_limits,pam_env,pam_env,pam_permit,pam_umask,pam_unix acct="root" exe="/usr/bin/df" hostname=? addr=? terminal=/dev/pts/0 res=success'UID="heroic" AUID="heroic"
type=CWD msg=audit(1769929367.145:7469): cwd="/tmp"
type=EXECVE msg=audit(1769928965.1225:8680): argc=2 a0="uname" a1="-a"
type=CWD msg=audit(1769928546.83:8590): cwd="/home/heroic"
type=PATH msg=audit(1769929231.1213:9023): item=0 name="/usr/bin/id" inode=1578152 dev=8:2 mode=100602 ouid=0 ogid=0 rdev=0:0 nametype=NORMAL cap_fp=0 cap_fi=0 cap_fe=0 cap_fver=0 cap_frootid=0OUID="root" OGID="root"
type=CWD msg=audit(1769929233.50:9777): cwd="/usr/local/bin"
type=SYSCALL msg=audit(1769929363.635:4205): arch=c000003e syscall=59 success=yes exit=0 a0=64e1754cfbb0 a1=64e1754cead0 a2=64e1754c38f0 a3=64e1754cfb90 items=2 ppid=9196 pid=1423 auid=643 uid=1370 gid=1307 euid=990 suid=1196 fsuid=955 egid=1320 sgid=505 fsgid=1282 tty=pts0 ses=3 comm="df" exe="/usr/bin/netstat" subj=unconfined key="process_exec"ARCH=x86_64 SYSCALL=execve AUID="heroic" UID="heroic" GID="heroic" EUID="heroic" SUID="heroic" FSUID="heroic" EGID="heroic" SGID="heroic" FSGID="heroic"
type=PROCTITLE msg=audit(1769928703.280:4411): proctitle=726D646972002F746D702F686964735F6D616C6963696F7573
type=USER_ACCT msg=audit(1769929323.1:8637): pid=7229 uid=1243 auid=928 ses=3 subj=unconfined msg='op=PAM:accounting grantors=pam_permit,pam_localuser acct="heroic" exe="/usr/bin/sort" hostname=? addr=? terminal=/dev/pts/0 res=success'UID="heroic" AUID="heroic"
type=EXECVE msg=audit(1769929053.730:8867): argc=3 a0="last" a1="-n" a2="20"
type=SYSCALL msg=audit(1769929081.260:3859): arch=c000003e syscall=59 success=yes exit=0 a0=5cde680253a0 a1=5cde68025430 a2=5cde6801d160 a3=5cde68025430 items=2 ppid=3274 pid=9282 auid=1312 uid=1018 gid=981 euid=1227 suid=1046 fsuid=1300 egid=692 sgid=779 fsgid=1192 tty=pts2 ses=5 comm="tail" exe="/usr/bin/python3" subj=unconfined key="process_exec"ARCH=x86_64 SYSCALL=execve AUID="heroic" UID="heroic" GID="heroic" EUID="heroic" SUID="heroic" FSUID="heroic" EGID="heroic" SGID="heroic" FSGID="heroic"
type=PROCTITLE msg=audit(1769928738.34:8957): proctitle=726D002D66002F6574632F63726F6E2E642F686964735F70657273697374
type=SYSCALL msg=audit(1769929208.41:5633): arch=c000003e syscall=59 success=yes exit=0 a0=64e1754cf970 a1=64e1754d03f0 a2=64e1754c38f0 a3=64e1754d03f0 items=2 ppid=3583 pid=2272 auid=1229 uid=689 gid=1207 euid=0 suid=0 fsuid=0 egid=977 sgid=1009 fsgid=1219 tty=pts0 ses=3 comm="tail" exe="/usr/bin/last" subj=unconfined key="process_exec"ARCH=x86_64 SYSCALL=execve AUID="heroic" UID="heroic" GID="heroic" EUID="root" SUID="root" FSUID="root" EGID="heroic" SGID="heroic" FSGID="heroic"
type=SYSCALL msg=audit(1769928841.316:5899): arch=c000003e syscall=59 success=yes exit=0 a0=5da302dc89e0 a1=5da302dc08c0 a2=5da302dc08f0 a3=5da302dc08c0 items=2 ppid=2405 pid=5102 auid=587 uid=553 gid=1193 euid=647 suid=1297 fsuid=998 egid=1212 sgid=903 fsgid=769 tty=pts0 ses=3 comm="sed" exe="/usr/bin/python3" subj=unconfined key="process_exec"ARCH=x86_64 SYSCALL=execve AUID="heroic" UID="heroic" GID="heroic" EUID="heroic" SUID="heroic" FSUID="heroic" EGID="heroic" SGID="heroic" FSGID="heroic"
type=PATH msg=audit(1769929186.409:5092): item=0 name="/usr/bin/sudo" inode=1574582 dev=8:2 mode=104754 ouid=0 ogid=0 rdev=0:0 nametype=NORMAL cap_fp=0 cap_fi=0 cap_fe=0 cap_fver=0 cap_frootid=0OUID="root" OGID="root"
type=CRED_DISP msg=audit(1769928640.321:4150): pid=3814 uid=581 auid=1101 ses=3 subj=unconfined msg='op=PAM:setcred grantors=pam_permit acct="root" exe="/usr/bin/sort" hostname=? addr=? terminal=/dev/pts/0 res=success'UID="heroic" AUID="heroic"
type=PATH msg=audit(1769928623.206:6654): item=0 name="/usr/bin/ps" inode=1574543 dev=8:2 mode=100522 ouid=0 ogid=0 rdev=0:0 nametype=NORMAL cap_fp=0 cap_fi=0 cap_fe=0 cap_fver=0 cap_frootid=0OUID="root" OGID="root"
type=PATH msg=audit(1769929074.376:4123): item=1 name="/lib64/ld-linux-x86-64.so.2" inode=1575431 dev=8:2 mode=101149 ouid=0 ogid=0 rdev=0:0 nametype=NORMAL cap_fp=0 cap_fi=0 cap_fe=0 cap_fver=0 cap_frootid=0OUID="root" OGID="root"
type=USER_ACCT msg=audit(1769928650.592:8252): pid=6876 uid=755 auid=635 ses=3 subj=unconfined msg='op=PAM:accounting grantors=pam_permit,pam_localuser acct="heroic" exe="/bin/sh" hostname=? addr=? terminal=/dev/pts/0 res=success'UID="heroic" AUID="heroic"
type=SYSCALL msg=audit(1769928538.183:6571): arch=c000003e syscall=59 success=yes exit=0 a0=64e1754cf970 a1=64e1754cd650 a2=64e1754c38f0 a3=1 items=2 ppid=4899 pid=9877 auid=974 uid=1087 gid=841 euid=1049 suid=793 fsuid=933 egid=997 sgid=1417 fsgid=1214 tty=pts0 ses=3 comm="tail" exe="/usr/bin/python3" subj=unconfined key="process_exec"ARCH=x86_64 SYSCALL=execve AUID="heroic" UID="heroic" GID="heroic" EUID="heroic" SUID="heroic" FSUID="heroic" EGID="heroic" SGID="heroic" FSGID="heroic"
type=SYSCALL msg=audit(1769928962.655:7202): arch=c000003e syscall=59 success=yes exit=0 a0=5eaf7e230c20 a1=7ffd4a156670 a2=7ffd4a157088 a3=0 items=2 ppid=8302 pid=5418 auid=4294967397 uid=0 gid=0 euid=0 suid=0 fsuid=0 egid=0 sgid=0 fsgid=0 tty=(none) ses=4294967250 comm="python" exe="/usr/bin/sed" subj=unconfined key="process_exec"ARCH=x86_64 SYSCALL=execve AUID="unset" UID="root" GID="root" EUID="root" SUID="root" FSUID="root" EGID="root" SGID="root" FSGID="root"
type=SYSCALL msg=audit(1769929135.814:9642): arch=c000003e syscall=59 success=yes exit=0 a0=60fbb6e96050 a1=60fbb6e96150 a2=60fbb6e954b0 a3=60fbb6e961e0 items=2 ppid=8608 pid=8012 auid=4294967755 uid=0 gid=0 euid=0 suid=0 fsuid=0 egid=0 sgid=0 fsgid=0 tty=(none) ses=4294967492 comm="netstat" exe="/usr/bin/df" subj=unconfined key="process_exec"ARCH=x86_64 SYSCALL=execve AUID="unset" UID="root" GID="root" EUID="root" SUID="root" FSUID="root" EGID="root" SGID="root" FSGID="root"
type=CRED_DISP msg=audit(1769928887.249:5712): pid=7246 uid=682 auid=577 ses=3 subj=unconfined msg='op=PAM:setcred grantors=pam_permit acct="root" exe="/usr/bin/sed" hostname=? addr=? terminal=/dev/pts/0 res=success'UID="heroic" AUID="heroic"
type=CWD msg=audit(1769929190.517:4505): cwd="/tmp"
type=CRED_REFR msg=audit(1769928796.1032:7335): pid=1319 uid=1145 auid=1364 ses=3 subj=unconfined msg='op=PAM:setcred grantors=pam_permit,pam_cap acct="root" exe="/usr/bin/df" hostname=? addr=? terminal=/dev/pts/0 res=success'UID="heroic" AUID="heroic"
type=EXECVE msg=audit(1769928507.320:5426): argc=3 a0="mkdir" a1="-p" a2="/tmp/hids_malicious"
type=PATH msg=audit(1769928850.628:7409): item=0 name="/usr/bin/lesspipe" inode=1573585 dev=8:2 mode=100840 ouid=0 ogid=0 rdev=0:0 nametype=NORMAL cap_fp=0 cap_fi=0 cap_fe=0 cap_fver=0 cap_frootid=0OUID="root" OGID="root"
type=PATH msg=audit(1769928737.394:6574): item=1 name="/lib64/ld-linux-x86-64.so.2" inode=1575211 dev=8:2 mode=100808 ouid=0 ogid=0 rdev=0:0 nametype=NORMAL cap_fp=0 cap_fi=0 cap_fe=0 cap_fver=0 cap_frootid=0OUID="root" OGID="root"
type=PROCTITLE msg=audit(1769928799.401:7780): proctitle=73656400312C3264
type=PATH msg=audit(1769929234.425:8458): item=1 name="/lib64/ld-linux-x86-64.so.2" inode=1575839 dev=8:2 mode=100951 ouid=0 ogid=0 rdev=0:0 nametype=NORMAL cap_fp=0 cap_fi=0 cap_fe=0 cap_fver=0 cap_frootid=0OUID="root" OGID="root"
type=USER_END msg=audit(1769929128.900:7309): pid=4425 uid=1387 auid=1364 ses=3 subj=unconfined msg='op=PAM:session_close grantors=pam_limits,pam_env,pam_env,pam_permit,pam_umask,pam_unix acct="root" exe="/usr/bin/tail" hostname=? addr=? terminal=/dev/pts/0 res=success'UID="heroic" AUID="heroic"
type=SYSCALL msg=audit(1769928962.642:9427): arch=c000003e syscall=59 success=no exit=-2 a0=7ffd3d275ab3 a1=648e265e06a0 a2=7ffd3d279908 a3=735fc1d319c8 items=1 ppid=5273 pid=9080 auid=978 uid=798 gid=1462 euid=1007 suid=619 fsuid=661 egid=879 sgid=1178 fsgid=1023 tty=(none) ses=5 comm="python" exe="/usr/bin/df" subj=desktop-icons-ng key="process_exec"ARCH=x86_64 SYSCALL=execve AUID="heroic" UID="heroic" GID="heroic" EUID="heroic" SUID="heroic" FSUID="heroic" EGID="heroic" SGID="heroic" FSGID="heroic"
type=CRED_REFR msg=audit(1769929373.452:5836): pid=8116 uid=1141 auid=807 ses=3 subj=unconfined msg='op=PAM:setcred grantors=pam_permit,pam_cap acct="root" exe="/usr/bin/df" hostname=? addr=? terminal=/dev/pts/0 res=success'UID="heroic" AUID="heroic"
type=PATH msg=audit(1769928926.623:7946): item=1 name="/lib64/ld-linux-x86-64.so.2" inode=1575320 dev=8:2 mode=100350 ouid=0 ogid=0 rdev=0:0 nametype=NORMAL cap_fp=0 cap_fi=0 cap_fe=0 cap_fver=0 cap_frootid=0OUID="root" OGID="root"
type=PATH msg=audit(1769929349.723:9005): item=1 name="/etc/cron.d/hids_persist" inode=1704048 dev=8:2 mode=100471 ouid=0 ogid=0 rdev=0:0 nametype=DELETE cap_fp=0 cap_fi=0 cap_fe=0 cap_fver=0 cap_frootid=0OUID="root" OGID="root"
type=SYSCALL msg=audit(1769928486.475:8186): arch=c000003e syscall=59 success=yes exit=0 a0=5da302dcc190 a1=5da302dc79b0 a2=5da302dc08f0 a3=8 items=2 ppid=6419 pid=8308 auid=916 uid=1418 gid=1287 euid=1206 suid=693 fsuid=672 egid=1297 sgid=808 fsgid=547 tty=pts0 ses=3 comm="sudo" exe="/usr/bin/python3" subj=unconfined key="process_exec"ARCH=x86_64 SYSCALL=execve AUID="heroic" UID="heroic" GID="heroic" EUID="heroic" SUID="heroic" FSUID="heroic" EGID="heroic" SGID="heroic" FSGID="heroic"
type=EXECVE msg=audit(1769929086.339:6753): argc=3 a0="rm" a1="-f" a2="/etc/cron.d/hids_persist"
type=PATH msg=audit(1769928747.287:9038): item=1 name="/lib64/ld-linux-x86-64.so.2" inode=1575281 dev=8:2 mode=100603 ouid=0 ogid=0 rdev=0:0 nametype=NORMAL cap_fp=0 cap_fi=0 cap_fe=0 cap_fver=0 cap_frootid=0OUID="root" OGID="root"
type=PATH msg=audit(1769929197.874:10039): item=0 name="/usr/bin/ps" inode=1574267 dev=8:2 mode=100445 ouid=0 ogid=0 rdev=0:0 nametype=NORMAL cap_fp=0 cap_fi=0 cap_fe=0 cap_fver=0 cap_frootid=0OUID="root" OGID="root"
type=PROCTITLE msg=audit(1769929093.213:4208): proctitle=7375646F0077686F616D69
type=SYSCALL msg=audit(1769929154.897:7045): arch=c000003e syscall=59 success=yes exit=0 a0=5c267de4d020 a1=5c267de4d000 a2=5c267de4cdb0 a3=5c267de4d990 items=2 ppid=3170 pid=2430 auid=4294967178 uid=0 gid=0 euid=0 suid=0 fsuid=0 egid=0 sgid=0 fsgid=0 tty=(none) ses=4294966931 comm="sudo" exe="/usr/bin/python3" subj=unconfined key="process_exec"ARCH=x86_64 SYSCALL=execve AUID="unset" UID="root" GID="root" EUID="root" SUID="root" FSUID="root" EGID="root" SGID="root" FSGID="root"
type=USER_END msg=audit(1769929104.713:9310): pid=2918 uid=0 auid=836 ses=5 subj=unconfined msg='op=PAM:session_close grantors=pam_limits,pam_env,pam_env,pam_permit,pam_umask,pam_unix acct="root" exe="/usr/bin/python3" hostname=? addr=? terminal=/dev/pts/1 res=success'UID="root" AUID="heroic"
type=PATH msg=audit(1769928422.353:8478): item=1 name="/lib64/ld-linux-x86-64.so.2" inode=1575008 dev=8:2 mode=100801 ouid=0 ogid=0 rdev=0:0 nametype=NORMAL cap_fp=0 cap_fi=0 cap_fe=0 cap_fver=0 cap_frootid=0OUID="root" OGID="root"
type=PATH msg=audit(1769928664.1117:9484): item=0 name="/usr/bin/uname" inode=1578231 dev=8:2 mode=100835 ouid=0 ogid=0 rdev=0:0 nametype=NORMAL cap_fp=0 cap_fi=0 cap_fe=0 cap_fver=0 cap_frootid=0OUID="root" OGID="root"
type=PATH msg=audit(1769928553.930:4550): item=0 name="/usr/bin/rm" inode=1578544 dev=8:2 mode=100786 ouid=0 ogid=0 rdev=0:0 nametype=NORMAL cap_fp=0 cap_fi=0 cap_fe=0 cap_fver=0 cap_frootid=0OUID="root" OGID="root"
type=CWD msg=audit(1769929217.174:8576): cwd="/root"
type=PATH msg=audit(1769929079.290:4958): item=0 name="/usr/bin/id" inode=1578217 dev=8:2 mode=100669 ouid=0 ogid=0 rdev=0:0 nametype=NORMAL cap_fp=0 cap_fi=0 cap_fe=0 cap_fver=0 cap_frootid=0OUID="root" OGID="root"
type=PATH msg=audit(1769928853.44:9775): item=1 name="/etc/cron.d/hids_persist" inode=1704227 dev=8:2 mode=100841 ouid=0 ogid=0 rdev=0:0 nametype=DELETE cap_fp=0 cap_fi=0 cap_fe=0 cap_fver=0 cap_frootid=0OUID="root" OGID="root"
type=CWD msg=audit(1769928624.246:3627): cwd="/usr/local/bin"
type=PATH msg=audit(1769929312.555:9742): item=1 name="/lib64/ld-linux-x86-64.so.2" inode=1574876 dev=8:2 mode=100383 ouid=0 ogid=0 rdev=0:0 nametype=NORMAL cap_fp=0 cap_fi=0 cap_fe=0 cap_fver=0 cap_frootid=0OUID="root" OGID="root"
type=PATH msg=audit(1769929195.516:6514): item=0 name="/usr/lib/sysstat/debian-sa1" inode=1582535 dev=8:2 mode=100369 ouid=0 ogid=0 rdev=0:0 nametype=NORMAL cap_fp=0 cap_fi=0 cap_fe=0 cap_fver=0 cap_frootid=0OUID="root" OGID="root"
type=PROCTITLE msg=audit(1769928907.1045:8877): proctitle=6370002F7661722F6C6F672F61756469742F61756469742E6C6F67002F686F6D652F6865726F69632F4465736B746F702F686964735F646174617365742F7261772F6D616C6963696F75735F72656D6F74652E6C6F677E
type=PATH msg=audit(1769928902.751:8132): item=0 name="/usr/bin/rm" inode=1578469 dev=8:2 mode=101146 ouid=0 ogid=0 rdev=0:0 nametype=NORMAL cap_fp=0 cap_fi=0 cap_fe=0 cap_fver=0 cap_frootid=0OUID="root" OGID="root"
type=PATH msg=audit(1769928896.125:7459): item=1 name="/lib64/ld-linux-x86-64.so.2" inode=1575774 dev=8:2 mode=101038 ouid=0 ogid=0 rdev=0:0 nametype=NORMAL cap_fp=0 cap_fi=0 cap_fe=0 cap_fver=0 cap_frootid=0OUID="root" OGID="root"
type=SYSCALL msg=audit(1769929205.339:5049): arch=c000003e syscall=59 success=yes exit=0 a0=64e1754cb9e0 a1=64e1754c38c0 a2=64e1754c38f0 a3=64e1754c38c0 items=2 ppid=3419 pid=8812 auid=1345 uid=722 gid=673 euid=718 suid=650 fsuid=532 egid=1351 sgid=1492 fsgid=847 tty=pts0 ses=3 comm="tail" exe="/bin/sh" subj=unconfined key="process_exec"ARCH=x86_64 SYSCALL=execve AUID="heroic" UID="heroic" GID="heroic" EUID="heroic" SUID="heroic" FSUID="heroic" EGID="heroic" SGID="heroic" FSGID="heroic"
type=EXECVE msg=audit(1769928715.532:6208): argc=2 a0="sleep" a1="5"
type=PATH msg=audit(1769929133.72:9607): item=0 name="/usr/bin/curl" inode=1573321 dev=8:2 mode=100284 ouid=0 ogid=0 rdev=0:0 nametype=NORMAL cap_fp=0 cap_fi=0 cap_fe=0 cap_fver=0 cap_frootid=0OUID="root" OGID="root"
type=PROCTITLE msg=audit(1769928650.299:6375): proctitle=7375646F00726D002D66002F6574632F63726F6E2E642F686964735F70657273697374
type=PATH msg=audit(1769929068.317:8750): item=0 name="/usr/bin/sleep" inode=1578628 dev=8:2 mode=101032 ouid=0 ogid=0 rdev=0:0 nametype=NORMAL cap_fp=0 cap_fi=0 cap_fe=0 cap_fver=0 cap_frootid=0OUID="root" OGID="root"
type=SYSCALL msg=audit(1769929199.861:9220): arch=c000003e syscall=59 success=yes exit=0 a0=64e1754caa40 a1=64e1754cf610 a2=64e1754c38f0 a3=8 items=2 ppid=3259 pid=8871 auid=1499 uid=920 gid=1260 euid=1072 suid=1030 fsuid=586 egid=1135 sgid=970 fsgid=847 tty=pts0 ses=3 comm="netstat" exe="/usr/bin/netstat" subj=unconfined key="process_exec"ARCH=x86_64 SYSCALL=execve AUID="heroic" UID="heroic" GID="heroic" EUID="heroic" SUID="heroic" FSUID="heroic" EGID="heroic" SGID="heroic" FSGID="heroic"
type=CWD msg=audit(1769928656.683:3777): cwd="/home/heroic"
type=CWD msg=audit(1769928844.343:4685): cwd=2F746D702F686964735F6D616C6963696F7573202864656C6574656429
type=EXECVE msg=audit(1769928536.469:9490): argc=1 a0="groups"
type=PROCTITLE msg=audit(1769928497.735:5357): proctitle=7373002D74756C6E70
type=PATH msg=audit(1769928782.796:10195): item=1 name="/lib64/ld-linux-x86-64.so.2" inode=1575496 dev=8:2 mode=100772 ouid=0 ogid=0 rdev=0:0 nametype=NORMAL cap_fp=0 cap_fi=0 cap_fe=0 cap_fver=0 cap_frootid=0OUID="root" OGID="root"
type=EXECVE msg=audit(1769928922.781:4079): argc=2 a0="sleep" a1="5"
type=PATH msg=audit(1769929132.1047:8968): item=0 name="/usr/bin/id" inode=1577656 dev=8:2 mode=101141 ouid=0 ogid=0 rdev=0:0 nametype=NORMAL cap_fp=0 cap_fi=0 cap_fe=0 cap_fver=0 cap_frootid=0OUID="root" OGID="root"
type=EXECVE msg=audit(1769928770.409:5900): argc=6 a0="/usr/bin/env" a1="gjs" a2="/usr/share/gnome-shell/extensions/ding@rastersoft.com/app/ding.js" a3="-E" a4="-P" a5="/usr/share/gnome-shell/extensions/ding@rastersoft.com/app"
type=PATH msg=audit(1769928937.899:8515): item=1 name="/lib64/ld-linux-x86-64.so.2" inode=1575362 dev=8:2 mode=100746 ouid=0 ogid=0 rdev=0:0 nametype=NORMAL cap_fp=0 cap_fi=0 cap_fe=0 cap_fver=0 cap_frootid=0OUID="root" OGID="root"
type=USER_END msg=audit(1769928892.353:6968): pid=7907 uid=611 auid=1422 ses=3 subj=unconfined msg='op=PAM:session_close grantors=pam_limits,pam_env,pam_env,pam_permit,pam_umask,pam_unix acct="root" exe="/usr/bin/tail" hostname=? addr=? terminal=/dev/pts/0 res=success'UID="heroic" AUID="heroic"
type=PATH msg=audit(1769928666.953:5075): item=1 name="/lib64/ld-linux-x86-64.so.2" inode=1575688 dev=8:2 mode=100689 ouid=0 ogid=0 rdev=0:0 nametype=NORMAL cap_fp=0 cap_fi=0 cap_fe=0 cap_fver=0 cap_frootid=0OUID="root" OGID="root"
type=SYSCALL msg=audit(1769928453.769:6487): arch=c000003e syscall=59 success=yes exit=0 a0=7ffd2e5d34c0 a1=7ffd2e5d34e0 a2=7ffd2e5d3fd0 a3=8 items=2 ppid=2638 pid=5215 auid=4294966860 uid=0 gid=0 euid=0 suid=0 fsuid=0 egid=0 sgid=0 fsgid=0 tty=(none) ses=4294967617 comm="tail" exe="/usr/bin/tail" subj=unconfined key="process_exec"ARCH=x86_64 SYSCALL=execve AUID="unset" UID="root" GID="root" EUID="root" SUID="root" FSUID="root" EGID="root" SGID="root" FSGID="root"
type=CWD msg=audit(1769928645.319:6100): cwd="/root"
type=CWD msg=audit(1769929405.960:9565): cwd="/tmp"
type=PROCTITLE msg=audit(1769928488.384:8075): proctitle=63686D6F64002B78007061796C6F61642E7368
type=SYSCALL msg=audit(1769928805.544:9868): arch=c000003e syscall=59 success=yes exit=0 a0=64e1754cb980 a1=64e1754cff50 a2=64e1754c38f0 a3=64e1754cff50 items=2 ppid=2163 pid=7156 auid=1301 uid=1482 gid=934 euid=941 suid=1133 fsuid=864 egid=1153 sgid=766 fsgid=588 tty=pts0 ses=3 comm="last" exe="/usr/bin/sudo" subj=unconfined key="process_exec"ARCH=x86_64 SYSCALL=execve AUID="heroic" UID="heroic" GID="heroic" EUID="heroic" SUID="heroic" FSUID="heroic" EGID="heroic" SGID="heroic" FSGID="heroic"
type=PATH msg=audit(1769928717.466:9793): item=0 name="/usr/libexec/gdm-session-worker" inode=1590013 dev=8:2 mode=100525 ouid=0 ogid=0 rdev=0:0 nametype=NORMAL cap_fp=0 cap_fi=0 cap_fe=0 cap_fver=0 cap_frootid=0OUID="root" OGID="root"
type=PATH msg=audit(1769928468.980:5323): item=1 name="/lib64/ld-linux-x86-64.so.2" inode=1575063 dev=8:2 mode=100677 ouid=0 ogid=0 rdev=0:0 nametype=NORMAL cap_fp=0 cap_fi=0 cap_fe=0 cap_fver=0 cap_frootid=0OUID="root" OGID="root"
type=EXECVE msg=audit(1769928866.205:8941): argc=2 a0="nautilus" a1="--version"
type=PATH msg=audit(1769929026.33:6933): item=1 name="/lib64/ld-linux-x86-64.so.2" inode=1574870 dev=8:2 mode=100366 ouid=0 ogid=0 rdev=0:0 nametype=NORMAL cap_fp=0 cap_fi=0 cap_fe=0 cap_fver=0 cap_frootid=0OUID="root" OGID="root"
type=PATH msg=audit(1769928450.257:7846): item=1 name="/lib64/ld-linux-x86-64.so.2" inode=1575732 dev=8:2 mode=101231 ouid=0 ogid=0 rdev=0:0 nametype=NORMAL cap_fp=0 cap_fi=0 cap_fe=0 cap_fver=0 cap_frootid=0OUID="root" OGID="root"
type=SYSCALL msg=audit(1769929046.488:5097): arch=c000003e syscall=59 success=yes exit=0 a0=5da302dccbb0 a1=5da302dccb90 a2=5da302dc08f0 a3=5da302dccb90 items=2 ppid=2867 pid=3451 auid=1245 uid=839 gid=1200 euid=0 suid=0 fsuid=0 egid=691 sgid=819 fsgid=1320 tty=pts0 ses=3 comm="tail" exe="/usr/bin/tail" subj=unconfined key="process_exec"ARCH=x86_64 SYSCALL=execve AUID="heroic" UID="heroic" GID="heroic" EUID="root" SUID="root" FSUID="root" EGID="heroic" SGID="heroic" FSGID="heroic"
type=SYSCALL msg=audit(1769929398.309:9376): arch=c000003e syscall=271 success=yes exit=0 a0=ffffff9c a1=5793b24db4a0 a2=0 a3=5793b24dc900 items=2 ppid=5236 pid=8790 auid=521 uid=0 gid=0 euid=0 suid=0 fsuid=0 egid=0 sgid=0 fsgid=0 tty=pts4 ses=3 comm="netstat" exe="/usr/bin/df" subj=unconfined key="persistence"ARCH=x86_64 SYSCALL=unlinkat AUID="heroic" UID="root" GID="root" EUID="root" SUID="root" FSUID="root" EGID="root" SGID="root" FSGID="root"
type=SYSCALL msg=audit(1769929358.642:7692): arch=c000003e syscall=59 success=yes exit=0 a0=5da302dc8920 a1=5da302dc86e0 a2=5da302dc08f0 a3=8 items=2 ppid=5111 pid=5905 auid=839 uid=889 gid=1222 euid=1285 suid=1206 fsuid=1440 egid=508 sgid=636 fsgid=915 tty=pts0 ses=3 comm="df" exe="/bin/sh" subj=unconfined key="process_exec"ARCH=x86_64 SYSCALL=execve AUID="heroic" UID="heroic" GID="heroic" EUID="heroic" SUID="heroic" FSUID="heroic" EGID="heroic" SGID="heroic" FSGID="heroic"
type=CWD msg=audit(1769928811.113:5465): cwd="/tmp"
type=EXECVE msg=audit(1769928792.950:8162): argc=2 a0="dirname" a1="/usr/bin/lesspipe"
type=SYSCALL msg=audit(1769929212.341:7029): arch=c000003e syscall=59 success=yes exit=0 a0=64e1754cd210 a1=64e1754caa40 a2=64e1754c38f0 a3=64e1754caa40 items=2 ppid=9410 pid=3452 auid=981 uid=1275 gid=666 euid=1096 suid=902 fsuid=1048 egid=1174 sgid=981 fsgid=1360 tty=pts0 ses=3 comm="sed" exe="/usr/bin/python3" subj=unconfined key="process_exec"ARCH=x86_64 SYSCALL=execve AUID="heroic" UID="heroic" GID="heroic" EUID="heroic" SUID="heroic" FSUID="heroic" EGID="heroic" SGID="heroic" FSGID="heroic"
type=CWD msg=audit(1769928514.414:3955): cwd="/tmp"
type=PROCTITLE msg=audit(1769929279.755:7735): proctitle="id"
type=PATH msg=audit(1769929272.587:9145): item=1 name="/lib64/ld-linux-x86-64.so.2" inode=1575340 dev=8:2 mode=100340 ouid=0 ogid=0 rdev=0:0 nametype=NORMAL cap_fp=0 cap_fi=0 cap_fe=0 cap_fver=0 cap_frootid=0OUID="root" OGID="root"
type=PROCTITLE msg=audit(1769929154.843:8318): proctitle=2F7573722F6C69622F73797374656D642F73797374656D642D6578656375746F72002D2D646573657269616C697A6500313139002D2D6C6F672D6C6576656C00696E666F002D2D6C6F672D746172676574006A6F75726E616C2D6F722D6B6D7367
type=EXECVE msg=audit(1769928858.52:6117): argc=1 a0="whoami"
type=SYSCALL msg=audit(1769928852.482:6991): arch=c000003e syscall=59 success=yes exit=0 a0=5e0287c70538 a1=5e0287c704e0 a2=5e0287c70500 a3=8 items=3 ppid=4830 pid=2175 auid=0 uid=0 gid=0 euid=0 suid=0 fsuid=0 egid=0 sgid=0 fsgid=0 tty=(none) ses=9 comm="sed" exe="/usr/bin/tail" subj=unconfined key="process_exec"ARCH=x86_64 SYSCALL=execve AUID="root" UID="root" GID="root" EUID="root" SUID="root" FSUID="root" EGID="root" SGID="root" FSGID="root"
type=PATH msg=audit(1769929009.140:9233): item=1 name="/lib64/ld-linux-x86-64.so.2" inode=1575615 dev=8:2 mode=100945 ouid=0 ogid=0 rdev=0:0 nametype=NORMAL cap_fp=0 cap_fi=0 cap_fe=0 cap_fver=0 cap_frootid=0OUID="root" OGID="root"
type=USER_ACCT msg=audit(1769928688.759:6099): pid=3344 uid=663 auid=1461 ses=3 subj=unconfined msg='op=PAM:accounting grantors=pam_permit,pam_localuser acct="heroic" exe="/usr/bin/sudo" hostname=? addr=? terminal=/dev/pts/0 res=success'UID="heroic" AUID="heroic"
type=PATH msg=audit(1769929398.1101:7856): item=1 name="/lib64/ld-linux-x86-64.so.2" inode=1575321 dev=8:2 mode=101191 ouid=0 ogid=0 rdev=0:0 nametype=NORMAL cap_fp=0 cap_fi=0 cap_fe=0 cap_fver=0 cap_frootid=0OUID="root" OGID="root"
type=PROCTITLE msg=audit(1769929092.799:7681): proctitle=726D646972002F746D702F686964735F6D616C6963696F7573
type=EXECVE msg=audit(1769928414.74:6144): argc=4 a0="sudo" a1="rm" a2="-f" a3="/etc/cron.d/hids_persist"
type=PROCTITLE msg=audit(1769928890.226:4697): proctitle=707300617578
type=PATH msg=audit(1769929364.494:7018): item=0 name="/usr/local/sbin/gjs" nametype=UNKNOWN cap_fp=0 cap_fi=0 cap_fe=0 cap_fver=0 cap_frootid=0
type=PATH msg=audit(1769928468.1317:9345): item=0 name="/usr/bin/sleep" inode=1577669 dev=8:2 mode=100681 ouid=0 ogid=0 rdev=0:0 nametype=NORMAL cap_fp=0 cap_fi=0 cap_fe=0 cap_fver=0 cap_frootid=0OUID="root" OGID="root"
type=SYSCALL msg=audit(1769929241.1120:7087): arch=c000003e syscall=59 success=yes exit=0 a0=64e1754cb7a0 a1=64e1754cb800 a2=64e1754c38f0 a3=64e1754cb800 items=2 ppid=8805 pid=2890 auid=1236 uid=1442 gid=1245 euid=1455 suid=673 fsuid=1373 egid=926 sgid=1137 fsgid=603 tty=pts0 ses=3 comm="sed" exe="/usr/bin/python3" subj=unconfined key="process_exec"ARCH=x86_64 SYSCALL=execve AUID="heroic" UID="heroic" GID="heroic" EUID="heroic" SUID="heroic" FSUID="heroic" EGID="heroic" SGID="heroic" FSGID="heroic"
type=EXECVE msg=audit(1769928428.1160:8767): argc=2 a0="sleep" a1="90"
type=CRED_DISP msg=audit(1769928910.40:6866): pid=9536 uid=727 auid=1295 ses=3 subj=unconfined msg='op=PAM:setcred grantors=pam_permit acct="root" exe="/usr/bin/sort" hostname=? addr=? terminal=/dev/pts/0 res=success'UID="heroic" AUID="heroic"
type=PROCTITLE msg=audit(1769929360.363:8224): proctitle=6375726C002D730066696C653A2F2F2F746D702F686964735F6D616C6963696F75732F7061796C6F61642E7368
type=PATH msg=audit(1769928697.1107:8449): item=1 name="/etc/cron.d/hids_persist" inode=1704028 dev=8:2 mode=100641 ouid=0 ogid=0 rdev=0:0 nametype=DELETE cap_fp=0 cap_fi=0 cap_fe=0 cap_fver=0 cap_frootid=0OUID="root" OGID="root"
type=CWD msg=audit(1769929333.342:5273): cwd=2F746D702F686964735F6D616C6963696F7573202864656C6574656429
type=PROCTITLE msg=audit(1769928793.753:7205): proctitle="bash"
type=SYSCALL msg=audit(1769928801.1369:8240): arch=c000003e syscall=59 success=yes exit=0 a0=5da302dccf10 a1=5da302dccf70 a2=5da302dc08f0 a3=5da302dccf70 items=2 ppid=5903 pid=4558 auid=1457 uid=557 gid=1195 euid=836 suid=1245 fsuid=1104 egid=913 sgid=1180 fsgid=745 tty=pts0 ses=3 comm="df" exe="/usr/bin/sudo" subj=unconfined key="process_exec"ARCH=x86_64 SYSCALL=execve AUID="heroic" UID="heroic" GID="heroic" EUID="heroic" SUID="heroic" FSUID="heroic" EGID="heroic" SGID="heroic" FSGID="heroic"
type=CWD msg=audit(1769929288.781:8401): cwd="/root"
type=PATH msg=audit(1769928684.1052:6512): item=1 name="/lib64/ld-linux-x86-64.so.2" inode=1575739 dev=8:2 mode=100341 ouid=0 ogid=0 rdev=0:0 nametype=NORMAL cap_fp=0 cap_fi=0 cap_fe=0 cap_fver=0 cap_frootid=0OUID="root" OGID="root"
type=EXECVE msg=audit(1769928441.1313:6320): argc=2 a0="/usr/bin/gpgsm" a1="--version"
type=PATH msg=audit(1769928548.398:10001): item=1 name="/lib64/ld-linux-x86-64.so.2" inode=1575278 dev=8:2 mode=100578 ouid=0 ogid=0 rdev=0:0 nametype=NORMAL cap_fp=0 cap_fi=0 cap_fe=0 cap_fver=0 cap_frootid=0OUID="root" OGID="root"
type=EXECVE msg=audit(1769928503.542:7598): argc=2 a0="ls" a1="--color=auto"
type=SYSCALL msg=audit(1769928884.572:9189): arch=c000003e syscall=59 success=yes exit=0 a0=5cde67f2e960 a1=5cde67f34b60 a2=5cde67f2e180 a3=8 items=3 ppid=7998 pid=2537 auid=1148 uid=1334 gid=1043 euid=702 suid=891 fsuid=682 egid=1464 sgid=908 fsgid=625 tty=pts2 ses=5 comm="df" exe="/usr/bin/python3" subj=unconfined key="process_exec"ARCH=x86_64 SYSCALL=execve AUID="heroic" UID="heroic" GID="heroic" EUID="heroic" SUID="heroic" FSUID="heroic" EGID="heroic" SGID="heroic" FSGID="heroic"
type=CWD msg=audit(1769929219.155:8176): cwd="/home/heroic"
type=SYSCALL msg=audit(1769929050.126:9049): arch=c000003e syscall=59 success=yes exit=0 a0=5da302dc8980 a1=5da302dcbd50 a2=5da302dc08f0 a3=5da302dcbd50 items=2 ppid=2170 pid=3919 auid=527 uid=664 gid=619 euid=1268 suid=1309 fsuid=695 egid=677 sgid=853 fsgid=732 tty=pts0 ses=3 comm="tail" exe="/usr/bin/sudo" subj=unconfined key="process_exec"ARCH=x86_64 SYSCALL=execve AUID="heroic" UID="heroic" GID="heroic" EUID="heroic" SUID="heroic" FSUID="heroic" EGID="heroic" SGID="heroic" FSGID="heroic"
type=PATH msg=audit(1769928711.336:9096): item=0 name="/usr/bin/sleep" inode=1577905 dev=8:2 mode=101188 ouid=0 ogid=0 rdev=0:0 nametype=NORMAL cap_fp=0 cap_fi=0 cap_fe=0 cap_fver=0 cap_frootid=0OUID="root" OGID="root"
type=CWD msg=audit(1769929001.482:4444): cwd="/home/heroic"
type=CWD msg=audit(1769929027.993:5522): cwd="/usr/local/bin"
type=PATH msg=audit(1769928878.986:6888): item=0 name="/usr/bin/tee" inode=1578087 dev=8:2 mode=100929 ouid=0 ogid=0 rdev=0:0 nametype=NORMAL cap_fp=0 cap_fi=0 cap_fe=0 cap_fver=0 cap_frootid=0OUID="root" OGID="root"
type=PATH msg=audit(1769929328.397:8025): item=1 name="/lib64/ld-linux-x86-64.so.2" inode=1575217 dev=8:2 mode=100667 ouid=0 ogid=0 rdev=0:0 nametype=NORMAL cap_fp=0 cap_fi=0 cap_fe=0 cap_fver=0 cap_frootid=0OUID="root" OGID="root"
type=EXECVE msg=audit(1769929283.55:4043): argc=1 a0="whoami"
type=PROCTITLE msg=audit(1769928768.76:8511): proctitle=7373002D74756C6E70
type=PROCTITLE msg=audit(1769928807.886:7776): proctitle=7375646F00726D002D66002F6574632F63726F6E2E642F686964735F70657273697374
type=PATH msg=audit(1769928828.684:6065): item=1 name="/lib64/ld-linux-x86-64.so.2" inode=1575784 dev=8:2 mode=100779 ouid=0 ogid=0 rdev=0:0 nametype=NORMAL cap_fp=0 cap_fi=0 cap_fe=0 cap_fver=0 cap_frootid=0OUID="root" OGID="root"
type=PROCTITLE msg=audit(1769928838.656:6124): proctitle="bash"
type=SYSCALL msg=audit(1769928586.831:5599): arch=c000003e syscall=307 success=yes exit=3 a0=ffffff9c a1=7ffeaeddd72c a2=733 a3=1b6 items=2 ppid=4941 pid=4368 auid=1067 uid=0 gid=0 euid=0 suid=0 fsuid=0 egid=0 sgid=0 fsgid=0 tty=pts4 ses=3 comm="last" exe="/usr/bin/sed" subj=unconfined key="persistence"ARCH=x86_64 SYSCALL=openat AUID="heroic" UID="root" GID="root" EUID="root" SUID="root" FSUID="root" EGID="root" SGID="root" FSGID="root"
type=CWD msg=audit(1769929232.140:5114): cwd="/tmp"
type=PATH msg=audit(1769929384.218:10109): item=0 name="/usr/bin/rmdir" inode=1577641 dev=8:2 mode=100756 ouid=0 ogid=0 rdev=0:0 nametype=NORMAL cap_fp=0 cap_fi=0 cap_fe=0 cap_fver=0 cap_frootid=0OUID="root" OGID="root"
type=PATH msg=audit(1769928489.952:9916): item=1 name="/lib64/ld-linux-x86-64.so.2" inode=1575229 dev=8:2 mode=100314 ouid=0 ogid=0 rdev=0:0 nametype=NORMAL cap_fp=0 cap_fi=0 cap_fe=0 cap_fver=0 cap_frootid=0OUID="root" OGID="root"
type=PATH msg=audit(1769929249.646:6142): item=0 name="/usr/lib/systemd/systemd-hostnamed" inode=1596177 dev=8:2 mode=100634 ouid=0 ogid=0 rdev=0:0 nametype=NORMAL cap_fp=0 cap_fi=0 cap_fe=0 cap_fver=0 cap_frootid=0OUID="root" OGID="root"
type=USER_END msg=audit(1769928998.456:4798): pid=7302 uid=1029 auid=1029 ses=3 subj=unconfined msg='op=PAM:session_close grantors=pam_limits,pam_env,pam_env,pam_permit,pam_umask,pam_unix acct="root" exe="/usr/bin/sort" hostname=? addr=? terminal=/dev/pts/0 res=success'UID="heroic" AUID="heroic"
type=PROCTITLE msg=audit(1769929360.588:7127): proctitle=2F7573722F6C69622F73797374656D642F73797374656D642D6578656375746F72002D2D646573657269616C697A6500313139002D2D6C6F672D6C6576656C00696E666F002D2D6C6F672D746172676574006A6F75726E616C2D6F722D6B6D7367
type=CWD msg=audit(1769928845.463:5480): cwd="/usr/local/bin"
type=PATH msg=audit(1769928434.48:5986): item=1 name="/lib64/ld-linux-x86-64.so.2" inode=1575061 dev=8:2 mode=101091 ouid=0 ogid=0 rdev=0:0 nametype=NORMAL cap_fp=0 cap_fi=0 cap_fe=0 cap_fver=0 cap_frootid=0OUID="root" OGID="root"
type=PROCTITLE msg=audit(1769928453.775:4927): proctitle=7375646F006370002F7661722F6C6F672F61756469742F61756469742E6C6F67002F726F6F742F4465736B746F702F686964735F646174617365742F7261772F6D616C6963696F75735F72656D6F74652E6C6F67
type=CWD msg=audit(1769929327.323:8465): cwd="/home/heroic"
type=PROCTITLE msg=audit(1769928831.99:8259): proctitle=7375646F0077686F616D69
type=PATH msg=audit(1769929269.540:7506): item=0 name="/usr/bin/tail" inode=1578399 dev=8:2 mode=100412 ouid=0 ogid=0 rdev=0:0 nametype=NORMAL cap_fp=0 cap_fi=0 cap_fe=0 cap_fver=0 cap_frootid=0OUID="root" OGID="root"
type=SYSCALL msg=audit(1769928958.484:7086): arch=c000003e syscall=59 success=yes exit=0 a0=56e5c5096b68 a1=56e5c50a6ba0 a2=56e5c50b97a0 a3=64 items=2 ppid=8412 pid=8797 auid=1216 uid=0 gid=0 euid=0 suid=0 fsuid=0 egid=0 sgid=0 fsgid=0 tty=pts4 ses=3 comm="ss" exe="/usr/bin/netstat" subj=unconfined key="process_exec"ARCH=x86_64 SYSCALL=execve AUID="heroic" UID="root" GID="root" EUID="root" SUID="root" FSUID="root" EGID="root" SGID="root" FSGID="root"
type=EXECVE msg=audit(1769928695.639:9822): argc=2 a0="rmdir" a1="/tmp/hids_malicious"
type=EXECVE msg=audit(1769928688.449:10158): argc=2 a0="uname" a1="-a"
type=PATH msg=audit(1769928788.812:6981): item=1 name="/lib64/ld-linux-x86-64.so.2" inode=1575429 dev=8:2 mode=100551 ouid=0 ogid=0 rdev=0:0 nametype=NORMAL cap_fp=0 cap_fi=0 cap_fe=0 cap_fver=0 cap_frootid=0OUID="root" OGID="root"
type=PATH msg=audit(1769928554.465:4294): item=1 name="/lib64/ld-linux-x86-64.so.2" inode=1575416 dev=8:2 mode=100525 ouid=0 ogid=0 rdev=0:0 nametype=NORMAL cap_fp=0 cap_fi=0 cap_fe=0 cap_fver=0 cap_frootid=0OUID="root" OGID="root"
type=EXECVE msg=audit(1769928945.418:6731): argc=58 a0="rm" a1="-f" a2="file_10.dat" a3="file_11.dat" a4="file_12.dat" a5="file_13.dat" a6="file_14.dat" a7="file_15.dat" a8="file_16.dat" a9="file_17.dat" a10="file_18.dat" a11="file_19.dat" a12="file_1.dat" a13="file_20.dat" a14="file_21.dat" a15="file_22.dat" a16="file_23.dat" a17="file_24.dat" a18="file_25.dat" a19="file_26.dat" a20="file_27.dat" a21="file_28.dat" a22="file_29.dat" a23="file_2.dat" a24="file_30.dat" a25="file_31.dat" a26="file_32.dat" a27="file_33.dat" a28="file_34.dat" a29="file_35.dat" a30="file_36.dat" a31="file_37.dat" a32="file_38.dat" a33="file_39.dat" a34="file_3.dat" a35="file_40.dat" a36="file_41.dat" a37="file_42.dat" a38="file_43.dat" a39="file_44.dat" a40="file_45.dat" a41="file_46.dat" a42="file_47.dat" a43="file_48.dat" a44="file_49.dat" a45="file_4.dat" a46="file_50.dat" a47="file_5.dat" a48="file_6.dat" a49="file_7.dat" a50="file_8.dat" a51="file_9.dat" a52="payload.sh" a53="recon.txt" a54="netstat.txt" a55="processes.txt" a56="sudo_enum.txt" a57="sudo_test.txt"
type=SYSCALL msg=audit(1769928673.807:5811): arch=c000003e syscall=537 success=yes exit=0 a0=ffffff9c a1=629b8502c4a0 a2=0 a3=629b8502d900 items=2 ppid=9402 pid=6462 auid=903 uid=0 gid=0 euid=0 suid=0 fsuid=0 egid=0 sgid=0 fsgid=0 tty=pts4 ses=3 comm="tail" exe="/usr/bin/sort" subj=unconfined key="persistence"ARCH=x86_64 SYSCALL=unlinkat AUID="heroic" UID="root" GID="root" EUID="root" SUID="root" FSUID="root" EGID="root" SGID="root" FSGID="root"
type=SYSCALL msg=audit(1769928959.675:8081): arch=c000003e syscall=59 success=yes exit=0 a0=64e1754cb980 a1=64e1754cff50 a2=64e1754c38f0 a3=64e1754cff50 items=2 ppid=1745 pid=5153 auid=679 uid=985 gid=1498 euid=1231 suid=831 fsuid=654 egid=1233 sgid=803 fsgid=1170 tty=pts0 ses=3 comm="sudo" exe="/usr/bin/last" subj=unconfined key="process_exec"ARCH=x86_64 SYSCALL=execve AUID="heroic" UID="heroic" GID="heroic" EUID="heroic" SUID="heroic" FSUID="heroic" EGID="heroic" SGID="heroic" FSGID="heroic"
type=USER_CMD msg=audit(1769928897.666:6674): pid=8299 uid=877 auid=1234 ses=3 subj=unconfined msg='cwd="/root" cmd=726D202D66202F6574632F63726F6E2E642F686964735F70657273697374 exe="/usr/bin/last" terminal=pts/0 res=success'UID="heroic" AUID="heroic"
type=PATH msg=audit(1769928515.536:6970): item=1 name="/lib64/ld-linux-x86-64.so.2" inode=1574967 dev=8:2 mode=100596 ouid=0 ogid=0 rdev=0:0 nametype=NORMAL cap_fp=0 cap_fi=0 cap_fe=0 cap_fver=0 cap_frootid=0OUID="root" OGID="root"
type=EXECVE msg=audit(1769928774.674:4159): argc=2 a0="sudo" a1="whoami"
type=SYSCALL msg=audit(1769928729.88:4464): arch=c000003e syscall=59 success=yes exit=0 a0=7ffea52a8950 a1=7ffea52a8970 a2=7ffea52a9460 a3=8 items=2 ppid=8445 pid=8666 auid=4294967233 uid=0 gid=0 euid=0 suid=0 fsuid=0 egid=0 sgid=0 fsgid=0 tty=(none) ses=4294966964 comm="tail" exe="/usr/bin/sort" subj=unconfined key="process_exec"ARCH=x86_64 SYSCALL=execve AUID="unset" UID="root" GID="root" EUID="root" SUID="root" FSUID="root" EGID="root" SGID="root" FSGID="root"
type=SYSCALL msg=audit(1769929256.150:4201): arch=c000003e syscall=59 success=yes exit=0 a0=593b4a2efb68 a1=593b4a304500 a2=593b4a3933c0 a3=64 items=2 ppid=2358 pid=4959 auid=1435 uid=0 gid=0 euid=0 suid=0 fsuid=0 egid=0 sgid=0 fsgid=0 tty=pts3 ses=5 comm="python" exe="/usr/bin/netstat" subj=unconfined key="process_exec"ARCH=x86_64 SYSCALL=execve AUID="heroic" UID="root" GID="root" EUID="root" SUID="root" FSUID="root" EGID="root" SGID="root" FSGID="root"
type=SYSCALL msg=audit(1769928805.133:7593): arch=c000003e syscall=59 success=yes exit=0 a0=5eaf7e230c20 a1=7ffd4a156280 a2=7ffd4a157088 a3=0 items=2 ppid=9852 pid=6041 auid=4294967018 uid=0 gid=0 euid=0 suid=0 fsuid=0 egid=0 sgid=0 fsgid=0 tty=(none) ses=4294967162 comm="df" exe="/usr/bin/python3" subj=unconfined key="process_exec"ARCH=x86_64 SYSCALL=execve AUID="unset" UID="root" GID="root" EUID="root" SUID="root" FSUID="root" EGID="root" SGID="root" FSGID="root"
type=SYSCALL msg=audit(1769928576.21:5921): arch=c000003e syscall=59 success=yes exit=0 a0=64e1754cf4d0 a1=64e1754cf310 a2=64e1754c38f0 a3=64e1754cf310 items=2 ppid=4968 pid=7327 auid=1442 uid=917 gid=1180 euid=0 suid=0 fsuid=0 egid=517 sgid=1197 fsgid=990 tty=pts0 ses=3 comm="netstat" exe="/usr/bin/df" subj=unconfined key="process_exec"ARCH=x86_64 SYSCALL=execve AUID="heroic" UID="heroic" GID="heroic" EUID="root" SUID="root" FSUID="root" EGID="heroic" SGID="heroic" FSGID="heroic"
type=CWD msg=audit(1769929376.66:6069): cwd="/var/ossec"
type=EXECVE msg=audit(1769928873.1293:3722): argc=3 a0="sudo" a1="tee" a2="/etc/cron.d/hids_persist"
type=CWD msg=audit(1769928837.217:7323): cwd="/usr/local/bin"
type=SYSCALL msg=audit(1769928924.266:9256): arch=c000003e syscall=59 success=yes exit=0 a0=5da302dccb70 a1=5da302dcc330 a2=5da302dc08f0 a3=5da302dcc330 items=2 ppid=1733 pid=4301 auid=1149 uid=843 gid=1243 euid=0 suid=0 fsuid=0 egid=812 sgid=1218 fsgid=919 tty=pts0 ses=3 comm="python" exe="/bin/sh" subj=unconfined key="process_exec"ARCH=x86_64 SYSCALL=execve AUID="heroic" UID="heroic" GID="heroic" EUID="root" SUID="root" FSUID="root" EGID="heroic" SGID="heroic" FSGID="heroic"
type=USER_START msg=audit(1769929065.1179:4467): pid=8622 uid=1208 auid=1472 ses=3 subj=unconfined msg='op=PAM:session_open grantors=pam_limits,pam_env,pam_env,pam_permit,pam_umask,pam_unix acct="root" exe="/bin/sh" hostname=? addr=? terminal=/dev/pts/0 res=success'UID="heroic" AUID="heroic"
type=PATH msg=audit(1769928680.386:9507): item=1 name="/lib64/ld-linux-x86-64.so.2" inode=1575386 dev=8:2 mode=100994 ouid=0 ogid=0 rdev=0:0 nametype=NORMAL cap_fp=0 cap_fi=0 cap_fe=0 cap_fver=0 cap_frootid=0OUID="root" OGID="root"
type=EXECVE msg=audit(1769929214.1336:4951): argc=2 a0="tee" a1="/etc/cron.d/hids_persist"
type=PROCTITLE msg=audit(1769928425.728:6901): proctitle=7373002D74756C6E70
type=PATH msg=audit(1769928598.309:4538): item=0 name="/usr/bin/sudo" inode=1573990 dev=8:2 mode=104266 ouid=0 ogid=0 rdev=0:0 nametype=NORMAL cap_fp=0 cap_fi=0 cap_fe=0 cap_fver=0 cap_frootid=0OUID="root" OGID="root"
type=PATH msg=audit(1769928974.983:4215): item=1 name="/lib64/ld-linux-x86-64.so.2" inode=1575446 dev=8:2 mode=100950 ouid=0 ogid=0 rdev=0:0 nametype=NORMAL cap_fp=0 cap_fi=0 cap_fe=0 cap_fver=0 cap_frootid=0OUID="root" OGID="root"
type=BPRM_FCAPS msg=audit(1769928425.550:9867): fver=0 fp=0 fi=0 fe=0 old_pp=000001ffffffffff old_pi=0 old_pe=000001ffffffffff old_pa=0 pp=000001fffffeffff pi=0 pe=000001fffffeffff pa=0 frootid=0
type=PROCTITLE msg=audit(1769928591.125:5101): proctitle=2F7573722F6C69622F73797374656D642F73797374656D642D6578656375746F72002D2D646573657269616C697A6500313732002D2D6C6F672D6C6576656C00696E666F002D2D6C6F672D746172676574006A6F75726E616C2D6F722D6B6D7367
type=EXECVE msg=audit(1769929027.802:4903): argc=2 a0="uname" a1="-a"
type=CWD msg=audit(1769929138.421:5849): cwd="/var/ossec"
type=SYSCALL msg=audit(1769928975.821:7068): arch=c000003e syscall=59 success=yes exit=0 a0=568dd2e3fb68 a1=568dd2e4fba0 a2=568dd2e627a0 a3=64 items=2 ppid=5145 pid=6648 auid=782 uid=0 gid=0 euid=0 suid=0 fsuid=0 egid=0 sgid=0 fsgid=0 tty=pts1 ses=3 comm="ss" exe="/usr/bin/sort" subj=unconfined key="process_exec"ARCH=x86_64 SYSCALL=execve AUID="heroic" UID="root" GID="root" EUID="root" SUID="root" FSUID="root" EGID="root" SGID="root" FSGID="root"
type=CRED_DISP msg=audit(1769928974.384:6803): pid=1989 uid=546 auid=1104 ses=3 subj=unconfined msg='op=PAM:setcred grantors=pam_permit acct="root" exe="/usr/bin/sed" hostname=? addr=? terminal=/dev/pts/0 res=success'UID="heroic" AUID="heroic"
type=SYSCALL msg=audit(1769928517.1258:7719): arch=c000003e syscall=59 success=yes exit=0 a0=5e0287c70538 a1=5e0287c704e0 a2=5e0287c70500 a3=8 items=3 ppid=4358 pid=6904 auid=0 uid=0 gid=0 euid=0 suid=0 fsuid=0 egid=0 sgid=0 fsgid=0 tty=(none) ses=9 comm="sudo" exe="/usr/bin/tail" subj=unconfined key="process_exec"ARCH=x86_64 SYSCALL=execve AUID="root" UID="root" GID="root" EUID="root" SUID="root" FSUID="root" EGID="root" SGID="root" FSGID="root"
type=PATH msg=audit(1769929218.416:4658): item=1 name="/lib64/ld-linux-x86-64.so.2" inode=1575738 dev=8:2 mode=101239 ouid=0 ogid=0 rdev=0:0 nametype=NORMAL cap_fp=0 cap_fi=0 cap_fe=0 cap_fver=0 cap_frootid=0OUID="root" OGID="root"
type=PROCTITLE msg=audit(1769928895.413:6896): proctitle=6D6B646972002D70002F746D702F686964735F6D616C6963696F7573
type=CRED_DISP msg=audit(1769929135.228:9798): pid=4826 uid=813 auid=961 ses=3 subj=unconfined msg='op=PAM:setcred grantors=pam_permit acct="root" exe="/usr/bin/python3" hostname=? addr=? terminal=/dev/pts/0 res=success'UID="heroic" AUID="heroic"
type=PATH msg=audit(1769928454.555:4552): item=0 name="/usr/bin/rm" inode=1577877 dev=8:2 mode=101121 ouid=0 ogid=0 rdev=0:0 nametype=NORMAL cap_fp=0 cap_fi=0 cap_fe=0 cap_fver=0 cap_frootid=0OUID="root" OGID="root"
type=CRED_DISP msg=audit(1769929327.729:9418): pid=5584 uid=1327 auid=995 ses=3 subj=unconfined msg='op=PAM:setcred grantors=pam_permit acct="root" exe="/usr/bin/netstat" hostname=? addr=? terminal=/dev/pts/0 res=success'UID="heroic" AUID="heroic"
type=PATH msg=audit(1769928571.1366:5888): item=1 name="/lib64/ld-linux-x86-64.so.2" inode=1575205 dev=8:2 mode=101087 ouid=0 ogid=0 rdev=0:0 nametype=NORMAL cap_fp=0 cap_fi=0 cap_fe=0 cap_fver=0 cap_frootid=0OUID="root" OGID="root"
type=PATH msg=audit(1769929021.1151:5187): item=0 name="/usr/bin/df" inode=1577838 dev=8:2 mode=100541 ouid=0 ogid=0 rdev=0:0 nametype=NORMAL cap_fp=0 cap_fi=0 cap_fe=0 cap_fver=0 cap_frootid=0OUID="root" OGID="root"
type=PATH msg=audit(1769929330.668:8413): item=1 name="/lib64/ld-linux-x86-64.so.2" inode=1575378 dev=8:2 mode=101001 ouid=0 ogid=0 rdev=0:0 nametype=NORMAL cap_fp=0 cap_fi=0 cap_fe=0 cap_fver=0 cap_frootid=0OUID="root" OGID="root"
type=EXECVE msg=audit(1769929160.1158:7637): argc=2 a0="dirname" a1="/usr/bin/lesspipe"
type=USER_ACCT msg=audit(1769928536.1123:7734): pid=4997 uid=0 auid=4294966803 ses=4294967323 subj=unconfined msg='op=PAM:accounting grantors=pam_permit,pam_localuser acct="root" exe="/usr/bin/df" hostname=? addr=? terminal=cron res=success'UID="root" AUID="unset"
type=SYSCALL msg=audit(1769928885.305:8051): arch=c000003e syscall=59 success=yes exit=0 a0=5da302dcc190 a1=5da302dc7480 a2=5da302dc08f0 a3=8 items=2 ppid=1424 pid=7911 auid=1036 uid=655 gid=1492 euid=1461 suid=637 fsuid=681 egid=728 sgid=923 fsgid=722 tty=pts0 ses=3 comm="tail" exe="/usr/bin/sort" subj=unconfined key="process_exec"ARCH=x86_64 SYSCALL=execve AUID="heroic" UID="heroic" GID="heroic" EUID="heroic" SUID="heroic" FSUID="heroic" EGID="heroic" SGID="heroic" FSGID="heroic"
type=SYSCALL msg=audit(1769928831.773:8640): arch=c000003e syscall=59 success=yes exit=0 a0=64e1754cf970 a1=64e1754cd650 a2=64e1754c38f0 a3=1 items=2 ppid=1949 pid=4180 auid=1254 uid=1351 gid=1118 euid=954 suid=1001 fsuid=1244 egid=1444 sgid=883 fsgid=1067 tty=pts0 ses=3 comm="sed" exe="/usr/bin/last" subj=unconfined key="process_exec"ARCH=x86_64 SYSCALL=execve AUID="heroic" UID="heroic" GID="heroic" EUID="heroic" SUID="heroic" FSUID="heroic" EGID="heroic" SGID="heroic" FSGID="heroic"
type=PATH msg=audit(1769928762.603:5748): item=0 name="/usr/bin/sudo" inode=1574753 dev=8:2 mode=105247 ouid=0 ogid=0 rdev=0:0 nametype=NORMAL cap_fp=0 cap_fi=0 cap_fe=0 cap_fver=0 cap_frootid=0OUID="root" OGID="root"
type=EXECVE msg=audit(1769928842.1176:5824): argc=58 a0="rm" a1="-f" a2="file_10.dat" a3="file_11.dat" a4="file_12.dat" a5="file_13.dat" a6="file_14.dat" a7="file_15.dat" a8="file_16.dat" a9="file_17.dat" a10="file_18.dat" a11="file_19.dat" a12="file_1.dat" a13="file_20.dat" a14="file_21.dat" a15="file_22.dat" a16="file_23.dat" a17="file_24.dat" a18="file_25.dat" a19="file_26.dat" a20="file_27.dat" a21="file_28.dat" a22="file_29.dat" a23="file_2.dat" a24="file_30.dat" a25="file_31.dat" a26="file_32.dat" a27="file_33.dat" a28="file_34.dat" a29="file_35.dat" a30="file_36.dat" a31="file_37.dat" a32="file_38.dat" a33="file_39.dat" a34="file_3.dat" a35="file_40.dat" a36="file_41.dat" a37="file_42.dat" a38="file_43.dat" a39="file_44.dat" a40="file_45.dat" a41="file_46.dat" a42="file_47.dat" a43="file_48.dat" a44="file_49.dat" a45="file_4.dat" a46="file_50.dat" a47="file_5.dat" a48="file_6.dat" a49="file_7.dat" a50="file_8.dat" a51="file_9.dat" a52="payload.sh" a53="recon.txt" a54="netstat.txt" a55="processes.txt" a56="sudo_enum.txt" a57="sudo_test.txt"
type=PATH msg=audit(1769929100.879:9987): item=1 name="/lib64/ld-linux-x86-64.so.2" inode=1575202 dev=8:2 mode=100806 ouid=0 ogid=0 rdev=0:0 nametype=NORMAL cap_fp=0 cap_fi=0 cap_fe=0 cap_fver=0 cap_frootid=0OUID="root" OGID="root"
type=PATH msg=audit(1769928646.645:8970): item=1 name="/lib64/ld-linux-x86-64.so.2" inode=1575485 dev=8:2 mode=100262 ouid=0 ogid=0 rdev=0:0 nametype=NORMAL cap_fp=0 cap_fi=0 cap_fe=0 cap_fver=0 cap_frootid=0OUID="root" OGID="root"
type=CWD msg=audit(1769928751.1222:8562): cwd="/home/heroic"
type=SYSCALL msg=audit(1769928462.329:9258): arch=c000003e syscall=59 success=yes exit=0 a0=5dfa5a7beb00 a1=5dfa5a7beb20 a2=5dfa5a7907a0 a3=5dfa5a7bf120 items=2 ppid=4081 pid=3573 auid=745 uid=0 gid=0 euid=0 suid=0 fsuid=0 egid=0 sgid=0 fsgid=0 tty=pts1 ses=5 comm="df" exe="/usr/bin/sed" subj=unconfined key="process_exec"ARCH=x86_64 SYSCALL=execve AUID="heroic" UID="root" GID="root" EUID="root" SUID="root" FSUID="root" EGID="root" SGID="root" FSGID="root"
type=SYSCALL msg=audit(1769929293.239:8639): arch=c000003e syscall=59 success=yes exit=0 a0=5da302dcd3b0 a1=5da302dcc280 a2=5da302dc08f0 a3=5da302dcd390 items=2 ppid=2709 pid=8850 auid=632 uid=754 gid=1435 euid=1075 suid=1240 fsuid=1058 egid=589 sgid=1331 fsgid=565 tty=pts0 ses=3 comm="sort" exe="/usr/bin/tail" subj=unconfined key="process_exec"ARCH=x86_64 SYSCALL=execve AUID="heroic" UID="heroic" GID="heroic" EUID="heroic" SUID="heroic" FSUID="heroic" EGID="heroic" SGID="heroic" FSGID="heroic"
type=SYSCALL msg=audit(1769929389.336:6489): arch=c000003e syscall=691 success=yes exit=0 a0=ffffff9c a1=62d740ac04a0 a2=0 a3=62d740ac1900 items=2 ppid=8618 pid=4857 auid=1465 uid=0 gid=0 euid=0 suid=0 fsuid=0 egid=0 sgid=0 fsgid=0 tty=pts4 ses=3 comm="netstat" exe="/usr/bin/sudo" subj=unconfined key="persistence"ARCH=x86_64 SYSCALL=unlinkat AUID="heroic" UID="root" GID="root" EUID="root" SUID="root" FSUID="root" EGID="root" SGID="root" FSGID="root"
type=PATH msg=audit(1769928496.798:6368): item=0 name="/usr/bin/gpgconf" inode=1575013 dev=8:2 mode=100678 ouid=0 ogid=0 rdev=0:0 nametype=NORMAL cap_fp=0 cap_fi=0 cap_fe=0 cap_fver=0 cap_frootid=0OUID="root" OGID="root"
type=SYSCALL msg=audit(1769929172.490:8090): arch=c000003e syscall=59 success=yes exit=0 a0=64e1754cf870 a1=64e1754d1870 a2=64e1754c38f0 a3=64e1754cf190 items=2 ppid=1190 pid=3095 auid=651 uid=960 gid=905 euid=719 suid=525 fsuid=1016 egid=1205 sgid=655 fsgid=907 tty=pts0 ses=3 comm="ss" exe="/usr/bin/df" subj=unconfined key="process_exec"ARCH=x86_64 SYSCALL=execve AUID="heroic" UID="heroic" GID="heroic" EUID="heroic" SUID="heroic" FSUID="heroic" EGID="heroic" SGID="heroic" FSGID="heroic"
type=PATH msg=audit(1769928523.4:8641): item=1 name="/lib64/ld-linux-x86-64.so.2" inode=1575382 dev=8:2 mode=100302 ouid=0 ogid=0 rdev=0:0 nametype=NORMAL cap_fp=0 cap_fi=0 cap_fe=0 cap_fver=0 cap_frootid=0OUID="root" OGID="root"
type=EXECVE msg=audit(1769928995.381:5146): argc=2 a0="sudo" a1="-l"
type=SYSCALL msg=audit(1769929211.739:5746): arch=c000003e syscall=59 success=yes exit=0 a0=7ffd2e5d34c0 a1=7ffd2e5d34e0 a2=7ffd2e5d3fd0 a3=8 items=2 ppid=1655 pid=3268 auid=4294967486 uid=0 gid=0 euid=0 suid=0 fsuid=0 egid=0 sgid=0 fsgid=0 tty=(none) ses=4294967167 comm="tail" exe="/usr/bin/sed" subj=unconfined key="process_exec"ARCH=x86_64 SYSCALL=execve AUID="unset" UID="root" GID="root" EUID="root" SUID="root" FSUID="root" EGID="root" SGID="root" FSGID="root"
type=EXECVE msg=audit(1769928640.52:6983): argc=3 a0="/bin/sh" a1="-c" a2=636F6D6D616E64202D762064656269616E2D736131203E202F6465762F6E756C6C2026262064656269616E2D73613120312031
type=PROCTITLE msg=audit(1769928473.316:7734): proctitle=726D002D66002F6574632F63726F6E2E642F686964735F70657273697374
type=PATH msg=audit(1769929298.312:6961): item=1 name="/lib64/ld-linux-x86-64.so.2" inode=1575698 dev=8:2 mode=100612 ouid=0 ogid=0 rdev=0:0 nametype=NORMAL cap_fp=0 cap_fi=0 cap_fe=0 cap_fver=0 cap_frootid=0OUID="root" OGID="root"
type=USER_ACCT msg=audit(1769929029.557:8621): pid=3643 uid=540 auid=1405 ses=3 subj=unconfined msg='op=PAM:accounting grantors=pam_permit,pam_localuser acct="heroic" exe="/usr/bin/df" hostname=? addr=? terminal=/dev/pts/0 res=success'UID="heroic" AUID="heroic"
type=CWD msg=audit(1769929344.259:6196): cwd="/usr/local/bin"
type=USER_ACCT msg=audit(1769929203.568:6616): pid=5387 uid=1344 auid=670 ses=3 subj=unconfined msg='op=PAM:accounting grantors=pam_permit,pam_localuser acct="heroic" exe="/usr/bin/python3" hostname=? addr=? terminal=/dev/pts/0 res=success'UID="heroic" AUID="heroic"
type=PROCTITLE msg=audit(1769929335.335:5965): proctitle=736C656570003930
type=PATH msg=audit(1769928413.588:9684): item=1 name="/lib64/ld-linux-x86-64.so.2" inode=1575477 dev=8:2 mode=100896 ouid=0 ogid=0 rdev=0:0 nametype=NORMAL cap_fp=0 cap_fi=0 cap_fe=0 cap_fver=0 cap_frootid=0OUID="root" OGID="root"
type=SYSCALL msg=audit(1769929045.1165:4193): arch=c000003e syscall=59 success=yes exit=0 a0=575c1f257f08 a1=575be3050600 a2=575c1f257d98 a3=1 items=2 ppid=8040 pid=8231 auid=1047 uid=1105 gid=643 euid=531 suid=1005 fsuid=1399 egid=1480 sgid=856 fsgid=1468 tty=pts2 ses=5 comm="sudo" exe="/usr/bin/last" subj=unconfined key="process_exec"ARCH=x86_64 SYSCALL=execve AUID="heroic" UID="heroic" GID="heroic" EUID="heroic" SUID="heroic" FSUID="heroic" EGID="heroic" SGID="heroic" FSGID="heroic"
type=PATH msg=audit(1769928818.854:4258): item=0 name="/usr/bin/lesspipe" inode=1573569 dev=8:2 mode=101004 ouid=0 ogid=0 rdev=0:0 nametype=NORMAL cap_fp=0 cap_fi=0 cap_fe=0 cap_fver=0 cap_frootid=0OUID="root" OGID="root"
type=CWD msg=audit(1769928503.1029:7487): cwd="/tmp"
type=PATH msg=audit(1769929062.1128:8026): item=0 name="/usr/bin/rmdir" inode=1578440 dev=8:2 mode=100419 ouid=0 ogid=0 rdev=0:0 nametype=NORMAL cap_fp=0 cap_fi=0 cap_fe=0 cap_fver=0 cap_frootid=0OUID="root" OGID="root"
type=PROCTITLE msg=audit(1769929141.457:4864): proctitle=6D6B646972002D70002F746D702F686964735F6D616C6963696F7573
type=SYSCALL msg=audit(1769928560.495:8827): arch=c000003e syscall=59 success=yes exit=0 a0=620b92f1a148 a1=620b92f1a228 a2=620b92f1a270 a3=0 items=2 ppid=7164 pid=5786 auid=4294967206 uid=0 gid=0 euid=0 suid=0 fsuid=0 egid=0 sgid=0 fsgid=0 tty=(none) ses=4294967328 comm="python" exe="/usr/bin/df" subj=unconfined key="process_exec"ARCH=x86_64 SYSCALL=execve AUID="unset" UID="root" GID="root" EUID="root" SUID="root" FSUID="root" EGID="root" SGID="root" FSGID="root"
type=PATH msg=audit(1769929022.27:4846): item=0 name="/usr/bin/sudo" inode=1574612 dev=8:2 mode=104955 ouid=0 ogid=0 rdev=0:0 nametype=NORMAL cap_fp=0 cap_fi=0 cap_fe=0 cap_fver=0 cap_frootid=0OUID="root" OGID="root"
type=USER_END msg=audit(1769928977.466:8747): pid=8296 uid=505 auid=1333 ses=3 subj=unconfined msg='op=PAM:session_close grantors=pam_limits,pam_env,pam_env,pam_permit,pam_umask,pam_unix acct="root" exe="/bin/sh" hostname=? addr=? terminal=/dev/pts/0 res=success'UID="heroic" AUID="heroic"
type=EXECVE msg=audit(1769929215.675:6458): argc=4 a0="sudo" a1="cp" a2="/var/log/audit/audit.log" a3="/root/Desktop/hids_dataset/raw/malicious_remote.log"
type=PATH msg=audit(1769928808.151:8996): item=1 name="/lib64/ld-linux-x86-64.so.2" inode=1575673 dev=8:2 mode=100268 ouid=0 ogid=0 rdev=0:0 nametype=NORMAL cap_fp=0 cap_fi=0 cap_fe=0 cap_fver=0 cap_frootid=0OUID="root" OGID="root"
type=USER_END msg=audit(1769929409.520:8842): pid=6432 uid=859 auid=531 ses=3 subj=unconfined msg='op=PAM:session_close grantors=pam_limits,pam_env,pam_env,pam_permit,pam_umask,pam_unix acct="root" exe="/usr/bin/tail" hostname=? addr=? terminal=/dev/pts/0 res=success'UID="heroic" AUID="heroic"
type=USER_CMD msg=audit(1769928445.887:9360): pid=1453 uid=613 auid=813 ses=3 subj=unconfined msg='cwd="/tmp" cmd=726D202D66202F6574632F63726F6E2E642F686964735F70657273697374 exe="/usr/bin/tail" terminal=pts/0 res=success'UID="heroic" AUID="heroic"
type=SYSCALL msg=audit(1769929315.604:4577): arch=c000003e syscall=352 success=yes exit=3 a0=ffffff9c a1=7ffe0923872c a2=117 a3=1b6 items=2 ppid=9352 pid=6770 auid=1248 uid=0 gid=0 euid=0 suid=0 fsuid=0 egid=0 sgid=0 fsgid=0 tty=pts3 ses=3 comm="sudo" exe="/bin/sh" subj=unconfined key="persistence"ARCH=x86_64 SYSCALL=openat AUID="heroic" UID="root" GID="root" EUID="root" SUID="root" FSUID="root" EGID="root" SGID="root" FSGID="root"
type=CWD msg=audit(1769929292.640:5938): cwd="/root"
type=PATH msg=audit(1769929214.301:6023): item=1 name="/lib64/ld-linux-x86-64.so.2" inode=1575210 dev=8:2 mode=100750 ouid=0 ogid=0 rdev=0:0 nametype=NORMAL cap_fp=0 cap_fi=0 cap_fe=0 cap_fver=0 cap_frootid=0OUID="root" OGID="root"
type=CWD msg=audit(1769929354.1013:6194): cwd="/root"
type=CWD msg=audit(1769928481.1093:9285): cwd="/var/ossec"
type=USER_ACCT msg=audit(1769928621.412:6899): pid=6677 uid=860 auid=1494 ses=3 subj=unconfined msg='op=PAM:accounting grantors=pam_permit,pam_localuser acct="heroic" exe="/usr/bin/sed" hostname=? addr=? terminal=/dev/pts/0 res=success'UID="heroic" AUID="heroic"
type=PROCTITLE msg=audit(1769928609.843:7379): proctitle=726D002D66002F6574632F63726F6E2E642F686964735F70657273697374
type=CWD msg=audit(1769929298.1427:6157): cwd=2F746D702F686964735F6D616C6963696F7573202864656C6574656429
type=CRED_DISP msg=audit(1769929002.235:5257): pid=8468 uid=1022 auid=835 ses=3 subj=unconfined msg='op=PAM:setcred grantors=pam_permit acct="root" exe="/usr/bin/df" hostname=? addr=? terminal=/dev/pts/0 res=success'UID="heroic" AUID="heroic"
type=SYSCALL msg=audit(1769929069.525:4303): arch=c000003e syscall=59 success=yes exit=0 a0=5da302dccc70 a1=5da302dc7900 a2=5da302dc08f0 a3=5da302dccf70 items=2 ppid=2093 pid=8954 auid=626 uid=784 gid=714 euid=0 suid=0 fsuid=0 egid=1112 sgid=588 fsgid=527 tty=pts0 ses=3 comm="ss" exe="/bin/sh" subj=unconfined key="process_exec"ARCH=x86_64 SYSCALL=execve AUID="heroic" UID="heroic" GID="heroic" EUID="root" SUID="root" FSUID="root" EGID="heroic" SGID="heroic" FSGID="heroic"
type=PROCTITLE msg=audit(1769928710.930:6457): proctitle=7375646F00726D002D66002F6574632F63726F6E2E642F686964735F70657273697374
type=PROCTITLE msg=audit(1769928415.568:3671): proctitle="id"
type=EXECVE msg=audit(1769928426.684:5126): argc=58 a0="rm" a1="-f" a2="file_10.dat" a3="file_11.dat" a4="file_12.dat" a5="file_13.dat" a6="file_14.dat" a7="file_15.dat" a8="file_16.dat" a9="file_17.dat" a10="file_18.dat" a11="file_19.dat" a12="file_1.dat" a13="file_20.dat" a14="file_21.dat" a15="file_22.dat" a16="file_23.dat" a17="file_24.dat" a18="file_25.dat" a19="file_26.dat" a20="file_27.dat" a21="file_28.dat" a22="file_29.dat" a23="file_2.dat" a24="file_30.dat" a25="file_31.dat" a26="file_32.dat" a27="file_33.dat" a28="file_34.dat" a29="file_35.dat" a30="file_36.dat" a31="file_37.dat" a32="file_38.dat" a33="file_39.dat" a34="file_3.dat" a35="file_40.dat" a36="file_41.dat" a37="file_42.dat" a38="file_43.dat" a39="file_44.dat" a40="file_45.dat" a41="file_46.dat" a42="file_47.dat" a43="file_48.dat" a44="file_49.dat" a45="file_4.dat" a46="file_50.dat" a47="file_5.dat" a48="file_6.dat" a49="file_7.dat" a50="file_8.dat" a51="file_9.dat" a52="payload.sh" a53="recon.txt" a54="netstat.txt" a55="processes.txt" a56="sudo_enum.txt" a57="sudo_test.txt"
type=PROCTITLE msg=audit(1769928967.672:4871): proctitle=746565002F6574632F63726F6E2E642F686964735F70657273697374
type=PATH msg=audit(1769929027.765:4807): item=1 name="/lib64/ld-linux-x86-64.so.2" inode=1575282 dev=8:2 mode=100938 ouid=0 ogid=0 rdev=0:0 nametype=NORMAL cap_fp=0 cap_fi=0 cap_fe=0 cap_fver=0 cap_frootid=0OUID="root" OGID="root"
type=BPRM_FCAPS msg=audit(1769928809.495:5489): fver=0 fp=0 fi=0 fe=0 old_pp=000001fffffeffff old_pi=0 old_pe=000001fffffeffff old_pa=0 pp=000001fffffeffff pi=0 pe=000001fffffeffff pa=0 frootid=0
type=EXECVE msg=audit(1769928672.12:4331): argc=4 a0="sort" a1="-k" a2="4" a3="-g"
type=PROCTITLE msg=audit(1769929002.432:8964): proctitle=7375646F0077686F616D69
type=EXECVE msg=audit(1769929034.95:7854): argc=2 a0="ps" a1="aux"
type=PATH msg=audit(1769928645.1218:6697): item=1 name="/lib64/ld-linux-x86-64.so.2" inode=1575633 dev=8:2 mode=100430 ouid=0 ogid=0 rdev=0:0 nametype=NORMAL cap_fp=0 cap_fi=0 cap_fe=0 cap_fver=0 cap_frootid=0OUID="root" OGID="root"
type=BPRM_FCAPS msg=audit(1769928803.602:6446): fver=0 fp=0 fi=0 fe=0 old_pp=000001ffffffffff old_pi=0 old_pe=000001ffffffffff old_pa=0 pp=000001f3fdfeffff pi=0 pe=000001f3fdfeffff pa=0 frootid=0
type=EXECVE msg=audit(1769928740.782:5967): argc=3 a0="mkdir" a1="-p" a2="/tmp/hids_malicious"
type=USER_END msg=audit(1769929211.1131:8791): pid=5323 uid=1309 auid=902 ses=3 subj=unconfined msg='op=PAM:session_close grantors=pam_limits,pam_env,pam_env,pam_permit,pam_umask,pam_unix acct="root" exe="/usr/bin/sort" hostname=? addr=? terminal=/dev/pts/0 res=success'UID="heroic" AUID="heroic"
type=EXECVE msg=audit(1769928488.475:8952): argc=3 a0="rm" a1="-f" a2="/etc/cron.d/hids_persist"
type=PATH msg=audit(1769929039.463:6322): item=1 name="/lib64/ld-linux-x86-64.so.2" inode=1575509 dev=8:2 mode=101065 ouid=0 ogid=0 rdev=0:0 nametype=NORMAL cap_fp=0 cap_fi=0 cap_fe=0 cap_fver=0 cap_frootid=0OUID="root" OGID="root"
type=USER_END msg=audit(1769928671.139:8296): pid=3662 uid=596 auid=1003 ses=3 subj=unconfined msg='op=PAM:session_close grantors=pam_limits,pam_env,pam_env,pam_permit,pam_umask,pam_unix acct="root" exe="/usr/bin/sort" hostname=? addr=? terminal=/dev/pts/0 res=success'UID="heroic" AUID="heroic"
type=CWD msg=audit(1769929390.598:8318): cwd="/root"
type=CRED_REFR msg=audit(1769928806.230:7243): pid=2497 uid=0 auid=0 ses=9 subj=unconfined msg='op=PAM:setcred grantors=pam_permit,pam_cap acct="root" exe="/bin/sh" hostname=? addr=? terminal=cron res=success'UID="root" AUID="root"
type=PATH msg=audit(1769929251.604:8249): item=1 name="/etc/cron.d/hids_persist" inode=1704413 dev=8:2 mode=100506 ouid=0 ogid=0 rdev=0:0 nametype=CREATE cap_fp=0 cap_fi=0 cap_fe=0 cap_fver=0 cap_frootid=0OUID="root" OGID="root"
type=SYSCALL msg=audit(1769928538.603:6964): arch=c000003e syscall=59 success=yes exit=0 a0=5e8dd7c3ce30 a1=5e8dd7c44ca0 a2=5e8dd7c3c820 a3=8 items=2 ppid=2125 pid=4381 auid=721 uid=0 gid=0 euid=0 suid=0 fsuid=0 egid=0 sgid=0 fsgid=0 tty=pts4 ses=3 comm="python" exe="/usr/bin/sed" subj=unconfined key="process_exec"ARCH=x86_64 SYSCALL=execve AUID="heroic" UID="root" GID="root" EUID="root" SUID="root" FSUID="root" EGID="root" SGID="root" FSGID="root"
type=CRED_DISP msg=audit(1769928926.261:6342): pid=4858 uid=789 auid=610 ses=3 subj=unconfined msg='op=PAM:setcred grantors=pam_permit acct="root" exe="/usr/bin/netstat" hostname=? addr=? terminal=/dev/pts/0 res=success'UID="heroic" AUID="heroic"
type=PATH msg=audit(1769929139.1261:7870): item=1 name="/lib64/ld-linux-x86-64.so.2" inode=1575683 dev=8:2 mode=100397 ouid=0 ogid=0 rdev=0:0 nametype=NORMAL cap_fp=0 cap_fi=0 cap_fe=0 cap_fver=0 cap_frootid=0OUID="root" OGID="root"
type=SYSCALL msg=audit(1769928476.592:8354): arch=c000003e syscall=59 success=yes exit=0 a0=64e1754d0390 a1=64e1754cb7e0 a2=64e1754c38f0 a3=64e1754cb7e0 items=2 ppid=5367 pid=8350 auid=824 uid=1323 gid=1035 euid=1040 suid=714 fsuid=748 egid=1378 sgid=1179 fsgid=1161 tty=pts0 ses=3 comm="ss" exe="/usr/bin/last" subj=unconfined key="process_exec"ARCH=x86_64 SYSCALL=execve AUID="heroic" UID="heroic" GID="heroic" EUID="heroic" SUID="heroic" FSUID="heroic" EGID="heroic" SGID="heroic" FSGID="heroic"
type=PATH msg=audit(1769928724.234:8479): item=0 name="/usr/bin/whoami" inode=1578287 dev=8:2 mode=100654 ouid=0 ogid=0 rdev=0:0 nametype=NORMAL cap_fp=0 cap_fi=0 cap_fe=0 cap_fver=0 cap_frootid=0OUID="root" OGID="root"
type=USER_START msg=audit(1769928763.649:5263): pid=5004 uid=741 auid=820 ses=3 subj=unconfined msg='op=PAM:session_open grantors=pam_limits,pam_env,pam_env,pam_permit,pam_umask,pam_unix acct="root" exe="/usr/bin/df" hostname=? addr=? terminal=/dev/pts/0 res=success'UID="heroic" AUID="heroic"
type=SYSCALL msg=audit(1769928964.789:9409): arch=c000003e syscall=59 success=yes exit=0 a0=5bf3963dc5c0 a1=5bf3963dc560 a2=5bf3963dc580 a3=8 items=2 ppid=4425 pid=6927 auid=0 uid=0 gid=0 euid=0 suid=0 fsuid=0 egid=0 sgid=0 fsgid=0 tty=(none) ses=5 comm="last" exe="/usr/bin/df" subj=unconfined key="process_exec"ARCH=x86_64 SYSCALL=execve AUID="root" UID="root" GID="root" EUID="root" SUID="root" FSUID="root" EGID="root" SGID="root" FSGID="root"
type=EXECVE msg=audit(1769929382.625:8397): argc=3 a0="chmod" a1="+x" a2="payload.sh"
type=SYSCALL msg=audit(1769929274.773:4038): arch=c000003e syscall=59 success=yes exit=0 a0=64e1754cf3d0 a1=64e1754cb960 a2=64e1754c38f0 a3=64e1754cb7e0 items=2 ppid=5352 pid=2978 auid=935 uid=1234 gid=632 euid=901 suid=618 fsuid=1293 egid=742 sgid=639 fsgid=1195 tty=pts0 ses=3 comm="python" exe="/bin/sh" subj=unconfined key="process_exec"ARCH=x86_64 SYSCALL=execve AUID="heroic" UID="heroic" GID="heroic" EUID="heroic" SUID="heroic" FSUID="heroic" EGID="heroic" SGID="heroic" FSGID="heroic"
type=PATH msg=audit(1769929109.1104:4925): item=1 name="/lib64/ld-linux-x86-64.so.2" inode=1575176 dev=8:2 mode=100958 ouid=0 ogid=0 rdev=0:0 nametype=NORMAL cap_fp=0 cap_fi=0 cap_fe=0 cap_fver=0 cap_frootid=0OUID="root" OGID="root"
type=PROCTITLE msg=audit(1769928761.305:8380): proctitle="id"
type=PATH msg=audit(1769929087.1152:7248): item=0 name="/usr/bin/sed" inode=1574347 dev=8:2 mode=100449 ouid=0 ogid=0 rdev=0:0 nametype=NORMAL cap_fp=0 cap_fi=0 cap_fe=0 cap_fver=0 cap_frootid=0OUID="root" OGID="root"
type=PATH msg=audit(1769929371.35:6832): item=0 name="/usr/bin/bash" inode=1573063 dev=8:2 mode=100340 ouid=0 ogid=0 rdev=0:0 nametype=NORMAL cap_fp=0 cap_fi=0 cap_fe=0 cap_fver=0 cap_frootid=0OUID="root" OGID="root"
type=USER_CMD msg=audit(1769929174.708:4575): pid=4689 uid=0 auid=531 ses=5 subj=unconfined msg='cwd="/home/heroic" cmd=7461696C202D66202F7661722F6C6F672F61756469742F61756469742E6C6F67 exe="/usr/bin/sudo" terminal=pts/1 res=success'UID="root" AUID="heroic"
type=CWD msg=audit(1769929403.597:5483): cwd=2F746D702F686964735F6D616C6963696F7573202864656C6574656429
type=USER_END msg=audit(1769928827.269:4187): pid=1081 uid=1274 auid=1307 ses=3 subj=unconfined msg='op=PAM:session_close grantors=pam_limits,pam_env,pam_env,pam_permit,pam_umask,pam_unix acct="root" exe="/usr/bin/sed" hostname=? addr=? terminal=/dev/pts/0 res=success'UID="heroic" AUID="heroic"
type=CWD msg=audit(1769928814.500:6280): cwd="/var/ossec"
type=PROCTITLE msg=audit(1769929374.68:5229): proctitle=746565002F6574632F63726F6E2E642F686964735F70657273697374
type=PATH msg=audit(1769928424.708:3706): item=1 name="/lib64/ld-linux-x86-64.so.2" inode=1574891 dev=8:2 mode=100677 ouid=0 ogid=0 rdev=0:0 nametype=NORMAL cap_fp=0 cap_fi=0 cap_fe=0 cap_fver=0 cap_frootid=0OUID="root" OGID="root"
type=SYSCALL msg=audit(1769928851.246:7991): arch=c000003e syscall=59 success=yes exit=0 a0=5da302dc6e20 a1=5da302dc78d0 a2=5da302dc08f0 a3=8 items=2 ppid=3360 pid=2608 auid=1170 uid=1467 gid=617 euid=1121 suid=769 fsuid=513 egid=646 sgid=940 fsgid=715 tty=pts0 ses=3 comm="python" exe="/usr/bin/netstat" subj=unconfined key="process_exec"ARCH=x86_64 SYSCALL=execve AUID="heroic" UID="heroic" GID="heroic" EUID="heroic" SUID="heroic" FSUID="heroic" EGID="heroic" SGID="heroic" FSGID="heroic"
type=EXECVE msg=audit(1769928958.689:5998): argc=3 a0="curl" a1="-s" a2="file:///tmp/hids_malicious/payload.sh"
type=EXECVE msg=audit(1769928412.903:7930): argc=1 a0="groups"
type=EXECVE msg=audit(1769928532.567:6181): argc=2 a0="uname" a1="-a"
type=PROCTITLE msg=audit(1769929384.39:5926): proctitle="id"
type=EXECVE msg=audit(1769928526.44:9305): argc=2 a0="ss" a1="-tulnp"
type=PATH msg=audit(1769928849.844:7974): item=1 name="/lib64/ld-linux-x86-64.so.2" inode=1575669 dev=8:2 mode=100617 ouid=0 ogid=0 rdev=0:0 nametype=NORMAL cap_fp=0 cap_fi=0 cap_fe=0 cap_fver=0 cap_frootid=0OUID="root" OGID="root"
type=PATH msg=audit(1769929390.354:9630): item=0 name="/usr/bin/ps" inode=1573727 dev=8:2 mode=100923 ouid=0 ogid=0 rdev=0:0 nametype=NORMAL cap_fp=0 cap_fi=0 cap_fe=0 cap_fver=0 cap_frootid=0OUID="root" OGID="root"
type=USER_END msg=audit(1769928705.354:6076): pid=6117 uid=1285 auid=555 ses=3 subj=unconfined msg='op=PAM:session_close grantors=pam_limits,pam_env,pam_env,pam_permit,pam_umask,pam_unix acct="root" exe="/usr/bin/netstat" hostname=? addr=? terminal=/dev/pts/0 res=success'UID="heroic" AUID="heroic"
type=CWD msg=audit(1769928892.475:8957): cwd=2F746D702F686964735F6D616C6963696F7573202864656C6574656429
type=PATH msg=audit(1769928908.530:7393): item=1 name="/lib64/ld-linux-x86-64.so.2" inode=1575691 dev=8:2 mode=100486 ouid=0 ogid=0 rdev=0:0 nametype=NORMAL cap_fp=0 cap_fi=0 cap_fe=0 cap_fver=0 cap_frootid=0OUID="root" OGID="root"
type=SYSCALL msg=audit(1769928587.593:5723): arch=c000003e syscall=59 success=yes exit=0 a0=64e1754cd1d0 a1=64e1754cd310 a2=64e1754c38f0 a3=8 items=2 ppid=8047 pid=9501 auid=1032 uid=1276 gid=1080 euid=1395 suid=1090 fsuid=871 egid=545 sgid=1193 fsgid=1098 tty=pts0 ses=3 comm="sh" exe="/usr/bin/sed" subj=unconfined key="process_exec"ARCH=x86_64 SYSCALL=execve AUID="heroic" UID="heroic" GID="heroic" EUID="heroic" SUID="heroic" FSUID="heroic" EGID="heroic" SGID="heroic" FSGID="heroic"
type=CWD msg=audit(1769928416.36:7122): cwd="/tmp"
type=PATH msg=audit(1769929283.665:6274): item=0 name="/usr/bin/rm" inode=1577929 dev=8:2 mode=100716 ouid=0 ogid=0 rdev=0:0 nametype=NORMAL cap_fp=0 cap_fi=0 cap_fe=0 cap_fver=0 cap_frootid=0OUID="root" OGID="root"
type=PROCTITLE msg=audit(1769928761.1013:6612): proctitle=726D002D66002F6574632F63726F6E2E642F686964735F70657273697374
type=USER_CMD msg=audit(1769929353.460:7471): pid=1924 uid=1472 auid=1051 ses=3 subj=unconfined msg='cwd="/usr/local/bin" cmd=746565202F6574632F63726F6E2E642F686964735F70657273697374 exe="/usr/bin/sudo" terminal=pts/0 res=success'UID="heroic" AUID="heroic"
type=PROCTITLE msg=audit(1769928739.918:5757): proctitle=2F7573722F6C69622F73797374656D642F73797374656D642D6578656375746F72002D2D646573657269616C697A6500313139002D2D6C6F672D6C6576656C00696E666F002D2D6C6F672D746172676574006A6F75726E616C2D6F722D6B6D7367
type=PATH msg=audit(1769929051.318:5705): item=2 name="/lib64/ld-linux-x86-64.so.2" inode=1575370 dev=8:2 mode=100334 ouid=0 ogid=0 rdev=0:0 nametype=NORMAL cap_fp=0 cap_fi=0 cap_fe=0 cap_fver=0 cap_frootid=0OUID="root" OGID="root"
type=SYSCALL msg=audit(1769929110.121:9638): arch=c000003e syscall=59 success=yes exit=0 a0=64e1754ca420 a1=64e1754cb980 a2=64e1754c38f0 a3=64e1754cb980 items=2 ppid=2564 pid=7193 auid=511 uid=1436 gid=582 euid=0 suid=0 fsuid=0 egid=1180 sgid=574 fsgid=603 tty=pts0 ses=3 comm="last" exe="/usr/bin/python3" subj=unconfined key="process_exec"ARCH=x86_64 SYSCALL=execve AUID="heroic" UID="heroic" GID="heroic" EUID="root" SUID="root" FSUID="root" EGID="heroic" SGID="heroic" FSGID="heroic"
type=SYSCALL msg=audit(1769928697.283:3744): arch=c000003e syscall=59 success=yes exit=0 a0=64e1754c9e20 a1=64e1754ca8d0 a2=64e1754c38f0 a3=8 items=2 ppid=5715 pid=9264 auid=524 uid=852 gid=665 euid=578 suid=576 fsuid=1443 egid=676 sgid=1064 fsgid=1040 tty=pts0 ses=3 comm="sort" exe="/usr/bin/sort" subj=unconfined key="process_exec"ARCH=x86_64 SYSCALL=execve AUID="heroic" UID="heroic" GID="heroic" EUID="heroic" SUID="heroic" FSUID="heroic" EGID="heroic" SGID="heroic" FSGID="heroic"
type=PROCTITLE msg=audit(1769929314.107:8282): proctitle=726D646972002F746D702F686964735F6D616C6963696F7573
type=USER_END msg=audit(1769929071.682:7608): pid=8296 uid=1412 auid=612 ses=3 subj=unconfined msg='op=PAM:session_close grantors=pam_limits,pam_env,pam_env,pam_permit,pam_umask,pam_unix acct="root" exe="/usr/bin/tail" hostname=? addr=? terminal=/dev/pts/0 res=success'UID="heroic" AUID="heroic"
type=PATH msg=audit(1769928586.530:4538): item=0 name="/usr/bin/mkdir" inode=1578121 dev=8:2 mode=101213 ouid=0 ogid=0 rdev=0:0 nametype=NORMAL cap_fp=0 cap_fi=0 cap_fe=0 cap_fver=0 cap_frootid=0OUID="root" OGID="root"
type=PROCTITLE msg=audit(1769929394.727:9036): proctitle=726D646972002F746D702F686964735F6D616C6963696F7573
type=SYSCALL msg=audit(1769929328.1111:9351): arch=c000003e syscall=59 success=yes exit=0 a0=5da302dc9bc0 a1=5da302dc08a0 a2=5da302dc08f0 a3=5da302dc08a0 items=2 ppid=6763 pid=6568 auid=861 uid=1326 gid=1176 euid=1200 suid=1187 fsuid=735 egid=844 sgid=1016 fsgid=982 tty=pts0 ses=3 comm="df" exe="/bin/sh" subj=unconfined key="process_exec"ARCH=x86_64 SYSCALL=execve AUID="heroic" UID="heroic" GID="heroic" EUID="heroic" SUID="heroic" FSUID="heroic" EGID="heroic" SGID="heroic" FSGID="heroic"
type=SYSCALL msg=audit(1769928492.387:9052): arch=c000003e syscall=59 success=yes exit=0 a0=7ffd2e5d34c0 a1=7ffd2e5d34e0 a2=7ffd2e5d3fd0 a3=8 items=2 ppid=6290 pid=2805 auid=4294967245 uid=0 gid=0 euid=0 suid=0 fsuid=0 egid=0 sgid=0 fsgid=0 tty=(none) ses=4294967042 comm="python" exe="/usr/bin/df" subj=unconfined key="process_exec"ARCH=x86_64 SYSCALL=execve AUID="unset" UID="root" GID="root" EUID="root" SUID="root" FSUID="root" EGID="root" SGID="root" FSGID="root"
type=CWD msg=audit(1769928642.240:8884): cwd="/root"
type=PATH msg=audit(1769928870.777:8118): item=1 name="/lib64/ld-linux-x86-64.so.2" inode=1575128 dev=8:2 mode=101223 ouid=0 ogid=0 rdev=0:0 nametype=NORMAL cap_fp=0 cap_fi=0 cap_fe=0 cap_fver=0 cap_frootid=0OUID="root" OGID="root"
type=SYSCALL msg=audit(1769928708.1082:5593): arch=c000003e syscall=59 success=yes exit=0 a0=5da302dccf30 a1=5da302dccf10 a2=5da302dc08f0 a3=5da302dccf10 items=2 ppid=8345 pid=4323 auid=1427 uid=763 gid=1159 euid=0 suid=0 fsuid=0 egid=1437 sgid=1442 fsgid=834 tty=pts0 ses=3 comm="sudo" exe="/bin/sh" subj=unconfined key="process_exec"ARCH=x86_64 SYSCALL=execve AUID="heroic" UID="heroic" GID="heroic" EUID="root" SUID="root" FSUID="root" EGID="heroic" SGID="heroic" FSGID="heroic"
type=EXECVE msg=audit(1769928515.342:8670): argc=2 a0="sleep" a1="90"
type=SYSCALL msg=audit(1769928426.572:8715): arch=c000003e syscall=59 success=yes exit=0 a0=5da302dc6e20 a1=5da302dc78d0 a2=5da302dc08f0 a3=8 items=2 ppid=9130 pid=6824 auid=959 uid=531 gid=690 euid=694 suid=1024 fsuid=511 egid=609 sgid=1176 fsgid=781 tty=pts0 ses=3 comm="last" exe="/bin/sh" subj=unconfined key="process_exec"ARCH=x86_64 SYSCALL=execve AUID="heroic" UID="heroic" GID="heroic" EUID="heroic" SUID="heroic" FSUID="heroic" EGID="heroic" SGID="heroic" FSGID="heroic"
type=USER_CMD msg=audit(1769928853.494:5032): pid=6296 uid=1209 auid=625 ses=3 subj=unconfined msg='cwd="/usr/local/bin" cmd=746565202F6574632F63726F6E2E642F686964735F70657273697374 exe="/bin/sh" terminal=pts/0 res=success'UID="heroic" AUID="heroic"
type=PATH msg=audit(1769928505.1063:6267): item=1 name="/lib64/ld-linux-x86-64.so.2" inode=1575573 dev=8:2 mode=101029 ouid=0 ogid=0 rdev=0:0 nametype=NORMAL cap_fp=0 cap_fi=0 cap_fe=0 cap_fver=0 cap_frootid=0OUID="root" OGID="root"
type=PATH msg=audit(1769928492.976:4682): item=0 name="/usr/bin/sudo" inode=1574763 dev=8:2 mode=104380 ouid=0 ogid=0 rdev=0:0 nametype=NORMAL cap_fp=0 cap_fi=0 cap_fe=0 cap_fver=0 cap_frootid=0OUID="root" OGID="root"
type=CWD msg=audit(1769929039.292:9383): cwd="/usr/local/bin"
type=PATH msg=audit(1769928436.1016:7645): item=1 name="/lib64/ld-linux-x86-64.so.2" inode=1575286 dev=8:2 mode=100551 ouid=0 ogid=0 rdev=0:0 nametype=NORMAL cap_fp=0 cap_fi=0 cap_fe=0 cap_fver=0 cap_frootid=0OUID="root" OGID="root"
type=PATH msg=audit(1769929160.147:7633): item=0 name="/usr/bin/tee" inode=1578165 dev=8:2 mode=100617 ouid=0 ogid=0 rdev=0:0 nametype=NORMAL cap_fp=0 cap_fi=0 cap_fe=0 cap_fver=0 cap_frootid=0OUID="root" OGID="root"
type=CRED_DISP msg=audit(1769928788.259:7635): pid=1192 uid=1286 auid=1229 ses=3 subj=unconfined msg='op=PAM:setcred grantors=pam_permit acct="root" exe="/usr/bin/last" hostname=? addr=? terminal=/dev/pts/0 res=success'UID="heroic" AUID="heroic"
type=PATH msg=audit(1769928511.919:4914): item=0 name="/usr/bin/whoami" inode=1578549 dev=8:2 mode=101032 ouid=0 ogid=0 rdev=0:0 nametype=NORMAL cap_fp=0 cap_fi=0 cap_fe=0 cap_fver=0 cap_frootid=0OUID="root" OGID="root"
type=LOGIN msg=audit(1769928950.342:6601): pid=1640 uid=0 subj=unconfined old-auid=4294967146 auid=0 tty=(none) old-ses=4294966816 ses=9 res=1UID="root" OLD-AUID="unset" AUID="root"
type=PATH msg=audit(1769928465.516:5682): item=1 name="/lib64/ld-linux-x86-64.so.2" inode=1574855 dev=8:2 mode=100938 ouid=0 ogid=0 rdev=0:0 nametype=NORMAL cap_fp=0 cap_fi=0 cap_fe=0 cap_fver=0 cap_frootid=0OUID="root" OGID="root"
type=CWD msg=audit(1769928835.643:9694): cwd="/tmp"
type=EXECVE msg=audit(1769929056.1294:5473): argc=3 a0="/bin/sh" a1="-c" a2=636F6D6D616E64202D762064656269616E2D736131203E202F6465762F6E756C6C2026262064656269616E2D73613120312031
type=USER_END msg=audit(1769928564.488:6312): pid=2208 uid=1223 auid=1000 ses=3 subj=unconfined msg='op=PAM:session_close grantors=pam_limits,pam_env,pam_env,pam_permit,pam_umask,pam_unix acct="root" exe="/usr/bin/python3" hostname=? addr=? terminal=/dev/pts/0 res=success'UID="heroic" AUID="heroic"
type=PATH msg=audit(1769928460.1059:8763): item=1 name="/lib64/ld-linux-x86-64.so.2" inode=1575599 dev=8:2 mode=101012 ouid=0 ogid=0 rdev=0:0 nametype=NORMAL cap_fp=0 cap_fi=0 cap_fe=0 cap_fver=0 cap_frootid=0OUID="root" OGID="root"
type=PATH msg=audit(1769928509.88:9188): item=0 name="/etc/cron.d/" inode=1704242 dev=8:2 mode=41009 ouid=0 ogid=0 rdev=0:0 nametype=PARENT cap_fp=0 cap_fi=0 cap_fe=0 cap_fver=0 cap_frootid=0OUID="root" OGID="root"
type=PROCTITLE msg=audit(1769929158.910:5603): proctitle=7375646F00746565002F6574632F63726F6E2E642F686964735F70657273697374
type=CRED_REFR msg=audit(1769928740.136:5484): pid=4165 uid=1147 auid=1373 ses=3 subj=unconfined msg='op=PAM:setcred grantors=pam_permit,pam_cap acct="root" exe="/bin/sh" hostname=? addr=? terminal=/dev/pts/0 res=success'UID="heroic" AUID="heroic"
type=EXECVE msg=audit(1769929376.552:6100): argc=2 a0="rmdir" a1="/tmp/hids_malicious"
type=CWD msg=audit(1769928467.325:5587): cwd=2F746D702F686964735F6D616C6963696F7573202864656C6574656429
type=EXECVE msg=audit(1769928493.515:4405): argc=2 a0="sudo" a1="-l"
type=PROCTITLE msg=audit(1769928728.773:7854): proctitle=63686D6F64002B78007061796C6F61642E7368
type=EXECVE msg=audit(1769928419.516:7114): argc=1 a0="whoami"
type=USER_START msg=audit(1769928827.689:8074): pid=7842 uid=1403 auid=581 ses=3 subj=unconfined msg='op=PAM:session_open grantors=pam_limits,pam_env,pam_env,pam_permit,pam_umask,pam_unix acct="root" exe="/usr/bin/netstat" hostname=? addr=? terminal=/dev/pts/0 res=success'UID="heroic" AUID="heroic"
type=EXECVE msg=audit(1769928674.478:9344): argc=3 a0="chmod" a1="+x" a2="payload.sh"
type=PATH msg=audit(1769928785.1337:9462): item=1 name="/lib64/ld-linux-x86-64.so.2" inode=1575004 dev=8:2 mode=100903 ouid=0 ogid=0 rdev=0:0 nametype=NORMAL cap_fp=0 cap_fi=0 cap_fe=0 cap_fver=0 cap_frootid=0OUID="root" OGID="root"
type=SYSCALL msg=audit(1769929099.673:5502): arch=c000003e syscall=59 success=yes exit=0 a0=60276c50eb68 a1=60276c51eba0 a2=60276c531340 a3=64 items=2 ppid=8734 pid=4851 auid=1102 uid=0 gid=0 euid=0 suid=0 fsuid=0 egid=0 sgid=0 fsgid=0 tty=pts4 ses=3 comm="sh" exe="/usr/bin/tail" subj=unconfined key="process_exec"ARCH=x86_64 SYSCALL=execve AUID="heroic" UID="root" GID="root" EUID="root" SUID="root" FSUID="root" EGID="root" SGID="root" FSGID="root"
type=PATH msg=audit(1769929046.948:6496): item=0 name="/usr/bin/sudo" inode=1574460 dev=8:2 mode=105208 ouid=0 ogid=0 rdev=0:0 nametype=NORMAL cap_fp=0 cap_fi=0 cap_fe=0 cap_fver=0 cap_frootid=0OUID="root" OGID="root"
type=PATH msg=audit(1769929121.808:6438): item=0 name="/usr/bin/sudo" inode=1573891 dev=8:2 mode=104812 ouid=0 ogid=0 rdev=0:0 nametype=NORMAL cap_fp=0 cap_fi=0 cap_fe=0 cap_fver=0 cap_frootid=0OUID="root" OGID="root"
type=EXECVE msg=audit(1769929156.462:4180): argc=4 a0="sh" a1="-c" a2="--" a3=6C617374202D6E203230
type=PATH msg=audit(1769929205.839:7023): item=0 name="/usr/bin/dirname" inode=1577757 dev=8:2 mode=100921 ouid=0 ogid=0 rdev=0:0 nametype=NORMAL cap_fp=0 cap_fi=0 cap_fe=0 cap_fver=0 cap_frootid=0OUID="root" OGID="root"
type=PATH msg=audit(1769928964.430:5018): item=1 name="/lib64/ld-linux-x86-64.so.2" inode=1575743 dev=8:2 mode=100459 ouid=0 ogid=0 rdev=0:0 nametype=NORMAL cap_fp=0 cap_fi=0 cap_fe=0 cap_fver=0 cap_frootid=0OUID="root" OGID="root"
type=USER_END msg=audit(1769928879.513:5439): pid=6724 uid=830 auid=930 ses=3 subj=unconfined msg='op=PAM:session_close grantors=pam_limits,pam_env,pam_env,pam_permit,pam_umask,pam_unix acct="root" exe="/usr/bin/sort" hostname=? addr=? terminal=/dev/pts/0 res=success'UID="heroic" AUID="heroic"
type=PATH msg=audit(1769928475.573:8986): item=1 name="/lib64/ld-linux-x86-64.so.2" inode=1575251 dev=8:2 mode=101038 ouid=0 ogid=0 rdev=0:0 nametype=NORMAL cap_fp=0 cap_fi=0 cap_fe=0 cap_fver=0 cap_frootid=0OUID="root" OGID="root"
type=PATH msg=audit(1769928707.446:7987): item=1 name="/lib64/ld-linux-x86-64.so.2" inode=1575070 dev=8:2 mode=100319 ouid=0 ogid=0 rdev=0:0 nametype=NORMAL cap_fp=0 cap_fi=0 cap_fe=0 cap_fver=0 cap_frootid=0OUID="root" OGID="root"
type=PROCTITLE msg=audit(1769929236.711:6098): proctitle=7375646F00726D002D66002F6574632F63726F6E2E642F686964735F70657273697374
type=EXECVE msg=audit(1769929352.15:4831): argc=3 a0="chmod" a1="+x" a2="payload.sh"
type=PROCTITLE msg=audit(1769928741.1124:7989): proctitle=2F62696E2F7368002F6574632F67646D332F5072696D654F66662F44656661756C74
type=EXECVE msg=audit(1769929378.1176:7498): argc=3 a0="last" a1="-n" a2="20"
type=SYSCALL msg=audit(1769929089.134:4057): arch=c000003e syscall=59 success=yes exit=0 a0=64e1754cfbb0 a1=64e1754cfa10 a2=64e1754c38f0 a3=64e1754cfc50 items=2 ppid=9675 pid=9012 auid=647 uid=914 gid=720 euid=1469 suid=1350 fsuid=1359 egid=790 sgid=1417 fsgid=878 tty=pts0 ses=3 comm="last" exe="/usr/bin/sudo" subj=unconfined key="process_exec"ARCH=x86_64 SYSCALL=execve AUID="heroic" UID="heroic" GID="heroic" EUID="heroic" SUID="heroic" FSUID="heroic" EGID="heroic" SGID="heroic" FSGID="heroic"
type=PATH msg=audit(1769928459.1293:9113): item=1 name="/lib64/ld-linux-x86-64.so.2" inode=1575053 dev=8:2 mode=101125 ouid=0 ogid=0 rdev=0:0 nametype=NORMAL cap_fp=0 cap_fi=0 cap_fe=0 cap_fver=0 cap_frootid=0OUID="root" OGID="root"
type=SYSCALL msg=audit(1769928821.647:5080): arch=c000003e syscall=59 success=yes exit=0 a0=64e1754ca420 a1=64e1754cff70 a2=64e1754c38f0 a3=64e1754ce510 items=2 ppid=4859 pid=6150 auid=704 uid=607 gid=559 euid=1407 suid=1185 fsuid=967 egid=1029 sgid=943 fsgid=1477 tty=pts0 ses=3 comm="sort" exe="/usr/bin/python3" subj=unconfined key="process_exec"ARCH=x86_64 SYSCALL=execve AUID="heroic" UID="heroic" GID="heroic" EUID="heroic" SUID="heroic" FSUID="heroic" EGID="heroic" SGID="heroic" FSGID="heroic"
type=CWD msg=audit(1769928621.296:9965): cwd="/usr/local/bin"
type=USER_START msg=audit(1769929161.636:9539): pid=3916 uid=0 auid=1110 ses=3 subj=unconfined msg='op=PAM:session_open grantors=pam_limits,pam_env,pam_env,pam_permit,pam_umask,pam_unix acct="root" exe="/bin/sh" hostname=? addr=? terminal=/dev/pts/2 res=success'UID="root" AUID="heroic"
type=PATH msg=audit(1769928660.844:5941): item=1 name="/lib64/ld-linux-x86-64.so.2" inode=1575663 dev=8:2 mode=100349 ouid=0 ogid=0 rdev=0:0 nametype=NORMAL cap_fp=0 cap_fi=0 cap_fe=0 cap_fver=0 cap_frootid=0OUID="root" OGID="root"
type=PATH msg=audit(1769928660.1298:8049): item=0 name="/usr/bin/bash" inode=1573076 dev=8:2 mode=100572 ouid=0 ogid=0 rdev=0:0 nametype=NORMAL cap_fp=0 cap_fi=0 cap_fe=0 cap_fver=0 cap_frootid=0OUID="root" OGID="root"
type=SYSCALL msg=audit(1769929264.1028:5179): arch=c000003e syscall=59 success=yes exit=0 a0=5da302dcc4d0 a1=5da302dcc490 a2=5da302dc08f0 a3=5da302dcc410 items=2 ppid=1299 pid=6101 auid=1306 uid=715 gid=1312 euid=1066 suid=950 fsuid=715 egid=549 sgid=725 fsgid=770 tty=pts0 ses=3 comm="ss" exe="/usr/bin/sudo" subj=unconfined key="process_exec"ARCH=x86_64 SYSCALL=execve AUID="heroic" UID="heroic" GID="heroic" EUID="heroic" SUID="heroic" FSUID="heroic" EGID="heroic" SGID="heroic" FSGID="heroic"
type=PATH msg=audit(1769929038.1014:4362): item=0 name="/usr/bin/uname" inode=1578635 dev=8:2 mode=100351 ouid=0 ogid=0 rdev=0:0 nametype=NORMAL cap_fp=0 cap_fi=0 cap_fe=0 cap_fver=0 cap_frootid=0OUID="root" OGID="root"
type=CRED_DISP msg=audit(1769928411.722:5475): pid=7249 uid=1317 auid=752 ses=3 subj=unconfined msg='op=PAM:setcred grantors=pam_permit acct="root" exe="/usr/bin/sudo" hostname=? addr=? terminal=/dev/pts/0 res=success'UID="heroic" AUID="heroic"
type=EXECVE msg=audit(1769929172.1248:4898): argc=3 a0="cp" a1="/var/log/audit/audit.log" a2="/root/Desktop/hids_dataset/raw/malicious_remote.log"
type=PATH msg=audit(1769929108.19:8376): item=1 name="/lib64/ld-linux-x86-64.so.2" inode=1575490 dev=8:2 mode=100851 ouid=0 ogid=0 rdev=0:0 nametype=NORMAL cap_fp=0 cap_fi=0 cap_fe=0 cap_fver=0 cap_frootid=0OUID="root" OGID="root"
type=PATH msg=audit(1769928908.10:7807): item=1 name="/lib64/ld-linux-x86-64.so.2" inode=1575271 dev=8:2 mode=100909 ouid=0 ogid=0 rdev=0:0 nametype=NORMAL cap_fp=0 cap_fi=0 cap_fe=0 cap_fver=0 cap_frootid=0OUID="root" OGID="root"
type=PATH msg=audit(1769928644.98:4523): item=0 name="/usr/bin/rm" inode=1577676 dev=8:2 mode=100279 ouid=0 ogid=0 rdev=0:0 nametype=NORMAL cap_fp=0 cap_fi=0 cap_fe=0 cap_fver=0 cap_frootid=0OUID="root" OGID="root"
type=PROCTITLE msg=audit(1769929113.613:7805): proctitle=707300617578
type=CWD msg=audit(1769929036.32:7060): cwd="/tmp"
type=PATH msg=audit(1769928752.873:7233): item=0 name="/usr/bin/mkdir" inode=1577750 dev=8:2 mode=100427 ouid=0 ogid=0 rdev=0:0 nametype=NORMAL cap_fp=0 cap_fi=0 cap_fe=0 cap_fver=0 cap_frootid=0OUID="root" OGID="root"
type=PROCTITLE msg=audit(1769928718.539:7254): proctitle=7375646F00726D002D66002F6574632F63726F6E2E642F686964735F70657273697374
type=CWD msg=audit(1769929200.427:8976): cwd="/tmp"
type=PATH msg=audit(1769928634.1034:4394): item=1 name="/lib64/ld-linux-x86-64.so.2" inode=1575793 dev=8:2 mode=101157 ouid=0 ogid=0 rdev=0:0 nametype=NORMAL cap_fp=0 cap_fi=0 cap_fe=0 cap_fver=0 cap_frootid=0OUID="root" OGID="root"
type=EXECVE msg=audit(1769928778.677:6580): argc=2 a0="sleep" a1="5"
type=CWD msg=audit(1769928563.589:4872): cwd="/tmp"
type=CWD msg=audit(1769929324.498:5823): cwd="/usr/local/bin"
type=EXECVE msg=audit(1769928477.448:9674): argc=2 a0="uname" a1="-a"
type=CWD msg=audit(1769928497.959:9149): cwd="/var/ossec"
type=EXECVE msg=audit(1769929385.180:5224): argc=3 a0="/bin/sh" a1="-c" a2=636F6D6D616E64202D762064656269616E2D736131203E202F6465762F6E756C6C2026262064656269616E2D73613120312031
type=EXECVE msg=audit(1769928593.23:5490): argc=8 a0="/usr/lib/sysstat/sadc" a1="-F" a2="-L" a3="-S" a4="DISK" a5="1" a6="1" a7="/var/log/sysstat"
type=EXECVE msg=audit(1769929170.1185:4883): argc=58 a0="rm" a1="-f" a2="file_10.dat" a3="file_11.dat" a4="file_12.dat" a5="file_13.dat" a6="file_14.dat" a7="file_15.dat" a8="file_16.dat" a9="file_17.dat" a10="file_18.dat" a11="file_19.dat" a12="file_1.dat" a13="file_20.dat" a14="file_21.dat" a15="file_22.dat" a16="file_23.dat" a17="file_24.dat" a18="file_25.dat" a19="file_26.dat" a20="file_27.dat" a21="file_28.dat" a22="file_29.dat" a23="file_2.dat" a24="file_30.dat" a25="file_31.dat" a26="file_32.dat" a27="file_33.dat" a28="file_34.dat" a29="file_35.dat" a30="file_36.dat" a31="file_37.dat" a32="file_38.dat" a33="file_39.dat" a34="file_3.dat" a35="file_40.dat" a36="file_41.dat" a37="file_42.dat" a38="file_43.dat" a39="file_44.dat" a40="file_45.dat" a41="file_46.dat" a42="file_47.dat" a43="file_48.dat" a44="file_49.dat" a45="file_4.dat" a46="file_50.dat" a47="file_5.dat" a48="file_6.dat" a49="file_7.dat" a50="file_8.dat" a51="file_9.dat" a52="payload.sh" a53="recon.txt" a54="netstat.txt" a55="processes.txt" a56="sudo_enum.txt" a57="sudo_test.txt"
type=PROCTITLE msg=audit(1769928718.401:5451): proctitle=7375646F002D6C
type=SYSCALL msg=audit(1769929162.263:4732): arch=c000003e syscall=59 success=yes exit=0 a0=5e8dd7c3ce30 a1=5e8dd7c44ca0 a2=5e8dd7c3c820 a3=8 items=2 ppid=4033 pid=2401 auid=533 uid=0 gid=0 euid=0 suid=0 fsuid=0 egid=0 sgid=0 fsgid=0 tty=pts4 ses=3 comm="python" exe="/usr/bin/last" subj=unconfined key="process_exec"ARCH=x86_64 SYSCALL=execve AUID="heroic" UID="root" GID="root" EUID="root" SUID="root" FSUID="root" EGID="root" SGID="root" FSGID="root"
type=PROCTITLE msg=audit(1769929063.558:7057): proctitle=736C656570003930
type=PATH msg=audit(1769929177.450:8060): item=1 name="/lib64/ld-linux-x86-64.so.2" inode=1574925 dev=8:2 mode=100814 ouid=0 ogid=0 rdev=0:0 nametype=NORMAL cap_fp=0 cap_fi=0 cap_fe=0 cap_fver=0 cap_frootid=0OUID="root" OGID="root"
type=PATH msg=audit(1769928461.975:9490): item=1 name="/lib64/ld-linux-x86-64.so.2" inode=1575370 dev=8:2 mode=100885 ouid=0 ogid=0 rdev=0:0 nametype=NORMAL cap_fp=0 cap_fi=0 cap_fe=0 cap_fver=0 cap_frootid=0OUID="root" OGID="root"
type=PATH msg=audit(1769928556.164:8064): item=0 name="/bin/sh" inode=1573913 dev=8:2 mode=100355 ouid=0 ogid=0 rdev=0:0 nametype=NORMAL cap_fp=0 cap_fi=0 cap_fe=0 cap_fver=0 cap_frootid=0OUID="root" OGID="root"
type=EXECVE msg=audit(1769928569.40:5983): argc=4 a0="sudo" a1="cp" a2="/var/log/audit/audit.log" a3="/home/heroic/Desktop/scripts-for-data-generation/"
type=SYSCALL msg=audit(1769929315.4:6316): arch=c000003e syscall=59 success=yes exit=0 a0=64e1754cf8b0 a1=64e1754cf3d0 a2=64e1754c38f0 a3=8 items=2 ppid=5518 pid=7433 auid=701 uid=1235 gid=1160 euid=518 suid=869 fsuid=1273 egid=922 sgid=1145 fsgid=965 tty=pts0 ses=3 comm="sort" exe="/usr/bin/sudo" subj=unconfined key="process_exec"ARCH=x86_64 SYSCALL=execve AUID="heroic" UID="heroic" GID="heroic" EUID="heroic" SUID="heroic" FSUID="heroic" EGID="heroic" SGID="heroic" FSGID="heroic"
type=PATH msg=audit(1769928565.1169:4600): item=1 name="/lib64/ld-linux-x86-64.so.2" inode=1575178 dev=8:2 mode=100632 ouid=0 ogid=0 rdev=0:0 nametype=NORMAL cap_fp=0 cap_fi=0 cap_fe=0 cap_fver=0 cap_frootid=0OUID="root" OGID="root"
type=PATH msg=audit(1769928779.1001:8165): item=1 name="/lib64/ld-linux-x86-64.so.2" inode=1574853 dev=8:2 mode=101027 ouid=0 ogid=0 rdev=0:0 nametype=NORMAL cap_fp=0 cap_fi=0 cap_fe=0 cap_fver=0 cap_frootid=0OUID="root" OGID="root"
type=PATH msg=audit(1769928898.746:9128): item=1 name="/lib64/ld-linux-x86-64.so.2" inode=1575285 dev=8:2 mode=100701 ouid=0 ogid=0 rdev=0:0 nametype=NORMAL cap_fp=0 cap_fi=0 cap_fe=0 cap_fver=0 cap_frootid=0OUID="root" OGID="root"
type=CWD msg=audit(1769929168.119:8487): cwd="/root"
type=EXECVE msg=audit(1769928805.168:6925): argc=3 a0="chmod" a1="+x" a2="payload.sh"
type=PROCTITLE msg=audit(1769929081.630:8422): proctitle=2F62696E2F7368002F7573722F62696E2F6C65737370697065
type=PATH msg=audit(1769928463.93:7141): item=0 name="/usr/bin/gpg" inode=1574087 dev=8:2 mode=100952 ouid=0 ogid=0 rdev=0:0 nametype=NORMAL cap_fp=0 cap_fi=0 cap_fe=0 cap_fver=0 cap_frootid=0OUID="root" OGID="root"
type=SYSCALL msg=audit(1769929105.264:7167): arch=c000003e syscall=59 success=yes exit=0 a0=5712e494ab68 a1=5712e495aba0 a2=5712e496d340 a3=64 items=2 ppid=5972 pid=9870 auid=1370 uid=0 gid=0 euid=0 suid=0 fsuid=0 egid=0 sgid=0 fsgid=0 tty=pts4 ses=3 comm="sudo" exe="/usr/bin/last" subj=unconfined key="process_exec"ARCH=x86_64 SYSCALL=execve AUID="heroic" UID="root" GID="root" EUID="root" SUID="root" FSUID="root" EGID="root" SGID="root" FSGID="root"
type=EXECVE msg=audit(1769928971.817:9281): argc=3 a0="sudo" a1="tee" a2="/etc/cron.d/hids_persist"
type=CRED_DISP msg=audit(1769928709.649:4682): pid=7493 uid=607 auid=1409 ses=3 subj=unconfined msg='op=PAM:setcred grantors=pam_permit acct="root" exe="/usr/bin/sort" hostname=? addr=? terminal=/dev/pts/0 res=success'UID="heroic" AUID="heroic"
type=SERVICE_STOP msg=audit(1769929405.693:8838): pid=5836 uid=0 auid=4294967581 ses=4294967217 subj=unconfined msg='unit=NetworkManager-dispatcher comm="last" exe="/bin/sh" hostname=? addr=? terminal=? res=success'UID="root" AUID="unset"
type=PATH msg=audit(1769928809.243:4774): item=0 name="/usr/bin/ss" inode=1573997 dev=8:2 mode=100783 ouid=0 ogid=0 rdev=0:0 nametype=NORMAL cap_fp=0 cap_fi=0 cap_fe=0 cap_fver=0 cap_frootid=0OUID="root" OGID="root"
type=PATH msg=audit(1769928555.480:9080): item=1 name="/lib64/ld-linux-x86-64.so.2" inode=1575131 dev=8:2 mode=100935 ouid=0 ogid=0 rdev=0:0 nametype=NORMAL cap_fp=0 cap_fi=0 cap_fe=0 cap_fver=0 cap_frootid=0OUID="root" OGID="root"
type=USER_START msg=audit(1769928868.313:8353): pid=4034 uid=619 auid=881 ses=3 subj=unconfined msg='op=PAM:session_open grantors=pam_limits,pam_env,pam_env,pam_permit,pam_umask,pam_unix acct="root" exe="/bin/sh" hostname=? addr=? terminal=/dev/pts/0 res=success'UID="heroic" AUID="heroic"
type=SYSCALL msg=audit(1769928603.115:5910): arch=c000003e syscall=59 success=yes exit=0 a0=64e1754cf950 a1=64e1754d0550 a2=64e1754c38f0 a3=64e1754cff50 items=2 ppid=6291 pid=6223 auid=1157 uid=1277 gid=500 euid=525 suid=1085 fsuid=1433 egid=1442 sgid=1126 fsgid=1455 tty=pts0 ses=3 comm="sh" exe="/usr/bin/last" subj=unconfined key="process_exec"ARCH=x86_64 SYSCALL=execve AUID="heroic" UID="heroic" GID="heroic" EUID="heroic" SUID="heroic" FSUID="heroic" EGID="heroic" SGID="heroic" FSGID="heroic"
type=EXECVE msg=audit(1769928908.546:9609): argc=1 a0="whoami"
type=EXECVE msg=audit(1769928587.292:6236): argc=4 a0="sudo" a1="tail" a2="-f" a3="/var/log/audit/audit.log"
type=CRED_DISP msg=audit(1769929302.105:8556): pid=2289 uid=0 auid=918 ses=5 subj=unconfined msg='op=PAM:setcred grantors=pam_permit acct="root" exe="/usr/bin/sed" hostname=? addr=? terminal=/dev/pts/1 res=success'UID="root" AUID="heroic"
type=PATH msg=audit(1769928821.1268:6149): item=0 name="/usr/bin/ps" inode=1573707 dev=8:2 mode=100523 ouid=0 ogid=0 rdev=0:0 nametype=NORMAL cap_fp=0 cap_fi=0 cap_fe=0 cap_fver=0 cap_frootid=0OUID="root" OGID="root"
type=PROCTITLE msg=audit(1769928516.679:8171): proctitle=756E616D65002D61
type=PATH msg=audit(1769929195.1149:8704): item=1 name="/lib64/ld-linux-x86-64.so.2" inode=1575158 dev=8:2 mode=100720 ouid=0 ogid=0 rdev=0:0 nametype=NORMAL cap_fp=0 cap_fi=0 cap_fe=0 cap_fver=0 cap_frootid=0OUID="root" OGID="root"
type=PATH msg=audit(1769928452.707:4956): item=0 name="/usr/bin/sudo" inode=1574229 dev=8:2 mode=104348 ouid=0 ogid=0 rdev=0:0 nametype=NORMAL cap_fp=0 cap_fi=0 cap_fe=0 cap_fver=0 cap_frootid=0OUID="root" OGID="root"
type=PATH msg=audit(1769928451.252:5074): item=0 name="/proc/self/fd/9" inode=1596009 dev=8:2 mode=100795 ouid=0 ogid=0 rdev=0:0 nametype=NORMAL cap_fp=0 cap_fi=0 cap_fe=0 cap_fver=0 cap_frootid=0OUID="root" OGID="root"
type=PATH msg=audit(1769928809.500:7912): item=0 name="/usr/bin/gpgconf" inode=1575826 dev=8:2 mode=101102 ouid=0 ogid=0 rdev=0:0 nametype=NORMAL cap_fp=0 cap_fi=0 cap_fe=0 cap_fver=0 cap_frootid=0OUID="root" OGID="root"
type=CWD msg=audit(1769928676.551:8466): cwd="/home/heroic"
type=EXECVE msg=audit(1769929235.1063:8184): argc=3 a0="rm" a1="-f" a2="/etc/cron.d/hids_persist"
type=SYSCALL msg=audit(1769928509.671:7284): arch=c000003e syscall=59 success=yes exit=0 a0=64cc67334730 a1=64cc67329b70 a2=64cc6731a630 a3=64cc67329b70 items=3 ppid=1893 pid=5825 auid=851 uid=681 gid=1336 euid=629 suid=1223 fsuid=1258 egid=1339 sgid=1219 fsgid=835 tty=pts0 ses=3 comm="sort" exe="/usr/bin/netstat" subj=unconfined key="process_exec"ARCH=x86_64 SYSCALL=execve AUID="heroic" UID="heroic" GID="heroic" EUID="heroic" SUID="heroic" FSUID="heroic" EGID="heroic" SGID="heroic" FSGID="heroic"
type=EXECVE msg=audit(1769928878.80:5184): argc=2 a0="sed" a1=732F5C285B5B3A616C6E756D3A5D5D5C2B5C295C205C2B5B5B3A64696769743A5D5D5C2B5C205C2B5B5B3A64696769743A5D5D5C2B5C205C2B5C282E2A5C293A5C285B5B3A64696769743A5D5D2A5C295C205C2B5C285B302D395C2E5C3A5C2A5D5C2B5C292E5C2B5C205C285B5B3A64696769743A5D5D2A5C2F5B5B3A616C6E756D3A5D5C2D5D2A5C292E2A2F5C31205C32203D3D205C33203D3D205C34205C352F
type=SYSCALL msg=audit(1769928508.731:7740): arch=c000003e syscall=59 success=yes exit=0 a0=6087e278a9e0 a1=6087e2790be0 a2=6087e278a200 a3=8 items=3 ppid=3416 pid=1590 auid=888 uid=680 gid=1390 euid=1014 suid=1070 fsuid=629 egid=701 sgid=620 fsgid=578 tty=pts1 ses=3 comm="ss" exe="/usr/bin/sed" subj=unconfined key="process_exec"ARCH=x86_64 SYSCALL=execve AUID="heroic" UID="heroic" GID="heroic" EUID="heroic" SUID="heroic" FSUID="heroic" EGID="heroic" SGID="heroic" FSGID="heroic"
type=EXECVE msg=audit(1769928729.624:8714): argc=2 a0="sudo" a1="whoami"
type=CRED_REFR msg=audit(1769928839.895:6006): pid=2240 uid=664 auid=610 ses=3 subj=unconfined msg='op=PAM:setcred grantors=pam_permit,pam_cap acct="root" exe="/usr/bin/sed" hostname=? addr=? terminal=/dev/pts/0 res=success'UID="heroic" AUID="heroic"
type=EXECVE msg=audit(1769929148.47:7574): argc=2 a0="/usr/bin/fwupdmgr" a1="refresh"
type=SYSCALL msg=audit(1769928921.684:9098): arch=c000003e syscall=59 success=yes exit=0 a0=5da302dc7a40 a1=5da302dce870 a2=5da302dc08f0 a3=8 items=2 ppid=5983 pid=6612 auid=511 uid=1381 gid=1205 euid=1212 suid=1183 fsuid=798 egid=810 sgid=542 fsgid=1427 tty=pts0 ses=3 comm="df" exe="/usr/bin/python3" subj=unconfined key="process_exec"ARCH=x86_64 SYSCALL=execve AUID="heroic" UID="heroic" GID="heroic" EUID="heroic" SUID="heroic" FSUID="heroic" EGID="heroic" SGID="heroic" FSGID="heroic"
type=USER_CMD msg=audit(1769929345.1116:6490): pid=9878 uid=714 auid=1263 ses=5 subj=unconfined msg='cwd="/usr/local/bin" cmd=6370202F7661722F6C6F672F61756469742F61756469742E6C6F67202F686F6D652F6865726F69632F4465736B746F702F686964735F646174617365742F7261772F6D616C6963696F75735F72656D6F74652E6C6F677E exe="/bin/sh" terminal=pts/0 res=success'UID="heroic" AUID="heroic"
type=PATH msg=audit(1769928906.696:7916): item=0 name="/bin/sh" inode=1573583 dev=8:2 mode=100460 ouid=0 ogid=0 rdev=0:0 nametype=NORMAL cap_fp=0 cap_fi=0 cap_fe=0 cap_fver=0 cap_frootid=0OUID="root" OGID="root"
type=CWD msg=audit(1769928779.451:7880): cwd="/usr/local/bin"
type=PATH msg=audit(1769929233.787:4685): item=1 name="/lib64/ld-linux-x86-64.so.2" inode=1575505 dev=8:2 mode=100904 ouid=0 ogid=0 rdev=0:0 nametype=NORMAL cap_fp=0 cap_fi=0 cap_fe=0 cap_fver=0 cap_frootid=0OUID="root" OGID="root"
type=PATH msg=audit(1769929029.1019:6274): item=1 name="/lib64/ld-linux-x86-64.so.2" inode=1575573 dev=8:2 mode=100427 ouid=0 ogid=0 rdev=0:0 nametype=NORMAL cap_fp=0 cap_fi=0 cap_fe=0 cap_fver=0 cap_frootid=0OUID="root" OGID="root"
type=EXECVE msg=audit(1769928837.474:6546): argc=4 a0="sudo" a1="cp" a2="/var/log/audit/audit.log" a3="/root/Desktop/hids_dataset/raw/malicious_remote.log"
type=PROCTITLE msg=audit(1769928413.705:7827): proctitle=7375646F00726D002D66002F6574632F63726F6E2E642F686964735F70657273697374
type=PROCTITLE msg=audit(1769928595.1109:4323): proctitle=756E616D65002D61
type=EXECVE msg=audit(1769928860.494:6824): argc=2 a0="sudo" a1="su"
type=PATH msg=audit(1769928802.1278:5064): item=0 name="/usr/bin/rm" inode=1577798 dev=8:2 mode=100879 ouid=0 ogid=0 rdev=0:0 nametype=NORMAL cap_fp=0 cap_fi=0 cap_fe=0 cap_fver=0 cap_frootid=0OUID="root" OGID="root"
type=PATH msg=audit(1769928630.538:5161): item=1 name="/lib64/ld-linux-x86-64.so.2" inode=1574896 dev=8:2 mode=100483 ouid=0 ogid=0 rdev=0:0 nametype=NORMAL cap_fp=0 cap_fi=0 cap_fe=0 cap_fver=0 cap_frootid=0OUID="root" OGID="root"
type=USER_ACCT msg=audit(1769929380.222:9471): pid=7718 uid=601 auid=1150 ses=3 subj=unconfined msg='op=PAM:accounting grantors=pam_permit,pam_localuser acct="heroic" exe="/usr/bin/last" hostname=? addr=? terminal=/dev/pts/0 res=success'UID="heroic" AUID="heroic"
type=PROCTITLE msg=audit(1769929146.583:9639): proctitle=7375646F002D6C
type=PROCTITLE msg=audit(1769928544.604:4651): proctitle=7461696C002D66002F7661722F6C6F672F61756469742F61756469742E6C6F67
type=PATH msg=audit(1769928919.471:5604): item=1 name="/lib64/ld-linux-x86-64.so.2" inode=1575405 dev=8:2 mode=100942 ouid=0 ogid=0 rdev=0:0 nametype=NORMAL cap_fp=0 cap_fi=0 cap_fe=0 cap_fver=0 cap_frootid=0OUID="root" OGID="root"
type=SYSCALL msg=audit(1769929034.850:8507): arch=c000003e syscall=59 success=yes exit=0 a0=5da302dcca90 a1=5da302dcc570 a2=5da302dc08f0 a3=5da302dcc430 items=2 ppid=3364 pid=4042 auid=1302 uid=1127 gid=1376 euid=1245 suid=843 fsuid=944 egid=1259 sgid=953 fsgid=1409 tty=pts0 ses=3 comm="netstat" exe="/usr/bin/sudo" subj=unconfined key="process_exec"ARCH=x86_64 SYSCALL=execve AUID="heroic" UID="heroic" GID="heroic" EUID="heroic" SUID="heroic" FSUID="heroic" EGID="heroic" SGID="heroic" FSGID="heroic"
type=PATH msg=audit(1769928693.1065:8812): item=0 name="/usr/bin/id" inode=1578243 dev=8:2 mode=100476 ouid=0 ogid=0 rdev=0:0 nametype=NORMAL cap_fp=0 cap_fi=0 cap_fe=0 cap_fver=0 cap_frootid=0OUID="root" OGID="root"
type=PATH msg=audit(1769928970.367:6646): item=1 name="/lib64/ld-linux-x86-64.so.2" inode=1575596 dev=8:2 mode=101117 ouid=0 ogid=0 rdev=0:0 nametype=NORMAL cap_fp=0 cap_fi=0 cap_fe=0 cap_fver=0 cap_frootid=0OUID="root" OGID="root"
type=EXECVE msg=audit(1769928971.889:7121): argc=2 a0="tee" a1="/etc/cron.d/hids_persist"
type=PATH msg=audit(1769928898.323:4643): item=0 name="/etc/cron.d/" inode=1703675 dev=8:2 mode=40670 ouid=0 ogid=0 rdev=0:0 nametype=PARENT cap_fp=0 cap_fi=0 cap_fe=0 cap_fver=0 cap_frootid=0OUID="root" OGID="root"
type=EXECVE msg=audit(1769929330.150:5475): argc=2 a0="ps" a1="aux"
type=PATH msg=audit(1769929350.230:9158): item=1 name="/lib64/ld-linux-x86-64.so.2" inode=1575688 dev=8:2 mode=100474 ouid=0 ogid=0 rdev=0:0 nametype=NORMAL cap_fp=0 cap_fi=0 cap_fe=0 cap_fver=0 cap_frootid=0OUID="root" OGID="root"
type=PATH msg=audit(1769928428.245:4246): item=0 name="/usr/bin/sudo" inode=1574106 dev=8:2 mode=104496 ouid=0 ogid=0 rdev=0:0 nametype=NORMAL cap_fp=0 cap_fi=0 cap_fe=0 cap_fver=0 cap_frootid=0OUID="root" OGID="root"
type=SYSCALL msg=audit(1769928983.26:6328): arch=c000003e syscall=1 success=yes exit=1 a0=7 a1=7fff43923140 a2=1 a3=0 items=0 ppid=3620 pid=7507 auid=0 uid=0 gid=0 euid=0 suid=0 fsuid=0 egid=0 sgid=0 fsgid=0 tty=(none) ses=7 comm="last" exe="/usr/bin/df" subj=unconfined key=(null)ARCH=x86_64 SYSCALL=write AUID="root" UID="root" GID="root" EUID="root" SUID="root" FSUID="root" EGID="root" SGID="root" FSGID="root"
type=PROCTITLE msg=audit(1769929122.1438:4176): proctitle=6466002D50
type=CRED_REFR msg=audit(1769928506.1010:5555): pid=8828 uid=0 auid=615 ses=5 subj=unconfined msg='op=PAM:setcred grantors=pam_permit,pam_cap acct="root" exe="/usr/bin/tail" hostname=? addr=? terminal=/dev/pts/1 res=success'UID="root" AUID="heroic"
type=PATH msg=audit(1769929157.1054:4801): item=0 name="/bin/sh" inode=1573246 dev=8:2 mode=101226 ouid=0 ogid=0 rdev=0:0 nametype=NORMAL cap_fp=0 cap_fi=0 cap_fe=0 cap_fver=0 cap_frootid=0OUID="root" OGID="root"
type=EXECVE msg=audit(1769929042.687:4503): argc=2 a0="tee" a1="/etc/cron.d/hids_persist"
type=LOGIN msg=audit(1769929181.788:8408): pid=1380 uid=0 subj=unconfined old-auid=4294967662 auid=0 tty=(none) old-ses=4294967314 ses=6 res=1UID="root" OLD-AUID="unset" AUID="root"
type=PATH msg=audit(1769929151.567:3886): item=1 name="/etc/cron.d/hids_persist" inode=1704375 dev=8:2 mode=101010 ouid=0 ogid=0 rdev=0:0 nametype=CREATE cap_fp=0 cap_fi=0 cap_fe=0 cap_fver=0 cap_frootid=0OUID="root" OGID="root"
type=PATH msg=audit(1769929094.540:7837): item=0 name="/usr/bin/sleep" inode=1578541 dev=8:2 mode=100968 ouid=0 ogid=0 rdev=0:0 nametype=NORMAL cap_fp=0 cap_fi=0 cap_fe=0 cap_fver=0 cap_frootid=0OUID="root" OGID="root"
type=PATH msg=audit(1769928530.954:5451): item=1 name="/lib64/ld-linux-x86-64.so.2" inode=1575200 dev=8:2 mode=101134 ouid=0 ogid=0 rdev=0:0 nametype=NORMAL cap_fp=0 cap_fi=0 cap_fe=0 cap_fver=0 cap_frootid=0OUID="root" OGID="root"
type=PROCTITLE msg=audit(1769929262.1304:9744): proctitle="whoami"
type=CWD msg=audit(1769928909.742:8227): cwd="/var/ossec"
type=EXECVE msg=audit(1769928784.736:7248): argc=18 a0="gpg" a1="--enable-special-filenames" a2="--batch" a3="--no-sk-comments" a4="--homedir" a5="/var/lib/fwupd/gnupg" a6="--status-fd" a7="19" a8="--no-tty" a9="--charset" a10="utf8" a11="--enable-progress-filter" a12="--exit-on-status-write-error" a13="--logger-fd" a14="21" a15="--import" a16="--" a17="-&22"
type=SYSCALL msg=audit(1769928670.547:5172): arch=c000003e syscall=59 success=yes exit=0 a0=5bf432dd3b68 a1=5bf432de3ba0 a2=5bf432df67a0 a3=64 items=2 ppid=8376 pid=5390 auid=589 uid=0 gid=0 euid=0 suid=0 fsuid=0 egid=0 sgid=0 fsgid=0 tty=pts4 ses=3 comm="sort" exe="/usr/bin/netstat" subj=unconfined key="process_exec"ARCH=x86_64 SYSCALL=execve AUID="heroic" UID="root" GID="root" EUID="root" SUID="root" FSUID="root" EGID="root" SGID="root" FSGID="root"
type=SYSCALL msg=audit(1769928758.1424:5042): arch=c000003e syscall=59 success=yes exit=0 a0=5da302dc7a40 a1=5da302dce870 a2=5da302dc08f0 a3=8 items=2 ppid=2891 pid=1872 auid=1341 uid=1295 gid=569 euid=970 suid=556 fsuid=830 egid=1379 sgid=649 fsgid=1445 tty=pts0 ses=3 comm="sh" exe="/usr/bin/tail" subj=unconfined key="process_exec"ARCH=x86_64 SYSCALL=execve AUID="heroic" UID="heroic" GID="heroic" EUID="heroic" SUID="heroic" FSUID="heroic" EGID="heroic" SGID="heroic" FSGID="heroic"
type=PROCTITLE msg=audit(1769928744.489:8544): proctitle=7375646F00746565002F6574632F63726F6E2E642F686964735F70657273697374
type=SYSCALL msg=audit(1769928560.282:8122): arch=c000003e syscall=59 success=yes exit=0 a0=7ffd2e5d34c0 a1=7ffd2e5d34e0 a2=7ffd2e5d3fd0 a3=8 items=2 ppid=8092 pid=7287 auid=4294966806 uid=0 gid=0 euid=0 suid=0 fsuid=0 egid=0 sgid=0 fsgid=0 tty=(none) ses=4294967750 comm="tail" exe="/usr/bin/sudo" subj=unconfined key="process_exec"ARCH=x86_64 SYSCALL=execve AUID="unset" UID="root" GID="root" EUID="root" SUID="root" FSUID="root" EGID="root" SGID="root" FSGID="root"
type=PATH msg=audit(1769929000.645:9763): item=0 name="/usr/bin/rm" inode=1578565 dev=8:2 mode=100975 ouid=0 ogid=0 rdev=0:0 nametype=NORMAL cap_fp=0 cap_fi=0 cap_fe=0 cap_fver=0 cap_frootid=0OUID="root" OGID="root"
type=PATH msg=audit(1769928491.284:4931): item=1 name="/lib64/ld-linux-x86-64.so.2" inode=1575655 dev=8:2 mode=100444 ouid=0 ogid=0 rdev=0:0 nametype=NORMAL cap_fp=0 cap_fi=0 cap_fe=0 cap_fver=0 cap_frootid=0OUID="root" OGID="root"
type=EXECVE msg=audit(1769928939.630:7885): argc=2 a0="uname" a1="-a"
type=EXECVE msg=audit(1769929323.935:5727): argc=1 a0="whoami"
type=PATH msg=audit(1769928656.10:5681): item=0 name="/usr/libexec/fwupd/fwupd" inode=1581934 dev=8:2 mode=100448 ouid=0 ogid=0 rdev=0:0 nametype=NORMAL cap_fp=0 cap_fi=0 cap_fe=0 cap_fver=0 cap_frootid=0OUID="root" OGID="root"
type=PATH msg=audit(1769929290.755:9439): item=1 name="/lib64/ld-linux-x86-64.so.2" inode=1575831 dev=8:2 mode=100334 ouid=0 ogid=0 rdev=0:0 nametype=NORMAL cap_fp=0 cap_fi=0 cap_fe=0 cap_fver=0 cap_frootid=0OUID="root" OGID="root"
type=PATH msg=audit(1769929198.181:6259): item=0 name="/usr/bin/uname" inode=1577813 dev=8:2 mode=100945 ouid=0 ogid=0 rdev=0:0 nametype=NORMAL cap_fp=0 cap_fi=0 cap_fe=0 cap_fver=0 cap_frootid=0OUID="root" OGID="root"
type=CWD msg=audit(1769928668.520:7152): cwd="/tmp"
type=EXECVE msg=audit(1769928981.70:6444): argc=2 a0="ps" a1="aux"
type=PATH msg=audit(1769928831.43:6798): item=0 name="/usr/bin/sudo" inode=1574020 dev=8:2 mode=104913 ouid=0 ogid=0 rdev=0:0 nametype=NORMAL cap_fp=0 cap_fi=0 cap_fe=0 cap_fver=0 cap_frootid=0OUID="root" OGID="root"
type=CRED_DISP msg=audit(1769928922.515:5019): pid=4176 uid=1094 auid=831 ses=3 subj=unconfined msg='op=PAM:setcred grantors=pam_permit acct="root" exe="/usr/bin/netstat" hostname=? addr=? terminal=/dev/pts/0 res=success'UID="heroic" AUID="heroic"
type=CWD msg=audit(1769928457.544:9127): cwd="/usr/local/bin"
type=SYSCALL msg=audit(1769928625.10:9806): arch=c000003e syscall=59 success=yes exit=0 a0=5da302dcc4d0 a1=5da302dc7390 a2=5da302dc08f0 a3=5da302dcc310 items=2 ppid=4395 pid=8084 auid=802 uid=1175 gid=1172 euid=0 suid=0 fsuid=0 egid=1490 sgid=589 fsgid=1239 tty=pts0 ses=3 comm="sed" exe="/usr/bin/netstat" subj=unconfined key="process_exec"ARCH=x86_64 SYSCALL=execve AUID="heroic" UID="heroic" GID="heroic" EUID="root" SUID="root" FSUID="root" EGID="heroic" SGID="heroic" FSGID="heroic"
type=EXECVE msg=audit(1769929271.116:5162): argc=3 a0="rm" a1="-f" a2="/etc/cron.d/hids_persist"
type=CWD msg=audit(1769929253.310:4521): cwd="/root"
type=USER_ACCT msg=audit(1769928841.250:5636): pid=6574 uid=1429 auid=1453 ses=3 subj=unconfined msg='op=PAM:accounting grantors=pam_permit,pam_localuser acct="heroic" exe="/usr/bin/df" hostname=? addr=? terminal=/dev/pts/0 res=success'UID="heroic" AUID="heroic"
type=PATH msg=audit(1769928614.755:5678): item=1 name="/lib64/ld-linux-x86-64.so.2" inode=1575444 dev=8:2 mode=101211 ouid=0 ogid=0 rdev=0:0 nametype=NORMAL cap_fp=0 cap_fi=0 cap_fe=0 cap_fver=0 cap_frootid=0OUID="root" OGID="root"
type=SYSCALL msg=audit(1769929239.559:7011): arch=c000003e syscall=59 success=yes exit=0 a0=64e1754cff10 a1=64e1754cff70 a2=64e1754c38f0 a3=64e1754cff70 items=2 ppid=9268 pid=6138 auid=1428 uid=1040 gid=589 euid=692 suid=912 fsuid=1343 egid=857 sgid=727 fsgid=837 tty=pts0 ses=3 comm="sed" exe="/usr/bin/sed" subj=unconfined key="process_exec"ARCH=x86_64 SYSCALL=execve AUID="heroic" UID="heroic" GID="heroic" EUID="heroic" SUID="heroic" FSUID="heroic" EGID="heroic" SGID="heroic" FSGID="heroic"
type=PATH msg=audit(1769928752.155:5984): item=1 name="/lib64/ld-linux-x86-64.so.2" inode=1575410 dev=8:2 mode=101006 ouid=0 ogid=0 rdev=0:0 nametype=NORMAL cap_fp=0 cap_fi=0 cap_fe=0 cap_fver=0 cap_frootid=0OUID="root" OGID="root"
type=SYSCALL msg=audit(1769929242.1074:9386): arch=c000003e syscall=59 success=yes exit=0 a0=5da302dcc850 a1=5da302dcc8b0 a2=5da302dc08f0 a3=5da302dcc8b0 items=2 ppid=4582 pid=2764 auid=691 uid=1232 gid=597 euid=739 suid=814 fsuid=776 egid=1162 sgid=1143 fsgid=1222 tty=pts0 ses=3 comm="sh" exe="/usr/bin/sed" subj=unconfined key="process_exec"ARCH=x86_64 SYSCALL=execve AUID="heroic" UID="heroic" GID="heroic" EUID="heroic" SUID="heroic" FSUID="heroic" EGID="heroic" SGID="heroic" FSGID="heroic"
type=PROCTITLE msg=audit(1769929068.1316:5850): proctitle=726D002D66002F6574632F63726F6E2E642F686964735F70657273697374
type=CWD msg=audit(1769928671.661:6642): cwd="/tmp"
type=SYSCALL msg=audit(1769928673.812:4269): arch=c000003e syscall=59 success=yes exit=0 a0=64e1754cace0 a1=64e1754ca8a0 a2=64e1754c38f0 a3=64e1754cd270 items=2 ppid=9571 pid=4162 auid=733 uid=997 gid=1272 euid=0 suid=0 fsuid=0 egid=1293 sgid=771 fsgid=1072 tty=pts0 ses=3 comm="sort" exe="/usr/bin/python3" subj=unconfined key="process_exec"ARCH=x86_64 SYSCALL=execve AUID="heroic" UID="heroic" GID="heroic" EUID="root" SUID="root" FSUID="root" EGID="heroic" SGID="heroic" FSGID="heroic"
type=PATH msg=audit(1769928625.863:4693): item=1 name="/lib64/ld-linux-x86-64.so.2" inode=1574901 dev=8:2 mode=100552 ouid=0 ogid=0 rdev=0:0 nametype=NORMAL cap_fp=0 cap_fi=0 cap_fe=0 cap_fver=0 cap_frootid=0OUID="root" OGID="root"
type=PATH msg=audit(1769928710.805:5691): item=1 name="/lib64/ld-linux-x86-64.so.2" inode=1575010 dev=8:2 mode=100986 ouid=0 ogid=0 rdev=0:0 nametype=NORMAL cap_fp=0 cap_fi=0 cap_fe=0 cap_fver=0 cap_frootid=0OUID="root" OGID="root"
type=USER_ACCT msg=audit(1769929214.894:9308): pid=8603 uid=967 auid=950 ses=3 subj=unconfined msg='op=PAM:accounting grantors=pam_permit,pam_localuser acct="heroic" exe="/usr/bin/last" hostname=? addr=? terminal=/dev/pts/0 res=success'UID="heroic" AUID="heroic"
type=CRED_DISP msg=audit(1769928566.588:4897): pid=7418 uid=0 auid=0 ses=7 subj=unconfined msg='op=PAM:setcred grantors=pam_permit acct="root" exe="/usr/bin/sort" hostname=? addr=? terminal=cron res=success'UID="root" AUID="root"
type=PROCTITLE msg=audit(1769929361.1016:6246): proctitle="whoami"
type=CWD msg=audit(1769929253.881:6038): cwd="/var/ossec"
type=EXECVE msg=audit(1769928761.57:4664): argc=3 a0="mkdir" a1="-p" a2="/tmp/hids_malicious"
type=CWD msg=audit(1769929299.438:7179): cwd=2F746D702F686964735F6D616C6963696F7573202864656C6574656429
type=SERVICE_STOP msg=audit(1769929339.1009:9293): pid=5190 uid=0 auid=4294967497 ses=4294967213 subj=unconfined msg='unit=NetworkManager-dispatcher comm="last" exe="/usr/bin/last" hostname=? addr=? terminal=? res=success'UID="root" AUID="unset"
type=PROCTITLE msg=audit(1769928562.825:8302): proctitle=7375646F0077686F616D69
type=EXECVE msg=audit(1769928522.396:4916): argc=3 a0="cp" a1="/var/log/audit/audit.log" a2="/home/heroic/Desktop/hids_dataset/raw/malicious_remote.log~"
type=PROCTITLE msg=audit(1769929392.51:5513): proctitle=746565002F6574632F63726F6E2E642F686964735F70657273697374
type=PROCTITLE msg=audit(1769928709.414:8515): proctitle=736C656570003930
type=SYSCALL msg=audit(1769928950.34:4771): arch=c000003e syscall=59 success=yes exit=0 a0=58d4a4b33b68 a1=58d4a4b43ba0 a2=58d4a4b56340 a3=64 items=2 ppid=7668 pid=4330 auid=1416 uid=0 gid=0 euid=0 suid=0 fsuid=0 egid=0 sgid=0 fsgid=0 tty=pts1 ses=3 comm="python" exe="/usr/bin/df" subj=unconfined key="process_exec"ARCH=x86_64 SYSCALL=execve AUID="heroic" UID="root" GID="root" EUID="root" SUID="root" FSUID="root" EGID="root" SGID="root" FSGID="root"
type=PATH msg=audit(1769928696.563:7767): item=1 name="/lib64/ld-linux-x86-64.so.2" inode=1574960 dev=8:2 mode=100346 ouid=0 ogid=0 rdev=0:0 nametype=NORMAL cap_fp=0 cap_fi=0 cap_fe=0 cap_fver=0 cap_frootid=0OUID="root" OGID="root"
type=SYSCALL msg=audit(1769928544.390:7582): arch=c000003e syscall=59 success=yes exit=0 a0=5c784d993b68 a1=5c784d9a3ba0 a2=5c784d9b67a0 a3=64 items=2 ppid=6093 pid=8463 auid=823 uid=0 gid=0 euid=0 suid=0 fsuid=0 egid=0 sgid=0 fsgid=0 tty=pts4 ses=3 comm="sed" exe="/usr/bin/netstat" subj=unconfined key="process_exec"ARCH=x86_64 SYSCALL=execve AUID="heroic" UID="root" GID="root" EUID="root" SUID="root" FSUID="root" EGID="root" SGID="root" FSGID="root"
type=PATH msg=audit(1769928682.21:6189): item=0 name="/usr/bin/tail" inode=1578402 dev=8:2 mode=100731 ouid=0 ogid=0 rdev=0:0 nametype=NORMAL cap_fp=0 cap_fi=0 cap_fe=0 cap_fver=0 cap_frootid=0OUID="root" OGID="root"
type=SYSCALL msg=audit(1769929195.603:7195): arch=c000003e syscall=599 success=yes exit=3 a0=ffffff9c a1=7ffffd8e272c a2=403 a3=1b6 items=2 ppid=7707 pid=9051 auid=656 uid=0 gid=0 euid=0 suid=0 fsuid=0 egid=0 sgid=0 fsgid=0 tty=pts4 ses=3 comm="sed" exe="/usr/bin/netstat" subj=unconfined key="persistence"ARCH=x86_64 SYSCALL=openat AUID="heroic" UID="root" GID="root" EUID="root" SUID="root" FSUID="root" EGID="root" SGID="root" FSGID="root"
type=PATH msg=audit(1769928763.754:7452): item=1 name="/lib64/ld-linux-x86-64.so.2" inode=1575568 dev=8:2 mode=100534 ouid=0 ogid=0 rdev=0:0 nametype=NORMAL cap_fp=0 cap_fi=0 cap_fe=0 cap_fver=0 cap_frootid=0OUID="root" OGID="root"
type=PROCTITLE msg=audit(1769928819.724:6578): proctitle="groups"
type=PATH msg=audit(1769928813.175:6671): item=0 name="/usr/bin/chmod" inode=1577733 dev=8:2 mode=100849 ouid=0 ogid=0 rdev=0:0 nametype=NORMAL cap_fp=0 cap_fi=0 cap_fe=0 cap_fver=0 cap_frootid=0OUID="root" OGID="root"
type=PATH msg=audit(1769928494.435:9342): item=1 name="/lib64/ld-linux-x86-64.so.2" inode=1575163 dev=8:2 mode=100885 ouid=0 ogid=0 rdev=0:0 nametype=NORMAL cap_fp=0 cap_fi=0 cap_fe=0 cap_fver=0 cap_frootid=0OUID="root" OGID="root"
type=PATH msg=audit(1769929224.435:7805): item=0 name="/usr/bin/sleep" inode=1578009 dev=8:2 mode=100917 ouid=0 ogid=0 rdev=0:0 nametype=NORMAL cap_fp=0 cap_fi=0 cap_fe=0 cap_fver=0 cap_frootid=0OUID="root" OGID="root"
type=PATH msg=audit(1769929174.291:5188): item=1 name="/lib64/ld-linux-x86-64.so.2" inode=1575539 dev=8:2 mode=100474 ouid=0 ogid=0 rdev=0:0 nametype=NORMAL cap_fp=0 cap_fi=0 cap_fe=0 cap_fver=0 cap_frootid=0OUID="root" OGID="root"
type=PATH msg=audit(1769928524.47:7925): item=1 name="/lib64/ld-linux-x86-64.so.2" inode=1575248 dev=8:2 mode=100639 ouid=0 ogid=0 rdev=0:0 nametype=NORMAL cap_fp=0 cap_fi=0 cap_fe=0 cap_fver=0 cap_frootid=0OUID="root" OGID="root"
type=SYSCALL msg=audit(1769929288.424:9271): arch=c000003e syscall=59 success=yes exit=0 a0=5da302dcb530 a1=5da302dca270 a2=5da302dc08f0 a3=5da302dcc190 items=2 ppid=7010 pid=6108 auid=929 uid=1035 gid=773 euid=1491 suid=622 fsuid=1440 egid=686 sgid=796 fsgid=1337 tty=pts0 ses=3 comm="sed" exe="/usr/bin/python3" subj=unconfined key="process_exec"ARCH=x86_64 SYSCALL=execve AUID="heroic" UID="heroic" GID="heroic" EUID="heroic" SUID="heroic" FSUID="heroic" EGID="heroic" SGID="heroic" FSGID="heroic"
type=EXECVE msg=audit(1769929151.633:8895): argc=2 a0="ps" a1="aux"
type=SYSCALL msg=audit(1769928737.43:7964): arch=c000003e syscall=59 success=yes exit=0 a0=5e8dd7c3ce30 a1=5e8dd7c44ca0 a2=5e8dd7c3c820 a3=8 items=2 ppid=2752 pid=4023 auid=733 uid=0 gid=0 euid=0 suid=0 fsuid=0 egid=0 sgid=0 fsgid=0 tty=pts4 ses=3 comm="ss" exe="/usr/bin/last" subj=unconfined key="process_exec"ARCH=x86_64 SYSCALL=execve AUID="heroic" UID="root" GID="root" EUID="root" SUID="root" FSUID="root" EGID="root" SGID="root" FSGID="root"
type=USER_ACCT msg=audit(1769928583.1127:7086): pid=2365 uid=546 auid=509 ses=3 subj=unconfined msg='op=PAM:accounting grantors=pam_permit,pam_localuser acct="heroic" exe="/usr/bin/sed" hostname=? addr=? terminal=/dev/pts/0 res=success'UID="heroic" AUID="heroic"
type=CRED_REFR msg=audit(1769929215.649:6360): pid=5243 uid=577 auid=1384 ses=5 subj=unconfined msg='op=PAM:setcred grantors=pam_permit,pam_cap acct="root" exe="/usr/bin/sed" hostname=? addr=? terminal=/dev/pts/0 res=success'UID="heroic" AUID="heroic"
type=PROCTITLE msg=audit(1769929209.1182:4528): proctitle=756E616D65002D61
type=PATH msg=audit(1769928946.410:9170): item=0 name="/usr/bin/lesspipe" inode=1573865 dev=8:2 mode=100541 ouid=0 ogid=0 rdev=0:0 nametype=NORMAL cap_fp=0 cap_fi=0 cap_fe=0 cap_fver=0 cap_frootid=0OUID="root" OGID="root"
type=CWD msg=audit(1769929166.357:7489): cwd="/home/heroic"
type=USER_START msg=audit(1769929303.405:7113): pid=1959 uid=883 auid=1421 ses=3 subj=unconfined msg='op=PAM:session_open grantors=pam_limits,pam_env,pam_env,pam_permit,pam_umask,pam_unix acct="root" exe="/usr/bin/netstat" hostname=? addr=? terminal=/dev/pts/0 res=success'UID="heroic" AUID="heroic"
type=CWD msg=audit(1769928591.162:7283): cwd="/var/ossec"
type=PROCTITLE msg=audit(1769928598.287:7487): proctitle=2F7573722F7362696E2F43524F4E002D66002D50
type=USER_CMD msg=audit(1769928886.376:7160): pid=2961 uid=1141 auid=1005 ses=3 subj=unconfined msg='cwd="/tmp" cmd=726D202D66202F6574632F63726F6E2E642F686964735F70657273697374 exe="/usr/bin/last" terminal=pts/0 res=success'UID="heroic" AUID="heroic"
type=USER_END msg=audit(1769929138.571:8068): pid=9434 uid=0 auid=0 ses=5 subj=unconfined msg='op=PAM:session_close grantors=pam_loginuid,pam_env,pam_env,pam_permit,pam_umask,pam_unix,pam_limits acct="root" exe="/bin/sh" hostname=? addr=? terminal=cron res=success'UID="root" AUID="root"
type=USER_START msg=audit(1769928633.708:8403): pid=3076 uid=1305 auid=1367 ses=3 subj=unconfined msg='op=PAM:session_open grantors=pam_limits,pam_env,pam_env,pam_permit,pam_umask,pam_unix acct="root" exe="/usr/bin/tail" hostname=? addr=? terminal=/dev/pts/0 res=success'UID="heroic" AUID="heroic"
type=PROCTITLE msg=audit(1769929018.1344:8657): proctitle=726D646972002F746D702F686964735F6D616C6963696F7573
type=CWD msg=audit(1769928850.30:4177): cwd="/tmp"
type=EXECVE msg=audit(1769928558.433:8387): argc=1 a0="whoami"
type=CWD msg=audit(1769928461.52:5583): cwd="/root"
type=EXECVE msg=audit(1769928987.530:5282): argc=2 a0="sudo" a1="whoami"
type=PATH msg=audit(1769929076.594:7297): item=1 name="/lib64/ld-linux-x86-64.so.2" inode=1575191 dev=8:2 mode=100893 ouid=0 ogid=0 rdev=0:0 nametype=NORMAL cap_fp=0 cap_fi=0 cap_fe=0 cap_fver=0 cap_frootid=0OUID="root" OGID="root"
type=SYSCALL msg=audit(1769929221.1148:9459): arch=c000003e syscall=59 success=yes exit=0 a0=5da302dcc3f0 a1=5da302dccff0 a2=5da302dc08f0 a3=5da302dccff0 items=2 ppid=899 pid=6475 auid=784 uid=544 gid=1438 euid=558 suid=1484 fsuid=1031 egid=1265 sgid=988 fsgid=1386 tty=pts0 ses=3 comm="sed" exe="/usr/bin/sudo" subj=unconfined key="process_exec"ARCH=x86_64 SYSCALL=execve AUID="heroic" UID="heroic" GID="heroic" EUID="heroic" SUID="heroic" FSUID="heroic" EGID="heroic" SGID="heroic" FSGID="heroic"
type=SYSCALL msg=audit(1769929290.232:7465): arch=c000003e syscall=59 success=yes exit=0 a0=5da302dccbb0 a1=5da302dccb90 a2=5da302dc08f0 a3=5da302dccb90 items=2 ppid=3697 pid=1379 auid=1172 uid=911 gid=1266 euid=0 suid=0 fsuid=0 egid=681 sgid=790 fsgid=1259 tty=pts0 ses=3 comm="sed" exe="/usr/bin/tail" subj=unconfined key="process_exec"ARCH=x86_64 SYSCALL=execve AUID="heroic" UID="heroic" GID="heroic" EUID="root" SUID="root" FSUID="root" EGID="heroic" SGID="heroic" FSGID="heroic"
type=CWD msg=audit(1769929002.787:9245): cwd="/tmp"
type=CWD msg=audit(1769928842.907:3907): cwd="/tmp"
type=PATH msg=audit(1769928980.207:5304): item=0 name="/bin/sh" inode=1573354 dev=8:2 mode=100660 ouid=0 ogid=0 rdev=0:0 nametype=NORMAL cap_fp=0 cap_fi=0 cap_fe=0 cap_fver=0 cap_frootid=0OUID="root" OGID="root"
type=CWD msg=audit(1769929219.434:8747): cwd="/root"
type=SYSCALL msg=audit(1769928840.1081:5527): arch=c000003e syscall=59 success=yes exit=0 a0=64e1754cfff0 a1=64e1754cf310 a2=64e1754c38f0 a3=64e1754cf310 items=2 ppid=4781 pid=8257 auid=1490 uid=1417 gid=562 euid=764 suid=1316 fsuid=1330 egid=547 sgid=630 fsgid=1168 tty=pts0 ses=3 comm="sudo" exe="/usr/bin/netstat" subj=unconfined key="process_exec"ARCH=x86_64 SYSCALL=execve AUID="heroic" UID="heroic" GID="heroic" EUID="heroic" SUID="heroic" FSUID="heroic" EGID="heroic" SGID="heroic" FSGID="heroic"
type=SYSCALL msg=audit(1769928987.458:5607): arch=c000003e syscall=190 success=yes exit=3 a0=ffffff9c a1=7ffe817ba72c a2=465 a3=1b6 items=2 ppid=7092 pid=5044 auid=839 uid=0 gid=0 euid=0 suid=0 fsuid=0 egid=0 sgid=0 fsgid=0 tty=pts4 ses=3 comm="ss" exe="/usr/bin/netstat" subj=unconfined key="persistence"ARCH=x86_64 SYSCALL=openat AUID="heroic" UID="root" GID="root" EUID="root" SUID="root" FSUID="root" EGID="root" SGID="root" FSGID="root"
type=PROCTITLE msg=audit(1769929309.195:9425): proctitle=7375646F002D6C
type=PATH msg=audit(1769928589.270:7069): item=0 name="/usr/bin/sudo" inode=1574361 dev=8:2 mode=105252 ouid=0 ogid=0 rdev=0:0 nametype=NORMAL cap_fp=0 cap_fi=0 cap_fe=0 cap_fver=0 cap_frootid=0OUID="root" OGID="root"
type=CWD msg=audit(1769928819.1372:8610): cwd="/tmp"
type=PATH msg=audit(1769928571.1001:4689): item=0 name="/usr/bin/rmdir" inode=1577716 dev=8:2 mode=101229 ouid=0 ogid=0 rdev=0:0 nametype=NORMAL cap_fp=0 cap_fi=0 cap_fe=0 cap_fver=0 cap_frootid=0OUID="root" OGID="root"
type=SERVICE_STOP msg=audit(1769929079.701:7694): pid=6999 uid=0 auid=4294967400 ses=4294966886 subj=unconfined msg='unit=sysstat-collect comm="sed" exe="/usr/bin/netstat" hostname=? addr=? terminal=? res=success'UID="root" AUID="unset"
type=EXECVE msg=audit(1769929363.204:4296): argc=7 a0="/usr/lib/systemd/systemd-executor" a1="--deserialize" a2="207" a3="--log-level" a4="info" a5="--log-target" a6="journal-or-kmsg"
type=PATH msg=audit(1769929382.947:6199): item=0 name="/usr/bin/sudo" inode=1573911 dev=8:2 mode=105010 ouid=0 ogid=0 rdev=0:0 nametype=NORMAL cap_fp=0 cap_fi=0 cap_fe=0 cap_fver=0 cap_frootid=0OUID="root" OGID="root"
type=CRED_DISP msg=audit(1769928847.914:9636): pid=6998 uid=1387 auid=1315 ses=3 subj=unconfined msg='op=PAM:setcred grantors=pam_permit acct="root" exe="/usr/bin/sudo" hostname=? addr=? terminal=/dev/pts/0 res=success'UID="heroic" AUID="heroic"
type=PATH msg=audit(1769929186.869:9472): item=1 name="/lib64/ld-linux-x86-64.so.2" inode=1575642 dev=8:2 mode=100846 ouid=0 ogid=0 rdev=0:0 nametype=NORMAL cap_fp=0 cap_fi=0 cap_fe=0 cap_fver=0 cap_frootid=0OUID="root" OGID="root"
type=PROCTITLE msg=audit(1769928929.131:8776): proctitle=756E616D65002D61
type=SYSCALL msg=audit(1769928463.1162:9036): arch=c000003e syscall=59 success=yes exit=0 a0=5da302dccbb0 a1=5da302dccb90 a2=5da302dc08f0 a3=5da302dccb90 items=2 ppid=10150 pid=5417 auid=765 uid=858 gid=979 euid=0 suid=0 fsuid=0 egid=1119 sgid=523 fsgid=1489 tty=pts0 ses=3 comm="ss" exe="/usr/bin/sed" subj=unconfined key="process_exec"ARCH=x86_64 SYSCALL=execve AUID="heroic" UID="heroic" GID="heroic" EUID="root" SUID="root" FSUID="root" EGID="heroic" SGID="heroic" FSGID="heroic"
type=USER_START msg=audit(1769928601.519:8122): pid=8496 uid=882 auid=798 ses=3 subj=unconfined msg='op=PAM:session_open grantors=pam_limits,pam_env,pam_env,pam_permit,pam_umask,pam_unix acct="root" exe="/bin/sh" hostname=? addr=? terminal=/dev/pts/0 res=success'UID="heroic" AUID="heroic"
type=SYSCALL msg=audit(1769929232.204:7499): arch=c000003e syscall=59 success=yes exit=0 a0=64e1754cb600 a1=64e1754ca0f0 a2=64e1754c38f0 a3=64e1754cf3f0 items=2 ppid=1453 pid=7799 auid=1254 uid=1004 gid=1462 euid=767 suid=1053 fsuid=1308 egid=575 sgid=1330 fsgid=962 tty=pts0 ses=3 comm="netstat" exe="/usr/bin/tail" subj=unconfined key="process_exec"ARCH=x86_64 SYSCALL=execve AUID="heroic" UID="heroic" GID="heroic" EUID="heroic" SUID="heroic" FSUID="heroic" EGID="heroic" SGID="heroic" FSGID="heroic"
type=SYSCALL msg=audit(1769928850.672:9655): arch=c000003e syscall=59 success=yes exit=0 a0=64e1754cfb70 a1=64e1754ce5d0 a2=64e1754c38f0 a3=64e1754cb980 items=2 ppid=6894 pid=9874 auid=1430 uid=1455 gid=1237 euid=1297 suid=1303 fsuid=604 egid=1141 sgid=519 fsgid=779 tty=pts0 ses=3 comm="last" exe="/usr/bin/df" subj=unconfined key="process_exec"ARCH=x86_64 SYSCALL=execve AUID="heroic" UID="heroic" GID="heroic" EUID="heroic" SUID="heroic" FSUID="heroic" EGID="heroic" SGID="heroic" FSGID="heroic"
type=EXECVE msg=audit(1769929387.901:7771): argc=2 a0="dirname" a1="/usr/bin/lesspipe"
type=SYSCALL msg=audit(1769928591.1056:7772): arch=c000003e syscall=59 success=yes exit=0 a0=7ffd2e5d34c0 a1=7ffd2e5d34e0 a2=7ffd2e5d3fd0 a3=8 items=2 ppid=5057 pid=1675 auid=4294966837 uid=0 gid=0 euid=0 suid=0 fsuid=0 egid=0 sgid=0 fsgid=0 tty=(none) ses=4294967318 comm="tail" exe="/usr/bin/last" subj=unconfined key="process_exec"ARCH=x86_64 SYSCALL=execve AUID="unset" UID="root" GID="root" EUID="root" SUID="root" FSUID="root" EGID="root" SGID="root" FSGID="root"
type=USER_ACCT msg=audit(1769929128.86:7688): pid=4960 uid=1250 auid=918 ses=3 subj=unconfined msg='op=PAM:accounting grantors=pam_permit,pam_localuser acct="heroic" exe="/usr/bin/last" hostname=? addr=? terminal=/dev/pts/0 res=success'UID="heroic" AUID="heroic"
type=USER_START msg=audit(1769928973.808:7784): pid=8934 uid=630 auid=594 ses=3 subj=unconfined msg='op=PAM:session_open grantors=pam_limits,pam_env,pam_env,pam_permit,pam_umask,pam_unix acct="root" exe="/usr/bin/tail" hostname=? addr=? terminal=/dev/pts/0 res=success'UID="heroic" AUID="heroic"
type=PROCTITLE msg=audit(1769928537.870:8302): proctitle=6375726C002D730066696C653A2F2F2F746D702F686964735F6D616C6963696F75732F7061796C6F61642E7368
type=SYSCALL msg=audit(1769928462.503:6859): arch=c000003e syscall=59 success=yes exit=0 a0=64e1754d05f0 a1=64e1754cb980 a2=64e1754c38f0 a3=64e1754cb980 items=2 ppid=8489 pid=8594 auid=1161 uid=1068 gid=633 euid=1272 suid=1230 fsuid=1026 egid=1355 sgid=863 fsgid=792 tty=pts0 ses=3 comm="sudo" exe="/usr/bin/sudo" subj=unconfined key="process_exec"ARCH=x86_64 SYSCALL=execve AUID="heroic" UID="heroic" GID="heroic" EUID="heroic" SUID="heroic" FSUID="heroic" EGID="heroic" SGID="heroic" FSGID="heroic"
type=BPRM_FCAPS msg=audit(1769929267.6:9738): fver=0 fp=0 fi=0 fe=0 old_pp=000001fffffeffff old_pi=0 old_pe=000001fffffeffff old_pa=0 pp=000001fffffeffff pi=0 pe=000001fffffeffff pa=0 frootid=0
type=SYSCALL msg=audit(1769928897.214:9035): arch=c000003e syscall=59 success=yes exit=0 a0=624b72f0d050 a1=624b72f0d150 a2=624b72f0c4b0 a3=624b72f0d1e0 items=2 ppid=1321 pid=2067 auid=4294967230 uid=0 gid=0 euid=0 suid=0 fsuid=0 egid=0 sgid=0 fsgid=0 tty=(none) ses=4294967200 comm="netstat" exe="/usr/bin/python3" subj=unconfined key="process_exec"ARCH=x86_64 SYSCALL=execve AUID="unset" UID="root" GID="root" EUID="root" SUID="root" FSUID="root" EGID="root" SGID="root" FSGID="root"
type=BPF msg=audit(1769928595.490:7771): prog-id=99 op=LOAD
type=USER_START msg=audit(1769928815.1151:7764): pid=4839 uid=1424 auid=519 ses=3 subj=unconfined msg='op=PAM:session_open grantors=pam_limits,pam_env,pam_env,pam_permit,pam_umask,pam_unix acct="root" exe="/usr/bin/df" hostname=? addr=? terminal=/dev/pts/0 res=success'UID="heroic" AUID="heroic"
type=CWD msg=audit(1769928457.91:5931): cwd="/var/ossec"
type=SYSCALL msg=audit(1769929007.1339:8962): arch=c000003e syscall=59 success=yes exit=0 a0=7ffd2e5d34c0 a1=7ffd2e5d34e0 a2=7ffd2e5d3fd0 a3=8 items=2 ppid=8972 pid=6791 auid=4294967751 uid=0 gid=0 euid=0 suid=0 fsuid=0 egid=0 sgid=0 fsgid=0 tty=(none) ses=4294967140 comm="tail" exe="/bin/sh" subj=unconfined key="process_exec"ARCH=x86_64 SYSCALL=execve AUID="unset" UID="root" GID="root" EUID="root" SUID="root" FSUID="root" EGID="root" SGID="root" FSGID="root"
type=BPRM_FCAPS msg=audit(1769929065.501:8456): fver=0 fp=0 fi=0 fe=0 old_pp=000001fffffeffff old_pi=0 old_pe=000001fffffeffff old_pa=0 pp=000001fffffeffff pi=0 pe=000001fffffeffff pa=0 frootid=0
type=CWD msg=audit(1769929186.913:4690): cwd="/root"
type=CWD msg=audit(1769929394.474:7304): cwd="/usr/local/bin"
type=USER_START msg=audit(1769928655.568:5324): pid=4007 uid=1444 auid=1171 ses=3 subj=unconfined msg='op=PAM:session_open grantors=pam_limits,pam_env,pam_env,pam_permit,pam_umask,pam_unix acct="root" exe="/usr/bin/python3" hostname=? addr=? terminal=/dev/pts/0 res=success'UID="heroic" AUID="heroic"
type=EXECVE msg=audit(1769928463.231:7518): argc=58 a0="rm" a1="-f" a2="file_10.dat" a3="file_11.dat" a4="file_12.dat" a5="file_13.dat" a6="file_14.dat" a7="file_15.dat" a8="file_16.dat" a9="file_17.dat" a10="file_18.dat" a11="file_19.dat" a12="file_1.dat" a13="file_20.dat" a14="file_21.dat" a15="file_22.dat" a16="file_23.dat" a17="file_24.dat" a18="file_25.dat" a19="file_26.dat" a20="file_27.dat" a21="file_28.dat" a22="file_29.dat" a23="file_2.dat" a24="file_30.dat" a25="file_31.dat" a26="file_32.dat" a27="file_33.dat" a28="file_34.dat" a29="file_35.dat" a30="file_36.dat" a31="file_37.dat" a32="file_38.dat" a33="file_39.dat" a34="file_3.dat" a35="file_40.dat" a36="file_41.dat" a37="file_42.dat" a38="file_43.dat" a39="file_44.dat" a40="file_45.dat" a41="file_46.dat" a42="file_47.dat" a43="file_48.dat" a44="file_49.dat" a45="file_4.dat" a46="file_50.dat" a47="file_5.dat" a48="file_6.dat" a49="file_7.dat" a50="file_8.dat" a51="file_9.dat" a52="payload.sh" a53="recon.txt" a54="netstat.txt" a55="processes.txt" a56="sudo_enum.txt" a57="sudo_test.txt"
type=EXECVE msg=audit(1769928693.569:9339): argc=2 a0="uname" a1="-a"
type=EXECVE msg=audit(1769928686.667:7874): argc=2 a0="sudo" a1="su"
type=PROCTITLE msg=audit(1769928680.892:6484): proctitle=7375646F00746565002F6574632F63726F6E2E642F686964735F70657273697374
type=PATH msg=audit(1769929345.1123:6631): item=1 name="/lib64/ld-linux-x86-64.so.2" inode=1575306 dev=8:2 mode=100846 ouid=0 ogid=0 rdev=0:0 nametype=NORMAL cap_fp=0 cap_fi=0 cap_fe=0 cap_fver=0 cap_frootid=0OUID="root" OGID="root"
type=PATH msg=audit(1769929191.398:7170): item=0 name="/usr/bin/bash" inode=1573457 dev=8:2 mode=100500 ouid=0 ogid=0 rdev=0:0 nametype=NORMAL cap_fp=0 cap_fi=0 cap_fe=0 cap_fver=0 cap_frootid=0OUID="root" OGID="root"
type=CWD msg=audit(1769929013.391:7283): cwd="/usr/local/bin"
type=PATH msg=audit(1769929205.355:5076): item=0 name="/usr/bin/bash" inode=1573294 dev=8:2 mode=101065 ouid=0 ogid=0 rdev=0:0 nametype=NORMAL cap_fp=0 cap_fi=0 cap_fe=0 cap_fver=0 cap_frootid=0OUID="root" OGID="root"
type=CWD msg=audit(1769929001.746:7962): cwd="/root"
type=CWD msg=audit(1769928487.917:8288): cwd="/var/ossec"
type=USER_CMD msg=audit(1769928685.221:5271): pid=4539 uid=592 auid=1316 ses=3 subj=unconfined msg='cwd="/usr/local/bin" cmd=726D202D66202F6574632F63726F6E2E642F686964735F70657273697374 exe="/usr/bin/sudo" terminal=pts/0 res=success'UID="heroic" AUID="heroic"
type=EXECVE msg=audit(1769928848.785:6851): argc=2 a0="sleep" a1="5"
type=SYSCALL msg=audit(1769929039.867:6908): arch=c000003e syscall=59 success=yes exit=0 a0=64e1754ced10 a1=64e1754cb980 a2=64e1754c38f0 a3=64e1754cb980 items=2 ppid=9200 pid=4166 auid=1230 uid=944 gid=726 euid=0 suid=0 fsuid=0 egid=1463 sgid=883 fsgid=1357 tty=pts0 ses=3 comm="last" exe="/usr/bin/df" subj=unconfined key="process_exec"ARCH=x86_64 SYSCALL=execve AUID="heroic" UID="heroic" GID="heroic" EUID="root" SUID="root" FSUID="root" EGID="heroic" SGID="heroic" FSGID="heroic"
type=USER_CMD msg=audit(1769929051.250:7681): pid=1586 uid=1229 auid=1160 ses=3 subj=unconfined msg='cwd="/usr/local/bin" cmd=726D202D66202F6574632F63726F6E2E642F686964735F70657273697374 exe="/usr/bin/sort" terminal=pts/0 res=success'UID="heroic" AUID="heroic"
type=CWD msg=audit(1769928764.743:7373): cwd="/root"
type=SYSCALL msg=audit(1769928799.434:4235): arch=c000003e syscall=59 success=yes exit=0 a0=5da302dc6e20 a1=5da302dcc330 a2=5da302dc08f0 a3=8 items=2 ppid=3049 pid=1465 auid=537 uid=595 gid=1395 euid=756 suid=1280 fsuid=834 egid=1323 sgid=605 fsgid=726 tty=pts0 ses=3 comm="sort" exe="/usr/bin/python3" subj=unconfined key="process_exec"ARCH=x86_64 SYSCALL=execve AUID="heroic" UID="heroic" GID="heroic" EUID="heroic" SUID="heroic" FSUID="heroic" EGID="heroic" SGID="heroic" FSGID="heroic"
type=CWD msg=audit(1769929006.827:6084): cwd="/usr/local/bin"
type=EXECVE msg=audit(1769929195.424:5380): argc=2 a0="tee" a1="/etc/cron.d/hids_persist"
type=EXECVE msg=audit(1769928683.556:5736): argc=1 a0="whoami"
type=PATH msg=audit(1769928450.64:7618): item=1 name="/lib64/ld-linux-x86-64.so.2" inode=1574842 dev=8:2 mode=101179 ouid=0 ogid=0 rdev=0:0 nametype=NORMAL cap_fp=0 cap_fi=0 cap_fe=0 cap_fver=0 cap_frootid=0OUID="root" OGID="root"
type=PATH msg=audit(1769928851.336:6835): item=0 name="/usr/bin/basename" inode=1577674 dev=8:2 mode=101216 ouid=0 ogid=0 rdev=0:0 nametype=NORMAL cap_fp=0 cap_fi=0 cap_fe=0 cap_fver=0 cap_frootid=0OUID="root" OGID="root"
type=CWD msg=audit(1769928847.579:4060): cwd="/var/ossec"
type=CWD msg=audit(1769928955.269:4296): cwd="/tmp"
type=PATH msg=audit(1769929256.948:4387): item=1 name="/lib64/ld-linux-x86-64.so.2" inode=1575391 dev=8:2 mode=100270 ouid=0 ogid=0 rdev=0:0 nametype=NORMAL cap_fp=0 cap_fi=0 cap_fe=0 cap_fver=0 cap_frootid=0OUID="root" OGID="root"
type=CWD msg=audit(1769928731.1303:5527): cwd="/root"
type=PATH msg=audit(1769929076.156:4433): item=1 name="/lib64/ld-linux-x86-64.so.2" inode=1575600 dev=8:2 mode=100997 ouid=0 ogid=0 rdev=0:0 nametype=NORMAL cap_fp=0 cap_fi=0 cap_fe=0 cap_fver=0 cap_frootid=0OUID="root" OGID="root"
type=EXECVE msg=audit(1769929360.393:9639): argc=8 a0="/usr/lib/sysstat/sadc" a1="-F" a2="-L" a3="-S" a4="DISK" a5="1" a6="1" a7="/var/log/sysstat"
type=SYSCALL msg=audit(1769928693.1075:8891): arch=c000003e syscall=59 success=yes exit=0 a0=5da302dca2b0 a1=5da302dca310 a2=5da302dc08f0 a3=5da302dca310 items=2 ppid=5411 pid=6589 auid=682 uid=1279 gid=1454 euid=0 suid=0 fsuid=0 egid=629 sgid=544 fsgid=1020 tty=pts0 ses=3 comm="netstat" exe="/usr/bin/last" subj=unconfined key="process_exec"ARCH=x86_64 SYSCALL=execve AUID="heroic" UID="heroic" GID="heroic" EUID="root" SUID="root" FSUID="root" EGID="heroic" SGID="heroic" FSGID="heroic"
type=PATH msg=audit(1769928845.333:9592): item=0 name="/usr/bin/sudo" inode=1573865 dev=8:2 mode=104346 ouid=0 ogid=0 rdev=0:0 nametype=NORMAL cap_fp=0 cap_fi=0 cap_fe=0 cap_fver=0 cap_frootid=0OUID="root" OGID="root"
type=EXECVE msg=audit(1769929326.369:6544): argc=2 a0="ps" a1="aux"
type=EXECVE msg=audit(1769929203.470:9322): argc=18 a0="gpg" a1="--enable-special-filenames" a2="--batch" a3="--no-sk-comments" a4="--homedir" a5="/var/lib/fwupd/gnupg" a6="--status-fd" a7="19" a8="--no-tty" a9="--charset" a10="utf8" a11="--enable-progress-filter" a12="--exit-on-status-write-error" a13="--logger-fd" a14="21" a15="--import" a16="--" a17="-&22"
type=EXECVE msg=audit(1769928644.1069:4771): argc=2 a0="tee" a1="/etc/cron.d/hids_persist"
type=USER_START msg=audit(1769928961.269:7978): pid=8405 uid=0 auid=864 ses=3 subj=unconfined msg='op=PAM:session_open grantors=pam_env,pam_env,pam_mail,pam_limits,pam_permit,pam_umask,pam_unix,pam_systemd acct="root" exe="/usr/bin/netstat" hostname=? addr=? terminal=/dev/pts/4 res=success'UID="root" AUID="heroic"
type=PATH msg=audit(1769928957.925:9672): item=1 name="/lib64/ld-linux-x86-64.so.2" inode=1575657 dev=8:2 mode=100475 ouid=0 ogid=0 rdev=0:0 nametype=NORMAL cap_fp=0 cap_fi=0 cap_fe=0 cap_fver=0 cap_frootid=0OUID="root" OGID="root"
type=PROCTITLE msg=audit(1769929341.717:5339): proctitle=726D002D66002F6574632F63726F6E2E642F686964735F70657273697374
type=USER_CMD msg=audit(1769928936.631:5018): pid=4759 uid=861 auid=940 ses=3 subj=unconfined msg='cwd="/var/ossec" cmd="whoami" exe="/usr/bin/sort" terminal=pts/0 res=success'UID="heroic" AUID="heroic"
type=SYSCALL msg=audit(1769929170.881:5867): arch=c000003e syscall=59 success=yes exit=0 a0=5da302dccf30 a1=5da302dc8920 a2=5da302dc08f0 a3=5da302dc8920 items=2 ppid=3841 pid=7043 auid=1183 uid=1281 gid=844 euid=661 suid=1440 fsuid=1284 egid=670 sgid=1322 fsgid=1198 tty=pts0 ses=3 comm="sed" exe="/usr/bin/netstat" subj=unconfined key="process_exec"ARCH=x86_64 SYSCALL=execve AUID="heroic" UID="heroic" GID="heroic" EUID="heroic" SUID="heroic" FSUID="heroic" EGID="heroic" SGID="heroic" FSGID="heroic"
type=SYSCALL msg=audit(1769929148.461:8049): arch=c000003e syscall=59 success=yes exit=0 a0=6420c3229b68 a1=6420c3239bd0 a2=6420c328e280 a3=64 items=2 ppid=5830 pid=6612 auid=988 uid=0 gid=0 euid=0 suid=0 fsuid=0 egid=0 sgid=0 fsgid=0 tty=pts2 ses=3 comm="netstat" exe="/bin/sh" subj=unconfined key="process_exec"ARCH=x86_64 SYSCALL=execve AUID="heroic" UID="root" GID="root" EUID="root" SUID="root" FSUID="root" EGID="root" SGID="root" FSGID="root"
type=PATH msg=audit(1769929140.386:4815): item=1 name="/etc/cron.d/hids_persist" inode=1703712 dev=8:2 mode=100227 ouid=0 ogid=0 rdev=0:0 nametype=CREATE cap_fp=0 cap_fi=0 cap_fe=0 cap_fver=0 cap_frootid=0OUID="root" OGID="root"
type=PATH msg=audit(1769928664.339:7461): item=0 name="/usr/bin/rm" inode=1578367 dev=8:2 mode=100368 ouid=0 ogid=0 rdev=0:0 nametype=NORMAL cap_fp=0 cap_fi=0 cap_fe=0 cap_fver=0 cap_frootid=0OUID="root" OGID="root"
type=PATH msg=audit(1769929305.490:9408): item=0 name="/usr/bin/ps" inode=1573947 dev=8:2 mode=101114 ouid=0 ogid=0 rdev=0:0 nametype=NORMAL cap_fp=0 cap_fi=0 cap_fe=0 cap_fver=0 cap_frootid=0OUID="root" OGID="root"
type=PATH msg=audit(1769928535.250:9663): item=1 name="/lib64/ld-linux-x86-64.so.2" inode=1575406 dev=8:2 mode=100498 ouid=0 ogid=0 rdev=0:0 nametype=NORMAL cap_fp=0 cap_fi=0 cap_fe=0 cap_fver=0 cap_frootid=0OUID="root" OGID="root"
type=PATH msg=audit(1769929402.711:8881): item=1 name="/lib64/ld-linux-x86-64.so.2" inode=1575112 dev=8:2 mode=101216 ouid=0 ogid=0 rdev=0:0 nametype=NORMAL cap_fp=0 cap_fi=0 cap_fe=0 cap_fver=0 cap_frootid=0OUID="root" OGID="root"
type=CWD msg=audit(1769928939.928:6944): cwd="/usr/local/bin"
type=SYSCALL msg=audit(1769929034.62:8501): arch=c000003e syscall=59 success=yes exit=0 a0=5da302dc7420 a1=5da302dce610 a2=5da302dc08f0 a3=5da302dcc8b0 items=2 ppid=4160 pid=7404 auid=1053 uid=1302 gid=728 euid=1215 suid=1445 fsuid=614 egid=776 sgid=1227 fsgid=1473 tty=pts0 ses=3 comm="sort" exe="/usr/bin/sort" subj=unconfined key="process_exec"ARCH=x86_64 SYSCALL=execve AUID="heroic" UID="heroic" GID="heroic" EUID="heroic" SUID="heroic" FSUID="heroic" EGID="heroic" SGID="heroic" FSGID="heroic"
type=USER_CMD msg=audit(1769929307.361:7476): pid=10372 uid=835 auid=888 ses=3 subj=unconfined msg='cwd="/root" cmd=746565202F6574632F63726F6E2E642F686964735F70657273697374 exe="/usr/bin/python3" terminal=pts/0 res=success'UID="heroic" AUID="heroic"
type=EXECVE msg=audit(1769928537.89:5843): argc=1 a0="whoami"
type=PATH msg=audit(1769928825.838:4698): item=1 name="/lib64/ld-linux-x86-64.so.2" inode=1575043 dev=8:2 mode=100632 ouid=0 ogid=0 rdev=0:0 nametype=NORMAL cap_fp=0 cap_fi=0 cap_fe=0 cap_fver=0 cap_frootid=0OUID="root" OGID="root"
type=PATH msg=audit(1769929053.1151:7373): item=0 name="/usr/bin/mkdir" inode=1577769 dev=8:2 mode=101158 ouid=0 ogid=0 rdev=0:0 nametype=NORMAL cap_fp=0 cap_fi=0 cap_fe=0 cap_fver=0 cap_frootid=0OUID="root" OGID="root"
type=SYSCALL msg=audit(1769928479.1346:6598): arch=c000003e syscall=59 success=yes exit=0 a0=5da302dc7ce0 a1=5da302dc78a0 a2=5da302dc08f0 a3=5da302dca270 items=2 ppid=2211 pid=4813 auid=749 uid=832 gid=1239 euid=0 suid=0 fsuid=0 egid=815 sgid=1377 fsgid=703 tty=pts0 ses=3 comm="tail" exe="/usr/bin/df" subj=unconfined key="process_exec"ARCH=x86_64 SYSCALL=execve AUID="heroic" UID="heroic" GID="heroic" EUID="root" SUID="root" FSUID="root" EGID="heroic" SGID="heroic" FSGID="heroic"
type=SYSCALL msg=audit(1769929079.386:9450): arch=c000003e syscall=59 success=yes exit=0 a0=56a2cccba8a6 a1=7ffeb4c10500 a2=56a2cccba8e0 a3=56a2cccba8a6 items=2 ppid=2298 pid=5817 auid=0 uid=0 gid=0 euid=0 suid=0 fsuid=0 egid=0 sgid=0 fsgid=0 tty=(none) ses=6 comm="netstat" exe="/usr/bin/sort" subj=unconfined key="process_exec"ARCH=x86_64 SYSCALL=execve AUID="root" UID="root" GID="root" EUID="root" SUID="root" FSUID="root" EGID="root" SGID="root" FSGID="root"
type=SYSCALL msg=audit(1769929027.959:6086): arch=c000003e syscall=59 success=yes exit=0 a0=64e1754cb7c0 a1=64e1754d14c0 a2=64e1754c38f0 a3=64e1754caa40 items=2 ppid=9925 pid=6008 auid=1200 uid=742 gid=1459 euid=931 suid=1486 fsuid=1387 egid=922 sgid=1261 fsgid=1264 tty=pts0 ses=3 comm="sort" exe="/usr/bin/python3" subj=unconfined key="process_exec"ARCH=x86_64 SYSCALL=execve AUID="heroic" UID="heroic" GID="heroic" EUID="heroic" SUID="heroic" FSUID="heroic" EGID="heroic" SGID="heroic" FSGID="heroic"
type=PATH msg=audit(1769928784.946:9833): item=0 name="/usr/lib/sysstat/debian-sa1" inode=1582831 dev=8:2 mode=101242 ouid=0 ogid=0 rdev=0:0 nametype=NORMAL cap_fp=0 cap_fi=0 cap_fe=0 cap_fver=0 cap_frootid=0OUID="root" OGID="root"
type=PATH msg=audit(1769928413.1215:9048): item=1 name="/lib64/ld-linux-x86-64.so.2" inode=1575695 dev=8:2 mode=101111 ouid=0 ogid=0 rdev=0:0 nametype=NORMAL cap_fp=0 cap_fi=0 cap_fe=0 cap_fver=0 cap_frootid=0OUID="root" OGID="root"
type=USER_START msg=audit(1769929001.1206:6259): pid=7866 uid=978 auid=644 ses=3 subj=unconfined msg='op=PAM:session_open grantors=pam_limits,pam_env,pam_env,pam_permit,pam_umask,pam_unix acct="root" exe="/usr/bin/sort" hostname=? addr=? terminal=/dev/pts/0 res=success'UID="heroic" AUID="heroic"
type=USER_ACCT msg=audit(1769928524.435:9778): pid=2471 uid=1193 auid=720 ses=3 subj=unconfined msg='op=PAM:accounting grantors=pam_permit,pam_localuser acct="heroic" exe="/bin/sh" hostname=? addr=? terminal=/dev/pts/0 res=success'UID="heroic" AUID="heroic"
type=EXECVE msg=audit(1769929142.1191:7608): argc=2 a0="sleep" a1="5"
type=USER_END msg=audit(1769928852.298:9467): pid=1742 uid=720 auid=1292 ses=3 subj=unconfined msg='op=PAM:session_close grantors=pam_limits,pam_env,pam_env,pam_permit,pam_umask,pam_unix acct="root" exe="/usr/bin/last" hostname=? addr=? terminal=/dev/pts/0 res=success'UID="heroic" AUID="heroic"
type=USER_ACCT msg=audit(1769928592.1283:4432): pid=1507 uid=918 auid=1499 ses=3 subj=unconfined msg='op=PAM:accounting grantors=pam_permit,pam_localuser acct="heroic" exe="/usr/bin/df" hostname=? addr=? terminal=/dev/pts/0 res=success'UID="heroic" AUID="heroic"
type=PROCTITLE msg=audit(1769928800.1014:5149): proctitle=676A73002F7573722F73686172652F676E6F6D652D7368656C6C2F657874656E73696F6E732F64696E6740726173746572736F66742E636F6D2F6170702F64696E672E6A73002D45002D50002F7573722F73686172652F676E6F6D652D7368656C6C2F657874656E73696F6E732F64696E6740726173746572736F66742E636F
type=USER_ACCT msg=audit(1769928855.143:6360): pid=1840 uid=0 auid=842 ses=5 subj=unconfined msg='op=PAM:accounting grantors=pam_permit,pam_localuser acct="root" exe="/bin/sh" hostname=? addr=? terminal=/dev/pts/1 res=success'UID="root" AUID="heroic"
type=CWD msg=audit(1769928437.951:7469): cwd="/home/heroic"
type=PROCTITLE msg=audit(1769928817.295:5722): proctitle=7373002D74756C6E70
type=PATH msg=audit(1769928783.179:9763): item=1 name="/lib64/ld-linux-x86-64.so.2" inode=1575828 dev=8:2 mode=100571 ouid=0 ogid=0 rdev=0:0 nametype=NORMAL cap_fp=0 cap_fi=0 cap_fe=0 cap_fver=0 cap_frootid=0OUID="root" OGID="root"
type=PATH msg=audit(1769928746.710:9797): item=0 name="/usr/bin/uname" inode=1577991 dev=8:2 mode=100673 ouid=0 ogid=0 rdev=0:0 nametype=NORMAL cap_fp=0 cap_fi=0 cap_fe=0 cap_fver=0 cap_frootid=0OUID="root" OGID="root"
type=CRED_REFR msg=audit(1769928561.691:9016): pid=3566 uid=1174 auid=972 ses=3 subj=unconfined msg='op=PAM:setcred grantors=pam_permit,pam_cap acct="root" exe="/usr/bin/sort" hostname=? addr=? terminal=/dev/pts/0 res=success'UID="heroic" AUID="heroic"
type=PATH msg=audit(1769929368.676:7203): item=1 name="/lib64/ld-linux-x86-64.so.2" inode=1575640 dev=8:2 mode=100726 ouid=0 ogid=0 rdev=0:0 nametype=NORMAL cap_fp=0 cap_fi=0 cap_fe=0 cap_fver=0 cap_frootid=0OUID="root" OGID="root"
type=EXECVE msg=audit(1769928711.802:8306): argc=2 a0="/bin/bash" a1="./malicious_local.sh"
type=PROCTITLE msg=audit(1769929184.234:4103): proctitle=7461696C002D66002F7661722F6C6F672F61756469742F61756469742E6C6F67
type=CRED_REFR msg=audit(1769928502.662:9250): pid=8727 uid=845 auid=1262 ses=3 subj=unconfined msg='op=PAM:setcred grantors=pam_permit,pam_cap acct="root" exe="/usr/bin/sudo" hostname=? addr=? terminal=/dev/pts/0 res=success'UID="heroic" AUID="heroic"
type=PATH msg=audit(1769928951.36:4543): item=0 name="/usr/libexec/fwupd/fwupd" inode=1581855 dev=8:2 mode=100772 ouid=0 ogid=0 rdev=0:0 nametype=NORMAL cap_fp=0 cap_fi=0 cap_fe=0 cap_fver=0 cap_frootid=0OUID="root" OGID="root"
type=CWD msg=audit(1769928604.163:5825): cwd="/usr/local/bin"
type=CRED_DISP msg=audit(1769928887.462:6488): pid=6593 uid=1281 auid=574 ses=3 subj=unconfined msg='op=PAM:setcred grantors=pam_permit acct="root" exe="/usr/bin/sudo" hostname=? addr=? terminal=/dev/pts/0 res=success'UID="heroic" AUID="heroic"
type=EXECVE msg=audit(1769928956.345:7742): argc=2 a0="dirname" a1="/usr/bin/lesspipe"
type=CWD msg=audit(1769928610.311:8187): cwd="/usr/local/bin"
type=PROCTITLE msg=audit(1769928745.1050:9585): proctitle=6375726C002D730066696C653A2F2F2F746D702F686964735F6D616C6963696F75732F7061796C6F61642E7368
type=CWD msg=audit(1769928831.620:4215): cwd="/usr/local/bin"
type=USER_END msg=audit(1769929180.219:5132): pid=1189 uid=1230 auid=1056 ses=3 subj=unconfined msg='op=PAM:session_close grantors=pam_limits,pam_env,pam_env,pam_permit,pam_umask,pam_unix acct="root" exe="/usr/bin/tail" hostname=? addr=? terminal=/dev/pts/0 res=success'UID="heroic" AUID="heroic"
type=PATH msg=audit(1769929315.323:6098): item=1 name="/lib64/ld-linux-x86-64.so.2" inode=1574950 dev=8:2 mode=100906 ouid=0 ogid=0 rdev=0:0 nametype=NORMAL cap_fp=0 cap_fi=0 cap_fe=0 cap_fver=0 cap_frootid=0OUID="root" OGID="root"
type=CRED_DISP msg=audit(1769928492.460:6852): pid=6898 uid=1351 auid=661 ses=3 subj=unconfined msg='op=PAM:setcred grantors=pam_permit acct="root" exe="/usr/bin/df" hostname=? addr=? terminal=/dev/pts/0 res=success'UID="heroic" AUID="heroic"
type=EXECVE msg=audit(1769928667.606:7863): argc=1 a0="whoami"
type=EXECVE msg=audit(1769928696.285:5991): argc=2 a0="uname" a1="-a"
type=PATH msg=audit(1769929313.447:7796): item=1 name="/lib64/ld-linux-x86-64.so.2" inode=1574912 dev=8:2 mode=101187 ouid=0 ogid=0 rdev=0:0 nametype=NORMAL cap_fp=0 cap_fi=0 cap_fe=0 cap_fver=0 cap_frootid=0OUID="root" OGID="root"
type=PATH msg=audit(1769928809.173:9833): item=0 name="/usr/bin/sudo" inode=1574253 dev=8:2 mode=105125 ouid=0 ogid=0 rdev=0:0 nametype=NORMAL cap_fp=0 cap_fi=0 cap_fe=0 cap_fver=0 cap_frootid=0OUID="root" OGID="root"
type=CWD msg=audit(1769928853.613:6549): cwd="/root"
type=PATH msg=audit(1769928959.711:4712): item=0 name="/usr/bin/lesspipe" inode=1573806 dev=8:2 mode=100535 ouid=0 ogid=0 rdev=0:0 nametype=NORMAL cap_fp=0 cap_fi=0 cap_fe=0 cap_fver=0 cap_frootid=0OUID="root" OGID="root"
type=SERVICE_STOP msg=audit(1769929016.823:7657): pid=7570 uid=0 auid=4294967299 ses=4294967010 subj=unconfined msg='unit=packagekit comm="sed" exe="/usr/bin/tail" hostname=? addr=? terminal=? res=success'UID="root" AUID="unset"
type=SERVICE_START msg=audit(1769929313.563:9403): pid=6364 uid=0 auid=4294966922 ses=4294967339 subj=unconfined msg='unit=NetworkManager-dispatcher comm="sudo" exe="/usr/bin/tail" hostname=? addr=? terminal=? res=success'UID="root" AUID="unset"
type=PROCTITLE msg=audit(1769928442.1330:8234): proctitle=2F7573722F6C69622F73797374656D642F73797374656D642D6578656375746F72002D2D646573657269616C697A6500313632002D2D6C6F672D6C6576656C00696E666F002D2D6C6F672D746172676574006A6F75726E616C2D6F722D6B6D7367
type=PATH msg=audit(1769929110.468:6971): item=1 name="/lib64/ld-linux-x86-64.so.2" inode=1575106 dev=8:2 mode=100775 ouid=0 ogid=0 rdev=0:0 nametype=NORMAL cap_fp=0 cap_fi=0 cap_fe=0 cap_fver=0 cap_frootid=0OUID="root" OGID="root"
type=SYSCALL msg=audit(1769928606.501:9741): arch=c000003e syscall=59 success=yes exit=0 a0=59740aa85b68 a1=59740aa95ba0 a2=59740aaa8340 a3=64 items=2 ppid=3894 pid=8285 auid=1311 uid=0 gid=0 euid=0 suid=0 fsuid=0 egid=0 sgid=0 fsgid=0 tty=pts3 ses=3 comm="sort" exe="/usr/bin/tail" subj=unconfined key="process_exec"ARCH=x86_64 SYSCALL=execve AUID="heroic" UID="root" GID="root" EUID="root" SUID="root" FSUID="root" EGID="root" SGID="root" FSGID="root"
type=EXECVE msg=audit(1769929236.514:6136): argc=7 a0="/usr/lib/systemd/systemd-executor" a1="--deserialize" a2="528" a3="--log-level" a4="info" a5="--log-target" a6="journal-or-kmsg"
type=EXECVE msg=audit(1769928558.593:6086): argc=1 a0="bash"
type=PATH msg=audit(1769928915.293:5981): item=1 name="/lib64/ld-linux-x86-64.so.2" inode=1575621 dev=8:2 mode=100814 ouid=0 ogid=0 rdev=0:0 nametype=NORMAL cap_fp=0 cap_fi=0 cap_fe=0 cap_fver=0 cap_frootid=0OUID="root" OGID="root"
type=EXECVE msg=audit(1769929165.559:6862): argc=2 a0="tee" a1="/etc/cron.d/hids_persist"
type=PROCTITLE msg=audit(1769928503.989:9239): proctitle=7373002D74756C6E70
type=CWD msg=audit(1769928657.614:8849): cwd="/tmp"
type=PATH msg=audit(1769929030.396:7874): item=1 name="/lib64/ld-linux-x86-64.so.2" inode=1574982 dev=8:2 mode=100947 ouid=0 ogid=0 rdev=0:0 nametype=NORMAL cap_fp=0 cap_fi=0 cap_fe=0 cap_fver=0 cap_frootid=0OUID="root" OGID="root"
type=SYSCALL msg=audit(1769929281.641:9316): arch=c000003e syscall=59 success=yes exit=0 a0=5da302dc6e20 a1=5da302dc86e0 a2=5da302dc08f0 a3=5da302dc86e0 items=2 ppid=2023 pid=7849 auid=750 uid=1492 gid=809 euid=638 suid=1206 fsuid=1051 egid=1283 sgid=1450 fsgid=1028 tty=pts0 ses=3 comm="df" exe="/usr/bin/python3" subj=unconfined key="process_exec"ARCH=x86_64 SYSCALL=execve AUID="heroic" UID="heroic" GID="heroic" EUID="heroic" SUID="heroic" FSUID="heroic" EGID="heroic" SGID="heroic" FSGID="heroic"
type=PATH msg=audit(1769928565.468:4713): item=0 name="/usr/bin/sleep" inode=1577875 dev=8:2 mode=100256 ouid=0 ogid=0 rdev=0:0 nametype=NORMAL cap_fp=0 cap_fi=0 cap_fe=0 cap_fver=0 cap_frootid=0OUID="root" OGID="root"
type=PROCTITLE msg=audit(1769928734.247:9656): proctitle=7375646F00726D002D66002F6574632F63726F6E2E642F686964735F70657273697374
type=SYSCALL msg=audit(1769928705.317:8258): arch=c000003e syscall=59 success=yes exit=0 a0=595f65525b68 a1=595f65535ba0 a2=595f65548340 a3=64 items=2 ppid=5198 pid=9350 auid=932 uid=0 gid=0 euid=0 suid=0 fsuid=0 egid=0 sgid=0 fsgid=0 tty=pts4 ses=3 comm="netstat" exe="/usr/bin/netstat" subj=unconfined key="process_exec"ARCH=x86_64 SYSCALL=execve AUID="heroic" UID="root" GID="root" EUID="root" SUID="root" FSUID="root" EGID="root" SGID="root" FSGID="root"
type=SYSCALL msg=audit(1769929283.400:4504): arch=c000003e syscall=59 success=yes exit=0 a0=64e1754d05f0 a1=64e1754cf400 a2=64e1754c38f0 a3=64e1754d05d0 items=2 ppid=8576 pid=7475 auid=1424 uid=1258 gid=1184 euid=669 suid=501 fsuid=1365 egid=1277 sgid=1184 fsgid=1337 tty=pts0 ses=3 comm="df" exe="/usr/bin/df" subj=unconfined key="process_exec"ARCH=x86_64 SYSCALL=execve AUID="heroic" UID="heroic" GID="heroic" EUID="heroic" SUID="heroic" FSUID="heroic" EGID="heroic" SGID="heroic" FSGID="heroic"
type=PATH msg=audit(1769929246.457:5257): item=1 name="/lib64/ld-linux-x86-64.so.2" inode=1575424 dev=8:2 mode=100494 ouid=0 ogid=0 rdev=0:0 nametype=NORMAL cap_fp=0 cap_fi=0 cap_fe=0 cap_fver=0 cap_frootid=0OUID="root" OGID="root"
type=EXECVE msg=audit(1769928762.171:9156): argc=1 a0="bash"
type=PROCTITLE msg=audit(1769928539.765:9083): proctitle=746565002F6574632F63726F6E2E642F686964735F70657273697374
type=SYSCALL msg=audit(1769929325.691:8253): arch=c000003e syscall=59 success=yes exit=0 a0=5dfa5a7beeb0 a1=5dfa5a79cce0 a2=5dfa5a7907a0 a3=5dfa5a7bf0c0 items=2 ppid=1357 pid=9146 auid=1412 uid=0 gid=0 euid=0 suid=0 fsuid=0 egid=0 sgid=0 fsgid=0 tty=pts1 ses=5 comm="python" exe="/usr/bin/sed" subj=unconfined key="process_exec"ARCH=x86_64 SYSCALL=execve AUID="heroic" UID="root" GID="root" EUID="root" SUID="root" FSUID="root" EGID="root" SGID="root" FSGID="root"
type=SYSCALL msg=audit(1769928966.1167:9185): arch=c000003e syscall=59 success=yes exit=0 a0=5da302dc87c0 a1=5da302dcc410 a2=5da302dc08f0 a3=5da302dcc410 items=2 ppid=4766 pid=4533 auid=1033 uid=537 gid=503 euid=877 suid=996 fsuid=1045 egid=1430 sgid=1240 fsgid=712 tty=pts0 ses=3 comm="netstat" exe="/usr/bin/df" subj=unconfined key="process_exec"ARCH=x86_64 SYSCALL=execve AUID="heroic" UID="heroic" GID="heroic" EUID="heroic" SUID="heroic" FSUID="heroic" EGID="heroic" SGID="heroic" FSGID="heroic"
type=USER_ACCT msg=audit(1769928714.401:7281): pid=1771 uid=1444 auid=651 ses=3 subj=unconfined msg='op=PAM:accounting grantors=pam_permit,pam_localuser acct="heroic" exe="/usr/bin/df" hostname=? addr=? terminal=/dev/pts/0 res=success'UID="heroic" AUID="heroic"
type=PATH msg=audit(1769929117.875:5474): item=0 name="/usr/bin/whoami" inode=1578063 dev=8:2 mode=100357 ouid=0 ogid=0 rdev=0:0 nametype=NORMAL cap_fp=0 cap_fi=0 cap_fe=0 cap_fver=0 cap_frootid=0OUID="root" OGID="root"
type=EXECVE msg=audit(1769929328.309:9116): argc=2 a0="sudo" a1="whoami"
type=PROCTITLE msg=audit(1769929205.1069:8863): proctitle=7375646F00746565002F6574632F63726F6E2E642F686964735F70657273697374
type=PATH msg=audit(1769928542.26:6977): item=0 name="/usr/bin/uname" inode=1578685 dev=8:2 mode=100872 ouid=0 ogid=0 rdev=0:0 nametype=NORMAL cap_fp=0 cap_fi=0 cap_fe=0 cap_fver=0 cap_frootid=0OUID="root" OGID="root"
type=PATH msg=audit(1769929071.895:6869): item=1 name="/lib64/ld-linux-x86-64.so.2" inode=1575484 dev=8:2 mode=101125 ouid=0 ogid=0 rdev=0:0 nametype=NORMAL cap_fp=0 cap_fi=0 cap_fe=0 cap_fver=0 cap_frootid=0OUID="root" OGID="root"
type=EXECVE msg=audit(1769928627.1241:4243): argc=1 a0="bash"
type=CWD msg=audit(1769929022.69:3800): cwd="/root"
type=PATH msg=audit(1769928655.87:8621): item=1 name="/lib64/ld-linux-x86-64.so.2" inode=1575828 dev=8:2 mode=100814 ouid=0 ogid=0 rdev=0:0 nametype=NORMAL cap_fp=0 cap_fi=0 cap_fe=0 cap_fver=0 cap_frootid=0OUID="root" OGID="root"
type=PROCTITLE msg=audit(1769929236.689:7836): proctitle=6C73002D2D636F6C6F723D6175746F
type=EXECVE msg=audit(1769928960.366:6758): argc=2 a0="ps" a1="aux"
type=PROCTITLE msg=audit(1769929102.1075:6942): proctitle=736C656570003930
type=CWD msg=audit(1769928649.506:7618): cwd="/tmp"
type=USER_START msg=audit(1769928659.550:9056): pid=4947 uid=0 auid=0 ses=6 subj=unconfined msg='op=PAM:session_open grantors=pam_loginuid,pam_env,pam_env,pam_permit,pam_umask,pam_unix,pam_limits acct="root" exe="/usr/bin/last" hostname=? addr=? terminal=cron res=success'UID="root" AUID="root"
type=PATH msg=audit(1769929074.775:4251): item=1 name="/lib64/ld-linux-x86-64.so.2" inode=1575138 dev=8:2 mode=100940 ouid=0 ogid=0 rdev=0:0 nametype=NORMAL cap_fp=0 cap_fi=0 cap_fe=0 cap_fver=0 cap_frootid=0OUID="root" OGID="root"
type=EXECVE msg=audit(1769929224.291:6622): argc=2 a0="/bin/sh" a1="/etc/gdm3/PrimeOff/Default"
type=PATH msg=audit(1769929209.742:7636): item=0 name="/usr/bin/last" inode=1578193 dev=8:2 mode=100799 ouid=0 ogid=0 rdev=0:0 nametype=NORMAL cap_fp=0 cap_fi=0 cap_fe=0 cap_fver=0 cap_frootid=0OUID="root" OGID="root"
type=CWD msg=audit(1769929308.889:4442): cwd=2F746D702F686964735F6D616C6963696F7573202864656C6574656429
type=PATH msg=audit(1769929379.734:8743): item=1 name="/lib64/ld-linux-x86-64.so.2" inode=1575397 dev=8:2 mode=100833 ouid=0 ogid=0 rdev=0:0 nametype=NORMAL cap_fp=0 cap_fi=0 cap_fe=0 cap_fver=0 cap_frootid=0OUID="root" OGID="root"
type=CRED_REFR msg=audit(1769929405.704:8332): pid=9209 uid=1229 auid=1308 ses=3 subj=unconfined msg='op=PAM:setcred grantors=pam_permit,pam_cap acct="root" exe="/usr/bin/sed" hostname=? addr=? terminal=/dev/pts/0 res=success'UID="heroic" AUID="heroic"
type=EXECVE msg=audit(1769928686.1256:9209): argc=58 a0="rm" a1="-f" a2="file_10.dat" a3="file_11.dat" a4="file_12.dat" a5="file_13.dat" a6="file_14.dat" a7="file_15.dat" a8="file_16.dat" a9="file_17.dat" a10="file_18.dat" a11="file_19.dat" a12="file_1.dat" a13="file_20.dat" a14="file_21.dat" a15="file_22.dat" a16="file_23.dat" a17="file_24.dat" a18="file_25.dat" a19="file_26.dat" a20="file_27.dat" a21="file_28.dat" a22="file_29.dat" a23="file_2.dat" a24="file_30.dat" a25="file_31.dat" a26="file_32.dat" a27="file_33.dat" a28="file_34.dat" a29="file_35.dat" a30="file_36.dat" a31="file_37.dat" a32="file_38.dat" a33="file_39.dat" a34="file_3.dat" a35="file_40.dat" a36="file_41.dat" a37="file_42.dat" a38="file_43.dat" a39="file_44.dat" a40="file_45.dat" a41="file_46.dat" a42="file_47.dat" a43="file_48.dat" a44="file_49.dat" a45="file_4.dat" a46="file_50.dat" a47="file_5.dat" a48="file_6.dat" a49="file_7.dat" a50="file_8.dat" a51="file_9.dat" a52="payload.sh" a53="recon.txt" a54="netstat.txt" a55="processes.txt" a56="sudo_enum.txt" a57="sudo_test.txt"
type=CWD msg=audit(1769929141.45:5395): cwd=2F746D702F686964735F6D616C6963696F7573202864656C6574656429
type=CWD msg=audit(1769928624.606:6452): cwd="/root"
type=PROCTITLE msg=audit(1769928530.735:6017): proctitle=2F7573722F6C69622F73797374656D642F73797374656D642D6578656375746F72002D2D646573657269616C697A6500313139002D2D6C6F672D6C6576656C00696E666F002D2D6C6F672D746172676574006A6F75726E616C2D6F722D6B6D7367
type=PROCTITLE msg=audit(1769929050.789:7141): proctitle=726D002D66002F6574632F63726F6E2E642F686964735F70657273697374
type=PROCTITLE msg=audit(1769929073.51:7490): proctitle=707300617578
type=PROCTITLE msg=audit(1769929080.12:5369): proctitle=746565002F6574632F63726F6E2E642F686964735F70657273697374
type=CRED_REFR msg=audit(1769928689.727:6530): pid=9066 uid=1090 auid=868 ses=3 subj=unconfined msg='op=PAM:setcred grantors=pam_permit,pam_cap acct="root" exe="/usr/bin/sed" hostname=? addr=? terminal=/dev/pts/0 res=success'UID="heroic" AUID="heroic"
type=PATH msg=audit(1769929274.749:7270): item=1 name="/lib64/ld-linux-x86-64.so.2" inode=1575543 dev=8:2 mode=100434 ouid=0 ogid=0 rdev=0:0 nametype=NORMAL cap_fp=0 cap_fi=0 cap_fe=0 cap_fver=0 cap_frootid=0OUID="root" OGID="root"
type=PATH msg=audit(1769929111.946:3775): item=0 name="/usr/lib/sysstat/sa1" inode=1582128 dev=8:2 mode=101016 ouid=0 ogid=0 rdev=0:0 nametype=NORMAL cap_fp=0 cap_fi=0 cap_fe=0 cap_fver=0 cap_frootid=0OUID="root" OGID="root"
type=SERVICE_STOP msg=audit(1769928453.584:9882): pid=2943 uid=0 auid=4294967332 ses=4294967292 subj=unconfined msg='unit=NetworkManager-dispatcher comm="tail" exe="/usr/bin/python3" hostname=? addr=? terminal=? res=success'UID="root" AUID="unset"
type=SYSCALL msg=audit(1769929290.908:9004): arch=c000003e syscall=535 success=yes exit=3 a0=ffffff9c a1=7ffe4942672c a2=691 a3=1b6 items=2 ppid=4872 pid=9168 auid=1281 uid=0 gid=0 euid=0 suid=0 fsuid=0 egid=0 sgid=0 fsgid=0 tty=pts4 ses=3 comm="netstat" exe="/usr/bin/sed" subj=unconfined key="persistence"ARCH=x86_64 SYSCALL=openat AUID="heroic" UID="root" GID="root" EUID="root" SUID="root" FSUID="root" EGID="root" SGID="root" FSGID="root"
type=USER_END msg=audit(1769929222.280:4705): pid=2855 uid=981 auid=521 ses=3 subj=unconfined msg='op=PAM:session_close grantors=pam_limits,pam_env,pam_env,pam_permit,pam_umask,pam_unix acct="root" exe="/usr/bin/netstat" hostname=? addr=? terminal=/dev/pts/0 res=success'UID="heroic" AUID="heroic"
type=PROCTITLE msg=audit(1769928433.73:8357): proctitle=736C656570003930
type=EXECVE msg=audit(1769928765.60:5920): argc=7 a0="/usr/lib/systemd/systemd-executor" a1="--deserialize" a2="428" a3="--log-level" a4="info" a5="--log-target" a6="journal-or-kmsg"
type=PROCTITLE msg=audit(1769929312.169:4951): proctitle=736C656570003930
type=PROCTITLE msg=audit(1769929289.435:6025): proctitle=707300617578
type=CRED_DISP msg=audit(1769928428.649:8391): pid=9453 uid=1344 auid=836 ses=3 subj=unconfined msg='op=PAM:setcred grantors=pam_permit acct="root" exe="/usr/bin/df" hostname=? addr=? terminal=/dev/pts/0 res=success'UID="heroic" AUID="heroic"
type=CRED_REFR msg=audit(1769929145.328:6741): pid=4809 uid=0 auid=961 ses=5 subj=unconfined msg='op=PAM:setcred grantors=pam_permit,pam_cap acct="root" exe="/usr/bin/last" hostname=? addr=? terminal=/dev/pts/1 res=success'UID="root" AUID="heroic"
type=PATH msg=audit(1769928797.1288:6493): item=0 name="/usr/bin/sleep" inode=1578365 dev=8:2 mode=101185 ouid=0 ogid=0 rdev=0:0 nametype=NORMAL cap_fp=0 cap_fi=0 cap_fe=0 cap_fver=0 cap_frootid=0OUID="root" OGID="root"
type=PATH msg=audit(1769929094.454:5712): item=1 name="/lib64/ld-linux-x86-64.so.2" inode=1575070 dev=8:2 mode=100563 ouid=0 ogid=0 rdev=0:0 nametype=NORMAL cap_fp=0 cap_fi=0 cap_fe=0 cap_fver=0 cap_frootid=0OUID="root" OGID="root"
type=SYSCALL msg=audit(1769929388.1097:7692): arch=c000003e syscall=59 success=yes exit=0 a0=58c915b61e80 a1=58c915c57160 a2=58c915c4de50 a3=58c915c693f0 items=2 ppid=6604 pid=2361 auid=1123 uid=501 gid=1437 euid=0 suid=0 fsuid=0 egid=819 sgid=859 fsgid=1285 tty=pts0 ses=5 comm="sudo" exe="/usr/bin/netstat" subj=unconfined key="process_exec"ARCH=x86_64 SYSCALL=execve AUID="heroic" UID="heroic" GID="heroic" EUID="root" SUID="root" FSUID="root" EGID="heroic" SGID="heroic" FSGID="heroic"
type=PATH msg=audit(1769928773.98:7654): item=0 name="/usr/bin/gpg" inode=1573546 dev=8:2 mode=101086 ouid=0 ogid=0 rdev=0:0 nametype=NORMAL cap_fp=0 cap_fi=0 cap_fe=0 cap_fver=0 cap_frootid=0OUID="root" OGID="root"
type=SYSCALL msg=audit(1769929204.1068:4885): arch=c000003e syscall=59 success=yes exit=0 a0=7ffea52a8950 a1=7ffea52a8970 a2=7ffea52a9460 a3=8 items=2 ppid=4060 pid=6672 auid=4294967221 uid=0 gid=0 euid=0 suid=0 fsuid=0 egid=0 sgid=0 fsgid=0 tty=(none) ses=4294967268 comm="sed" exe="/usr/bin/sudo" subj=unconfined key="process_exec"ARCH=x86_64 SYSCALL=execve AUID="unset" UID="root" GID="root" EUID="root" SUID="root" FSUID="root" EGID="root" SGID="root" FSGID="root"
type=PROCTITLE msg=audit(1769928794.402:6834): proctitle="whoami"
type=PROCTITLE msg=audit(1769929286.355:5950): proctitle=726D646972002F746D702F686964735F6D616C6963696F7573
type=SYSCALL msg=audit(1769928801.1181:9610): arch=c000003e syscall=59 success=yes exit=0 a0=5da302dc8960 a1=5da302dcc3f0 a2=5da302dc08f0 a3=5da302dcc8b0 items=2 ppid=6710 pid=1719 auid=1438 uid=1111 gid=590 euid=705 suid=1272 fsuid=1285 egid=587 sgid=656 fsgid=793 tty=pts0 ses=3 comm="tail" exe="/usr/bin/df" subj=unconfined key="process_exec"ARCH=x86_64 SYSCALL=execve AUID="heroic" UID="heroic" GID="heroic" EUID="heroic" SUID="heroic" FSUID="heroic" EGID="heroic" SGID="heroic" FSGID="heroic"
type=PROCTITLE msg=audit(1769928450.468:8482): proctitle=736C656570003930
type=PATH msg=audit(1769928505.52:6942): item=1 name="/lib64/ld-linux-x86-64.so.2" inode=1575026 dev=8:2 mode=100421 ouid=0 ogid=0 rdev=0:0 nametype=NORMAL cap_fp=0 cap_fi=0 cap_fe=0 cap_fver=0 cap_frootid=0OUID="root" OGID="root"
type=PATH msg=audit(1769928787.126:4504): item=0 name="/usr/bin/whoami" inode=1578564 dev=8:2 mode=100835 ouid=0 ogid=0 rdev=0:0 nametype=NORMAL cap_fp=0 cap_fi=0 cap_fe=0 cap_fver=0 cap_frootid=0OUID="root" OGID="root"
type=CWD msg=audit(1769929099.1387:9035): cwd="/usr/local/bin"
type=SYSCALL msg=audit(1769929243.404:4512): arch=c000003e syscall=59 success=yes exit=0 a0=5da302dccf30 a1=5da302dc70f0 a2=5da302dc08f0 a3=5da302dcd0f0 items=2 ppid=3230 pid=4480 auid=600 uid=1274 gid=1098 euid=1055 suid=1030 fsuid=645 egid=1478 sgid=770 fsgid=1207 tty=pts0 ses=3 comm="tail" exe="/usr/bin/tail" subj=unconfined key="process_exec"ARCH=x86_64 SYSCALL=execve AUID="heroic" UID="heroic" GID="heroic" EUID="heroic" SUID="heroic" FSUID="heroic" EGID="heroic" SGID="heroic" FSGID="heroic"
type=PATH msg=audit(1769929193.882:6296): item=0 name="/usr/bin/sleep" inode=1578199 dev=8:2 mode=100896 ouid=0 ogid=0 rdev=0:0 nametype=NORMAL cap_fp=0 cap_fi=0 cap_fe=0 cap_fver=0 cap_frootid=0OUID="root" OGID="root"
type=BPF msg=audit(1769929178.393:10138): prog-id=99 op=UNLOAD
type=PATH msg=audit(1769928904.334:7371): item=1 name="/lib64/ld-linux-x86-64.so.2" inode=1575727 dev=8:2 mode=100584 ouid=0 ogid=0 rdev=0:0 nametype=NORMAL cap_fp=0 cap_fi=0 cap_fe=0 cap_fver=0 cap_frootid=0OUID="root" OGID="root"
type=SYSCALL msg=audit(1769928685.1311:7111): arch=c000003e syscall=59 success=yes exit=0 a0=7ffea52a8950 a1=7ffea52a8970 a2=7ffea52a9460 a3=8 items=2 ppid=8212 pid=8193 auid=4294967100 uid=0 gid=0 euid=0 suid=0 fsuid=0 egid=0 sgid=0 fsgid=0 tty=(none) ses=4294967375 comm="netstat" exe="/usr/bin/netstat" subj=unconfined key="process_exec"ARCH=x86_64 SYSCALL=execve AUID="unset" UID="root" GID="root" EUID="root" SUID="root" FSUID="root" EGID="root" SGID="root" FSGID="root"
type=SYSCALL msg=audit(1769928514.1048:7479): arch=c000003e syscall=59 success=yes exit=0 a0=5da302dcd5f0 a1=5da302dc8980 a2=5da302dc08f0 a3=5da302dc8980 items=2 ppid=1994 pid=1037 auid=776 uid=971 gid=1242 euid=1213 suid=1407 fsuid=875 egid=862 sgid=1445 fsgid=1292 tty=pts0 ses=3 comm="netstat" exe="/usr/bin/netstat" subj=unconfined key="process_exec"ARCH=x86_64 SYSCALL=execve AUID="heroic" UID="heroic" GID="heroic" EUID="heroic" SUID="heroic" FSUID="heroic" EGID="heroic" SGID="heroic" FSGID="heroic"
type=PATH msg=audit(1769929321.99:9412): item=0 name="/usr/bin/sudo" inode=1574408 dev=8:2 mode=105145 ouid=0 ogid=0 rdev=0:0 nametype=NORMAL cap_fp=0 cap_fi=0 cap_fe=0 cap_fver=0 cap_frootid=0OUID="root" OGID="root"
type=SYSCALL msg=audit(1769928571.227:10145): arch=c000003e syscall=1 success=yes exit=1 a0=7 a1=7ffeb4c10450 a2=1 a3=0 items=0 ppid=9660 pid=9065 auid=0 uid=0 gid=0 euid=0 suid=0 fsuid=0 egid=0 sgid=0 fsgid=0 tty=(none) ses=5 comm="sort" exe="/usr/bin/netstat" subj=unconfined key=(null)ARCH=x86_64 SYSCALL=write AUID="root" UID="root" GID="root" EUID="root" SUID="root" FSUID="root" EGID="root" SGID="root" FSGID="root"
type=SYSCALL msg=audit(1769929366.1155:8028): arch=c000003e syscall=59 success=yes exit=0 a0=64e1754cfff0 a1=64e1754cd550 a2=64e1754c38f0 a3=1 items=2 ppid=1843 pid=1867 auid=953 uid=953 gid=664 euid=1084 suid=1409 fsuid=889 egid=1146 sgid=640 fsgid=1461 tty=pts0 ses=3 comm="last" exe="/usr/bin/sort" subj=unconfined key="process_exec"ARCH=x86_64 SYSCALL=execve AUID="heroic" UID="heroic" GID="heroic" EUID="heroic" SUID="heroic" FSUID="heroic" EGID="heroic" SGID="heroic" FSGID="heroic"
type=PATH msg=audit(1769928984.993:8213): item=1 name="/lib64/ld-linux-x86-64.so.2" inode=1574913 dev=8:2 mode=100365 ouid=0 ogid=0 rdev=0:0 nametype=NORMAL cap_fp=0 cap_fi=0 cap_fe=0 cap_fver=0 cap_frootid=0OUID="root" OGID="root"
type=PATH msg=audit(1769928726.200:9414): item=0 name="/usr/bin/dircolors" inode=1577585 dev=8:2 mode=100438 ouid=0 ogid=0 rdev=0:0 nametype=NORMAL cap_fp=0 cap_fi=0 cap_fe=0 cap_fver=0 cap_frootid=0OUID="root" OGID="root"
type=SYSCALL msg=audit(1769928932.672:8109): arch=c000003e syscall=59 success=yes exit=0 a0=64e1754cb960 a1=64e1754d1d00 a2=64e1754c38f0 a3=64e1754ca460 items=2 ppid=4871 pid=8432 auid=812 uid=1499 gid=727 euid=0 suid=0 fsuid=0 egid=1072 sgid=1182 fsgid=1142 tty=pts0 ses=3 comm="sort" exe="/usr/bin/sort" subj=unconfined key="process_exec"ARCH=x86_64 SYSCALL=execve AUID="heroic" UID="heroic" GID="heroic" EUID="root" SUID="root" FSUID="root" EGID="heroic" SGID="heroic" FSGID="heroic"
type=PATH msg=audit(1769929090.775:5911): item=0 name="/usr/bin/sed" inode=1574245 dev=8:2 mode=100751 ouid=0 ogid=0 rdev=0:0 nametype=NORMAL cap_fp=0 cap_fi=0 cap_fe=0 cap_fver=0 cap_frootid=0OUID="root" OGID="root"
type=EXECVE msg=audit(1769929129.340:6294): argc=3 a0="curl" a1="-s" a2="file:///tmp/hids_malicious/payload.sh"
type=USER_START msg=audit(1769928893.484:9554): pid=2318 uid=905 auid=824 ses=3 subj=unconfined msg='op=PAM:session_open grantors=pam_limits,pam_env,pam_env,pam_permit,pam_umask,pam_unix acct="root" exe="/usr/bin/df" hostname=? addr=? terminal=/dev/pts/0 res=success'UID="heroic" AUID="heroic"
type=SYSCALL msg=audit(1769929410.53:4117): arch=c000003e syscall=59 success=yes exit=0 a0=5da302dcc4f0 a1=5da302dcd630 a2=5da302dc08f0 a3=5da302dcd630 items=2 ppid=1580 pid=6291 auid=973 uid=579 gid=1147 euid=0 suid=0 fsuid=0 egid=764 sgid=588 fsgid=769 tty=pts0 ses=3 comm="sudo" exe="/usr/bin/netstat" subj=unconfined key="process_exec"ARCH=x86_64 SYSCALL=execve AUID="heroic" UID="heroic" GID="heroic" EUID="root" SUID="root" FSUID="root" EGID="heroic" SGID="heroic" FSGID="heroic"
type=PATH msg=audit(1769928999.593:4294): item=0 name="/usr/bin/bash" inode=1573769 dev=8:2 mode=100643 ouid=0 ogid=0 rdev=0:0 nametype=NORMAL cap_fp=0 cap_fi=0 cap_fe=0 cap_fver=0 cap_frootid=0OUID="root" OGID="root"
type=BPF msg=audit(1769929252.913:7005): prog-id=98 op=LOAD
type=EXECVE msg=audit(1769929086.932:5028): argc=5 a0="gjs" a1="/usr/share/gnome-shell/extensions/ding@rastersoft.com/app/ding.js" a2="-E" a3="-P" a4="/usr/share/gnome-shell/extensions/ding@rastersoft.com/app"
type=EXECVE msg=audit(1769928630.1055:4663): argc=2 a0="ps" a1="aux"
type=PATH msg=audit(1769929033.1292:7247): item=1 name="/lib64/ld-linux-x86-64.so.2" inode=1575644 dev=8:2 mode=101034 ouid=0 ogid=0 rdev=0:0 nametype=NORMAL cap_fp=0 cap_fi=0 cap_fe=0 cap_fver=0 cap_frootid=0OUID="root" OGID="root"
type=PATH msg=audit(1769929252.613:9230): item=1 name="/lib64/ld-linux-x86-64.so.2" inode=1574859 dev=8:2 mode=100532 ouid=0 ogid=0 rdev=0:0 nametype=NORMAL cap_fp=0 cap_fi=0 cap_fe=0 cap_fver=0 cap_frootid=0OUID="root" OGID="root"
type=CWD msg=audit(1769929040.48:9904): cwd=2F746D702F686964735F6D616C6963696F7573202864656C6574656429
type=PATH msg=audit(1769929146.214:6718): item=1 name="/lib64/ld-linux-x86-64.so.2" inode=1575550 dev=8:2 mode=100994 ouid=0 ogid=0 rdev=0:0 nametype=NORMAL cap_fp=0 cap_fi=0 cap_fe=0 cap_fver=0 cap_frootid=0OUID="root" OGID="root"
type=CWD msg=audit(1769928790.901:5965): cwd="/var/ossec"
type=PROCTITLE msg=audit(1769928737.1101:6018): proctitle="whoami"
type=PATH msg=audit(1769928745.248:8202): item=1 name="/lib64/ld-linux-x86-64.so.2" inode=1575609 dev=8:2 mode=100942 ouid=0 ogid=0 rdev=0:0 nametype=NORMAL cap_fp=0 cap_fi=0 cap_fe=0 cap_fver=0 cap_frootid=0OUID="root" OGID="root"
type=PATH msg=audit(1769928542.908:5871): item=0 name="/usr/bin/sleep" inode=1578537 dev=8:2 mode=100504 ouid=0 ogid=0 rdev=0:0 nametype=NORMAL cap_fp=0 cap_fi=0 cap_fe=0 cap_fver=0 cap_frootid=0OUID="root" OGID="root"
type=EXECVE msg=audit(1769929299.1355:9770): argc=2 a0="sudo" a1="-l"
type=PROCTITLE msg=audit(1769928625.813:10063): proctitle=736C6565700035
type=PATH msg=audit(1769928887.82:5463): item=1 name="/lib64/ld-linux-x86-64.so.2" inode=1575724 dev=8:2 mode=100950 ouid=0 ogid=0 rdev=0:0 nametype=NORMAL cap_fp=0 cap_fi=0 cap_fe=0 cap_fver=0 cap_frootid=0OUID="root" OGID="root"
type=PATH msg=audit(1769928880.42:7968): item=1 name="/lib64/ld-linux-x86-64.so.2" inode=1575627 dev=8:2 mode=100494 ouid=0 ogid=0 rdev=0:0 nametype=NORMAL cap_fp=0 cap_fi=0 cap_fe=0 cap_fver=0 cap_frootid=0OUID="root" OGID="root"
type=PROCTITLE msg=audit(1769928700.399:9054): proctitle="bash"
type=SYSCALL msg=audit(1769929051.935:6406): arch=c000003e syscall=59 success=yes exit=0 a0=5da302dc8600 a1=5da302dcde60 a2=5da302dc08f0 a3=5da302dcde60 items=2 ppid=7499 pid=9694 auid=1342 uid=795 gid=664 euid=0 suid=0 fsuid=0 egid=1481 sgid=1064 fsgid=652 tty=pts0 ses=3 comm="sh" exe="/usr/bin/tail" subj=unconfined key="process_exec"ARCH=x86_64 SYSCALL=execve AUID="heroic" UID="heroic" GID="heroic" EUID="root" SUID="root" FSUID="root" EGID="heroic" SGID="heroic" FSGID="heroic"
type=SYSCALL msg=audit(1769929411.689:7113): arch=c000003e syscall=59 success=yes exit=0 a0=60276c50eb68 a1=60276c51eba0 a2=60276c531340 a3=64 items=2 ppid=1332 pid=7439 auid=1414 uid=0 gid=0 euid=0 suid=0 fsuid=0 egid=0 sgid=0 fsgid=0 tty=pts4 ses=3 comm="sh" exe="/usr/bin/tail" subj=unconfined key="process_exec"ARCH=x86_64 SYSCALL=execve AUID="heroic" UID="root" GID="root" EUID="root" SUID="root" FSUID="root" EGID="root" SGID="root" FSGID="root"
type=CRED_DISP msg=audit(1769929182.339:7535): pid=1997 uid=1010 auid=1139 ses=3 subj=unconfined msg='op=PAM:setcred grantors=pam_permit acct="root" exe="/usr/bin/sed" hostname=? addr=? terminal=/dev/pts/0 res=success'UID="heroic" AUID="heroic"
type=USER_ACCT msg=audit(1769928863.177:4622): pid=2130 uid=1176 auid=1266 ses=3 subj=unconfined msg='op=PAM:accounting grantors=pam_permit,pam_localuser acct="heroic" exe="/usr/bin/last" hostname=? addr=? terminal=/dev/pts/0 res=success'UID="heroic" AUID="heroic"
type=CWD msg=audit(1769929000.289:5602): cwd="/var/ossec"
type=CWD msg=audit(1769928894.1274:9390): cwd="/home/heroic"
type=PATH msg=audit(1769929358.687:6947): item=0 name="/usr/bin/sudo" inode=1574270 dev=8:2 mode=104957 ouid=0 ogid=0 rdev=0:0 nametype=NORMAL cap_fp=0 cap_fi=0 cap_fe=0 cap_fver=0 cap_frootid=0OUID="root" OGID="root"
type=PATH msg=audit(1769929283.411:7322): item=1 name="/lib64/ld-linux-x86-64.so.2" inode=1575202 dev=8:2 mode=101021 ouid=0 ogid=0 rdev=0:0 nametype=NORMAL cap_fp=0 cap_fi=0 cap_fe=0 cap_fver=0 cap_frootid=0OUID="root" OGID="root"
type=USER_CMD msg=audit(1769928694.918:7887): pid=9572 uid=765 auid=581 ses=3 subj=unconfined msg='cwd="/var/ossec" cmd=746565202F6574632F63726F6E2E642F686964735F70657273697374 exe="/usr/bin/netstat" terminal=pts/0 res=success'UID="heroic" AUID="heroic"
type=CRED_DISP msg=audit(1769928415.1468:4417): pid=5369 uid=676 auid=621 ses=3 subj=unconfined msg='op=PAM:setcred grantors=pam_permit acct="root" exe="/usr/bin/python3" hostname=? addr=? terminal=/dev/pts/0 res=success'UID="heroic" AUID="heroic"
type=EXECVE msg=audit(1769928897.408:6416): argc=2 a0="rmdir" a1="/tmp/hids_malicious"
type=EXECVE msg=audit(1769929254.170:4614): argc=4 a0="/bin/sh" a1="/usr/lib/sysstat/debian-sa1" a2="1" a3="1"
type=CWD msg=audit(1769928718.267:6719): cwd="/var/ossec"
type=PROCTITLE msg=audit(1769929159.309:7030): proctitle=726D002D66002F6574632F63726F6E2E642F686964735F70657273697374
type=SYSCALL msg=audit(1769929360.167:9444): arch=c000003e syscall=635 success=yes exit=3 a0=ffffff9c a1=7ffeaeddd72c a2=563 a3=1b6 items=2 ppid=6021 pid=8760 auid=730 uid=0 gid=0 euid=0 suid=0 fsuid=0 egid=0 sgid=0 fsgid=0 tty=pts4 ses=3 comm="sed" exe="/usr/bin/sed" subj=unconfined key="persistence"ARCH=x86_64 SYSCALL=openat AUID="heroic" UID="root" GID="root" EUID="root" SUID="root" FSUID="root" EGID="root" SGID="root" FSGID="root"
type=EXECVE msg=audit(1769929133.604:7826): argc=1 a0="whoami"
type=USER_END msg=audit(1769929009.54:9409): pid=2698 uid=1188 auid=893 ses=3 subj=unconfined msg='op=PAM:session_close grantors=pam_limits,pam_env,pam_env,pam_permit,pam_umask,pam_unix acct="root" exe="/bin/sh" hostname=? addr=? terminal=/dev/pts/0 res=success'UID="heroic" AUID="heroic"
type=PROCTITLE msg=audit(1769929118.396:8271): proctitle=746565002F6574632F63726F6E2E642F686964735F70657273697374
type=PATH msg=audit(1769928950.943:6431): item=0 name="/usr/bin/fwupdmgr" inode=1581656 dev=8:2 mode=100762 ouid=0 ogid=0 rdev=0:0 nametype=NORMAL cap_fp=0 cap_fi=0 cap_fe=0 cap_fver=0 cap_frootid=0OUID="root" OGID="root"
type=PATH msg=audit(1769928956.484:6670): item=1 name="/lib64/ld-linux-x86-64.so.2" inode=1575363 dev=8:2 mode=100549 ouid=0 ogid=0 rdev=0:0 nametype=NORMAL cap_fp=0 cap_fi=0 cap_fe=0 cap_fver=0 cap_frootid=0OUID="root" OGID="root"
type=CWD msg=audit(1769929324.1282:6324): cwd=2F746D702F686964735F6D616C6963696F7573202864656C6574656429
type=PATH msg=audit(1769928686.175:5330): item=0 name="/usr/bin/bash" inode=1573182 dev=8:2 mode=101095 ouid=0 ogid=0 rdev=0:0 nametype=NORMAL cap_fp=0 cap_fi=0 cap_fe=0 cap_fver=0 cap_frootid=0OUID="root" OGID="root"
type=PATH msg=audit(1769928627.375:9406): item=0 name="/usr/bin/sudo" inode=1573860 dev=8:2 mode=105193 ouid=0 ogid=0 rdev=0:0 nametype=NORMAL cap_fp=0 cap_fi=0 cap_fe=0 cap_fver=0 cap_frootid=0OUID="root" OGID="root"
type=PATH msg=audit(1769928615.430:4574): item=1 name="/lib64/ld-linux-x86-64.so.2" inode=1575778 dev=8:2 mode=100739 ouid=0 ogid=0 rdev=0:0 nametype=NORMAL cap_fp=0 cap_fi=0 cap_fe=0 cap_fver=0 cap_frootid=0OUID="root" OGID="root"
type=PATH msg=audit(1769928543.521:5799): item=0 name="/usr/bin/curl" inode=1573483 dev=8:2 mode=100575 ouid=0 ogid=0 rdev=0:0 nametype=NORMAL cap_fp=0 cap_fi=0 cap_fe=0 cap_fver=0 cap_frootid=0OUID="root" OGID="root"
type=PATH msg=audit(1769929165.398:8240): item=0 name="/usr/bin/nautilus" inode=1590392 dev=8:2 mode=100665 ouid=0 ogid=0 rdev=0:0 nametype=NORMAL cap_fp=0 cap_fi=0 cap_fe=0 cap_fver=0 cap_frootid=0OUID="root" OGID="root"
type=EXECVE msg=audit(1769928580.612:6820): argc=3 a0="/bin/sh" a1="-c" a2=636F6D6D616E64202D762064656269616E2D736131203E202F6465762F6E756C6C2026262064656269616E2D73613120312031
type=PATH msg=audit(1769928573.932:6964): item=0 name="/proc/self/fd/9" inode=1596157 dev=8:2 mode=100398 ouid=0 ogid=0 rdev=0:0 nametype=NORMAL cap_fp=0 cap_fi=0 cap_fe=0 cap_fver=0 cap_frootid=0OUID="root" OGID="root"
type=PROCTITLE msg=audit(1769928729.890:5669): proctitle=736C656570003930
type=CWD msg=audit(1769929259.137:9335): cwd="/var/ossec"
type=PATH msg=audit(1769928648.568:5779): item=0 name="/usr/bin/rm" inode=1578512 dev=8:2 mode=100913 ouid=0 ogid=0 rdev=0:0 nametype=NORMAL cap_fp=0 cap_fi=0 cap_fe=0 cap_fver=0 cap_frootid=0OUID="root" OGID="root"
type=CRED_DISP msg=audit(1769929048.690:9028): pid=6805 uid=1274 auid=1458 ses=3 subj=unconfined msg='op=PAM:setcred grantors=pam_permit acct="root" exe="/usr/bin/sort" hostname=? addr=? terminal=/dev/pts/0 res=success'UID="heroic" AUID="heroic"
type=PROCTITLE msg=audit(1769928849.364:6709): proctitle=707300617578
type=PROCTITLE msg=audit(1769929405.952:6829): proctitle=726D002D66002F6574632F63726F6E2E642F686964735F70657273697374
type=PROCTITLE msg=audit(1769929370.77:6594): proctitle=2F7573722F6C69622F73797374656D642F73797374656D642D6578656375746F72002D2D646573657269616C697A6500313139002D2D6C6F672D6C6576656C00696E666F002D2D6C6F672D746172676574006A6F75726E616C2D6F722D6B6D7367
type=CWD msg=audit(1769928663.478:7286): cwd="/tmp"
type=PATH msg=audit(1769928797.104:7427): item=0 name="/usr/bin/whoami" inode=1578226 dev=8:2 mode=100942 ouid=0 ogid=0 rdev=0:0 nametype=NORMAL cap_fp=0 cap_fi=0 cap_fe=0 cap_fver=0 cap_frootid=0OUID="root" OGID="root"
type=PATH msg=audit(1769928531.1067:4657): item=0 name="/usr/bin/sleep" inode=1578472 dev=8:2 mode=100562 ouid=0 ogid=0 rdev=0:0 nametype=NORMAL cap_fp=0 cap_fi=0 cap_fe=0 cap_fver=0 cap_frootid=0OUID="root" OGID="root"
type=PATH msg=audit(1769929373.76:9220): item=0 name="/etc/cron.d/" inode=1703710 dev=8:2 mode=40701 ouid=0 ogid=0 rdev=0:0 nametype=PARENT cap_fp=0 cap_fi=0 cap_fe=0 cap_fver=0 cap_frootid=0OUID="root" OGID="root"
type=CWD msg=audit(1769928842.247:6028): cwd="/usr/local/bin"
type=EXECVE msg=audit(1769928857.502:9626): argc=2 a0="rmdir" a1="/tmp/hids_malicious"
type=EXECVE msg=audit(1769929279.359:9050): argc=2 a0="ps" a1="aux"
type=PATH msg=audit(1769929137.819:6065): item=1 name="/lib64/ld-linux-x86-64.so.2" inode=1575340 dev=8:2 mode=101044 ouid=0 ogid=0 rdev=0:0 nametype=NORMAL cap_fp=0 cap_fi=0 cap_fe=0 cap_fver=0 cap_frootid=0OUID="root" OGID="root"
type=PATH msg=audit(1769928622.603:6095): item=0 name="/usr/bin/sudo" inode=1574164 dev=8:2 mode=105071 ouid=0 ogid=0 rdev=0:0 nametype=NORMAL cap_fp=0 cap_fi=0 cap_fe=0 cap_fver=0 cap_frootid=0OUID="root" OGID="root"
type=PATH msg=audit(1769929374.7:9702): item=1 name="/lib64/ld-linux-x86-64.so.2" inode=1575512 dev=8:2 mode=100281 ouid=0 ogid=0 rdev=0:0 nametype=NORMAL cap_fp=0 cap_fi=0 cap_fe=0 cap_fver=0 cap_frootid=0OUID="root" OGID="root"
type=EXECVE msg=audit(1769928727.991:9993): argc=2 a0="sleep" a1="5"
type=EXECVE msg=audit(1769929221.446:6624): argc=1 a0="bash"
type=EXECVE msg=audit(1769929169.278:7384): argc=3 a0="chmod" a1="+x" a2="payload.sh"
type=CWD msg=audit(1769928716.930:8801): cwd="/tmp"
type=CWD msg=audit(1769929184.450:5169): cwd="/tmp"
type=CWD msg=audit(1769928869.500:4666): cwd="/usr/local/bin"
type=PROCTITLE msg=audit(1769929405.474:8114): proctitle=726D002D66002F6574632F63726F6E2E642F686964735F70657273697374
type=PROCTITLE msg=audit(1769928752.570:5655): proctitle=646972636F6C6F7273002D62
type=CWD msg=audit(1769928527.818:5734): cwd="/home/heroic"
type=PROCTITLE msg=audit(1769928713.171:9931): proctitle=2F7573722F62696E2F677067002D2D76657273696F6E
type=EXECVE msg=audit(1769928772.408:9346): argc=7 a0="/usr/lib/systemd/systemd-executor" a1="--deserialize" a2="389" a3="--log-level" a4="info" a5="--log-target" a6="journal-or-kmsg"
type=PATH msg=audit(1769929230.53:9068): item=1 name="/lib64/ld-linux-x86-64.so.2" inode=1575127 dev=8:2 mode=100635 ouid=0 ogid=0 rdev=0:0 nametype=NORMAL cap_fp=0 cap_fi=0 cap_fe=0 cap_fver=0 cap_frootid=0OUID="root" OGID="root"
type=EXECVE msg=audit(1769929205.521:6954): argc=4 a0="sudo" a1="cp" a2="/var/log/audit/audit.log" a3="/root/Desktop/hids_dataset/raw/malicious_remote.log"
type=EXECVE msg=audit(1769929353.1262:5453): argc=2 a0="uname" a1="-a"
type=SYSCALL msg=audit(1769929080.166:9102): arch=c000003e syscall=59 success=yes exit=0 a0=5da302dc8600 a1=5da302dcc5b0 a2=5da302dc08f0 a3=5da302dcca90 items=2 ppid=3275 pid=6367 auid=816 uid=740 gid=1266 euid=636 suid=985 fsuid=658 egid=1468 sgid=1310 fsgid=1305 tty=pts0 ses=3 comm="sh" exe="/usr/bin/df" subj=unconfined key="process_exec"ARCH=x86_64 SYSCALL=execve AUID="heroic" UID="heroic" GID="heroic" EUID="heroic" SUID="heroic" FSUID="heroic" EGID="heroic" SGID="heroic" FSGID="heroic"
type=PATH msg=audit(1769928944.494:5461): item=1 name="/lib64/ld-linux-x86-64.so.2" inode=1575198 dev=8:2 mode=100428 ouid=0 ogid=0 rdev=0:0 nametype=NORMAL cap_fp=0 cap_fi=0 cap_fe=0 cap_fver=0 cap_frootid=0OUID="root" OGID="root"
type=PATH msg=audit(1769929257.724:5749): item=0 name="/usr/bin/tee" inode=1577823 dev=8:2 mode=100943 ouid=0 ogid=0 rdev=0:0 nametype=NORMAL cap_fp=0 cap_fi=0 cap_fe=0 cap_fver=0 cap_frootid=0OUID="root" OGID="root"
type=PATH msg=audit(1769928849.392:6773): item=1 name="/lib64/ld-linux-x86-64.so.2" inode=1575442 dev=8:2 mode=101135 ouid=0 ogid=0 rdev=0:0 nametype=NORMAL cap_fp=0 cap_fi=0 cap_fe=0 cap_fver=0 cap_frootid=0OUID="root" OGID="root"
type=USER_ACCT msg=audit(1769929002.1284:6929): pid=5473 uid=1069 auid=609 ses=3 subj=unconfined msg='op=PAM:accounting grantors=pam_permit,pam_localuser acct="heroic" exe="/bin/sh" hostname=? addr=? terminal=/dev/pts/0 res=success'UID="heroic" AUID="heroic"
type=SYSCALL msg=audit(1769928487.715:5553): arch=c000003e syscall=59 success=yes exit=0 a0=5cde67f2dcc0 a1=5cde67f36700 a2=5cde67f35870 a3=8 items=2 ppid=9762 pid=6286 auid=1310 uid=893 gid=1194 euid=1289 suid=520 fsuid=611 egid=1071 sgid=780 fsgid=1383 tty=pts2 ses=5 comm="df" exe="/usr/bin/netstat" subj=unconfined key="process_exec"ARCH=x86_64 SYSCALL=execve AUID="heroic" UID="heroic" GID="heroic" EUID="heroic" SUID="heroic" FSUID="heroic" EGID="heroic" SGID="heroic" FSGID="heroic"
type=CWD msg=audit(1769928733.966:7801): cwd="/root"
type=SYSCALL msg=audit(1769929136.122:4370): arch=c000003e syscall=59 success=yes exit=0 a0=5da302dc86e0 a1=5da302dca550 a2=5da302dc08f0 a3=1 items=2 ppid=2716 pid=2254 auid=960 uid=679 gid=590 euid=1444 suid=1474 fsuid=539 egid=1058 sgid=1234 fsgid=683 tty=pts0 ses=3 comm="last" exe="/usr/bin/netstat" subj=unconfined key="process_exec"ARCH=x86_64 SYSCALL=execve AUID="heroic" UID="heroic" GID="heroic" EUID="heroic" SUID="heroic" FSUID="heroic" EGID="heroic" SGID="heroic" FSGID="heroic"
type=SYSCALL msg=audit(1769929291.29:3937): arch=c000003e syscall=59 success=yes exit=0 a0=5e8dd7c3f2b0 a1=5e8dd7c3cfa0 a2=5e8dd7c3c160 a3=5e8dd7c3cff0 items=2 ppid=3370 pid=5479 auid=696 uid=0 gid=0 euid=0 suid=0 fsuid=0 egid=0 sgid=0 fsgid=0 tty=pts4 ses=3 comm="sed" exe="/usr/bin/sudo" subj=unconfined key="process_exec"ARCH=x86_64 SYSCALL=execve AUID="heroic" UID="root" GID="root" EUID="root" SUID="root" FSUID="root" EGID="root" SGID="root" FSGID="root"
type=EXECVE msg=audit(1769928521.566:7641): argc=2 a0="uname" a1="-a"
type=PATH msg=audit(1769928957.737:4352): item=0 name="/usr/bin/sudo" inode=1574196 dev=8:2 mode=104458 ouid=0 ogid=0 rdev=0:0 nametype=NORMAL cap_fp=0 cap_fi=0 cap_fe=0 cap_fver=0 cap_frootid=0OUID="root" OGID="root"
type=CWD msg=audit(1769928553.413:5106): cwd="/root"
type=PATH msg=audit(1769928508.1230:6372): item=0 name="/usr/bin/sudo" inode=1574372 dev=8:2 mode=104285 ouid=0 ogid=0 rdev=0:0 nametype=NORMAL cap_fp=0 cap_fi=0 cap_fe=0 cap_fver=0 cap_frootid=0OUID="root" OGID="root"
type=CRED_REFR msg=audit(1769928896.522:8708): pid=8854 uid=1464 auid=1219 ses=3 subj=unconfined msg='op=PAM:setcred grantors=pam_permit,pam_cap acct="root" exe="/usr/bin/tail" hostname=? addr=? terminal=/dev/pts/0 res=success'UID="heroic" AUID="heroic"
type=PROCTITLE msg=audit(1769929102.31:8904): proctitle="bash"
type=BPF msg=audit(1769929015.153:10238): prog-id=97 op=UNLOAD
type=SYSCALL msg=audit(1769929130.119:4365): arch=c000003e syscall=59 success=yes exit=0 a0=5f93efcfa880 a1=5f93efceb040 a2=5f93efcea2c0 a3=0 items=3 ppid=4232 pid=4668 auid=1336 uid=0 gid=580 euid=0 suid=0 fsuid=0 egid=1027 sgid=581 fsgid=665 tty=(none) ses=4 comm="tail" exe="/usr/bin/tail" subj=unconfined key="process_exec"ARCH=x86_64 SYSCALL=execve AUID="heroic" UID="root" GID="heroic" EUID="root" SUID="root" FSUID="root" EGID="heroic" SGID="heroic" FSGID="heroic"
type=PATH msg=audit(1769928824.659:8723): item=1 name="/lib64/ld-linux-x86-64.so.2" inode=1574949 dev=8:2 mode=101075 ouid=0 ogid=0 rdev=0:0 nametype=NORMAL cap_fp=0 cap_fi=0 cap_fe=0 cap_fver=0 cap_frootid=0OUID="root" OGID="root"
type=PATH msg=audit(1769929385.1002:8212): item=1 name="/lib64/ld-linux-x86-64.so.2" inode=1575589 dev=8:2 mode=101246 ouid=0 ogid=0 rdev=0:0 nametype=NORMAL cap_fp=0 cap_fi=0 cap_fe=0 cap_fver=0 cap_frootid=0OUID="root" OGID="root"
type=EXECVE msg=audit(1769929410.657:4096): argc=2 a0="uname" a1="-a"
type=PROCTITLE msg=audit(1769928996.668:4617): proctitle=7368002D63002D2D006E657473746174202D74756C706E207C207365642027732F5C285B5B3A616C6E756D3A5D5D5C2B5C295C205C2B5B5B3A64696769743A5D5D5C2B5C205C2B5B5B3A64696769743A5D5D5C2B5C205C2B5C282E2A5C293A5C285B5B3A64696769743A5D5D2A5C295C205C2B5C285B302D395C2E5C3A5C2A5D
type=EXECVE msg=audit(1769928431.748:6916): argc=1 a0="id"
type=EXECVE msg=audit(1769928528.135:6495): argc=2 a0="sleep" a1="90"
type=EXECVE msg=audit(1769928702.599:4539): argc=19 a0="gpg" a1="--enable-special-filenames" a2="--batch" a3="--no-sk-comments" a4="--homedir" a5="/var/lib/fwupd/gnupg" a6="--status-fd" a7="19" a8="--no-tty" a9="--charset" a10="utf8" a11="--enable-progress-filter" a12="--exit-on-status-write-error" a13="--logger-fd" a14="21" a15="--verify" a16="--" a17="-&22" a18="-&24"
type=EXECVE msg=audit(1769928709.171:5940): argc=2 a0="uname" a1="-a"
type=PATH msg=audit(1769928907.616:5152): item=0 name="/usr/bin/sleep" inode=1577761 dev=8:2 mode=100757 ouid=0 ogid=0 rdev=0:0 nametype=NORMAL cap_fp=0 cap_fi=0 cap_fe=0 cap_fver=0 cap_frootid=0OUID="root" OGID="root"
type=EXECVE msg=audit(1769929121.847:4999): argc=3 a0="chmod" a1="+x" a2="payload.sh"
type=PATH msg=audit(1769928569.849:6475): item=1 name="/lib64/ld-linux-x86-64.so.2" inode=1575835 dev=8:2 mode=101139 ouid=0 ogid=0 rdev=0:0 nametype=NORMAL cap_fp=0 cap_fi=0 cap_fe=0 cap_fver=0 cap_frootid=0OUID="root" OGID="root"
type=SYSCALL msg=audit(1769928544.626:8065): arch=c000003e syscall=59 success=yes exit=0 a0=57bd3c3e0120 a1=57bd3c3e01a0 a2=57bd3c3dfe20 a3=57bd3c3e0b40 items=2 ppid=2881 pid=6947 auid=4294966839 uid=0 gid=0 euid=0 suid=0 fsuid=0 egid=0 sgid=0 fsgid=0 tty=(none) ses=4294966845 comm="sh" exe="/usr/bin/netstat" subj=unconfined key="process_exec"ARCH=x86_64 SYSCALL=execve AUID="unset" UID="root" GID="root" EUID="root" SUID="root" FSUID="root" EGID="root" SGID="root" FSGID="root"
type=CWD msg=audit(1769928643.328:8522): cwd="/usr/local/bin"
type=PATH msg=audit(1769928607.238:6026): item=0 name="/usr/bin/sudo" inode=1574129 dev=8:2 mode=104631 ouid=0 ogid=0 rdev=0:0 nametype=NORMAL cap_fp=0 cap_fi=0 cap_fe=0 cap_fver=0 cap_frootid=0OUID="root" OGID="root"
type=CWD msg=audit(1769928681.1063:4940): cwd=2F746D702F686964735F6D616C6963696F7573202864656C6574656429
type=PATH msg=audit(1769928826.1163:6018): item=0 name="/usr/bin/sudo" inode=1574013 dev=8:2 mode=104358 ouid=0 ogid=0 rdev=0:0 nametype=NORMAL cap_fp=0 cap_fi=0 cap_fe=0 cap_fver=0 cap_frootid=0OUID="root" OGID="root"
type=PATH msg=audit(1769929087.434:9196): item=1 name="/lib64/ld-linux-x86-64.so.2" inode=1575639 dev=8:2 mode=100480 ouid=0 ogid=0 rdev=0:0 nametype=NORMAL cap_fp=0 cap_fi=0 cap_fe=0 cap_fver=0 cap_frootid=0OUID="root" OGID="root"
type=PROCTITLE msg=audit(1769928650.942:4323): proctitle=63686D6F64002B78007061796C6F61642E7368
type=PROCTITLE msg=audit(1769929201.1183:7246): proctitle="id"
type=CRED_DISP msg=audit(1769929293.12:6039): pid=3015 uid=736 auid=1485 ses=3 subj=unconfined msg='op=PAM:setcred grantors=pam_permit acct="root" exe="/usr/bin/python3" hostname=? addr=? terminal=/dev/pts/0 res=success'UID="heroic" AUID="heroic"
type=PROCTITLE msg=audit(1769928602.31:4971): proctitle=736C6565700035
type=EXECVE msg=audit(1769928818.374:4846): argc=58 a0="rm" a1="-f" a2="file_10.dat" a3="file_11.dat" a4="file_12.dat" a5="file_13.dat" a6="file_14.dat" a7="file_15.dat" a8="file_16.dat" a9="file_17.dat" a10="file_18.dat" a11="file_19.dat" a12="file_1.dat" a13="file_20.dat" a14="file_21.dat" a15="file_22.dat" a16="file_23.dat" a17="file_24.dat" a18="file_25.dat" a19="file_26.dat" a20="file_27.dat" a21="file_28.dat" a22="file_29.dat" a23="file_2.dat" a24="file_30.dat" a25="file_31.dat" a26="file_32.dat" a27="file_33.dat" a28="file_34.dat" a29="file_35.dat" a30="file_36.dat" a31="file_37.dat" a32="file_38.dat" a33="file_39.dat" a34="file_3.dat" a35="file_40.dat" a36="file_41.dat" a37="file_42.dat" a38="file_43.dat" a39="file_44.dat" a40="file_45.dat" a41="file_46.dat" a42="file_47.dat" a43="file_48.dat" a44="file_49.dat" a45="file_4.dat" a46="file_50.dat" a47="file_5.dat" a48="file_6.dat" a49="file_7.dat" a50="file_8.dat" a51="file_9.dat" a52="payload.sh" a53="recon.txt" a54="netstat.txt" a55="processes.txt" a56="sudo_enum.txt" a57="sudo_test.txt"
type=PROCTITLE msg=audit(1769928558.45:5893): proctitle=2F7573722F6C69622F73797374656D642F73797374656D642D6578656375746F72002D2D646573657269616C697A6500313139002D2D6C6F672D6C6576656C00696E666F002D2D6C6F672D746172676574006A6F75726E616C2D6F722D6B6D7367
type=CRED_DISP msg=audit(1769929366.489:8965): pid=6677 uid=684 auid=1232 ses=3 subj=unconfined msg='op=PAM:setcred grantors=pam_permit acct="root" exe="/usr/bin/sudo" hostname=? addr=? terminal=/dev/pts/0 res=success'UID="heroic" AUID="heroic"
type=SYSCALL msg=audit(1769929077.837:8959): arch=c000003e syscall=59 success=yes exit=0 a0=6350d512ab68 a1=6350d513aba0 a2=6350d514d7a0 a3=64 items=2 ppid=1420 pid=1537 auid=523 uid=0 gid=0 euid=0 suid=0 fsuid=0 egid=0 sgid=0 fsgid=0 tty=pts4 ses=3 comm="sed" exe="/bin/sh" subj=unconfined key="process_exec"ARCH=x86_64 SYSCALL=execve AUID="heroic" UID="root" GID="root" EUID="root" SUID="root" FSUID="root" EGID="root" SGID="root" FSGID="root"
type=PROCTITLE msg=audit(1769929049.602:6040): proctitle=2F7573722F6C69622F73797374656D642F73797374656D642D6578656375746F72002D2D646573657269616C697A6500313139002D2D6C6F672D6C6576656C00696E666F002D2D6C6F672D746172676574006A6F75726E616C2D6F722D6B6D7367
type=EXECVE msg=audit(1769928963.894:7015): argc=58 a0="rm" a1="-f" a2="file_10.dat" a3="file_11.dat" a4="file_12.dat" a5="file_13.dat" a6="file_14.dat" a7="file_15.dat" a8="file_16.dat" a9="file_17.dat" a10="file_18.dat" a11="file_19.dat" a12="file_1.dat" a13="file_20.dat" a14="file_21.dat" a15="file_22.dat" a16="file_23.dat" a17="file_24.dat" a18="file_25.dat" a19="file_26.dat" a20="file_27.dat" a21="file_28.dat" a22="file_29.dat" a23="file_2.dat" a24="file_30.dat" a25="file_31.dat" a26="file_32.dat" a27="file_33.dat" a28="file_34.dat" a29="file_35.dat" a30="file_36.dat" a31="file_37.dat" a32="file_38.dat" a33="file_39.dat" a34="file_3.dat" a35="file_40.dat" a36="file_41.dat" a37="file_42.dat" a38="file_43.dat" a39="file_44.dat" a40="file_45.dat" a41="file_46.dat" a42="file_47.dat" a43="file_48.dat" a44="file_49.dat" a45="file_4.dat" a46="file_50.dat" a47="file_5.dat" a48="file_6.dat" a49="file_7.dat" a50="file_8.dat" a51="file_9.dat" a52="payload.sh" a53="recon.txt" a54="netstat.txt" a55="processes.txt" a56="sudo_enum.txt" a57="sudo_test.txt"
type=SYSCALL msg=audit(1769929228.608:6006): arch=c000003e syscall=59 success=yes exit=0 a0=5cf7ea324020 a1=5cf7ea324000 a2=5cf7ea323db0 a3=5cf7ea324990 items=2 ppid=3394 pid=1433 auid=4294967016 uid=0 gid=0 euid=0 suid=0 fsuid=0 egid=0 sgid=0 fsgid=0 tty=(none) ses=4294967718 comm="sh" exe="/usr/bin/sed" subj=unconfined key="process_exec"ARCH=x86_64 SYSCALL=execve AUID="unset" UID="root" GID="root" EUID="root" SUID="root" FSUID="root" EGID="root" SGID="root" FSGID="root"
type=EXECVE msg=audit(1769929298.119:6932): argc=2 a0="rmdir" a1="/tmp/hids_malicious"
type=SYSCALL msg=audit(1769928841.249:4913): arch=c000003e syscall=59 success=yes exit=0 a0=5eaf7e164a00 a1=7ffd4a156670 a2=7ffd4a157088 a3=0 items=2 ppid=5521 pid=7859 auid=4294967110 uid=0 gid=0 euid=0 suid=0 fsuid=0 egid=0 sgid=0 fsgid=0 tty=(none) ses=4294967791 comm="last" exe="/bin/sh" subj=unconfined key="process_exec"ARCH=x86_64 SYSCALL=execve AUID="unset" UID="root" GID="root" EUID="root" SUID="root" FSUID="root" EGID="root" SGID="root" FSGID="root"
type=SYSCALL msg=audit(1769929397.867:8973): arch=c000003e syscall=59 success=yes exit=0 a0=5da302dc88c0 a1=5da302dc8800 a2=5da302dc08f0 a3=5da302dc8800 items=2 ppid=9803 pid=5512 auid=1432 uid=504 gid=1303 euid=0 suid=0 fsuid=0 egid=1018 sgid=1483 fsgid=710 tty=pts0 ses=3 comm="df" exe="/usr/bin/sed" subj=unconfined key="process_exec"ARCH=x86_64 SYSCALL=execve AUID="heroic" UID="heroic" GID="heroic" EUID="root" SUID="root" FSUID="root" EGID="heroic" SGID="heroic" FSGID="heroic"
type=CWD msg=audit(1769928817.314:9961): cwd="/var/ossec"
type=SERVICE_STOP msg=audit(1769928493.384:9970): pid=4756 uid=0 auid=4294967686 ses=4294967177 subj=unconfined msg='unit=sysstat-collect comm="netstat" exe="/usr/bin/last" hostname=? addr=? terminal=? res=success'UID="root" AUID="unset"
type=PATH msg=audit(1769928916.429:7833): item=2 name="/lib64/ld-linux-x86-64.so.2" inode=1574897 dev=8:2 mode=100291 ouid=0 ogid=0 rdev=0:0 nametype=NORMAL cap_fp=0 cap_fi=0 cap_fe=0 cap_fver=0 cap_frootid=0OUID="root" OGID="root"
type=CWD msg=audit(1769928927.392:7776): cwd="/home/heroic"
type=USER_END msg=audit(1769928565.864:9499): pid=9837 uid=1310 auid=1285 ses=3 subj=unconfined msg='op=PAM:session_close grantors=pam_limits,pam_env,pam_env,pam_permit,pam_umask,pam_unix acct="root" exe="/bin/sh" hostname=? addr=? terminal=/dev/pts/0 res=success'UID="heroic" AUID="heroic"
type=PROCTITLE msg=audit(1769929115.472:6881): proctitle=2F7573722F6C69622F73797374656D642F73797374656D642D6578656375746F72002D2D646573657269616C697A6500313139002D2D6C6F672D6C6576656C00696E666F002D2D6C6F672D746172676574006A6F75726E616C2D6F722D6B6D7367
type=CWD msg=audit(1769928714.328:4548): cwd="/root"
type=SYSCALL msg=audit(1769928477.292:4437): arch=c000003e syscall=59 success=yes exit=0 a0=64e1754cb7c0 a1=64e1754ca270 a2=64e1754c38f0 a3=64e1754cb7a0 items=2 ppid=5844 pid=6794 auid=833 uid=1027 gid=1059 euid=1355 suid=766 fsuid=1367 egid=1178 sgid=1345 fsgid=1371 tty=pts0 ses=3 comm="sed" exe="/usr/bin/python3" subj=unconfined key="process_exec"ARCH=x86_64 SYSCALL=execve AUID="heroic" UID="heroic" GID="heroic" EUID="heroic" SUID="heroic" FSUID="heroic" EGID="heroic" SGID="heroic" FSGID="heroic"
type=CWD msg=audit(1769929369.670:9458): cwd="/root"
type=PROCTITLE msg=audit(1769928475.441:4969): proctitle=7368002D63002D2D006466202D50
type=PATH msg=audit(1769929196.791:7616): item=1 name="/lib64/ld-linux-x86-64.so.2" inode=1575340 dev=8:2 mode=101150 ouid=0 ogid=0 rdev=0:0 nametype=NORMAL cap_fp=0 cap_fi=0 cap_fe=0 cap_fver=0 cap_frootid=0OUID="root" OGID="root"
type=USER_ACCT msg=audit(1769928858.135:8872): pid=7398 uid=1341 auid=926 ses=3 subj=unconfined msg='op=PAM:accounting grantors=pam_permit,pam_localuser acct="heroic" exe="/bin/sh" hostname=? addr=? terminal=/dev/pts/0 res=success'UID="heroic" AUID="heroic"
type=SYSCALL msg=audit(1769929367.687:8697): arch=c000003e syscall=59 success=yes exit=0 a0=56a2ccca82d6 a1=7ffeb4c10500 a2=56a2ccca8380 a3=56a2ccca82d6 items=2 ppid=6152 pid=8627 auid=0 uid=0 gid=0 euid=0 suid=0 fsuid=0 egid=0 sgid=0 fsgid=0 tty=(none) ses=9 comm="ss" exe="/usr/bin/last" subj=unconfined key="process_exec"ARCH=x86_64 SYSCALL=execve AUID="root" UID="root" GID="root" EUID="root" SUID="root" FSUID="root" EGID="root" SGID="root" FSGID="root"
type=CRED_DISP msg=audit(1769929297.507:5240): pid=6983 uid=1394 auid=708 ses=3 subj=unconfined msg='op=PAM:setcred grantors=pam_permit acct="root" exe="/usr/bin/tail" hostname=? addr=? terminal=/dev/pts/0 res=success'UID="heroic" AUID="heroic"
type=PATH msg=audit(1769929103.295:4832): item=0 name="/usr/bin/sleep" inode=1578172 dev=8:2 mode=100800 ouid=0 ogid=0 rdev=0:0 nametype=NORMAL cap_fp=0 cap_fi=0 cap_fe=0 cap_fver=0 cap_frootid=0OUID="root" OGID="root"
type=PROCTITLE msg=audit(1769928415.164:7124): proctitle=736C656570003930
type=PATH msg=audit(1769929216.616:8178): item=0 name="/usr/bin/whoami" inode=1577820 dev=8:2 mode=100807 ouid=0 ogid=0 rdev=0:0 nametype=NORMAL cap_fp=0 cap_fi=0 cap_fe=0 cap_fver=0 cap_frootid=0OUID="root" OGID="root"
type=USER_END msg=audit(1769928470.116:7845): pid=1705 uid=627 auid=545 ses=3 subj=unconfined msg='op=PAM:session_close grantors=pam_limits,pam_env,pam_env,pam_permit,pam_umask,pam_unix acct="root" exe="/usr/bin/sed" hostname=? addr=? terminal=/dev/pts/0 res=success'UID="heroic" AUID="heroic"
type=PATH msg=audit(1769928510.1342:9110): item=1 name="/etc/cron.d/hids_persist" inode=1703768 dev=8:2 mode=101065 ouid=0 ogid=0 rdev=0:0 nametype=DELETE cap_fp=0 cap_fi=0 cap_fe=0 cap_fver=0 cap_frootid=0OUID="root" OGID="root"
type=CRED_DISP msg=audit(1769929258.1410:9444): pid=2423 uid=545 auid=1169 ses=3 subj=unconfined msg='op=PAM:setcred grantors=pam_permit acct="root" exe="/usr/bin/python3" hostname=? addr=? terminal=/dev/pts/0 res=success'UID="heroic" AUID="heroic"
type=PATH msg=audit(1769928960.669:9245): item=1 name="/lib64/ld-linux-x86-64.so.2" inode=1575690 dev=8:2 mode=100565 ouid=0 ogid=0 rdev=0:0 nametype=NORMAL cap_fp=0 cap_fi=0 cap_fe=0 cap_fver=0 cap_frootid=0OUID="root" OGID="root"
type=PATH msg=audit(1769928930.618:8309): item=1 name="/etc/cron.d/hids_persist" inode=1703910 dev=8:2 mode=100522 ouid=0 ogid=0 rdev=0:0 nametype=DELETE cap_fp=0 cap_fi=0 cap_fe=0 cap_fver=0 cap_frootid=0OUID="root" OGID="root"
type=CRED_DISP msg=audit(1769928679.18:5519): pid=4061 uid=503 auid=716 ses=3 subj=unconfined msg='op=PAM:setcred grantors=pam_permit acct="root" exe="/usr/bin/netstat" hostname=? addr=? terminal=/dev/pts/0 res=success'UID="heroic" AUID="heroic"
type=PROCTITLE msg=audit(1769929171.719:7939): proctitle=7373002D74756C6E70
type=PATH msg=audit(1769928975.78:9419): item=0 name="/etc/cron.d/" inode=1704240 dev=8:2 mode=40745 ouid=0 ogid=0 rdev=0:0 nametype=PARENT cap_fp=0 cap_fi=0 cap_fe=0 cap_fver=0 cap_frootid=0OUID="root" OGID="root"
type=CWD msg=audit(1769928926.161:7509): cwd="/root"
type=PATH msg=audit(1769929074.23:4284): item=1 name="/lib64/ld-linux-x86-64.so.2" inode=1574944 dev=8:2 mode=101123 ouid=0 ogid=0 rdev=0:0 nametype=NORMAL cap_fp=0 cap_fi=0 cap_fe=0 cap_fver=0 cap_frootid=0OUID="root" OGID="root"
type=CWD msg=audit(1769928778.1174:6067): cwd="/tmp"
type=CRED_ACQ msg=audit(1769928795.16:8430): pid=1639 uid=0 auid=1421 ses=3 subj=unconfined msg='op=PAM:setcred grantors=pam_rootok acct="root" exe="/usr/bin/netstat" hostname=? addr=? terminal=/dev/pts/4 res=success'UID="root" AUID="heroic"
type=CWD msg=audit(1769928904.578:10122): cwd="/usr/local/bin"
type=EXECVE msg=audit(1769929337.726:9009): argc=2 a0="sudo" a1="whoami"
type=PROCTITLE msg=audit(1769929349.21:9366): proctitle=2F7573722F6C69622F73797374656D642F73797374656D642D6578656375746F72002D2D646573657269616C697A6500313732002D2D6C6F672D6C6576656C00696E666F002D2D6C6F672D746172676574006A6F75726E616C2D6F722D6B6D7367
type=EXECVE msg=audit(1769928998.446:5436): argc=2 a0="sleep" a1="5"
type=SYSCALL msg=audit(1769929246.989:5661): arch=c000003e syscall=59 success=yes exit=0 a0=64e1754cfc70 a1=64e1754ca900 a2=64e1754c38f0 a3=64e1754cff70 items=2 ppid=7684 pid=2422 auid=548 uid=601 gid=1342 euid=0 suid=0 fsuid=0 egid=1422 sgid=505 fsgid=1475 tty=pts0 ses=3 comm="python" exe="/usr/bin/df" subj=unconfined key="process_exec"ARCH=x86_64 SYSCALL=execve AUID="heroic" UID="heroic" GID="heroic" EUID="root" SUID="root" FSUID="root" EGID="heroic" SGID="heroic" FSGID="heroic"
type=PATH msg=audit(1769928934.719:7312): item=1 name="/lib64/ld-linux-x86-64.so.2" inode=1575478 dev=8:2 mode=100770 ouid=0 ogid=0 rdev=0:0 nametype=NORMAL cap_fp=0 cap_fi=0 cap_fe=0 cap_fver=0 cap_frootid=0OUID="root" OGID="root"
type=SYSCALL msg=audit(1769929281.715:10386): arch=c000003e syscall=59 success=yes exit=0 a0=6452e97b5020 a1=6452e97b5000 a2=6452e97b4db0 a3=6452e97b5990 items=2 ppid=5074 pid=3881 auid=4294967294 uid=0 gid=0 euid=0 suid=0 fsuid=0 egid=0 sgid=0 fsgid=0 tty=(none) ses=4294967187 comm="tail" exe="/usr/bin/sudo" subj=unconfined key="process_exec"ARCH=x86_64 SYSCALL=execve AUID="unset" UID="root" GID="root" EUID="root" SUID="root" FSUID="root" EGID="root" SGID="root" FSGID="root"
type=CWD msg=audit(1769928567.921:4804): cwd="/tmp"
type=SYSCALL msg=audit(1769928553.1423:5682): arch=c000003e syscall=59 success=yes exit=0 a0=64e1754ca420 a1=64e1754cb6e0 a2=64e1754c38f0 a3=64e1754cb6e0 items=2 ppid=5225 pid=8724 auid=534 uid=693 gid=1386 euid=1402 suid=580 fsuid=904 egid=1197 sgid=1352 fsgid=1362 tty=pts0 ses=3 comm="netstat" exe="/usr/bin/sort" subj=unconfined key="process_exec"ARCH=x86_64 SYSCALL=execve AUID="heroic" UID="heroic" GID="heroic" EUID="heroic" SUID="heroic" FSUID="heroic" EGID="heroic" SGID="heroic" FSGID="heroic"
type=SYSCALL msg=audit(1769929274.793:9037): arch=c000003e syscall=59 success=yes exit=0 a0=5da302dc87a0 a1=5da302dc8800 a2=5da302dc08f0 a3=5da302dc8800 items=2 ppid=7126 pid=3311 auid=552 uid=993 gid=1070 euid=786 suid=1258 fsuid=1110 egid=1311 sgid=720 fsgid=1243 tty=pts0 ses=3 comm="df" exe="/usr/bin/sort" subj=unconfined key="process_exec"ARCH=x86_64 SYSCALL=execve AUID="heroic" UID="heroic" GID="heroic" EUID="heroic" SUID="heroic" FSUID="heroic" EGID="heroic" SGID="heroic" FSGID="heroic"
type=PATH msg=audit(1769928754.437:5293): item=1 name="/lib64/ld-linux-x86-64.so.2" inode=1575758 dev=8:2 mode=100345 ouid=0 ogid=0 rdev=0:0 nametype=NORMAL cap_fp=0 cap_fi=0 cap_fe=0 cap_fver=0 cap_frootid=0OUID="root" OGID="root"
type=PATH msg=audit(1769929321.967:6058): item=0 name="/bin/bash" inode=1573576 dev=8:2 mode=100604 ouid=0 ogid=0 rdev=0:0 nametype=NORMAL cap_fp=0 cap_fi=0 cap_fe=0 cap_fver=0 cap_frootid=0OUID="root" OGID="root"
type=CWD msg=audit(1769928788.1062:9182): cwd="/tmp"
type=CWD msg=audit(1769928845.536:9894): cwd=2F746D702F686964735F6D616C6963696F7573202864656C6574656429
type=PROCTITLE msg=audit(1769928428.114:6746): proctitle=756E616D65002D61
type=SYSCALL msg=audit(1769929127.496:7388): arch=c000003e syscall=59 success=yes exit=0 a0=64e1754cf870 a1=64e1754d1a50 a2=64e1754c38f0 a3=64e1754cf850 items=2 ppid=1606 pid=9176 auid=547 uid=1150 gid=575 euid=1278 suid=836 fsuid=1429 egid=1283 sgid=1354 fsgid=836 tty=pts0 ses=3 comm="sh" exe="/usr/bin/sed" subj=unconfined key="process_exec"ARCH=x86_64 SYSCALL=execve AUID="heroic" UID="heroic" GID="heroic" EUID="heroic" SUID="heroic" FSUID="heroic" EGID="heroic" SGID="heroic" FSGID="heroic"
type=EXECVE msg=audit(1769929054.1157:4104): argc=2 a0="/bin/sh" a1="/etc/gdm3/PrimeOff/Default"
type=PROCTITLE msg=audit(1769929271.81:5227): proctitle=707300617578
type=SYSCALL msg=audit(1769928853.157:7490): arch=c000003e syscall=59 success=yes exit=0 a0=5da302dccff0 a1=5da302dce1c0 a2=5da302dc08f0 a3=5da302dce1c0 items=2 ppid=3129 pid=2667 auid=1431 uid=963 gid=709 euid=0 suid=0 fsuid=0 egid=981 sgid=875 fsgid=1327 tty=pts0 ses=3 comm="netstat" exe="/bin/sh" subj=unconfined key="process_exec"ARCH=x86_64 SYSCALL=execve AUID="heroic" UID="heroic" GID="heroic" EUID="root" SUID="root" FSUID="root" EGID="heroic" SGID="heroic" FSGID="heroic"
type=PATH msg=audit(1769928833.773:7995): item=1 name="/lib64/ld-linux-x86-64.so.2" inode=1575652 dev=8:2 mode=100969 ouid=0 ogid=0 rdev=0:0 nametype=NORMAL cap_fp=0 cap_fi=0 cap_fe=0 cap_fver=0 cap_frootid=0OUID="root" OGID="root"
type=PATH msg=audit(1769929238.1142:9732): item=1 name="/lib64/ld-linux-x86-64.so.2" inode=1575167 dev=8:2 mode=100797 ouid=0 ogid=0 rdev=0:0 nametype=NORMAL cap_fp=0 cap_fi=0 cap_fe=0 cap_fver=0 cap_frootid=0OUID="root" OGID="root"
type=EXECVE msg=audit(1769929206.1012:6271): argc=2 a0="sleep" a1="90"
type=PATH msg=audit(1769928876.1348:5489): item=1 name="/lib64/ld-linux-x86-64.so.2" inode=1575683 dev=8:2 mode=100586 ouid=0 ogid=0 rdev=0:0 nametype=NORMAL cap_fp=0 cap_fi=0 cap_fe=0 cap_fver=0 cap_frootid=0OUID="root" OGID="root"
type=PATH msg=audit(1769928958.501:6460): item=0 name="/proc/self/fd/9" inode=1596961 dev=8:2 mode=101036 ouid=0 ogid=0 rdev=0:0 nametype=NORMAL cap_fp=0 cap_fi=0 cap_fe=0 cap_fver=0 cap_frootid=0OUID="root" OGID="root"
type=CWD msg=audit(1769929396.448:8379): cwd="/root"
type=CWD msg=audit(1769928905.628:5700): cwd="/tmp"
type=SYSCALL msg=audit(1769929085.1191:7958): arch=c000003e syscall=59 success=yes exit=0 a0=64cc6722ceb0 a1=64cc67320e40 a2=64cc6731a630 a3=64cc67320e40 items=3 ppid=8406 pid=6280 auid=1248 uid=1049 gid=1325 euid=1114 suid=1204 fsuid=1479 egid=894 sgid=861 fsgid=1350 tty=pts0 ses=3 comm="tail" exe="/usr/bin/python3" subj=unconfined key="process_exec"ARCH=x86_64 SYSCALL=execve AUID="heroic" UID="heroic" GID="heroic" EUID="heroic" SUID="heroic" FSUID="heroic" EGID="heroic" SGID="heroic" FSGID="heroic"
type=PATH msg=audit(1769928627.569:5349): item=0 name="/usr/bin/rm" inode=1578110 dev=8:2 mode=100773 ouid=0 ogid=0 rdev=0:0 nametype=NORMAL cap_fp=0 cap_fi=0 cap_fe=0 cap_fver=0 cap_frootid=0OUID="root" OGID="root"
type=PATH msg=audit(1769928894.801:4216): item=1 name="/lib64/ld-linux-x86-64.so.2" inode=1575758 dev=8:2 mode=100669 ouid=0 ogid=0 rdev=0:0 nametype=NORMAL cap_fp=0 cap_fi=0 cap_fe=0 cap_fver=0 cap_frootid=0OUID="root" OGID="root"
type=PATH msg=audit(1769929142.332:7503): item=0 name="/usr/bin/ss" inode=1574272 dev=8:2 mode=101229 ouid=0 ogid=0 rdev=0:0 nametype=NORMAL cap_fp=0 cap_fi=0 cap_fe=0 cap_fver=0 cap_frootid=0OUID="root" OGID="root"
type=PATH msg=audit(1769928425.524:8228): item=0 name="/usr/bin/rm" inode=1578140 dev=8:2 mode=100650 ouid=0 ogid=0 rdev=0:0 nametype=NORMAL cap_fp=0 cap_fi=0 cap_fe=0 cap_fver=0 cap_frootid=0OUID="root" OGID="root"
type=PATH msg=audit(1769928653.407:9651): item=0 name="/usr/bin/id" inode=1578444 dev=8:2 mode=100522 ouid=0 ogid=0 rdev=0:0 nametype=NORMAL cap_fp=0 cap_fi=0 cap_fe=0 cap_fver=0 cap_frootid=0OUID="root" OGID="root"
type=PATH msg=audit(1769929098.748:4302): item=1 name="/lib64/ld-linux-x86-64.so.2" inode=1575562 dev=8:2 mode=100267 ouid=0 ogid=0 rdev=0:0 nametype=NORMAL cap_fp=0 cap_fi=0 cap_fe=0 cap_fver=0 cap_frootid=0OUID="root" OGID="root"
type=CWD msg=audit(1769929334.1435:4706): cwd="/usr/local/bin"
type=EXECVE msg=audit(1769929357.833:6206): argc=2 a0="sudo" a1="-l"
