type=CWD msg=audit(1769929142.160:10407): cwd="/var/ossec"
type=PATH msg=audit(1769928596.556:6005): item=0 name="/usr/bin/whoami" inode=1577907 dev=8:2 mode=100625 ouid=0 ogid=0 rdev=0:0 nametype=NORMAL cap_fp=0 cap_fi=0 cap_fe=0 cap_fver=0 cap_frootid=0OUID="root" OGID="root"
type=PROCTITLE msg=audit(1769928937.21:10178): proctitle=6C617374002D6E003230
type=SYSCALL msg=audit(1769928764.1111:8728): arch=c000003e syscall=59 success=yes exit=0 a0=5f85cf469020 a1=5f85cf469000 a2=5f85cf468db0 a3=5f85cf469990 items=2 ppid=3140 pid=2055 auid=4294967307 uid=0 gid=0 euid=0 suid=0 fsuid=0 egid=0 sgid=0 fsgid=0 tty=(none) ses=4294966917 comm="sort" exe="/usr/bin/df" subj=unconfined key="process_exec"ARCH=x86_64 SYSCALL=execve AUID="unset" UID="root" GID="root" EUID="root" SUID="root" FSUID="root" EGID="root" SGID="root" FSGID="root"
type=PATH msg=audit(1769929094.994:5039): item=1 name="/lib64/ld-linux-x86-64.so.2" inode=1575392 dev=8:2 mode=100995 ouid=0 ogid=0 rdev=0:0 nametype=NORMAL cap_fp=0 cap_fi=0 cap_fe=0 cap_fver=0 cap_frootid=0OUID="root" OGID="root"
type=PATH msg=audit(1769928527.872:9468): item=1 name="/lib64/ld-linux-x86-64.so.2" inode=1575484 dev=8:2 mode=100267 ouid=0 ogid=0 rdev=0:0 nametype=NORMAL cap_fp=0 cap_fi=0 cap_fe=0 cap_fver=0 cap_frootid=0OUID="root" OGID="root"
type=PROCTITLE msg=audit(1769929281.158:8763): proctitle=6D6B646972002D70002F746D702F686964735F6D616C6963696F7573
type=PROCTITLE msg=audit(1769928667.103:7526): proctitle=7368002D63002D2D006C617374202D6E203230
type=CWD msg=audit(1769929405.948:9752): cwd="/usr/local/bin"
type=PATH msg=audit(1769929061.843:5685): item=1 name="/lib64/ld-linux-x86-64.so.2" inode=1574916 dev=8:2 mode=100897 ouid=0 ogid=0 rdev=0:0 nametype=NORMAL cap_fp=0 cap_fi=0 cap_fe=0 cap_fver=0 cap_frootid=0OUID="root" OGID="root"
type=EXECVE msg=audit(1769929266.318:6990): argc=3 a0="rm" a1="-f" a2="/etc/cron.d/hids_persist"
type=SYSCALL msg=audit(1769929317.500:7167): arch=c000003e syscall=59 success=yes exit=0 a0=7ffd2e5d34c0 a1=7ffd2e5d34e0 a2=7ffd2e5d3fd0 a3=8 items=2 ppid=8345 pid=2771 auid=4294966889 uid=0 gid=0 euid=0 suid=0 fsuid=0 egid=0 sgid=0 fsgid=0 tty=(none) ses=4294967188 comm="ss" exe="/usr/bin/last" subj=unconfined key="process_exec"ARCH=x86_64 SYSCALL=execve AUID="unset" UID="root" GID="root" EUID="root" SUID="root" FSUID="root" EGID="root" SGID="root" FSGID="root"
type=EXECVE msg=audit(1769929022.959:5565): argc=3 a0="sudo" a1="tee" a2="/etc/cron.d/hids_persist"
type=SYSCALL msg=audit(1769928630.651:4733): arch=c000003e syscall=59 success=yes exit=0 a0=64e1754cb7c0 a1=64e1754cb7a0 a2=64e1754c38f0 a3=64e1754cb7a0 items=2 ppid=2864 pid=5015 auid=656 uid=553 gid=530 euid=0 suid=0 fsuid=0 egid=1095 sgid=1281 fsgid=1278 tty=pts0 ses=3 comm="tail" exe="/bin/sh" subj=unconfined key="process_exec"ARCH=x86_64 SYSCALL=execve AUID="heroic" UID="heroic" GID="heroic" EUID="root" SUID="root" FSUID="root" EGID="heroic" SGID="heroic" FSGID="heroic"
type=PROCTITLE msg=audit(1769928577.589:6767): proctitle=726D646972002F746D702F686964735F6D616C6963696F7573
type=EXECVE msg=audit(1769928702.487:5580): argc=58 a0="rm" a1="-f" a2="file_10.dat" a3="file_11.dat" a4="file_12.dat" a5="file_13.dat" a6="file_14.dat" a7="file_15.dat" a8="file_16.dat" a9="file_17.dat" a10="file_18.dat" a11="file_19.dat" a12="file_1.dat" a13="file_20.dat" a14="file_21.dat" a15="file_22.dat" a16="file_23.dat" a17="file_24.dat" a18="file_25.dat" a19="file_26.dat" a20="file_27.dat" a21="file_28.dat" a22="file_29.dat" a23="file_2.dat" a24="file_30.dat" a25="file_31.dat" a26="file_32.dat" a27="file_33.dat" a28="file_34.dat" a29="file_35.dat" a30="file_36.dat" a31="file_37.dat" a32="file_38.dat" a33="file_39.dat" a34="file_3.dat" a35="file_40.dat" a36="file_41.dat" a37="file_42.dat" a38="file_43.dat" a39="file_44.dat" a40="file_45.dat" a41="file_46.dat" a42="file_47.dat" a43="file_48.dat" a44="file_49.dat" a45="file_4.dat" a46="file_50.dat" a47="file_5.dat" a48="file_6.dat" a49="file_7.dat" a50="file_8.dat" a51="file_9.dat" a52="payload.sh" a53="recon.txt" a54="netstat.txt" a55="processes.txt" a56="sudo_enum.txt" a57="sudo_test.txt"
type=BPF msg=audit(1769928926.1026:4364): prog-id=97 op=LOAD
type=USER_END msg=audit(1769928792.274:3744): pid=7984 uid=0 auid=1177 ses=5 subj=unconfined msg='op=PAM:session_close grantors=pam_env,pam_env,pam_mail,pam_limits,pam_permit,pam_umask,pam_unix,pam_systemd acct="root" exe="/bin/sh" hostname=? addr=? terminal=/dev/pts/1 res=success'UID="root" AUID="heroic"
type=PATH msg=audit(1769928941.336:9533): item=1 name="/lib64/ld-linux-x86-64.so.2" inode=1575670 dev=8:2 mode=100686 ouid=0 ogid=0 rdev=0:0 nametype=NORMAL cap_fp=0 cap_fi=0 cap_fe=0 cap_fver=0 cap_frootid=0OUID="root" OGID="root"
type=PATH msg=audit(1769929184.793:6457): item=0 name="/usr/bin/id" inode=1577630 dev=8:2 mode=100461 ouid=0 ogid=0 rdev=0:0 nametype=NORMAL cap_fp=0 cap_fi=0 cap_fe=0 cap_fver=0 cap_frootid=0OUID="root" OGID="root"
type=CWD msg=audit(1769928709.1079:7478): cwd="/root"
type=CWD msg=audit(1769929360.491:6458): cwd="/tmp"
type=CWD msg=audit(1769928969.336:7587): cwd="/var/ossec"
type=PROCTITLE msg=audit(1769928544.1077:5343): proctitle="bash"
type=CRED_DISP msg=audit(1769929065.824:4923): pid=2126 uid=823 auid=719 ses=3 subj=unconfined msg='op=PAM:setcred grantors=pam_permit acct="root" exe="/usr/bin/python3" hostname=? addr=? terminal=/dev/pts/0 res=success'UID="heroic" AUID="heroic"
type=PROCTITLE msg=audit(1769928916.955:4062): proctitle=746565002F6574632F63726F6E2E642F686964735F70657273697374
type=PATH msg=audit(1769929348.475:5939): item=0 name="/usr/bin/uname" inode=1577996 dev=8:2 mode=100904 ouid=0 ogid=0 rdev=0:0 nametype=NORMAL cap_fp=0 cap_fi=0 cap_fe=0 cap_fver=0 cap_frootid=0OUID="root" OGID="root"
type=PROCTITLE msg=audit(1769928927.163:8511): proctitle=7375646F002D6C
type=PATH msg=audit(1769928764.655:8308): item=1 name="/lib64/ld-linux-x86-64.so.2" inode=1575162 dev=8:2 mode=101076 ouid=0 ogid=0 rdev=0:0 nametype=NORMAL cap_fp=0 cap_fi=0 cap_fe=0 cap_fver=0 cap_frootid=0OUID="root" OGID="root"
type=USER_END msg=audit(1769929298.615:7675): pid=8943 uid=647 auid=1192 ses=3 subj=unconfined msg='op=PAM:session_close grantors=pam_limits,pam_env,pam_env,pam_permit,pam_umask,pam_unix acct="root" exe="/usr/bin/python3" hostname=? addr=? terminal=/dev/pts/0 res=success'UID="heroic" AUID="heroic"
type=PATH msg=audit(1769929324.729:9090): item=0 name="/usr/bin/sudo" inode=1574364 dev=8:2 mode=105140 ouid=0 ogid=0 rdev=0:0 nametype=NORMAL cap_fp=0 cap_fi=0 cap_fe=0 cap_fver=0 cap_frootid=0OUID="root" OGID="root"
type=PATH msg=audit(1769928574.582:7551): item=1 name="/lib64/ld-linux-x86-64.so.2" inode=1575835 dev=8:2 mode=100431 ouid=0 ogid=0 rdev=0:0 nametype=NORMAL cap_fp=0 cap_fi=0 cap_fe=0 cap_fver=0 cap_frootid=0OUID="root" OGID="root"
type=PATH msg=audit(1769929063.1171:7483): item=1 name="/lib64/ld-linux-x86-64.so.2" inode=1575724 dev=8:2 mode=100998 ouid=0 ogid=0 rdev=0:0 nametype=NORMAL cap_fp=0 cap_fi=0 cap_fe=0 cap_fver=0 cap_frootid=0OUID="root" OGID="root"
type=PATH msg=audit(1769928411.562:6275): item=1 name="/lib64/ld-linux-x86-64.so.2" inode=1575360 dev=8:2 mode=101044 ouid=0 ogid=0 rdev=0:0 nametype=NORMAL cap_fp=0 cap_fi=0 cap_fe=0 cap_fver=0 cap_frootid=0OUID="root" OGID="root"
type=CWD msg=audit(1769929405.550:6289): cwd="/root"
type=PATH msg=audit(1769928756.413:6621): item=0 name="/usr/local/bin/gjs" nametype=UNKNOWN cap_fp=0 cap_fi=0 cap_fe=0 cap_fver=0 cap_frootid=0
type=PATH msg=audit(1769929054.1140:5655): item=1 name="/lib64/ld-linux-x86-64.so.2" inode=1575135 dev=8:2 mode=100940 ouid=0 ogid=0 rdev=0:0 nametype=NORMAL cap_fp=0 cap_fi=0 cap_fe=0 cap_fver=0 cap_frootid=0OUID="root" OGID="root"
type=CRED_DISP msg=audit(1769928488.881:5411): pid=6886 uid=1422 auid=1410 ses=3 subj=unconfined msg='op=PAM:setcred grantors=pam_permit acct="root" exe="/usr/bin/sed" hostname=? addr=? terminal=/dev/pts/0 res=success'UID="heroic" AUID="heroic"
type=SYSCALL msg=audit(1769928412.194:9861): arch=c000003e syscall=59 success=yes exit=0 a0=55cec47b6b68 a1=55cec47c6ba0 a2=55cec47d97a0 a3=64 items=2 ppid=2636 pid=3071 auid=935 uid=0 gid=0 euid=0 suid=0 fsuid=0 egid=0 sgid=0 fsgid=0 tty=pts4 ses=3 comm="ss" exe="/usr/bin/sed" subj=unconfined key="process_exec"ARCH=x86_64 SYSCALL=execve AUID="heroic" UID="root" GID="root" EUID="root" SUID="root" FSUID="root" EGID="root" SGID="root" FSGID="root"
type=PROCTITLE msg=audit(1769929277.907:8895): proctitle=736F7274002D6B0034002D67
type=SYSCALL msg=audit(1769929317.53:6436): arch=c000003e syscall=59 success=yes exit=0 a0=5c292db22c90 a1=5c292db15db0 a2=7fff430b1068 a3=5c292db15be0 items=2 ppid=4661 pid=5238 auid=1085 uid=0 gid=0 euid=0 suid=0 fsuid=0 egid=0 sgid=0 fsgid=0 tty=pts2 ses=3 comm="sed" exe="/usr/bin/tail" subj=unconfined key="process_exec"ARCH=x86_64 SYSCALL=execve AUID="heroic" UID="root" GID="root" EUID="root" SUID="root" FSUID="root" EGID="root" SGID="root" FSGID="root"
type=EXECVE msg=audit(1769929171.703:9894): argc=2 a0="sudo" a1="-l"
type=PATH msg=audit(1769929341.407:5082): item=1 name="/etc/cron.d/hids_persist" inode=1704451 dev=8:2 mode=100981 ouid=0 ogid=0 rdev=0:0 nametype=DELETE cap_fp=0 cap_fi=0 cap_fe=0 cap_fver=0 cap_frootid=0OUID="root" OGID="root"
type=SYSCALL msg=audit(1769929302.747:6405): arch=c000003e syscall=111 success=yes exit=3 a0=ffffff9c a1=7ffe4b63d72c a2=318 a3=1b6 items=2 ppid=6380 pid=10232 auid=1436 uid=0 gid=0 euid=0 suid=0 fsuid=0 egid=0 sgid=0 fsgid=0 tty=pts4 ses=3 comm="ss" exe="/usr/bin/netstat" subj=unconfined key="persistence"ARCH=x86_64 SYSCALL=openat AUID="heroic" UID="root" GID="root" EUID="root" SUID="root" FSUID="root" EGID="root" SGID="root" FSGID="root"
type=USER_END msg=audit(1769928733.8:5479): pid=4336 uid=814 auid=1125 ses=3 subj=unconfined msg='op=PAM:session_close grantors=pam_limits,pam_env,pam_env,pam_permit,pam_umask,pam_unix acct="root" exe="/usr/bin/netstat" hostname=? addr=? terminal=/dev/pts/0 res=success'UID="heroic" AUID="heroic"
type=SYSCALL msg=audit(1769928440.506:5707): arch=c000003e syscall=59 success=yes exit=0 a0=5e8dd7c3e7a0 a1=5e8dd7c3db00 a2=5e8dd7c3c820 a3=8 items=3 ppid=3488 pid=1157 auid=589 uid=0 gid=0 euid=0 suid=0 fsuid=0 egid=0 sgid=0 fsgid=0 tty=pts4 ses=3 comm="sh" exe="/usr/bin/tail" subj=unconfined key="process_exec"ARCH=x86_64 SYSCALL=execve AUID="heroic" UID="root" GID="root" EUID="root" SUID="root" FSUID="root" EGID="root" SGID="root" FSGID="root"
type=PATH msg=audit(1769929024.451:10320): item=0 name="/usr/libexec/nm-dispatcher" inode=1585876 dev=8:2 mode=100620 ouid=0 ogid=0 rdev=0:0 nametype=NORMAL cap_fp=0 cap_fi=0 cap_fe=0 cap_fver=0 cap_frootid=0OUID="root" OGID="root"
type=PROCTITLE msg=audit(1769928493.637:4531): proctitle=746565002F6574632F63726F6E2E642F686964735F70657273697374
type=USER_ACCT msg=audit(1769929391.484:5466): pid=8544 uid=645 auid=1469 ses=3 subj=unconfined msg='op=PAM:accounting grantors=pam_permit,pam_localuser acct="heroic" exe="/bin/sh" hostname=? addr=? terminal=/dev/pts/0 res=success'UID="heroic" AUID="heroic"
type=PATH msg=audit(1769929130.681:7161): item=1 name="/lib64/ld-linux-x86-64.so.2" inode=1575529 dev=8:2 mode=100364 ouid=0 ogid=0 rdev=0:0 nametype=NORMAL cap_fp=0 cap_fi=0 cap_fe=0 cap_fver=0 cap_frootid=0OUID="root" OGID="root"
type=PATH msg=audit(1769928690.256:4903): item=1 name="/lib64/ld-linux-x86-64.so.2" inode=1574940 dev=8:2 mode=100367 ouid=0 ogid=0 rdev=0:0 nametype=NORMAL cap_fp=0 cap_fi=0 cap_fe=0 cap_fver=0 cap_frootid=0OUID="root" OGID="root"
type=EXECVE msg=audit(1769929028.0:6659): argc=2 a0="sudo" a1="whoami"
type=EXECVE msg=audit(1769928979.454:6960): argc=1 a0="bash"
type=PATH msg=audit(1769928665.827:6235): item=1 name="/lib64/ld-linux-x86-64.so.2" inode=1574849 dev=8:2 mode=100559 ouid=0 ogid=0 rdev=0:0 nametype=NORMAL cap_fp=0 cap_fi=0 cap_fe=0 cap_fver=0 cap_frootid=0OUID="root" OGID="root"
type=CWD msg=audit(1769928599.150:6606): cwd="/var/ossec"
type=SYSCALL msg=audit(1769928690.917:5302): arch=c000003e syscall=59 success=yes exit=0 a0=5602ea212b68 a1=5602ea222ba0 a2=5602ea2357a0 a3=64 items=2 ppid=5171 pid=6503 auid=592 uid=0 gid=0 euid=0 suid=0 fsuid=0 egid=0 sgid=0 fsgid=0 tty=pts4 ses=3 comm="sudo" exe="/usr/bin/sort" subj=unconfined key="process_exec"ARCH=x86_64 SYSCALL=execve AUID="heroic" UID="root" GID="root" EUID="root" SUID="root" FSUID="root" EGID="root" SGID="root" FSGID="root"
type=CWD msg=audit(1769928995.32:4461): cwd="/tmp"
type=EXECVE msg=audit(1769929223.1268:5666): argc=2 a0="uname" a1="-a"
type=EXECVE msg=audit(1769929007.221:10157): argc=2 a0="uname" a1="-a"
type=PROCTITLE msg=audit(1769929231.1138:7224): proctitle=746565002F6574632F63726F6E2E642F686964735F70657273697374
type=SYSCALL msg=audit(1769928692.924:5540): arch=c000003e syscall=59 success=yes exit=0 a0=64e1754cd1d0 a1=64e1754cd310 a2=64e1754c38f0 a3=8 items=2 ppid=7435 pid=7409 auid=976 uid=877 gid=753 euid=1429 suid=1277 fsuid=1148 egid=903 sgid=802 fsgid=914 tty=pts0 ses=3 comm="sed" exe="/usr/bin/python3" subj=unconfined key="process_exec"ARCH=x86_64 SYSCALL=execve AUID="heroic" UID="heroic" GID="heroic" EUID="heroic" SUID="heroic" FSUID="heroic" EGID="heroic" SGID="heroic" FSGID="heroic"
type=SYSCALL msg=audit(1769929002.742:5279): arch=c000003e syscall=59 success=yes exit=0 a0=5da302dcd750 a1=5da302dc7850 a2=5da302dc08f0 a3=5da302dc7850 items=2 ppid=6950 pid=7259 auid=503 uid=1132 gid=1041 euid=0 suid=0 fsuid=0 egid=801 sgid=1186 fsgid=894 tty=pts0 ses=3 comm="ss" exe="/usr/bin/python3" subj=unconfined key="process_exec"ARCH=x86_64 SYSCALL=execve AUID="heroic" UID="heroic" GID="heroic" EUID="root" SUID="root" FSUID="root" EGID="heroic" SGID="heroic" FSGID="heroic"
type=SYSCALL msg=audit(1769929035.643:9136): arch=c000003e syscall=59 success=yes exit=0 a0=5da302dcd0f0 a1=5da302dcc350 a2=5da302dc08f0 a3=8 items=2 ppid=5367 pid=1003 auid=1282 uid=706 gid=735 euid=1275 suid=772 fsuid=1001 egid=864 sgid=1330 fsgid=777 tty=pts0 ses=3 comm="netstat" exe="/bin/sh" subj=unconfined key="process_exec"ARCH=x86_64 SYSCALL=execve AUID="heroic" UID="heroic" GID="heroic" EUID="heroic" SUID="heroic" FSUID="heroic" EGID="heroic" SGID="heroic" FSGID="heroic"
type=SYSCALL msg=audit(1769928519.594:9599): arch=c000003e syscall=59 success=yes exit=0 a0=5da302dc8960 a1=5da302dcc3f0 a2=5da302dc08f0 a3=5da302dcc8b0 items=2 ppid=2308 pid=997 auid=1437 uid=1110 gid=882 euid=1470 suid=970 fsuid=971 egid=1006 sgid=851 fsgid=580 tty=pts0 ses=3 comm="last" exe="/usr/bin/df" subj=unconfined key="process_exec"ARCH=x86_64 SYSCALL=execve AUID="heroic" UID="heroic" GID="heroic" EUID="heroic" SUID="heroic" FSUID="heroic" EGID="heroic" SGID="heroic" FSGID="heroic"
type=EXECVE msg=audit(1769929227.594:9917): argc=2 a0="tee" a1="/etc/cron.d/hids_persist"
type=PATH msg=audit(1769928523.726:8958): item=1 name="/lib64/ld-linux-x86-64.so.2" inode=1575269 dev=8:2 mode=100878 ouid=0 ogid=0 rdev=0:0 nametype=NORMAL cap_fp=0 cap_fi=0 cap_fe=0 cap_fver=0 cap_frootid=0OUID="root" OGID="root"
type=PATH msg=audit(1769928464.219:4539): item=1 name="/lib64/ld-linux-x86-64.so.2" inode=1575331 dev=8:2 mode=100305 ouid=0 ogid=0 rdev=0:0 nametype=NORMAL cap_fp=0 cap_fi=0 cap_fe=0 cap_fver=0 cap_frootid=0OUID="root" OGID="root"
type=PATH msg=audit(1769928938.32:4797): item=1 name="/lib64/ld-linux-x86-64.so.2" inode=1575122 dev=8:2 mode=101133 ouid=0 ogid=0 rdev=0:0 nametype=NORMAL cap_fp=0 cap_fi=0 cap_fe=0 cap_fver=0 cap_frootid=0OUID="root" OGID="root"
type=USER_START msg=audit(1769928674.752:4965): pid=6273 uid=792 auid=545 ses=3 subj=unconfined msg='op=PAM:session_open grantors=pam_limits,pam_env,pam_env,pam_permit,pam_umask,pam_unix acct="root" exe="/usr/bin/last" hostname=? addr=? terminal=/dev/pts/0 res=success'UID="heroic" AUID="heroic"
type=CWD msg=audit(1769929401.382:10001): cwd="/tmp"
type=PROCTITLE msg=audit(1769928447.348:9281): proctitle=63686D6F64002B78007061796C6F61642E7368
type=SYSCALL msg=audit(1769928899.956:7993): arch=c000003e syscall=59 success=yes exit=0 a0=5da302dccc70 a1=5da302dccf70 a2=5da302dc08f0 a3=5da302dccf70 items=2 ppid=2942 pid=1581 auid=822 uid=1006 gid=729 euid=0 suid=0 fsuid=0 egid=1350 sgid=672 fsgid=798 tty=pts0 ses=3 comm="sort" exe="/usr/bin/netstat" subj=unconfined key="process_exec"ARCH=x86_64 SYSCALL=execve AUID="heroic" UID="heroic" GID="heroic" EUID="root" SUID="root" FSUID="root" EGID="heroic" SGID="heroic" FSGID="heroic"
type=PROCTITLE msg=audit(1769928746.113:3830): proctitle=707300617578
type=PROCTITLE msg=audit(1769928963.587:5330): proctitle=7375646F0077686F616D69
type=SYSCALL msg=audit(1769928641.38:6910): arch=c000003e syscall=59 success=yes exit=0 a0=5da302dc6e20 a1=5da302dce0a0 a2=5da302dc08f0 a3=5da302dce0a0 items=2 ppid=3500 pid=8733 auid=548 uid=1017 gid=580 euid=0 suid=0 fsuid=0 egid=981 sgid=1032 fsgid=1403 tty=pts0 ses=3 comm="df" exe="/usr/bin/df" subj=unconfined key="process_exec"ARCH=x86_64 SYSCALL=execve AUID="heroic" UID="heroic" GID="heroic" EUID="root" SUID="root" FSUID="root" EGID="heroic" SGID="heroic" FSGID="heroic"
type=USER_START msg=audit(1769929233.826:9696): pid=5460 uid=1024 auid=805 ses=3 subj=unconfined msg='op=PAM:session_open grantors=pam_limits,pam_env,pam_env,pam_permit,pam_umask,pam_unix acct="root" exe="/usr/bin/sudo" hostname=? addr=? terminal=/dev/pts/1 res=success'UID="heroic" AUID="heroic"
type=EXECVE msg=audit(1769929142.1337:6569): argc=3 a0="/bin/sh" a1="-c" a2=636F6D6D616E64202D762064656269616E2D736131203E202F6465762F6E756C6C2026262064656269616E2D73613120312031
type=PROCTITLE msg=audit(1769929084.13:5241): proctitle=7375646F00726D002D66002F6574632F63726F6E2E642F686964735F70657273697374
type=PATH msg=audit(1769928938.647:6816): item=1 name="/lib64/ld-linux-x86-64.so.2" inode=1575053 dev=8:2 mode=100886 ouid=0 ogid=0 rdev=0:0 nametype=NORMAL cap_fp=0 cap_fi=0 cap_fe=0 cap_fver=0 cap_frootid=0OUID="root" OGID="root"
type=CWD msg=audit(1769929034.198:9173): cwd="/root"
type=CWD msg=audit(1769928489.382:7763): cwd="/usr/local/bin"
type=CRED_REFR msg=audit(1769929239.273:4888): pid=7643 uid=907 auid=1114 ses=3 subj=unconfined msg='op=PAM:setcred grantors=pam_permit,pam_cap acct="root" exe="/usr/bin/last" hostname=? addr=? terminal=/dev/pts/0 res=success'UID="heroic" AUID="heroic"
type=PATH msg=audit(1769929257.197:8433): item=0 name="/usr/bin/rmdir" inode=1578024 dev=8:2 mode=100519 ouid=0 ogid=0 rdev=0:0 nametype=NORMAL cap_fp=0 cap_fi=0 cap_fe=0 cap_fver=0 cap_frootid=0OUID="root" OGID="root"
type=PATH msg=audit(1769929371.784:7531): item=0 name="/usr/bin/sudo" inode=1574604 dev=8:2 mode=104395 ouid=0 ogid=0 rdev=0:0 nametype=NORMAL cap_fp=0 cap_fi=0 cap_fe=0 cap_fver=0 cap_frootid=0OUID="root" OGID="root"
type=PATH msg=audit(1769929409.259:8959): item=2 name="/lib64/ld-linux-x86-64.so.2" inode=1575239 dev=8:2 mode=100555 ouid=0 ogid=0 rdev=0:0 nametype=NORMAL cap_fp=0 cap_fi=0 cap_fe=0 cap_fver=0 cap_frootid=0OUID="root" OGID="root"
type=PATH msg=audit(1769928563.1092:8201): item=0 name="/usr/bin/chmod" inode=1578490 dev=8:2 mode=100317 ouid=0 ogid=0 rdev=0:0 nametype=NORMAL cap_fp=0 cap_fi=0 cap_fe=0 cap_fver=0 cap_frootid=0OUID="root" OGID="root"
type=PATH msg=audit(1769929163.983:7003): item=0 name="/usr/bin/uname" inode=1578310 dev=8:2 mode=100320 ouid=0 ogid=0 rdev=0:0 nametype=NORMAL cap_fp=0 cap_fi=0 cap_fe=0 cap_fver=0 cap_frootid=0OUID="root" OGID="root"
type=SYSCALL msg=audit(1769928758.840:4372): arch=c000003e syscall=59 success=yes exit=0 a0=55b8634382b0 a1=55b863435fa0 a2=55b863435160 a3=55b863435ff0 items=2 ppid=2023 pid=1401 auid=874 uid=0 gid=0 euid=0 suid=0 fsuid=0 egid=0 sgid=0 fsgid=0 tty=pts2 ses=3 comm="python" exe="/bin/sh" subj=unconfined key="process_exec"ARCH=x86_64 SYSCALL=execve AUID="heroic" UID="root" GID="root" EUID="root" SUID="root" FSUID="root" EGID="root" SGID="root" FSGID="root"
type=EXECVE msg=audit(1769928788.102:8594): argc=2 a0="sudo" a1="whoami"
type=PROCTITLE msg=audit(1769929344.1012:9239): proctitle=7375646F002D6C
type=CWD msg=audit(1769928946.597:8741): cwd="/home/heroic"
type=CWD msg=audit(1769928592.77:8558): cwd="/usr/local/bin"
type=USER_ACCT msg=audit(1769929058.1317:4924): pid=3322 uid=656 auid=1360 ses=3 subj=unconfined msg='op=PAM:accounting grantors=pam_permit,pam_localuser acct="heroic" exe="/usr/bin/python3" hostname=? addr=? terminal=/dev/pts/0 res=success'UID="heroic" AUID="heroic"
type=PROCTITLE msg=audit(1769928934.314:6013): proctitle=6D6B646972002D70002F746D702F686964735F6D616C6963696F7573
type=PROCTITLE msg=audit(1769929365.249:5527): proctitle=7375646F0077686F616D69
type=USER_CMD msg=audit(1769928467.976:5294): pid=8745 uid=558 auid=583 ses=3 subj=unconfined msg='cwd="/home/heroic" cmd=726D202D66202F6574632F63726F6E2E642F686964735F70657273697374 exe="/bin/sh" terminal=pts/0 res=success'UID="heroic" AUID="heroic"
type=SYSCALL msg=audit(1769929178.405:7246): arch=c000003e syscall=59 success=yes exit=0 a0=5da302dc8600 a1=5da302dc70f0 a2=5da302dc08f0 a3=5da302dcc3f0 items=2 ppid=3464 pid=9581 auid=638 uid=602 gid=609 euid=582 suid=835 fsuid=713 egid=597 sgid=938 fsgid=1115 tty=pts0 ses=3 comm="ss" exe="/usr/bin/python3" subj=unconfined key="process_exec"ARCH=x86_64 SYSCALL=execve AUID="heroic" UID="heroic" GID="heroic" EUID="heroic" SUID="heroic" FSUID="heroic" EGID="heroic" SGID="heroic" FSGID="heroic"
type=SYSCALL msg=audit(1769928512.302:8822): arch=c000003e syscall=59 success=yes exit=0 a0=64e1754cff10 a1=64e1754cb880 a2=64e1754c38f0 a3=64e1754cb880 items=2 ppid=3059 pid=7370 auid=510 uid=501 gid=654 euid=1355 suid=1140 fsuid=888 egid=1113 sgid=1152 fsgid=835 tty=pts0 ses=3 comm="sh" exe="/usr/bin/df" subj=unconfined key="process_exec"ARCH=x86_64 SYSCALL=execve AUID="heroic" UID="heroic" GID="heroic" EUID="heroic" SUID="heroic" FSUID="heroic" EGID="heroic" SGID="heroic" FSGID="heroic"
type=CWD msg=audit(1769929206.4:7291): cwd="/root"
type=CWD msg=audit(1769928695.1009:7593): cwd="/home/heroic"
type=PATH msg=audit(1769929116.601:7954): item=1 name="/etc/cron.d/hids_persist" inode=1704161 dev=8:2 mode=100862 ouid=0 ogid=0 rdev=0:0 nametype=DELETE cap_fp=0 cap_fi=0 cap_fe=0 cap_fver=0 cap_frootid=0OUID="root" OGID="root"
type=SYSCALL msg=audit(1769929349.366:9146): arch=c000003e syscall=59 success=yes exit=0 a0=64e1754cb940 a1=64e1754cfd10 a2=64e1754c38f0 a3=64e1754cfd10 items=2 ppid=8090 pid=5547 auid=836 uid=1280 gid=1024 euid=1017 suid=624 fsuid=740 egid=1303 sgid=1290 fsgid=630 tty=pts0 ses=3 comm="sh" exe="/usr/bin/sed" subj=unconfined key="process_exec"ARCH=x86_64 SYSCALL=execve AUID="heroic" UID="heroic" GID="heroic" EUID="heroic" SUID="heroic" FSUID="heroic" EGID="heroic" SGID="heroic" FSGID="heroic"
type=EXECVE msg=audit(1769929325.526:9127): argc=2 a0="/usr/bin/nautilus" a1="--gapplication-service"
type=BPF msg=audit(1769928540.622:7751): prog-id=96 op=UNLOAD
type=PATH msg=audit(1769929130.21:7205): item=0 name="/usr/bin/mkdir" inode=1578207 dev=8:2 mode=100692 ouid=0 ogid=0 rdev=0:0 nametype=NORMAL cap_fp=0 cap_fi=0 cap_fe=0 cap_fver=0 cap_frootid=0OUID="root" OGID="root"
type=SYSCALL msg=audit(1769928434.638:6619): arch=c000003e syscall=59 success=yes exit=0 a0=5da302dcc410 a1=5da302dcc2b0 a2=5da302dc08f0 a3=5da302dcc2b0 items=2 ppid=8356 pid=5670 auid=1419 uid=1258 gid=529 euid=1117 suid=1336 fsuid=508 egid=1452 sgid=1397 fsgid=1240 tty=pts0 ses=3 comm="sudo" exe="/bin/sh" subj=unconfined key="process_exec"ARCH=x86_64 SYSCALL=execve AUID="heroic" UID="heroic" GID="heroic" EUID="heroic" SUID="heroic" FSUID="heroic" EGID="heroic" SGID="heroic" FSGID="heroic"
type=EXECVE msg=audit(1769929346.224:4004): argc=58 a0="rm" a1="-f" a2="file_10.dat" a3="file_11.dat" a4="file_12.dat" a5="file_13.dat" a6="file_14.dat" a7="file_15.dat" a8="file_16.dat" a9="file_17.dat" a10="file_18.dat" a11="file_19.dat" a12="file_1.dat" a13="file_20.dat" a14="file_21.dat" a15="file_22.dat" a16="file_23.dat" a17="file_24.dat" a18="file_25.dat" a19="file_26.dat" a20="file_27.dat" a21="file_28.dat" a22="file_29.dat" a23="file_2.dat" a24="file_30.dat" a25="file_31.dat" a26="file_32.dat" a27="file_33.dat" a28="file_34.dat" a29="file_35.dat" a30="file_36.dat" a31="file_37.dat" a32="file_38.dat" a33="file_39.dat" a34="file_3.dat" a35="file_40.dat" a36="file_41.dat" a37="file_42.dat" a38="file_43.dat" a39="file_44.dat" a40="file_45.dat" a41="file_46.dat" a42="file_47.dat" a43="file_48.dat" a44="file_49.dat" a45="file_4.dat" a46="file_50.dat" a47="file_5.dat" a48="file_6.dat" a49="file_7.dat" a50="file_8.dat" a51="file_9.dat" a52="payload.sh" a53="recon.txt" a54="netstat.txt" a55="processes.txt" a56="sudo_enum.txt" a57="sudo_test.txt"
type=CWD msg=audit(1769928756.1092:5081): cwd="/root"
type=PATH msg=audit(1769928424.711:4794): item=0 name="/etc/cron.d/" inode=1703617 dev=8:2 mode=41242 ouid=0 ogid=0 rdev=0:0 nametype=PARENT cap_fp=0 cap_fi=0 cap_fe=0 cap_fver=0 cap_frootid=0OUID="root" OGID="root"
type=CRED_DISP msg=audit(1769928474.504:4076): pid=3186 uid=1071 auid=1250 ses=3 subj=unconfined msg='op=PAM:setcred grantors=pam_permit acct="root" exe="/bin/sh" hostname=? addr=? terminal=/dev/pts/0 res=success'UID="heroic" AUID="heroic"
type=SYSCALL msg=audit(1769929283.459:7223): arch=c000003e syscall=59 success=yes exit=0 a0=64e1754cfd10 a1=64e1754ced70 a2=64e1754c38f0 a3=8 items=2 ppid=5072 pid=8656 auid=1401 uid=1025 gid=703 euid=1497 suid=1374 fsuid=884 egid=1159 sgid=570 fsgid=709 tty=pts0 ses=3 comm="tail" exe="/usr/bin/last" subj=unconfined key="process_exec"ARCH=x86_64 SYSCALL=execve AUID="heroic" UID="heroic" GID="heroic" EUID="heroic" SUID="heroic" FSUID="heroic" EGID="heroic" SGID="heroic" FSGID="heroic"
type=PROCTITLE msg=audit(1769928790.76:5110): proctitle=7375646F00726D002D66002F6574632F63726F6E2E642F686964735F70657273697374
type=USER_CMD msg=audit(1769928452.290:5760): pid=2935 uid=708 auid=1174 ses=3 subj=unconfined msg='cwd="/home/heroic" cmd="whoami" exe="/usr/bin/sort" terminal=pts/0 res=success'UID="heroic" AUID="heroic"
type=PROCTITLE msg=audit(1769929261.497:4230): proctitle=726D646972002F746D702F686964735F6D616C6963696F7573
type=CWD msg=audit(1769928960.216:6449): cwd="/home/heroic"
type=PATH msg=audit(1769928954.343:8127): item=0 name="/etc/cron.d/" inode=1704087 dev=8:2 mode=40603 ouid=0 ogid=0 rdev=0:0 nametype=PARENT cap_fp=0 cap_fi=0 cap_fe=0 cap_fver=0 cap_frootid=0OUID="root" OGID="root"
type=PATH msg=audit(1769929037.869:7041): item=1 name="/lib64/ld-linux-x86-64.so.2" inode=1575270 dev=8:2 mode=100318 ouid=0 ogid=0 rdev=0:0 nametype=NORMAL cap_fp=0 cap_fi=0 cap_fe=0 cap_fver=0 cap_frootid=0OUID="root" OGID="root"
type=PATH msg=audit(1769929287.304:4585): item=1 name="/lib64/ld-linux-x86-64.so.2" inode=1575114 dev=8:2 mode=101172 ouid=0 ogid=0 rdev=0:0 nametype=NORMAL cap_fp=0 cap_fi=0 cap_fe=0 cap_fver=0 cap_frootid=0OUID="root" OGID="root"
type=PROCTITLE msg=audit(1769928529.801:4571): proctitle=7375646F0077686F616D69
type=PATH msg=audit(1769929037.752:7477): item=1 name="/lib64/ld-linux-x86-64.so.2" inode=1574865 dev=8:2 mode=100847 ouid=0 ogid=0 rdev=0:0 nametype=NORMAL cap_fp=0 cap_fi=0 cap_fe=0 cap_fver=0 cap_frootid=0OUID="root" OGID="root"
type=PATH msg=audit(1769928814.175:9182): item=1 name="/lib64/ld-linux-x86-64.so.2" inode=1575502 dev=8:2 mode=100641 ouid=0 ogid=0 rdev=0:0 nametype=NORMAL cap_fp=0 cap_fi=0 cap_fe=0 cap_fver=0 cap_frootid=0OUID="root" OGID="root"
type=PROCTITLE msg=audit(1769928941.962:4673): proctitle=736C656570003930
type=CWD msg=audit(1769929189.75:7802): cwd="/var/ossec"
type=SYSCALL msg=audit(1769928933.100:6344): arch=c000003e syscall=59 success=yes exit=0 a0=64e1754c9e20 a1=64e1754d10a0 a2=64e1754c38f0 a3=64e1754d10a0 items=2 ppid=5924 pid=2369 auid=504 uid=1225 gid=913 euid=0 suid=0 fsuid=0 egid=1450 sgid=677 fsgid=1453 tty=pts0 ses=3 comm="netstat" exe="/usr/bin/sed" subj=unconfined key="process_exec"ARCH=x86_64 SYSCALL=execve AUID="heroic" UID="heroic" GID="heroic" EUID="root" SUID="root" FSUID="root" EGID="heroic" SGID="heroic" FSGID="heroic"
type=PATH msg=audit(1769929311.940:8959): item=0 name="/usr/bin/sleep" inode=1578145 dev=8:2 mode=100823 ouid=0 ogid=0 rdev=0:0 nametype=NORMAL cap_fp=0 cap_fi=0 cap_fe=0 cap_fver=0 cap_frootid=0OUID="root" OGID="root"
type=EXECVE msg=audit(1769928619.743:8213): argc=3 a0="chmod" a1="+x" a2="payload.sh"
type=EXECVE msg=audit(1769929044.912:8608): argc=2 a0="sudo" a1="whoami"
type=CWD msg=audit(1769928975.518:4876): cwd="/root"
type=PATH msg=audit(1769929272.115:7160): item=1 name="/lib64/ld-linux-x86-64.so.2" inode=1575625 dev=8:2 mode=100714 ouid=0 ogid=0 rdev=0:0 nametype=NORMAL cap_fp=0 cap_fi=0 cap_fe=0 cap_fver=0 cap_frootid=0OUID="root" OGID="root"
type=PROCTITLE msg=audit(1769929205.395:4103): proctitle=676A73002F7573722F73686172652F676E6F6D652D7368656C6C2F657874656E73696F6E732F64696E6740726173746572736F66742E636F6D2F6170702F64696E672E6A73002D45002D50002F7573722F73686172652F676E6F6D652D7368656C6C2F657874656E73696F6E732F64696E6740726173746572736F66742E636F
type=CWD msg=audit(1769929186.1013:5469): cwd="/home/heroic"
type=USER_CMD msg=audit(1769928903.979:8423): pid=2614 uid=724 auid=1071 ses=3 subj=unconfined msg='cwd="/tmp" cmd=726D202D66202F6574632F63726F6E2E642F686964735F70657273697374 exe="/usr/bin/python3" terminal=pts/0 res=success'UID="heroic" AUID="heroic"
type=PROCTITLE msg=audit(1769928835.918:4881): proctitle=7375646F0077686F616D69
type=SYSCALL msg=audit(1769929363.985:4033): arch=c000003e syscall=59 success=yes exit=0 a0=5da302dcc410 a1=5da302dc86e0 a2=5da302dc08f0 a3=8 items=2 ppid=2962 pid=3833 auid=760 uid=930 gid=1433 euid=812 suid=840 fsuid=976 egid=1239 sgid=770 fsgid=507 tty=pts0 ses=3 comm="netstat" exe="/usr/bin/sudo" subj=unconfined key="process_exec"ARCH=x86_64 SYSCALL=execve AUID="heroic" UID="heroic" GID="heroic" EUID="heroic" SUID="heroic" FSUID="heroic" EGID="heroic" SGID="heroic" FSGID="heroic"
type=USER_START msg=audit(1769928824.933:4553): pid=2202 uid=0 auid=0 ses=8 subj=unconfined msg='op=PAM:session_open grantors=pam_loginuid,pam_env,pam_env,pam_permit,pam_umask,pam_unix,pam_limits acct="root" exe="/bin/sh" hostname=? addr=? terminal=cron res=success'UID="root" AUID="root"
type=PROCTITLE msg=audit(1769929068.91:8047): proctitle=2F7573722F7362696E2F43524F4E002D66002D50
type=PATH msg=audit(1769929016.974:4249): item=1 name="/lib64/ld-linux-x86-64.so.2" inode=1575021 dev=8:2 mode=100777 ouid=0 ogid=0 rdev=0:0 nametype=NORMAL cap_fp=0 cap_fi=0 cap_fe=0 cap_fver=0 cap_frootid=0OUID="root" OGID="root"
type=PATH msg=audit(1769928688.722:8361): item=0 name="/usr/bin/gpg" inode=1574175 dev=8:2 mode=101049 ouid=0 ogid=0 rdev=0:0 nametype=NORMAL cap_fp=0 cap_fi=0 cap_fe=0 cap_fver=0 cap_frootid=0OUID="root" OGID="root"
type=EXECVE msg=audit(1769928530.885:6942): argc=2 a0="sed" a1=732F203D3D205C282E2A5C29203D3D2F3A5C312F
type=EXECVE msg=audit(1769928793.1295:7583): argc=2 a0="sleep" a1="5"
type=EXECVE msg=audit(1769928700.566:9643): argc=3 a0="mkdir" a1="-p" a2="/tmp/hids_malicious"
type=PROCTITLE msg=audit(1769928611.375:5647): proctitle="id"
type=CWD msg=audit(1769929022.1020:6895): cwd="/usr/local/bin"
type=CWD msg=audit(1769928750.712:4755): cwd="/var/ossec"
type=PATH msg=audit(1769928550.640:6495): item=1 name="/lib64/ld-linux-x86-64.so.2" inode=1575225 dev=8:2 mode=100983 ouid=0 ogid=0 rdev=0:0 nametype=NORMAL cap_fp=0 cap_fi=0 cap_fe=0 cap_fver=0 cap_frootid=0OUID="root" OGID="root"
type=CRED_DISP msg=audit(1769928597.26:5347): pid=7880 uid=721 auid=1270 ses=3 subj=unconfined msg='op=PAM:setcred grantors=pam_permit acct="root" exe="/usr/bin/sed" hostname=? addr=? terminal=/dev/pts/0 res=success'UID="heroic" AUID="heroic"
type=PROCTITLE msg=audit(1769928757.219:7591): proctitle=2F7573722F6C69622F73797374656D642F73797374656D642D6578656375746F72002D2D646573657269616C697A6500313632002D2D6C6F672D6C6576656C00696E666F002D2D6C6F672D746172676574006A6F75726E616C2D6F722D6B6D7367
type=SYSCALL msg=audit(1769929053.491:6845): arch=c000003e syscall=59 success=yes exit=0 a0=573324359990 a1=57331ce16600 a2=5733243598e8 a3=1 items=2 ppid=3143 pid=2726 auid=1337 uid=0 gid=0 euid=0 suid=0 fsuid=0 egid=0 sgid=0 fsgid=0 tty=pts2 ses=3 comm="last" exe="/usr/bin/sed" subj=unconfined key="process_exec"ARCH=x86_64 SYSCALL=execve AUID="heroic" UID="root" GID="root" EUID="root" SUID="root" FSUID="root" EGID="root" SGID="root" FSGID="root"
type=SYSCALL msg=audit(1769929284.1181:5424): arch=c000003e syscall=59 success=yes exit=0 a0=64e1754cf950 a1=64e1754cb920 a2=64e1754c38f0 a3=64e1754cb920 items=2 ppid=8812 pid=9753 auid=1020 uid=1191 gid=576 euid=1415 suid=574 fsuid=977 egid=910 sgid=1252 fsgid=583 tty=pts0 ses=3 comm="sed" exe="/usr/bin/sudo" subj=unconfined key="process_exec"ARCH=x86_64 SYSCALL=execve AUID="heroic" UID="heroic" GID="heroic" EUID="heroic" SUID="heroic" FSUID="heroic" EGID="heroic" SGID="heroic" FSGID="heroic"
type=PROCTITLE msg=audit(1769928760.629:8264): proctitle=756E616D65002D61
type=EXECVE msg=audit(1769929074.528:6281): argc=4 a0="/usr/libexec/gvfsd-recent" a1="--spawner" a2=":1.20" a3="/org/gtk/gvfs/exec_spaw/1"
type=EXECVE msg=audit(1769929138.31:7627): argc=2 a0="sleep" a1="90"
type=PROCTITLE msg=audit(1769928974.851:7793): proctitle=6D6B646972002D70002F746D702F686964735F6D616C6963696F7573
type=CWD msg=audit(1769929264.509:6010): cwd="/tmp"
type=EXECVE msg=audit(1769929304.518:8364): argc=3 a0="sudo" a1="tee" a2="/etc/cron.d/hids_persist"
type=PATH msg=audit(1769928770.1281:6224): item=1 name="/lib64/ld-linux-x86-64.so.2" inode=1575381 dev=8:2 mode=100906 ouid=0 ogid=0 rdev=0:0 nametype=NORMAL cap_fp=0 cap_fi=0 cap_fe=0 cap_fver=0 cap_frootid=0OUID="root" OGID="root"
type=PATH msg=audit(1769928695.619:4942): item=0 name="/usr/bin/rm" inode=1578009 dev=8:2 mode=101071 ouid=0 ogid=0 rdev=0:0 nametype=NORMAL cap_fp=0 cap_fi=0 cap_fe=0 cap_fver=0 cap_frootid=0OUID="root" OGID="root"
type=PROCTITLE msg=audit(1769929240.73:7152): proctitle=756E616D65002D61
type=EXECVE msg=audit(1769928566.213:5072): argc=2 a0="tee" a1="/etc/cron.d/hids_persist"
type=PATH msg=audit(1769928812.836:3935): item=1 name="/lib64/ld-linux-x86-64.so.2" inode=1575594 dev=8:2 mode=100827 ouid=0 ogid=0 rdev=0:0 nametype=NORMAL cap_fp=0 cap_fi=0 cap_fe=0 cap_fver=0 cap_frootid=0OUID="root" OGID="root"
type=CWD msg=audit(1769929384.611:6378): cwd="/home/heroic"
type=CRED_DISP msg=audit(1769928874.31:6948): pid=1992 uid=1451 auid=531 ses=3 subj=unconfined msg='op=PAM:setcred grantors=pam_permit acct="root" exe="/usr/bin/sed" hostname=? addr=? terminal=/dev/pts/0 res=success'UID="heroic" AUID="heroic"
type=PATH msg=audit(1769929191.1106:8132): item=0 name="/usr/bin/sudo" inode=1574601 dev=8:2 mode=105134 ouid=0 ogid=0 rdev=0:0 nametype=NORMAL cap_fp=0 cap_fi=0 cap_fe=0 cap_fver=0 cap_frootid=0OUID="root" OGID="root"
type=PATH msg=audit(1769929297.888:4442): item=1 name="/lib64/ld-linux-x86-64.so.2" inode=1575813 dev=8:2 mode=100261 ouid=0 ogid=0 rdev=0:0 nametype=NORMAL cap_fp=0 cap_fi=0 cap_fe=0 cap_fver=0 cap_frootid=0OUID="root" OGID="root"
type=PATH msg=audit(1769928773.299:9597): item=0 name="/usr/bin/sudo" inode=1574009 dev=8:2 mode=104737 ouid=0 ogid=0 rdev=0:0 nametype=NORMAL cap_fp=0 cap_fi=0 cap_fe=0 cap_fver=0 cap_frootid=0OUID="root" OGID="root"
type=CWD msg=audit(1769928501.575:6005): cwd="/var/ossec"
type=EXECVE msg=audit(1769929376.996:8807): argc=2 a0="ss" a1="-tulnp"
type=PATH msg=audit(1769928917.1119:5566): item=1 name="/lib64/ld-linux-x86-64.so.2" inode=1575368 dev=8:2 mode=100901 ouid=0 ogid=0 rdev=0:0 nametype=NORMAL cap_fp=0 cap_fi=0 cap_fe=0 cap_fver=0 cap_frootid=0OUID="root" OGID="root"
type=PATH msg=audit(1769928606.914:6297): item=0 name="/usr/bin/rmdir" inode=1578500 dev=8:2 mode=100835 ouid=0 ogid=0 rdev=0:0 nametype=NORMAL cap_fp=0 cap_fi=0 cap_fe=0 cap_fver=0 cap_frootid=0OUID="root" OGID="root"
type=PATH msg=audit(1769928961.977:8330): item=1 name="/lib64/ld-linux-x86-64.so.2" inode=1575296 dev=8:2 mode=101172 ouid=0 ogid=0 rdev=0:0 nametype=NORMAL cap_fp=0 cap_fi=0 cap_fe=0 cap_fver=0 cap_frootid=0OUID="root" OGID="root"
type=EXECVE msg=audit(1769928450.169:9503): argc=3 a0="rm" a1="-f" a2="/etc/cron.d/hids_persist"
type=CRED_DISP msg=audit(1769929115.962:5665): pid=7453 uid=0 auid=1407 ses=5 subj=unconfined msg='op=PAM:setcred grantors=pam_permit acct="root" exe="/usr/bin/python3" hostname=? addr=? terminal=/dev/pts/1 res=success'UID="root" AUID="heroic"
type=EXECVE msg=audit(1769928920.1234:7615): argc=2 a0="systemd-tmpfiles" a1="--clean"
type=PATH msg=audit(1769928902.35:9947): item=1 name="/lib64/ld-linux-x86-64.so.2" inode=1574902 dev=8:2 mode=100903 ouid=0 ogid=0 rdev=0:0 nametype=NORMAL cap_fp=0 cap_fi=0 cap_fe=0 cap_fver=0 cap_frootid=0OUID="root" OGID="root"
type=PROCTITLE msg=audit(1769929298.568:6212): proctitle=707300617578
type=PATH msg=audit(1769929291.549:8681): item=1 name="/lib64/ld-linux-x86-64.so.2" inode=1574855 dev=8:2 mode=101095 ouid=0 ogid=0 rdev=0:0 nametype=NORMAL cap_fp=0 cap_fi=0 cap_fe=0 cap_fver=0 cap_frootid=0OUID="root" OGID="root"
type=PROCTITLE msg=audit(1769929180.764:7332): proctitle=2F7573722F7362696E2F43524F4E002D66002D50
type=PROCTITLE msg=audit(1769928482.1172:4331): proctitle=677067002D2D656E61626C652D7370656369616C2D66696C656E616D6573002D2D6261746368002D2D6E6F2D736B2D636F6D6D656E7473002D2D686F6D65646972002F7661722F6C69622F66777570642F676E757067002D2D7374617475732D6664003139002D2D6E6F2D747479002D2D636861727365740075746638002D2D
type=PATH msg=audit(1769928925.546:9455): item=0 name="/usr/bin/sleep" inode=1578048 dev=8:2 mode=101042 ouid=0 ogid=0 rdev=0:0 nametype=NORMAL cap_fp=0 cap_fi=0 cap_fe=0 cap_fver=0 cap_frootid=0OUID="root" OGID="root"
type=PATH msg=audit(1769928549.1265:6688): item=1 name="/lib64/ld-linux-x86-64.so.2" inode=1575491 dev=8:2 mode=100764 ouid=0 ogid=0 rdev=0:0 nametype=NORMAL cap_fp=0 cap_fi=0 cap_fe=0 cap_fver=0 cap_frootid=0OUID="root" OGID="root"
type=EXECVE msg=audit(1769928772.899:5358): argc=2 a0="ps" a1="aux"
type=PATH msg=audit(1769928711.835:4644): item=1 name="/bin/sh" inode=1573849 dev=8:2 mode=100580 ouid=0 ogid=0 rdev=0:0 nametype=NORMAL cap_fp=0 cap_fi=0 cap_fe=0 cap_fver=0 cap_frootid=0OUID="root" OGID="root"
type=PATH msg=audit(1769928818.1129:9473): item=0 name="/etc/cron.d/" inode=1703902 dev=8:2 mode=40642 ouid=0 ogid=0 rdev=0:0 nametype=PARENT cap_fp=0 cap_fi=0 cap_fe=0 cap_fver=0 cap_frootid=0OUID="root" OGID="root"
type=PATH msg=audit(1769928413.8:9900): item=0 name="/usr/bin/sudo" inode=1574482 dev=8:2 mode=105094 ouid=0 ogid=0 rdev=0:0 nametype=NORMAL cap_fp=0 cap_fi=0 cap_fe=0 cap_fver=0 cap_frootid=0OUID="root" OGID="root"
type=PATH msg=audit(1769928513.1091:4394): item=0 name="/usr/bin/sudo" inode=1574651 dev=8:2 mode=105168 ouid=0 ogid=0 rdev=0:0 nametype=NORMAL cap_fp=0 cap_fi=0 cap_fe=0 cap_fver=0 cap_frootid=0OUID="root" OGID="root"
type=EXECVE msg=audit(1769928775.551:7904): argc=1 a0="bash"
type=CWD msg=audit(1769928903.689:4332): cwd="/home/heroic"
type=USER_END msg=audit(1769929166.1111:3919): pid=2841 uid=857 auid=766 ses=3 subj=unconfined msg='op=PAM:session_close grantors=pam_limits,pam_env,pam_env,pam_permit,pam_umask,pam_unix acct="root" exe="/usr/bin/df" hostname=? addr=? terminal=/dev/pts/0 res=success'UID="heroic" AUID="heroic"
type=USER_CMD msg=audit(1769928967.291:6756): pid=6536 uid=1393 auid=1251 ses=3 subj=unconfined msg='cwd="/tmp" cmd=746565202F6574632F63726F6E2E642F686964735F70657273697374 exe="/usr/bin/sed" terminal=pts/0 res=success'UID="heroic" AUID="heroic"
type=CWD msg=audit(1769928937.985:3845): cwd="/root"
type=CWD msg=audit(1769929188.209:6317): cwd=2F746D702F686964735F6D616C6963696F7573202864656C6574656429
type=CWD msg=audit(1769928696.446:6122): cwd="/root"
type=CWD msg=audit(1769929284.422:8443): cwd="/usr/local/bin"
type=PATH msg=audit(1769928835.1039:9765): item=1 name="/lib64/ld-linux-x86-64.so.2" inode=1575206 dev=8:2 mode=100641 ouid=0 ogid=0 rdev=0:0 nametype=NORMAL cap_fp=0 cap_fi=0 cap_fe=0 cap_fver=0 cap_frootid=0OUID="root" OGID="root"
type=PATH msg=audit(1769929030.1113:7097): item=0 name="/usr/bin/chmod" inode=1578125 dev=8:2 mode=100488 ouid=0 ogid=0 rdev=0:0 nametype=NORMAL cap_fp=0 cap_fi=0 cap_fe=0 cap_fver=0 cap_frootid=0OUID="root" OGID="root"
type=PATH msg=audit(1769928932.816:6621): item=1 name="/lib64/ld-linux-x86-64.so.2" inode=1575339 dev=8:2 mode=100875 ouid=0 ogid=0 rdev=0:0 nametype=NORMAL cap_fp=0 cap_fi=0 cap_fe=0 cap_fver=0 cap_frootid=0OUID="root" OGID="root"
type=PATH msg=audit(1769928662.31:6542): item=0 name="/usr/bin/curl" inode=1573321 dev=8:2 mode=101057 ouid=0 ogid=0 rdev=0:0 nametype=NORMAL cap_fp=0 cap_fi=0 cap_fe=0 cap_fver=0 cap_frootid=0OUID="root" OGID="root"
type=PROCTITLE msg=audit(1769928514.20:9211): proctitle=7375646F0077686F616D69
type=PATH msg=audit(1769929341.852:8748): item=0 name="/usr/bin/ps" inode=1574485 dev=8:2 mode=100293 ouid=0 ogid=0 rdev=0:0 nametype=NORMAL cap_fp=0 cap_fi=0 cap_fe=0 cap_fver=0 cap_frootid=0OUID="root" OGID="root"
type=PROCTITLE msg=audit(1769928894.273:8277): proctitle=6C617374002D6E003230
type=PATH msg=audit(1769928860.179:6437): item=0 name="/usr/bin/dirname" inode=1577598 dev=8:2 mode=100438 ouid=0 ogid=0 rdev=0:0 nametype=NORMAL cap_fp=0 cap_fi=0 cap_fe=0 cap_fver=0 cap_frootid=0OUID="root" OGID="root"
type=SYSCALL msg=audit(1769928685.536:7147): arch=c000003e syscall=59 success=yes exit=0 a0=55b863462a30 a1=55b863462ab0 a2=55b863435820 a3=55b863462ab0 items=2 ppid=2677 pid=6966 auid=668 uid=0 gid=0 euid=0 suid=0 fsuid=0 egid=0 sgid=0 fsgid=0 tty=pts2 ses=3 comm="sort" exe="/usr/bin/tail" subj=unconfined key="process_exec"ARCH=x86_64 SYSCALL=execve AUID="heroic" UID="root" GID="root" EUID="root" SUID="root" FSUID="root" EGID="root" SGID="root" FSGID="root"
type=USER_END msg=audit(1769928905.312:8480): pid=2288 uid=1080 auid=1397 ses=3 subj=unconfined msg='op=PAM:session_close grantors=pam_limits,pam_env,pam_env,pam_permit,pam_umask,pam_unix acct="root" exe="/usr/bin/df" hostname=? addr=? terminal=/dev/pts/0 res=success'UID="heroic" AUID="heroic"
type=CRED_DISP msg=audit(1769929092.11:8909): pid=2171 uid=0 auid=1333 ses=5 subj=unconfined msg='op=PAM:setcred grantors=pam_permit acct="root" exe="/usr/bin/sudo" hostname=? addr=? terminal=/dev/pts/1 res=success'UID="root" AUID="heroic"
type=PATH msg=audit(1769929104.564:7166): item=0 name="/usr/bin/curl" inode=1573347 dev=8:2 mode=101150 ouid=0 ogid=0 rdev=0:0 nametype=NORMAL cap_fp=0 cap_fi=0 cap_fe=0 cap_fver=0 cap_frootid=0OUID="root" OGID="root"
type=PROCTITLE msg=audit(1769929327.613:4274): proctitle=726D002D66002F6574632F63726F6E2E642F686964735F70657273697374
type=CRED_REFR msg=audit(1769928869.597:8427): pid=6155 uid=0 auid=661 ses=5 subj=unconfined msg='op=PAM:setcred grantors=pam_permit,pam_cap acct="root" exe="/usr/bin/sort" hostname=? addr=? terminal=/dev/pts/1 res=success'UID="root" AUID="heroic"
type=EXECVE msg=audit(1769928454.88:8884): argc=4 a0="sh" a1="-c" a2="--" a3=6C617374202D6E203230
type=CWD msg=audit(1769929084.528:7833): cwd="/usr/local/bin"
type=SYSCALL msg=audit(1769928531.857:5714): arch=c000003e syscall=59 success=yes exit=0 a0=64e1754cb940 a1=64e1754cfd10 a2=64e1754c38f0 a3=64e1754cfd10 items=2 ppid=1730 pid=1190 auid=650 uid=1363 gid=1205 euid=1043 suid=598 fsuid=501 egid=966 sgid=1478 fsgid=731 tty=pts0 ses=3 comm="netstat" exe="/bin/sh" subj=unconfined key="process_exec"ARCH=x86_64 SYSCALL=execve AUID="heroic" UID="heroic" GID="heroic" EUID="heroic" SUID="heroic" FSUID="heroic" EGID="heroic" SGID="heroic" FSGID="heroic"
type=PATH msg=audit(1769929375.676:8517): item=0 name="/usr/bin/sleep" inode=1578178 dev=8:2 mode=100870 ouid=0 ogid=0 rdev=0:0 nametype=NORMAL cap_fp=0 cap_fi=0 cap_fe=0 cap_fver=0 cap_frootid=0OUID="root" OGID="root"
type=SYSCALL msg=audit(1769928797.1272:4842): arch=c000003e syscall=59 success=yes exit=0 a0=597512eb1b68 a1=597512ec1ba0 a2=597512ed4340 a3=64 items=2 ppid=6111 pid=1326 auid=1401 uid=0 gid=0 euid=0 suid=0 fsuid=0 egid=0 sgid=0 fsgid=0 tty=pts4 ses=3 comm="ss" exe="/usr/bin/netstat" subj=unconfined key="process_exec"ARCH=x86_64 SYSCALL=execve AUID="heroic" UID="root" GID="root" EUID="root" SUID="root" FSUID="root" EGID="root" SGID="root" FSGID="root"
type=PROCTITLE msg=audit(1769929281.564:5130): proctitle=746565002F6574632F63726F6E2E642F686964735F70657273697374
type=CWD msg=audit(1769928965.333:8230): cwd="/home/heroic"
type=EXECVE msg=audit(1769928492.823:7809): argc=3 a0="curl" a1="-s" a2="file:///tmp/hids_malicious/payload.sh"
type=CWD msg=audit(1769928704.378:9011): cwd="/home/heroic"
type=PATH msg=audit(1769928670.727:9061): item=1 name="/lib64/ld-linux-x86-64.so.2" inode=1575570 dev=8:2 mode=100937 ouid=0 ogid=0 rdev=0:0 nametype=NORMAL cap_fp=0 cap_fi=0 cap_fe=0 cap_fver=0 cap_frootid=0OUID="root" OGID="root"
type=SERVICE_STOP msg=audit(1769929075.6:8923): pid=3350 uid=0 auid=4294967764 ses=4294966827 subj=unconfined msg='unit=packagekit comm="df" exe="/usr/bin/sed" hostname=? addr=? terminal=? res=success'UID="root" AUID="unset"
type=PATH msg=audit(1769929054.963:8930): item=0 name="/usr/bin/tee" inode=1578206 dev=8:2 mode=100338 ouid=0 ogid=0 rdev=0:0 nametype=NORMAL cap_fp=0 cap_fi=0 cap_fe=0 cap_fver=0 cap_frootid=0OUID="root" OGID="root"
type=CRED_DISP msg=audit(1769928542.127:8644): pid=5742 uid=927 auid=653 ses=3 subj=unconfined msg='op=PAM:setcred grantors=pam_permit acct="root" exe="/usr/bin/sort" hostname=? addr=? terminal=/dev/pts/0 res=success'UID="heroic" AUID="heroic"
type=PROCTITLE msg=audit(1769929397.351:7151): proctitle=7375646F00726D002D66002F6574632F63726F6E2E642F686964735F70657273697374
type=EXECVE msg=audit(1769929198.15:3740): argc=3 a0="curl" a1="-s" a2="file:///tmp/hids_malicious/payload.sh"
type=USER_CMD msg=audit(1769928783.1295:8583): pid=7520 uid=1081 auid=656 ses=3 subj=unconfined msg='cwd="/home/heroic" cmd="whoami" exe="/usr/bin/sudo" terminal=pts/0 res=success'UID="heroic" AUID="heroic"
type=EXECVE msg=audit(1769928566.42:6304): argc=1 a0="su"
type=SYSCALL msg=audit(1769929115.568:9358): arch=c000003e syscall=59 success=yes exit=0 a0=56a2ccca82d6 a1=7ffeb4c10500 a2=56a2ccca8380 a3=56a2ccca82d6 items=2 ppid=2686 pid=1503 auid=0 uid=0 gid=0 euid=0 suid=0 fsuid=0 egid=0 sgid=0 fsgid=0 tty=(none) ses=9 comm="sed" exe="/usr/bin/tail" subj=unconfined key="process_exec"ARCH=x86_64 SYSCALL=execve AUID="root" UID="root" GID="root" EUID="root" SUID="root" FSUID="root" EGID="root" SGID="root" FSGID="root"
type=PATH msg=audit(1769928861.1303:8314): item=1 name="/lib64/ld-linux-x86-64.so.2" inode=1575512 dev=8:2 mode=100720 ouid=0 ogid=0 rdev=0:0 nametype=NORMAL cap_fp=0 cap_fi=0 cap_fe=0 cap_fver=0 cap_frootid=0OUID="root" OGID="root"
type=USER_ACCT msg=audit(1769929278.973:4540): pid=5133 uid=523 auid=812 ses=3 subj=unconfined msg='op=PAM:accounting grantors=pam_permit,pam_localuser acct="heroic" exe="/usr/bin/sed" hostname=? addr=? terminal=/dev/pts/0 res=success'UID="heroic" AUID="heroic"
type=SYSCALL msg=audit(1769929269.406:10210): arch=c000003e syscall=59 success=yes exit=0 a0=5da302dc88a0 a1=5da302dcd3d0 a2=5da302dc08f0 a3=5da302dcc890 items=2 ppid=10024 pid=4599 auid=1390 uid=777 gid=1099 euid=1228 suid=1487 fsuid=602 egid=1268 sgid=1481 fsgid=795 tty=pts0 ses=3 comm="sort" exe="/bin/sh" subj=unconfined key="process_exec"ARCH=x86_64 SYSCALL=execve AUID="heroic" UID="heroic" GID="heroic" EUID="heroic" SUID="heroic" FSUID="heroic" EGID="heroic" SGID="heroic" FSGID="heroic"
type=USER_END msg=audit(1769929359.714:5450): pid=8112 uid=1133 auid=1447 ses=3 subj=unconfined msg='op=PAM:session_close grantors=pam_limits,pam_env,pam_env,pam_permit,pam_umask,pam_unix acct="root" exe="/usr/bin/last" hostname=? addr=? terminal=/dev/pts/0 res=success'UID="heroic" AUID="heroic"
type=PROCTITLE msg=audit(1769929391.73:8458): proctitle=6D6B646972002D70002F746D702F686964735F6D616C6963696F7573
type=USER_END msg=audit(1769928954.1208:6436): pid=4074 uid=0 auid=1082 ses=5 subj=unconfined msg='op=PAM:session_close grantors=pam_env,pam_env,pam_mail,pam_limits,pam_permit,pam_umask,pam_unix,pam_systemd acct="root" exe="/usr/bin/tail" hostname=? addr=? terminal=/dev/pts/1 res=success'UID="root" AUID="heroic"
type=PATH msg=audit(1769928574.667:9749): item=1 name="/lib64/ld-linux-x86-64.so.2" inode=1575614 dev=8:2 mode=100316 ouid=0 ogid=0 rdev=0:0 nametype=NORMAL cap_fp=0 cap_fi=0 cap_fe=0 cap_fver=0 cap_frootid=0OUID="root" OGID="root"
type=CRED_REFR msg=audit(1769928845.1043:8187): pid=6811 uid=616 auid=568 ses=3 subj=unconfined msg='op=PAM:setcred grantors=pam_permit,pam_cap acct="root" exe="/bin/sh" hostname=? addr=? terminal=/dev/pts/0 res=success'UID="heroic" AUID="heroic"
type=USER_CMD msg=audit(1769928644.625:9186): pid=9626 uid=695 auid=882 ses=3 subj=unconfined msg='cwd="/usr/local/bin" cmd=726D202D66202F6574632F63726F6E2E642F686964735F70657273697374 exe="/bin/sh" terminal=pts/0 res=success'UID="heroic" AUID="heroic"
type=PROCTITLE msg=audit(1769929402.1203:5683): proctitle=2F62696E2F62617368002E2F6D616C6963696F75735F6C6F63616C2E7368
type=EXECVE msg=audit(1769929116.528:3818): argc=8 a0="/usr/lib/sysstat/sadc" a1="-F" a2="-L" a3="-S" a4="DISK" a5="1" a6="1" a7="/var/log/sysstat"
type=PROCTITLE msg=audit(1769928857.618:7167): proctitle=7373002D74756C6E70
type=PROCTITLE msg=audit(1769929186.355:7818): proctitle=726D002D660066696C655F31302E6461740066696C655F31312E6461740066696C655F31322E6461740066696C655F31332E6461740066696C655F31342E6461740066696C655F31352E6461740066696C655F31362E6461740066696C655F31372E6461740066696C655F31382E6461740066696C655F31392E646174006669
type=CWD msg=audit(1769929291.540:8398): cwd="/usr/local/bin"
type=PROCTITLE msg=audit(1769929128.532:6689): proctitle="bash"
type=PROCTITLE msg=audit(1769929029.774:7375): proctitle=746565002F6574632F63726F6E2E642F686964735F70657273697374
type=PATH msg=audit(1769929316.361:10045): item=1 name="/lib64/ld-linux-x86-64.so.2" inode=1575721 dev=8:2 mode=100301 ouid=0 ogid=0 rdev=0:0 nametype=NORMAL cap_fp=0 cap_fi=0 cap_fe=0 cap_fver=0 cap_frootid=0OUID="root" OGID="root"
type=PROCTITLE msg=audit(1769929220.322:9944): proctitle=7375646F002D6C
type=CWD msg=audit(1769928992.227:7231): cwd="/root"
type=PROCTITLE msg=audit(1769928491.509:5628): proctitle=726D002D660066696C655F31302E6461740066696C655F31312E6461740066696C655F31322E6461740066696C655F31332E6461740066696C655F31342E6461740066696C655F31352E6461740066696C655F31362E6461740066696C655F31372E6461740066696C655F31382E6461740066696C655F31392E646174006669
type=PATH msg=audit(1769929369.72:7536): item=0 name="./malicious_local.sh" inode=1197531 dev=8:2 mode=100851 ouid=1308 ogid=1096 rdev=0:0 nametype=NORMAL cap_fp=0 cap_fi=0 cap_fe=0 cap_fver=0 cap_frootid=0OUID="heroic" OGID="heroic"
type=PATH msg=audit(1769928878.527:4846): item=1 name="/lib64/ld-linux-x86-64.so.2" inode=1575374 dev=8:2 mode=101245 ouid=0 ogid=0 rdev=0:0 nametype=NORMAL cap_fp=0 cap_fi=0 cap_fe=0 cap_fver=0 cap_frootid=0OUID="root" OGID="root"
type=SYSCALL msg=audit(1769928476.39:4873): arch=c000003e syscall=59 success=yes exit=0 a0=64e1754d00f0 a1=64e1754ca7f0 a2=64e1754c38f0 a3=8 items=2 ppid=9617 pid=5947 auid=735 uid=1197 gid=1313 euid=937 suid=1065 fsuid=1207 egid=1283 sgid=615 fsgid=774 tty=pts0 ses=3 comm="python" exe="/usr/bin/df" subj=unconfined key="process_exec"ARCH=x86_64 SYSCALL=execve AUID="heroic" UID="heroic" GID="heroic" EUID="heroic" SUID="heroic" FSUID="heroic" EGID="heroic" SGID="heroic" FSGID="heroic"
type=PROCTITLE msg=audit(1769929306.7:9968): proctitle=63686D6F64002B78007061796C6F61642E7368
type=PATH msg=audit(1769928555.42:6899): item=0 name="/usr/libexec/nm-dispatcher" inode=1586351 dev=8:2 mode=100950 ouid=0 ogid=0 rdev=0:0 nametype=NORMAL cap_fp=0 cap_fi=0 cap_fe=0 cap_fver=0 cap_frootid=0OUID="root" OGID="root"
type=USER_START msg=audit(1769928930.562:8512): pid=6495 uid=1167 auid=770 ses=3 subj=unconfined msg='op=PAM:session_open grantors=pam_limits,pam_env,pam_env,pam_permit,pam_umask,pam_unix acct="root" exe="/usr/bin/df" hostname=? addr=? terminal=/dev/pts/0 res=success'UID="heroic" AUID="heroic"
type=USER_ACCT msg=audit(1769929164.735:5957): pid=8502 uid=1347 auid=930 ses=3 subj=unconfined msg='op=PAM:accounting grantors=pam_permit,pam_localuser acct="heroic" exe="/usr/bin/df" hostname=? addr=? terminal=/dev/pts/0 res=success'UID="heroic" AUID="heroic"
type=SYSCALL msg=audit(1769928717.486:8171): arch=c000003e syscall=59 success=yes exit=0 a0=64e1754ca420 a1=64e1754d0ce0 a2=64e1754c38f0 a3=64e1754d0ce0 items=2 ppid=1829 pid=8258 auid=1332 uid=1032 gid=1438 euid=0 suid=0 fsuid=0 egid=582 sgid=1345 fsgid=1476 tty=pts0 ses=3 comm="ss" exe="/usr/bin/sed" subj=unconfined key="process_exec"ARCH=x86_64 SYSCALL=execve AUID="heroic" UID="heroic" GID="heroic" EUID="root" SUID="root" FSUID="root" EGID="heroic" SGID="heroic" FSGID="heroic"
type=PROCTITLE msg=audit(1769929362.1442:9779): proctitle=746565002F6574632F63726F6E2E642F686964735F70657273697374
type=SYSCALL msg=audit(1769928827.898:8781): arch=c000003e syscall=59 success=yes exit=0 a0=64e1754cf850 a1=64e1754cf8b0 a2=64e1754c38f0 a3=64e1754cf8b0 items=2 ppid=2691 pid=1687 auid=1223 uid=1077 gid=825 euid=660 suid=1176 fsuid=931 egid=639 sgid=957 fsgid=800 tty=pts0 ses=3 comm="sudo" exe="/usr/bin/sort" subj=unconfined key="process_exec"ARCH=x86_64 SYSCALL=execve AUID="heroic" UID="heroic" GID="heroic" EUID="heroic" SUID="heroic" FSUID="heroic" EGID="heroic" SGID="heroic" FSGID="heroic"
type=PATH msg=audit(1769928944.1277:4358): item=1 name="/lib64/ld-linux-x86-64.so.2" inode=1575755 dev=8:2 mode=100830 ouid=0 ogid=0 rdev=0:0 nametype=NORMAL cap_fp=0 cap_fi=0 cap_fe=0 cap_fver=0 cap_frootid=0OUID="root" OGID="root"
type=PATH msg=audit(1769929040.881:6324): item=1 name="/lib64/ld-linux-x86-64.so.2" inode=1575442 dev=8:2 mode=100576 ouid=0 ogid=0 rdev=0:0 nametype=NORMAL cap_fp=0 cap_fi=0 cap_fe=0 cap_fver=0 cap_frootid=0OUID="root" OGID="root"
type=CWD msg=audit(1769928877.141:3789): cwd="/usr/local/bin"
type=CRED_DISP msg=audit(1769929173.498:8626): pid=3419 uid=875 auid=620 ses=3 subj=unconfined msg='op=PAM:setcred grantors=pam_permit acct="root" exe="/usr/bin/python3" hostname=? addr=? terminal=/dev/pts/0 res=success'UID="heroic" AUID="heroic"
type=PROCTITLE msg=audit(1769928983.193:7660): proctitle=2F7573722F6C69622F73797374656D642F73797374656D642D6578656375746F72002D2D646573657269616C697A6500313632002D2D6C6F672D6C6576656C00696E666F002D2D6C6F672D746172676574006A6F75726E616C2D6F722D6B6D7367
type=SERVICE_STOP msg=audit(1769928944.319:7012): pid=7826 uid=0 auid=4294967060 ses=4294967174 subj=unconfined msg='unit=NetworkManager-dispatcher comm="python" exe="/usr/bin/python3" hostname=? addr=? terminal=? res=success'UID="root" AUID="unset"
type=PATH msg=audit(1769929177.601:6106): item=0 name="/usr/bin/rm" inode=1577735 dev=8:2 mode=100945 ouid=0 ogid=0 rdev=0:0 nametype=NORMAL cap_fp=0 cap_fi=0 cap_fe=0 cap_fver=0 cap_frootid=0OUID="root" OGID="root"
type=SYSCALL msg=audit(1769928519.120:9380): arch=c000003e syscall=59 success=yes exit=0 a0=5b6bcc3cab68 a1=5b6bcc3daba0 a2=5b6bcc3ed340 a3=64 items=2 ppid=8056 pid=9827 auid=675 uid=0 gid=0 euid=0 suid=0 fsuid=0 egid=0 sgid=0 fsgid=0 tty=pts4 ses=3 comm="ss" exe="/usr/bin/sort" subj=unconfined key="process_exec"ARCH=x86_64 SYSCALL=execve AUID="heroic" UID="root" GID="root" EUID="root" SUID="root" FSUID="root" EGID="root" SGID="root" FSGID="root"
type=EXECVE msg=audit(1769928716.960:9523): argc=1 a0="id"
type=EXECVE msg=audit(1769928884.675:9254): argc=3 a0="chmod" a1="+x" a2="payload.sh"
type=PATH msg=audit(1769928833.621:7275): item=0 name="/usr/bin/rmdir" inode=1578376 dev=8:2 mode=100557 ouid=0 ogid=0 rdev=0:0 nametype=NORMAL cap_fp=0 cap_fi=0 cap_fe=0 cap_fver=0 cap_frootid=0OUID="root" OGID="root"
type=PROCTITLE msg=audit(1769929082.676:8498): proctitle=726D002D66002F6574632F63726F6E2E642F686964735F70657273697374
type=PATH msg=audit(1769929170.597:8261): item=1 name="/lib64/ld-linux-x86-64.so.2" inode=1575008 dev=8:2 mode=100582 ouid=0 ogid=0 rdev=0:0 nametype=NORMAL cap_fp=0 cap_fi=0 cap_fe=0 cap_fver=0 cap_frootid=0OUID="root" OGID="root"
type=CRED_DISP msg=audit(1769929036.121:3998): pid=5352 uid=1435 auid=819 ses=3 subj=unconfined msg='op=PAM:setcred grantors=pam_permit acct="root" exe="/usr/bin/df" hostname=? addr=? terminal=/dev/pts/0 res=success'UID="heroic" AUID="heroic"
type=EXECVE msg=audit(1769929266.299:7951): argc=2 a0="ps" a1="aux"
type=CRED_REFR msg=audit(1769928522.453:8835): pid=6581 uid=668 auid=1172 ses=3 subj=unconfined msg='op=PAM:setcred grantors=pam_permit,pam_cap acct="root" exe="/usr/bin/last" hostname=? addr=? terminal=/dev/pts/0 res=success'UID="heroic" AUID="heroic"
type=USER_END msg=audit(1769929151.561:8422): pid=7854 uid=814 auid=910 ses=3 subj=unconfined msg='op=PAM:session_close grantors=pam_limits,pam_env,pam_env,pam_permit,pam_umask,pam_unix acct="root" exe="/usr/bin/df" hostname=? addr=? terminal=/dev/pts/0 res=success'UID="heroic" AUID="heroic"
type=PROCTITLE msg=audit(1769929269.779:5025): proctitle=63686D6F64002B78007061796C6F61642E7368
type=PROCTITLE msg=audit(1769928722.399:7713): proctitle="bash"
type=EXECVE msg=audit(1769929275.924:5461): argc=3 a0="chmod" a1="+x" a2="payload.sh"
type=CWD msg=audit(1769928616.175:6787): cwd="/home/heroic"
type=CWD msg=audit(1769928528.838:5988): cwd=2F746D702F686964735F6D616C6963696F7573202864656C6574656429
type=EXECVE msg=audit(1769928513.917:5826): argc=3 a0="sudo" a1="tee" a2="/etc/cron.d/hids_persist"
type=USER_ACCT msg=audit(1769929195.567:5503): pid=9538 uid=0 auid=4294967534 ses=4294967201 subj=unconfined msg='op=PAM:accounting grantors=pam_permit,pam_localuser acct="root" exe="/usr/bin/last" hostname=? addr=? terminal=cron res=success'UID="root" AUID="unset"
type=USER_CMD msg=audit(1769929217.1004:5562): pid=3992 uid=717 auid=581 ses=3 subj=unconfined msg='cwd="/tmp" cmd="whoami" exe="/usr/bin/sed" terminal=pts/0 res=success'UID="heroic" AUID="heroic"
type=SYSCALL msg=audit(1769929330.532:5703): arch=c000003e syscall=59 success=yes exit=0 a0=64e1754cb740 a1=64e1754cd360 a2=64e1754c38f0 a3=1 items=2 ppid=3470 pid=7527 auid=960 uid=616 gid=1371 euid=1224 suid=564 fsuid=1347 egid=975 sgid=1361 fsgid=1410 tty=pts0 ses=3 comm="last" exe="/usr/bin/netstat" subj=unconfined key="process_exec"ARCH=x86_64 SYSCALL=execve AUID="heroic" UID="heroic" GID="heroic" EUID="heroic" SUID="heroic" FSUID="heroic" EGID="heroic" SGID="heroic" FSGID="heroic"
type=USER_START msg=audit(1769928634.142:9302): pid=9323 uid=555 auid=629 ses=3 subj=unconfined msg='op=PAM:session_open grantors=pam_limits,pam_env,pam_env,pam_permit,pam_umask,pam_unix acct="root" exe="/usr/bin/tail" hostname=? addr=? terminal=/dev/pts/0 res=success'UID="heroic" AUID="heroic"
type=LOGIN msg=audit(1769929266.747:5833): pid=8429 uid=0 subj=unconfined old-auid=4294967744 auid=0 tty=(none) old-ses=4294967220 ses=9 res=1UID="root" OLD-AUID="unset" AUID="root"
type=EXECVE msg=audit(1769928451.218:8275): argc=2 a0="/bin/sh" a1="/usr/bin/lesspipe"
type=PATH msg=audit(1769929054.341:8083): item=1 name="/lib64/ld-linux-x86-64.so.2" inode=1575345 dev=8:2 mode=100492 ouid=0 ogid=0 rdev=0:0 nametype=NORMAL cap_fp=0 cap_fi=0 cap_fe=0 cap_fver=0 cap_frootid=0OUID="root" OGID="root"
type=USER_CMD msg=audit(1769929054.862:7349): pid=8037 uid=963 auid=869 ses=3 subj=unconfined msg='cwd="/tmp" cmd="whoami" exe="/usr/bin/sort" terminal=pts/0 res=success'UID="heroic" AUID="heroic"
type=PATH msg=audit(1769929330.548:4706): item=1 name="/lib64/ld-linux-x86-64.so.2" inode=1575280 dev=8:2 mode=100285 ouid=0 ogid=0 rdev=0:0 nametype=NORMAL cap_fp=0 cap_fi=0 cap_fe=0 cap_fver=0 cap_frootid=0OUID="root" OGID="root"
type=USER_START msg=audit(1769928636.496:4800): pid=6347 uid=568 auid=1066 ses=3 subj=unconfined msg='op=PAM:session_open grantors=pam_limits,pam_env,pam_env,pam_permit,pam_umask,pam_unix acct="root" exe="/bin/sh" hostname=? addr=? terminal=/dev/pts/0 res=success'UID="heroic" AUID="heroic"
type=CWD msg=audit(1769928429.1106:9547): cwd="/var/ossec"
type=EXECVE msg=audit(1769928710.485:8120): argc=1 a0="bash"
type=SYSCALL msg=audit(1769928625.78:4807): arch=c000003e syscall=59 success=yes exit=0 a0=7ffd2e5d34c0 a1=7ffd2e5d34e0 a2=7ffd2e5d3fd0 a3=8 items=2 ppid=4801 pid=8433 auid=4294966834 uid=0 gid=0 euid=0 suid=0 fsuid=0 egid=0 sgid=0 fsgid=0 tty=(none) ses=4294967369 comm="last" exe="/usr/bin/last" subj=unconfined key="process_exec"ARCH=x86_64 SYSCALL=execve AUID="unset" UID="root" GID="root" EUID="root" SUID="root" FSUID="root" EGID="root" SGID="root" FSGID="root"
type=PATH msg=audit(1769929143.648:8245): item=1 name="/lib64/ld-linux-x86-64.so.2" inode=1575353 dev=8:2 mode=100383 ouid=0 ogid=0 rdev=0:0 nametype=NORMAL cap_fp=0 cap_fi=0 cap_fe=0 cap_fver=0 cap_frootid=0OUID="root" OGID="root"
type=PATH msg=audit(1769928495.558:9749): item=1 name="/etc/cron.d/hids_persist" inode=1704464 dev=8:2 mode=100662 ouid=0 ogid=0 rdev=0:0 nametype=DELETE cap_fp=0 cap_fi=0 cap_fe=0 cap_fver=0 cap_frootid=0OUID="root" OGID="root"
type=PROCTITLE msg=audit(1769928438.101:7293): proctitle="whoami"
type=USER_ACCT msg=audit(1769929146.721:5011): pid=6963 uid=687 auid=646 ses=3 subj=unconfined msg='op=PAM:accounting grantors=pam_permit,pam_localuser acct="heroic" exe="/usr/bin/df" hostname=? addr=? terminal=/dev/pts/0 res=success'UID="heroic" AUID="heroic"
type=CWD msg=audit(1769928455.1483:7459): cwd="/var/ossec"
type=SYSCALL msg=audit(1769928759.1079:9121): arch=c000003e syscall=59 success=yes exit=0 a0=5da302dc8960 a1=5da302dca980 a2=5da302dc08f0 a3=5da302dcbd50 items=2 ppid=5759 pid=9067 auid=977 uid=920 gid=531 euid=0 suid=0 fsuid=0 egid=1211 sgid=887 fsgid=1361 tty=pts0 ses=3 comm="sh" exe="/usr/bin/sort" subj=unconfined key="process_exec"ARCH=x86_64 SYSCALL=execve AUID="heroic" UID="heroic" GID="heroic" EUID="root" SUID="root" FSUID="root" EGID="heroic" SGID="heroic" FSGID="heroic"
type=PROCTITLE msg=audit(1769928691.529:5661): proctitle=756E616D65002D61
type=USER_CMD msg=audit(1769928948.255:7797): pid=5361 uid=1067 auid=692 ses=3 subj=unconfined msg='cwd="/var/ossec" cmd=726D202D66202F6574632F63726F6E2E642F686964735F70657273697374 exe="/usr/bin/sed" terminal=pts/0 res=success'UID="heroic" AUID="heroic"
type=EXECVE msg=audit(1769928735.192:4697): argc=2 a0="ps" a1="aux"
type=PATH msg=audit(1769929315.1312:7411): item=0 name="/usr/bin/id" inode=1578187 dev=8:2 mode=100687 ouid=0 ogid=0 rdev=0:0 nametype=NORMAL cap_fp=0 cap_fi=0 cap_fe=0 cap_fver=0 cap_frootid=0OUID="root" OGID="root"
type=PATH msg=audit(1769928806.52:8287): item=0 name="/usr/bin/sleep" inode=1578082 dev=8:2 mode=101014 ouid=0 ogid=0 rdev=0:0 nametype=NORMAL cap_fp=0 cap_fi=0 cap_fe=0 cap_fver=0 cap_frootid=0OUID="root" OGID="root"
type=EXECVE msg=audit(1769929145.12:6853): argc=3 a0="mkdir" a1="-p" a2="/tmp/hids_malicious"
type=CWD msg=audit(1769929051.625:9695): cwd="/home/heroic"
type=CRED_DISP msg=audit(1769928691.338:4978): pid=2962 uid=1354 auid=702 ses=3 subj=unconfined msg='op=PAM:setcred grantors=pam_permit acct="root" exe="/usr/bin/sudo" hostname=? addr=? terminal=/dev/pts/0 res=success'UID="heroic" AUID="heroic"
type=USER_ACCT msg=audit(1769928454.722:5591): pid=4668 uid=1398 auid=1192 ses=3 subj=unconfined msg='op=PAM:accounting grantors=pam_permit,pam_localuser acct="heroic" exe="/usr/bin/netstat" hostname=? addr=? terminal=/dev/pts/0 res=success'UID="heroic" AUID="heroic"
type=PATH msg=audit(1769929335.595:6962): item=0 name="/usr/bin/whoami" inode=1577933 dev=8:2 mode=101202 ouid=0 ogid=0 rdev=0:0 nametype=NORMAL cap_fp=0 cap_fi=0 cap_fe=0 cap_fver=0 cap_frootid=0OUID="root" OGID="root"
type=PROCTITLE msg=audit(1769929173.211:5845): proctitle=7375646F00726D002D66002F6574632F63726F6E2E642F686964735F70657273697374
type=PROCTITLE msg=audit(1769928973.802:9630): proctitle=2F7573722F6C69622F73797374656D642F73797374656D642D6578656375746F72002D2D646573657269616C697A6500313139002D2D6C6F672D6C6576656C00696E666F002D2D6C6F672D746172676574006A6F75726E616C2D6F722D6B6D7367
type=CWD msg=audit(1769928423.30:4859): cwd="/var/ossec"
type=SYSCALL msg=audit(1769928592.1202:5789): arch=c000003e syscall=59 success=yes exit=0 a0=5f93efcfa880 a1=5f93efceb040 a2=5f93efcea2c0 a3=0 items=3 ppid=2899 pid=1443 auid=651 uid=0 gid=608 euid=0 suid=0 fsuid=0 egid=812 sgid=546 fsgid=634 tty=(none) ses=4 comm="tail" exe="/usr/bin/netstat" subj=unconfined key="process_exec"ARCH=x86_64 SYSCALL=execve AUID="heroic" UID="root" GID="heroic" EUID="root" SUID="root" FSUID="root" EGID="heroic" SGID="heroic" FSGID="heroic"
type=CWD msg=audit(1769929134.317:9665): cwd="/usr/local/bin"
type=CRED_REFR msg=audit(1769928702.427:7650): pid=9136 uid=797 auid=1298 ses=3 subj=unconfined msg='op=PAM:setcred grantors=pam_permit,pam_cap acct="root" exe="/usr/bin/tail" hostname=? addr=? terminal=/dev/pts/0 res=success'UID="heroic" AUID="heroic"
type=PROCTITLE msg=audit(1769928562.26:8554): proctitle=726D002D660066696C655F31302E6461740066696C655F31312E6461740066696C655F31322E6461740066696C655F31332E6461740066696C655F31342E6461740066696C655F31352E6461740066696C655F31362E6461740066696C655F31372E6461740066696C655F31382E6461740066696C655F31392E646174006669
type=SYSCALL msg=audit(1769928774.294:8739): arch=c000003e syscall=59 success=yes exit=0 a0=64e1754cf790 a1=64e1754d1a80 a2=64e1754c38f0 a3=1 items=2 ppid=9364 pid=8367 auid=1249 uid=1500 gid=669 euid=685 suid=944 fsuid=1439 egid=904 sgid=598 fsgid=1195 tty=pts0 ses=3 comm="netstat" exe="/usr/bin/df" subj=unconfined key="process_exec"ARCH=x86_64 SYSCALL=execve AUID="heroic" UID="heroic" GID="heroic" EUID="heroic" SUID="heroic" FSUID="heroic" EGID="heroic" SGID="heroic" FSGID="heroic"
type=CWD msg=audit(1769928562.70:6193): cwd="/root"
type=CRED_DISP msg=audit(1769929098.118:6859): pid=1650 uid=1381 auid=572 ses=3 subj=unconfined msg='op=PAM:setcred grantors=pam_permit acct="root" exe="/usr/bin/tail" hostname=? addr=? terminal=/dev/pts/0 res=success'UID="heroic" AUID="heroic"
type=PATH msg=audit(1769929249.575:8070): item=0 name="/usr/local/bin/gjs" nametype=UNKNOWN cap_fp=0 cap_fi=0 cap_fe=0 cap_fver=0 cap_frootid=0
type=CWD msg=audit(1769928728.748:5482): cwd="/tmp"
type=CWD msg=audit(1769928516.83:8808): cwd="/usr/local/bin"
type=EXECVE msg=audit(1769928614.745:9689): argc=4 a0="sudo" a1="rm" a2="-f" a3="/etc/cron.d/hids_persist"
type=EXECVE msg=audit(1769928822.685:6309): argc=1 a0="id"
type=PATH msg=audit(1769928742.207:4261): item=0 name="/usr/bin/id" inode=1577885 dev=8:2 mode=101141 ouid=0 ogid=0 rdev=0:0 nametype=NORMAL cap_fp=0 cap_fi=0 cap_fe=0 cap_fver=0 cap_frootid=0OUID="root" OGID="root"
type=CWD msg=audit(1769929403.265:7146): cwd="/var/ossec"
type=EXECVE msg=audit(1769929155.782:5935): argc=3 a0="mkdir" a1="-p" a2="/tmp/hids_malicious"
type=PATH msg=audit(1769928941.986:7956): item=0 name="/usr/libexec/nm-dispatcher" inode=1585797 dev=8:2 mode=100414 ouid=0 ogid=0 rdev=0:0 nametype=NORMAL cap_fp=0 cap_fi=0 cap_fe=0 cap_fver=0 cap_frootid=0OUID="root" OGID="root"
type=SYSCALL msg=audit(1769928784.199:9654): arch=c000003e syscall=59 success=yes exit=0 a0=56e3bda03990 a1=56e396010600 a2=56e3bda038e8 a3=1 items=2 ppid=5042 pid=4289 auid=960 uid=0 gid=0 euid=0 suid=0 fsuid=0 egid=0 sgid=0 fsgid=0 tty=pts4 ses=3 comm="sudo" exe="/usr/bin/tail" subj=unconfined key="process_exec"ARCH=x86_64 SYSCALL=execve AUID="heroic" UID="root" GID="root" EUID="root" SUID="root" FSUID="root" EGID="root" SGID="root" FSGID="root"
type=PATH msg=audit(1769929240.597:5156): item=1 name="/lib64/ld-linux-x86-64.so.2" inode=1575156 dev=8:2 mode=100343 ouid=0 ogid=0 rdev=0:0 nametype=NORMAL cap_fp=0 cap_fi=0 cap_fe=0 cap_fver=0 cap_frootid=0OUID="root" OGID="root"
type=USER_START msg=audit(1769929265.697:10319): pid=3097 uid=1073 auid=1444 ses=3 subj=unconfined msg='op=PAM:session_open grantors=pam_limits,pam_env,pam_env,pam_permit,pam_umask,pam_unix acct="root" exe="/usr/bin/sort" hostname=? addr=? terminal=/dev/pts/0 res=success'UID="heroic" AUID="heroic"
type=CWD msg=audit(1769928507.919:7153): cwd="/home/heroic"
type=EXECVE msg=audit(1769928411.450:6105): argc=4 a0="sh" a1="-c" a2="--" a3=6E657473746174202D74756C706E207C207365642027732F5C285B5B3A616C6E756D3A5D5D5C2B5C295C205C2B5B5B3A64696769743A5D5D5C2B5C205C2B5B5B3A64696769743A5D5D5C2B5C205C2B5C282E2A5C293A5C285B5B3A64696769743A5D5D2A5C295C205C2B5C285B302D395C2E5C3A5C2A5D5C2B5C292E5C2B5C205C285B5B3A64696769743A5D5D2A5C2F5B5B3A616C6E756D3A5D5C2D5D2A5C292E2A2F5C31205C32203D3D205C33203D3D205C34205C352F27207C20736F7274202D6B2034202D67207C207365642027732F203D3D205C282E2A5C29203D3D2F3A5C312F27207C2073656420312C3264
type=PROCTITLE msg=audit(1769928511.59:4477): proctitle=726D002D660066696C655F31302E6461740066696C655F31312E6461740066696C655F31322E6461740066696C655F31332E6461740066696C655F31342E6461740066696C655F31352E6461740066696C655F31362E6461740066696C655F31372E6461740066696C655F31382E6461740066696C655F31392E646174006669
type=PATH msg=audit(1769928733.38:8319): item=0 name="/usr/bin/curl" inode=1574039 dev=8:2 mode=100993 ouid=0 ogid=0 rdev=0:0 nametype=NORMAL cap_fp=0 cap_fi=0 cap_fe=0 cap_fver=0 cap_frootid=0OUID="root" OGID="root"
type=PROCTITLE msg=audit(1769929048.182:6781): proctitle=707300617578
type=USER_CMD msg=audit(1769928957.503:8874): pid=3636 uid=1456 auid=1403 ses=3 subj=unconfined msg='cwd="/tmp" cmd=746565202F6574632F63726F6E2E642F686964735F70657273697374 exe="/usr/bin/tail" terminal=pts/0 res=success'UID="heroic" AUID="heroic"
type=SYSCALL msg=audit(1769929220.793:7126): arch=c000003e syscall=59 success=yes exit=0 a0=64e1754ced10 a1=64e1754cfd10 a2=64e1754c38f0 a3=64e1754cfd10 items=2 ppid=5912 pid=5627 auid=1273 uid=1407 gid=1097 euid=853 suid=864 fsuid=872 egid=779 sgid=767 fsgid=1027 tty=pts0 ses=3 comm="python" exe="/usr/bin/python3" subj=unconfined key="process_exec"ARCH=x86_64 SYSCALL=execve AUID="heroic" UID="heroic" GID="heroic" EUID="heroic" SUID="heroic" FSUID="heroic" EGID="heroic" SGID="heroic" FSGID="heroic"
type=EXECVE msg=audit(1769929260.1191:9445): argc=3 a0="sudo" a1="tee" a2="/etc/cron.d/hids_persist"
type=EXECVE msg=audit(1769929259.542:6893): argc=2 a0="sleep" a1="5"
type=PATH msg=audit(1769928564.283:6645): item=0 name="/proc/self/fd/9" inode=1596360 dev=8:2 mode=101181 ouid=0 ogid=0 rdev=0:0 nametype=NORMAL cap_fp=0 cap_fi=0 cap_fe=0 cap_fver=0 cap_frootid=0OUID="root" OGID="root"
type=PATH msg=audit(1769929400.1048:6947): item=0 name="/usr/libexec/nm-dispatcher" inode=1585945 dev=8:2 mode=100830 ouid=0 ogid=0 rdev=0:0 nametype=NORMAL cap_fp=0 cap_fi=0 cap_fe=0 cap_fver=0 cap_frootid=0OUID="root" OGID="root"
type=SYSCALL msg=audit(1769928965.452:7981): arch=c000003e syscall=59 success=yes exit=0 a0=64e1754cf870 a1=64e1754d1870 a2=64e1754c38f0 a3=64e1754cf190 items=2 ppid=1701 pid=5214 auid=951 uid=868 gid=1185 euid=1001 suid=1430 fsuid=1349 egid=668 sgid=962 fsgid=1114 tty=pts0 ses=3 comm="last" exe="/usr/bin/sort" subj=unconfined key="process_exec"ARCH=x86_64 SYSCALL=execve AUID="heroic" UID="heroic" GID="heroic" EUID="heroic" SUID="heroic" FSUID="heroic" EGID="heroic" SGID="heroic" FSGID="heroic"
type=PROCTITLE msg=audit(1769928630.489:4206): proctitle=2F62696E2F7368002F7573722F6C69622F737973737461742F64656269616E2D73613100310031
type=SYSCALL msg=audit(1769929075.217:4694): arch=c000003e syscall=59 success=yes exit=0 a0=64e1754d05f0 a1=64e1754d05d0 a2=64e1754c38f0 a3=64e1754d05d0 items=2 ppid=3034 pid=4257 auid=1007 uid=1406 gid=588 euid=0 suid=0 fsuid=0 egid=894 sgid=1190 fsgid=871 tty=pts0 ses=3 comm="sh" exe="/usr/bin/netstat" subj=unconfined key="process_exec"ARCH=x86_64 SYSCALL=execve AUID="heroic" UID="heroic" GID="heroic" EUID="root" SUID="root" FSUID="root" EGID="heroic" SGID="heroic" FSGID="heroic"
type=PATH msg=audit(1769929215.103:5747): item=1 name="/lib64/ld-linux-x86-64.so.2" inode=1575727 dev=8:2 mode=100831 ouid=0 ogid=0 rdev=0:0 nametype=NORMAL cap_fp=0 cap_fi=0 cap_fe=0 cap_fver=0 cap_frootid=0OUID="root" OGID="root"
type=PATH msg=audit(1769928471.157:7688): item=1 name="/lib64/ld-linux-x86-64.so.2" inode=1575473 dev=8:2 mode=100775 ouid=0 ogid=0 rdev=0:0 nametype=NORMAL cap_fp=0 cap_fi=0 cap_fe=0 cap_fver=0 cap_frootid=0OUID="root" OGID="root"
type=SYSCALL msg=audit(1769928742.686:8921): arch=c000003e syscall=59 success=yes exit=0 a0=56a2cccba8a6 a1=7ffeb4c10500 a2=56a2cccba8e0 a3=56a2cccba8a6 items=2 ppid=6105 pid=1293 auid=0 uid=0 gid=0 euid=0 suid=0 fsuid=0 egid=0 sgid=0 fsgid=0 tty=(none) ses=6 comm="python" exe="/usr/bin/df" subj=unconfined key="process_exec"ARCH=x86_64 SYSCALL=execve AUID="root" UID="root" GID="root" EUID="root" SUID="root" FSUID="root" EGID="root" SGID="root" FSGID="root"
type=EXECVE msg=audit(1769928987.224:7791): argc=2 a0="tee" a1="/etc/cron.d/hids_persist"
type=CWD msg=audit(1769928573.367:6967): cwd=2F746D702F686964735F6D616C6963696F7573202864656C6574656429
type=PATH msg=audit(1769929328.1032:4815): item=0 name="/usr/bin/whoami" inode=1578327 dev=8:2 mode=101019 ouid=0 ogid=0 rdev=0:0 nametype=NORMAL cap_fp=0 cap_fi=0 cap_fe=0 cap_fver=0 cap_frootid=0OUID="root" OGID="root"
type=USER_ACCT msg=audit(1769929408.427:9361): pid=685 uid=701 auid=1438 ses=3 subj=unconfined msg='op=PAM:accounting grantors=pam_permit,pam_localuser acct="heroic" exe="/usr/bin/tail" hostname=? addr=? terminal=/dev/pts/0 res=success'UID="heroic" AUID="heroic"
type=PATH msg=audit(1769929356.404:8384): item=0 name="/usr/bin/sleep" inode=1578606 dev=8:2 mode=100400 ouid=0 ogid=0 rdev=0:0 nametype=NORMAL cap_fp=0 cap_fi=0 cap_fe=0 cap_fver=0 cap_frootid=0OUID="root" OGID="root"
type=PATH msg=audit(1769928753.315:5136): item=0 name="/usr/bin/last" inode=1577939 dev=8:2 mode=100558 ouid=0 ogid=0 rdev=0:0 nametype=NORMAL cap_fp=0 cap_fi=0 cap_fe=0 cap_fver=0 cap_frootid=0OUID="root" OGID="root"
type=PROCTITLE msg=audit(1769928571.1389:5571): proctitle=7373002D74756C6E70
type=PATH msg=audit(1769928940.542:6076): item=1 name="/lib64/ld-linux-x86-64.so.2" inode=1575095 dev=8:2 mode=101219 ouid=0 ogid=0 rdev=0:0 nametype=NORMAL cap_fp=0 cap_fi=0 cap_fe=0 cap_fver=0 cap_frootid=0OUID="root" OGID="root"
type=SYSCALL msg=audit(1769928613.1228:9043): arch=c000003e syscall=59 success=yes exit=0 a0=5da302dcc310 a1=5da302dc22c0 a2=5da302dc08f0 a3=1 items=2 ppid=7424 pid=1464 auid=1000 uid=595 gid=752 euid=1200 suid=1102 fsuid=1156 egid=772 sgid=1022 fsgid=1334 tty=pts0 ses=3 comm="sudo" exe="/usr/bin/python3" subj=unconfined key="process_exec"ARCH=x86_64 SYSCALL=execve AUID="heroic" UID="heroic" GID="heroic" EUID="heroic" SUID="heroic" FSUID="heroic" EGID="heroic" SGID="heroic" FSGID="heroic"
type=USER_ACCT msg=audit(1769928745.431:6061): pid=6198 uid=550 auid=598 ses=3 subj=unconfined msg='op=PAM:accounting grantors=pam_permit,pam_localuser acct="heroic" exe="/usr/bin/python3" hostname=? addr=? terminal=/dev/pts/0 res=success'UID="heroic" AUID="heroic"
type=SYSCALL msg=audit(1769928412.35:5388): arch=c000003e syscall=59 success=yes exit=0 a0=5da302dc8960 a1=5da302dc7460 a2=5da302dc08f0 a3=5da302dc7460 items=2 ppid=9304 pid=9981 auid=1180 uid=1147 gid=1073 euid=0 suid=0 fsuid=0 egid=1445 sgid=1232 fsgid=1464 tty=pts0 ses=3 comm="sh" exe="/usr/bin/python3" subj=unconfined key="process_exec"ARCH=x86_64 SYSCALL=execve AUID="heroic" UID="heroic" GID="heroic" EUID="root" SUID="root" FSUID="root" EGID="heroic" SGID="heroic" FSGID="heroic"
type=SYSCALL msg=audit(1769928852.57:6606): arch=c000003e syscall=59 success=yes exit=0 a0=5da302dcbd10 a1=5da302dc70f0 a2=5da302dc08f0 a3=5da302dca210 items=2 ppid=10121 pid=2695 auid=737 uid=653 gid=1232 euid=541 suid=639 fsuid=819 egid=1315 sgid=953 fsgid=543 tty=pts0 ses=3 comm="df" exe="/usr/bin/df" subj=unconfined key="process_exec"ARCH=x86_64 SYSCALL=execve AUID="heroic" UID="heroic" GID="heroic" EUID="heroic" SUID="heroic" FSUID="heroic" EGID="heroic" SGID="heroic" FSGID="heroic"
type=CWD msg=audit(1769929274.785:4825): cwd="/tmp"
type=PATH msg=audit(1769929072.574:8018): item=1 name="/lib64/ld-linux-x86-64.so.2" inode=1575811 dev=8:2 mode=100465 ouid=0 ogid=0 rdev=0:0 nametype=NORMAL cap_fp=0 cap_fi=0 cap_fe=0 cap_fver=0 cap_frootid=0OUID="root" OGID="root"
type=PROCTITLE msg=audit(1769929021.143:7185): proctitle=63686D6F64002B78007061796C6F61642E7368
type=SYSCALL msg=audit(1769928937.1057:7905): arch=c000003e syscall=59 success=yes exit=0 a0=5da302dc8600 a1=5da302dcde60 a2=5da302dc08f0 a3=5da302dcde60 items=2 ppid=2675 pid=7838 auid=1285 uid=1023 gid=977 euid=0 suid=0 fsuid=0 egid=793 sgid=646 fsgid=936 tty=pts0 ses=3 comm="last" exe="/usr/bin/netstat" subj=unconfined key="process_exec"ARCH=x86_64 SYSCALL=execve AUID="heroic" UID="heroic" GID="heroic" EUID="root" SUID="root" FSUID="root" EGID="heroic" SGID="heroic" FSGID="heroic"
type=USER_ACCT msg=audit(1769928695.1222:5855): pid=7082 uid=713 auid=1385 ses=3 subj=unconfined msg='op=PAM:accounting grantors=pam_permit,pam_localuser acct="heroic" exe="/usr/bin/python3" hostname=? addr=? terminal=/dev/pts/0 res=success'UID="heroic" AUID="heroic"
type=PROCTITLE msg=audit(1769929118.134:3845): proctitle=6D6B646972002D70002F746D702F686964735F6D616C6963696F7573
type=PATH msg=audit(1769928855.812:6807): item=1 name="/lib64/ld-linux-x86-64.so.2" inode=1575337 dev=8:2 mode=100984 ouid=0 ogid=0 rdev=0:0 nametype=NORMAL cap_fp=0 cap_fi=0 cap_fe=0 cap_fver=0 cap_frootid=0OUID="root" OGID="root"
type=PATH msg=audit(1769928775.542:7486): item=1 name="/lib64/ld-linux-x86-64.so.2" inode=1575709 dev=8:2 mode=100392 ouid=0 ogid=0 rdev=0:0 nametype=NORMAL cap_fp=0 cap_fi=0 cap_fe=0 cap_fver=0 cap_frootid=0OUID="root" OGID="root"
type=SYSCALL msg=audit(1769929345.1137:9225): arch=c000003e syscall=59 success=yes exit=0 a0=5da302dc7420 a1=5da302dc86e0 a2=5da302dc08f0 a3=5da302dc86e0 items=2 ppid=8029 pid=6818 auid=528 uid=1022 gid=992 euid=1241 suid=1479 fsuid=1309 egid=1037 sgid=553 fsgid=1418 tty=pts0 ses=3 comm="netstat" exe="/usr/bin/tail" subj=unconfined key="process_exec"ARCH=x86_64 SYSCALL=execve AUID="heroic" UID="heroic" GID="heroic" EUID="heroic" SUID="heroic" FSUID="heroic" EGID="heroic" SGID="heroic" FSGID="heroic"
type=PROCTITLE msg=audit(1769929001.642:4723): proctitle=2F62696E2F62617368002E2F6D616C6963696F75735F6C6F63616C2E7368
type=USER_START msg=audit(1769928781.755:9866): pid=3466 uid=0 auid=0 ses=7 subj=unconfined msg='op=PAM:session_open grantors=pam_loginuid,pam_env,pam_env,pam_permit,pam_umask,pam_unix,pam_limits acct="root" exe="/usr/bin/sed" hostname=? addr=? terminal=cron res=success'UID="root" AUID="root"
type=PATH msg=audit(1769928730.1026:4559): item=1 name="/lib64/ld-linux-x86-64.so.2" inode=1575354 dev=8:2 mode=100344 ouid=0 ogid=0 rdev=0:0 nametype=NORMAL cap_fp=0 cap_fi=0 cap_fe=0 cap_fver=0 cap_frootid=0OUID="root" OGID="root"
type=SYSCALL msg=audit(1769928621.1226:9839): arch=c000003e syscall=59 success=yes exit=0 a0=5da302dc87c0 a1=5da302dcc410 a2=5da302dc08f0 a3=5da302dcc410 items=2 ppid=4842 pid=2464 auid=699 uid=1473 gid=1319 euid=813 suid=543 fsuid=1140 egid=919 sgid=554 fsgid=891 tty=pts0 ses=3 comm="last" exe="/bin/sh" subj=unconfined key="process_exec"ARCH=x86_64 SYSCALL=execve AUID="heroic" UID="heroic" GID="heroic" EUID="heroic" SUID="heroic" FSUID="heroic" EGID="heroic" SGID="heroic" FSGID="heroic"
type=PATH msg=audit(1769929206.1294:10077): item=0 name="/usr/bin/sudo" inode=1573948 dev=8:2 mode=104659 ouid=0 ogid=0 rdev=0:0 nametype=NORMAL cap_fp=0 cap_fi=0 cap_fe=0 cap_fver=0 cap_frootid=0OUID="root" OGID="root"
type=PATH msg=audit(1769928596.119:6556): item=1 name="/lib64/ld-linux-x86-64.so.2" inode=1575406 dev=8:2 mode=100332 ouid=0 ogid=0 rdev=0:0 nametype=NORMAL cap_fp=0 cap_fi=0 cap_fe=0 cap_fver=0 cap_frootid=0OUID="root" OGID="root"
type=CWD msg=audit(1769928510.191:3910): cwd="/tmp"
type=PROCTITLE msg=audit(1769928815.264:5600): proctitle=7375646F002D6C
type=SYSCALL msg=audit(1769929086.643:6039): arch=c000003e syscall=730 success=yes exit=3 a0=ffffff9c a1=7ffe043b172c a2=489 a3=1b6 items=2 ppid=1424 pid=6223 auid=1154 uid=0 gid=0 euid=0 suid=0 fsuid=0 egid=0 sgid=0 fsgid=0 tty=pts1 ses=3 comm="last" exe="/usr/bin/python3" subj=unconfined key="persistence"ARCH=x86_64 SYSCALL=openat AUID="heroic" UID="root" GID="root" EUID="root" SUID="root" FSUID="root" EGID="root" SGID="root" FSGID="root"
type=EXECVE msg=audit(1769928774.49:5646): argc=2 a0="ss" a1="-tulnp"
type=USER_ACCT msg=audit(1769928867.91:6903): pid=5530 uid=1114 auid=729 ses=3 subj=unconfined msg='op=PAM:accounting grantors=pam_permit,pam_localuser acct="heroic" exe="/usr/bin/python3" hostname=? addr=? terminal=/dev/pts/0 res=success'UID="heroic" AUID="heroic"
type=EXECVE msg=audit(1769929365.231:8305): argc=2 a0="sleep" a1="90"
type=SYSCALL msg=audit(1769928579.372:5079): arch=c000003e syscall=59 success=yes exit=0 a0=64cc6724d370 a1=64cc67321190 a2=64cc6731a630 a3=64cc67321190 items=2 ppid=5714 pid=3413 auid=620 uid=585 gid=778 euid=0 suid=0 fsuid=0 egid=1284 sgid=832 fsgid=1191 tty=pts0 ses=3 comm="sed" exe="/usr/bin/netstat" subj=unconfined key="process_exec"ARCH=x86_64 SYSCALL=execve AUID="heroic" UID="heroic" GID="heroic" EUID="root" SUID="root" FSUID="root" EGID="heroic" SGID="heroic" FSGID="heroic"
type=PATH msg=audit(1769929134.484:4519): item=1 name="/lib64/ld-linux-x86-64.so.2" inode=1574876 dev=8:2 mode=100587 ouid=0 ogid=0 rdev=0:0 nametype=NORMAL cap_fp=0 cap_fi=0 cap_fe=0 cap_fver=0 cap_frootid=0OUID="root" OGID="root"
type=PATH msg=audit(1769929299.313:5571): item=0 name="/etc/cron.d/" inode=1704388 dev=8:2 mode=40752 ouid=0 ogid=0 rdev=0:0 nametype=PARENT cap_fp=0 cap_fi=0 cap_fe=0 cap_fver=0 cap_frootid=0OUID="root" OGID="root"
type=EXECVE msg=audit(1769928568.397:4725): argc=4 a0="sudo" a1="rm" a2="-f" a3="/etc/cron.d/hids_persist"
type=USER_ACCT msg=audit(1769929252.100:4582): pid=5525 uid=887 auid=1365 ses=3 subj=unconfined msg='op=PAM:accounting grantors=pam_permit,pam_localuser acct="heroic" exe="/bin/sh" hostname=? addr=? terminal=/dev/pts/0 res=success'UID="heroic" AUID="heroic"
type=SYSCALL msg=audit(1769929007.438:6363): arch=c000003e syscall=59 success=yes exit=0 a0=64e1754cfbb0 a1=64e1754ca120 a2=64e1754c38f0 a3=64e1754cb980 items=2 ppid=2256 pid=8417 auid=1303 uid=1058 gid=623 euid=918 suid=1109 fsuid=736 egid=977 sgid=539 fsgid=1378 tty=pts0 ses=3 comm="df" exe="/usr/bin/sudo" subj=unconfined key="process_exec"ARCH=x86_64 SYSCALL=execve AUID="heroic" UID="heroic" GID="heroic" EUID="heroic" SUID="heroic" FSUID="heroic" EGID="heroic" SGID="heroic" FSGID="heroic"
type=CWD msg=audit(1769928794.833:7404): cwd="/home/heroic"
type=PATH msg=audit(1769928692.183:4578): item=0 name="/usr/bin/id" inode=1578215 dev=8:2 mode=100928 ouid=0 ogid=0 rdev=0:0 nametype=NORMAL cap_fp=0 cap_fi=0 cap_fe=0 cap_fver=0 cap_frootid=0OUID="root" OGID="root"
type=CRED_DISP msg=audit(1769929127.7:5065): pid=10053 uid=763 auid=805 ses=3 subj=unconfined msg='op=PAM:setcred grantors=pam_permit acct="root" exe="/usr/bin/last" hostname=? addr=? terminal=/dev/pts/0 res=success'UID="heroic" AUID="heroic"
type=PATH msg=audit(1769929183.610:7991): item=0 name="/usr/bin/sudo" inode=1574696 dev=8:2 mode=104775 ouid=0 ogid=0 rdev=0:0 nametype=NORMAL cap_fp=0 cap_fi=0 cap_fe=0 cap_fver=0 cap_frootid=0OUID="root" OGID="root"
type=CWD msg=audit(1769928785.700:8416): cwd="/var/ossec"
type=EXECVE msg=audit(1769928909.917:6512): argc=4 a0="sudo" a1="cp" a2="/var/log/audit/audit.log" a3="/home/heroic/Desktop/scripts-for-data-generation/"
type=CRED_REFR msg=audit(1769929341.427:5893): pid=2936 uid=0 auid=1428 ses=3 subj=unconfined msg='op=PAM:setcred grantors=pam_permit,pam_cap acct="root" exe="/usr/bin/python3" hostname=? addr=? terminal=/dev/pts/2 res=success'UID="root" AUID="heroic"
type=CWD msg=audit(1769929214.522:9590): cwd="/tmp"
type=PROCTITLE msg=audit(1769929216.482:10022): proctitle=6D6B646972002D70002F746D702F686964735F6D616C6963696F7573
type=CWD msg=audit(1769928687.23:5161): cwd="/var/ossec"
type=PATH msg=audit(1769929112.793:8032): item=0 name="/usr/bin/lesspipe" inode=1573942 dev=8:2 mode=101075 ouid=0 ogid=0 rdev=0:0 nametype=NORMAL cap_fp=0 cap_fi=0 cap_fe=0 cap_fver=0 cap_frootid=0OUID="root" OGID="root"
type=PATH msg=audit(1769928479.859:9047): item=2 name="/lib64/ld-linux-x86-64.so.2" inode=1575775 dev=8:2 mode=100675 ouid=0 ogid=0 rdev=0:0 nametype=NORMAL cap_fp=0 cap_fi=0 cap_fe=0 cap_fver=0 cap_frootid=0OUID="root" OGID="root"
type=PATH msg=audit(1769929204.760:4868): item=0 name="/usr/bin/ss" inode=1574485 dev=8:2 mode=101088 ouid=0 ogid=0 rdev=0:0 nametype=NORMAL cap_fp=0 cap_fi=0 cap_fe=0 cap_fver=0 cap_frootid=0OUID="root" OGID="root"
type=PATH msg=audit(1769929147.1061:7594): item=1 name="/lib64/ld-linux-x86-64.so.2" inode=1575759 dev=8:2 mode=101241 ouid=0 ogid=0 rdev=0:0 nametype=NORMAL cap_fp=0 cap_fi=0 cap_fe=0 cap_fver=0 cap_frootid=0OUID="root" OGID="root"
type=PROCTITLE msg=audit(1769929337.858:8700): proctitle="bash"
type=CWD msg=audit(1769928962.425:8789): cwd="/usr/local/bin"
type=PATH msg=audit(1769928546.335:6508): item=1 name="/lib64/ld-linux-x86-64.so.2" inode=1575538 dev=8:2 mode=100538 ouid=0 ogid=0 rdev=0:0 nametype=NORMAL cap_fp=0 cap_fi=0 cap_fe=0 cap_fver=0 cap_frootid=0OUID="root" OGID="root"
type=EXECVE msg=audit(1769929121.343:5554): argc=8 a0="/usr/lib/sysstat/sadc" a1="-F" a2="-L" a3="-S" a4="DISK" a5="1" a6="1" a7="/var/log/sysstat"
type=PROCTITLE msg=audit(1769928848.347:7976): proctitle=726D002D660066696C655F31302E6461740066696C655F31312E6461740066696C655F31322E6461740066696C655F31332E6461740066696C655F31342E6461740066696C655F31352E6461740066696C655F31362E6461740066696C655F31372E6461740066696C655F31382E6461740066696C655F31392E646174006669
type=EXECVE msg=audit(1769928767.358:4014): argc=1 a0="whoami"
type=SYSCALL msg=audit(1769928646.213:6695): arch=c000003e syscall=59 success=yes exit=0 a0=5da302dc8600 a1=5da302dcc3f0 a2=5da302dc08f0 a3=5da302dcc3f0 items=2 ppid=6569 pid=7746 auid=979 uid=763 gid=674 euid=0 suid=0 fsuid=0 egid=1332 sgid=1485 fsgid=1472 tty=pts0 ses=3 comm="last" exe="/usr/bin/netstat" subj=unconfined key="process_exec"ARCH=x86_64 SYSCALL=execve AUID="heroic" UID="heroic" GID="heroic" EUID="root" SUID="root" FSUID="root" EGID="heroic" SGID="heroic" FSGID="heroic"
type=PATH msg=audit(1769929293.1287:8502): item=1 name="/lib64/ld-linux-x86-64.so.2" inode=1575186 dev=8:2 mode=100743 ouid=0 ogid=0 rdev=0:0 nametype=NORMAL cap_fp=0 cap_fi=0 cap_fe=0 cap_fver=0 cap_frootid=0OUID="root" OGID="root"
type=SYSCALL msg=audit(1769928850.760:8033): arch=c000003e syscall=59 success=yes exit=0 a0=64e1754cf870 a1=64e1754caa40 a2=64e1754c38f0 a3=64e1754caa40 items=2 ppid=3320 pid=2345 auid=514 uid=1031 gid=827 euid=664 suid=1061 fsuid=722 egid=850 sgid=1024 fsgid=633 tty=pts0 ses=3 comm="python" exe="/usr/bin/sort" subj=unconfined key="process_exec"ARCH=x86_64 SYSCALL=execve AUID="heroic" UID="heroic" GID="heroic" EUID="heroic" SUID="heroic" FSUID="heroic" EGID="heroic" SGID="heroic" FSGID="heroic"
type=PATH msg=audit(1769928760.895:6904): item=1 name="/lib64/ld-linux-x86-64.so.2" inode=1575304 dev=8:2 mode=100604 ouid=0 ogid=0 rdev=0:0 nametype=NORMAL cap_fp=0 cap_fi=0 cap_fe=0 cap_fver=0 cap_frootid=0OUID="root" OGID="root"
type=EXECVE msg=audit(1769929358.709:6804): argc=2 a0="uname" a1="-a"
type=CWD msg=audit(1769929218.330:6875): cwd="/usr/local/bin"
type=EXECVE msg=audit(1769928988.687:6861): argc=3 a0="last" a1="-n" a2="20"
type=CWD msg=audit(1769929365.1115:6404): cwd="/tmp"
type=USER_END msg=audit(1769929143.292:5746): pid=4308 uid=1176 auid=1023 ses=3 subj=unconfined msg='op=PAM:session_close grantors=pam_limits,pam_env,pam_env,pam_permit,pam_umask,pam_unix acct="root" exe="/usr/bin/sort" hostname=? addr=? terminal=/dev/pts/0 res=success'UID="heroic" AUID="heroic"
type=CWD msg=audit(1769928775.426:6560): cwd="/root"
type=SYSCALL msg=audit(1769928797.663:4470): arch=c000003e syscall=59 success=yes exit=0 a0=5da302dccf10 a1=5da302dc8880 a2=5da302dc08f0 a3=5da302dc8880 items=2 ppid=9378 pid=4439 auid=1389 uid=1285 gid=633 euid=988 suid=1346 fsuid=577 egid=1186 sgid=1355 fsgid=1149 tty=pts0 ses=3 comm="last" exe="/usr/bin/sed" subj=unconfined key="process_exec"ARCH=x86_64 SYSCALL=execve AUID="heroic" UID="heroic" GID="heroic" EUID="heroic" SUID="heroic" FSUID="heroic" EGID="heroic" SGID="heroic" FSGID="heroic"
type=SYSCALL msg=audit(1769928482.286:7493): arch=c000003e syscall=59 success=yes exit=0 a0=64e1754cf4d0 a1=64e1754cf9f0 a2=64e1754c38f0 a3=64e1754ced30 items=2 ppid=1519 pid=4238 auid=1390 uid=962 gid=913 euid=649 suid=865 fsuid=1363 egid=574 sgid=1217 fsgid=899 tty=pts0 ses=3 comm="netstat" exe="/usr/bin/last" subj=unconfined key="process_exec"ARCH=x86_64 SYSCALL=execve AUID="heroic" UID="heroic" GID="heroic" EUID="heroic" SUID="heroic" FSUID="heroic" EGID="heroic" SGID="heroic" FSGID="heroic"
type=SYSCALL msg=audit(1769928604.648:7212): arch=c000003e syscall=59 success=yes exit=0 a0=5da302dca270 a1=5da302dcd0f0 a2=5da302dc08f0 a3=5da302dcd0f0 items=2 ppid=5569 pid=2658 auid=950 uid=1324 gid=691 euid=1136 suid=1287 fsuid=1170 egid=1223 sgid=743 fsgid=1344 tty=pts0 ses=3 comm="df" exe="/usr/bin/netstat" subj=unconfined key="process_exec"ARCH=x86_64 SYSCALL=execve AUID="heroic" UID="heroic" GID="heroic" EUID="heroic" SUID="heroic" FSUID="heroic" EGID="heroic" SGID="heroic" FSGID="heroic"
type=CWD msg=audit(1769929269.681:8911): cwd=2F746D702F686964735F6D616C6963696F7573202864656C6574656429
type=USER_ACCT msg=audit(1769928550.309:9122): pid=826 uid=1420 auid=1134 ses=3 subj=unconfined msg='op=PAM:accounting grantors=pam_permit,pam_localuser acct="heroic" exe="/bin/sh" hostname=? addr=? terminal=/dev/pts/0 res=success'UID="heroic" AUID="heroic"
type=PATH msg=audit(1769928586.693:8323): item=1 name="/lib64/ld-linux-x86-64.so.2" inode=1575658 dev=8:2 mode=100423 ouid=0 ogid=0 rdev=0:0 nametype=NORMAL cap_fp=0 cap_fi=0 cap_fe=0 cap_fver=0 cap_frootid=0OUID="root" OGID="root"
type=CRED_REFR msg=audit(1769928918.987:8657): pid=5464 uid=1000 auid=699 ses=3 subj=unconfined msg='op=PAM:setcred grantors=pam_permit,pam_cap acct="root" exe="/usr/bin/netstat" hostname=? addr=? terminal=/dev/pts/0 res=success'UID="heroic" AUID="heroic"
type=SYSCALL msg=audit(1769929225.236:5513): arch=c000003e syscall=59 success=yes exit=0 a0=64e1754cb7a0 a1=64e1754cb600 a2=64e1754c38f0 a3=64e1754cb600 items=2 ppid=1526 pid=4385 auid=1342 uid=1270 gid=1077 euid=1003 suid=568 fsuid=1420 egid=905 sgid=1212 fsgid=970 tty=pts0 ses=3 comm="sed" exe="/usr/bin/tail" subj=unconfined key="process_exec"ARCH=x86_64 SYSCALL=execve AUID="heroic" UID="heroic" GID="heroic" EUID="heroic" SUID="heroic" FSUID="heroic" EGID="heroic" SGID="heroic" FSGID="heroic"
type=CWD msg=audit(1769929382.632:4518): cwd="/tmp"
type=PROCTITLE msg=audit(1769928454.71:7448): proctitle=726D002D660066696C655F31302E6461740066696C655F31312E6461740066696C655F31322E6461740066696C655F31332E6461740066696C655F31342E6461740066696C655F31352E6461740066696C655F31362E6461740066696C655F31372E6461740066696C655F31382E6461740066696C655F31392E646174006669
type=EXECVE msg=audit(1769928416.796:5743): argc=58 a0="rm" a1="-f" a2="file_10.dat" a3="file_11.dat" a4="file_12.dat" a5="file_13.dat" a6="file_14.dat" a7="file_15.dat" a8="file_16.dat" a9="file_17.dat" a10="file_18.dat" a11="file_19.dat" a12="file_1.dat" a13="file_20.dat" a14="file_21.dat" a15="file_22.dat" a16="file_23.dat" a17="file_24.dat" a18="file_25.dat" a19="file_26.dat" a20="file_27.dat" a21="file_28.dat" a22="file_29.dat" a23="file_2.dat" a24="file_30.dat" a25="file_31.dat" a26="file_32.dat" a27="file_33.dat" a28="file_34.dat" a29="file_35.dat" a30="file_36.dat" a31="file_37.dat" a32="file_38.dat" a33="file_39.dat" a34="file_3.dat" a35="file_40.dat" a36="file_41.dat" a37="file_42.dat" a38="file_43.dat" a39="file_44.dat" a40="file_45.dat" a41="file_46.dat" a42="file_47.dat" a43="file_48.dat" a44="file_49.dat" a45="file_4.dat" a46="file_50.dat" a47="file_5.dat" a48="file_6.dat" a49="file_7.dat" a50="file_8.dat" a51="file_9.dat" a52="payload.sh" a53="recon.txt" a54="netstat.txt" a55="processes.txt" a56="sudo_enum.txt" a57="sudo_test.txt"
type=SYSCALL msg=audit(1769928843.1098:5962): arch=c000003e syscall=59 success=yes exit=0 a0=64e1754cfb90 a1=64e1754ca440 a2=64e1754c38f0 a3=64e1754ca440 items=2 ppid=8253 pid=5660 auid=626 uid=524 gid=823 euid=1057 suid=885 fsuid=1162 egid=502 sgid=799 fsgid=585 tty=pts0 ses=3 comm="last" exe="/usr/bin/df" subj=unconfined key="process_exec"ARCH=x86_64 SYSCALL=execve AUID="heroic" UID="heroic" GID="heroic" EUID="heroic" SUID="heroic" FSUID="heroic" EGID="heroic" SGID="heroic" FSGID="heroic"
type=PROCTITLE msg=audit(1769929213.168:6285): proctitle=2F7573722F6C69622F73797374656D642F73797374656D642D6578656375746F72002D2D646573657269616C697A6500313633002D2D6C6F672D6C6576656C00696E666F002D2D6C6F672D746172676574006A6F75726E616C2D6F722D6B6D7367
type=SYSCALL msg=audit(1769928923.141:7924): arch=c000003e syscall=59 success=yes exit=0 a0=5da302dc8980 a1=5da302dcbd50 a2=5da302dc08f0 a3=5da302dcbd50 items=2 ppid=3450 pid=4952 auid=598 uid=854 gid=722 euid=524 suid=1364 fsuid=1226 egid=1388 sgid=919 fsgid=1388 tty=pts0 ses=3 comm="ss" exe="/usr/bin/sudo" subj=unconfined key="process_exec"ARCH=x86_64 SYSCALL=execve AUID="heroic" UID="heroic" GID="heroic" EUID="heroic" SUID="heroic" FSUID="heroic" EGID="heroic" SGID="heroic" FSGID="heroic"
type=PATH msg=audit(1769928653.114:7812): item=1 name="/lib64/ld-linux-x86-64.so.2" inode=1575702 dev=8:2 mode=100269 ouid=0 ogid=0 rdev=0:0 nametype=NORMAL cap_fp=0 cap_fi=0 cap_fe=0 cap_fver=0 cap_frootid=0OUID="root" OGID="root"
type=PATH msg=audit(1769928893.529:9563): item=0 name="/usr/bin/whoami" inode=1577988 dev=8:2 mode=100271 ouid=0 ogid=0 rdev=0:0 nametype=NORMAL cap_fp=0 cap_fi=0 cap_fe=0 cap_fver=0 cap_frootid=0OUID="root" OGID="root"
type=CRED_DISP msg=audit(1769929317.233:6492): pid=1967 uid=519 auid=1461 ses=3 subj=unconfined msg='op=PAM:setcred grantors=pam_permit acct="root" exe="/usr/bin/sudo" hostname=? addr=? terminal=/dev/pts/0 res=success'UID="heroic" AUID="heroic"
type=EXECVE msg=audit(1769928836.586:4853): argc=1 a0="whoami"
type=EXECVE msg=audit(1769929230.1248:9960): argc=58 a0="rm" a1="-f" a2="file_10.dat" a3="file_11.dat" a4="file_12.dat" a5="file_13.dat" a6="file_14.dat" a7="file_15.dat" a8="file_16.dat" a9="file_17.dat" a10="file_18.dat" a11="file_19.dat" a12="file_1.dat" a13="file_20.dat" a14="file_21.dat" a15="file_22.dat" a16="file_23.dat" a17="file_24.dat" a18="file_25.dat" a19="file_26.dat" a20="file_27.dat" a21="file_28.dat" a22="file_29.dat" a23="file_2.dat" a24="file_30.dat" a25="file_31.dat" a26="file_32.dat" a27="file_33.dat" a28="file_34.dat" a29="file_35.dat" a30="file_36.dat" a31="file_37.dat" a32="file_38.dat" a33="file_39.dat" a34="file_3.dat" a35="file_40.dat" a36="file_41.dat" a37="file_42.dat" a38="file_43.dat" a39="file_44.dat" a40="file_45.dat" a41="file_46.dat" a42="file_47.dat" a43="file_48.dat" a44="file_49.dat" a45="file_4.dat" a46="file_50.dat" a47="file_5.dat" a48="file_6.dat" a49="file_7.dat" a50="file_8.dat" a51="file_9.dat" a52="payload.sh" a53="recon.txt" a54="netstat.txt" a55="processes.txt" a56="sudo_enum.txt" a57="sudo_test.txt"
type=EXECVE msg=audit(1769928816.281:5510): argc=2 a0="/usr/bin/fwupdmgr" a1="refresh"
type=SYSCALL msg=audit(1769928968.913:6125): arch=c000003e syscall=59 success=yes exit=0 a0=5da302dca270 a1=5da302dcd0f0 a2=5da302dc08f0 a3=5da302dcd0f0 items=2 ppid=4211 pid=6318 auid=910 uid=1435 gid=1223 euid=1083 suid=715 fsuid=512 egid=529 sgid=947 fsgid=1270 tty=pts0 ses=3 comm="sed" exe="/usr/bin/sed" subj=unconfined key="process_exec"ARCH=x86_64 SYSCALL=execve AUID="heroic" UID="heroic" GID="heroic" EUID="heroic" SUID="heroic" FSUID="heroic" EGID="heroic" SGID="heroic" FSGID="heroic"
type=PATH msg=audit(1769928637.737:7033): item=1 name="/lib64/ld-linux-x86-64.so.2" inode=1575178 dev=8:2 mode=100570 ouid=0 ogid=0 rdev=0:0 nametype=NORMAL cap_fp=0 cap_fi=0 cap_fe=0 cap_fver=0 cap_frootid=0OUID="root" OGID="root"
type=EXECVE msg=audit(1769929313.565:7647): argc=58 a0="rm" a1="-f" a2="file_10.dat" a3="file_11.dat" a4="file_12.dat" a5="file_13.dat" a6="file_14.dat" a7="file_15.dat" a8="file_16.dat" a9="file_17.dat" a10="file_18.dat" a11="file_19.dat" a12="file_1.dat" a13="file_20.dat" a14="file_21.dat" a15="file_22.dat" a16="file_23.dat" a17="file_24.dat" a18="file_25.dat" a19="file_26.dat" a20="file_27.dat" a21="file_28.dat" a22="file_29.dat" a23="file_2.dat" a24="file_30.dat" a25="file_31.dat" a26="file_32.dat" a27="file_33.dat" a28="file_34.dat" a29="file_35.dat" a30="file_36.dat" a31="file_37.dat" a32="file_38.dat" a33="file_39.dat" a34="file_3.dat" a35="file_40.dat" a36="file_41.dat" a37="file_42.dat" a38="file_43.dat" a39="file_44.dat" a40="file_45.dat" a41="file_46.dat" a42="file_47.dat" a43="file_48.dat" a44="file_49.dat" a45="file_4.dat" a46="file_50.dat" a47="file_5.dat" a48="file_6.dat" a49="file_7.dat" a50="file_8.dat" a51="file_9.dat" a52="payload.sh" a53="recon.txt" a54="netstat.txt" a55="processes.txt" a56="sudo_enum.txt" a57="sudo_test.txt"
type=PROCTITLE msg=audit(1769929063.761:8093): proctitle=6D6B646972002D70002F746D702F686964735F6D616C6963696F7573
type=PROCTITLE msg=audit(1769929074.904:4233): proctitle="bash"
type=CWD msg=audit(1769929390.179:8865): cwd="/tmp"
type=SYSCALL msg=audit(1769929325.248:5798): arch=c000003e syscall=59 success=yes exit=0 a0=64e1754cb980 a1=64e1754d0510 a2=64e1754c38f0 a3=8 items=2 ppid=9180 pid=8903 auid=1144 uid=1250 gid=1252 euid=851 suid=1384 fsuid=1175 egid=842 sgid=1182 fsgid=853 tty=pts0 ses=3 comm="sudo" exe="/usr/bin/sudo" subj=unconfined key="process_exec"ARCH=x86_64 SYSCALL=execve AUID="heroic" UID="heroic" GID="heroic" EUID="heroic" SUID="heroic" FSUID="heroic" EGID="heroic" SGID="heroic" FSGID="heroic"
type=USER_END msg=audit(1769929014.582:7139): pid=2254 uid=0 auid=0 ses=5 subj=unconfined msg='op=PAM:session_close grantors=pam_loginuid,pam_env,pam_env,pam_permit,pam_umask,pam_unix,pam_limits acct="root" exe="/usr/bin/sudo" hostname=? addr=? terminal=cron res=success'UID="root" AUID="root"
type=SYSCALL msg=audit(1769929404.765:9611): arch=c000003e syscall=59 success=yes exit=0 a0=5da302dcc850 a1=5da302dc6f00 a2=5da302dc08f0 a3=5da302dc6f00 items=2 ppid=4492 pid=10068 auid=868 uid=703 gid=1160 euid=1002 suid=1414 fsuid=1316 egid=1149 sgid=988 fsgid=1150 tty=pts0 ses=3 comm="ss" exe="/usr/bin/df" subj=unconfined key="process_exec"ARCH=x86_64 SYSCALL=execve AUID="heroic" UID="heroic" GID="heroic" EUID="heroic" SUID="heroic" FSUID="heroic" EGID="heroic" SGID="heroic" FSGID="heroic"
type=PROCTITLE msg=audit(1769928794.356:5707): proctitle=6D6B646972002D70002F746D702F686964735F6D616C6963696F7573
type=PATH msg=audit(1769928968.654:9287): item=0 name="/etc/cron.d/" inode=1703931 dev=8:2 mode=40815 ouid=0 ogid=0 rdev=0:0 nametype=PARENT cap_fp=0 cap_fi=0 cap_fe=0 cap_fver=0 cap_frootid=0OUID="root" OGID="root"
type=PATH msg=audit(1769928779.517:7391): item=0 name="/usr/libexec/fprintd" inode=1589118 dev=8:2 mode=100527 ouid=0 ogid=0 rdev=0:0 nametype=NORMAL cap_fp=0 cap_fi=0 cap_fe=0 cap_fver=0 cap_frootid=0OUID="root" OGID="root"
type=PROCTITLE msg=audit(1769928998.761:7997): proctitle="bash"
type=PROCTITLE msg=audit(1769928691.689:9721): proctitle=726D002D660066696C655F31302E6461740066696C655F31312E6461740066696C655F31322E6461740066696C655F31332E6461740066696C655F31342E6461740066696C655F31352E6461740066696C655F31362E6461740066696C655F31372E6461740066696C655F31382E6461740066696C655F31392E646174006669
type=SYSCALL msg=audit(1769929040.1131:3957): arch=c000003e syscall=59 success=yes exit=0 a0=64e1754cfd10 a1=64e1754cea10 a2=64e1754c38f0 a3=64e1754cea10 items=2 ppid=3482 pid=2551 auid=1366 uid=525 gid=1494 euid=1409 suid=1104 fsuid=1103 egid=595 sgid=743 fsgid=700 tty=pts0 ses=3 comm="netstat" exe="/usr/bin/python3" subj=unconfined key="process_exec"ARCH=x86_64 SYSCALL=execve AUID="heroic" UID="heroic" GID="heroic" EUID="heroic" SUID="heroic" FSUID="heroic" EGID="heroic" SGID="heroic" FSGID="heroic"
type=SYSCALL msg=audit(1769929127.460:6443): arch=c000003e syscall=59 success=yes exit=0 a0=64e1754c67c0 a1=64e1754cd190 a2=64e1754c38f0 a3=64e1754cd190 items=2 ppid=4370 pid=5749 auid=1093 uid=1151 gid=911 euid=0 suid=0 fsuid=0 egid=1228 sgid=1200 fsgid=1240 tty=pts0 ses=3 comm="last" exe="/usr/bin/sed" subj=unconfined key="process_exec"ARCH=x86_64 SYSCALL=execve AUID="heroic" UID="heroic" GID="heroic" EUID="root" SUID="root" FSUID="root" EGID="heroic" SGID="heroic" FSGID="heroic"
type=PATH msg=audit(1769928562.774:8834): item=1 name="/lib64/ld-linux-x86-64.so.2" inode=1575063 dev=8:2 mode=100738 ouid=0 ogid=0 rdev=0:0 nametype=NORMAL cap_fp=0 cap_fi=0 cap_fe=0 cap_fver=0 cap_frootid=0OUID="root" OGID="root"
type=PATH msg=audit(1769929104.58:6192): item=0 name="/usr/local/bin/gjs" nametype=UNKNOWN cap_fp=0 cap_fi=0 cap_fe=0 cap_fver=0 cap_frootid=0
type=PROCTITLE msg=audit(1769928504.819:8738): proctitle=2F7573722F6C69622F73797374656D642F73797374656D642D6578656375746F72002D2D646573657269616C697A6500313139002D2D6C6F672D6C6576656C00696E666F002D2D6C6F672D746172676574006A6F75726E616C2D6F722D6B6D7367
type=PATH msg=audit(1769928488.377:6290): item=1 name="/lib64/ld-linux-x86-64.so.2" inode=1575765 dev=8:2 mode=100917 ouid=0 ogid=0 rdev=0:0 nametype=NORMAL cap_fp=0 cap_fi=0 cap_fe=0 cap_fver=0 cap_frootid=0OUID="root" OGID="root"
type=CRED_REFR msg=audit(1769929134.868:9872): pid=3318 uid=1487 auid=1143 ses=3 subj=unconfined msg='op=PAM:setcred grantors=pam_permit,pam_cap acct="root" exe="/usr/bin/tail" hostname=? addr=? terminal=/dev/pts/0 res=success'UID="heroic" AUID="heroic"
type=PROCTITLE msg=audit(1769928751.182:5359): proctitle=7368002D63002D2D006C617374202D6E203230
type=PROCTITLE msg=audit(1769929132.483:6575): proctitle=2F7573722F62696E2F677067636F6E66002D2D6C6973742D636F6D706F6E656E7473
type=EXECVE msg=audit(1769929314.8:4674): argc=2 a0="uname" a1="-a"
type=SYSCALL msg=audit(1769928637.916:8470): arch=c000003e syscall=59 success=yes exit=0 a0=64e1754caa40 a1=64e1754d1870 a2=64e1754c38f0 a3=8 items=2 ppid=4726 pid=5831 auid=673 uid=781 gid=1186 euid=1468 suid=1054 fsuid=581 egid=1281 sgid=1219 fsgid=815 tty=pts0 ses=3 comm="tail" exe="/usr/bin/python3" subj=unconfined key="process_exec"ARCH=x86_64 SYSCALL=execve AUID="heroic" UID="heroic" GID="heroic" EUID="heroic" SUID="heroic" FSUID="heroic" EGID="heroic" SGID="heroic" FSGID="heroic"
type=PATH msg=audit(1769929281.654:8195): item=0 name="/usr/bin/chmod" inode=1577684 dev=8:2 mode=100372 ouid=0 ogid=0 rdev=0:0 nametype=NORMAL cap_fp=0 cap_fi=0 cap_fe=0 cap_fver=0 cap_frootid=0OUID="root" OGID="root"
type=USER_CMD msg=audit(1769928492.671:4893): pid=4293 uid=567 auid=1270 ses=3 subj=unconfined msg='cwd="/usr/local/bin" cmd="whoami" exe="/usr/bin/sudo" terminal=pts/0 res=success'UID="heroic" AUID="heroic"
type=SYSCALL msg=audit(1769928543.851:9481): arch=c000003e syscall=59 success=yes exit=0 a0=64e1754cf870 a1=64e1754d1a50 a2=64e1754c38f0 a3=64e1754cf850 items=2 ppid=3182 pid=7988 auid=1280 uid=1470 gid=1442 euid=744 suid=664 fsuid=1475 egid=1025 sgid=949 fsgid=505 tty=pts0 ses=3 comm="python" exe="/usr/bin/python3" subj=unconfined key="process_exec"ARCH=x86_64 SYSCALL=execve AUID="heroic" UID="heroic" GID="heroic" EUID="heroic" SUID="heroic" FSUID="heroic" EGID="heroic" SGID="heroic" FSGID="heroic"
type=SYSCALL msg=audit(1769928422.39:9786): arch=c000003e syscall=59 success=yes exit=0 a0=64e1754cd310 a1=64e1754cb740 a2=64e1754c38f0 a3=64e1754cb740 items=2 ppid=3491 pid=7613 auid=579 uid=734 gid=1424 euid=678 suid=777 fsuid=1124 egid=950 sgid=1181 fsgid=961 tty=pts0 ses=3 comm="sort" exe="/usr/bin/last" subj=unconfined key="process_exec"ARCH=x86_64 SYSCALL=execve AUID="heroic" UID="heroic" GID="heroic" EUID="heroic" SUID="heroic" FSUID="heroic" EGID="heroic" SGID="heroic" FSGID="heroic"
type=SYSCALL msg=audit(1769928717.641:5751): arch=c000003e syscall=290 success=yes exit=0 a0=ffffff9c a1=561d0cde44a0 a2=0 a3=561d0cde5900 items=2 ppid=8104 pid=5258 auid=778 uid=0 gid=0 euid=0 suid=0 fsuid=0 egid=0 sgid=0 fsgid=0 tty=pts4 ses=3 comm="sed" exe="/usr/bin/sudo" subj=unconfined key="persistence"ARCH=x86_64 SYSCALL=unlinkat AUID="heroic" UID="root" GID="root" EUID="root" SUID="root" FSUID="root" EGID="root" SGID="root" FSGID="root"
type=CWD msg=audit(1769928623.687:8454): cwd="/tmp"
type=CWD msg=audit(1769928599.705:6195): cwd="/tmp"
type=CWD msg=audit(1769929156.591:7414): cwd="/home/heroic"
type=SYSCALL msg=audit(1769929075.971:9890): arch=c000003e syscall=59 success=yes exit=0 a0=64e1754ce530 a1=64e1754cf8b0 a2=64e1754c38f0 a3=64e1754cf8b0 items=2 ppid=5742 pid=6184 auid=675 uid=736 gid=560 euid=0 suid=0 fsuid=0 egid=1025 sgid=1189 fsgid=1457 tty=pts0 ses=3 comm="sort" exe="/usr/bin/sort" subj=unconfined key="process_exec"ARCH=x86_64 SYSCALL=execve AUID="heroic" UID="heroic" GID="heroic" EUID="root" SUID="root" FSUID="root" EGID="heroic" SGID="heroic" FSGID="heroic"
type=CRED_REFR msg=audit(1769929125.534:8794): pid=10036 uid=0 auid=513 ses=5 subj=unconfined msg='op=PAM:setcred grantors=pam_permit,pam_cap acct="root" exe="/usr/bin/sed" hostname=? addr=? terminal=/dev/pts/1 res=success'UID="root" AUID="heroic"
type=PROCTITLE msg=audit(1769929195.568:8072): proctitle=726D646972002F746D702F686964735F6D616C6963696F7573
type=PATH msg=audit(1769928599.986:4238): item=1 name="/etc/cron.d/hids_persist" inode=1704232 dev=8:2 mode=100655 ouid=0 ogid=0 rdev=0:0 nametype=DELETE cap_fp=0 cap_fi=0 cap_fe=0 cap_fver=0 cap_frootid=0OUID="root" OGID="root"
type=CWD msg=audit(1769928550.35:8315): cwd="/usr/local/bin"
type=PROCTITLE msg=audit(1769928417.306:6973): proctitle=6375726C002D730066696C653A2F2F2F746D702F686964735F6D616C6963696F75732F7061796C6F61642E7368
type=CWD msg=audit(1769928796.806:5989): cwd="/usr/local/bin"
type=EXECVE msg=audit(1769928503.750:4596): argc=2 a0="dircolors" a1="-b"
type=PATH msg=audit(1769928524.93:9205): item=0 name="/bin/sh" inode=1573920 dev=8:2 mode=101131 ouid=0 ogid=0 rdev=0:0 nametype=NORMAL cap_fp=0 cap_fi=0 cap_fe=0 cap_fver=0 cap_frootid=0OUID="root" OGID="root"
type=EXECVE msg=audit(1769928760.542:5669): argc=1 a0="id"
type=SYSCALL msg=audit(1769929206.89:5314): arch=c000003e syscall=59 success=yes exit=0 a0=5da302dc8960 a1=5da302dcbd50 a2=5da302dc08f0 a3=5da302dcbd50 items=2 ppid=7568 pid=1496 auid=549 uid=534 gid=814 euid=0 suid=0 fsuid=0 egid=1011 sgid=1163 fsgid=1429 tty=pts0 ses=3 comm="netstat" exe="/usr/bin/sed" subj=unconfined key="process_exec"ARCH=x86_64 SYSCALL=execve AUID="heroic" UID="heroic" GID="heroic" EUID="root" SUID="root" FSUID="root" EGID="heroic" SGID="heroic" FSGID="heroic"
type=SYSCALL msg=audit(1769929391.270:8290): arch=c000003e syscall=59 success=yes exit=0 a0=5e8dd7c3e7a0 a1=5e8dd7c3db00 a2=5e8dd7c3c820 a3=8 items=3 ppid=8448 pid=9228 auid=1125 uid=0 gid=0 euid=0 suid=0 fsuid=0 egid=0 sgid=0 fsgid=0 tty=pts4 ses=3 comm="sudo" exe="/usr/bin/sort" subj=unconfined key="process_exec"ARCH=x86_64 SYSCALL=execve AUID="heroic" UID="root" GID="root" EUID="root" SUID="root" FSUID="root" EGID="root" SGID="root" FSGID="root"
type=PATH msg=audit(1769929218.1138:4708): item=1 name="/bin/bash" inode=1572984 dev=8:2 mode=100406 ouid=0 ogid=0 rdev=0:0 nametype=NORMAL cap_fp=0 cap_fi=0 cap_fe=0 cap_fver=0 cap_frootid=0OUID="root" OGID="root"
type=SYSCALL msg=audit(1769928716.527:10025): arch=c000003e syscall=59 success=yes exit=0 a0=64e1754cb600 a1=64e1754cf3f0 a2=64e1754c38f0 a3=64e1754cf3f0 items=2 ppid=2907 pid=7684 auid=1193 uid=910 gid=1336 euid=0 suid=0 fsuid=0 egid=1182 sgid=1365 fsgid=1009 tty=pts0 ses=3 comm="sed" exe="/usr/bin/python3" subj=unconfined key="process_exec"ARCH=x86_64 SYSCALL=execve AUID="heroic" UID="heroic" GID="heroic" EUID="root" SUID="root" FSUID="root" EGID="heroic" SGID="heroic" FSGID="heroic"
type=SYSCALL msg=audit(1769928734.70:8079): arch=c000003e syscall=729 success=yes exit=3 a0=ffffff9c a1=7ffcdb83472c a2=390 a3=1b6 items=2 ppid=8782 pid=5319 auid=1373 uid=0 gid=0 euid=0 suid=0 fsuid=0 egid=0 sgid=0 fsgid=0 tty=pts4 ses=3 comm="tail" exe="/usr/bin/netstat" subj=unconfined key="persistence"ARCH=x86_64 SYSCALL=openat AUID="heroic" UID="root" GID="root" EUID="root" SUID="root" FSUID="root" EGID="root" SGID="root" FSGID="root"
type=CWD msg=audit(1769928692.430:3934): cwd="/var/ossec"
type=PATH msg=audit(1769929284.935:8360): item=1 name="/lib64/ld-linux-x86-64.so.2" inode=1575716 dev=8:2 mode=100790 ouid=0 ogid=0 rdev=0:0 nametype=NORMAL cap_fp=0 cap_fi=0 cap_fe=0 cap_fver=0 cap_frootid=0OUID="root" OGID="root"
type=CWD msg=audit(1769929300.60:6619): cwd=2F746D702F686964735F6D616C6963696F7573202864656C6574656429
type=PATH msg=audit(1769928907.2:3973): item=1 name="/lib64/ld-linux-x86-64.so.2" inode=1575840 dev=8:2 mode=100665 ouid=0 ogid=0 rdev=0:0 nametype=NORMAL cap_fp=0 cap_fi=0 cap_fe=0 cap_fver=0 cap_frootid=0OUID="root" OGID="root"
type=PATH msg=audit(1769928558.934:4762): item=1 name="/lib64/ld-linux-x86-64.so.2" inode=1574894 dev=8:2 mode=100449 ouid=0 ogid=0 rdev=0:0 nametype=NORMAL cap_fp=0 cap_fi=0 cap_fe=0 cap_fver=0 cap_frootid=0OUID="root" OGID="root"
type=USER_ACCT msg=audit(1769929000.1101:7208): pid=9994 uid=0 auid=537 ses=5 subj=unconfined msg='op=PAM:accounting grantors=pam_permit,pam_localuser acct="root" exe="/usr/bin/sed" hostname=? addr=? terminal=/dev/pts/1 res=success'UID="root" AUID="heroic"
type=PROCTITLE msg=audit(1769928888.1179:7585): proctitle=7375646F006370002F7661722F6C6F672F61756469742F61756469742E6C6F67002F686F6D652F6865726F69632F4465736B746F702F686964735F646174617365742F7261772F6D616C6963696F75735F72656D6F74652E6C6F677E
type=SYSCALL msg=audit(1769928479.683:5609): arch=c000003e syscall=59 success=yes exit=0 a0=64e1754ccb60 a1=64e1754cd210 a2=64e1754c38f0 a3=64e1754cd210 items=2 ppid=6607 pid=3255 auid=1144 uid=661 gid=585 euid=1135 suid=1040 fsuid=791 egid=544 sgid=556 fsgid=502 tty=pts0 ses=3 comm="python" exe="/usr/bin/last" subj=unconfined key="process_exec"ARCH=x86_64 SYSCALL=execve AUID="heroic" UID="heroic" GID="heroic" EUID="heroic" SUID="heroic" FSUID="heroic" EGID="heroic" SGID="heroic" FSGID="heroic"
type=SERVICE_START msg=audit(1769928590.1038:4649): pid=6256 uid=0 auid=4294967687 ses=4294966840 subj=unconfined msg='unit=fprintd comm="netstat" exe="/usr/bin/last" hostname=? addr=? terminal=? res=success'UID="root" AUID="unset"
type=PATH msg=audit(1769928851.784:7714): item=0 name="/usr/bin/bash" inode=1573486 dev=8:2 mode=100437 ouid=0 ogid=0 rdev=0:0 nametype=NORMAL cap_fp=0 cap_fi=0 cap_fe=0 cap_fver=0 cap_frootid=0OUID="root" OGID="root"
type=SYSCALL msg=audit(1769928479.661:5184): arch=c000003e syscall=59 success=yes exit=0 a0=621abe596618 a1=621abe5965a0 a2=621abe5965c0 a3=8 items=2 ppid=2720 pid=6356 auid=4294967049 uid=0 gid=115 euid=0 suid=0 fsuid=0 egid=489 sgid=349 fsgid=344 tty=(none) ses=4294967141 comm="tail" exe="/usr/bin/netstat" subj=unconfined key="process_exec"ARCH=x86_64 SYSCALL=execve AUID="unset" UID="root" GID="wazuh" EUID="root" SUID="root" FSUID="root" EGID="wazuh" SGID="wazuh" FSGID="wazuh"
type=CRED_DISP msg=audit(1769929109.797:8867): pid=6371 uid=0 auid=714 ses=5 subj=unconfined msg='op=PAM:setcred grantors=pam_permit acct="root" exe="/usr/bin/sudo" hostname=? addr=? terminal=/dev/pts/1 res=success'UID="root" AUID="heroic"
type=SYSCALL msg=audit(1769929143.142:8673): arch=c000003e syscall=59 success=yes exit=0 a0=5da302dcd0f0 a1=5da302dcc350 a2=5da302dc08f0 a3=8 items=2 ppid=1504 pid=5691 auid=1122 uid=1259 gid=745 euid=1062 suid=1158 fsuid=1295 egid=1317 sgid=1167 fsgid=834 tty=pts0 ses=3 comm="sh" exe="/usr/bin/sed" subj=unconfined key="process_exec"ARCH=x86_64 SYSCALL=execve AUID="heroic" UID="heroic" GID="heroic" EUID="heroic" SUID="heroic" FSUID="heroic" EGID="heroic" SGID="heroic" FSGID="heroic"
type=PATH msg=audit(1769929002.452:4911): item=0 name="/usr/bin/tee" inode=1578319 dev=8:2 mode=100896 ouid=0 ogid=0 rdev=0:0 nametype=NORMAL cap_fp=0 cap_fi=0 cap_fe=0 cap_fver=0 cap_frootid=0OUID="root" OGID="root"
type=PATH msg=audit(1769929318.425:8610): item=0 name="/usr/bin/ps" inode=1574035 dev=8:2 mode=101179 ouid=0 ogid=0 rdev=0:0 nametype=NORMAL cap_fp=0 cap_fi=0 cap_fe=0 cap_fver=0 cap_frootid=0OUID="root" OGID="root"
type=PROCTITLE msg=audit(1769928450.41:5581): proctitle=626173656E616D65002F7573722F62696E2F6C65737370697065
type=CWD msg=audit(1769929178.1158:5235): cwd="/root"
type=PROCTITLE msg=audit(1769929218.537:6795): proctitle=726D646972002F746D702F686964735F6D616C6963696F7573
type=EXECVE msg=audit(1769928617.441:7051): argc=3 a0="chmod" a1="+x" a2="payload.sh"
type=USER_ACCT msg=audit(1769928711.1049:8708): pid=3278 uid=1123 auid=778 ses=3 subj=unconfined msg='op=PAM:accounting grantors=pam_permit,pam_localuser acct="heroic" exe="/usr/bin/last" hostname=? addr=? terminal=/dev/pts/0 res=success'UID="heroic" AUID="heroic"
type=PROCTITLE msg=audit(1769929242.203:5733): proctitle=6D6B646972002D70002F746D702F686964735F6D616C6963696F7573
type=PATH msg=audit(1769928535.311:9713): item=0 name="/usr/bin/sudo" inode=1574176 dev=8:2 mode=104395 ouid=0 ogid=0 rdev=0:0 nametype=NORMAL cap_fp=0 cap_fi=0 cap_fe=0 cap_fver=0 cap_frootid=0OUID="root" OGID="root"
type=PATH msg=audit(1769928918.609:5551): item=1 name="/lib64/ld-linux-x86-64.so.2" inode=1574977 dev=8:2 mode=100814 ouid=0 ogid=0 rdev=0:0 nametype=NORMAL cap_fp=0 cap_fi=0 cap_fe=0 cap_fver=0 cap_frootid=0OUID="root" OGID="root"
type=PATH msg=audit(1769928606.593:9510): item=1 name="/lib64/ld-linux-x86-64.so.2" inode=1575051 dev=8:2 mode=100656 ouid=0 ogid=0 rdev=0:0 nametype=NORMAL cap_fp=0 cap_fi=0 cap_fe=0 cap_fver=0 cap_frootid=0OUID="root" OGID="root"
type=SERVICE_START msg=audit(1769928529.1137:4794): pid=8366 uid=0 auid=4294967715 ses=4294967189 subj=unconfined msg='unit=sysstat-collect comm="last" exe="/usr/bin/sudo" hostname=? addr=? terminal=? res=success'UID="root" AUID="unset"
type=CWD msg=audit(1769928903.100:6916): cwd="/tmp"
type=SYSCALL msg=audit(1769928842.15:9604): arch=c000003e syscall=59 success=yes exit=0 a0=5da302dc7420 a1=5da302dcdce0 a2=5da302dc08f0 a3=5da302dcdce0 items=2 ppid=5306 pid=3752 auid=936 uid=917 gid=1067 euid=0 suid=0 fsuid=0 egid=1219 sgid=856 fsgid=810 tty=pts0 ses=3 comm="python" exe="/usr/bin/tail" subj=unconfined key="process_exec"ARCH=x86_64 SYSCALL=execve AUID="heroic" UID="heroic" GID="heroic" EUID="root" SUID="root" FSUID="root" EGID="heroic" SGID="heroic" FSGID="heroic"
type=PATH msg=audit(1769928866.346:4659): item=1 name="/lib64/ld-linux-x86-64.so.2" inode=1575278 dev=8:2 mode=100625 ouid=0 ogid=0 rdev=0:0 nametype=NORMAL cap_fp=0 cap_fi=0 cap_fe=0 cap_fver=0 cap_frootid=0OUID="root" OGID="root"
type=PATH msg=audit(1769928658.563:8667): item=0 name="/usr/bin/nautilus" inode=1590520 dev=8:2 mode=101032 ouid=0 ogid=0 rdev=0:0 nametype=NORMAL cap_fp=0 cap_fi=0 cap_fe=0 cap_fver=0 cap_frootid=0OUID="root" OGID="root"
type=PROCTITLE msg=audit(1769928869.175:4097): proctitle="groups"
type=PATH msg=audit(1769928767.999:4581): item=0 name="/bin/sh" inode=1573161 dev=8:2 mode=100325 ouid=0 ogid=0 rdev=0:0 nametype=NORMAL cap_fp=0 cap_fi=0 cap_fe=0 cap_fver=0 cap_frootid=0OUID="root" OGID="root"
type=USER_CMD msg=audit(1769929101.98:6178): pid=6887 uid=933 auid=1265 ses=3 subj=unconfined msg='cwd="/usr/local/bin" cmd="whoami" exe="/usr/bin/netstat" terminal=pts/0 res=success'UID="heroic" AUID="heroic"
type=USER_ACCT msg=audit(1769929030.250:9888): pid=6993 uid=1061 auid=947 ses=3 subj=unconfined msg='op=PAM:accounting grantors=pam_permit,pam_localuser acct="heroic" exe="/usr/bin/sed" hostname=? addr=? terminal=/dev/pts/0 res=success'UID="heroic" AUID="heroic"
type=EXECVE msg=audit(1769928521.102:8111): argc=1 a0="bash"
type=PATH msg=audit(1769929373.846:6565): item=0 name="/usr/bin/ps" inode=1574495 dev=8:2 mode=100389 ouid=0 ogid=0 rdev=0:0 nametype=NORMAL cap_fp=0 cap_fi=0 cap_fe=0 cap_fver=0 cap_frootid=0OUID="root" OGID="root"
type=SYSCALL msg=audit(1769928648.858:4948): arch=c000003e syscall=59 success=yes exit=0 a0=5f93efcfa880 a1=5f93efceb040 a2=5f93efcea2c0 a3=0 items=3 ppid=7907 pid=6569 auid=699 uid=0 gid=1366 euid=0 suid=0 fsuid=0 egid=858 sgid=802 fsgid=1192 tty=(none) ses=4 comm="python" exe="/usr/bin/last" subj=unconfined key="process_exec"ARCH=x86_64 SYSCALL=execve AUID="heroic" UID="root" GID="heroic" EUID="root" SUID="root" FSUID="root" EGID="heroic" SGID="heroic" FSGID="heroic"
type=PROCTITLE msg=audit(1769929398.769:4082): proctitle="whoami"
type=CRED_REFR msg=audit(1769929342.47:9015): pid=4049 uid=1332 auid=973 ses=5 subj=unconfined msg='op=PAM:setcred grantors=pam_permit,pam_cap acct="root" exe="/usr/bin/tail" hostname=? addr=? terminal=/dev/pts/0 res=success'UID="heroic" AUID="heroic"
type=CWD msg=audit(1769928891.563:8713): cwd="/usr/local/bin"
type=USER_ACCT msg=audit(1769929308.650:4915): pid=3919 uid=1031 auid=849 ses=3 subj=unconfined msg='op=PAM:accounting grantors=pam_permit,pam_localuser acct="heroic" exe="/usr/bin/tail" hostname=? addr=? terminal=/dev/pts/0 res=success'UID="heroic" AUID="heroic"
type=PATH msg=audit(1769929144.69:8547): item=0 name="/etc/gdm3/PrimeOff/Default" inode=1706223 dev=8:2 mode=101229 ouid=0 ogid=0 rdev=0:0 nametype=NORMAL cap_fp=0 cap_fi=0 cap_fe=0 cap_fver=0 cap_frootid=0OUID="root" OGID="root"
type=USER_CMD msg=audit(1769928907.734:7795): pid=3876 uid=878 auid=1310 ses=3 subj=unconfined msg='cwd="/usr/local/bin" cmd="whoami" exe="/usr/bin/tail" terminal=pts/0 res=success'UID="heroic" AUID="heroic"
type=USER_END msg=audit(1769928982.1098:5011): pid=6032 uid=1195 auid=934 ses=3 subj=unconfined msg='op=PAM:session_close grantors=pam_limits,pam_env,pam_env,pam_permit,pam_umask,pam_unix acct="root" exe="/bin/sh" hostname=? addr=? terminal=/dev/pts/0 res=success'UID="heroic" AUID="heroic"
type=PROCTITLE msg=audit(1769929375.1406:6190): proctitle=6D6B646972002D70002F746D702F686964735F6D616C6963696F7573
type=CWD msg=audit(1769929159.94:7221): cwd="/tmp"
type=USER_END msg=audit(1769928872.315:5384): pid=7372 uid=1121 auid=890 ses=3 subj=unconfined msg='op=PAM:session_close grantors=pam_limits,pam_env,pam_env,pam_permit,pam_umask,pam_unix acct="root" exe="/usr/bin/last" hostname=? addr=? terminal=/dev/pts/0 res=success'UID="heroic" AUID="heroic"
type=SYSCALL msg=audit(1769929029.1001:6165): arch=c000003e syscall=59 success=yes exit=0 a0=56e5c5096b68 a1=56e5c50a6ba0 a2=56e5c50b97a0 a3=64 items=2 ppid=3199 pid=6907 auid=1419 uid=0 gid=0 euid=0 suid=0 fsuid=0 egid=0 sgid=0 fsgid=0 tty=pts4 ses=3 comm="sh" exe="/bin/sh" subj=unconfined key="process_exec"ARCH=x86_64 SYSCALL=execve AUID="heroic" UID="root" GID="root" EUID="root" SUID="root" FSUID="root" EGID="root" SGID="root" FSGID="root"
type=USER_START msg=audit(1769928620.1091:7345): pid=8293 uid=859 auid=913 ses=3 subj=unconfined msg='op=PAM:session_open grantors=pam_limits,pam_env,pam_env,pam_permit,pam_umask,pam_unix acct="root" exe="/usr/bin/df" hostname=? addr=? terminal=/dev/pts/0 res=success'UID="heroic" AUID="heroic"
type=SYSCALL msg=audit(1769928977.1295:5494): arch=c000003e syscall=59 success=yes exit=0 a0=63954e9de020 a1=63954e9de000 a2=63954e9dddb0 a3=63954e9de990 items=2 ppid=5275 pid=4522 auid=4294967362 uid=0 gid=0 euid=0 suid=0 fsuid=0 egid=0 sgid=0 fsgid=0 tty=(none) ses=4294966978 comm="tail" exe="/usr/bin/sed" subj=unconfined key="process_exec"ARCH=x86_64 SYSCALL=execve AUID="unset" UID="root" GID="root" EUID="root" SUID="root" FSUID="root" EGID="root" SGID="root" FSGID="root"
type=BPF msg=audit(1769929218.89:6369): prog-id=98 op=UNLOAD
type=PATH msg=audit(1769929141.10:8553): item=0 name="/usr/bin/sleep" inode=1578453 dev=8:2 mode=100859 ouid=0 ogid=0 rdev=0:0 nametype=NORMAL cap_fp=0 cap_fi=0 cap_fe=0 cap_fver=0 cap_frootid=0OUID="root" OGID="root"
type=CWD msg=audit(1769929349.857:5851): cwd="/tmp"
type=USER_ACCT msg=audit(1769928503.6:9366): pid=8837 uid=612 auid=544 ses=3 subj=unconfined msg='op=PAM:accounting grantors=pam_permit,pam_localuser acct="heroic" exe="/usr/bin/python3" hostname=? addr=? terminal=/dev/pts/0 res=success'UID="heroic" AUID="heroic"
type=SYSCALL msg=audit(1769928422.854:8823): arch=c000003e syscall=59 success=yes exit=0 a0=5da302dccf30 a1=5da302dc8920 a2=5da302dc08f0 a3=5da302dc8920 items=2 ppid=8182 pid=2193 auid=753 uid=882 gid=847 euid=744 suid=1273 fsuid=926 egid=806 sgid=968 fsgid=1103 tty=pts0 ses=3 comm="python" exe="/usr/bin/python3" subj=unconfined key="process_exec"ARCH=x86_64 SYSCALL=execve AUID="heroic" UID="heroic" GID="heroic" EUID="heroic" SUID="heroic" FSUID="heroic" EGID="heroic" SGID="heroic" FSGID="heroic"
type=PATH msg=audit(1769928454.523:5320): item=0 name="/usr/bin/ss" inode=1574620 dev=8:2 mode=100742 ouid=0 ogid=0 rdev=0:0 nametype=NORMAL cap_fp=0 cap_fi=0 cap_fe=0 cap_fver=0 cap_frootid=0OUID="root" OGID="root"
type=SYSCALL msg=audit(1769929255.1074:7343): arch=c000003e syscall=59 success=yes exit=0 a0=55debe790f48 a1=55dea86ed600 a2=55debe790dd8 a3=1 items=2 ppid=8745 pid=4101 auid=652 uid=988 gid=888 euid=1468 suid=923 fsuid=815 egid=1043 sgid=1094 fsgid=943 tty=pts1 ses=3 comm="ss" exe="/usr/bin/sort" subj=unconfined key="process_exec"ARCH=x86_64 SYSCALL=execve AUID="heroic" UID="heroic" GID="heroic" EUID="heroic" SUID="heroic" FSUID="heroic" EGID="heroic" SGID="heroic" FSGID="heroic"
type=PROCTITLE msg=audit(1769928857.594:9526): proctitle=726D646972002F746D702F686964735F6D616C6963696F7573
type=PATH msg=audit(1769929031.1021:6641): item=1 name="/lib64/ld-linux-x86-64.so.2" inode=1575528 dev=8:2 mode=101089 ouid=0 ogid=0 rdev=0:0 nametype=NORMAL cap_fp=0 cap_fi=0 cap_fe=0 cap_fver=0 cap_frootid=0OUID="root" OGID="root"
type=PATH msg=audit(1769928428.72:9559): item=0 name="/usr/bin/sudo" inode=1573887 dev=8:2 mode=104268 ouid=0 ogid=0 rdev=0:0 nametype=NORMAL cap_fp=0 cap_fi=0 cap_fe=0 cap_fver=0 cap_frootid=0OUID="root" OGID="root"
type=PROCTITLE msg=audit(1769928511.635:4016): proctitle=746565002F6574632F63726F6E2E642F686964735F70657273697374
type=CWD msg=audit(1769928436.949:4365): cwd="/usr/local/bin"
type=SYSCALL msg=audit(1769928916.89:9029): arch=c000003e syscall=59 success=yes exit=0 a0=5da302dcceb0 a1=5da302dcc310 a2=5da302dc08f0 a3=5da302dcc310 items=2 ppid=1133 pid=4588 auid=1399 uid=1228 gid=1411 euid=1161 suid=738 fsuid=709 egid=1485 sgid=805 fsgid=546 tty=pts0 ses=3 comm="tail" exe="/bin/sh" subj=unconfined key="process_exec"ARCH=x86_64 SYSCALL=execve AUID="heroic" UID="heroic" GID="heroic" EUID="heroic" SUID="heroic" FSUID="heroic" EGID="heroic" SGID="heroic" FSGID="heroic"
type=PATH msg=audit(1769928977.273:9211): item=1 name="/lib64/ld-linux-x86-64.so.2" inode=1575409 dev=8:2 mode=101044 ouid=0 ogid=0 rdev=0:0 nametype=NORMAL cap_fp=0 cap_fi=0 cap_fe=0 cap_fver=0 cap_frootid=0OUID="root" OGID="root"
type=EXECVE msg=audit(1769928955.1117:9388): argc=3 a0="mkdir" a1="-p" a2="/tmp/hids_malicious"
type=SYSCALL msg=audit(1769928990.40:5375): arch=c000003e syscall=59 success=yes exit=0 a0=62263443cb68 a1=62263444cba0 a2=62263445f7a0 a3=64 items=2 ppid=3942 pid=3033 auid=1253 uid=0 gid=0 euid=0 suid=0 fsuid=0 egid=0 sgid=0 fsgid=0 tty=pts4 ses=3 comm="df" exe="/usr/bin/last" subj=unconfined key="process_exec"ARCH=x86_64 SYSCALL=execve AUID="heroic" UID="root" GID="root" EUID="root" SUID="root" FSUID="root" EGID="root" SGID="root" FSGID="root"
type=SYSCALL msg=audit(1769928995.370:7541): arch=c000003e syscall=59 success=yes exit=0 a0=64e1754cf8b0 a1=64e1754cf3d0 a2=64e1754c38f0 a3=8 items=2 ppid=3312 pid=7835 auid=1079 uid=506 gid=808 euid=1420 suid=926 fsuid=1228 egid=998 sgid=1249 fsgid=902 tty=pts0 ses=3 comm="ss" exe="/bin/sh" subj=unconfined key="process_exec"ARCH=x86_64 SYSCALL=execve AUID="heroic" UID="heroic" GID="heroic" EUID="heroic" SUID="heroic" FSUID="heroic" EGID="heroic" SGID="heroic" FSGID="heroic"
type=PROCTITLE msg=audit(1769928606.1060:8076): proctitle=736C6565700035
type=PATH msg=audit(1769929228.436:5223): item=1 name="/lib64/ld-linux-x86-64.so.2" inode=1574881 dev=8:2 mode=100891 ouid=0 ogid=0 rdev=0:0 nametype=NORMAL cap_fp=0 cap_fi=0 cap_fe=0 cap_fver=0 cap_frootid=0OUID="root" OGID="root"
type=PROCTITLE msg=audit(1769928559.416:5386): proctitle=7375646F002D6C
type=USER_ACCT msg=audit(1769928668.120:4715): pid=9518 uid=954 auid=623 ses=3 subj=unconfined msg='op=PAM:accounting grantors=pam_permit,pam_localuser acct="heroic" exe="/usr/bin/netstat" hostname=? addr=? terminal=/dev/pts/0 res=success'UID="heroic" AUID="heroic"
type=USER_END msg=audit(1769928984.591:4896): pid=5061 uid=926 auid=915 ses=3 subj=unconfined msg='op=PAM:session_close grantors=pam_limits,pam_env,pam_env,pam_permit,pam_umask,pam_unix acct="root" exe="/usr/bin/netstat" hostname=? addr=? terminal=/dev/pts/0 res=success'UID="heroic" AUID="heroic"
type=USER_CMD msg=audit(1769928501.749:5873): pid=4415 uid=1061 auid=1394 ses=3 subj=unconfined msg='cwd="/tmp" cmd=726D202D66202F6574632F63726F6E2E642F686964735F70657273697374 exe="/usr/bin/sort" terminal=pts/0 res=success'UID="heroic" AUID="heroic"
type=EXECVE msg=audit(1769928818.120:4585): argc=2 a0="sudo" a1="whoami"
type=SYSCALL msg=audit(1769929187.41:6527): arch=c000003e syscall=59 success=yes exit=0 a0=5da302dc8600 a1=5da302dc70f0 a2=5da302dc08f0 a3=5da302dcc3f0 items=2 ppid=4946 pid=9345 auid=1126 uid=1151 gid=758 euid=1102 suid=1050 fsuid=841 egid=1449 sgid=825 fsgid=1119 tty=pts0 ses=3 comm="df" exe="/usr/bin/sed" subj=unconfined key="process_exec"ARCH=x86_64 SYSCALL=execve AUID="heroic" UID="heroic" GID="heroic" EUID="heroic" SUID="heroic" FSUID="heroic" EGID="heroic" SGID="heroic" FSGID="heroic"
type=EXECVE msg=audit(1769929268.545:5523): argc=1 a0="whoami"
type=PATH msg=audit(1769928766.497:5753): item=0 name="/usr/bin/curl" inode=1573337 dev=8:2 mode=100900 ouid=0 ogid=0 rdev=0:0 nametype=NORMAL cap_fp=0 cap_fi=0 cap_fe=0 cap_fver=0 cap_frootid=0OUID="root" OGID="root"
type=SYSCALL msg=audit(1769929239.91:5166): arch=c000003e syscall=59 success=yes exit=0 a0=5d51d3ac7b38 a1=5d51d3ac78e0 a2=5d51d3ac78f8 a3=1 items=2 ppid=8959 pid=2139 auid=4294967533 uid=0 gid=204 euid=0 suid=0 fsuid=0 egid=222 sgid=281 fsgid=207 tty=(none) ses=4294966967 comm="sudo" exe="/usr/bin/tail" subj=unconfined key="process_exec"ARCH=x86_64 SYSCALL=execve AUID="unset" UID="root" GID="wazuh" EUID="root" SUID="root" FSUID="root" EGID="wazuh" SGID="wazuh" FSGID="wazuh"
type=PROCTITLE msg=audit(1769928877.428:4983): proctitle=2F7573722F6C69622F73797374656D642F73797374656D642D6578656375746F72002D2D646573657269616C697A6500313139002D2D6C6F672D6C6576656C00696E666F002D2D6C6F672D746172676574006A6F75726E616C2D6F722D6B6D7367
type=PROCTITLE msg=audit(1769929014.1120:5067): proctitle=6375726C002D730066696C653A2F2F2F746D702F686964735F6D616C6963696F75732F7061796C6F61642E7368
type=EXECVE msg=audit(1769929083.200:9128): argc=2 a0="rmdir" a1="/tmp/hids_malicious"
type=SYSCALL msg=audit(1769929039.861:3737): arch=c000003e syscall=59 success=yes exit=0 a0=5eaf7e230c20 a1=7ffd4a156670 a2=7ffd4a157088 a3=0 items=2 ppid=8155 pid=4460 auid=4294967264 uid=0 gid=0 euid=0 suid=0 fsuid=0 egid=0 sgid=0 fsgid=0 tty=(none) ses=4294966965 comm="python" exe="/usr/bin/sed" subj=unconfined key="process_exec"ARCH=x86_64 SYSCALL=execve AUID="unset" UID="root" GID="root" EUID="root" SUID="root" FSUID="root" EGID="root" SGID="root" FSGID="root"
type=PATH msg=audit(1769928732.734:5477): item=0 name="/usr/bin/uname" inode=1578694 dev=8:2 mode=101032 ouid=0 ogid=0 rdev=0:0 nametype=NORMAL cap_fp=0 cap_fi=0 cap_fe=0 cap_fver=0 cap_frootid=0OUID="root" OGID="root"
type=PROCTITLE msg=audit(1769928934.724:9499): proctitle="id"
type=EXECVE msg=audit(1769929236.33:5474): argc=58 a0="rm" a1="-f" a2="file_10.dat" a3="file_11.dat" a4="file_12.dat" a5="file_13.dat" a6="file_14.dat" a7="file_15.dat" a8="file_16.dat" a9="file_17.dat" a10="file_18.dat" a11="file_19.dat" a12="file_1.dat" a13="file_20.dat" a14="file_21.dat" a15="file_22.dat" a16="file_23.dat" a17="file_24.dat" a18="file_25.dat" a19="file_26.dat" a20="file_27.dat" a21="file_28.dat" a22="file_29.dat" a23="file_2.dat" a24="file_30.dat" a25="file_31.dat" a26="file_32.dat" a27="file_33.dat" a28="file_34.dat" a29="file_35.dat" a30="file_36.dat" a31="file_37.dat" a32="file_38.dat" a33="file_39.dat" a34="file_3.dat" a35="file_40.dat" a36="file_41.dat" a37="file_42.dat" a38="file_43.dat" a39="file_44.dat" a40="file_45.dat" a41="file_46.dat" a42="file_47.dat" a43="file_48.dat" a44="file_49.dat" a45="file_4.dat" a46="file_50.dat" a47="file_5.dat" a48="file_6.dat" a49="file_7.dat" a50="file_8.dat" a51="file_9.dat" a52="payload.sh" a53="recon.txt" a54="netstat.txt" a55="processes.txt" a56="sudo_enum.txt" a57="sudo_test.txt"
type=SYSCALL msg=audit(1769929069.565:5331): arch=c000003e syscall=59 success=yes exit=0 a0=5eaf7e216c50 a1=5eaf7e18a150 a2=7ffd4a157088 a3=0 items=2 ppid=5128 pid=9591 auid=4294966946 uid=0 gid=0 euid=0 suid=0 fsuid=0 egid=0 sgid=0 fsgid=0 tty=(none) ses=4294967425 comm="sh" exe="/usr/bin/last" subj=unconfined key="process_exec"ARCH=x86_64 SYSCALL=execve AUID="unset" UID="root" GID="root" EUID="root" SUID="root" FSUID="root" EGID="root" SGID="root" FSGID="root"
type=CWD msg=audit(1769928631.793:8980): cwd="/home/heroic"
type=EXECVE msg=audit(1769929392.771:8586): argc=2 a0="tee" a1="/etc/cron.d/hids_persist"
type=CRED_DISP msg=audit(1769928662.664:6291): pid=4376 uid=1014 auid=1361 ses=3 subj=unconfined msg='op=PAM:setcred grantors=pam_permit acct="root" exe="/usr/bin/df" hostname=? addr=? terminal=/dev/pts/0 res=success'UID="heroic" AUID="heroic"
type=PATH msg=audit(1769929048.422:9340): item=1 name="/lib64/ld-linux-x86-64.so.2" inode=1575798 dev=8:2 mode=100318 ouid=0 ogid=0 rdev=0:0 nametype=NORMAL cap_fp=0 cap_fi=0 cap_fe=0 cap_fver=0 cap_frootid=0OUID="root" OGID="root"
type=PATH msg=audit(1769928570.617:8125): item=0 name="/bin/bash" inode=1573290 dev=8:2 mode=100608 ouid=0 ogid=0 rdev=0:0 nametype=NORMAL cap_fp=0 cap_fi=0 cap_fe=0 cap_fver=0 cap_frootid=0OUID="root" OGID="root"
type=EXECVE msg=audit(1769929041.230:6859): argc=2 a0="ss" a1="-tulnp"
type=CWD msg=audit(1769928490.139:6053): cwd="/tmp"
type=PATH msg=audit(1769928681.24:4157): item=0 name="/usr/bin/tee" inode=1578469 dev=8:2 mode=100739 ouid=0 ogid=0 rdev=0:0 nametype=NORMAL cap_fp=0 cap_fi=0 cap_fe=0 cap_fver=0 cap_frootid=0OUID="root" OGID="root"
type=SERVICE_START msg=audit(1769928891.1293:8566): pid=5638 uid=0 auid=4294967689 ses=4294967435 subj=unconfined msg='unit=NetworkManager-dispatcher comm="df" exe="/usr/bin/python3" hostname=? addr=? terminal=? res=success'UID="root" AUID="unset"
type=EXECVE msg=audit(1769929233.194:6724): argc=1 a0="/usr/libexec/nm-dispatcher"
type=PATH msg=audit(1769928600.78:9173): item=1 name="/lib64/ld-linux-x86-64.so.2" inode=1574902 dev=8:2 mode=101187 ouid=0 ogid=0 rdev=0:0 nametype=NORMAL cap_fp=0 cap_fi=0 cap_fe=0 cap_fver=0 cap_frootid=0OUID="root" OGID="root"
type=PATH msg=audit(1769929096.30:7198): item=0 name="/usr/bin/sleep" inode=1578553 dev=8:2 mode=101215 ouid=0 ogid=0 rdev=0:0 nametype=NORMAL cap_fp=0 cap_fi=0 cap_fe=0 cap_fver=0 cap_frootid=0OUID="root" OGID="root"
type=EXECVE msg=audit(1769928440.652:8025): argc=2 a0="sleep" a1="5"
type=EXECVE msg=audit(1769928850.801:4718): argc=58 a0="rm" a1="-f" a2="file_10.dat" a3="file_11.dat" a4="file_12.dat" a5="file_13.dat" a6="file_14.dat" a7="file_15.dat" a8="file_16.dat" a9="file_17.dat" a10="file_18.dat" a11="file_19.dat" a12="file_1.dat" a13="file_20.dat" a14="file_21.dat" a15="file_22.dat" a16="file_23.dat" a17="file_24.dat" a18="file_25.dat" a19="file_26.dat" a20="file_27.dat" a21="file_28.dat" a22="file_29.dat" a23="file_2.dat" a24="file_30.dat" a25="file_31.dat" a26="file_32.dat" a27="file_33.dat" a28="file_34.dat" a29="file_35.dat" a30="file_36.dat" a31="file_37.dat" a32="file_38.dat" a33="file_39.dat" a34="file_3.dat" a35="file_40.dat" a36="file_41.dat" a37="file_42.dat" a38="file_43.dat" a39="file_44.dat" a40="file_45.dat" a41="file_46.dat" a42="file_47.dat" a43="file_48.dat" a44="file_49.dat" a45="file_4.dat" a46="file_50.dat" a47="file_5.dat" a48="file_6.dat" a49="file_7.dat" a50="file_8.dat" a51="file_9.dat" a52="payload.sh" a53="recon.txt" a54="netstat.txt" a55="processes.txt" a56="sudo_enum.txt" a57="sudo_test.txt"
type=PATH msg=audit(1769929108.886:4873): item=1 name="/lib64/ld-linux-x86-64.so.2" inode=1575473 dev=8:2 mode=100311 ouid=0 ogid=0 rdev=0:0 nametype=NORMAL cap_fp=0 cap_fi=0 cap_fe=0 cap_fver=0 cap_frootid=0OUID="root" OGID="root"
type=PATH msg=audit(1769928928.527:8470): item=1 name="/lib64/ld-linux-x86-64.so.2" inode=1574999 dev=8:2 mode=100969 ouid=0 ogid=0 rdev=0:0 nametype=NORMAL cap_fp=0 cap_fi=0 cap_fe=0 cap_fver=0 cap_frootid=0OUID="root" OGID="root"
type=EXECVE msg=audit(1769928842.1040:7315): argc=2 a0="ps" a1="aux"
type=PATH msg=audit(1769929071.314:9933): item=0 name="/usr/bin/rmdir" inode=1577991 dev=8:2 mode=100530 ouid=0 ogid=0 rdev=0:0 nametype=NORMAL cap_fp=0 cap_fi=0 cap_fe=0 cap_fver=0 cap_frootid=0OUID="root" OGID="root"
type=SYSCALL msg=audit(1769928923.1001:9926): arch=c000003e syscall=59 success=yes exit=0 a0=6357fcf76b68 a1=6357fcf86ba0 a2=6357fcf997a0 a3=64 items=2 ppid=3147 pid=1895 auid=1253 uid=0 gid=0 euid=0 suid=0 fsuid=0 egid=0 sgid=0 fsgid=0 tty=pts4 ses=3 comm="ss" exe="/usr/bin/netstat" subj=unconfined key="process_exec"ARCH=x86_64 SYSCALL=execve AUID="heroic" UID="root" GID="root" EUID="root" SUID="root" FSUID="root" EGID="root" SGID="root" FSGID="root"
type=PATH msg=audit(1769929402.623:8857): item=1 name="/bin/bash" inode=1573662 dev=8:2 mode=100635 ouid=0 ogid=0 rdev=0:0 nametype=NORMAL cap_fp=0 cap_fi=0 cap_fe=0 cap_fver=0 cap_frootid=0OUID="root" OGID="root"
type=CWD msg=audit(1769929105.366:7938): cwd="/home/heroic"
type=PATH msg=audit(1769928536.146:5054): item=0 name="/usr/bin/sudo" inode=1573954 dev=8:2 mode=104871 ouid=0 ogid=0 rdev=0:0 nametype=NORMAL cap_fp=0 cap_fi=0 cap_fe=0 cap_fver=0 cap_frootid=0OUID="root" OGID="root"
type=PATH msg=audit(1769929101.256:9626): item=1 name="/lib64/ld-linux-x86-64.so.2" inode=1575469 dev=8:2 mode=101076 ouid=0 ogid=0 rdev=0:0 nametype=NORMAL cap_fp=0 cap_fi=0 cap_fe=0 cap_fver=0 cap_frootid=0OUID="root" OGID="root"
type=PATH msg=audit(1769928579.818:5958): item=1 name="/etc/cron.d/hids_persist" inode=1703834 dev=8:2 mode=100736 ouid=0 ogid=0 rdev=0:0 nametype=CREATE cap_fp=0 cap_fi=0 cap_fe=0 cap_fver=0 cap_frootid=0OUID="root" OGID="root"
type=CWD msg=audit(1769928766.742:7401): cwd="/home/heroic"
type=PATH msg=audit(1769929311.132:6184): item=1 name="/lib64/ld-linux-x86-64.so.2" inode=1574941 dev=8:2 mode=101092 ouid=0 ogid=0 rdev=0:0 nametype=NORMAL cap_fp=0 cap_fi=0 cap_fe=0 cap_fver=0 cap_frootid=0OUID="root" OGID="root"
type=PATH msg=audit(1769929065.577:4159): item=0 name="/usr/lib/systemd/systemd-hostnamed" inode=1596109 dev=8:2 mode=100524 ouid=0 ogid=0 rdev=0:0 nametype=NORMAL cap_fp=0 cap_fi=0 cap_fe=0 cap_fver=0 cap_frootid=0OUID="root" OGID="root"
type=PATH msg=audit(1769928504.1173:6191): item=0 name="/usr/bin/sed" inode=1574493 dev=8:2 mode=100712 ouid=0 ogid=0 rdev=0:0 nametype=NORMAL cap_fp=0 cap_fi=0 cap_fe=0 cap_fver=0 cap_frootid=0OUID="root" OGID="root"
type=USER_START msg=audit(1769928853.411:7340): pid=8692 uid=1469 auid=1442 ses=3 subj=unconfined msg='op=PAM:session_open grantors=pam_limits,pam_env,pam_env,pam_permit,pam_umask,pam_unix acct="root" exe="/usr/bin/sed" hostname=? addr=? terminal=/dev/pts/0 res=success'UID="heroic" AUID="heroic"
type=EXECVE msg=audit(1769928559.661:9549): argc=3 a0="rm" a1="-f" a2="/etc/cron.d/hids_persist"
type=USER_CMD msg=audit(1769928653.533:8585): pid=6588 uid=1231 auid=1350 ses=3 subj=unconfined msg='cwd="/home/heroic" cmd="su" exe="/usr/bin/sudo" terminal=pts/1 res=success'UID="heroic" AUID="heroic"
type=CWD msg=audit(1769928503.703:4771): cwd="/root"
type=PATH msg=audit(1769929222.850:8254): item=0 name="/usr/bin/id" inode=1577996 dev=8:2 mode=100876 ouid=0 ogid=0 rdev=0:0 nametype=NORMAL cap_fp=0 cap_fi=0 cap_fe=0 cap_fver=0 cap_frootid=0OUID="root" OGID="root"
type=PATH msg=audit(1769928961.703:8764): item=1 name="/lib64/ld-linux-x86-64.so.2" inode=1575491 dev=8:2 mode=100612 ouid=0 ogid=0 rdev=0:0 nametype=NORMAL cap_fp=0 cap_fi=0 cap_fe=0 cap_fver=0 cap_frootid=0OUID="root" OGID="root"
type=PATH msg=audit(1769928538.835:7090): item=0 name="/usr/bin/sleep" inode=1578339 dev=8:2 mode=100704 ouid=0 ogid=0 rdev=0:0 nametype=NORMAL cap_fp=0 cap_fi=0 cap_fe=0 cap_fver=0 cap_frootid=0OUID="root" OGID="root"
type=USER_END msg=audit(1769928929.1376:6458): pid=6699 uid=570 auid=597 ses=3 subj=unconfined msg='op=PAM:session_close grantors=pam_limits,pam_env,pam_env,pam_permit,pam_umask,pam_unix acct="root" exe="/usr/bin/sed" hostname=? addr=? terminal=/dev/pts/0 res=success'UID="heroic" AUID="heroic"
type=CWD msg=audit(1769929004.587:7344): cwd="/var/ossec"
type=CWD msg=audit(1769929399.15:8028): cwd="/home/heroic"
type=CWD msg=audit(1769928968.450:6366): cwd="/home/heroic"
type=EXECVE msg=audit(1769929130.292:8321): argc=3 a0="cp" a1="/var/log/audit/audit.log" a2="/root/Desktop/hids_dataset/raw/malicious_remote.log"
type=PATH msg=audit(1769928462.806:7407): item=0 name="/etc/cron.d/" inode=1704186 dev=8:2 mode=40397 ouid=0 ogid=0 rdev=0:0 nametype=PARENT cap_fp=0 cap_fi=0 cap_fe=0 cap_fver=0 cap_frootid=0OUID="root" OGID="root"
type=PATH msg=audit(1769928988.986:4733): item=0 name="/usr/bin/chmod" inode=1578453 dev=8:2 mode=101023 ouid=0 ogid=0 rdev=0:0 nametype=NORMAL cap_fp=0 cap_fi=0 cap_fe=0 cap_fver=0 cap_frootid=0OUID="root" OGID="root"
type=CWD msg=audit(1769929173.589:4170): cwd="/home/heroic"
type=PROCTITLE msg=audit(1769928742.635:8169): proctitle=746565002F6574632F63726F6E2E642F686964735F70657273697374
type=PATH msg=audit(1769929254.967:8106): item=1 name="/lib64/ld-linux-x86-64.so.2" inode=1575819 dev=8:2 mode=100771 ouid=0 ogid=0 rdev=0:0 nametype=NORMAL cap_fp=0 cap_fi=0 cap_fe=0 cap_fver=0 cap_frootid=0OUID="root" OGID="root"
type=PATH msg=audit(1769928760.31:7800): item=1 name="/lib64/ld-linux-x86-64.so.2" inode=1575742 dev=8:2 mode=100948 ouid=0 ogid=0 rdev=0:0 nametype=NORMAL cap_fp=0 cap_fi=0 cap_fe=0 cap_fver=0 cap_frootid=0OUID="root" OGID="root"
type=PATH msg=audit(1769929368.594:7823): item=1 name="/lib64/ld-linux-x86-64.so.2" inode=1575685 dev=8:2 mode=100858 ouid=0 ogid=0 rdev=0:0 nametype=NORMAL cap_fp=0 cap_fi=0 cap_fe=0 cap_fver=0 cap_frootid=0OUID="root" OGID="root"
type=CWD msg=audit(1769928670.345:4669): cwd="/home/heroic"
type=EXECVE msg=audit(1769929355.66:7642): argc=2 a0="sudo" a1="whoami"
type=EXECVE msg=audit(1769928521.504:8346): argc=1 a0="whoami"
type=PATH msg=audit(1769928543.435:5568): item=1 name="/lib64/ld-linux-x86-64.so.2" inode=1575425 dev=8:2 mode=101192 ouid=0 ogid=0 rdev=0:0 nametype=NORMAL cap_fp=0 cap_fi=0 cap_fe=0 cap_fver=0 cap_frootid=0OUID="root" OGID="root"
type=SYSCALL msg=audit(1769929285.939:9515): arch=c000003e syscall=59 success=yes exit=0 a0=56e5c5096b68 a1=56e5c50a6ba0 a2=56e5c50b97a0 a3=64 items=2 ppid=8507 pid=2150 auid=698 uid=0 gid=0 euid=0 suid=0 fsuid=0 egid=0 sgid=0 fsgid=0 tty=pts4 ses=3 comm="sed" exe="/usr/bin/netstat" subj=unconfined key="process_exec"ARCH=x86_64 SYSCALL=execve AUID="heroic" UID="root" GID="root" EUID="root" SUID="root" FSUID="root" EGID="root" SGID="root" FSGID="root"
type=PATH msg=audit(1769928534.602:8855): item=0 name="/usr/bin/netstat" inode=1577007 dev=8:2 mode=100423 ouid=0 ogid=0 rdev=0:0 nametype=NORMAL cap_fp=0 cap_fi=0 cap_fe=0 cap_fver=0 cap_frootid=0OUID="root" OGID="root"
type=PATH msg=audit(1769928817.385:6041): item=1 name="/lib64/ld-linux-x86-64.so.2" inode=1575145 dev=8:2 mode=100653 ouid=0 ogid=0 rdev=0:0 nametype=NORMAL cap_fp=0 cap_fi=0 cap_fe=0 cap_fver=0 cap_frootid=0OUID="root" OGID="root"
type=PATH msg=audit(1769928829.859:3688): item=1 name="/lib64/ld-linux-x86-64.so.2" inode=1574852 dev=8:2 mode=100434 ouid=0 ogid=0 rdev=0:0 nametype=NORMAL cap_fp=0 cap_fi=0 cap_fe=0 cap_fver=0 cap_frootid=0OUID="root" OGID="root"
type=PATH msg=audit(1769928875.73:3920): item=0 name="./malicious_local.sh" inode=1196926 dev=8:2 mode=100630 ouid=1076 ogid=937 rdev=0:0 nametype=NORMAL cap_fp=0 cap_fi=0 cap_fe=0 cap_fver=0 cap_frootid=0OUID="heroic" OGID="heroic"
type=PATH msg=audit(1769929410.174:6713): item=0 name="/usr/bin/curl" inode=1573260 dev=8:2 mode=100280 ouid=0 ogid=0 rdev=0:0 nametype=NORMAL cap_fp=0 cap_fi=0 cap_fe=0 cap_fver=0 cap_frootid=0OUID="root" OGID="root"
type=USER_ACCT msg=audit(1769928786.821:5375): pid=5661 uid=0 auid=4294967639 ses=4294967216 subj=unconfined msg='op=PAM:accounting grantors=pam_permit,pam_localuser acct="root" exe="/usr/bin/sort" hostname=? addr=? terminal=cron res=success'UID="root" AUID="unset"
type=CWD msg=audit(1769929193.576:7107): cwd="/var/ossec"
type=SYSCALL msg=audit(1769929009.1000:6259): arch=c000003e syscall=59 success=yes exit=0 a0=5e0287c70538 a1=5e0287c704e0 a2=5e0287c70500 a3=8 items=3 ppid=3221 pid=7021 auid=0 uid=0 gid=0 euid=0 suid=0 fsuid=0 egid=0 sgid=0 fsgid=0 tty=(none) ses=9 comm="tail" exe="/usr/bin/df" subj=unconfined key="process_exec"ARCH=x86_64 SYSCALL=execve AUID="root" UID="root" GID="root" EUID="root" SUID="root" FSUID="root" EGID="root" SGID="root" FSGID="root"
type=CWD msg=audit(1769929268.648:5841): cwd="/tmp"
type=EXECVE msg=audit(1769929193.997:8546): argc=3 a0="sudo" a1="tee" a2="/etc/cron.d/hids_persist"
type=PATH msg=audit(1769928551.720:6441): item=1 name="/lib64/ld-linux-x86-64.so.2" inode=1575036 dev=8:2 mode=100711 ouid=0 ogid=0 rdev=0:0 nametype=NORMAL cap_fp=0 cap_fi=0 cap_fe=0 cap_fver=0 cap_frootid=0OUID="root" OGID="root"
type=SYSCALL msg=audit(1769929371.127:5993): arch=c000003e syscall=59 success=yes exit=0 a0=5eaf7e0b9210 a1=5eaf7e186210 a2=7ffd4a157088 a3=0 items=2 ppid=10449 pid=6068 auid=4294967603 uid=0 gid=0 euid=0 suid=0 fsuid=0 egid=0 sgid=0 fsgid=0 tty=(none) ses=4294966982 comm="sed" exe="/usr/bin/tail" subj=unconfined key="process_exec"ARCH=x86_64 SYSCALL=execve AUID="unset" UID="root" GID="root" EUID="root" SUID="root" FSUID="root" EGID="root" SGID="root" FSGID="root"
type=EXECVE msg=audit(1769929391.1119:6836): argc=3 a0="chmod" a1="+x" a2="payload.sh"
type=PATH msg=audit(1769928917.443:6845): item=0 name="/usr/bin/whoami" inode=1578666 dev=8:2 mode=100758 ouid=0 ogid=0 rdev=0:0 nametype=NORMAL cap_fp=0 cap_fi=0 cap_fe=0 cap_fver=0 cap_frootid=0OUID="root" OGID="root"
type=USER_ACCT msg=audit(1769928739.507:5001): pid=1763 uid=0 auid=4294967228 ses=4294967149 subj=unconfined msg='op=PAM:accounting grantors=pam_permit,pam_localuser acct="root" exe="/usr/bin/last" hostname=? addr=? terminal=cron res=success'UID="root" AUID="unset"
type=PATH msg=audit(1769928901.807:7287): item=0 name="/usr/bin/sudo" inode=1574489 dev=8:2 mode=104828 ouid=0 ogid=0 rdev=0:0 nametype=NORMAL cap_fp=0 cap_fi=0 cap_fe=0 cap_fver=0 cap_frootid=0OUID="root" OGID="root"
type=CWD msg=audit(1769928677.218:4579): cwd="/tmp"
type=PROCTITLE msg=audit(1769928940.1004:7645): proctitle="su"
type=PATH msg=audit(1769929137.92:8775): item=0 name="/usr/bin/ps" inode=1574029 dev=8:2 mode=100425 ouid=0 ogid=0 rdev=0:0 nametype=NORMAL cap_fp=0 cap_fi=0 cap_fe=0 cap_fver=0 cap_frootid=0OUID="root" OGID="root"
type=PROCTITLE msg=audit(1769928473.653:9399): proctitle=746565002F6574632F63726F6E2E642F686964735F70657273697374
type=PATH msg=audit(1769929195.800:6957): item=1 name="/lib64/ld-linux-x86-64.so.2" inode=1574884 dev=8:2 mode=100498 ouid=0 ogid=0 rdev=0:0 nametype=NORMAL cap_fp=0 cap_fi=0 cap_fe=0 cap_fver=0 cap_frootid=0OUID="root" OGID="root"
type=PROCTITLE msg=audit(1769928450.747:5600): proctitle=2F7573722F6C69622F73797374656D642F73797374656D642D6578656375746F72002D2D646573657269616C697A6500313632002D2D6C6F672D6C6576656C00696E666F002D2D6C6F672D746172676574006A6F75726E616C2D6F722D6B6D7367
type=CWD msg=audit(1769928676.647:9581): cwd="/root"
type=SYSCALL msg=audit(1769928664.519:7651): arch=c000003e syscall=59 success=yes exit=0 a0=5da302dc8940 a1=5da302dccd10 a2=5da302dc08f0 a3=5da302dccd10 items=2 ppid=2068 pid=9231 auid=682 uid=953 gid=1244 euid=1286 suid=1401 fsuid=1219 egid=910 sgid=656 fsgid=788 tty=pts0 ses=3 comm="sh" exe="/bin/sh" subj=unconfined key="process_exec"ARCH=x86_64 SYSCALL=execve AUID="heroic" UID="heroic" GID="heroic" EUID="heroic" SUID="heroic" FSUID="heroic" EGID="heroic" SGID="heroic" FSGID="heroic"
type=PATH msg=audit(1769928597.266:4895): item=0 name="/usr/bin/sleep" inode=1578405 dev=8:2 mode=101107 ouid=0 ogid=0 rdev=0:0 nametype=NORMAL cap_fp=0 cap_fi=0 cap_fe=0 cap_fver=0 cap_frootid=0OUID="root" OGID="root"
type=PROCTITLE msg=audit(1769929155.711:5940): proctitle=2F7573722F6C69622F73797374656D642F73797374656D642D6578656375746F72002D2D646573657269616C697A6500313632002D2D6C6F672D6C6576656C00696E666F002D2D6C6F672D746172676574006A6F75726E616C2D6F722D6B6D7367
type=PROCTITLE msg=audit(1769928850.559:7050): proctitle=746565002F6574632F63726F6E2E642F686964735F70657273697374
type=PATH msg=audit(1769928918.661:5972): item=0 name="/usr/bin/id" inode=1578382 dev=8:2 mode=100938 ouid=0 ogid=0 rdev=0:0 nametype=NORMAL cap_fp=0 cap_fi=0 cap_fe=0 cap_fver=0 cap_frootid=0OUID="root" OGID="root"
type=PROCTITLE msg=audit(1769928697.726:8749): proctitle=707300617578
type=CWD msg=audit(1769928673.525:6433): cwd="/var/ossec"
type=SYSCALL msg=audit(1769928547.952:5125): arch=c000003e syscall=59 success=yes exit=0 a0=59468d87e120 a1=59468d87b2e0 a2=7ffce4cf8128 a3=0 items=2 ppid=4603 pid=2270 auid=1398 uid=1187 gid=1442 euid=603 suid=596 fsuid=1038 egid=1348 sgid=651 fsgid=1018 tty=(none) ses=5 comm="sudo" exe="/usr/bin/python3" subj=unconfined key="process_exec"ARCH=x86_64 SYSCALL=execve AUID="heroic" UID="heroic" GID="heroic" EUID="heroic" SUID="heroic" FSUID="heroic" EGID="heroic" SGID="heroic" FSGID="heroic"
type=PROCTITLE msg=audit(1769928780.612:5043): proctitle="whoami"
type=PROCTITLE msg=audit(1769929324.853:8339): proctitle=7375646F0077686F616D69
type=PATH msg=audit(1769929191.359:8663): item=2 name="/lib64/ld-linux-x86-64.so.2" inode=1575186 dev=8:2 mode=101083 ouid=0 ogid=0 rdev=0:0 nametype=NORMAL cap_fp=0 cap_fi=0 cap_fe=0 cap_fver=0 cap_frootid=0OUID="root" OGID="root"
type=PATH msg=audit(1769928472.740:9864): item=0 name="/usr/bin/rmdir" inode=1578273 dev=8:2 mode=100772 ouid=0 ogid=0 rdev=0:0 nametype=NORMAL cap_fp=0 cap_fi=0 cap_fe=0 cap_fver=0 cap_frootid=0OUID="root" OGID="root"
type=CWD msg=audit(1769928551.197:7869): cwd="/home/heroic"
type=PATH msg=audit(1769929275.132:5551): item=0 name="/usr/bin/rm" inode=1578182 dev=8:2 mode=101109 ouid=0 ogid=0 rdev=0:0 nametype=NORMAL cap_fp=0 cap_fi=0 cap_fe=0 cap_fver=0 cap_frootid=0OUID="root" OGID="root"
type=PROCTITLE msg=audit(1769929323.643:5566): proctitle=7373002D74756C6E70
type=PATH msg=audit(1769929244.311:4491): item=1 name="/lib64/ld-linux-x86-64.so.2" inode=1575200 dev=8:2 mode=100295 ouid=0 ogid=0 rdev=0:0 nametype=NORMAL cap_fp=0 cap_fi=0 cap_fe=0 cap_fver=0 cap_frootid=0OUID="root" OGID="root"
type=PATH msg=audit(1769928866.418:4873): item=0 name="/usr/bin/rm" inode=1578136 dev=8:2 mode=100788 ouid=0 ogid=0 rdev=0:0 nametype=NORMAL cap_fp=0 cap_fi=0 cap_fe=0 cap_fver=0 cap_frootid=0OUID="root" OGID="root"
type=PATH msg=audit(1769928413.135:4461): item=1 name="/lib64/ld-linux-x86-64.so.2" inode=1575126 dev=8:2 mode=101018 ouid=0 ogid=0 rdev=0:0 nametype=NORMAL cap_fp=0 cap_fi=0 cap_fe=0 cap_fver=0 cap_frootid=0OUID="root" OGID="root"
type=PATH msg=audit(1769929144.602:9373): item=0 name="/usr/libexec/nm-dispatcher" inode=1586080 dev=8:2 mode=100519 ouid=0 ogid=0 rdev=0:0 nametype=NORMAL cap_fp=0 cap_fi=0 cap_fe=0 cap_fver=0 cap_frootid=0OUID="root" OGID="root"
type=PATH msg=audit(1769929076.1338:5559): item=1 name="/lib64/ld-linux-x86-64.so.2" inode=1575179 dev=8:2 mode=100306 ouid=0 ogid=0 rdev=0:0 nametype=NORMAL cap_fp=0 cap_fi=0 cap_fe=0 cap_fver=0 cap_frootid=0OUID="root" OGID="root"
type=PATH msg=audit(1769929022.211:5738): item=1 name="/lib64/ld-linux-x86-64.so.2" inode=1575280 dev=8:2 mode=100615 ouid=0 ogid=0 rdev=0:0 nametype=NORMAL cap_fp=0 cap_fi=0 cap_fe=0 cap_fver=0 cap_frootid=0OUID="root" OGID="root"
type=EXECVE msg=audit(1769928700.477:4100): argc=1 a0="/usr/libexec/nm-dispatcher"
type=CRED_DISP msg=audit(1769929304.709:8663): pid=3317 uid=735 auid=546 ses=3 subj=unconfined msg='op=PAM:setcred grantors=pam_permit acct="root" exe="/bin/sh" hostname=? addr=? terminal=/dev/pts/0 res=success'UID="heroic" AUID="heroic"
type=EXECVE msg=audit(1769929066.251:6320): argc=2 a0="sudo" a1="-l"
type=USER_START msg=audit(1769928822.271:6993): pid=4464 uid=1168 auid=1241 ses=3 subj=unconfined msg='op=PAM:session_open grantors=pam_limits,pam_env,pam_env,pam_permit,pam_umask,pam_unix acct="root" exe="/usr/bin/netstat" hostname=? addr=? terminal=/dev/pts/0 res=success'UID="heroic" AUID="heroic"
type=EXECVE msg=audit(1769928541.807:6051): argc=2 a0="/bin/sh" a1="/usr/bin/lesspipe"
type=SYSCALL msg=audit(1769929018.419:5160): arch=c000003e syscall=59 success=yes exit=0 a0=64e1754cf950 a1=64e1754cb920 a2=64e1754c38f0 a3=64e1754cb920 items=2 ppid=3625 pid=3199 auid=1159 uid=699 gid=583 euid=933 suid=738 fsuid=1242 egid=879 sgid=580 fsgid=1006 tty=pts0 ses=3 comm="sort" exe="/usr/bin/sudo" subj=unconfined key="process_exec"ARCH=x86_64 SYSCALL=execve AUID="heroic" UID="heroic" GID="heroic" EUID="heroic" SUID="heroic" FSUID="heroic" EGID="heroic" SGID="heroic" FSGID="heroic"
type=SYSCALL msg=audit(1769928539.778:8097): arch=c000003e syscall=59 success=yes exit=0 a0=64e1754cfc70 a1=64e1754ca900 a2=64e1754c38f0 a3=64e1754cff70 items=2 ppid=3359 pid=9565 auid=1344 uid=1182 gid=840 euid=0 suid=0 fsuid=0 egid=940 sgid=1153 fsgid=778 tty=pts0 ses=3 comm="python" exe="/usr/bin/last" subj=unconfined key="process_exec"ARCH=x86_64 SYSCALL=execve AUID="heroic" UID="heroic" GID="heroic" EUID="root" SUID="root" FSUID="root" EGID="heroic" SGID="heroic" FSGID="heroic"
type=PROCTITLE msg=audit(1769929228.1038:4244): proctitle=7375646F00746565002F6574632F63726F6E2E642F686964735F70657273697374
type=PROCTITLE msg=audit(1769929330.784:5165): proctitle="whoami"
type=CWD msg=audit(1769928516.1006:9405): cwd="/tmp"
type=EXECVE msg=audit(1769928510.811:8727): argc=2 a0="rmdir" a1="/tmp/hids_malicious"
type=PATH msg=audit(1769928601.100:7920): item=0 name="/usr/bin/uname" inode=1578489 dev=8:2 mode=100909 ouid=0 ogid=0 rdev=0:0 nametype=NORMAL cap_fp=0 cap_fi=0 cap_fe=0 cap_fver=0 cap_frootid=0OUID="root" OGID="root"
type=CWD msg=audit(1769929039.576:7258): cwd=2F746D702F686964735F6D616C6963696F7573202864656C6574656429
type=PATH msg=audit(1769929361.533:8087): item=0 name="/usr/bin/ps" inode=1574362 dev=8:2 mode=100510 ouid=0 ogid=0 rdev=0:0 nametype=NORMAL cap_fp=0 cap_fi=0 cap_fe=0 cap_fver=0 cap_frootid=0OUID="root" OGID="root"
type=USER_CMD msg=audit(1769929196.725:9272): pid=7099 uid=784 auid=1317 ses=3 subj=unconfined msg='cwd="/root" cmd=746565202F6574632F63726F6E2E642F686964735F70657273697374 exe="/usr/bin/sort" terminal=pts/0 res=success'UID="heroic" AUID="heroic"
type=PATH msg=audit(1769928509.398:5118): item=1 name="/lib64/ld-linux-x86-64.so.2" inode=1575505 dev=8:2 mode=100874 ouid=0 ogid=0 rdev=0:0 nametype=NORMAL cap_fp=0 cap_fi=0 cap_fe=0 cap_fver=0 cap_frootid=0OUID="root" OGID="root"
type=CWD msg=audit(1769929102.790:6449): cwd=2F746D702F686964735F6D616C6963696F7573202864656C6574656429
type=SYSCALL msg=audit(1769928630.378:9155): arch=c000003e syscall=59 success=yes exit=0 a0=56a2ccca82d6 a1=7ffeb4c10500 a2=56a2ccca8380 a3=56a2ccca82d6 items=2 ppid=8586 pid=1593 auid=0 uid=0 gid=0 euid=0 suid=0 fsuid=0 egid=0 sgid=0 fsgid=0 tty=(none) ses=8 comm="python" exe="/usr/bin/df" subj=unconfined key="process_exec"ARCH=x86_64 SYSCALL=execve AUID="root" UID="root" GID="root" EUID="root" SUID="root" FSUID="root" EGID="root" SGID="root" FSGID="root"
type=CWD msg=audit(1769928555.1123:7570): cwd="/root"
type=EXECVE msg=audit(1769928800.662:8868): argc=2 a0="sudo" a1="-l"
type=PATH msg=audit(1769928813.474:6003): item=0 name="/usr/bin/rm" inode=1577776 dev=8:2 mode=101042 ouid=0 ogid=0 rdev=0:0 nametype=NORMAL cap_fp=0 cap_fi=0 cap_fe=0 cap_fver=0 cap_frootid=0OUID="root" OGID="root"
type=CWD msg=audit(1769929164.936:6789): cwd="/tmp"
type=SYSCALL msg=audit(1769929165.1029:9949): arch=c000003e syscall=59 success=yes exit=0 a0=5732e69abb68 a1=5732e69bbba0 a2=5732e69ce7a0 a3=64 items=2 ppid=3137 pid=2103 auid=1080 uid=0 gid=0 euid=0 suid=0 fsuid=0 egid=0 sgid=0 fsgid=0 tty=pts4 ses=3 comm="sudo" exe="/usr/bin/netstat" subj=unconfined key="process_exec"ARCH=x86_64 SYSCALL=execve AUID="heroic" UID="root" GID="root" EUID="root" SUID="root" FSUID="root" EGID="root" SGID="root" FSGID="root"
type=PROCTITLE msg=audit(1769928467.922:6447): proctitle=736C6565700035
type=PATH msg=audit(1769928580.353:6052): item=0 name="/usr/bin/whoami" inode=1578621 dev=8:2 mode=101151 ouid=0 ogid=0 rdev=0:0 nametype=NORMAL cap_fp=0 cap_fi=0 cap_fe=0 cap_fver=0 cap_frootid=0OUID="root" OGID="root"
type=PATH msg=audit(1769928674.978:10145): item=1 name="/lib64/ld-linux-x86-64.so.2" inode=1575008 dev=8:2 mode=101086 ouid=0 ogid=0 rdev=0:0 nametype=NORMAL cap_fp=0 cap_fi=0 cap_fe=0 cap_fver=0 cap_frootid=0OUID="root" OGID="root"
type=EXECVE msg=audit(1769929092.348:7540): argc=58 a0="rm" a1="-f" a2="file_10.dat" a3="file_11.dat" a4="file_12.dat" a5="file_13.dat" a6="file_14.dat" a7="file_15.dat" a8="file_16.dat" a9="file_17.dat" a10="file_18.dat" a11="file_19.dat" a12="file_1.dat" a13="file_20.dat" a14="file_21.dat" a15="file_22.dat" a16="file_23.dat" a17="file_24.dat" a18="file_25.dat" a19="file_26.dat" a20="file_27.dat" a21="file_28.dat" a22="file_29.dat" a23="file_2.dat" a24="file_30.dat" a25="file_31.dat" a26="file_32.dat" a27="file_33.dat" a28="file_34.dat" a29="file_35.dat" a30="file_36.dat" a31="file_37.dat" a32="file_38.dat" a33="file_39.dat" a34="file_3.dat" a35="file_40.dat" a36="file_41.dat" a37="file_42.dat" a38="file_43.dat" a39="file_44.dat" a40="file_45.dat" a41="file_46.dat" a42="file_47.dat" a43="file_48.dat" a44="file_49.dat" a45="file_4.dat" a46="file_50.dat" a47="file_5.dat" a48="file_6.dat" a49="file_7.dat" a50="file_8.dat" a51="file_9.dat" a52="payload.sh" a53="recon.txt" a54="netstat.txt" a55="processes.txt" a56="sudo_enum.txt" a57="sudo_test.txt"
type=BPRM_FCAPS msg=audit(1769929142.127:6191): fver=0 fp=0 fi=0 fe=0 old_pp=000001ffffffffff old_pi=0 old_pe=000001ffffffffff old_pa=0 pp=0000000000200000 pi=0 pe=0000000000200000 pa=0 frootid=0
type=SYSCALL msg=audit(1769929134.138:7977): arch=c000003e syscall=59 success=yes exit=0 a0=60276c50eb68 a1=60276c51eba0 a2=60276c531340 a3=64 items=2 ppid=4258 pid=9096 auid=1133 uid=0 gid=0 euid=0 suid=0 fsuid=0 egid=0 sgid=0 fsgid=0 tty=pts4 ses=3 comm="python" exe="/usr/bin/sort" subj=unconfined key="process_exec"ARCH=x86_64 SYSCALL=execve AUID="heroic" UID="root" GID="root" EUID="root" SUID="root" FSUID="root" EGID="root" SGID="root" FSGID="root"
type=CWD msg=audit(1769929235.693:9170): cwd="/home/heroic"
type=CRED_REFR msg=audit(1769929207.1057:8394): pid=3165 uid=1314 auid=973 ses=3 subj=unconfined msg='op=PAM:setcred grantors=pam_permit,pam_cap acct="root" exe="/bin/sh" hostname=? addr=? terminal=/dev/pts/0 res=success'UID="heroic" AUID="heroic"
type=PATH msg=audit(1769929147.475:7485): item=1 name="/lib64/ld-linux-x86-64.so.2" inode=1574960 dev=8:2 mode=100782 ouid=0 ogid=0 rdev=0:0 nametype=NORMAL cap_fp=0 cap_fi=0 cap_fe=0 cap_fver=0 cap_frootid=0OUID="root" OGID="root"
type=SYSCALL msg=audit(1769929090.124:4948): arch=c000003e syscall=59 success=yes exit=0 a0=64e1754d0390 a1=64e1754cb7e0 a2=64e1754c38f0 a3=64e1754cb7e0 items=2 ppid=2188 pid=9656 auid=610 uid=952 gid=710 euid=729 suid=761 fsuid=1083 egid=529 sgid=1261 fsgid=1409 tty=pts0 ses=3 comm="ss" exe="/usr/bin/df" subj=unconfined key="process_exec"ARCH=x86_64 SYSCALL=execve AUID="heroic" UID="heroic" GID="heroic" EUID="heroic" SUID="heroic" FSUID="heroic" EGID="heroic" SGID="heroic" FSGID="heroic"
type=PATH msg=audit(1769929339.707:4972): item=0 name="/usr/bin/rm" inode=1578537 dev=8:2 mode=101160 ouid=0 ogid=0 rdev=0:0 nametype=NORMAL cap_fp=0 cap_fi=0 cap_fe=0 cap_fver=0 cap_frootid=0OUID="root" OGID="root"
type=PROCTITLE msg=audit(1769928624.743:5504): proctitle=7373002D74756C6E70
type=SYSCALL msg=audit(1769929197.261:8229): arch=c000003e syscall=59 success=yes exit=0 a0=5da302dc8980 a1=5da302dcc2b0 a2=5da302dc08f0 a3=5da302dcc2b0 items=2 ppid=2214 pid=8749 auid=1363 uid=1481 gid=1081 euid=741 suid=731 fsuid=573 egid=714 sgid=1000 fsgid=986 tty=pts0 ses=3 comm="tail" exe="/usr/bin/df" subj=unconfined key="process_exec"ARCH=x86_64 SYSCALL=execve AUID="heroic" UID="heroic" GID="heroic" EUID="heroic" SUID="heroic" FSUID="heroic" EGID="heroic" SGID="heroic" FSGID="heroic"
type=SYSCALL msg=audit(1769929007.316:7194): arch=c000003e syscall=59 success=yes exit=0 a0=7ef0ff5cb42f a1=7ef0fd3daca0 a2=7ffe56934cb8 a3=8 items=2 ppid=1954 pid=8650 auid=4294966967 uid=0 gid=603 euid=0 suid=0 fsuid=0 egid=246 sgid=492 fsgid=322 tty=(none) ses=4294967194 comm="last" exe="/usr/bin/last" subj=unconfined key="process_exec"ARCH=x86_64 SYSCALL=execve AUID="unset" UID="root" GID="wazuh" EUID="root" SUID="root" FSUID="root" EGID="wazuh" SGID="wazuh" FSGID="wazuh"
type=PATH msg=audit(1769929076.92:6290): item=0 name="/usr/bin/chmod" inode=1577693 dev=8:2 mode=100836 ouid=0 ogid=0 rdev=0:0 nametype=NORMAL cap_fp=0 cap_fi=0 cap_fe=0 cap_fver=0 cap_frootid=0OUID="root" OGID="root"
type=SYSCALL msg=audit(1769928863.721:7920): arch=c000003e syscall=59 success=yes exit=0 a0=5eaf7e15f710 a1=7ffd4a156670 a2=7ffd4a157088 a3=0 items=2 ppid=6330 pid=2173 auid=4294967545 uid=0 gid=0 euid=0 suid=0 fsuid=0 egid=0 sgid=0 fsgid=0 tty=(none) ses=4294967528 comm="sort" exe="/usr/bin/sed" subj=unconfined key="process_exec"ARCH=x86_64 SYSCALL=execve AUID="unset" UID="root" GID="root" EUID="root" SUID="root" FSUID="root" EGID="root" SGID="root" FSGID="root"
type=PATH msg=audit(1769928506.20:7118): item=0 name="/usr/bin/sort" inode=1578421 dev=8:2 mode=101058 ouid=0 ogid=0 rdev=0:0 nametype=NORMAL cap_fp=0 cap_fi=0 cap_fe=0 cap_fver=0 cap_frootid=0OUID="root" OGID="root"
type=CWD msg=audit(1769928783.567:4677): cwd=2F746D702F686964735F6D616C6963696F7573202864656C6574656429
type=PROCTITLE msg=audit(1769929108.283:9374): proctitle=756E616D65002D61
type=PATH msg=audit(1769928433.590:9237): item=0 name="/usr/bin/uname" inode=1578276 dev=8:2 mode=100570 ouid=0 ogid=0 rdev=0:0 nametype=NORMAL cap_fp=0 cap_fi=0 cap_fe=0 cap_fver=0 cap_frootid=0OUID="root" OGID="root"
type=EXECVE msg=audit(1769928774.816:8665): argc=1 a0="bash"
type=SYSCALL msg=audit(1769928902.330:6051): arch=c000003e syscall=59 success=yes exit=0 a0=64f361c8bb68 a1=64f361c9ba10 a2=64f361d2f6b0 a3=64 items=2 ppid=7336 pid=8490 auid=1006 uid=0 gid=0 euid=0 suid=0 fsuid=0 egid=0 sgid=0 fsgid=0 tty=pts5 ses=3 comm="last" exe="/usr/bin/python3" subj=unconfined key="process_exec"ARCH=x86_64 SYSCALL=execve AUID="heroic" UID="root" GID="root" EUID="root" SUID="root" FSUID="root" EGID="root" SGID="root" FSGID="root"
type=PROCTITLE msg=audit(1769929287.98:8805): proctitle=2F7573722F6C69622F73797374656D642F73797374656D642D6578656375746F72002D2D646573657269616C697A6500313139002D2D6C6F672D6C6576656C00696E666F002D2D6C6F672D746172676574006A6F75726E616C2D6F722D6B6D7367
type=PROCTITLE msg=audit(1769928501.233:5098): proctitle=726D646972002F746D702F686964735F6D616C6963696F7573
type=PATH msg=audit(1769928451.4:5323): item=0 name="/usr/bin/ss" inode=1574349 dev=8:2 mode=101032 ouid=0 ogid=0 rdev=0:0 nametype=NORMAL cap_fp=0 cap_fi=0 cap_fe=0 cap_fver=0 cap_frootid=0OUID="root" OGID="root"
type=EXECVE msg=audit(1769928786.465:5331): argc=3 a0="rm" a1="-f" a2="/etc/cron.d/hids_persist"
type=SYSCALL msg=audit(1769928529.190:6778): arch=c000003e syscall=59 success=yes exit=0 a0=6055bf924538 a1=6055bf9244e0 a2=6055bf924500 a3=8 items=3 ppid=3182 pid=4291 auid=0 uid=0 gid=0 euid=0 suid=0 fsuid=0 egid=0 sgid=0 fsgid=0 tty=(none) ses=6 comm="df" exe="/usr/bin/python3" subj=unconfined key="process_exec"ARCH=x86_64 SYSCALL=execve AUID="root" UID="root" GID="root" EUID="root" SUID="root" FSUID="root" EGID="root" SGID="root" FSGID="root"
type=CWD msg=audit(1769928877.715:6274): cwd="/var/ossec"
type=EXECVE msg=audit(1769928518.177:5556): argc=2 a0="rmdir" a1="/tmp/hids_malicious"
type=USER_ACCT msg=audit(1769929178.629:5028): pid=4575 uid=0 auid=1149 ses=3 subj=unconfined msg='op=PAM:accounting grantors=pam_permit,pam_localuser acct="root" exe="/usr/bin/sort" hostname=? addr=? terminal=/dev/pts/2 res=success'UID="root" AUID="heroic"
type=PATH msg=audit(1769928502.946:5269): item=0 name="/usr/bin/sudo" inode=1573884 dev=8:2 mode=104487 ouid=0 ogid=0 rdev=0:0 nametype=NORMAL cap_fp=0 cap_fi=0 cap_fe=0 cap_fver=0 cap_frootid=0OUID="root" OGID="root"
type=CWD msg=audit(1769929116.235:5767): cwd=2F746D702F686964735F6D616C6963696F7573202864656C6574656429
type=USER_CMD msg=audit(1769928520.745:6333): pid=7513 uid=1010 auid=1027 ses=3 subj=unconfined msg='cwd="/usr/local/bin" cmd="whoami" exe="/usr/bin/df" terminal=pts/0 res=success'UID="heroic" AUID="heroic"
type=CWD msg=audit(1769928451.1034:6038): cwd="/tmp"
type=PROCTITLE msg=audit(1769929085.1169:4888): proctitle=63686D6F64002B78007061796C6F61642E7368
type=PATH msg=audit(1769928837.493:8737): item=0 name="/usr/local/bin/nautilus" nametype=UNKNOWN cap_fp=0 cap_fi=0 cap_fe=0 cap_fver=0 cap_frootid=0
type=PATH msg=audit(1769928889.637:8183): item=0 name="/usr/bin/ss" inode=1573996 dev=8:2 mode=100430 ouid=0 ogid=0 rdev=0:0 nametype=NORMAL cap_fp=0 cap_fi=0 cap_fe=0 cap_fver=0 cap_frootid=0OUID="root" OGID="root"
type=SYSCALL msg=audit(1769928818.751:7246): arch=c000003e syscall=59 success=yes exit=0 a0=64e1754cb600 a1=64e1754cf3f0 a2=64e1754c38f0 a3=64e1754cf3f0 items=2 ppid=8161 pid=2548 auid=962 uid=1151 gid=1065 euid=0 suid=0 fsuid=0 egid=1475 sgid=1312 fsgid=900 tty=pts0 ses=3 comm="netstat" exe="/usr/bin/sort" subj=unconfined key="process_exec"ARCH=x86_64 SYSCALL=execve AUID="heroic" UID="heroic" GID="heroic" EUID="root" SUID="root" FSUID="root" EGID="heroic" SGID="heroic" FSGID="heroic"
type=EXECVE msg=audit(1769928790.345:8694): argc=2 a0="uname" a1="-a"
type=CWD msg=audit(1769928776.940:6465): cwd="/var/ossec"
type=CWD msg=audit(1769929173.449:9593): cwd="/usr/local/bin"
type=PATH msg=audit(1769929278.419:7715): item=1 name="/lib64/ld-linux-x86-64.so.2" inode=1575056 dev=8:2 mode=100601 ouid=0 ogid=0 rdev=0:0 nametype=NORMAL cap_fp=0 cap_fi=0 cap_fe=0 cap_fver=0 cap_frootid=0OUID="root" OGID="root"
type=EXECVE msg=audit(1769928565.23:10365): argc=1 a0="/usr/libexec/nm-dispatcher"
type=PATH msg=audit(1769928825.658:9922): item=1 name="/etc/cron.d/hids_persist" inode=1703790 dev=8:2 mode=101032 ouid=0 ogid=0 rdev=0:0 nametype=DELETE cap_fp=0 cap_fi=0 cap_fe=0 cap_fver=0 cap_frootid=0OUID="root" OGID="root"
type=PATH msg=audit(1769929203.75:10267): item=0 name="/usr/bin/id" inode=1578231 dev=8:2 mode=101027 ouid=0 ogid=0 rdev=0:0 nametype=NORMAL cap_fp=0 cap_fi=0 cap_fe=0 cap_fver=0 cap_frootid=0OUID="root" OGID="root"
type=USER_CMD msg=audit(1769928916.779:5828): pid=6915 uid=1105 auid=514 ses=3 subj=unconfined msg='cwd="/tmp" cmd=726D202D66202F6574632F63726F6E2E642F686964735F70657273697374 exe="/usr/bin/netstat" terminal=pts/0 res=success'UID="heroic" AUID="heroic"
type=PROCTITLE msg=audit(1769928883.381:9497): proctitle=63686D6F64002B78007061796C6F61642E7368
type=PATH msg=audit(1769929139.318:7082): item=0 name="/usr/bin/rm" inode=1577670 dev=8:2 mode=100680 ouid=0 ogid=0 rdev=0:0 nametype=NORMAL cap_fp=0 cap_fi=0 cap_fe=0 cap_fver=0 cap_frootid=0OUID="root" OGID="root"
type=PATH msg=audit(1769928926.761:4721): item=1 name="/lib64/ld-linux-x86-64.so.2" inode=1575689 dev=8:2 mode=100892 ouid=0 ogid=0 rdev=0:0 nametype=NORMAL cap_fp=0 cap_fi=0 cap_fe=0 cap_fver=0 cap_frootid=0OUID="root" OGID="root"
type=SYSCALL msg=audit(1769929010.103:6923): arch=c000003e syscall=59 success=yes exit=0 a0=5da302dcd0f0 a1=5da302dca360 a2=5da302dc08f0 a3=1 items=2 ppid=2149 pid=6049 auid=1387 uid=696 gid=1474 euid=575 suid=595 fsuid=1102 egid=537 sgid=608 fsgid=569 tty=pts0 ses=3 comm="sort" exe="/usr/bin/netstat" subj=unconfined key="process_exec"ARCH=x86_64 SYSCALL=execve AUID="heroic" UID="heroic" GID="heroic" EUID="heroic" SUID="heroic" FSUID="heroic" EGID="heroic" SGID="heroic" FSGID="heroic"
type=USER_ACCT msg=audit(1769929181.1375:4174): pid=8056 uid=834 auid=1302 ses=3 subj=unconfined msg='op=PAM:accounting grantors=pam_permit,pam_localuser acct="heroic" exe="/usr/bin/last" hostname=? addr=? terminal=/dev/pts/0 res=success'UID="heroic" AUID="heroic"
type=EXECVE msg=audit(1769928447.564:8171): argc=2 a0="sleep" a1="5"
type=EXECVE msg=audit(1769929377.230:4829): argc=2 a0="basename" a1="/usr/bin/lesspipe"
type=CRED_REFR msg=audit(1769928769.292:5277): pid=7823 uid=1107 auid=505 ses=3 subj=unconfined msg='op=PAM:setcred grantors=pam_permit,pam_cap acct="root" exe="/usr/bin/python3" hostname=? addr=? terminal=/dev/pts/0 res=success'UID="heroic" AUID="heroic"
type=SYSCALL msg=audit(1769928737.171:7635): arch=c000003e syscall=59 success=yes exit=0 a0=64e1754cfc50 a1=64e1754cf9d0 a2=64e1754c38f0 a3=64e1754cf310 items=2 ppid=5804 pid=3456 auid=571 uid=1369 gid=665 euid=612 suid=1406 fsuid=596 egid=796 sgid=733 fsgid=1241 tty=pts0 ses=3 comm="netstat" exe="/usr/bin/python3" subj=unconfined key="process_exec"ARCH=x86_64 SYSCALL=execve AUID="heroic" UID="heroic" GID="heroic" EUID="heroic" SUID="heroic" FSUID="heroic" EGID="heroic" SGID="heroic" FSGID="heroic"
type=SYSCALL msg=audit(1769928751.78:4976): arch=c000003e syscall=59 success=yes exit=0 a0=5da302dcc190 a1=5da302dc9be0 a2=5da302dc08f0 a3=5da302dc9be0 items=2 ppid=2360 pid=8975 auid=957 uid=1310 gid=999 euid=916 suid=823 fsuid=871 egid=1445 sgid=908 fsgid=722 tty=pts0 ses=3 comm="sh" exe="/bin/sh" subj=unconfined key="process_exec"ARCH=x86_64 SYSCALL=execve AUID="heroic" UID="heroic" GID="heroic" EUID="heroic" SUID="heroic" FSUID="heroic" EGID="heroic" SGID="heroic" FSGID="heroic"
type=USER_ACCT msg=audit(1769928432.117:8706): pid=2185 uid=0 auid=1387 ses=4 subj=unconfined msg='op=PAM:accounting grantors=pam_permit,pam_localuser acct="heroic" exe="/usr/bin/sort" hostname=Ubuntu24 addr=? terminal=/dev/tty1 res=success'UID="root" AUID="heroic"
type=SYSCALL msg=audit(1769929006.461:6937): arch=c000003e syscall=59 success=yes exit=0 a0=64e1754d03b0 a1=64e1754cfe70 a2=64e1754c38f0 a3=64e1754cb920 items=2 ppid=2622 pid=1027 auid=570 uid=666 gid=1142 euid=688 suid=1246 fsuid=866 egid=1095 sgid=1225 fsgid=945 tty=pts0 ses=3 comm="df" exe="/usr/bin/python3" subj=unconfined key="process_exec"ARCH=x86_64 SYSCALL=execve AUID="heroic" UID="heroic" GID="heroic" EUID="heroic" SUID="heroic" FSUID="heroic" EGID="heroic" SGID="heroic" FSGID="heroic"
type=EXECVE msg=audit(1769928788.571:5449): argc=1 a0="id"
type=SYSCALL msg=audit(1769929326.774:9349): arch=c000003e syscall=59 success=yes exit=0 a0=64e1754ca420 a1=64e1754cf190 a2=64e1754c38f0 a3=64e1754cf190 items=2 ppid=9391 pid=8884 auid=614 uid=851 gid=912 euid=1092 suid=1258 fsuid=577 egid=958 sgid=1164 fsgid=1257 tty=pts0 ses=3 comm="netstat" exe="/usr/bin/df" subj=unconfined key="process_exec"ARCH=x86_64 SYSCALL=execve AUID="heroic" UID="heroic" GID="heroic" EUID="heroic" SUID="heroic" FSUID="heroic" EGID="heroic" SGID="heroic" FSGID="heroic"
type=SERVICE_START msg=audit(1769928658.189:7952): pid=6321 uid=0 auid=4294967705 ses=4294967448 subj=unconfined msg='unit=NetworkManager-dispatcher comm="sudo" exe="/usr/bin/tail" hostname=? addr=? terminal=? res=success'UID="root" AUID="unset"
type=PROCTITLE msg=audit(1769929289.653:8205): proctitle=7373002D74756C6E70
type=EXECVE msg=audit(1769928646.381:5691): argc=4 a0="sudo" a1="rm" a2="-f" a3="/etc/cron.d/hids_persist"
type=PROCTITLE msg=audit(1769929227.66:8239): proctitle=746565002F6574632F63726F6E2E642F686964735F70657273697374
type=PROCTITLE msg=audit(1769928982.347:5366): proctitle=726D002D66002F6574632F63726F6E2E642F686964735F70657273697374
type=PATH msg=audit(1769929192.168:5795): item=0 name="/usr/bin/sudo" inode=1574520 dev=8:2 mode=104879 ouid=0 ogid=0 rdev=0:0 nametype=NORMAL cap_fp=0 cap_fi=0 cap_fe=0 cap_fver=0 cap_frootid=0OUID="root" OGID="root"
type=EXECVE msg=audit(1769929024.1126:9579): argc=3 a0="chmod" a1="+x" a2="payload.sh"
type=CWD msg=audit(1769929124.700:9959): cwd="/var/ossec"
type=PATH msg=audit(1769929059.214:4669): item=0 name="/usr/bin/uname" inode=1578432 dev=8:2 mode=101034 ouid=0 ogid=0 rdev=0:0 nametype=NORMAL cap_fp=0 cap_fi=0 cap_fe=0 cap_fver=0 cap_frootid=0OUID="root" OGID="root"
type=CWD msg=audit(1769928560.433:4940): cwd="/usr/local/bin"
type=PATH msg=audit(1769928874.434:9959): item=0 name="/bin/bash" inode=1573457 dev=8:2 mode=101135 ouid=0 ogid=0 rdev=0:0 nametype=NORMAL cap_fp=0 cap_fi=0 cap_fe=0 cap_fver=0 cap_frootid=0OUID="root" OGID="root"
type=CWD msg=audit(1769928764.156:4216): cwd=2F746D702F686964735F6D616C6963696F7573202864656C6574656429
type=PROCTITLE msg=audit(1769928932.614:6302): proctitle=726D002D66002F6574632F63726F6E2E642F686964735F70657273697374
type=PATH msg=audit(1769928562.579:9684): item=0 name="/usr/bin/sudo" inode=1574622 dev=8:2 mode=104427 ouid=0 ogid=0 rdev=0:0 nametype=NORMAL cap_fp=0 cap_fi=0 cap_fe=0 cap_fver=0 cap_frootid=0OUID="root" OGID="root"
type=SYSCALL msg=audit(1769929344.405:6008): arch=c000003e syscall=59 success=yes exit=0 a0=64e1754cf850 a1=64e1754cf8b0 a2=64e1754c38f0 a3=64e1754cf8b0 items=2 ppid=3180 pid=2704 auid=1250 uid=655 gid=1439 euid=647 suid=655 fsuid=1000 egid=787 sgid=742 fsgid=1116 tty=pts0 ses=3 comm="sudo" exe="/usr/bin/sudo" subj=unconfined key="process_exec"ARCH=x86_64 SYSCALL=execve AUID="heroic" UID="heroic" GID="heroic" EUID="heroic" SUID="heroic" FSUID="heroic" EGID="heroic" SGID="heroic" FSGID="heroic"
type=CWD msg=audit(1769929022.344:8744): cwd="/tmp"
type=PROCTITLE msg=audit(1769928610.345:7629): proctitle=726D002D66002F6574632F63726F6E2E642F686964735F70657273697374
type=PATH msg=audit(1769928734.28:3691): item=1 name="/bin/sh" inode=1573915 dev=8:2 mode=100766 ouid=0 ogid=0 rdev=0:0 nametype=NORMAL cap_fp=0 cap_fi=0 cap_fe=0 cap_fver=0 cap_frootid=0OUID="root" OGID="root"
type=EXECVE msg=audit(1769928450.292:5361): argc=2 a0="ss" a1="-tulnp"
type=PROCTITLE msg=audit(1769929021.20:5655): proctitle="groups"
type=PATH msg=audit(1769929201.66:4387): item=1 name="/lib64/ld-linux-x86-64.so.2" inode=1575612 dev=8:2 mode=100471 ouid=0 ogid=0 rdev=0:0 nametype=NORMAL cap_fp=0 cap_fi=0 cap_fe=0 cap_fver=0 cap_frootid=0OUID="root" OGID="root"
type=EXECVE msg=audit(1769928829.1293:9343): argc=3 a0="chmod" a1="+x" a2="payload.sh"
type=PATH msg=audit(1769929372.24:6311): item=1 name="/lib64/ld-linux-x86-64.so.2" inode=1575567 dev=8:2 mode=100381 ouid=0 ogid=0 rdev=0:0 nametype=NORMAL cap_fp=0 cap_fi=0 cap_fe=0 cap_fver=0 cap_frootid=0OUID="root" OGID="root"
type=CRED_DISP msg=audit(1769928889.334:6466): pid=6709 uid=706 auid=679 ses=3 subj=unconfined msg='op=PAM:setcred grantors=pam_permit acct="root" exe="/usr/bin/python3" hostname=? addr=? terminal=/dev/pts/0 res=success'UID="heroic" AUID="heroic"
type=PATH msg=audit(1769928784.459:6217): item=0 name="/proc/self/fd/9" inode=1596086 dev=8:2 mode=101002 ouid=0 ogid=0 rdev=0:0 nametype=NORMAL cap_fp=0 cap_fi=0 cap_fe=0 cap_fver=0 cap_frootid=0OUID="root" OGID="root"
type=PATH msg=audit(1769928433.1093:8632): item=0 name="/usr/bin/ss" inode=1574438 dev=8:2 mode=100510 ouid=0 ogid=0 rdev=0:0 nametype=NORMAL cap_fp=0 cap_fi=0 cap_fe=0 cap_fver=0 cap_frootid=0OUID="root" OGID="root"
type=EXECVE msg=audit(1769928838.466:6034): argc=3 a0="rm" a1="-f" a2="/etc/cron.d/hids_persist"
type=SYSCALL msg=audit(1769928527.444:6850): arch=c000003e syscall=59 success=yes exit=0 a0=557171056148 a1=557171056228 a2=557171056270 a3=0 items=2 ppid=7463 pid=5692 auid=4294967677 uid=0 gid=0 euid=0 suid=0 fsuid=0 egid=0 sgid=0 fsgid=0 tty=(none) ses=4294967002 comm="python" exe="/usr/bin/python3" subj=unconfined key="process_exec"ARCH=x86_64 SYSCALL=execve AUID="unset" UID="root" GID="root" EUID="root" SUID="root" FSUID="root" EGID="root" SGID="root" FSGID="root"
type=EXECVE msg=audit(1769928579.608:9396): argc=2 a0="tee" a1="/etc/cron.d/hids_persist"
type=PROCTITLE msg=audit(1769928960.542:6394): proctitle=73656400732F203D3D205C282E2A5C29203D3D2F3A5C312F
type=SYSCALL msg=audit(1769928827.633:6352): arch=c000003e syscall=59 success=yes exit=0 a0=5ac714ffdb68 a1=5ac71500dba0 a2=5ac715020340 a3=64 items=2 ppid=2522 pid=3906 auid=1455 uid=0 gid=0 euid=0 suid=0 fsuid=0 egid=0 sgid=0 fsgid=0 tty=pts4 ses=3 comm="sort" exe="/usr/bin/netstat" subj=unconfined key="process_exec"ARCH=x86_64 SYSCALL=execve AUID="heroic" UID="root" GID="root" EUID="root" SUID="root" FSUID="root" EGID="root" SGID="root" FSGID="root"
type=PATH msg=audit(1769929184.324:7209): item=0 name="/etc/cron.d/" inode=1703729 dev=8:2 mode=40462 ouid=0 ogid=0 rdev=0:0 nametype=PARENT cap_fp=0 cap_fi=0 cap_fe=0 cap_fver=0 cap_frootid=0OUID="root" OGID="root"
type=PROCTITLE msg=audit(1769929205.95:4453): proctitle="bash"
type=EXECVE msg=audit(1769929324.947:8651): argc=1 a0="id"
type=SYSCALL msg=audit(1769928588.1092:7001): arch=c000003e syscall=108 success=yes exit=3 a0=ffffff9c a1=7ffe043b172c a2=607 a3=1b6 items=2 ppid=3121 pid=4586 auid=512 uid=0 gid=0 euid=0 suid=0 fsuid=0 egid=0 sgid=0 fsgid=0 tty=pts1 ses=3 comm="sudo" exe="/usr/bin/sed" subj=unconfined key="persistence"ARCH=x86_64 SYSCALL=openat AUID="heroic" UID="root" GID="root" EUID="root" SUID="root" FSUID="root" EGID="root" SGID="root" FSGID="root"
type=SYSCALL msg=audit(1769929075.628:5740): arch=c000003e syscall=59 success=yes exit=0 a0=5da302dc8920 a1=5da302dca270 a2=5da302dc08f0 a3=5da302dca270 items=2 ppid=2578 pid=6949 auid=1262 uid=1013 gid=1200 euid=1400 suid=767 fsuid=990 egid=865 sgid=1499 fsgid=1113 tty=pts0 ses=3 comm="tail" exe="/usr/bin/sort" subj=unconfined key="process_exec"ARCH=x86_64 SYSCALL=execve AUID="heroic" UID="heroic" GID="heroic" EUID="heroic" SUID="heroic" FSUID="heroic" EGID="heroic" SGID="heroic" FSGID="heroic"
type=PROCTITLE msg=audit(1769928445.516:6766): proctitle=2F7573722F62696E2F6E617574696C7573002D2D676170706C69636174696F6E2D73657276696365
type=USER_CMD msg=audit(1769928438.473:9036): pid=5255 uid=857 auid=950 ses=3 subj=unconfined msg='cwd="/root" cmd=746565202F6574632F63726F6E2E642F686964735F70657273697374 exe="/usr/bin/python3" terminal=pts/0 res=success'UID="heroic" AUID="heroic"
type=BPRM_FCAPS msg=audit(1769928590.516:5336): fver=0 fp=0 fi=0 fe=0 old_pp=000001ffffffffff old_pi=0 old_pe=000001ffffffffff old_pa=0 pp=0000000000200000 pi=0 pe=0000000000200000 pa=0 frootid=0
type=PATH msg=audit(1769929237.447:6084): item=1 name="/lib64/ld-linux-x86-64.so.2" inode=1575395 dev=8:2 mode=100428 ouid=0 ogid=0 rdev=0:0 nametype=NORMAL cap_fp=0 cap_fi=0 cap_fe=0 cap_fver=0 cap_frootid=0OUID="root" OGID="root"
type=PATH msg=audit(1769928991.136:9669): item=1 name="/lib64/ld-linux-x86-64.so.2" inode=1574901 dev=8:2 mode=100831 ouid=0 ogid=0 rdev=0:0 nametype=NORMAL cap_fp=0 cap_fi=0 cap_fe=0 cap_fver=0 cap_frootid=0OUID="root" OGID="root"
type=CWD msg=audit(1769928699.553:4950): cwd="/root"
type=CWD msg=audit(1769929134.450:8822): cwd="/usr/local/bin"
type=SYSCALL msg=audit(1769928700.67:5033): arch=c000003e syscall=59 success=yes exit=0 a0=5da302dcca90 a1=5da302dcc570 a2=5da302dc08f0 a3=5da302dcc430 items=2 ppid=2266 pid=2754 auid=848 uid=934 gid=1484 euid=501 suid=900 fsuid=1092 egid=1407 sgid=1308 fsgid=566 tty=pts0 ses=3 comm="ss" exe="/usr/bin/last" subj=unconfined key="process_exec"ARCH=x86_64 SYSCALL=execve AUID="heroic" UID="heroic" GID="heroic" EUID="heroic" SUID="heroic" FSUID="heroic" EGID="heroic" SGID="heroic" FSGID="heroic"
type=SYSCALL msg=audit(1769928948.296:7286): arch=c000003e syscall=59 success=yes exit=0 a0=55e32b46b618 a1=55e32b46b5a0 a2=55e32b46b5c0 a3=8 items=2 ppid=5510 pid=3733 auid=4294967749 uid=0 gid=461 euid=0 suid=0 fsuid=0 egid=268 sgid=327 fsgid=135 tty=(none) ses=4294967201 comm="netstat" exe="/usr/bin/tail" subj=unconfined key="process_exec"ARCH=x86_64 SYSCALL=execve AUID="unset" UID="root" GID="wazuh" EUID="root" SUID="root" FSUID="root" EGID="wazuh" SGID="wazuh" FSGID="wazuh"
type=PROCTITLE msg=audit(1769928763.466:3858): proctitle=2F62696E2F7368002F7573722F6C69622F737973737461742F64656269616E2D73613100310031
type=PATH msg=audit(1769929054.656:5899): item=1 name="/lib64/ld-linux-x86-64.so.2" inode=1575328 dev=8:2 mode=101222 ouid=0 ogid=0 rdev=0:0 nametype=NORMAL cap_fp=0 cap_fi=0 cap_fe=0 cap_fver=0 cap_frootid=0OUID="root" OGID="root"
type=PATH msg=audit(1769928617.94:5891): item=1 name="/lib64/ld-linux-x86-64.so.2" inode=1575765 dev=8:2 mode=100997 ouid=0 ogid=0 rdev=0:0 nametype=NORMAL cap_fp=0 cap_fi=0 cap_fe=0 cap_fver=0 cap_frootid=0OUID="root" OGID="root"
type=EXECVE msg=audit(1769928574.1047:7090): argc=2 a0="ss" a1="-tulnp"
type=PATH msg=audit(1769928439.304:8984): item=0 name="/usr/bin/tee" inode=1578091 dev=8:2 mode=100969 ouid=0 ogid=0 rdev=0:0 nametype=NORMAL cap_fp=0 cap_fi=0 cap_fe=0 cap_fver=0 cap_frootid=0OUID="root" OGID="root"
type=PROCTITLE msg=audit(1769929220.554:7394): proctitle=726D002D660066696C655F31302E6461740066696C655F31312E6461740066696C655F31322E6461740066696C655F31332E6461740066696C655F31342E6461740066696C655F31352E6461740066696C655F31362E6461740066696C655F31372E6461740066696C655F31382E6461740066696C655F31392E646174006669
type=EXECVE msg=audit(1769929036.490:7578): argc=2 a0="sudo" a1="-l"
type=CWD msg=audit(1769928458.922:8945): cwd="/tmp"
type=CWD msg=audit(1769928927.1161:6618): cwd="/var/ossec"
type=PROCTITLE msg=audit(1769928825.303:8132): proctitle=746565002F6574632F63726F6E2E642F686964735F70657273697374
type=EXECVE msg=audit(1769928552.602:5402): argc=2 a0="sleep" a1="5"
type=USER_CMD msg=audit(1769928467.520:5184): pid=9626 uid=1354 auid=835 ses=3 subj=unconfined msg='cwd="/home/heroic" cmd=746565202F6574632F63726F6E2E642F686964735F70657273697374 exe="/usr/bin/netstat" terminal=pts/0 res=success'UID="heroic" AUID="heroic"
type=EXECVE msg=audit(1769929188.998:5550): argc=4 a0="sudo" a1="rm" a2="-f" a3="/etc/cron.d/hids_persist"
type=PATH msg=audit(1769928852.1034:8329): item=0 name="/usr/bin/ss" inode=1573991 dev=8:2 mode=100939 ouid=0 ogid=0 rdev=0:0 nametype=NORMAL cap_fp=0 cap_fi=0 cap_fe=0 cap_fver=0 cap_frootid=0OUID="root" OGID="root"
type=CRED_REFR msg=audit(1769929292.854:4114): pid=1069 uid=1102 auid=1441 ses=3 subj=unconfined msg='op=PAM:setcred grantors=pam_permit,pam_cap acct="root" exe="/usr/bin/sed" hostname=? addr=? terminal=/dev/pts/0 res=success'UID="heroic" AUID="heroic"
type=PATH msg=audit(1769929061.510:4256): item=1 name="/lib64/ld-linux-x86-64.so.2" inode=1574910 dev=8:2 mode=100385 ouid=0 ogid=0 rdev=0:0 nametype=NORMAL cap_fp=0 cap_fi=0 cap_fe=0 cap_fver=0 cap_frootid=0OUID="root" OGID="root"
type=PATH msg=audit(1769928666.948:6150): item=0 name="/usr/bin/uname" inode=1577971 dev=8:2 mode=100890 ouid=0 ogid=0 rdev=0:0 nametype=NORMAL cap_fp=0 cap_fi=0 cap_fe=0 cap_fver=0 cap_frootid=0OUID="root" OGID="root"
type=PATH msg=audit(1769928718.494:6497): item=0 name="/usr/bin/basename" inode=1577750 dev=8:2 mode=100898 ouid=0 ogid=0 rdev=0:0 nametype=NORMAL cap_fp=0 cap_fi=0 cap_fe=0 cap_fver=0 cap_frootid=0OUID="root" OGID="root"
type=PATH msg=audit(1769929239.907:4417): item=0 name="/usr/bin/sudo" inode=1573783 dev=8:2 mode=104921 ouid=0 ogid=0 rdev=0:0 nametype=NORMAL cap_fp=0 cap_fi=0 cap_fe=0 cap_fver=0 cap_frootid=0OUID="root" OGID="root"
type=SYSCALL msg=audit(1769929206.910:4962): arch=c000003e syscall=59 success=yes exit=0 a0=593b4a2efb68 a1=593b4a304500 a2=593b4a3933c0 a3=64 items=2 ppid=3484 pid=5068 auid=1070 uid=0 gid=0 euid=0 suid=0 fsuid=0 egid=0 sgid=0 fsgid=0 tty=pts3 ses=5 comm="sed" exe="/bin/sh" subj=unconfined key="process_exec"ARCH=x86_64 SYSCALL=execve AUID="heroic" UID="root" GID="root" EUID="root" SUID="root" FSUID="root" EGID="root" SGID="root" FSGID="root"
type=SYSCALL msg=audit(1769928854.85:6699): arch=c000003e syscall=59 success=yes exit=0 a0=5da302dc87a0 a1=5da302dc8800 a2=5da302dc08f0 a3=5da302dc8800 items=2 ppid=8567 pid=9271 auid=1451 uid=1484 gid=1234 euid=1102 suid=694 fsuid=689 egid=1053 sgid=1053 fsgid=949 tty=pts0 ses=3 comm="ss" exe="/usr/bin/sed" subj=unconfined key="process_exec"ARCH=x86_64 SYSCALL=execve AUID="heroic" UID="heroic" GID="heroic" EUID="heroic" SUID="heroic" FSUID="heroic" EGID="heroic" SGID="heroic" FSGID="heroic"
type=CWD msg=audit(1769928617.179:4968): cwd="/home/heroic"
type=PATH msg=audit(1769928814.1003:5578): item=1 name="/lib64/ld-linux-x86-64.so.2" inode=1575683 dev=8:2 mode=101000 ouid=0 ogid=0 rdev=0:0 nametype=NORMAL cap_fp=0 cap_fi=0 cap_fe=0 cap_fver=0 cap_frootid=0OUID="root" OGID="root"
type=SYSCALL msg=audit(1769929386.1049:6237): arch=c000003e syscall=59 success=yes exit=0 a0=5c292db22c90 a1=5c292db15db0 a2=7fff430b1068 a3=5c292db15be0 items=2 ppid=3866 pid=7566 auid=609 uid=0 gid=0 euid=0 suid=0 fsuid=0 egid=0 sgid=0 fsgid=0 tty=pts2 ses=3 comm="sh" exe="/usr/bin/sudo" subj=unconfined key="process_exec"ARCH=x86_64 SYSCALL=execve AUID="heroic" UID="root" GID="root" EUID="root" SUID="root" FSUID="root" EGID="root" SGID="root" FSGID="root"
type=PATH msg=audit(1769929021.357:8896): item=1 name="/lib64/ld-linux-x86-64.so.2" inode=1575802 dev=8:2 mode=100598 ouid=0 ogid=0 rdev=0:0 nametype=NORMAL cap_fp=0 cap_fi=0 cap_fe=0 cap_fver=0 cap_frootid=0OUID="root" OGID="root"
type=CWD msg=audit(1769929142.448:8871): cwd="/var/ossec"
type=PATH msg=audit(1769929040.1316:8124): item=2 name="/lib64/ld-linux-x86-64.so.2" inode=1575500 dev=8:2 mode=100361 ouid=0 ogid=0 rdev=0:0 nametype=NORMAL cap_fp=0 cap_fi=0 cap_fe=0 cap_fver=0 cap_frootid=0OUID="root" OGID="root"
type=EXECVE msg=audit(1769929014.564:4610): argc=58 a0="rm" a1="-f" a2="file_10.dat" a3="file_11.dat" a4="file_12.dat" a5="file_13.dat" a6="file_14.dat" a7="file_15.dat" a8="file_16.dat" a9="file_17.dat" a10="file_18.dat" a11="file_19.dat" a12="file_1.dat" a13="file_20.dat" a14="file_21.dat" a15="file_22.dat" a16="file_23.dat" a17="file_24.dat" a18="file_25.dat" a19="file_26.dat" a20="file_27.dat" a21="file_28.dat" a22="file_29.dat" a23="file_2.dat" a24="file_30.dat" a25="file_31.dat" a26="file_32.dat" a27="file_33.dat" a28="file_34.dat" a29="file_35.dat" a30="file_36.dat" a31="file_37.dat" a32="file_38.dat" a33="file_39.dat" a34="file_3.dat" a35="file_40.dat" a36="file_41.dat" a37="file_42.dat" a38="file_43.dat" a39="file_44.dat" a40="file_45.dat" a41="file_46.dat" a42="file_47.dat" a43="file_48.dat" a44="file_49.dat" a45="file_4.dat" a46="file_50.dat" a47="file_5.dat" a48="file_6.dat" a49="file_7.dat" a50="file_8.dat" a51="file_9.dat" a52="payload.sh" a53="recon.txt" a54="netstat.txt" a55="processes.txt" a56="sudo_enum.txt" a57="sudo_test.txt"
type=CWD msg=audit(1769929209.467:6652): cwd="/tmp"
type=CWD msg=audit(1769928965.195:9927): cwd="/usr/local/bin"
type=PATH msg=audit(1769929183.394:4424): item=0 name="/usr/bin/mkdir" inode=1578129 dev=8:2 mode=100976 ouid=0 ogid=0 rdev=0:0 nametype=NORMAL cap_fp=0 cap_fi=0 cap_fe=0 cap_fver=0 cap_frootid=0OUID="root" OGID="root"
type=EXECVE msg=audit(1769929401.387:6564): argc=1 a0="bash"
type=CRED_REFR msg=audit(1769929267.917:4769): pid=8425 uid=694 auid=1376 ses=3 subj=unconfined msg='op=PAM:setcred grantors=pam_permit,pam_cap acct="root" exe="/usr/bin/last" hostname=? addr=? terminal=/dev/pts/0 res=success'UID="heroic" AUID="heroic"
type=PROCTITLE msg=audit(1769928464.337:4677): proctitle=6C73002D2D636F6C6F723D6175746F
type=USER_ACCT msg=audit(1769928835.207:5971): pid=9454 uid=794 auid=628 ses=3 subj=unconfined msg='op=PAM:accounting grantors=pam_permit,pam_localuser acct="heroic" exe="/usr/bin/df" hostname=? addr=? terminal=/dev/pts/0 res=success'UID="heroic" AUID="heroic"
type=PATH msg=audit(1769929163.1108:9507): item=0 name="/usr/libexec/gvfsd-recent" inode=1589489 dev=8:2 mode=101102 ouid=0 ogid=0 rdev=0:0 nametype=NORMAL cap_fp=0 cap_fi=0 cap_fe=0 cap_fver=0 cap_frootid=0OUID="root" OGID="root"
type=SYSCALL msg=audit(1769928516.772:4065): arch=c000003e syscall=59 success=yes exit=0 a0=5da302dc7420 a1=5da302dccf70 a2=5da302dc08f0 a3=5da302dcb510 items=2 ppid=8749 pid=9433 auid=617 uid=835 gid=865 euid=1225 suid=1010 fsuid=617 egid=1438 sgid=728 fsgid=1163 tty=pts0 ses=3 comm="ss" exe="/usr/bin/sed" subj=unconfined key="process_exec"ARCH=x86_64 SYSCALL=execve AUID="heroic" UID="heroic" GID="heroic" EUID="heroic" SUID="heroic" FSUID="heroic" EGID="heroic" SGID="heroic" FSGID="heroic"
type=USER_START msg=audit(1769928832.568:9318): pid=9047 uid=562 auid=508 ses=3 subj=unconfined msg='op=PAM:session_open grantors=pam_limits,pam_env,pam_env,pam_permit,pam_umask,pam_unix acct="root" exe="/usr/bin/python3" hostname=? addr=? terminal=/dev/pts/0 res=success'UID="heroic" AUID="heroic"
type=PATH msg=audit(1769929160.1017:6430): item=0 name="/usr/bin/sudo" inode=1574742 dev=8:2 mode=105174 ouid=0 ogid=0 rdev=0:0 nametype=NORMAL cap_fp=0 cap_fi=0 cap_fe=0 cap_fver=0 cap_frootid=0OUID="root" OGID="root"
type=CWD msg=audit(1769928929.488:4482): cwd="/var/ossec"
type=PATH msg=audit(1769928936.665:4480): item=1 name="/lib64/ld-linux-x86-64.so.2" inode=1574867 dev=8:2 mode=100806 ouid=0 ogid=0 rdev=0:0 nametype=NORMAL cap_fp=0 cap_fi=0 cap_fe=0 cap_fver=0 cap_frootid=0OUID="root" OGID="root"
type=PATH msg=audit(1769929323.435:9723): item=0 name="/usr/bin/sleep" inode=1578301 dev=8:2 mode=101114 ouid=0 ogid=0 rdev=0:0 nametype=NORMAL cap_fp=0 cap_fi=0 cap_fe=0 cap_fver=0 cap_frootid=0OUID="root" OGID="root"
type=USER_CMD msg=audit(1769928462.206:5842): pid=6543 uid=759 auid=1136 ses=3 subj=unconfined msg='cwd="/var/ossec" cmd="whoami" exe="/usr/bin/df" terminal=pts/0 res=success'UID="heroic" AUID="heroic"
type=PATH msg=audit(1769929354.174:4105): item=0 name="./malicious_local.sh" inode=1197511 dev=8:2 mode=100541 ouid=907 ogid=1231 rdev=0:0 nametype=NORMAL cap_fp=0 cap_fi=0 cap_fe=0 cap_fver=0 cap_frootid=0OUID="heroic" OGID="heroic"
type=PATH msg=audit(1769929361.260:4323): item=1 name="/lib64/ld-linux-x86-64.so.2" inode=1575143 dev=8:2 mode=100496 ouid=0 ogid=0 rdev=0:0 nametype=NORMAL cap_fp=0 cap_fi=0 cap_fe=0 cap_fver=0 cap_frootid=0OUID="root" OGID="root"
type=EXECVE msg=audit(1769929119.91:9440): argc=1 a0="id"
type=USER_ACCT msg=audit(1769929320.78:9453): pid=8288 uid=510 auid=1290 ses=3 subj=unconfined msg='op=PAM:accounting grantors=pam_permit,pam_localuser acct="heroic" exe="/bin/sh" hostname=? addr=? terminal=/dev/pts/0 res=success'UID="heroic" AUID="heroic"
type=CRED_DISP msg=audit(1769929334.92:5445): pid=5541 uid=1355 auid=1241 ses=3 subj=unconfined msg='op=PAM:setcred grantors=pam_permit acct="root" exe="/usr/bin/python3" hostname=? addr=? terminal=/dev/pts/0 res=success'UID="heroic" AUID="heroic"
type=EXECVE msg=audit(1769928854.428:7560): argc=2 a0="dirname" a1="/usr/bin/lesspipe"
type=PATH msg=audit(1769929004.1342:5809): item=1 name="/lib64/ld-linux-x86-64.so.2" inode=1575203 dev=8:2 mode=100730 ouid=0 ogid=0 rdev=0:0 nametype=NORMAL cap_fp=0 cap_fi=0 cap_fe=0 cap_fver=0 cap_frootid=0OUID="root" OGID="root"
type=BPRM_FCAPS msg=audit(1769929354.461:6921): fver=0 fp=0 fi=0 fe=0 old_pp=000001fffffeffff old_pi=0 old_pe=000001fffffeffff old_pa=0 pp=000001fffffeffff pi=0 pe=000001fffffeffff pa=0 frootid=0
type=CWD msg=audit(1769929209.776:4863): cwd="/tmp"
type=PATH msg=audit(1769928864.1048:6588): item=0 name="/usr/bin/gpg" inode=1574192 dev=8:2 mode=100599 ouid=0 ogid=0 rdev=0:0 nametype=NORMAL cap_fp=0 cap_fi=0 cap_fe=0 cap_fver=0 cap_frootid=0OUID="root" OGID="root"
type=CWD msg=audit(1769928800.481:6777): cwd="/tmp"
type=PROCTITLE msg=audit(1769929361.25:7550): proctitle=707300617578
type=SYSCALL msg=audit(1769929064.186:4523): arch=c000003e syscall=59 success=yes exit=0 a0=624b72f0d050 a1=624b72f0d150 a2=624b72f0c4b0 a3=624b72f0d1e0 items=2 ppid=1944 pid=7741 auid=4294967791 uid=0 gid=0 euid=0 suid=0 fsuid=0 egid=0 sgid=0 fsgid=0 tty=(none) ses=4294967188 comm="ss" exe="/bin/sh" subj=unconfined key="process_exec"ARCH=x86_64 SYSCALL=execve AUID="unset" UID="root" GID="root" EUID="root" SUID="root" FSUID="root" EGID="root" SGID="root" FSGID="root"
type=PATH msg=audit(1769929116.1279:5004): item=1 name="/lib64/ld-linux-x86-64.so.2" inode=1574988 dev=8:2 mode=100561 ouid=0 ogid=0 rdev=0:0 nametype=NORMAL cap_fp=0 cap_fi=0 cap_fe=0 cap_fver=0 cap_frootid=0OUID="root" OGID="root"
type=PATH msg=audit(1769929216.140:7835): item=0 name="/usr/sbin/anacron" inode=1589028 dev=8:2 mode=100891 ouid=0 ogid=0 rdev=0:0 nametype=NORMAL cap_fp=0 cap_fi=0 cap_fe=0 cap_fver=0 cap_frootid=0OUID="root" OGID="root"
type=USER_START msg=audit(1769928786.401:9189): pid=6503 uid=1207 auid=1327 ses=3 subj=unconfined msg='op=PAM:session_open grantors=pam_limits,pam_env,pam_env,pam_permit,pam_umask,pam_unix acct="root" exe="/usr/bin/sort" hostname=? addr=? terminal=/dev/pts/0 res=success'UID="heroic" AUID="heroic"
type=CWD msg=audit(1769929025.79:4070): cwd="/usr/local/bin"
type=PATH msg=audit(1769929295.818:7954): item=1 name="/lib64/ld-linux-x86-64.so.2" inode=1575763 dev=8:2 mode=100544 ouid=0 ogid=0 rdev=0:0 nametype=NORMAL cap_fp=0 cap_fi=0 cap_fe=0 cap_fver=0 cap_frootid=0OUID="root" OGID="root"
type=PATH msg=audit(1769929178.1079:5541): item=0 name="/usr/bin/rm" inode=1578593 dev=8:2 mode=101176 ouid=0 ogid=0 rdev=0:0 nametype=NORMAL cap_fp=0 cap_fi=0 cap_fe=0 cap_fver=0 cap_frootid=0OUID="root" OGID="root"
type=PROCTITLE msg=audit(1769928676.500:6861): proctitle=2F7573722F6C69622F73797374656D642F73797374656D642D6578656375746F72002D2D646573657269616C697A6500313236002D2D6C6F672D6C6576656C00696E666F002D2D6C6F672D746172676574006A6F75726E616C2D6F722D6B6D7367
type=SYSCALL msg=audit(1769929182.417:8345): arch=c000003e syscall=59 success=yes exit=0 a0=5da302dc7a40 a1=5da302dc7010 a2=5da302dc08f0 a3=5da302dc7010 items=2 ppid=1292 pid=9270 auid=1214 uid=525 gid=1302 euid=1076 suid=1175 fsuid=1002 egid=822 sgid=1351 fsgid=1305 tty=pts0 ses=3 comm="tail" exe="/usr/bin/sort" subj=unconfined key="process_exec"ARCH=x86_64 SYSCALL=execve AUID="heroic" UID="heroic" GID="heroic" EUID="heroic" SUID="heroic" FSUID="heroic" EGID="heroic" SGID="heroic" FSGID="heroic"
type=CWD msg=audit(1769928629.267:6206): cwd="/var/ossec"
type=USER_END msg=audit(1769929368.67:8550): pid=9242 uid=772 auid=1123 ses=3 subj=unconfined msg='op=PAM:session_close grantors=pam_limits,pam_env,pam_env,pam_permit,pam_umask,pam_unix acct="root" exe="/usr/bin/sort" hostname=? addr=? terminal=/dev/pts/0 res=success'UID="heroic" AUID="heroic"
type=USER_ACCT msg=audit(1769928897.1039:4636): pid=1486 uid=584 auid=1433 ses=3 subj=unconfined msg='op=PAM:accounting grantors=pam_permit,pam_localuser acct="heroic" exe="/usr/bin/sort" hostname=? addr=? terminal=/dev/pts/0 res=success'UID="heroic" AUID="heroic"
type=PATH msg=audit(1769928453.110:5728): item=0 name="/usr/bin/whoami" inode=1577943 dev=8:2 mode=101244 ouid=0 ogid=0 rdev=0:0 nametype=NORMAL cap_fp=0 cap_fi=0 cap_fe=0 cap_fver=0 cap_frootid=0OUID="root" OGID="root"
type=USER_START msg=audit(1769929011.39:4344): pid=1581 uid=1317 auid=757 ses=3 subj=unconfined msg='op=PAM:session_open grantors=pam_limits,pam_env,pam_env,pam_permit,pam_umask,pam_unix acct="root" exe="/usr/bin/sed" hostname=? addr=? terminal=/dev/pts/0 res=success'UID="heroic" AUID="heroic"
type=PATH msg=audit(1769929004.458:8978): item=1 name="/lib64/ld-linux-x86-64.so.2" inode=1574956 dev=8:2 mode=100519 ouid=0 ogid=0 rdev=0:0 nametype=NORMAL cap_fp=0 cap_fi=0 cap_fe=0 cap_fver=0 cap_frootid=0OUID="root" OGID="root"
type=PATH msg=audit(1769929264.786:5255): item=0 name="/usr/libexec/nm-dispatcher" inode=1586216 dev=8:2 mode=100898 ouid=0 ogid=0 rdev=0:0 nametype=NORMAL cap_fp=0 cap_fi=0 cap_fe=0 cap_fver=0 cap_frootid=0OUID="root" OGID="root"
type=PATH msg=audit(1769928763.65:8903): item=0 name="/usr/bin/sudo" inode=1574377 dev=8:2 mode=105229 ouid=0 ogid=0 rdev=0:0 nametype=NORMAL cap_fp=0 cap_fi=0 cap_fe=0 cap_fver=0 cap_frootid=0OUID="root" OGID="root"
type=CWD msg=audit(1769928591.628:9403): cwd="/tmp"
type=PROCTITLE msg=audit(1769928650.37:6859): proctitle=726D002D66002F6574632F63726F6E2E642F686964735F70657273697374
type=CWD msg=audit(1769929404.1171:5410): cwd="/usr/local/bin"
type=SYSCALL msg=audit(1769928479.1049:5785): arch=c000003e syscall=59 success=yes exit=0 a0=7ffd2e5d34c0 a1=7ffd2e5d34e0 a2=7ffd2e5d3fd0 a3=8 items=2 ppid=9487 pid=9301 auid=4294967405 uid=0 gid=0 euid=0 suid=0 fsuid=0 egid=0 sgid=0 fsgid=0 tty=(none) ses=4294967526 comm="sh" exe="/usr/bin/netstat" subj=unconfined key="process_exec"ARCH=x86_64 SYSCALL=execve AUID="unset" UID="root" GID="root" EUID="root" SUID="root" FSUID="root" EGID="root" SGID="root" FSGID="root"
type=EXECVE msg=audit(1769928904.608:8721): argc=2 a0="/bin/sh" a1="/etc/gdm3/PrimeOff/Default"
type=CRED_REFR msg=audit(1769929228.67:8646): pid=2705 uid=1173 auid=1444 ses=3 subj=unconfined msg='op=PAM:setcred grantors=pam_permit,pam_cap acct="root" exe="/usr/bin/python3" hostname=? addr=? terminal=/dev/pts/0 res=success'UID="heroic" AUID="heroic"
type=USER_ACCT msg=audit(1769929256.723:9416): pid=996 uid=936 auid=1448 ses=3 subj=unconfined msg='op=PAM:accounting grantors=pam_permit,pam_localuser acct="heroic" exe="/usr/bin/last" hostname=? addr=? terminal=/dev/pts/0 res=success'UID="heroic" AUID="heroic"
type=USER_END msg=audit(1769928427.779:5543): pid=6332 uid=1231 auid=918 ses=3 subj=unconfined msg='op=PAM:session_close grantors=pam_limits,pam_env,pam_env,pam_permit,pam_umask,pam_unix acct="root" exe="/usr/bin/sort" hostname=? addr=? terminal=/dev/pts/0 res=success'UID="heroic" AUID="heroic"
type=EXECVE msg=audit(1769929278.978:4339): argc=2 a0="uname" a1="-a"
type=PATH msg=audit(1769929390.787:6888): item=1 name="/lib64/ld-linux-x86-64.so.2" inode=1574988 dev=8:2 mode=100457 ouid=0 ogid=0 rdev=0:0 nametype=NORMAL cap_fp=0 cap_fi=0 cap_fe=0 cap_fver=0 cap_frootid=0OUID="root" OGID="root"
type=EXECVE msg=audit(1769929251.347:8869): argc=2 a0="sudo" a1="whoami"
type=EXECVE msg=audit(1769928464.149:7547): argc=4 a0="/bin/sh" a1="/usr/lib/sysstat/sa1" a2="1" a3="1"
type=CRED_REFR msg=audit(1769929191.1181:4689): pid=4076 uid=730 auid=751 ses=3 subj=unconfined msg='op=PAM:setcred grantors=pam_permit,pam_cap acct="root" exe="/usr/bin/df" hostname=? addr=? terminal=/dev/pts/0 res=success'UID="heroic" AUID="heroic"
type=PROCTITLE msg=audit(1769928699.234:7525): proctitle=736C656570003930
type=SYSCALL msg=audit(1769928565.614:9061): arch=c000003e syscall=1 success=yes exit=1 a0=7 a1=7ffeb4c10450 a2=1 a3=0 items=0 ppid=3367 pid=9700 auid=0 uid=0 gid=0 euid=0 suid=0 fsuid=0 egid=0 sgid=0 fsgid=0 tty=(none) ses=6 comm="sudo" exe="/usr/bin/last" subj=unconfined key=(null)ARCH=x86_64 SYSCALL=write AUID="root" UID="root" GID="root" EUID="root" SUID="root" FSUID="root" EGID="root" SGID="root" FSGID="root"
type=CWD msg=audit(1769929372.782:4279): cwd="/root"
type=SERVICE_START msg=audit(1769928669.986:7690): pid=2150 uid=0 auid=4294967028 ses=4294967240 subj=unconfined msg='unit=NetworkManager-dispatcher comm="sh" exe="/bin/sh" hostname=? addr=? terminal=? res=success'UID="root" AUID="unset"
type=PATH msg=audit(1769928953.391:4378): item=1 name="/lib64/ld-linux-x86-64.so.2" inode=1575442 dev=8:2 mode=100899 ouid=0 ogid=0 rdev=0:0 nametype=NORMAL cap_fp=0 cap_fi=0 cap_fe=0 cap_fver=0 cap_frootid=0OUID="root" OGID="root"
type=PATH msg=audit(1769929371.71:5858): item=1 name="/lib64/ld-linux-x86-64.so.2" inode=1575055 dev=8:2 mode=100260 ouid=0 ogid=0 rdev=0:0 nametype=NORMAL cap_fp=0 cap_fi=0 cap_fe=0 cap_fver=0 cap_frootid=0OUID="root" OGID="root"
type=EXECVE msg=audit(1769928866.309:7081): argc=2 a0="ps" a1="aux"
type=PATH msg=audit(1769929061.484:7146): item=1 name="/lib64/ld-linux-x86-64.so.2" inode=1575352 dev=8:2 mode=100604 ouid=0 ogid=0 rdev=0:0 nametype=NORMAL cap_fp=0 cap_fi=0 cap_fe=0 cap_fver=0 cap_frootid=0OUID="root" OGID="root"
type=EXECVE msg=audit(1769928898.310:5118): argc=2 a0="ss" a1="-tulnp"
type=PATH msg=audit(1769929363.758:3649): item=1 name="/lib64/ld-linux-x86-64.so.2" inode=1574874 dev=8:2 mode=100688 ouid=0 ogid=0 rdev=0:0 nametype=NORMAL cap_fp=0 cap_fi=0 cap_fe=0 cap_fver=0 cap_frootid=0OUID="root" OGID="root"
type=CRED_DISP msg=audit(1769929344.664:5092): pid=7762 uid=665 auid=886 ses=3 subj=unconfined msg='op=PAM:setcred grantors=pam_permit acct="root" exe="/usr/bin/tail" hostname=? addr=? terminal=/dev/pts/0 res=success'UID="heroic" AUID="heroic"
type=PATH msg=audit(1769929245.343:5084): item=0 name="/usr/bin/sleep" inode=1578423 dev=8:2 mode=100523 ouid=0 ogid=0 rdev=0:0 nametype=NORMAL cap_fp=0 cap_fi=0 cap_fe=0 cap_fver=0 cap_frootid=0OUID="root" OGID="root"
type=PATH msg=audit(1769929061.479:5056): item=1 name="/etc/cron.d/hids_persist" inode=1704624 dev=8:2 mode=100273 ouid=0 ogid=0 rdev=0:0 nametype=DELETE cap_fp=0 cap_fi=0 cap_fe=0 cap_fver=0 cap_frootid=0OUID="root" OGID="root"
type=PATH msg=audit(1769928500.421:7115): item=0 name="/usr/bin/whoami" inode=1578201 dev=8:2 mode=101092 ouid=0 ogid=0 rdev=0:0 nametype=NORMAL cap_fp=0 cap_fi=0 cap_fe=0 cap_fver=0 cap_frootid=0OUID="root" OGID="root"
type=PATH msg=audit(1769928984.552:9081): item=0 name="/usr/bin/sleep" inode=1578511 dev=8:2 mode=100727 ouid=0 ogid=0 rdev=0:0 nametype=NORMAL cap_fp=0 cap_fi=0 cap_fe=0 cap_fver=0 cap_frootid=0OUID="root" OGID="root"
type=PATH msg=audit(1769928653.384:7196): item=0 name="/usr/bin/uname" inode=1578028 dev=8:2 mode=100915 ouid=0 ogid=0 rdev=0:0 nametype=NORMAL cap_fp=0 cap_fi=0 cap_fe=0 cap_fver=0 cap_frootid=0OUID="root" OGID="root"
type=CWD msg=audit(1769928443.1081:5260): cwd="/usr/local/bin"
type=PROCTITLE msg=audit(1769929053.776:5808): proctitle=746565002F6574632F63726F6E2E642F686964735F70657273697374
type=USER_CMD msg=audit(1769928517.766:5775): pid=8613 uid=507 auid=1273 ses=3 subj=unconfined msg='cwd="/var/ossec" cmd="whoami" exe="/usr/bin/last" terminal=pts/0 res=success'UID="heroic" AUID="heroic"
type=PATH msg=audit(1769929124.677:5251): item=1 name="/lib64/ld-linux-x86-64.so.2" inode=1575438 dev=8:2 mode=100659 ouid=0 ogid=0 rdev=0:0 nametype=NORMAL cap_fp=0 cap_fi=0 cap_fe=0 cap_fver=0 cap_frootid=0OUID="root" OGID="root"
type=SYSCALL msg=audit(1769928671.791:9846): arch=c000003e syscall=59 success=yes exit=0 a0=64e1754cff30 a1=64e1754cfc10 a2=64e1754c38f0 a3=64e1754cf950 items=2 ppid=1105 pid=5081 auid=515 uid=522 gid=924 euid=1423 suid=919 fsuid=877 egid=1307 sgid=974 fsgid=950 tty=pts0 ses=3 comm="ss" exe="/usr/bin/sudo" subj=unconfined key="process_exec"ARCH=x86_64 SYSCALL=execve AUID="heroic" UID="heroic" GID="heroic" EUID="heroic" SUID="heroic" FSUID="heroic" EGID="heroic" SGID="heroic" FSGID="heroic"
type=PATH msg=audit(1769929120.302:7470): item=1 name="/lib64/ld-linux-x86-64.so.2" inode=1575219 dev=8:2 mode=100952 ouid=0 ogid=0 rdev=0:0 nametype=NORMAL cap_fp=0 cap_fi=0 cap_fe=0 cap_fver=0 cap_frootid=0OUID="root" OGID="root"
type=EXECVE msg=audit(1769928548.210:6380): argc=2 a0="sudo" a1="-l"
type=SYSCALL msg=audit(1769928869.118:5894): arch=c000003e syscall=59 success=yes exit=0 a0=5da302dccb90 a1=5da302dc7440 a2=5da302dc08f0 a3=5da302dc7440 items=2 ppid=5280 pid=1916 auid=699 uid=923 gid=952 euid=684 suid=516 fsuid=1097 egid=984 sgid=993 fsgid=988 tty=pts0 ses=3 comm="df" exe="/usr/bin/netstat" subj=unconfined key="process_exec"ARCH=x86_64 SYSCALL=execve AUID="heroic" UID="heroic" GID="heroic" EUID="heroic" SUID="heroic" FSUID="heroic" EGID="heroic" SGID="heroic" FSGID="heroic"
type=PATH msg=audit(1769928958.292:10088): item=1 name="/lib64/ld-linux-x86-64.so.2" inode=1575599 dev=8:2 mode=100494 ouid=0 ogid=0 rdev=0:0 nametype=NORMAL cap_fp=0 cap_fi=0 cap_fe=0 cap_fver=0 cap_frootid=0OUID="root" OGID="root"
type=SYSCALL msg=audit(1769928717.1020:7491): arch=c000003e syscall=59 success=no exit=-2 a0=7ffd3d275aad a1=648e265e06a0 a2=7ffd3d279908 a3=0 items=1 ppid=2650 pid=4041 auid=1291 uid=570 gid=521 euid=846 suid=1276 fsuid=1310 egid=801 sgid=560 fsgid=1186 tty=(none) ses=5 comm="python" exe="/usr/bin/netstat" subj=desktop-icons-ng key="process_exec"ARCH=x86_64 SYSCALL=execve AUID="heroic" UID="heroic" GID="heroic" EUID="heroic" SUID="heroic" FSUID="heroic" EGID="heroic" SGID="heroic" FSGID="heroic"
type=PATH msg=audit(1769929055.203:7944): item=1 name="/lib64/ld-linux-x86-64.so.2" inode=1574885 dev=8:2 mode=101094 ouid=0 ogid=0 rdev=0:0 nametype=NORMAL cap_fp=0 cap_fi=0 cap_fe=0 cap_fver=0 cap_frootid=0OUID="root" OGID="root"
type=CWD msg=audit(1769928920.909:9409): cwd="/var/ossec"
type=PROCTITLE msg=audit(1769929216.588:6204): proctitle=2F62696E2F7368002F7573722F62696E2F6C65737370697065
type=PATH msg=audit(1769928510.130:9116): item=0 name="/usr/bin/sleep" inode=1577993 dev=8:2 mode=100954 ouid=0 ogid=0 rdev=0:0 nametype=NORMAL cap_fp=0 cap_fi=0 cap_fe=0 cap_fver=0 cap_frootid=0OUID="root" OGID="root"
type=PROCTITLE msg=audit(1769928491.85:9075): proctitle="whoami"
type=CWD msg=audit(1769928722.391:9501): cwd="/home/heroic"
type=CWD msg=audit(1769928701.464:5241): cwd="/home/heroic"
type=PROCTITLE msg=audit(1769928430.40:5850): proctitle=6375726C002D730066696C653A2F2F2F746D702F686964735F6D616C6963696F75732F7061796C6F61642E7368
type=PROCTITLE msg=audit(1769928794.1106:7366): proctitle=726D002D66002F6574632F63726F6E2E642F686964735F70657273697374
type=EXECVE msg=audit(1769929309.135:8132): argc=4 a0="sh" a1="-c" a2="--" a3=6466202D50
type=PATH msg=audit(1769928983.287:5369): item=0 name="/usr/bin/sleep" inode=1578512 dev=8:2 mode=100646 ouid=0 ogid=0 rdev=0:0 nametype=NORMAL cap_fp=0 cap_fi=0 cap_fe=0 cap_fver=0 cap_frootid=0OUID="root" OGID="root"
type=SYSCALL msg=audit(1769928546.464:5777): arch=c000003e syscall=59 success=yes exit=0 a0=5da302dcd5f0 a1=5da302dcc400 a2=5da302dc08f0 a3=5da302dcd5d0 items=2 ppid=6499 pid=4850 auid=872 uid=1111 gid=776 euid=989 suid=1088 fsuid=1208 egid=567 sgid=522 fsgid=1081 tty=pts0 ses=3 comm="netstat" exe="/usr/bin/python3" subj=unconfined key="process_exec"ARCH=x86_64 SYSCALL=execve AUID="heroic" UID="heroic" GID="heroic" EUID="heroic" SUID="heroic" FSUID="heroic" EGID="heroic" SGID="heroic" FSGID="heroic"
type=EXECVE msg=audit(1769929168.304:3988): argc=3 a0="chmod" a1="+x" a2="payload.sh"
type=LOGIN msg=audit(1769929066.382:9299): pid=4513 uid=0 subj=unconfined old-auid=4294967093 auid=0 tty=(none) old-ses=4294967486 ses=8 res=1UID="root" OLD-AUID="unset" AUID="root"
type=CWD msg=audit(1769928766.745:4846): cwd="/root"
type=EXECVE msg=audit(1769928754.164:5111): argc=3 a0="mkdir" a1="-p" a2="/tmp/hids_malicious"
type=USER_CMD msg=audit(1769928750.24:4555): pid=1177 uid=841 auid=750 ses=3 subj=unconfined msg='cwd="/var/ossec" cmd="whoami" exe="/usr/bin/python3" terminal=pts/0 res=success'UID="heroic" AUID="heroic"
type=EXECVE msg=audit(1769928990.82:5143): argc=1 a0="whoami"
type=CRED_DISP msg=audit(1769928455.385:5481): pid=8063 uid=682 auid=631 ses=3 subj=unconfined msg='op=PAM:setcred grantors=pam_permit acct="root" exe="/usr/bin/sort" hostname=? addr=? terminal=/dev/pts/0 res=success'UID="heroic" AUID="heroic"
type=PATH msg=audit(1769929333.163:5777): item=1 name="/lib64/ld-linux-x86-64.so.2" inode=1575325 dev=8:2 mode=100343 ouid=0 ogid=0 rdev=0:0 nametype=NORMAL cap_fp=0 cap_fi=0 cap_fe=0 cap_fver=0 cap_frootid=0OUID="root" OGID="root"
type=PATH msg=audit(1769928954.63:9653): item=1 name="/lib64/ld-linux-x86-64.so.2" inode=1575027 dev=8:2 mode=100721 ouid=0 ogid=0 rdev=0:0 nametype=NORMAL cap_fp=0 cap_fi=0 cap_fe=0 cap_fver=0 cap_frootid=0OUID="root" OGID="root"
type=SYSCALL msg=audit(1769928815.396:5951): arch=c000003e syscall=59 success=yes exit=0 a0=64e1754d03b0 a1=64e1754cfe70 a2=64e1754c38f0 a3=64e1754cb920 items=2 ppid=2935 pid=7805 auid=591 uid=1356 gid=1240 euid=543 suid=1051 fsuid=659 egid=912 sgid=1430 fsgid=1141 tty=pts0 ses=3 comm="netstat" exe="/usr/bin/sort" subj=unconfined key="process_exec"ARCH=x86_64 SYSCALL=execve AUID="heroic" UID="heroic" GID="heroic" EUID="heroic" SUID="heroic" FSUID="heroic" EGID="heroic" SGID="heroic" FSGID="heroic"
type=SYSCALL msg=audit(1769928709.100:5774): arch=c000003e syscall=59 success=yes exit=0 a0=5da302dc9b60 a1=5da302dca210 a2=5da302dc08f0 a3=5da302dca210 items=2 ppid=4087 pid=8440 auid=1048 uid=1130 gid=1027 euid=1205 suid=664 fsuid=998 egid=1222 sgid=1433 fsgid=1011 tty=pts0 ses=3 comm="python" exe="/usr/bin/netstat" subj=unconfined key="process_exec"ARCH=x86_64 SYSCALL=execve AUID="heroic" UID="heroic" GID="heroic" EUID="heroic" SUID="heroic" FSUID="heroic" EGID="heroic" SGID="heroic" FSGID="heroic"
type=SYSCALL msg=audit(1769929162.943:7467): arch=c000003e syscall=59 success=yes exit=0 a0=5da302dc8600 a1=5da302dcc3f0 a2=5da302dc08f0 a3=5da302dcc3f0 items=2 ppid=2401 pid=3939 auid=1457 uid=1488 gid=763 euid=0 suid=0 fsuid=0 egid=1269 sgid=1127 fsgid=1073 tty=pts0 ses=3 comm="ss" exe="/usr/bin/netstat" subj=unconfined key="process_exec"ARCH=x86_64 SYSCALL=execve AUID="heroic" UID="heroic" GID="heroic" EUID="root" SUID="root" FSUID="root" EGID="heroic" SGID="heroic" FSGID="heroic"
type=PROCTITLE msg=audit(1769928575.782:9577): proctitle=63686D6F64002B78007061796C6F61642E7368
type=USER_CMD msg=audit(1769929033.143:8636): pid=2244 uid=1098 auid=1207 ses=3 subj=unconfined msg='cwd="/tmp" cmd=746565202F6574632F63726F6E2E642F686964735F70657273697374 exe="/usr/bin/tail" terminal=pts/0 res=success'UID="heroic" AUID="heroic"
type=EXECVE msg=audit(1769928461.852:7012): argc=2 a0="tee" a1="/etc/cron.d/hids_persist"
type=CWD msg=audit(1769929076.348:9605): cwd="/tmp"
type=CWD msg=audit(1769929050.553:6410): cwd="/tmp"
type=SYSCALL msg=audit(1769928559.41:4326): arch=c000003e syscall=59 success=yes exit=0 a0=64e1754cfff0 a1=64e1754d11c0 a2=64e1754c38f0 a3=64e1754d11c0 items=2 ppid=4107 pid=8620 auid=839 uid=911 gid=540 euid=0 suid=0 fsuid=0 egid=1109 sgid=830 fsgid=522 tty=pts0 ses=3 comm="sed" exe="/usr/bin/python3" subj=unconfined key="process_exec"ARCH=x86_64 SYSCALL=execve AUID="heroic" UID="heroic" GID="heroic" EUID="root" SUID="root" FSUID="root" EGID="heroic" SGID="heroic" FSGID="heroic"
type=PATH msg=audit(1769929090.366:10045): item=1 name="/lib64/ld-linux-x86-64.so.2" inode=1575276 dev=8:2 mode=100599 ouid=0 ogid=0 rdev=0:0 nametype=NORMAL cap_fp=0 cap_fi=0 cap_fe=0 cap_fver=0 cap_frootid=0OUID="root" OGID="root"
type=EXECVE msg=audit(1769929275.219:5997): argc=3 a0="mkdir" a1="-p" a2="/tmp/hids_malicious"
type=PATH msg=audit(1769928897.742:9465): item=1 name="/lib64/ld-linux-x86-64.so.2" inode=1575542 dev=8:2 mode=100994 ouid=0 ogid=0 rdev=0:0 nametype=NORMAL cap_fp=0 cap_fi=0 cap_fe=0 cap_fver=0 cap_frootid=0OUID="root" OGID="root"
type=SYSCALL msg=audit(1769928412.319:9577): arch=c000003e syscall=59 success=yes exit=0 a0=5da302dc8960 a1=5da302dcc950 a2=5da302dc08f0 a3=5da302dca210 items=2 ppid=9420 pid=9193 auid=1299 uid=627 gid=947 euid=990 suid=759 fsuid=574 egid=1272 sgid=1031 fsgid=712 tty=pts0 ses=3 comm="sh" exe="/usr/bin/sed" subj=unconfined key="process_exec"ARCH=x86_64 SYSCALL=execve AUID="heroic" UID="heroic" GID="heroic" EUID="heroic" SUID="heroic" FSUID="heroic" EGID="heroic" SGID="heroic" FSGID="heroic"
type=CWD msg=audit(1769929066.603:9485): cwd=2F746D702F686964735F6D616C6963696F7573202864656C6574656429
type=PROCTITLE msg=audit(1769929238.1248:7397): proctitle=6375726C002D730066696C653A2F2F2F746D702F686964735F6D616C6963696F75732F7061796C6F61642E7368
type=EXECVE msg=audit(1769929132.1087:7140): argc=3 a0="mkdir" a1="-p" a2="/tmp/hids_malicious"
type=BPRM_FCAPS msg=audit(1769928780.528:9148): fver=0 fp=0 fi=0 fe=0 old_pp=000001fffffeffff old_pi=0 old_pe=000001fffffeffff old_pa=0 pp=000001fffffeffff pi=0 pe=000001fffffeffff pa=0 frootid=0
type=PATH msg=audit(1769928897.612:5369): item=1 name="/lib64/ld-linux-x86-64.so.2" inode=1575390 dev=8:2 mode=100922 ouid=0 ogid=0 rdev=0:0 nametype=NORMAL cap_fp=0 cap_fi=0 cap_fe=0 cap_fver=0 cap_frootid=0OUID="root" OGID="root"
type=PROCTITLE msg=audit(1769929344.108:5522): proctitle="whoami"
type=PATH msg=audit(1769928869.99:8045): item=0 name="/usr/bin/ps" inode=1574122 dev=8:2 mode=100979 ouid=0 ogid=0 rdev=0:0 nametype=NORMAL cap_fp=0 cap_fi=0 cap_fe=0 cap_fver=0 cap_frootid=0OUID="root" OGID="root"
type=SYSCALL msg=audit(1769928953.513:9648): arch=c000003e syscall=687 success=yes exit=3 a0=ffffff9c a1=7ffcecf2e72c a2=595 a3=1b6 items=2 ppid=10185 pid=5430 auid=878 uid=0 gid=0 euid=0 suid=0 fsuid=0 egid=0 sgid=0 fsgid=0 tty=pts4 ses=3 comm="python" exe="/bin/sh" subj=unconfined key="persistence"ARCH=x86_64 SYSCALL=openat AUID="heroic" UID="root" GID="root" EUID="root" SUID="root" FSUID="root" EGID="root" SGID="root" FSGID="root"
type=PROCTITLE msg=audit(1769929315.141:6460): proctitle=2F7573722F62696E2F677067636F6E66002D2D76657273696F6E
type=USER_END msg=audit(1769928817.476:9227): pid=4788 uid=617 auid=1436 ses=3 subj=unconfined msg='op=PAM:session_close grantors=pam_limits,pam_env,pam_env,pam_permit,pam_umask,pam_unix acct="root" exe="/usr/bin/df" hostname=? addr=? terminal=/dev/pts/0 res=success'UID="heroic" AUID="heroic"
type=EXECVE msg=audit(1769928947.672:7085): argc=4 a0="/bin/sh" a1="/usr/lib/sysstat/sa1" a2="1" a3="1"
type=CWD msg=audit(1769929137.1028:9041): cwd="/home/heroic"
type=SYSCALL msg=audit(1769928884.1208:8675): arch=c000003e syscall=59 success=yes exit=0 a0=55e32b46b618 a1=55e32b46b5a0 a2=55e32b46b5c0 a3=8 items=2 ppid=1106 pid=7289 auid=4294967063 uid=0 gid=474 euid=0 suid=0 fsuid=0 egid=410 sgid=277 fsgid=349 tty=(none) ses=4294967085 comm="tail" exe="/bin/sh" subj=unconfined key="process_exec"ARCH=x86_64 SYSCALL=execve AUID="unset" UID="root" GID="wazuh" EUID="root" SUID="root" FSUID="root" EGID="wazuh" SGID="wazuh" FSGID="wazuh"
type=EXECVE msg=audit(1769928649.493:4985): argc=3 a0="chmod" a1="+x" a2="payload.sh"
type=EXECVE msg=audit(1769929021.927:4621): argc=2 a0="ss" a1="-tulnp"
type=CRED_REFR msg=audit(1769929365.517:5667): pid=9863 uid=1432 auid=1338 ses=3 subj=unconfined msg='op=PAM:setcred grantors=pam_permit,pam_cap acct="root" exe="/usr/bin/netstat" hostname=? addr=? terminal=/dev/pts/0 res=success'UID="heroic" AUID="heroic"
type=USER_END msg=audit(1769929240.780:7990): pid=6590 uid=1289 auid=1048 ses=3 subj=unconfined msg='op=PAM:session_close grantors=pam_limits,pam_env,pam_env,pam_permit,pam_umask,pam_unix acct="root" exe="/usr/bin/python3" hostname=? addr=? terminal=/dev/pts/0 res=success'UID="heroic" AUID="heroic"
type=PATH msg=audit(1769929101.467:6664): item=1 name="/lib64/ld-linux-x86-64.so.2" inode=1575657 dev=8:2 mode=100763 ouid=0 ogid=0 rdev=0:0 nametype=NORMAL cap_fp=0 cap_fi=0 cap_fe=0 cap_fver=0 cap_frootid=0OUID="root" OGID="root"
type=PATH msg=audit(1769928529.628:9553): item=1 name="/bin/sh" inode=1573617 dev=8:2 mode=100361 ouid=0 ogid=0 rdev=0:0 nametype=NORMAL cap_fp=0 cap_fi=0 cap_fe=0 cap_fver=0 cap_frootid=0OUID="root" OGID="root"
type=PATH msg=audit(1769929021.896:4249): item=0 name="/usr/bin/tee" inode=1578159 dev=8:2 mode=100719 ouid=0 ogid=0 rdev=0:0 nametype=NORMAL cap_fp=0 cap_fi=0 cap_fe=0 cap_fver=0 cap_frootid=0OUID="root" OGID="root"
type=CWD msg=audit(1769929269.549:6065): cwd="/root"
type=EXECVE msg=audit(1769929055.963:7641): argc=2 a0="sudo" a1="whoami"
type=USER_END msg=audit(1769928620.578:9369): pid=5017 uid=1278 auid=1073 ses=3 subj=unconfined msg='op=PAM:session_close grantors=pam_limits,pam_env,pam_env,pam_permit,pam_umask,pam_unix acct="root" exe="/usr/bin/last" hostname=? addr=? terminal=/dev/pts/0 res=success'UID="heroic" AUID="heroic"
type=PATH msg=audit(1769929368.899:9212): item=2 name="/lib64/ld-linux-x86-64.so.2" inode=1575502 dev=8:2 mode=100362 ouid=0 ogid=0 rdev=0:0 nametype=NORMAL cap_fp=0 cap_fi=0 cap_fe=0 cap_fver=0 cap_frootid=0OUID="root" OGID="root"
type=EXECVE msg=audit(1769928735.349:7107): argc=2 a0="sudo" a1="-l"
type=EXECVE msg=audit(1769928899.148:6359): argc=7 a0="/usr/lib/systemd/systemd-executor" a1="--deserialize" a2="275" a3="--log-level" a4="info" a5="--log-target" a6="journal-or-kmsg"
type=PATH msg=audit(1769928438.55:5963): item=0 name="/usr/bin/su" inode=1578027 dev=8:2 mode=104435 ouid=0 ogid=0 rdev=0:0 nametype=NORMAL cap_fp=0 cap_fi=0 cap_fe=0 cap_fver=0 cap_frootid=0OUID="root" OGID="root"
type=SYSCALL msg=audit(1769928443.897:9702): arch=c000003e syscall=59 success=yes exit=0 a0=5da302dc8960 a1=5da302dced00 a2=5da302dc08f0 a3=5da302dc7460 items=2 ppid=8775 pid=2876 auid=997 uid=528 gid=637 euid=0 suid=0 fsuid=0 egid=812 sgid=784 fsgid=1140 tty=pts0 ses=3 comm="sudo" exe="/usr/bin/tail" subj=unconfined key="process_exec"ARCH=x86_64 SYSCALL=execve AUID="heroic" UID="heroic" GID="heroic" EUID="root" SUID="root" FSUID="root" EGID="heroic" SGID="heroic" FSGID="heroic"
type=CWD msg=audit(1769928961.457:8566): cwd="/tmp"
type=CWD msg=audit(1769929222.711:8129): cwd="/home/heroic"
type=CWD msg=audit(1769928537.1086:7677): cwd="/home/heroic"
type=PATH msg=audit(1769928791.535:7276): item=0 name="/usr/bin/ps" inode=1574356 dev=8:2 mode=101025 ouid=0 ogid=0 rdev=0:0 nametype=NORMAL cap_fp=0 cap_fi=0 cap_fe=0 cap_fver=0 cap_frootid=0OUID="root" OGID="root"
type=USER_CMD msg=audit(1769929038.345:8082): pid=5593 uid=1054 auid=597 ses=3 subj=unconfined msg='cwd="/var/ossec" cmd="whoami" exe="/usr/bin/sort" terminal=pts/0 res=success'UID="heroic" AUID="heroic"
type=SYSCALL msg=audit(1769928421.518:7000): arch=c000003e syscall=59 success=yes exit=0 a0=64e1754cfff0 a1=64e1754cd550 a2=64e1754c38f0 a3=1 items=2 ppid=7187 pid=2998 auid=1406 uid=1414 gid=1198 euid=1261 suid=1497 fsuid=1480 egid=522 sgid=1368 fsgid=1469 tty=pts0 ses=3 comm="last" exe="/usr/bin/sort" subj=unconfined key="process_exec"ARCH=x86_64 SYSCALL=execve AUID="heroic" UID="heroic" GID="heroic" EUID="heroic" SUID="heroic" FSUID="heroic" EGID="heroic" SGID="heroic" FSGID="heroic"
type=PATH msg=audit(1769928848.1462:9079): item=1 name="/lib64/ld-linux-x86-64.so.2" inode=1575072 dev=8:2 mode=100456 ouid=0 ogid=0 rdev=0:0 nametype=NORMAL cap_fp=0 cap_fi=0 cap_fe=0 cap_fver=0 cap_frootid=0OUID="root" OGID="root"
type=CWD msg=audit(1769928805.2:7313): cwd="/root"
type=PATH msg=audit(1769928456.746:9378): item=0 name="/usr/bin/sudo" inode=1574291 dev=8:2 mode=105076 ouid=0 ogid=0 rdev=0:0 nametype=NORMAL cap_fp=0 cap_fi=0 cap_fe=0 cap_fver=0 cap_frootid=0OUID="root" OGID="root"
type=EXECVE msg=audit(1769928451.447:10164): argc=4 a0="/bin/sh" a1="/usr/lib/sysstat/debian-sa1" a2="1" a3="1"
type=PROCTITLE msg=audit(1769929073.627:8993): proctitle=726D646972002F746D702F686964735F6D616C6963696F7573
type=SYSCALL msg=audit(1769928789.427:6622): arch=c000003e syscall=59 success=yes exit=0 a0=64e1754cfb70 a1=64e1754cf330 a2=64e1754c38f0 a3=64e1754cf330 items=2 ppid=1971 pid=7649 auid=679 uid=1270 gid=776 euid=0 suid=0 fsuid=0 egid=572 sgid=1050 fsgid=1492 tty=pts0 ses=3 comm="sed" exe="/usr/bin/sudo" subj=unconfined key="process_exec"ARCH=x86_64 SYSCALL=execve AUID="heroic" UID="heroic" GID="heroic" EUID="root" SUID="root" FSUID="root" EGID="heroic" SGID="heroic" FSGID="heroic"
type=CRED_DISP msg=audit(1769928516.893:7836): pid=5332 uid=760 auid=1129 ses=3 subj=unconfined msg='op=PAM:setcred grantors=pam_permit acct="root" exe="/usr/bin/sort" hostname=? addr=? terminal=/dev/pts/0 res=success'UID="heroic" AUID="heroic"
type=SYSCALL msg=audit(1769928857.1101:7296): arch=c000003e syscall=59 success=yes exit=0 a0=5eaf7e1b53d0 a1=7ffd4a1566f0 a2=7ffd4a157088 a3=0 items=2 ppid=1167 pid=1683 auid=4294967542 uid=0 gid=0 euid=0 suid=0 fsuid=0 egid=0 sgid=0 fsgid=0 tty=(none) ses=4294967440 comm="df" exe="/bin/sh" subj=unconfined key="process_exec"ARCH=x86_64 SYSCALL=execve AUID="unset" UID="root" GID="root" EUID="root" SUID="root" FSUID="root" EGID="root" SGID="root" FSGID="root"
type=SYSCALL msg=audit(1769928678.461:9264): arch=c000003e syscall=59 success=yes exit=0 a0=64e1754cb980 a1=64e1754cff50 a2=64e1754c38f0 a3=64e1754cff50 items=2 ppid=8139 pid=9238 auid=1347 uid=1013 gid=1212 euid=1124 suid=1403 fsuid=1085 egid=538 sgid=1344 fsgid=1249 tty=pts0 ses=3 comm="sed" exe="/usr/bin/tail" subj=unconfined key="process_exec"ARCH=x86_64 SYSCALL=execve AUID="heroic" UID="heroic" GID="heroic" EUID="heroic" SUID="heroic" FSUID="heroic" EGID="heroic" SGID="heroic" FSGID="heroic"
type=PATH msg=audit(1769928433.280:9756): item=0 name="/usr/bin/nautilus" inode=1590221 dev=8:2 mode=100278 ouid=0 ogid=0 rdev=0:0 nametype=NORMAL cap_fp=0 cap_fi=0 cap_fe=0 cap_fver=0 cap_frootid=0OUID="root" OGID="root"
type=PATH msg=audit(1769929240.811:8956): item=1 name="/lib64/ld-linux-x86-64.so.2" inode=1575209 dev=8:2 mode=101108 ouid=0 ogid=0 rdev=0:0 nametype=NORMAL cap_fp=0 cap_fi=0 cap_fe=0 cap_fver=0 cap_frootid=0OUID="root" OGID="root"
type=PATH msg=audit(1769928927.564:4580): item=1 name="/lib64/ld-linux-x86-64.so.2" inode=1574949 dev=8:2 mode=101221 ouid=0 ogid=0 rdev=0:0 nametype=NORMAL cap_fp=0 cap_fi=0 cap_fe=0 cap_fver=0 cap_frootid=0OUID="root" OGID="root"
type=EXECVE msg=audit(1769929305.151:4487): argc=58 a0="rm" a1="-f" a2="file_10.dat" a3="file_11.dat" a4="file_12.dat" a5="file_13.dat" a6="file_14.dat" a7="file_15.dat" a8="file_16.dat" a9="file_17.dat" a10="file_18.dat" a11="file_19.dat" a12="file_1.dat" a13="file_20.dat" a14="file_21.dat" a15="file_22.dat" a16="file_23.dat" a17="file_24.dat" a18="file_25.dat" a19="file_26.dat" a20="file_27.dat" a21="file_28.dat" a22="file_29.dat" a23="file_2.dat" a24="file_30.dat" a25="file_31.dat" a26="file_32.dat" a27="file_33.dat" a28="file_34.dat" a29="file_35.dat" a30="file_36.dat" a31="file_37.dat" a32="file_38.dat" a33="file_39.dat" a34="file_3.dat" a35="file_40.dat" a36="file_41.dat" a37="file_42.dat" a38="file_43.dat" a39="file_44.dat" a40="file_45.dat" a41="file_46.dat" a42="file_47.dat" a43="file_48.dat" a44="file_49.dat" a45="file_4.dat" a46="file_50.dat" a47="file_5.dat" a48="file_6.dat" a49="file_7.dat" a50="file_8.dat" a51="file_9.dat" a52="payload.sh" a53="recon.txt" a54="netstat.txt" a55="processes.txt" a56="sudo_enum.txt" a57="sudo_test.txt"
type=PATH msg=audit(1769929379.341:9355): item=1 name="/lib64/ld-linux-x86-64.so.2" inode=1575639 dev=8:2 mode=101091 ouid=0 ogid=0 rdev=0:0 nametype=NORMAL cap_fp=0 cap_fi=0 cap_fe=0 cap_fver=0 cap_frootid=0OUID="root" OGID="root"
type=PATH msg=audit(1769929081.652:9856): item=1 name="/bin/sh" inode=1573249 dev=8:2 mode=100882 ouid=0 ogid=0 rdev=0:0 nametype=NORMAL cap_fp=0 cap_fi=0 cap_fe=0 cap_fver=0 cap_frootid=0OUID="root" OGID="root"
type=PROCTITLE msg=audit(1769929286.286:8905): proctitle=736C6565700035
type=PROCTITLE msg=audit(1769928983.258:6794): proctitle="whoami"
type=SYSCALL msg=audit(1769929355.1123:8453): arch=c000003e syscall=59 success=yes exit=0 a0=55cec47b6b68 a1=55cec47c6ba0 a2=55cec47d97a0 a3=64 items=2 ppid=4938 pid=4561 auid=754 uid=0 gid=0 euid=0 suid=0 fsuid=0 egid=0 sgid=0 fsgid=0 tty=pts4 ses=3 comm="sort" exe="/usr/bin/netstat" subj=unconfined key="process_exec"ARCH=x86_64 SYSCALL=execve AUID="heroic" UID="root" GID="root" EUID="root" SUID="root" FSUID="root" EGID="root" SGID="root" FSGID="root"
type=CWD msg=audit(1769929308.472:7552): cwd=2F746D702F686964735F6D616C6963696F7573202864656C6574656429
type=CWD msg=audit(1769929077.908:10213): cwd=2F746D702F686964735F6D616C6963696F7573202864656C6574656429
type=EXECVE msg=audit(1769929368.702:7335): argc=18 a0="gpg" a1="--enable-special-filenames" a2="--batch" a3="--no-sk-comments" a4="--homedir" a5="/var/lib/fwupd/gnupg" a6="--status-fd" a7="19" a8="--no-tty" a9="--charset" a10="utf8" a11="--enable-progress-filter" a12="--exit-on-status-write-error" a13="--logger-fd" a14="21" a15="--import" a16="--" a17="-&22"
type=PATH msg=audit(1769929213.269:7096): item=1 name="/lib64/ld-linux-x86-64.so.2" inode=1574845 dev=8:2 mode=100669 ouid=0 ogid=0 rdev=0:0 nametype=NORMAL cap_fp=0 cap_fi=0 cap_fe=0 cap_fver=0 cap_frootid=0OUID="root" OGID="root"
type=PATH msg=audit(1769928956.429:4517): item=0 name="/usr/bin/rmdir" inode=1578085 dev=8:2 mode=100392 ouid=0 ogid=0 rdev=0:0 nametype=NORMAL cap_fp=0 cap_fi=0 cap_fe=0 cap_fver=0 cap_frootid=0OUID="root" OGID="root"
type=PATH msg=audit(1769929131.55:8855): item=1 name="/lib64/ld-linux-x86-64.so.2" inode=1574947 dev=8:2 mode=100696 ouid=0 ogid=0 rdev=0:0 nametype=NORMAL cap_fp=0 cap_fi=0 cap_fe=0 cap_fver=0 cap_frootid=0OUID="root" OGID="root"
type=PROCTITLE msg=audit(1769929061.625:8264): proctitle=7375646F002D6C
type=PATH msg=audit(1769928847.404:9905): item=1 name="/lib64/ld-linux-x86-64.so.2" inode=1575493 dev=8:2 mode=100765 ouid=0 ogid=0 rdev=0:0 nametype=NORMAL cap_fp=0 cap_fi=0 cap_fe=0 cap_fver=0 cap_frootid=0OUID="root" OGID="root"
type=PATH msg=audit(1769929338.662:8882): item=0 name="/usr/bin/ps" inode=1574486 dev=8:2 mode=100617 ouid=0 ogid=0 rdev=0:0 nametype=NORMAL cap_fp=0 cap_fi=0 cap_fe=0 cap_fver=0 cap_frootid=0OUID="root" OGID="root"
type=CWD msg=audit(1769928746.431:5809): cwd="/var/ossec"
type=CWD msg=audit(1769928762.331:7284): cwd="/root"
