type=USER_END msg=audit(1769928911.242:5041): pid=7569 uid=0 auid=1000 ses=5 subj=unconfined msg='op=PAM:session_close grantors=pam_limits,pam_env,pam_env,pam_permit,pam_umask,pam_unix acct="root" exe="/usr/bin/sudo" hostname=? addr=? terminal=/dev/pts/1 res=success'UID="root" AUID="heroic"
type=CRED_DISP msg=audit(1769928911.242:5042): pid=7569 uid=0 auid=1000 ses=5 subj=unconfined msg='op=PAM:setcred grantors=pam_permit acct="root" exe="/usr/bin/sudo" hostname=? addr=? terminal=/dev/pts/1 res=success'UID="root" AUID="heroic"
type=SERVICE_STOP msg=audit(1769928915.440:5043): pid=1 uid=0 auid=4294967295 ses=4294967295 subj=unconfined msg='unit=packagekit comm="systemd" exe="/usr/lib/systemd/systemd" hostname=? addr=? terminal=? res=success'UID="root" AUID="unset"
type=SYSCALL msg=audit(1769928916.603:5044): arch=c000003e syscall=59 success=yes exit=0 a0=5dfa5a7beb00 a1=5dfa5a7be670 a2=5dfa5a7907a0 a3=5dfa5a7be670 items=2 ppid=7536 pid=7573 auid=1000 uid=0 gid=0 euid=0 suid=0 fsuid=0 egid=0 sgid=0 fsgid=0 tty=pts1 ses=5 comm="sudo" exe="/usr/bin/sudo" subj=unconfined key="process_exec"ARCH=x86_64 SYSCALL=execve AUID="heroic" UID="root" GID="root" EUID="root" SUID="root" FSUID="root" EGID="root" SGID="root" FSGID="root"
type=EXECVE msg=audit(1769928916.603:5044): argc=4 a0="sudo" a1="tail" a2="-f" a3="/var/log/audit/audit.log"
type=CWD msg=audit(1769928916.603:5044): cwd="/home/heroic"
type=PATH msg=audit(1769928916.603:5044): item=0 name="/usr/bin/sudo" inode=1574274 dev=08:02 mode=0104755 ouid=0 ogid=0 rdev=00:00 nametype=NORMAL cap_fp=0 cap_fi=0 cap_fe=0 cap_fver=0 cap_frootid=0OUID="root" OGID="root"
type=PATH msg=audit(1769928916.603:5044): item=1 name="/lib64/ld-linux-x86-64.so.2" inode=1575340 dev=08:02 mode=0100755 ouid=0 ogid=0 rdev=00:00 nametype=NORMAL cap_fp=0 cap_fi=0 cap_fe=0 cap_fver=0 cap_frootid=0OUID="root" OGID="root"
type=PROCTITLE msg=audit(1769928916.603:5044): proctitle=7375646F007461696C002D66002F7661722F6C6F672F61756469742F61756469742E6C6F67
type=USER_ACCT msg=audit(1769928916.620:5045): pid=7573 uid=0 auid=1000 ses=5 subj=unconfined msg='op=PAM:accounting grantors=pam_permit,pam_localuser acct="root" exe="/usr/bin/sudo" hostname=? addr=? terminal=/dev/pts/1 res=success'UID="root" AUID="heroic"
type=USER_CMD msg=audit(1769928916.622:5046): pid=7573 uid=0 auid=1000 ses=5 subj=unconfined msg='cwd="/home/heroic" cmd=7461696C202D66202F7661722F6C6F672F61756469742F61756469742E6C6F67 exe="/usr/bin/sudo" terminal=pts/1 res=success'UID="root" AUID="heroic"
type=CRED_REFR msg=audit(1769928916.624:5047): pid=7573 uid=0 auid=1000 ses=5 subj=unconfined msg='op=PAM:setcred grantors=pam_permit,pam_cap acct="root" exe="/usr/bin/sudo" hostname=? addr=? terminal=/dev/pts/1 res=success'UID="root" AUID="heroic"
type=USER_START msg=audit(1769928916.625:5048): pid=7573 uid=0 auid=1000 ses=5 subj=unconfined msg='op=PAM:session_open grantors=pam_limits,pam_env,pam_env,pam_permit,pam_umask,pam_unix acct="root" exe="/usr/bin/sudo" hostname=? addr=? terminal=/dev/pts/1 res=success'UID="root" AUID="heroic"
type=SYSCALL msg=audit(1769928916.627:5049): arch=c000003e syscall=59 success=yes exit=0 a0=653cfd45ab68 a1=653cfd46f500 a2=653cfd4fe350 a3=64 items=2 ppid=7574 pid=7575 auid=1000 uid=0 gid=0 euid=0 suid=0 fsuid=0 egid=0 sgid=0 fsgid=0 tty=pts2 ses=5 comm="tail" exe="/usr/bin/tail" subj=unconfined key="process_exec"ARCH=x86_64 SYSCALL=execve AUID="heroic" UID="root" GID="root" EUID="root" SUID="root" FSUID="root" EGID="root" SGID="root" FSGID="root"
type=EXECVE msg=audit(1769928916.627:5049): argc=3 a0="tail" a1="-f" a2="/var/log/audit/audit.log"
type=CWD msg=audit(1769928916.627:5049): cwd="/home/heroic"
type=PATH msg=audit(1769928916.627:5049): item=0 name="/usr/bin/tail" inode=1578147 dev=08:02 mode=0100755 ouid=0 ogid=0 rdev=00:00 nametype=NORMAL cap_fp=0 cap_fi=0 cap_fe=0 cap_fver=0 cap_frootid=0OUID="root" OGID="root"
type=PATH msg=audit(1769928916.627:5049): item=1 name="/lib64/ld-linux-x86-64.so.2" inode=1575340 dev=08:02 mode=0100755 ouid=0 ogid=0 rdev=00:00 nametype=NORMAL cap_fp=0 cap_fi=0 cap_fe=0 cap_fver=0 cap_frootid=0OUID="root" OGID="root"
type=PROCTITLE msg=audit(1769928916.627:5049): proctitle=7461696C002D66002F7661722F6C6F672F61756469742F61756469742E6C6F67
type=SYSCALL msg=audit(1769929066.082:5050): arch=c000003e syscall=59 success=yes exit=0 a0=7ef0ff5cb42f a1=7ef0fdbebca0 a2=7ffe56934cb8 a3=8 items=2 ppid=2483 pid=7581 auid=4294967295 uid=0 gid=124 euid=0 suid=0 fsuid=0 egid=124 sgid=124 fsgid=124 tty=(none) ses=4294967295 comm="sh" exe="/usr/bin/dash" subj=unconfined key="process_exec"ARCH=x86_64 SYSCALL=execve AUID="unset" UID="root" GID="wazuh" EUID="root" SUID="root" FSUID="root" EGID="wazuh" SGID="wazuh" FSGID="wazuh"
type=EXECVE msg=audit(1769929066.082:5050): argc=4 a0="sh" a1="-c" a2="--" a3=6466202D50
type=CWD msg=audit(1769929066.082:5050): cwd="/var/ossec"
type=PATH msg=audit(1769929066.082:5050): item=0 name="/bin/sh" inode=1573518 dev=08:02 mode=0100755 ouid=0 ogid=0 rdev=00:00 nametype=NORMAL cap_fp=0 cap_fi=0 cap_fe=0 cap_fver=0 cap_frootid=0OUID="root" OGID="root"
type=PATH msg=audit(1769929066.082:5050): item=1 name="/lib64/ld-linux-x86-64.so.2" inode=1575340 dev=08:02 mode=0100755 ouid=0 ogid=0 rdev=00:00 nametype=NORMAL cap_fp=0 cap_fi=0 cap_fe=0 cap_fver=0 cap_frootid=0OUID="root" OGID="root"
type=PROCTITLE msg=audit(1769929066.082:5050): proctitle=7368002D63002D2D006466202D50
type=SYSCALL msg=audit(1769929066.104:5051): arch=c000003e syscall=59 success=yes exit=0 a0=57da724f75c8 a1=57da724f7558 a2=57da724f7570 a3=8 items=2 ppid=7581 pid=7582 auid=4294967295 uid=0 gid=124 euid=0 suid=0 fsuid=0 egid=124 sgid=124 fsgid=124 tty=(none) ses=4294967295 comm="df" exe="/usr/bin/df" subj=unconfined key="process_exec"ARCH=x86_64 SYSCALL=execve AUID="unset" UID="root" GID="wazuh" EUID="root" SUID="root" FSUID="root" EGID="wazuh" SGID="wazuh" FSGID="wazuh"
type=EXECVE msg=audit(1769929066.104:5051): argc=2 a0="df" a1="-P"
type=CWD msg=audit(1769929066.104:5051): cwd="/var/ossec"
type=PATH msg=audit(1769929066.104:5051): item=0 name="/usr/bin/df" inode=1578065 dev=08:02 mode=0100755 ouid=0 ogid=0 rdev=00:00 nametype=NORMAL cap_fp=0 cap_fi=0 cap_fe=0 cap_fver=0 cap_frootid=0OUID="root" OGID="root"
type=PATH msg=audit(1769929066.104:5051): item=1 name="/lib64/ld-linux-x86-64.so.2" inode=1575340 dev=08:02 mode=0100755 ouid=0 ogid=0 rdev=00:00 nametype=NORMAL cap_fp=0 cap_fi=0 cap_fe=0 cap_fver=0 cap_frootid=0OUID="root" OGID="root"
type=PROCTITLE msg=audit(1769929066.104:5051): proctitle=6466002D50
type=SYSCALL msg=audit(1769929067.234:5052): arch=c000003e syscall=59 success=yes exit=0 a0=7ef0ff5cb42f a1=7ef0fe3dcca0 a2=7ffe56934cb8 a3=8 items=2 ppid=2483 pid=7583 auid=4294967295 uid=0 gid=124 euid=0 suid=0 fsuid=0 egid=124 sgid=124 fsgid=124 tty=(none) ses=4294967295 comm="sh" exe="/usr/bin/dash" subj=unconfined key="process_exec"ARCH=x86_64 SYSCALL=execve AUID="unset" UID="root" GID="wazuh" EUID="root" SUID="root" FSUID="root" EGID="wazuh" SGID="wazuh" FSGID="wazuh"
type=EXECVE msg=audit(1769929067.234:5052): argc=4 a0="sh" a1="-c" a2="--" a3=6E657473746174202D74756C706E207C207365642027732F5C285B5B3A616C6E756D3A5D5D5C2B5C295C205C2B5B5B3A64696769743A5D5D5C2B5C205C2B5B5B3A64696769743A5D5D5C2B5C205C2B5C282E2A5C293A5C285B5B3A64696769743A5D5D2A5C295C205C2B5C285B302D395C2E5C3A5C2A5D5C2B5C292E5C2B5C205C285B5B3A64696769743A5D5D2A5C2F5B5B3A616C6E756D3A5D5C2D5D2A5C292E2A2F5C31205C32203D3D205C33203D3D205C34205C352F27207C20736F7274202D6B2034202D67207C207365642027732F203D3D205C282E2A5C29203D3D2F3A5C312F27207C2073656420312C3264
type=CWD msg=audit(1769929067.234:5052): cwd="/var/ossec"
type=PATH msg=audit(1769929067.234:5052): item=0 name="/bin/sh" inode=1573518 dev=08:02 mode=0100755 ouid=0 ogid=0 rdev=00:00 nametype=NORMAL cap_fp=0 cap_fi=0 cap_fe=0 cap_fver=0 cap_frootid=0OUID="root" OGID="root"
type=PATH msg=audit(1769929067.234:5052): item=1 name="/lib64/ld-linux-x86-64.so.2" inode=1575340 dev=08:02 mode=0100755 ouid=0 ogid=0 rdev=00:00 nametype=NORMAL cap_fp=0 cap_fi=0 cap_fe=0 cap_fver=0 cap_frootid=0OUID="root" OGID="root"
type=PROCTITLE msg=audit(1769929067.234:5052): proctitle=7368002D63002D2D006E657473746174202D74756C706E207C207365642027732F5C285B5B3A616C6E756D3A5D5D5C2B5C295C205C2B5B5B3A64696769743A5D5D5C2B5C205C2B5B5B3A64696769743A5D5D5C2B5C205C2B5C282E2A5C293A5C285B5B3A64696769743A5D5D2A5C295C205C2B5C285B302D395C2E5C3A5C2A5D
type=SYSCALL msg=audit(1769929067.241:5053): arch=c000003e syscall=59 success=yes exit=0 a0=5d51d3ac7ad8 a1=5d51d3ac78e0 a2=5d51d3ac78f8 a3=1 items=2 ppid=7583 pid=7584 auid=4294967295 uid=0 gid=124 euid=0 suid=0 fsuid=0 egid=124 sgid=124 fsgid=124 tty=(none) ses=4294967295 comm="netstat" exe="/usr/bin/netstat" subj=unconfined key="process_exec"ARCH=x86_64 SYSCALL=execve AUID="unset" UID="root" GID="wazuh" EUID="root" SUID="root" FSUID="root" EGID="wazuh" SGID="wazuh" FSGID="wazuh"
type=EXECVE msg=audit(1769929067.241:5053): argc=2 a0="netstat" a1="-tulpn"
type=CWD msg=audit(1769929067.241:5053): cwd="/var/ossec"
type=PATH msg=audit(1769929067.241:5053): item=0 name="/usr/bin/netstat" inode=1576702 dev=08:02 mode=0100755 ouid=0 ogid=0 rdev=00:00 nametype=NORMAL cap_fp=0 cap_fi=0 cap_fe=0 cap_fver=0 cap_frootid=0OUID="root" OGID="root"
type=PATH msg=audit(1769929067.241:5053): item=1 name="/lib64/ld-linux-x86-64.so.2" inode=1575340 dev=08:02 mode=0100755 ouid=0 ogid=0 rdev=00:00 nametype=NORMAL cap_fp=0 cap_fi=0 cap_fe=0 cap_fver=0 cap_frootid=0OUID="root" OGID="root"
type=PROCTITLE msg=audit(1769929067.241:5053): proctitle=6E657473746174002D74756C706E
type=SYSCALL msg=audit(1769929067.242:5054): arch=c000003e syscall=59 success=yes exit=0 a0=5d51d3ac7c70 a1=5d51d3ac7c00 a2=5d51d3ac7c18 a3=1 items=2 ppid=7583 pid=7585 auid=4294967295 uid=0 gid=124 euid=0 suid=0 fsuid=0 egid=124 sgid=124 fsgid=124 tty=(none) ses=4294967295 comm="sed" exe="/usr/bin/sed" subj=unconfined key="process_exec"ARCH=x86_64 SYSCALL=execve AUID="unset" UID="root" GID="wazuh" EUID="root" SUID="root" FSUID="root" EGID="wazuh" SGID="wazuh" FSGID="wazuh"
type=EXECVE msg=audit(1769929067.242:5054): argc=2 a0="sed" a1=732F5C285B5B3A616C6E756D3A5D5D5C2B5C295C205C2B5B5B3A64696769743A5D5D5C2B5C205C2B5B5B3A64696769743A5D5D5C2B5C205C2B5C282E2A5C293A5C285B5B3A64696769743A5D5D2A5C295C205C2B5C285B302D395C2E5C3A5C2A5D5C2B5C292E5C2B5C205C285B5B3A64696769743A5D5D2A5C2F5B5B3A616C6E756D3A5D5C2D5D2A5C292E2A2F5C31205C32203D3D205C33203D3D205C34205C352F
type=CWD msg=audit(1769929067.242:5054): cwd="/var/ossec"
type=PATH msg=audit(1769929067.242:5054): item=0 name="/usr/bin/sed" inode=1574197 dev=08:02 mode=0100755 ouid=0 ogid=0 rdev=00:00 nametype=NORMAL cap_fp=0 cap_fi=0 cap_fe=0 cap_fver=0 cap_frootid=0OUID="root" OGID="root"
type=PATH msg=audit(1769929067.242:5054): item=1 name="/lib64/ld-linux-x86-64.so.2" inode=1575340 dev=08:02 mode=0100755 ouid=0 ogid=0 rdev=00:00 nametype=NORMAL cap_fp=0 cap_fi=0 cap_fe=0 cap_fver=0 cap_frootid=0OUID="root" OGID="root"
type=PROCTITLE msg=audit(1769929067.242:5054): proctitle=73656400732F5C285B5B3A616C6E756D3A5D5D5C2B5C295C205C2B5B5B3A64696769743A5D5D5C2B5C205C2B5B5B3A64696769743A5D5D5C2B5C205C2B5C282E2A5C293A5C285B5B3A64696769743A5D5D2A5C295C205C2B5C285B302D395C2E5C3A5C2A5D5C2B5C292E5C2B5C205C285B5B3A64696769743A5D5D2A5C2F5B5B
type=SYSCALL msg=audit(1769929067.247:5055): arch=c000003e syscall=59 success=yes exit=0 a0=5d51d3ac7bc0 a1=5d51d3ac7900 a2=5d51d3ac7b68 a3=1 items=2 ppid=7583 pid=7587 auid=4294967295 uid=0 gid=124 euid=0 suid=0 fsuid=0 egid=124 sgid=124 fsgid=124 tty=(none) ses=4294967295 comm="sed" exe="/usr/bin/sed" subj=unconfined key="process_exec"ARCH=x86_64 SYSCALL=execve AUID="unset" UID="root" GID="wazuh" EUID="root" SUID="root" FSUID="root" EGID="wazuh" SGID="wazuh" FSGID="wazuh"
type=EXECVE msg=audit(1769929067.247:5055): argc=2 a0="sed" a1=732F203D3D205C282E2A5C29203D3D2F3A5C312F
type=CWD msg=audit(1769929067.247:5055): cwd="/var/ossec"
type=PATH msg=audit(1769929067.247:5055): item=0 name="/usr/bin/sed" inode=1574197 dev=08:02 mode=0100755 ouid=0 ogid=0 rdev=00:00 nametype=NORMAL cap_fp=0 cap_fi=0 cap_fe=0 cap_fver=0 cap_frootid=0OUID="root" OGID="root"
type=PATH msg=audit(1769929067.247:5055): item=1 name="/lib64/ld-linux-x86-64.so.2" inode=1575340 dev=08:02 mode=0100755 ouid=0 ogid=0 rdev=00:00 nametype=NORMAL cap_fp=0 cap_fi=0 cap_fe=0 cap_fver=0 cap_frootid=0OUID="root" OGID="root"
type=PROCTITLE msg=audit(1769929067.247:5055): proctitle=73656400732F203D3D205C282E2A5C29203D3D2F3A5C312F
type=SYSCALL msg=audit(1769929067.242:5056): arch=c000003e syscall=59 success=yes exit=0 a0=5d51d3ac7b90 a1=5d51d3ac7910 a2=5d51d3ac7b38 a3=1 items=2 ppid=7583 pid=7586 auid=4294967295 uid=0 gid=124 euid=0 suid=0 fsuid=0 egid=124 sgid=124 fsgid=124 tty=(none) ses=4294967295 comm="sort" exe="/usr/bin/sort" subj=unconfined key="process_exec"ARCH=x86_64 SYSCALL=execve AUID="unset" UID="root" GID="wazuh" EUID="root" SUID="root" FSUID="root" EGID="wazuh" SGID="wazuh" FSGID="wazuh"
type=EXECVE msg=audit(1769929067.242:5056): argc=4 a0="sort" a1="-k" a2="4" a3="-g"
type=CWD msg=audit(1769929067.242:5056): cwd="/var/ossec"
type=PATH msg=audit(1769929067.242:5056): item=0 name="/usr/bin/sort" inode=1578139 dev=08:02 mode=0100755 ouid=0 ogid=0 rdev=00:00 nametype=NORMAL cap_fp=0 cap_fi=0 cap_fe=0 cap_fver=0 cap_frootid=0OUID="root" OGID="root"
type=PATH msg=audit(1769929067.242:5056): item=1 name="/lib64/ld-linux-x86-64.so.2" inode=1575340 dev=08:02 mode=0100755 ouid=0 ogid=0 rdev=00:00 nametype=NORMAL cap_fp=0 cap_fi=0 cap_fe=0 cap_fver=0 cap_frootid=0OUID="root" OGID="root"
type=PROCTITLE msg=audit(1769929067.242:5056): proctitle=736F7274002D6B0034002D67
type=SYSCALL msg=audit(1769929067.264:5057): arch=c000003e syscall=59 success=yes exit=0 a0=5d51d3ac7b38 a1=5d51d3ac78e0 a2=5d51d3ac78f8 a3=1 items=2 ppid=7583 pid=7588 auid=4294967295 uid=0 gid=124 euid=0 suid=0 fsuid=0 egid=124 sgid=124 fsgid=124 tty=(none) ses=4294967295 comm="sed" exe="/usr/bin/sed" subj=unconfined key="process_exec"ARCH=x86_64 SYSCALL=execve AUID="unset" UID="root" GID="wazuh" EUID="root" SUID="root" FSUID="root" EGID="wazuh" SGID="wazuh" FSGID="wazuh"
type=EXECVE msg=audit(1769929067.264:5057): argc=2 a0="sed" a1="1,2d"
type=CWD msg=audit(1769929067.264:5057): cwd="/var/ossec"
type=PATH msg=audit(1769929067.264:5057): item=0 name="/usr/bin/sed" inode=1574197 dev=08:02 mode=0100755 ouid=0 ogid=0 rdev=00:00 nametype=NORMAL cap_fp=0 cap_fi=0 cap_fe=0 cap_fver=0 cap_frootid=0OUID="root" OGID="root"
type=PATH msg=audit(1769929067.264:5057): item=1 name="/lib64/ld-linux-x86-64.so.2" inode=1575340 dev=08:02 mode=0100755 ouid=0 ogid=0 rdev=00:00 nametype=NORMAL cap_fp=0 cap_fi=0 cap_fe=0 cap_fver=0 cap_frootid=0OUID="root" OGID="root"
type=PROCTITLE msg=audit(1769929067.264:5057): proctitle=73656400312C3264
type=SYSCALL msg=audit(1769929067.407:5058): arch=c000003e syscall=59 success=yes exit=0 a0=7ef0ff5cb42f a1=7ef0fe3dcca0 a2=7ffe56934cb8 a3=8 items=2 ppid=2483 pid=7589 auid=4294967295 uid=0 gid=124 euid=0 suid=0 fsuid=0 egid=124 sgid=124 fsgid=124 tty=(none) ses=4294967295 comm="sh" exe="/usr/bin/dash" subj=unconfined key="process_exec"ARCH=x86_64 SYSCALL=execve AUID="unset" UID="root" GID="wazuh" EUID="root" SUID="root" FSUID="root" EGID="wazuh" SGID="wazuh" FSGID="wazuh"
type=EXECVE msg=audit(1769929067.407:5058): argc=4 a0="sh" a1="-c" a2="--" a3=6C617374202D6E203230
type=CWD msg=audit(1769929067.407:5058): cwd="/var/ossec"
type=PATH msg=audit(1769929067.407:5058): item=0 name="/bin/sh" inode=1573518 dev=08:02 mode=0100755 ouid=0 ogid=0 rdev=00:00 nametype=NORMAL cap_fp=0 cap_fi=0 cap_fe=0 cap_fver=0 cap_frootid=0OUID="root" OGID="root"
type=PATH msg=audit(1769929067.407:5058): item=1 name="/lib64/ld-linux-x86-64.so.2" inode=1575340 dev=08:02 mode=0100755 ouid=0 ogid=0 rdev=00:00 nametype=NORMAL cap_fp=0 cap_fi=0 cap_fe=0 cap_fver=0 cap_frootid=0OUID="root" OGID="root"
type=PROCTITLE msg=audit(1769929067.407:5058): proctitle=7368002D63002D2D006C617374202D6E203230
type=SYSCALL msg=audit(1769929067.411:5059): arch=c000003e syscall=59 success=yes exit=0 a0=55e32b46b618 a1=55e32b46b5a0 a2=55e32b46b5c0 a3=8 items=2 ppid=7589 pid=7590 auid=4294967295 uid=0 gid=124 euid=0 suid=0 fsuid=0 egid=124 sgid=124 fsgid=124 tty=(none) ses=4294967295 comm="last" exe="/usr/bin/last" subj=unconfined key="process_exec"ARCH=x86_64 SYSCALL=execve AUID="unset" UID="root" GID="wazuh" EUID="root" SUID="root" FSUID="root" EGID="wazuh" SGID="wazuh" FSGID="wazuh"
type=EXECVE msg=audit(1769929067.411:5059): argc=3 a0="last" a1="-n" a2="20"
type=CWD msg=audit(1769929067.411:5059): cwd="/var/ossec"
type=PATH msg=audit(1769929067.411:5059): item=0 name="/usr/bin/last" inode=1578261 dev=08:02 mode=0100755 ouid=0 ogid=0 rdev=00:00 nametype=NORMAL cap_fp=0 cap_fi=0 cap_fe=0 cap_fver=0 cap_frootid=0OUID="root" OGID="root"
type=PATH msg=audit(1769929067.411:5059): item=1 name="/lib64/ld-linux-x86-64.so.2" inode=1575340 dev=08:02 mode=0100755 ouid=0 ogid=0 rdev=00:00 nametype=NORMAL cap_fp=0 cap_fi=0 cap_fe=0 cap_fver=0 cap_frootid=0OUID="root" OGID="root"
type=PROCTITLE msg=audit(1769929067.411:5059): proctitle=6C617374002D6E003230
type=SYSCALL msg=audit(1769929141.945:5060): arch=c000003e syscall=59 success=yes exit=0 a0=7ffea52a8950 a1=7ffea52a8970 a2=7ffea52a9460 a3=8 items=2 ppid=1 pid=7594 auid=4294967295 uid=0 gid=0 euid=0 suid=0 fsuid=0 egid=0 sgid=0 fsgid=0 tty=(none) ses=4294967295 comm="9" exe="/usr/lib/systemd/systemd-executor" subj=unconfined key="process_exec"ARCH=x86_64 SYSCALL=execve AUID="unset" UID="root" GID="root" EUID="root" SUID="root" FSUID="root" EGID="root" SGID="root" FSGID="root"
type=EXECVE msg=audit(1769929141.945:5060): argc=7 a0="/usr/lib/systemd/systemd-executor" a1="--deserialize" a2="162" a3="--log-level" a4="info" a5="--log-target" a6="journal-or-kmsg"
type=CWD msg=audit(1769929141.945:5060): cwd="/"
type=PATH msg=audit(1769929141.945:5060): item=0 name="/proc/self/fd/9" inode=1596504 dev=08:02 mode=0100755 ouid=0 ogid=0 rdev=00:00 nametype=NORMAL cap_fp=0 cap_fi=0 cap_fe=0 cap_fver=0 cap_frootid=0OUID="root" OGID="root"
type=PATH msg=audit(1769929141.945:5060): item=1 name="/lib64/ld-linux-x86-64.so.2" inode=1575340 dev=08:02 mode=0100755 ouid=0 ogid=0 rdev=00:00 nametype=NORMAL cap_fp=0 cap_fi=0 cap_fe=0 cap_fver=0 cap_frootid=0OUID="root" OGID="root"
type=PROCTITLE msg=audit(1769929141.945:5060): proctitle=2F7573722F6C69622F73797374656D642F73797374656D642D6578656375746F72002D2D646573657269616C697A6500313632002D2D6C6F672D6C6576656C00696E666F002D2D6C6F672D746172676574006A6F75726E616C2D6F722D6B6D7367
type=SYSCALL msg=audit(1769929141.962:5061): arch=c000003e syscall=59 success=yes exit=0 a0=5cf7ea324020 a1=5cf7ea324000 a2=5cf7ea323db0 a3=5cf7ea324990 items=2 ppid=1 pid=7594 auid=4294967295 uid=0 gid=0 euid=0 suid=0 fsuid=0 egid=0 sgid=0 fsgid=0 tty=(none) ses=4294967295 comm="nm-dispatcher" exe="/usr/libexec/nm-dispatcher" subj=unconfined key="process_exec"ARCH=x86_64 SYSCALL=execve AUID="unset" UID="root" GID="root" EUID="root" SUID="root" FSUID="root" EGID="root" SGID="root" FSGID="root"
type=EXECVE msg=audit(1769929141.962:5061): argc=1 a0="/usr/libexec/nm-dispatcher"
type=CWD msg=audit(1769929141.962:5061): cwd="/"
type=PATH msg=audit(1769929141.962:5061): item=0 name="/usr/libexec/nm-dispatcher" inode=1586222 dev=08:02 mode=0100755 ouid=0 ogid=0 rdev=00:00 nametype=NORMAL cap_fp=0 cap_fi=0 cap_fe=0 cap_fver=0 cap_frootid=0OUID="root" OGID="root"
type=PATH msg=audit(1769929141.962:5061): item=1 name="/lib64/ld-linux-x86-64.so.2" inode=1575340 dev=08:02 mode=0100755 ouid=0 ogid=0 rdev=00:00 nametype=NORMAL cap_fp=0 cap_fi=0 cap_fe=0 cap_fver=0 cap_frootid=0OUID="root" OGID="root"
type=PROCTITLE msg=audit(1769929141.962:5061): proctitle=2F7573722F6C69622F73797374656D642F73797374656D642D6578656375746F72002D2D646573657269616C697A6500313632002D2D6C6F672D6C6576656C00696E666F002D2D6C6F672D746172676574006A6F75726E616C2D6F722D6B6D7367
type=SERVICE_START msg=audit(1769929141.980:5062): pid=1 uid=0 auid=4294967295 ses=4294967295 subj=unconfined msg='unit=NetworkManager-dispatcher comm="systemd" exe="/usr/lib/systemd/systemd" hostname=? addr=? terminal=? res=success'UID="root" AUID="unset"
type=SERVICE_STOP msg=audit(1769929152.214:5063): pid=1 uid=0 auid=4294967295 ses=4294967295 subj=unconfined msg='unit=NetworkManager-dispatcher comm="systemd" exe="/usr/lib/systemd/systemd" hostname=? addr=? terminal=? res=success'UID="root" AUID="unset"
type=USER_ACCT msg=audit(1769929201.539:5064): pid=7602 uid=0 auid=4294967295 ses=4294967295 subj=unconfined msg='op=PAM:accounting grantors=pam_permit,pam_localuser acct="root" exe="/usr/sbin/cron" hostname=? addr=? terminal=cron res=success'UID="root" AUID="unset"
type=CRED_ACQ msg=audit(1769929201.549:5065): pid=7602 uid=0 auid=4294967295 ses=4294967295 subj=unconfined msg='op=PAM:setcred grantors=pam_permit,pam_cap acct="root" exe="/usr/sbin/cron" hostname=? addr=? terminal=cron res=success'UID="root" AUID="unset"
type=LOGIN msg=audit(1769929201.553:5066): pid=7602 uid=0 subj=unconfined old-auid=4294967295 auid=0 tty=(none) old-ses=4294967295 ses=7 res=1UID="root" OLD-AUID="unset" AUID="root"
type=SYSCALL msg=audit(1769929201.553:5066): arch=c000003e syscall=1 success=yes exit=1 a0=7 a1=7fff43923140 a2=1 a3=0 items=0 ppid=866 pid=7602 auid=0 uid=0 gid=0 euid=0 suid=0 fsuid=0 egid=0 sgid=0 fsgid=0 tty=(none) ses=7 comm="cron" exe="/usr/sbin/cron" subj=unconfined key=(null)ARCH=x86_64 SYSCALL=write AUID="root" UID="root" GID="root" EUID="root" SUID="root" FSUID="root" EGID="root" SGID="root" FSGID="root"
type=PROCTITLE msg=audit(1769929201.553:5066): proctitle=2F7573722F7362696E2F43524F4E002D66002D50
type=USER_START msg=audit(1769929201.553:5067): pid=7602 uid=0 auid=0 ses=7 subj=unconfined msg='op=PAM:session_open grantors=pam_loginuid,pam_env,pam_env,pam_permit,pam_umask,pam_unix,pam_limits acct="root" exe="/usr/sbin/cron" hostname=? addr=? terminal=cron res=success'UID="root" AUID="root"
type=CRED_REFR msg=audit(1769929201.553:5068): pid=7603 uid=0 auid=0 ses=7 subj=unconfined msg='op=PAM:setcred grantors=pam_permit,pam_cap acct="root" exe="/usr/sbin/cron" hostname=? addr=? terminal=cron res=success'UID="root" AUID="root"
type=SYSCALL msg=audit(1769929201.553:5069): arch=c000003e syscall=59 success=yes exit=0 a0=5e808067b9b6 a1=7fff439231f0 a2=5e808067b9f0 a3=5e808067b9b6 items=2 ppid=7602 pid=7603 auid=0 uid=0 gid=0 euid=0 suid=0 fsuid=0 egid=0 sgid=0 fsgid=0 tty=(none) ses=7 comm="sh" exe="/usr/bin/dash" subj=unconfined key="process_exec"ARCH=x86_64 SYSCALL=execve AUID="root" UID="root" GID="root" EUID="root" SUID="root" FSUID="root" EGID="root" SGID="root" FSGID="root"
type=EXECVE msg=audit(1769929201.553:5069): argc=3 a0="/bin/sh" a1="-c" a2=5B202D78202F6574632F696E69742E642F616E6163726F6E205D202626206966205B2021202D64202F72756E2F73797374656D642F73797374656D205D3B207468656E202F7573722F7362696E2F696E766F6B652D72632E6420616E6163726F6E207374617274203E2F6465762F6E756C6C3B206669
type=CWD msg=audit(1769929201.553:5069): cwd="/root"
type=PATH msg=audit(1769929201.553:5069): item=0 name="/bin/sh" inode=1573518 dev=08:02 mode=0100755 ouid=0 ogid=0 rdev=00:00 nametype=NORMAL cap_fp=0 cap_fi=0 cap_fe=0 cap_fver=0 cap_frootid=0OUID="root" OGID="root"
type=PATH msg=audit(1769929201.553:5069): item=1 name="/lib64/ld-linux-x86-64.so.2" inode=1575340 dev=08:02 mode=0100755 ouid=0 ogid=0 rdev=00:00 nametype=NORMAL cap_fp=0 cap_fi=0 cap_fe=0 cap_fver=0 cap_frootid=0OUID="root" OGID="root"
type=PROCTITLE msg=audit(1769929201.553:5069): proctitle=2F62696E2F7368002D63005B202D78202F6574632F696E69742E642F616E6163726F6E205D202626206966205B2021202D64202F72756E2F73797374656D642F73797374656D205D3B207468656E202F7573722F7362696E2F696E766F6B652D72632E6420616E6163726F6E207374617274203E2F6465762F6E756C6C3B2066
type=CRED_DISP msg=audit(1769929201.572:5070): pid=7602 uid=0 auid=0 ses=7 subj=unconfined msg='op=PAM:setcred grantors=pam_permit acct="root" exe="/usr/sbin/cron" hostname=? addr=? terminal=cron res=success'UID="root" AUID="root"
type=USER_END msg=audit(1769929201.572:5071): pid=7602 uid=0 auid=0 ses=7 subj=unconfined msg='op=PAM:session_close grantors=pam_loginuid,pam_env,pam_env,pam_permit,pam_umask,pam_unix,pam_limits acct="root" exe="/usr/sbin/cron" hostname=? addr=? terminal=cron res=success'UID="root" AUID="root"
type=SYSCALL msg=audit(1769929201.593:5072): arch=c000003e syscall=59 success=yes exit=0 a0=7ffea52a8950 a1=7ffea52a8970 a2=7ffea52a9460 a3=8 items=2 ppid=1 pid=7604 auid=4294967295 uid=0 gid=0 euid=0 suid=0 fsuid=0 egid=0 sgid=0 fsgid=0 tty=(none) ses=4294967295 comm="9" exe="/usr/lib/systemd/systemd-executor" subj=unconfined key="process_exec"ARCH=x86_64 SYSCALL=execve AUID="unset" UID="root" GID="root" EUID="root" SUID="root" FSUID="root" EGID="root" SGID="root" FSGID="root"
type=EXECVE msg=audit(1769929201.593:5072): argc=7 a0="/usr/lib/systemd/systemd-executor" a1="--deserialize" a2="162" a3="--log-level" a4="info" a5="--log-target" a6="journal-or-kmsg"
type=CWD msg=audit(1769929201.593:5072): cwd="/"
type=PATH msg=audit(1769929201.593:5072): item=0 name="/proc/self/fd/9" inode=1596504 dev=08:02 mode=0100755 ouid=0 ogid=0 rdev=00:00 nametype=NORMAL cap_fp=0 cap_fi=0 cap_fe=0 cap_fver=0 cap_frootid=0OUID="root" OGID="root"
type=PATH msg=audit(1769929201.593:5072): item=1 name="/lib64/ld-linux-x86-64.so.2" inode=1575340 dev=08:02 mode=0100755 ouid=0 ogid=0 rdev=00:00 nametype=NORMAL cap_fp=0 cap_fi=0 cap_fe=0 cap_fver=0 cap_frootid=0OUID="root" OGID="root"
type=PROCTITLE msg=audit(1769929201.593:5072): proctitle=2F7573722F6C69622F73797374656D642F73797374656D642D6578656375746F72002D2D646573657269616C697A6500313632002D2D6C6F672D6C6576656C00696E666F002D2D6C6F672D746172676574006A6F75726E616C2D6F722D6B6D7367
type=SYSCALL msg=audit(1769929201.681:5073): arch=c000003e syscall=59 success=yes exit=0 a0=5662cb8d00c0 a1=5662cb8d01c0 a2=5662cb8cf4b0 a3=5662cb8d0990 items=3 ppid=1 pid=7604 auid=4294967295 uid=0 gid=0 euid=0 suid=0 fsuid=0 egid=0 sgid=0 fsgid=0 tty=(none) ses=4294967295 comm="sa1" exe="/usr/bin/dash" subj=unconfined key="process_exec"ARCH=x86_64 SYSCALL=execve AUID="unset" UID="root" GID="root" EUID="root" SUID="root" FSUID="root" EGID="root" SGID="root" FSGID="root"
type=EXECVE msg=audit(1769929201.681:5073): argc=4 a0="/bin/sh" a1="/usr/lib/sysstat/sa1" a2="1" a3="1"
type=CWD msg=audit(1769929201.681:5073): cwd="/"
type=PATH msg=audit(1769929201.681:5073): item=0 name="/usr/lib/sysstat/sa1" inode=1582334 dev=08:02 mode=0100755 ouid=0 ogid=0 rdev=00:00 nametype=NORMAL cap_fp=0 cap_fi=0 cap_fe=0 cap_fver=0 cap_frootid=0OUID="root" OGID="root"
type=PATH msg=audit(1769929201.681:5073): item=1 name="/bin/sh" inode=1573518 dev=08:02 mode=0100755 ouid=0 ogid=0 rdev=00:00 nametype=NORMAL cap_fp=0 cap_fi=0 cap_fe=0 cap_fver=0 cap_frootid=0OUID="root" OGID="root"
type=PATH msg=audit(1769929201.681:5073): item=2 name="/lib64/ld-linux-x86-64.so.2" inode=1575340 dev=08:02 mode=0100755 ouid=0 ogid=0 rdev=00:00 nametype=NORMAL cap_fp=0 cap_fi=0 cap_fe=0 cap_fver=0 cap_frootid=0OUID="root" OGID="root"
type=PROCTITLE msg=audit(1769929201.681:5073): proctitle=2F7573722F6C69622F73797374656D642F73797374656D642D6578656375746F72002D2D646573657269616C697A6500313632002D2D6C6F672D6C6576656C00696E666F002D2D6C6F672D746172676574006A6F75726E616C2D6F722D6B6D7367
type=SYSCALL msg=audit(1769929201.704:5074): arch=c000003e syscall=59 success=yes exit=0 a0=620b92f1a148 a1=620b92f1a228 a2=620b92f1a270 a3=0 items=2 ppid=1 pid=7604 auid=4294967295 uid=0 gid=0 euid=0 suid=0 fsuid=0 egid=0 sgid=0 fsgid=0 tty=(none) ses=4294967295 comm="sadc" exe="/usr/lib/sysstat/sadc" subj=unconfined key="process_exec"ARCH=x86_64 SYSCALL=execve AUID="unset" UID="root" GID="root" EUID="root" SUID="root" FSUID="root" EGID="root" SGID="root" FSGID="root"
type=EXECVE msg=audit(1769929201.704:5074): argc=8 a0="/usr/lib/sysstat/sadc" a1="-F" a2="-L" a3="-S" a4="DISK" a5="1" a6="1" a7="/var/log/sysstat"
type=CWD msg=audit(1769929201.704:5074): cwd="/usr/lib/sysstat"
type=PATH msg=audit(1769929201.704:5074): item=0 name="/usr/lib/sysstat/sadc" inode=1582336 dev=08:02 mode=0100755 ouid=0 ogid=0 rdev=00:00 nametype=NORMAL cap_fp=0 cap_fi=0 cap_fe=0 cap_fver=0 cap_frootid=0OUID="root" OGID="root"
type=PATH msg=audit(1769929201.704:5074): item=1 name="/lib64/ld-linux-x86-64.so.2" inode=1575340 dev=08:02 mode=0100755 ouid=0 ogid=0 rdev=00:00 nametype=NORMAL cap_fp=0 cap_fi=0 cap_fe=0 cap_fver=0 cap_frootid=0OUID="root" OGID="root"
type=PROCTITLE msg=audit(1769929201.704:5074): proctitle=2F7573722F6C69622F73797374656D642F73797374656D642D6578656375746F72002D2D646573657269616C697A6500313632002D2D6C6F672D6C6576656C00696E666F002D2D6C6F672D746172676574006A6F75726E616C2D6F722D6B6D7367
type=SERVICE_START msg=audit(1769929201.732:5075): pid=1 uid=0 auid=4294967295 ses=4294967295 subj=unconfined msg='unit=sysstat-collect comm="systemd" exe="/usr/lib/systemd/systemd" hostname=? addr=? terminal=? res=success'UID="root" AUID="unset"
type=SERVICE_STOP msg=audit(1769929201.732:5076): pid=1 uid=0 auid=4294967295 ses=4294967295 subj=unconfined msg='unit=sysstat-collect comm="systemd" exe="/usr/lib/systemd/systemd" hostname=? addr=? terminal=? res=success'UID="root" AUID="unset"
type=SYSCALL msg=audit(1769929426.096:5077): arch=c000003e syscall=59 success=yes exit=0 a0=7ef0ff5cb42f a1=7ef0fe3ecca0 a2=7ffe56934cb8 a3=8 items=2 ppid=2483 pid=7625 auid=4294967295 uid=0 gid=124 euid=0 suid=0 fsuid=0 egid=124 sgid=124 fsgid=124 tty=(none) ses=4294967295 comm="sh" exe="/usr/bin/dash" subj=unconfined key="process_exec"ARCH=x86_64 SYSCALL=execve AUID="unset" UID="root" GID="wazuh" EUID="root" SUID="root" FSUID="root" EGID="wazuh" SGID="wazuh" FSGID="wazuh"
type=EXECVE msg=audit(1769929426.096:5077): argc=4 a0="sh" a1="-c" a2="--" a3=6466202D50
type=CWD msg=audit(1769929426.096:5077): cwd="/var/ossec"
type=PATH msg=audit(1769929426.096:5077): item=0 name="/bin/sh" inode=1573518 dev=08:02 mode=0100755 ouid=0 ogid=0 rdev=00:00 nametype=NORMAL cap_fp=0 cap_fi=0 cap_fe=0 cap_fver=0 cap_frootid=0OUID="root" OGID="root"
type=PATH msg=audit(1769929426.096:5077): item=1 name="/lib64/ld-linux-x86-64.so.2" inode=1575340 dev=08:02 mode=0100755 ouid=0 ogid=0 rdev=00:00 nametype=NORMAL cap_fp=0 cap_fi=0 cap_fe=0 cap_fver=0 cap_frootid=0OUID="root" OGID="root"
type=PROCTITLE msg=audit(1769929426.096:5077): proctitle=7368002D63002D2D006466202D50
type=SYSCALL msg=audit(1769929426.105:5078): arch=c000003e syscall=59 success=yes exit=0 a0=5bacbcb235c8 a1=5bacbcb23558 a2=5bacbcb23570 a3=8 items=2 ppid=7625 pid=7626 auid=4294967295 uid=0 gid=124 euid=0 suid=0 fsuid=0 egid=124 sgid=124 fsgid=124 tty=(none) ses=4294967295 comm="df" exe="/usr/bin/df" subj=unconfined key="process_exec"ARCH=x86_64 SYSCALL=execve AUID="unset" UID="root" GID="wazuh" EUID="root" SUID="root" FSUID="root" EGID="wazuh" SGID="wazuh" FSGID="wazuh"
type=EXECVE msg=audit(1769929426.105:5078): argc=2 a0="df" a1="-P"
type=CWD msg=audit(1769929426.105:5078): cwd="/var/ossec"
type=PATH msg=audit(1769929426.105:5078): item=0 name="/usr/bin/df" inode=1578065 dev=08:02 mode=0100755 ouid=0 ogid=0 rdev=00:00 nametype=NORMAL cap_fp=0 cap_fi=0 cap_fe=0 cap_fver=0 cap_frootid=0OUID="root" OGID="root"
type=PATH msg=audit(1769929426.105:5078): item=1 name="/lib64/ld-linux-x86-64.so.2" inode=1575340 dev=08:02 mode=0100755 ouid=0 ogid=0 rdev=00:00 nametype=NORMAL cap_fp=0 cap_fi=0 cap_fe=0 cap_fver=0 cap_frootid=0OUID="root" OGID="root"
type=PROCTITLE msg=audit(1769929426.105:5078): proctitle=6466002D50
type=SYSCALL msg=audit(1769929428.119:5079): arch=c000003e syscall=59 success=yes exit=0 a0=7ef0ff5cb42f a1=7ef0fe3dcca0 a2=7ffe56934cb8 a3=8 items=2 ppid=2483 pid=7627 auid=4294967295 uid=0 gid=124 euid=0 suid=0 fsuid=0 egid=124 sgid=124 fsgid=124 tty=(none) ses=4294967295 comm="sh" exe="/usr/bin/dash" subj=unconfined key="process_exec"ARCH=x86_64 SYSCALL=execve AUID="unset" UID="root" GID="wazuh" EUID="root" SUID="root" FSUID="root" EGID="wazuh" SGID="wazuh" FSGID="wazuh"
type=EXECVE msg=audit(1769929428.119:5079): argc=4 a0="sh" a1="-c" a2="--" a3=6E657473746174202D74756C706E207C207365642027732F5C285B5B3A616C6E756D3A5D5D5C2B5C295C205C2B5B5B3A64696769743A5D5D5C2B5C205C2B5B5B3A64696769743A5D5D5C2B5C205C2B5C282E2A5C293A5C285B5B3A64696769743A5D5D2A5C295C205C2B5C285B302D395C2E5C3A5C2A5D5C2B5C292E5C2B5C205C285B5B3A64696769743A5D5D2A5C2F5B5B3A616C6E756D3A5D5C2D5D2A5C292E2A2F5C31205C32203D3D205C33203D3D205C34205C352F27207C20736F7274202D6B2034202D67207C207365642027732F203D3D205C282E2A5C29203D3D2F3A5C312F27207C2073656420312C3264
type=CWD msg=audit(1769929428.119:5079): cwd="/var/ossec"
type=PATH msg=audit(1769929428.119:5079): item=0 name="/bin/sh" inode=1573518 dev=08:02 mode=0100755 ouid=0 ogid=0 rdev=00:00 nametype=NORMAL cap_fp=0 cap_fi=0 cap_fe=0 cap_fver=0 cap_frootid=0OUID="root" OGID="root"
type=PATH msg=audit(1769929428.119:5079): item=1 name="/lib64/ld-linux-x86-64.so.2" inode=1575340 dev=08:02 mode=0100755 ouid=0 ogid=0 rdev=00:00 nametype=NORMAL cap_fp=0 cap_fi=0 cap_fe=0 cap_fver=0 cap_frootid=0OUID="root" OGID="root"
type=PROCTITLE msg=audit(1769929428.119:5079): proctitle=7368002D63002D2D006E657473746174202D74756C706E207C207365642027732F5C285B5B3A616C6E756D3A5D5D5C2B5C295C205C2B5B5B3A64696769743A5D5D5C2B5C205C2B5B5B3A64696769743A5D5D5C2B5C205C2B5C282E2A5C293A5C285B5B3A64696769743A5D5D2A5C295C205C2B5C285B302D395C2E5C3A5C2A5D
type=SYSCALL msg=audit(1769929428.151:5080): arch=c000003e syscall=59 success=yes exit=0 a0=6006a0801c70 a1=6006a0801c00 a2=6006a0801c18 a3=1 items=2 ppid=7627 pid=7629 auid=4294967295 uid=0 gid=124 euid=0 suid=0 fsuid=0 egid=124 sgid=124 fsgid=124 tty=(none) ses=4294967295 comm="sed" exe="/usr/bin/sed" subj=unconfined key="process_exec"ARCH=x86_64 SYSCALL=execve AUID="unset" UID="root" GID="wazuh" EUID="root" SUID="root" FSUID="root" EGID="wazuh" SGID="wazuh" FSGID="wazuh"
type=EXECVE msg=audit(1769929428.151:5080): argc=2 a0="sed" a1=732F5C285B5B3A616C6E756D3A5D5D5C2B5C295C205C2B5B5B3A64696769743A5D5D5C2B5C205C2B5B5B3A64696769743A5D5D5C2B5C205C2B5C282E2A5C293A5C285B5B3A64696769743A5D5D2A5C295C205C2B5C285B302D395C2E5C3A5C2A5D5C2B5C292E5C2B5C205C285B5B3A64696769743A5D5D2A5C2F5B5B3A616C6E756D3A5D5C2D5D2A5C292E2A2F5C31205C32203D3D205C33203D3D205C34205C352F
type=CWD msg=audit(1769929428.151:5080): cwd="/var/ossec"
type=PATH msg=audit(1769929428.151:5080): item=0 name="/usr/bin/sed" inode=1574197 dev=08:02 mode=0100755 ouid=0 ogid=0 rdev=00:00 nametype=NORMAL cap_fp=0 cap_fi=0 cap_fe=0 cap_fver=0 cap_frootid=0OUID="root" OGID="root"
type=PATH msg=audit(1769929428.151:5080): item=1 name="/lib64/ld-linux-x86-64.so.2" inode=1575340 dev=08:02 mode=0100755 ouid=0 ogid=0 rdev=00:00 nametype=NORMAL cap_fp=0 cap_fi=0 cap_fe=0 cap_fver=0 cap_frootid=0OUID="root" OGID="root"
type=PROCTITLE msg=audit(1769929428.151:5080): proctitle=73656400732F5C285B5B3A616C6E756D3A5D5D5C2B5C295C205C2B5B5B3A64696769743A5D5D5C2B5C205C2B5B5B3A64696769743A5D5D5C2B5C205C2B5C282E2A5C293A5C285B5B3A64696769743A5D5D2A5C295C205C2B5C285B302D395C2E5C3A5C2A5D5C2B5C292E5C2B5C205C285B5B3A64696769743A5D5D2A5C2F5B5B
type=SYSCALL msg=audit(1769929428.153:5081): arch=c000003e syscall=59 success=yes exit=0 a0=6006a0801ad8 a1=6006a08018e0 a2=6006a08018f8 a3=1 items=2 ppid=7627 pid=7628 auid=4294967295 uid=0 gid=124 euid=0 suid=0 fsuid=0 egid=124 sgid=124 fsgid=124 tty=(none) ses=4294967295 comm="netstat" exe="/usr/bin/netstat" subj=unconfined key="process_exec"ARCH=x86_64 SYSCALL=execve AUID="unset" UID="root" GID="wazuh" EUID="root" SUID="root" FSUID="root" EGID="wazuh" SGID="wazuh" FSGID="wazuh"
type=EXECVE msg=audit(1769929428.153:5081): argc=2 a0="netstat" a1="-tulpn"
type=CWD msg=audit(1769929428.153:5081): cwd="/var/ossec"
type=PATH msg=audit(1769929428.153:5081): item=0 name="/usr/bin/netstat" inode=1576702 dev=08:02 mode=0100755 ouid=0 ogid=0 rdev=00:00 nametype=NORMAL cap_fp=0 cap_fi=0 cap_fe=0 cap_fver=0 cap_frootid=0OUID="root" OGID="root"
type=PATH msg=audit(1769929428.153:5081): item=1 name="/lib64/ld-linux-x86-64.so.2" inode=1575340 dev=08:02 mode=0100755 ouid=0 ogid=0 rdev=00:00 nametype=NORMAL cap_fp=0 cap_fi=0 cap_fe=0 cap_fver=0 cap_frootid=0OUID="root" OGID="root"
type=PROCTITLE msg=audit(1769929428.153:5081): proctitle=6E657473746174002D74756C706E
type=SYSCALL msg=audit(1769929428.170:5082): arch=c000003e syscall=59 success=yes exit=0 a0=6006a0801b90 a1=6006a0801910 a2=6006a0801b38 a3=1 items=2 ppid=7627 pid=7630 auid=4294967295 uid=0 gid=124 euid=0 suid=0 fsuid=0 egid=124 sgid=124 fsgid=124 tty=(none) ses=4294967295 comm="sort" exe="/usr/bin/sort" subj=unconfined key="process_exec"ARCH=x86_64 SYSCALL=execve AUID="unset" UID="root" GID="wazuh" EUID="root" SUID="root" FSUID="root" EGID="wazuh" SGID="wazuh" FSGID="wazuh"
type=EXECVE msg=audit(1769929428.170:5082): argc=4 a0="sort" a1="-k" a2="4" a3="-g"
type=CWD msg=audit(1769929428.170:5082): cwd="/var/ossec"
type=PATH msg=audit(1769929428.170:5082): item=0 name="/usr/bin/sort" inode=1578139 dev=08:02 mode=0100755 ouid=0 ogid=0 rdev=00:00 nametype=NORMAL cap_fp=0 cap_fi=0 cap_fe=0 cap_fver=0 cap_frootid=0OUID="root" OGID="root"
type=PATH msg=audit(1769929428.170:5082): item=1 name="/lib64/ld-linux-x86-64.so.2" inode=1575340 dev=08:02 mode=0100755 ouid=0 ogid=0 rdev=00:00 nametype=NORMAL cap_fp=0 cap_fi=0 cap_fe=0 cap_fver=0 cap_frootid=0OUID="root" OGID="root"
type=PROCTITLE msg=audit(1769929428.170:5082): proctitle=736F7274002D6B0034002D67
type=SYSCALL msg=audit(1769929428.170:5083): arch=c000003e syscall=59 success=yes exit=0 a0=6006a0801b38 a1=6006a08018e0 a2=6006a08018f8 a3=1 items=2 ppid=7627 pid=7632 auid=4294967295 uid=0 gid=124 euid=0 suid=0 fsuid=0 egid=124 sgid=124 fsgid=124 tty=(none) ses=4294967295 comm="sed" exe="/usr/bin/sed" subj=unconfined key="process_exec"ARCH=x86_64 SYSCALL=execve AUID="unset" UID="root" GID="wazuh" EUID="root" SUID="root" FSUID="root" EGID="wazuh" SGID="wazuh" FSGID="wazuh"
type=EXECVE msg=audit(1769929428.170:5083): argc=2 a0="sed" a1="1,2d"
type=CWD msg=audit(1769929428.170:5083): cwd="/var/ossec"
type=PATH msg=audit(1769929428.170:5083): item=0 name="/usr/bin/sed" inode=1574197 dev=08:02 mode=0100755 ouid=0 ogid=0 rdev=00:00 nametype=NORMAL cap_fp=0 cap_fi=0 cap_fe=0 cap_fver=0 cap_frootid=0OUID="root" OGID="root"
type=PATH msg=audit(1769929428.170:5083): item=1 name="/lib64/ld-linux-x86-64.so.2" inode=1575340 dev=08:02 mode=0100755 ouid=0 ogid=0 rdev=00:00 nametype=NORMAL cap_fp=0 cap_fi=0 cap_fe=0 cap_fver=0 cap_frootid=0OUID="root" OGID="root"
type=PROCTITLE msg=audit(1769929428.170:5083): proctitle=73656400312C3264
type=SYSCALL msg=audit(1769929428.174:5084): arch=c000003e syscall=59 success=yes exit=0 a0=6006a0801bc0 a1=6006a0801900 a2=6006a0801b68 a3=1 items=2 ppid=7627 pid=7631 auid=4294967295 uid=0 gid=124 euid=0 suid=0 fsuid=0 egid=124 sgid=124 fsgid=124 tty=(none) ses=4294967295 comm="sed" exe="/usr/bin/sed" subj=unconfined key="process_exec"ARCH=x86_64 SYSCALL=execve AUID="unset" UID="root" GID="wazuh" EUID="root" SUID="root" FSUID="root" EGID="wazuh" SGID="wazuh" FSGID="wazuh"
type=EXECVE msg=audit(1769929428.174:5084): argc=2 a0="sed" a1=732F203D3D205C282E2A5C29203D3D2F3A5C312F
type=CWD msg=audit(1769929428.174:5084): cwd="/var/ossec"
type=PATH msg=audit(1769929428.174:5084): item=0 name="/usr/bin/sed" inode=1574197 dev=08:02 mode=0100755 ouid=0 ogid=0 rdev=00:00 nametype=NORMAL cap_fp=0 cap_fi=0 cap_fe=0 cap_fver=0 cap_frootid=0OUID="root" OGID="root"
type=PATH msg=audit(1769929428.174:5084): item=1 name="/lib64/ld-linux-x86-64.so.2" inode=1575340 dev=08:02 mode=0100755 ouid=0 ogid=0 rdev=00:00 nametype=NORMAL cap_fp=0 cap_fi=0 cap_fe=0 cap_fver=0 cap_frootid=0OUID="root" OGID="root"
type=PROCTITLE msg=audit(1769929428.174:5084): proctitle=73656400732F203D3D205C282E2A5C29203D3D2F3A5C312F
type=SYSCALL msg=audit(1769929428.241:5085): arch=c000003e syscall=59 success=yes exit=0 a0=7ef0ff5cb42f a1=7ef0fd3daca0 a2=7ffe56934cb8 a3=8 items=2 ppid=2483 pid=7633 auid=4294967295 uid=0 gid=124 euid=0 suid=0 fsuid=0 egid=124 sgid=124 fsgid=124 tty=(none) ses=4294967295 comm="sh" exe="/usr/bin/dash" subj=unconfined key="process_exec"ARCH=x86_64 SYSCALL=execve AUID="unset" UID="root" GID="wazuh" EUID="root" SUID="root" FSUID="root" EGID="wazuh" SGID="wazuh" FSGID="wazuh"
type=EXECVE msg=audit(1769929428.241:5085): argc=4 a0="sh" a1="-c" a2="--" a3=6C617374202D6E203230
type=CWD msg=audit(1769929428.241:5085): cwd="/var/ossec"
type=PATH msg=audit(1769929428.241:5085): item=0 name="/bin/sh" inode=1573518 dev=08:02 mode=0100755 ouid=0 ogid=0 rdev=00:00 nametype=NORMAL cap_fp=0 cap_fi=0 cap_fe=0 cap_fver=0 cap_frootid=0OUID="root" OGID="root"
type=PATH msg=audit(1769929428.241:5085): item=1 name="/lib64/ld-linux-x86-64.so.2" inode=1575340 dev=08:02 mode=0100755 ouid=0 ogid=0 rdev=00:00 nametype=NORMAL cap_fp=0 cap_fi=0 cap_fe=0 cap_fver=0 cap_frootid=0OUID="root" OGID="root"
type=PROCTITLE msg=audit(1769929428.241:5085): proctitle=7368002D63002D2D006C617374202D6E203230
type=SYSCALL msg=audit(1769929428.269:5086): arch=c000003e syscall=59 success=yes exit=0 a0=621abe596618 a1=621abe5965a0 a2=621abe5965c0 a3=8 items=2 ppid=7633 pid=7634 auid=4294967295 uid=0 gid=124 euid=0 suid=0 fsuid=0 egid=124 sgid=124 fsgid=124 tty=(none) ses=4294967295 comm="last" exe="/usr/bin/last" subj=unconfined key="process_exec"ARCH=x86_64 SYSCALL=execve AUID="unset" UID="root" GID="wazuh" EUID="root" SUID="root" FSUID="root" EGID="wazuh" SGID="wazuh" FSGID="wazuh"
type=EXECVE msg=audit(1769929428.269:5086): argc=3 a0="last" a1="-n" a2="20"
type=CWD msg=audit(1769929428.269:5086): cwd="/var/ossec"
type=PATH msg=audit(1769929428.269:5086): item=0 name="/usr/bin/last" inode=1578261 dev=08:02 mode=0100755 ouid=0 ogid=0 rdev=00:00 nametype=NORMAL cap_fp=0 cap_fi=0 cap_fe=0 cap_fver=0 cap_frootid=0OUID="root" OGID="root"
type=PATH msg=audit(1769929428.269:5086): item=1 name="/lib64/ld-linux-x86-64.so.2" inode=1575340 dev=08:02 mode=0100755 ouid=0 ogid=0 rdev=00:00 nametype=NORMAL cap_fp=0 cap_fi=0 cap_fe=0 cap_fver=0 cap_frootid=0OUID="root" OGID="root"
type=PROCTITLE msg=audit(1769929428.269:5086): proctitle=6C617374002D6E003230
type=SYSCALL msg=audit(1769929441.961:5087): arch=c000003e syscall=59 success=yes exit=0 a0=7ffea52a8950 a1=7ffea52a8970 a2=7ffea52a9460 a3=8 items=2 ppid=1 pid=7637 auid=4294967295 uid=0 gid=0 euid=0 suid=0 fsuid=0 egid=0 sgid=0 fsgid=0 tty=(none) ses=4294967295 comm="9" exe="/usr/lib/systemd/systemd-executor" subj=unconfined key="process_exec"ARCH=x86_64 SYSCALL=execve AUID="unset" UID="root" GID="root" EUID="root" SUID="root" FSUID="root" EGID="root" SGID="root" FSGID="root"
type=EXECVE msg=audit(1769929441.961:5087): argc=7 a0="/usr/lib/systemd/systemd-executor" a1="--deserialize" a2="162" a3="--log-level" a4="info" a5="--log-target" a6="journal-or-kmsg"
type=CWD msg=audit(1769929441.961:5087): cwd="/"
type=PATH msg=audit(1769929441.961:5087): item=0 name="/proc/self/fd/9" inode=1596504 dev=08:02 mode=0100755 ouid=0 ogid=0 rdev=00:00 nametype=NORMAL cap_fp=0 cap_fi=0 cap_fe=0 cap_fver=0 cap_frootid=0OUID="root" OGID="root"
type=PATH msg=audit(1769929441.961:5087): item=1 name="/lib64/ld-linux-x86-64.so.2" inode=1575340 dev=08:02 mode=0100755 ouid=0 ogid=0 rdev=00:00 nametype=NORMAL cap_fp=0 cap_fi=0 cap_fe=0 cap_fver=0 cap_frootid=0OUID="root" OGID="root"
type=PROCTITLE msg=audit(1769929441.961:5087): proctitle=2F7573722F6C69622F73797374656D642F73797374656D642D6578656375746F72002D2D646573657269616C697A6500313632002D2D6C6F672D6C6576656C00696E666F002D2D6C6F672D746172676574006A6F75726E616C2D6F722D6B6D7367
type=SYSCALL msg=audit(1769929442.028:5088): arch=c000003e syscall=59 success=yes exit=0 a0=63954e9de020 a1=63954e9de000 a2=63954e9dddb0 a3=63954e9de990 items=2 ppid=1 pid=7637 auid=4294967295 uid=0 gid=0 euid=0 suid=0 fsuid=0 egid=0 sgid=0 fsgid=0 tty=(none) ses=4294967295 comm="nm-dispatcher" exe="/usr/libexec/nm-dispatcher" subj=unconfined key="process_exec"ARCH=x86_64 SYSCALL=execve AUID="unset" UID="root" GID="root" EUID="root" SUID="root" FSUID="root" EGID="root" SGID="root" FSGID="root"
type=EXECVE msg=audit(1769929442.028:5088): argc=1 a0="/usr/libexec/nm-dispatcher"
type=CWD msg=audit(1769929442.028:5088): cwd="/"
type=PATH msg=audit(1769929442.028:5088): item=0 name="/usr/libexec/nm-dispatcher" inode=1586222 dev=08:02 mode=0100755 ouid=0 ogid=0 rdev=00:00 nametype=NORMAL cap_fp=0 cap_fi=0 cap_fe=0 cap_fver=0 cap_frootid=0OUID="root" OGID="root"
type=PATH msg=audit(1769929442.028:5088): item=1 name="/lib64/ld-linux-x86-64.so.2" inode=1575340 dev=08:02 mode=0100755 ouid=0 ogid=0 rdev=00:00 nametype=NORMAL cap_fp=0 cap_fi=0 cap_fe=0 cap_fver=0 cap_frootid=0OUID="root" OGID="root"
type=PROCTITLE msg=audit(1769929442.028:5088): proctitle=2F7573722F6C69622F73797374656D642F73797374656D642D6578656375746F72002D2D646573657269616C697A6500313632002D2D6C6F672D6C6576656C00696E666F002D2D6C6F672D746172676574006A6F75726E616C2D6F722D6B6D7367
type=SERVICE_START msg=audit(1769929442.168:5089): pid=1 uid=0 auid=4294967295 ses=4294967295 subj=unconfined msg='unit=NetworkManager-dispatcher comm="systemd" exe="/usr/lib/systemd/systemd" hostname=? addr=? terminal=? res=success'UID="root" AUID="unset"
type=SERVICE_STOP msg=audit(1769929452.166:5090): pid=1 uid=0 auid=4294967295 ses=4294967295 subj=unconfined msg='unit=NetworkManager-dispatcher comm="systemd" exe="/usr/lib/systemd/systemd" hostname=? addr=? terminal=? res=success'UID="root" AUID="unset"
type=SYSCALL msg=audit(1769929457.420:5091): arch=c000003e syscall=59 success=yes exit=0 a0=7ffea52a8950 a1=7ffea52a8970 a2=7ffea52a9460 a3=8 items=2 ppid=1 pid=7643 auid=4294967295 uid=0 gid=0 euid=0 suid=0 fsuid=0 egid=0 sgid=0 fsgid=0 tty=(none) ses=4294967295 comm="9" exe="/usr/lib/systemd/systemd-executor" subj=unconfined key="process_exec"ARCH=x86_64 SYSCALL=execve AUID="unset" UID="root" GID="root" EUID="root" SUID="root" FSUID="root" EGID="root" SGID="root" FSGID="root"
type=EXECVE msg=audit(1769929457.420:5091): argc=7 a0="/usr/lib/systemd/systemd-executor" a1="--deserialize" a2="162" a3="--log-level" a4="info" a5="--log-target" a6="journal-or-kmsg"
type=CWD msg=audit(1769929457.420:5091): cwd="/"
type=PATH msg=audit(1769929457.420:5091): item=0 name="/proc/self/fd/9" inode=1596504 dev=08:02 mode=0100755 ouid=0 ogid=0 rdev=00:00 nametype=NORMAL cap_fp=0 cap_fi=0 cap_fe=0 cap_fver=0 cap_frootid=0OUID="root" OGID="root"
type=PATH msg=audit(1769929457.420:5091): item=1 name="/lib64/ld-linux-x86-64.so.2" inode=1575340 dev=08:02 mode=0100755 ouid=0 ogid=0 rdev=00:00 nametype=NORMAL cap_fp=0 cap_fi=0 cap_fe=0 cap_fver=0 cap_frootid=0OUID="root" OGID="root"
type=PROCTITLE msg=audit(1769929457.420:5091): proctitle=2F7573722F6C69622F73797374656D642F73797374656D642D6578656375746F72002D2D646573657269616C697A6500313632002D2D6C6F672D6C6576656C00696E666F002D2D6C6F672D746172676574006A6F75726E616C2D6F722D6B6D7367
type=SERVICE_START msg=audit(1769929457.443:5092): pid=1 uid=0 auid=4294967295 ses=4294967295 subj=unconfined msg='unit=anacron comm="systemd" exe="/usr/lib/systemd/systemd" hostname=? addr=? terminal=? res=success'UID="root" AUID="unset"
type=SYSCALL msg=audit(1769929457.435:5093): arch=c000003e syscall=59 success=yes exit=0 a0=60fbb6e96050 a1=60fbb6e96150 a2=60fbb6e954b0 a3=60fbb6e961e0 items=2 ppid=1 pid=7643 auid=4294967295 uid=0 gid=0 euid=0 suid=0 fsuid=0 egid=0 sgid=0 fsgid=0 tty=(none) ses=4294967295 comm="anacron" exe="/usr/sbin/anacron" subj=unconfined key="process_exec"ARCH=x86_64 SYSCALL=execve AUID="unset" UID="root" GID="root" EUID="root" SUID="root" FSUID="root" EGID="root" SGID="root" FSGID="root"
type=EXECVE msg=audit(1769929457.435:5093): argc=4 a0="/usr/sbin/anacron" a1="-d" a2="-q" a3="-s"
type=CWD msg=audit(1769929457.435:5093): cwd="/"
type=PATH msg=audit(1769929457.435:5093): item=0 name="/usr/sbin/anacron" inode=1589391 dev=08:02 mode=0100755 ouid=0 ogid=0 rdev=00:00 nametype=NORMAL cap_fp=0 cap_fi=0 cap_fe=0 cap_fver=0 cap_frootid=0OUID="root" OGID="root"
type=PATH msg=audit(1769929457.435:5093): item=1 name="/lib64/ld-linux-x86-64.so.2" inode=1575340 dev=08:02 mode=0100755 ouid=0 ogid=0 rdev=00:00 nametype=NORMAL cap_fp=0 cap_fi=0 cap_fe=0 cap_fver=0 cap_frootid=0OUID="root" OGID="root"
type=PROCTITLE msg=audit(1769929457.435:5093): proctitle=2F7573722F6C69622F73797374656D642F73797374656D642D6578656375746F72002D2D646573657269616C697A6500313632002D2D6C6F672D6C6576656C00696E666F002D2D6C6F672D746172676574006A6F75726E616C2D6F722D6B6D7367
type=SERVICE_STOP msg=audit(1769929457.508:5094): pid=1 uid=0 auid=4294967295 ses=4294967295 subj=unconfined msg='unit=anacron comm="systemd" exe="/usr/lib/systemd/systemd" hostname=? addr=? terminal=? res=success'UID="root" AUID="unset"
type=USER_ACCT msg=audit(1769929501.629:5095): pid=7646 uid=0 auid=4294967295 ses=4294967295 subj=unconfined msg='op=PAM:accounting grantors=pam_permit,pam_localuser acct="root" exe="/usr/sbin/cron" hostname=? addr=? terminal=cron res=success'UID="root" AUID="unset"
type=CRED_ACQ msg=audit(1769929501.633:5096): pid=7646 uid=0 auid=4294967295 ses=4294967295 subj=unconfined msg='op=PAM:setcred grantors=pam_permit,pam_cap acct="root" exe="/usr/sbin/cron" hostname=? addr=? terminal=cron res=success'UID="root" AUID="unset"
type=LOGIN msg=audit(1769929501.633:5097): pid=7646 uid=0 subj=unconfined old-auid=4294967295 auid=0 tty=(none) old-ses=4294967295 ses=8 res=1UID="root" OLD-AUID="unset" AUID="root"
type=SYSCALL msg=audit(1769929501.633:5097): arch=c000003e syscall=1 success=yes exit=1 a0=7 a1=7fff43923140 a2=1 a3=0 items=0 ppid=866 pid=7646 auid=0 uid=0 gid=0 euid=0 suid=0 fsuid=0 egid=0 sgid=0 fsgid=0 tty=(none) ses=8 comm="cron" exe="/usr/sbin/cron" subj=unconfined key=(null)ARCH=x86_64 SYSCALL=write AUID="root" UID="root" GID="root" EUID="root" SUID="root" FSUID="root" EGID="root" SGID="root" FSGID="root"
type=PROCTITLE msg=audit(1769929501.633:5097): proctitle=2F7573722F7362696E2F43524F4E002D66002D50
type=USER_START msg=audit(1769929501.633:5098): pid=7646 uid=0 auid=0 ses=8 subj=unconfined msg='op=PAM:session_open grantors=pam_loginuid,pam_env,pam_env,pam_permit,pam_umask,pam_unix,pam_limits acct="root" exe="/usr/sbin/cron" hostname=? addr=? terminal=cron res=success'UID="root" AUID="root"
type=CRED_REFR msg=audit(1769929501.639:5099): pid=7647 uid=0 auid=0 ses=8 subj=unconfined msg='op=PAM:setcred grantors=pam_permit,pam_cap acct="root" exe="/usr/sbin/cron" hostname=? addr=? terminal=cron res=success'UID="root" AUID="root"
type=SYSCALL msg=audit(1769929501.639:5100): arch=c000003e syscall=59 success=yes exit=0 a0=5e808067b8a6 a1=7fff439231f0 a2=5e808067b8e0 a3=5e808067b8a6 items=2 ppid=7646 pid=7647 auid=0 uid=0 gid=0 euid=0 suid=0 fsuid=0 egid=0 sgid=0 fsgid=0 tty=(none) ses=8 comm="sh" exe="/usr/bin/dash" subj=unconfined key="process_exec"ARCH=x86_64 SYSCALL=execve AUID="root" UID="root" GID="root" EUID="root" SUID="root" FSUID="root" EGID="root" SGID="root" FSGID="root"
type=EXECVE msg=audit(1769929501.639:5100): argc=3 a0="/bin/sh" a1="-c" a2=636F6D6D616E64202D762064656269616E2D736131203E202F6465762F6E756C6C2026262064656269616E2D73613120312031
type=CWD msg=audit(1769929501.639:5100): cwd="/root"
type=PATH msg=audit(1769929501.639:5100): item=0 name="/bin/sh" inode=1573518 dev=08:02 mode=0100755 ouid=0 ogid=0 rdev=00:00 nametype=NORMAL cap_fp=0 cap_fi=0 cap_fe=0 cap_fver=0 cap_frootid=0OUID="root" OGID="root"
type=PATH msg=audit(1769929501.639:5100): item=1 name="/lib64/ld-linux-x86-64.so.2" inode=1575340 dev=08:02 mode=0100755 ouid=0 ogid=0 rdev=00:00 nametype=NORMAL cap_fp=0 cap_fi=0 cap_fe=0 cap_fver=0 cap_frootid=0OUID="root" OGID="root"
type=PROCTITLE msg=audit(1769929501.639:5100): proctitle=2F62696E2F7368002D6300636F6D6D616E64202D762064656269616E2D736131203E202F6465762F6E756C6C2026262064656269616E2D73613120312031
type=SYSCALL msg=audit(1769929501.644:5101): arch=c000003e syscall=59 success=yes exit=0 a0=5bb70272d538 a1=5bb70272d4e0 a2=5bb70272d500 a3=8 items=3 ppid=7647 pid=7648 auid=0 uid=0 gid=0 euid=0 suid=0 fsuid=0 egid=0 sgid=0 fsgid=0 tty=(none) ses=8 comm="debian-sa1" exe="/usr/bin/dash" subj=unconfined key="process_exec"ARCH=x86_64 SYSCALL=execve AUID="root" UID="root" GID="root" EUID="root" SUID="root" FSUID="root" EGID="root" SGID="root" FSGID="root"
type=EXECVE msg=audit(1769929501.644:5101): argc=4 a0="/bin/sh" a1="/usr/lib/sysstat/debian-sa1" a2="1" a3="1"
type=CWD msg=audit(1769929501.644:5101): cwd="/root"
type=PATH msg=audit(1769929501.644:5101): item=0 name="/usr/lib/sysstat/debian-sa1" inode=1582333 dev=08:02 mode=0100755 ouid=0 ogid=0 rdev=00:00 nametype=NORMAL cap_fp=0 cap_fi=0 cap_fe=0 cap_fver=0 cap_frootid=0OUID="root" OGID="root"
type=PATH msg=audit(1769929501.644:5101): item=1 name="/bin/sh" inode=1573518 dev=08:02 mode=0100755 ouid=0 ogid=0 rdev=00:00 nametype=NORMAL cap_fp=0 cap_fi=0 cap_fe=0 cap_fver=0 cap_frootid=0OUID="root" OGID="root"
type=PATH msg=audit(1769929501.644:5101): item=2 name="/lib64/ld-linux-x86-64.so.2" inode=1575340 dev=08:02 mode=0100755 ouid=0 ogid=0 rdev=00:00 nametype=NORMAL cap_fp=0 cap_fi=0 cap_fe=0 cap_fver=0 cap_frootid=0OUID="root" OGID="root"
type=PROCTITLE msg=audit(1769929501.644:5101): proctitle=2F62696E2F7368002F7573722F6C69622F737973737461742F64656269616E2D73613100310031
type=CRED_DISP msg=audit(1769929501.648:5102): pid=7646 uid=0 auid=0 ses=8 subj=unconfined msg='op=PAM:setcred grantors=pam_permit acct="root" exe="/usr/sbin/cron" hostname=? addr=? terminal=cron res=success'UID="root" AUID="root"
type=USER_END msg=audit(1769929501.648:5103): pid=7646 uid=0 auid=0 ses=8 subj=unconfined msg='op=PAM:session_close grantors=pam_loginuid,pam_env,pam_env,pam_permit,pam_umask,pam_unix,pam_limits acct="root" exe="/usr/sbin/cron" hostname=? addr=? terminal=cron res=success'UID="root" AUID="root"
type=BPF msg=audit(1769929503.048:5104): prog-id=96 op=LOAD
type=SYSCALL msg=audit(1769929503.059:5105): arch=c000003e syscall=59 success=yes exit=0 a0=7ffea52a8950 a1=7ffea52a8970 a2=7ffea52a9460 a3=8 items=2 ppid=1 pid=7655 auid=4294967295 uid=0 gid=0 euid=0 suid=0 fsuid=0 egid=0 sgid=0 fsgid=0 tty=(none) ses=4294967295 comm="9" exe="/usr/lib/systemd/systemd-executor" subj=unconfined key="process_exec"ARCH=x86_64 SYSCALL=execve AUID="unset" UID="root" GID="root" EUID="root" SUID="root" FSUID="root" EGID="root" SGID="root" FSGID="root"
type=EXECVE msg=audit(1769929503.059:5105): argc=7 a0="/usr/lib/systemd/systemd-executor" a1="--deserialize" a2="163" a3="--log-level" a4="info" a5="--log-target" a6="journal-or-kmsg"
type=CWD msg=audit(1769929503.059:5105): cwd="/"
type=PATH msg=audit(1769929503.059:5105): item=0 name="/proc/self/fd/9" inode=1596504 dev=08:02 mode=0100755 ouid=0 ogid=0 rdev=00:00 nametype=NORMAL cap_fp=0 cap_fi=0 cap_fe=0 cap_fver=0 cap_frootid=0OUID="root" OGID="root"
type=PATH msg=audit(1769929503.059:5105): item=1 name="/lib64/ld-linux-x86-64.so.2" inode=1575340 dev=08:02 mode=0100755 ouid=0 ogid=0 rdev=00:00 nametype=NORMAL cap_fp=0 cap_fi=0 cap_fe=0 cap_fver=0 cap_frootid=0OUID="root" OGID="root"
type=PROCTITLE msg=audit(1769929503.059:5105): proctitle=2F7573722F6C69622F73797374656D642F73797374656D642D6578656375746F72002D2D646573657269616C697A6500313633002D2D6C6F672D6C6576656C00696E666F002D2D6C6F672D746172676574006A6F75726E616C2D6F722D6B6D7367
type=SYSCALL msg=audit(1769929503.127:5106): arch=c000003e syscall=59 success=yes exit=0 a0=5804bd074140 a1=5804bd066960 a2=5804bd05fd90 a3=5804bd062c40 items=2 ppid=1 pid=7655 auid=4294967295 uid=0 gid=0 euid=0 suid=0 fsuid=0 egid=0 sgid=0 fsgid=0 tty=(none) ses=4294967295 comm="fprintd" exe="/usr/libexec/fprintd" subj=unconfined key="process_exec"ARCH=x86_64 SYSCALL=execve AUID="unset" UID="root" GID="root" EUID="root" SUID="root" FSUID="root" EGID="root" SGID="root" FSGID="root"
type=BPRM_FCAPS msg=audit(1769929503.127:5106): fver=0 fp=0 fi=0 fe=0 old_pp=000001ffffffffff old_pi=0 old_pe=000001ffffffffff old_pa=0 pp=000001f3fdfeffff pi=0 pe=000001f3fdfeffff pa=0 frootid=0
type=EXECVE msg=audit(1769929503.127:5106): argc=1 a0="/usr/libexec/fprintd"
type=CWD msg=audit(1769929503.127:5106): cwd="/"
type=PATH msg=audit(1769929503.127:5106): item=0 name="/usr/libexec/fprintd" inode=1589143 dev=08:02 mode=0100755 ouid=0 ogid=0 rdev=00:00 nametype=NORMAL cap_fp=0 cap_fi=0 cap_fe=0 cap_fver=0 cap_frootid=0OUID="root" OGID="root"
type=PATH msg=audit(1769929503.127:5106): item=1 name="/lib64/ld-linux-x86-64.so.2" inode=1575340 dev=08:02 mode=0100755 ouid=0 ogid=0 rdev=00:00 nametype=NORMAL cap_fp=0 cap_fi=0 cap_fe=0 cap_fver=0 cap_frootid=0OUID="root" OGID="root"
type=PROCTITLE msg=audit(1769929503.127:5106): proctitle=2F7573722F6C69622F73797374656D642F73797374656D642D6578656375746F72002D2D646573657269616C697A6500313633002D2D6C6F672D6C6576656C00696E666F002D2D6C6F672D746172676574006A6F75726E616C2D6F722D6B6D7367
type=SYSCALL msg=audit(1769929503.162:5107): arch=c000003e syscall=59 success=yes exit=0 a0=5f93efcb0040 a1=5f93efcb00a8 a2=5f93efcf3670 a3=8 items=2 ppid=6339 pid=7659 auid=1000 uid=0 gid=1000 euid=0 suid=0 fsuid=0 egid=1000 sgid=1000 fsgid=1000 tty=(none) ses=4 comm="gdm-session-wor" exe="/usr/libexec/gdm-session-worker" subj=unconfined key="process_exec"ARCH=x86_64 SYSCALL=execve AUID="heroic" UID="root" GID="heroic" EUID="root" SUID="root" FSUID="root" EGID="heroic" SGID="heroic" FSGID="heroic"
type=EXECVE msg=audit(1769929503.162:5107): argc=1 a0=67646D2D73657373696F6E2D776F726B6572205B70616D2F67646D2D70617373776F72645D
type=CWD msg=audit(1769929503.162:5107): cwd="/"
type=PATH msg=audit(1769929503.162:5107): item=0 name="/usr/libexec/gdm-session-worker" inode=1590201 dev=08:02 mode=0100755 ouid=0 ogid=0 rdev=00:00 nametype=NORMAL cap_fp=0 cap_fi=0 cap_fe=0 cap_fver=0 cap_frootid=0OUID="root" OGID="root"
type=PATH msg=audit(1769929503.162:5107): item=1 name="/lib64/ld-linux-x86-64.so.2" inode=1575340 dev=08:02 mode=0100755 ouid=0 ogid=0 rdev=00:00 nametype=NORMAL cap_fp=0 cap_fi=0 cap_fe=0 cap_fver=0 cap_frootid=0OUID="root" OGID="root"
type=PROCTITLE msg=audit(1769929503.162:5107): proctitle=67646D2D73657373696F6E2D776F726B6572205B70616D2F67646D2D70617373776F72645D
type=SERVICE_START msg=audit(1769929503.182:5108): pid=1 uid=0 auid=4294967295 ses=4294967295 subj=unconfined msg='unit=fprintd comm="systemd" exe="/usr/lib/systemd/systemd" hostname=? addr=? terminal=? res=success'UID="root" AUID="unset"
type=USER_AUTH msg=audit(1769929509.197:5109): pid=7659 uid=0 auid=1000 ses=4 subj=unconfined msg='op=PAM:authentication grantors=pam_succeed_if,pam_permit,pam_cap,pam_gnome_keyring acct="heroic" exe="/usr/libexec/gdm-session-worker" hostname=Ubuntu24 addr=? terminal=/dev/tty1 res=success'UID="root" AUID="heroic"
type=USER_ACCT msg=audit(1769929509.204:5110): pid=7659 uid=0 auid=1000 ses=4 subj=unconfined msg='op=PAM:accounting grantors=pam_permit,pam_localuser acct="heroic" exe="/usr/libexec/gdm-session-worker" hostname=Ubuntu24 addr=? terminal=/dev/tty1 res=success'UID="root" AUID="heroic"
type=CRED_REFR msg=audit(1769929509.209:5111): pid=7659 uid=0 auid=1000 ses=4 subj=unconfined msg='op=PAM:setcred grantors=pam_permit,pam_cap,pam_gnome_keyring acct="heroic" exe="/usr/libexec/gdm-session-worker" hostname=Ubuntu24 addr=? terminal=/dev/tty1 res=success'UID="root" AUID="heroic"
type=SYSCALL msg=audit(1769929509.391:5112): arch=c000003e syscall=59 success=yes exit=0 a0=5c06f521e120 a1=5c06f521e200 a2=5c06f521d180 a3=0 items=2 ppid=7672 pid=7673 auid=1000 uid=1000 gid=1000 euid=1000 suid=1000 fsuid=1000 egid=1000 sgid=1000 fsgid=1000 tty=(none) ses=5 comm="nautilus" exe="/usr/bin/nautilus" subj=nautilus key="process_exec"ARCH=x86_64 SYSCALL=execve AUID="heroic" UID="heroic" GID="heroic" EUID="heroic" SUID="heroic" FSUID="heroic" EGID="heroic" SGID="heroic" FSGID="heroic"
type=EXECVE msg=audit(1769929509.391:5112): argc=2 a0="/usr/bin/nautilus" a1="--gapplication-service"
type=CWD msg=audit(1769929509.391:5112): cwd="/home/heroic"
type=PATH msg=audit(1769929509.391:5112): item=0 name="/usr/bin/nautilus" inode=1590659 dev=08:02 mode=0100755 ouid=0 ogid=0 rdev=00:00 nametype=NORMAL cap_fp=0 cap_fi=0 cap_fe=0 cap_fver=0 cap_frootid=0OUID="root" OGID="root"
type=PATH msg=audit(1769929509.391:5112): item=1 name="/lib64/ld-linux-x86-64.so.2" inode=1575340 dev=08:02 mode=0100755 ouid=0 ogid=0 rdev=00:00 nametype=NORMAL cap_fp=0 cap_fi=0 cap_fe=0 cap_fver=0 cap_frootid=0OUID="root" OGID="root"
type=PROCTITLE msg=audit(1769929509.391:5112): proctitle=2F7573722F62696E2F6E617574696C7573002D2D676170706C69636174696F6E2D73657276696365
type=SYSCALL msg=audit(1769929509.529:5113): arch=c000003e syscall=59 success=yes exit=0 a0=5c6c3e03e010 a1=5c6c3e03e150 a2=5c6c3d078860 a3=0 items=3 ppid=6619 pid=7689 auid=1000 uid=1000 gid=1000 euid=1000 suid=1000 fsuid=1000 egid=1000 sgid=1000 fsgid=1000 tty=(none) ses=5 comm="ding.js" exe="/usr/bin/env" subj=desktop-icons-ng key="process_exec"ARCH=x86_64 SYSCALL=execve AUID="heroic" UID="heroic" GID="heroic" EUID="heroic" SUID="heroic" FSUID="heroic" EGID="heroic" SGID="heroic" FSGID="heroic"
type=EXECVE msg=audit(1769929509.529:5113): argc=6 a0="/usr/bin/env" a1="gjs" a2="/usr/share/gnome-shell/extensions/ding@rastersoft.com/app/ding.js" a3="-E" a4="-P" a5="/usr/share/gnome-shell/extensions/ding@rastersoft.com/app"
type=CWD msg=audit(1769929509.529:5113): cwd="/home/heroic"
type=PATH msg=audit(1769929509.529:5113): item=0 name="/usr/share/gnome-shell/extensions/ding@rastersoft.com/app/ding.js" inode=1590688 dev=08:02 mode=0100755 ouid=0 ogid=0 rdev=00:00 nametype=NORMAL cap_fp=0 cap_fi=0 cap_fe=0 cap_fver=0 cap_frootid=0OUID="root" OGID="root"
type=PATH msg=audit(1769929509.529:5113): item=1 name="/usr/bin/env" inode=1578077 dev=08:02 mode=0100755 ouid=0 ogid=0 rdev=00:00 nametype=NORMAL cap_fp=0 cap_fi=0 cap_fe=0 cap_fver=0 cap_frootid=0OUID="root" OGID="root"
type=PATH msg=audit(1769929509.529:5113): item=2 name="/lib64/ld-linux-x86-64.so.2" inode=1575340 dev=08:02 mode=0100755 ouid=0 ogid=0 rdev=00:00 nametype=NORMAL cap_fp=0 cap_fi=0 cap_fe=0 cap_fver=0 cap_frootid=0OUID="root" OGID="root"
type=PROCTITLE msg=audit(1769929509.529:5113): proctitle=2F7573722F62696E2F656E7600676A73002F7573722F73686172652F676E6F6D652D7368656C6C2F657874656E73696F6E732F64696E6740726173746572736F66742E636F6D2F6170702F64696E672E6A73002D45002D50002F7573722F73686172652F676E6F6D652D7368656C6C2F657874656E73696F6E732F64696E6740
type=SYSCALL msg=audit(1769929509.538:5114): arch=c000003e syscall=59 success=no exit=-2 a0=7ffed1fb3150 a1=7ffed1fb3500 a2=7ffed1fb3530 a3=7ffed1fb49c0 items=1 ppid=6619 pid=7689 auid=1000 uid=1000 gid=1000 euid=1000 suid=1000 fsuid=1000 egid=1000 sgid=1000 fsgid=1000 tty=(none) ses=5 comm="ding.js" exe="/usr/bin/env" subj=desktop-icons-ng key="process_exec"ARCH=x86_64 SYSCALL=execve AUID="heroic" UID="heroic" GID="heroic" EUID="heroic" SUID="heroic" FSUID="heroic" EGID="heroic" SGID="heroic" FSGID="heroic"
type=CWD msg=audit(1769929509.538:5114): cwd="/home/heroic"
type=PATH msg=audit(1769929509.538:5114): item=0 name="/usr/local/sbin/gjs" nametype=UNKNOWN cap_fp=0 cap_fi=0 cap_fe=0 cap_fver=0 cap_frootid=0
type=PROCTITLE msg=audit(1769929509.538:5114): proctitle=2F7573722F62696E2F656E7600676A73002F7573722F73686172652F676E6F6D652D7368656C6C2F657874656E73696F6E732F64696E6740726173746572736F66742E636F6D2F6170702F64696E672E6A73002D45002D50002F7573722F73686172652F676E6F6D652D7368656C6C2F657874656E73696F6E732F64696E6740
type=SYSCALL msg=audit(1769929509.538:5115): arch=c000003e syscall=59 success=no exit=-2 a0=7ffed1fb3150 a1=7ffed1fb3500 a2=7ffed1fb3530 a3=7ffed1fb49c0 items=1 ppid=6619 pid=7689 auid=1000 uid=1000 gid=1000 euid=1000 suid=1000 fsuid=1000 egid=1000 sgid=1000 fsgid=1000 tty=(none) ses=5 comm="ding.js" exe="/usr/bin/env" subj=desktop-icons-ng key="process_exec"ARCH=x86_64 SYSCALL=execve AUID="heroic" UID="heroic" GID="heroic" EUID="heroic" SUID="heroic" FSUID="heroic" EGID="heroic" SGID="heroic" FSGID="heroic"
type=CWD msg=audit(1769929509.538:5115): cwd="/home/heroic"
type=PATH msg=audit(1769929509.538:5115): item=0 name="/usr/local/bin/gjs" nametype=UNKNOWN cap_fp=0 cap_fi=0 cap_fe=0 cap_fver=0 cap_frootid=0
type=PROCTITLE msg=audit(1769929509.538:5115): proctitle=2F7573722F62696E2F656E7600676A73002F7573722F73686172652F676E6F6D652D7368656C6C2F657874656E73696F6E732F64696E6740726173746572736F66742E636F6D2F6170702F64696E672E6A73002D45002D50002F7573722F73686172652F676E6F6D652D7368656C6C2F657874656E73696F6E732F64696E6740
type=SYSCALL msg=audit(1769929509.538:5116): arch=c000003e syscall=59 success=no exit=-2 a0=7ffed1fb3150 a1=7ffed1fb3500 a2=7ffed1fb3530 a3=7ffed1fb49c0 items=1 ppid=6619 pid=7689 auid=1000 uid=1000 gid=1000 euid=1000 suid=1000 fsuid=1000 egid=1000 sgid=1000 fsgid=1000 tty=(none) ses=5 comm="ding.js" exe="/usr/bin/env" subj=desktop-icons-ng key="process_exec"ARCH=x86_64 SYSCALL=execve AUID="heroic" UID="heroic" GID="heroic" EUID="heroic" SUID="heroic" FSUID="heroic" EGID="heroic" SGID="heroic" FSGID="heroic"
type=CWD msg=audit(1769929509.538:5116): cwd="/home/heroic"
type=PATH msg=audit(1769929509.538:5116): item=0 name="/usr/sbin/gjs" nametype=UNKNOWN cap_fp=0 cap_fi=0 cap_fe=0 cap_fver=0 cap_frootid=0
type=PROCTITLE msg=audit(1769929509.538:5116): proctitle=2F7573722F62696E2F656E7600676A73002F7573722F73686172652F676E6F6D652D7368656C6C2F657874656E73696F6E732F64696E6740726173746572736F66742E636F6D2F6170702F64696E672E6A73002D45002D50002F7573722F73686172652F676E6F6D652D7368656C6C2F657874656E73696F6E732F64696E6740
type=SYSCALL msg=audit(1769929509.538:5117): arch=c000003e syscall=59 success=yes exit=0 a0=7ffed1fb3150 a1=7ffed1fb3500 a2=7ffed1fb3530 a3=7ffed1fb49c0 items=2 ppid=6619 pid=7689 auid=1000 uid=1000 gid=1000 euid=1000 suid=1000 fsuid=1000 egid=1000 sgid=1000 fsgid=1000 tty=(none) ses=5 comm="gjs" exe="/usr/bin/gjs-console" subj=desktop-icons-ng key="process_exec"ARCH=x86_64 SYSCALL=execve AUID="heroic" UID="heroic" GID="heroic" EUID="heroic" SUID="heroic" FSUID="heroic" EGID="heroic" SGID="heroic" FSGID="heroic"
type=EXECVE msg=audit(1769929509.538:5117): argc=5 a0="gjs" a1="/usr/share/gnome-shell/extensions/ding@rastersoft.com/app/ding.js" a2="-E" a3="-P" a4="/usr/share/gnome-shell/extensions/ding@rastersoft.com/app"
type=CWD msg=audit(1769929509.538:5117): cwd="/home/heroic"
type=PATH msg=audit(1769929509.538:5117): item=0 name="/usr/bin/gjs" inode=1573679 dev=08:02 mode=0100755 ouid=0 ogid=0 rdev=00:00 nametype=NORMAL cap_fp=0 cap_fi=0 cap_fe=0 cap_fver=0 cap_frootid=0OUID="root" OGID="root"
type=PATH msg=audit(1769929509.538:5117): item=1 name="/lib64/ld-linux-x86-64.so.2" inode=1575340 dev=08:02 mode=0100755 ouid=0 ogid=0 rdev=00:00 nametype=NORMAL cap_fp=0 cap_fi=0 cap_fe=0 cap_fver=0 cap_frootid=0OUID="root" OGID="root"
type=PROCTITLE msg=audit(1769929509.538:5117): proctitle=2F7573722F62696E2F656E7600676A73002F7573722F73686172652F676E6F6D652D7368656C6C2F657874656E73696F6E732F64696E6740726173746572736F66742E636F6D2F6170702F64696E672E6A73002D45002D50002F7573722F73686172652F676E6F6D652D7368656C6C2F657874656E73696F6E732F64696E6740
type=SYSCALL msg=audit(1769929510.104:5118): arch=c000003e syscall=59 success=no exit=-2 a0=7ffd3d275aad a1=648e265e06a0 a2=7ffd3d279908 a3=0 items=1 ppid=7689 pid=7713 auid=1000 uid=1000 gid=1000 euid=1000 suid=1000 fsuid=1000 egid=1000 sgid=1000 fsgid=1000 tty=(none) ses=5 comm="gjs" exe="/usr/bin/gjs-console" subj=desktop-icons-ng key="process_exec"ARCH=x86_64 SYSCALL=execve AUID="heroic" UID="heroic" GID="heroic" EUID="heroic" SUID="heroic" FSUID="heroic" EGID="heroic" SGID="heroic" FSGID="heroic"
type=CWD msg=audit(1769929510.104:5118): cwd="/home/heroic"
type=PATH msg=audit(1769929510.104:5118): item=0 name="/usr/local/sbin/nautilus" nametype=UNKNOWN cap_fp=0 cap_fi=0 cap_fe=0 cap_fver=0 cap_frootid=0
type=PROCTITLE msg=audit(1769929510.104:5118): proctitle=676A73002F7573722F73686172652F676E6F6D652D7368656C6C2F657874656E73696F6E732F64696E6740726173746572736F66742E636F6D2F6170702F64696E672E6A73002D45002D50002F7573722F73686172652F676E6F6D652D7368656C6C2F657874656E73696F6E732F64696E6740726173746572736F66742E636F
type=SYSCALL msg=audit(1769929510.104:5119): arch=c000003e syscall=59 success=no exit=-2 a0=7ffd3d275aae a1=648e265e06a0 a2=7ffd3d279908 a3=735fc1d319c8 items=1 ppid=7689 pid=7713 auid=1000 uid=1000 gid=1000 euid=1000 suid=1000 fsuid=1000 egid=1000 sgid=1000 fsgid=1000 tty=(none) ses=5 comm="gjs" exe="/usr/bin/gjs-console" subj=desktop-icons-ng key="process_exec"ARCH=x86_64 SYSCALL=execve AUID="heroic" UID="heroic" GID="heroic" EUID="heroic" SUID="heroic" FSUID="heroic" EGID="heroic" SGID="heroic" FSGID="heroic"
type=CWD msg=audit(1769929510.104:5119): cwd="/home/heroic"
type=PATH msg=audit(1769929510.104:5119): item=0 name="/usr/local/bin/nautilus" nametype=UNKNOWN cap_fp=0 cap_fi=0 cap_fe=0 cap_fver=0 cap_frootid=0
type=PROCTITLE msg=audit(1769929510.104:5119): proctitle=676A73002F7573722F73686172652F676E6F6D652D7368656C6C2F657874656E73696F6E732F64696E6740726173746572736F66742E636F6D2F6170702F64696E672E6A73002D45002D50002F7573722F73686172652F676E6F6D652D7368656C6C2F657874656E73696F6E732F64696E6740726173746572736F66742E636F
type=SYSCALL msg=audit(1769929510.105:5120): arch=c000003e syscall=59 success=no exit=-2 a0=7ffd3d275ab3 a1=648e265e06a0 a2=7ffd3d279908 a3=735fc1d319c8 items=1 ppid=7689 pid=7713 auid=1000 uid=1000 gid=1000 euid=1000 suid=1000 fsuid=1000 egid=1000 sgid=1000 fsgid=1000 tty=(none) ses=5 comm="gjs" exe="/usr/bin/gjs-console" subj=desktop-icons-ng key="process_exec"ARCH=x86_64 SYSCALL=execve AUID="heroic" UID="heroic" GID="heroic" EUID="heroic" SUID="heroic" FSUID="heroic" EGID="heroic" SGID="heroic" FSGID="heroic"
type=CWD msg=audit(1769929510.105:5120): cwd="/home/heroic"
type=PATH msg=audit(1769929510.105:5120): item=0 name="/usr/sbin/nautilus" nametype=UNKNOWN cap_fp=0 cap_fi=0 cap_fe=0 cap_fver=0 cap_frootid=0
type=PROCTITLE msg=audit(1769929510.105:5120): proctitle=676A73002F7573722F73686172652F676E6F6D652D7368656C6C2F657874656E73696F6E732F64696E6740726173746572736F66742E636F6D2F6170702F64696E672E6A73002D45002D50002F7573722F73686172652F676E6F6D652D7368656C6C2F657874656E73696F6E732F64696E6740726173746572736F66742E636F
type=SYSCALL msg=audit(1769929510.105:5121): arch=c000003e syscall=59 success=yes exit=0 a0=7ffd3d275ab4 a1=648e265e06a0 a2=7ffd3d279908 a3=735fc1d319c8 items=2 ppid=7689 pid=7713 auid=1000 uid=1000 gid=1000 euid=1000 suid=1000 fsuid=1000 egid=1000 sgid=1000 fsgid=1000 tty=(none) ses=5 comm="nautilus" exe="/usr/bin/nautilus" subj=nautilus key="process_exec"ARCH=x86_64 SYSCALL=execve AUID="heroic" UID="heroic" GID="heroic" EUID="heroic" SUID="heroic" FSUID="heroic" EGID="heroic" SGID="heroic" FSGID="heroic"
type=EXECVE msg=audit(1769929510.105:5121): argc=2 a0="nautilus" a1="--version"
type=CWD msg=audit(1769929510.105:5121): cwd="/home/heroic"
type=PATH msg=audit(1769929510.105:5121): item=0 name="/usr/bin/nautilus" inode=1590659 dev=08:02 mode=0100755 ouid=0 ogid=0 rdev=00:00 nametype=NORMAL cap_fp=0 cap_fi=0 cap_fe=0 cap_fver=0 cap_frootid=0OUID="root" OGID="root"
type=PATH msg=audit(1769929510.105:5121): item=1 name="/lib64/ld-linux-x86-64.so.2" inode=1575340 dev=08:02 mode=0100755 ouid=0 ogid=0 rdev=00:00 nametype=NORMAL cap_fp=0 cap_fi=0 cap_fe=0 cap_fver=0 cap_frootid=0OUID="root" OGID="root"
type=PROCTITLE msg=audit(1769929510.105:5121): proctitle=676A73002F7573722F73686172652F676E6F6D652D7368656C6C2F657874656E73696F6E732F64696E6740726173746572736F66742E636F6D2F6170702F64696E672E6A73002D45002D50002F7573722F73686172652F676E6F6D652D7368656C6C2F657874656E73696F6E732F64696E6740726173746572736F66742E636F
type=SYSCALL msg=audit(1769929510.397:5122): arch=c000003e syscall=59 success=yes exit=0 a0=5f93efcfa880 a1=5f93efceb040 a2=5f93efcea2c0 a3=0 items=3 ppid=6339 pid=7728 auid=1000 uid=0 gid=1000 euid=0 suid=0 fsuid=0 egid=1000 sgid=1000 fsgid=1000 tty=(none) ses=4 comm="Default" exe="/usr/bin/dash" subj=unconfined key="process_exec"ARCH=x86_64 SYSCALL=execve AUID="heroic" UID="root" GID="heroic" EUID="root" SUID="root" FSUID="root" EGID="heroic" SGID="heroic" FSGID="heroic"
type=EXECVE msg=audit(1769929510.397:5122): argc=2 a0="/bin/sh" a1="/etc/gdm3/PrimeOff/Default"
type=CWD msg=audit(1769929510.397:5122): cwd="/"
type=PATH msg=audit(1769929510.397:5122): item=0 name="/etc/gdm3/PrimeOff/Default" inode=1706009 dev=08:02 mode=0100755 ouid=0 ogid=0 rdev=00:00 nametype=NORMAL cap_fp=0 cap_fi=0 cap_fe=0 cap_fver=0 cap_frootid=0OUID="root" OGID="root"
type=PATH msg=audit(1769929510.397:5122): item=1 name="/bin/sh" inode=1573518 dev=08:02 mode=0100755 ouid=0 ogid=0 rdev=00:00 nametype=NORMAL cap_fp=0 cap_fi=0 cap_fe=0 cap_fver=0 cap_frootid=0OUID="root" OGID="root"
type=PATH msg=audit(1769929510.397:5122): item=2 name="/lib64/ld-linux-x86-64.so.2" inode=1575340 dev=08:02 mode=0100755 ouid=0 ogid=0 rdev=00:00 nametype=NORMAL cap_fp=0 cap_fi=0 cap_fe=0 cap_fver=0 cap_frootid=0OUID="root" OGID="root"
type=PROCTITLE msg=audit(1769929510.397:5122): proctitle=2F62696E2F7368002F6574632F67646D332F5072696D654F66662F44656661756C74
type=USER_END msg=audit(1769929511.903:5123): pid=7573 uid=0 auid=1000 ses=5 subj=unconfined msg='op=PAM:session_close grantors=pam_limits,pam_env,pam_env,pam_permit,pam_umask,pam_unix acct="root" exe="/usr/bin/sudo" hostname=? addr=? terminal=/dev/pts/1 res=success'UID="root" AUID="heroic"
type=CRED_DISP msg=audit(1769929511.903:5124): pid=7573 uid=0 auid=1000 ses=5 subj=unconfined msg='op=PAM:setcred grantors=pam_permit acct="root" exe="/usr/bin/sudo" hostname=? addr=? terminal=/dev/pts/1 res=success'UID="root" AUID="heroic"
type=SERVICE_STOP msg=audit(1769929533.449:5125): pid=1 uid=0 auid=4294967295 ses=4294967295 subj=unconfined msg='unit=fprintd comm="systemd" exe="/usr/lib/systemd/systemd" hostname=? addr=? terminal=? res=success'UID="root" AUID="unset"
type=BPF msg=audit(1769929533.456:5126): prog-id=96 op=UNLOAD
type=SYSCALL msg=audit(1769929554.739:5127): arch=c000003e syscall=59 success=yes exit=0 a0=5c06f51d6ab0 a1=5c06f5218150 a2=5c06f523a5d0 a3=0 items=2 ppid=7737 pid=7738 auid=1000 uid=1000 gid=1000 euid=1000 suid=1000 fsuid=1000 egid=1000 sgid=1000 fsgid=1000 tty=(none) ses=5 comm="nautilus" exe="/usr/bin/nautilus" subj=nautilus key="process_exec"ARCH=x86_64 SYSCALL=execve AUID="heroic" UID="heroic" GID="heroic" EUID="heroic" SUID="heroic" FSUID="heroic" EGID="heroic" SGID="heroic" FSGID="heroic"
type=EXECVE msg=audit(1769929554.739:5127): argc=2 a0="/usr/bin/nautilus" a1="--gapplication-service"
type=CWD msg=audit(1769929554.739:5127): cwd="/home/heroic"
type=PATH msg=audit(1769929554.739:5127): item=0 name="/usr/bin/nautilus" inode=1590659 dev=08:02 mode=0100755 ouid=0 ogid=0 rdev=00:00 nametype=NORMAL cap_fp=0 cap_fi=0 cap_fe=0 cap_fver=0 cap_frootid=0OUID="root" OGID="root"
type=PATH msg=audit(1769929554.739:5127): item=1 name="/lib64/ld-linux-x86-64.so.2" inode=1575340 dev=08:02 mode=0100755 ouid=0 ogid=0 rdev=00:00 nametype=NORMAL cap_fp=0 cap_fi=0 cap_fe=0 cap_fver=0 cap_frootid=0OUID="root" OGID="root"
type=PROCTITLE msg=audit(1769929554.739:5127): proctitle=2F7573722F62696E2F6E617574696C7573002D2D676170706C69636174696F6E2D73657276696365
type=BPF msg=audit(1769929555.287:5128): prog-id=97 op=LOAD
type=BPF msg=audit(1769929555.287:5129): prog-id=98 op=LOAD
type=BPF msg=audit(1769929555.287:5130): prog-id=99 op=LOAD
type=SYSCALL msg=audit(1769929555.287:5131): arch=c000003e syscall=59 success=yes exit=0 a0=7ffea52a8950 a1=7ffea52a8970 a2=7ffea52a9460 a3=8 items=2 ppid=1 pid=7768 auid=4294967295 uid=0 gid=0 euid=0 suid=0 fsuid=0 egid=0 sgid=0 fsgid=0 tty=(none) ses=4294967295 comm="9" exe="/usr/lib/systemd/systemd-executor" subj=unconfined key="process_exec"ARCH=x86_64 SYSCALL=execve AUID="unset" UID="root" GID="root" EUID="root" SUID="root" FSUID="root" EGID="root" SGID="root" FSGID="root"
type=EXECVE msg=audit(1769929555.287:5131): argc=7 a0="/usr/lib/systemd/systemd-executor" a1="--deserialize" a2="172" a3="--log-level" a4="info" a5="--log-target" a6="journal-or-kmsg"
type=CWD msg=audit(1769929555.287:5131): cwd="/"
type=PATH msg=audit(1769929555.287:5131): item=0 name="/proc/self/fd/9" inode=1596504 dev=08:02 mode=0100755 ouid=0 ogid=0 rdev=00:00 nametype=NORMAL cap_fp=0 cap_fi=0 cap_fe=0 cap_fver=0 cap_frootid=0OUID="root" OGID="root"
type=PATH msg=audit(1769929555.287:5131): item=1 name="/lib64/ld-linux-x86-64.so.2" inode=1575340 dev=08:02 mode=0100755 ouid=0 ogid=0 rdev=00:00 nametype=NORMAL cap_fp=0 cap_fi=0 cap_fe=0 cap_fver=0 cap_frootid=0OUID="root" OGID="root"
type=PROCTITLE msg=audit(1769929555.287:5131): proctitle=2F7573722F6C69622F73797374656D642F73797374656D642D6578656375746F72002D2D646573657269616C697A6500313732002D2D6C6F672D6C6576656C00696E666F002D2D6C6F672D746172676574006A6F75726E616C2D6F722D6B6D7367
type=SYSCALL msg=audit(1769929555.339:5132): arch=c000003e syscall=59 success=yes exit=0 a0=611f903d7240 a1=611f903de440 a2=611f903cbde0 a3=611f903cebc0 items=2 ppid=1 pid=7768 auid=4294967295 uid=0 gid=0 euid=0 suid=0 fsuid=0 egid=0 sgid=0 fsgid=0 tty=(none) ses=4294967295 comm="systemd-hostnam" exe="/usr/lib/systemd/systemd-hostnamed" subj=unconfined key="process_exec"ARCH=x86_64 SYSCALL=execve AUID="unset" UID="root" GID="root" EUID="root" SUID="root" FSUID="root" EGID="root" SGID="root" FSGID="root"
type=BPRM_FCAPS msg=audit(1769929555.339:5132): fver=0 fp=0 fi=0 fe=0 old_pp=000001ffffffffff old_pi=0 old_pe=000001ffffffffff old_pa=0 pp=0000000000200000 pi=0 pe=0000000000200000 pa=0 frootid=0
type=EXECVE msg=audit(1769929555.339:5132): argc=1 a0="/usr/lib/systemd/systemd-hostnamed"
type=CWD msg=audit(1769929555.339:5132): cwd="/"
type=PATH msg=audit(1769929555.339:5132): item=0 name="/usr/lib/systemd/systemd-hostnamed" inode=1596509 dev=08:02 mode=0100755 ouid=0 ogid=0 rdev=00:00 nametype=NORMAL cap_fp=0 cap_fi=0 cap_fe=0 cap_fver=0 cap_frootid=0OUID="root" OGID="root"
type=PATH msg=audit(1769929555.339:5132): item=1 name="/lib64/ld-linux-x86-64.so.2" inode=1575340 dev=08:02 mode=0100755 ouid=0 ogid=0 rdev=00:00 nametype=NORMAL cap_fp=0 cap_fi=0 cap_fe=0 cap_fver=0 cap_frootid=0OUID="root" OGID="root"
type=PROCTITLE msg=audit(1769929555.339:5132): proctitle=2F7573722F6C69622F73797374656D642F73797374656D642D6578656375746F72002D2D646573657269616C697A6500313732002D2D6C6F672D6C6576656C00696E666F002D2D6C6F672D746172676574006A6F75726E616C2D6F722D6B6D7367
type=SERVICE_START msg=audit(1769929555.353:5133): pid=1 uid=0 auid=4294967295 ses=4294967295 subj=unconfined msg='unit=systemd-hostnamed comm="systemd" exe="/usr/lib/systemd/systemd" hostname=? addr=? terminal=? res=success'UID="root" AUID="unset"
type=SYSCALL msg=audit(1769929555.415:5134): arch=c000003e syscall=59 success=yes exit=0 a0=59468d87e120 a1=59468d87b2e0 a2=7ffce4cf8128 a3=0 items=2 ppid=6535 pid=7770 auid=1000 uid=1000 gid=1000 euid=1000 suid=1000 fsuid=1000 egid=1000 sgid=1000 fsgid=1000 tty=(none) ses=5 comm="gvfsd-recent" exe="/usr/libexec/gvfsd-recent" subj=unconfined key="process_exec"ARCH=x86_64 SYSCALL=execve AUID="heroic" UID="heroic" GID="heroic" EUID="heroic" SUID="heroic" FSUID="heroic" EGID="heroic" SGID="heroic" FSGID="heroic"
type=EXECVE msg=audit(1769929555.415:5134): argc=4 a0="/usr/libexec/gvfsd-recent" a1="--spawner" a2=":1.20" a3="/org/gtk/gvfs/exec_spaw/1"
type=CWD msg=audit(1769929555.415:5134): cwd="/home/heroic"
type=PATH msg=audit(1769929555.415:5134): item=0 name="/usr/libexec/gvfsd-recent" inode=1589228 dev=08:02 mode=0100755 ouid=0 ogid=0 rdev=00:00 nametype=NORMAL cap_fp=0 cap_fi=0 cap_fe=0 cap_fver=0 cap_frootid=0OUID="root" OGID="root"
type=PATH msg=audit(1769929555.415:5134): item=1 name="/lib64/ld-linux-x86-64.so.2" inode=1575340 dev=08:02 mode=0100755 ouid=0 ogid=0 rdev=00:00 nametype=NORMAL cap_fp=0 cap_fi=0 cap_fe=0 cap_fver=0 cap_frootid=0OUID="root" OGID="root"
type=PROCTITLE msg=audit(1769929555.415:5134): proctitle=2F7573722F6C6962657865632F67766673642D726563656E74002D2D737061776E6572003A312E3230002F6F72672F67746B2F677666732F657865635F737061772F31
type=SYSCALL msg=audit(1769929562.752:5135): arch=c000003e syscall=59 success=yes exit=0 a0=56e0a0066a80 a1=56e09fad6de0 a2=56e09f89c2e0 a3=8 items=2 ppid=7393 pid=7782 auid=1000 uid=1000 gid=1000 euid=1000 suid=1000 fsuid=1000 egid=1000 sgid=1000 fsgid=1000 tty=pts2 ses=5 comm="bash" exe="/usr/bin/bash" subj=unconfined key="process_exec"ARCH=x86_64 SYSCALL=execve AUID="heroic" UID="heroic" GID="heroic" EUID="heroic" SUID="heroic" FSUID="heroic" EGID="heroic" SGID="heroic" FSGID="heroic"
type=EXECVE msg=audit(1769929562.752:5135): argc=1 a0="bash"
type=CWD msg=audit(1769929562.752:5135): cwd="/home/heroic"
type=PATH msg=audit(1769929562.752:5135): item=0 name="/bin/bash" inode=1573437 dev=08:02 mode=0100755 ouid=0 ogid=0 rdev=00:00 nametype=NORMAL cap_fp=0 cap_fi=0 cap_fe=0 cap_fver=0 cap_frootid=0OUID="root" OGID="root"
type=PATH msg=audit(1769929562.752:5135): item=1 name="/lib64/ld-linux-x86-64.so.2" inode=1575340 dev=08:02 mode=0100755 ouid=0 ogid=0 rdev=00:00 nametype=NORMAL cap_fp=0 cap_fi=0 cap_fe=0 cap_fver=0 cap_frootid=0OUID="root" OGID="root"
type=PROCTITLE msg=audit(1769929562.752:5135): proctitle="bash"
type=SYSCALL msg=audit(1769929562.759:5136): arch=c000003e syscall=59 success=yes exit=0 a0=5cde67f2e960 a1=5cde67f34b60 a2=5cde67f2e180 a3=8 items=3 ppid=7782 pid=7783 auid=1000 uid=1000 gid=1000 euid=1000 suid=1000 fsuid=1000 egid=1000 sgid=1000 fsgid=1000 tty=pts2 ses=5 comm="lesspipe" exe="/usr/bin/dash" subj=unconfined key="process_exec"ARCH=x86_64 SYSCALL=execve AUID="heroic" UID="heroic" GID="heroic" EUID="heroic" SUID="heroic" FSUID="heroic" EGID="heroic" SGID="heroic" FSGID="heroic"
type=EXECVE msg=audit(1769929562.759:5136): argc=2 a0="/bin/sh" a1="/usr/bin/lesspipe"
type=CWD msg=audit(1769929562.759:5136): cwd="/home/heroic"
type=PATH msg=audit(1769929562.759:5136): item=0 name="/usr/bin/lesspipe" inode=1573866 dev=08:02 mode=0100755 ouid=0 ogid=0 rdev=00:00 nametype=NORMAL cap_fp=0 cap_fi=0 cap_fe=0 cap_fver=0 cap_frootid=0OUID="root" OGID="root"
type=PATH msg=audit(1769929562.759:5136): item=1 name="/bin/sh" inode=1573518 dev=08:02 mode=0100755 ouid=0 ogid=0 rdev=00:00 nametype=NORMAL cap_fp=0 cap_fi=0 cap_fe=0 cap_fver=0 cap_frootid=0OUID="root" OGID="root"
type=PATH msg=audit(1769929562.759:5136): item=2 name="/lib64/ld-linux-x86-64.so.2" inode=1575340 dev=08:02 mode=0100755 ouid=0 ogid=0 rdev=00:00 nametype=NORMAL cap_fp=0 cap_fi=0 cap_fe=0 cap_fver=0 cap_frootid=0OUID="root" OGID="root"
type=PROCTITLE msg=audit(1769929562.759:5136): proctitle=2F62696E2F7368002F7573722F62696E2F6C65737370697065
type=SYSCALL msg=audit(1769929562.768:5137): arch=c000003e syscall=59 success=yes exit=0 a0=575c1f257f08 a1=575be3050600 a2=575c1f257d98 a3=1 items=2 ppid=7783 pid=7784 auid=1000 uid=1000 gid=1000 euid=1000 suid=1000 fsuid=1000 egid=1000 sgid=1000 fsgid=1000 tty=pts2 ses=5 comm="basename" exe="/usr/bin/basename" subj=unconfined key="process_exec"ARCH=x86_64 SYSCALL=execve AUID="heroic" UID="heroic" GID="heroic" EUID="heroic" SUID="heroic" FSUID="heroic" EGID="heroic" SGID="heroic" FSGID="heroic"
type=EXECVE msg=audit(1769929562.768:5137): argc=2 a0="basename" a1="/usr/bin/lesspipe"
type=CWD msg=audit(1769929562.768:5137): cwd="/home/heroic"
type=PATH msg=audit(1769929562.768:5137): item=0 name="/usr/bin/basename" inode=1578014 dev=08:02 mode=0100755 ouid=0 ogid=0 rdev=00:00 nametype=NORMAL cap_fp=0 cap_fi=0 cap_fe=0 cap_fver=0 cap_frootid=0OUID="root" OGID="root"
type=PATH msg=audit(1769929562.768:5137): item=1 name="/lib64/ld-linux-x86-64.so.2" inode=1575340 dev=08:02 mode=0100755 ouid=0 ogid=0 rdev=00:00 nametype=NORMAL cap_fp=0 cap_fi=0 cap_fe=0 cap_fver=0 cap_frootid=0OUID="root" OGID="root"
type=PROCTITLE msg=audit(1769929562.768:5137): proctitle=626173656E616D65002F7573722F62696E2F6C65737370697065
type=SYSCALL msg=audit(1769929562.773:5138): arch=c000003e syscall=59 success=yes exit=0 a0=575c1f263e88 a1=575c1f263d00 a2=575c1f263d18 a3=1 items=2 ppid=7786 pid=7787 auid=1000 uid=1000 gid=1000 euid=1000 suid=1000 fsuid=1000 egid=1000 sgid=1000 fsgid=1000 tty=pts2 ses=5 comm="dirname" exe="/usr/bin/dirname" subj=unconfined key="process_exec"ARCH=x86_64 SYSCALL=execve AUID="heroic" UID="heroic" GID="heroic" EUID="heroic" SUID="heroic" FSUID="heroic" EGID="heroic" SGID="heroic" FSGID="heroic"
type=EXECVE msg=audit(1769929562.773:5138): argc=2 a0="dirname" a1="/usr/bin/lesspipe"
type=CWD msg=audit(1769929562.773:5138): cwd="/home/heroic"
type=PATH msg=audit(1769929562.773:5138): item=0 name="/usr/bin/dirname" inode=1578074 dev=08:02 mode=0100755 ouid=0 ogid=0 rdev=00:00 nametype=NORMAL cap_fp=0 cap_fi=0 cap_fe=0 cap_fver=0 cap_frootid=0OUID="root" OGID="root"
type=PATH msg=audit(1769929562.773:5138): item=1 name="/lib64/ld-linux-x86-64.so.2" inode=1575340 dev=08:02 mode=0100755 ouid=0 ogid=0 rdev=00:00 nametype=NORMAL cap_fp=0 cap_fi=0 cap_fe=0 cap_fver=0 cap_frootid=0OUID="root" OGID="root"
type=PROCTITLE msg=audit(1769929562.773:5138): proctitle=6469726E616D65002F7573722F62696E2F6C65737370697065
type=SYSCALL msg=audit(1769929562.776:5139): arch=c000003e syscall=59 success=yes exit=0 a0=5cde67f2dcc0 a1=5cde67f36700 a2=5cde67f35870 a3=8 items=2 ppid=7782 pid=7788 auid=1000 uid=1000 gid=1000 euid=1000 suid=1000 fsuid=1000 egid=1000 sgid=1000 fsgid=1000 tty=pts2 ses=5 comm="dircolors" exe="/usr/bin/dircolors" subj=unconfined key="process_exec"ARCH=x86_64 SYSCALL=execve AUID="heroic" UID="heroic" GID="heroic" EUID="heroic" SUID="heroic" FSUID="heroic" EGID="heroic" SGID="heroic" FSGID="heroic"
type=EXECVE msg=audit(1769929562.776:5139): argc=2 a0="dircolors" a1="-b"
type=CWD msg=audit(1769929562.776:5139): cwd="/home/heroic"
type=PATH msg=audit(1769929562.776:5139): item=0 name="/usr/bin/dircolors" inode=1578073 dev=08:02 mode=0100755 ouid=0 ogid=0 rdev=00:00 nametype=NORMAL cap_fp=0 cap_fi=0 cap_fe=0 cap_fver=0 cap_frootid=0OUID="root" OGID="root"
type=PATH msg=audit(1769929562.776:5139): item=1 name="/lib64/ld-linux-x86-64.so.2" inode=1575340 dev=08:02 mode=0100755 ouid=0 ogid=0 rdev=00:00 nametype=NORMAL cap_fp=0 cap_fi=0 cap_fe=0 cap_fver=0 cap_frootid=0OUID="root" OGID="root"
type=PROCTITLE msg=audit(1769929562.776:5139): proctitle=646972636F6C6F7273002D62
type=SYSCALL msg=audit(1769929567.343:5140): arch=c000003e syscall=59 success=yes exit=0 a0=5cde6801c8d0 a1=5cde67f2def0 a2=5cde6801d160 a3=5cde67f2def0 items=2 ppid=7782 pid=7789 auid=1000 uid=1000 gid=1000 euid=1000 suid=1000 fsuid=1000 egid=1000 sgid=1000 fsgid=1000 tty=pts2 ses=5 comm="ls" exe="/usr/bin/ls" subj=unconfined key="process_exec"ARCH=x86_64 SYSCALL=execve AUID="heroic" UID="heroic" GID="heroic" EUID="heroic" SUID="heroic" FSUID="heroic" EGID="heroic" SGID="heroic" FSGID="heroic"
type=EXECVE msg=audit(1769929567.343:5140): argc=2 a0="ls" a1="--color=auto"
type=CWD msg=audit(1769929567.343:5140): cwd="/home/heroic"
type=PATH msg=audit(1769929567.343:5140): item=0 name="/usr/bin/ls" inode=1578104 dev=08:02 mode=0100755 ouid=0 ogid=0 rdev=00:00 nametype=NORMAL cap_fp=0 cap_fi=0 cap_fe=0 cap_fver=0 cap_frootid=0OUID="root" OGID="root"
type=PATH msg=audit(1769929567.343:5140): item=1 name="/lib64/ld-linux-x86-64.so.2" inode=1575340 dev=08:02 mode=0100755 ouid=0 ogid=0 rdev=00:00 nametype=NORMAL cap_fp=0 cap_fi=0 cap_fe=0 cap_fver=0 cap_frootid=0OUID="root" OGID="root"
type=PROCTITLE msg=audit(1769929567.343:5140): proctitle=6C73002D2D636F6C6F723D6175746F
type=SYSCALL msg=audit(1769929575.439:5141): arch=c000003e syscall=59 success=yes exit=0 a0=5cde680252a0 a1=5cde67f2ded0 a2=5cde6801d160 a3=5cde67f2ded0 items=2 ppid=7782 pid=7792 auid=1000 uid=1000 gid=1000 euid=1000 suid=1000 fsuid=1000 egid=1000 sgid=1000 fsgid=1000 tty=pts2 ses=5 comm="ls" exe="/usr/bin/ls" subj=unconfined key="process_exec"ARCH=x86_64 SYSCALL=execve AUID="heroic" UID="heroic" GID="heroic" EUID="heroic" SUID="heroic" FSUID="heroic" EGID="heroic" SGID="heroic" FSGID="heroic"
type=EXECVE msg=audit(1769929575.439:5141): argc=2 a0="ls" a1="--color=auto"
type=CWD msg=audit(1769929575.439:5141): cwd="/home/heroic/Desktop"
type=PATH msg=audit(1769929575.439:5141): item=0 name="/usr/bin/ls" inode=1578104 dev=08:02 mode=0100755 ouid=0 ogid=0 rdev=00:00 nametype=NORMAL cap_fp=0 cap_fi=0 cap_fe=0 cap_fver=0 cap_frootid=0OUID="root" OGID="root"
type=PATH msg=audit(1769929575.439:5141): item=1 name="/lib64/ld-linux-x86-64.so.2" inode=1575340 dev=08:02 mode=0100755 ouid=0 ogid=0 rdev=00:00 nametype=NORMAL cap_fp=0 cap_fi=0 cap_fe=0 cap_fver=0 cap_frootid=0OUID="root" OGID="root"
type=PROCTITLE msg=audit(1769929575.439:5141): proctitle=6C73002D2D636F6C6F723D6175746F
type=SERVICE_STOP msg=audit(1769929585.442:5142): pid=1 uid=0 auid=4294967295 ses=4294967295 subj=unconfined msg='unit=systemd-hostnamed comm="systemd" exe="/usr/lib/systemd/systemd" hostname=? addr=? terminal=? res=success'UID="root" AUID="unset"
type=BPF msg=audit(1769929585.477:5143): prog-id=99 op=UNLOAD
type=BPF msg=audit(1769929585.477:5144): prog-id=98 op=UNLOAD
type=BPF msg=audit(1769929585.477:5145): prog-id=97 op=UNLOAD
type=SYSCALL msg=audit(1769929586.058:5146): arch=c000003e syscall=59 success=yes exit=0 a0=5cde680253a0 a1=5cde68025430 a2=5cde6801d160 a3=5cde68025430 items=2 ppid=7782 pid=7798 auid=1000 uid=1000 gid=1000 euid=1000 suid=1000 fsuid=1000 egid=1000 sgid=1000 fsgid=1000 tty=pts2 ses=5 comm="ls" exe="/usr/bin/ls" subj=unconfined key="process_exec"ARCH=x86_64 SYSCALL=execve AUID="heroic" UID="heroic" GID="heroic" EUID="heroic" SUID="heroic" FSUID="heroic" EGID="heroic" SGID="heroic" FSGID="heroic"
type=EXECVE msg=audit(1769929586.058:5146): argc=2 a0="ls" a1="--color=auto"
type=CWD msg=audit(1769929586.058:5146): cwd="/home/heroic/Desktop/hids_dataset"
type=PATH msg=audit(1769929586.058:5146): item=0 name="/usr/bin/ls" inode=1578104 dev=08:02 mode=0100755 ouid=0 ogid=0 rdev=00:00 nametype=NORMAL cap_fp=0 cap_fi=0 cap_fe=0 cap_fver=0 cap_frootid=0OUID="root" OGID="root"
type=PATH msg=audit(1769929586.058:5146): item=1 name="/lib64/ld-linux-x86-64.so.2" inode=1575340 dev=08:02 mode=0100755 ouid=0 ogid=0 rdev=00:00 nametype=NORMAL cap_fp=0 cap_fi=0 cap_fe=0 cap_fver=0 cap_frootid=0OUID="root" OGID="root"
type=PROCTITLE msg=audit(1769929586.058:5146): proctitle=6C73002D2D636F6C6F723D6175746F
type=SYSCALL msg=audit(1769929592.565:5147): arch=c000003e syscall=59 success=yes exit=0 a0=5cde6801fb40 a1=5cde680324d0 a2=5cde6801d160 a3=5cde680324d0 items=2 ppid=7782 pid=7801 auid=1000 uid=1000 gid=1000 euid=1000 suid=1000 fsuid=1000 egid=1000 sgid=1000 fsgid=1000 tty=pts2 ses=5 comm="ls" exe="/usr/bin/ls" subj=unconfined key="process_exec"ARCH=x86_64 SYSCALL=execve AUID="heroic" UID="heroic" GID="heroic" EUID="heroic" SUID="heroic" FSUID="heroic" EGID="heroic" SGID="heroic" FSGID="heroic"
type=EXECVE msg=audit(1769929592.565:5147): argc=2 a0="ls" a1="--color=auto"
type=CWD msg=audit(1769929592.565:5147): cwd="/home/heroic/Desktop/hids_dataset/raw"
type=PATH msg=audit(1769929592.565:5147): item=0 name="/usr/bin/ls" inode=1578104 dev=08:02 mode=0100755 ouid=0 ogid=0 rdev=00:00 nametype=NORMAL cap_fp=0 cap_fi=0 cap_fe=0 cap_fver=0 cap_frootid=0OUID="root" OGID="root"
type=PATH msg=audit(1769929592.565:5147): item=1 name="/lib64/ld-linux-x86-64.so.2" inode=1575340 dev=08:02 mode=0100755 ouid=0 ogid=0 rdev=00:00 nametype=NORMAL cap_fp=0 cap_fi=0 cap_fe=0 cap_fver=0 cap_frootid=0OUID="root" OGID="root"
type=PROCTITLE msg=audit(1769929592.565:5147): proctitle=6C73002D2D636F6C6F723D6175746F
type=SYSCALL msg=audit(1769929635.835:5148): arch=c000003e syscall=59 success=yes exit=0 a0=5dfa5a791a80 a1=5dfa5a7be670 a2=5dfa5a7907a0 a3=5dfa5a7bf120 items=2 ppid=7536 pid=7804 auid=1000 uid=0 gid=0 euid=0 suid=0 fsuid=0 egid=0 sgid=0 fsgid=0 tty=pts1 ses=5 comm="sudo" exe="/usr/bin/sudo" subj=unconfined key="process_exec"ARCH=x86_64 SYSCALL=execve AUID="heroic" UID="root" GID="root" EUID="root" SUID="root" FSUID="root" EGID="root" SGID="root" FSGID="root"
type=EXECVE msg=audit(1769929635.835:5148): argc=4 a0="sudo" a1="cp" a2="/var/log/audit/audit.log" a3="/root/Desktop/hids_dataset/raw/malicious_remote.log"
type=CWD msg=audit(1769929635.835:5148): cwd="/home/heroic"
type=PATH msg=audit(1769929635.835:5148): item=0 name="/usr/bin/sudo" inode=1574274 dev=08:02 mode=0104755 ouid=0 ogid=0 rdev=00:00 nametype=NORMAL cap_fp=0 cap_fi=0 cap_fe=0 cap_fver=0 cap_frootid=0OUID="root" OGID="root"
type=PATH msg=audit(1769929635.835:5148): item=1 name="/lib64/ld-linux-x86-64.so.2" inode=1575340 dev=08:02 mode=0100755 ouid=0 ogid=0 rdev=00:00 nametype=NORMAL cap_fp=0 cap_fi=0 cap_fe=0 cap_fver=0 cap_frootid=0OUID="root" OGID="root"
type=PROCTITLE msg=audit(1769929635.835:5148): proctitle=7375646F006370002F7661722F6C6F672F61756469742F61756469742E6C6F67002F726F6F742F4465736B746F702F686964735F646174617365742F7261772F6D616C6963696F75735F72656D6F74652E6C6F67
type=USER_ACCT msg=audit(1769929635.846:5149): pid=7804 uid=0 auid=1000 ses=5 subj=unconfined msg='op=PAM:accounting grantors=pam_permit,pam_localuser acct="root" exe="/usr/bin/sudo" hostname=? addr=? terminal=/dev/pts/1 res=success'UID="root" AUID="heroic"
type=USER_CMD msg=audit(1769929635.847:5150): pid=7804 uid=0 auid=1000 ses=5 subj=unconfined msg='cwd="/home/heroic" cmd=6370202F7661722F6C6F672F61756469742F61756469742E6C6F67202F726F6F742F4465736B746F702F686964735F646174617365742F7261772F6D616C6963696F75735F72656D6F74652E6C6F67 exe="/usr/bin/sudo" terminal=pts/1 res=success'UID="root" AUID="heroic"
type=CRED_REFR msg=audit(1769929635.847:5151): pid=7804 uid=0 auid=1000 ses=5 subj=unconfined msg='op=PAM:setcred grantors=pam_permit,pam_cap acct="root" exe="/usr/bin/sudo" hostname=? addr=? terminal=/dev/pts/1 res=success'UID="root" AUID="heroic"
type=USER_START msg=audit(1769929635.847:5152): pid=7804 uid=0 auid=1000 ses=5 subj=unconfined msg='op=PAM:session_open grantors=pam_limits,pam_env,pam_env,pam_permit,pam_umask,pam_unix acct="root" exe="/usr/bin/sudo" hostname=? addr=? terminal=/dev/pts/1 res=success'UID="root" AUID="heroic"
type=SYSCALL msg=audit(1769929635.853:5153): arch=c000003e syscall=59 success=yes exit=0 a0=593b4a2efb68 a1=593b4a304500 a2=593b4a3933c0 a3=64 items=2 ppid=7805 pid=7806 auid=1000 uid=0 gid=0 euid=0 suid=0 fsuid=0 egid=0 sgid=0 fsgid=0 tty=pts3 ses=5 comm="cp" exe="/usr/bin/cp" subj=unconfined key="process_exec"ARCH=x86_64 SYSCALL=execve AUID="heroic" UID="root" GID="root" EUID="root" SUID="root" FSUID="root" EGID="root" SGID="root" FSGID="root"
type=EXECVE msg=audit(1769929635.853:5153): argc=3 a0="cp" a1="/var/log/audit/audit.log" a2="/root/Desktop/hids_dataset/raw/malicious_remote.log"
type=CWD msg=audit(1769929635.853:5153): cwd="/home/heroic"
type=PATH msg=audit(1769929635.853:5153): item=0 name="/usr/bin/cp" inode=1578056 dev=08:02 mode=0100755 ouid=0 ogid=0 rdev=00:00 nametype=NORMAL cap_fp=0 cap_fi=0 cap_fe=0 cap_fver=0 cap_frootid=0OUID="root" OGID="root"
type=PATH msg=audit(1769929635.853:5153): item=1 name="/lib64/ld-linux-x86-64.so.2" inode=1575340 dev=08:02 mode=0100755 ouid=0 ogid=0 rdev=00:00 nametype=NORMAL cap_fp=0 cap_fi=0 cap_fe=0 cap_fver=0 cap_frootid=0OUID="root" OGID="root"
type=PROCTITLE msg=audit(1769929635.853:5153): proctitle=6370002F7661722F6C6F672F61756469742F61756469742E6C6F67002F726F6F742F4465736B746F702F686964735F646174617365742F7261772F6D616C6963696F75735F72656D6F74652E6C6F67
type=USER_END msg=audit(1769929635.875:5154): pid=7804 uid=0 auid=1000 ses=5 subj=unconfined msg='op=PAM:session_close grantors=pam_limits,pam_env,pam_env,pam_permit,pam_umask,pam_unix acct="root" exe="/usr/bin/sudo" hostname=? addr=? terminal=/dev/pts/1 res=success'UID="root" AUID="heroic"
type=CRED_DISP msg=audit(1769929635.875:5155): pid=7804 uid=0 auid=1000 ses=5 subj=unconfined msg='op=PAM:setcred grantors=pam_permit acct="root" exe="/usr/bin/sudo" hostname=? addr=? terminal=/dev/pts/1 res=success'UID="root" AUID="heroic"
type=SYSCALL msg=audit(1769929698.065:5156): arch=c000003e syscall=59 success=yes exit=0 a0=5dfa5a7beeb0 a1=5dfa5a79cce0 a2=5dfa5a7907a0 a3=5dfa5a7bf0c0 items=2 ppid=7536 pid=7807 auid=1000 uid=0 gid=0 euid=0 suid=0 fsuid=0 egid=0 sgid=0 fsgid=0 tty=pts1 ses=5 comm="sudo" exe="/usr/bin/sudo" subj=unconfined key="process_exec"ARCH=x86_64 SYSCALL=execve AUID="heroic" UID="root" GID="root" EUID="root" SUID="root" FSUID="root" EGID="root" SGID="root" FSGID="root"
type=EXECVE msg=audit(1769929698.065:5156): argc=4 a0="sudo" a1="cp" a2="/var/log/audit/audit.log" a3="/root/Desktop/hids_dataset/raw/malicious_remote.log"
type=CWD msg=audit(1769929698.065:5156): cwd="/home/heroic"
type=PATH msg=audit(1769929698.065:5156): item=0 name="/usr/bin/sudo" inode=1574274 dev=08:02 mode=0104755 ouid=0 ogid=0 rdev=00:00 nametype=NORMAL cap_fp=0 cap_fi=0 cap_fe=0 cap_fver=0 cap_frootid=0OUID="root" OGID="root"
type=PATH msg=audit(1769929698.065:5156): item=1 name="/lib64/ld-linux-x86-64.so.2" inode=1575340 dev=08:02 mode=0100755 ouid=0 ogid=0 rdev=00:00 nametype=NORMAL cap_fp=0 cap_fi=0 cap_fe=0 cap_fver=0 cap_frootid=0OUID="root" OGID="root"
type=PROCTITLE msg=audit(1769929698.065:5156): proctitle=7375646F006370002F7661722F6C6F672F61756469742F61756469742E6C6F67002F726F6F742F4465736B746F702F686964735F646174617365742F7261772F6D616C6963696F75735F72656D6F74652E6C6F67
type=USER_ACCT msg=audit(1769929698.079:5157): pid=7807 uid=0 auid=1000 ses=5 subj=unconfined msg='op=PAM:accounting grantors=pam_permit,pam_localuser acct="root" exe="/usr/bin/sudo" hostname=? addr=? terminal=/dev/pts/1 res=success'UID="root" AUID="heroic"
type=USER_CMD msg=audit(1769929698.082:5158): pid=7807 uid=0 auid=1000 ses=5 subj=unconfined msg='cwd="/home/heroic" cmd=6370202F7661722F6C6F672F61756469742F61756469742E6C6F67202F726F6F742F4465736B746F702F686964735F646174617365742F7261772F6D616C6963696F75735F72656D6F74652E6C6F67 exe="/usr/bin/sudo" terminal=pts/1 res=success'UID="root" AUID="heroic"
type=CRED_REFR msg=audit(1769929698.082:5159): pid=7807 uid=0 auid=1000 ses=5 subj=unconfined msg='op=PAM:setcred grantors=pam_permit,pam_cap acct="root" exe="/usr/bin/sudo" hostname=? addr=? terminal=/dev/pts/1 res=success'UID="root" AUID="heroic"
type=USER_START msg=audit(1769929698.083:5160): pid=7807 uid=0 auid=1000 ses=5 subj=unconfined msg='op=PAM:session_open grantors=pam_limits,pam_env,pam_env,pam_permit,pam_umask,pam_unix acct="root" exe="/usr/bin/sudo" hostname=? addr=? terminal=/dev/pts/1 res=success'UID="root" AUID="heroic"
type=SYSCALL msg=audit(1769929698.084:5161): arch=c000003e syscall=59 success=yes exit=0 a0=56bd1acacb68 a1=56bd1acc1500 a2=56bd1ad503c0 a3=64 items=2 ppid=7808 pid=7809 auid=1000 uid=0 gid=0 euid=0 suid=0 fsuid=0 egid=0 sgid=0 fsgid=0 tty=pts3 ses=5 comm="cp" exe="/usr/bin/cp" subj=unconfined key="process_exec"ARCH=x86_64 SYSCALL=execve AUID="heroic" UID="root" GID="root" EUID="root" SUID="root" FSUID="root" EGID="root" SGID="root" FSGID="root"
type=EXECVE msg=audit(1769929698.084:5161): argc=3 a0="cp" a1="/var/log/audit/audit.log" a2="/root/Desktop/hids_dataset/raw/malicious_remote.log"
type=CWD msg=audit(1769929698.084:5161): cwd="/home/heroic"
type=PATH msg=audit(1769929698.084:5161): item=0 name="/usr/bin/cp" inode=1578056 dev=08:02 mode=0100755 ouid=0 ogid=0 rdev=00:00 nametype=NORMAL cap_fp=0 cap_fi=0 cap_fe=0 cap_fver=0 cap_frootid=0OUID="root" OGID="root"
type=PATH msg=audit(1769929698.084:5161): item=1 name="/lib64/ld-linux-x86-64.so.2" inode=1575340 dev=08:02 mode=0100755 ouid=0 ogid=0 rdev=00:00 nametype=NORMAL cap_fp=0 cap_fi=0 cap_fe=0 cap_fver=0 cap_frootid=0OUID="root" OGID="root"
type=PROCTITLE msg=audit(1769929698.084:5161): proctitle=6370002F7661722F6C6F672F61756469742F61756469742E6C6F67002F726F6F742F4465736B746F702F686964735F646174617365742F7261772F6D616C6963696F75735F72656D6F74652E6C6F67
type=USER_END msg=audit(1769929698.093:5162): pid=7807 uid=0 auid=1000 ses=5 subj=unconfined msg='op=PAM:session_close grantors=pam_limits,pam_env,pam_env,pam_permit,pam_umask,pam_unix acct="root" exe="/usr/bin/sudo" hostname=? addr=? terminal=/dev/pts/1 res=success'UID="root" AUID="heroic"
type=CRED_DISP msg=audit(1769929698.094:5163): pid=7807 uid=0 auid=1000 ses=5 subj=unconfined msg='op=PAM:setcred grantors=pam_permit acct="root" exe="/usr/bin/sudo" hostname=? addr=? terminal=/dev/pts/1 res=success'UID="root" AUID="heroic"
type=SYSCALL msg=audit(1769929724.841:5164): arch=c000003e syscall=59 success=yes exit=0 a0=5dfa5a7beb00 a1=5dfa5a7beb20 a2=5dfa5a7907a0 a3=5dfa5a7bf120 items=2 ppid=7536 pid=7811 auid=1000 uid=0 gid=0 euid=0 suid=0 fsuid=0 egid=0 sgid=0 fsgid=0 tty=pts1 ses=5 comm="sudo" exe="/usr/bin/sudo" subj=unconfined key="process_exec"ARCH=x86_64 SYSCALL=execve AUID="heroic" UID="root" GID="root" EUID="root" SUID="root" FSUID="root" EGID="root" SGID="root" FSGID="root"
type=EXECVE msg=audit(1769929724.841:5164): argc=4 a0="sudo" a1="cp" a2="/var/log/audit/audit.log" a3="/root/Desktop/hids_dataset/raw/malicious_remote.log"
type=CWD msg=audit(1769929724.841:5164): cwd="/home/heroic"
type=PATH msg=audit(1769929724.841:5164): item=0 name="/usr/bin/sudo" inode=1574274 dev=08:02 mode=0104755 ouid=0 ogid=0 rdev=00:00 nametype=NORMAL cap_fp=0 cap_fi=0 cap_fe=0 cap_fver=0 cap_frootid=0OUID="root" OGID="root"
type=PATH msg=audit(1769929724.841:5164): item=1 name="/lib64/ld-linux-x86-64.so.2" inode=1575340 dev=08:02 mode=0100755 ouid=0 ogid=0 rdev=00:00 nametype=NORMAL cap_fp=0 cap_fi=0 cap_fe=0 cap_fver=0 cap_frootid=0OUID="root" OGID="root"
type=PROCTITLE msg=audit(1769929724.841:5164): proctitle=7375646F006370002F7661722F6C6F672F61756469742F61756469742E6C6F67002F726F6F742F4465736B746F702F686964735F646174617365742F7261772F6D616C6963696F75735F72656D6F74652E6C6F67
type=USER_ACCT msg=audit(1769929724.863:5165): pid=7811 uid=0 auid=1000 ses=5 subj=unconfined msg='op=PAM:accounting grantors=pam_permit,pam_localuser acct="root" exe="/usr/bin/sudo" hostname=? addr=? terminal=/dev/pts/1 res=success'UID="root" AUID="heroic"
type=USER_CMD msg=audit(1769929724.864:5166): pid=7811 uid=0 auid=1000 ses=5 subj=unconfined msg='cwd="/home/heroic" cmd=6370202F7661722F6C6F672F61756469742F61756469742E6C6F67202F726F6F742F4465736B746F702F686964735F646174617365742F7261772F6D616C6963696F75735F72656D6F74652E6C6F67 exe="/usr/bin/sudo" terminal=pts/1 res=success'UID="root" AUID="heroic"
type=CRED_REFR msg=audit(1769929724.865:5167): pid=7811 uid=0 auid=1000 ses=5 subj=unconfined msg='op=PAM:setcred grantors=pam_permit,pam_cap acct="root" exe="/usr/bin/sudo" hostname=? addr=? terminal=/dev/pts/1 res=success'UID="root" AUID="heroic"
type=USER_START msg=audit(1769929724.865:5168): pid=7811 uid=0 auid=1000 ses=5 subj=unconfined msg='op=PAM:session_open grantors=pam_limits,pam_env,pam_env,pam_permit,pam_umask,pam_unix acct="root" exe="/usr/bin/sudo" hostname=? addr=? terminal=/dev/pts/1 res=success'UID="root" AUID="heroic"
type=SYSCALL msg=audit(1769929724.866:5169): arch=c000003e syscall=59 success=yes exit=0 a0=5664dd910b68 a1=5664dd925500 a2=5664dd9b43c0 a3=64 items=2 ppid=7812 pid=7813 auid=1000 uid=0 gid=0 euid=0 suid=0 fsuid=0 egid=0 sgid=0 fsgid=0 tty=pts3 ses=5 comm="cp" exe="/usr/bin/cp" subj=unconfined key="process_exec"ARCH=x86_64 SYSCALL=execve AUID="heroic" UID="root" GID="root" EUID="root" SUID="root" FSUID="root" EGID="root" SGID="root" FSGID="root"
type=EXECVE msg=audit(1769929724.866:5169): argc=3 a0="cp" a1="/var/log/audit/audit.log" a2="/root/Desktop/hids_dataset/raw/malicious_remote.log"
type=CWD msg=audit(1769929724.866:5169): cwd="/home/heroic"
type=PATH msg=audit(1769929724.866:5169): item=0 name="/usr/bin/cp" inode=1578056 dev=08:02 mode=0100755 ouid=0 ogid=0 rdev=00:00 nametype=NORMAL cap_fp=0 cap_fi=0 cap_fe=0 cap_fver=0 cap_frootid=0OUID="root" OGID="root"
type=PATH msg=audit(1769929724.866:5169): item=1 name="/lib64/ld-linux-x86-64.so.2" inode=1575340 dev=08:02 mode=0100755 ouid=0 ogid=0 rdev=00:00 nametype=NORMAL cap_fp=0 cap_fi=0 cap_fe=0 cap_fver=0 cap_frootid=0OUID="root" OGID="root"
type=PROCTITLE msg=audit(1769929724.866:5169): proctitle=6370002F7661722F6C6F672F61756469742F61756469742E6C6F67002F726F6F742F4465736B746F702F686964735F646174617365742F7261772F6D616C6963696F75735F72656D6F74652E6C6F67
type=USER_END msg=audit(1769929724.869:5170): pid=7811 uid=0 auid=1000 ses=5 subj=unconfined msg='op=PAM:session_close grantors=pam_limits,pam_env,pam_env,pam_permit,pam_umask,pam_unix acct="root" exe="/usr/bin/sudo" hostname=? addr=? terminal=/dev/pts/1 res=success'UID="root" AUID="heroic"
type=CRED_DISP msg=audit(1769929724.870:5171): pid=7811 uid=0 auid=1000 ses=5 subj=unconfined msg='op=PAM:setcred grantors=pam_permit acct="root" exe="/usr/bin/sudo" hostname=? addr=? terminal=/dev/pts/1 res=success'UID="root" AUID="heroic"
type=USER_END msg=audit(1769929726.338:5172): pid=7535 uid=0 auid=1000 ses=5 subj=unconfined msg='op=PAM:session_close grantors=pam_env,pam_env,pam_mail,pam_limits,pam_permit,pam_umask,pam_unix,pam_systemd acct="root" exe="/usr/bin/su" hostname=? addr=? terminal=/dev/pts/1 res=success'UID="root" AUID="heroic"
type=CRED_DISP msg=audit(1769929726.338:5173): pid=7535 uid=0 auid=1000 ses=5 subj=unconfined msg='op=PAM:setcred grantors=pam_rootok acct="root" exe="/usr/bin/su" hostname=? addr=? terminal=/dev/pts/1 res=success'UID="root" AUID="heroic"
type=USER_END msg=audit(1769929726.344:5174): pid=7522 uid=1000 auid=1000 ses=5 subj=unconfined msg='op=PAM:session_close grantors=pam_limits,pam_env,pam_env,pam_permit,pam_umask,pam_unix acct="root" exe="/usr/bin/sudo" hostname=? addr=? terminal=/dev/pts/0 res=success'UID="heroic" AUID="heroic"
type=CRED_DISP msg=audit(1769929726.344:5175): pid=7522 uid=1000 auid=1000 ses=5 subj=unconfined msg='op=PAM:setcred grantors=pam_permit acct="root" exe="/usr/bin/sudo" hostname=? addr=? terminal=/dev/pts/0 res=success'UID="heroic" AUID="heroic"
type=SYSCALL msg=audit(1769929741.948:5176): arch=c000003e syscall=59 success=yes exit=0 a0=7ffea52a8950 a1=7ffea52a8970 a2=7ffea52a9460 a3=8 items=2 ppid=1 pid=7815 auid=4294967295 uid=0 gid=0 euid=0 suid=0 fsuid=0 egid=0 sgid=0 fsgid=0 tty=(none) ses=4294967295 comm="9" exe="/usr/lib/systemd/systemd-executor" subj=unconfined key="process_exec"ARCH=x86_64 SYSCALL=execve AUID="unset" UID="root" GID="root" EUID="root" SUID="root" FSUID="root" EGID="root" SGID="root" FSGID="root"
type=EXECVE msg=audit(1769929741.948:5176): argc=7 a0="/usr/lib/systemd/systemd-executor" a1="--deserialize" a2="164" a3="--log-level" a4="info" a5="--log-target" a6="journal-or-kmsg"
type=CWD msg=audit(1769929741.948:5176): cwd="/"
type=PATH msg=audit(1769929741.948:5176): item=0 name="/proc/self/fd/9" inode=1596504 dev=08:02 mode=0100755 ouid=0 ogid=0 rdev=00:00 nametype=NORMAL cap_fp=0 cap_fi=0 cap_fe=0 cap_fver=0 cap_frootid=0OUID="root" OGID="root"
type=PATH msg=audit(1769929741.948:5176): item=1 name="/lib64/ld-linux-x86-64.so.2" inode=1575340 dev=08:02 mode=0100755 ouid=0 ogid=0 rdev=00:00 nametype=NORMAL cap_fp=0 cap_fi=0 cap_fe=0 cap_fver=0 cap_frootid=0OUID="root" OGID="root"
type=PROCTITLE msg=audit(1769929741.948:5176): proctitle=2F7573722F6C69622F73797374656D642F73797374656D642D6578656375746F72002D2D646573657269616C697A6500313634002D2D6C6F672D6C6576656C00696E666F002D2D6C6F672D746172676574006A6F75726E616C2D6F722D6B6D7367
type=SYSCALL msg=audit(1769929741.956:5177): arch=c000003e syscall=59 success=yes exit=0 a0=5f85cf469020 a1=5f85cf469000 a2=5f85cf468db0 a3=5f85cf469990 items=2 ppid=1 pid=7815 auid=4294967295 uid=0 gid=0 euid=0 suid=0 fsuid=0 egid=0 sgid=0 fsgid=0 tty=(none) ses=4294967295 comm="nm-dispatcher" exe="/usr/libexec/nm-dispatcher" subj=unconfined key="process_exec"ARCH=x86_64 SYSCALL=execve AUID="unset" UID="root" GID="root" EUID="root" SUID="root" FSUID="root" EGID="root" SGID="root" FSGID="root"
type=EXECVE msg=audit(1769929741.956:5177): argc=1 a0="/usr/libexec/nm-dispatcher"
type=CWD msg=audit(1769929741.956:5177): cwd="/"
type=PATH msg=audit(1769929741.956:5177): item=0 name="/usr/libexec/nm-dispatcher" inode=1586222 dev=08:02 mode=0100755 ouid=0 ogid=0 rdev=00:00 nametype=NORMAL cap_fp=0 cap_fi=0 cap_fe=0 cap_fver=0 cap_frootid=0OUID="root" OGID="root"
type=PATH msg=audit(1769929741.956:5177): item=1 name="/lib64/ld-linux-x86-64.so.2" inode=1575340 dev=08:02 mode=0100755 ouid=0 ogid=0 rdev=00:00 nametype=NORMAL cap_fp=0 cap_fi=0 cap_fe=0 cap_fver=0 cap_frootid=0OUID="root" OGID="root"
type=PROCTITLE msg=audit(1769929741.956:5177): proctitle=2F7573722F6C69622F73797374656D642F73797374656D642D6578656375746F72002D2D646573657269616C697A6500313634002D2D6C6F672D6C6576656C00696E666F002D2D6C6F672D746172676574006A6F75726E616C2D6F722D6B6D7367
type=SERVICE_START msg=audit(1769929741.970:5178): pid=1 uid=0 auid=4294967295 ses=4294967295 subj=unconfined msg='unit=NetworkManager-dispatcher comm="systemd" exe="/usr/lib/systemd/systemd" hostname=? addr=? terminal=? res=success'UID="root" AUID="unset"
type=SYSCALL msg=audit(1769929743.065:5179): arch=c000003e syscall=59 success=yes exit=0 a0=58c915b61e80 a1=58c915c57160 a2=58c915c4de50 a3=58c915c693f0 items=2 ppid=7400 pid=7823 auid=1000 uid=1000 gid=1000 euid=0 suid=0 fsuid=0 egid=1000 sgid=1000 fsgid=1000 tty=pts0 ses=5 comm="sudo" exe="/usr/bin/sudo" subj=unconfined key="process_exec"ARCH=x86_64 SYSCALL=execve AUID="heroic" UID="heroic" GID="heroic" EUID="root" SUID="root" FSUID="root" EGID="heroic" SGID="heroic" FSGID="heroic"
type=EXECVE msg=audit(1769929743.065:5179): argc=4 a0="sudo" a1="cp" a2="/var/log/audit/audit.log" a3="/home/heroic/Desktop/hids_dataset/raw/malicious_remote.log~"
type=CWD msg=audit(1769929743.065:5179): cwd="/home/heroic"
type=PATH msg=audit(1769929743.065:5179): item=0 name="/usr/bin/sudo" inode=1574274 dev=08:02 mode=0104755 ouid=0 ogid=0 rdev=00:00 nametype=NORMAL cap_fp=0 cap_fi=0 cap_fe=0 cap_fver=0 cap_frootid=0OUID="root" OGID="root"
type=PATH msg=audit(1769929743.065:5179): item=1 name="/lib64/ld-linux-x86-64.so.2" inode=1575340 dev=08:02 mode=0100755 ouid=0 ogid=0 rdev=00:00 nametype=NORMAL cap_fp=0 cap_fi=0 cap_fe=0 cap_fver=0 cap_frootid=0OUID="root" OGID="root"
type=PROCTITLE msg=audit(1769929743.065:5179): proctitle=7375646F006370002F7661722F6C6F672F61756469742F61756469742E6C6F67002F686F6D652F6865726F69632F4465736B746F702F686964735F646174617365742F7261772F6D616C6963696F75735F72656D6F74652E6C6F677E
type=USER_AUTH msg=audit(1769929747.376:5180): pid=7823 uid=1000 auid=1000 ses=5 subj=unconfined msg='op=PAM:authentication grantors=pam_permit,pam_cap acct="heroic" exe="/usr/bin/sudo" hostname=? addr=? terminal=/dev/pts/0 res=success'UID="heroic" AUID="heroic"
type=USER_ACCT msg=audit(1769929747.376:5181): pid=7823 uid=1000 auid=1000 ses=5 subj=unconfined msg='op=PAM:accounting grantors=pam_permit,pam_localuser acct="heroic" exe="/usr/bin/sudo" hostname=? addr=? terminal=/dev/pts/0 res=success'UID="heroic" AUID="heroic"
type=USER_CMD msg=audit(1769929747.376:5182): pid=7823 uid=1000 auid=1000 ses=5 subj=unconfined msg='cwd="/home/heroic" cmd=6370202F7661722F6C6F672F61756469742F61756469742E6C6F67202F686F6D652F6865726F69632F4465736B746F702F686964735F646174617365742F7261772F6D616C6963696F75735F72656D6F74652E6C6F677E exe="/usr/bin/sudo" terminal=pts/0 res=success'UID="heroic" AUID="heroic"
type=CRED_REFR msg=audit(1769929747.377:5183): pid=7823 uid=1000 auid=1000 ses=5 subj=unconfined msg='op=PAM:setcred grantors=pam_permit,pam_cap acct="root" exe="/usr/bin/sudo" hostname=? addr=? terminal=/dev/pts/0 res=success'UID="heroic" AUID="heroic"
type=USER_START msg=audit(1769929747.378:5184): pid=7823 uid=1000 auid=1000 ses=5 subj=unconfined msg='op=PAM:session_open grantors=pam_limits,pam_env,pam_env,pam_permit,pam_umask,pam_unix acct="root" exe="/usr/bin/sudo" hostname=? addr=? terminal=/dev/pts/0 res=success'UID="heroic" AUID="heroic"
type=SYSCALL msg=audit(1769929747.379:5185): arch=c000003e syscall=59 success=yes exit=0 a0=5647bad5bb68 a1=5647bad706a0 a2=5647bad81270 a3=64 items=2 ppid=7824 pid=7825 auid=1000 uid=0 gid=0 euid=0 suid=0 fsuid=0 egid=0 sgid=0 fsgid=0 tty=pts1 ses=5 comm="cp" exe="/usr/bin/cp" subj=unconfined key="process_exec"ARCH=x86_64 SYSCALL=execve AUID="heroic" UID="root" GID="root" EUID="root" SUID="root" FSUID="root" EGID="root" SGID="root" FSGID="root"
type=EXECVE msg=audit(1769929747.379:5185): argc=3 a0="cp" a1="/var/log/audit/audit.log" a2="/home/heroic/Desktop/hids_dataset/raw/malicious_remote.log~"
type=CWD msg=audit(1769929747.379:5185): cwd="/home/heroic"
type=PATH msg=audit(1769929747.379:5185): item=0 name="/usr/bin/cp" inode=1578056 dev=08:02 mode=0100755 ouid=0 ogid=0 rdev=00:00 nametype=NORMAL cap_fp=0 cap_fi=0 cap_fe=0 cap_fver=0 cap_frootid=0OUID="root" OGID="root"
type=PATH msg=audit(1769929747.379:5185): item=1 name="/lib64/ld-linux-x86-64.so.2" inode=1575340 dev=08:02 mode=0100755 ouid=0 ogid=0 rdev=00:00 nametype=NORMAL cap_fp=0 cap_fi=0 cap_fe=0 cap_fver=0 cap_frootid=0OUID="root" OGID="root"
type=PROCTITLE msg=audit(1769929747.379:5185): proctitle=6370002F7661722F6C6F672F61756469742F61756469742E6C6F67002F686F6D652F6865726F69632F4465736B746F702F686964735F646174617365742F7261772F6D616C6963696F75735F72656D6F74652E6C6F677E
