type=SYSCALL msg=audit(1769928935.1164:4767): arch=c000003e syscall=59 success=yes exit=0 a0=5da302dcc4f0 a1=5da302dc7b20 a2=5da302dc08f0 a3=5da302dccd10 items=2 ppid=7599 pid=7719 auid=856 uid=1358 gid=1401 euid=1169 suid=820 fsuid=1054 egid=541 sgid=904 fsgid=790 tty=pts0 ses=3 comm="sh" exe="/bin/sh" subj=unconfined key="process_exec"ARCH=x86_64 SYSCALL=execve AUID="heroic" UID="heroic" GID="heroic" EUID="heroic" SUID="heroic" FSUID="heroic" EGID="heroic" SGID="heroic" FSGID="heroic"
type=PROCTITLE msg=audit(1769928875.113:6048): proctitle=63686D6F64002B78007061796C6F61642E7368
type=PATH msg=audit(1769928469.1260:6006): item=1 name="/lib64/ld-linux-x86-64.so.2" inode=1575383 dev=8:2 mode=100429 ouid=0 ogid=0 rdev=0:0 nametype=NORMAL cap_fp=0 cap_fi=0 cap_fe=0 cap_fver=0 cap_frootid=0OUID="root" OGID="root"
type=CWD msg=audit(1769929234.982:7296): cwd="/home/heroic"
type=SYSCALL msg=audit(1769928543.71:7513): arch=c000003e syscall=382 success=yes exit=0 a0=ffffff9c a1=5910fa6b24a0 a2=0 a3=5910fa6b3900 items=2 ppid=2294 pid=5815 auid=618 uid=0 gid=0 euid=0 suid=0 fsuid=0 egid=0 sgid=0 fsgid=0 tty=pts4 ses=3 comm="last" exe="/usr/bin/sudo" subj=unconfined key="persistence"ARCH=x86_64 SYSCALL=unlinkat AUID="heroic" UID="root" GID="root" EUID="root" SUID="root" FSUID="root" EGID="root" SGID="root" FSGID="root"
type=PATH msg=audit(1769928564.274:8832): item=1 name="/lib64/ld-linux-x86-64.so.2" inode=1574969 dev=8:2 mode=100577 ouid=0 ogid=0 rdev=0:0 nametype=NORMAL cap_fp=0 cap_fi=0 cap_fe=0 cap_fver=0 cap_frootid=0OUID="root" OGID="root"
type=CRED_ACQ msg=audit(1769929167.270:7374): pid=5562 uid=0 auid=1400 ses=3 subj=unconfined msg='op=PAM:setcred grantors=pam_rootok acct="root" exe="/usr/bin/sed" hostname=? addr=? terminal=/dev/pts/4 res=success'UID="root" AUID="heroic"
type=EXECVE msg=audit(1769928923.163:7761): argc=18 a0="gpg" a1="--enable-special-filenames" a2="--batch" a3="--no-sk-comments" a4="--homedir" a5="/var/lib/fwupd/gnupg" a6="--status-fd" a7="19" a8="--no-tty" a9="--charset" a10="utf8" a11="--enable-progress-filter" a12="--exit-on-status-write-error" a13="--logger-fd" a14="21" a15="--import" a16="--" a17="-&22"
type=EXECVE msg=audit(1769928769.739:8662): argc=1 a0="id"
type=USER_ACCT msg=audit(1769928539.462:6069): pid=3490 uid=603 auid=1277 ses=3 subj=unconfined msg='op=PAM:accounting grantors=pam_permit,pam_localuser acct="heroic" exe="/usr/bin/df" hostname=? addr=? terminal=/dev/pts/0 res=success'UID="heroic" AUID="heroic"
type=CWD msg=audit(1769928979.1078:6733): cwd="/home/heroic"
type=SYSCALL msg=audit(1769928851.852:7575): arch=c000003e syscall=59 success=yes exit=0 a0=64e1754ced10 a1=64e1754ca0f0 a2=64e1754c38f0 a3=64e1754cd210 items=2 ppid=3100 pid=4681 auid=1356 uid=916 gid=1173 euid=1065 suid=713 fsuid=1405 egid=712 sgid=1038 fsgid=811 tty=pts0 ses=3 comm="last" exe="/usr/bin/last" subj=unconfined key="process_exec"ARCH=x86_64 SYSCALL=execve AUID="heroic" UID="heroic" GID="heroic" EUID="heroic" SUID="heroic" FSUID="heroic" EGID="heroic" SGID="heroic" FSGID="heroic"
type=PATH msg=audit(1769928948.602:4909): item=1 name="/lib64/ld-linux-x86-64.so.2" inode=1575733 dev=8:2 mode=100503 ouid=0 ogid=0 rdev=0:0 nametype=NORMAL cap_fp=0 cap_fi=0 cap_fe=0 cap_fver=0 cap_frootid=0OUID="root" OGID="root"
type=SYSCALL msg=audit(1769928734.300:8888): arch=c000003e syscall=59 success=yes exit=0 a0=55debe790f48 a1=55dea86ed600 a2=55debe790dd8 a3=1 items=2 ppid=9057 pid=1602 auid=502 uid=650 gid=1178 euid=1149 suid=1173 fsuid=624 egid=1122 sgid=1157 fsgid=1112 tty=pts1 ses=3 comm="tail" exe="/usr/bin/netstat" subj=unconfined key="process_exec"ARCH=x86_64 SYSCALL=execve AUID="heroic" UID="heroic" GID="heroic" EUID="heroic" SUID="heroic" FSUID="heroic" EGID="heroic" SGID="heroic" FSGID="heroic"
type=PATH msg=audit(1769929216.491:7884): item=1 name="/lib64/ld-linux-x86-64.so.2" inode=1574916 dev=8:2 mode=101131 ouid=0 ogid=0 rdev=0:0 nametype=NORMAL cap_fp=0 cap_fi=0 cap_fe=0 cap_fver=0 cap_frootid=0OUID="root" OGID="root"
type=CWD msg=audit(1769929036.1304:8298): cwd="/usr/local/bin"
type=PATH msg=audit(1769928805.540:8772): item=0 name="/usr/bin/ps" inode=1574456 dev=8:2 mode=100983 ouid=0 ogid=0 rdev=0:0 nametype=NORMAL cap_fp=0 cap_fi=0 cap_fe=0 cap_fver=0 cap_frootid=0OUID="root" OGID="root"
type=EXECVE msg=audit(1769929403.570:7131): argc=2 a0="sleep" a1="5"
type=CWD msg=audit(1769928903.310:10314): cwd="/var/ossec"
type=CWD msg=audit(1769929365.519:9821): cwd="/tmp"
type=CWD msg=audit(1769928744.33:8359): cwd="/var/ossec"
type=USER_START msg=audit(1769929087.482:9769): pid=7939 uid=565 auid=1335 ses=3 subj=unconfined msg='op=PAM:session_open grantors=pam_limits,pam_env,pam_env,pam_permit,pam_umask,pam_unix acct="root" exe="/usr/bin/sed" hostname=? addr=? terminal=/dev/pts/0 res=success'UID="heroic" AUID="heroic"
type=PATH msg=audit(1769928696.230:9281): item=0 name="/usr/bin/sleep" inode=1577851 dev=8:2 mode=100722 ouid=0 ogid=0 rdev=0:0 nametype=NORMAL cap_fp=0 cap_fi=0 cap_fe=0 cap_fver=0 cap_frootid=0OUID="root" OGID="root"
type=PATH msg=audit(1769928503.856:8584): item=1 name="/lib64/ld-linux-x86-64.so.2" inode=1575177 dev=8:2 mode=100872 ouid=0 ogid=0 rdev=0:0 nametype=NORMAL cap_fp=0 cap_fi=0 cap_fe=0 cap_fver=0 cap_frootid=0OUID="root" OGID="root"
type=PROCTITLE msg=audit(1769929150.757:8708): proctitle="su"
type=PATH msg=audit(1769928972.25:7149): item=0 name="/usr/bin/ss" inode=1574637 dev=8:2 mode=100311 ouid=0 ogid=0 rdev=0:0 nametype=NORMAL cap_fp=0 cap_fi=0 cap_fe=0 cap_fver=0 cap_frootid=0OUID="root" OGID="root"
type=USER_END msg=audit(1769928552.971:8384): pid=7634 uid=0 auid=0 ses=7 subj=unconfined msg='op=PAM:session_close grantors=pam_loginuid,pam_env,pam_env,pam_permit,pam_umask,pam_unix,pam_limits acct="root" exe="/usr/bin/sudo" hostname=? addr=? terminal=cron res=success'UID="root" AUID="root"
type=PATH msg=audit(1769928446.823:4837): item=0 name="/usr/bin/mkdir" inode=1578601 dev=8:2 mode=100752 ouid=0 ogid=0 rdev=0:0 nametype=NORMAL cap_fp=0 cap_fi=0 cap_fe=0 cap_fver=0 cap_frootid=0OUID="root" OGID="root"
type=CWD msg=audit(1769929316.24:5423): cwd="/tmp"
type=USER_START msg=audit(1769929042.695:4715): pid=855 uid=0 auid=1222 ses=3 subj=unconfined msg='op=PAM:session_open grantors=pam_env,pam_env,pam_mail,pam_limits,pam_permit,pam_umask,pam_unix,pam_systemd acct="root" exe="/usr/bin/sudo" hostname=? addr=? terminal=/dev/pts/4 res=success'UID="root" AUID="heroic"
type=CWD msg=audit(1769929246.474:6291): cwd="/usr/local/bin"
type=SERVICE_STOP msg=audit(1769928498.631:8638): pid=7609 uid=0 auid=4294967734 ses=4294967111 subj=unconfined msg='unit=sysstat-collect comm="sed" exe="/usr/bin/python3" hostname=? addr=? terminal=? res=success'UID="root" AUID="unset"
type=SYSCALL msg=audit(1769929003.33:6209): arch=c000003e syscall=59 success=yes exit=0 a0=5825e4fd6b68 a1=5825e4fe6ba0 a2=5825e4ff97a0 a3=64 items=2 ppid=9163 pid=7935 auid=1065 uid=0 gid=0 euid=0 suid=0 fsuid=0 egid=0 sgid=0 fsgid=0 tty=pts4 ses=3 comm="sudo" exe="/usr/bin/tail" subj=unconfined key="process_exec"ARCH=x86_64 SYSCALL=execve AUID="heroic" UID="root" GID="root" EUID="root" SUID="root" FSUID="root" EGID="root" SGID="root" FSGID="root"
type=SYSCALL msg=audit(1769928941.271:6429): arch=c000003e syscall=59 success=yes exit=0 a0=64e1754cb7c0 a1=64e1754d14c0 a2=64e1754c38f0 a3=64e1754caa40 items=2 ppid=8114 pid=7981 auid=1208 uid=637 gid=531 euid=638 suid=633 fsuid=718 egid=877 sgid=1325 fsgid=1372 tty=pts0 ses=3 comm="sh" exe="/usr/bin/tail" subj=unconfined key="process_exec"ARCH=x86_64 SYSCALL=execve AUID="heroic" UID="heroic" GID="heroic" EUID="heroic" SUID="heroic" FSUID="heroic" EGID="heroic" SGID="heroic" FSGID="heroic"
type=SYSCALL msg=audit(1769928887.32:9059): arch=c000003e syscall=59 success=yes exit=0 a0=5da302dcd0f0 a1=5da302dc77f0 a2=5da302dc08f0 a3=8 items=2 ppid=4113 pid=4072 auid=1479 uid=1067 gid=1402 euid=823 suid=915 fsuid=748 egid=942 sgid=958 fsgid=978 tty=pts0 ses=3 comm="ss" exe="/usr/bin/sed" subj=unconfined key="process_exec"ARCH=x86_64 SYSCALL=execve AUID="heroic" UID="heroic" GID="heroic" EUID="heroic" SUID="heroic" FSUID="heroic" EGID="heroic" SGID="heroic" FSGID="heroic"
type=PATH msg=audit(1769928452.568:7769): item=0 name="/usr/bin/chmod" inode=1578018 dev=8:2 mode=100342 ouid=0 ogid=0 rdev=0:0 nametype=NORMAL cap_fp=0 cap_fi=0 cap_fe=0 cap_fver=0 cap_frootid=0OUID="root" OGID="root"
type=EXECVE msg=audit(1769929346.30:6205): argc=3 a0="rm" a1="-f" a2="/etc/cron.d/hids_persist"
type=PATH msg=audit(1769928943.791:4613): item=0 name="/usr/bin/sleep" inode=1577772 dev=8:2 mode=100392 ouid=0 ogid=0 rdev=0:0 nametype=NORMAL cap_fp=0 cap_fi=0 cap_fe=0 cap_fver=0 cap_frootid=0OUID="root" OGID="root"
type=PROCTITLE msg=audit(1769928509.957:6943): proctitle=676A73002F7573722F73686172652F676E6F6D652D7368656C6C2F657874656E73696F6E732F64696E6740726173746572736F66742E636F6D2F6170702F64696E672E6A73002D45002D50002F7573722F73686172652F676E6F6D652D7368656C6C2F657874656E73696F6E732F64696E6740726173746572736F66742E636F
type=PATH msg=audit(1769928728.745:8323): item=0 name="/usr/bin/uname" inode=1577847 dev=8:2 mode=100885 ouid=0 ogid=0 rdev=0:0 nametype=NORMAL cap_fp=0 cap_fi=0 cap_fe=0 cap_fver=0 cap_frootid=0OUID="root" OGID="root"
type=EXECVE msg=audit(1769928746.617:6765): argc=4 a0="/usr/sbin/anacron" a1="-d" a2="-q" a3="-s"
type=USER_CMD msg=audit(1769928972.387:7502): pid=2967 uid=510 auid=558 ses=3 subj=unconfined msg='cwd="/usr/local/bin" cmd="whoami" exe="/usr/bin/tail" terminal=pts/0 res=success'UID="heroic" AUID="heroic"
type=PATH msg=audit(1769929049.166:4359): item=1 name="/lib64/ld-linux-x86-64.so.2" inode=1575332 dev=8:2 mode=100530 ouid=0 ogid=0 rdev=0:0 nametype=NORMAL cap_fp=0 cap_fi=0 cap_fe=0 cap_fver=0 cap_frootid=0OUID="root" OGID="root"
type=PATH msg=audit(1769929264.427:5773): item=0 name="/usr/libexec/nm-dispatcher" inode=1586444 dev=8:2 mode=100527 ouid=0 ogid=0 rdev=0:0 nametype=NORMAL cap_fp=0 cap_fi=0 cap_fe=0 cap_fver=0 cap_frootid=0OUID="root" OGID="root"
type=PATH msg=audit(1769928670.880:6584): item=1 name="/lib64/ld-linux-x86-64.so.2" inode=1574895 dev=8:2 mode=100717 ouid=0 ogid=0 rdev=0:0 nametype=NORMAL cap_fp=0 cap_fi=0 cap_fe=0 cap_fver=0 cap_frootid=0OUID="root" OGID="root"
type=CWD msg=audit(1769929302.790:6605): cwd="/home/heroic"
type=USER_END msg=audit(1769928512.25:8043): pid=4567 uid=1043 auid=595 ses=3 subj=unconfined msg='op=PAM:session_close grantors=pam_limits,pam_env,pam_env,pam_permit,pam_umask,pam_unix acct="root" exe="/usr/bin/tail" hostname=? addr=? terminal=/dev/pts/0 res=success'UID="heroic" AUID="heroic"
type=PATH msg=audit(1769929015.131:8377): item=1 name="/lib64/ld-linux-x86-64.so.2" inode=1575259 dev=8:2 mode=100724 ouid=0 ogid=0 rdev=0:0 nametype=NORMAL cap_fp=0 cap_fi=0 cap_fe=0 cap_fver=0 cap_frootid=0OUID="root" OGID="root"
type=EXECVE msg=audit(1769929336.880:8021): argc=3 a0="curl" a1="-s" a2="file:///tmp/hids_malicious/payload.sh"
type=PATH msg=audit(1769928543.301:9827): item=0 name="/usr/bin/rmdir" inode=1578614 dev=8:2 mode=100556 ouid=0 ogid=0 rdev=0:0 nametype=NORMAL cap_fp=0 cap_fi=0 cap_fe=0 cap_fver=0 cap_frootid=0OUID="root" OGID="root"
type=PATH msg=audit(1769928955.674:7612): item=0 name="/usr/bin/chmod" inode=1577927 dev=8:2 mode=100781 ouid=0 ogid=0 rdev=0:0 nametype=NORMAL cap_fp=0 cap_fi=0 cap_fe=0 cap_fver=0 cap_frootid=0OUID="root" OGID="root"
type=EXECVE msg=audit(1769929317.400:9735): argc=4 a0="sudo" a1="cp" a2="/var/log/audit/audit.log" a3="/root/Desktop/hids_dataset/raw/malicious_remote.log"
type=EXECVE msg=audit(1769928642.279:9117): argc=2 a0="basename" a1="/usr/bin/lesspipe"
type=SYSCALL msg=audit(1769929161.445:9854): arch=c000003e syscall=59 success=yes exit=0 a0=64e1754cfff0 a1=64e1754cfe70 a2=64e1754c38f0 a3=64e1754c67c0 items=2 ppid=10121 pid=8162 auid=922 uid=1463 gid=829 euid=1391 suid=538 fsuid=830 egid=1395 sgid=968 fsgid=1218 tty=pts0 ses=3 comm="sort" exe="/usr/bin/df" subj=unconfined key="process_exec"ARCH=x86_64 SYSCALL=execve AUID="heroic" UID="heroic" GID="heroic" EUID="heroic" SUID="heroic" FSUID="heroic" EGID="heroic" SGID="heroic" FSGID="heroic"
type=SERVICE_START msg=audit(1769928673.680:7242): pid=2603 uid=0 auid=4294967584 ses=4294967452 subj=unconfined msg='unit=NetworkManager-dispatcher comm="sed" exe="/usr/bin/netstat" hostname=? addr=? terminal=? res=success'UID="root" AUID="unset"
type=PATH msg=audit(1769929144.330:8487): item=1 name="/lib64/ld-linux-x86-64.so.2" inode=1574935 dev=8:2 mode=100466 ouid=0 ogid=0 rdev=0:0 nametype=NORMAL cap_fp=0 cap_fi=0 cap_fe=0 cap_fver=0 cap_frootid=0OUID="root" OGID="root"
type=CWD msg=audit(1769929212.116:8025): cwd="/root"
type=EXECVE msg=audit(1769928686.21:6937): argc=3 a0="mkdir" a1="-p" a2="/tmp/hids_malicious"
type=CWD msg=audit(1769929273.77:10203): cwd="/home/heroic"
type=PATH msg=audit(1769929349.604:9599): item=0 name="/usr/bin/chmod" inode=1578360 dev=8:2 mode=100853 ouid=0 ogid=0 rdev=0:0 nametype=NORMAL cap_fp=0 cap_fi=0 cap_fe=0 cap_fver=0 cap_frootid=0OUID="root" OGID="root"
type=PATH msg=audit(1769928721.835:4577): item=1 name="/lib64/ld-linux-x86-64.so.2" inode=1575338 dev=8:2 mode=100479 ouid=0 ogid=0 rdev=0:0 nametype=NORMAL cap_fp=0 cap_fi=0 cap_fe=0 cap_fver=0 cap_frootid=0OUID="root" OGID="root"
type=SYSCALL msg=audit(1769929286.675:5835): arch=c000003e syscall=59 success=yes exit=0 a0=5662cb8d00c0 a1=5662cb8d01c0 a2=5662cb8cf4b0 a3=5662cb8d0990 items=3 ppid=10011 pid=2367 auid=4294967722 uid=0 gid=0 euid=0 suid=0 fsuid=0 egid=0 sgid=0 fsgid=0 tty=(none) ses=4294967794 comm="df" exe="/usr/bin/last" subj=unconfined key="process_exec"ARCH=x86_64 SYSCALL=execve AUID="unset" UID="root" GID="root" EUID="root" SUID="root" FSUID="root" EGID="root" SGID="root" FSGID="root"
type=PATH msg=audit(1769928474.1304:6608): item=0 name="/usr/bin/whoami" inode=1578420 dev=8:2 mode=100393 ouid=0 ogid=0 rdev=0:0 nametype=NORMAL cap_fp=0 cap_fi=0 cap_fe=0 cap_fver=0 cap_frootid=0OUID="root" OGID="root"
type=PATH msg=audit(1769929219.572:4181): item=1 name="/lib64/ld-linux-x86-64.so.2" inode=1575504 dev=8:2 mode=101106 ouid=0 ogid=0 rdev=0:0 nametype=NORMAL cap_fp=0 cap_fi=0 cap_fe=0 cap_fver=0 cap_frootid=0OUID="root" OGID="root"
type=PROCTITLE msg=audit(1769928762.420:8873): proctitle=726D002D66002F6574632F63726F6E2E642F686964735F70657273697374
type=SYSCALL msg=audit(1769928715.1028:7988): arch=c000003e syscall=59 success=yes exit=0 a0=64e1754ced10 a1=64e1754d10f0 a2=64e1754c38f0 a3=64e1754cb980 items=2 ppid=5179 pid=6597 auid=845 uid=611 gid=1280 euid=970 suid=765 fsuid=939 egid=799 sgid=694 fsgid=1187 tty=pts0 ses=3 comm="python" exe="/bin/sh" subj=unconfined key="process_exec"ARCH=x86_64 SYSCALL=execve AUID="heroic" UID="heroic" GID="heroic" EUID="heroic" SUID="heroic" FSUID="heroic" EGID="heroic" SGID="heroic" FSGID="heroic"
type=PATH msg=audit(1769929057.402:7843): item=0 name="/usr/bin/sleep" inode=1578044 dev=8:2 mode=100687 ouid=0 ogid=0 rdev=0:0 nametype=NORMAL cap_fp=0 cap_fi=0 cap_fe=0 cap_fver=0 cap_frootid=0OUID="root" OGID="root"
type=PATH msg=audit(1769928430.205:4003): item=0 name="/usr/bin/uname" inode=1578446 dev=8:2 mode=101200 ouid=0 ogid=0 rdev=0:0 nametype=NORMAL cap_fp=0 cap_fi=0 cap_fe=0 cap_fver=0 cap_frootid=0OUID="root" OGID="root"
type=PATH msg=audit(1769928706.210:5505): item=0 name="/usr/bin/bash" inode=1573662 dev=8:2 mode=100535 ouid=0 ogid=0 rdev=0:0 nametype=NORMAL cap_fp=0 cap_fi=0 cap_fe=0 cap_fver=0 cap_frootid=0OUID="root" OGID="root"
type=PATH msg=audit(1769928433.81:4575): item=0 name="/usr/bin/sudo" inode=1573831 dev=8:2 mode=104280 ouid=0 ogid=0 rdev=0:0 nametype=NORMAL cap_fp=0 cap_fi=0 cap_fe=0 cap_fver=0 cap_frootid=0OUID="root" OGID="root"
type=PROCTITLE msg=audit(1769928532.520:3597): proctitle=2F7573722F6C69622F73797374656D642F73797374656D642D6578656375746F72002D2D646573657269616C697A6500313139002D2D6C6F672D6C6576656C00696E666F002D2D6C6F672D746172676574006A6F75726E616C2D6F722D6B6D7367
type=PROCTITLE msg=audit(1769928860.864:7208): proctitle="bash"
type=PATH msg=audit(1769928417.554:5359): item=0 name="/usr/bin/whoami" inode=1578505 dev=8:2 mode=100720 ouid=0 ogid=0 rdev=0:0 nametype=NORMAL cap_fp=0 cap_fi=0 cap_fe=0 cap_fver=0 cap_frootid=0OUID="root" OGID="root"
type=SYSCALL msg=audit(1769928883.1060:9696): arch=c000003e syscall=59 success=yes exit=0 a0=5eaf7e1b53d0 a1=7ffd4a1566f0 a2=7ffd4a157088 a3=0 items=2 ppid=7433 pid=3214 auid=4294967622 uid=0 gid=0 euid=0 suid=0 fsuid=0 egid=0 sgid=0 fsgid=0 tty=(none) ses=4294967722 comm="sed" exe="/usr/bin/sudo" subj=unconfined key="process_exec"ARCH=x86_64 SYSCALL=execve AUID="unset" UID="root" GID="root" EUID="root" SUID="root" FSUID="root" EGID="root" SGID="root" FSGID="root"
type=BPRM_FCAPS msg=audit(1769928896.399:7417): fver=0 fp=0 fi=0 fe=0 old_pp=000001fffffeffff old_pi=0 old_pe=000001fffffeffff old_pa=0 pp=000001fffffeffff pi=0 pe=000001fffffeffff pa=0 frootid=0
type=SYSCALL msg=audit(1769929101.120:4972): arch=c000003e syscall=59 success=yes exit=0 a0=5da302dc8960 a1=5da302dc7460 a2=5da302dc08f0 a3=5da302dc7460 items=2 ppid=3610 pid=7932 auid=759 uid=1325 gid=664 euid=0 suid=0 fsuid=0 egid=625 sgid=1332 fsgid=1461 tty=pts0 ses=3 comm="sort" exe="/usr/bin/df" subj=unconfined key="process_exec"ARCH=x86_64 SYSCALL=execve AUID="heroic" UID="heroic" GID="heroic" EUID="root" SUID="root" FSUID="root" EGID="heroic" SGID="heroic" FSGID="heroic"
type=EXECVE msg=audit(1769929275.460:7217): argc=1 a0="whoami"
type=PATH msg=audit(1769929068.88:7680): item=0 name="/etc/cron.d/" inode=1703757 dev=8:2 mode=40970 ouid=0 ogid=0 rdev=0:0 nametype=PARENT cap_fp=0 cap_fi=0 cap_fe=0 cap_fver=0 cap_frootid=0OUID="root" OGID="root"
type=PATH msg=audit(1769929090.293:7919): item=0 name="/usr/bin/curl" inode=1573298 dev=8:2 mode=100371 ouid=0 ogid=0 rdev=0:0 nametype=NORMAL cap_fp=0 cap_fi=0 cap_fe=0 cap_fver=0 cap_frootid=0OUID="root" OGID="root"
type=USER_START msg=audit(1769929123.402:4777): pid=6554 uid=569 auid=977 ses=3 subj=unconfined msg='op=PAM:session_open grantors=pam_limits,pam_env,pam_env,pam_permit,pam_umask,pam_unix acct="root" exe="/usr/bin/sed" hostname=? addr=? terminal=/dev/pts/0 res=success'UID="heroic" AUID="heroic"
type=PATH msg=audit(1769928412.970:9438): item=1 name="/lib64/ld-linux-x86-64.so.2" inode=1574927 dev=8:2 mode=100398 ouid=0 ogid=0 rdev=0:0 nametype=NORMAL cap_fp=0 cap_fi=0 cap_fe=0 cap_fver=0 cap_frootid=0OUID="root" OGID="root"
type=PATH msg=audit(1769929400.866:7612): item=0 name="/usr/bin/sudo" inode=1574144 dev=8:2 mode=104751 ouid=0 ogid=0 rdev=0:0 nametype=NORMAL cap_fp=0 cap_fi=0 cap_fe=0 cap_fver=0 cap_frootid=0OUID="root" OGID="root"
type=PATH msg=audit(1769929052.706:9305): item=1 name="/lib64/ld-linux-x86-64.so.2" inode=1575260 dev=8:2 mode=100840 ouid=0 ogid=0 rdev=0:0 nametype=NORMAL cap_fp=0 cap_fi=0 cap_fe=0 cap_fver=0 cap_frootid=0OUID="root" OGID="root"
type=PATH msg=audit(1769928459.456:9295): item=1 name="/lib64/ld-linux-x86-64.so.2" inode=1575335 dev=8:2 mode=100522 ouid=0 ogid=0 rdev=0:0 nametype=NORMAL cap_fp=0 cap_fi=0 cap_fe=0 cap_fver=0 cap_frootid=0OUID="root" OGID="root"
type=CWD msg=audit(1769928707.721:5579): cwd="/home/heroic"
type=PATH msg=audit(1769929051.775:9419): item=1 name="/lib64/ld-linux-x86-64.so.2" inode=1575384 dev=8:2 mode=101205 ouid=0 ogid=0 rdev=0:0 nametype=NORMAL cap_fp=0 cap_fi=0 cap_fe=0 cap_fver=0 cap_frootid=0OUID="root" OGID="root"
type=EXECVE msg=audit(1769928707.118:5006): argc=3 a0="chmod" a1="+x" a2="payload.sh"
type=USER_END msg=audit(1769929051.1123:8800): pid=8551 uid=688 auid=511 ses=3 subj=unconfined msg='op=PAM:session_close grantors=pam_limits,pam_env,pam_env,pam_permit,pam_umask,pam_unix acct="root" exe="/usr/bin/sudo" hostname=? addr=? terminal=/dev/pts/0 res=success'UID="heroic" AUID="heroic"
type=PROCTITLE msg=audit(1769929109.480:9480): proctitle=6375726C002D730066696C653A2F2F2F746D702F686964735F6D616C6963696F75732F7061796C6F61642E7368
type=PATH msg=audit(1769928773.894:8364): item=1 name="/lib64/ld-linux-x86-64.so.2" inode=1575719 dev=8:2 mode=101091 ouid=0 ogid=0 rdev=0:0 nametype=NORMAL cap_fp=0 cap_fi=0 cap_fe=0 cap_fver=0 cap_frootid=0OUID="root" OGID="root"
type=PATH msg=audit(1769928559.904:5925): item=0 name="/usr/bin/tee" inode=1578616 dev=8:2 mode=100530 ouid=0 ogid=0 rdev=0:0 nametype=NORMAL cap_fp=0 cap_fi=0 cap_fe=0 cap_fver=0 cap_frootid=0OUID="root" OGID="root"
type=PATH msg=audit(1769928859.289:8752): item=1 name="/lib64/ld-linux-x86-64.so.2" inode=1575744 dev=8:2 mode=100779 ouid=0 ogid=0 rdev=0:0 nametype=NORMAL cap_fp=0 cap_fi=0 cap_fe=0 cap_fver=0 cap_frootid=0OUID="root" OGID="root"
type=EXECVE msg=audit(1769928653.672:7665): argc=2 a0="ss" a1="-tulnp"
type=PATH msg=audit(1769928525.519:7836): item=1 name="/lib64/ld-linux-x86-64.so.2" inode=1575826 dev=8:2 mode=101189 ouid=0 ogid=0 rdev=0:0 nametype=NORMAL cap_fp=0 cap_fi=0 cap_fe=0 cap_fver=0 cap_frootid=0OUID="root" OGID="root"
type=SYSCALL msg=audit(1769928846.928:9921): arch=c000003e syscall=59 success=yes exit=0 a0=55b863435e30 a1=55b86343dca0 a2=55b863435820 a3=8 items=2 ppid=5008 pid=3253 auid=941 uid=0 gid=0 euid=0 suid=0 fsuid=0 egid=0 sgid=0 fsgid=0 tty=pts2 ses=3 comm="ss" exe="/usr/bin/tail" subj=unconfined key="process_exec"ARCH=x86_64 SYSCALL=execve AUID="heroic" UID="root" GID="root" EUID="root" SUID="root" FSUID="root" EGID="root" SGID="root" FSGID="root"
type=EXECVE msg=audit(1769928889.21:7709): argc=3 a0="rm" a1="-f" a2="/etc/cron.d/hids_persist"
type=CWD msg=audit(1769929409.328:4633): cwd="/var/ossec"
type=CWD msg=audit(1769928748.1087:6299): cwd="/var/ossec"
type=EXECVE msg=audit(1769928599.725:4150): argc=2 a0="sleep" a1="5"
type=PATH msg=audit(1769929079.259:5216): item=1 name="/lib64/ld-linux-x86-64.so.2" inode=1574849 dev=8:2 mode=101206 ouid=0 ogid=0 rdev=0:0 nametype=NORMAL cap_fp=0 cap_fi=0 cap_fe=0 cap_fver=0 cap_frootid=0OUID="root" OGID="root"
type=CWD msg=audit(1769928620.28:4510): cwd="/var/ossec"
type=CWD msg=audit(1769928578.894:7136): cwd="/usr/local/bin"
type=CWD msg=audit(1769928580.501:4911): cwd="/home/heroic"
type=SYSCALL msg=audit(1769929402.662:5626): arch=c000003e syscall=59 success=yes exit=0 a0=6006a0801b38 a1=6006a08018e0 a2=6006a08018f8 a3=1 items=2 ppid=7900 pid=3501 auid=4294967489 uid=0 gid=125 euid=0 suid=0 fsuid=0 egid=266 sgid=378 fsgid=382 tty=(none) ses=4294967385 comm="last" exe="/usr/bin/last" subj=unconfined key="process_exec"ARCH=x86_64 SYSCALL=execve AUID="unset" UID="root" GID="wazuh" EUID="root" SUID="root" FSUID="root" EGID="wazuh" SGID="wazuh" FSGID="wazuh"
type=PATH msg=audit(1769929030.81:3958): item=1 name="/lib64/ld-linux-x86-64.so.2" inode=1574899 dev=8:2 mode=100437 ouid=0 ogid=0 rdev=0:0 nametype=NORMAL cap_fp=0 cap_fi=0 cap_fe=0 cap_fver=0 cap_frootid=0OUID="root" OGID="root"
type=SYSCALL msg=audit(1769929198.76:5045): arch=c000003e syscall=59 success=yes exit=0 a0=653cfd45ab68 a1=653cfd46f500 a2=653cfd4fe350 a3=64 items=2 ppid=7323 pid=5984 auid=1035 uid=0 gid=0 euid=0 suid=0 fsuid=0 egid=0 sgid=0 fsgid=0 tty=pts2 ses=5 comm="sudo" exe="/usr/bin/python3" subj=unconfined key="process_exec"ARCH=x86_64 SYSCALL=execve AUID="heroic" UID="root" GID="root" EUID="root" SUID="root" FSUID="root" EGID="root" SGID="root" FSGID="root"
type=PROCTITLE msg=audit(1769928706.1289:4862): proctitle=63686D6F64002B78007061796C6F61642E7368
type=PATH msg=audit(1769928700.327:8024): item=0 name="/usr/bin/sudo" inode=1573990 dev=8:2 mode=104885 ouid=0 ogid=0 rdev=0:0 nametype=NORMAL cap_fp=0 cap_fi=0 cap_fe=0 cap_fver=0 cap_frootid=0OUID="root" OGID="root"
type=EXECVE msg=audit(1769928413.641:9335): argc=3 a0="/bin/sh" a1="-c" a2=636F6D6D616E64202D762064656269616E2D736131203E202F6465762F6E756C6C2026262064656269616E2D73613120312031
type=EXECVE msg=audit(1769928704.1039:5027): argc=2 a0="sudo" a1="-l"
type=EXECVE msg=audit(1769929098.185:6491): argc=18 a0="gpg" a1="--enable-special-filenames" a2="--batch" a3="--no-sk-comments" a4="--homedir" a5="/var/lib/fwupd/gnupg" a6="--status-fd" a7="19" a8="--no-tty" a9="--charset" a10="utf8" a11="--enable-progress-filter" a12="--exit-on-status-write-error" a13="--logger-fd" a14="21" a15="--import" a16="--" a17="-&22"
type=CWD msg=audit(1769928494.254:9929): cwd="/var/ossec"
type=USER_ACCT msg=audit(1769928686.502:5744): pid=6256 uid=0 auid=4294967173 ses=4294966849 subj=unconfined msg='op=PAM:accounting grantors=pam_permit,pam_localuser acct="root" exe="/usr/bin/sed" hostname=? addr=? terminal=cron res=success'UID="root" AUID="unset"
type=PROCTITLE msg=audit(1769929272.913:5300): proctitle=7375646F00746565002F6574632F63726F6E2E642F686964735F70657273697374
type=PROCTITLE msg=audit(1769928619.785:9414): proctitle=756E616D65002D61
type=USER_START msg=audit(1769928593.335:4326): pid=4972 uid=920 auid=1373 ses=3 subj=unconfined msg='op=PAM:session_open grantors=pam_limits,pam_env,pam_env,pam_permit,pam_umask,pam_unix acct="root" exe="/usr/bin/sed" hostname=? addr=? terminal=/dev/pts/0 res=success'UID="heroic" AUID="heroic"
type=PROCTITLE msg=audit(1769929047.484:9161): proctitle=7375646F00746565002F6574632F63726F6E2E642F686964735F70657273697374
type=EXECVE msg=audit(1769928776.514:9239): argc=1 a0="groups"
type=PROCTITLE msg=audit(1769928544.717:6267): proctitle=626173656E616D65002F7573722F62696E2F6C65737370697065
type=PATH msg=audit(1769929001.1244:7398): item=1 name="/lib64/ld-linux-x86-64.so.2" inode=1575241 dev=8:2 mode=100644 ouid=0 ogid=0 rdev=0:0 nametype=NORMAL cap_fp=0 cap_fi=0 cap_fe=0 cap_fver=0 cap_frootid=0OUID="root" OGID="root"
type=PATH msg=audit(1769929174.440:8009): item=1 name="/lib64/ld-linux-x86-64.so.2" inode=1575306 dev=8:2 mode=101235 ouid=0 ogid=0 rdev=0:0 nametype=NORMAL cap_fp=0 cap_fi=0 cap_fe=0 cap_fver=0 cap_frootid=0OUID="root" OGID="root"
type=CWD msg=audit(1769929219.352:9272): cwd="/usr/local/bin"
type=CWD msg=audit(1769928932.1115:4472): cwd="/tmp"
type=PATH msg=audit(1769928523.1154:4319): item=0 name="/usr/bin/sleep" inode=1578548 dev=8:2 mode=100292 ouid=0 ogid=0 rdev=0:0 nametype=NORMAL cap_fp=0 cap_fi=0 cap_fe=0 cap_fver=0 cap_frootid=0OUID="root" OGID="root"
type=PATH msg=audit(1769929372.536:8795): item=1 name="/lib64/ld-linux-x86-64.so.2" inode=1575129 dev=8:2 mode=100583 ouid=0 ogid=0 rdev=0:0 nametype=NORMAL cap_fp=0 cap_fi=0 cap_fe=0 cap_fver=0 cap_frootid=0OUID="root" OGID="root"
type=PROCTITLE msg=audit(1769928570.588:8384): proctitle=736C656570003930
type=CWD msg=audit(1769928414.517:7245): cwd="/root"
type=SYSCALL msg=audit(1769928705.1157:8706): arch=c000003e syscall=59 success=yes exit=0 a0=5da302dc8940 a1=5da302dccd10 a2=5da302dc08f0 a3=5da302dccd10 items=2 ppid=1844 pid=6693 auid=941 uid=898 gid=1065 euid=885 suid=1389 fsuid=521 egid=774 sgid=729 fsgid=1068 tty=pts0 ses=3 comm="sh" exe="/usr/bin/tail" subj=unconfined key="process_exec"ARCH=x86_64 SYSCALL=execve AUID="heroic" UID="heroic" GID="heroic" EUID="heroic" SUID="heroic" FSUID="heroic" EGID="heroic" SGID="heroic" FSGID="heroic"
type=PATH msg=audit(1769928835.42:8943): item=1 name="/lib64/ld-linux-x86-64.so.2" inode=1575821 dev=8:2 mode=100696 ouid=0 ogid=0 rdev=0:0 nametype=NORMAL cap_fp=0 cap_fi=0 cap_fe=0 cap_fver=0 cap_frootid=0OUID="root" OGID="root"
type=PROCTITLE msg=audit(1769928595.212:7962): proctitle=2F62696E2F7368002D63005B202D78202F6574632F696E69742E642F616E6163726F6E205D202626206966205B2021202D64202F72756E2F73797374656D642F73797374656D205D3B207468656E202F7573722F7362696E2F696E766F6B652D72632E6420616E6163726F6E207374617274203E2F6465762F6E756C6C3B2066
type=PATH msg=audit(1769929253.847:5796): item=1 name="/lib64/ld-linux-x86-64.so.2" inode=1575395 dev=8:2 mode=100980 ouid=0 ogid=0 rdev=0:0 nametype=NORMAL cap_fp=0 cap_fi=0 cap_fe=0 cap_fver=0 cap_frootid=0OUID="root" OGID="root"
type=EXECVE msg=audit(1769928896.1054:6468): argc=3 a0="chmod" a1="+x" a2="payload.sh"
type=SYSCALL msg=audit(1769928978.622:6352): arch=c000003e syscall=59 success=yes exit=0 a0=5da302dc37e0 a1=5da302dca1d0 a2=5da302dc08f0 a3=5da302dca1d0 items=2 ppid=10419 pid=1729 auid=1119 uid=975 gid=732 euid=1267 suid=1022 fsuid=791 egid=1257 sgid=1383 fsgid=776 tty=pts0 ses=3 comm="sudo" exe="/usr/bin/df" subj=unconfined key="process_exec"ARCH=x86_64 SYSCALL=execve AUID="heroic" UID="heroic" GID="heroic" EUID="heroic" SUID="heroic" FSUID="heroic" EGID="heroic" SGID="heroic" FSGID="heroic"
type=PROCTITLE msg=audit(1769929333.916:6393): proctitle=736C656570003930
type=CWD msg=audit(1769929005.934:8329): cwd="/home/heroic"
type=EXECVE msg=audit(1769929344.121:6544): argc=7 a0="/usr/lib/systemd/systemd-executor" a1="--deserialize" a2="482" a3="--log-level" a4="info" a5="--log-target" a6="journal-or-kmsg"
type=EXECVE msg=audit(1769928965.344:7957): argc=4 a0="sudo" a1="cp" a2="/var/log/audit/audit.log" a3="/home/heroic/Desktop/hids_dataset/raw/malicious_remote.log~"
type=EXECVE msg=audit(1769929353.828:5675): argc=3 a0="/bin/sh" a1="-c" a2=5B202D78202F6574632F696E69742E642F616E6163726F6E205D202626206966205B2021202D64202F72756E2F73797374656D642F73797374656D205D3B207468656E202F7573722F7362696E2F696E766F6B652D72632E6420616E6163726F6E207374617274203E2F6465762F6E756C6C3B206669
type=PROCTITLE msg=audit(1769929048.307:6638): proctitle=7375646F002D6C
type=SYSCALL msg=audit(1769928767.500:6838): arch=c000003e syscall=59 success=yes exit=0 a0=5da302dcc190 a1=5da302dc7480 a2=5da302dc08f0 a3=8 items=2 ppid=8950 pid=5922 auid=850 uid=502 gid=824 euid=561 suid=1161 fsuid=1012 egid=1129 sgid=569 fsgid=1314 tty=pts0 ses=3 comm="last" exe="/usr/bin/python3" subj=unconfined key="process_exec"ARCH=x86_64 SYSCALL=execve AUID="heroic" UID="heroic" GID="heroic" EUID="heroic" SUID="heroic" FSUID="heroic" EGID="heroic" SGID="heroic" FSGID="heroic"
type=USER_ACCT msg=audit(1769929147.31:5868): pid=2156 uid=1219 auid=727 ses=3 subj=unconfined msg='op=PAM:accounting grantors=pam_permit,pam_localuser acct="heroic" exe="/usr/bin/sed" hostname=? addr=? terminal=/dev/pts/0 res=success'UID="heroic" AUID="heroic"
type=EXECVE msg=audit(1769928691.895:9093): argc=7 a0="/usr/lib/systemd/systemd-executor" a1="--deserialize" a2="372" a3="--log-level" a4="info" a5="--log-target" a6="journal-or-kmsg"
type=LOGIN msg=audit(1769929038.998:7716): pid=6189 uid=0 subj=unconfined old-auid=4294967110 auid=0 tty=(none) old-ses=4294967650 ses=8 res=1UID="root" OLD-AUID="unset" AUID="root"
type=USER_END msg=audit(1769928875.88:8186): pid=7421 uid=774 auid=806 ses=3 subj=unconfined msg='op=PAM:session_close grantors=pam_limits,pam_env,pam_env,pam_permit,pam_umask,pam_unix acct="root" exe="/usr/bin/last" hostname=? addr=? terminal=/dev/pts/0 res=success'UID="heroic" AUID="heroic"
type=PROCTITLE msg=audit(1769928669.552:8642): proctitle=726D002D66002F6574632F63726F6E2E642F686964735F70657273697374
type=PROCTITLE msg=audit(1769929026.242:6835): proctitle=676A73002F7573722F73686172652F676E6F6D652D7368656C6C2F657874656E73696F6E732F64696E6740726173746572736F66742E636F6D2F6170702F64696E672E6A73002D45002D50002F7573722F73686172652F676E6F6D652D7368656C6C2F657874656E73696F6E732F64696E6740726173746572736F66742E636F
type=PROCTITLE msg=audit(1769929393.725:7353): proctitle=746565002F6574632F63726F6E2E642F686964735F70657273697374
type=PROCTITLE msg=audit(1769928486.501:6343): proctitle=726D002D66002F6574632F63726F6E2E642F686964735F70657273697374
type=PROCTITLE msg=audit(1769929239.904:4773): proctitle=746565002F6574632F63726F6E2E642F686964735F70657273697374
type=CRED_DISP msg=audit(1769928464.322:4122): pid=7455 uid=1474 auid=740 ses=3 subj=unconfined msg='op=PAM:setcred grantors=pam_permit acct="root" exe="/bin/sh" hostname=? addr=? terminal=/dev/pts/0 res=success'UID="heroic" AUID="heroic"
type=SYSCALL msg=audit(1769929167.1354:8625): arch=c000003e syscall=59 success=yes exit=0 a0=55b863435e30 a1=55b86343dca0 a2=55b863435820 a3=8 items=2 ppid=1608 pid=8811 auid=1398 uid=0 gid=0 euid=0 suid=0 fsuid=0 egid=0 sgid=0 fsgid=0 tty=pts2 ses=3 comm="python" exe="/usr/bin/df" subj=unconfined key="process_exec"ARCH=x86_64 SYSCALL=execve AUID="heroic" UID="root" GID="root" EUID="root" SUID="root" FSUID="root" EGID="root" SGID="root" FSGID="root"
type=PATH msg=audit(1769929370.452:9258): item=1 name="/lib64/ld-linux-x86-64.so.2" inode=1575262 dev=8:2 mode=100875 ouid=0 ogid=0 rdev=0:0 nametype=NORMAL cap_fp=0 cap_fi=0 cap_fe=0 cap_fver=0 cap_frootid=0OUID="root" OGID="root"
type=USER_CMD msg=audit(1769928666.426:8585): pid=7997 uid=691 auid=996 ses=3 subj=unconfined msg='cwd="/home/heroic" cmd=746565202F6574632F63726F6E2E642F686964735F70657273697374 exe="/usr/bin/python3" terminal=pts/0 res=success'UID="heroic" AUID="heroic"
type=PROCTITLE msg=audit(1769928695.252:9959): proctitle=736C656570003930
type=PATH msg=audit(1769928679.261:6355): item=1 name="/lib64/ld-linux-x86-64.so.2" inode=1575265 dev=8:2 mode=100340 ouid=0 ogid=0 rdev=0:0 nametype=NORMAL cap_fp=0 cap_fi=0 cap_fe=0 cap_fver=0 cap_frootid=0OUID="root" OGID="root"
type=SYSCALL msg=audit(1769929106.939:4711): arch=c000003e syscall=59 success=yes exit=0 a0=64e1754cff30 a1=64e1754cb920 a2=64e1754c38f0 a3=64e1754cb920 items=2 ppid=5056 pid=8884 auid=702 uid=1361 gid=885 euid=829 suid=549 fsuid=705 egid=530 sgid=1156 fsgid=580 tty=pts0 ses=3 comm="python" exe="/usr/bin/tail" subj=unconfined key="process_exec"ARCH=x86_64 SYSCALL=execve AUID="heroic" UID="heroic" GID="heroic" EUID="heroic" SUID="heroic" FSUID="heroic" EGID="heroic" SGID="heroic" FSGID="heroic"
type=PATH msg=audit(1769929188.247:8624): item=0 name="/usr/libexec/fprintd" inode=1588816 dev=8:2 mode=100992 ouid=0 ogid=0 rdev=0:0 nametype=NORMAL cap_fp=0 cap_fi=0 cap_fe=0 cap_fver=0 cap_frootid=0OUID="root" OGID="root"
type=SYSCALL msg=audit(1769928896.1296:7730): arch=c000003e syscall=59 success=yes exit=0 a0=56e3bda0f910 a1=56e3bda0f850 a2=56e3bda0f868 a3=1 items=2 ppid=1555 pid=7543 auid=1277 uid=0 gid=0 euid=0 suid=0 fsuid=0 egid=0 sgid=0 fsgid=0 tty=pts4 ses=3 comm="df" exe="/usr/bin/last" subj=unconfined key="process_exec"ARCH=x86_64 SYSCALL=execve AUID="heroic" UID="root" GID="root" EUID="root" SUID="root" FSUID="root" EGID="root" SGID="root" FSGID="root"
type=CWD msg=audit(1769928703.970:8261): cwd="/tmp"
type=SYSCALL msg=audit(1769928998.21:4826): arch=c000003e syscall=59 success=yes exit=0 a0=57d4fff51b68 a1=57d4fff61ba0 a2=57d4fff74340 a3=64 items=2 ppid=2055 pid=7839 auid=1210 uid=0 gid=0 euid=0 suid=0 fsuid=0 egid=0 sgid=0 fsgid=0 tty=pts4 ses=3 comm="netstat" exe="/usr/bin/last" subj=unconfined key="process_exec"ARCH=x86_64 SYSCALL=execve AUID="heroic" UID="root" GID="root" EUID="root" SUID="root" FSUID="root" EGID="root" SGID="root" FSGID="root"
type=PATH msg=audit(1769929318.192:10196): item=0 name="/usr/bin/sudo" inode=1574381 dev=8:2 mode=104307 ouid=0 ogid=0 rdev=0:0 nametype=NORMAL cap_fp=0 cap_fi=0 cap_fe=0 cap_fver=0 cap_frootid=0OUID="root" OGID="root"
type=SYSCALL msg=audit(1769929130.1244:5412): arch=c000003e syscall=59 success=yes exit=0 a0=5c267de4d020 a1=5c267de4d000 a2=5c267de4cdb0 a3=5c267de4d990 items=2 ppid=8242 pid=4670 auid=4294967510 uid=0 gid=0 euid=0 suid=0 fsuid=0 egid=0 sgid=0 fsgid=0 tty=(none) ses=4294967435 comm="python" exe="/usr/bin/sed" subj=unconfined key="process_exec"ARCH=x86_64 SYSCALL=execve AUID="unset" UID="root" GID="root" EUID="root" SUID="root" FSUID="root" EGID="root" SGID="root" FSGID="root"
type=EXECVE msg=audit(1769928750.981:7358): argc=4 a0="sudo" a1="rm" a2="-f" a3="/etc/cron.d/hids_persist"
type=EXECVE msg=audit(1769928603.659:8016): argc=1 a0="id"
type=PATH msg=audit(1769928876.1013:7163): item=1 name="/lib64/ld-linux-x86-64.so.2" inode=1574862 dev=8:2 mode=101155 ouid=0 ogid=0 rdev=0:0 nametype=NORMAL cap_fp=0 cap_fi=0 cap_fe=0 cap_fver=0 cap_frootid=0OUID="root" OGID="root"
type=PROCTITLE msg=audit(1769929081.156:5166): proctitle="whoami"
type=CWD msg=audit(1769928482.390:10292): cwd="/home/heroic"
type=CWD msg=audit(1769928434.7:6110): cwd="/usr/local/bin"
type=PROCTITLE msg=audit(1769928581.171:9543): proctitle=726D002D66002F6574632F63726F6E2E642F686964735F70657273697374
type=PATH msg=audit(1769928923.280:9421): item=0 name="/usr/bin/rm" inode=1577665 dev=8:2 mode=101141 ouid=0 ogid=0 rdev=0:0 nametype=NORMAL cap_fp=0 cap_fi=0 cap_fe=0 cap_fver=0 cap_frootid=0OUID="root" OGID="root"
type=PROCTITLE msg=audit(1769928795.529:9425): proctitle=726D002D66002F6574632F63726F6E2E642F686964735F70657273697374
type=PATH msg=audit(1769929061.340:7734): item=1 name="/lib64/ld-linux-x86-64.so.2" inode=1575516 dev=8:2 mode=101036 ouid=0 ogid=0 rdev=0:0 nametype=NORMAL cap_fp=0 cap_fi=0 cap_fe=0 cap_fver=0 cap_frootid=0OUID="root" OGID="root"
type=PATH msg=audit(1769929125.1027:8535): item=0 name="/usr/bin/whoami" inode=1578543 dev=8:2 mode=100366 ouid=0 ogid=0 rdev=0:0 nametype=NORMAL cap_fp=0 cap_fi=0 cap_fe=0 cap_fver=0 cap_frootid=0OUID="root" OGID="root"
type=EXECVE msg=audit(1769929107.638:5356): argc=3 a0="sudo" a1="tee" a2="/etc/cron.d/hids_persist"
type=PROCTITLE msg=audit(1769929114.75:4057): proctitle=2F7573722F6C69622F73797374656D642F73797374656D642D6578656375746F72002D2D646573657269616C697A6500313139002D2D6C6F672D6C6576656C00696E666F002D2D6C6F672D746172676574006A6F75726E616C2D6F722D6B6D7367
type=EXECVE msg=audit(1769928893.839:5157): argc=2 a0="sleep" a1="90"
type=PATH msg=audit(1769929128.242:7133): item=0 name="/etc/cron.d/" inode=1703548 dev=8:2 mode=40832 ouid=0 ogid=0 rdev=0:0 nametype=PARENT cap_fp=0 cap_fi=0 cap_fe=0 cap_fver=0 cap_frootid=0OUID="root" OGID="root"
type=SYSCALL msg=audit(1769929225.431:8635): arch=c000003e syscall=59 success=yes exit=0 a0=64e1754cd310 a1=64e1754d0c20 a2=64e1754c38f0 a3=64e1754d0c20 items=2 ppid=1352 pid=2247 auid=1261 uid=605 gid=1009 euid=0 suid=0 fsuid=0 egid=748 sgid=1382 fsgid=1434 tty=pts0 ses=3 comm="python" exe="/usr/bin/df" subj=unconfined key="process_exec"ARCH=x86_64 SYSCALL=execve AUID="heroic" UID="heroic" GID="heroic" EUID="root" SUID="root" FSUID="root" EGID="heroic" SGID="heroic" FSGID="heroic"
type=CWD msg=audit(1769929074.1101:4881): cwd="/tmp"
type=PATH msg=audit(1769928822.768:7824): item=0 name="/etc/cron.d/" inode=1703721 dev=8:2 mode=40534 ouid=0 ogid=0 rdev=0:0 nametype=PARENT cap_fp=0 cap_fi=0 cap_fe=0 cap_fver=0 cap_frootid=0OUID="root" OGID="root"
type=EXECVE msg=audit(1769928813.802:7816): argc=3 a0="cp" a1="/var/log/audit/audit.log" a2="/root/Desktop/hids_dataset/raw/malicious_remote.log"
type=PROCTITLE msg=audit(1769928412.207:7001): proctitle="groups"
type=EXECVE msg=audit(1769928857.663:4233): argc=2 a0="tee" a1="/etc/cron.d/hids_persist"
type=EXECVE msg=audit(1769929174.705:5183): argc=2 a0="dircolors" a1="-b"
type=SYSCALL msg=audit(1769928646.284:4651): arch=c000003e syscall=59 success=yes exit=0 a0=64e1754c9e20 a1=64e1754cb6e0 a2=64e1754c38f0 a3=64e1754cb6e0 items=2 ppid=6387 pid=6852 auid=1048 uid=1353 gid=649 euid=670 suid=691 fsuid=720 egid=1417 sgid=875 fsgid=910 tty=pts0 ses=3 comm="last" exe="/usr/bin/tail" subj=unconfined key="process_exec"ARCH=x86_64 SYSCALL=execve AUID="heroic" UID="heroic" GID="heroic" EUID="heroic" SUID="heroic" FSUID="heroic" EGID="heroic" SGID="heroic" FSGID="heroic"
type=PROCTITLE msg=audit(1769928862.643:9611): proctitle=646972636F6C6F7273002D62
type=PROCTITLE msg=audit(1769929283.163:9534): proctitle=6D6B646972002D70002F746D702F686964735F6D616C6963696F7573
type=PROCTITLE msg=audit(1769929303.1241:8583): proctitle=2F7573722F6C69622F73797374656D642F73797374656D642D6578656375746F72002D2D646573657269616C697A6500313139002D2D6C6F672D6C6576656C00696E666F002D2D6C6F672D746172676574006A6F75726E616C2D6F722D6B6D7367
type=SYSCALL msg=audit(1769929336.855:8995): arch=c000003e syscall=59 success=yes exit=0 a0=64e1754d0390 a1=64e1754d03f0 a2=64e1754c38f0 a3=64e1754d03f0 items=2 ppid=6906 pid=5806 auid=1334 uid=627 gid=904 euid=702 suid=633 fsuid=622 egid=1382 sgid=994 fsgid=1274 tty=pts0 ses=3 comm="tail" exe="/usr/bin/sed" subj=unconfined key="process_exec"ARCH=x86_64 SYSCALL=execve AUID="heroic" UID="heroic" GID="heroic" EUID="heroic" SUID="heroic" FSUID="heroic" EGID="heroic" SGID="heroic" FSGID="heroic"
type=CWD msg=audit(1769928716.845:8441): cwd="/root"
type=CWD msg=audit(1769928700.615:5575): cwd="/tmp"
type=SYSCALL msg=audit(1769929298.302:10290): arch=c000003e syscall=59 success=yes exit=0 a0=7ffea52a8950 a1=7ffea52a8970 a2=7ffea52a9460 a3=8 items=2 ppid=5802 pid=6712 auid=4294967629 uid=0 gid=0 euid=0 suid=0 fsuid=0 egid=0 sgid=0 fsgid=0 tty=(none) ses=4294967582 comm="df" exe="/usr/bin/sudo" subj=unconfined key="process_exec"ARCH=x86_64 SYSCALL=execve AUID="unset" UID="root" GID="root" EUID="root" SUID="root" FSUID="root" EGID="root" SGID="root" FSGID="root"
type=CWD msg=audit(1769928521.195:9553): cwd="/root"
type=CRED_REFR msg=audit(1769928906.886:4461): pid=7460 uid=889 auid=1176 ses=3 subj=unconfined msg='op=PAM:setcred grantors=pam_permit,pam_cap acct="root" exe="/usr/bin/df" hostname=? addr=? terminal=/dev/pts/0 res=success'UID="heroic" AUID="heroic"
type=USER_ACCT msg=audit(1769929250.93:7993): pid=8479 uid=1450 auid=537 ses=3 subj=unconfined msg='op=PAM:accounting grantors=pam_permit,pam_localuser acct="heroic" exe="/bin/sh" hostname=? addr=? terminal=/dev/pts/0 res=success'UID="heroic" AUID="heroic"
type=CWD msg=audit(1769928859.505:9384): cwd="/home/heroic"
type=PATH msg=audit(1769929355.53:8751): item=1 name="/lib64/ld-linux-x86-64.so.2" inode=1575734 dev=8:2 mode=100673 ouid=0 ogid=0 rdev=0:0 nametype=NORMAL cap_fp=0 cap_fi=0 cap_fe=0 cap_fver=0 cap_frootid=0OUID="root" OGID="root"
type=CRED_DISP msg=audit(1769928546.319:7830): pid=3459 uid=954 auid=1254 ses=3 subj=unconfined msg='op=PAM:setcred grantors=pam_permit acct="root" exe="/usr/bin/netstat" hostname=? addr=? terminal=/dev/pts/0 res=success'UID="heroic" AUID="heroic"
type=SYSCALL msg=audit(1769928814.781:8073): arch=c000003e syscall=59 success=yes exit=0 a0=5defd0c76b68 a1=5defd0c86ba0 a2=5defd0c997a0 a3=64 items=2 ppid=3831 pid=6422 auid=1483 uid=0 gid=0 euid=0 suid=0 fsuid=0 egid=0 sgid=0 fsgid=0 tty=pts4 ses=3 comm="last" exe="/usr/bin/python3" subj=unconfined key="process_exec"ARCH=x86_64 SYSCALL=execve AUID="heroic" UID="root" GID="root" EUID="root" SUID="root" FSUID="root" EGID="root" SGID="root" FSGID="root"
type=PATH msg=audit(1769929405.405:5461): item=1 name="/lib64/ld-linux-x86-64.so.2" inode=1575174 dev=8:2 mode=100835 ouid=0 ogid=0 rdev=0:0 nametype=NORMAL cap_fp=0 cap_fi=0 cap_fe=0 cap_fver=0 cap_frootid=0OUID="root" OGID="root"
type=PATH msg=audit(1769928732.320:4486): item=0 name="/usr/bin/ps" inode=1573969 dev=8:2 mode=101145 ouid=0 ogid=0 rdev=0:0 nametype=NORMAL cap_fp=0 cap_fi=0 cap_fe=0 cap_fver=0 cap_frootid=0OUID="root" OGID="root"
type=PATH msg=audit(1769928930.1113:7693): item=0 name="/usr/bin/chmod" inode=1577767 dev=8:2 mode=100968 ouid=0 ogid=0 rdev=0:0 nametype=NORMAL cap_fp=0 cap_fi=0 cap_fe=0 cap_fver=0 cap_frootid=0OUID="root" OGID="root"
type=PROCTITLE msg=audit(1769928622.228:6574): proctitle=707300617578
type=CWD msg=audit(1769929410.20:9544): cwd="/root"
type=PROCTITLE msg=audit(1769928945.1038:8402): proctitle=7375646F00726D002D66002F6574632F63726F6E2E642F686964735F70657273697374
type=PATH msg=audit(1769929136.1381:8534): item=0 name="/usr/bin/whoami" inode=1578631 dev=8:2 mode=101174 ouid=0 ogid=0 rdev=0:0 nametype=NORMAL cap_fp=0 cap_fi=0 cap_fe=0 cap_fver=0 cap_frootid=0OUID="root" OGID="root"
type=EXECVE msg=audit(1769928998.23:7127): argc=2 a0="rmdir" a1="/tmp/hids_malicious"
type=PATH msg=audit(1769929085.348:6825): item=1 name="/lib64/ld-linux-x86-64.so.2" inode=1575084 dev=8:2 mode=100607 ouid=0 ogid=0 rdev=0:0 nametype=NORMAL cap_fp=0 cap_fi=0 cap_fe=0 cap_fver=0 cap_frootid=0OUID="root" OGID="root"
type=EXECVE msg=audit(1769929195.1195:4260): argc=1 a0="/usr/libexec/nm-dispatcher"
type=USER_END msg=audit(1769928472.120:7381): pid=1178 uid=728 auid=559 ses=3 subj=unconfined msg='op=PAM:session_close grantors=pam_limits,pam_env,pam_env,pam_permit,pam_umask,pam_unix acct="root" exe="/usr/bin/sort" hostname=? addr=? terminal=/dev/pts/0 res=success'UID="heroic" AUID="heroic"
type=PATH msg=audit(1769928822.671:8197): item=0 name="/usr/bin/mkdir" inode=1577848 dev=8:2 mode=100822 ouid=0 ogid=0 rdev=0:0 nametype=NORMAL cap_fp=0 cap_fi=0 cap_fe=0 cap_fver=0 cap_frootid=0OUID="root" OGID="root"
type=CWD msg=audit(1769929076.1262:8028): cwd=2F746D702F686964735F6D616C6963696F7573202864656C6574656429
type=CWD msg=audit(1769929205.951:7766): cwd="/home/heroic"
type=PATH msg=audit(1769928564.779:8547): item=1 name="/lib64/ld-linux-x86-64.so.2" inode=1575401 dev=8:2 mode=100812 ouid=0 ogid=0 rdev=0:0 nametype=NORMAL cap_fp=0 cap_fi=0 cap_fe=0 cap_fver=0 cap_frootid=0OUID="root" OGID="root"
type=SYSCALL msg=audit(1769928430.555:4853): arch=c000003e syscall=59 success=yes exit=0 a0=64e1754cf4d0 a1=64e1754cf9f0 a2=64e1754c38f0 a3=64e1754ced30 items=2 ppid=2317 pid=2779 auid=1229 uid=731 gid=762 euid=1354 suid=1468 fsuid=587 egid=1244 sgid=927 fsgid=568 tty=pts0 ses=3 comm="df" exe="/usr/bin/python3" subj=unconfined key="process_exec"ARCH=x86_64 SYSCALL=execve AUID="heroic" UID="heroic" GID="heroic" EUID="heroic" SUID="heroic" FSUID="heroic" EGID="heroic" SGID="heroic" FSGID="heroic"
type=PATH msg=audit(1769929098.348:5600): item=1 name="/lib64/ld-linux-x86-64.so.2" inode=1575801 dev=8:2 mode=100944 ouid=0 ogid=0 rdev=0:0 nametype=NORMAL cap_fp=0 cap_fi=0 cap_fe=0 cap_fver=0 cap_frootid=0OUID="root" OGID="root"
type=EXECVE msg=audit(1769928758.1123:7898): argc=4 a0="sudo" a1="rm" a2="-f" a3="/etc/cron.d/hids_persist"
type=PATH msg=audit(1769929127.832:8067): item=1 name="/lib64/ld-linux-x86-64.so.2" inode=1575051 dev=8:2 mode=101213 ouid=0 ogid=0 rdev=0:0 nametype=NORMAL cap_fp=0 cap_fi=0 cap_fe=0 cap_fver=0 cap_frootid=0OUID="root" OGID="root"
type=CRED_DISP msg=audit(1769928807.43:8404): pid=7938 uid=1371 auid=918 ses=3 subj=unconfined msg='op=PAM:setcred grantors=pam_permit acct="root" exe="/usr/bin/tail" hostname=? addr=? terminal=/dev/pts/0 res=success'UID="heroic" AUID="heroic"
type=PATH msg=audit(1769928469.105:6149): item=0 name="/usr/bin/uname" inode=1578155 dev=8:2 mode=100926 ouid=0 ogid=0 rdev=0:0 nametype=NORMAL cap_fp=0 cap_fi=0 cap_fe=0 cap_fver=0 cap_frootid=0OUID="root" OGID="root"
type=SYSCALL msg=audit(1769929323.734:5619): arch=c000003e syscall=59 success=yes exit=0 a0=5da302dc7420 a1=5da302dcdce0 a2=5da302dc08f0 a3=5da302dcdce0 items=2 ppid=6821 pid=4848 auid=1194 uid=1369 gid=936 euid=0 suid=0 fsuid=0 egid=826 sgid=811 fsgid=1315 tty=pts0 ses=3 comm="sort" exe="/usr/bin/tail" subj=unconfined key="process_exec"ARCH=x86_64 SYSCALL=execve AUID="heroic" UID="heroic" GID="heroic" EUID="root" SUID="root" FSUID="root" EGID="heroic" SGID="heroic" FSGID="heroic"
type=CRED_REFR msg=audit(1769928516.463:7374): pid=9019 uid=1137 auid=744 ses=3 subj=unconfined msg='op=PAM:setcred grantors=pam_permit,pam_cap acct="root" exe="/usr/bin/last" hostname=? addr=? terminal=/dev/pts/0 res=success'UID="heroic" AUID="heroic"
type=EXECVE msg=audit(1769929266.552:4428): argc=3 a0="curl" a1="-s" a2="file:///tmp/hids_malicious/payload.sh"
type=PATH msg=audit(1769928968.624:9176): item=0 name="/usr/bin/cp" inode=1577685 dev=8:2 mode=101217 ouid=0 ogid=0 rdev=0:0 nametype=NORMAL cap_fp=0 cap_fi=0 cap_fe=0 cap_fver=0 cap_frootid=0OUID="root" OGID="root"
type=PATH msg=audit(1769928637.182:6253): item=0 name="/usr/bin/tee" inode=1578137 dev=8:2 mode=101176 ouid=0 ogid=0 rdev=0:0 nametype=NORMAL cap_fp=0 cap_fi=0 cap_fe=0 cap_fver=0 cap_frootid=0OUID="root" OGID="root"
type=PATH msg=audit(1769928865.352:7828): item=0 name="/usr/bin/tee" inode=1578049 dev=8:2 mode=100797 ouid=0 ogid=0 rdev=0:0 nametype=NORMAL cap_fp=0 cap_fi=0 cap_fe=0 cap_fver=0 cap_frootid=0OUID="root" OGID="root"
type=USER_ACCT msg=audit(1769928583.53:5807): pid=9089 uid=581 auid=665 ses=3 subj=unconfined msg='op=PAM:accounting grantors=pam_permit,pam_localuser acct="heroic" exe="/usr/bin/python3" hostname=? addr=? terminal=/dev/pts/0 res=success'UID="heroic" AUID="heroic"
type=PATH msg=audit(1769929088.986:6040): item=1 name="/bin/bash" inode=1572998 dev=8:2 mode=101003 ouid=0 ogid=0 rdev=0:0 nametype=NORMAL cap_fp=0 cap_fi=0 cap_fe=0 cap_fver=0 cap_frootid=0OUID="root" OGID="root"
type=PATH msg=audit(1769928828.863:6299): item=0 name="/usr/bin/chmod" inode=1578283 dev=8:2 mode=100499 ouid=0 ogid=0 rdev=0:0 nametype=NORMAL cap_fp=0 cap_fi=0 cap_fe=0 cap_fver=0 cap_frootid=0OUID="root" OGID="root"
type=PATH msg=audit(1769929307.689:5207): item=0 name="/usr/bin/curl" inode=1574119 dev=8:2 mode=100717 ouid=0 ogid=0 rdev=0:0 nametype=NORMAL cap_fp=0 cap_fi=0 cap_fe=0 cap_fver=0 cap_frootid=0OUID="root" OGID="root"
type=PATH msg=audit(1769929172.115:9760): item=1 name="/etc/cron.d/hids_persist" inode=1704380 dev=8:2 mode=100624 ouid=0 ogid=0 rdev=0:0 nametype=CREATE cap_fp=0 cap_fi=0 cap_fe=0 cap_fver=0 cap_frootid=0OUID="root" OGID="root"
type=EXECVE msg=audit(1769929178.1232:6717): argc=2 a0="uname" a1="-a"
type=PATH msg=audit(1769928656.145:5027): item=1 name="/bin/sh" inode=1573704 dev=8:2 mode=100858 ouid=0 ogid=0 rdev=0:0 nametype=NORMAL cap_fp=0 cap_fi=0 cap_fe=0 cap_fver=0 cap_frootid=0OUID="root" OGID="root"
type=EXECVE msg=audit(1769928955.577:9503): argc=2 a0="sleep" a1="90"
type=PROCTITLE msg=audit(1769928953.543:7454): proctitle=726D646972002F746D702F686964735F6D616C6963696F7573
type=PROCTITLE msg=audit(1769928504.37:6419): proctitle=63686D6F64002B78007061796C6F61642E7368
type=SYSCALL msg=audit(1769929240.58:8945): arch=c000003e syscall=59 success=yes exit=0 a0=59740aa85b68 a1=59740aa95ba0 a2=59740aaa8340 a3=64 items=2 ppid=1449 pid=5303 auid=1149 uid=0 gid=0 euid=0 suid=0 fsuid=0 egid=0 sgid=0 fsgid=0 tty=pts3 ses=3 comm="sort" exe="/usr/bin/df" subj=unconfined key="process_exec"ARCH=x86_64 SYSCALL=execve AUID="heroic" UID="root" GID="root" EUID="root" SUID="root" FSUID="root" EGID="root" SGID="root" FSGID="root"
type=EXECVE msg=audit(1769929178.74:4984): argc=3 a0="sudo" a1="tee" a2="/etc/cron.d/hids_persist"
type=PROCTITLE msg=audit(1769928651.663:6909): proctitle="whoami"
type=PROCTITLE msg=audit(1769929281.762:8770): proctitle=726D002D66002F6574632F63726F6E2E642F686964735F70657273697374
type=PATH msg=audit(1769928856.592:7863): item=0 name="/usr/bin/sudo" inode=1573939 dev=8:2 mode=105142 ouid=0 ogid=0 rdev=0:0 nametype=NORMAL cap_fp=0 cap_fi=0 cap_fe=0 cap_fver=0 cap_frootid=0OUID="root" OGID="root"
type=PATH msg=audit(1769928701.267:4758): item=0 name="/usr/bin/ss" inode=1573791 dev=8:2 mode=100346 ouid=0 ogid=0 rdev=0:0 nametype=NORMAL cap_fp=0 cap_fi=0 cap_fe=0 cap_fver=0 cap_frootid=0OUID="root" OGID="root"
type=PATH msg=audit(1769929326.99:8864): item=1 name="/etc/cron.d/hids_persist" inode=1704488 dev=8:2 mode=101035 ouid=0 ogid=0 rdev=0:0 nametype=CREATE cap_fp=0 cap_fi=0 cap_fe=0 cap_fver=0 cap_frootid=0OUID="root" OGID="root"
type=CWD msg=audit(1769928855.334:7777): cwd="/var/ossec"
type=CWD msg=audit(1769928996.703:8345): cwd="/var/ossec"
type=PATH msg=audit(1769928412.120:7525): item=0 name="/usr/bin/sudo" inode=1574682 dev=8:2 mode=104686 ouid=0 ogid=0 rdev=0:0 nametype=NORMAL cap_fp=0 cap_fi=0 cap_fe=0 cap_fver=0 cap_frootid=0OUID="root" OGID="root"
type=EXECVE msg=audit(1769928847.584:7831): argc=8 a0="/usr/lib/sysstat/sadc" a1="-F" a2="-L" a3="-S" a4="DISK" a5="1" a6="1" a7="/var/log/sysstat"
type=EXECVE msg=audit(1769928995.738:9178): argc=3 a0="mkdir" a1="-p" a2="/tmp/hids_malicious"
type=PROCTITLE msg=audit(1769928444.835:8018): proctitle=6375726C002D730066696C653A2F2F2F746D702F686964735F6D616C6963696F75732F7061796C6F61642E7368
type=PATH msg=audit(1769929156.1045:5866): item=1 name="/lib64/ld-linux-x86-64.so.2" inode=1575624 dev=8:2 mode=101089 ouid=0 ogid=0 rdev=0:0 nametype=NORMAL cap_fp=0 cap_fi=0 cap_fe=0 cap_fver=0 cap_frootid=0OUID="root" OGID="root"
type=PATH msg=audit(1769928866.93:7036): item=1 name="/lib64/ld-linux-x86-64.so.2" inode=1575433 dev=8:2 mode=100675 ouid=0 ogid=0 rdev=0:0 nametype=NORMAL cap_fp=0 cap_fi=0 cap_fe=0 cap_fver=0 cap_frootid=0OUID="root" OGID="root"
type=EXECVE msg=audit(1769928813.934:5472): argc=3 a0="mkdir" a1="-p" a2="/tmp/hids_malicious"
type=PATH msg=audit(1769928514.393:7033): item=0 name="/usr/bin/ps" inode=1574425 dev=8:2 mode=100978 ouid=0 ogid=0 rdev=0:0 nametype=NORMAL cap_fp=0 cap_fi=0 cap_fe=0 cap_fver=0 cap_frootid=0OUID="root" OGID="root"
type=PATH msg=audit(1769928871.245:6810): item=0 name="/usr/bin/ss" inode=1574640 dev=8:2 mode=101156 ouid=0 ogid=0 rdev=0:0 nametype=NORMAL cap_fp=0 cap_fi=0 cap_fe=0 cap_fver=0 cap_frootid=0OUID="root" OGID="root"
type=PROCTITLE msg=audit(1769929211.416:9362): proctitle=707300617578
type=CRED_REFR msg=audit(1769928634.448:8970): pid=6006 uid=646 auid=561 ses=3 subj=unconfined msg='op=PAM:setcred grantors=pam_permit,pam_cap acct="root" exe="/usr/bin/sudo" hostname=? addr=? terminal=/dev/pts/0 res=success'UID="heroic" AUID="heroic"
type=EXECVE msg=audit(1769928861.1288:5984): argc=2 a0="sudo" a1="whoami"
type=EXECVE msg=audit(1769928895.963:6368): argc=2 a0="sudo" a1="-l"
type=PATH msg=audit(1769928669.294:8183): item=1 name="/lib64/ld-linux-x86-64.so.2" inode=1575368 dev=8:2 mode=100830 ouid=0 ogid=0 rdev=0:0 nametype=NORMAL cap_fp=0 cap_fi=0 cap_fe=0 cap_fver=0 cap_frootid=0OUID="root" OGID="root"
type=CWD msg=audit(1769929143.541:6971): cwd=2F746D702F686964735F6D616C6963696F7573202864656C6574656429
type=USER_START msg=audit(1769928900.716:7367): pid=7616 uid=0 auid=1036 ses=5 subj=unconfined msg='op=PAM:session_open grantors=pam_limits,pam_env,pam_env,pam_permit,pam_umask,pam_unix acct="root" exe="/usr/bin/sudo" hostname=? addr=? terminal=/dev/pts/1 res=success'UID="root" AUID="heroic"
type=SYSCALL msg=audit(1769928769.837:5124): arch=c000003e syscall=59 success=yes exit=0 a0=5712e494ab68 a1=5712e495aba0 a2=5712e496d340 a3=64 items=2 ppid=3345 pid=6290 auid=1398 uid=0 gid=0 euid=0 suid=0 fsuid=0 egid=0 sgid=0 fsgid=0 tty=pts4 ses=3 comm="tail" exe="/usr/bin/sed" subj=unconfined key="process_exec"ARCH=x86_64 SYSCALL=execve AUID="heroic" UID="root" GID="root" EUID="root" SUID="root" FSUID="root" EGID="root" SGID="root" FSGID="root"
type=SYSCALL msg=audit(1769929009.333:10424): arch=c000003e syscall=59 success=yes exit=0 a0=60589dedfb68 a1=60589deefba0 a2=60589df027a0 a3=64 items=2 ppid=1865 pid=9046 auid=646 uid=0 gid=0 euid=0 suid=0 fsuid=0 egid=0 sgid=0 fsgid=0 tty=pts4 ses=3 comm="netstat" exe="/usr/bin/sort" subj=unconfined key="process_exec"ARCH=x86_64 SYSCALL=execve AUID="heroic" UID="root" GID="root" EUID="root" SUID="root" FSUID="root" EGID="root" SGID="root" FSGID="root"
type=CWD msg=audit(1769929169.796:8312): cwd="/home/heroic"
type=SYSCALL msg=audit(1769929354.1088:7297): arch=c000003e syscall=59 success=yes exit=0 a0=5dfa5a7beeb0 a1=5dfa5a79cce0 a2=5dfa5a7907a0 a3=5dfa5a7bf0c0 items=2 ppid=2931 pid=957 auid=1298 uid=0 gid=0 euid=0 suid=0 fsuid=0 egid=0 sgid=0 fsgid=0 tty=pts1 ses=5 comm="netstat" exe="/usr/bin/python3" subj=unconfined key="process_exec"ARCH=x86_64 SYSCALL=execve AUID="heroic" UID="root" GID="root" EUID="root" SUID="root" FSUID="root" EGID="root" SGID="root" FSGID="root"
type=PATH msg=audit(1769928850.587:7061): item=0 name="/usr/bin/ps" inode=1574400 dev=8:2 mode=101193 ouid=0 ogid=0 rdev=0:0 nametype=NORMAL cap_fp=0 cap_fi=0 cap_fe=0 cap_fver=0 cap_frootid=0OUID="root" OGID="root"
type=PATH msg=audit(1769929126.194:8255): item=0 name="/usr/bin/gpg" inode=1573319 dev=8:2 mode=101207 ouid=0 ogid=0 rdev=0:0 nametype=NORMAL cap_fp=0 cap_fi=0 cap_fe=0 cap_fver=0 cap_frootid=0OUID="root" OGID="root"
type=PATH msg=audit(1769929308.111:8242): item=1 name="/lib64/ld-linux-x86-64.so.2" inode=1574854 dev=8:2 mode=100972 ouid=0 ogid=0 rdev=0:0 nametype=NORMAL cap_fp=0 cap_fi=0 cap_fe=0 cap_fver=0 cap_frootid=0OUID="root" OGID="root"
type=PATH msg=audit(1769928915.209:7297): item=1 name="/lib64/ld-linux-x86-64.so.2" inode=1575410 dev=8:2 mode=100981 ouid=0 ogid=0 rdev=0:0 nametype=NORMAL cap_fp=0 cap_fi=0 cap_fe=0 cap_fver=0 cap_frootid=0OUID="root" OGID="root"
type=SYSCALL msg=audit(1769928916.978:7315): arch=c000003e syscall=59 success=yes exit=0 a0=64e1754cfff0 a1=64e1754cf310 a2=64e1754c38f0 a3=64e1754cf310 items=2 ppid=8552 pid=6774 auid=1141 uid=1292 gid=1191 euid=1200 suid=734 fsuid=1232 egid=1256 sgid=1420 fsgid=1475 tty=pts0 ses=3 comm="sh" exe="/usr/bin/sort" subj=unconfined key="process_exec"ARCH=x86_64 SYSCALL=execve AUID="heroic" UID="heroic" GID="heroic" EUID="heroic" SUID="heroic" FSUID="heroic" EGID="heroic" SGID="heroic" FSGID="heroic"
type=PATH msg=audit(1769929057.1344:8646): item=0 name="/usr/bin/ps" inode=1574324 dev=8:2 mode=100292 ouid=0 ogid=0 rdev=0:0 nametype=NORMAL cap_fp=0 cap_fi=0 cap_fe=0 cap_fver=0 cap_frootid=0OUID="root" OGID="root"
type=PROCTITLE msg=audit(1769928652.1167:9402): proctitle=6D6B646972002D70002F746D702F686964735F6D616C6963696F7573
type=PROCTITLE msg=audit(1769928461.353:7788): proctitle="whoami"
type=EXECVE msg=audit(1769928499.347:8401): argc=3 a0="curl" a1="-s" a2="file:///tmp/hids_malicious/payload.sh"
type=USER_ACCT msg=audit(1769928844.611:8643): pid=2626 uid=1478 auid=1322 ses=3 subj=unconfined msg='op=PAM:accounting grantors=pam_permit,pam_localuser acct="heroic" exe="/bin/sh" hostname=? addr=? terminal=/dev/pts/0 res=success'UID="heroic" AUID="heroic"
type=PATH msg=audit(1769928757.868:6735): item=1 name="/lib64/ld-linux-x86-64.so.2" inode=1575354 dev=8:2 mode=100651 ouid=0 ogid=0 rdev=0:0 nametype=NORMAL cap_fp=0 cap_fi=0 cap_fe=0 cap_fver=0 cap_frootid=0OUID="root" OGID="root"
type=EXECVE msg=audit(1769928746.768:6256): argc=1 a0="whoami"
type=PATH msg=audit(1769928587.660:8899): item=0 name="/usr/bin/curl" inode=1573873 dev=8:2 mode=100443 ouid=0 ogid=0 rdev=0:0 nametype=NORMAL cap_fp=0 cap_fi=0 cap_fe=0 cap_fver=0 cap_frootid=0OUID="root" OGID="root"
type=PATH msg=audit(1769928983.680:6931): item=0 name="/usr/bin/rm" inode=1578116 dev=8:2 mode=100979 ouid=0 ogid=0 rdev=0:0 nametype=NORMAL cap_fp=0 cap_fi=0 cap_fe=0 cap_fver=0 cap_frootid=0OUID="root" OGID="root"
type=SYSCALL msg=audit(1769928961.436:5295): arch=c000003e syscall=59 success=yes exit=0 a0=5da302dc7420 a1=5da302dccf70 a2=5da302dc08f0 a3=5da302dcb510 items=2 ppid=3258 pid=4328 auid=952 uid=685 gid=1140 euid=1431 suid=875 fsuid=652 egid=1240 sgid=1327 fsgid=972 tty=pts0 ses=3 comm="sed" exe="/usr/bin/last" subj=unconfined key="process_exec"ARCH=x86_64 SYSCALL=execve AUID="heroic" UID="heroic" GID="heroic" EUID="heroic" SUID="heroic" FSUID="heroic" EGID="heroic" SGID="heroic" FSGID="heroic"
type=PATH msg=audit(1769928858.57:7867): item=0 name="/etc/cron.d/" inode=1704368 dev=8:2 mode=40746 ouid=0 ogid=0 rdev=0:0 nametype=PARENT cap_fp=0 cap_fi=0 cap_fe=0 cap_fver=0 cap_frootid=0OUID="root" OGID="root"
type=LOGIN msg=audit(1769928922.526:4701): pid=1983 uid=0 subj=unconfined old-auid=4294967384 auid=0 tty=(none) old-ses=4294967413 ses=7 res=1UID="root" OLD-AUID="unset" AUID="root"
type=PATH msg=audit(1769928849.169:4428): item=0 name="/usr/bin/sleep" inode=1578285 dev=8:2 mode=100258 ouid=0 ogid=0 rdev=0:0 nametype=NORMAL cap_fp=0 cap_fi=0 cap_fe=0 cap_fver=0 cap_frootid=0OUID="root" OGID="root"
type=PROCTITLE msg=audit(1769929079.992:6021): proctitle=2F7573722F6C69622F73797374656D642F73797374656D642D6578656375746F72002D2D646573657269616C697A6500313139002D2D6C6F672D6C6576656C00696E666F002D2D6C6F672D746172676574006A6F75726E616C2D6F722D6B6D7367
type=SYSCALL msg=audit(1769928461.792:8016): arch=c000003e syscall=59 success=yes exit=0 a0=5da302dc8940 a1=5da302dcca10 a2=5da302dc08f0 a3=5da302dcd3d0 items=2 ppid=4182 pid=2176 auid=869 uid=1183 gid=1244 euid=727 suid=756 fsuid=1212 egid=948 sgid=879 fsgid=1480 tty=pts0 ses=3 comm="ss" exe="/usr/bin/netstat" subj=unconfined key="process_exec"ARCH=x86_64 SYSCALL=execve AUID="heroic" UID="heroic" GID="heroic" EUID="heroic" SUID="heroic" FSUID="heroic" EGID="heroic" SGID="heroic" FSGID="heroic"
type=PATH msg=audit(1769928419.585:8700): item=0 name="/usr/bin/mkdir" inode=1577985 dev=8:2 mode=100604 ouid=0 ogid=0 rdev=0:0 nametype=NORMAL cap_fp=0 cap_fi=0 cap_fe=0 cap_fver=0 cap_frootid=0OUID="root" OGID="root"
type=SYSCALL msg=audit(1769928830.627:6956): arch=c000003e syscall=59 success=yes exit=0 a0=5da302dcd5f0 a1=5da302dcd5d0 a2=5da302dc08f0 a3=5da302dcd5d0 items=2 ppid=9032 pid=7207 auid=1297 uid=1347 gid=1017 euid=0 suid=0 fsuid=0 egid=1270 sgid=913 fsgid=1326 tty=pts0 ses=3 comm="sudo" exe="/usr/bin/python3" subj=unconfined key="process_exec"ARCH=x86_64 SYSCALL=execve AUID="heroic" UID="heroic" GID="heroic" EUID="root" SUID="root" FSUID="root" EGID="heroic" SGID="heroic" FSGID="heroic"
type=CRED_DISP msg=audit(1769928638.184:4269): pid=1145 uid=0 auid=0 ses=7 subj=unconfined msg='op=PAM:setcred grantors=pam_permit acct="root" exe="/usr/bin/netstat" hostname=? addr=? terminal=cron res=success'UID="root" AUID="root"
type=PROCTITLE msg=audit(1769929146.479:8895): proctitle=677067002D2D656E61626C652D7370656369616C2D66696C656E616D6573002D2D6261746368002D2D6E6F2D736B2D636F6D6D656E7473002D2D686F6D65646972002F7661722F6C69622F66777570642F676E757067002D2D7374617475732D6664003139002D2D6E6F2D747479002D2D636861727365740075746638002D2D
type=CWD msg=audit(1769928423.1225:7635): cwd=2F746D702F686964735F6D616C6963696F7573202864656C6574656429
type=PATH msg=audit(1769929079.53:6610): item=1 name="/lib64/ld-linux-x86-64.so.2" inode=1574849 dev=8:2 mode=100902 ouid=0 ogid=0 rdev=0:0 nametype=NORMAL cap_fp=0 cap_fi=0 cap_fe=0 cap_fver=0 cap_frootid=0OUID="root" OGID="root"
type=PATH msg=audit(1769928496.224:7679): item=0 name="/usr/bin/whoami" inode=1578402 dev=8:2 mode=101202 ouid=0 ogid=0 rdev=0:0 nametype=NORMAL cap_fp=0 cap_fi=0 cap_fe=0 cap_fver=0 cap_frootid=0OUID="root" OGID="root"
type=PATH msg=audit(1769928686.947:6166): item=1 name="/lib64/ld-linux-x86-64.so.2" inode=1575054 dev=8:2 mode=100409 ouid=0 ogid=0 rdev=0:0 nametype=NORMAL cap_fp=0 cap_fi=0 cap_fe=0 cap_fver=0 cap_frootid=0OUID="root" OGID="root"
type=CWD msg=audit(1769928774.470:7633): cwd="/home/heroic"
type=SYSCALL msg=audit(1769929059.1060:5121): arch=c000003e syscall=59 success=yes exit=0 a0=5da302dcc410 a1=5da302dce610 a2=5da302dc08f0 a3=8 items=2 ppid=4491 pid=9330 auid=1153 uid=713 gid=1075 euid=1267 suid=535 fsuid=818 egid=543 sgid=789 fsgid=1011 tty=pts0 ses=3 comm="sh" exe="/usr/bin/netstat" subj=unconfined key="process_exec"ARCH=x86_64 SYSCALL=execve AUID="heroic" UID="heroic" GID="heroic" EUID="heroic" SUID="heroic" FSUID="heroic" EGID="heroic" SGID="heroic" FSGID="heroic"
type=PATH msg=audit(1769928618.222:8014): item=1 name="/lib64/ld-linux-x86-64.so.2" inode=1575509 dev=8:2 mode=100658 ouid=0 ogid=0 rdev=0:0 nametype=NORMAL cap_fp=0 cap_fi=0 cap_fe=0 cap_fver=0 cap_frootid=0OUID="root" OGID="root"
type=USER_START msg=audit(1769929191.555:8820): pid=7718 uid=1487 auid=1338 ses=5 subj=unconfined msg='op=PAM:session_open grantors=pam_limits,pam_env,pam_env,pam_permit,pam_umask,pam_unix acct="root" exe="/bin/sh" hostname=? addr=? terminal=/dev/pts/0 res=success'UID="heroic" AUID="heroic"
type=CRED_DISP msg=audit(1769929095.31:5301): pid=8496 uid=657 auid=1356 ses=3 subj=unconfined msg='op=PAM:setcred grantors=pam_permit acct="root" exe="/usr/bin/last" hostname=? addr=? terminal=/dev/pts/0 res=success'UID="heroic" AUID="heroic"
type=PATH msg=audit(1769928968.92:9072): item=1 name="/lib64/ld-linux-x86-64.so.2" inode=1575138 dev=8:2 mode=100476 ouid=0 ogid=0 rdev=0:0 nametype=NORMAL cap_fp=0 cap_fi=0 cap_fe=0 cap_fver=0 cap_frootid=0OUID="root" OGID="root"
type=SYSCALL msg=audit(1769929127.442:9217): arch=c000003e syscall=59 success=yes exit=0 a0=5da302dccf30 a1=5da302dc8920 a2=5da302dc08f0 a3=5da302dc8920 items=2 ppid=6175 pid=4428 auid=1439 uid=1345 gid=893 euid=1283 suid=1422 fsuid=538 egid=798 sgid=529 fsgid=575 tty=pts0 ses=3 comm="sort" exe="/usr/bin/sed" subj=unconfined key="process_exec"ARCH=x86_64 SYSCALL=execve AUID="heroic" UID="heroic" GID="heroic" EUID="heroic" SUID="heroic" FSUID="heroic" EGID="heroic" SGID="heroic" FSGID="heroic"
type=CWD msg=audit(1769929235.695:6007): cwd="/var/ossec"
type=PROCTITLE msg=audit(1769928854.156:4915): proctitle=7375646F00746565002F6574632F63726F6E2E642F686964735F70657273697374
type=PATH msg=audit(1769928783.258:9461): item=0 name="/usr/bin/sudo" inode=1574414 dev=8:2 mode=105019 ouid=0 ogid=0 rdev=0:0 nametype=NORMAL cap_fp=0 cap_fi=0 cap_fe=0 cap_fver=0 cap_frootid=0OUID="root" OGID="root"
type=PATH msg=audit(1769929054.455:5626): item=0 name="/usr/bin/curl" inode=1573959 dev=8:2 mode=100958 ouid=0 ogid=0 rdev=0:0 nametype=NORMAL cap_fp=0 cap_fi=0 cap_fe=0 cap_fver=0 cap_frootid=0OUID="root" OGID="root"
type=CRED_DISP msg=audit(1769928428.307:4657): pid=1766 uid=809 auid=787 ses=3 subj=unconfined msg='op=PAM:setcred grantors=pam_permit acct="root" exe="/usr/bin/sed" hostname=? addr=? terminal=/dev/pts/0 res=success'UID="heroic" AUID="heroic"
type=PATH msg=audit(1769928681.225:9601): item=0 name="/usr/bin/sudo" inode=1574272 dev=8:2 mode=104379 ouid=0 ogid=0 rdev=0:0 nametype=NORMAL cap_fp=0 cap_fi=0 cap_fe=0 cap_fver=0 cap_frootid=0OUID="root" OGID="root"
type=SYSCALL msg=audit(1769928682.1023:6919): arch=c000003e syscall=407 success=yes exit=3 a0=ffffff9c a1=7ffe4942672c a2=602 a3=1b6 items=2 ppid=4917 pid=4987 auid=1361 uid=0 gid=0 euid=0 suid=0 fsuid=0 egid=0 sgid=0 fsgid=0 tty=pts4 ses=3 comm="python" exe="/bin/sh" subj=unconfined key="persistence"ARCH=x86_64 SYSCALL=openat AUID="heroic" UID="root" GID="root" EUID="root" SUID="root" FSUID="root" EGID="root" SGID="root" FSGID="root"
type=USER_CMD msg=audit(1769929354.474:7866): pid=8760 uid=1356 auid=1127 ses=3 subj=unconfined msg='cwd="/usr/local/bin" cmd=746565202F6574632F63726F6E2E642F686964735F70657273697374 exe="/usr/bin/sudo" terminal=pts/0 res=success'UID="heroic" AUID="heroic"
type=PROCTITLE msg=audit(1769928717.238:8480): proctitle=2F7573722F6C69622F73797374656D642F73797374656D642D6578656375746F72002D2D646573657269616C697A6500313139002D2D6C6F672D6C6576656C00696E666F002D2D6C6F672D746172676574006A6F75726E616C2D6F722D6B6D7367
type=EXECVE msg=audit(1769928970.1115:4979): argc=8 a0="/usr/lib/sysstat/sadc" a1="-F" a2="-L" a3="-S" a4="DISK" a5="1" a6="1" a7="/var/log/sysstat"
type=EXECVE msg=audit(1769929090.963:9515): argc=58 a0="rm" a1="-f" a2="file_10.dat" a3="file_11.dat" a4="file_12.dat" a5="file_13.dat" a6="file_14.dat" a7="file_15.dat" a8="file_16.dat" a9="file_17.dat" a10="file_18.dat" a11="file_19.dat" a12="file_1.dat" a13="file_20.dat" a14="file_21.dat" a15="file_22.dat" a16="file_23.dat" a17="file_24.dat" a18="file_25.dat" a19="file_26.dat" a20="file_27.dat" a21="file_28.dat" a22="file_29.dat" a23="file_2.dat" a24="file_30.dat" a25="file_31.dat" a26="file_32.dat" a27="file_33.dat" a28="file_34.dat" a29="file_35.dat" a30="file_36.dat" a31="file_37.dat" a32="file_38.dat" a33="file_39.dat" a34="file_3.dat" a35="file_40.dat" a36="file_41.dat" a37="file_42.dat" a38="file_43.dat" a39="file_44.dat" a40="file_45.dat" a41="file_46.dat" a42="file_47.dat" a43="file_48.dat" a44="file_49.dat" a45="file_4.dat" a46="file_50.dat" a47="file_5.dat" a48="file_6.dat" a49="file_7.dat" a50="file_8.dat" a51="file_9.dat" a52="payload.sh" a53="recon.txt" a54="netstat.txt" a55="processes.txt" a56="sudo_enum.txt" a57="sudo_test.txt"
type=SYSCALL msg=audit(1769928939.860:8269): arch=c000003e syscall=59 success=yes exit=0 a0=5f93eeb5cb68 a1=5f93eeb6cba0 a2=5f93eeb7f7a0 a3=64 items=2 ppid=4080 pid=2864 auid=1156 uid=0 gid=0 euid=0 suid=0 fsuid=0 egid=0 sgid=0 fsgid=0 tty=pts4 ses=3 comm="sudo" exe="/usr/bin/last" subj=unconfined key="process_exec"ARCH=x86_64 SYSCALL=execve AUID="heroic" UID="root" GID="root" EUID="root" SUID="root" FSUID="root" EGID="root" SGID="root" FSGID="root"
type=PROCTITLE msg=audit(1769928931.348:5874): proctitle="whoami"
type=PATH msg=audit(1769928938.1094:6907): item=0 name="/usr/bin/ps" inode=1574324 dev=8:2 mode=100294 ouid=0 ogid=0 rdev=0:0 nametype=NORMAL cap_fp=0 cap_fi=0 cap_fe=0 cap_fver=0 cap_frootid=0OUID="root" OGID="root"
type=CWD msg=audit(1769928480.856:8264): cwd="/usr/local/bin"
type=SYSCALL msg=audit(1769928949.147:9779): arch=c000003e syscall=59 success=yes exit=0 a0=5da302dc6e20 a1=5da302dc78d0 a2=5da302dc08f0 a3=8 items=2 ppid=7295 pid=9178 auid=704 uid=1440 gid=1454 euid=1296 suid=1066 fsuid=1021 egid=1003 sgid=1007 fsgid=1456 tty=pts0 ses=3 comm="last" exe="/usr/bin/sort" subj=unconfined key="process_exec"ARCH=x86_64 SYSCALL=execve AUID="heroic" UID="heroic" GID="heroic" EUID="heroic" SUID="heroic" FSUID="heroic" EGID="heroic" SGID="heroic" FSGID="heroic"
type=CWD msg=audit(1769929138.993:10395): cwd="/tmp"
type=EXECVE msg=audit(1769929183.489:4636): argc=3 a0="sudo" a1="tee" a2="/etc/cron.d/hids_persist"
type=SYSCALL msg=audit(1769928555.820:5894): arch=c000003e syscall=350 success=yes exit=3 a0=ffffff9c a1=7fffe185f72c a2=483 a3=1b6 items=2 ppid=7659 pid=3833 auid=1346 uid=0 gid=0 euid=0 suid=0 fsuid=0 egid=0 sgid=0 fsgid=0 tty=pts4 ses=3 comm="sh" exe="/usr/bin/sudo" subj=unconfined key="persistence"ARCH=x86_64 SYSCALL=openat AUID="heroic" UID="root" GID="root" EUID="root" SUID="root" FSUID="root" EGID="root" SGID="root" FSGID="root"
type=SYSCALL msg=audit(1769928679.463:7196): arch=c000003e syscall=59 success=yes exit=0 a0=64e1754ca420 a1=64e1754cff70 a2=64e1754c38f0 a3=64e1754ce510 items=2 ppid=5793 pid=6043 auid=731 uid=896 gid=976 euid=1164 suid=1114 fsuid=866 egid=1299 sgid=633 fsgid=1245 tty=pts0 ses=3 comm="ss" exe="/usr/bin/tail" subj=unconfined key="process_exec"ARCH=x86_64 SYSCALL=execve AUID="heroic" UID="heroic" GID="heroic" EUID="heroic" SUID="heroic" FSUID="heroic" EGID="heroic" SGID="heroic" FSGID="heroic"
type=SYSCALL msg=audit(1769929401.209:7726): arch=c000003e syscall=59 success=yes exit=0 a0=64e1754cb920 a1=64e1754d1a80 a2=64e1754c38f0 a3=1 items=2 ppid=9115 pid=8199 auid=1200 uid=1278 gid=852 euid=872 suid=639 fsuid=1303 egid=730 sgid=919 fsgid=1305 tty=pts0 ses=3 comm="netstat" exe="/usr/bin/df" subj=unconfined key="process_exec"ARCH=x86_64 SYSCALL=execve AUID="heroic" UID="heroic" GID="heroic" EUID="heroic" SUID="heroic" FSUID="heroic" EGID="heroic" SGID="heroic" FSGID="heroic"
type=EXECVE msg=audit(1769929292.653:9188): argc=2 a0="uname" a1="-a"
type=EXECVE msg=audit(1769928438.1283:8970): argc=4 a0="/bin/sh" a1="/usr/lib/sysstat/sa1" a2="1" a3="1"
type=EXECVE msg=audit(1769928949.2:7640): argc=2 a0="uname" a1="-a"
type=PROCTITLE msg=audit(1769929068.266:4397): proctitle=726D002D66002F6574632F63726F6E2E642F686964735F70657273697374
type=SYSCALL msg=audit(1769929371.738:8914): arch=c000003e syscall=59 success=yes exit=0 a0=5cde67f2e960 a1=5cde67f34b60 a2=5cde67f2e180 a3=8 items=3 ppid=9973 pid=741 auid=1389 uid=1362 gid=1283 euid=1476 suid=516 fsuid=1139 egid=970 sgid=1182 fsgid=701 tty=pts2 ses=5 comm="sed" exe="/bin/sh" subj=unconfined key="process_exec"ARCH=x86_64 SYSCALL=execve AUID="heroic" UID="heroic" GID="heroic" EUID="heroic" SUID="heroic" FSUID="heroic" EGID="heroic" SGID="heroic" FSGID="heroic"
type=USER_END msg=audit(1769928837.1169:4555): pid=5957 uid=884 auid=1495 ses=3 subj=unconfined msg='op=PAM:session_close grantors=pam_limits,pam_env,pam_env,pam_permit,pam_umask,pam_unix acct="root" exe="/usr/bin/netstat" hostname=? addr=? terminal=/dev/pts/0 res=success'UID="heroic" AUID="heroic"
type=PROCTITLE msg=audit(1769929020.183:6465): proctitle=6D6B646972002D70002F746D702F686964735F6D616C6963696F7573
type=CWD msg=audit(1769928793.1031:6301): cwd="/root"
type=CWD msg=audit(1769928684.406:5404): cwd=2F746D702F686964735F6D616C6963696F7573202864656C6574656429
type=CWD msg=audit(1769929340.594:9610): cwd="/home/heroic"
type=PROCTITLE msg=audit(1769928700.793:9989): proctitle=2F7573722F6C69622F73797374656D642F73797374656D642D6578656375746F72002D2D646573657269616C697A6500313139002D2D6C6F672D6C6576656C00696E666F002D2D6C6F672D746172676574006A6F75726E616C2D6F722D6B6D7367
type=PROCTITLE msg=audit(1769929056.578:4882): proctitle=677067002D2D656E61626C652D7370656369616C2D66696C656E616D6573002D2D6261746368002D2D6E6F2D736B2D636F6D6D656E7473002D2D686F6D65646972002F7661722F6C69622F66777570642F676E757067002D2D7374617475732D6664003139002D2D6E6F2D747479002D2D636861727365740075746638002D2D
type=EXECVE msg=audit(1769928956.311:4183): argc=3 a0="chmod" a1="+x" a2="payload.sh"
type=PATH msg=audit(1769929049.665:9658): item=1 name="/lib64/ld-linux-x86-64.so.2" inode=1575016 dev=8:2 mode=101092 ouid=0 ogid=0 rdev=0:0 nametype=NORMAL cap_fp=0 cap_fi=0 cap_fe=0 cap_fver=0 cap_frootid=0OUID="root" OGID="root"
type=USER_END msg=audit(1769928790.706:7707): pid=7419 uid=1361 auid=627 ses=3 subj=unconfined msg='op=PAM:session_close grantors=pam_limits,pam_env,pam_env,pam_permit,pam_umask,pam_unix acct="root" exe="/bin/sh" hostname=? addr=? terminal=/dev/pts/0 res=success'UID="heroic" AUID="heroic"
type=USER_CMD msg=audit(1769928649.631:9023): pid=3282 uid=514 auid=873 ses=3 subj=unconfined msg='cwd="/tmp" cmd="whoami" exe="/usr/bin/last" terminal=pts/0 res=success'UID="heroic" AUID="heroic"
type=PROCTITLE msg=audit(1769929220.119:9356): proctitle=7375646F002D6C
type=PATH msg=audit(1769928675.205:9666): item=1 name="/lib64/ld-linux-x86-64.so.2" inode=1575152 dev=8:2 mode=100545 ouid=0 ogid=0 rdev=0:0 nametype=NORMAL cap_fp=0 cap_fi=0 cap_fe=0 cap_fver=0 cap_frootid=0OUID="root" OGID="root"
type=PROCTITLE msg=audit(1769928921.430:9957): proctitle=726D002D660066696C655F31302E6461740066696C655F31312E6461740066696C655F31322E6461740066696C655F31332E6461740066696C655F31342E6461740066696C655F31352E6461740066696C655F31362E6461740066696C655F31372E6461740066696C655F31382E6461740066696C655F31392E646174006669
type=EXECVE msg=audit(1769928835.383:9946): argc=1 a0="whoami"
type=CWD msg=audit(1769928866.1113:6980): cwd=2F746D702F686964735F6D616C6963696F7573202864656C6574656429
type=PATH msg=audit(1769929380.432:5396): item=1 name="/lib64/ld-linux-x86-64.so.2" inode=1575142 dev=8:2 mode=100644 ouid=0 ogid=0 rdev=0:0 nametype=NORMAL cap_fp=0 cap_fi=0 cap_fe=0 cap_fver=0 cap_frootid=0OUID="root" OGID="root"
type=PATH msg=audit(1769929276.577:6071): item=1 name="/lib64/ld-linux-x86-64.so.2" inode=1574899 dev=8:2 mode=100845 ouid=0 ogid=0 rdev=0:0 nametype=NORMAL cap_fp=0 cap_fi=0 cap_fe=0 cap_fver=0 cap_frootid=0OUID="root" OGID="root"
type=SYSCALL msg=audit(1769928745.1230:5988): arch=c000003e syscall=59 success=yes exit=0 a0=55b8634382b0 a1=55b863435fa0 a2=55b863435160 a3=55b863435ff0 items=2 ppid=1714 pid=5524 auid=1238 uid=0 gid=0 euid=0 suid=0 fsuid=0 egid=0 sgid=0 fsgid=0 tty=pts2 ses=3 comm="df" exe="/usr/bin/sed" subj=unconfined key="process_exec"ARCH=x86_64 SYSCALL=execve AUID="heroic" UID="root" GID="root" EUID="root" SUID="root" FSUID="root" EGID="root" SGID="root" FSGID="root"
type=CWD msg=audit(1769928796.99:7019): cwd="/root"
type=PATH msg=audit(1769929099.4:10206): item=1 name="/lib64/ld-linux-x86-64.so.2" inode=1575394 dev=8:2 mode=100754 ouid=0 ogid=0 rdev=0:0 nametype=NORMAL cap_fp=0 cap_fi=0 cap_fe=0 cap_fver=0 cap_frootid=0OUID="root" OGID="root"
type=PATH msg=audit(1769928476.175:5310): item=1 name="/bin/sh" inode=1573950 dev=8:2 mode=100756 ouid=0 ogid=0 rdev=0:0 nametype=NORMAL cap_fp=0 cap_fi=0 cap_fe=0 cap_fver=0 cap_frootid=0OUID="root" OGID="root"
type=CWD msg=audit(1769928523.492:9460): cwd="/usr/local/bin"
type=USER_ACCT msg=audit(1769929355.191:7710): pid=5306 uid=1171 auid=600 ses=3 subj=unconfined msg='op=PAM:accounting grantors=pam_permit,pam_localuser acct="heroic" exe="/usr/bin/netstat" hostname=? addr=? terminal=/dev/pts/0 res=success'UID="heroic" AUID="heroic"
type=USER_AUTH msg=audit(1769929067.407:7821): pid=3252 uid=0 auid=1476 ses=3 subj=unconfined msg='op=PAM:authentication grantors=pam_rootok acct="root" exe="/usr/bin/sort" hostname=? addr=? terminal=/dev/pts/2 res=success'UID="root" AUID="heroic"
type=EXECVE msg=audit(1769928588.39:6427): argc=7 a0="/usr/lib/systemd/systemd-executor" a1="--deserialize" a2="431" a3="--log-level" a4="info" a5="--log-target" a6="journal-or-kmsg"
type=SYSCALL msg=audit(1769928863.348:6486): arch=c000003e syscall=59 success=no exit=-2 a0=7ffd3d275ab3 a1=648e265e06a0 a2=7ffd3d279908 a3=735fc1d319c8 items=1 ppid=8179 pid=9759 auid=1330 uid=922 gid=1242 euid=817 suid=1241 fsuid=699 egid=869 sgid=954 fsgid=1318 tty=(none) ses=5 comm="sh" exe="/usr/bin/df" subj=desktop-icons-ng key="process_exec"ARCH=x86_64 SYSCALL=execve AUID="heroic" UID="heroic" GID="heroic" EUID="heroic" SUID="heroic" FSUID="heroic" EGID="heroic" SGID="heroic" FSGID="heroic"
type=SYSCALL msg=audit(1769929320.514:6163): arch=c000003e syscall=59 success=yes exit=0 a0=5da302dca310 a1=5da302dcdc20 a2=5da302dc08f0 a3=5da302dcdc20 items=2 ppid=1323 pid=6056 auid=902 uid=1459 gid=610 euid=0 suid=0 fsuid=0 egid=1461 sgid=789 fsgid=1163 tty=pts0 ses=3 comm="tail" exe="/usr/bin/python3" subj=unconfined key="process_exec"ARCH=x86_64 SYSCALL=execve AUID="heroic" UID="heroic" GID="heroic" EUID="root" SUID="root" FSUID="root" EGID="heroic" SGID="heroic" FSGID="heroic"
type=USER_START msg=audit(1769929270.134:4481): pid=9583 uid=738 auid=1182 ses=3 subj=unconfined msg='op=PAM:session_open grantors=pam_limits,pam_env,pam_env,pam_permit,pam_umask,pam_unix acct="root" exe="/bin/sh" hostname=? addr=? terminal=/dev/pts/0 res=success'UID="heroic" AUID="heroic"
type=EXECVE msg=audit(1769928599.171:5433): argc=3 a0="mkdir" a1="-p" a2="/tmp/hids_malicious"
type=PATH msg=audit(1769929395.562:7117): item=1 name="/lib64/ld-linux-x86-64.so.2" inode=1574868 dev=8:2 mode=100763 ouid=0 ogid=0 rdev=0:0 nametype=NORMAL cap_fp=0 cap_fi=0 cap_fe=0 cap_fver=0 cap_frootid=0OUID="root" OGID="root"
type=USER_END msg=audit(1769928825.123:4705): pid=6625 uid=0 auid=0 ses=5 subj=unconfined msg='op=PAM:session_close grantors=pam_loginuid,pam_env,pam_env,pam_permit,pam_umask,pam_unix,pam_limits acct="root" exe="/usr/bin/df" hostname=? addr=? terminal=cron res=success'UID="root" AUID="root"
type=CWD msg=audit(1769928831.1299:6396): cwd="/root"
type=EXECVE msg=audit(1769928621.1:4764): argc=2 a0="/usr/bin/gpgconf" a1="--list-components"
type=PATH msg=audit(1769928563.689:4513): item=1 name="/lib64/ld-linux-x86-64.so.2" inode=1575562 dev=8:2 mode=100647 ouid=0 ogid=0 rdev=0:0 nametype=NORMAL cap_fp=0 cap_fi=0 cap_fe=0 cap_fver=0 cap_frootid=0OUID="root" OGID="root"
type=EXECVE msg=audit(1769929153.494:9545): argc=7 a0="/usr/lib/systemd/systemd-executor" a1="--deserialize" a2="218" a3="--log-level" a4="info" a5="--log-target" a6="journal-or-kmsg"
type=EXECVE msg=audit(1769928744.778:6923): argc=2 a0="uname" a1="-a"
type=PATH msg=audit(1769929179.360:5040): item=1 name="/lib64/ld-linux-x86-64.so.2" inode=1575733 dev=8:2 mode=100693 ouid=0 ogid=0 rdev=0:0 nametype=NORMAL cap_fp=0 cap_fi=0 cap_fe=0 cap_fver=0 cap_frootid=0OUID="root" OGID="root"
type=PROCTITLE msg=audit(1769929335.898:8361): proctitle=677067002D2D656E61626C652D7370656369616C2D66696C656E616D6573002D2D6261746368002D2D6E6F2D736B2D636F6D6D656E7473002D2D686F6D65646972002F7661722F6C69622F66777570642F676E757067002D2D7374617475732D6664003139002D2D6E6F2D747479002D2D636861727365740075746638002D2D
type=PATH msg=audit(1769928970.751:6108): item=2 name="/lib64/ld-linux-x86-64.so.2" inode=1575440 dev=8:2 mode=101246 ouid=0 ogid=0 rdev=0:0 nametype=NORMAL cap_fp=0 cap_fi=0 cap_fe=0 cap_fver=0 cap_frootid=0OUID="root" OGID="root"
type=CWD msg=audit(1769928792.1130:4493): cwd="/root"
type=USER_AUTH msg=audit(1769928636.432:4431): pid=9615 uid=980 auid=1040 ses=5 subj=unconfined msg='op=PAM:authentication grantors=pam_permit,pam_cap acct="heroic" exe="/usr/bin/last" hostname=? addr=? terminal=/dev/pts/0 res=success'UID="heroic" AUID="heroic"
type=SYSCALL msg=audit(1769929000.254:9345): arch=c000003e syscall=59 success=yes exit=0 a0=64e1754cf970 a1=64e1754d03f0 a2=64e1754c38f0 a3=64e1754d03f0 items=2 ppid=3170 pid=7348 auid=696 uid=598 gid=1315 euid=0 suid=0 fsuid=0 egid=648 sgid=1003 fsgid=583 tty=pts0 ses=3 comm="sed" exe="/usr/bin/sed" subj=unconfined key="process_exec"ARCH=x86_64 SYSCALL=execve AUID="heroic" UID="heroic" GID="heroic" EUID="root" SUID="root" FSUID="root" EGID="heroic" SGID="heroic" FSGID="heroic"
type=CRED_REFR msg=audit(1769929128.829:9080): pid=4749 uid=964 auid=1173 ses=3 subj=unconfined msg='op=PAM:setcred grantors=pam_permit,pam_cap acct="root" exe="/usr/bin/sudo" hostname=? addr=? terminal=/dev/pts/0 res=success'UID="heroic" AUID="heroic"
type=CWD msg=audit(1769928828.128:8862): cwd="/var/ossec"
type=SYSCALL msg=audit(1769928508.437:9960): arch=c000003e syscall=59 success=yes exit=0 a0=64e1754cf310 a1=64e1754c52c0 a2=64e1754c38f0 a3=1 items=2 ppid=9016 pid=9110 auid=619 uid=1467 gid=696 euid=686 suid=1256 fsuid=1398 egid=805 sgid=1309 fsgid=1451 tty=pts0 ses=3 comm="sh" exe="/usr/bin/sudo" subj=unconfined key="process_exec"ARCH=x86_64 SYSCALL=execve AUID="heroic" UID="heroic" GID="heroic" EUID="heroic" SUID="heroic" FSUID="heroic" EGID="heroic" SGID="heroic" FSGID="heroic"
type=EXECVE msg=audit(1769928813.852:3910): argc=1 a0="/usr/libexec/nm-dispatcher"
type=USER_END msg=audit(1769929004.137:4498): pid=8470 uid=0 auid=0 ses=7 subj=unconfined msg='op=PAM:session_close grantors=pam_loginuid,pam_env,pam_env,pam_permit,pam_umask,pam_unix,pam_limits acct="root" exe="/usr/bin/python3" hostname=? addr=? terminal=cron res=success'UID="root" AUID="root"
type=EXECVE msg=audit(1769929395.824:7898): argc=2 a0="sed" a1=732F5C285B5B3A616C6E756D3A5D5D5C2B5C295C205C2B5B5B3A64696769743A5D5D5C2B5C205C2B5B5B3A64696769743A5D5D5C2B5C205C2B5C282E2A5C293A5C285B5B3A64696769743A5D5D2A5C295C205C2B5C285B302D395C2E5C3A5C2A5D5C2B5C292E5C2B5C205C285B5B3A64696769743A5D5D2A5C2F5B5B3A616C6E756D3A5D5C2D5D2A5C292E2A2F5C31205C32203D3D205C33203D3D205C34205C352F
type=PROCTITLE msg=audit(1769928496.685:8380): proctitle=6D6B646972002D70002F746D702F686964735F6D616C6963696F7573
type=BPF msg=audit(1769928986.10:9126): prog-id=99 op=LOAD
type=EXECVE msg=audit(1769928704.929:5087): argc=3 a0="run-parts" a1="--report" a2="/etc/cron.hourly"
type=USER_CMD msg=audit(1769929083.42:8761): pid=4705 uid=1381 auid=958 ses=3 subj=unconfined msg='cwd="/home/heroic" cmd=746565202F6574632F63726F6E2E642F686964735F70657273697374 exe="/usr/bin/sort" terminal=pts/0 res=success'UID="heroic" AUID="heroic"
type=CWD msg=audit(1769928912.516:6098): cwd="/var/ossec"
type=PATH msg=audit(1769928624.642:4717): item=1 name="/lib64/ld-linux-x86-64.so.2" inode=1575569 dev=8:2 mode=100914 ouid=0 ogid=0 rdev=0:0 nametype=NORMAL cap_fp=0 cap_fi=0 cap_fe=0 cap_fver=0 cap_frootid=0OUID="root" OGID="root"
type=SYSCALL msg=audit(1769929126.355:7677): arch=c000003e syscall=59 success=yes exit=0 a0=7ffea52a8950 a1=7ffea52a8970 a2=7ffea52a9460 a3=8 items=2 ppid=1222 pid=8061 auid=4294967616 uid=0 gid=0 euid=0 suid=0 fsuid=0 egid=0 sgid=0 fsgid=0 tty=(none) ses=4294967082 comm="sudo" exe="/usr/bin/last" subj=unconfined key="process_exec"ARCH=x86_64 SYSCALL=execve AUID="unset" UID="root" GID="root" EUID="root" SUID="root" FSUID="root" EGID="root" SGID="root" FSGID="root"
type=CWD msg=audit(1769929124.638:5013): cwd="/var/ossec"
type=USER_CMD msg=audit(1769928513.1188:5074): pid=7141 uid=956 auid=582 ses=3 subj=unconfined msg='cwd="/var/ossec" cmd=726D202D66202F6574632F63726F6E2E642F686964735F70657273697374 exe="/usr/bin/df" terminal=pts/0 res=success'UID="heroic" AUID="heroic"
type=EXECVE msg=audit(1769929080.957:8795): argc=2 a0="tee" a1="/etc/cron.d/hids_persist"
type=CRED_REFR msg=audit(1769929015.223:7774): pid=4520 uid=1161 auid=685 ses=3 subj=unconfined msg='op=PAM:setcred grantors=pam_permit,pam_cap acct="root" exe="/usr/bin/sed" hostname=? addr=? terminal=/dev/pts/0 res=success'UID="heroic" AUID="heroic"
type=PATH msg=audit(1769929135.71:9084): item=0 name="/usr/bin/sleep" inode=1578020 dev=8:2 mode=100583 ouid=0 ogid=0 rdev=0:0 nametype=NORMAL cap_fp=0 cap_fi=0 cap_fe=0 cap_fver=0 cap_frootid=0OUID="root" OGID="root"
type=EXECVE msg=audit(1769929247.1244:5269): argc=3 a0="cp" a1="/var/log/audit/audit.log" a2="/home/heroic/Desktop/hids_dataset/raw/malicious_remote.log~"
type=PROCTITLE msg=audit(1769928459.402:6466): proctitle=6D6B646972002D70002F746D702F686964735F6D616C6963696F7573
type=SYSCALL msg=audit(1769929401.370:4892): arch=c000003e syscall=59 success=yes exit=0 a0=55cec47b6b68 a1=55cec47c6ba0 a2=55cec47d97a0 a3=64 items=2 ppid=4315 pid=4475 auid=650 uid=0 gid=0 euid=0 suid=0 fsuid=0 egid=0 sgid=0 fsgid=0 tty=pts4 ses=3 comm="last" exe="/usr/bin/df" subj=unconfined key="process_exec"ARCH=x86_64 SYSCALL=execve AUID="heroic" UID="root" GID="root" EUID="root" SUID="root" FSUID="root" EGID="root" SGID="root" FSGID="root"
type=PATH msg=audit(1769928904.925:9114): item=0 name="/usr/bin/rm" inode=1577640 dev=8:2 mode=100627 ouid=0 ogid=0 rdev=0:0 nametype=NORMAL cap_fp=0 cap_fi=0 cap_fe=0 cap_fver=0 cap_frootid=0OUID="root" OGID="root"
type=SYSCALL msg=audit(1769928915.466:7258): arch=c000003e syscall=59 success=yes exit=0 a0=64e1754cf4d0 a1=64e1754ca390 a2=64e1754c38f0 a3=64e1754cf310 items=2 ppid=6569 pid=9229 auid=574 uid=1228 gid=1285 euid=0 suid=0 fsuid=0 egid=796 sgid=813 fsgid=1322 tty=pts0 ses=3 comm="sed" exe="/usr/bin/sudo" subj=unconfined key="process_exec"ARCH=x86_64 SYSCALL=execve AUID="heroic" UID="heroic" GID="heroic" EUID="root" SUID="root" FSUID="root" EGID="heroic" SGID="heroic" FSGID="heroic"
type=PATH msg=audit(1769929032.805:7020): item=0 name="/usr/bin/basename" inode=1577765 dev=8:2 mode=100819 ouid=0 ogid=0 rdev=0:0 nametype=NORMAL cap_fp=0 cap_fi=0 cap_fe=0 cap_fver=0 cap_frootid=0OUID="root" OGID="root"
type=EXECVE msg=audit(1769928768.94:5813): argc=4 a0="sudo" a1="rm" a2="-f" a3="/etc/cron.d/hids_persist"
type=PATH msg=audit(1769928458.72:5837): item=0 name="/proc/self/fd/9" inode=1596174 dev=8:2 mode=101063 ouid=0 ogid=0 rdev=0:0 nametype=NORMAL cap_fp=0 cap_fi=0 cap_fe=0 cap_fver=0 cap_frootid=0OUID="root" OGID="root"
type=CWD msg=audit(1769928642.140:6009): cwd="/root"
type=PATH msg=audit(1769929164.473:5511): item=1 name="/lib64/ld-linux-x86-64.so.2" inode=1575779 dev=8:2 mode=100341 ouid=0 ogid=0 rdev=0:0 nametype=NORMAL cap_fp=0 cap_fi=0 cap_fe=0 cap_fver=0 cap_frootid=0OUID="root" OGID="root"
type=PATH msg=audit(1769929231.676:4630): item=1 name="/lib64/ld-linux-x86-64.so.2" inode=1575026 dev=8:2 mode=100326 ouid=0 ogid=0 rdev=0:0 nametype=NORMAL cap_fp=0 cap_fi=0 cap_fe=0 cap_fver=0 cap_frootid=0OUID="root" OGID="root"
type=PATH msg=audit(1769928533.329:5957): item=1 name="/lib64/ld-linux-x86-64.so.2" inode=1575449 dev=8:2 mode=100680 ouid=0 ogid=0 rdev=0:0 nametype=NORMAL cap_fp=0 cap_fi=0 cap_fe=0 cap_fver=0 cap_frootid=0OUID="root" OGID="root"
type=PATH msg=audit(1769928946.505:7797): item=0 name="/usr/bin/ss" inode=1574275 dev=8:2 mode=100754 ouid=0 ogid=0 rdev=0:0 nametype=NORMAL cap_fp=0 cap_fi=0 cap_fe=0 cap_fver=0 cap_frootid=0OUID="root" OGID="root"
type=USER_ACCT msg=audit(1769929260.405:4874): pid=6277 uid=0 auid=858 ses=5 subj=unconfined msg='op=PAM:accounting grantors=pam_permit,pam_localuser acct="root" exe="/usr/bin/last" hostname=? addr=? terminal=/dev/pts/1 res=success'UID="root" AUID="heroic"
type=PATH msg=audit(1769928911.738:8064): item=1 name="/lib64/ld-linux-x86-64.so.2" inode=1575260 dev=8:2 mode=100482 ouid=0 ogid=0 rdev=0:0 nametype=NORMAL cap_fp=0 cap_fi=0 cap_fe=0 cap_fver=0 cap_frootid=0OUID="root" OGID="root"
type=PROCTITLE msg=audit(1769928437.116:5614): proctitle=7375646F00726D002D66002F6574632F63726F6E2E642F686964735F70657273697374
type=PATH msg=audit(1769928567.192:5170): item=0 name="/usr/bin/sudo" inode=1574293 dev=8:2 mode=104884 ouid=0 ogid=0 rdev=0:0 nametype=NORMAL cap_fp=0 cap_fi=0 cap_fe=0 cap_fver=0 cap_frootid=0OUID="root" OGID="root"
type=PATH msg=audit(1769929336.317:7236): item=1 name="/lib64/ld-linux-x86-64.so.2" inode=1575335 dev=8:2 mode=100830 ouid=0 ogid=0 rdev=0:0 nametype=NORMAL cap_fp=0 cap_fi=0 cap_fe=0 cap_fver=0 cap_frootid=0OUID="root" OGID="root"
type=CWD msg=audit(1769928811.702:8803): cwd=2F746D702F686964735F6D616C6963696F7573202864656C6574656429
type=PATH msg=audit(1769928760.318:8314): item=1 name="/lib64/ld-linux-x86-64.so.2" inode=1575697 dev=8:2 mode=100771 ouid=0 ogid=0 rdev=0:0 nametype=NORMAL cap_fp=0 cap_fi=0 cap_fe=0 cap_fver=0 cap_frootid=0OUID="root" OGID="root"
type=CWD msg=audit(1769928416.943:9701): cwd="/var/ossec"
type=USER_CMD msg=audit(1769928492.598:4536): pid=10030 uid=635 auid=1014 ses=3 subj=unconfined msg='cwd="/home/heroic" cmd=746565202F6574632F63726F6E2E642F686964735F70657273697374 exe="/usr/bin/tail" terminal=pts/0 res=success'UID="heroic" AUID="heroic"
type=SERVICE_START msg=audit(1769928798.1240:8160): pid=3067 uid=0 auid=4294967067 ses=4294967576 subj=unconfined msg='unit=fwupd-refresh comm="df" exe="/bin/sh" hostname=? addr=? terminal=? res=success'UID="root" AUID="unset"
type=PATH msg=audit(1769929043.811:6073): item=0 name="/usr/bin/rm" inode=1578601 dev=8:2 mode=100716 ouid=0 ogid=0 rdev=0:0 nametype=NORMAL cap_fp=0 cap_fi=0 cap_fe=0 cap_fver=0 cap_frootid=0OUID="root" OGID="root"
type=PATH msg=audit(1769928754.1040:7499): item=0 name="/usr/bin/rm" inode=1578449 dev=8:2 mode=100875 ouid=0 ogid=0 rdev=0:0 nametype=NORMAL cap_fp=0 cap_fi=0 cap_fe=0 cap_fver=0 cap_frootid=0OUID="root" OGID="root"
type=SYSCALL msg=audit(1769928674.244:6209): arch=c000003e syscall=59 success=yes exit=0 a0=5da302dccc70 a1=5da302dc7900 a2=5da302dc08f0 a3=5da302dccf70 items=2 ppid=6172 pid=7614 auid=849 uid=1236 gid=620 euid=0 suid=0 fsuid=0 egid=1454 sgid=568 fsgid=620 tty=pts0 ses=3 comm="netstat" exe="/usr/bin/sudo" subj=unconfined key="process_exec"ARCH=x86_64 SYSCALL=execve AUID="heroic" UID="heroic" GID="heroic" EUID="root" SUID="root" FSUID="root" EGID="heroic" SGID="heroic" FSGID="heroic"
type=PATH msg=audit(1769929265.44:6368): item=1 name="/lib64/ld-linux-x86-64.so.2" inode=1575566 dev=8:2 mode=100759 ouid=0 ogid=0 rdev=0:0 nametype=NORMAL cap_fp=0 cap_fi=0 cap_fe=0 cap_fver=0 cap_frootid=0OUID="root" OGID="root"
type=SYSCALL msg=audit(1769929238.426:7286): arch=c000003e syscall=59 success=yes exit=0 a0=7ef0ff5cb42f a1=7ef0fe3dcca0 a2=7ffe56934cb8 a3=8 items=2 ppid=4322 pid=9365 auid=4294967325 uid=0 gid=201 euid=0 suid=0 fsuid=0 egid=579 sgid=466 fsgid=269 tty=(none) ses=4294967037 comm="sort" exe="/usr/bin/netstat" subj=unconfined key="process_exec"ARCH=x86_64 SYSCALL=execve AUID="unset" UID="root" GID="wazuh" EUID="root" SUID="root" FSUID="root" EGID="wazuh" SGID="wazuh" FSGID="wazuh"
type=PROCTITLE msg=audit(1769928902.844:5828): proctitle=756E616D65002D61
type=SYSCALL msg=audit(1769928664.1226:7574): arch=c000003e syscall=59 success=yes exit=0 a0=64e1754cfc70 a1=64e1754caa40 a2=64e1754c38f0 a3=64e1754d00f0 items=2 ppid=6329 pid=8597 auid=1179 uid=1156 gid=591 euid=1019 suid=1335 fsuid=1024 egid=894 sgid=885 fsgid=834 tty=pts0 ses=3 comm="last" exe="/bin/sh" subj=unconfined key="process_exec"ARCH=x86_64 SYSCALL=execve AUID="heroic" UID="heroic" GID="heroic" EUID="heroic" SUID="heroic" FSUID="heroic" EGID="heroic" SGID="heroic" FSGID="heroic"
type=CWD msg=audit(1769928972.581:8700): cwd="/usr/local/bin"
type=EXECVE msg=audit(1769928914.219:9386): argc=4 a0="sudo" a1="rm" a2="-f" a3="/etc/cron.d/hids_persist"
type=SYSCALL msg=audit(1769928907.876:9991): arch=c000003e syscall=59 success=no exit=-2 a0=7ffd3d275ab3 a1=648e265e06a0 a2=7ffd3d279908 a3=735fc1d319c8 items=1 ppid=1863 pid=6521 auid=1470 uid=1272 gid=1168 euid=1473 suid=702 fsuid=652 egid=676 sgid=1074 fsgid=843 tty=(none) ses=5 comm="tail" exe="/usr/bin/netstat" subj=desktop-icons-ng key="process_exec"ARCH=x86_64 SYSCALL=execve AUID="heroic" UID="heroic" GID="heroic" EUID="heroic" SUID="heroic" FSUID="heroic" EGID="heroic" SGID="heroic" FSGID="heroic"
type=PROCTITLE msg=audit(1769928625.210:7229): proctitle=756E616D65002D61
type=PATH msg=audit(1769928712.569:4538): item=1 name="/lib64/ld-linux-x86-64.so.2" inode=1575200 dev=8:2 mode=100473 ouid=0 ogid=0 rdev=0:0 nametype=NORMAL cap_fp=0 cap_fi=0 cap_fe=0 cap_fver=0 cap_frootid=0OUID="root" OGID="root"
type=USER_CMD msg=audit(1769928894.716:9419): pid=7302 uid=1204 auid=1212 ses=5 subj=unconfined msg='cwd="/usr/local/bin" cmd=6370202F7661722F6C6F672F61756469742F61756469742E6C6F67202F686F6D652F6865726F69632F4465736B746F702F686964735F646174617365742F7261772F6D616C6963696F75735F72656D6F74652E6C6F677E exe="/usr/bin/netstat" terminal=pts/0 res=success'UID="heroic" AUID="heroic"
type=USER_START msg=audit(1769929129.701:4683): pid=4826 uid=0 auid=703 ses=3 subj=unconfined msg='op=PAM:session_open grantors=pam_env,pam_env,pam_mail,pam_limits,pam_permit,pam_umask,pam_unix,pam_systemd acct="root" exe="/usr/bin/last" hostname=? addr=? terminal=/dev/pts/2 res=success'UID="root" AUID="heroic"
type=SYSCALL msg=audit(1769928994.676:9422): arch=c000003e syscall=59 success=yes exit=0 a0=56e0a0066a80 a1=56e09fad6de0 a2=56e09f89c2e0 a3=8 items=2 ppid=4081 pid=7944 auid=678 uid=974 gid=1023 euid=542 suid=1353 fsuid=1206 egid=688 sgid=1225 fsgid=749 tty=pts2 ses=5 comm="sed" exe="/usr/bin/df" subj=unconfined key="process_exec"ARCH=x86_64 SYSCALL=execve AUID="heroic" UID="heroic" GID="heroic" EUID="heroic" SUID="heroic" FSUID="heroic" EGID="heroic" SGID="heroic" FSGID="heroic"
type=EXECVE msg=audit(1769928526.1359:4438): argc=2 a0="sleep" a1="90"
type=PROCTITLE msg=audit(1769928942.438:8831): proctitle=746565002F6574632F63726F6E2E642F686964735F70657273697374
type=PROCTITLE msg=audit(1769929318.671:8585): proctitle=2F7573722F62696E2F656E7600676A73002F7573722F73686172652F676E6F6D652D7368656C6C2F657874656E73696F6E732F64696E6740726173746572736F66742E636F6D2F6170702F64696E672E6A73002D45002D50002F7573722F73686172652F676E6F6D652D7368656C6C2F657874656E73696F6E732F64696E6740
type=PATH msg=audit(1769928749.184:7399): item=1 name="/lib64/ld-linux-x86-64.so.2" inode=1575262 dev=8:2 mode=101121 ouid=0 ogid=0 rdev=0:0 nametype=NORMAL cap_fp=0 cap_fi=0 cap_fe=0 cap_fver=0 cap_frootid=0OUID="root" OGID="root"
type=PATH msg=audit(1769929088.348:4317): item=0 name="/usr/bin/rmdir" inode=1578081 dev=8:2 mode=101126 ouid=0 ogid=0 rdev=0:0 nametype=NORMAL cap_fp=0 cap_fi=0 cap_fe=0 cap_fver=0 cap_frootid=0OUID="root" OGID="root"
type=SYSCALL msg=audit(1769928962.211:8253): arch=c000003e syscall=59 success=yes exit=0 a0=5d51d3ac7b38 a1=5d51d3ac78e0 a2=5d51d3ac78f8 a3=1 items=2 ppid=8322 pid=3259 auid=4294966914 uid=0 gid=316 euid=0 suid=0 fsuid=0 egid=149 sgid=310 fsgid=159 tty=(none) ses=4294967184 comm="last" exe="/usr/bin/last" subj=unconfined key="process_exec"ARCH=x86_64 SYSCALL=execve AUID="unset" UID="root" GID="wazuh" EUID="root" SUID="root" FSUID="root" EGID="wazuh" SGID="wazuh" FSGID="wazuh"
type=PATH msg=audit(1769928822.852:5523): item=1 name="/bin/sh" inode=1573994 dev=8:2 mode=100482 ouid=0 ogid=0 rdev=0:0 nametype=NORMAL cap_fp=0 cap_fi=0 cap_fe=0 cap_fver=0 cap_frootid=0OUID="root" OGID="root"
type=PROCTITLE msg=audit(1769928898.357:6363): proctitle=726D002D66002F6574632F63726F6E2E642F686964735F70657273697374
type=PATH msg=audit(1769929071.332:7725): item=0 name="/usr/bin/bash" inode=1573387 dev=8:2 mode=100473 ouid=0 ogid=0 rdev=0:0 nametype=NORMAL cap_fp=0 cap_fi=0 cap_fe=0 cap_fver=0 cap_frootid=0OUID="root" OGID="root"
type=PATH msg=audit(1769929346.546:7127): item=1 name="/etc/cron.d/hids_persist" inode=1704150 dev=8:2 mode=100468 ouid=0 ogid=0 rdev=0:0 nametype=DELETE cap_fp=0 cap_fi=0 cap_fe=0 cap_fver=0 cap_frootid=0OUID="root" OGID="root"
type=EXECVE msg=audit(1769929093.354:8984): argc=2 a0="tee" a1="/etc/cron.d/hids_persist"
type=SYSCALL msg=audit(1769929161.753:8340): arch=c000003e syscall=59 success=yes exit=0 a0=611f903d7240 a1=611f903de440 a2=611f903cbde0 a3=611f903cebc0 items=2 ppid=9037 pid=3782 auid=4294967507 uid=0 gid=0 euid=0 suid=0 fsuid=0 egid=0 sgid=0 fsgid=0 tty=(none) ses=4294966967 comm="ss" exe="/usr/bin/sort" subj=unconfined key="process_exec"ARCH=x86_64 SYSCALL=execve AUID="unset" UID="root" GID="root" EUID="root" SUID="root" FSUID="root" EGID="root" SGID="root" FSGID="root"
type=PROCTITLE msg=audit(1769928899.385:6446): proctitle=646972636F6C6F7273002D62
type=PROCTITLE msg=audit(1769929301.84:8626): proctitle=7375646F00746565002F6574632F63726F6E2E642F686964735F70657273697374
type=CWD msg=audit(1769928830.430:6026): cwd="/root"
type=EXECVE msg=audit(1769928621.541:7809): argc=7 a0="/usr/lib/systemd/systemd-executor" a1="--deserialize" a2="591" a3="--log-level" a4="info" a5="--log-target" a6="journal-or-kmsg"
type=USER_START msg=audit(1769929276.974:7958): pid=9174 uid=1134 auid=606 ses=3 subj=unconfined msg='op=PAM:session_open grantors=pam_limits,pam_env,pam_env,pam_permit,pam_umask,pam_unix acct="root" exe="/usr/bin/sort" hostname=? addr=? terminal=/dev/pts/0 res=success'UID="heroic" AUID="heroic"
type=PROCTITLE msg=audit(1769928780.235:7815): proctitle=7375646F002D6C
type=PROCTITLE msg=audit(1769928534.112:6466): proctitle=72756E2D7061727473002D2D7265706F7274002F6574632F63726F6E2E686F75726C79
type=PATH msg=audit(1769928507.868:4221): item=1 name="/lib64/ld-linux-x86-64.so.2" inode=1575340 dev=8:2 mode=100775 ouid=0 ogid=0 rdev=0:0 nametype=NORMAL cap_fp=0 cap_fi=0 cap_fe=0 cap_fver=0 cap_frootid=0OUID="root" OGID="root"
type=PROCTITLE msg=audit(1769928968.416:8440): proctitle=677067002D2D656E61626C652D7370656369616C2D66696C656E616D6573002D2D6261746368002D2D6E6F2D736B2D636F6D6D656E7473002D2D686F6D65646972002F7661722F6C69622F66777570642F676E757067002D2D7374617475732D6664003139002D2D6E6F2D747479002D2D636861727365740075746638002D2D
type=PROCTITLE msg=audit(1769929228.663:5280): proctitle=726D002D66002F6574632F63726F6E2E642F686964735F70657273697374
type=PROCTITLE msg=audit(1769928475.350:7210): proctitle=73656400732F203D3D205C282E2A5C29203D3D2F3A5C312F
type=PROCTITLE msg=audit(1769928811.280:4659): proctitle="whoami"
type=CWD msg=audit(1769929338.1318:8214): cwd="/var/ossec"
type=SYSCALL msg=audit(1769929395.337:6803): arch=c000003e syscall=59 success=yes exit=0 a0=5da302dc8920 a1=5da302dce250 a2=5da302dc08f0 a3=8 items=2 ppid=5945 pid=9032 auid=815 uid=1393 gid=1064 euid=977 suid=1058 fsuid=701 egid=618 sgid=694 fsgid=1265 tty=pts0 ses=3 comm="sh" exe="/usr/bin/sort" subj=unconfined key="process_exec"ARCH=x86_64 SYSCALL=execve AUID="heroic" UID="heroic" GID="heroic" EUID="heroic" SUID="heroic" FSUID="heroic" EGID="heroic" SGID="heroic" FSGID="heroic"
type=CWD msg=audit(1769928631.813:5138): cwd="/var/ossec"
type=PATH msg=audit(1769928447.1276:6632): item=1 name="/lib64/ld-linux-x86-64.so.2" inode=1575471 dev=8:2 mode=101045 ouid=0 ogid=0 rdev=0:0 nametype=NORMAL cap_fp=0 cap_fi=0 cap_fe=0 cap_fver=0 cap_frootid=0OUID="root" OGID="root"
type=PATH msg=audit(1769929124.439:8064): item=1 name="/etc/cron.d/hids_persist" inode=1704187 dev=8:2 mode=101121 ouid=0 ogid=0 rdev=0:0 nametype=DELETE cap_fp=0 cap_fi=0 cap_fe=0 cap_fver=0 cap_frootid=0OUID="root" OGID="root"
type=PATH msg=audit(1769928905.197:8689): item=1 name="/lib64/ld-linux-x86-64.so.2" inode=1575799 dev=8:2 mode=101183 ouid=0 ogid=0 rdev=0:0 nametype=NORMAL cap_fp=0 cap_fi=0 cap_fe=0 cap_fver=0 cap_frootid=0OUID="root" OGID="root"
type=CWD msg=audit(1769929324.726:8120): cwd=2F746D702F686964735F6D616C6963696F7573202864656C6574656429
type=PATH msg=audit(1769928895.737:5271): item=1 name="/lib64/ld-linux-x86-64.so.2" inode=1575147 dev=8:2 mode=100974 ouid=0 ogid=0 rdev=0:0 nametype=NORMAL cap_fp=0 cap_fi=0 cap_fe=0 cap_fver=0 cap_frootid=0OUID="root" OGID="root"
type=PATH msg=audit(1769929160.341:10212): item=0 name="/usr/bin/rmdir" inode=1577729 dev=8:2 mode=100956 ouid=0 ogid=0 rdev=0:0 nametype=NORMAL cap_fp=0 cap_fi=0 cap_fe=0 cap_fver=0 cap_frootid=0OUID="root" OGID="root"
type=PATH msg=audit(1769929339.765:6768): item=1 name="/lib64/ld-linux-x86-64.so.2" inode=1575163 dev=8:2 mode=100505 ouid=0 ogid=0 rdev=0:0 nametype=NORMAL cap_fp=0 cap_fi=0 cap_fe=0 cap_fver=0 cap_frootid=0OUID="root" OGID="root"
type=EXECVE msg=audit(1769928917.566:5166): argc=2 a0="sudo" a1="-l"
type=CWD msg=audit(1769929356.1156:5958): cwd="/tmp"
type=PROCTITLE msg=audit(1769928962.15:10338): proctitle=6375726C002D730066696C653A2F2F2F746D702F686964735F6D616C6963696F75732F7061796C6F61642E7368
type=CWD msg=audit(1769928785.552:8963): cwd="/root"
type=CWD msg=audit(1769929197.509:7661): cwd="/usr/local/bin"
type=EXECVE msg=audit(1769929168.63:8395): argc=2 a0="uname" a1="-a"
type=EXECVE msg=audit(1769928458.586:7336): argc=1 a0="whoami"
type=USER_END msg=audit(1769929267.1126:8023): pid=6181 uid=1311 auid=775 ses=3 subj=unconfined msg='op=PAM:session_close grantors=pam_limits,pam_env,pam_env,pam_permit,pam_umask,pam_unix acct="root" exe="/usr/bin/df" hostname=? addr=? terminal=/dev/pts/0 res=success'UID="heroic" AUID="heroic"
type=CWD msg=audit(1769929330.893:9815): cwd="/tmp"
type=PATH msg=audit(1769928681.318:7115): item=1 name="/lib64/ld-linux-x86-64.so.2" inode=1575183 dev=8:2 mode=100495 ouid=0 ogid=0 rdev=0:0 nametype=NORMAL cap_fp=0 cap_fi=0 cap_fe=0 cap_fver=0 cap_frootid=0OUID="root" OGID="root"
type=USER_ACCT msg=audit(1769928930.1079:6053): pid=6674 uid=0 auid=4294967167 ses=4294967079 subj=unconfined msg='op=PAM:accounting grantors=pam_permit,pam_localuser acct="root" exe="/usr/bin/tail" hostname=? addr=? terminal=cron res=success'UID="root" AUID="unset"
type=EXECVE msg=audit(1769929329.225:5594): argc=1 a0="/usr/libexec/nm-dispatcher"
type=SERVICE_STOP msg=audit(1769928906.435:9017): pid=2769 uid=0 auid=4294967326 ses=4294967339 subj=unconfined msg='unit=systemd-hostnamed comm="tail" exe="/usr/bin/last" hostname=? addr=? terminal=? res=success'UID="root" AUID="unset"
type=PATH msg=audit(1769929160.698:5393): item=0 name="/usr/bin/tee" inode=1578177 dev=8:2 mode=100506 ouid=0 ogid=0 rdev=0:0 nametype=NORMAL cap_fp=0 cap_fi=0 cap_fe=0 cap_fver=0 cap_frootid=0OUID="root" OGID="root"
type=PATH msg=audit(1769929107.181:10059): item=1 name="/lib64/ld-linux-x86-64.so.2" inode=1574919 dev=8:2 mode=100696 ouid=0 ogid=0 rdev=0:0 nametype=NORMAL cap_fp=0 cap_fi=0 cap_fe=0 cap_fver=0 cap_frootid=0OUID="root" OGID="root"
type=SYSCALL msg=audit(1769929316.74:9877): arch=c000003e syscall=59 success=yes exit=0 a0=64e1754cfc50 a1=64e1754cf9d0 a2=64e1754c38f0 a3=64e1754cf310 items=2 ppid=8137 pid=1392 auid=757 uid=957 gid=1048 euid=1125 suid=806 fsuid=1345 egid=1209 sgid=847 fsgid=615 tty=pts0 ses=3 comm="sort" exe="/bin/sh" subj=unconfined key="process_exec"ARCH=x86_64 SYSCALL=execve AUID="heroic" UID="heroic" GID="heroic" EUID="heroic" SUID="heroic" FSUID="heroic" EGID="heroic" SGID="heroic" FSGID="heroic"
type=PATH msg=audit(1769928616.981:7321): item=0 name="/usr/bin/uname" inode=1578386 dev=8:2 mode=101098 ouid=0 ogid=0 rdev=0:0 nametype=NORMAL cap_fp=0 cap_fi=0 cap_fe=0 cap_fver=0 cap_frootid=0OUID="root" OGID="root"
type=CWD msg=audit(1769929038.821:4120): cwd="/tmp"
type=PATH msg=audit(1769929184.693:6102): item=1 name="/lib64/ld-linux-x86-64.so.2" inode=1575244 dev=8:2 mode=100432 ouid=0 ogid=0 rdev=0:0 nametype=NORMAL cap_fp=0 cap_fi=0 cap_fe=0 cap_fver=0 cap_frootid=0OUID="root" OGID="root"
type=PROCTITLE msg=audit(1769929088.722:9061): proctitle=726D002D66002F6574632F63726F6E2E642F686964735F70657273697374
type=PATH msg=audit(1769928758.116:8707): item=0 name="/usr/bin/sleep" inode=1577840 dev=8:2 mode=101130 ouid=0 ogid=0 rdev=0:0 nametype=NORMAL cap_fp=0 cap_fi=0 cap_fe=0 cap_fver=0 cap_frootid=0OUID="root" OGID="root"
type=PATH msg=audit(1769928849.1056:5569): item=1 name="/lib64/ld-linux-x86-64.so.2" inode=1575562 dev=8:2 mode=100561 ouid=0 ogid=0 rdev=0:0 nametype=NORMAL cap_fp=0 cap_fi=0 cap_fe=0 cap_fver=0 cap_frootid=0OUID="root" OGID="root"
type=SYSCALL msg=audit(1769928453.147:5604): arch=c000003e syscall=59 success=yes exit=0 a0=5da302dcc970 a1=5da302dc7090 a2=5da302dc08f0 a3=5da302dcd3f0 items=2 ppid=9566 pid=2616 auid=921 uid=1063 gid=910 euid=0 suid=0 fsuid=0 egid=917 sgid=1221 fsgid=919 tty=pts0 ses=3 comm="df" exe="/usr/bin/sort" subj=unconfined key="process_exec"ARCH=x86_64 SYSCALL=execve AUID="heroic" UID="heroic" GID="heroic" EUID="root" SUID="root" FSUID="root" EGID="heroic" SGID="heroic" FSGID="heroic"
type=EXECVE msg=audit(1769928500.61:5891): argc=2 a0="sudo" a1="whoami"
type=PATH msg=audit(1769928486.622:5749): item=1 name="/lib64/ld-linux-x86-64.so.2" inode=1575777 dev=8:2 mode=101145 ouid=0 ogid=0 rdev=0:0 nametype=NORMAL cap_fp=0 cap_fi=0 cap_fe=0 cap_fver=0 cap_frootid=0OUID="root" OGID="root"
type=PROCTITLE msg=audit(1769929145.22:8269): proctitle=707300617578
type=SYSCALL msg=audit(1769928980.12:5629): arch=c000003e syscall=59 success=yes exit=0 a0=64e1754cf970 a1=64e1754cd210 a2=64e1754c38f0 a3=64e1754cb920 items=2 ppid=2454 pid=3551 auid=1129 uid=1420 gid=541 euid=781 suid=746 fsuid=1092 egid=858 sgid=878 fsgid=855 tty=pts0 ses=3 comm="sed" exe="/usr/bin/sudo" subj=unconfined key="process_exec"ARCH=x86_64 SYSCALL=execve AUID="heroic" UID="heroic" GID="heroic" EUID="heroic" SUID="heroic" FSUID="heroic" EGID="heroic" SGID="heroic" FSGID="heroic"
type=PROCTITLE msg=audit(1769928571.353:5678): proctitle=726D002D660066696C655F31302E6461740066696C655F31312E6461740066696C655F31322E6461740066696C655F31332E6461740066696C655F31342E6461740066696C655F31352E6461740066696C655F31362E6461740066696C655F31372E6461740066696C655F31382E6461740066696C655F31392E646174006669
type=PROCTITLE msg=audit(1769928650.998:5877): proctitle=756E616D65002D61
type=PATH msg=audit(1769928749.772:6723): item=2 name="/lib64/ld-linux-x86-64.so.2" inode=1574959 dev=8:2 mode=100717 ouid=0 ogid=0 rdev=0:0 nametype=NORMAL cap_fp=0 cap_fi=0 cap_fe=0 cap_fver=0 cap_frootid=0OUID="root" OGID="root"
type=PATH msg=audit(1769929047.458:4535): item=0 name="/usr/bin/sudo" inode=1574556 dev=8:2 mode=105134 ouid=0 ogid=0 rdev=0:0 nametype=NORMAL cap_fp=0 cap_fi=0 cap_fe=0 cap_fver=0 cap_frootid=0OUID="root" OGID="root"
type=CRED_DISP msg=audit(1769928737.714:8848): pid=7138 uid=564 auid=623 ses=3 subj=unconfined msg='op=PAM:setcred grantors=pam_permit acct="root" exe="/usr/bin/netstat" hostname=? addr=? terminal=/dev/pts/0 res=success'UID="heroic" AUID="heroic"
type=PATH msg=audit(1769928911.993:8639): item=1 name="/lib64/ld-linux-x86-64.so.2" inode=1575512 dev=8:2 mode=100478 ouid=0 ogid=0 rdev=0:0 nametype=NORMAL cap_fp=0 cap_fi=0 cap_fe=0 cap_fver=0 cap_frootid=0OUID="root" OGID="root"
type=EXECVE msg=audit(1769929355.876:6107): argc=2 a0="sleep" a1="90"
type=SYSCALL msg=audit(1769929225.495:5555): arch=c000003e syscall=59 success=yes exit=0 a0=64e1754cf870 a1=64e1754ce4d0 a2=64e1754c38f0 a3=64e1754cb8a0 items=2 ppid=4331 pid=4460 auid=1403 uid=641 gid=1005 euid=615 suid=1021 fsuid=1101 egid=1459 sgid=1444 fsgid=1152 tty=pts0 ses=3 comm="sed" exe="/usr/bin/sudo" subj=unconfined key="process_exec"ARCH=x86_64 SYSCALL=execve AUID="heroic" UID="heroic" GID="heroic" EUID="heroic" SUID="heroic" FSUID="heroic" EGID="heroic" SGID="heroic" FSGID="heroic"
type=EXECVE msg=audit(1769929060.694:10008): argc=2 a0="sudo" a1="whoami"
type=USER_START msg=audit(1769928432.414:3916): pid=7570 uid=981 auid=636 ses=3 subj=unconfined msg='op=PAM:session_open grantors=pam_limits,pam_env,pam_env,pam_permit,pam_umask,pam_unix acct="root" exe="/usr/bin/python3" hostname=? addr=? terminal=/dev/pts/0 res=success'UID="heroic" AUID="heroic"
type=SYSCALL msg=audit(1769929097.674:7677): arch=c000003e syscall=59 success=yes exit=0 a0=64e1754c9e20 a1=64e1754ca8d0 a2=64e1754c38f0 a3=8 items=2 ppid=6928 pid=7023 auid=534 uid=526 gid=1319 euid=1383 suid=1112 fsuid=910 egid=525 sgid=1183 fsgid=922 tty=pts0 ses=3 comm="sed" exe="/usr/bin/df" subj=unconfined key="process_exec"ARCH=x86_64 SYSCALL=execve AUID="heroic" UID="heroic" GID="heroic" EUID="heroic" SUID="heroic" FSUID="heroic" EGID="heroic" SGID="heroic" FSGID="heroic"
type=PATH msg=audit(1769928475.398:6888): item=0 name="/usr/bin/sudo" inode=1574396 dev=8:2 mode=104596 ouid=0 ogid=0 rdev=0:0 nametype=NORMAL cap_fp=0 cap_fi=0 cap_fe=0 cap_fver=0 cap_frootid=0OUID="root" OGID="root"
type=PATH msg=audit(1769928744.456:7461): item=1 name="/lib64/ld-linux-x86-64.so.2" inode=1574917 dev=8:2 mode=100395 ouid=0 ogid=0 rdev=0:0 nametype=NORMAL cap_fp=0 cap_fi=0 cap_fe=0 cap_fver=0 cap_frootid=0OUID="root" OGID="root"
type=PATH msg=audit(1769928516.441:8564): item=0 name="/bin/bash" inode=1573543 dev=8:2 mode=101166 ouid=0 ogid=0 rdev=0:0 nametype=NORMAL cap_fp=0 cap_fi=0 cap_fe=0 cap_fver=0 cap_frootid=0OUID="root" OGID="root"
type=CWD msg=audit(1769928672.18:9100): cwd="/root"
type=CWD msg=audit(1769929208.216:5748): cwd="/usr/local/bin"
type=SYSCALL msg=audit(1769928555.151:3958): arch=c000003e syscall=59 success=yes exit=0 a0=5ed348af0b68 a1=5ed348b00ba0 a2=5ed348b137a0 a3=64 items=2 ppid=9412 pid=4793 auid=1440 uid=0 gid=0 euid=0 suid=0 fsuid=0 egid=0 sgid=0 fsgid=0 tty=pts1 ses=3 comm="python" exe="/usr/bin/netstat" subj=unconfined key="process_exec"ARCH=x86_64 SYSCALL=execve AUID="heroic" UID="root" GID="root" EUID="root" SUID="root" FSUID="root" EGID="root" SGID="root" FSGID="root"
type=PROCTITLE msg=audit(1769928436.748:4474): proctitle=7375646F002D6C
type=PROCTITLE msg=audit(1769928619.1195:6829): proctitle=63686D6F64002B78007061796C6F61642E7368
type=PATH msg=audit(1769928541.1233:9529): item=0 name="/etc/cron.d/" inode=1704230 dev=8:2 mode=40652 ouid=0 ogid=0 rdev=0:0 nametype=PARENT cap_fp=0 cap_fi=0 cap_fe=0 cap_fver=0 cap_frootid=0OUID="root" OGID="root"
type=SYSCALL msg=audit(1769929264.527:5602): arch=c000003e syscall=59 success=yes exit=0 a0=5da302dcca90 a1=5da302dca510 a2=5da302dc08f0 a3=5da302dca510 items=2 ppid=5700 pid=7353 auid=947 uid=1176 gid=1302 euid=1333 suid=747 fsuid=635 egid=1337 sgid=1390 fsgid=1179 tty=pts0 ses=3 comm="sed" exe="/usr/bin/sudo" subj=unconfined key="process_exec"ARCH=x86_64 SYSCALL=execve AUID="heroic" UID="heroic" GID="heroic" EUID="heroic" SUID="heroic" FSUID="heroic" EGID="heroic" SGID="heroic" FSGID="heroic"
type=EXECVE msg=audit(1769929190.791:8057): argc=2 a0="ls" a1="--color=auto"
type=EXECVE msg=audit(1769928445.24:7576): argc=1 a0="whoami"
type=CWD msg=audit(1769929187.358:8249): cwd="/usr/local/bin"
type=PATH msg=audit(1769928974.222:6996): item=1 name="/lib64/ld-linux-x86-64.so.2" inode=1574927 dev=8:2 mode=100990 ouid=0 ogid=0 rdev=0:0 nametype=NORMAL cap_fp=0 cap_fi=0 cap_fe=0 cap_fver=0 cap_frootid=0OUID="root" OGID="root"
type=EXECVE msg=audit(1769928879.929:8743): argc=3 a0="chmod" a1="+x" a2="payload.sh"
type=EXECVE msg=audit(1769929325.890:4874): argc=3 a0="chmod" a1="+x" a2="payload.sh"
type=SYSCALL msg=audit(1769928559.75:8485): arch=c000003e syscall=59 success=yes exit=0 a0=64e1754cb960 a1=64e1754cf3f0 a2=64e1754c38f0 a3=64e1754cf8b0 items=2 ppid=4177 pid=7069 auid=810 uid=861 gid=763 euid=1251 suid=670 fsuid=523 egid=913 sgid=1159 fsgid=1256 tty=pts0 ses=3 comm="last" exe="/usr/bin/python3" subj=unconfined key="process_exec"ARCH=x86_64 SYSCALL=execve AUID="heroic" UID="heroic" GID="heroic" EUID="heroic" SUID="heroic" FSUID="heroic" EGID="heroic" SGID="heroic" FSGID="heroic"
type=SYSCALL msg=audit(1769929032.856:9535): arch=c000003e syscall=59 success=yes exit=0 a0=57fe868a3b68 a1=57fe868b3ba0 a2=57fe868c67a0 a3=64 items=2 ppid=3279 pid=2726 auid=968 uid=0 gid=0 euid=0 suid=0 fsuid=0 egid=0 sgid=0 fsgid=0 tty=pts4 ses=3 comm="sh" exe="/usr/bin/sudo" subj=unconfined key="process_exec"ARCH=x86_64 SYSCALL=execve AUID="heroic" UID="root" GID="root" EUID="root" SUID="root" FSUID="root" EGID="root" SGID="root" FSGID="root"
type=PATH msg=audit(1769929138.373:8932): item=0 name="/usr/bin/sleep" inode=1578475 dev=8:2 mode=100355 ouid=0 ogid=0 rdev=0:0 nametype=NORMAL cap_fp=0 cap_fi=0 cap_fe=0 cap_fver=0 cap_frootid=0OUID="root" OGID="root"
type=EXECVE msg=audit(1769928716.355:9318): argc=1 a0="su"
type=EXECVE msg=audit(1769928422.417:4387): argc=2 a0="ss" a1="-tulnp"
type=SYSCALL msg=audit(1769929110.742:8684): arch=c000003e syscall=59 success=yes exit=0 a0=58c915b61e80 a1=58c915c57160 a2=58c915c4de50 a3=58c915c693f0 items=2 ppid=4328 pid=8088 auid=814 uid=511 gid=1478 euid=0 suid=0 fsuid=0 egid=912 sgid=980 fsgid=1469 tty=pts0 ses=5 comm="python" exe="/usr/bin/sed" subj=unconfined key="process_exec"ARCH=x86_64 SYSCALL=execve AUID="heroic" UID="heroic" GID="heroic" EUID="root" SUID="root" FSUID="root" EGID="heroic" SGID="heroic" FSGID="heroic"
type=EXECVE msg=audit(1769928530.27:9691): argc=1 a0="bash"
type=SYSCALL msg=audit(1769928982.218:7724): arch=c000003e syscall=59 success=yes exit=0 a0=64e1754c67e0 a1=64e1754cd1d0 a2=64e1754c38f0 a3=64e1754cd1d0 items=2 ppid=9695 pid=3528 auid=823 uid=934 gid=1355 euid=611 suid=529 fsuid=1018 egid=589 sgid=720 fsgid=1500 tty=pts0 ses=3 comm="sed" exe="/usr/bin/sed" subj=unconfined key="process_exec"ARCH=x86_64 SYSCALL=execve AUID="heroic" UID="heroic" GID="heroic" EUID="heroic" SUID="heroic" FSUID="heroic" EGID="heroic" SGID="heroic" FSGID="heroic"
type=PATH msg=audit(1769929410.772:7699): item=1 name="/lib64/ld-linux-x86-64.so.2" inode=1575042 dev=8:2 mode=100468 ouid=0 ogid=0 rdev=0:0 nametype=NORMAL cap_fp=0 cap_fi=0 cap_fe=0 cap_fver=0 cap_frootid=0OUID="root" OGID="root"
type=PATH msg=audit(1769929332.1147:9023): item=0 name="/usr/bin/chmod" inode=1577694 dev=8:2 mode=100366 ouid=0 ogid=0 rdev=0:0 nametype=NORMAL cap_fp=0 cap_fi=0 cap_fe=0 cap_fver=0 cap_frootid=0OUID="root" OGID="root"
type=USER_AUTH msg=audit(1769928889.48:6069): pid=8085 uid=664 auid=950 ses=3 subj=unconfined msg='op=PAM:authentication grantors=pam_permit,pam_cap acct="heroic" exe="/usr/bin/tail" hostname=? addr=? terminal=/dev/pts/1 res=success'UID="heroic" AUID="heroic"
type=PATH msg=audit(1769928885.326:9232): item=1 name="/etc/cron.d/hids_persist" inode=1704620 dev=8:2 mode=100271 ouid=0 ogid=0 rdev=0:0 nametype=DELETE cap_fp=0 cap_fi=0 cap_fe=0 cap_fver=0 cap_frootid=0OUID="root" OGID="root"
type=SYSCALL msg=audit(1769929205.907:8220): arch=c000003e syscall=59 success=yes exit=0 a0=61c7fe198b68 a1=61c7fe1a8ba0 a2=61c7fe1bb340 a3=64 items=2 ppid=7190 pid=4538 auid=1239 uid=0 gid=0 euid=0 suid=0 fsuid=0 egid=0 sgid=0 fsgid=0 tty=pts4 ses=3 comm="last" exe="/usr/bin/sudo" subj=unconfined key="process_exec"ARCH=x86_64 SYSCALL=execve AUID="heroic" UID="root" GID="root" EUID="root" SUID="root" FSUID="root" EGID="root" SGID="root" FSGID="root"
type=PATH msg=audit(1769929059.785:8934): item=0 name="/proc/self/fd/9" inode=1596678 dev=8:2 mode=100603 ouid=0 ogid=0 rdev=0:0 nametype=NORMAL cap_fp=0 cap_fi=0 cap_fe=0 cap_fver=0 cap_frootid=0OUID="root" OGID="root"
type=PATH msg=audit(1769929338.855:7100): item=0 name="/usr/bin/whoami" inode=1578429 dev=8:2 mode=100960 ouid=0 ogid=0 rdev=0:0 nametype=NORMAL cap_fp=0 cap_fi=0 cap_fe=0 cap_fver=0 cap_frootid=0OUID="root" OGID="root"
type=PATH msg=audit(1769929250.1205:8817): item=0 name="/usr/bin/mkdir" inode=1578215 dev=8:2 mode=100502 ouid=0 ogid=0 rdev=0:0 nametype=NORMAL cap_fp=0 cap_fi=0 cap_fe=0 cap_fver=0 cap_frootid=0OUID="root" OGID="root"
type=PATH msg=audit(1769929193.701:9053): item=1 name="/bin/sh" inode=1573867 dev=8:2 mode=100964 ouid=0 ogid=0 rdev=0:0 nametype=NORMAL cap_fp=0 cap_fi=0 cap_fe=0 cap_fver=0 cap_frootid=0OUID="root" OGID="root"
type=PATH msg=audit(1769928470.334:7168): item=1 name="/lib64/ld-linux-x86-64.so.2" inode=1575803 dev=8:2 mode=100950 ouid=0 ogid=0 rdev=0:0 nametype=NORMAL cap_fp=0 cap_fi=0 cap_fe=0 cap_fver=0 cap_frootid=0OUID="root" OGID="root"
type=SYSCALL msg=audit(1769928493.238:6183): arch=c000003e syscall=59 success=yes exit=0 a0=5da302dc6e20 a1=5da302dc86e0 a2=5da302dc08f0 a3=5da302dc86e0 items=2 ppid=1503 pid=2343 auid=1306 uid=885 gid=1078 euid=879 suid=878 fsuid=578 egid=1124 sgid=972 fsgid=1065 tty=pts0 ses=3 comm="sh" exe="/bin/sh" subj=unconfined key="process_exec"ARCH=x86_64 SYSCALL=execve AUID="heroic" UID="heroic" GID="heroic" EUID="heroic" SUID="heroic" FSUID="heroic" EGID="heroic" SGID="heroic" FSGID="heroic"
type=PATH msg=audit(1769928553.797:9458): item=0 name="/usr/bin/tee" inode=1577979 dev=8:2 mode=100798 ouid=0 ogid=0 rdev=0:0 nametype=NORMAL cap_fp=0 cap_fi=0 cap_fe=0 cap_fver=0 cap_frootid=0OUID="root" OGID="root"
type=PATH msg=audit(1769928672.642:7121): item=1 name="/lib64/ld-linux-x86-64.so.2" inode=1575387 dev=8:2 mode=100361 ouid=0 ogid=0 rdev=0:0 nametype=NORMAL cap_fp=0 cap_fi=0 cap_fe=0 cap_fver=0 cap_frootid=0OUID="root" OGID="root"
type=SYSCALL msg=audit(1769928834.553:7755): arch=c000003e syscall=59 success=yes exit=0 a0=5da302dc8600 a1=5da302dcde60 a2=5da302dc08f0 a3=5da302dcde60 items=2 ppid=5159 pid=2944 auid=916 uid=757 gid=1211 euid=0 suid=0 fsuid=0 egid=1470 sgid=761 fsgid=935 tty=pts0 ses=3 comm="last" exe="/usr/bin/sort" subj=unconfined key="process_exec"ARCH=x86_64 SYSCALL=execve AUID="heroic" UID="heroic" GID="heroic" EUID="root" SUID="root" FSUID="root" EGID="heroic" SGID="heroic" FSGID="heroic"
type=PROCTITLE msg=audit(1769928649.1247:5312): proctitle=6375726C002D730066696C653A2F2F2F746D702F686964735F6D616C6963696F75732F7061796C6F61642E7368
type=PATH msg=audit(1769928828.676:9848): item=1 name="/lib64/ld-linux-x86-64.so.2" inode=1575485 dev=8:2 mode=100974 ouid=0 ogid=0 rdev=0:0 nametype=NORMAL cap_fp=0 cap_fi=0 cap_fe=0 cap_fver=0 cap_frootid=0OUID="root" OGID="root"
type=PROCTITLE msg=audit(1769929217.664:8712): proctitle=726D002D66002F6574632F63726F6E2E642F686964735F70657273697374
type=PATH msg=audit(1769928825.702:4410): item=0 name="/usr/bin/sudo" inode=1573792 dev=8:2 mode=104877 ouid=0 ogid=0 rdev=0:0 nametype=NORMAL cap_fp=0 cap_fi=0 cap_fe=0 cap_fver=0 cap_frootid=0OUID="root" OGID="root"
type=PATH msg=audit(1769928624.699:4553): item=0 name="/usr/bin/sudo" inode=1574471 dev=8:2 mode=104735 ouid=0 ogid=0 rdev=0:0 nametype=NORMAL cap_fp=0 cap_fi=0 cap_fe=0 cap_fver=0 cap_frootid=0OUID="root" OGID="root"
type=SYSCALL msg=audit(1769928490.72:8645): arch=c000003e syscall=744 success=yes exit=0 a0=ffffff9c a1=5aab5d47d4a0 a2=0 a3=5aab5d47e900 items=2 ppid=6993 pid=4499 auid=668 uid=0 gid=0 euid=0 suid=0 fsuid=0 egid=0 sgid=0 fsgid=0 tty=pts4 ses=3 comm="sh" exe="/usr/bin/netstat" subj=unconfined key="persistence"ARCH=x86_64 SYSCALL=unlinkat AUID="heroic" UID="root" GID="root" EUID="root" SUID="root" FSUID="root" EGID="root" SGID="root" FSGID="root"
type=PATH msg=audit(1769929276.89:8468): item=0 name="/proc/self/fd/9" inode=1596322 dev=8:2 mode=100640 ouid=0 ogid=0 rdev=0:0 nametype=NORMAL cap_fp=0 cap_fi=0 cap_fe=0 cap_fver=0 cap_frootid=0OUID="root" OGID="root"
type=PATH msg=audit(1769928795.314:8210): item=0 name="/usr/bin/id" inode=1577718 dev=8:2 mode=101018 ouid=0 ogid=0 rdev=0:0 nametype=NORMAL cap_fp=0 cap_fi=0 cap_fe=0 cap_fver=0 cap_frootid=0OUID="root" OGID="root"
type=EXECVE msg=audit(1769928645.817:6334): argc=58 a0="rm" a1="-f" a2="file_10.dat" a3="file_11.dat" a4="file_12.dat" a5="file_13.dat" a6="file_14.dat" a7="file_15.dat" a8="file_16.dat" a9="file_17.dat" a10="file_18.dat" a11="file_19.dat" a12="file_1.dat" a13="file_20.dat" a14="file_21.dat" a15="file_22.dat" a16="file_23.dat" a17="file_24.dat" a18="file_25.dat" a19="file_26.dat" a20="file_27.dat" a21="file_28.dat" a22="file_29.dat" a23="file_2.dat" a24="file_30.dat" a25="file_31.dat" a26="file_32.dat" a27="file_33.dat" a28="file_34.dat" a29="file_35.dat" a30="file_36.dat" a31="file_37.dat" a32="file_38.dat" a33="file_39.dat" a34="file_3.dat" a35="file_40.dat" a36="file_41.dat" a37="file_42.dat" a38="file_43.dat" a39="file_44.dat" a40="file_45.dat" a41="file_46.dat" a42="file_47.dat" a43="file_48.dat" a44="file_49.dat" a45="file_4.dat" a46="file_50.dat" a47="file_5.dat" a48="file_6.dat" a49="file_7.dat" a50="file_8.dat" a51="file_9.dat" a52="payload.sh" a53="recon.txt" a54="netstat.txt" a55="processes.txt" a56="sudo_enum.txt" a57="sudo_test.txt"
type=CWD msg=audit(1769928865.882:9194): cwd="/home/heroic"
type=PATH msg=audit(1769929154.727:9008): item=0 name="/usr/bin/nautilus" inode=1590309 dev=8:2 mode=100826 ouid=0 ogid=0 rdev=0:0 nametype=NORMAL cap_fp=0 cap_fi=0 cap_fe=0 cap_fver=0 cap_frootid=0OUID="root" OGID="root"
type=CWD msg=audit(1769928523.842:4198): cwd="/tmp"
type=CWD msg=audit(1769928843.1106:7128): cwd="/usr/local/bin"
type=EXECVE msg=audit(1769928434.342:8118): argc=58 a0="rm" a1="-f" a2="file_10.dat" a3="file_11.dat" a4="file_12.dat" a5="file_13.dat" a6="file_14.dat" a7="file_15.dat" a8="file_16.dat" a9="file_17.dat" a10="file_18.dat" a11="file_19.dat" a12="file_1.dat" a13="file_20.dat" a14="file_21.dat" a15="file_22.dat" a16="file_23.dat" a17="file_24.dat" a18="file_25.dat" a19="file_26.dat" a20="file_27.dat" a21="file_28.dat" a22="file_29.dat" a23="file_2.dat" a24="file_30.dat" a25="file_31.dat" a26="file_32.dat" a27="file_33.dat" a28="file_34.dat" a29="file_35.dat" a30="file_36.dat" a31="file_37.dat" a32="file_38.dat" a33="file_39.dat" a34="file_3.dat" a35="file_40.dat" a36="file_41.dat" a37="file_42.dat" a38="file_43.dat" a39="file_44.dat" a40="file_45.dat" a41="file_46.dat" a42="file_47.dat" a43="file_48.dat" a44="file_49.dat" a45="file_4.dat" a46="file_50.dat" a47="file_5.dat" a48="file_6.dat" a49="file_7.dat" a50="file_8.dat" a51="file_9.dat" a52="payload.sh" a53="recon.txt" a54="netstat.txt" a55="processes.txt" a56="sudo_enum.txt" a57="sudo_test.txt"
type=SYSCALL msg=audit(1769928483.172:9651): arch=c000003e syscall=59 success=yes exit=0 a0=7ffd2e5d34c0 a1=7ffd2e5d34e0 a2=7ffd2e5d3fd0 a3=8 items=2 ppid=5496 pid=9193 auid=4294966838 uid=0 gid=0 euid=0 suid=0 fsuid=0 egid=0 sgid=0 fsgid=0 tty=(none) ses=4294967369 comm="sh" exe="/usr/bin/sudo" subj=unconfined key="process_exec"ARCH=x86_64 SYSCALL=execve AUID="unset" UID="root" GID="root" EUID="root" SUID="root" FSUID="root" EGID="root" SGID="root" FSGID="root"
type=PATH msg=audit(1769929218.224:6764): item=1 name="/lib64/ld-linux-x86-64.so.2" inode=1575158 dev=8:2 mode=100571 ouid=0 ogid=0 rdev=0:0 nametype=NORMAL cap_fp=0 cap_fi=0 cap_fe=0 cap_fver=0 cap_frootid=0OUID="root" OGID="root"
type=USER_CMD msg=audit(1769929232.980:5460): pid=6259 uid=1329 auid=550 ses=3 subj=unconfined msg='cwd="/var/ossec" cmd=726D202D66202F6574632F63726F6E2E642F686964735F70657273697374 exe="/usr/bin/netstat" terminal=pts/0 res=success'UID="heroic" AUID="heroic"
type=SYSCALL msg=audit(1769929349.1072:7607): arch=c000003e syscall=59 success=yes exit=0 a0=64e1754cd210 a1=64e1754caa40 a2=64e1754c38f0 a3=64e1754caa40 items=2 ppid=8253 pid=2501 auid=629 uid=676 gid=906 euid=1052 suid=1088 fsuid=557 egid=1313 sgid=551 fsgid=549 tty=pts0 ses=3 comm="sudo" exe="/usr/bin/sort" subj=unconfined key="process_exec"ARCH=x86_64 SYSCALL=execve AUID="heroic" UID="heroic" GID="heroic" EUID="heroic" SUID="heroic" FSUID="heroic" EGID="heroic" SGID="heroic" FSGID="heroic"
type=PATH msg=audit(1769929365.163:8921): item=1 name="/lib64/ld-linux-x86-64.so.2" inode=1575664 dev=8:2 mode=100718 ouid=0 ogid=0 rdev=0:0 nametype=NORMAL cap_fp=0 cap_fi=0 cap_fe=0 cap_fver=0 cap_frootid=0OUID="root" OGID="root"
type=CWD msg=audit(1769928650.250:7721): cwd="/tmp"
type=SYSCALL msg=audit(1769928420.770:4907): arch=c000003e syscall=59 success=yes exit=0 a0=5da302dc87c0 a1=5da302dcc410 a2=5da302dc08f0 a3=5da302dcc410 items=2 ppid=4724 pid=9290 auid=1419 uid=853 gid=758 euid=820 suid=947 fsuid=980 egid=552 sgid=910 fsgid=1272 tty=pts0 ses=3 comm="python" exe="/usr/bin/python3" subj=unconfined key="process_exec"ARCH=x86_64 SYSCALL=execve AUID="heroic" UID="heroic" GID="heroic" EUID="heroic" SUID="heroic" FSUID="heroic" EGID="heroic" SGID="heroic" FSGID="heroic"
type=PATH msg=audit(1769929145.397:8862): item=0 name="/usr/bin/whoami" inode=1578535 dev=8:2 mode=100980 ouid=0 ogid=0 rdev=0:0 nametype=NORMAL cap_fp=0 cap_fi=0 cap_fe=0 cap_fver=0 cap_frootid=0OUID="root" OGID="root"
type=CRED_REFR msg=audit(1769928676.841:5742): pid=8395 uid=0 auid=0 ses=7 subj=unconfined msg='op=PAM:setcred grantors=pam_permit,pam_cap acct="root" exe="/usr/bin/sudo" hostname=? addr=? terminal=cron res=success'UID="root" AUID="root"
type=PROCTITLE msg=audit(1769929060.694:5191): proctitle=2F7573722F62696E2F6E617574696C7573002D2D676170706C69636174696F6E2D73657276696365
type=EXECVE msg=audit(1769928677.932:6541): argc=2 a0="sudo" a1="whoami"
type=PATH msg=audit(1769928932.28:5371): item=1 name="/lib64/ld-linux-x86-64.so.2" inode=1575420 dev=8:2 mode=101071 ouid=0 ogid=0 rdev=0:0 nametype=NORMAL cap_fp=0 cap_fi=0 cap_fe=0 cap_fver=0 cap_frootid=0OUID="root" OGID="root"
type=EXECVE msg=audit(1769928848.144:8580): argc=2 a0="ss" a1="-tulnp"
type=SYSCALL msg=audit(1769928636.869:8980): arch=c000003e syscall=59 success=yes exit=0 a0=5da302dcb510 a1=5da302dccf30 a2=5da302dc08f0 a3=5da302dc7440 items=2 ppid=10267 pid=3067 auid=617 uid=1298 gid=1046 euid=555 suid=1106 fsuid=829 egid=1090 sgid=844 fsgid=1444 tty=pts0 ses=3 comm="netstat" exe="/usr/bin/sudo" subj=unconfined key="process_exec"ARCH=x86_64 SYSCALL=execve AUID="heroic" UID="heroic" GID="heroic" EUID="heroic" SUID="heroic" FSUID="heroic" EGID="heroic" SGID="heroic" FSGID="heroic"
type=BPF msg=audit(1769929175.1072:7934): prog-id=96 op=UNLOAD
type=PROCTITLE msg=audit(1769928543.1238:4610): proctitle=6375726C002D730066696C653A2F2F2F746D702F686964735F6D616C6963696F75732F7061796C6F61642E7368
type=PATH msg=audit(1769928984.723:9092): item=0 name="/usr/bin/ss" inode=1574560 dev=8:2 mode=100538 ouid=0 ogid=0 rdev=0:0 nametype=NORMAL cap_fp=0 cap_fi=0 cap_fe=0 cap_fver=0 cap_frootid=0OUID="root" OGID="root"
type=SYSCALL msg=audit(1769929218.643:8008): arch=c000003e syscall=59 success=yes exit=0 a0=64e1754cb980 a1=64e1754cf2b0 a2=64e1754c38f0 a3=64e1754cf2b0 items=2 ppid=9011 pid=5999 auid=1248 uid=1071 gid=1033 euid=854 suid=805 fsuid=873 egid=827 sgid=538 fsgid=1308 tty=pts0 ses=3 comm="sh" exe="/usr/bin/df" subj=unconfined key="process_exec"ARCH=x86_64 SYSCALL=execve AUID="heroic" UID="heroic" GID="heroic" EUID="heroic" SUID="heroic" FSUID="heroic" EGID="heroic" SGID="heroic" FSGID="heroic"
type=USER_END msg=audit(1769928776.241:9328): pid=8872 uid=701 auid=985 ses=3 subj=unconfined msg='op=PAM:session_close grantors=pam_limits,pam_env,pam_env,pam_permit,pam_umask,pam_unix acct="root" exe="/usr/bin/netstat" hostname=? addr=? terminal=/dev/pts/0 res=success'UID="heroic" AUID="heroic"
type=PATH msg=audit(1769929174.827:9610): item=1 name="/lib64/ld-linux-x86-64.so.2" inode=1575550 dev=8:2 mode=100958 ouid=0 ogid=0 rdev=0:0 nametype=NORMAL cap_fp=0 cap_fi=0 cap_fe=0 cap_fver=0 cap_frootid=0OUID="root" OGID="root"
type=PATH msg=audit(1769928580.753:4173): item=0 name="/usr/bin/rm" inode=1578517 dev=8:2 mode=100571 ouid=0 ogid=0 rdev=0:0 nametype=NORMAL cap_fp=0 cap_fi=0 cap_fe=0 cap_fver=0 cap_frootid=0OUID="root" OGID="root"
type=PROCTITLE msg=audit(1769928512.93:9523): proctitle=736C6565700035
type=PATH msg=audit(1769929265.167:6019): item=1 name="/lib64/ld-linux-x86-64.so.2" inode=1575697 dev=8:2 mode=100636 ouid=0 ogid=0 rdev=0:0 nametype=NORMAL cap_fp=0 cap_fi=0 cap_fe=0 cap_fver=0 cap_frootid=0OUID="root" OGID="root"
type=CWD msg=audit(1769929310.639:6322): cwd="/usr/local/bin"
type=EXECVE msg=audit(1769928620.288:6612): argc=1 a0="whoami"
type=PATH msg=audit(1769929001.1121:4487): item=0 name="/usr/bin/sudo" inode=1574754 dev=8:2 mode=104483 ouid=0 ogid=0 rdev=0:0 nametype=NORMAL cap_fp=0 cap_fi=0 cap_fe=0 cap_fver=0 cap_frootid=0OUID="root" OGID="root"
type=USER_START msg=audit(1769928723.875:8494): pid=5200 uid=1395 auid=732 ses=3 subj=unconfined msg='op=PAM:session_open grantors=pam_limits,pam_env,pam_env,pam_permit,pam_umask,pam_unix acct="root" exe="/usr/bin/tail" hostname=? addr=? terminal=/dev/pts/0 res=success'UID="heroic" AUID="heroic"
type=CWD msg=audit(1769929210.510:6668): cwd="/var/ossec"
type=PATH msg=audit(1769928791.831:7376): item=0 name="/usr/bin/whoami" inode=1578075 dev=8:2 mode=100542 ouid=0 ogid=0 rdev=0:0 nametype=NORMAL cap_fp=0 cap_fi=0 cap_fe=0 cap_fver=0 cap_frootid=0OUID="root" OGID="root"
type=SYSCALL msg=audit(1769928546.275:4088): arch=c000003e syscall=59 success=yes exit=0 a0=7ef0ff5cb42f a1=7ef0fe3dcca0 a2=7ffe56934cb8 a3=8 items=2 ppid=8136 pid=9367 auid=4294966921 uid=0 gid=288 euid=0 suid=0 fsuid=0 egid=133 sgid=574 fsgid=428 tty=(none) ses=4294967592 comm="python" exe="/usr/bin/sort" subj=unconfined key="process_exec"ARCH=x86_64 SYSCALL=execve AUID="unset" UID="root" GID="wazuh" EUID="root" SUID="root" FSUID="root" EGID="wazuh" SGID="wazuh" FSGID="wazuh"
type=CWD msg=audit(1769928880.706:9890): cwd="/var/ossec"
type=USER_START msg=audit(1769929123.481:9002): pid=7114 uid=964 auid=693 ses=3 subj=unconfined msg='op=PAM:session_open grantors=pam_limits,pam_env,pam_env,pam_permit,pam_umask,pam_unix acct="root" exe="/usr/bin/last" hostname=? addr=? terminal=/dev/pts/0 res=success'UID="heroic" AUID="heroic"
type=PROCTITLE msg=audit(1769929401.1020:6307): proctitle=736C656570003930
type=PROCTITLE msg=audit(1769928846.420:6997): proctitle=707300617578
type=SYSCALL msg=audit(1769928744.1072:8944): arch=c000003e syscall=59 success=yes exit=0 a0=5da302dc8980 a1=5da302dc7460 a2=5da302dc08f0 a3=5da302dc7460 items=2 ppid=1271 pid=793 auid=1123 uid=1294 gid=1477 euid=642 suid=903 fsuid=1411 egid=1000 sgid=832 fsgid=1052 tty=pts0 ses=3 comm="netstat" exe="/usr/bin/last" subj=unconfined key="process_exec"ARCH=x86_64 SYSCALL=execve AUID="heroic" UID="heroic" GID="heroic" EUID="heroic" SUID="heroic" FSUID="heroic" EGID="heroic" SGID="heroic" FSGID="heroic"
type=PATH msg=audit(1769928870.1031:4050): item=0 name="/usr/bin/whoami" inode=1577791 dev=8:2 mode=101158 ouid=0 ogid=0 rdev=0:0 nametype=NORMAL cap_fp=0 cap_fi=0 cap_fe=0 cap_fver=0 cap_frootid=0OUID="root" OGID="root"
type=SYSCALL msg=audit(1769928473.249:9734): arch=c000003e syscall=59 success=yes exit=0 a0=64e1754ccbc0 a1=64e1754c38a0 a2=64e1754c38f0 a3=64e1754c38a0 items=2 ppid=1536 pid=6946 auid=972 uid=969 gid=1075 euid=702 suid=1080 fsuid=854 egid=720 sgid=1174 fsgid=750 tty=pts0 ses=3 comm="sh" exe="/usr/bin/tail" subj=unconfined key="process_exec"ARCH=x86_64 SYSCALL=execve AUID="heroic" UID="heroic" GID="heroic" EUID="heroic" SUID="heroic" FSUID="heroic" EGID="heroic" SGID="heroic" FSGID="heroic"
type=SYSCALL msg=audit(1769929269.306:6212): arch=c000003e syscall=59 success=yes exit=0 a0=64e1754cb940 a1=64e1754d0da0 a2=64e1754c38f0 a3=64e1754d0da0 items=2 ppid=1693 pid=8130 auid=685 uid=589 gid=802 euid=0 suid=0 fsuid=0 egid=544 sgid=1355 fsgid=1165 tty=pts0 ses=3 comm="sed" exe="/usr/bin/netstat" subj=unconfined key="process_exec"ARCH=x86_64 SYSCALL=execve AUID="heroic" UID="heroic" GID="heroic" EUID="root" SUID="root" FSUID="root" EGID="heroic" SGID="heroic" FSGID="heroic"
type=EXECVE msg=audit(1769928858.194:5530): argc=3 a0="rm" a1="-f" a2="/etc/cron.d/hids_persist"
type=EXECVE msg=audit(1769928908.996:7777): argc=2 a0="basename" a1="/usr/bin/lesspipe"
type=EXECVE msg=audit(1769928506.292:8535): argc=4 a0="sudo" a1="cp" a2="/var/log/audit/audit.log" a3="/root/Desktop/hids_dataset/raw/malicious_remote.log"
type=PROCTITLE msg=audit(1769928825.427:5891): proctitle=736C6565700035
type=EXECVE msg=audit(1769928675.859:6539): argc=3 a0="sudo" a1="tee" a2="/etc/cron.d/hids_persist"
type=PROCTITLE msg=audit(1769928906.501:6812): proctitle=726D002D660066696C655F31302E6461740066696C655F31312E6461740066696C655F31322E6461740066696C655F31332E6461740066696C655F31342E6461740066696C655F31352E6461740066696C655F31362E6461740066696C655F31372E6461740066696C655F31382E6461740066696C655F31392E646174006669
type=SYSCALL msg=audit(1769928861.791:5809): arch=c000003e syscall=59 success=yes exit=0 a0=64cc6724d370 a1=64cc67321190 a2=64cc6731a630 a3=64cc67321190 items=2 ppid=4797 pid=3917 auid=600 uid=560 gid=797 euid=0 suid=0 fsuid=0 egid=1395 sgid=567 fsgid=736 tty=pts0 ses=3 comm="sort" exe="/usr/bin/tail" subj=unconfined key="process_exec"ARCH=x86_64 SYSCALL=execve AUID="heroic" UID="heroic" GID="heroic" EUID="root" SUID="root" FSUID="root" EGID="heroic" SGID="heroic" FSGID="heroic"
type=EXECVE msg=audit(1769929301.746:7545): argc=3 a0="curl" a1="-s" a2="file:///tmp/hids_malicious/payload.sh"
type=PROCTITLE msg=audit(1769928677.1345:9034): proctitle=7375646F002D6C
type=SYSCALL msg=audit(1769928984.165:5848): arch=c000003e syscall=59 success=yes exit=0 a0=5da302dcc870 a1=5da302dcea50 a2=5da302dc08f0 a3=5da302dcc850 items=2 ppid=1991 pid=9772 auid=1010 uid=967 gid=1454 euid=578 suid=1094 fsuid=830 egid=678 sgid=659 fsgid=1226 tty=pts0 ses=3 comm="python" exe="/usr/bin/df" subj=unconfined key="process_exec"ARCH=x86_64 SYSCALL=execve AUID="heroic" UID="heroic" GID="heroic" EUID="heroic" SUID="heroic" FSUID="heroic" EGID="heroic" SGID="heroic" FSGID="heroic"
type=PATH msg=audit(1769928888.234:6236): item=0 name="/usr/bin/sudo" inode=1574273 dev=8:2 mode=104795 ouid=0 ogid=0 rdev=0:0 nametype=NORMAL cap_fp=0 cap_fi=0 cap_fe=0 cap_fver=0 cap_frootid=0OUID="root" OGID="root"
type=PATH msg=audit(1769929317.93:8403): item=1 name="/lib64/ld-linux-x86-64.so.2" inode=1575112 dev=8:2 mode=100524 ouid=0 ogid=0 rdev=0:0 nametype=NORMAL cap_fp=0 cap_fi=0 cap_fe=0 cap_fver=0 cap_frootid=0OUID="root" OGID="root"
type=CWD msg=audit(1769928837.705:9649): cwd="/root"
type=EXECVE msg=audit(1769928636.521:3876): argc=1 a0="bash"
type=PROCTITLE msg=audit(1769928636.702:6030): proctitle=746565002F6574632F63726F6E2E642F686964735F70657273697374
type=EXECVE msg=audit(1769928557.1122:5411): argc=1 a0="whoami"
type=EXECVE msg=audit(1769928929.194:5674): argc=1 a0="whoami"
type=EXECVE msg=audit(1769929151.187:8506): argc=2 a0="basename" a1="/usr/bin/lesspipe"
type=PATH msg=audit(1769928489.384:6025): item=1 name="/lib64/ld-linux-x86-64.so.2" inode=1575484 dev=8:2 mode=101081 ouid=0 ogid=0 rdev=0:0 nametype=NORMAL cap_fp=0 cap_fi=0 cap_fe=0 cap_fver=0 cap_frootid=0OUID="root" OGID="root"
type=SYSCALL msg=audit(1769928598.683:5500): arch=c000003e syscall=59 success=yes exit=0 a0=5da302dcc310 a1=5da302dc22c0 a2=5da302dc08f0 a3=1 items=2 ppid=6080 pid=7010 auid=1067 uid=1159 gid=762 euid=1067 suid=1390 fsuid=630 egid=1056 sgid=1451 fsgid=1029 tty=pts0 ses=3 comm="python" exe="/usr/bin/sort" subj=unconfined key="process_exec"ARCH=x86_64 SYSCALL=execve AUID="heroic" UID="heroic" GID="heroic" EUID="heroic" SUID="heroic" FSUID="heroic" EGID="heroic" SGID="heroic" FSGID="heroic"
type=CWD msg=audit(1769928660.689:3983): cwd="/var/ossec"
type=PATH msg=audit(1769929078.888:3876): item=1 name="/lib64/ld-linux-x86-64.so.2" inode=1575796 dev=8:2 mode=100627 ouid=0 ogid=0 rdev=0:0 nametype=NORMAL cap_fp=0 cap_fi=0 cap_fe=0 cap_fver=0 cap_frootid=0OUID="root" OGID="root"
type=CWD msg=audit(1769928819.427:8868): cwd="/root"
type=EXECVE msg=audit(1769928422.181:8624): argc=3 a0="mkdir" a1="-p" a2="/tmp/hids_malicious"
type=PROCTITLE msg=audit(1769929024.608:8186): proctitle=2F7573722F7362696E2F43524F4E002D66002D50
type=CWD msg=audit(1769928924.212:6576): cwd="/tmp"
type=PATH msg=audit(1769928589.562:7484): item=0 name="/usr/bin/curl" inode=1573970 dev=8:2 mode=100877 ouid=0 ogid=0 rdev=0:0 nametype=NORMAL cap_fp=0 cap_fi=0 cap_fe=0 cap_fver=0 cap_frootid=0OUID="root" OGID="root"
type=EXECVE msg=audit(1769928665.27:9436): argc=58 a0="rm" a1="-f" a2="file_10.dat" a3="file_11.dat" a4="file_12.dat" a5="file_13.dat" a6="file_14.dat" a7="file_15.dat" a8="file_16.dat" a9="file_17.dat" a10="file_18.dat" a11="file_19.dat" a12="file_1.dat" a13="file_20.dat" a14="file_21.dat" a15="file_22.dat" a16="file_23.dat" a17="file_24.dat" a18="file_25.dat" a19="file_26.dat" a20="file_27.dat" a21="file_28.dat" a22="file_29.dat" a23="file_2.dat" a24="file_30.dat" a25="file_31.dat" a26="file_32.dat" a27="file_33.dat" a28="file_34.dat" a29="file_35.dat" a30="file_36.dat" a31="file_37.dat" a32="file_38.dat" a33="file_39.dat" a34="file_3.dat" a35="file_40.dat" a36="file_41.dat" a37="file_42.dat" a38="file_43.dat" a39="file_44.dat" a40="file_45.dat" a41="file_46.dat" a42="file_47.dat" a43="file_48.dat" a44="file_49.dat" a45="file_4.dat" a46="file_50.dat" a47="file_5.dat" a48="file_6.dat" a49="file_7.dat" a50="file_8.dat" a51="file_9.dat" a52="payload.sh" a53="recon.txt" a54="netstat.txt" a55="processes.txt" a56="sudo_enum.txt" a57="sudo_test.txt"
type=PATH msg=audit(1769929281.903:5359): item=0 name="/etc/cron.d/" inode=1704000 dev=8:2 mode=41047 ouid=0 ogid=0 rdev=0:0 nametype=PARENT cap_fp=0 cap_fi=0 cap_fe=0 cap_fver=0 cap_frootid=0OUID="root" OGID="root"
type=USER_END msg=audit(1769929010.1261:4657): pid=7498 uid=1202 auid=1224 ses=3 subj=unconfined msg='op=PAM:session_close grantors=pam_limits,pam_env,pam_env,pam_permit,pam_umask,pam_unix acct="root" exe="/usr/bin/tail" hostname=? addr=? terminal=/dev/pts/0 res=success'UID="heroic" AUID="heroic"
type=PATH msg=audit(1769928888.807:4802): item=1 name="/lib64/ld-linux-x86-64.so.2" inode=1574881 dev=8:2 mode=101210 ouid=0 ogid=0 rdev=0:0 nametype=NORMAL cap_fp=0 cap_fi=0 cap_fe=0 cap_fver=0 cap_frootid=0OUID="root" OGID="root"
type=SYSCALL msg=audit(1769929139.530:7470): arch=c000003e syscall=59 success=yes exit=0 a0=64e1754ca420 a1=64e1754cb6e0 a2=64e1754c38f0 a3=64e1754cb6e0 items=2 ppid=2564 pid=5933 auid=752 uid=717 gid=977 euid=639 suid=971 fsuid=941 egid=1324 sgid=798 fsgid=707 tty=pts0 ses=3 comm="python" exe="/usr/bin/df" subj=unconfined key="process_exec"ARCH=x86_64 SYSCALL=execve AUID="heroic" UID="heroic" GID="heroic" EUID="heroic" SUID="heroic" FSUID="heroic" EGID="heroic" SGID="heroic" FSGID="heroic"
type=PATH msg=audit(1769928575.909:9268): item=0 name="/usr/bin/sleep" inode=1577758 dev=8:2 mode=100614 ouid=0 ogid=0 rdev=0:0 nametype=NORMAL cap_fp=0 cap_fi=0 cap_fe=0 cap_fver=0 cap_frootid=0OUID="root" OGID="root"
type=USER_END msg=audit(1769929169.169:8647): pid=6839 uid=763 auid=1293 ses=3 subj=unconfined msg='op=PAM:session_close grantors=pam_limits,pam_env,pam_env,pam_permit,pam_umask,pam_unix acct="root" exe="/usr/bin/python3" hostname=? addr=? terminal=/dev/pts/0 res=success'UID="heroic" AUID="heroic"
type=CWD msg=audit(1769928807.973:4399): cwd="/root"
type=CWD msg=audit(1769928478.28:7738): cwd="/usr/local/bin"
type=SYSCALL msg=audit(1769928904.87:9852): arch=c000003e syscall=59 success=yes exit=0 a0=5da302dcc4d0 a1=5da302dcc9f0 a2=5da302dc08f0 a3=5da302dcbd30 items=2 ppid=2118 pid=8559 auid=1126 uid=1153 gid=1109 euid=1026 suid=642 fsuid=1065 egid=1264 sgid=1425 fsgid=614 tty=pts0 ses=3 comm="sh" exe="/bin/sh" subj=unconfined key="process_exec"ARCH=x86_64 SYSCALL=execve AUID="heroic" UID="heroic" GID="heroic" EUID="heroic" SUID="heroic" FSUID="heroic" EGID="heroic" SGID="heroic" FSGID="heroic"
type=USER_START msg=audit(1769928713.249:9434): pid=6201 uid=542 auid=932 ses=3 subj=unconfined msg='op=PAM:session_open grantors=pam_limits,pam_env,pam_env,pam_permit,pam_umask,pam_unix acct="root" exe="/usr/bin/last" hostname=? addr=? terminal=/dev/pts/0 res=success'UID="heroic" AUID="heroic"
type=PATH msg=audit(1769928635.721:10289): item=1 name="/bin/bash" inode=1573725 dev=8:2 mode=100627 ouid=0 ogid=0 rdev=0:0 nametype=NORMAL cap_fp=0 cap_fi=0 cap_fe=0 cap_fver=0 cap_frootid=0OUID="root" OGID="root"
type=PATH msg=audit(1769929143.416:6029): item=0 name="/etc/cron.d/" inode=1703922 dev=8:2 mode=41214 ouid=0 ogid=0 rdev=0:0 nametype=PARENT cap_fp=0 cap_fi=0 cap_fe=0 cap_fver=0 cap_frootid=0OUID="root" OGID="root"
type=USER_CMD msg=audit(1769929274.533:3834): pid=5188 uid=1351 auid=654 ses=3 subj=unconfined msg='cwd="/var/ossec" cmd=746565202F6574632F63726F6E2E642F686964735F70657273697374 exe="/usr/bin/sudo" terminal=pts/0 res=success'UID="heroic" AUID="heroic"
type=SYSCALL msg=audit(1769928635.417:9225): arch=c000003e syscall=59 success=yes exit=0 a0=5da302dc6e20 a1=5da302dce0a0 a2=5da302dc08f0 a3=5da302dce0a0 items=2 ppid=7470 pid=7480 auid=998 uid=1112 gid=825 euid=0 suid=0 fsuid=0 egid=1228 sgid=897 fsgid=702 tty=pts0 ses=3 comm="python" exe="/usr/bin/df" subj=unconfined key="process_exec"ARCH=x86_64 SYSCALL=execve AUID="heroic" UID="heroic" GID="heroic" EUID="root" SUID="root" FSUID="root" EGID="heroic" SGID="heroic" FSGID="heroic"
type=EXECVE msg=audit(1769928503.430:4398): argc=2 a0="ps" a1="aux"
type=SYSCALL msg=audit(1769929050.800:6922): arch=c000003e syscall=59 success=yes exit=0 a0=55b863462a30 a1=55b863462ab0 a2=55b863435820 a3=55b863462ab0 items=2 ppid=6547 pid=10163 auid=535 uid=0 gid=0 euid=0 suid=0 fsuid=0 egid=0 sgid=0 fsgid=0 tty=pts2 ses=3 comm="ss" exe="/usr/bin/sort" subj=unconfined key="process_exec"ARCH=x86_64 SYSCALL=execve AUID="heroic" UID="root" GID="root" EUID="root" SUID="root" FSUID="root" EGID="root" SGID="root" FSGID="root"
type=SYSCALL msg=audit(1769928654.15:3830): arch=c000003e syscall=59 success=yes exit=0 a0=64e1754cf970 a1=64e1754cd650 a2=64e1754c38f0 a3=1 items=2 ppid=1036 pid=6205 auid=1087 uid=1394 gid=1069 euid=1055 suid=1403 fsuid=1067 egid=569 sgid=973 fsgid=1006 tty=pts0 ses=3 comm="tail" exe="/usr/bin/tail" subj=unconfined key="process_exec"ARCH=x86_64 SYSCALL=execve AUID="heroic" UID="heroic" GID="heroic" EUID="heroic" SUID="heroic" FSUID="heroic" EGID="heroic" SGID="heroic" FSGID="heroic"
type=USER_CMD msg=audit(1769928771.413:4313): pid=4112 uid=0 auid=943 ses=3 subj=unconfined msg='cwd="/home/heroic" cmd=6370202F7661722F6C6F672F61756469742F61756469742E6C6F67202F686F6D652F6865726F69632F4465736B746F702F736372697074732D666F722D646174612D67656E65726174696F6E2F exe="/usr/bin/sort" terminal=pts/4 res=success'UID="root" AUID="heroic"
type=PROCTITLE msg=audit(1769929346.558:5117): proctitle="whoami"
type=SYSCALL msg=audit(1769928502.126:8815): arch=c000003e syscall=59 success=yes exit=0 a0=63067b49b148 a1=63067b49b228 a2=63067b49b270 a3=0 items=2 ppid=6826 pid=3593 auid=4294967569 uid=0 gid=0 euid=0 suid=0 fsuid=0 egid=0 sgid=0 fsgid=0 tty=(none) ses=4294967055 comm="sort" exe="/usr/bin/sort" subj=unconfined key="process_exec"ARCH=x86_64 SYSCALL=execve AUID="unset" UID="root" GID="root" EUID="root" SUID="root" FSUID="root" EGID="root" SGID="root" FSGID="root"
type=CWD msg=audit(1769929249.310:5556): cwd=2F746D702F686964735F6D616C6963696F7573202864656C6574656429
type=EXECVE msg=audit(1769928609.696:8196): argc=1 a0="whoami"
type=PATH msg=audit(1769929160.848:5828): item=0 name="/usr/bin/sleep" inode=1578077 dev=8:2 mode=101076 ouid=0 ogid=0 rdev=0:0 nametype=NORMAL cap_fp=0 cap_fi=0 cap_fe=0 cap_fver=0 cap_frootid=0OUID="root" OGID="root"
type=PROCTITLE msg=audit(1769928994.212:4628): proctitle=6375726C002D730066696C653A2F2F2F746D702F686964735F6D616C6963696F75732F7061796C6F61642E7368
type=USER_END msg=audit(1769928471.502:9387): pid=2513 uid=1126 auid=738 ses=3 subj=unconfined msg='op=PAM:session_close grantors=pam_limits,pam_env,pam_env,pam_permit,pam_umask,pam_unix acct="root" exe="/usr/bin/sed" hostname=? addr=? terminal=/dev/pts/0 res=success'UID="heroic" AUID="heroic"
type=USER_CMD msg=audit(1769929042.474:7773): pid=8382 uid=608 auid=1402 ses=3 subj=unconfined msg='cwd="/root" cmd=726D202D66202F6574632F63726F6E2E642F686964735F70657273697374 exe="/usr/bin/netstat" terminal=pts/0 res=success'UID="heroic" AUID="heroic"
type=CWD msg=audit(1769928470.287:6899): cwd="/usr/local/bin"
type=EXECVE msg=audit(1769928774.1101:3765): argc=58 a0="rm" a1="-f" a2="file_10.dat" a3="file_11.dat" a4="file_12.dat" a5="file_13.dat" a6="file_14.dat" a7="file_15.dat" a8="file_16.dat" a9="file_17.dat" a10="file_18.dat" a11="file_19.dat" a12="file_1.dat" a13="file_20.dat" a14="file_21.dat" a15="file_22.dat" a16="file_23.dat" a17="file_24.dat" a18="file_25.dat" a19="file_26.dat" a20="file_27.dat" a21="file_28.dat" a22="file_29.dat" a23="file_2.dat" a24="file_30.dat" a25="file_31.dat" a26="file_32.dat" a27="file_33.dat" a28="file_34.dat" a29="file_35.dat" a30="file_36.dat" a31="file_37.dat" a32="file_38.dat" a33="file_39.dat" a34="file_3.dat" a35="file_40.dat" a36="file_41.dat" a37="file_42.dat" a38="file_43.dat" a39="file_44.dat" a40="file_45.dat" a41="file_46.dat" a42="file_47.dat" a43="file_48.dat" a44="file_49.dat" a45="file_4.dat" a46="file_50.dat" a47="file_5.dat" a48="file_6.dat" a49="file_7.dat" a50="file_8.dat" a51="file_9.dat" a52="payload.sh" a53="recon.txt" a54="netstat.txt" a55="processes.txt" a56="sudo_enum.txt" a57="sudo_test.txt"
type=PATH msg=audit(1769929237.639:6542): item=0 name="/usr/bin/ss" inode=1574173 dev=8:2 mode=100763 ouid=0 ogid=0 rdev=0:0 nametype=NORMAL cap_fp=0 cap_fi=0 cap_fe=0 cap_fver=0 cap_frootid=0OUID="root" OGID="root"
type=PATH msg=audit(1769929103.313:5090): item=1 name="/lib64/ld-linux-x86-64.so.2" inode=1575283 dev=8:2 mode=100314 ouid=0 ogid=0 rdev=0:0 nametype=NORMAL cap_fp=0 cap_fi=0 cap_fe=0 cap_fver=0 cap_frootid=0OUID="root" OGID="root"
type=PATH msg=audit(1769929390.1334:4449): item=1 name="/lib64/ld-linux-x86-64.so.2" inode=1575247 dev=8:2 mode=100584 ouid=0 ogid=0 rdev=0:0 nametype=NORMAL cap_fp=0 cap_fi=0 cap_fe=0 cap_fver=0 cap_frootid=0OUID="root" OGID="root"
type=PROCTITLE msg=audit(1769929092.1068:8715): proctitle=736C656570003930
type=EXECVE msg=audit(1769928449.732:5480): argc=2 a0="tee" a1="/etc/cron.d/hids_persist"
type=PATH msg=audit(1769928814.83:4923): item=0 name="/bin/sh" inode=1573621 dev=8:2 mode=100325 ouid=0 ogid=0 rdev=0:0 nametype=NORMAL cap_fp=0 cap_fi=0 cap_fe=0 cap_fver=0 cap_frootid=0OUID="root" OGID="root"
type=EXECVE msg=audit(1769928586.302:5779): argc=58 a0="rm" a1="-f" a2="file_10.dat" a3="file_11.dat" a4="file_12.dat" a5="file_13.dat" a6="file_14.dat" a7="file_15.dat" a8="file_16.dat" a9="file_17.dat" a10="file_18.dat" a11="file_19.dat" a12="file_1.dat" a13="file_20.dat" a14="file_21.dat" a15="file_22.dat" a16="file_23.dat" a17="file_24.dat" a18="file_25.dat" a19="file_26.dat" a20="file_27.dat" a21="file_28.dat" a22="file_29.dat" a23="file_2.dat" a24="file_30.dat" a25="file_31.dat" a26="file_32.dat" a27="file_33.dat" a28="file_34.dat" a29="file_35.dat" a30="file_36.dat" a31="file_37.dat" a32="file_38.dat" a33="file_39.dat" a34="file_3.dat" a35="file_40.dat" a36="file_41.dat" a37="file_42.dat" a38="file_43.dat" a39="file_44.dat" a40="file_45.dat" a41="file_46.dat" a42="file_47.dat" a43="file_48.dat" a44="file_49.dat" a45="file_4.dat" a46="file_50.dat" a47="file_5.dat" a48="file_6.dat" a49="file_7.dat" a50="file_8.dat" a51="file_9.dat" a52="payload.sh" a53="recon.txt" a54="netstat.txt" a55="processes.txt" a56="sudo_enum.txt" a57="sudo_test.txt"
type=PROCTITLE msg=audit(1769929273.975:9576): proctitle=6375726C002D730066696C653A2F2F2F746D702F686964735F6D616C6963696F75732F7061796C6F61642E7368
type=SYSCALL msg=audit(1769929286.1105:4445): arch=c000003e syscall=59 success=yes exit=0 a0=7ffd2e5d34c0 a1=7ffd2e5d34e0 a2=7ffd2e5d3fd0 a3=8 items=2 ppid=4320 pid=6836 auid=4294966845 uid=0 gid=0 euid=0 suid=0 fsuid=0 egid=0 sgid=0 fsgid=0 tty=(none) ses=4294966970 comm="ss" exe="/usr/bin/sudo" subj=unconfined key="process_exec"ARCH=x86_64 SYSCALL=execve AUID="unset" UID="root" GID="root" EUID="root" SUID="root" FSUID="root" EGID="root" SGID="root" FSGID="root"
type=EXECVE msg=audit(1769928901.328:8816): argc=2 a0="ps" a1="aux"
type=PROCTITLE msg=audit(1769928583.974:8230): proctitle=7375646F006370002F7661722F6C6F672F61756469742F61756469742E6C6F67002F726F6F742F4465736B746F702F686964735F646174617365742F7261772F6D616C6963696F75735F72656D6F74652E6C6F67
type=PATH msg=audit(1769929390.1150:8680): item=1 name="/lib64/ld-linux-x86-64.so.2" inode=1575404 dev=8:2 mode=100423 ouid=0 ogid=0 rdev=0:0 nametype=NORMAL cap_fp=0 cap_fi=0 cap_fe=0 cap_fver=0 cap_frootid=0OUID="root" OGID="root"
type=SYSCALL msg=audit(1769928800.1094:9280): arch=c000003e syscall=59 success=no exit=-2 a0=7ffed1fb3150 a1=7ffed1fb3500 a2=7ffed1fb3530 a3=7ffed1fb49c0 items=1 ppid=2794 pid=4392 auid=635 uid=551 gid=1349 euid=696 suid=1152 fsuid=1054 egid=895 sgid=1013 fsgid=1021 tty=(none) ses=5 comm="tail" exe="/usr/bin/sudo" subj=desktop-icons-ng key="process_exec"ARCH=x86_64 SYSCALL=execve AUID="heroic" UID="heroic" GID="heroic" EUID="heroic" SUID="heroic" FSUID="heroic" EGID="heroic" SGID="heroic" FSGID="heroic"
type=PROCTITLE msg=audit(1769928512.692:4755): proctitle=2F7573722F6C69622F73797374656D642F73797374656D642D6578656375746F72002D2D646573657269616C697A6500313139002D2D6C6F672D6C6576656C00696E666F002D2D6C6F672D746172676574006A6F75726E616C2D6F722D6B6D7367
type=CWD msg=audit(1769928803.160:6183): cwd="/root"
type=EXECVE msg=audit(1769928466.530:7933): argc=2 a0="rmdir" a1="/tmp/hids_malicious"
type=PROCTITLE msg=audit(1769928744.815:6567): proctitle="bash"
type=PATH msg=audit(1769928504.273:6449): item=1 name="/lib64/ld-linux-x86-64.so.2" inode=1575525 dev=8:2 mode=100951 ouid=0 ogid=0 rdev=0:0 nametype=NORMAL cap_fp=0 cap_fi=0 cap_fe=0 cap_fver=0 cap_frootid=0OUID="root" OGID="root"
type=EXECVE msg=audit(1769928507.411:4433): argc=2 a0="uname" a1="-a"
type=PROCTITLE msg=audit(1769928926.272:9534): proctitle=6375726C002D730066696C653A2F2F2F746D702F686964735F6D616C6963696F75732F7061796C6F61642E7368
type=EXECVE msg=audit(1769929145.219:7686): argc=2 a0="ps" a1="aux"
type=EXECVE msg=audit(1769928552.1351:7702): argc=7 a0="/usr/lib/systemd/systemd-executor" a1="--deserialize" a2="489" a3="--log-level" a4="info" a5="--log-target" a6="journal-or-kmsg"
type=PATH msg=audit(1769929190.96:7838): item=1 name="/etc/cron.d/hids_persist" inode=1703831 dev=8:2 mode=100785 ouid=0 ogid=0 rdev=0:0 nametype=CREATE cap_fp=0 cap_fi=0 cap_fe=0 cap_fver=0 cap_frootid=0OUID="root" OGID="root"
type=EXECVE msg=audit(1769929211.640:4959): argc=2 a0="tee" a1="/etc/cron.d/hids_persist"
type=EXECVE msg=audit(1769929181.202:4657): argc=3 a0="sudo" a1="tee" a2="/etc/cron.d/hids_persist"
type=SYSCALL msg=audit(1769928675.976:6762): arch=c000003e syscall=59 success=yes exit=0 a0=611f903d7240 a1=611f903de440 a2=611f903cbde0 a3=611f903cebc0 items=2 ppid=1599 pid=9143 auid=4294967145 uid=0 gid=0 euid=0 suid=0 fsuid=0 egid=0 sgid=0 fsgid=0 tty=(none) ses=4294967228 comm="tail" exe="/usr/bin/sort" subj=unconfined key="process_exec"ARCH=x86_64 SYSCALL=execve AUID="unset" UID="root" GID="root" EUID="root" SUID="root" FSUID="root" EGID="root" SGID="root" FSGID="root"
type=PROCTITLE msg=audit(1769928547.367:6231): proctitle=756E616D65002D61
type=PROCTITLE msg=audit(1769929353.393:5845): proctitle=6D6B646972002D70002F746D702F686964735F6D616C6963696F7573
type=CWD msg=audit(1769929166.443:9687): cwd="/var/ossec"
type=USER_ACCT msg=audit(1769928668.6:7207): pid=4023 uid=883 auid=617 ses=3 subj=unconfined msg='op=PAM:accounting grantors=pam_permit,pam_localuser acct="heroic" exe="/usr/bin/python3" hostname=? addr=? terminal=/dev/pts/0 res=success'UID="heroic" AUID="heroic"
type=CWD msg=audit(1769928866.270:6972): cwd="/root"
type=SYSCALL msg=audit(1769928428.775:3937): arch=c000003e syscall=59 success=yes exit=0 a0=62263443cb68 a1=62263444cba0 a2=62263445f7a0 a3=64 items=2 ppid=3792 pid=9654 auid=1095 uid=0 gid=0 euid=0 suid=0 fsuid=0 egid=0 sgid=0 fsgid=0 tty=pts4 ses=3 comm="sort" exe="/usr/bin/df" subj=unconfined key="process_exec"ARCH=x86_64 SYSCALL=execve AUID="heroic" UID="root" GID="root" EUID="root" SUID="root" FSUID="root" EGID="root" SGID="root" FSGID="root"
type=PATH msg=audit(1769928928.59:5943): item=0 name="/proc/self/fd/9" inode=1596192 dev=8:2 mode=100893 ouid=0 ogid=0 rdev=0:0 nametype=NORMAL cap_fp=0 cap_fi=0 cap_fe=0 cap_fver=0 cap_frootid=0OUID="root" OGID="root"
type=USER_CMD msg=audit(1769928770.1197:7761): pid=4137 uid=543 auid=599 ses=3 subj=unconfined msg='cwd="/var/ossec" cmd=746565202F6574632F63726F6E2E642F686964735F70657273697374 exe="/usr/bin/df" terminal=pts/0 res=success'UID="heroic" AUID="heroic"
type=EXECVE msg=audit(1769928636.124:9154): argc=3 a0="chmod" a1="+x" a2="payload.sh"
type=PROCTITLE msg=audit(1769929201.302:7744): proctitle=676A73002F7573722F73686172652F676E6F6D652D7368656C6C2F657874656E73696F6E732F64696E6740726173746572736F66742E636F6D2F6170702F64696E672E6A73002D45002D50002F7573722F73686172652F676E6F6D652D7368656C6C2F657874656E73696F6E732F64696E6740726173746572736F66742E636F
type=EXECVE msg=audit(1769928931.1099:7891): argc=1 a0="bash"
type=EXECVE msg=audit(1769929159.1102:8874): argc=2 a0="sudo" a1="whoami"
type=PATH msg=audit(1769929074.949:5142): item=1 name="/lib64/ld-linux-x86-64.so.2" inode=1575023 dev=8:2 mode=100448 ouid=0 ogid=0 rdev=0:0 nametype=NORMAL cap_fp=0 cap_fi=0 cap_fe=0 cap_fver=0 cap_frootid=0OUID="root" OGID="root"
type=CWD msg=audit(1769928774.233:9879): cwd="/tmp"
type=CWD msg=audit(1769928974.789:4049): cwd="/root"
type=PATH msg=audit(1769929048.561:4192): item=0 name="/usr/libexec/nm-dispatcher" inode=1586044 dev=8:2 mode=100941 ouid=0 ogid=0 rdev=0:0 nametype=NORMAL cap_fp=0 cap_fi=0 cap_fe=0 cap_fver=0 cap_frootid=0OUID="root" OGID="root"
type=PATH msg=audit(1769929080.457:6407): item=0 name="/usr/bin/tee" inode=1578477 dev=8:2 mode=100393 ouid=0 ogid=0 rdev=0:0 nametype=NORMAL cap_fp=0 cap_fi=0 cap_fe=0 cap_fver=0 cap_frootid=0OUID="root" OGID="root"
type=CWD msg=audit(1769929411.430:9284): cwd="/usr/local/bin"
type=PATH msg=audit(1769929129.205:4593): item=0 name="/usr/bin/sleep" inode=1577958 dev=8:2 mode=100662 ouid=0 ogid=0 rdev=0:0 nametype=NORMAL cap_fp=0 cap_fi=0 cap_fe=0 cap_fver=0 cap_frootid=0OUID="root" OGID="root"
type=PROCTITLE msg=audit(1769928498.308:3798): proctitle=7375646F0077686F616D69
type=PROCTITLE msg=audit(1769929128.264:8008): proctitle=677067002D2D656E61626C652D7370656369616C2D66696C656E616D6573002D2D6261746368002D2D6E6F2D736B2D636F6D6D656E7473002D2D686F6D65646972002F7661722F6C69622F66777570642F676E757067002D2D7374617475732D6664003139002D2D6E6F2D747479002D2D636861727365740075746638002D2D
type=SYSCALL msg=audit(1769929268.599:4621): arch=c000003e syscall=59 success=yes exit=0 a0=64e1754cd210 a1=64e1754caa40 a2=64e1754c38f0 a3=64e1754caa40 items=2 ppid=7882 pid=4058 auid=850 uid=1196 gid=1171 euid=1339 suid=1332 fsuid=1377 egid=798 sgid=1257 fsgid=1267 tty=pts0 ses=3 comm="netstat" exe="/usr/bin/tail" subj=unconfined key="process_exec"ARCH=x86_64 SYSCALL=execve AUID="heroic" UID="heroic" GID="heroic" EUID="heroic" SUID="heroic" FSUID="heroic" EGID="heroic" SGID="heroic" FSGID="heroic"
type=SYSCALL msg=audit(1769928734.462:8405): arch=c000003e syscall=59 success=yes exit=0 a0=64e1754d05f0 a1=64e1754cb980 a2=64e1754c38f0 a3=64e1754cb980 items=2 ppid=3545 pid=6667 auid=1038 uid=552 gid=821 euid=619 suid=1102 fsuid=1298 egid=1320 sgid=1383 fsgid=1221 tty=pts0 ses=3 comm="sudo" exe="/usr/bin/netstat" subj=unconfined key="process_exec"ARCH=x86_64 SYSCALL=execve AUID="heroic" UID="heroic" GID="heroic" EUID="heroic" SUID="heroic" FSUID="heroic" EGID="heroic" SGID="heroic" FSGID="heroic"
type=SERVICE_STOP msg=audit(1769928413.637:5364): pid=9184 uid=0 auid=4294966827 ses=4294967630 subj=unconfined msg='unit=sysstat-collect comm="tail" exe="/usr/bin/tail" hostname=? addr=? terminal=? res=success'UID="root" AUID="unset"
type=EXECVE msg=audit(1769929346.982:6100): argc=58 a0="rm" a1="-f" a2="file_10.dat" a3="file_11.dat" a4="file_12.dat" a5="file_13.dat" a6="file_14.dat" a7="file_15.dat" a8="file_16.dat" a9="file_17.dat" a10="file_18.dat" a11="file_19.dat" a12="file_1.dat" a13="file_20.dat" a14="file_21.dat" a15="file_22.dat" a16="file_23.dat" a17="file_24.dat" a18="file_25.dat" a19="file_26.dat" a20="file_27.dat" a21="file_28.dat" a22="file_29.dat" a23="file_2.dat" a24="file_30.dat" a25="file_31.dat" a26="file_32.dat" a27="file_33.dat" a28="file_34.dat" a29="file_35.dat" a30="file_36.dat" a31="file_37.dat" a32="file_38.dat" a33="file_39.dat" a34="file_3.dat" a35="file_40.dat" a36="file_41.dat" a37="file_42.dat" a38="file_43.dat" a39="file_44.dat" a40="file_45.dat" a41="file_46.dat" a42="file_47.dat" a43="file_48.dat" a44="file_49.dat" a45="file_4.dat" a46="file_50.dat" a47="file_5.dat" a48="file_6.dat" a49="file_7.dat" a50="file_8.dat" a51="file_9.dat" a52="payload.sh" a53="recon.txt" a54="netstat.txt" a55="processes.txt" a56="sudo_enum.txt" a57="sudo_test.txt"
type=SYSCALL msg=audit(1769928850.963:4574): arch=c000003e syscall=59 success=yes exit=0 a0=5da302dccd10 a1=5da302dc7090 a2=5da302dc08f0 a3=8 items=2 ppid=6541 pid=6713 auid=1460 uid=1051 gid=1124 euid=653 suid=795 fsuid=1276 egid=1276 sgid=1348 fsgid=938 tty=pts0 ses=3 comm="last" exe="/usr/bin/sort" subj=unconfined key="process_exec"ARCH=x86_64 SYSCALL=execve AUID="heroic" UID="heroic" GID="heroic" EUID="heroic" SUID="heroic" FSUID="heroic" EGID="heroic" SGID="heroic" FSGID="heroic"
type=PATH msg=audit(1769928874.395:7645): item=1 name="/lib64/ld-linux-x86-64.so.2" inode=1575345 dev=8:2 mode=101060 ouid=0 ogid=0 rdev=0:0 nametype=NORMAL cap_fp=0 cap_fi=0 cap_fe=0 cap_fver=0 cap_frootid=0OUID="root" OGID="root"
type=EXECVE msg=audit(1769928799.498:6782): argc=3 a0="sudo" a1="tee" a2="/etc/cron.d/hids_persist"
type=PATH msg=audit(1769928422.1003:9988): item=0 name="/usr/bin/sudo" inode=1574013 dev=8:2 mode=104682 ouid=0 ogid=0 rdev=0:0 nametype=NORMAL cap_fp=0 cap_fi=0 cap_fe=0 cap_fver=0 cap_frootid=0OUID="root" OGID="root"
type=PATH msg=audit(1769929005.685:8971): item=1 name="/lib64/ld-linux-x86-64.so.2" inode=1575660 dev=8:2 mode=100512 ouid=0 ogid=0 rdev=0:0 nametype=NORMAL cap_fp=0 cap_fi=0 cap_fe=0 cap_fver=0 cap_frootid=0OUID="root" OGID="root"
type=EXECVE msg=audit(1769929201.618:5156): argc=2 a0="ps" a1="aux"
type=SYSCALL msg=audit(1769928677.497:3881): arch=c000003e syscall=59 success=yes exit=0 a0=6350d512ab68 a1=6350d513aba0 a2=6350d514d7a0 a3=64 items=2 ppid=7880 pid=3846 auid=1195 uid=0 gid=0 euid=0 suid=0 fsuid=0 egid=0 sgid=0 fsgid=0 tty=pts4 ses=3 comm="df" exe="/usr/bin/last" subj=unconfined key="process_exec"ARCH=x86_64 SYSCALL=execve AUID="heroic" UID="root" GID="root" EUID="root" SUID="root" FSUID="root" EGID="root" SGID="root" FSGID="root"
type=CWD msg=audit(1769928631.441:4406): cwd="/tmp"
type=CWD msg=audit(1769928411.79:8361): cwd="/home/heroic"
type=PROCTITLE msg=audit(1769928498.407:7965): proctitle="whoami"
type=PATH msg=audit(1769928628.253:8900): item=0 name="/usr/bin/sudo" inode=1574511 dev=8:2 mode=104618 ouid=0 ogid=0 rdev=0:0 nametype=NORMAL cap_fp=0 cap_fi=0 cap_fe=0 cap_fver=0 cap_frootid=0OUID="root" OGID="root"
type=PATH msg=audit(1769928935.510:9500): item=1 name="/lib64/ld-linux-x86-64.so.2" inode=1575274 dev=8:2 mode=100752 ouid=0 ogid=0 rdev=0:0 nametype=NORMAL cap_fp=0 cap_fi=0 cap_fe=0 cap_fver=0 cap_frootid=0OUID="root" OGID="root"
type=PROCTITLE msg=audit(1769928866.721:9915): proctitle=736C656570003930
type=PROCTITLE msg=audit(1769928658.1142:8105): proctitle="id"
type=EXECVE msg=audit(1769929385.136:8354): argc=2 a0="uname" a1="-a"
type=CWD msg=audit(1769928562.965:6921): cwd="/tmp"
type=CWD msg=audit(1769928601.193:9453): cwd="/tmp"
type=PATH msg=audit(1769928507.1384:7174): item=0 name="/usr/bin/tail" inode=1577823 dev=8:2 mode=100305 ouid=0 ogid=0 rdev=0:0 nametype=NORMAL cap_fp=0 cap_fi=0 cap_fe=0 cap_fver=0 cap_frootid=0OUID="root" OGID="root"
type=PATH msg=audit(1769929116.575:5040): item=0 name="/usr/bin/sudo" inode=1573782 dev=8:2 mode=104821 ouid=0 ogid=0 rdev=0:0 nametype=NORMAL cap_fp=0 cap_fi=0 cap_fe=0 cap_fver=0 cap_frootid=0OUID="root" OGID="root"
type=SYSCALL msg=audit(1769929045.648:9642): arch=c000003e syscall=59 success=yes exit=0 a0=64e1754cb960 a1=64e1754ca460 a2=64e1754c38f0 a3=64e1754ca460 items=2 ppid=6056 pid=7260 auid=957 uid=567 gid=818 euid=0 suid=0 fsuid=0 egid=552 sgid=588 fsgid=765 tty=pts0 ses=3 comm="sed" exe="/usr/bin/last" subj=unconfined key="process_exec"ARCH=x86_64 SYSCALL=execve AUID="heroic" UID="heroic" GID="heroic" EUID="root" SUID="root" FSUID="root" EGID="heroic" SGID="heroic" FSGID="heroic"
type=CWD msg=audit(1769928888.382:7546): cwd="/var/ossec"
type=CRED_DISP msg=audit(1769928793.97:9213): pid=3800 uid=506 auid=1219 ses=3 subj=unconfined msg='op=PAM:setcred grantors=pam_permit acct="root" exe="/usr/bin/sed" hostname=? addr=? terminal=/dev/pts/0 res=success'UID="heroic" AUID="heroic"
type=PROCTITLE msg=audit(1769929384.570:8924): proctitle=676A73002F7573722F73686172652F676E6F6D652D7368656C6C2F657874656E73696F6E732F64696E6740726173746572736F66742E636F6D2F6170702F64696E672E6A73002D45002D50002F7573722F73686172652F676E6F6D652D7368656C6C2F657874656E73696F6E732F64696E6740726173746572736F66742E636F
type=USER_END msg=audit(1769928671.899:5815): pid=3726 uid=592 auid=538 ses=3 subj=unconfined msg='op=PAM:session_close grantors=pam_limits,pam_env,pam_env,pam_permit,pam_umask,pam_unix acct="root" exe="/usr/bin/tail" hostname=? addr=? terminal=/dev/pts/0 res=success'UID="heroic" AUID="heroic"
type=PATH msg=audit(1769929371.245:5260): item=0 name="/usr/bin/tail" inode=1578432 dev=8:2 mode=100797 ouid=0 ogid=0 rdev=0:0 nametype=NORMAL cap_fp=0 cap_fi=0 cap_fe=0 cap_fver=0 cap_frootid=0OUID="root" OGID="root"
type=PROCTITLE msg=audit(1769928759.965:6728): proctitle=2F7573722F6C69622F73797374656D642F73797374656D642D6578656375746F72002D2D646573657269616C697A6500313139002D2D6C6F672D6C6576656C00696E666F002D2D6C6F672D746172676574006A6F75726E616C2D6F722D6B6D7367
type=PROCTITLE msg=audit(1769928799.1061:7373): proctitle=7375646F00726D002D66002F6574632F63726F6E2E642F686964735F70657273697374
type=CWD msg=audit(1769929174.578:9459): cwd="/home/heroic"
type=SYSCALL msg=audit(1769929389.135:4895): arch=c000003e syscall=59 success=yes exit=0 a0=64e1754cb7a0 a1=64e1754cb600 a2=64e1754c38f0 a3=64e1754cb600 items=2 ppid=2527 pid=2381 auid=1340 uid=807 gid=695 euid=1324 suid=1430 fsuid=1321 egid=1003 sgid=1097 fsgid=1472 tty=pts0 ses=3 comm="sh" exe="/bin/sh" subj=unconfined key="process_exec"ARCH=x86_64 SYSCALL=execve AUID="heroic" UID="heroic" GID="heroic" EUID="heroic" SUID="heroic" FSUID="heroic" EGID="heroic" SGID="heroic" FSGID="heroic"
type=CWD msg=audit(1769928915.858:6101): cwd="/root"
type=PROCTITLE msg=audit(1769928788.643:6424): proctitle=746565002F6574632F63726F6E2E642F686964735F70657273697374
type=USER_START msg=audit(1769929307.118:7889): pid=10434 uid=0 auid=1497 ses=3 subj=unconfined msg='op=PAM:session_open grantors=pam_limits,pam_env,pam_env,pam_permit,pam_umask,pam_unix acct="root" exe="/usr/bin/netstat" hostname=? addr=? terminal=/dev/pts/4 res=success'UID="root" AUID="heroic"
type=PROCTITLE msg=audit(1769928588.858:4925): proctitle=626173656E616D65002F7573722F62696E2F6C65737370697065
type=PROCTITLE msg=audit(1769928491.244:6126): proctitle="id"
type=SYSCALL msg=audit(1769928529.32:6733): arch=c000003e syscall=59 success=yes exit=0 a0=5da302dcc8b0 a1=5da302db9970 a2=5da302dc08f0 a3=5da302db9970 items=2 ppid=9224 pid=6631 auid=1007 uid=549 gid=1454 euid=1264 suid=688 fsuid=888 egid=1173 sgid=523 fsgid=1113 tty=pts0 ses=3 comm="last" exe="/bin/sh" subj=unconfined key="process_exec"ARCH=x86_64 SYSCALL=execve AUID="heroic" UID="heroic" GID="heroic" EUID="heroic" SUID="heroic" FSUID="heroic" EGID="heroic" SGID="heroic" FSGID="heroic"
type=SYSCALL msg=audit(1769929330.504:4810): arch=c000003e syscall=59 success=yes exit=0 a0=64e1754cf870 a1=64e1754caa40 a2=64e1754c38f0 a3=64e1754caa40 items=2 ppid=8343 pid=4294 auid=610 uid=1391 gid=1494 euid=1241 suid=967 fsuid=934 egid=651 sgid=973 fsgid=797 tty=pts0 ses=3 comm="sh" exe="/usr/bin/sort" subj=unconfined key="process_exec"ARCH=x86_64 SYSCALL=execve AUID="heroic" UID="heroic" GID="heroic" EUID="heroic" SUID="heroic" FSUID="heroic" EGID="heroic" SGID="heroic" FSGID="heroic"
type=PATH msg=audit(1769928939.533:6925): item=1 name="/lib64/ld-linux-x86-64.so.2" inode=1575118 dev=8:2 mode=101049 ouid=0 ogid=0 rdev=0:0 nametype=NORMAL cap_fp=0 cap_fi=0 cap_fe=0 cap_fver=0 cap_frootid=0OUID="root" OGID="root"
type=CWD msg=audit(1769928638.718:4220): cwd="/root"
type=USER_START msg=audit(1769929377.35:7573): pid=8345 uid=759 auid=698 ses=3 subj=unconfined msg='op=PAM:session_open grantors=pam_limits,pam_env,pam_env,pam_permit,pam_umask,pam_unix acct="root" exe="/usr/bin/df" hostname=? addr=? terminal=/dev/pts/0 res=success'UID="heroic" AUID="heroic"
type=PROCTITLE msg=audit(1769929127.755:6493): proctitle="whoami"
type=PATH msg=audit(1769929116.541:6338): item=1 name="/lib64/ld-linux-x86-64.so.2" inode=1575785 dev=8:2 mode=101139 ouid=0 ogid=0 rdev=0:0 nametype=NORMAL cap_fp=0 cap_fi=0 cap_fe=0 cap_fver=0 cap_frootid=0OUID="root" OGID="root"
type=EXECVE msg=audit(1769929154.400:6906): argc=3 a0="/bin/sh" a1="-c" a2=636F6D6D616E64202D762064656269616E2D736131203E202F6465762F6E756C6C2026262064656269616E2D73613120312031
type=CWD msg=audit(1769928955.1263:4940): cwd=2F746D702F686964735F6D616C6963696F7573202864656C6574656429
type=PROCTITLE msg=audit(1769929154.289:7422): proctitle=646972636F6C6F7273002D62
type=SYSCALL msg=audit(1769928503.195:6895): arch=c000003e syscall=59 success=yes exit=0 a0=64e1754cf190 a1=64e1754ca9b0 a2=64e1754c38f0 a3=8 items=2 ppid=4165 pid=8545 auid=653 uid=918 gid=629 euid=764 suid=1492 fsuid=1062 egid=1219 sgid=1424 fsgid=1325 tty=pts0 ses=3 comm="last" exe="/usr/bin/netstat" subj=unconfined key="process_exec"ARCH=x86_64 SYSCALL=execve AUID="heroic" UID="heroic" GID="heroic" EUID="heroic" SUID="heroic" FSUID="heroic" EGID="heroic" SGID="heroic" FSGID="heroic"
type=PATH msg=audit(1769928586.170:6233): item=1 name="/lib64/ld-linux-x86-64.so.2" inode=1575704 dev=8:2 mode=100551 ouid=0 ogid=0 rdev=0:0 nametype=NORMAL cap_fp=0 cap_fi=0 cap_fe=0 cap_fver=0 cap_frootid=0OUID="root" OGID="root"
type=SYSCALL msg=audit(1769929332.674:6888): arch=c000003e syscall=59 success=yes exit=0 a0=624b72f0d050 a1=624b72f0d150 a2=624b72f0c4b0 a3=624b72f0d1e0 items=2 ppid=8150 pid=1154 auid=4294967699 uid=0 gid=0 euid=0 suid=0 fsuid=0 egid=0 sgid=0 fsgid=0 tty=(none) ses=4294967175 comm="sed" exe="/usr/bin/sort" subj=unconfined key="process_exec"ARCH=x86_64 SYSCALL=execve AUID="unset" UID="root" GID="root" EUID="root" SUID="root" FSUID="root" EGID="root" SGID="root" FSGID="root"
type=PATH msg=audit(1769928517.459:7847): item=0 name="/usr/bin/uname" inode=1578631 dev=8:2 mode=100558 ouid=0 ogid=0 rdev=0:0 nametype=NORMAL cap_fp=0 cap_fi=0 cap_fe=0 cap_fver=0 cap_frootid=0OUID="root" OGID="root"
type=CRED_REFR msg=audit(1769929338.888:7870): pid=7975 uid=1488 auid=1135 ses=3 subj=unconfined msg='op=PAM:setcred grantors=pam_permit,pam_cap acct="root" exe="/usr/bin/netstat" hostname=? addr=? terminal=/dev/pts/0 res=success'UID="heroic" AUID="heroic"
type=PROCTITLE msg=audit(1769928638.416:9547): proctitle=6375726C002D730066696C653A2F2F2F746D702F686964735F6D616C6963696F75732F7061796C6F61642E7368
type=PROCTITLE msg=audit(1769928668.96:7756): proctitle=63686D6F64002B78007061796C6F61642E7368
type=PATH msg=audit(1769929205.605:6033): item=0 name="/proc/self/fd/9" inode=1596345 dev=8:2 mode=101165 ouid=0 ogid=0 rdev=0:0 nametype=NORMAL cap_fp=0 cap_fi=0 cap_fe=0 cap_fver=0 cap_frootid=0OUID="root" OGID="root"
type=CWD msg=audit(1769929033.29:5481): cwd="/tmp"
type=EXECVE msg=audit(1769928466.345:4749): argc=2 a0="rmdir" a1="/tmp/hids_malicious"
type=SYSCALL msg=audit(1769929097.606:5568): arch=c000003e syscall=59 success=yes exit=0 a0=64e1754cf850 a1=64e1754cf8b0 a2=64e1754c38f0 a3=64e1754cf8b0 items=2 ppid=5947 pid=1372 auid=1373 uid=1279 gid=1388 euid=786 suid=1000 fsuid=1196 egid=662 sgid=1134 fsgid=642 tty=pts0 ses=3 comm="tail" exe="/usr/bin/df" subj=unconfined key="process_exec"ARCH=x86_64 SYSCALL=execve AUID="heroic" UID="heroic" GID="heroic" EUID="heroic" SUID="heroic" FSUID="heroic" EGID="heroic" SGID="heroic" FSGID="heroic"
type=CRED_DISP msg=audit(1769928660.864:8256): pid=2854 uid=829 auid=1161 ses=3 subj=unconfined msg='op=PAM:setcred grantors=pam_permit acct="root" exe="/usr/bin/python3" hostname=? addr=? terminal=/dev/pts/0 res=success'UID="heroic" AUID="heroic"
type=SYSCALL msg=audit(1769929164.675:6631): arch=c000003e syscall=59 success=yes exit=0 a0=64e1754cb6e0 a1=64e1754d1a80 a2=64e1754c38f0 a3=1 items=2 ppid=1769 pid=2097 auid=1079 uid=507 gid=918 euid=1327 suid=1206 fsuid=1087 egid=735 sgid=596 fsgid=934 tty=pts0 ses=3 comm="last" exe="/usr/bin/sudo" subj=unconfined key="process_exec"ARCH=x86_64 SYSCALL=execve AUID="heroic" UID="heroic" GID="heroic" EUID="heroic" SUID="heroic" FSUID="heroic" EGID="heroic" SGID="heroic" FSGID="heroic"
type=EXECVE msg=audit(1769928462.898:8370): argc=2 a0="/usr/bin/gpg" a1="--version"
type=SYSCALL msg=audit(1769928912.175:9152): arch=c000003e syscall=59 success=yes exit=0 a0=5da302dcca90 a1=5da302dcc570 a2=5da302dc08f0 a3=5da302dcc430 items=2 ppid=5899 pid=8443 auid=1179 uid=1035 gid=1442 euid=567 suid=1427 fsuid=1409 egid=992 sgid=1221 fsgid=536 tty=pts0 ses=3 comm="df" exe="/usr/bin/tail" subj=unconfined key="process_exec"ARCH=x86_64 SYSCALL=execve AUID="heroic" UID="heroic" GID="heroic" EUID="heroic" SUID="heroic" FSUID="heroic" EGID="heroic" SGID="heroic" FSGID="heroic"
type=EXECVE msg=audit(1769928730.686:4913): argc=4 a0="sudo" a1="tail" a2="-f" a3="/var/log/audit/audit.log"
type=CWD msg=audit(1769929363.753:6673): cwd=2F746D702F686964735F6D616C6963696F7573202864656C6574656429
type=PATH msg=audit(1769928498.534:8760): item=1 name="/lib64/ld-linux-x86-64.so.2" inode=1575610 dev=8:2 mode=100673 ouid=0 ogid=0 rdev=0:0 nametype=NORMAL cap_fp=0 cap_fi=0 cap_fe=0 cap_fver=0 cap_frootid=0OUID="root" OGID="root"
type=CWD msg=audit(1769928707.21:8228): cwd="/tmp"
type=PATH msg=audit(1769928597.960:5891): item=0 name="/usr/bin/tee" inode=1578612 dev=8:2 mode=101194 ouid=0 ogid=0 rdev=0:0 nametype=NORMAL cap_fp=0 cap_fi=0 cap_fe=0 cap_fver=0 cap_frootid=0OUID="root" OGID="root"
type=SYSCALL msg=audit(1769928879.540:6236): arch=c000003e syscall=59 success=yes exit=0 a0=568dd2e3fb68 a1=568dd2e4fba0 a2=568dd2e627a0 a3=64 items=2 ppid=1307 pid=10139 auid=1003 uid=0 gid=0 euid=0 suid=0 fsuid=0 egid=0 sgid=0 fsgid=0 tty=pts1 ses=3 comm="sort" exe="/usr/bin/netstat" subj=unconfined key="process_exec"ARCH=x86_64 SYSCALL=execve AUID="heroic" UID="root" GID="root" EUID="root" SUID="root" FSUID="root" EGID="root" SGID="root" FSGID="root"
type=EXECVE msg=audit(1769928753.530:5131): argc=3 a0="sudo" a1="tee" a2="/etc/cron.d/hids_persist"
type=PATH msg=audit(1769928786.295:6977): item=0 name="/usr/bin/ss" inode=1574677 dev=8:2 mode=100505 ouid=0 ogid=0 rdev=0:0 nametype=NORMAL cap_fp=0 cap_fi=0 cap_fe=0 cap_fver=0 cap_frootid=0OUID="root" OGID="root"
type=SYSCALL msg=audit(1769928976.956:8836): arch=c000003e syscall=1 success=yes exit=1 a0=7 a1=7ffeb4c10450 a2=1 a3=0 items=0 ppid=4543 pid=5293 auid=0 uid=0 gid=0 euid=0 suid=0 fsuid=0 egid=0 sgid=0 fsgid=0 tty=(none) ses=5 comm="netstat" exe="/usr/bin/last" subj=unconfined key=(null)ARCH=x86_64 SYSCALL=write AUID="root" UID="root" GID="root" EUID="root" SUID="root" FSUID="root" EGID="root" SGID="root" FSGID="root"
type=USER_CMD msg=audit(1769928525.912:5064): pid=7032 uid=895 auid=646 ses=3 subj=unconfined msg='cwd="/root" cmd=726D202D66202F6574632F63726F6E2E642F686964735F70657273697374 exe="/usr/bin/sed" terminal=pts/0 res=success'UID="heroic" AUID="heroic"
type=PATH msg=audit(1769929105.641:4338): item=0 name="/usr/bin/mkdir" inode=1578189 dev=8:2 mode=100825 ouid=0 ogid=0 rdev=0:0 nametype=NORMAL cap_fp=0 cap_fi=0 cap_fe=0 cap_fver=0 cap_frootid=0OUID="root" OGID="root"
type=PATH msg=audit(1769929096.575:5825): item=0 name="/usr/lib/sysstat/sadc" inode=1582239 dev=8:2 mode=100354 ouid=0 ogid=0 rdev=0:0 nametype=NORMAL cap_fp=0 cap_fi=0 cap_fe=0 cap_fver=0 cap_frootid=0OUID="root" OGID="root"
type=PROCTITLE msg=audit(1769928780.1194:5305): proctitle=746565002F6574632F63726F6E2E642F686964735F70657273697374
type=CWD msg=audit(1769928915.233:5196): cwd="/home/heroic"
type=EXECVE msg=audit(1769928859.1149:7055): argc=2 a0="sleep" a1="5"
type=PROCTITLE msg=audit(1769929029.775:6781): proctitle="bash"
type=CWD msg=audit(1769928949.420:5159): cwd="/root"
type=CWD msg=audit(1769928458.123:8212): cwd="/home/heroic"
type=CWD msg=audit(1769928578.1071:8320): cwd="/usr/local/bin"
type=PATH msg=audit(1769928602.428:4923): item=1 name="/lib64/ld-linux-x86-64.so.2" inode=1575452 dev=8:2 mode=100380 ouid=0 ogid=0 rdev=0:0 nametype=NORMAL cap_fp=0 cap_fi=0 cap_fe=0 cap_fver=0 cap_frootid=0OUID="root" OGID="root"
type=PROCTITLE msg=audit(1769928993.484:5956): proctitle=707300617578
type=SYSCALL msg=audit(1769929007.682:3617): arch=c000003e syscall=237 success=yes exit=0 a0=ffffff9c a1=5aab5d47d4a0 a2=0 a3=5aab5d47e900 items=2 ppid=6035 pid=6807 auid=915 uid=0 gid=0 euid=0 suid=0 fsuid=0 egid=0 sgid=0 fsgid=0 tty=pts4 ses=3 comm="sh" exe="/usr/bin/last" subj=unconfined key="persistence"ARCH=x86_64 SYSCALL=unlinkat AUID="heroic" UID="root" GID="root" EUID="root" SUID="root" FSUID="root" EGID="root" SGID="root" FSGID="root"
type=USER_END msg=audit(1769928882.1087:8389): pid=5097 uid=0 auid=1267 ses=5 subj=unconfined msg='op=PAM:session_close grantors=pam_limits,pam_env,pam_env,pam_permit,pam_umask,pam_unix acct="root" exe="/usr/bin/python3" hostname=? addr=? terminal=/dev/pts/1 res=success'UID="root" AUID="heroic"
type=USER_CMD msg=audit(1769929170.852:6617): pid=9014 uid=1468 auid=721 ses=3 subj=unconfined msg='cwd="/var/ossec" cmd="whoami" exe="/bin/sh" terminal=pts/0 res=success'UID="heroic" AUID="heroic"
type=CWD msg=audit(1769929370.84:4216): cwd="/root"
type=SYSCALL msg=audit(1769929243.314:4649): arch=c000003e syscall=59 success=yes exit=0 a0=7ffd2e5d34c0 a1=7ffd2e5d34e0 a2=7ffd2e5d3fd0 a3=8 items=2 ppid=6866 pid=2580 auid=4294967094 uid=0 gid=0 euid=0 suid=0 fsuid=0 egid=0 sgid=0 fsgid=0 tty=(none) ses=4294966826 comm="sudo" exe="/usr/bin/sed" subj=unconfined key="process_exec"ARCH=x86_64 SYSCALL=execve AUID="unset" UID="root" GID="root" EUID="root" SUID="root" FSUID="root" EGID="root" SGID="root" FSGID="root"
type=CWD msg=audit(1769929186.1112:9172): cwd="/root"
type=EXECVE msg=audit(1769929294.496:9143): argc=3 a0="last" a1="-n" a2="20"
type=CWD msg=audit(1769929179.29:7404): cwd=2F746D702F686964735F6D616C6963696F7573202864656C6574656429
type=PATH msg=audit(1769929264.288:9079): item=0 name="/usr/bin/tee" inode=1578118 dev=8:2 mode=100618 ouid=0 ogid=0 rdev=0:0 nametype=NORMAL cap_fp=0 cap_fi=0 cap_fe=0 cap_fver=0 cap_frootid=0OUID="root" OGID="root"
type=EXECVE msg=audit(1769929279.29:4294): argc=1 a0="/usr/libexec/nm-dispatcher"
type=EXECVE msg=audit(1769928730.450:9599): argc=58 a0="rm" a1="-f" a2="file_10.dat" a3="file_11.dat" a4="file_12.dat" a5="file_13.dat" a6="file_14.dat" a7="file_15.dat" a8="file_16.dat" a9="file_17.dat" a10="file_18.dat" a11="file_19.dat" a12="file_1.dat" a13="file_20.dat" a14="file_21.dat" a15="file_22.dat" a16="file_23.dat" a17="file_24.dat" a18="file_25.dat" a19="file_26.dat" a20="file_27.dat" a21="file_28.dat" a22="file_29.dat" a23="file_2.dat" a24="file_30.dat" a25="file_31.dat" a26="file_32.dat" a27="file_33.dat" a28="file_34.dat" a29="file_35.dat" a30="file_36.dat" a31="file_37.dat" a32="file_38.dat" a33="file_39.dat" a34="file_3.dat" a35="file_40.dat" a36="file_41.dat" a37="file_42.dat" a38="file_43.dat" a39="file_44.dat" a40="file_45.dat" a41="file_46.dat" a42="file_47.dat" a43="file_48.dat" a44="file_49.dat" a45="file_4.dat" a46="file_50.dat" a47="file_5.dat" a48="file_6.dat" a49="file_7.dat" a50="file_8.dat" a51="file_9.dat" a52="payload.sh" a53="recon.txt" a54="netstat.txt" a55="processes.txt" a56="sudo_enum.txt" a57="sudo_test.txt"
type=EXECVE msg=audit(1769928553.537:7870): argc=4 a0="sudo" a1="rm" a2="-f" a3="/etc/cron.d/hids_persist"
type=EXECVE msg=audit(1769929057.487:6313): argc=3 a0="chmod" a1="+x" a2="payload.sh"
type=SYSCALL msg=audit(1769928936.212:7173): arch=c000003e syscall=59 success=yes exit=0 a0=5da302dccc70 a1=5da302dc7a40 a2=5da302dc08f0 a3=5da302dcd0f0 items=2 ppid=7262 pid=2445 auid=1168 uid=1051 gid=512 euid=1112 suid=963 fsuid=1054 egid=1136 sgid=1325 fsgid=1461 tty=pts0 ses=3 comm="sh" exe="/usr/bin/python3" subj=unconfined key="process_exec"ARCH=x86_64 SYSCALL=execve AUID="heroic" UID="heroic" GID="heroic" EUID="heroic" SUID="heroic" FSUID="heroic" EGID="heroic" SGID="heroic" FSGID="heroic"
type=SYSCALL msg=audit(1769928518.624:5722): arch=c000003e syscall=659 success=yes exit=3 a0=ffffff9c a1=7ffd4975272c a2=566 a3=1b6 items=2 ppid=7125 pid=3709 auid=1225 uid=0 gid=0 euid=0 suid=0 fsuid=0 egid=0 sgid=0 fsgid=0 tty=pts4 ses=3 comm="last" exe="/usr/bin/tail" subj=unconfined key="persistence"ARCH=x86_64 SYSCALL=openat AUID="heroic" UID="root" GID="root" EUID="root" SUID="root" FSUID="root" EGID="root" SGID="root" FSGID="root"
type=EXECVE msg=audit(1769928849.85:4621): argc=2 a0="ls" a1="--color=auto"
type=EXECVE msg=audit(1769929315.409:6871): argc=1 a0="id"
type=SYSCALL msg=audit(1769928977.437:7180): arch=c000003e syscall=59 success=yes exit=0 a0=5da302dccc70 a1=5da302dccf70 a2=5da302dc08f0 a3=5da302dccf70 items=2 ppid=6117 pid=7378 auid=956 uid=1492 gid=1390 euid=0 suid=0 fsuid=0 egid=1229 sgid=1332 fsgid=947 tty=pts0 ses=3 comm="ss" exe="/usr/bin/tail" subj=unconfined key="process_exec"ARCH=x86_64 SYSCALL=execve AUID="heroic" UID="heroic" GID="heroic" EUID="root" SUID="root" FSUID="root" EGID="heroic" SGID="heroic" FSGID="heroic"
type=USER_START msg=audit(1769928950.439:7214): pid=8575 uid=1266 auid=563 ses=3 subj=unconfined msg='op=PAM:session_open grantors=pam_limits,pam_env,pam_env,pam_permit,pam_umask,pam_unix acct="root" exe="/usr/bin/netstat" hostname=? addr=? terminal=/dev/pts/0 res=success'UID="heroic" AUID="heroic"
type=USER_CMD msg=audit(1769928926.39:9871): pid=2096 uid=980 auid=1028 ses=3 subj=unconfined msg='cwd="/root" cmd=746565202F6574632F63726F6E2E642F686964735F70657273697374 exe="/usr/bin/sed" terminal=pts/0 res=success'UID="heroic" AUID="heroic"
type=USER_ACCT msg=audit(1769928562.350:10111): pid=7250 uid=642 auid=855 ses=3 subj=unconfined msg='op=PAM:accounting grantors=pam_permit,pam_localuser acct="heroic" exe="/bin/sh" hostname=? addr=? terminal=/dev/pts/0 res=success'UID="heroic" AUID="heroic"
type=PATH msg=audit(1769928662.302:7200): item=0 name="/usr/bin/sudo" inode=1573883 dev=8:2 mode=104839 ouid=0 ogid=0 rdev=0:0 nametype=NORMAL cap_fp=0 cap_fi=0 cap_fe=0 cap_fver=0 cap_frootid=0OUID="root" OGID="root"
type=EXECVE msg=audit(1769929304.644:7714): argc=4 a0="sudo" a1="rm" a2="-f" a3="/etc/cron.d/hids_persist"
type=EXECVE msg=audit(1769929389.337:5412): argc=1 a0="whoami"
type=PATH msg=audit(1769929380.318:6527): item=1 name="/lib64/ld-linux-x86-64.so.2" inode=1575812 dev=8:2 mode=100949 ouid=0 ogid=0 rdev=0:0 nametype=NORMAL cap_fp=0 cap_fi=0 cap_fe=0 cap_fver=0 cap_frootid=0OUID="root" OGID="root"
type=SYSCALL msg=audit(1769928815.261:9221): arch=c000003e syscall=59 success=yes exit=0 a0=64e1754cb980 a1=64e1754cf2b0 a2=64e1754c38f0 a3=64e1754cf2b0 items=2 ppid=872 pid=7268 auid=620 uid=727 gid=749 euid=1000 suid=1321 fsuid=762 egid=1089 sgid=686 fsgid=1499 tty=pts0 ses=3 comm="last" exe="/bin/sh" subj=unconfined key="process_exec"ARCH=x86_64 SYSCALL=execve AUID="heroic" UID="heroic" GID="heroic" EUID="heroic" SUID="heroic" FSUID="heroic" EGID="heroic" SGID="heroic" FSGID="heroic"
type=PATH msg=audit(1769928717.940:7852): item=1 name="/lib64/ld-linux-x86-64.so.2" inode=1575260 dev=8:2 mode=101010 ouid=0 ogid=0 rdev=0:0 nametype=NORMAL cap_fp=0 cap_fi=0 cap_fe=0 cap_fver=0 cap_frootid=0OUID="root" OGID="root"
type=PATH msg=audit(1769928716.791:9007): item=0 name="/usr/bin/sudo" inode=1574661 dev=8:2 mode=104565 ouid=0 ogid=0 rdev=0:0 nametype=NORMAL cap_fp=0 cap_fi=0 cap_fe=0 cap_fver=0 cap_frootid=0OUID="root" OGID="root"
type=PATH msg=audit(1769928485.153:7155): item=1 name="/lib64/ld-linux-x86-64.so.2" inode=1575769 dev=8:2 mode=100687 ouid=0 ogid=0 rdev=0:0 nametype=NORMAL cap_fp=0 cap_fi=0 cap_fe=0 cap_fver=0 cap_frootid=0OUID="root" OGID="root"
type=PATH msg=audit(1769929303.559:5753): item=1 name="/lib64/ld-linux-x86-64.so.2" inode=1575319 dev=8:2 mode=101035 ouid=0 ogid=0 rdev=0:0 nametype=NORMAL cap_fp=0 cap_fi=0 cap_fe=0 cap_fver=0 cap_frootid=0OUID="root" OGID="root"
type=PATH msg=audit(1769929380.642:7998): item=2 name="/lib64/ld-linux-x86-64.so.2" inode=1575765 dev=8:2 mode=100603 ouid=0 ogid=0 rdev=0:0 nametype=NORMAL cap_fp=0 cap_fi=0 cap_fe=0 cap_fver=0 cap_frootid=0OUID="root" OGID="root"
type=EXECVE msg=audit(1769928673.841:7459): argc=1 a0="bash"
type=SYSCALL msg=audit(1769929131.1203:6257): arch=c000003e syscall=59 success=yes exit=0 a0=5da302dc6e20 a1=5da302dc86e0 a2=5da302dc08f0 a3=5da302dc86e0 items=2 ppid=4354 pid=1738 auid=888 uid=1401 gid=1457 euid=580 suid=1391 fsuid=702 egid=863 sgid=1190 fsgid=1261 tty=pts0 ses=3 comm="sed" exe="/usr/bin/sort" subj=unconfined key="process_exec"ARCH=x86_64 SYSCALL=execve AUID="heroic" UID="heroic" GID="heroic" EUID="heroic" SUID="heroic" FSUID="heroic" EGID="heroic" SGID="heroic" FSGID="heroic"
type=PATH msg=audit(1769929172.747:8860): item=0 name="/etc/cron.d/" inode=1704029 dev=8:2 mode=40563 ouid=0 ogid=0 rdev=0:0 nametype=PARENT cap_fp=0 cap_fi=0 cap_fe=0 cap_fver=0 cap_frootid=0OUID="root" OGID="root"
type=PATH msg=audit(1769929369.109:8375): item=1 name="/lib64/ld-linux-x86-64.so.2" inode=1575242 dev=8:2 mode=100782 ouid=0 ogid=0 rdev=0:0 nametype=NORMAL cap_fp=0 cap_fi=0 cap_fe=0 cap_fver=0 cap_frootid=0OUID="root" OGID="root"
type=PROCTITLE msg=audit(1769928411.506:8527): proctitle=63686D6F64002B78007061796C6F61642E7368
type=PROCTITLE msg=audit(1769928792.419:9627): proctitle=726D002D66002F6574632F63726F6E2E642F686964735F70657273697374
type=PATH msg=audit(1769929022.273:8800): item=1 name="/lib64/ld-linux-x86-64.so.2" inode=1575014 dev=8:2 mode=100595 ouid=0 ogid=0 rdev=0:0 nametype=NORMAL cap_fp=0 cap_fi=0 cap_fe=0 cap_fver=0 cap_frootid=0OUID="root" OGID="root"
type=PROCTITLE msg=audit(1769928859.268:9092): proctitle=726D002D66002F6574632F63726F6E2E642F686964735F70657273697374
type=PROCTITLE msg=audit(1769928669.679:9712): proctitle=707300617578
type=PATH msg=audit(1769928635.20:9055): item=0 name="/usr/bin/sleep" inode=1578135 dev=8:2 mode=101108 ouid=0 ogid=0 rdev=0:0 nametype=NORMAL cap_fp=0 cap_fi=0 cap_fe=0 cap_fver=0 cap_frootid=0OUID="root" OGID="root"
type=CWD msg=audit(1769928924.809:5291): cwd=2F746D702F686964735F6D616C6963696F7573202864656C6574656429
type=SYSCALL msg=audit(1769928664.435:5625): arch=c000003e syscall=59 success=yes exit=0 a0=62a716367b68 a1=62a716377ba0 a2=62a71638a7a0 a3=64 items=2 ppid=7992 pid=3322 auid=1262 uid=0 gid=0 euid=0 suid=0 fsuid=0 egid=0 sgid=0 fsgid=0 tty=pts4 ses=3 comm="sed" exe="/usr/bin/sudo" subj=unconfined key="process_exec"ARCH=x86_64 SYSCALL=execve AUID="heroic" UID="root" GID="root" EUID="root" SUID="root" FSUID="root" EGID="root" SGID="root" FSGID="root"
type=SYSCALL msg=audit(1769928889.796:10240): arch=c000003e syscall=59 success=yes exit=0 a0=644cd4b45538 a1=644cd4b454e0 a2=644cd4b45500 a3=8 items=3 ppid=997 pid=2718 auid=0 uid=0 gid=0 euid=0 suid=0 fsuid=0 egid=0 sgid=0 fsgid=0 tty=(none) ses=8 comm="sudo" exe="/usr/bin/tail" subj=unconfined key="process_exec"ARCH=x86_64 SYSCALL=execve AUID="root" UID="root" GID="root" EUID="root" SUID="root" FSUID="root" EGID="root" SGID="root" FSGID="root"
type=SYSCALL msg=audit(1769928527.480:8570): arch=c000003e syscall=59 success=yes exit=0 a0=575c1f263e88 a1=575c1f263d00 a2=575c1f263d18 a3=1 items=2 ppid=5167 pid=5983 auid=624 uid=1304 gid=1218 euid=828 suid=1116 fsuid=545 egid=1327 sgid=1098 fsgid=1460 tty=pts2 ses=5 comm="ss" exe="/usr/bin/sort" subj=unconfined key="process_exec"ARCH=x86_64 SYSCALL=execve AUID="heroic" UID="heroic" GID="heroic" EUID="heroic" SUID="heroic" FSUID="heroic" EGID="heroic" SGID="heroic" FSGID="heroic"
type=EXECVE msg=audit(1769928933.458:7342): argc=1 a0="bash"
type=CWD msg=audit(1769929136.347:8561): cwd=2F746D702F686964735F6D616C6963696F7573202864656C6574656429
type=USER_END msg=audit(1769928723.865:10176): pid=2517 uid=539 auid=1319 ses=3 subj=unconfined msg='op=PAM:session_close grantors=pam_limits,pam_env,pam_env,pam_permit,pam_umask,pam_unix acct="root" exe="/usr/bin/python3" hostname=? addr=? terminal=/dev/pts/0 res=success'UID="heroic" AUID="heroic"
type=SYSCALL msg=audit(1769928966.266:9769): arch=c000003e syscall=59 success=yes exit=0 a0=64e1754cfd10 a1=64e1754ca090 a2=64e1754c38f0 a3=8 items=2 ppid=2809 pid=10228 auid=1116 uid=1409 gid=1252 euid=900 suid=1217 fsuid=1144 egid=540 sgid=649 fsgid=526 tty=pts0 ses=3 comm="python" exe="/bin/sh" subj=unconfined key="process_exec"ARCH=x86_64 SYSCALL=execve AUID="heroic" UID="heroic" GID="heroic" EUID="heroic" SUID="heroic" FSUID="heroic" EGID="heroic" SGID="heroic" FSGID="heroic"
type=PROCTITLE msg=audit(1769928650.715:5506): proctitle=2F7573722F7362696E2F43524F4E002D66002D50
type=PROCTITLE msg=audit(1769928608.535:9428): proctitle=726D646972002F746D702F686964735F6D616C6963696F7573
type=PROCTITLE msg=audit(1769928724.57:5839): proctitle=7375646F00726D002D66002F6574632F63726F6E2E642F686964735F70657273697374
type=PATH msg=audit(1769929091.1015:5590): item=1 name="/lib64/ld-linux-x86-64.so.2" inode=1575454 dev=8:2 mode=100265 ouid=0 ogid=0 rdev=0:0 nametype=NORMAL cap_fp=0 cap_fi=0 cap_fe=0 cap_fver=0 cap_frootid=0OUID="root" OGID="root"
type=SYSCALL msg=audit(1769928590.409:4455): arch=c000003e syscall=59 success=yes exit=0 a0=6006a0801bc0 a1=6006a0801900 a2=6006a0801b68 a3=1 items=2 ppid=9381 pid=4734 auid=4294967747 uid=0 gid=281 euid=0 suid=0 fsuid=0 egid=337 sgid=441 fsgid=246 tty=(none) ses=4294967563 comm="sort" exe="/usr/bin/netstat" subj=unconfined key="process_exec"ARCH=x86_64 SYSCALL=execve AUID="unset" UID="root" GID="wazuh" EUID="root" SUID="root" FSUID="root" EGID="wazuh" SGID="wazuh" FSGID="wazuh"
type=PATH msg=audit(1769928829.570:5068): item=0 name="/usr/bin/sudo" inode=1574387 dev=8:2 mode=105235 ouid=0 ogid=0 rdev=0:0 nametype=NORMAL cap_fp=0 cap_fi=0 cap_fe=0 cap_fver=0 cap_frootid=0OUID="root" OGID="root"
type=CRED_DISP msg=audit(1769928756.784:6936): pid=7060 uid=1290 auid=926 ses=3 subj=unconfined msg='op=PAM:setcred grantors=pam_permit acct="root" exe="/usr/bin/sed" hostname=? addr=? terminal=/dev/pts/0 res=success'UID="heroic" AUID="heroic"
type=PATH msg=audit(1769928662.759:6675): item=0 name="/usr/bin/sudo" inode=1574757 dev=8:2 mode=104576 ouid=0 ogid=0 rdev=0:0 nametype=NORMAL cap_fp=0 cap_fi=0 cap_fe=0 cap_fver=0 cap_frootid=0OUID="root" OGID="root"
type=PATH msg=audit(1769928897.621:4650): item=1 name="/lib64/ld-linux-x86-64.so.2" inode=1575164 dev=8:2 mode=100418 ouid=0 ogid=0 rdev=0:0 nametype=NORMAL cap_fp=0 cap_fi=0 cap_fe=0 cap_fver=0 cap_frootid=0OUID="root" OGID="root"
type=SYSCALL msg=audit(1769928691.1046:9423): arch=c000003e syscall=59 success=yes exit=0 a0=5da302dc9bc0 a1=5da302dc08a0 a2=5da302dc08f0 a3=5da302dc08a0 items=2 ppid=2198 pid=7355 auid=1392 uid=634 gid=1295 euid=966 suid=699 fsuid=791 egid=833 sgid=1203 fsgid=1069 tty=pts0 ses=3 comm="df" exe="/usr/bin/df" subj=unconfined key="process_exec"ARCH=x86_64 SYSCALL=execve AUID="heroic" UID="heroic" GID="heroic" EUID="heroic" SUID="heroic" FSUID="heroic" EGID="heroic" SGID="heroic" FSGID="heroic"
type=PATH msg=audit(1769928856.910:4129): item=0 name="/usr/bin/whoami" inode=1578484 dev=8:2 mode=100286 ouid=0 ogid=0 rdev=0:0 nametype=NORMAL cap_fp=0 cap_fi=0 cap_fe=0 cap_fver=0 cap_frootid=0OUID="root" OGID="root"
type=CWD msg=audit(1769929192.337:6050): cwd="/root"
type=PATH msg=audit(1769929111.1185:6201): item=0 name="/bin/sh" inode=1573379 dev=8:2 mode=100929 ouid=0 ogid=0 rdev=0:0 nametype=NORMAL cap_fp=0 cap_fi=0 cap_fe=0 cap_fver=0 cap_frootid=0OUID="root" OGID="root"
type=PATH msg=audit(1769929261.955:5523): item=2 name="/lib64/ld-linux-x86-64.so.2" inode=1575392 dev=8:2 mode=100281 ouid=0 ogid=0 rdev=0:0 nametype=NORMAL cap_fp=0 cap_fi=0 cap_fe=0 cap_fver=0 cap_frootid=0OUID="root" OGID="root"
type=SYSCALL msg=audit(1769929198.480:9249): arch=c000003e syscall=59 success=yes exit=0 a0=64e1754ca420 a1=64e1754cb980 a2=64e1754c38f0 a3=64e1754cb980 items=2 ppid=9249 pid=6616 auid=1062 uid=1194 gid=691 euid=0 suid=0 fsuid=0 egid=834 sgid=852 fsgid=968 tty=pts0 ses=3 comm="ss" exe="/usr/bin/sudo" subj=unconfined key="process_exec"ARCH=x86_64 SYSCALL=execve AUID="heroic" UID="heroic" GID="heroic" EUID="root" SUID="root" FSUID="root" EGID="heroic" SGID="heroic" FSGID="heroic"
type=PATH msg=audit(1769929234.54:6744): item=1 name="/lib64/ld-linux-x86-64.so.2" inode=1575162 dev=8:2 mode=101019 ouid=0 ogid=0 rdev=0:0 nametype=NORMAL cap_fp=0 cap_fi=0 cap_fe=0 cap_fver=0 cap_frootid=0OUID="root" OGID="root"
type=EXECVE msg=audit(1769928573.857:4299): argc=1 a0="whoami"
type=EXECVE msg=audit(1769929403.132:9108): argc=2 a0="uname" a1="-a"
type=CWD msg=audit(1769928575.122:6581): cwd="/usr/local/bin"
type=PATH msg=audit(1769929276.1212:9917): item=0 name="/usr/libexec/gvfsd-recent" inode=1589124 dev=8:2 mode=100466 ouid=0 ogid=0 rdev=0:0 nametype=NORMAL cap_fp=0 cap_fi=0 cap_fe=0 cap_fver=0 cap_frootid=0OUID="root" OGID="root"
type=PATH msg=audit(1769929291.249:6131): item=0 name="/usr/bin/rm" inode=1577690 dev=8:2 mode=100922 ouid=0 ogid=0 rdev=0:0 nametype=NORMAL cap_fp=0 cap_fi=0 cap_fe=0 cap_fver=0 cap_frootid=0OUID="root" OGID="root"
type=EXECVE msg=audit(1769929039.683:9314): argc=3 a0="curl" a1="-s" a2="file:///tmp/hids_malicious/payload.sh"
type=CRED_REFR msg=audit(1769928963.97:4514): pid=4906 uid=579 auid=843 ses=3 subj=unconfined msg='op=PAM:setcred grantors=pam_permit,pam_cap acct="root" exe="/usr/bin/netstat" hostname=? addr=? terminal=/dev/pts/0 res=success'UID="heroic" AUID="heroic"
type=PROCTITLE msg=audit(1769928503.308:4002): proctitle=2F7573722F7362696E2F43524F4E002D66002D50
type=PROCTITLE msg=audit(1769928956.713:5954): proctitle=736C656570003930
type=PATH msg=audit(1769929295.996:7256): item=0 name="/usr/bin/sleep" inode=1578401 dev=8:2 mode=100728 ouid=0 ogid=0 rdev=0:0 nametype=NORMAL cap_fp=0 cap_fi=0 cap_fe=0 cap_fver=0 cap_frootid=0OUID="root" OGID="root"
type=EXECVE msg=audit(1769929396.628:6345): argc=2 a0="dirname" a1="/usr/bin/lesspipe"
type=EXECVE msg=audit(1769928420.476:6231): argc=8 a0="/usr/lib/sysstat/sadc" a1="-F" a2="-L" a3="-S" a4="DISK" a5="1" a6="1" a7="/var/log/sysstat"
type=SERVICE_STOP msg=audit(1769929114.989:8718): pid=8378 uid=0 auid=4294967583 ses=4294967275 subj=unconfined msg='unit=NetworkManager-dispatcher comm="sort" exe="/usr/bin/last" hostname=? addr=? terminal=? res=success'UID="root" AUID="unset"
type=SYSCALL msg=audit(1769929133.602:7150): arch=c000003e syscall=59 success=yes exit=0 a0=575c1f263e88 a1=575c1f263d00 a2=575c1f263d18 a3=1 items=2 ppid=9515 pid=9060 auid=1190 uid=934 gid=508 euid=685 suid=604 fsuid=921 egid=657 sgid=1086 fsgid=644 tty=pts2 ses=5 comm="sort" exe="/usr/bin/sudo" subj=unconfined key="process_exec"ARCH=x86_64 SYSCALL=execve AUID="heroic" UID="heroic" GID="heroic" EUID="heroic" SUID="heroic" FSUID="heroic" EGID="heroic" SGID="heroic" FSGID="heroic"
type=PATH msg=audit(1769928868.183:8313): item=0 name="/usr/bin/sleep" inode=1578392 dev=8:2 mode=100360 ouid=0 ogid=0 rdev=0:0 nametype=NORMAL cap_fp=0 cap_fi=0 cap_fe=0 cap_fver=0 cap_frootid=0OUID="root" OGID="root"
type=CWD msg=audit(1769928962.39:9563): cwd="/root"
type=CWD msg=audit(1769928592.406:9601): cwd=2F746D702F686964735F6D616C6963696F7573202864656C6574656429
type=PATH msg=audit(1769929185.732:4753): item=0 name="/usr/bin/whoami" inode=1578476 dev=8:2 mode=100364 ouid=0 ogid=0 rdev=0:0 nametype=NORMAL cap_fp=0 cap_fi=0 cap_fe=0 cap_fver=0 cap_frootid=0OUID="root" OGID="root"
type=PATH msg=audit(1769928421.482:7536): item=0 name="/usr/bin/ls" inode=1577686 dev=8:2 mode=101021 ouid=0 ogid=0 rdev=0:0 nametype=NORMAL cap_fp=0 cap_fi=0 cap_fe=0 cap_fver=0 cap_frootid=0OUID="root" OGID="root"
type=PROCTITLE msg=audit(1769929263.157:5773): proctitle=726D002D66002F6574632F63726F6E2E642F686964735F70657273697374
type=CWD msg=audit(1769928472.942:8659): cwd=2F746D702F686964735F6D616C6963696F7573202864656C6574656429
type=PROCTITLE msg=audit(1769928779.1163:7535): proctitle=7375646F00726D002D66002F6574632F63726F6E2E642F686964735F70657273697374
type=SERVICE_START msg=audit(1769928645.34:7947): pid=9785 uid=0 auid=4294967091 ses=4294967057 subj=unconfined msg='unit=fprintd comm="tail" exe="/usr/bin/last" hostname=? addr=? terminal=? res=success'UID="root" AUID="unset"
type=EXECVE msg=audit(1769929163.704:8235): argc=2 a0="sleep" a1="90"
type=SYSCALL msg=audit(1769928612.467:7330): arch=c000003e syscall=59 success=yes exit=0 a0=5da302dccbb0 a1=5da302dccb90 a2=5da302dc08f0 a3=5da302dccb90 items=2 ppid=9699 pid=1885 auid=634 uid=1181 gid=1358 euid=0 suid=0 fsuid=0 egid=638 sgid=903 fsgid=1160 tty=pts0 ses=3 comm="ss" exe="/usr/bin/sed" subj=unconfined key="process_exec"ARCH=x86_64 SYSCALL=execve AUID="heroic" UID="heroic" GID="heroic" EUID="root" SUID="root" FSUID="root" EGID="heroic" SGID="heroic" FSGID="heroic"
type=CRED_REFR msg=audit(1769929331.366:4748): pid=6486 uid=767 auid=1207 ses=3 subj=unconfined msg='op=PAM:setcred grantors=pam_permit,pam_cap acct="root" exe="/usr/bin/sudo" hostname=? addr=? terminal=/dev/pts/0 res=success'UID="heroic" AUID="heroic"
type=PATH msg=audit(1769929236.250:4892): item=1 name="/lib64/ld-linux-x86-64.so.2" inode=1574971 dev=8:2 mode=101130 ouid=0 ogid=0 rdev=0:0 nametype=NORMAL cap_fp=0 cap_fi=0 cap_fe=0 cap_fver=0 cap_frootid=0OUID="root" OGID="root"
type=SYSCALL msg=audit(1769929227.1341:8302): arch=c000003e syscall=59 success=yes exit=0 a0=5da302dcd5d0 a1=5da302dcd3d0 a2=5da302dc08f0 a3=5da302dcd3d0 items=2 ppid=4904 pid=1551 auid=855 uid=537 gid=1052 euid=706 suid=1424 fsuid=783 egid=604 sgid=1198 fsgid=533 tty=pts0 ses=3 comm="last" exe="/usr/bin/python3" subj=unconfined key="process_exec"ARCH=x86_64 SYSCALL=execve AUID="heroic" UID="heroic" GID="heroic" EUID="heroic" SUID="heroic" FSUID="heroic" EGID="heroic" SGID="heroic" FSGID="heroic"
type=CWD msg=audit(1769929162.694:6145): cwd="/tmp"
type=CWD msg=audit(1769928716.1122:8898): cwd="/home/heroic"
type=PATH msg=audit(1769928645.1024:9671): item=1 name="/etc/cron.d/hids_persist" inode=1703860 dev=8:2 mode=100710 ouid=0 ogid=0 rdev=0:0 nametype=CREATE cap_fp=0 cap_fi=0 cap_fe=0 cap_fver=0 cap_frootid=0OUID="root" OGID="root"
type=PROCTITLE msg=audit(1769929252.29:6214): proctitle=726D002D660066696C655F31302E6461740066696C655F31312E6461740066696C655F31322E6461740066696C655F31332E6461740066696C655F31342E6461740066696C655F31352E6461740066696C655F31362E6461740066696C655F31372E6461740066696C655F31382E6461740066696C655F31392E646174006669
type=CWD msg=audit(1769928972.36:5988): cwd="/usr/local/bin"
type=PATH msg=audit(1769929219.893:6190): item=0 name="/usr/bin/tee" inode=1578552 dev=8:2 mode=100306 ouid=0 ogid=0 rdev=0:0 nametype=NORMAL cap_fp=0 cap_fi=0 cap_fe=0 cap_fver=0 cap_frootid=0OUID="root" OGID="root"
type=PROCTITLE msg=audit(1769929278.163:6906): proctitle=736C656570003930
type=CWD msg=audit(1769929013.597:9124): cwd="/usr/local/bin"
type=CWD msg=audit(1769929316.903:6403): cwd="/root"
type=PATH msg=audit(1769929282.384:5478): item=1 name="/lib64/ld-linux-x86-64.so.2" inode=1575591 dev=8:2 mode=100764 ouid=0 ogid=0 rdev=0:0 nametype=NORMAL cap_fp=0 cap_fi=0 cap_fe=0 cap_fver=0 cap_frootid=0OUID="root" OGID="root"
type=SYSCALL msg=audit(1769928755.669:9719): arch=c000003e syscall=59 success=yes exit=0 a0=5e0287c70538 a1=5e0287c704e0 a2=5e0287c70500 a3=8 items=3 ppid=1595 pid=2258 auid=0 uid=0 gid=0 euid=0 suid=0 fsuid=0 egid=0 sgid=0 fsgid=0 tty=(none) ses=9 comm="sudo" exe="/usr/bin/sudo" subj=unconfined key="process_exec"ARCH=x86_64 SYSCALL=execve AUID="root" UID="root" GID="root" EUID="root" SUID="root" FSUID="root" EGID="root" SGID="root" FSGID="root"
type=SYSCALL msg=audit(1769929202.455:9649): arch=c000003e syscall=59 success=yes exit=0 a0=5da302dcc410 a1=5da302dce610 a2=5da302dc08f0 a3=8 items=2 ppid=4958 pid=6284 auid=542 uid=1410 gid=1176 euid=922 suid=1264 fsuid=854 egid=1282 sgid=840 fsgid=1481 tty=pts0 ses=3 comm="sort" exe="/usr/bin/sed" subj=unconfined key="process_exec"ARCH=x86_64 SYSCALL=execve AUID="heroic" UID="heroic" GID="heroic" EUID="heroic" SUID="heroic" FSUID="heroic" EGID="heroic" SGID="heroic" FSGID="heroic"
type=SYSCALL msg=audit(1769928450.586:9222): arch=c000003e syscall=59 success=yes exit=0 a0=64e1754cf4d0 a1=64e1754cf310 a2=64e1754c38f0 a3=64e1754cf310 items=2 ppid=3759 pid=7121 auid=863 uid=771 gid=768 euid=0 suid=0 fsuid=0 egid=1168 sgid=523 fsgid=1144 tty=pts0 ses=3 comm="df" exe="/usr/bin/df" subj=unconfined key="process_exec"ARCH=x86_64 SYSCALL=execve AUID="heroic" UID="heroic" GID="heroic" EUID="root" SUID="root" FSUID="root" EGID="heroic" SGID="heroic" FSGID="heroic"
type=EXECVE msg=audit(1769929356.742:8583): argc=3 a0="cp" a1="/var/log/audit/audit.log" a2="/home/heroic/Desktop/scripts-for-data-generation/"
type=USER_START msg=audit(1769928660.435:7193): pid=7710 uid=898 auid=1129 ses=3 subj=unconfined msg='op=PAM:session_open grantors=pam_limits,pam_env,pam_env,pam_permit,pam_umask,pam_unix acct="root" exe="/usr/bin/sudo" hostname=? addr=? terminal=/dev/pts/0 res=success'UID="heroic" AUID="heroic"
type=USER_CMD msg=audit(1769928506.393:7465): pid=4973 uid=593 auid=824 ses=5 subj=unconfined msg='cwd="/home/heroic" cmd=6370202F7661722F6C6F672F61756469742F61756469742E6C6F67202F686F6D652F6865726F69632F4465736B746F702F686964735F646174617365742F7261772F6D616C6963696F75735F72656D6F74652E6C6F677E exe="/usr/bin/tail" terminal=pts/0 res=success'UID="heroic" AUID="heroic"
type=USER_ACCT msg=audit(1769928499.59:8425): pid=1710 uid=1473 auid=863 ses=3 subj=unconfined msg='op=PAM:accounting grantors=pam_permit,pam_localuser acct="heroic" exe="/usr/bin/netstat" hostname=? addr=? terminal=/dev/pts/0 res=success'UID="heroic" AUID="heroic"
type=PROCTITLE msg=audit(1769928600.894:6186): proctitle=2F62696E2F7368002F7573722F6C69622F737973737461742F64656269616E2D73613100310031
type=PATH msg=audit(1769929403.301:4083): item=1 name="/lib64/ld-linux-x86-64.so.2" inode=1575031 dev=8:2 mode=100632 ouid=0 ogid=0 rdev=0:0 nametype=NORMAL cap_fp=0 cap_fi=0 cap_fe=0 cap_fver=0 cap_frootid=0OUID="root" OGID="root"
type=PROCTITLE msg=audit(1769929334.844:8984): proctitle="whoami"
type=CWD msg=audit(1769928526.570:7623): cwd="/var/ossec"
type=PATH msg=audit(1769929098.961:4042): item=1 name="/lib64/ld-linux-x86-64.so.2" inode=1575591 dev=8:2 mode=101174 ouid=0 ogid=0 rdev=0:0 nametype=NORMAL cap_fp=0 cap_fi=0 cap_fe=0 cap_fver=0 cap_frootid=0OUID="root" OGID="root"
type=CWD msg=audit(1769928760.315:9651): cwd="/home/heroic"
type=SYSCALL msg=audit(1769928853.737:5132): arch=c000003e syscall=59 success=yes exit=0 a0=5da302dc8980 a1=5da302dcbd50 a2=5da302dc08f0 a3=5da302dcbd50 items=2 ppid=9843 pid=6456 auid=1059 uid=1218 gid=1085 euid=537 suid=1383 fsuid=1445 egid=1183 sgid=695 fsgid=1112 tty=pts0 ses=3 comm="tail" exe="/usr/bin/df" subj=unconfined key="process_exec"ARCH=x86_64 SYSCALL=execve AUID="heroic" UID="heroic" GID="heroic" EUID="heroic" SUID="heroic" FSUID="heroic" EGID="heroic" SGID="heroic" FSGID="heroic"
type=EXECVE msg=audit(1769928855.28:7528): argc=3 a0="curl" a1="-s" a2="file:///tmp/hids_malicious/payload.sh"
type=EXECVE msg=audit(1769928869.675:8194): argc=3 a0="/bin/sh" a1="-c" a2=636F6D6D616E64202D762064656269616E2D736131203E202F6465762F6E756C6C2026262064656269616E2D73613120312031
type=PATH msg=audit(1769929140.329:7194): item=0 name="/usr/bin/rm" inode=1577927 dev=8:2 mode=100306 ouid=0 ogid=0 rdev=0:0 nametype=NORMAL cap_fp=0 cap_fi=0 cap_fe=0 cap_fver=0 cap_frootid=0OUID="root" OGID="root"
type=PATH msg=audit(1769929271.823:7381): item=1 name="/lib64/ld-linux-x86-64.so.2" inode=1575262 dev=8:2 mode=100715 ouid=0 ogid=0 rdev=0:0 nametype=NORMAL cap_fp=0 cap_fi=0 cap_fe=0 cap_fver=0 cap_frootid=0OUID="root" OGID="root"
type=PATH msg=audit(1769929125.405:4788): item=1 name="/lib64/ld-linux-x86-64.so.2" inode=1575446 dev=8:2 mode=100556 ouid=0 ogid=0 rdev=0:0 nametype=NORMAL cap_fp=0 cap_fi=0 cap_fe=0 cap_fver=0 cap_frootid=0OUID="root" OGID="root"
type=PATH msg=audit(1769928887.453:3957): item=1 name="/lib64/ld-linux-x86-64.so.2" inode=1574865 dev=8:2 mode=100687 ouid=0 ogid=0 rdev=0:0 nametype=NORMAL cap_fp=0 cap_fi=0 cap_fe=0 cap_fver=0 cap_frootid=0OUID="root" OGID="root"
type=EXECVE msg=audit(1769928583.502:5926): argc=2 a0="tee" a1="/etc/cron.d/hids_persist"
type=PATH msg=audit(1769928688.230:6728): item=0 name="/usr/bin/uname" inode=1578259 dev=8:2 mode=100912 ouid=0 ogid=0 rdev=0:0 nametype=NORMAL cap_fp=0 cap_fi=0 cap_fe=0 cap_fver=0 cap_frootid=0OUID="root" OGID="root"
type=USER_CMD msg=audit(1769928830.748:7717): pid=7995 uid=970 auid=1171 ses=3 subj=unconfined msg='cwd="/tmp" cmd=746565202F6574632F63726F6E2E642F686964735F70657273697374 exe="/usr/bin/df" terminal=pts/0 res=success'UID="heroic" AUID="heroic"
type=PATH msg=audit(1769929136.573:4277): item=0 name="/usr/bin/id" inode=1578003 dev=8:2 mode=100782 ouid=0 ogid=0 rdev=0:0 nametype=NORMAL cap_fp=0 cap_fi=0 cap_fe=0 cap_fver=0 cap_frootid=0OUID="root" OGID="root"
type=PATH msg=audit(1769929161.1072:6272): item=0 name="/usr/bin/rm" inode=1578501 dev=8:2 mode=100919 ouid=0 ogid=0 rdev=0:0 nametype=NORMAL cap_fp=0 cap_fi=0 cap_fe=0 cap_fver=0 cap_frootid=0OUID="root" OGID="root"
type=EXECVE msg=audit(1769928921.941:8816): argc=3 a0="chmod" a1="+x" a2="payload.sh"
type=SYSCALL msg=audit(1769929342.1135:6020): arch=c000003e syscall=59 success=yes exit=0 a0=5da302dccf30 a1=5da302dc70f0 a2=5da302dc08f0 a3=5da302dcd0f0 items=2 ppid=9227 pid=5341 auid=595 uid=593 gid=1263 euid=866 suid=511 fsuid=866 egid=810 sgid=960 fsgid=1318 tty=pts0 ses=3 comm="sh" exe="/usr/bin/df" subj=unconfined key="process_exec"ARCH=x86_64 SYSCALL=execve AUID="heroic" UID="heroic" GID="heroic" EUID="heroic" SUID="heroic" FSUID="heroic" EGID="heroic" SGID="heroic" FSGID="heroic"
type=USER_ACCT msg=audit(1769929053.729:9384): pid=4351 uid=1033 auid=1358 ses=3 subj=unconfined msg='op=PAM:accounting grantors=pam_permit,pam_localuser acct="heroic" exe="/usr/bin/sudo" hostname=? addr=? terminal=/dev/pts/0 res=success'UID="heroic" AUID="heroic"
type=PATH msg=audit(1769929126.841:10116): item=0 name="/usr/bin/netstat" inode=1576988 dev=8:2 mode=100922 ouid=0 ogid=0 rdev=0:0 nametype=NORMAL cap_fp=0 cap_fi=0 cap_fe=0 cap_fver=0 cap_frootid=0OUID="root" OGID="root"
type=PATH msg=audit(1769929077.505:7267): item=1 name="/lib64/ld-linux-x86-64.so.2" inode=1575641 dev=8:2 mode=100911 ouid=0 ogid=0 rdev=0:0 nametype=NORMAL cap_fp=0 cap_fi=0 cap_fe=0 cap_fver=0 cap_frootid=0OUID="root" OGID="root"
type=SYSCALL msg=audit(1769929098.723:7452): arch=c000003e syscall=59 success=yes exit=0 a0=64e1754cb7a0 a1=64e1754cb800 a2=64e1754c38f0 a3=64e1754cb800 items=2 ppid=5686 pid=5743 auid=581 uid=793 gid=706 euid=768 suid=555 fsuid=957 egid=1037 sgid=1469 fsgid=645 tty=pts0 ses=3 comm="tail" exe="/usr/bin/sudo" subj=unconfined key="process_exec"ARCH=x86_64 SYSCALL=execve AUID="heroic" UID="heroic" GID="heroic" EUID="heroic" SUID="heroic" FSUID="heroic" EGID="heroic" SGID="heroic" FSGID="heroic"
type=EXECVE msg=audit(1769928514.399:8237): argc=3 a0="chmod" a1="+x" a2="payload.sh"
type=PATH msg=audit(1769929403.464:4772): item=0 name="/usr/bin/whoami" inode=1578625 dev=8:2 mode=100809 ouid=0 ogid=0 rdev=0:0 nametype=NORMAL cap_fp=0 cap_fi=0 cap_fe=0 cap_fver=0 cap_frootid=0OUID="root" OGID="root"
type=CRED_DISP msg=audit(1769929156.375:8386): pid=7381 uid=959 auid=1256 ses=3 subj=unconfined msg='op=PAM:setcred grantors=pam_permit acct="root" exe="/usr/bin/sed" hostname=? addr=? terminal=/dev/pts/0 res=success'UID="heroic" AUID="heroic"
type=BPRM_FCAPS msg=audit(1769929212.77:8362): fver=0 fp=0 fi=0 fe=0 old_pp=000001fffffeffff old_pi=0 old_pe=000001fffffeffff old_pa=0 pp=000001fffffeffff pi=0 pe=000001fffffeffff pa=0 frootid=0
type=EXECVE msg=audit(1769928697.1401:7989): argc=3 a0="rm" a1="-f" a2="/etc/cron.d/hids_persist"
type=PATH msg=audit(1769928667.591:4508): item=1 name="/lib64/ld-linux-x86-64.so.2" inode=1575811 dev=8:2 mode=100770 ouid=0 ogid=0 rdev=0:0 nametype=NORMAL cap_fp=0 cap_fi=0 cap_fe=0 cap_fver=0 cap_frootid=0OUID="root" OGID="root"
type=PATH msg=audit(1769928865.292:3675): item=1 name="/lib64/ld-linux-x86-64.so.2" inode=1575644 dev=8:2 mode=101202 ouid=0 ogid=0 rdev=0:0 nametype=NORMAL cap_fp=0 cap_fi=0 cap_fe=0 cap_fver=0 cap_frootid=0OUID="root" OGID="root"
type=PATH msg=audit(1769929265.771:7587): item=0 name="/usr/bin/sudo" inode=1573969 dev=8:2 mode=105167 ouid=0 ogid=0 rdev=0:0 nametype=NORMAL cap_fp=0 cap_fi=0 cap_fe=0 cap_fver=0 cap_frootid=0OUID="root" OGID="root"
type=PATH msg=audit(1769929321.725:9412): item=0 name="/usr/bin/whoami" inode=1578091 dev=8:2 mode=101101 ouid=0 ogid=0 rdev=0:0 nametype=NORMAL cap_fp=0 cap_fi=0 cap_fe=0 cap_fver=0 cap_frootid=0OUID="root" OGID="root"
type=PATH msg=audit(1769929063.579:7894): item=0 name="/usr/bin/dircolors" inode=1578547 dev=8:2 mode=100525 ouid=0 ogid=0 rdev=0:0 nametype=NORMAL cap_fp=0 cap_fi=0 cap_fe=0 cap_fver=0 cap_frootid=0OUID="root" OGID="root"
type=EXECVE msg=audit(1769928643.77:5074): argc=2 a0="sleep" a1="90"
type=CWD msg=audit(1769928992.661:4688): cwd="/tmp"
type=PROCTITLE msg=audit(1769928822.1153:9842): proctitle=736C656570003930
type=CWD msg=audit(1769929108.651:8724): cwd="/root"
type=SYSCALL msg=audit(1769929411.789:6863): arch=c000003e syscall=59 success=yes exit=0 a0=5da302dcc970 a1=5da302dca210 a2=5da302dc08f0 a3=5da302dc8920 items=2 ppid=3682 pid=1949 auid=1005 uid=908 gid=601 euid=755 suid=732 fsuid=1375 egid=653 sgid=699 fsgid=890 tty=pts0 ses=3 comm="sudo" exe="/usr/bin/netstat" subj=unconfined key="process_exec"ARCH=x86_64 SYSCALL=execve AUID="heroic" UID="heroic" GID="heroic" EUID="heroic" SUID="heroic" FSUID="heroic" EGID="heroic" SGID="heroic" FSGID="heroic"
type=PATH msg=audit(1769928637.129:8559): item=0 name="/usr/bin/rm" inode=1577958 dev=8:2 mode=100341 ouid=0 ogid=0 rdev=0:0 nametype=NORMAL cap_fp=0 cap_fi=0 cap_fe=0 cap_fver=0 cap_frootid=0OUID="root" OGID="root"
type=PROCTITLE msg=audit(1769928564.509:6853): proctitle=2F62696E2F62617368002E2F6D616C6963696F75735F6C6F63616C2E7368
type=CWD msg=audit(1769928496.301:8349): cwd="/root"
type=USER_START msg=audit(1769929131.48:8867): pid=1501 uid=1352 auid=592 ses=3 subj=unconfined msg='op=PAM:session_open grantors=pam_limits,pam_env,pam_env,pam_permit,pam_umask,pam_unix acct="root" exe="/usr/bin/tail" hostname=? addr=? terminal=/dev/pts/0 res=success'UID="heroic" AUID="heroic"
type=PROCTITLE msg=audit(1769928906.384:6770): proctitle=7375646F00746565002F6574632F63726F6E2E642F686964735F70657273697374
type=EXECVE msg=audit(1769929320.938:6954): argc=2 a0="tee" a1="/etc/cron.d/hids_persist"
type=CWD msg=audit(1769929177.625:7878): cwd="/tmp"
type=SYSCALL msg=audit(1769929181.480:5526): arch=c000003e syscall=59 success=yes exit=0 a0=64e1754cfc50 a1=64e1754cf9d0 a2=64e1754c38f0 a3=64e1754cf310 items=2 ppid=9110 pid=1915 auid=691 uid=953 gid=1297 euid=593 suid=604 fsuid=564 egid=1122 sgid=597 fsgid=545 tty=pts0 ses=3 comm="netstat" exe="/usr/bin/sudo" subj=unconfined key="process_exec"ARCH=x86_64 SYSCALL=execve AUID="heroic" UID="heroic" GID="heroic" EUID="heroic" SUID="heroic" FSUID="heroic" EGID="heroic" SGID="heroic" FSGID="heroic"
type=USER_START msg=audit(1769928900.503:6415): pid=4595 uid=1041 auid=532 ses=3 subj=unconfined msg='op=PAM:session_open grantors=pam_limits,pam_env,pam_env,pam_permit,pam_umask,pam_unix acct="root" exe="/usr/bin/sudo" hostname=? addr=? terminal=/dev/pts/0 res=success'UID="heroic" AUID="heroic"
type=PATH msg=audit(1769928505.457:7398): item=1 name="/lib64/ld-linux-x86-64.so.2" inode=1574957 dev=8:2 mode=101051 ouid=0 ogid=0 rdev=0:0 nametype=NORMAL cap_fp=0 cap_fi=0 cap_fe=0 cap_fver=0 cap_frootid=0OUID="root" OGID="root"
type=EXECVE msg=audit(1769928999.272:4413): argc=58 a0="rm" a1="-f" a2="file_10.dat" a3="file_11.dat" a4="file_12.dat" a5="file_13.dat" a6="file_14.dat" a7="file_15.dat" a8="file_16.dat" a9="file_17.dat" a10="file_18.dat" a11="file_19.dat" a12="file_1.dat" a13="file_20.dat" a14="file_21.dat" a15="file_22.dat" a16="file_23.dat" a17="file_24.dat" a18="file_25.dat" a19="file_26.dat" a20="file_27.dat" a21="file_28.dat" a22="file_29.dat" a23="file_2.dat" a24="file_30.dat" a25="file_31.dat" a26="file_32.dat" a27="file_33.dat" a28="file_34.dat" a29="file_35.dat" a30="file_36.dat" a31="file_37.dat" a32="file_38.dat" a33="file_39.dat" a34="file_3.dat" a35="file_40.dat" a36="file_41.dat" a37="file_42.dat" a38="file_43.dat" a39="file_44.dat" a40="file_45.dat" a41="file_46.dat" a42="file_47.dat" a43="file_48.dat" a44="file_49.dat" a45="file_4.dat" a46="file_50.dat" a47="file_5.dat" a48="file_6.dat" a49="file_7.dat" a50="file_8.dat" a51="file_9.dat" a52="payload.sh" a53="recon.txt" a54="netstat.txt" a55="processes.txt" a56="sudo_enum.txt" a57="sudo_test.txt"
type=PROCTITLE msg=audit(1769928832.174:5719): proctitle=2F7573722F6C69622F73797374656D642F73797374656D642D6578656375746F72002D2D646573657269616C697A6500313139002D2D6C6F672D6C6576656C00696E666F002D2D6C6F672D746172676574006A6F75726E616C2D6F722D6B6D7367
type=USER_END msg=audit(1769928896.1155:8554): pid=7593 uid=1253 auid=1143 ses=3 subj=unconfined msg='op=PAM:session_close grantors=pam_limits,pam_env,pam_env,pam_permit,pam_umask,pam_unix acct="root" exe="/usr/bin/last" hostname=? addr=? terminal=/dev/pts/0 res=success'UID="heroic" AUID="heroic"
type=PROCTITLE msg=audit(1769929253.507:6236): proctitle=2F7573722F62696E2F677067002D2D76657273696F6E
type=USER_START msg=audit(1769928818.644:8778): pid=5038 uid=1464 auid=1076 ses=3 subj=unconfined msg='op=PAM:session_open grantors=pam_limits,pam_env,pam_env,pam_permit,pam_umask,pam_unix acct="root" exe="/usr/bin/df" hostname=? addr=? terminal=/dev/pts/0 res=success'UID="heroic" AUID="heroic"
type=CWD msg=audit(1769928582.989:5525): cwd="/tmp"
type=PATH msg=audit(1769928755.869:8921): item=0 name="/usr/bin/rm" inode=1577986 dev=8:2 mode=101144 ouid=0 ogid=0 rdev=0:0 nametype=NORMAL cap_fp=0 cap_fi=0 cap_fe=0 cap_fver=0 cap_frootid=0OUID="root" OGID="root"
type=PATH msg=audit(1769928664.535:3699): item=1 name="/lib64/ld-linux-x86-64.so.2" inode=1574955 dev=8:2 mode=100854 ouid=0 ogid=0 rdev=0:0 nametype=NORMAL cap_fp=0 cap_fi=0 cap_fe=0 cap_fver=0 cap_frootid=0OUID="root" OGID="root"
type=PATH msg=audit(1769929020.329:8773): item=1 name="/lib64/ld-linux-x86-64.so.2" inode=1575543 dev=8:2 mode=100513 ouid=0 ogid=0 rdev=0:0 nametype=NORMAL cap_fp=0 cap_fi=0 cap_fe=0 cap_fver=0 cap_frootid=0OUID="root" OGID="root"
type=USER_ACCT msg=audit(1769928671.370:5856): pid=5465 uid=0 auid=4294967198 ses=4294967636 subj=unconfined msg='op=PAM:accounting grantors=pam_permit,pam_localuser acct="root" exe="/usr/bin/df" hostname=? addr=? terminal=cron res=success'UID="root" AUID="unset"
type=SYSCALL msg=audit(1769928640.602:7064): arch=c000003e syscall=59 success=yes exit=0 a0=5da302dccf30 a1=5da302dc8920 a2=5da302dc08f0 a3=5da302dc8920 items=2 ppid=3788 pid=5060 auid=1159 uid=1461 gid=1240 euid=641 suid=936 fsuid=1403 egid=937 sgid=962 fsgid=1244 tty=pts0 ses=3 comm="sudo" exe="/usr/bin/last" subj=unconfined key="process_exec"ARCH=x86_64 SYSCALL=execve AUID="heroic" UID="heroic" GID="heroic" EUID="heroic" SUID="heroic" FSUID="heroic" EGID="heroic" SGID="heroic" FSGID="heroic"
type=PROCTITLE msg=audit(1769928979.681:4631): proctitle=7373002D74756C6E70
type=EXECVE msg=audit(1769928578.57:8771): argc=3 a0="cp" a1="/var/log/audit/audit.log" a2="/home/heroic/Desktop/scripts-for-data-generation/"
type=PATH msg=audit(1769928882.373:7198): item=1 name="/lib64/ld-linux-x86-64.so.2" inode=1575503 dev=8:2 mode=100727 ouid=0 ogid=0 rdev=0:0 nametype=NORMAL cap_fp=0 cap_fi=0 cap_fe=0 cap_fver=0 cap_frootid=0OUID="root" OGID="root"
type=SYSCALL msg=audit(1769928813.516:9712): arch=c000003e syscall=517 success=yes exit=3 a0=ffffff9c a1=7ffe043b172c a2=254 a3=1b6 items=2 ppid=8535 pid=5930 auid=963 uid=0 gid=0 euid=0 suid=0 fsuid=0 egid=0 sgid=0 fsgid=0 tty=pts1 ses=3 comm="df" exe="/usr/bin/df" subj=unconfined key="persistence"ARCH=x86_64 SYSCALL=openat AUID="heroic" UID="root" GID="root" EUID="root" SUID="root" FSUID="root" EGID="root" SGID="root" FSGID="root"
type=CWD msg=audit(1769929125.182:9722): cwd="/home/heroic"
type=SERVICE_STOP msg=audit(1769929275.1127:4794): pid=8196 uid=0 auid=4294966928 ses=4294966886 subj=unconfined msg='unit=NetworkManager-dispatcher comm="sh" exe="/usr/bin/df" hostname=? addr=? terminal=? res=success'UID="root" AUID="unset"
type=PATH msg=audit(1769928534.281:4714): item=2 name="/lib64/ld-linux-x86-64.so.2" inode=1575822 dev=8:2 mode=100943 ouid=0 ogid=0 rdev=0:0 nametype=NORMAL cap_fp=0 cap_fi=0 cap_fe=0 cap_fver=0 cap_frootid=0OUID="root" OGID="root"
type=EXECVE msg=audit(1769929019.726:7508): argc=2 a0="sudo" a1="whoami"
type=EXECVE msg=audit(1769928862.326:5524): argc=4 a0="sort" a1="-k" a2="4" a3="-g"
type=USER_START msg=audit(1769928769.1292:7581): pid=8670 uid=776 auid=933 ses=3 subj=unconfined msg='op=PAM:session_open grantors=pam_limits,pam_env,pam_env,pam_permit,pam_umask,pam_unix acct="root" exe="/usr/bin/df" hostname=? addr=? terminal=/dev/pts/0 res=success'UID="heroic" AUID="heroic"
type=USER_START msg=audit(1769929110.578:6517): pid=2986 uid=993 auid=809 ses=3 subj=unconfined msg='op=PAM:session_open grantors=pam_limits,pam_env,pam_env,pam_permit,pam_umask,pam_unix acct="root" exe="/usr/bin/sudo" hostname=? addr=? terminal=/dev/pts/0 res=success'UID="heroic" AUID="heroic"
type=CWD msg=audit(1769929164.23:7162): cwd="/home/heroic"
type=PATH msg=audit(1769929020.111:6375): item=1 name="/lib64/ld-linux-x86-64.so.2" inode=1575514 dev=8:2 mode=100983 ouid=0 ogid=0 rdev=0:0 nametype=NORMAL cap_fp=0 cap_fi=0 cap_fe=0 cap_fver=0 cap_frootid=0OUID="root" OGID="root"
type=EXECVE msg=audit(1769929277.863:9959): argc=1 a0="bash"
type=CWD msg=audit(1769929066.550:7400): cwd="/tmp"
type=PATH msg=audit(1769928617.470:9412): item=1 name="/lib64/ld-linux-x86-64.so.2" inode=1575648 dev=8:2 mode=100599 ouid=0 ogid=0 rdev=0:0 nametype=NORMAL cap_fp=0 cap_fi=0 cap_fe=0 cap_fver=0 cap_frootid=0OUID="root" OGID="root"
type=PROCTITLE msg=audit(1769929069.663:6575): proctitle=646972636F6C6F7273002D62
type=EXECVE msg=audit(1769928985.349:7696): argc=58 a0="rm" a1="-f" a2="file_10.dat" a3="file_11.dat" a4="file_12.dat" a5="file_13.dat" a6="file_14.dat" a7="file_15.dat" a8="file_16.dat" a9="file_17.dat" a10="file_18.dat" a11="file_19.dat" a12="file_1.dat" a13="file_20.dat" a14="file_21.dat" a15="file_22.dat" a16="file_23.dat" a17="file_24.dat" a18="file_25.dat" a19="file_26.dat" a20="file_27.dat" a21="file_28.dat" a22="file_29.dat" a23="file_2.dat" a24="file_30.dat" a25="file_31.dat" a26="file_32.dat" a27="file_33.dat" a28="file_34.dat" a29="file_35.dat" a30="file_36.dat" a31="file_37.dat" a32="file_38.dat" a33="file_39.dat" a34="file_3.dat" a35="file_40.dat" a36="file_41.dat" a37="file_42.dat" a38="file_43.dat" a39="file_44.dat" a40="file_45.dat" a41="file_46.dat" a42="file_47.dat" a43="file_48.dat" a44="file_49.dat" a45="file_4.dat" a46="file_50.dat" a47="file_5.dat" a48="file_6.dat" a49="file_7.dat" a50="file_8.dat" a51="file_9.dat" a52="payload.sh" a53="recon.txt" a54="netstat.txt" a55="processes.txt" a56="sudo_enum.txt" a57="sudo_test.txt"
type=EXECVE msg=audit(1769928565.77:4945): argc=2 a0="sudo" a1="whoami"
type=LOGIN msg=audit(1769928697.667:7735): pid=7905 uid=0 subj=unconfined old-auid=4294967139 auid=0 tty=(none) old-ses=4294967177 ses=8 res=1UID="root" OLD-AUID="unset" AUID="root"
type=PROCTITLE msg=audit(1769928997.638:8518): proctitle=7373002D74756C6E70
type=EXECVE msg=audit(1769928506.957:3857): argc=2 a0="sudo" a1="-l"
type=USER_ACCT msg=audit(1769928423.331:4998): pid=1421 uid=0 auid=673 ses=3 subj=unconfined msg='op=PAM:accounting grantors=pam_permit,pam_localuser acct="root" exe="/usr/bin/last" hostname=? addr=? terminal=/dev/pts/4 res=success'UID="root" AUID="heroic"
type=PROCTITLE msg=audit(1769928629.945:4581): proctitle=746565002F6574632F63726F6E2E642F686964735F70657273697374
type=SYSCALL msg=audit(1769928444.472:5470): arch=c000003e syscall=59 success=yes exit=0 a0=5cf7ea324020 a1=5cf7ea324000 a2=5cf7ea323db0 a3=5cf7ea324990 items=2 ppid=8357 pid=4983 auid=4294967522 uid=0 gid=0 euid=0 suid=0 fsuid=0 egid=0 sgid=0 fsgid=0 tty=(none) ses=4294967660 comm="df" exe="/usr/bin/sed" subj=unconfined key="process_exec"ARCH=x86_64 SYSCALL=execve AUID="unset" UID="root" GID="root" EUID="root" SUID="root" FSUID="root" EGID="root" SGID="root" FSGID="root"
type=CWD msg=audit(1769929302.372:4675): cwd="/home/heroic"
type=CRED_REFR msg=audit(1769928800.244:5523): pid=5252 uid=0 auid=0 ses=7 subj=unconfined msg='op=PAM:setcred grantors=pam_permit,pam_cap acct="root" exe="/usr/bin/netstat" hostname=? addr=? terminal=cron res=success'UID="root" AUID="root"
type=PROCTITLE msg=audit(1769929236.849:5816): proctitle=746565002F6574632F63726F6E2E642F686964735F70657273697374
type=SYSCALL msg=audit(1769928509.261:6499): arch=c000003e syscall=59 success=yes exit=0 a0=61d18ebc0b68 a1=61d18ebd0ba0 a2=61d18ebe37a0 a3=64 items=2 ppid=9123 pid=3849 auid=543 uid=0 gid=0 euid=0 suid=0 fsuid=0 egid=0 sgid=0 fsgid=0 tty=pts4 ses=3 comm="sort" exe="/usr/bin/last" subj=unconfined key="process_exec"ARCH=x86_64 SYSCALL=execve AUID="heroic" UID="root" GID="root" EUID="root" SUID="root" FSUID="root" EGID="root" SGID="root" FSGID="root"
type=USER_START msg=audit(1769929341.170:6646): pid=5484 uid=600 auid=626 ses=3 subj=unconfined msg='op=PAM:session_open grantors=pam_limits,pam_env,pam_env,pam_permit,pam_umask,pam_unix acct="root" exe="/usr/bin/python3" hostname=? addr=? terminal=/dev/pts/0 res=success'UID="heroic" AUID="heroic"
type=EXECVE msg=audit(1769928877.189:4712): argc=58 a0="rm" a1="-f" a2="file_10.dat" a3="file_11.dat" a4="file_12.dat" a5="file_13.dat" a6="file_14.dat" a7="file_15.dat" a8="file_16.dat" a9="file_17.dat" a10="file_18.dat" a11="file_19.dat" a12="file_1.dat" a13="file_20.dat" a14="file_21.dat" a15="file_22.dat" a16="file_23.dat" a17="file_24.dat" a18="file_25.dat" a19="file_26.dat" a20="file_27.dat" a21="file_28.dat" a22="file_29.dat" a23="file_2.dat" a24="file_30.dat" a25="file_31.dat" a26="file_32.dat" a27="file_33.dat" a28="file_34.dat" a29="file_35.dat" a30="file_36.dat" a31="file_37.dat" a32="file_38.dat" a33="file_39.dat" a34="file_3.dat" a35="file_40.dat" a36="file_41.dat" a37="file_42.dat" a38="file_43.dat" a39="file_44.dat" a40="file_45.dat" a41="file_46.dat" a42="file_47.dat" a43="file_48.dat" a44="file_49.dat" a45="file_4.dat" a46="file_50.dat" a47="file_5.dat" a48="file_6.dat" a49="file_7.dat" a50="file_8.dat" a51="file_9.dat" a52="payload.sh" a53="recon.txt" a54="netstat.txt" a55="processes.txt" a56="sudo_enum.txt" a57="sudo_test.txt"
type=USER_START msg=audit(1769929116.727:5692): pid=9453 uid=1289 auid=1200 ses=3 subj=unconfined msg='op=PAM:session_open grantors=pam_limits,pam_env,pam_env,pam_permit,pam_umask,pam_unix acct="root" exe="/usr/bin/last" hostname=? addr=? terminal=/dev/pts/0 res=success'UID="heroic" AUID="heroic"
type=EXECVE msg=audit(1769928563.451:7371): argc=2 a0="rmdir" a1="/tmp/hids_malicious"
type=PATH msg=audit(1769928916.455:8890): item=0 name="/usr/bin/ss" inode=1573990 dev=8:2 mode=100391 ouid=0 ogid=0 rdev=0:0 nametype=NORMAL cap_fp=0 cap_fi=0 cap_fe=0 cap_fver=0 cap_frootid=0OUID="root" OGID="root"
type=PATH msg=audit(1769928880.395:9242): item=1 name="/lib64/ld-linux-x86-64.so.2" inode=1575747 dev=8:2 mode=100820 ouid=0 ogid=0 rdev=0:0 nametype=NORMAL cap_fp=0 cap_fi=0 cap_fe=0 cap_fver=0 cap_frootid=0OUID="root" OGID="root"
type=PATH msg=audit(1769929010.830:7832): item=0 name="./malicious_local.sh" inode=1197305 dev=8:2 mode=101083 ouid=727 ogid=1422 rdev=0:0 nametype=NORMAL cap_fp=0 cap_fi=0 cap_fe=0 cap_fver=0 cap_frootid=0OUID="heroic" OGID="heroic"
type=PROCTITLE msg=audit(1769928947.138:7905): proctitle=7375646F00726D002D66002F6574632F63726F6E2E642F686964735F70657273697374
type=USER_ACCT msg=audit(1769929051.338:7293): pid=6508 uid=940 auid=1315 ses=3 subj=unconfined msg='op=PAM:accounting grantors=pam_permit,pam_localuser acct="heroic" exe="/usr/bin/tail" hostname=? addr=? terminal=/dev/pts/0 res=success'UID="heroic" AUID="heroic"
type=PATH msg=audit(1769929179.101:9115): item=1 name="/lib64/ld-linux-x86-64.so.2" inode=1575493 dev=8:2 mode=100464 ouid=0 ogid=0 rdev=0:0 nametype=NORMAL cap_fp=0 cap_fi=0 cap_fe=0 cap_fver=0 cap_frootid=0OUID="root" OGID="root"
type=SYSCALL msg=audit(1769928495.810:7680): arch=c000003e syscall=59 success=yes exit=0 a0=63067b49b148 a1=63067b49b228 a2=63067b49b270 a3=0 items=2 ppid=2387 pid=4845 auid=4294967094 uid=0 gid=0 euid=0 suid=0 fsuid=0 egid=0 sgid=0 fsgid=0 tty=(none) ses=4294967112 comm="netstat" exe="/usr/bin/last" subj=unconfined key="process_exec"ARCH=x86_64 SYSCALL=execve AUID="unset" UID="root" GID="root" EUID="root" SUID="root" FSUID="root" EGID="root" SGID="root" FSGID="root"
type=EXECVE msg=audit(1769928700.299:10039): argc=2 a0="/usr/bin/gpg" a1="--version"
type=PROCTITLE msg=audit(1769928664.736:7953): proctitle=736C6565700035
type=EXECVE msg=audit(1769928598.627:8887): argc=3 a0="mkdir" a1="-p" a2="/tmp/hids_malicious"
type=EXECVE msg=audit(1769928858.286:4770): argc=4 a0="sudo" a1="rm" a2="-f" a3="/etc/cron.d/hids_persist"
type=CWD msg=audit(1769928923.596:8378): cwd="/usr/local/bin"
type=USER_ACCT msg=audit(1769929055.118:7574): pid=9544 uid=1049 auid=1231 ses=3 subj=unconfined msg='op=PAM:accounting grantors=pam_permit,pam_localuser acct="heroic" exe="/usr/bin/tail" hostname=? addr=? terminal=/dev/pts/0 res=success'UID="heroic" AUID="heroic"
type=PATH msg=audit(1769928647.440:8595): item=0 name="/usr/bin/sudo" inode=1573855 dev=8:2 mode=104276 ouid=0 ogid=0 rdev=0:0 nametype=NORMAL cap_fp=0 cap_fi=0 cap_fe=0 cap_fver=0 cap_frootid=0OUID="root" OGID="root"
type=CRED_REFR msg=audit(1769928764.1252:5303): pid=8553 uid=977 auid=617 ses=3 subj=unconfined msg='op=PAM:setcred grantors=pam_permit,pam_cap acct="root" exe="/usr/bin/last" hostname=? addr=? terminal=/dev/pts/0 res=success'UID="heroic" AUID="heroic"
type=USER_ACCT msg=audit(1769929281.695:5529): pid=8766 uid=518 auid=991 ses=3 subj=unconfined msg='op=PAM:accounting grantors=pam_permit,pam_localuser acct="heroic" exe="/usr/bin/df" hostname=? addr=? terminal=/dev/pts/0 res=success'UID="heroic" AUID="heroic"
type=PATH msg=audit(1769929199.408:4874): item=1 name="/lib64/ld-linux-x86-64.so.2" inode=1575363 dev=8:2 mode=100405 ouid=0 ogid=0 rdev=0:0 nametype=NORMAL cap_fp=0 cap_fi=0 cap_fe=0 cap_fver=0 cap_frootid=0OUID="root" OGID="root"
type=SYSCALL msg=audit(1769929216.1281:9817): arch=c000003e syscall=59 success=yes exit=0 a0=64e1754cf8b0 a1=64e1754bc970 a2=64e1754c38f0 a3=64e1754bc970 items=2 ppid=2693 pid=9276 auid=1238 uid=618 gid=1297 euid=890 suid=1328 fsuid=881 egid=521 sgid=585 fsgid=931 tty=pts0 ses=3 comm="sudo" exe="/usr/bin/df" subj=unconfined key="process_exec"ARCH=x86_64 SYSCALL=execve AUID="heroic" UID="heroic" GID="heroic" EUID="heroic" SUID="heroic" FSUID="heroic" EGID="heroic" SGID="heroic" FSGID="heroic"
type=CWD msg=audit(1769928548.1107:6961): cwd="/home/heroic"
type=PATH msg=audit(1769928423.161:8183): item=0 name="/usr/bin/dirname" inode=1577588 dev=8:2 mode=101097 ouid=0 ogid=0 rdev=0:0 nametype=NORMAL cap_fp=0 cap_fi=0 cap_fe=0 cap_fver=0 cap_frootid=0OUID="root" OGID="root"
type=CWD msg=audit(1769928596.916:9234): cwd="/tmp"
type=PATH msg=audit(1769929377.52:5716): item=0 name="/usr/bin/mkdir" inode=1578001 dev=8:2 mode=100863 ouid=0 ogid=0 rdev=0:0 nametype=NORMAL cap_fp=0 cap_fi=0 cap_fe=0 cap_fver=0 cap_frootid=0OUID="root" OGID="root"
type=SYSCALL msg=audit(1769928541.761:5367): arch=c000003e syscall=59 success=yes exit=0 a0=568dd2e3fb68 a1=568dd2e4fba0 a2=568dd2e627a0 a3=64 items=2 ppid=7670 pid=9765 auid=1206 uid=0 gid=0 euid=0 suid=0 fsuid=0 egid=0 sgid=0 fsgid=0 tty=pts1 ses=3 comm="sh" exe="/usr/bin/python3" subj=unconfined key="process_exec"ARCH=x86_64 SYSCALL=execve AUID="heroic" UID="root" GID="root" EUID="root" SUID="root" FSUID="root" EGID="root" SGID="root" FSGID="root"
