type=USER_END msg=audit(1769492704.049:1884): pid=3879 uid=1000 auid=1000 ses=3 subj=unconfined msg='op=PAM:session_close grantors=pam_limits,pam_env,pam_env,pam_permit,pam_umask,pam_unix acct="root" exe="/usr/bin/sudo" hostname=? addr=? terminal=/dev/pts/0 res=success'UID="heroic" AUID="heroic"
type=CRED_DISP msg=audit(1769492704.049:1885): pid=3879 uid=1000 auid=1000 ses=3 subj=unconfined msg='op=PAM:setcred grantors=pam_permit acct="root" exe="/usr/bin/sudo" hostname=? addr=? terminal=/dev/pts/0 res=success'UID="heroic" AUID="heroic"
type=SYSCALL msg=audit(1769492715.211:1886): arch=c000003e syscall=59 success=yes exit=0 a0=64cc6722ceb0 a1=64cc67320e40 a2=64cc6731a630 a3=64cc67320e40 items=3 ppid=3847 pid=3886 auid=1000 uid=1000 gid=1000 euid=1000 suid=1000 fsuid=1000 egid=1000 sgid=1000 fsgid=1000 tty=pts0 ses=3 comm="malicious_local" exe="/usr/bin/bash" subj=unconfined key="process_exec"ARCH=x86_64 SYSCALL=execve AUID="heroic" UID="heroic" GID="heroic" EUID="heroic" SUID="heroic" FSUID="heroic" EGID="heroic" SGID="heroic" FSGID="heroic"
type=EXECVE msg=audit(1769492715.211:1886): argc=2 a0="/bin/bash" a1="./malicious_local.sh"
type=CWD msg=audit(1769492715.211:1886): cwd="/home/heroic/Desktop/scripts-for-data-generation"
type=PATH msg=audit(1769492715.211:1886): item=0 name="./malicious_local.sh" inode=1197100 dev=08:02 mode=0100775 ouid=1000 ogid=1000 rdev=00:00 nametype=NORMAL cap_fp=0 cap_fi=0 cap_fe=0 cap_fver=0 cap_frootid=0OUID="heroic" OGID="heroic"
type=PATH msg=audit(1769492715.211:1886): item=1 name="/bin/bash" inode=1573437 dev=08:02 mode=0100755 ouid=0 ogid=0 rdev=00:00 nametype=NORMAL cap_fp=0 cap_fi=0 cap_fe=0 cap_fver=0 cap_frootid=0OUID="root" OGID="root"
type=PATH msg=audit(1769492715.211:1886): item=2 name="/lib64/ld-linux-x86-64.so.2" inode=1575340 dev=08:02 mode=0100755 ouid=0 ogid=0 rdev=00:00 nametype=NORMAL cap_fp=0 cap_fi=0 cap_fe=0 cap_fver=0 cap_frootid=0OUID="root" OGID="root"
type=PROCTITLE msg=audit(1769492715.211:1886): proctitle=2F62696E2F62617368002E2F6D616C6963696F75735F6C6F63616C2E7368
type=SYSCALL msg=audit(1769492715.216:1887): arch=c000003e syscall=59 success=yes exit=0 a0=5da302dc89e0 a1=5da302dc08c0 a2=5da302dc08f0 a3=5da302dc08c0 items=2 ppid=3886 pid=3887 auid=1000 uid=1000 gid=1000 euid=1000 suid=1000 fsuid=1000 egid=1000 sgid=1000 fsgid=1000 tty=pts0 ses=3 comm="mkdir" exe="/usr/bin/mkdir" subj=unconfined key="process_exec"ARCH=x86_64 SYSCALL=execve AUID="heroic" UID="heroic" GID="heroic" EUID="heroic" SUID="heroic" FSUID="heroic" EGID="heroic" SGID="heroic" FSGID="heroic"
type=EXECVE msg=audit(1769492715.216:1887): argc=3 a0="mkdir" a1="-p" a2="/tmp/hids_malicious"
type=CWD msg=audit(1769492715.216:1887): cwd="/home/heroic/Desktop/scripts-for-data-generation"
type=PATH msg=audit(1769492715.216:1887): item=0 name="/usr/bin/mkdir" inode=1578106 dev=08:02 mode=0100755 ouid=0 ogid=0 rdev=00:00 nametype=NORMAL cap_fp=0 cap_fi=0 cap_fe=0 cap_fver=0 cap_frootid=0OUID="root" OGID="root"
type=PATH msg=audit(1769492715.216:1887): item=1 name="/lib64/ld-linux-x86-64.so.2" inode=1575340 dev=08:02 mode=0100755 ouid=0 ogid=0 rdev=00:00 nametype=NORMAL cap_fp=0 cap_fi=0 cap_fe=0 cap_fver=0 cap_frootid=0OUID="root" OGID="root"
type=PROCTITLE msg=audit(1769492715.216:1887): proctitle=6D6B646972002D70002F746D702F686964735F6D616C6963696F7573
type=SYSCALL msg=audit(1769492715.221:1888): arch=c000003e syscall=59 success=yes exit=0 a0=5da302dc9bc0 a1=5da302dc08a0 a2=5da302dc08f0 a3=5da302dc08a0 items=2 ppid=3886 pid=3888 auid=1000 uid=1000 gid=1000 euid=1000 suid=1000 fsuid=1000 egid=1000 sgid=1000 fsgid=1000 tty=pts0 ses=3 comm="ps" exe="/usr/bin/ps" subj=unconfined key="process_exec"ARCH=x86_64 SYSCALL=execve AUID="heroic" UID="heroic" GID="heroic" EUID="heroic" SUID="heroic" FSUID="heroic" EGID="heroic" SGID="heroic" FSGID="heroic"
type=EXECVE msg=audit(1769492715.221:1888): argc=2 a0="ps" a1="aux"
type=CWD msg=audit(1769492715.221:1888): cwd="/tmp/hids_malicious"
type=PATH msg=audit(1769492715.221:1888): item=0 name="/usr/bin/ps" inode=1574103 dev=08:02 mode=0100755 ouid=0 ogid=0 rdev=00:00 nametype=NORMAL cap_fp=0 cap_fi=0 cap_fe=0 cap_fver=0 cap_frootid=0OUID="root" OGID="root"
type=PATH msg=audit(1769492715.221:1888): item=1 name="/lib64/ld-linux-x86-64.so.2" inode=1575340 dev=08:02 mode=0100755 ouid=0 ogid=0 rdev=00:00 nametype=NORMAL cap_fp=0 cap_fi=0 cap_fe=0 cap_fver=0 cap_frootid=0OUID="root" OGID="root"
type=PROCTITLE msg=audit(1769492715.221:1888): proctitle=707300617578
type=SYSCALL msg=audit(1769492715.239:1889): arch=c000003e syscall=59 success=yes exit=0 a0=5da302dc9b60 a1=5da302dca190 a2=5da302dc08f0 a3=5da302dca190 items=2 ppid=3886 pid=3889 auid=1000 uid=1000 gid=1000 euid=1000 suid=1000 fsuid=1000 egid=1000 sgid=1000 fsgid=1000 tty=pts0 ses=3 comm="whoami" exe="/usr/bin/whoami" subj=unconfined key="process_exec"ARCH=x86_64 SYSCALL=execve AUID="heroic" UID="heroic" GID="heroic" EUID="heroic" SUID="heroic" FSUID="heroic" EGID="heroic" SGID="heroic" FSGID="heroic"
type=EXECVE msg=audit(1769492715.239:1889): argc=1 a0="whoami"
type=CWD msg=audit(1769492715.239:1889): cwd="/tmp/hids_malicious"
type=PATH msg=audit(1769492715.239:1889): item=0 name="/usr/bin/whoami" inode=1578239 dev=08:02 mode=0100755 ouid=0 ogid=0 rdev=00:00 nametype=NORMAL cap_fp=0 cap_fi=0 cap_fe=0 cap_fver=0 cap_frootid=0OUID="root" OGID="root"
type=PATH msg=audit(1769492715.239:1889): item=1 name="/lib64/ld-linux-x86-64.so.2" inode=1575340 dev=08:02 mode=0100755 ouid=0 ogid=0 rdev=00:00 nametype=NORMAL cap_fp=0 cap_fi=0 cap_fe=0 cap_fver=0 cap_frootid=0OUID="root" OGID="root"
type=PROCTITLE msg=audit(1769492715.239:1889): proctitle="whoami"
type=SYSCALL msg=audit(1769492715.245:1890): arch=c000003e syscall=59 success=yes exit=0 a0=5da302dc37e0 a1=5da302dca1d0 a2=5da302dc08f0 a3=5da302dca1d0 items=2 ppid=3886 pid=3890 auid=1000 uid=1000 gid=1000 euid=1000 suid=1000 fsuid=1000 egid=1000 sgid=1000 fsgid=1000 tty=pts0 ses=3 comm="id" exe="/usr/bin/id" subj=unconfined key="process_exec"ARCH=x86_64 SYSCALL=execve AUID="heroic" UID="heroic" GID="heroic" EUID="heroic" SUID="heroic" FSUID="heroic" EGID="heroic" SGID="heroic" FSGID="heroic"
type=EXECVE msg=audit(1769492715.245:1890): argc=1 a0="id"
type=CWD msg=audit(1769492715.245:1890): cwd="/tmp/hids_malicious"
type=PATH msg=audit(1769492715.245:1890): item=0 name="/usr/bin/id" inode=1578097 dev=08:02 mode=0100755 ouid=0 ogid=0 rdev=00:00 nametype=NORMAL cap_fp=0 cap_fi=0 cap_fe=0 cap_fver=0 cap_frootid=0OUID="root" OGID="root"
type=PATH msg=audit(1769492715.245:1890): item=1 name="/lib64/ld-linux-x86-64.so.2" inode=1575340 dev=08:02 mode=0100755 ouid=0 ogid=0 rdev=00:00 nametype=NORMAL cap_fp=0 cap_fi=0 cap_fe=0 cap_fver=0 cap_frootid=0OUID="root" OGID="root"
type=PROCTITLE msg=audit(1769492715.245:1890): proctitle="id"
type=SYSCALL msg=audit(1769492715.248:1891): arch=c000003e syscall=59 success=yes exit=0 a0=5da302dc9b60 a1=5da302dca210 a2=5da302dc08f0 a3=5da302dca210 items=2 ppid=3886 pid=3891 auid=1000 uid=1000 gid=1000 euid=1000 suid=1000 fsuid=1000 egid=1000 sgid=1000 fsgid=1000 tty=pts0 ses=3 comm="uname" exe="/usr/bin/uname" subj=unconfined key="process_exec"ARCH=x86_64 SYSCALL=execve AUID="heroic" UID="heroic" GID="heroic" EUID="heroic" SUID="heroic" FSUID="heroic" EGID="heroic" SGID="heroic" FSGID="heroic"
type=EXECVE msg=audit(1769492715.248:1891): argc=2 a0="uname" a1="-a"
type=CWD msg=audit(1769492715.248:1891): cwd="/tmp/hids_malicious"
type=PATH msg=audit(1769492715.248:1891): item=0 name="/usr/bin/uname" inode=1578226 dev=08:02 mode=0100755 ouid=0 ogid=0 rdev=00:00 nametype=NORMAL cap_fp=0 cap_fi=0 cap_fe=0 cap_fver=0 cap_frootid=0OUID="root" OGID="root"
type=PATH msg=audit(1769492715.248:1891): item=1 name="/lib64/ld-linux-x86-64.so.2" inode=1575340 dev=08:02 mode=0100755 ouid=0 ogid=0 rdev=00:00 nametype=NORMAL cap_fp=0 cap_fi=0 cap_fe=0 cap_fver=0 cap_frootid=0OUID="root" OGID="root"
type=PROCTITLE msg=audit(1769492715.248:1891): proctitle=756E616D65002D61
type=SYSCALL msg=audit(1769492715.250:1892): arch=c000003e syscall=59 success=yes exit=0 a0=5da302dc7f80 a1=5da302dca270 a2=5da302dc08f0 a3=5da302dca270 items=2 ppid=3886 pid=3892 auid=1000 uid=1000 gid=1000 euid=1000 suid=1000 fsuid=1000 egid=1000 sgid=1000 fsgid=1000 tty=pts0 ses=3 comm="ss" exe="/usr/bin/ss" subj=unconfined key="process_exec"ARCH=x86_64 SYSCALL=execve AUID="heroic" UID="heroic" GID="heroic" EUID="heroic" SUID="heroic" FSUID="heroic" EGID="heroic" SGID="heroic" FSGID="heroic"
type=EXECVE msg=audit(1769492715.250:1892): argc=2 a0="ss" a1="-tulnp"
type=CWD msg=audit(1769492715.250:1892): cwd="/tmp/hids_malicious"
type=PATH msg=audit(1769492715.250:1892): item=0 name="/usr/bin/ss" inode=1574256 dev=08:02 mode=0100755 ouid=0 ogid=0 rdev=00:00 nametype=NORMAL cap_fp=0 cap_fi=0 cap_fe=0 cap_fver=0 cap_frootid=0OUID="root" OGID="root"
type=PATH msg=audit(1769492715.250:1892): item=1 name="/lib64/ld-linux-x86-64.so.2" inode=1575340 dev=08:02 mode=0100755 ouid=0 ogid=0 rdev=00:00 nametype=NORMAL cap_fp=0 cap_fi=0 cap_fe=0 cap_fver=0 cap_frootid=0OUID="root" OGID="root"
type=PROCTITLE msg=audit(1769492715.250:1892): proctitle=7373002D74756C6E70
type=SYSCALL msg=audit(1769492715.295:1893): arch=c000003e syscall=59 success=yes exit=0 a0=5da302dc9b60 a1=5da302db9990 a2=5da302dc08f0 a3=5da302dca2b0 items=2 ppid=3886 pid=3897 auid=1000 uid=1000 gid=1000 euid=1000 suid=1000 fsuid=1000 egid=1000 sgid=1000 fsgid=1000 tty=pts0 ses=3 comm="chmod" exe="/usr/bin/chmod" subj=unconfined key="process_exec"ARCH=x86_64 SYSCALL=execve AUID="heroic" UID="heroic" GID="heroic" EUID="heroic" SUID="heroic" FSUID="heroic" EGID="heroic" SGID="heroic" FSGID="heroic"
type=EXECVE msg=audit(1769492715.295:1893): argc=3 a0="chmod" a1="+x" a2="payload.sh"
type=CWD msg=audit(1769492715.295:1893): cwd="/tmp/hids_malicious"
type=PATH msg=audit(1769492715.295:1893): item=0 name="/usr/bin/chmod" inode=1578019 dev=08:02 mode=0100755 ouid=0 ogid=0 rdev=00:00 nametype=NORMAL cap_fp=0 cap_fi=0 cap_fe=0 cap_fver=0 cap_frootid=0OUID="root" OGID="root"
type=PATH msg=audit(1769492715.295:1893): item=1 name="/lib64/ld-linux-x86-64.so.2" inode=1575340 dev=08:02 mode=0100755 ouid=0 ogid=0 rdev=00:00 nametype=NORMAL cap_fp=0 cap_fi=0 cap_fe=0 cap_fver=0 cap_frootid=0OUID="root" OGID="root"
type=PROCTITLE msg=audit(1769492715.295:1893): proctitle=63686D6F64002B78007061796C6F61642E7368
type=SYSCALL msg=audit(1769492715.297:1894): arch=c000003e syscall=59 success=yes exit=0 a0=5da302dca1d0 a1=5da302dca310 a2=5da302dc08f0 a3=8 items=2 ppid=3886 pid=3899 auid=1000 uid=1000 gid=1000 euid=1000 suid=1000 fsuid=1000 egid=1000 sgid=1000 fsgid=1000 tty=pts0 ses=3 comm="bash" exe="/usr/bin/bash" subj=unconfined key="process_exec"ARCH=x86_64 SYSCALL=execve AUID="heroic" UID="heroic" GID="heroic" EUID="heroic" SUID="heroic" FSUID="heroic" EGID="heroic" SGID="heroic" FSGID="heroic"
type=EXECVE msg=audit(1769492715.297:1894): argc=1 a0="bash"
type=CWD msg=audit(1769492715.297:1894): cwd="/tmp/hids_malicious"
type=PATH msg=audit(1769492715.297:1894): item=0 name="/usr/bin/bash" inode=1573437 dev=08:02 mode=0100755 ouid=0 ogid=0 rdev=00:00 nametype=NORMAL cap_fp=0 cap_fi=0 cap_fe=0 cap_fver=0 cap_frootid=0OUID="root" OGID="root"
type=PATH msg=audit(1769492715.297:1894): item=1 name="/lib64/ld-linux-x86-64.so.2" inode=1575340 dev=08:02 mode=0100755 ouid=0 ogid=0 rdev=00:00 nametype=NORMAL cap_fp=0 cap_fi=0 cap_fe=0 cap_fver=0 cap_frootid=0OUID="root" OGID="root"
type=PROCTITLE msg=audit(1769492715.297:1894): proctitle="bash"
type=SYSCALL msg=audit(1769492715.297:1895): arch=c000003e syscall=59 success=yes exit=0 a0=5da302dc7dc0 a1=5da302dc2360 a2=5da302dc08f0 a3=5da302dc2950 items=2 ppid=3886 pid=3898 auid=1000 uid=1000 gid=1000 euid=1000 suid=1000 fsuid=1000 egid=1000 sgid=1000 fsgid=1000 tty=pts0 ses=3 comm="curl" exe="/usr/bin/curl" subj=unconfined key="process_exec"ARCH=x86_64 SYSCALL=execve AUID="heroic" UID="heroic" GID="heroic" EUID="heroic" SUID="heroic" FSUID="heroic" EGID="heroic" SGID="heroic" FSGID="heroic"
type=EXECVE msg=audit(1769492715.297:1895): argc=3 a0="curl" a1="-s" a2="file:///tmp/hids_malicious/payload.sh"
type=CWD msg=audit(1769492715.297:1895): cwd="/tmp/hids_malicious"
type=PATH msg=audit(1769492715.297:1895): item=0 name="/usr/bin/curl" inode=1573697 dev=08:02 mode=0100755 ouid=0 ogid=0 rdev=00:00 nametype=NORMAL cap_fp=0 cap_fi=0 cap_fe=0 cap_fver=0 cap_frootid=0OUID="root" OGID="root"
type=PATH msg=audit(1769492715.297:1895): item=1 name="/lib64/ld-linux-x86-64.so.2" inode=1575340 dev=08:02 mode=0100755 ouid=0 ogid=0 rdev=00:00 nametype=NORMAL cap_fp=0 cap_fi=0 cap_fe=0 cap_fver=0 cap_frootid=0OUID="root" OGID="root"
type=PROCTITLE msg=audit(1769492715.297:1895): proctitle=6375726C002D730066696C653A2F2F2F746D702F686964735F6D616C6963696F75732F7061796C6F61642E7368
type=SYSCALL msg=audit(1769492715.314:1896): arch=c000003e syscall=59 success=yes exit=0 a0=5da302dca2b0 a1=5da302dca310 a2=5da302dc08f0 a3=5da302dca310 items=2 ppid=3886 pid=3900 auid=1000 uid=1000 gid=1000 euid=0 suid=0 fsuid=0 egid=1000 sgid=1000 fsgid=1000 tty=pts0 ses=3 comm="sudo" exe="/usr/bin/sudo" subj=unconfined key="process_exec"ARCH=x86_64 SYSCALL=execve AUID="heroic" UID="heroic" GID="heroic" EUID="root" SUID="root" FSUID="root" EGID="heroic" SGID="heroic" FSGID="heroic"
type=EXECVE msg=audit(1769492715.314:1896): argc=2 a0="sudo" a1="-l"
type=CWD msg=audit(1769492715.314:1896): cwd="/tmp/hids_malicious"
type=PATH msg=audit(1769492715.314:1896): item=0 name="/usr/bin/sudo" inode=1574274 dev=08:02 mode=0104755 ouid=0 ogid=0 rdev=00:00 nametype=NORMAL cap_fp=0 cap_fi=0 cap_fe=0 cap_fver=0 cap_frootid=0OUID="root" OGID="root"
type=PATH msg=audit(1769492715.314:1896): item=1 name="/lib64/ld-linux-x86-64.so.2" inode=1575340 dev=08:02 mode=0100755 ouid=0 ogid=0 rdev=00:00 nametype=NORMAL cap_fp=0 cap_fi=0 cap_fe=0 cap_fver=0 cap_frootid=0OUID="root" OGID="root"
type=PROCTITLE msg=audit(1769492715.314:1896): proctitle=7375646F002D6C
type=USER_ACCT msg=audit(1769492715.413:1897): pid=3900 uid=1000 auid=1000 ses=3 subj=unconfined msg='op=PAM:accounting grantors=pam_permit,pam_localuser acct="heroic" exe="/usr/bin/sudo" hostname=? addr=? terminal=/dev/pts/0 res=success'UID="heroic" AUID="heroic"
type=SYSCALL msg=audit(1769492715.416:1898): arch=c000003e syscall=59 success=yes exit=0 a0=5da302dc37c0 a1=5da302dca190 a2=5da302dc08f0 a3=5da302dca190 items=2 ppid=3886 pid=3901 auid=1000 uid=1000 gid=1000 euid=0 suid=0 fsuid=0 egid=1000 sgid=1000 fsgid=1000 tty=pts0 ses=3 comm="sudo" exe="/usr/bin/sudo" subj=unconfined key="process_exec"ARCH=x86_64 SYSCALL=execve AUID="heroic" UID="heroic" GID="heroic" EUID="root" SUID="root" FSUID="root" EGID="heroic" SGID="heroic" FSGID="heroic"
type=EXECVE msg=audit(1769492715.416:1898): argc=2 a0="sudo" a1="whoami"
type=CWD msg=audit(1769492715.416:1898): cwd="/tmp/hids_malicious"
type=PATH msg=audit(1769492715.416:1898): item=0 name="/usr/bin/sudo" inode=1574274 dev=08:02 mode=0104755 ouid=0 ogid=0 rdev=00:00 nametype=NORMAL cap_fp=0 cap_fi=0 cap_fe=0 cap_fver=0 cap_frootid=0OUID="root" OGID="root"
type=PATH msg=audit(1769492715.416:1898): item=1 name="/lib64/ld-linux-x86-64.so.2" inode=1575340 dev=08:02 mode=0100755 ouid=0 ogid=0 rdev=00:00 nametype=NORMAL cap_fp=0 cap_fi=0 cap_fe=0 cap_fver=0 cap_frootid=0OUID="root" OGID="root"
type=PROCTITLE msg=audit(1769492715.416:1898): proctitle=7375646F0077686F616D69
type=USER_ACCT msg=audit(1769492715.482:1899): pid=3901 uid=1000 auid=1000 ses=3 subj=unconfined msg='op=PAM:accounting grantors=pam_permit,pam_localuser acct="heroic" exe="/usr/bin/sudo" hostname=? addr=? terminal=/dev/pts/0 res=success'UID="heroic" AUID="heroic"
type=USER_CMD msg=audit(1769492715.486:1900): pid=3901 uid=1000 auid=1000 ses=3 subj=unconfined msg='cwd="/tmp/hids_malicious" cmd="whoami" exe="/usr/bin/sudo" terminal=pts/0 res=success'UID="heroic" AUID="heroic"
type=CRED_REFR msg=audit(1769492715.486:1901): pid=3901 uid=1000 auid=1000 ses=3 subj=unconfined msg='op=PAM:setcred grantors=pam_permit,pam_cap acct="root" exe="/usr/bin/sudo" hostname=? addr=? terminal=/dev/pts/0 res=success'UID="heroic" AUID="heroic"
type=USER_START msg=audit(1769492715.488:1902): pid=3901 uid=1000 auid=1000 ses=3 subj=unconfined msg='op=PAM:session_open grantors=pam_limits,pam_env,pam_env,pam_permit,pam_umask,pam_unix acct="root" exe="/usr/bin/sudo" hostname=? addr=? terminal=/dev/pts/0 res=success'UID="heroic" AUID="heroic"
type=SYSCALL msg=audit(1769492715.490:1903): arch=c000003e syscall=59 success=yes exit=0 a0=58d4a4b33b68 a1=58d4a4b43ba0 a2=58d4a4b56340 a3=64 items=2 ppid=3902 pid=3903 auid=1000 uid=0 gid=0 euid=0 suid=0 fsuid=0 egid=0 sgid=0 fsgid=0 tty=pts1 ses=3 comm="whoami" exe="/usr/bin/whoami" subj=unconfined key="process_exec"ARCH=x86_64 SYSCALL=execve AUID="heroic" UID="root" GID="root" EUID="root" SUID="root" FSUID="root" EGID="root" SGID="root" FSGID="root"
type=EXECVE msg=audit(1769492715.490:1903): argc=1 a0="whoami"
type=CWD msg=audit(1769492715.490:1903): cwd="/tmp/hids_malicious"
type=PATH msg=audit(1769492715.490:1903): item=0 name="/usr/bin/whoami" inode=1578239 dev=08:02 mode=0100755 ouid=0 ogid=0 rdev=00:00 nametype=NORMAL cap_fp=0 cap_fi=0 cap_fe=0 cap_fver=0 cap_frootid=0OUID="root" OGID="root"
type=PATH msg=audit(1769492715.490:1903): item=1 name="/lib64/ld-linux-x86-64.so.2" inode=1575340 dev=08:02 mode=0100755 ouid=0 ogid=0 rdev=00:00 nametype=NORMAL cap_fp=0 cap_fi=0 cap_fe=0 cap_fver=0 cap_frootid=0OUID="root" OGID="root"
type=PROCTITLE msg=audit(1769492715.490:1903): proctitle="whoami"
type=USER_END msg=audit(1769492715.495:1904): pid=3901 uid=1000 auid=1000 ses=3 subj=unconfined msg='op=PAM:session_close grantors=pam_limits,pam_env,pam_env,pam_permit,pam_umask,pam_unix acct="root" exe="/usr/bin/sudo" hostname=? addr=? terminal=/dev/pts/0 res=success'UID="heroic" AUID="heroic"
type=CRED_DISP msg=audit(1769492715.497:1905): pid=3901 uid=1000 auid=1000 ses=3 subj=unconfined msg='op=PAM:setcred grantors=pam_permit acct="root" exe="/usr/bin/sudo" hostname=? addr=? terminal=/dev/pts/0 res=success'UID="heroic" AUID="heroic"
type=SYSCALL msg=audit(1769492715.499:1906): arch=c000003e syscall=59 success=yes exit=0 a0=5da302dc7ce0 a1=5da302dc78a0 a2=5da302dc08f0 a3=5da302dca270 items=2 ppid=3886 pid=3905 auid=1000 uid=1000 gid=1000 euid=0 suid=0 fsuid=0 egid=1000 sgid=1000 fsgid=1000 tty=pts0 ses=3 comm="sudo" exe="/usr/bin/sudo" subj=unconfined key="process_exec"ARCH=x86_64 SYSCALL=execve AUID="heroic" UID="heroic" GID="heroic" EUID="root" SUID="root" FSUID="root" EGID="heroic" SGID="heroic" FSGID="heroic"
type=EXECVE msg=audit(1769492715.499:1906): argc=3 a0="sudo" a1="tee" a2="/etc/cron.d/hids_persist"
type=CWD msg=audit(1769492715.499:1906): cwd="/tmp/hids_malicious"
type=PATH msg=audit(1769492715.499:1906): item=0 name="/usr/bin/sudo" inode=1574274 dev=08:02 mode=0104755 ouid=0 ogid=0 rdev=00:00 nametype=NORMAL cap_fp=0 cap_fi=0 cap_fe=0 cap_fver=0 cap_frootid=0OUID="root" OGID="root"
type=PATH msg=audit(1769492715.499:1906): item=1 name="/lib64/ld-linux-x86-64.so.2" inode=1575340 dev=08:02 mode=0100755 ouid=0 ogid=0 rdev=00:00 nametype=NORMAL cap_fp=0 cap_fi=0 cap_fe=0 cap_fver=0 cap_frootid=0OUID="root" OGID="root"
type=PROCTITLE msg=audit(1769492715.499:1906): proctitle=7375646F00746565002F6574632F63726F6E2E642F686964735F70657273697374
type=USER_ACCT msg=audit(1769492715.517:1907): pid=3905 uid=1000 auid=1000 ses=3 subj=unconfined msg='op=PAM:accounting grantors=pam_permit,pam_localuser acct="heroic" exe="/usr/bin/sudo" hostname=? addr=? terminal=/dev/pts/0 res=success'UID="heroic" AUID="heroic"
type=USER_CMD msg=audit(1769492715.517:1908): pid=3905 uid=1000 auid=1000 ses=3 subj=unconfined msg='cwd="/tmp/hids_malicious" cmd=746565202F6574632F63726F6E2E642F686964735F70657273697374 exe="/usr/bin/sudo" terminal=pts/0 res=success'UID="heroic" AUID="heroic"
type=CRED_REFR msg=audit(1769492715.520:1909): pid=3905 uid=1000 auid=1000 ses=3 subj=unconfined msg='op=PAM:setcred grantors=pam_permit,pam_cap acct="root" exe="/usr/bin/sudo" hostname=? addr=? terminal=/dev/pts/0 res=success'UID="heroic" AUID="heroic"
type=USER_START msg=audit(1769492715.520:1910): pid=3905 uid=1000 auid=1000 ses=3 subj=unconfined msg='op=PAM:session_open grantors=pam_limits,pam_env,pam_env,pam_permit,pam_umask,pam_unix acct="root" exe="/usr/bin/sudo" hostname=? addr=? terminal=/dev/pts/0 res=success'UID="heroic" AUID="heroic"
type=SYSCALL msg=audit(1769492715.520:1911): arch=c000003e syscall=59 success=yes exit=0 a0=5ed348af0b68 a1=5ed348b00ba0 a2=5ed348b137a0 a3=64 items=2 ppid=3906 pid=3907 auid=1000 uid=0 gid=0 euid=0 suid=0 fsuid=0 egid=0 sgid=0 fsgid=0 tty=pts1 ses=3 comm="tee" exe="/usr/bin/tee" subj=unconfined key="process_exec"ARCH=x86_64 SYSCALL=execve AUID="heroic" UID="root" GID="root" EUID="root" SUID="root" FSUID="root" EGID="root" SGID="root" FSGID="root"
type=EXECVE msg=audit(1769492715.520:1911): argc=2 a0="tee" a1="/etc/cron.d/hids_persist"
type=CWD msg=audit(1769492715.520:1911): cwd="/tmp/hids_malicious"
type=PATH msg=audit(1769492715.520:1911): item=0 name="/usr/bin/tee" inode=1578148 dev=08:02 mode=0100755 ouid=0 ogid=0 rdev=00:00 nametype=NORMAL cap_fp=0 cap_fi=0 cap_fe=0 cap_fver=0 cap_frootid=0OUID="root" OGID="root"
type=PATH msg=audit(1769492715.520:1911): item=1 name="/lib64/ld-linux-x86-64.so.2" inode=1575340 dev=08:02 mode=0100755 ouid=0 ogid=0 rdev=00:00 nametype=NORMAL cap_fp=0 cap_fi=0 cap_fe=0 cap_fver=0 cap_frootid=0OUID="root" OGID="root"
type=PROCTITLE msg=audit(1769492715.520:1911): proctitle=746565002F6574632F63726F6E2E642F686964735F70657273697374
type=SYSCALL msg=audit(1769492715.540:1912): arch=c000003e syscall=257 success=yes exit=3 a0=ffffff9c a1=7ffcaa05f72c a2=241 a3=1b6 items=2 ppid=3906 pid=3907 auid=1000 uid=0 gid=0 euid=0 suid=0 fsuid=0 egid=0 sgid=0 fsgid=0 tty=pts1 ses=3 comm="tee" exe="/usr/bin/tee" subj=unconfined key="persistence"ARCH=x86_64 SYSCALL=openat AUID="heroic" UID="root" GID="root" EUID="root" SUID="root" FSUID="root" EGID="root" SGID="root" FSGID="root"
type=CWD msg=audit(1769492715.540:1912): cwd="/tmp/hids_malicious"
type=PATH msg=audit(1769492715.540:1912): item=0 name="/etc/cron.d/" inode=1703968 dev=08:02 mode=040755 ouid=0 ogid=0 rdev=00:00 nametype=PARENT cap_fp=0 cap_fi=0 cap_fe=0 cap_fver=0 cap_frootid=0OUID="root" OGID="root"
type=PATH msg=audit(1769492715.540:1912): item=1 name="/etc/cron.d/hids_persist" inode=1704205 dev=08:02 mode=0100644 ouid=0 ogid=0 rdev=00:00 nametype=CREATE cap_fp=0 cap_fi=0 cap_fe=0 cap_fver=0 cap_frootid=0OUID="root" OGID="root"
type=PROCTITLE msg=audit(1769492715.540:1912): proctitle=746565002F6574632F63726F6E2E642F686964735F70657273697374
type=USER_END msg=audit(1769492715.543:1913): pid=3905 uid=1000 auid=1000 ses=3 subj=unconfined msg='op=PAM:session_close grantors=pam_limits,pam_env,pam_env,pam_permit,pam_umask,pam_unix acct="root" exe="/usr/bin/sudo" hostname=? addr=? terminal=/dev/pts/0 res=success'UID="heroic" AUID="heroic"
type=CRED_DISP msg=audit(1769492715.543:1914): pid=3905 uid=1000 auid=1000 ses=3 subj=unconfined msg='op=PAM:setcred grantors=pam_permit acct="root" exe="/usr/bin/sudo" hostname=? addr=? terminal=/dev/pts/0 res=success'UID="heroic" AUID="heroic"
type=SYSCALL msg=audit(1769492715.552:1915): arch=c000003e syscall=59 success=yes exit=0 a0=5da302dcd830 a1=5da302dca270 a2=5da302dc08f0 a3=5da302dca270 items=2 ppid=3886 pid=3908 auid=1000 uid=1000 gid=1000 euid=1000 suid=1000 fsuid=1000 egid=1000 sgid=1000 fsgid=1000 tty=pts0 ses=3 comm="sleep" exe="/usr/bin/sleep" subj=unconfined key="process_exec"ARCH=x86_64 SYSCALL=execve AUID="heroic" UID="heroic" GID="heroic" EUID="heroic" SUID="heroic" FSUID="heroic" EGID="heroic" SGID="heroic" FSGID="heroic"
type=EXECVE msg=audit(1769492715.552:1915): argc=2 a0="sleep" a1="5"
type=CWD msg=audit(1769492715.552:1915): cwd="/tmp/hids_malicious"
type=PATH msg=audit(1769492715.552:1915): item=0 name="/usr/bin/sleep" inode=1578138 dev=08:02 mode=0100755 ouid=0 ogid=0 rdev=00:00 nametype=NORMAL cap_fp=0 cap_fi=0 cap_fe=0 cap_fver=0 cap_frootid=0OUID="root" OGID="root"
type=PATH msg=audit(1769492715.552:1915): item=1 name="/lib64/ld-linux-x86-64.so.2" inode=1575340 dev=08:02 mode=0100755 ouid=0 ogid=0 rdev=00:00 nametype=NORMAL cap_fp=0 cap_fi=0 cap_fe=0 cap_fver=0 cap_frootid=0OUID="root" OGID="root"
type=PROCTITLE msg=audit(1769492715.552:1915): proctitle=736C6565700035
type=SYSCALL msg=audit(1769492720.561:1916): arch=c000003e syscall=59 success=yes exit=0 a0=5da302dccff0 a1=5da302dca550 a2=5da302dc08f0 a3=1 items=2 ppid=3886 pid=3909 auid=1000 uid=1000 gid=1000 euid=1000 suid=1000 fsuid=1000 egid=1000 sgid=1000 fsgid=1000 tty=pts0 ses=3 comm="rm" exe="/usr/bin/rm" subj=unconfined key="process_exec"ARCH=x86_64 SYSCALL=execve AUID="heroic" UID="heroic" GID="heroic" EUID="heroic" SUID="heroic" FSUID="heroic" EGID="heroic" SGID="heroic" FSGID="heroic"
type=EXECVE msg=audit(1769492720.561:1916): argc=58 a0="rm" a1="-f" a2="file_10.dat" a3="file_11.dat" a4="file_12.dat" a5="file_13.dat" a6="file_14.dat" a7="file_15.dat" a8="file_16.dat" a9="file_17.dat" a10="file_18.dat" a11="file_19.dat" a12="file_1.dat" a13="file_20.dat" a14="file_21.dat" a15="file_22.dat" a16="file_23.dat" a17="file_24.dat" a18="file_25.dat" a19="file_26.dat" a20="file_27.dat" a21="file_28.dat" a22="file_29.dat" a23="file_2.dat" a24="file_30.dat" a25="file_31.dat" a26="file_32.dat" a27="file_33.dat" a28="file_34.dat" a29="file_35.dat" a30="file_36.dat" a31="file_37.dat" a32="file_38.dat" a33="file_39.dat" a34="file_3.dat" a35="file_40.dat" a36="file_41.dat" a37="file_42.dat" a38="file_43.dat" a39="file_44.dat" a40="file_45.dat" a41="file_46.dat" a42="file_47.dat" a43="file_48.dat" a44="file_49.dat" a45="file_4.dat" a46="file_50.dat" a47="file_5.dat" a48="file_6.dat" a49="file_7.dat" a50="file_8.dat" a51="file_9.dat" a52="payload.sh" a53="recon.txt" a54="netstat.txt" a55="processes.txt" a56="sudo_enum.txt" a57="sudo_test.txt"
type=CWD msg=audit(1769492720.561:1916): cwd="/tmp/hids_malicious"
type=PATH msg=audit(1769492720.561:1916): item=0 name="/usr/bin/rm" inode=1578127 dev=08:02 mode=0100755 ouid=0 ogid=0 rdev=00:00 nametype=NORMAL cap_fp=0 cap_fi=0 cap_fe=0 cap_fver=0 cap_frootid=0OUID="root" OGID="root"
type=PATH msg=audit(1769492720.561:1916): item=1 name="/lib64/ld-linux-x86-64.so.2" inode=1575340 dev=08:02 mode=0100755 ouid=0 ogid=0 rdev=00:00 nametype=NORMAL cap_fp=0 cap_fi=0 cap_fe=0 cap_fver=0 cap_frootid=0OUID="root" OGID="root"
type=PROCTITLE msg=audit(1769492720.561:1916): proctitle=726D002D660066696C655F31302E6461740066696C655F31312E6461740066696C655F31322E6461740066696C655F31332E6461740066696C655F31342E6461740066696C655F31352E6461740066696C655F31362E6461740066696C655F31372E6461740066696C655F31382E6461740066696C655F31392E646174006669
type=SYSCALL msg=audit(1769492720.573:1917): arch=c000003e syscall=59 success=yes exit=0 a0=5da302dcd750 a1=5da302dc7850 a2=5da302dc08f0 a3=5da302dc7850 items=2 ppid=3886 pid=3910 auid=1000 uid=1000 gid=1000 euid=0 suid=0 fsuid=0 egid=1000 sgid=1000 fsgid=1000 tty=pts0 ses=3 comm="sudo" exe="/usr/bin/sudo" subj=unconfined key="process_exec"ARCH=x86_64 SYSCALL=execve AUID="heroic" UID="heroic" GID="heroic" EUID="root" SUID="root" FSUID="root" EGID="heroic" SGID="heroic" FSGID="heroic"
type=EXECVE msg=audit(1769492720.573:1917): argc=4 a0="sudo" a1="rm" a2="-f" a3="/etc/cron.d/hids_persist"
type=CWD msg=audit(1769492720.573:1917): cwd="/tmp/hids_malicious"
type=PATH msg=audit(1769492720.573:1917): item=0 name="/usr/bin/sudo" inode=1574274 dev=08:02 mode=0104755 ouid=0 ogid=0 rdev=00:00 nametype=NORMAL cap_fp=0 cap_fi=0 cap_fe=0 cap_fver=0 cap_frootid=0OUID="root" OGID="root"
type=PATH msg=audit(1769492720.573:1917): item=1 name="/lib64/ld-linux-x86-64.so.2" inode=1575340 dev=08:02 mode=0100755 ouid=0 ogid=0 rdev=00:00 nametype=NORMAL cap_fp=0 cap_fi=0 cap_fe=0 cap_fver=0 cap_frootid=0OUID="root" OGID="root"
type=PROCTITLE msg=audit(1769492720.573:1917): proctitle=7375646F00726D002D66002F6574632F63726F6E2E642F686964735F70657273697374
type=USER_ACCT msg=audit(1769492720.601:1918): pid=3910 uid=1000 auid=1000 ses=3 subj=unconfined msg='op=PAM:accounting grantors=pam_permit,pam_localuser acct="heroic" exe="/usr/bin/sudo" hostname=? addr=? terminal=/dev/pts/0 res=success'UID="heroic" AUID="heroic"
type=USER_CMD msg=audit(1769492720.603:1919): pid=3910 uid=1000 auid=1000 ses=3 subj=unconfined msg='cwd="/tmp/hids_malicious" cmd=726D202D66202F6574632F63726F6E2E642F686964735F70657273697374 exe="/usr/bin/sudo" terminal=pts/0 res=success'UID="heroic" AUID="heroic"
type=CRED_REFR msg=audit(1769492720.603:1920): pid=3910 uid=1000 auid=1000 ses=3 subj=unconfined msg='op=PAM:setcred grantors=pam_permit,pam_cap acct="root" exe="/usr/bin/sudo" hostname=? addr=? terminal=/dev/pts/0 res=success'UID="heroic" AUID="heroic"
type=USER_START msg=audit(1769492720.605:1921): pid=3910 uid=1000 auid=1000 ses=3 subj=unconfined msg='op=PAM:session_open grantors=pam_limits,pam_env,pam_env,pam_permit,pam_umask,pam_unix acct="root" exe="/usr/bin/sudo" hostname=? addr=? terminal=/dev/pts/0 res=success'UID="heroic" AUID="heroic"
type=SYSCALL msg=audit(1769492720.605:1922): arch=c000003e syscall=59 success=yes exit=0 a0=5d433cf30b68 a1=5d433cf40ba0 a2=5d433cf537a0 a3=64 items=2 ppid=3911 pid=3912 auid=1000 uid=0 gid=0 euid=0 suid=0 fsuid=0 egid=0 sgid=0 fsgid=0 tty=pts1 ses=3 comm="rm" exe="/usr/bin/rm" subj=unconfined key="process_exec"ARCH=x86_64 SYSCALL=execve AUID="heroic" UID="root" GID="root" EUID="root" SUID="root" FSUID="root" EGID="root" SGID="root" FSGID="root"
type=EXECVE msg=audit(1769492720.605:1922): argc=3 a0="rm" a1="-f" a2="/etc/cron.d/hids_persist"
type=CWD msg=audit(1769492720.605:1922): cwd="/tmp/hids_malicious"
type=PATH msg=audit(1769492720.605:1922): item=0 name="/usr/bin/rm" inode=1578127 dev=08:02 mode=0100755 ouid=0 ogid=0 rdev=00:00 nametype=NORMAL cap_fp=0 cap_fi=0 cap_fe=0 cap_fver=0 cap_frootid=0OUID="root" OGID="root"
type=PATH msg=audit(1769492720.605:1922): item=1 name="/lib64/ld-linux-x86-64.so.2" inode=1575340 dev=08:02 mode=0100755 ouid=0 ogid=0 rdev=00:00 nametype=NORMAL cap_fp=0 cap_fi=0 cap_fe=0 cap_fver=0 cap_frootid=0OUID="root" OGID="root"
type=PROCTITLE msg=audit(1769492720.605:1922): proctitle=726D002D66002F6574632F63726F6E2E642F686964735F70657273697374
type=SYSCALL msg=audit(1769492720.607:1923): arch=c000003e syscall=263 success=yes exit=0 a0=ffffff9c a1=63fe25b524a0 a2=0 a3=63fe25b53900 items=2 ppid=3911 pid=3912 auid=1000 uid=0 gid=0 euid=0 suid=0 fsuid=0 egid=0 sgid=0 fsgid=0 tty=pts1 ses=3 comm="rm" exe="/usr/bin/rm" subj=unconfined key="persistence"ARCH=x86_64 SYSCALL=unlinkat AUID="heroic" UID="root" GID="root" EUID="root" SUID="root" FSUID="root" EGID="root" SGID="root" FSGID="root"
type=CWD msg=audit(1769492720.607:1923): cwd="/tmp/hids_malicious"
type=PATH msg=audit(1769492720.607:1923): item=0 name="/etc/cron.d/" inode=1703968 dev=08:02 mode=040755 ouid=0 ogid=0 rdev=00:00 nametype=PARENT cap_fp=0 cap_fi=0 cap_fe=0 cap_fver=0 cap_frootid=0OUID="root" OGID="root"
type=PATH msg=audit(1769492720.607:1923): item=1 name="/etc/cron.d/hids_persist" inode=1704205 dev=08:02 mode=0100644 ouid=0 ogid=0 rdev=00:00 nametype=DELETE cap_fp=0 cap_fi=0 cap_fe=0 cap_fver=0 cap_frootid=0OUID="root" OGID="root"
type=PROCTITLE msg=audit(1769492720.607:1923): proctitle=726D002D66002F6574632F63726F6E2E642F686964735F70657273697374
type=USER_END msg=audit(1769492720.608:1924): pid=3910 uid=1000 auid=1000 ses=3 subj=unconfined msg='op=PAM:session_close grantors=pam_limits,pam_env,pam_env,pam_permit,pam_umask,pam_unix acct="root" exe="/usr/bin/sudo" hostname=? addr=? terminal=/dev/pts/0 res=success'UID="heroic" AUID="heroic"
type=CRED_DISP msg=audit(1769492720.608:1925): pid=3910 uid=1000 auid=1000 ses=3 subj=unconfined msg='op=PAM:setcred grantors=pam_permit acct="root" exe="/usr/bin/sudo" hostname=? addr=? terminal=/dev/pts/0 res=success'UID="heroic" AUID="heroic"
type=SYSCALL msg=audit(1769492720.609:1926): arch=c000003e syscall=59 success=yes exit=0 a0=5da302dccff0 a1=5da302dcce70 a2=5da302dc08f0 a3=5da302dc37c0 items=2 ppid=3886 pid=3913 auid=1000 uid=1000 gid=1000 euid=1000 suid=1000 fsuid=1000 egid=1000 sgid=1000 fsgid=1000 tty=pts0 ses=3 comm="rmdir" exe="/usr/bin/rmdir" subj=unconfined key="process_exec"ARCH=x86_64 SYSCALL=execve AUID="heroic" UID="heroic" GID="heroic" EUID="heroic" SUID="heroic" FSUID="heroic" EGID="heroic" SGID="heroic" FSGID="heroic"
type=EXECVE msg=audit(1769492720.609:1926): argc=2 a0="rmdir" a1="/tmp/hids_malicious"
type=CWD msg=audit(1769492720.609:1926): cwd="/tmp/hids_malicious"
type=PATH msg=audit(1769492720.609:1926): item=0 name="/usr/bin/rmdir" inode=1578128 dev=08:02 mode=0100755 ouid=0 ogid=0 rdev=00:00 nametype=NORMAL cap_fp=0 cap_fi=0 cap_fe=0 cap_fver=0 cap_frootid=0OUID="root" OGID="root"
type=PATH msg=audit(1769492720.609:1926): item=1 name="/lib64/ld-linux-x86-64.so.2" inode=1575340 dev=08:02 mode=0100755 ouid=0 ogid=0 rdev=00:00 nametype=NORMAL cap_fp=0 cap_fi=0 cap_fe=0 cap_fver=0 cap_frootid=0OUID="root" OGID="root"
type=PROCTITLE msg=audit(1769492720.609:1926): proctitle=726D646972002F746D702F686964735F6D616C6963696F7573
type=SYSCALL msg=audit(1769492720.614:1927): arch=c000003e syscall=59 success=yes exit=0 a0=5da302dcca90 a1=5da302dca510 a2=5da302dc08f0 a3=5da302dca510 items=2 ppid=3886 pid=3914 auid=1000 uid=1000 gid=1000 euid=1000 suid=1000 fsuid=1000 egid=1000 sgid=1000 fsgid=1000 tty=pts0 ses=3 comm="sleep" exe="/usr/bin/sleep" subj=unconfined key="process_exec"ARCH=x86_64 SYSCALL=execve AUID="heroic" UID="heroic" GID="heroic" EUID="heroic" SUID="heroic" FSUID="heroic" EGID="heroic" SGID="heroic" FSGID="heroic"
type=EXECVE msg=audit(1769492720.614:1927): argc=2 a0="sleep" a1="90"
type=CWD msg=audit(1769492720.614:1927): cwd=2F746D702F686964735F6D616C6963696F7573202864656C6574656429
type=PATH msg=audit(1769492720.614:1927): item=0 name="/usr/bin/sleep" inode=1578138 dev=08:02 mode=0100755 ouid=0 ogid=0 rdev=00:00 nametype=NORMAL cap_fp=0 cap_fi=0 cap_fe=0 cap_fver=0 cap_frootid=0OUID="root" OGID="root"
type=PATH msg=audit(1769492720.614:1927): item=1 name="/lib64/ld-linux-x86-64.so.2" inode=1575340 dev=08:02 mode=0100755 ouid=0 ogid=0 rdev=00:00 nametype=NORMAL cap_fp=0 cap_fi=0 cap_fe=0 cap_fver=0 cap_frootid=0OUID="root" OGID="root"
type=PROCTITLE msg=audit(1769492720.614:1927): proctitle=736C656570003930
type=SERVICE_STOP msg=audit(1769492735.389:1928): pid=1 uid=0 auid=4294967295 ses=4294967295 subj=unconfined msg='unit=packagekit comm="systemd" exe="/usr/lib/systemd/systemd" hostname=? addr=? terminal=? res=success'UID="root" AUID="unset"
type=SYSCALL msg=audit(1769492810.652:1929): arch=c000003e syscall=59 success=yes exit=0 a0=5da302dcc410 a1=5da302dc7360 a2=5da302dc08f0 a3=5da302dc7b20 items=2 ppid=3886 pid=3920 auid=1000 uid=1000 gid=1000 euid=1000 suid=1000 fsuid=1000 egid=1000 sgid=1000 fsgid=1000 tty=pts0 ses=3 comm="mkdir" exe="/usr/bin/mkdir" subj=unconfined key="process_exec"ARCH=x86_64 SYSCALL=execve AUID="heroic" UID="heroic" GID="heroic" EUID="heroic" SUID="heroic" FSUID="heroic" EGID="heroic" SGID="heroic" FSGID="heroic"
type=EXECVE msg=audit(1769492810.652:1929): argc=3 a0="mkdir" a1="-p" a2="/tmp/hids_malicious"
type=CWD msg=audit(1769492810.652:1929): cwd=2F746D702F686964735F6D616C6963696F7573202864656C6574656429
type=PATH msg=audit(1769492810.652:1929): item=0 name="/usr/bin/mkdir" inode=1578106 dev=08:02 mode=0100755 ouid=0 ogid=0 rdev=00:00 nametype=NORMAL cap_fp=0 cap_fi=0 cap_fe=0 cap_fver=0 cap_frootid=0OUID="root" OGID="root"
type=PATH msg=audit(1769492810.652:1929): item=1 name="/lib64/ld-linux-x86-64.so.2" inode=1575340 dev=08:02 mode=0100755 ouid=0 ogid=0 rdev=00:00 nametype=NORMAL cap_fp=0 cap_fi=0 cap_fe=0 cap_fver=0 cap_frootid=0OUID="root" OGID="root"
type=PROCTITLE msg=audit(1769492810.652:1929): proctitle=6D6B646972002D70002F746D702F686964735F6D616C6963696F7573
type=SYSCALL msg=audit(1769492810.694:1930): arch=c000003e syscall=59 success=yes exit=0 a0=5da302dcca90 a1=5da302dcc570 a2=5da302dc08f0 a3=5da302dcc430 items=2 ppid=3886 pid=3921 auid=1000 uid=1000 gid=1000 euid=1000 suid=1000 fsuid=1000 egid=1000 sgid=1000 fsgid=1000 tty=pts0 ses=3 comm="ps" exe="/usr/bin/ps" subj=unconfined key="process_exec"ARCH=x86_64 SYSCALL=execve AUID="heroic" UID="heroic" GID="heroic" EUID="heroic" SUID="heroic" FSUID="heroic" EGID="heroic" SGID="heroic" FSGID="heroic"
type=EXECVE msg=audit(1769492810.694:1930): argc=2 a0="ps" a1="aux"
type=CWD msg=audit(1769492810.694:1930): cwd="/tmp/hids_malicious"
type=PATH msg=audit(1769492810.694:1930): item=0 name="/usr/bin/ps" inode=1574103 dev=08:02 mode=0100755 ouid=0 ogid=0 rdev=00:00 nametype=NORMAL cap_fp=0 cap_fi=0 cap_fe=0 cap_fver=0 cap_frootid=0OUID="root" OGID="root"
type=PATH msg=audit(1769492810.694:1930): item=1 name="/lib64/ld-linux-x86-64.so.2" inode=1575340 dev=08:02 mode=0100755 ouid=0 ogid=0 rdev=00:00 nametype=NORMAL cap_fp=0 cap_fi=0 cap_fe=0 cap_fver=0 cap_frootid=0OUID="root" OGID="root"
type=PROCTITLE msg=audit(1769492810.694:1930): proctitle=707300617578
type=SYSCALL msg=audit(1769492810.907:1931): arch=c000003e syscall=59 success=yes exit=0 a0=5da302dc8600 a1=5da302dc6e20 a2=5da302dc08f0 a3=5da302dc6e20 items=2 ppid=3886 pid=3922 auid=1000 uid=1000 gid=1000 euid=1000 suid=1000 fsuid=1000 egid=1000 sgid=1000 fsgid=1000 tty=pts0 ses=3 comm="whoami" exe="/usr/bin/whoami" subj=unconfined key="process_exec"ARCH=x86_64 SYSCALL=execve AUID="heroic" UID="heroic" GID="heroic" EUID="heroic" SUID="heroic" FSUID="heroic" EGID="heroic" SGID="heroic" FSGID="heroic"
type=EXECVE msg=audit(1769492810.907:1931): argc=1 a0="whoami"
type=CWD msg=audit(1769492810.907:1931): cwd="/tmp/hids_malicious"
type=PATH msg=audit(1769492810.907:1931): item=0 name="/usr/bin/whoami" inode=1578239 dev=08:02 mode=0100755 ouid=0 ogid=0 rdev=00:00 nametype=NORMAL cap_fp=0 cap_fi=0 cap_fe=0 cap_fver=0 cap_frootid=0OUID="root" OGID="root"
type=PATH msg=audit(1769492810.907:1931): item=1 name="/lib64/ld-linux-x86-64.so.2" inode=1575340 dev=08:02 mode=0100755 ouid=0 ogid=0 rdev=00:00 nametype=NORMAL cap_fp=0 cap_fi=0 cap_fe=0 cap_fver=0 cap_frootid=0OUID="root" OGID="root"
type=PROCTITLE msg=audit(1769492810.907:1931): proctitle="whoami"
type=SYSCALL msg=audit(1769492810.933:1932): arch=c000003e syscall=59 success=yes exit=0 a0=5da302dcc3f0 a1=5da302dccff0 a2=5da302dc08f0 a3=5da302dccff0 items=2 ppid=3886 pid=3923 auid=1000 uid=1000 gid=1000 euid=1000 suid=1000 fsuid=1000 egid=1000 sgid=1000 fsgid=1000 tty=pts0 ses=3 comm="id" exe="/usr/bin/id" subj=unconfined key="process_exec"ARCH=x86_64 SYSCALL=execve AUID="heroic" UID="heroic" GID="heroic" EUID="heroic" SUID="heroic" FSUID="heroic" EGID="heroic" SGID="heroic" FSGID="heroic"
type=EXECVE msg=audit(1769492810.933:1932): argc=1 a0="id"
type=CWD msg=audit(1769492810.933:1932): cwd="/tmp/hids_malicious"
type=PATH msg=audit(1769492810.933:1932): item=0 name="/usr/bin/id" inode=1578097 dev=08:02 mode=0100755 ouid=0 ogid=0 rdev=00:00 nametype=NORMAL cap_fp=0 cap_fi=0 cap_fe=0 cap_fver=0 cap_frootid=0OUID="root" OGID="root"
type=PATH msg=audit(1769492810.933:1932): item=1 name="/lib64/ld-linux-x86-64.so.2" inode=1575340 dev=08:02 mode=0100755 ouid=0 ogid=0 rdev=00:00 nametype=NORMAL cap_fp=0 cap_fi=0 cap_fe=0 cap_fver=0 cap_frootid=0OUID="root" OGID="root"
type=PROCTITLE msg=audit(1769492810.933:1932): proctitle="id"
type=SYSCALL msg=audit(1769492810.957:1933): arch=c000003e syscall=59 success=yes exit=0 a0=5da302dc8600 a1=5da302dcc5b0 a2=5da302dc08f0 a3=5da302dcca90 items=2 ppid=3886 pid=3924 auid=1000 uid=1000 gid=1000 euid=1000 suid=1000 fsuid=1000 egid=1000 sgid=1000 fsgid=1000 tty=pts0 ses=3 comm="uname" exe="/usr/bin/uname" subj=unconfined key="process_exec"ARCH=x86_64 SYSCALL=execve AUID="heroic" UID="heroic" GID="heroic" EUID="heroic" SUID="heroic" FSUID="heroic" EGID="heroic" SGID="heroic" FSGID="heroic"
type=EXECVE msg=audit(1769492810.957:1933): argc=2 a0="uname" a1="-a"
type=CWD msg=audit(1769492810.957:1933): cwd="/tmp/hids_malicious"
type=PATH msg=audit(1769492810.957:1933): item=0 name="/usr/bin/uname" inode=1578226 dev=08:02 mode=0100755 ouid=0 ogid=0 rdev=00:00 nametype=NORMAL cap_fp=0 cap_fi=0 cap_fe=0 cap_fver=0 cap_frootid=0OUID="root" OGID="root"
type=PATH msg=audit(1769492810.957:1933): item=1 name="/lib64/ld-linux-x86-64.so.2" inode=1575340 dev=08:02 mode=0100755 ouid=0 ogid=0 rdev=00:00 nametype=NORMAL cap_fp=0 cap_fi=0 cap_fe=0 cap_fver=0 cap_frootid=0OUID="root" OGID="root"
type=PROCTITLE msg=audit(1769492810.957:1933): proctitle=756E616D65002D61
type=SYSCALL msg=audit(1769492810.963:1934): arch=c000003e syscall=59 success=yes exit=0 a0=5da302dcc4d0 a1=5da302dcc490 a2=5da302dc08f0 a3=5da302dcc410 items=2 ppid=3886 pid=3925 auid=1000 uid=1000 gid=1000 euid=1000 suid=1000 fsuid=1000 egid=1000 sgid=1000 fsgid=1000 tty=pts0 ses=3 comm="ss" exe="/usr/bin/ss" subj=unconfined key="process_exec"ARCH=x86_64 SYSCALL=execve AUID="heroic" UID="heroic" GID="heroic" EUID="heroic" SUID="heroic" FSUID="heroic" EGID="heroic" SGID="heroic" FSGID="heroic"
type=EXECVE msg=audit(1769492810.963:1934): argc=2 a0="ss" a1="-tulnp"
type=CWD msg=audit(1769492810.963:1934): cwd="/tmp/hids_malicious"
type=PATH msg=audit(1769492810.963:1934): item=0 name="/usr/bin/ss" inode=1574256 dev=08:02 mode=0100755 ouid=0 ogid=0 rdev=00:00 nametype=NORMAL cap_fp=0 cap_fi=0 cap_fe=0 cap_fver=0 cap_frootid=0OUID="root" OGID="root"
type=PATH msg=audit(1769492810.963:1934): item=1 name="/lib64/ld-linux-x86-64.so.2" inode=1575340 dev=08:02 mode=0100755 ouid=0 ogid=0 rdev=00:00 nametype=NORMAL cap_fp=0 cap_fi=0 cap_fe=0 cap_fver=0 cap_frootid=0OUID="root" OGID="root"
type=PROCTITLE msg=audit(1769492810.963:1934): proctitle=7373002D74756C6E70
type=SYSCALL msg=audit(1769492810.984:1935): arch=c000003e syscall=59 success=yes exit=0 a0=5da302dc8600 a1=5da302dc70f0 a2=5da302dc08f0 a3=5da302dcc3f0 items=2 ppid=3886 pid=3926 auid=1000 uid=1000 gid=1000 euid=1000 suid=1000 fsuid=1000 egid=1000 sgid=1000 fsgid=1000 tty=pts0 ses=3 comm="chmod" exe="/usr/bin/chmod" subj=unconfined key="process_exec"ARCH=x86_64 SYSCALL=execve AUID="heroic" UID="heroic" GID="heroic" EUID="heroic" SUID="heroic" FSUID="heroic" EGID="heroic" SGID="heroic" FSGID="heroic"
type=EXECVE msg=audit(1769492810.984:1935): argc=3 a0="chmod" a1="+x" a2="payload.sh"
type=CWD msg=audit(1769492810.984:1935): cwd="/tmp/hids_malicious"
type=PATH msg=audit(1769492810.984:1935): item=0 name="/usr/bin/chmod" inode=1578019 dev=08:02 mode=0100755 ouid=0 ogid=0 rdev=00:00 nametype=NORMAL cap_fp=0 cap_fi=0 cap_fe=0 cap_fver=0 cap_frootid=0OUID="root" OGID="root"
type=PATH msg=audit(1769492810.984:1935): item=1 name="/lib64/ld-linux-x86-64.so.2" inode=1575340 dev=08:02 mode=0100755 ouid=0 ogid=0 rdev=00:00 nametype=NORMAL cap_fp=0 cap_fi=0 cap_fe=0 cap_fver=0 cap_frootid=0OUID="root" OGID="root"
type=PROCTITLE msg=audit(1769492810.984:1935): proctitle=63686D6F64002B78007061796C6F61642E7368
type=SYSCALL msg=audit(1769492810.988:1936): arch=c000003e syscall=59 success=yes exit=0 a0=5da302dc6e20 a1=5da302dc78d0 a2=5da302dc08f0 a3=8 items=2 ppid=3886 pid=3927 auid=1000 uid=1000 gid=1000 euid=1000 suid=1000 fsuid=1000 egid=1000 sgid=1000 fsgid=1000 tty=pts0 ses=3 comm="curl" exe="/usr/bin/curl" subj=unconfined key="process_exec"ARCH=x86_64 SYSCALL=execve AUID="heroic" UID="heroic" GID="heroic" EUID="heroic" SUID="heroic" FSUID="heroic" EGID="heroic" SGID="heroic" FSGID="heroic"
type=EXECVE msg=audit(1769492810.988:1936): argc=3 a0="curl" a1="-s" a2="file:///tmp/hids_malicious/payload.sh"
type=CWD msg=audit(1769492810.988:1936): cwd="/tmp/hids_malicious"
type=PATH msg=audit(1769492810.988:1936): item=0 name="/usr/bin/curl" inode=1573697 dev=08:02 mode=0100755 ouid=0 ogid=0 rdev=00:00 nametype=NORMAL cap_fp=0 cap_fi=0 cap_fe=0 cap_fver=0 cap_frootid=0OUID="root" OGID="root"
type=PATH msg=audit(1769492810.988:1936): item=1 name="/lib64/ld-linux-x86-64.so.2" inode=1575340 dev=08:02 mode=0100755 ouid=0 ogid=0 rdev=00:00 nametype=NORMAL cap_fp=0 cap_fi=0 cap_fe=0 cap_fver=0 cap_frootid=0OUID="root" OGID="root"
type=PROCTITLE msg=audit(1769492810.988:1936): proctitle=6375726C002D730066696C653A2F2F2F746D702F686964735F6D616C6963696F75732F7061796C6F61642E7368
type=SYSCALL msg=audit(1769492810.988:1937): arch=c000003e syscall=59 success=yes exit=0 a0=5da302dc6e20 a1=5da302dcc330 a2=5da302dc08f0 a3=8 items=2 ppid=3886 pid=3928 auid=1000 uid=1000 gid=1000 euid=1000 suid=1000 fsuid=1000 egid=1000 sgid=1000 fsgid=1000 tty=pts0 ses=3 comm="bash" exe="/usr/bin/bash" subj=unconfined key="process_exec"ARCH=x86_64 SYSCALL=execve AUID="heroic" UID="heroic" GID="heroic" EUID="heroic" SUID="heroic" FSUID="heroic" EGID="heroic" SGID="heroic" FSGID="heroic"
type=EXECVE msg=audit(1769492810.988:1937): argc=1 a0="bash"
type=CWD msg=audit(1769492810.988:1937): cwd="/tmp/hids_malicious"
type=PATH msg=audit(1769492810.988:1937): item=0 name="/usr/bin/bash" inode=1573437 dev=08:02 mode=0100755 ouid=0 ogid=0 rdev=00:00 nametype=NORMAL cap_fp=0 cap_fi=0 cap_fe=0 cap_fver=0 cap_frootid=0OUID="root" OGID="root"
type=PATH msg=audit(1769492810.988:1937): item=1 name="/lib64/ld-linux-x86-64.so.2" inode=1575340 dev=08:02 mode=0100755 ouid=0 ogid=0 rdev=00:00 nametype=NORMAL cap_fp=0 cap_fi=0 cap_fe=0 cap_fver=0 cap_frootid=0OUID="root" OGID="root"
type=PROCTITLE msg=audit(1769492810.988:1937): proctitle="bash"
type=SYSCALL msg=audit(1769492811.004:1938): arch=c000003e syscall=59 success=yes exit=0 a0=5da302dcc4d0 a1=5da302dcc310 a2=5da302dc08f0 a3=5da302dcc310 items=2 ppid=3886 pid=3929 auid=1000 uid=1000 gid=1000 euid=0 suid=0 fsuid=0 egid=1000 sgid=1000 fsgid=1000 tty=pts0 ses=3 comm="sudo" exe="/usr/bin/sudo" subj=unconfined key="process_exec"ARCH=x86_64 SYSCALL=execve AUID="heroic" UID="heroic" GID="heroic" EUID="root" SUID="root" FSUID="root" EGID="heroic" SGID="heroic" FSGID="heroic"
type=EXECVE msg=audit(1769492811.004:1938): argc=2 a0="sudo" a1="-l"
type=CWD msg=audit(1769492811.004:1938): cwd="/tmp/hids_malicious"
type=PATH msg=audit(1769492811.004:1938): item=0 name="/usr/bin/sudo" inode=1574274 dev=08:02 mode=0104755 ouid=0 ogid=0 rdev=00:00 nametype=NORMAL cap_fp=0 cap_fi=0 cap_fe=0 cap_fver=0 cap_frootid=0OUID="root" OGID="root"
type=PATH msg=audit(1769492811.004:1938): item=1 name="/lib64/ld-linux-x86-64.so.2" inode=1575340 dev=08:02 mode=0100755 ouid=0 ogid=0 rdev=00:00 nametype=NORMAL cap_fp=0 cap_fi=0 cap_fe=0 cap_fver=0 cap_frootid=0OUID="root" OGID="root"
type=PROCTITLE msg=audit(1769492811.004:1938): proctitle=7375646F002D6C
type=USER_ACCT msg=audit(1769492811.047:1939): pid=3929 uid=1000 auid=1000 ses=3 subj=unconfined msg='op=PAM:accounting grantors=pam_permit,pam_localuser acct="heroic" exe="/usr/bin/sudo" hostname=? addr=? terminal=/dev/pts/0 res=success'UID="heroic" AUID="heroic"
type=SYSCALL msg=audit(1769492811.059:1940): arch=c000003e syscall=59 success=yes exit=0 a0=5da302dc8600 a1=5da302dcc3f0 a2=5da302dc08f0 a3=5da302dcc3f0 items=2 ppid=3886 pid=3930 auid=1000 uid=1000 gid=1000 euid=0 suid=0 fsuid=0 egid=1000 sgid=1000 fsgid=1000 tty=pts0 ses=3 comm="sudo" exe="/usr/bin/sudo" subj=unconfined key="process_exec"ARCH=x86_64 SYSCALL=execve AUID="heroic" UID="heroic" GID="heroic" EUID="root" SUID="root" FSUID="root" EGID="heroic" SGID="heroic" FSGID="heroic"
type=EXECVE msg=audit(1769492811.059:1940): argc=2 a0="sudo" a1="whoami"
type=CWD msg=audit(1769492811.059:1940): cwd="/tmp/hids_malicious"
type=PATH msg=audit(1769492811.059:1940): item=0 name="/usr/bin/sudo" inode=1574274 dev=08:02 mode=0104755 ouid=0 ogid=0 rdev=00:00 nametype=NORMAL cap_fp=0 cap_fi=0 cap_fe=0 cap_fver=0 cap_frootid=0OUID="root" OGID="root"
type=PATH msg=audit(1769492811.059:1940): item=1 name="/lib64/ld-linux-x86-64.so.2" inode=1575340 dev=08:02 mode=0100755 ouid=0 ogid=0 rdev=00:00 nametype=NORMAL cap_fp=0 cap_fi=0 cap_fe=0 cap_fver=0 cap_frootid=0OUID="root" OGID="root"
type=PROCTITLE msg=audit(1769492811.059:1940): proctitle=7375646F0077686F616D69
type=USER_ACCT msg=audit(1769492811.082:1941): pid=3930 uid=1000 auid=1000 ses=3 subj=unconfined msg='op=PAM:accounting grantors=pam_permit,pam_localuser acct="heroic" exe="/usr/bin/sudo" hostname=? addr=? terminal=/dev/pts/0 res=success'UID="heroic" AUID="heroic"
type=USER_CMD msg=audit(1769492811.087:1942): pid=3930 uid=1000 auid=1000 ses=3 subj=unconfined msg='cwd="/tmp/hids_malicious" cmd="whoami" exe="/usr/bin/sudo" terminal=pts/0 res=success'UID="heroic" AUID="heroic"
type=CRED_REFR msg=audit(1769492811.089:1943): pid=3930 uid=1000 auid=1000 ses=3 subj=unconfined msg='op=PAM:setcred grantors=pam_permit,pam_cap acct="root" exe="/usr/bin/sudo" hostname=? addr=? terminal=/dev/pts/0 res=success'UID="heroic" AUID="heroic"
type=USER_START msg=audit(1769492811.089:1944): pid=3930 uid=1000 auid=1000 ses=3 subj=unconfined msg='op=PAM:session_open grantors=pam_limits,pam_env,pam_env,pam_permit,pam_umask,pam_unix acct="root" exe="/usr/bin/sudo" hostname=? addr=? terminal=/dev/pts/0 res=success'UID="heroic" AUID="heroic"
type=SYSCALL msg=audit(1769492811.099:1945): arch=c000003e syscall=59 success=yes exit=0 a0=640e251b7b68 a1=640e251c7ba0 a2=640e251da340 a3=64 items=2 ppid=3931 pid=3932 auid=1000 uid=0 gid=0 euid=0 suid=0 fsuid=0 egid=0 sgid=0 fsgid=0 tty=pts1 ses=3 comm="whoami" exe="/usr/bin/whoami" subj=unconfined key="process_exec"ARCH=x86_64 SYSCALL=execve AUID="heroic" UID="root" GID="root" EUID="root" SUID="root" FSUID="root" EGID="root" SGID="root" FSGID="root"
type=EXECVE msg=audit(1769492811.099:1945): argc=1 a0="whoami"
type=CWD msg=audit(1769492811.099:1945): cwd="/tmp/hids_malicious"
type=PATH msg=audit(1769492811.099:1945): item=0 name="/usr/bin/whoami" inode=1578239 dev=08:02 mode=0100755 ouid=0 ogid=0 rdev=00:00 nametype=NORMAL cap_fp=0 cap_fi=0 cap_fe=0 cap_fver=0 cap_frootid=0OUID="root" OGID="root"
type=PATH msg=audit(1769492811.099:1945): item=1 name="/lib64/ld-linux-x86-64.so.2" inode=1575340 dev=08:02 mode=0100755 ouid=0 ogid=0 rdev=00:00 nametype=NORMAL cap_fp=0 cap_fi=0 cap_fe=0 cap_fver=0 cap_frootid=0OUID="root" OGID="root"
type=PROCTITLE msg=audit(1769492811.099:1945): proctitle="whoami"
type=USER_END msg=audit(1769492811.113:1946): pid=3930 uid=1000 auid=1000 ses=3 subj=unconfined msg='op=PAM:session_close grantors=pam_limits,pam_env,pam_env,pam_permit,pam_umask,pam_unix acct="root" exe="/usr/bin/sudo" hostname=? addr=? terminal=/dev/pts/0 res=success'UID="heroic" AUID="heroic"
type=CRED_DISP msg=audit(1769492811.113:1947): pid=3930 uid=1000 auid=1000 ses=3 subj=unconfined msg='op=PAM:setcred grantors=pam_permit acct="root" exe="/usr/bin/sudo" hostname=? addr=? terminal=/dev/pts/0 res=success'UID="heroic" AUID="heroic"
type=SYSCALL msg=audit(1769492811.130:1948): arch=c000003e syscall=59 success=yes exit=0 a0=5da302dcc4d0 a1=5da302dc7390 a2=5da302dc08f0 a3=5da302dcc310 items=2 ppid=3886 pid=3934 auid=1000 uid=1000 gid=1000 euid=0 suid=0 fsuid=0 egid=1000 sgid=1000 fsgid=1000 tty=pts0 ses=3 comm="sudo" exe="/usr/bin/sudo" subj=unconfined key="process_exec"ARCH=x86_64 SYSCALL=execve AUID="heroic" UID="heroic" GID="heroic" EUID="root" SUID="root" FSUID="root" EGID="heroic" SGID="heroic" FSGID="heroic"
type=EXECVE msg=audit(1769492811.130:1948): argc=3 a0="sudo" a1="tee" a2="/etc/cron.d/hids_persist"
type=CWD msg=audit(1769492811.130:1948): cwd="/tmp/hids_malicious"
type=PATH msg=audit(1769492811.130:1948): item=0 name="/usr/bin/sudo" inode=1574274 dev=08:02 mode=0104755 ouid=0 ogid=0 rdev=00:00 nametype=NORMAL cap_fp=0 cap_fi=0 cap_fe=0 cap_fver=0 cap_frootid=0OUID="root" OGID="root"
type=PATH msg=audit(1769492811.130:1948): item=1 name="/lib64/ld-linux-x86-64.so.2" inode=1575340 dev=08:02 mode=0100755 ouid=0 ogid=0 rdev=00:00 nametype=NORMAL cap_fp=0 cap_fi=0 cap_fe=0 cap_fver=0 cap_frootid=0OUID="root" OGID="root"
type=PROCTITLE msg=audit(1769492811.130:1948): proctitle=7375646F00746565002F6574632F63726F6E2E642F686964735F70657273697374
type=USER_ACCT msg=audit(1769492811.256:1949): pid=3934 uid=1000 auid=1000 ses=3 subj=unconfined msg='op=PAM:accounting grantors=pam_permit,pam_localuser acct="heroic" exe="/usr/bin/sudo" hostname=? addr=? terminal=/dev/pts/0 res=success'UID="heroic" AUID="heroic"
type=USER_CMD msg=audit(1769492811.263:1950): pid=3934 uid=1000 auid=1000 ses=3 subj=unconfined msg='cwd="/tmp/hids_malicious" cmd=746565202F6574632F63726F6E2E642F686964735F70657273697374 exe="/usr/bin/sudo" terminal=pts/0 res=success'UID="heroic" AUID="heroic"
type=CRED_REFR msg=audit(1769492811.279:1951): pid=3934 uid=1000 auid=1000 ses=3 subj=unconfined msg='op=PAM:setcred grantors=pam_permit,pam_cap acct="root" exe="/usr/bin/sudo" hostname=? addr=? terminal=/dev/pts/0 res=success'UID="heroic" AUID="heroic"
type=USER_START msg=audit(1769492811.280:1952): pid=3934 uid=1000 auid=1000 ses=3 subj=unconfined msg='op=PAM:session_open grantors=pam_limits,pam_env,pam_env,pam_permit,pam_umask,pam_unix acct="root" exe="/usr/bin/sudo" hostname=? addr=? terminal=/dev/pts/0 res=success'UID="heroic" AUID="heroic"
type=SYSCALL msg=audit(1769492811.285:1953): arch=c000003e syscall=59 success=yes exit=0 a0=62baf220cb68 a1=62baf221cba0 a2=62baf222f7a0 a3=64 items=2 ppid=3935 pid=3936 auid=1000 uid=0 gid=0 euid=0 suid=0 fsuid=0 egid=0 sgid=0 fsgid=0 tty=pts1 ses=3 comm="tee" exe="/usr/bin/tee" subj=unconfined key="process_exec"ARCH=x86_64 SYSCALL=execve AUID="heroic" UID="root" GID="root" EUID="root" SUID="root" FSUID="root" EGID="root" SGID="root" FSGID="root"
type=EXECVE msg=audit(1769492811.285:1953): argc=2 a0="tee" a1="/etc/cron.d/hids_persist"
type=CWD msg=audit(1769492811.285:1953): cwd="/tmp/hids_malicious"
type=PATH msg=audit(1769492811.285:1953): item=0 name="/usr/bin/tee" inode=1578148 dev=08:02 mode=0100755 ouid=0 ogid=0 rdev=00:00 nametype=NORMAL cap_fp=0 cap_fi=0 cap_fe=0 cap_fver=0 cap_frootid=0OUID="root" OGID="root"
type=PATH msg=audit(1769492811.285:1953): item=1 name="/lib64/ld-linux-x86-64.so.2" inode=1575340 dev=08:02 mode=0100755 ouid=0 ogid=0 rdev=00:00 nametype=NORMAL cap_fp=0 cap_fi=0 cap_fe=0 cap_fver=0 cap_frootid=0OUID="root" OGID="root"
type=PROCTITLE msg=audit(1769492811.285:1953): proctitle=746565002F6574632F63726F6E2E642F686964735F70657273697374
type=SYSCALL msg=audit(1769492811.287:1954): arch=c000003e syscall=257 success=yes exit=3 a0=ffffff9c a1=7ffe043b172c a2=241 a3=1b6 items=2 ppid=3935 pid=3936 auid=1000 uid=0 gid=0 euid=0 suid=0 fsuid=0 egid=0 sgid=0 fsgid=0 tty=pts1 ses=3 comm="tee" exe="/usr/bin/tee" subj=unconfined key="persistence"ARCH=x86_64 SYSCALL=openat AUID="heroic" UID="root" GID="root" EUID="root" SUID="root" FSUID="root" EGID="root" SGID="root" FSGID="root"
type=CWD msg=audit(1769492811.287:1954): cwd="/tmp/hids_malicious"
type=PATH msg=audit(1769492811.287:1954): item=0 name="/etc/cron.d/" inode=1703968 dev=08:02 mode=040755 ouid=0 ogid=0 rdev=00:00 nametype=PARENT cap_fp=0 cap_fi=0 cap_fe=0 cap_fver=0 cap_frootid=0OUID="root" OGID="root"
type=PATH msg=audit(1769492811.287:1954): item=1 name="/etc/cron.d/hids_persist" inode=1704205 dev=08:02 mode=0100644 ouid=0 ogid=0 rdev=00:00 nametype=CREATE cap_fp=0 cap_fi=0 cap_fe=0 cap_fver=0 cap_frootid=0OUID="root" OGID="root"
type=PROCTITLE msg=audit(1769492811.287:1954): proctitle=746565002F6574632F63726F6E2E642F686964735F70657273697374
type=USER_END msg=audit(1769492811.293:1955): pid=3934 uid=1000 auid=1000 ses=3 subj=unconfined msg='op=PAM:session_close grantors=pam_limits,pam_env,pam_env,pam_permit,pam_umask,pam_unix acct="root" exe="/usr/bin/sudo" hostname=? addr=? terminal=/dev/pts/0 res=success'UID="heroic" AUID="heroic"
type=CRED_DISP msg=audit(1769492811.293:1956): pid=3934 uid=1000 auid=1000 ses=3 subj=unconfined msg='op=PAM:setcred grantors=pam_permit acct="root" exe="/usr/bin/sudo" hostname=? addr=? terminal=/dev/pts/0 res=success'UID="heroic" AUID="heroic"
type=SYSCALL msg=audit(1769492811.293:1957): arch=c000003e syscall=59 success=yes exit=0 a0=5da302dcceb0 a1=5da302dcc310 a2=5da302dc08f0 a3=5da302dcc310 items=2 ppid=3886 pid=3937 auid=1000 uid=1000 gid=1000 euid=1000 suid=1000 fsuid=1000 egid=1000 sgid=1000 fsgid=1000 tty=pts0 ses=3 comm="sleep" exe="/usr/bin/sleep" subj=unconfined key="process_exec"ARCH=x86_64 SYSCALL=execve AUID="heroic" UID="heroic" GID="heroic" EUID="heroic" SUID="heroic" FSUID="heroic" EGID="heroic" SGID="heroic" FSGID="heroic"
type=EXECVE msg=audit(1769492811.293:1957): argc=2 a0="sleep" a1="5"
type=CWD msg=audit(1769492811.293:1957): cwd="/tmp/hids_malicious"
type=PATH msg=audit(1769492811.293:1957): item=0 name="/usr/bin/sleep" inode=1578138 dev=08:02 mode=0100755 ouid=0 ogid=0 rdev=00:00 nametype=NORMAL cap_fp=0 cap_fi=0 cap_fe=0 cap_fver=0 cap_frootid=0OUID="root" OGID="root"
type=PATH msg=audit(1769492811.293:1957): item=1 name="/lib64/ld-linux-x86-64.so.2" inode=1575340 dev=08:02 mode=0100755 ouid=0 ogid=0 rdev=00:00 nametype=NORMAL cap_fp=0 cap_fi=0 cap_fe=0 cap_fver=0 cap_frootid=0OUID="root" OGID="root"
type=PROCTITLE msg=audit(1769492811.293:1957): proctitle=736C6565700035
type=SYSCALL msg=audit(1769492816.331:1958): arch=c000003e syscall=59 success=yes exit=0 a0=5da302dcc310 a1=5da302dc22c0 a2=5da302dc08f0 a3=1 items=2 ppid=3886 pid=3938 auid=1000 uid=1000 gid=1000 euid=1000 suid=1000 fsuid=1000 egid=1000 sgid=1000 fsgid=1000 tty=pts0 ses=3 comm="rm" exe="/usr/bin/rm" subj=unconfined key="process_exec"ARCH=x86_64 SYSCALL=execve AUID="heroic" UID="heroic" GID="heroic" EUID="heroic" SUID="heroic" FSUID="heroic" EGID="heroic" SGID="heroic" FSGID="heroic"
type=EXECVE msg=audit(1769492816.331:1958): argc=58 a0="rm" a1="-f" a2="file_10.dat" a3="file_11.dat" a4="file_12.dat" a5="file_13.dat" a6="file_14.dat" a7="file_15.dat" a8="file_16.dat" a9="file_17.dat" a10="file_18.dat" a11="file_19.dat" a12="file_1.dat" a13="file_20.dat" a14="file_21.dat" a15="file_22.dat" a16="file_23.dat" a17="file_24.dat" a18="file_25.dat" a19="file_26.dat" a20="file_27.dat" a21="file_28.dat" a22="file_29.dat" a23="file_2.dat" a24="file_30.dat" a25="file_31.dat" a26="file_32.dat" a27="file_33.dat" a28="file_34.dat" a29="file_35.dat" a30="file_36.dat" a31="file_37.dat" a32="file_38.dat" a33="file_39.dat" a34="file_3.dat" a35="file_40.dat" a36="file_41.dat" a37="file_42.dat" a38="file_43.dat" a39="file_44.dat" a40="file_45.dat" a41="file_46.dat" a42="file_47.dat" a43="file_48.dat" a44="file_49.dat" a45="file_4.dat" a46="file_50.dat" a47="file_5.dat" a48="file_6.dat" a49="file_7.dat" a50="file_8.dat" a51="file_9.dat" a52="payload.sh" a53="recon.txt" a54="netstat.txt" a55="processes.txt" a56="sudo_enum.txt" a57="sudo_test.txt"
type=CWD msg=audit(1769492816.331:1958): cwd="/tmp/hids_malicious"
type=PATH msg=audit(1769492816.331:1958): item=0 name="/usr/bin/rm" inode=1578127 dev=08:02 mode=0100755 ouid=0 ogid=0 rdev=00:00 nametype=NORMAL cap_fp=0 cap_fi=0 cap_fe=0 cap_fver=0 cap_frootid=0OUID="root" OGID="root"
type=PATH msg=audit(1769492816.331:1958): item=1 name="/lib64/ld-linux-x86-64.so.2" inode=1575340 dev=08:02 mode=0100755 ouid=0 ogid=0 rdev=00:00 nametype=NORMAL cap_fp=0 cap_fi=0 cap_fe=0 cap_fver=0 cap_frootid=0OUID="root" OGID="root"
type=PROCTITLE msg=audit(1769492816.331:1958): proctitle=726D002D660066696C655F31302E6461740066696C655F31312E6461740066696C655F31322E6461740066696C655F31332E6461740066696C655F31342E6461740066696C655F31352E6461740066696C655F31362E6461740066696C655F31372E6461740066696C655F31382E6461740066696C655F31392E646174006669
type=SYSCALL msg=audit(1769492816.355:1959): arch=c000003e syscall=59 success=yes exit=0 a0=5da302dccff0 a1=5da302dce1c0 a2=5da302dc08f0 a3=5da302dce1c0 items=2 ppid=3886 pid=3939 auid=1000 uid=1000 gid=1000 euid=0 suid=0 fsuid=0 egid=1000 sgid=1000 fsgid=1000 tty=pts0 ses=3 comm="sudo" exe="/usr/bin/sudo" subj=unconfined key="process_exec"ARCH=x86_64 SYSCALL=execve AUID="heroic" UID="heroic" GID="heroic" EUID="root" SUID="root" FSUID="root" EGID="heroic" SGID="heroic" FSGID="heroic"
type=EXECVE msg=audit(1769492816.355:1959): argc=4 a0="sudo" a1="rm" a2="-f" a3="/etc/cron.d/hids_persist"
type=CWD msg=audit(1769492816.355:1959): cwd="/tmp/hids_malicious"
type=PATH msg=audit(1769492816.355:1959): item=0 name="/usr/bin/sudo" inode=1574274 dev=08:02 mode=0104755 ouid=0 ogid=0 rdev=00:00 nametype=NORMAL cap_fp=0 cap_fi=0 cap_fe=0 cap_fver=0 cap_frootid=0OUID="root" OGID="root"
type=PATH msg=audit(1769492816.355:1959): item=1 name="/lib64/ld-linux-x86-64.so.2" inode=1575340 dev=08:02 mode=0100755 ouid=0 ogid=0 rdev=00:00 nametype=NORMAL cap_fp=0 cap_fi=0 cap_fe=0 cap_fver=0 cap_frootid=0OUID="root" OGID="root"
type=PROCTITLE msg=audit(1769492816.355:1959): proctitle=7375646F00726D002D66002F6574632F63726F6E2E642F686964735F70657273697374
type=USER_ACCT msg=audit(1769492816.585:1960): pid=3939 uid=1000 auid=1000 ses=3 subj=unconfined msg='op=PAM:accounting grantors=pam_permit,pam_localuser acct="heroic" exe="/usr/bin/sudo" hostname=? addr=? terminal=/dev/pts/0 res=success'UID="heroic" AUID="heroic"
type=USER_CMD msg=audit(1769492816.585:1961): pid=3939 uid=1000 auid=1000 ses=3 subj=unconfined msg='cwd="/tmp/hids_malicious" cmd=726D202D66202F6574632F63726F6E2E642F686964735F70657273697374 exe="/usr/bin/sudo" terminal=pts/0 res=success'UID="heroic" AUID="heroic"
type=CRED_REFR msg=audit(1769492816.589:1962): pid=3939 uid=1000 auid=1000 ses=3 subj=unconfined msg='op=PAM:setcred grantors=pam_permit,pam_cap acct="root" exe="/usr/bin/sudo" hostname=? addr=? terminal=/dev/pts/0 res=success'UID="heroic" AUID="heroic"
type=USER_START msg=audit(1769492816.591:1963): pid=3939 uid=1000 auid=1000 ses=3 subj=unconfined msg='op=PAM:session_open grantors=pam_limits,pam_env,pam_env,pam_permit,pam_umask,pam_unix acct="root" exe="/usr/bin/sudo" hostname=? addr=? terminal=/dev/pts/0 res=success'UID="heroic" AUID="heroic"
type=SYSCALL msg=audit(1769492816.598:1964): arch=c000003e syscall=59 success=yes exit=0 a0=568dd2e3fb68 a1=568dd2e4fba0 a2=568dd2e627a0 a3=64 items=2 ppid=3940 pid=3941 auid=1000 uid=0 gid=0 euid=0 suid=0 fsuid=0 egid=0 sgid=0 fsgid=0 tty=pts1 ses=3 comm="rm" exe="/usr/bin/rm" subj=unconfined key="process_exec"ARCH=x86_64 SYSCALL=execve AUID="heroic" UID="root" GID="root" EUID="root" SUID="root" FSUID="root" EGID="root" SGID="root" FSGID="root"
type=EXECVE msg=audit(1769492816.598:1964): argc=3 a0="rm" a1="-f" a2="/etc/cron.d/hids_persist"
type=CWD msg=audit(1769492816.598:1964): cwd="/tmp/hids_malicious"
type=PATH msg=audit(1769492816.598:1964): item=0 name="/usr/bin/rm" inode=1578127 dev=08:02 mode=0100755 ouid=0 ogid=0 rdev=00:00 nametype=NORMAL cap_fp=0 cap_fi=0 cap_fe=0 cap_fver=0 cap_frootid=0OUID="root" OGID="root"
type=PATH msg=audit(1769492816.598:1964): item=1 name="/lib64/ld-linux-x86-64.so.2" inode=1575340 dev=08:02 mode=0100755 ouid=0 ogid=0 rdev=00:00 nametype=NORMAL cap_fp=0 cap_fi=0 cap_fe=0 cap_fver=0 cap_frootid=0OUID="root" OGID="root"
type=PROCTITLE msg=audit(1769492816.598:1964): proctitle=726D002D66002F6574632F63726F6E2E642F686964735F70657273697374
type=SYSCALL msg=audit(1769492816.603:1965): arch=c000003e syscall=263 success=yes exit=0 a0=ffffff9c a1=5860095c14a0 a2=0 a3=5860095c2900 items=2 ppid=3940 pid=3941 auid=1000 uid=0 gid=0 euid=0 suid=0 fsuid=0 egid=0 sgid=0 fsgid=0 tty=pts1 ses=3 comm="rm" exe="/usr/bin/rm" subj=unconfined key="persistence"ARCH=x86_64 SYSCALL=unlinkat AUID="heroic" UID="root" GID="root" EUID="root" SUID="root" FSUID="root" EGID="root" SGID="root" FSGID="root"
type=CWD msg=audit(1769492816.603:1965): cwd="/tmp/hids_malicious"
type=PATH msg=audit(1769492816.603:1965): item=0 name="/etc/cron.d/" inode=1703968 dev=08:02 mode=040755 ouid=0 ogid=0 rdev=00:00 nametype=PARENT cap_fp=0 cap_fi=0 cap_fe=0 cap_fver=0 cap_frootid=0OUID="root" OGID="root"
type=PATH msg=audit(1769492816.603:1965): item=1 name="/etc/cron.d/hids_persist" inode=1704205 dev=08:02 mode=0100644 ouid=0 ogid=0 rdev=00:00 nametype=DELETE cap_fp=0 cap_fi=0 cap_fe=0 cap_fver=0 cap_frootid=0OUID="root" OGID="root"
type=PROCTITLE msg=audit(1769492816.603:1965): proctitle=726D002D66002F6574632F63726F6E2E642F686964735F70657273697374
type=USER_END msg=audit(1769492816.607:1966): pid=3939 uid=1000 auid=1000 ses=3 subj=unconfined msg='op=PAM:session_close grantors=pam_limits,pam_env,pam_env,pam_permit,pam_umask,pam_unix acct="root" exe="/usr/bin/sudo" hostname=? addr=? terminal=/dev/pts/0 res=success'UID="heroic" AUID="heroic"
type=CRED_DISP msg=audit(1769492816.607:1967): pid=3939 uid=1000 auid=1000 ses=3 subj=unconfined msg='op=PAM:setcred grantors=pam_permit acct="root" exe="/usr/bin/sudo" hostname=? addr=? terminal=/dev/pts/0 res=success'UID="heroic" AUID="heroic"
type=SYSCALL msg=audit(1769492816.612:1968): arch=c000003e syscall=59 success=yes exit=0 a0=5da302dcc410 a1=5da302dcc2b0 a2=5da302dc08f0 a3=5da302dcc2b0 items=2 ppid=3886 pid=3942 auid=1000 uid=1000 gid=1000 euid=1000 suid=1000 fsuid=1000 egid=1000 sgid=1000 fsgid=1000 tty=pts0 ses=3 comm="rmdir" exe="/usr/bin/rmdir" subj=unconfined key="process_exec"ARCH=x86_64 SYSCALL=execve AUID="heroic" UID="heroic" GID="heroic" EUID="heroic" SUID="heroic" FSUID="heroic" EGID="heroic" SGID="heroic" FSGID="heroic"
type=EXECVE msg=audit(1769492816.612:1968): argc=2 a0="rmdir" a1="/tmp/hids_malicious"
type=CWD msg=audit(1769492816.612:1968): cwd="/tmp/hids_malicious"
type=PATH msg=audit(1769492816.612:1968): item=0 name="/usr/bin/rmdir" inode=1578128 dev=08:02 mode=0100755 ouid=0 ogid=0 rdev=00:00 nametype=NORMAL cap_fp=0 cap_fi=0 cap_fe=0 cap_fver=0 cap_frootid=0OUID="root" OGID="root"
type=PATH msg=audit(1769492816.612:1968): item=1 name="/lib64/ld-linux-x86-64.so.2" inode=1575340 dev=08:02 mode=0100755 ouid=0 ogid=0 rdev=00:00 nametype=NORMAL cap_fp=0 cap_fi=0 cap_fe=0 cap_fver=0 cap_frootid=0OUID="root" OGID="root"
type=PROCTITLE msg=audit(1769492816.612:1968): proctitle=726D646972002F746D702F686964735F6D616C6963696F7573
type=SYSCALL msg=audit(1769492816.617:1969): arch=c000003e syscall=59 success=yes exit=0 a0=5da302dccff0 a1=5da302dcc310 a2=5da302dc08f0 a3=5da302dcc310 items=2 ppid=3886 pid=3943 auid=1000 uid=1000 gid=1000 euid=1000 suid=1000 fsuid=1000 egid=1000 sgid=1000 fsgid=1000 tty=pts0 ses=3 comm="sleep" exe="/usr/bin/sleep" subj=unconfined key="process_exec"ARCH=x86_64 SYSCALL=execve AUID="heroic" UID="heroic" GID="heroic" EUID="heroic" SUID="heroic" FSUID="heroic" EGID="heroic" SGID="heroic" FSGID="heroic"
type=EXECVE msg=audit(1769492816.617:1969): argc=2 a0="sleep" a1="90"
type=CWD msg=audit(1769492816.617:1969): cwd=2F746D702F686964735F6D616C6963696F7573202864656C6574656429
type=PATH msg=audit(1769492816.617:1969): item=0 name="/usr/bin/sleep" inode=1578138 dev=08:02 mode=0100755 ouid=0 ogid=0 rdev=00:00 nametype=NORMAL cap_fp=0 cap_fi=0 cap_fe=0 cap_fver=0 cap_frootid=0OUID="root" OGID="root"
type=PATH msg=audit(1769492816.617:1969): item=1 name="/lib64/ld-linux-x86-64.so.2" inode=1575340 dev=08:02 mode=0100755 ouid=0 ogid=0 rdev=00:00 nametype=NORMAL cap_fp=0 cap_fi=0 cap_fe=0 cap_fver=0 cap_frootid=0OUID="root" OGID="root"
type=PROCTITLE msg=audit(1769492816.617:1969): proctitle=736C656570003930
type=USER_ACCT msg=audit(1769492821.592:1970): pid=3944 uid=0 auid=4294967295 ses=4294967295 subj=unconfined msg='op=PAM:accounting grantors=pam_permit,pam_localuser acct="root" exe="/usr/sbin/cron" hostname=? addr=? terminal=cron res=success'UID="root" AUID="unset"
type=CRED_ACQ msg=audit(1769492821.592:1971): pid=3944 uid=0 auid=4294967295 ses=4294967295 subj=unconfined msg='op=PAM:setcred grantors=pam_permit,pam_cap acct="root" exe="/usr/sbin/cron" hostname=? addr=? terminal=cron res=success'UID="root" AUID="unset"
type=LOGIN msg=audit(1769492821.592:1972): pid=3944 uid=0 subj=unconfined old-auid=4294967295 auid=0 tty=(none) old-ses=4294967295 ses=5 res=1UID="root" OLD-AUID="unset" AUID="root"
type=SYSCALL msg=audit(1769492821.592:1972): arch=c000003e syscall=1 success=yes exit=1 a0=7 a1=7ffeb4c10450 a2=1 a3=0 items=0 ppid=912 pid=3944 auid=0 uid=0 gid=0 euid=0 suid=0 fsuid=0 egid=0 sgid=0 fsgid=0 tty=(none) ses=5 comm="cron" exe="/usr/sbin/cron" subj=unconfined key=(null)ARCH=x86_64 SYSCALL=write AUID="root" UID="root" GID="root" EUID="root" SUID="root" FSUID="root" EGID="root" SGID="root" FSGID="root"
type=PROCTITLE msg=audit(1769492821.592:1972): proctitle=2F7573722F7362696E2F43524F4E002D66002D50
type=USER_START msg=audit(1769492821.656:1973): pid=3944 uid=0 auid=0 ses=5 subj=unconfined msg='op=PAM:session_open grantors=pam_loginuid,pam_env,pam_env,pam_permit,pam_umask,pam_unix,pam_limits acct="root" exe="/usr/sbin/cron" hostname=? addr=? terminal=cron res=success'UID="root" AUID="root"
type=CRED_REFR msg=audit(1769492821.663:1974): pid=3945 uid=0 auid=0 ses=5 subj=unconfined msg='op=PAM:setcred grantors=pam_permit,pam_cap acct="root" exe="/usr/sbin/cron" hostname=? addr=? terminal=cron res=success'UID="root" AUID="root"
type=SYSCALL msg=audit(1769492821.663:1975): arch=c000003e syscall=59 success=yes exit=0 a0=56a2cccba886 a1=7ffeb4c10500 a2=56a2cccba8c0 a3=56a2cccba886 items=2 ppid=3944 pid=3945 auid=0 uid=0 gid=0 euid=0 suid=0 fsuid=0 egid=0 sgid=0 fsgid=0 tty=(none) ses=5 comm="sh" exe="/usr/bin/dash" subj=unconfined key="process_exec"ARCH=x86_64 SYSCALL=execve AUID="root" UID="root" GID="root" EUID="root" SUID="root" FSUID="root" EGID="root" SGID="root" FSGID="root"
type=EXECVE msg=audit(1769492821.663:1975): argc=3 a0="/bin/sh" a1="-c" a2=6364202F2026262072756E2D7061727473202D2D7265706F7274202F6574632F63726F6E2E686F75726C79
type=CWD msg=audit(1769492821.663:1975): cwd="/root"
type=PATH msg=audit(1769492821.663:1975): item=0 name="/bin/sh" inode=1573518 dev=08:02 mode=0100755 ouid=0 ogid=0 rdev=00:00 nametype=NORMAL cap_fp=0 cap_fi=0 cap_fe=0 cap_fver=0 cap_frootid=0OUID="root" OGID="root"
type=PATH msg=audit(1769492821.663:1975): item=1 name="/lib64/ld-linux-x86-64.so.2" inode=1575340 dev=08:02 mode=0100755 ouid=0 ogid=0 rdev=00:00 nametype=NORMAL cap_fp=0 cap_fi=0 cap_fe=0 cap_fver=0 cap_frootid=0OUID="root" OGID="root"
type=PROCTITLE msg=audit(1769492821.663:1975): proctitle=2F62696E2F7368002D63006364202F2026262072756E2D7061727473202D2D7265706F7274202F6574632F63726F6E2E686F75726C79
type=SYSCALL msg=audit(1769492821.663:1976): arch=c000003e syscall=59 success=yes exit=0 a0=5bf3963dc5c0 a1=5bf3963dc560 a2=5bf3963dc580 a3=8 items=2 ppid=3945 pid=3946 auid=0 uid=0 gid=0 euid=0 suid=0 fsuid=0 egid=0 sgid=0 fsgid=0 tty=(none) ses=5 comm="run-parts" exe="/usr/bin/run-parts" subj=unconfined key="process_exec"ARCH=x86_64 SYSCALL=execve AUID="root" UID="root" GID="root" EUID="root" SUID="root" FSUID="root" EGID="root" SGID="root" FSGID="root"
type=EXECVE msg=audit(1769492821.663:1976): argc=3 a0="run-parts" a1="--report" a2="/etc/cron.hourly"
type=CWD msg=audit(1769492821.663:1976): cwd="/"
type=PATH msg=audit(1769492821.663:1976): item=0 name="/usr/bin/run-parts" inode=1574173 dev=08:02 mode=0100755 ouid=0 ogid=0 rdev=00:00 nametype=NORMAL cap_fp=0 cap_fi=0 cap_fe=0 cap_fver=0 cap_frootid=0OUID="root" OGID="root"
type=PATH msg=audit(1769492821.663:1976): item=1 name="/lib64/ld-linux-x86-64.so.2" inode=1575340 dev=08:02 mode=0100755 ouid=0 ogid=0 rdev=00:00 nametype=NORMAL cap_fp=0 cap_fi=0 cap_fe=0 cap_fver=0 cap_frootid=0OUID="root" OGID="root"
type=PROCTITLE msg=audit(1769492821.663:1976): proctitle=72756E2D7061727473002D2D7265706F7274002F6574632F63726F6E2E686F75726C79
type=CRED_DISP msg=audit(1769492821.704:1977): pid=3944 uid=0 auid=0 ses=5 subj=unconfined msg='op=PAM:setcred grantors=pam_permit acct="root" exe="/usr/sbin/cron" hostname=? addr=? terminal=cron res=success'UID="root" AUID="root"
type=USER_END msg=audit(1769492821.704:1978): pid=3944 uid=0 auid=0 ses=5 subj=unconfined msg='op=PAM:session_close grantors=pam_loginuid,pam_env,pam_env,pam_permit,pam_umask,pam_unix,pam_limits acct="root" exe="/usr/sbin/cron" hostname=? addr=? terminal=cron res=success'UID="root" AUID="root"
type=SYSCALL msg=audit(1769492859.328:1979): arch=c000003e syscall=59 success=yes exit=0 a0=562ec9734dc0 a1=562ec9a17630 a2=77ea54005570 a3=8 items=2 ppid=3838 pid=3948 auid=1000 uid=1000 gid=1000 euid=1000 suid=1000 fsuid=1000 egid=1000 sgid=1000 fsgid=1000 tty=pts1 ses=3 comm="bash" exe="/usr/bin/bash" subj=unconfined key="process_exec"ARCH=x86_64 SYSCALL=execve AUID="heroic" UID="heroic" GID="heroic" EUID="heroic" SUID="heroic" FSUID="heroic" EGID="heroic" SGID="heroic" FSGID="heroic"
type=EXECVE msg=audit(1769492859.328:1979): argc=1 a0="bash"
type=CWD msg=audit(1769492859.328:1979): cwd="/home/heroic/Desktop/scripts-for-data-generation"
type=PATH msg=audit(1769492859.328:1979): item=0 name="/bin/bash" inode=1573437 dev=08:02 mode=0100755 ouid=0 ogid=0 rdev=00:00 nametype=NORMAL cap_fp=0 cap_fi=0 cap_fe=0 cap_fver=0 cap_frootid=0OUID="root" OGID="root"
type=PATH msg=audit(1769492859.328:1979): item=1 name="/lib64/ld-linux-x86-64.so.2" inode=1575340 dev=08:02 mode=0100755 ouid=0 ogid=0 rdev=00:00 nametype=NORMAL cap_fp=0 cap_fi=0 cap_fe=0 cap_fver=0 cap_frootid=0OUID="root" OGID="root"
type=PROCTITLE msg=audit(1769492859.328:1979): proctitle="bash"
type=SYSCALL msg=audit(1769492859.330:1980): arch=c000003e syscall=59 success=yes exit=0 a0=6087e278a9e0 a1=6087e2790be0 a2=6087e278a200 a3=8 items=3 ppid=3948 pid=3950 auid=1000 uid=1000 gid=1000 euid=1000 suid=1000 fsuid=1000 egid=1000 sgid=1000 fsgid=1000 tty=pts1 ses=3 comm="lesspipe" exe="/usr/bin/dash" subj=unconfined key="process_exec"ARCH=x86_64 SYSCALL=execve AUID="heroic" UID="heroic" GID="heroic" EUID="heroic" SUID="heroic" FSUID="heroic" EGID="heroic" SGID="heroic" FSGID="heroic"
type=EXECVE msg=audit(1769492859.330:1980): argc=2 a0="/bin/sh" a1="/usr/bin/lesspipe"
type=CWD msg=audit(1769492859.330:1980): cwd="/home/heroic/Desktop/scripts-for-data-generation"
type=PATH msg=audit(1769492859.330:1980): item=0 name="/usr/bin/lesspipe" inode=1573866 dev=08:02 mode=0100755 ouid=0 ogid=0 rdev=00:00 nametype=NORMAL cap_fp=0 cap_fi=0 cap_fe=0 cap_fver=0 cap_frootid=0OUID="root" OGID="root"
type=PATH msg=audit(1769492859.330:1980): item=1 name="/bin/sh" inode=1573518 dev=08:02 mode=0100755 ouid=0 ogid=0 rdev=00:00 nametype=NORMAL cap_fp=0 cap_fi=0 cap_fe=0 cap_fver=0 cap_frootid=0OUID="root" OGID="root"
type=PATH msg=audit(1769492859.330:1980): item=2 name="/lib64/ld-linux-x86-64.so.2" inode=1575340 dev=08:02 mode=0100755 ouid=0 ogid=0 rdev=00:00 nametype=NORMAL cap_fp=0 cap_fi=0 cap_fe=0 cap_fver=0 cap_frootid=0OUID="root" OGID="root"
type=PROCTITLE msg=audit(1769492859.330:1980): proctitle=2F62696E2F7368002F7573722F62696E2F6C65737370697065
type=SYSCALL msg=audit(1769492859.330:1981): arch=c000003e syscall=59 success=yes exit=0 a0=55debe790f48 a1=55dea86ed600 a2=55debe790dd8 a3=1 items=2 ppid=3950 pid=3951 auid=1000 uid=1000 gid=1000 euid=1000 suid=1000 fsuid=1000 egid=1000 sgid=1000 fsgid=1000 tty=pts1 ses=3 comm="basename" exe="/usr/bin/basename" subj=unconfined key="process_exec"ARCH=x86_64 SYSCALL=execve AUID="heroic" UID="heroic" GID="heroic" EUID="heroic" SUID="heroic" FSUID="heroic" EGID="heroic" SGID="heroic" FSGID="heroic"
type=EXECVE msg=audit(1769492859.330:1981): argc=2 a0="basename" a1="/usr/bin/lesspipe"
type=CWD msg=audit(1769492859.330:1981): cwd="/home/heroic/Desktop/scripts-for-data-generation"
type=PATH msg=audit(1769492859.330:1981): item=0 name="/usr/bin/basename" inode=1578014 dev=08:02 mode=0100755 ouid=0 ogid=0 rdev=00:00 nametype=NORMAL cap_fp=0 cap_fi=0 cap_fe=0 cap_fver=0 cap_frootid=0OUID="root" OGID="root"
type=PATH msg=audit(1769492859.330:1981): item=1 name="/lib64/ld-linux-x86-64.so.2" inode=1575340 dev=08:02 mode=0100755 ouid=0 ogid=0 rdev=00:00 nametype=NORMAL cap_fp=0 cap_fi=0 cap_fe=0 cap_fver=0 cap_frootid=0OUID="root" OGID="root"
type=PROCTITLE msg=audit(1769492859.330:1981): proctitle=626173656E616D65002F7573722F62696E2F6C65737370697065
type=SYSCALL msg=audit(1769492859.338:1982): arch=c000003e syscall=59 success=yes exit=0 a0=55debe79cec8 a1=55debe79cd40 a2=55debe79cd58 a3=1 items=2 ppid=3952 pid=3953 auid=1000 uid=1000 gid=1000 euid=1000 suid=1000 fsuid=1000 egid=1000 sgid=1000 fsgid=1000 tty=pts1 ses=3 comm="dirname" exe="/usr/bin/dirname" subj=unconfined key="process_exec"ARCH=x86_64 SYSCALL=execve AUID="heroic" UID="heroic" GID="heroic" EUID="heroic" SUID="heroic" FSUID="heroic" EGID="heroic" SGID="heroic" FSGID="heroic"
type=EXECVE msg=audit(1769492859.338:1982): argc=2 a0="dirname" a1="/usr/bin/lesspipe"
type=CWD msg=audit(1769492859.338:1982): cwd="/home/heroic/Desktop/scripts-for-data-generation"
type=PATH msg=audit(1769492859.338:1982): item=0 name="/usr/bin/dirname" inode=1578074 dev=08:02 mode=0100755 ouid=0 ogid=0 rdev=00:00 nametype=NORMAL cap_fp=0 cap_fi=0 cap_fe=0 cap_fver=0 cap_frootid=0OUID="root" OGID="root"
type=PATH msg=audit(1769492859.338:1982): item=1 name="/lib64/ld-linux-x86-64.so.2" inode=1575340 dev=08:02 mode=0100755 ouid=0 ogid=0 rdev=00:00 nametype=NORMAL cap_fp=0 cap_fi=0 cap_fe=0 cap_fver=0 cap_frootid=0OUID="root" OGID="root"
type=PROCTITLE msg=audit(1769492859.338:1982): proctitle=6469726E616D65002F7573722F62696E2F6C65737370697065
type=SYSCALL msg=audit(1769492859.341:1983): arch=c000003e syscall=59 success=yes exit=0 a0=6087e2791890 a1=6087e2792780 a2=6087e27918f0 a3=8 items=2 ppid=3948 pid=3954 auid=1000 uid=1000 gid=1000 euid=1000 suid=1000 fsuid=1000 egid=1000 sgid=1000 fsgid=1000 tty=pts1 ses=3 comm="dircolors" exe="/usr/bin/dircolors" subj=unconfined key="process_exec"ARCH=x86_64 SYSCALL=execve AUID="heroic" UID="heroic" GID="heroic" EUID="heroic" SUID="heroic" FSUID="heroic" EGID="heroic" SGID="heroic" FSGID="heroic"
type=EXECVE msg=audit(1769492859.341:1983): argc=2 a0="dircolors" a1="-b"
type=CWD msg=audit(1769492859.341:1983): cwd="/home/heroic/Desktop/scripts-for-data-generation"
type=PATH msg=audit(1769492859.341:1983): item=0 name="/usr/bin/dircolors" inode=1578073 dev=08:02 mode=0100755 ouid=0 ogid=0 rdev=00:00 nametype=NORMAL cap_fp=0 cap_fi=0 cap_fe=0 cap_fver=0 cap_frootid=0OUID="root" OGID="root"
type=PATH msg=audit(1769492859.341:1983): item=1 name="/lib64/ld-linux-x86-64.so.2" inode=1575340 dev=08:02 mode=0100755 ouid=0 ogid=0 rdev=00:00 nametype=NORMAL cap_fp=0 cap_fi=0 cap_fe=0 cap_fver=0 cap_frootid=0OUID="root" OGID="root"
type=PROCTITLE msg=audit(1769492859.341:1983): proctitle=646972636F6C6F7273002D62
type=SYSCALL msg=audit(1769492866.509:1984): arch=c000003e syscall=59 success=yes exit=0 a0=6087e27a1080 a1=6087e2789c90 a2=6087e28776b0 a3=1 items=2 ppid=3948 pid=3955 auid=1000 uid=1000 gid=1000 euid=0 suid=0 fsuid=0 egid=1000 sgid=1000 fsgid=1000 tty=pts1 ses=3 comm="sudo" exe="/usr/bin/sudo" subj=unconfined key="process_exec"ARCH=x86_64 SYSCALL=execve AUID="heroic" UID="heroic" GID="heroic" EUID="root" SUID="root" FSUID="root" EGID="heroic" SGID="heroic" FSGID="heroic"
type=EXECVE msg=audit(1769492866.509:1984): argc=2 a0="sudo" a1="su"
type=CWD msg=audit(1769492866.509:1984): cwd="/home/heroic/Desktop/scripts-for-data-generation"
type=PATH msg=audit(1769492866.509:1984): item=0 name="/usr/bin/sudo" inode=1574274 dev=08:02 mode=0104755 ouid=0 ogid=0 rdev=00:00 nametype=NORMAL cap_fp=0 cap_fi=0 cap_fe=0 cap_fver=0 cap_frootid=0OUID="root" OGID="root"
type=PATH msg=audit(1769492866.509:1984): item=1 name="/lib64/ld-linux-x86-64.so.2" inode=1575340 dev=08:02 mode=0100755 ouid=0 ogid=0 rdev=00:00 nametype=NORMAL cap_fp=0 cap_fi=0 cap_fe=0 cap_fver=0 cap_frootid=0OUID="root" OGID="root"
type=PROCTITLE msg=audit(1769492866.509:1984): proctitle=7375646F007375
type=USER_AUTH msg=audit(1769492868.748:1985): pid=3955 uid=1000 auid=1000 ses=3 subj=unconfined msg='op=PAM:authentication grantors=pam_permit,pam_cap acct="heroic" exe="/usr/bin/sudo" hostname=? addr=? terminal=/dev/pts/1 res=success'UID="heroic" AUID="heroic"
type=USER_ACCT msg=audit(1769492868.748:1986): pid=3955 uid=1000 auid=1000 ses=3 subj=unconfined msg='op=PAM:accounting grantors=pam_permit,pam_localuser acct="heroic" exe="/usr/bin/sudo" hostname=? addr=? terminal=/dev/pts/1 res=success'UID="heroic" AUID="heroic"
type=USER_CMD msg=audit(1769492868.748:1987): pid=3955 uid=1000 auid=1000 ses=3 subj=unconfined msg='cwd="/home/heroic/Desktop/scripts-for-data-generation" cmd="su" exe="/usr/bin/sudo" terminal=pts/1 res=success'UID="heroic" AUID="heroic"
type=CRED_REFR msg=audit(1769492868.750:1988): pid=3955 uid=1000 auid=1000 ses=3 subj=unconfined msg='op=PAM:setcred grantors=pam_permit,pam_cap acct="root" exe="/usr/bin/sudo" hostname=? addr=? terminal=/dev/pts/1 res=success'UID="heroic" AUID="heroic"
type=USER_START msg=audit(1769492868.750:1989): pid=3955 uid=1000 auid=1000 ses=3 subj=unconfined msg='op=PAM:session_open grantors=pam_limits,pam_env,pam_env,pam_permit,pam_umask,pam_unix acct="root" exe="/usr/bin/sudo" hostname=? addr=? terminal=/dev/pts/1 res=success'UID="heroic" AUID="heroic"
type=SYSCALL msg=audit(1769492868.751:1990): arch=c000003e syscall=59 success=yes exit=0 a0=6420c3229b68 a1=6420c3239bd0 a2=6420c328e280 a3=64 items=2 ppid=3956 pid=3957 auid=1000 uid=0 gid=0 euid=0 suid=0 fsuid=0 egid=0 sgid=0 fsgid=0 tty=pts2 ses=3 comm="su" exe="/usr/bin/su" subj=unconfined key="process_exec"ARCH=x86_64 SYSCALL=execve AUID="heroic" UID="root" GID="root" EUID="root" SUID="root" FSUID="root" EGID="root" SGID="root" FSGID="root"
type=EXECVE msg=audit(1769492868.751:1990): argc=1 a0="su"
type=CWD msg=audit(1769492868.751:1990): cwd="/home/heroic/Desktop/scripts-for-data-generation"
type=PATH msg=audit(1769492868.751:1990): item=0 name="/usr/bin/su" inode=1578335 dev=08:02 mode=0104755 ouid=0 ogid=0 rdev=00:00 nametype=NORMAL cap_fp=0 cap_fi=0 cap_fe=0 cap_fver=0 cap_frootid=0OUID="root" OGID="root"
type=PATH msg=audit(1769492868.751:1990): item=1 name="/lib64/ld-linux-x86-64.so.2" inode=1575340 dev=08:02 mode=0100755 ouid=0 ogid=0 rdev=00:00 nametype=NORMAL cap_fp=0 cap_fi=0 cap_fe=0 cap_fver=0 cap_frootid=0OUID="root" OGID="root"
type=PROCTITLE msg=audit(1769492868.751:1990): proctitle="su"
type=USER_AUTH msg=audit(1769492868.760:1991): pid=3957 uid=0 auid=1000 ses=3 subj=unconfined msg='op=PAM:authentication grantors=pam_rootok acct="root" exe="/usr/bin/su" hostname=? addr=? terminal=/dev/pts/2 res=success'UID="root" AUID="heroic"
type=USER_ACCT msg=audit(1769492868.764:1992): pid=3957 uid=0 auid=1000 ses=3 subj=unconfined msg='op=PAM:accounting grantors=pam_permit,pam_localuser acct="root" exe="/usr/bin/su" hostname=? addr=? terminal=/dev/pts/2 res=success'UID="root" AUID="heroic"
type=CRED_ACQ msg=audit(1769492868.764:1993): pid=3957 uid=0 auid=1000 ses=3 subj=unconfined msg='op=PAM:setcred grantors=pam_rootok acct="root" exe="/usr/bin/su" hostname=? addr=? terminal=/dev/pts/2 res=success'UID="root" AUID="heroic"
type=USER_START msg=audit(1769492868.769:1994): pid=3957 uid=0 auid=1000 ses=3 subj=unconfined msg='op=PAM:session_open grantors=pam_env,pam_env,pam_mail,pam_limits,pam_permit,pam_umask,pam_unix,pam_systemd acct="root" exe="/usr/bin/su" hostname=? addr=? terminal=/dev/pts/2 res=success'UID="root" AUID="heroic"
type=SYSCALL msg=audit(1769492868.771:1995): arch=c000003e syscall=59 success=yes exit=0 a0=5c292db22c90 a1=5c292db15db0 a2=7fff430b1068 a3=5c292db15be0 items=2 ppid=3957 pid=3958 auid=1000 uid=0 gid=0 euid=0 suid=0 fsuid=0 egid=0 sgid=0 fsgid=0 tty=pts2 ses=3 comm="bash" exe="/usr/bin/bash" subj=unconfined key="process_exec"ARCH=x86_64 SYSCALL=execve AUID="heroic" UID="root" GID="root" EUID="root" SUID="root" FSUID="root" EGID="root" SGID="root" FSGID="root"
type=EXECVE msg=audit(1769492868.771:1995): argc=1 a0="bash"
type=CWD msg=audit(1769492868.771:1995): cwd="/home/heroic/Desktop/scripts-for-data-generation"
type=PATH msg=audit(1769492868.771:1995): item=0 name="/bin/bash" inode=1573437 dev=08:02 mode=0100755 ouid=0 ogid=0 rdev=00:00 nametype=NORMAL cap_fp=0 cap_fi=0 cap_fe=0 cap_fver=0 cap_frootid=0OUID="root" OGID="root"
type=PATH msg=audit(1769492868.771:1995): item=1 name="/lib64/ld-linux-x86-64.so.2" inode=1575340 dev=08:02 mode=0100755 ouid=0 ogid=0 rdev=00:00 nametype=NORMAL cap_fp=0 cap_fi=0 cap_fe=0 cap_fver=0 cap_frootid=0OUID="root" OGID="root"
type=PROCTITLE msg=audit(1769492868.771:1995): proctitle="bash"
type=SYSCALL msg=audit(1769492868.775:1996): arch=c000003e syscall=59 success=yes exit=0 a0=55b8634382b0 a1=55b863435fa0 a2=55b863435160 a3=55b863435ff0 items=2 ppid=3958 pid=3959 auid=1000 uid=0 gid=0 euid=0 suid=0 fsuid=0 egid=0 sgid=0 fsgid=0 tty=pts2 ses=3 comm="groups" exe="/usr/bin/groups" subj=unconfined key="process_exec"ARCH=x86_64 SYSCALL=execve AUID="heroic" UID="root" GID="root" EUID="root" SUID="root" FSUID="root" EGID="root" SGID="root" FSGID="root"
type=EXECVE msg=audit(1769492868.775:1996): argc=1 a0="groups"
type=CWD msg=audit(1769492868.775:1996): cwd="/home/heroic/Desktop/scripts-for-data-generation"
type=PATH msg=audit(1769492868.775:1996): item=0 name="/usr/bin/groups" inode=1578094 dev=08:02 mode=0100755 ouid=0 ogid=0 rdev=00:00 nametype=NORMAL cap_fp=0 cap_fi=0 cap_fe=0 cap_fver=0 cap_frootid=0OUID="root" OGID="root"
type=PATH msg=audit(1769492868.775:1996): item=1 name="/lib64/ld-linux-x86-64.so.2" inode=1575340 dev=08:02 mode=0100755 ouid=0 ogid=0 rdev=00:00 nametype=NORMAL cap_fp=0 cap_fi=0 cap_fe=0 cap_fver=0 cap_frootid=0OUID="root" OGID="root"
type=PROCTITLE msg=audit(1769492868.775:1996): proctitle="groups"
type=SYSCALL msg=audit(1769492868.780:1997): arch=c000003e syscall=59 success=yes exit=0 a0=55b8634377a0 a1=55b863436b00 a2=55b863435820 a3=8 items=3 ppid=3958 pid=3960 auid=1000 uid=0 gid=0 euid=0 suid=0 fsuid=0 egid=0 sgid=0 fsgid=0 tty=pts2 ses=3 comm="lesspipe" exe="/usr/bin/dash" subj=unconfined key="process_exec"ARCH=x86_64 SYSCALL=execve AUID="heroic" UID="root" GID="root" EUID="root" SUID="root" FSUID="root" EGID="root" SGID="root" FSGID="root"
type=EXECVE msg=audit(1769492868.780:1997): argc=2 a0="/bin/sh" a1="/usr/bin/lesspipe"
type=CWD msg=audit(1769492868.780:1997): cwd="/home/heroic/Desktop/scripts-for-data-generation"
type=PATH msg=audit(1769492868.780:1997): item=0 name="/usr/bin/lesspipe" inode=1573866 dev=08:02 mode=0100755 ouid=0 ogid=0 rdev=00:00 nametype=NORMAL cap_fp=0 cap_fi=0 cap_fe=0 cap_fver=0 cap_frootid=0OUID="root" OGID="root"
type=PATH msg=audit(1769492868.780:1997): item=1 name="/bin/sh" inode=1573518 dev=08:02 mode=0100755 ouid=0 ogid=0 rdev=00:00 nametype=NORMAL cap_fp=0 cap_fi=0 cap_fe=0 cap_fver=0 cap_frootid=0OUID="root" OGID="root"
type=PATH msg=audit(1769492868.780:1997): item=2 name="/lib64/ld-linux-x86-64.so.2" inode=1575340 dev=08:02 mode=0100755 ouid=0 ogid=0 rdev=00:00 nametype=NORMAL cap_fp=0 cap_fi=0 cap_fe=0 cap_fver=0 cap_frootid=0OUID="root" OGID="root"
type=PROCTITLE msg=audit(1769492868.780:1997): proctitle=2F62696E2F7368002F7573722F62696E2F6C65737370697065
type=SYSCALL msg=audit(1769492868.783:1998): arch=c000003e syscall=59 success=yes exit=0 a0=573324359990 a1=57331ce16600 a2=5733243598e8 a3=1 items=2 ppid=3960 pid=3961 auid=1000 uid=0 gid=0 euid=0 suid=0 fsuid=0 egid=0 sgid=0 fsgid=0 tty=pts2 ses=3 comm="basename" exe="/usr/bin/basename" subj=unconfined key="process_exec"ARCH=x86_64 SYSCALL=execve AUID="heroic" UID="root" GID="root" EUID="root" SUID="root" FSUID="root" EGID="root" SGID="root" FSGID="root"
type=EXECVE msg=audit(1769492868.783:1998): argc=2 a0="basename" a1="/usr/bin/lesspipe"
type=CWD msg=audit(1769492868.783:1998): cwd="/home/heroic/Desktop/scripts-for-data-generation"
type=PATH msg=audit(1769492868.783:1998): item=0 name="/usr/bin/basename" inode=1578014 dev=08:02 mode=0100755 ouid=0 ogid=0 rdev=00:00 nametype=NORMAL cap_fp=0 cap_fi=0 cap_fe=0 cap_fver=0 cap_frootid=0OUID="root" OGID="root"
type=PATH msg=audit(1769492868.783:1998): item=1 name="/lib64/ld-linux-x86-64.so.2" inode=1575340 dev=08:02 mode=0100755 ouid=0 ogid=0 rdev=00:00 nametype=NORMAL cap_fp=0 cap_fi=0 cap_fe=0 cap_fver=0 cap_frootid=0OUID="root" OGID="root"
type=PROCTITLE msg=audit(1769492868.783:1998): proctitle=626173656E616D65002F7573722F62696E2F6C65737370697065
type=SYSCALL msg=audit(1769492868.787:1999): arch=c000003e syscall=59 success=yes exit=0 a0=573324365910 a1=573324365850 a2=573324365868 a3=1 items=2 ppid=3962 pid=3963 auid=1000 uid=0 gid=0 euid=0 suid=0 fsuid=0 egid=0 sgid=0 fsgid=0 tty=pts2 ses=3 comm="dirname" exe="/usr/bin/dirname" subj=unconfined key="process_exec"ARCH=x86_64 SYSCALL=execve AUID="heroic" UID="root" GID="root" EUID="root" SUID="root" FSUID="root" EGID="root" SGID="root" FSGID="root"
type=EXECVE msg=audit(1769492868.787:1999): argc=2 a0="dirname" a1="/usr/bin/lesspipe"
type=CWD msg=audit(1769492868.787:1999): cwd="/home/heroic/Desktop/scripts-for-data-generation"
type=PATH msg=audit(1769492868.787:1999): item=0 name="/usr/bin/dirname" inode=1578074 dev=08:02 mode=0100755 ouid=0 ogid=0 rdev=00:00 nametype=NORMAL cap_fp=0 cap_fi=0 cap_fe=0 cap_fver=0 cap_frootid=0OUID="root" OGID="root"
type=PATH msg=audit(1769492868.787:1999): item=1 name="/lib64/ld-linux-x86-64.so.2" inode=1575340 dev=08:02 mode=0100755 ouid=0 ogid=0 rdev=00:00 nametype=NORMAL cap_fp=0 cap_fi=0 cap_fe=0 cap_fver=0 cap_frootid=0OUID="root" OGID="root"
type=PROCTITLE msg=audit(1769492868.787:1999): proctitle=6469726E616D65002F7573722F62696E2F6C65737370697065
type=SYSCALL msg=audit(1769492868.791:2000): arch=c000003e syscall=59 success=yes exit=0 a0=55b863435e30 a1=55b86343dca0 a2=55b863435820 a3=8 items=2 ppid=3958 pid=3964 auid=1000 uid=0 gid=0 euid=0 suid=0 fsuid=0 egid=0 sgid=0 fsgid=0 tty=pts2 ses=3 comm="dircolors" exe="/usr/bin/dircolors" subj=unconfined key="process_exec"ARCH=x86_64 SYSCALL=execve AUID="heroic" UID="root" GID="root" EUID="root" SUID="root" FSUID="root" EGID="root" SGID="root" FSGID="root"
type=EXECVE msg=audit(1769492868.791:2000): argc=2 a0="dircolors" a1="-b"
type=CWD msg=audit(1769492868.791:2000): cwd="/home/heroic/Desktop/scripts-for-data-generation"
type=PATH msg=audit(1769492868.791:2000): item=0 name="/usr/bin/dircolors" inode=1578073 dev=08:02 mode=0100755 ouid=0 ogid=0 rdev=00:00 nametype=NORMAL cap_fp=0 cap_fi=0 cap_fe=0 cap_fver=0 cap_frootid=0OUID="root" OGID="root"
type=PATH msg=audit(1769492868.791:2000): item=1 name="/lib64/ld-linux-x86-64.so.2" inode=1575340 dev=08:02 mode=0100755 ouid=0 ogid=0 rdev=00:00 nametype=NORMAL cap_fp=0 cap_fi=0 cap_fe=0 cap_fver=0 cap_frootid=0OUID="root" OGID="root"
type=PROCTITLE msg=audit(1769492868.791:2000): proctitle=646972636F6C6F7273002D62
type=SYSCALL msg=audit(1769492883.470:2001): arch=c000003e syscall=59 success=yes exit=0 a0=55b8634616b0 a1=55b863462780 a2=55b863435820 a3=55b863436690 items=2 ppid=3958 pid=3965 auid=1000 uid=0 gid=0 euid=0 suid=0 fsuid=0 egid=0 sgid=0 fsgid=0 tty=pts2 ses=3 comm="cat" exe="/usr/bin/cat" subj=unconfined key="process_exec"ARCH=x86_64 SYSCALL=execve AUID="heroic" UID="root" GID="root" EUID="root" SUID="root" FSUID="root" EGID="root" SGID="root" FSGID="root"
type=EXECVE msg=audit(1769492883.470:2001): argc=2 a0="cat" a1="/var/log/audit/audit.log"
type=CWD msg=audit(1769492883.470:2001): cwd="/home"
type=PATH msg=audit(1769492883.470:2001): item=0 name="/usr/bin/cat" inode=1578016 dev=08:02 mode=0100755 ouid=0 ogid=0 rdev=00:00 nametype=NORMAL cap_fp=0 cap_fi=0 cap_fe=0 cap_fver=0 cap_frootid=0OUID="root" OGID="root"
type=PATH msg=audit(1769492883.470:2001): item=1 name="/lib64/ld-linux-x86-64.so.2" inode=1575340 dev=08:02 mode=0100755 ouid=0 ogid=0 rdev=00:00 nametype=NORMAL cap_fp=0 cap_fi=0 cap_fe=0 cap_fver=0 cap_frootid=0OUID="root" OGID="root"
type=PROCTITLE msg=audit(1769492883.470:2001): proctitle=636174002F7661722F6C6F672F61756469742F61756469742E6C6F67
type=SYSCALL msg=audit(1769492906.622:2002): arch=c000003e syscall=59 success=yes exit=0 a0=5da302dc87c0 a1=5da302dce4c0 a2=5da302dc08f0 a3=5da302dc7a40 items=2 ppid=3886 pid=3967 auid=1000 uid=1000 gid=1000 euid=1000 suid=1000 fsuid=1000 egid=1000 sgid=1000 fsgid=1000 tty=pts0 ses=3 comm="mkdir" exe="/usr/bin/mkdir" subj=unconfined key="process_exec"ARCH=x86_64 SYSCALL=execve AUID="heroic" UID="heroic" GID="heroic" EUID="heroic" SUID="heroic" FSUID="heroic" EGID="heroic" SGID="heroic" FSGID="heroic"
type=EXECVE msg=audit(1769492906.622:2002): argc=3 a0="mkdir" a1="-p" a2="/tmp/hids_malicious"
type=CWD msg=audit(1769492906.622:2002): cwd=2F746D702F686964735F6D616C6963696F7573202864656C6574656429
type=PATH msg=audit(1769492906.622:2002): item=0 name="/usr/bin/mkdir" inode=1578106 dev=08:02 mode=0100755 ouid=0 ogid=0 rdev=00:00 nametype=NORMAL cap_fp=0 cap_fi=0 cap_fe=0 cap_fver=0 cap_frootid=0OUID="root" OGID="root"
type=PATH msg=audit(1769492906.622:2002): item=1 name="/lib64/ld-linux-x86-64.so.2" inode=1575340 dev=08:02 mode=0100755 ouid=0 ogid=0 rdev=00:00 nametype=NORMAL cap_fp=0 cap_fi=0 cap_fe=0 cap_fver=0 cap_frootid=0OUID="root" OGID="root"
type=PROCTITLE msg=audit(1769492906.622:2002): proctitle=6D6B646972002D70002F746D702F686964735F6D616C6963696F7573
type=SYSCALL msg=audit(1769492906.631:2003): arch=c000003e syscall=59 success=yes exit=0 a0=5da302dcc3d0 a1=5da302dc8960 a2=5da302dc08f0 a3=5da302dc87e0 items=2 ppid=3886 pid=3968 auid=1000 uid=1000 gid=1000 euid=1000 suid=1000 fsuid=1000 egid=1000 sgid=1000 fsgid=1000 tty=pts0 ses=3 comm="ps" exe="/usr/bin/ps" subj=unconfined key="process_exec"ARCH=x86_64 SYSCALL=execve AUID="heroic" UID="heroic" GID="heroic" EUID="heroic" SUID="heroic" FSUID="heroic" EGID="heroic" SGID="heroic" FSGID="heroic"
type=EXECVE msg=audit(1769492906.631:2003): argc=2 a0="ps" a1="aux"
type=CWD msg=audit(1769492906.631:2003): cwd="/tmp/hids_malicious"
type=PATH msg=audit(1769492906.631:2003): item=0 name="/usr/bin/ps" inode=1574103 dev=08:02 mode=0100755 ouid=0 ogid=0 rdev=00:00 nametype=NORMAL cap_fp=0 cap_fi=0 cap_fe=0 cap_fver=0 cap_frootid=0OUID="root" OGID="root"
type=PATH msg=audit(1769492906.631:2003): item=1 name="/lib64/ld-linux-x86-64.so.2" inode=1575340 dev=08:02 mode=0100755 ouid=0 ogid=0 rdev=00:00 nametype=NORMAL cap_fp=0 cap_fi=0 cap_fe=0 cap_fver=0 cap_frootid=0OUID="root" OGID="root"
type=PROCTITLE msg=audit(1769492906.631:2003): proctitle=707300617578
type=SYSCALL msg=audit(1769492906.645:2004): arch=c000003e syscall=59 success=yes exit=0 a0=5da302dc87c0 a1=5da302dcc410 a2=5da302dc08f0 a3=5da302dcc410 items=2 ppid=3886 pid=3969 auid=1000 uid=1000 gid=1000 euid=1000 suid=1000 fsuid=1000 egid=1000 sgid=1000 fsgid=1000 tty=pts0 ses=3 comm="whoami" exe="/usr/bin/whoami" subj=unconfined key="process_exec"ARCH=x86_64 SYSCALL=execve AUID="heroic" UID="heroic" GID="heroic" EUID="heroic" SUID="heroic" FSUID="heroic" EGID="heroic" SGID="heroic" FSGID="heroic"
type=EXECVE msg=audit(1769492906.645:2004): argc=1 a0="whoami"
type=CWD msg=audit(1769492906.645:2004): cwd="/tmp/hids_malicious"
type=PATH msg=audit(1769492906.645:2004): item=0 name="/usr/bin/whoami" inode=1578239 dev=08:02 mode=0100755 ouid=0 ogid=0 rdev=00:00 nametype=NORMAL cap_fp=0 cap_fi=0 cap_fe=0 cap_fver=0 cap_frootid=0OUID="root" OGID="root"
type=PATH msg=audit(1769492906.645:2004): item=1 name="/lib64/ld-linux-x86-64.so.2" inode=1575340 dev=08:02 mode=0100755 ouid=0 ogid=0 rdev=00:00 nametype=NORMAL cap_fp=0 cap_fi=0 cap_fe=0 cap_fver=0 cap_frootid=0OUID="root" OGID="root"
type=PROCTITLE msg=audit(1769492906.645:2004): proctitle="whoami"
type=SYSCALL msg=audit(1769492906.648:2005): arch=c000003e syscall=59 success=yes exit=0 a0=5da302dc87a0 a1=5da302dc8600 a2=5da302dc08f0 a3=5da302dc8600 items=2 ppid=3886 pid=3970 auid=1000 uid=1000 gid=1000 euid=1000 suid=1000 fsuid=1000 egid=1000 sgid=1000 fsgid=1000 tty=pts0 ses=3 comm="id" exe="/usr/bin/id" subj=unconfined key="process_exec"ARCH=x86_64 SYSCALL=execve AUID="heroic" UID="heroic" GID="heroic" EUID="heroic" SUID="heroic" FSUID="heroic" EGID="heroic" SGID="heroic" FSGID="heroic"
type=EXECVE msg=audit(1769492906.648:2005): argc=1 a0="id"
type=CWD msg=audit(1769492906.648:2005): cwd="/tmp/hids_malicious"
type=PATH msg=audit(1769492906.648:2005): item=0 name="/usr/bin/id" inode=1578097 dev=08:02 mode=0100755 ouid=0 ogid=0 rdev=00:00 nametype=NORMAL cap_fp=0 cap_fi=0 cap_fe=0 cap_fver=0 cap_frootid=0OUID="root" OGID="root"
type=PATH msg=audit(1769492906.648:2005): item=1 name="/lib64/ld-linux-x86-64.so.2" inode=1575340 dev=08:02 mode=0100755 ouid=0 ogid=0 rdev=00:00 nametype=NORMAL cap_fp=0 cap_fi=0 cap_fe=0 cap_fver=0 cap_frootid=0OUID="root" OGID="root"
type=PROCTITLE msg=audit(1769492906.648:2005): proctitle="id"
type=SYSCALL msg=audit(1769492906.650:2006): arch=c000003e syscall=59 success=yes exit=0 a0=5da302dc87c0 a1=5da302dc8860 a2=5da302dc08f0 a3=5da302dcc3d0 items=2 ppid=3886 pid=3971 auid=1000 uid=1000 gid=1000 euid=1000 suid=1000 fsuid=1000 egid=1000 sgid=1000 fsgid=1000 tty=pts0 ses=3 comm="uname" exe="/usr/bin/uname" subj=unconfined key="process_exec"ARCH=x86_64 SYSCALL=execve AUID="heroic" UID="heroic" GID="heroic" EUID="heroic" SUID="heroic" FSUID="heroic" EGID="heroic" SGID="heroic" FSGID="heroic"
type=EXECVE msg=audit(1769492906.650:2006): argc=2 a0="uname" a1="-a"
type=CWD msg=audit(1769492906.650:2006): cwd="/tmp/hids_malicious"
type=PATH msg=audit(1769492906.650:2006): item=0 name="/usr/bin/uname" inode=1578226 dev=08:02 mode=0100755 ouid=0 ogid=0 rdev=00:00 nametype=NORMAL cap_fp=0 cap_fi=0 cap_fe=0 cap_fver=0 cap_frootid=0OUID="root" OGID="root"
type=PATH msg=audit(1769492906.650:2006): item=1 name="/lib64/ld-linux-x86-64.so.2" inode=1575340 dev=08:02 mode=0100755 ouid=0 ogid=0 rdev=00:00 nametype=NORMAL cap_fp=0 cap_fi=0 cap_fe=0 cap_fver=0 cap_frootid=0OUID="root" OGID="root"
type=PROCTITLE msg=audit(1769492906.650:2006): proctitle=756E616D65002D61
type=SYSCALL msg=audit(1769492906.652:2007): arch=c000003e syscall=59 success=yes exit=0 a0=5da302dc88c0 a1=5da302dccab0 a2=5da302dc08f0 a3=5da302dc7a40 items=2 ppid=3886 pid=3972 auid=1000 uid=1000 gid=1000 euid=1000 suid=1000 fsuid=1000 egid=1000 sgid=1000 fsgid=1000 tty=pts0 ses=3 comm="ss" exe="/usr/bin/ss" subj=unconfined key="process_exec"ARCH=x86_64 SYSCALL=execve AUID="heroic" UID="heroic" GID="heroic" EUID="heroic" SUID="heroic" FSUID="heroic" EGID="heroic" SGID="heroic" FSGID="heroic"
type=EXECVE msg=audit(1769492906.652:2007): argc=2 a0="ss" a1="-tulnp"
type=CWD msg=audit(1769492906.652:2007): cwd="/tmp/hids_malicious"
type=PATH msg=audit(1769492906.652:2007): item=0 name="/usr/bin/ss" inode=1574256 dev=08:02 mode=0100755 ouid=0 ogid=0 rdev=00:00 nametype=NORMAL cap_fp=0 cap_fi=0 cap_fe=0 cap_fver=0 cap_frootid=0OUID="root" OGID="root"
type=PATH msg=audit(1769492906.652:2007): item=1 name="/lib64/ld-linux-x86-64.so.2" inode=1575340 dev=08:02 mode=0100755 ouid=0 ogid=0 rdev=00:00 nametype=NORMAL cap_fp=0 cap_fi=0 cap_fe=0 cap_fver=0 cap_frootid=0OUID="root" OGID="root"
type=PROCTITLE msg=audit(1769492906.652:2007): proctitle=7373002D74756C6E70
type=SYSCALL msg=audit(1769492906.663:2008): arch=c000003e syscall=59 success=yes exit=0 a0=5da302dc87c0 a1=5da302dc7270 a2=5da302dc08f0 a3=5da302dc87a0 items=2 ppid=3886 pid=3973 auid=1000 uid=1000 gid=1000 euid=1000 suid=1000 fsuid=1000 egid=1000 sgid=1000 fsgid=1000 tty=pts0 ses=3 comm="chmod" exe="/usr/bin/chmod" subj=unconfined key="process_exec"ARCH=x86_64 SYSCALL=execve AUID="heroic" UID="heroic" GID="heroic" EUID="heroic" SUID="heroic" FSUID="heroic" EGID="heroic" SGID="heroic" FSGID="heroic"
type=EXECVE msg=audit(1769492906.663:2008): argc=3 a0="chmod" a1="+x" a2="payload.sh"
type=CWD msg=audit(1769492906.663:2008): cwd="/tmp/hids_malicious"
type=PATH msg=audit(1769492906.663:2008): item=0 name="/usr/bin/chmod" inode=1578019 dev=08:02 mode=0100755 ouid=0 ogid=0 rdev=00:00 nametype=NORMAL cap_fp=0 cap_fi=0 cap_fe=0 cap_fver=0 cap_frootid=0OUID="root" OGID="root"
type=PATH msg=audit(1769492906.663:2008): item=1 name="/lib64/ld-linux-x86-64.so.2" inode=1575340 dev=08:02 mode=0100755 ouid=0 ogid=0 rdev=00:00 nametype=NORMAL cap_fp=0 cap_fi=0 cap_fe=0 cap_fver=0 cap_frootid=0OUID="root" OGID="root"
type=PROCTITLE msg=audit(1769492906.663:2008): proctitle=63686D6F64002B78007061796C6F61642E7368
type=SYSCALL msg=audit(1769492906.666:2009): arch=c000003e syscall=59 success=yes exit=0 a0=5da302dcc410 a1=5da302dce610 a2=5da302dc08f0 a3=8 items=2 ppid=3886 pid=3974 auid=1000 uid=1000 gid=1000 euid=1000 suid=1000 fsuid=1000 egid=1000 sgid=1000 fsgid=1000 tty=pts0 ses=3 comm="curl" exe="/usr/bin/curl" subj=unconfined key="process_exec"ARCH=x86_64 SYSCALL=execve AUID="heroic" UID="heroic" GID="heroic" EUID="heroic" SUID="heroic" FSUID="heroic" EGID="heroic" SGID="heroic" FSGID="heroic"
type=EXECVE msg=audit(1769492906.666:2009): argc=3 a0="curl" a1="-s" a2="file:///tmp/hids_malicious/payload.sh"
type=CWD msg=audit(1769492906.666:2009): cwd="/tmp/hids_malicious"
type=PATH msg=audit(1769492906.666:2009): item=0 name="/usr/bin/curl" inode=1573697 dev=08:02 mode=0100755 ouid=0 ogid=0 rdev=00:00 nametype=NORMAL cap_fp=0 cap_fi=0 cap_fe=0 cap_fver=0 cap_frootid=0OUID="root" OGID="root"
type=PATH msg=audit(1769492906.666:2009): item=1 name="/lib64/ld-linux-x86-64.so.2" inode=1575340 dev=08:02 mode=0100755 ouid=0 ogid=0 rdev=00:00 nametype=NORMAL cap_fp=0 cap_fi=0 cap_fe=0 cap_fver=0 cap_frootid=0OUID="root" OGID="root"
type=PROCTITLE msg=audit(1769492906.666:2009): proctitle=6375726C002D730066696C653A2F2F2F746D702F686964735F6D616C6963696F75732F7061796C6F61642E7368
type=SYSCALL msg=audit(1769492906.666:2010): arch=c000003e syscall=59 success=yes exit=0 a0=5da302dcc410 a1=5da302dc86e0 a2=5da302dc08f0 a3=8 items=2 ppid=3886 pid=3975 auid=1000 uid=1000 gid=1000 euid=1000 suid=1000 fsuid=1000 egid=1000 sgid=1000 fsgid=1000 tty=pts0 ses=3 comm="bash" exe="/usr/bin/bash" subj=unconfined key="process_exec"ARCH=x86_64 SYSCALL=execve AUID="heroic" UID="heroic" GID="heroic" EUID="heroic" SUID="heroic" FSUID="heroic" EGID="heroic" SGID="heroic" FSGID="heroic"
type=EXECVE msg=audit(1769492906.666:2010): argc=1 a0="bash"
type=CWD msg=audit(1769492906.666:2010): cwd="/tmp/hids_malicious"
type=PATH msg=audit(1769492906.666:2010): item=0 name="/usr/bin/bash" inode=1573437 dev=08:02 mode=0100755 ouid=0 ogid=0 rdev=00:00 nametype=NORMAL cap_fp=0 cap_fi=0 cap_fe=0 cap_fver=0 cap_frootid=0OUID="root" OGID="root"
type=PATH msg=audit(1769492906.666:2010): item=1 name="/lib64/ld-linux-x86-64.so.2" inode=1575340 dev=08:02 mode=0100755 ouid=0 ogid=0 rdev=00:00 nametype=NORMAL cap_fp=0 cap_fi=0 cap_fe=0 cap_fver=0 cap_frootid=0OUID="root" OGID="root"
type=PROCTITLE msg=audit(1769492906.666:2010): proctitle="bash"
type=SYSCALL msg=audit(1769492906.677:2011): arch=c000003e syscall=59 success=yes exit=0 a0=5da302dc88c0 a1=5da302dc8800 a2=5da302dc08f0 a3=5da302dc8800 items=2 ppid=3886 pid=3976 auid=1000 uid=1000 gid=1000 euid=0 suid=0 fsuid=0 egid=1000 sgid=1000 fsgid=1000 tty=pts0 ses=3 comm="sudo" exe="/usr/bin/sudo" subj=unconfined key="process_exec"ARCH=x86_64 SYSCALL=execve AUID="heroic" UID="heroic" GID="heroic" EUID="root" SUID="root" FSUID="root" EGID="heroic" SGID="heroic" FSGID="heroic"
type=EXECVE msg=audit(1769492906.677:2011): argc=2 a0="sudo" a1="-l"
type=CWD msg=audit(1769492906.677:2011): cwd="/tmp/hids_malicious"
type=PATH msg=audit(1769492906.677:2011): item=0 name="/usr/bin/sudo" inode=1574274 dev=08:02 mode=0104755 ouid=0 ogid=0 rdev=00:00 nametype=NORMAL cap_fp=0 cap_fi=0 cap_fe=0 cap_fver=0 cap_frootid=0OUID="root" OGID="root"
type=PATH msg=audit(1769492906.677:2011): item=1 name="/lib64/ld-linux-x86-64.so.2" inode=1575340 dev=08:02 mode=0100755 ouid=0 ogid=0 rdev=00:00 nametype=NORMAL cap_fp=0 cap_fi=0 cap_fe=0 cap_fver=0 cap_frootid=0OUID="root" OGID="root"
type=PROCTITLE msg=audit(1769492906.677:2011): proctitle=7375646F002D6C
type=USER_ACCT msg=audit(1769492906.726:2012): pid=3976 uid=1000 auid=1000 ses=3 subj=unconfined msg='op=PAM:accounting grantors=pam_permit,pam_localuser acct="heroic" exe="/usr/bin/sudo" hostname=? addr=? terminal=/dev/pts/0 res=success'UID="heroic" AUID="heroic"
type=SYSCALL msg=audit(1769492906.729:2013): arch=c000003e syscall=59 success=yes exit=0 a0=5da302dc87c0 a1=5da302dc87a0 a2=5da302dc08f0 a3=5da302dc87a0 items=2 ppid=3886 pid=3977 auid=1000 uid=1000 gid=1000 euid=0 suid=0 fsuid=0 egid=1000 sgid=1000 fsgid=1000 tty=pts0 ses=3 comm="sudo" exe="/usr/bin/sudo" subj=unconfined key="process_exec"ARCH=x86_64 SYSCALL=execve AUID="heroic" UID="heroic" GID="heroic" EUID="root" SUID="root" FSUID="root" EGID="heroic" SGID="heroic" FSGID="heroic"
type=EXECVE msg=audit(1769492906.729:2013): argc=2 a0="sudo" a1="whoami"
type=CWD msg=audit(1769492906.729:2013): cwd="/tmp/hids_malicious"
type=PATH msg=audit(1769492906.729:2013): item=0 name="/usr/bin/sudo" inode=1574274 dev=08:02 mode=0104755 ouid=0 ogid=0 rdev=00:00 nametype=NORMAL cap_fp=0 cap_fi=0 cap_fe=0 cap_fver=0 cap_frootid=0OUID="root" OGID="root"
type=PATH msg=audit(1769492906.729:2013): item=1 name="/lib64/ld-linux-x86-64.so.2" inode=1575340 dev=08:02 mode=0100755 ouid=0 ogid=0 rdev=00:00 nametype=NORMAL cap_fp=0 cap_fi=0 cap_fe=0 cap_fver=0 cap_frootid=0OUID="root" OGID="root"
type=PROCTITLE msg=audit(1769492906.729:2013): proctitle=7375646F0077686F616D69
type=USER_ACCT msg=audit(1769492906.756:2014): pid=3977 uid=1000 auid=1000 ses=3 subj=unconfined msg='op=PAM:accounting grantors=pam_permit,pam_localuser acct="heroic" exe="/usr/bin/sudo" hostname=? addr=? terminal=/dev/pts/0 res=success'UID="heroic" AUID="heroic"
type=USER_CMD msg=audit(1769492906.759:2015): pid=3977 uid=1000 auid=1000 ses=3 subj=unconfined msg='cwd="/tmp/hids_malicious" cmd="whoami" exe="/usr/bin/sudo" terminal=pts/0 res=success'UID="heroic" AUID="heroic"
type=CRED_REFR msg=audit(1769492906.759:2016): pid=3977 uid=1000 auid=1000 ses=3 subj=unconfined msg='op=PAM:setcred grantors=pam_permit,pam_cap acct="root" exe="/usr/bin/sudo" hostname=? addr=? terminal=/dev/pts/0 res=success'UID="heroic" AUID="heroic"
type=USER_START msg=audit(1769492906.759:2017): pid=3977 uid=1000 auid=1000 ses=3 subj=unconfined msg='op=PAM:session_open grantors=pam_limits,pam_env,pam_env,pam_permit,pam_umask,pam_unix acct="root" exe="/usr/bin/sudo" hostname=? addr=? terminal=/dev/pts/0 res=success'UID="heroic" AUID="heroic"
type=SYSCALL msg=audit(1769492906.761:2018): arch=c000003e syscall=59 success=yes exit=0 a0=59740aa85b68 a1=59740aa95ba0 a2=59740aaa8340 a3=64 items=2 ppid=3978 pid=3979 auid=1000 uid=0 gid=0 euid=0 suid=0 fsuid=0 egid=0 sgid=0 fsgid=0 tty=pts3 ses=3 comm="whoami" exe="/usr/bin/whoami" subj=unconfined key="process_exec"ARCH=x86_64 SYSCALL=execve AUID="heroic" UID="root" GID="root" EUID="root" SUID="root" FSUID="root" EGID="root" SGID="root" FSGID="root"
type=EXECVE msg=audit(1769492906.761:2018): argc=1 a0="whoami"
type=CWD msg=audit(1769492906.761:2018): cwd="/tmp/hids_malicious"
type=PATH msg=audit(1769492906.761:2018): item=0 name="/usr/bin/whoami" inode=1578239 dev=08:02 mode=0100755 ouid=0 ogid=0 rdev=00:00 nametype=NORMAL cap_fp=0 cap_fi=0 cap_fe=0 cap_fver=0 cap_frootid=0OUID="root" OGID="root"
type=PATH msg=audit(1769492906.761:2018): item=1 name="/lib64/ld-linux-x86-64.so.2" inode=1575340 dev=08:02 mode=0100755 ouid=0 ogid=0 rdev=00:00 nametype=NORMAL cap_fp=0 cap_fi=0 cap_fe=0 cap_fver=0 cap_frootid=0OUID="root" OGID="root"
type=PROCTITLE msg=audit(1769492906.761:2018): proctitle="whoami"
type=USER_END msg=audit(1769492906.764:2019): pid=3977 uid=1000 auid=1000 ses=3 subj=unconfined msg='op=PAM:session_close grantors=pam_limits,pam_env,pam_env,pam_permit,pam_umask,pam_unix acct="root" exe="/usr/bin/sudo" hostname=? addr=? terminal=/dev/pts/0 res=success'UID="heroic" AUID="heroic"
type=CRED_DISP msg=audit(1769492906.765:2020): pid=3977 uid=1000 auid=1000 ses=3 subj=unconfined msg='op=PAM:setcred grantors=pam_permit acct="root" exe="/usr/bin/sudo" hostname=? addr=? terminal=/dev/pts/0 res=success'UID="heroic" AUID="heroic"
type=SYSCALL msg=audit(1769492906.767:2021): arch=c000003e syscall=59 success=yes exit=0 a0=5da302dc88c0 a1=5da302dce5b0 a2=5da302dc08f0 a3=5da302dc8800 items=2 ppid=3886 pid=3981 auid=1000 uid=1000 gid=1000 euid=0 suid=0 fsuid=0 egid=1000 sgid=1000 fsgid=1000 tty=pts0 ses=3 comm="sudo" exe="/usr/bin/sudo" subj=unconfined key="process_exec"ARCH=x86_64 SYSCALL=execve AUID="heroic" UID="heroic" GID="heroic" EUID="root" SUID="root" FSUID="root" EGID="heroic" SGID="heroic" FSGID="heroic"
type=EXECVE msg=audit(1769492906.767:2021): argc=3 a0="sudo" a1="tee" a2="/etc/cron.d/hids_persist"
type=CWD msg=audit(1769492906.767:2021): cwd="/tmp/hids_malicious"
type=PATH msg=audit(1769492906.767:2021): item=0 name="/usr/bin/sudo" inode=1574274 dev=08:02 mode=0104755 ouid=0 ogid=0 rdev=00:00 nametype=NORMAL cap_fp=0 cap_fi=0 cap_fe=0 cap_fver=0 cap_frootid=0OUID="root" OGID="root"
type=PATH msg=audit(1769492906.767:2021): item=1 name="/lib64/ld-linux-x86-64.so.2" inode=1575340 dev=08:02 mode=0100755 ouid=0 ogid=0 rdev=00:00 nametype=NORMAL cap_fp=0 cap_fi=0 cap_fe=0 cap_fver=0 cap_frootid=0OUID="root" OGID="root"
type=PROCTITLE msg=audit(1769492906.767:2021): proctitle=7375646F00746565002F6574632F63726F6E2E642F686964735F70657273697374
type=USER_ACCT msg=audit(1769492906.795:2022): pid=3981 uid=1000 auid=1000 ses=3 subj=unconfined msg='op=PAM:accounting grantors=pam_permit,pam_localuser acct="heroic" exe="/usr/bin/sudo" hostname=? addr=? terminal=/dev/pts/0 res=success'UID="heroic" AUID="heroic"
type=USER_CMD msg=audit(1769492906.798:2023): pid=3981 uid=1000 auid=1000 ses=3 subj=unconfined msg='cwd="/tmp/hids_malicious" cmd=746565202F6574632F63726F6E2E642F686964735F70657273697374 exe="/usr/bin/sudo" terminal=pts/0 res=success'UID="heroic" AUID="heroic"
type=CRED_REFR msg=audit(1769492906.801:2024): pid=3981 uid=1000 auid=1000 ses=3 subj=unconfined msg='op=PAM:setcred grantors=pam_permit,pam_cap acct="root" exe="/usr/bin/sudo" hostname=? addr=? terminal=/dev/pts/0 res=success'UID="heroic" AUID="heroic"
type=USER_START msg=audit(1769492906.801:2025): pid=3981 uid=1000 auid=1000 ses=3 subj=unconfined msg='op=PAM:session_open grantors=pam_limits,pam_env,pam_env,pam_permit,pam_umask,pam_unix acct="root" exe="/usr/bin/sudo" hostname=? addr=? terminal=/dev/pts/0 res=success'UID="heroic" AUID="heroic"
type=SYSCALL msg=audit(1769492906.802:2026): arch=c000003e syscall=59 success=yes exit=0 a0=62f776029b68 a1=62f776039ba0 a2=62f77604c7a0 a3=64 items=2 ppid=3982 pid=3983 auid=1000 uid=0 gid=0 euid=0 suid=0 fsuid=0 egid=0 sgid=0 fsgid=0 tty=pts3 ses=3 comm="tee" exe="/usr/bin/tee" subj=unconfined key="process_exec"ARCH=x86_64 SYSCALL=execve AUID="heroic" UID="root" GID="root" EUID="root" SUID="root" FSUID="root" EGID="root" SGID="root" FSGID="root"
type=EXECVE msg=audit(1769492906.802:2026): argc=2 a0="tee" a1="/etc/cron.d/hids_persist"
type=CWD msg=audit(1769492906.802:2026): cwd="/tmp/hids_malicious"
type=PATH msg=audit(1769492906.802:2026): item=0 name="/usr/bin/tee" inode=1578148 dev=08:02 mode=0100755 ouid=0 ogid=0 rdev=00:00 nametype=NORMAL cap_fp=0 cap_fi=0 cap_fe=0 cap_fver=0 cap_frootid=0OUID="root" OGID="root"
type=PATH msg=audit(1769492906.802:2026): item=1 name="/lib64/ld-linux-x86-64.so.2" inode=1575340 dev=08:02 mode=0100755 ouid=0 ogid=0 rdev=00:00 nametype=NORMAL cap_fp=0 cap_fi=0 cap_fe=0 cap_fver=0 cap_frootid=0OUID="root" OGID="root"
type=PROCTITLE msg=audit(1769492906.802:2026): proctitle=746565002F6574632F63726F6E2E642F686964735F70657273697374
type=SYSCALL msg=audit(1769492906.804:2027): arch=c000003e syscall=257 success=yes exit=3 a0=ffffff9c a1=7ffe0923872c a2=241 a3=1b6 items=2 ppid=3982 pid=3983 auid=1000 uid=0 gid=0 euid=0 suid=0 fsuid=0 egid=0 sgid=0 fsgid=0 tty=pts3 ses=3 comm="tee" exe="/usr/bin/tee" subj=unconfined key="persistence"ARCH=x86_64 SYSCALL=openat AUID="heroic" UID="root" GID="root" EUID="root" SUID="root" FSUID="root" EGID="root" SGID="root" FSGID="root"
type=CWD msg=audit(1769492906.804:2027): cwd="/tmp/hids_malicious"
type=PATH msg=audit(1769492906.804:2027): item=0 name="/etc/cron.d/" inode=1703968 dev=08:02 mode=040755 ouid=0 ogid=0 rdev=00:00 nametype=PARENT cap_fp=0 cap_fi=0 cap_fe=0 cap_fver=0 cap_frootid=0OUID="root" OGID="root"
type=PATH msg=audit(1769492906.804:2027): item=1 name="/etc/cron.d/hids_persist" inode=1704205 dev=08:02 mode=0100644 ouid=0 ogid=0 rdev=00:00 nametype=CREATE cap_fp=0 cap_fi=0 cap_fe=0 cap_fver=0 cap_frootid=0OUID="root" OGID="root"
type=PROCTITLE msg=audit(1769492906.804:2027): proctitle=746565002F6574632F63726F6E2E642F686964735F70657273697374
type=USER_END msg=audit(1769492906.805:2028): pid=3981 uid=1000 auid=1000 ses=3 subj=unconfined msg='op=PAM:session_close grantors=pam_limits,pam_env,pam_env,pam_permit,pam_umask,pam_unix acct="root" exe="/usr/bin/sudo" hostname=? addr=? terminal=/dev/pts/0 res=success'UID="heroic" AUID="heroic"
type=CRED_DISP msg=audit(1769492906.805:2029): pid=3981 uid=1000 auid=1000 ses=3 subj=unconfined msg='op=PAM:setcred grantors=pam_permit acct="root" exe="/usr/bin/sudo" hostname=? addr=? terminal=/dev/pts/0 res=success'UID="heroic" AUID="heroic"
type=SYSCALL msg=audit(1769492906.809:2030): arch=c000003e syscall=59 success=yes exit=0 a0=5da302dc87a0 a1=5da302dc8800 a2=5da302dc08f0 a3=5da302dc8800 items=2 ppid=3886 pid=3984 auid=1000 uid=1000 gid=1000 euid=1000 suid=1000 fsuid=1000 egid=1000 sgid=1000 fsgid=1000 tty=pts0 ses=3 comm="sleep" exe="/usr/bin/sleep" subj=unconfined key="process_exec"ARCH=x86_64 SYSCALL=execve AUID="heroic" UID="heroic" GID="heroic" EUID="heroic" SUID="heroic" FSUID="heroic" EGID="heroic" SGID="heroic" FSGID="heroic"
type=EXECVE msg=audit(1769492906.809:2030): argc=2 a0="sleep" a1="5"
type=CWD msg=audit(1769492906.809:2030): cwd="/tmp/hids_malicious"
type=PATH msg=audit(1769492906.809:2030): item=0 name="/usr/bin/sleep" inode=1578138 dev=08:02 mode=0100755 ouid=0 ogid=0 rdev=00:00 nametype=NORMAL cap_fp=0 cap_fi=0 cap_fe=0 cap_fver=0 cap_frootid=0OUID="root" OGID="root"
type=PATH msg=audit(1769492906.809:2030): item=1 name="/lib64/ld-linux-x86-64.so.2" inode=1575340 dev=08:02 mode=0100755 ouid=0 ogid=0 rdev=00:00 nametype=NORMAL cap_fp=0 cap_fi=0 cap_fe=0 cap_fver=0 cap_frootid=0OUID="root" OGID="root"
type=PROCTITLE msg=audit(1769492906.809:2030): proctitle=736C6565700035
type=SYSCALL msg=audit(1769492908.886:2031): arch=c000003e syscall=59 success=yes exit=0 a0=55b863462a30 a1=55b863462ab0 a2=55b863435820 a3=55b863462ab0 items=2 ppid=3958 pid=3985 auid=1000 uid=0 gid=0 euid=0 suid=0 fsuid=0 egid=0 sgid=0 fsgid=0 tty=pts2 ses=3 comm="sudo" exe="/usr/bin/sudo" subj=unconfined key="process_exec"ARCH=x86_64 SYSCALL=execve AUID="heroic" UID="root" GID="root" EUID="root" SUID="root" FSUID="root" EGID="root" SGID="root" FSGID="root"
type=EXECVE msg=audit(1769492908.886:2031): argc=4 a0="sudo" a1="tail" a2="-f" a3="/var/log/audit/audit.log"
type=CWD msg=audit(1769492908.886:2031): cwd="/home"
type=PATH msg=audit(1769492908.886:2031): item=0 name="/usr/bin/sudo" inode=1574274 dev=08:02 mode=0104755 ouid=0 ogid=0 rdev=00:00 nametype=NORMAL cap_fp=0 cap_fi=0 cap_fe=0 cap_fver=0 cap_frootid=0OUID="root" OGID="root"
type=PATH msg=audit(1769492908.886:2031): item=1 name="/lib64/ld-linux-x86-64.so.2" inode=1575340 dev=08:02 mode=0100755 ouid=0 ogid=0 rdev=00:00 nametype=NORMAL cap_fp=0 cap_fi=0 cap_fe=0 cap_fver=0 cap_frootid=0OUID="root" OGID="root"
type=PROCTITLE msg=audit(1769492908.886:2031): proctitle=7375646F007461696C002D66002F7661722F6C6F672F61756469742F61756469742E6C6F67
type=USER_ACCT msg=audit(1769492908.913:2032): pid=3985 uid=0 auid=1000 ses=3 subj=unconfined msg='op=PAM:accounting grantors=pam_permit,pam_localuser acct="root" exe="/usr/bin/sudo" hostname=? addr=? terminal=/dev/pts/2 res=success'UID="root" AUID="heroic"
type=USER_CMD msg=audit(1769492908.917:2033): pid=3985 uid=0 auid=1000 ses=3 subj=unconfined msg='cwd="/home" cmd=7461696C202D66202F7661722F6C6F672F61756469742F61756469742E6C6F67 exe="/usr/bin/sudo" terminal=pts/2 res=success'UID="root" AUID="heroic"
type=CRED_REFR msg=audit(1769492908.918:2034): pid=3985 uid=0 auid=1000 ses=3 subj=unconfined msg='op=PAM:setcred grantors=pam_permit,pam_cap acct="root" exe="/usr/bin/sudo" hostname=? addr=? terminal=/dev/pts/2 res=success'UID="root" AUID="heroic"
type=USER_START msg=audit(1769492908.918:2035): pid=3985 uid=0 auid=1000 ses=3 subj=unconfined msg='op=PAM:session_open grantors=pam_limits,pam_env,pam_env,pam_permit,pam_umask,pam_unix acct="root" exe="/usr/bin/sudo" hostname=? addr=? terminal=/dev/pts/2 res=success'UID="root" AUID="heroic"
type=SYSCALL msg=audit(1769492908.919:2036): arch=c000003e syscall=59 success=yes exit=0 a0=5aff5ff38b68 a1=5aff5ff48a00 a2=5aff5ffdc530 a3=64 items=2 ppid=3986 pid=3987 auid=1000 uid=0 gid=0 euid=0 suid=0 fsuid=0 egid=0 sgid=0 fsgid=0 tty=pts3 ses=3 comm="tail" exe="/usr/bin/tail" subj=unconfined key="process_exec"ARCH=x86_64 SYSCALL=execve AUID="heroic" UID="root" GID="root" EUID="root" SUID="root" FSUID="root" EGID="root" SGID="root" FSGID="root"
type=EXECVE msg=audit(1769492908.919:2036): argc=3 a0="tail" a1="-f" a2="/var/log/audit/audit.log"
type=CWD msg=audit(1769492908.919:2036): cwd="/home"
type=PATH msg=audit(1769492908.919:2036): item=0 name="/usr/bin/tail" inode=1578147 dev=08:02 mode=0100755 ouid=0 ogid=0 rdev=00:00 nametype=NORMAL cap_fp=0 cap_fi=0 cap_fe=0 cap_fver=0 cap_frootid=0OUID="root" OGID="root"
type=PATH msg=audit(1769492908.919:2036): item=1 name="/lib64/ld-linux-x86-64.so.2" inode=1575340 dev=08:02 mode=0100755 ouid=0 ogid=0 rdev=00:00 nametype=NORMAL cap_fp=0 cap_fi=0 cap_fe=0 cap_fver=0 cap_frootid=0OUID="root" OGID="root"
type=PROCTITLE msg=audit(1769492908.919:2036): proctitle=7461696C002D66002F7661722F6C6F672F61756469742F61756469742E6C6F67
type=SYSCALL msg=audit(1769492911.813:2037): arch=c000003e syscall=59 success=yes exit=0 a0=5da302dc86e0 a1=5da302dca550 a2=5da302dc08f0 a3=1 items=2 ppid=3886 pid=3988 auid=1000 uid=1000 gid=1000 euid=1000 suid=1000 fsuid=1000 egid=1000 sgid=1000 fsgid=1000 tty=pts0 ses=3 comm="rm" exe="/usr/bin/rm" subj=unconfined key="process_exec"ARCH=x86_64 SYSCALL=execve AUID="heroic" UID="heroic" GID="heroic" EUID="heroic" SUID="heroic" FSUID="heroic" EGID="heroic" SGID="heroic" FSGID="heroic"
type=EXECVE msg=audit(1769492911.813:2037): argc=58 a0="rm" a1="-f" a2="file_10.dat" a3="file_11.dat" a4="file_12.dat" a5="file_13.dat" a6="file_14.dat" a7="file_15.dat" a8="file_16.dat" a9="file_17.dat" a10="file_18.dat" a11="file_19.dat" a12="file_1.dat" a13="file_20.dat" a14="file_21.dat" a15="file_22.dat" a16="file_23.dat" a17="file_24.dat" a18="file_25.dat" a19="file_26.dat" a20="file_27.dat" a21="file_28.dat" a22="file_29.dat" a23="file_2.dat" a24="file_30.dat" a25="file_31.dat" a26="file_32.dat" a27="file_33.dat" a28="file_34.dat" a29="file_35.dat" a30="file_36.dat" a31="file_37.dat" a32="file_38.dat" a33="file_39.dat" a34="file_3.dat" a35="file_40.dat" a36="file_41.dat" a37="file_42.dat" a38="file_43.dat" a39="file_44.dat" a40="file_45.dat" a41="file_46.dat" a42="file_47.dat" a43="file_48.dat" a44="file_49.dat" a45="file_4.dat" a46="file_50.dat" a47="file_5.dat" a48="file_6.dat" a49="file_7.dat" a50="file_8.dat" a51="file_9.dat" a52="payload.sh" a53="recon.txt" a54="netstat.txt" a55="processes.txt" a56="sudo_enum.txt" a57="sudo_test.txt"
type=CWD msg=audit(1769492911.813:2037): cwd="/tmp/hids_malicious"
type=PATH msg=audit(1769492911.813:2037): item=0 name="/usr/bin/rm" inode=1578127 dev=08:02 mode=0100755 ouid=0 ogid=0 rdev=00:00 nametype=NORMAL cap_fp=0 cap_fi=0 cap_fe=0 cap_fver=0 cap_frootid=0OUID="root" OGID="root"
type=PATH msg=audit(1769492911.813:2037): item=1 name="/lib64/ld-linux-x86-64.so.2" inode=1575340 dev=08:02 mode=0100755 ouid=0 ogid=0 rdev=00:00 nametype=NORMAL cap_fp=0 cap_fi=0 cap_fe=0 cap_fver=0 cap_frootid=0OUID="root" OGID="root"
type=PROCTITLE msg=audit(1769492911.813:2037): proctitle=726D002D660066696C655F31302E6461740066696C655F31312E6461740066696C655F31322E6461740066696C655F31332E6461740066696C655F31342E6461740066696C655F31352E6461740066696C655F31362E6461740066696C655F31372E6461740066696C655F31382E6461740066696C655F31392E646174006669
type=SYSCALL msg=audit(1769492911.821:2038): arch=c000003e syscall=59 success=yes exit=0 a0=5da302dc6e20 a1=5da302dce0a0 a2=5da302dc08f0 a3=5da302dce0a0 items=2 ppid=3886 pid=3989 auid=1000 uid=1000 gid=1000 euid=0 suid=0 fsuid=0 egid=1000 sgid=1000 fsgid=1000 tty=pts0 ses=3 comm="sudo" exe="/usr/bin/sudo" subj=unconfined key="process_exec"ARCH=x86_64 SYSCALL=execve AUID="heroic" UID="heroic" GID="heroic" EUID="root" SUID="root" FSUID="root" EGID="heroic" SGID="heroic" FSGID="heroic"
type=EXECVE msg=audit(1769492911.821:2038): argc=4 a0="sudo" a1="rm" a2="-f" a3="/etc/cron.d/hids_persist"
type=CWD msg=audit(1769492911.821:2038): cwd="/tmp/hids_malicious"
type=PATH msg=audit(1769492911.821:2038): item=0 name="/usr/bin/sudo" inode=1574274 dev=08:02 mode=0104755 ouid=0 ogid=0 rdev=00:00 nametype=NORMAL cap_fp=0 cap_fi=0 cap_fe=0 cap_fver=0 cap_frootid=0OUID="root" OGID="root"
type=PATH msg=audit(1769492911.821:2038): item=1 name="/lib64/ld-linux-x86-64.so.2" inode=1575340 dev=08:02 mode=0100755 ouid=0 ogid=0 rdev=00:00 nametype=NORMAL cap_fp=0 cap_fi=0 cap_fe=0 cap_fver=0 cap_frootid=0OUID="root" OGID="root"
type=PROCTITLE msg=audit(1769492911.821:2038): proctitle=7375646F00726D002D66002F6574632F63726F6E2E642F686964735F70657273697374
type=USER_ACCT msg=audit(1769492911.905:2039): pid=3989 uid=1000 auid=1000 ses=3 subj=unconfined msg='op=PAM:accounting grantors=pam_permit,pam_localuser acct="heroic" exe="/usr/bin/sudo" hostname=? addr=? terminal=/dev/pts/0 res=success'UID="heroic" AUID="heroic"
type=USER_CMD msg=audit(1769492911.907:2040): pid=3989 uid=1000 auid=1000 ses=3 subj=unconfined msg='cwd="/tmp/hids_malicious" cmd=726D202D66202F6574632F63726F6E2E642F686964735F70657273697374 exe="/usr/bin/sudo" terminal=pts/0 res=success'UID="heroic" AUID="heroic"
type=CRED_REFR msg=audit(1769492911.907:2041): pid=3989 uid=1000 auid=1000 ses=3 subj=unconfined msg='op=PAM:setcred grantors=pam_permit,pam_cap acct="root" exe="/usr/bin/sudo" hostname=? addr=? terminal=/dev/pts/0 res=success'UID="heroic" AUID="heroic"
type=USER_START msg=audit(1769492911.907:2042): pid=3989 uid=1000 auid=1000 ses=3 subj=unconfined msg='op=PAM:session_open grantors=pam_limits,pam_env,pam_env,pam_permit,pam_umask,pam_unix acct="root" exe="/usr/bin/sudo" hostname=? addr=? terminal=/dev/pts/0 res=success'UID="heroic" AUID="heroic"
type=SYSCALL msg=audit(1769492911.914:2043): arch=c000003e syscall=59 success=yes exit=0 a0=62263443cb68 a1=62263444cba0 a2=62263445f7a0 a3=64 items=2 ppid=3990 pid=3991 auid=1000 uid=0 gid=0 euid=0 suid=0 fsuid=0 egid=0 sgid=0 fsgid=0 tty=pts4 ses=3 comm="rm" exe="/usr/bin/rm" subj=unconfined key="process_exec"ARCH=x86_64 SYSCALL=execve AUID="heroic" UID="root" GID="root" EUID="root" SUID="root" FSUID="root" EGID="root" SGID="root" FSGID="root"
type=EXECVE msg=audit(1769492911.914:2043): argc=3 a0="rm" a1="-f" a2="/etc/cron.d/hids_persist"
type=CWD msg=audit(1769492911.914:2043): cwd="/tmp/hids_malicious"
type=PATH msg=audit(1769492911.914:2043): item=0 name="/usr/bin/rm" inode=1578127 dev=08:02 mode=0100755 ouid=0 ogid=0 rdev=00:00 nametype=NORMAL cap_fp=0 cap_fi=0 cap_fe=0 cap_fver=0 cap_frootid=0OUID="root" OGID="root"
type=PATH msg=audit(1769492911.914:2043): item=1 name="/lib64/ld-linux-x86-64.so.2" inode=1575340 dev=08:02 mode=0100755 ouid=0 ogid=0 rdev=00:00 nametype=NORMAL cap_fp=0 cap_fi=0 cap_fe=0 cap_fver=0 cap_frootid=0OUID="root" OGID="root"
type=PROCTITLE msg=audit(1769492911.914:2043): proctitle=726D002D66002F6574632F63726F6E2E642F686964735F70657273697374
type=SYSCALL msg=audit(1769492911.916:2044): arch=c000003e syscall=263 success=yes exit=0 a0=ffffff9c a1=6348a40ba4a0 a2=0 a3=6348a40bb900 items=2 ppid=3990 pid=3991 auid=1000 uid=0 gid=0 euid=0 suid=0 fsuid=0 egid=0 sgid=0 fsgid=0 tty=pts4 ses=3 comm="rm" exe="/usr/bin/rm" subj=unconfined key="persistence"ARCH=x86_64 SYSCALL=unlinkat AUID="heroic" UID="root" GID="root" EUID="root" SUID="root" FSUID="root" EGID="root" SGID="root" FSGID="root"
type=CWD msg=audit(1769492911.916:2044): cwd="/tmp/hids_malicious"
type=PATH msg=audit(1769492911.916:2044): item=0 name="/etc/cron.d/" inode=1703968 dev=08:02 mode=040755 ouid=0 ogid=0 rdev=00:00 nametype=PARENT cap_fp=0 cap_fi=0 cap_fe=0 cap_fver=0 cap_frootid=0OUID="root" OGID="root"
type=PATH msg=audit(1769492911.916:2044): item=1 name="/etc/cron.d/hids_persist" inode=1704205 dev=08:02 mode=0100644 ouid=0 ogid=0 rdev=00:00 nametype=DELETE cap_fp=0 cap_fi=0 cap_fe=0 cap_fver=0 cap_frootid=0OUID="root" OGID="root"
type=PROCTITLE msg=audit(1769492911.916:2044): proctitle=726D002D66002F6574632F63726F6E2E642F686964735F70657273697374
type=USER_END msg=audit(1769492911.917:2045): pid=3989 uid=1000 auid=1000 ses=3 subj=unconfined msg='op=PAM:session_close grantors=pam_limits,pam_env,pam_env,pam_permit,pam_umask,pam_unix acct="root" exe="/usr/bin/sudo" hostname=? addr=? terminal=/dev/pts/0 res=success'UID="heroic" AUID="heroic"
type=CRED_DISP msg=audit(1769492911.917:2046): pid=3989 uid=1000 auid=1000 ses=3 subj=unconfined msg='op=PAM:setcred grantors=pam_permit acct="root" exe="/usr/bin/sudo" hostname=? addr=? terminal=/dev/pts/0 res=success'UID="heroic" AUID="heroic"
type=SYSCALL msg=audit(1769492911.919:2047): arch=c000003e syscall=59 success=yes exit=0 a0=5da302dc7a40 a1=5da302dc7010 a2=5da302dc08f0 a3=5da302dc7010 items=2 ppid=3886 pid=3992 auid=1000 uid=1000 gid=1000 euid=1000 suid=1000 fsuid=1000 egid=1000 sgid=1000 fsgid=1000 tty=pts0 ses=3 comm="rmdir" exe="/usr/bin/rmdir" subj=unconfined key="process_exec"ARCH=x86_64 SYSCALL=execve AUID="heroic" UID="heroic" GID="heroic" EUID="heroic" SUID="heroic" FSUID="heroic" EGID="heroic" SGID="heroic" FSGID="heroic"
type=EXECVE msg=audit(1769492911.919:2047): argc=2 a0="rmdir" a1="/tmp/hids_malicious"
type=CWD msg=audit(1769492911.919:2047): cwd="/tmp/hids_malicious"
type=PATH msg=audit(1769492911.919:2047): item=0 name="/usr/bin/rmdir" inode=1578128 dev=08:02 mode=0100755 ouid=0 ogid=0 rdev=00:00 nametype=NORMAL cap_fp=0 cap_fi=0 cap_fe=0 cap_fver=0 cap_frootid=0OUID="root" OGID="root"
type=PATH msg=audit(1769492911.919:2047): item=1 name="/lib64/ld-linux-x86-64.so.2" inode=1575340 dev=08:02 mode=0100755 ouid=0 ogid=0 rdev=00:00 nametype=NORMAL cap_fp=0 cap_fi=0 cap_fe=0 cap_fver=0 cap_frootid=0OUID="root" OGID="root"
type=PROCTITLE msg=audit(1769492911.919:2047): proctitle=726D646972002F746D702F686964735F6D616C6963696F7573
type=SYSCALL msg=audit(1769492911.921:2048): arch=c000003e syscall=59 success=yes exit=0 a0=5da302dc6e20 a1=5da302dc86e0 a2=5da302dc08f0 a3=5da302dc86e0 items=2 ppid=3886 pid=3993 auid=1000 uid=1000 gid=1000 euid=1000 suid=1000 fsuid=1000 egid=1000 sgid=1000 fsgid=1000 tty=pts0 ses=3 comm="sleep" exe="/usr/bin/sleep" subj=unconfined key="process_exec"ARCH=x86_64 SYSCALL=execve AUID="heroic" UID="heroic" GID="heroic" EUID="heroic" SUID="heroic" FSUID="heroic" EGID="heroic" SGID="heroic" FSGID="heroic"
type=EXECVE msg=audit(1769492911.921:2048): argc=2 a0="sleep" a1="90"
type=CWD msg=audit(1769492911.921:2048): cwd=2F746D702F686964735F6D616C6963696F7573202864656C6574656429
type=PATH msg=audit(1769492911.921:2048): item=0 name="/usr/bin/sleep" inode=1578138 dev=08:02 mode=0100755 ouid=0 ogid=0 rdev=00:00 nametype=NORMAL cap_fp=0 cap_fi=0 cap_fe=0 cap_fver=0 cap_frootid=0OUID="root" OGID="root"
type=PATH msg=audit(1769492911.921:2048): item=1 name="/lib64/ld-linux-x86-64.so.2" inode=1575340 dev=08:02 mode=0100755 ouid=0 ogid=0 rdev=00:00 nametype=NORMAL cap_fp=0 cap_fi=0 cap_fe=0 cap_fver=0 cap_frootid=0OUID="root" OGID="root"
type=PROCTITLE msg=audit(1769492911.921:2048): proctitle=736C656570003930
type=SYSCALL msg=audit(1769493001.925:2049): arch=c000003e syscall=59 success=yes exit=0 a0=5da302dcc870 a1=5da302dce870 a2=5da302dc08f0 a3=5da302dcc190 items=2 ppid=3886 pid=3995 auid=1000 uid=1000 gid=1000 euid=1000 suid=1000 fsuid=1000 egid=1000 sgid=1000 fsgid=1000 tty=pts0 ses=3 comm="mkdir" exe="/usr/bin/mkdir" subj=unconfined key="process_exec"ARCH=x86_64 SYSCALL=execve AUID="heroic" UID="heroic" GID="heroic" EUID="heroic" SUID="heroic" FSUID="heroic" EGID="heroic" SGID="heroic" FSGID="heroic"
type=EXECVE msg=audit(1769493001.925:2049): argc=3 a0="mkdir" a1="-p" a2="/tmp/hids_malicious"
type=CWD msg=audit(1769493001.925:2049): cwd=2F746D702F686964735F6D616C6963696F7573202864656C6574656429
type=PATH msg=audit(1769493001.925:2049): item=0 name="/usr/bin/mkdir" inode=1578106 dev=08:02 mode=0100755 ouid=0 ogid=0 rdev=00:00 nametype=NORMAL cap_fp=0 cap_fi=0 cap_fe=0 cap_fver=0 cap_frootid=0OUID="root" OGID="root"
type=PATH msg=audit(1769493001.925:2049): item=1 name="/lib64/ld-linux-x86-64.so.2" inode=1575340 dev=08:02 mode=0100755 ouid=0 ogid=0 rdev=00:00 nametype=NORMAL cap_fp=0 cap_fi=0 cap_fe=0 cap_fver=0 cap_frootid=0OUID="root" OGID="root"
type=PROCTITLE msg=audit(1769493001.925:2049): proctitle=6D6B646972002D70002F746D702F686964735F6D616C6963696F7573
type=SYSCALL msg=audit(1769493001.933:2050): arch=c000003e syscall=59 success=yes exit=0 a0=5da302dc88a0 a1=5da302dcd3d0 a2=5da302dc08f0 a3=5da302dcc890 items=2 ppid=3886 pid=3996 auid=1000 uid=1000 gid=1000 euid=1000 suid=1000 fsuid=1000 egid=1000 sgid=1000 fsgid=1000 tty=pts0 ses=3 comm="ps" exe="/usr/bin/ps" subj=unconfined key="process_exec"ARCH=x86_64 SYSCALL=execve AUID="heroic" UID="heroic" GID="heroic" EUID="heroic" SUID="heroic" FSUID="heroic" EGID="heroic" SGID="heroic" FSGID="heroic"
type=EXECVE msg=audit(1769493001.933:2050): argc=2 a0="ps" a1="aux"
type=CWD msg=audit(1769493001.933:2050): cwd="/tmp/hids_malicious"
type=PATH msg=audit(1769493001.933:2050): item=0 name="/usr/bin/ps" inode=1574103 dev=08:02 mode=0100755 ouid=0 ogid=0 rdev=00:00 nametype=NORMAL cap_fp=0 cap_fi=0 cap_fe=0 cap_fver=0 cap_frootid=0OUID="root" OGID="root"
type=PATH msg=audit(1769493001.933:2050): item=1 name="/lib64/ld-linux-x86-64.so.2" inode=1575340 dev=08:02 mode=0100755 ouid=0 ogid=0 rdev=00:00 nametype=NORMAL cap_fp=0 cap_fi=0 cap_fe=0 cap_fver=0 cap_frootid=0OUID="root" OGID="root"
type=PROCTITLE msg=audit(1769493001.933:2050): proctitle=707300617578
type=SYSCALL msg=audit(1769493001.955:2051): arch=c000003e syscall=59 success=yes exit=0 a0=5da302dcc870 a1=5da302dc7a40 a2=5da302dc08f0 a3=5da302dc7a40 items=2 ppid=3886 pid=3997 auid=1000 uid=1000 gid=1000 euid=1000 suid=1000 fsuid=1000 egid=1000 sgid=1000 fsgid=1000 tty=pts0 ses=3 comm="whoami" exe="/usr/bin/whoami" subj=unconfined key="process_exec"ARCH=x86_64 SYSCALL=execve AUID="heroic" UID="heroic" GID="heroic" EUID="heroic" SUID="heroic" FSUID="heroic" EGID="heroic" SGID="heroic" FSGID="heroic"
type=EXECVE msg=audit(1769493001.955:2051): argc=1 a0="whoami"
type=CWD msg=audit(1769493001.955:2051): cwd="/tmp/hids_malicious"
type=PATH msg=audit(1769493001.955:2051): item=0 name="/usr/bin/whoami" inode=1578239 dev=08:02 mode=0100755 ouid=0 ogid=0 rdev=00:00 nametype=NORMAL cap_fp=0 cap_fi=0 cap_fe=0 cap_fver=0 cap_frootid=0OUID="root" OGID="root"
type=PATH msg=audit(1769493001.955:2051): item=1 name="/lib64/ld-linux-x86-64.so.2" inode=1575340 dev=08:02 mode=0100755 ouid=0 ogid=0 rdev=00:00 nametype=NORMAL cap_fp=0 cap_fi=0 cap_fe=0 cap_fver=0 cap_frootid=0OUID="root" OGID="root"
type=PROCTITLE msg=audit(1769493001.955:2051): proctitle="whoami"
type=SYSCALL msg=audit(1769493001.961:2052): arch=c000003e syscall=59 success=yes exit=0 a0=5da302dcc850 a1=5da302dc6f00 a2=5da302dc08f0 a3=5da302dc6f00 items=2 ppid=3886 pid=3998 auid=1000 uid=1000 gid=1000 euid=1000 suid=1000 fsuid=1000 egid=1000 sgid=1000 fsgid=1000 tty=pts0 ses=3 comm="id" exe="/usr/bin/id" subj=unconfined key="process_exec"ARCH=x86_64 SYSCALL=execve AUID="heroic" UID="heroic" GID="heroic" EUID="heroic" SUID="heroic" FSUID="heroic" EGID="heroic" SGID="heroic" FSGID="heroic"
type=EXECVE msg=audit(1769493001.961:2052): argc=1 a0="id"
type=CWD msg=audit(1769493001.961:2052): cwd="/tmp/hids_malicious"
type=PATH msg=audit(1769493001.961:2052): item=0 name="/usr/bin/id" inode=1578097 dev=08:02 mode=0100755 ouid=0 ogid=0 rdev=00:00 nametype=NORMAL cap_fp=0 cap_fi=0 cap_fe=0 cap_fver=0 cap_frootid=0OUID="root" OGID="root"
type=PATH msg=audit(1769493001.961:2052): item=1 name="/lib64/ld-linux-x86-64.so.2" inode=1575340 dev=08:02 mode=0100755 ouid=0 ogid=0 rdev=00:00 nametype=NORMAL cap_fp=0 cap_fi=0 cap_fe=0 cap_fver=0 cap_frootid=0OUID="root" OGID="root"
type=PROCTITLE msg=audit(1769493001.961:2052): proctitle="id"
type=SYSCALL msg=audit(1769493001.970:2053): arch=c000003e syscall=59 success=yes exit=0 a0=5da302dcc870 a1=5da302dcb4d0 a2=5da302dc08f0 a3=5da302dc88a0 items=2 ppid=3886 pid=3999 auid=1000 uid=1000 gid=1000 euid=1000 suid=1000 fsuid=1000 egid=1000 sgid=1000 fsgid=1000 tty=pts0 ses=3 comm="uname" exe="/usr/bin/uname" subj=unconfined key="process_exec"ARCH=x86_64 SYSCALL=execve AUID="heroic" UID="heroic" GID="heroic" EUID="heroic" SUID="heroic" FSUID="heroic" EGID="heroic" SGID="heroic" FSGID="heroic"
type=EXECVE msg=audit(1769493001.970:2053): argc=2 a0="uname" a1="-a"
type=CWD msg=audit(1769493001.970:2053): cwd="/tmp/hids_malicious"
type=PATH msg=audit(1769493001.970:2053): item=0 name="/usr/bin/uname" inode=1578226 dev=08:02 mode=0100755 ouid=0 ogid=0 rdev=00:00 nametype=NORMAL cap_fp=0 cap_fi=0 cap_fe=0 cap_fver=0 cap_frootid=0OUID="root" OGID="root"
type=PATH msg=audit(1769493001.970:2053): item=1 name="/lib64/ld-linux-x86-64.so.2" inode=1575340 dev=08:02 mode=0100755 ouid=0 ogid=0 rdev=00:00 nametype=NORMAL cap_fp=0 cap_fi=0 cap_fe=0 cap_fver=0 cap_frootid=0OUID="root" OGID="root"
type=PROCTITLE msg=audit(1769493001.970:2053): proctitle=756E616D65002D61
type=SYSCALL msg=audit(1769493001.976:2054): arch=c000003e syscall=59 success=yes exit=0 a0=5da302dcb530 a1=5da302dca270 a2=5da302dc08f0 a3=5da302dcc190 items=2 ppid=3886 pid=4000 auid=1000 uid=1000 gid=1000 euid=1000 suid=1000 fsuid=1000 egid=1000 sgid=1000 fsgid=1000 tty=pts0 ses=3 comm="ss" exe="/usr/bin/ss" subj=unconfined key="process_exec"ARCH=x86_64 SYSCALL=execve AUID="heroic" UID="heroic" GID="heroic" EUID="heroic" SUID="heroic" FSUID="heroic" EGID="heroic" SGID="heroic" FSGID="heroic"
type=EXECVE msg=audit(1769493001.976:2054): argc=2 a0="ss" a1="-tulnp"
type=CWD msg=audit(1769493001.976:2054): cwd="/tmp/hids_malicious"
type=PATH msg=audit(1769493001.976:2054): item=0 name="/usr/bin/ss" inode=1574256 dev=08:02 mode=0100755 ouid=0 ogid=0 rdev=00:00 nametype=NORMAL cap_fp=0 cap_fi=0 cap_fe=0 cap_fver=0 cap_frootid=0OUID="root" OGID="root"
type=PATH msg=audit(1769493001.976:2054): item=1 name="/lib64/ld-linux-x86-64.so.2" inode=1575340 dev=08:02 mode=0100755 ouid=0 ogid=0 rdev=00:00 nametype=NORMAL cap_fp=0 cap_fi=0 cap_fe=0 cap_fver=0 cap_frootid=0OUID="root" OGID="root"
type=PROCTITLE msg=audit(1769493001.976:2054): proctitle=7373002D74756C6E70
type=SYSCALL msg=audit(1769493002.002:2055): arch=c000003e syscall=59 success=yes exit=0 a0=5da302dcc870 a1=5da302dcea50 a2=5da302dc08f0 a3=5da302dcc850 items=2 ppid=3886 pid=4001 auid=1000 uid=1000 gid=1000 euid=1000 suid=1000 fsuid=1000 egid=1000 sgid=1000 fsgid=1000 tty=pts0 ses=3 comm="chmod" exe="/usr/bin/chmod" subj=unconfined key="process_exec"ARCH=x86_64 SYSCALL=execve AUID="heroic" UID="heroic" GID="heroic" EUID="heroic" SUID="heroic" FSUID="heroic" EGID="heroic" SGID="heroic" FSGID="heroic"
type=EXECVE msg=audit(1769493002.002:2055): argc=3 a0="chmod" a1="+x" a2="payload.sh"
type=CWD msg=audit(1769493002.002:2055): cwd="/tmp/hids_malicious"
type=PATH msg=audit(1769493002.002:2055): item=0 name="/usr/bin/chmod" inode=1578019 dev=08:02 mode=0100755 ouid=0 ogid=0 rdev=00:00 nametype=NORMAL cap_fp=0 cap_fi=0 cap_fe=0 cap_fver=0 cap_frootid=0OUID="root" OGID="root"
type=PATH msg=audit(1769493002.002:2055): item=1 name="/lib64/ld-linux-x86-64.so.2" inode=1575340 dev=08:02 mode=0100755 ouid=0 ogid=0 rdev=00:00 nametype=NORMAL cap_fp=0 cap_fi=0 cap_fe=0 cap_fver=0 cap_frootid=0OUID="root" OGID="root"
type=PROCTITLE msg=audit(1769493002.002:2055): proctitle=63686D6F64002B78007061796C6F61642E7368
type=SYSCALL msg=audit(1769493002.009:2056): arch=c000003e syscall=59 success=yes exit=0 a0=5da302dc7a40 a1=5da302dce870 a2=5da302dc08f0 a3=8 items=2 ppid=3886 pid=4002 auid=1000 uid=1000 gid=1000 euid=1000 suid=1000 fsuid=1000 egid=1000 sgid=1000 fsgid=1000 tty=pts0 ses=3 comm="curl" exe="/usr/bin/curl" subj=unconfined key="process_exec"ARCH=x86_64 SYSCALL=execve AUID="heroic" UID="heroic" GID="heroic" EUID="heroic" SUID="heroic" FSUID="heroic" EGID="heroic" SGID="heroic" FSGID="heroic"
type=EXECVE msg=audit(1769493002.009:2056): argc=3 a0="curl" a1="-s" a2="file:///tmp/hids_malicious/payload.sh"
type=CWD msg=audit(1769493002.009:2056): cwd="/tmp/hids_malicious"
type=PATH msg=audit(1769493002.009:2056): item=0 name="/usr/bin/curl" inode=1573697 dev=08:02 mode=0100755 ouid=0 ogid=0 rdev=00:00 nametype=NORMAL cap_fp=0 cap_fi=0 cap_fe=0 cap_fver=0 cap_frootid=0OUID="root" OGID="root"
type=PATH msg=audit(1769493002.009:2056): item=1 name="/lib64/ld-linux-x86-64.so.2" inode=1575340 dev=08:02 mode=0100755 ouid=0 ogid=0 rdev=00:00 nametype=NORMAL cap_fp=0 cap_fi=0 cap_fe=0 cap_fver=0 cap_frootid=0OUID="root" OGID="root"
type=PROCTITLE msg=audit(1769493002.009:2056): proctitle=6375726C002D730066696C653A2F2F2F746D702F686964735F6D616C6963696F75732F7061796C6F61642E7368
type=SYSCALL msg=audit(1769493002.009:2057): arch=c000003e syscall=59 success=yes exit=0 a0=5da302dc7a40 a1=5da302dcc610 a2=5da302dc08f0 a3=8 items=2 ppid=3886 pid=4003 auid=1000 uid=1000 gid=1000 euid=1000 suid=1000 fsuid=1000 egid=1000 sgid=1000 fsgid=1000 tty=pts0 ses=3 comm="bash" exe="/usr/bin/bash" subj=unconfined key="process_exec"ARCH=x86_64 SYSCALL=execve AUID="heroic" UID="heroic" GID="heroic" EUID="heroic" SUID="heroic" FSUID="heroic" EGID="heroic" SGID="heroic" FSGID="heroic"
type=EXECVE msg=audit(1769493002.009:2057): argc=1 a0="bash"
type=CWD msg=audit(1769493002.009:2057): cwd="/tmp/hids_malicious"
type=PATH msg=audit(1769493002.009:2057): item=0 name="/usr/bin/bash" inode=1573437 dev=08:02 mode=0100755 ouid=0 ogid=0 rdev=00:00 nametype=NORMAL cap_fp=0 cap_fi=0 cap_fe=0 cap_fver=0 cap_frootid=0OUID="root" OGID="root"
type=PATH msg=audit(1769493002.009:2057): item=1 name="/lib64/ld-linux-x86-64.so.2" inode=1575340 dev=08:02 mode=0100755 ouid=0 ogid=0 rdev=00:00 nametype=NORMAL cap_fp=0 cap_fi=0 cap_fe=0 cap_fver=0 cap_frootid=0OUID="root" OGID="root"
type=PROCTITLE msg=audit(1769493002.009:2057): proctitle="bash"
type=SYSCALL msg=audit(1769493002.017:2058): arch=c000003e syscall=59 success=yes exit=0 a0=5da302dcb530 a1=5da302dcc8b0 a2=5da302dc08f0 a3=5da302dcc8b0 items=2 ppid=3886 pid=4004 auid=1000 uid=1000 gid=1000 euid=0 suid=0 fsuid=0 egid=1000 sgid=1000 fsgid=1000 tty=pts0 ses=3 comm="sudo" exe="/usr/bin/sudo" subj=unconfined key="process_exec"ARCH=x86_64 SYSCALL=execve AUID="heroic" UID="heroic" GID="heroic" EUID="root" SUID="root" FSUID="root" EGID="heroic" SGID="heroic" FSGID="heroic"
type=EXECVE msg=audit(1769493002.017:2058): argc=2 a0="sudo" a1="-l"
type=CWD msg=audit(1769493002.017:2058): cwd="/tmp/hids_malicious"
type=PATH msg=audit(1769493002.017:2058): item=0 name="/usr/bin/sudo" inode=1574274 dev=08:02 mode=0104755 ouid=0 ogid=0 rdev=00:00 nametype=NORMAL cap_fp=0 cap_fi=0 cap_fe=0 cap_fver=0 cap_frootid=0OUID="root" OGID="root"
type=PATH msg=audit(1769493002.017:2058): item=1 name="/lib64/ld-linux-x86-64.so.2" inode=1575340 dev=08:02 mode=0100755 ouid=0 ogid=0 rdev=00:00 nametype=NORMAL cap_fp=0 cap_fi=0 cap_fe=0 cap_fver=0 cap_frootid=0OUID="root" OGID="root"
type=PROCTITLE msg=audit(1769493002.017:2058): proctitle=7375646F002D6C
type=SYSCALL msg=audit(1769493002.026:2059): arch=c000003e syscall=59 success=yes exit=0 a0=7ffd2e5d34c0 a1=7ffd2e5d34e0 a2=7ffd2e5d3fd0 a3=8 items=2 ppid=1 pid=4005 auid=4294967295 uid=0 gid=0 euid=0 suid=0 fsuid=0 egid=0 sgid=0 fsgid=0 tty=(none) ses=4294967295 comm="9" exe="/usr/lib/systemd/systemd-executor" subj=unconfined key="process_exec"ARCH=x86_64 SYSCALL=execve AUID="unset" UID="root" GID="root" EUID="root" SUID="root" FSUID="root" EGID="root" SGID="root" FSGID="root"
type=EXECVE msg=audit(1769493002.026:2059): argc=7 a0="/usr/lib/systemd/systemd-executor" a1="--deserialize" a2="119" a3="--log-level" a4="info" a5="--log-target" a6="journal-or-kmsg"
type=CWD msg=audit(1769493002.026:2059): cwd="/"
type=PATH msg=audit(1769493002.026:2059): item=0 name="/proc/self/fd/9" inode=1596504 dev=08:02 mode=0100755 ouid=0 ogid=0 rdev=00:00 nametype=NORMAL cap_fp=0 cap_fi=0 cap_fe=0 cap_fver=0 cap_frootid=0OUID="root" OGID="root"
type=PATH msg=audit(1769493002.026:2059): item=1 name="/lib64/ld-linux-x86-64.so.2" inode=1575340 dev=08:02 mode=0100755 ouid=0 ogid=0 rdev=00:00 nametype=NORMAL cap_fp=0 cap_fi=0 cap_fe=0 cap_fver=0 cap_frootid=0OUID="root" OGID="root"
type=PROCTITLE msg=audit(1769493002.026:2059): proctitle=2F7573722F6C69622F73797374656D642F73797374656D642D6578656375746F72002D2D646573657269616C697A6500313139002D2D6C6F672D6C6576656C00696E666F002D2D6C6F672D746172676574006A6F75726E616C2D6F722D6B6D7367
type=SYSCALL msg=audit(1769493002.052:2060): arch=c000003e syscall=59 success=yes exit=0 a0=575d1a1750c0 a1=575d1a1751c0 a2=575d1a1744b0 a3=575d1a175990 items=3 ppid=1 pid=4005 auid=4294967295 uid=0 gid=0 euid=0 suid=0 fsuid=0 egid=0 sgid=0 fsgid=0 tty=(none) ses=4294967295 comm="sa1" exe="/usr/bin/dash" subj=unconfined key="process_exec"ARCH=x86_64 SYSCALL=execve AUID="unset" UID="root" GID="root" EUID="root" SUID="root" FSUID="root" EGID="root" SGID="root" FSGID="root"
type=EXECVE msg=audit(1769493002.052:2060): argc=4 a0="/bin/sh" a1="/usr/lib/sysstat/sa1" a2="1" a3="1"
type=CWD msg=audit(1769493002.052:2060): cwd="/"
type=PATH msg=audit(1769493002.052:2060): item=0 name="/usr/lib/sysstat/sa1" inode=1582334 dev=08:02 mode=0100755 ouid=0 ogid=0 rdev=00:00 nametype=NORMAL cap_fp=0 cap_fi=0 cap_fe=0 cap_fver=0 cap_frootid=0OUID="root" OGID="root"
type=PATH msg=audit(1769493002.052:2060): item=1 name="/bin/sh" inode=1573518 dev=08:02 mode=0100755 ouid=0 ogid=0 rdev=00:00 nametype=NORMAL cap_fp=0 cap_fi=0 cap_fe=0 cap_fver=0 cap_frootid=0OUID="root" OGID="root"
type=PATH msg=audit(1769493002.052:2060): item=2 name="/lib64/ld-linux-x86-64.so.2" inode=1575340 dev=08:02 mode=0100755 ouid=0 ogid=0 rdev=00:00 nametype=NORMAL cap_fp=0 cap_fi=0 cap_fe=0 cap_fver=0 cap_frootid=0OUID="root" OGID="root"
type=PROCTITLE msg=audit(1769493002.052:2060): proctitle=2F7573722F6C69622F73797374656D642F73797374656D642D6578656375746F72002D2D646573657269616C697A6500313139002D2D6C6F672D6C6576656C00696E666F002D2D6C6F672D746172676574006A6F75726E616C2D6F722D6B6D7367
type=SYSCALL msg=audit(1769493002.062:2061): arch=c000003e syscall=59 success=yes exit=0 a0=63067b49b148 a1=63067b49b228 a2=63067b49b270 a3=0 items=2 ppid=1 pid=4005 auid=4294967295 uid=0 gid=0 euid=0 suid=0 fsuid=0 egid=0 sgid=0 fsgid=0 tty=(none) ses=4294967295 comm="sadc" exe="/usr/lib/sysstat/sadc" subj=unconfined key="process_exec"ARCH=x86_64 SYSCALL=execve AUID="unset" UID="root" GID="root" EUID="root" SUID="root" FSUID="root" EGID="root" SGID="root" FSGID="root"
type=EXECVE msg=audit(1769493002.062:2061): argc=8 a0="/usr/lib/sysstat/sadc" a1="-F" a2="-L" a3="-S" a4="DISK" a5="1" a6="1" a7="/var/log/sysstat"
type=CWD msg=audit(1769493002.062:2061): cwd="/usr/lib/sysstat"
type=PATH msg=audit(1769493002.062:2061): item=0 name="/usr/lib/sysstat/sadc" inode=1582336 dev=08:02 mode=0100755 ouid=0 ogid=0 rdev=00:00 nametype=NORMAL cap_fp=0 cap_fi=0 cap_fe=0 cap_fver=0 cap_frootid=0OUID="root" OGID="root"
type=PATH msg=audit(1769493002.062:2061): item=1 name="/lib64/ld-linux-x86-64.so.2" inode=1575340 dev=08:02 mode=0100755 ouid=0 ogid=0 rdev=00:00 nametype=NORMAL cap_fp=0 cap_fi=0 cap_fe=0 cap_fver=0 cap_frootid=0OUID="root" OGID="root"
type=PROCTITLE msg=audit(1769493002.062:2061): proctitle=2F7573722F6C69622F73797374656D642F73797374656D642D6578656375746F72002D2D646573657269616C697A6500313139002D2D6C6F672D6C6576656C00696E666F002D2D6C6F672D746172676574006A6F75726E616C2D6F722D6B6D7367
type=SERVICE_START msg=audit(1769493002.070:2062): pid=1 uid=0 auid=4294967295 ses=4294967295 subj=unconfined msg='unit=sysstat-collect comm="systemd" exe="/usr/lib/systemd/systemd" hostname=? addr=? terminal=? res=success'UID="root" AUID="unset"
type=SERVICE_STOP msg=audit(1769493002.070:2063): pid=1 uid=0 auid=4294967295 ses=4294967295 subj=unconfined msg='unit=sysstat-collect comm="systemd" exe="/usr/lib/systemd/systemd" hostname=? addr=? terminal=? res=success'UID="root" AUID="unset"
type=USER_ACCT msg=audit(1769493002.077:2064): pid=4004 uid=1000 auid=1000 ses=3 subj=unconfined msg='op=PAM:accounting grantors=pam_permit,pam_localuser acct="heroic" exe="/usr/bin/sudo" hostname=? addr=? terminal=/dev/pts/0 res=success'UID="heroic" AUID="heroic"
type=SYSCALL msg=audit(1769493002.081:2065): arch=c000003e syscall=59 success=yes exit=0 a0=5da302dcc870 a1=5da302dcc850 a2=5da302dc08f0 a3=5da302dcc850 items=2 ppid=3886 pid=4007 auid=1000 uid=1000 gid=1000 euid=0 suid=0 fsuid=0 egid=1000 sgid=1000 fsgid=1000 tty=pts0 ses=3 comm="sudo" exe="/usr/bin/sudo" subj=unconfined key="process_exec"ARCH=x86_64 SYSCALL=execve AUID="heroic" UID="heroic" GID="heroic" EUID="root" SUID="root" FSUID="root" EGID="heroic" SGID="heroic" FSGID="heroic"
type=EXECVE msg=audit(1769493002.081:2065): argc=2 a0="sudo" a1="whoami"
type=CWD msg=audit(1769493002.081:2065): cwd="/tmp/hids_malicious"
type=PATH msg=audit(1769493002.081:2065): item=0 name="/usr/bin/sudo" inode=1574274 dev=08:02 mode=0104755 ouid=0 ogid=0 rdev=00:00 nametype=NORMAL cap_fp=0 cap_fi=0 cap_fe=0 cap_fver=0 cap_frootid=0OUID="root" OGID="root"
type=PATH msg=audit(1769493002.081:2065): item=1 name="/lib64/ld-linux-x86-64.so.2" inode=1575340 dev=08:02 mode=0100755 ouid=0 ogid=0 rdev=00:00 nametype=NORMAL cap_fp=0 cap_fi=0 cap_fe=0 cap_fver=0 cap_frootid=0OUID="root" OGID="root"
type=PROCTITLE msg=audit(1769493002.081:2065): proctitle=7375646F0077686F616D69
type=USER_ACCT msg=audit(1769493002.162:2066): pid=4007 uid=1000 auid=1000 ses=3 subj=unconfined msg='op=PAM:accounting grantors=pam_permit,pam_localuser acct="heroic" exe="/usr/bin/sudo" hostname=? addr=? terminal=/dev/pts/0 res=success'UID="heroic" AUID="heroic"
type=USER_CMD msg=audit(1769493002.162:2067): pid=4007 uid=1000 auid=1000 ses=3 subj=unconfined msg='cwd="/tmp/hids_malicious" cmd="whoami" exe="/usr/bin/sudo" terminal=pts/0 res=success'UID="heroic" AUID="heroic"
type=CRED_REFR msg=audit(1769493002.163:2068): pid=4007 uid=1000 auid=1000 ses=3 subj=unconfined msg='op=PAM:setcred grantors=pam_permit,pam_cap acct="root" exe="/usr/bin/sudo" hostname=? addr=? terminal=/dev/pts/0 res=success'UID="heroic" AUID="heroic"
type=USER_START msg=audit(1769493002.164:2069): pid=4007 uid=1000 auid=1000 ses=3 subj=unconfined msg='op=PAM:session_open grantors=pam_limits,pam_env,pam_env,pam_permit,pam_umask,pam_unix acct="root" exe="/usr/bin/sudo" hostname=? addr=? terminal=/dev/pts/0 res=success'UID="heroic" AUID="heroic"
type=SYSCALL msg=audit(1769493002.165:2070): arch=c000003e syscall=59 success=yes exit=0 a0=56503be93b68 a1=56503bea3ba0 a2=56503beb6340 a3=64 items=2 ppid=4009 pid=4010 auid=1000 uid=0 gid=0 euid=0 suid=0 fsuid=0 egid=0 sgid=0 fsgid=0 tty=pts4 ses=3 comm="whoami" exe="/usr/bin/whoami" subj=unconfined key="process_exec"ARCH=x86_64 SYSCALL=execve AUID="heroic" UID="root" GID="root" EUID="root" SUID="root" FSUID="root" EGID="root" SGID="root" FSGID="root"
type=EXECVE msg=audit(1769493002.165:2070): argc=1 a0="whoami"
type=CWD msg=audit(1769493002.165:2070): cwd="/tmp/hids_malicious"
type=PATH msg=audit(1769493002.165:2070): item=0 name="/usr/bin/whoami" inode=1578239 dev=08:02 mode=0100755 ouid=0 ogid=0 rdev=00:00 nametype=NORMAL cap_fp=0 cap_fi=0 cap_fe=0 cap_fver=0 cap_frootid=0OUID="root" OGID="root"
type=PATH msg=audit(1769493002.165:2070): item=1 name="/lib64/ld-linux-x86-64.so.2" inode=1575340 dev=08:02 mode=0100755 ouid=0 ogid=0 rdev=00:00 nametype=NORMAL cap_fp=0 cap_fi=0 cap_fe=0 cap_fver=0 cap_frootid=0OUID="root" OGID="root"
type=PROCTITLE msg=audit(1769493002.165:2070): proctitle="whoami"
type=USER_END msg=audit(1769493002.172:2071): pid=4007 uid=1000 auid=1000 ses=3 subj=unconfined msg='op=PAM:session_close grantors=pam_limits,pam_env,pam_env,pam_permit,pam_umask,pam_unix acct="root" exe="/usr/bin/sudo" hostname=? addr=? terminal=/dev/pts/0 res=success'UID="heroic" AUID="heroic"
type=CRED_DISP msg=audit(1769493002.172:2072): pid=4007 uid=1000 auid=1000 ses=3 subj=unconfined msg='op=PAM:setcred grantors=pam_permit acct="root" exe="/usr/bin/sudo" hostname=? addr=? terminal=/dev/pts/0 res=success'UID="heroic" AUID="heroic"
type=SYSCALL msg=audit(1769493002.175:2073): arch=c000003e syscall=59 success=yes exit=0 a0=5da302dcb530 a1=5da302dce930 a2=5da302dc08f0 a3=5da302dcc8b0 items=2 ppid=3886 pid=4012 auid=1000 uid=1000 gid=1000 euid=0 suid=0 fsuid=0 egid=1000 sgid=1000 fsgid=1000 tty=pts0 ses=3 comm="sudo" exe="/usr/bin/sudo" subj=unconfined key="process_exec"ARCH=x86_64 SYSCALL=execve AUID="heroic" UID="heroic" GID="heroic" EUID="root" SUID="root" FSUID="root" EGID="heroic" SGID="heroic" FSGID="heroic"
type=EXECVE msg=audit(1769493002.175:2073): argc=3 a0="sudo" a1="tee" a2="/etc/cron.d/hids_persist"
type=CWD msg=audit(1769493002.175:2073): cwd="/tmp/hids_malicious"
type=PATH msg=audit(1769493002.175:2073): item=0 name="/usr/bin/sudo" inode=1574274 dev=08:02 mode=0104755 ouid=0 ogid=0 rdev=00:00 nametype=NORMAL cap_fp=0 cap_fi=0 cap_fe=0 cap_fver=0 cap_frootid=0OUID="root" OGID="root"
type=PATH msg=audit(1769493002.175:2073): item=1 name="/lib64/ld-linux-x86-64.so.2" inode=1575340 dev=08:02 mode=0100755 ouid=0 ogid=0 rdev=00:00 nametype=NORMAL cap_fp=0 cap_fi=0 cap_fe=0 cap_fver=0 cap_frootid=0OUID="root" OGID="root"
type=PROCTITLE msg=audit(1769493002.175:2073): proctitle=7375646F00746565002F6574632F63726F6E2E642F686964735F70657273697374
type=USER_ACCT msg=audit(1769493002.194:2074): pid=4012 uid=1000 auid=1000 ses=3 subj=unconfined msg='op=PAM:accounting grantors=pam_permit,pam_localuser acct="heroic" exe="/usr/bin/sudo" hostname=? addr=? terminal=/dev/pts/0 res=success'UID="heroic" AUID="heroic"
type=USER_CMD msg=audit(1769493002.196:2075): pid=4012 uid=1000 auid=1000 ses=3 subj=unconfined msg='cwd="/tmp/hids_malicious" cmd=746565202F6574632F63726F6E2E642F686964735F70657273697374 exe="/usr/bin/sudo" terminal=pts/0 res=success'UID="heroic" AUID="heroic"
type=CRED_REFR msg=audit(1769493002.197:2076): pid=4012 uid=1000 auid=1000 ses=3 subj=unconfined msg='op=PAM:setcred grantors=pam_permit,pam_cap acct="root" exe="/usr/bin/sudo" hostname=? addr=? terminal=/dev/pts/0 res=success'UID="heroic" AUID="heroic"
type=USER_START msg=audit(1769493002.197:2077): pid=4012 uid=1000 auid=1000 ses=3 subj=unconfined msg='op=PAM:session_open grantors=pam_limits,pam_env,pam_env,pam_permit,pam_umask,pam_unix acct="root" exe="/usr/bin/sudo" hostname=? addr=? terminal=/dev/pts/0 res=success'UID="heroic" AUID="heroic"
type=SYSCALL msg=audit(1769493002.199:2078): arch=c000003e syscall=59 success=yes exit=0 a0=57f9f2d76b68 a1=57f9f2d86ba0 a2=57f9f2d997a0 a3=64 items=2 ppid=4013 pid=4014 auid=1000 uid=0 gid=0 euid=0 suid=0 fsuid=0 egid=0 sgid=0 fsgid=0 tty=pts4 ses=3 comm="tee" exe="/usr/bin/tee" subj=unconfined key="process_exec"ARCH=x86_64 SYSCALL=execve AUID="heroic" UID="root" GID="root" EUID="root" SUID="root" FSUID="root" EGID="root" SGID="root" FSGID="root"
type=EXECVE msg=audit(1769493002.199:2078): argc=2 a0="tee" a1="/etc/cron.d/hids_persist"
type=CWD msg=audit(1769493002.199:2078): cwd="/tmp/hids_malicious"
type=PATH msg=audit(1769493002.199:2078): item=0 name="/usr/bin/tee" inode=1578148 dev=08:02 mode=0100755 ouid=0 ogid=0 rdev=00:00 nametype=NORMAL cap_fp=0 cap_fi=0 cap_fe=0 cap_fver=0 cap_frootid=0OUID="root" OGID="root"
type=PATH msg=audit(1769493002.199:2078): item=1 name="/lib64/ld-linux-x86-64.so.2" inode=1575340 dev=08:02 mode=0100755 ouid=0 ogid=0 rdev=00:00 nametype=NORMAL cap_fp=0 cap_fi=0 cap_fe=0 cap_fver=0 cap_frootid=0OUID="root" OGID="root"
type=PROCTITLE msg=audit(1769493002.199:2078): proctitle=746565002F6574632F63726F6E2E642F686964735F70657273697374
type=SYSCALL msg=audit(1769493002.199:2079): arch=c000003e syscall=257 success=yes exit=3 a0=ffffff9c a1=7ffcecf2e72c a2=241 a3=1b6 items=2 ppid=4013 pid=4014 auid=1000 uid=0 gid=0 euid=0 suid=0 fsuid=0 egid=0 sgid=0 fsgid=0 tty=pts4 ses=3 comm="tee" exe="/usr/bin/tee" subj=unconfined key="persistence"ARCH=x86_64 SYSCALL=openat AUID="heroic" UID="root" GID="root" EUID="root" SUID="root" FSUID="root" EGID="root" SGID="root" FSGID="root"
type=CWD msg=audit(1769493002.199:2079): cwd="/tmp/hids_malicious"
type=PATH msg=audit(1769493002.199:2079): item=0 name="/etc/cron.d/" inode=1703968 dev=08:02 mode=040755 ouid=0 ogid=0 rdev=00:00 nametype=PARENT cap_fp=0 cap_fi=0 cap_fe=0 cap_fver=0 cap_frootid=0OUID="root" OGID="root"
type=PATH msg=audit(1769493002.199:2079): item=1 name="/etc/cron.d/hids_persist" inode=1704205 dev=08:02 mode=0100644 ouid=0 ogid=0 rdev=00:00 nametype=CREATE cap_fp=0 cap_fi=0 cap_fe=0 cap_fver=0 cap_frootid=0OUID="root" OGID="root"
type=PROCTITLE msg=audit(1769493002.199:2079): proctitle=746565002F6574632F63726F6E2E642F686964735F70657273697374
type=USER_END msg=audit(1769493002.201:2080): pid=4012 uid=1000 auid=1000 ses=3 subj=unconfined msg='op=PAM:session_close grantors=pam_limits,pam_env,pam_env,pam_permit,pam_umask,pam_unix acct="root" exe="/usr/bin/sudo" hostname=? addr=? terminal=/dev/pts/0 res=success'UID="heroic" AUID="heroic"
type=CRED_DISP msg=audit(1769493002.201:2081): pid=4012 uid=1000 auid=1000 ses=3 subj=unconfined msg='op=PAM:setcred grantors=pam_permit acct="root" exe="/usr/bin/sudo" hostname=? addr=? terminal=/dev/pts/0 res=success'UID="heroic" AUID="heroic"
type=SYSCALL msg=audit(1769493002.204:2082): arch=c000003e syscall=59 success=yes exit=0 a0=5da302dcc850 a1=5da302dcc8b0 a2=5da302dc08f0 a3=5da302dcc8b0 items=2 ppid=3886 pid=4015 auid=1000 uid=1000 gid=1000 euid=1000 suid=1000 fsuid=1000 egid=1000 sgid=1000 fsgid=1000 tty=pts0 ses=3 comm="sleep" exe="/usr/bin/sleep" subj=unconfined key="process_exec"ARCH=x86_64 SYSCALL=execve AUID="heroic" UID="heroic" GID="heroic" EUID="heroic" SUID="heroic" FSUID="heroic" EGID="heroic" SGID="heroic" FSGID="heroic"
type=EXECVE msg=audit(1769493002.204:2082): argc=2 a0="sleep" a1="5"
type=CWD msg=audit(1769493002.204:2082): cwd="/tmp/hids_malicious"
type=PATH msg=audit(1769493002.204:2082): item=0 name="/usr/bin/sleep" inode=1578138 dev=08:02 mode=0100755 ouid=0 ogid=0 rdev=00:00 nametype=NORMAL cap_fp=0 cap_fi=0 cap_fe=0 cap_fver=0 cap_frootid=0OUID="root" OGID="root"
type=PATH msg=audit(1769493002.204:2082): item=1 name="/lib64/ld-linux-x86-64.so.2" inode=1575340 dev=08:02 mode=0100755 ouid=0 ogid=0 rdev=00:00 nametype=NORMAL cap_fp=0 cap_fi=0 cap_fe=0 cap_fver=0 cap_frootid=0OUID="root" OGID="root"
type=PROCTITLE msg=audit(1769493002.204:2082): proctitle=736C6565700035
type=SYSCALL msg=audit(1769493007.216:2083): arch=c000003e syscall=59 success=yes exit=0 a0=5da302dcd0f0 a1=5da302dca360 a2=5da302dc08f0 a3=1 items=2 ppid=3886 pid=4016 auid=1000 uid=1000 gid=1000 euid=1000 suid=1000 fsuid=1000 egid=1000 sgid=1000 fsgid=1000 tty=pts0 ses=3 comm="rm" exe="/usr/bin/rm" subj=unconfined key="process_exec"ARCH=x86_64 SYSCALL=execve AUID="heroic" UID="heroic" GID="heroic" EUID="heroic" SUID="heroic" FSUID="heroic" EGID="heroic" SGID="heroic" FSGID="heroic"
type=EXECVE msg=audit(1769493007.216:2083): argc=58 a0="rm" a1="-f" a2="file_10.dat" a3="file_11.dat" a4="file_12.dat" a5="file_13.dat" a6="file_14.dat" a7="file_15.dat" a8="file_16.dat" a9="file_17.dat" a10="file_18.dat" a11="file_19.dat" a12="file_1.dat" a13="file_20.dat" a14="file_21.dat" a15="file_22.dat" a16="file_23.dat" a17="file_24.dat" a18="file_25.dat" a19="file_26.dat" a20="file_27.dat" a21="file_28.dat" a22="file_29.dat" a23="file_2.dat" a24="file_30.dat" a25="file_31.dat" a26="file_32.dat" a27="file_33.dat" a28="file_34.dat" a29="file_35.dat" a30="file_36.dat" a31="file_37.dat" a32="file_38.dat" a33="file_39.dat" a34="file_3.dat" a35="file_40.dat" a36="file_41.dat" a37="file_42.dat" a38="file_43.dat" a39="file_44.dat" a40="file_45.dat" a41="file_46.dat" a42="file_47.dat" a43="file_48.dat" a44="file_49.dat" a45="file_4.dat" a46="file_50.dat" a47="file_5.dat" a48="file_6.dat" a49="file_7.dat" a50="file_8.dat" a51="file_9.dat" a52="payload.sh" a53="recon.txt" a54="netstat.txt" a55="processes.txt" a56="sudo_enum.txt" a57="sudo_test.txt"
type=CWD msg=audit(1769493007.216:2083): cwd="/tmp/hids_malicious"
type=PATH msg=audit(1769493007.216:2083): item=0 name="/usr/bin/rm" inode=1578127 dev=08:02 mode=0100755 ouid=0 ogid=0 rdev=00:00 nametype=NORMAL cap_fp=0 cap_fi=0 cap_fe=0 cap_fver=0 cap_frootid=0OUID="root" OGID="root"
type=PATH msg=audit(1769493007.216:2083): item=1 name="/lib64/ld-linux-x86-64.so.2" inode=1575340 dev=08:02 mode=0100755 ouid=0 ogid=0 rdev=00:00 nametype=NORMAL cap_fp=0 cap_fi=0 cap_fe=0 cap_fver=0 cap_frootid=0OUID="root" OGID="root"
type=PROCTITLE msg=audit(1769493007.216:2083): proctitle=726D002D660066696C655F31302E6461740066696C655F31312E6461740066696C655F31322E6461740066696C655F31332E6461740066696C655F31342E6461740066696C655F31352E6461740066696C655F31362E6461740066696C655F31372E6461740066696C655F31382E6461740066696C655F31392E646174006669
type=SYSCALL msg=audit(1769493007.234:2084): arch=c000003e syscall=59 success=yes exit=0 a0=5da302dca270 a1=5da302dcdf80 a2=5da302dc08f0 a3=5da302dcdf80 items=2 ppid=3886 pid=4017 auid=1000 uid=1000 gid=1000 euid=0 suid=0 fsuid=0 egid=1000 sgid=1000 fsgid=1000 tty=pts0 ses=3 comm="sudo" exe="/usr/bin/sudo" subj=unconfined key="process_exec"ARCH=x86_64 SYSCALL=execve AUID="heroic" UID="heroic" GID="heroic" EUID="root" SUID="root" FSUID="root" EGID="heroic" SGID="heroic" FSGID="heroic"
type=EXECVE msg=audit(1769493007.234:2084): argc=4 a0="sudo" a1="rm" a2="-f" a3="/etc/cron.d/hids_persist"
type=CWD msg=audit(1769493007.234:2084): cwd="/tmp/hids_malicious"
type=PATH msg=audit(1769493007.234:2084): item=0 name="/usr/bin/sudo" inode=1574274 dev=08:02 mode=0104755 ouid=0 ogid=0 rdev=00:00 nametype=NORMAL cap_fp=0 cap_fi=0 cap_fe=0 cap_fver=0 cap_frootid=0OUID="root" OGID="root"
type=PATH msg=audit(1769493007.234:2084): item=1 name="/lib64/ld-linux-x86-64.so.2" inode=1575340 dev=08:02 mode=0100755 ouid=0 ogid=0 rdev=00:00 nametype=NORMAL cap_fp=0 cap_fi=0 cap_fe=0 cap_fver=0 cap_frootid=0OUID="root" OGID="root"
type=PROCTITLE msg=audit(1769493007.234:2084): proctitle=7375646F00726D002D66002F6574632F63726F6E2E642F686964735F70657273697374
type=USER_ACCT msg=audit(1769493007.256:2085): pid=4017 uid=1000 auid=1000 ses=3 subj=unconfined msg='op=PAM:accounting grantors=pam_permit,pam_localuser acct="heroic" exe="/usr/bin/sudo" hostname=? addr=? terminal=/dev/pts/0 res=success'UID="heroic" AUID="heroic"
type=USER_CMD msg=audit(1769493007.256:2086): pid=4017 uid=1000 auid=1000 ses=3 subj=unconfined msg='cwd="/tmp/hids_malicious" cmd=726D202D66202F6574632F63726F6E2E642F686964735F70657273697374 exe="/usr/bin/sudo" terminal=pts/0 res=success'UID="heroic" AUID="heroic"
type=CRED_REFR msg=audit(1769493007.259:2087): pid=4017 uid=1000 auid=1000 ses=3 subj=unconfined msg='op=PAM:setcred grantors=pam_permit,pam_cap acct="root" exe="/usr/bin/sudo" hostname=? addr=? terminal=/dev/pts/0 res=success'UID="heroic" AUID="heroic"
type=USER_START msg=audit(1769493007.259:2088): pid=4017 uid=1000 auid=1000 ses=3 subj=unconfined msg='op=PAM:session_open grantors=pam_limits,pam_env,pam_env,pam_permit,pam_umask,pam_unix acct="root" exe="/usr/bin/sudo" hostname=? addr=? terminal=/dev/pts/0 res=success'UID="heroic" AUID="heroic"
type=SYSCALL msg=audit(1769493007.259:2089): arch=c000003e syscall=59 success=yes exit=0 a0=560b6b722b68 a1=560b6b732ba0 a2=560b6b7457a0 a3=64 items=2 ppid=4018 pid=4019 auid=1000 uid=0 gid=0 euid=0 suid=0 fsuid=0 egid=0 sgid=0 fsgid=0 tty=pts4 ses=3 comm="rm" exe="/usr/bin/rm" subj=unconfined key="process_exec"ARCH=x86_64 SYSCALL=execve AUID="heroic" UID="root" GID="root" EUID="root" SUID="root" FSUID="root" EGID="root" SGID="root" FSGID="root"
type=EXECVE msg=audit(1769493007.259:2089): argc=3 a0="rm" a1="-f" a2="/etc/cron.d/hids_persist"
type=CWD msg=audit(1769493007.259:2089): cwd="/tmp/hids_malicious"
type=PATH msg=audit(1769493007.259:2089): item=0 name="/usr/bin/rm" inode=1578127 dev=08:02 mode=0100755 ouid=0 ogid=0 rdev=00:00 nametype=NORMAL cap_fp=0 cap_fi=0 cap_fe=0 cap_fver=0 cap_frootid=0OUID="root" OGID="root"
type=PATH msg=audit(1769493007.259:2089): item=1 name="/lib64/ld-linux-x86-64.so.2" inode=1575340 dev=08:02 mode=0100755 ouid=0 ogid=0 rdev=00:00 nametype=NORMAL cap_fp=0 cap_fi=0 cap_fe=0 cap_fver=0 cap_frootid=0OUID="root" OGID="root"
type=PROCTITLE msg=audit(1769493007.259:2089): proctitle=726D002D66002F6574632F63726F6E2E642F686964735F70657273697374
type=SYSCALL msg=audit(1769493007.264:2090): arch=c000003e syscall=263 success=yes exit=0 a0=ffffff9c a1=6098108304a0 a2=0 a3=609810831900 items=2 ppid=4018 pid=4019 auid=1000 uid=0 gid=0 euid=0 suid=0 fsuid=0 egid=0 sgid=0 fsgid=0 tty=pts4 ses=3 comm="rm" exe="/usr/bin/rm" subj=unconfined key="persistence"ARCH=x86_64 SYSCALL=unlinkat AUID="heroic" UID="root" GID="root" EUID="root" SUID="root" FSUID="root" EGID="root" SGID="root" FSGID="root"
type=CWD msg=audit(1769493007.264:2090): cwd="/tmp/hids_malicious"
type=PATH msg=audit(1769493007.264:2090): item=0 name="/etc/cron.d/" inode=1703968 dev=08:02 mode=040755 ouid=0 ogid=0 rdev=00:00 nametype=PARENT cap_fp=0 cap_fi=0 cap_fe=0 cap_fver=0 cap_frootid=0OUID="root" OGID="root"
type=PATH msg=audit(1769493007.264:2090): item=1 name="/etc/cron.d/hids_persist" inode=1704205 dev=08:02 mode=0100644 ouid=0 ogid=0 rdev=00:00 nametype=DELETE cap_fp=0 cap_fi=0 cap_fe=0 cap_fver=0 cap_frootid=0OUID="root" OGID="root"
type=PROCTITLE msg=audit(1769493007.264:2090): proctitle=726D002D66002F6574632F63726F6E2E642F686964735F70657273697374
type=USER_END msg=audit(1769493007.265:2091): pid=4017 uid=1000 auid=1000 ses=3 subj=unconfined msg='op=PAM:session_close grantors=pam_limits,pam_env,pam_env,pam_permit,pam_umask,pam_unix acct="root" exe="/usr/bin/sudo" hostname=? addr=? terminal=/dev/pts/0 res=success'UID="heroic" AUID="heroic"
type=CRED_DISP msg=audit(1769493007.265:2092): pid=4017 uid=1000 auid=1000 ses=3 subj=unconfined msg='op=PAM:setcred grantors=pam_permit acct="root" exe="/usr/bin/sudo" hostname=? addr=? terminal=/dev/pts/0 res=success'UID="heroic" AUID="heroic"
type=SYSCALL msg=audit(1769493007.267:2093): arch=c000003e syscall=59 success=yes exit=0 a0=5da302dcc190 a1=5da302dc9be0 a2=5da302dc08f0 a3=5da302dc9be0 items=2 ppid=3886 pid=4020 auid=1000 uid=1000 gid=1000 euid=1000 suid=1000 fsuid=1000 egid=1000 sgid=1000 fsgid=1000 tty=pts0 ses=3 comm="rmdir" exe="/usr/bin/rmdir" subj=unconfined key="process_exec"ARCH=x86_64 SYSCALL=execve AUID="heroic" UID="heroic" GID="heroic" EUID="heroic" SUID="heroic" FSUID="heroic" EGID="heroic" SGID="heroic" FSGID="heroic"
type=EXECVE msg=audit(1769493007.267:2093): argc=2 a0="rmdir" a1="/tmp/hids_malicious"
type=CWD msg=audit(1769493007.267:2093): cwd="/tmp/hids_malicious"
type=PATH msg=audit(1769493007.267:2093): item=0 name="/usr/bin/rmdir" inode=1578128 dev=08:02 mode=0100755 ouid=0 ogid=0 rdev=00:00 nametype=NORMAL cap_fp=0 cap_fi=0 cap_fe=0 cap_fver=0 cap_frootid=0OUID="root" OGID="root"
type=PATH msg=audit(1769493007.267:2093): item=1 name="/lib64/ld-linux-x86-64.so.2" inode=1575340 dev=08:02 mode=0100755 ouid=0 ogid=0 rdev=00:00 nametype=NORMAL cap_fp=0 cap_fi=0 cap_fe=0 cap_fver=0 cap_frootid=0OUID="root" OGID="root"
type=PROCTITLE msg=audit(1769493007.267:2093): proctitle=726D646972002F746D702F686964735F6D616C6963696F7573
type=SYSCALL msg=audit(1769493007.269:2094): arch=c000003e syscall=59 success=yes exit=0 a0=5da302dca270 a1=5da302dcd0f0 a2=5da302dc08f0 a3=5da302dcd0f0 items=2 ppid=3886 pid=4021 auid=1000 uid=1000 gid=1000 euid=1000 suid=1000 fsuid=1000 egid=1000 sgid=1000 fsgid=1000 tty=pts0 ses=3 comm="sleep" exe="/usr/bin/sleep" subj=unconfined key="process_exec"ARCH=x86_64 SYSCALL=execve AUID="heroic" UID="heroic" GID="heroic" EUID="heroic" SUID="heroic" FSUID="heroic" EGID="heroic" SGID="heroic" FSGID="heroic"
type=EXECVE msg=audit(1769493007.269:2094): argc=2 a0="sleep" a1="90"
type=CWD msg=audit(1769493007.269:2094): cwd=2F746D702F686964735F6D616C6963696F7573202864656C6574656429
type=PATH msg=audit(1769493007.269:2094): item=0 name="/usr/bin/sleep" inode=1578138 dev=08:02 mode=0100755 ouid=0 ogid=0 rdev=00:00 nametype=NORMAL cap_fp=0 cap_fi=0 cap_fe=0 cap_fver=0 cap_frootid=0OUID="root" OGID="root"
type=PATH msg=audit(1769493007.269:2094): item=1 name="/lib64/ld-linux-x86-64.so.2" inode=1575340 dev=08:02 mode=0100755 ouid=0 ogid=0 rdev=00:00 nametype=NORMAL cap_fp=0 cap_fi=0 cap_fe=0 cap_fver=0 cap_frootid=0OUID="root" OGID="root"
type=PROCTITLE msg=audit(1769493007.269:2094): proctitle=736C656570003930
type=SYSCALL msg=audit(1769493054.942:2095): arch=c000003e syscall=59 success=yes exit=0 a0=7ffd2e5d34c0 a1=7ffd2e5d34e0 a2=7ffd2e5d3fd0 a3=8 items=2 ppid=1 pid=4024 auid=4294967295 uid=0 gid=0 euid=0 suid=0 fsuid=0 egid=0 sgid=0 fsgid=0 tty=(none) ses=4294967295 comm="9" exe="/usr/lib/systemd/systemd-executor" subj=unconfined key="process_exec"ARCH=x86_64 SYSCALL=execve AUID="unset" UID="root" GID="root" EUID="root" SUID="root" FSUID="root" EGID="root" SGID="root" FSGID="root"
type=EXECVE msg=audit(1769493054.942:2095): argc=7 a0="/usr/lib/systemd/systemd-executor" a1="--deserialize" a2="119" a3="--log-level" a4="info" a5="--log-target" a6="journal-or-kmsg"
type=CWD msg=audit(1769493054.942:2095): cwd="/"
type=PATH msg=audit(1769493054.942:2095): item=0 name="/proc/self/fd/9" inode=1596504 dev=08:02 mode=0100755 ouid=0 ogid=0 rdev=00:00 nametype=NORMAL cap_fp=0 cap_fi=0 cap_fe=0 cap_fver=0 cap_frootid=0OUID="root" OGID="root"
type=PATH msg=audit(1769493054.942:2095): item=1 name="/lib64/ld-linux-x86-64.so.2" inode=1575340 dev=08:02 mode=0100755 ouid=0 ogid=0 rdev=00:00 nametype=NORMAL cap_fp=0 cap_fi=0 cap_fe=0 cap_fver=0 cap_frootid=0OUID="root" OGID="root"
type=PROCTITLE msg=audit(1769493054.942:2095): proctitle=2F7573722F6C69622F73797374656D642F73797374656D642D6578656375746F72002D2D646573657269616C697A6500313139002D2D6C6F672D6C6576656C00696E666F002D2D6C6F672D746172676574006A6F75726E616C2D6F722D6B6D7367
type=SYSCALL msg=audit(1769493055.085:2096): arch=c000003e syscall=59 success=yes exit=0 a0=5981d5f7b230 a1=5981d5f787a0 a2=5981d5f73ca0 a3=5981d5f72d40 items=2 ppid=1 pid=4024 auid=4294967295 uid=989 gid=989 euid=989 suid=989 fsuid=989 egid=989 sgid=989 fsgid=989 tty=(none) ses=4294967295 comm="fwupdmgr" exe="/usr/bin/fwupdmgr" subj=unconfined key="process_exec"ARCH=x86_64 SYSCALL=execve AUID="unset" UID="fwupd-refresh" GID="fwupd-refresh" EUID="fwupd-refresh" SUID="fwupd-refresh" FSUID="fwupd-refresh" EGID="fwupd-refresh" SGID="fwupd-refresh" FSGID="fwupd-refresh"
type=EXECVE msg=audit(1769493055.085:2096): argc=2 a0="/usr/bin/fwupdmgr" a1="refresh"
type=CWD msg=audit(1769493055.085:2096): cwd="/"
type=PATH msg=audit(1769493055.085:2096): item=0 name="/usr/bin/fwupdmgr" inode=1581677 dev=08:02 mode=0100755 ouid=0 ogid=0 rdev=00:00 nametype=NORMAL cap_fp=0 cap_fi=0 cap_fe=0 cap_fver=0 cap_frootid=0OUID="root" OGID="root"
type=PATH msg=audit(1769493055.085:2096): item=1 name="/lib64/ld-linux-x86-64.so.2" inode=1575340 dev=08:02 mode=0100755 ouid=0 ogid=0 rdev=00:00 nametype=NORMAL cap_fp=0 cap_fi=0 cap_fe=0 cap_fver=0 cap_frootid=0OUID="root" OGID="root"
type=PROCTITLE msg=audit(1769493055.085:2096): proctitle=2F7573722F6C69622F73797374656D642F73797374656D642D6578656375746F72002D2D646573657269616C697A6500313139002D2D6C6F672D6C6576656C00696E666F002D2D6C6F672D746172676574006A6F75726E616C2D6F722D6B6D7367
type=SYSCALL msg=audit(1769493055.279:2097): arch=c000003e syscall=59 success=yes exit=0 a0=7ffd2e5d34c0 a1=7ffd2e5d34e0 a2=7ffd2e5d3fd0 a3=8 items=2 ppid=1 pid=4030 auid=4294967295 uid=0 gid=0 euid=0 suid=0 fsuid=0 egid=0 sgid=0 fsgid=0 tty=(none) ses=4294967295 comm="9" exe="/usr/lib/systemd/systemd-executor" subj=unconfined key="process_exec"ARCH=x86_64 SYSCALL=execve AUID="unset" UID="root" GID="root" EUID="root" SUID="root" FSUID="root" EGID="root" SGID="root" FSGID="root"
type=EXECVE msg=audit(1769493055.279:2097): argc=7 a0="/usr/lib/systemd/systemd-executor" a1="--deserialize" a2="126" a3="--log-level" a4="info" a5="--log-target" a6="journal-or-kmsg"
type=CWD msg=audit(1769493055.279:2097): cwd="/"
type=PATH msg=audit(1769493055.279:2097): item=0 name="/proc/self/fd/9" inode=1596504 dev=08:02 mode=0100755 ouid=0 ogid=0 rdev=00:00 nametype=NORMAL cap_fp=0 cap_fi=0 cap_fe=0 cap_fver=0 cap_frootid=0OUID="root" OGID="root"
type=PATH msg=audit(1769493055.279:2097): item=1 name="/lib64/ld-linux-x86-64.so.2" inode=1575340 dev=08:02 mode=0100755 ouid=0 ogid=0 rdev=00:00 nametype=NORMAL cap_fp=0 cap_fi=0 cap_fe=0 cap_fver=0 cap_frootid=0OUID="root" OGID="root"
type=PROCTITLE msg=audit(1769493055.279:2097): proctitle=2F7573722F6C69622F73797374656D642F73797374656D642D6578656375746F72002D2D646573657269616C697A6500313236002D2D6C6F672D6C6576656C00696E666F002D2D6C6F672D746172676574006A6F75726E616C2D6F722D6B6D7367
type=SYSCALL msg=audit(1769493055.391:2098): arch=c000003e syscall=59 success=yes exit=0 a0=6547738a2a90 a1=6547738aa900 a2=65477389e4b0 a3=65477389ffc0 items=2 ppid=1 pid=4030 auid=4294967295 uid=0 gid=0 euid=0 suid=0 fsuid=0 egid=0 sgid=0 fsgid=0 tty=(none) ses=4294967295 comm="fwupd" exe="/usr/libexec/fwupd/fwupd" subj=unconfined key="process_exec"ARCH=x86_64 SYSCALL=execve AUID="unset" UID="root" GID="root" EUID="root" SUID="root" FSUID="root" EGID="root" SGID="root" FSGID="root"
type=BPRM_FCAPS msg=audit(1769493055.391:2098): fver=0 fp=0 fi=0 fe=0 old_pp=000001ffffffffff old_pi=0 old_pe=000001ffffffffff old_pa=0 pp=000001fffffeffff pi=0 pe=000001fffffeffff pa=0 frootid=0
type=EXECVE msg=audit(1769493055.391:2098): argc=1 a0="/usr/libexec/fwupd/fwupd"
type=CWD msg=audit(1769493055.391:2098): cwd="/"
type=PATH msg=audit(1769493055.391:2098): item=0 name="/usr/libexec/fwupd/fwupd" inode=1581687 dev=08:02 mode=0100755 ouid=0 ogid=0 rdev=00:00 nametype=NORMAL cap_fp=0 cap_fi=0 cap_fe=0 cap_fver=0 cap_frootid=0OUID="root" OGID="root"
type=PATH msg=audit(1769493055.391:2098): item=1 name="/lib64/ld-linux-x86-64.so.2" inode=1575340 dev=08:02 mode=0100755 ouid=0 ogid=0 rdev=00:00 nametype=NORMAL cap_fp=0 cap_fi=0 cap_fe=0 cap_fver=0 cap_frootid=0OUID="root" OGID="root"
type=PROCTITLE msg=audit(1769493055.391:2098): proctitle=2F7573722F6C69622F73797374656D642F73797374656D642D6578656375746F72002D2D646573657269616C697A6500313236002D2D6C6F672D6C6576656C00696E666F002D2D6C6F672D746172676574006A6F75726E616C2D6F722D6B6D7367
type=SERVICE_START msg=audit(1769493057.347:2099): pid=1 uid=0 auid=4294967295 ses=4294967295 subj=unconfined msg='unit=fwupd comm="systemd" exe="/usr/lib/systemd/systemd" hostname=? addr=? terminal=? res=success'UID="root" AUID="unset"
type=SYSCALL msg=audit(1769493077.618:2100): arch=c000003e syscall=59 success=yes exit=0 a0=5eaf7e230c20 a1=7ffd4a156280 a2=7ffd4a157088 a3=0 items=2 ppid=1 pid=4041 auid=4294967295 uid=0 gid=0 euid=0 suid=0 fsuid=0 egid=0 sgid=0 fsgid=0 tty=(none) ses=4294967295 comm="gpgconf" exe="/usr/bin/gpgconf" subj=unconfined key="process_exec"ARCH=x86_64 SYSCALL=execve AUID="unset" UID="root" GID="root" EUID="root" SUID="root" FSUID="root" EGID="root" SGID="root" FSGID="root"
type=BPRM_FCAPS msg=audit(1769493077.618:2100): fver=0 fp=0 fi=0 fe=0 old_pp=000001fffffeffff old_pi=0 old_pe=000001fffffeffff old_pa=0 pp=000001fffffeffff pi=0 pe=000001fffffeffff pa=0 frootid=0
type=EXECVE msg=audit(1769493077.618:2100): argc=2 a0="/usr/bin/gpgconf" a1="--list-dirs"
type=CWD msg=audit(1769493077.618:2100): cwd="/"
type=PATH msg=audit(1769493077.618:2100): item=0 name="/usr/bin/gpgconf" inode=1575494 dev=08:02 mode=0100755 ouid=0 ogid=0 rdev=00:00 nametype=NORMAL cap_fp=0 cap_fi=0 cap_fe=0 cap_fver=0 cap_frootid=0OUID="root" OGID="root"
type=PATH msg=audit(1769493077.618:2100): item=1 name="/lib64/ld-linux-x86-64.so.2" inode=1575340 dev=08:02 mode=0100755 ouid=0 ogid=0 rdev=00:00 nametype=NORMAL cap_fp=0 cap_fi=0 cap_fe=0 cap_fver=0 cap_frootid=0OUID="root" OGID="root"
type=PROCTITLE msg=audit(1769493077.618:2100): proctitle=2F7573722F62696E2F677067636F6E66002D2D6C6973742D64697273
type=SYSCALL msg=audit(1769493077.644:2101): arch=c000003e syscall=59 success=yes exit=0 a0=5eaf7e230c20 a1=7ffd4a156280 a2=7ffd4a157088 a3=0 items=2 ppid=1 pid=4043 auid=4294967295 uid=0 gid=0 euid=0 suid=0 fsuid=0 egid=0 sgid=0 fsgid=0 tty=(none) ses=4294967295 comm="gpgconf" exe="/usr/bin/gpgconf" subj=unconfined key="process_exec"ARCH=x86_64 SYSCALL=execve AUID="unset" UID="root" GID="root" EUID="root" SUID="root" FSUID="root" EGID="root" SGID="root" FSGID="root"
type=BPRM_FCAPS msg=audit(1769493077.644:2101): fver=0 fp=0 fi=0 fe=0 old_pp=000001fffffeffff old_pi=0 old_pe=000001fffffeffff old_pa=0 pp=000001fffffeffff pi=0 pe=000001fffffeffff pa=0 frootid=0
type=EXECVE msg=audit(1769493077.644:2101): argc=2 a0="/usr/bin/gpgconf" a1="--list-components"
type=CWD msg=audit(1769493077.644:2101): cwd="/"
type=PATH msg=audit(1769493077.644:2101): item=0 name="/usr/bin/gpgconf" inode=1575494 dev=08:02 mode=0100755 ouid=0 ogid=0 rdev=00:00 nametype=NORMAL cap_fp=0 cap_fi=0 cap_fe=0 cap_fver=0 cap_frootid=0OUID="root" OGID="root"
type=PATH msg=audit(1769493077.644:2101): item=1 name="/lib64/ld-linux-x86-64.so.2" inode=1575340 dev=08:02 mode=0100755 ouid=0 ogid=0 rdev=00:00 nametype=NORMAL cap_fp=0 cap_fi=0 cap_fe=0 cap_fver=0 cap_frootid=0OUID="root" OGID="root"
type=PROCTITLE msg=audit(1769493077.644:2101): proctitle=2F7573722F62696E2F677067636F6E66002D2D6C6973742D636F6D706F6E656E7473
type=SYSCALL msg=audit(1769493077.692:2102): arch=c000003e syscall=59 success=yes exit=0 a0=5eaf7e164a00 a1=7ffd4a156670 a2=7ffd4a157088 a3=0 items=2 ppid=1 pid=4045 auid=4294967295 uid=0 gid=0 euid=0 suid=0 fsuid=0 egid=0 sgid=0 fsgid=0 tty=(none) ses=4294967295 comm="gpg" exe="/usr/bin/gpg" subj=unconfined key="process_exec"ARCH=x86_64 SYSCALL=execve AUID="unset" UID="root" GID="root" EUID="root" SUID="root" FSUID="root" EGID="root" SGID="root" FSGID="root"
type=BPRM_FCAPS msg=audit(1769493077.692:2102): fver=0 fp=0 fi=0 fe=0 old_pp=000001fffffeffff old_pi=0 old_pe=000001fffffeffff old_pa=0 pp=000001fffffeffff pi=0 pe=000001fffffeffff pa=0 frootid=0
type=EXECVE msg=audit(1769493077.692:2102): argc=2 a0="/usr/bin/gpg" a1="--version"
type=CWD msg=audit(1769493077.692:2102): cwd="/"
type=PATH msg=audit(1769493077.692:2102): item=0 name="/usr/bin/gpg" inode=1573708 dev=08:02 mode=0100755 ouid=0 ogid=0 rdev=00:00 nametype=NORMAL cap_fp=0 cap_fi=0 cap_fe=0 cap_fver=0 cap_frootid=0OUID="root" OGID="root"
type=PATH msg=audit(1769493077.692:2102): item=1 name="/lib64/ld-linux-x86-64.so.2" inode=1575340 dev=08:02 mode=0100755 ouid=0 ogid=0 rdev=00:00 nametype=NORMAL cap_fp=0 cap_fi=0 cap_fe=0 cap_fver=0 cap_frootid=0OUID="root" OGID="root"
type=PROCTITLE msg=audit(1769493077.692:2102): proctitle=2F7573722F62696E2F677067002D2D76657273696F6E
type=SYSCALL msg=audit(1769493077.827:2103): arch=c000003e syscall=59 success=yes exit=0 a0=5eaf7e15f710 a1=7ffd4a156670 a2=7ffd4a157088 a3=0 items=2 ppid=1 pid=4047 auid=4294967295 uid=0 gid=0 euid=0 suid=0 fsuid=0 egid=0 sgid=0 fsgid=0 tty=(none) ses=4294967295 comm="gpgsm" exe="/usr/bin/gpgsm" subj=unconfined key="process_exec"ARCH=x86_64 SYSCALL=execve AUID="unset" UID="root" GID="root" EUID="root" SUID="root" FSUID="root" EGID="root" SGID="root" FSGID="root"
type=BPRM_FCAPS msg=audit(1769493077.827:2103): fver=0 fp=0 fi=0 fe=0 old_pp=000001fffffeffff old_pi=0 old_pe=000001fffffeffff old_pa=0 pp=000001fffffeffff pi=0 pe=000001fffffeffff pa=0 frootid=0
type=EXECVE msg=audit(1769493077.827:2103): argc=2 a0="/usr/bin/gpgsm" a1="--version"
type=CWD msg=audit(1769493077.827:2103): cwd="/"
type=PATH msg=audit(1769493077.827:2103): item=0 name="/usr/bin/gpgsm" inode=1573556 dev=08:02 mode=0100755 ouid=0 ogid=0 rdev=00:00 nametype=NORMAL cap_fp=0 cap_fi=0 cap_fe=0 cap_fver=0 cap_frootid=0OUID="root" OGID="root"
type=PATH msg=audit(1769493077.827:2103): item=1 name="/lib64/ld-linux-x86-64.so.2" inode=1575340 dev=08:02 mode=0100755 ouid=0 ogid=0 rdev=00:00 nametype=NORMAL cap_fp=0 cap_fi=0 cap_fe=0 cap_fver=0 cap_frootid=0OUID="root" OGID="root"
type=PROCTITLE msg=audit(1769493077.827:2103): proctitle=2F7573722F62696E2F677067736D002D2D76657273696F6E
type=SYSCALL msg=audit(1769493077.901:2104): arch=c000003e syscall=59 success=yes exit=0 a0=5eaf7e230c20 a1=7ffd4a156670 a2=7ffd4a157088 a3=0 items=2 ppid=4048 pid=4049 auid=4294967295 uid=0 gid=0 euid=0 suid=0 fsuid=0 egid=0 sgid=0 fsgid=0 tty=(none) ses=4294967295 comm="gpgconf" exe="/usr/bin/gpgconf" subj=unconfined key="process_exec"ARCH=x86_64 SYSCALL=execve AUID="unset" UID="root" GID="root" EUID="root" SUID="root" FSUID="root" EGID="root" SGID="root" FSGID="root"
type=BPRM_FCAPS msg=audit(1769493077.901:2104): fver=0 fp=0 fi=0 fe=0 old_pp=000001fffffeffff old_pi=0 old_pe=000001fffffeffff old_pa=0 pp=000001fffffeffff pi=0 pe=000001fffffeffff pa=0 frootid=0
type=EXECVE msg=audit(1769493077.901:2104): argc=2 a0="/usr/bin/gpgconf" a1="--version"
type=CWD msg=audit(1769493077.901:2104): cwd="/"
type=PATH msg=audit(1769493077.901:2104): item=0 name="/usr/bin/gpgconf" inode=1575494 dev=08:02 mode=0100755 ouid=0 ogid=0 rdev=00:00 nametype=NORMAL cap_fp=0 cap_fi=0 cap_fe=0 cap_fver=0 cap_frootid=0OUID="root" OGID="root"
type=PATH msg=audit(1769493077.901:2104): item=1 name="/lib64/ld-linux-x86-64.so.2" inode=1575340 dev=08:02 mode=0100755 ouid=0 ogid=0 rdev=00:00 nametype=NORMAL cap_fp=0 cap_fi=0 cap_fe=0 cap_fver=0 cap_frootid=0OUID="root" OGID="root"
type=PROCTITLE msg=audit(1769493077.901:2104): proctitle=2F7573722F62696E2F677067636F6E66002D2D76657273696F6E
type=SYSCALL msg=audit(1769493077.942:2105): arch=c000003e syscall=59 success=yes exit=0 a0=5eaf7e1b53d0 a1=7ffd4a1566f0 a2=7ffd4a157088 a3=0 items=2 ppid=4050 pid=4051 auid=4294967295 uid=0 gid=0 euid=0 suid=0 fsuid=0 egid=0 sgid=0 fsgid=0 tty=(none) ses=4294967295 comm="gpg" exe="/usr/bin/gpg" subj=unconfined key="process_exec"ARCH=x86_64 SYSCALL=execve AUID="unset" UID="root" GID="root" EUID="root" SUID="root" FSUID="root" EGID="root" SGID="root" FSGID="root"
type=BPRM_FCAPS msg=audit(1769493077.942:2105): fver=0 fp=0 fi=0 fe=0 old_pp=000001fffffeffff old_pi=0 old_pe=000001fffffeffff old_pa=0 pp=000001fffffeffff pi=0 pe=000001fffffeffff pa=0 frootid=0
type=EXECVE msg=audit(1769493077.942:2105): argc=2 a0="/usr/bin/gpg" a1="--version"
type=CWD msg=audit(1769493077.942:2105): cwd="/"
type=PATH msg=audit(1769493077.942:2105): item=0 name="/usr/bin/gpg" inode=1573708 dev=08:02 mode=0100755 ouid=0 ogid=0 rdev=00:00 nametype=NORMAL cap_fp=0 cap_fi=0 cap_fe=0 cap_fver=0 cap_frootid=0OUID="root" OGID="root"
type=PATH msg=audit(1769493077.942:2105): item=1 name="/lib64/ld-linux-x86-64.so.2" inode=1575340 dev=08:02 mode=0100755 ouid=0 ogid=0 rdev=00:00 nametype=NORMAL cap_fp=0 cap_fi=0 cap_fe=0 cap_fver=0 cap_frootid=0OUID="root" OGID="root"
type=PROCTITLE msg=audit(1769493077.942:2105): proctitle=2F7573722F62696E2F677067002D2D76657273696F6E
type=SYSCALL msg=audit(1769493077.985:2106): arch=c000003e syscall=59 success=yes exit=0 a0=5eaf7e219cf0 a1=5eaf7e185f80 a2=7ffd4a157088 a3=0 items=2 ppid=4052 pid=4053 auid=4294967295 uid=0 gid=0 euid=0 suid=0 fsuid=0 egid=0 sgid=0 fsgid=0 tty=(none) ses=4294967295 comm="gpg" exe="/usr/bin/gpg" subj=unconfined key="process_exec"ARCH=x86_64 SYSCALL=execve AUID="unset" UID="root" GID="root" EUID="root" SUID="root" FSUID="root" EGID="root" SGID="root" FSGID="root"
type=BPRM_FCAPS msg=audit(1769493077.985:2106): fver=0 fp=0 fi=0 fe=0 old_pp=000001fffffeffff old_pi=0 old_pe=000001fffffeffff old_pa=0 pp=000001fffffeffff pi=0 pe=000001fffffeffff pa=0 frootid=0
type=EXECVE msg=audit(1769493077.985:2106): argc=18 a0="gpg" a1="--enable-special-filenames" a2="--batch" a3="--no-sk-comments" a4="--homedir" a5="/var/lib/fwupd/gnupg" a6="--status-fd" a7="19" a8="--no-tty" a9="--charset" a10="utf8" a11="--enable-progress-filter" a12="--exit-on-status-write-error" a13="--logger-fd" a14="21" a15="--import" a16="--" a17="-&22"
type=CWD msg=audit(1769493077.985:2106): cwd="/"
type=PATH msg=audit(1769493077.985:2106): item=0 name="/usr/bin/gpg" inode=1573708 dev=08:02 mode=0100755 ouid=0 ogid=0 rdev=00:00 nametype=NORMAL cap_fp=0 cap_fi=0 cap_fe=0 cap_fver=0 cap_frootid=0OUID="root" OGID="root"
type=PATH msg=audit(1769493077.985:2106): item=1 name="/lib64/ld-linux-x86-64.so.2" inode=1575340 dev=08:02 mode=0100755 ouid=0 ogid=0 rdev=00:00 nametype=NORMAL cap_fp=0 cap_fi=0 cap_fe=0 cap_fver=0 cap_frootid=0OUID="root" OGID="root"
type=PROCTITLE msg=audit(1769493077.985:2106): proctitle=677067002D2D656E61626C652D7370656369616C2D66696C656E616D6573002D2D6261746368002D2D6E6F2D736B2D636F6D6D656E7473002D2D686F6D65646972002F7661722F6C69622F66777570642F676E757067002D2D7374617475732D6664003139002D2D6E6F2D747479002D2D636861727365740075746638002D2D
type=SYSCALL msg=audit(1769493078.008:2107): arch=c000003e syscall=59 success=yes exit=0 a0=5eaf7e0b9210 a1=5eaf7e186210 a2=7ffd4a157088 a3=0 items=2 ppid=1 pid=4055 auid=4294967295 uid=0 gid=0 euid=0 suid=0 fsuid=0 egid=0 sgid=0 fsgid=0 tty=(none) ses=4294967295 comm="gpg" exe="/usr/bin/gpg" subj=unconfined key="process_exec"ARCH=x86_64 SYSCALL=execve AUID="unset" UID="root" GID="root" EUID="root" SUID="root" FSUID="root" EGID="root" SGID="root" FSGID="root"
type=BPRM_FCAPS msg=audit(1769493078.008:2107): fver=0 fp=0 fi=0 fe=0 old_pp=000001fffffeffff old_pi=0 old_pe=000001fffffeffff old_pa=0 pp=000001fffffeffff pi=0 pe=000001fffffeffff pa=0 frootid=0
type=EXECVE msg=audit(1769493078.008:2107): argc=18 a0="gpg" a1="--enable-special-filenames" a2="--batch" a3="--no-sk-comments" a4="--homedir" a5="/var/lib/fwupd/gnupg" a6="--status-fd" a7="19" a8="--no-tty" a9="--charset" a10="utf8" a11="--enable-progress-filter" a12="--exit-on-status-write-error" a13="--logger-fd" a14="21" a15="--import" a16="--" a17="-&22"
type=CWD msg=audit(1769493078.008:2107): cwd="/"
type=PATH msg=audit(1769493078.008:2107): item=0 name="/usr/bin/gpg" inode=1573708 dev=08:02 mode=0100755 ouid=0 ogid=0 rdev=00:00 nametype=NORMAL cap_fp=0 cap_fi=0 cap_fe=0 cap_fver=0 cap_frootid=0OUID="root" OGID="root"
type=PATH msg=audit(1769493078.008:2107): item=1 name="/lib64/ld-linux-x86-64.so.2" inode=1575340 dev=08:02 mode=0100755 ouid=0 ogid=0 rdev=00:00 nametype=NORMAL cap_fp=0 cap_fi=0 cap_fe=0 cap_fver=0 cap_frootid=0OUID="root" OGID="root"
type=PROCTITLE msg=audit(1769493078.008:2107): proctitle=677067002D2D656E61626C652D7370656369616C2D66696C656E616D6573002D2D6261746368002D2D6E6F2D736B2D636F6D6D656E7473002D2D686F6D65646972002F7661722F6C69622F66777570642F676E757067002D2D7374617475732D6664003139002D2D6E6F2D747479002D2D636861727365740075746638002D2D
type=SYSCALL msg=audit(1769493078.039:2108): arch=c000003e syscall=59 success=yes exit=0 a0=5eaf7e216c50 a1=5eaf7e18a150 a2=7ffd4a157088 a3=0 items=2 ppid=1 pid=4057 auid=4294967295 uid=0 gid=0 euid=0 suid=0 fsuid=0 egid=0 sgid=0 fsgid=0 tty=(none) ses=4294967295 comm="gpg" exe="/usr/bin/gpg" subj=unconfined key="process_exec"ARCH=x86_64 SYSCALL=execve AUID="unset" UID="root" GID="root" EUID="root" SUID="root" FSUID="root" EGID="root" SGID="root" FSGID="root"
type=BPRM_FCAPS msg=audit(1769493078.039:2108): fver=0 fp=0 fi=0 fe=0 old_pp=000001fffffeffff old_pi=0 old_pe=000001fffffeffff old_pa=0 pp=000001fffffeffff pi=0 pe=000001fffffeffff pa=0 frootid=0
type=EXECVE msg=audit(1769493078.039:2108): argc=18 a0="gpg" a1="--enable-special-filenames" a2="--batch" a3="--no-sk-comments" a4="--homedir" a5="/var/lib/fwupd/gnupg" a6="--status-fd" a7="19" a8="--no-tty" a9="--charset" a10="utf8" a11="--enable-progress-filter" a12="--exit-on-status-write-error" a13="--logger-fd" a14="21" a15="--import" a16="--" a17="-&22"
type=CWD msg=audit(1769493078.039:2108): cwd="/"
type=PATH msg=audit(1769493078.039:2108): item=0 name="/usr/bin/gpg" inode=1573708 dev=08:02 mode=0100755 ouid=0 ogid=0 rdev=00:00 nametype=NORMAL cap_fp=0 cap_fi=0 cap_fe=0 cap_fver=0 cap_frootid=0OUID="root" OGID="root"
type=PATH msg=audit(1769493078.039:2108): item=1 name="/lib64/ld-linux-x86-64.so.2" inode=1575340 dev=08:02 mode=0100755 ouid=0 ogid=0 rdev=00:00 nametype=NORMAL cap_fp=0 cap_fi=0 cap_fe=0 cap_fver=0 cap_frootid=0OUID="root" OGID="root"
type=PROCTITLE msg=audit(1769493078.039:2108): proctitle=677067002D2D656E61626C652D7370656369616C2D66696C656E616D6573002D2D6261746368002D2D6E6F2D736B2D636F6D6D656E7473002D2D686F6D65646972002F7661722F6C69622F66777570642F676E757067002D2D7374617475732D6664003139002D2D6E6F2D747479002D2D636861727365740075746638002D2D
type=SYSCALL msg=audit(1769493078.170:2109): arch=c000003e syscall=59 success=yes exit=0 a0=5eaf7e21a040 a1=5eaf7e185a30 a2=7ffd4a157088 a3=0 items=2 ppid=1 pid=4059 auid=4294967295 uid=0 gid=0 euid=0 suid=0 fsuid=0 egid=0 sgid=0 fsgid=0 tty=(none) ses=4294967295 comm="gpg" exe="/usr/bin/gpg" subj=unconfined key="process_exec"ARCH=x86_64 SYSCALL=execve AUID="unset" UID="root" GID="root" EUID="root" SUID="root" FSUID="root" EGID="root" SGID="root" FSGID="root"
type=BPRM_FCAPS msg=audit(1769493078.170:2109): fver=0 fp=0 fi=0 fe=0 old_pp=000001fffffeffff old_pi=0 old_pe=000001fffffeffff old_pa=0 pp=000001fffffeffff pi=0 pe=000001fffffeffff pa=0 frootid=0
type=EXECVE msg=audit(1769493078.170:2109): argc=18 a0="gpg" a1="--enable-special-filenames" a2="--batch" a3="--no-sk-comments" a4="--homedir" a5="/var/lib/fwupd/gnupg" a6="--status-fd" a7="19" a8="--no-tty" a9="--charset" a10="utf8" a11="--enable-progress-filter" a12="--exit-on-status-write-error" a13="--logger-fd" a14="21" a15="--import" a16="--" a17="-&22"
type=CWD msg=audit(1769493078.170:2109): cwd="/"
type=PATH msg=audit(1769493078.170:2109): item=0 name="/usr/bin/gpg" inode=1573708 dev=08:02 mode=0100755 ouid=0 ogid=0 rdev=00:00 nametype=NORMAL cap_fp=0 cap_fi=0 cap_fe=0 cap_fver=0 cap_frootid=0OUID="root" OGID="root"
type=PATH msg=audit(1769493078.170:2109): item=1 name="/lib64/ld-linux-x86-64.so.2" inode=1575340 dev=08:02 mode=0100755 ouid=0 ogid=0 rdev=00:00 nametype=NORMAL cap_fp=0 cap_fi=0 cap_fe=0 cap_fver=0 cap_frootid=0OUID="root" OGID="root"
type=PROCTITLE msg=audit(1769493078.170:2109): proctitle=677067002D2D656E61626C652D7370656369616C2D66696C656E616D6573002D2D6261746368002D2D6E6F2D736B2D636F6D6D656E7473002D2D686F6D65646972002F7661722F6C69622F66777570642F676E757067002D2D7374617475732D6664003139002D2D6E6F2D747479002D2D636861727365740075746638002D2D
type=SYSCALL msg=audit(1769493078.181:2110): arch=c000003e syscall=59 success=yes exit=0 a0=5eaf7e2494f0 a1=5eaf7e2b9140 a2=7ffd4a157088 a3=0 items=2 ppid=1 pid=4061 auid=4294967295 uid=0 gid=0 euid=0 suid=0 fsuid=0 egid=0 sgid=0 fsgid=0 tty=(none) ses=4294967295 comm="gpg" exe="/usr/bin/gpg" subj=unconfined key="process_exec"ARCH=x86_64 SYSCALL=execve AUID="unset" UID="root" GID="root" EUID="root" SUID="root" FSUID="root" EGID="root" SGID="root" FSGID="root"
type=BPRM_FCAPS msg=audit(1769493078.181:2110): fver=0 fp=0 fi=0 fe=0 old_pp=000001fffffeffff old_pi=0 old_pe=000001fffffeffff old_pa=0 pp=000001fffffeffff pi=0 pe=000001fffffeffff pa=0 frootid=0
type=EXECVE msg=audit(1769493078.181:2110): argc=19 a0="gpg" a1="--enable-special-filenames" a2="--batch" a3="--no-sk-comments" a4="--homedir" a5="/var/lib/fwupd/gnupg" a6="--status-fd" a7="19" a8="--no-tty" a9="--charset" a10="utf8" a11="--enable-progress-filter" a12="--exit-on-status-write-error" a13="--logger-fd" a14="21" a15="--verify" a16="--" a17="-&22" a18="-&24"
type=CWD msg=audit(1769493078.181:2110): cwd="/"
type=PATH msg=audit(1769493078.181:2110): item=0 name="/usr/bin/gpg" inode=1573708 dev=08:02 mode=0100755 ouid=0 ogid=0 rdev=00:00 nametype=NORMAL cap_fp=0 cap_fi=0 cap_fe=0 cap_fver=0 cap_frootid=0OUID="root" OGID="root"
type=PATH msg=audit(1769493078.181:2110): item=1 name="/lib64/ld-linux-x86-64.so.2" inode=1575340 dev=08:02 mode=0100755 ouid=0 ogid=0 rdev=00:00 nametype=NORMAL cap_fp=0 cap_fi=0 cap_fe=0 cap_fver=0 cap_frootid=0OUID="root" OGID="root"
type=PROCTITLE msg=audit(1769493078.181:2110): proctitle=677067002D2D656E61626C652D7370656369616C2D66696C656E616D6573002D2D6261746368002D2D6E6F2D736B2D636F6D6D656E7473002D2D686F6D65646972002F7661722F6C69622F66777570642F676E757067002D2D7374617475732D6664003139002D2D6E6F2D747479002D2D636861727365740075746638002D2D
type=SYSCALL msg=audit(1769493078.245:2111): arch=c000003e syscall=59 success=yes exit=0 a0=5eaf7e2494f0 a1=5eaf7e1de250 a2=7ffd4a157088 a3=0 items=2 ppid=4062 pid=4063 auid=4294967295 uid=0 gid=0 euid=0 suid=0 fsuid=0 egid=0 sgid=0 fsgid=0 tty=(none) ses=4294967295 comm="gpg" exe="/usr/bin/gpg" subj=unconfined key="process_exec"ARCH=x86_64 SYSCALL=execve AUID="unset" UID="root" GID="root" EUID="root" SUID="root" FSUID="root" EGID="root" SGID="root" FSGID="root"
type=BPRM_FCAPS msg=audit(1769493078.245:2111): fver=0 fp=0 fi=0 fe=0 old_pp=000001fffffeffff old_pi=0 old_pe=000001fffffeffff old_pa=0 pp=000001fffffeffff pi=0 pe=000001fffffeffff pa=0 frootid=0
type=EXECVE msg=audit(1769493078.245:2111): argc=19 a0="gpg" a1="--enable-special-filenames" a2="--batch" a3="--no-sk-comments" a4="--homedir" a5="/var/lib/fwupd/gnupg" a6="--status-fd" a7="19" a8="--no-tty" a9="--charset" a10="utf8" a11="--enable-progress-filter" a12="--exit-on-status-write-error" a13="--logger-fd" a14="21" a15="--verify" a16="--" a17="-&22" a18="-&24"
type=CWD msg=audit(1769493078.245:2111): cwd="/"
type=PATH msg=audit(1769493078.245:2111): item=0 name="/usr/bin/gpg" inode=1573708 dev=08:02 mode=0100755 ouid=0 ogid=0 rdev=00:00 nametype=NORMAL cap_fp=0 cap_fi=0 cap_fe=0 cap_fver=0 cap_frootid=0OUID="root" OGID="root"
type=PATH msg=audit(1769493078.245:2111): item=1 name="/lib64/ld-linux-x86-64.so.2" inode=1575340 dev=08:02 mode=0100755 ouid=0 ogid=0 rdev=00:00 nametype=NORMAL cap_fp=0 cap_fi=0 cap_fe=0 cap_fver=0 cap_frootid=0OUID="root" OGID="root"
type=PROCTITLE msg=audit(1769493078.245:2111): proctitle=677067002D2D656E61626C652D7370656369616C2D66696C656E616D6573002D2D6261746368002D2D6E6F2D736B2D636F6D6D656E7473002D2D686F6D65646972002F7661722F6C69622F66777570642F676E757067002D2D7374617475732D6664003139002D2D6E6F2D747479002D2D636861727365740075746638002D2D
type=SERVICE_START msg=audit(1769493080.036:2112): pid=1 uid=0 auid=4294967295 ses=4294967295 subj=unconfined msg='unit=fwupd-refresh comm="systemd" exe="/usr/lib/systemd/systemd" hostname=? addr=? terminal=? res=success'UID="root" AUID="unset"
type=SERVICE_STOP msg=audit(1769493080.037:2113): pid=1 uid=0 auid=4294967295 ses=4294967295 subj=unconfined msg='unit=fwupd-refresh comm="systemd" exe="/usr/lib/systemd/systemd" hostname=? addr=? terminal=? res=success'UID="root" AUID="unset"
type=SYSCALL msg=audit(1769493094.972:2114): arch=c000003e syscall=59 success=yes exit=0 a0=7ffd2e5d34c0 a1=7ffd2e5d34e0 a2=7ffd2e5d3fd0 a3=8 items=2 ppid=1 pid=4067 auid=4294967295 uid=0 gid=0 euid=0 suid=0 fsuid=0 egid=0 sgid=0 fsgid=0 tty=(none) ses=4294967295 comm="9" exe="/usr/lib/systemd/systemd-executor" subj=unconfined key="process_exec"ARCH=x86_64 SYSCALL=execve AUID="unset" UID="root" GID="root" EUID="root" SUID="root" FSUID="root" EGID="root" SGID="root" FSGID="root"
type=EXECVE msg=audit(1769493094.972:2114): argc=7 a0="/usr/lib/systemd/systemd-executor" a1="--deserialize" a2="119" a3="--log-level" a4="info" a5="--log-target" a6="journal-or-kmsg"
type=CWD msg=audit(1769493094.972:2114): cwd="/"
type=PATH msg=audit(1769493094.972:2114): item=0 name="/proc/self/fd/9" inode=1596504 dev=08:02 mode=0100755 ouid=0 ogid=0 rdev=00:00 nametype=NORMAL cap_fp=0 cap_fi=0 cap_fe=0 cap_fver=0 cap_frootid=0OUID="root" OGID="root"
type=PATH msg=audit(1769493094.972:2114): item=1 name="/lib64/ld-linux-x86-64.so.2" inode=1575340 dev=08:02 mode=0100755 ouid=0 ogid=0 rdev=00:00 nametype=NORMAL cap_fp=0 cap_fi=0 cap_fe=0 cap_fver=0 cap_frootid=0OUID="root" OGID="root"
type=PROCTITLE msg=audit(1769493094.972:2114): proctitle=2F7573722F6C69622F73797374656D642F73797374656D642D6578656375746F72002D2D646573657269616C697A6500313139002D2D6C6F672D6C6576656C00696E666F002D2D6C6F672D746172676574006A6F75726E616C2D6F722D6B6D7367
type=SYSCALL msg=audit(1769493095.020:2115): arch=c000003e syscall=59 success=yes exit=0 a0=57bd3c3e0120 a1=57bd3c3e01a0 a2=57bd3c3dfe20 a3=57bd3c3e0b40 items=2 ppid=1 pid=4067 auid=4294967295 uid=0 gid=0 euid=0 suid=0 fsuid=0 egid=0 sgid=0 fsgid=0 tty=(none) ses=4294967295 comm="systemd-tmpfile" exe="/usr/bin/systemd-tmpfiles" subj=unconfined key="process_exec"ARCH=x86_64 SYSCALL=execve AUID="unset" UID="root" GID="root" EUID="root" SUID="root" FSUID="root" EGID="root" SGID="root" FSGID="root"
type=EXECVE msg=audit(1769493095.020:2115): argc=2 a0="systemd-tmpfiles" a1="--clean"
type=CWD msg=audit(1769493095.020:2115): cwd="/"
type=PATH msg=audit(1769493095.020:2115): item=0 name="/usr/bin/systemd-tmpfiles" inode=1588201 dev=08:02 mode=0100755 ouid=0 ogid=0 rdev=00:00 nametype=NORMAL cap_fp=0 cap_fi=0 cap_fe=0 cap_fver=0 cap_frootid=0OUID="root" OGID="root"
type=PATH msg=audit(1769493095.020:2115): item=1 name="/lib64/ld-linux-x86-64.so.2" inode=1575340 dev=08:02 mode=0100755 ouid=0 ogid=0 rdev=00:00 nametype=NORMAL cap_fp=0 cap_fi=0 cap_fe=0 cap_fver=0 cap_frootid=0OUID="root" OGID="root"
type=PROCTITLE msg=audit(1769493095.020:2115): proctitle=2F7573722F6C69622F73797374656D642F73797374656D642D6578656375746F72002D2D646573657269616C697A6500313139002D2D6C6F672D6C6576656C00696E666F002D2D6C6F672D746172676574006A6F75726E616C2D6F722D6B6D7367
type=SERVICE_START msg=audit(1769493095.187:2116): pid=1 uid=0 auid=4294967295 ses=4294967295 subj=unconfined msg='unit=systemd-tmpfiles-clean comm="systemd" exe="/usr/lib/systemd/systemd" hostname=? addr=? terminal=? res=success'UID="root" AUID="unset"
type=SERVICE_STOP msg=audit(1769493095.187:2117): pid=1 uid=0 auid=4294967295 ses=4294967295 subj=unconfined msg='unit=systemd-tmpfiles-clean comm="systemd" exe="/usr/lib/systemd/systemd" hostname=? addr=? terminal=? res=success'UID="root" AUID="unset"
type=SYSCALL msg=audit(1769493097.282:2118): arch=c000003e syscall=59 success=yes exit=0 a0=5da302dc7420 a1=5da302dce610 a2=5da302dc08f0 a3=5da302dcc8b0 items=2 ppid=3886 pid=4073 auid=1000 uid=1000 gid=1000 euid=1000 suid=1000 fsuid=1000 egid=1000 sgid=1000 fsgid=1000 tty=pts0 ses=3 comm="mkdir" exe="/usr/bin/mkdir" subj=unconfined key="process_exec"ARCH=x86_64 SYSCALL=execve AUID="heroic" UID="heroic" GID="heroic" EUID="heroic" SUID="heroic" FSUID="heroic" EGID="heroic" SGID="heroic" FSGID="heroic"
type=EXECVE msg=audit(1769493097.282:2118): argc=3 a0="mkdir" a1="-p" a2="/tmp/hids_malicious"
type=CWD msg=audit(1769493097.282:2118): cwd=2F746D702F686964735F6D616C6963696F7573202864656C6574656429
type=PATH msg=audit(1769493097.282:2118): item=0 name="/usr/bin/mkdir" inode=1578106 dev=08:02 mode=0100755 ouid=0 ogid=0 rdev=00:00 nametype=NORMAL cap_fp=0 cap_fi=0 cap_fe=0 cap_fver=0 cap_frootid=0OUID="root" OGID="root"
type=PATH msg=audit(1769493097.282:2118): item=1 name="/lib64/ld-linux-x86-64.so.2" inode=1575340 dev=08:02 mode=0100755 ouid=0 ogid=0 rdev=00:00 nametype=NORMAL cap_fp=0 cap_fi=0 cap_fe=0 cap_fver=0 cap_frootid=0OUID="root" OGID="root"
type=PROCTITLE msg=audit(1769493097.282:2118): proctitle=6D6B646972002D70002F746D702F686964735F6D616C6963696F7573
type=SYSCALL msg=audit(1769493097.303:2119): arch=c000003e syscall=59 success=yes exit=0 a0=5da302dcb510 a1=5da302dccf30 a2=5da302dc08f0 a3=5da302dc7440 items=2 ppid=3886 pid=4074 auid=1000 uid=1000 gid=1000 euid=1000 suid=1000 fsuid=1000 egid=1000 sgid=1000 fsgid=1000 tty=pts0 ses=3 comm="ps" exe="/usr/bin/ps" subj=unconfined key="process_exec"ARCH=x86_64 SYSCALL=execve AUID="heroic" UID="heroic" GID="heroic" EUID="heroic" SUID="heroic" FSUID="heroic" EGID="heroic" SGID="heroic" FSGID="heroic"
type=EXECVE msg=audit(1769493097.303:2119): argc=2 a0="ps" a1="aux"
type=CWD msg=audit(1769493097.303:2119): cwd="/tmp/hids_malicious"
type=PATH msg=audit(1769493097.303:2119): item=0 name="/usr/bin/ps" inode=1574103 dev=08:02 mode=0100755 ouid=0 ogid=0 rdev=00:00 nametype=NORMAL cap_fp=0 cap_fi=0 cap_fe=0 cap_fver=0 cap_frootid=0OUID="root" OGID="root"
type=PATH msg=audit(1769493097.303:2119): item=1 name="/lib64/ld-linux-x86-64.so.2" inode=1575340 dev=08:02 mode=0100755 ouid=0 ogid=0 rdev=00:00 nametype=NORMAL cap_fp=0 cap_fi=0 cap_fe=0 cap_fver=0 cap_frootid=0OUID="root" OGID="root"
type=PROCTITLE msg=audit(1769493097.303:2119): proctitle=707300617578
type=SYSCALL msg=audit(1769493097.445:2120): arch=c000003e syscall=59 success=yes exit=0 a0=5da302dc7420 a1=5da302dcc190 a2=5da302dc08f0 a3=5da302dcc190 items=2 ppid=3886 pid=4075 auid=1000 uid=1000 gid=1000 euid=1000 suid=1000 fsuid=1000 egid=1000 sgid=1000 fsgid=1000 tty=pts0 ses=3 comm="whoami" exe="/usr/bin/whoami" subj=unconfined key="process_exec"ARCH=x86_64 SYSCALL=execve AUID="heroic" UID="heroic" GID="heroic" EUID="heroic" SUID="heroic" FSUID="heroic" EGID="heroic" SGID="heroic" FSGID="heroic"
type=EXECVE msg=audit(1769493097.445:2120): argc=1 a0="whoami"
type=CWD msg=audit(1769493097.445:2120): cwd="/tmp/hids_malicious"
type=PATH msg=audit(1769493097.445:2120): item=0 name="/usr/bin/whoami" inode=1578239 dev=08:02 mode=0100755 ouid=0 ogid=0 rdev=00:00 nametype=NORMAL cap_fp=0 cap_fi=0 cap_fe=0 cap_fver=0 cap_frootid=0OUID="root" OGID="root"
type=PATH msg=audit(1769493097.445:2120): item=1 name="/lib64/ld-linux-x86-64.so.2" inode=1575340 dev=08:02 mode=0100755 ouid=0 ogid=0 rdev=00:00 nametype=NORMAL cap_fp=0 cap_fi=0 cap_fe=0 cap_fver=0 cap_frootid=0OUID="root" OGID="root"
type=PROCTITLE msg=audit(1769493097.445:2120): proctitle="whoami"
type=SYSCALL msg=audit(1769493097.452:2121): arch=c000003e syscall=59 success=yes exit=0 a0=5da302dc8980 a1=5da302dc6f40 a2=5da302dc08f0 a3=5da302dc6f40 items=2 ppid=3886 pid=4076 auid=1000 uid=1000 gid=1000 euid=1000 suid=1000 fsuid=1000 egid=1000 sgid=1000 fsgid=1000 tty=pts0 ses=3 comm="id" exe="/usr/bin/id" subj=unconfined key="process_exec"ARCH=x86_64 SYSCALL=execve AUID="heroic" UID="heroic" GID="heroic" EUID="heroic" SUID="heroic" FSUID="heroic" EGID="heroic" SGID="heroic" FSGID="heroic"
type=EXECVE msg=audit(1769493097.452:2121): argc=1 a0="id"
type=CWD msg=audit(1769493097.452:2121): cwd="/tmp/hids_malicious"
type=PATH msg=audit(1769493097.452:2121): item=0 name="/usr/bin/id" inode=1578097 dev=08:02 mode=0100755 ouid=0 ogid=0 rdev=00:00 nametype=NORMAL cap_fp=0 cap_fi=0 cap_fe=0 cap_fver=0 cap_frootid=0OUID="root" OGID="root"
type=PATH msg=audit(1769493097.452:2121): item=1 name="/lib64/ld-linux-x86-64.so.2" inode=1575340 dev=08:02 mode=0100755 ouid=0 ogid=0 rdev=00:00 nametype=NORMAL cap_fp=0 cap_fi=0 cap_fe=0 cap_fver=0 cap_frootid=0OUID="root" OGID="root"
type=PROCTITLE msg=audit(1769493097.452:2121): proctitle="id"
type=SYSCALL msg=audit(1769493097.460:2122): arch=c000003e syscall=59 success=yes exit=0 a0=5da302dc7420 a1=5da302dccf70 a2=5da302dc08f0 a3=5da302dcb510 items=2 ppid=3886 pid=4077 auid=1000 uid=1000 gid=1000 euid=1000 suid=1000 fsuid=1000 egid=1000 sgid=1000 fsgid=1000 tty=pts0 ses=3 comm="uname" exe="/usr/bin/uname" subj=unconfined key="process_exec"ARCH=x86_64 SYSCALL=execve AUID="heroic" UID="heroic" GID="heroic" EUID="heroic" SUID="heroic" FSUID="heroic" EGID="heroic" SGID="heroic" FSGID="heroic"
type=EXECVE msg=audit(1769493097.460:2122): argc=2 a0="uname" a1="-a"
type=CWD msg=audit(1769493097.460:2122): cwd="/tmp/hids_malicious"
type=PATH msg=audit(1769493097.460:2122): item=0 name="/usr/bin/uname" inode=1578226 dev=08:02 mode=0100755 ouid=0 ogid=0 rdev=00:00 nametype=NORMAL cap_fp=0 cap_fi=0 cap_fe=0 cap_fver=0 cap_frootid=0OUID="root" OGID="root"
type=PATH msg=audit(1769493097.460:2122): item=1 name="/lib64/ld-linux-x86-64.so.2" inode=1575340 dev=08:02 mode=0100755 ouid=0 ogid=0 rdev=00:00 nametype=NORMAL cap_fp=0 cap_fi=0 cap_fe=0 cap_fver=0 cap_frootid=0OUID="root" OGID="root"
type=PROCTITLE msg=audit(1769493097.460:2122): proctitle=756E616D65002D61
type=SYSCALL msg=audit(1769493097.463:2123): arch=c000003e syscall=59 success=yes exit=0 a0=5da302dc8960 a1=5da302dcc3f0 a2=5da302dc08f0 a3=5da302dcc8b0 items=2 ppid=3886 pid=4078 auid=1000 uid=1000 gid=1000 euid=1000 suid=1000 fsuid=1000 egid=1000 sgid=1000 fsgid=1000 tty=pts0 ses=3 comm="ss" exe="/usr/bin/ss" subj=unconfined key="process_exec"ARCH=x86_64 SYSCALL=execve AUID="heroic" UID="heroic" GID="heroic" EUID="heroic" SUID="heroic" FSUID="heroic" EGID="heroic" SGID="heroic" FSGID="heroic"
type=EXECVE msg=audit(1769493097.463:2123): argc=2 a0="ss" a1="-tulnp"
type=CWD msg=audit(1769493097.463:2123): cwd="/tmp/hids_malicious"
type=PATH msg=audit(1769493097.463:2123): item=0 name="/usr/bin/ss" inode=1574256 dev=08:02 mode=0100755 ouid=0 ogid=0 rdev=00:00 nametype=NORMAL cap_fp=0 cap_fi=0 cap_fe=0 cap_fver=0 cap_frootid=0OUID="root" OGID="root"
type=PATH msg=audit(1769493097.463:2123): item=1 name="/lib64/ld-linux-x86-64.so.2" inode=1575340 dev=08:02 mode=0100755 ouid=0 ogid=0 rdev=00:00 nametype=NORMAL cap_fp=0 cap_fi=0 cap_fe=0 cap_fver=0 cap_frootid=0OUID="root" OGID="root"
type=PROCTITLE msg=audit(1769493097.463:2123): proctitle=7373002D74756C6E70
type=SYSCALL msg=audit(1769493097.492:2124): arch=c000003e syscall=59 success=yes exit=0 a0=5da302dc7420 a1=5da302dced90 a2=5da302dc08f0 a3=5da302dc8980 items=2 ppid=3886 pid=4079 auid=1000 uid=1000 gid=1000 euid=1000 suid=1000 fsuid=1000 egid=1000 sgid=1000 fsgid=1000 tty=pts0 ses=3 comm="chmod" exe="/usr/bin/chmod" subj=unconfined key="process_exec"ARCH=x86_64 SYSCALL=execve AUID="heroic" UID="heroic" GID="heroic" EUID="heroic" SUID="heroic" FSUID="heroic" EGID="heroic" SGID="heroic" FSGID="heroic"
type=EXECVE msg=audit(1769493097.492:2124): argc=3 a0="chmod" a1="+x" a2="payload.sh"
type=CWD msg=audit(1769493097.492:2124): cwd="/tmp/hids_malicious"
type=PATH msg=audit(1769493097.492:2124): item=0 name="/usr/bin/chmod" inode=1578019 dev=08:02 mode=0100755 ouid=0 ogid=0 rdev=00:00 nametype=NORMAL cap_fp=0 cap_fi=0 cap_fe=0 cap_fver=0 cap_frootid=0OUID="root" OGID="root"
type=PATH msg=audit(1769493097.492:2124): item=1 name="/lib64/ld-linux-x86-64.so.2" inode=1575340 dev=08:02 mode=0100755 ouid=0 ogid=0 rdev=00:00 nametype=NORMAL cap_fp=0 cap_fi=0 cap_fe=0 cap_fver=0 cap_frootid=0OUID="root" OGID="root"
type=PROCTITLE msg=audit(1769493097.492:2124): proctitle=63686D6F64002B78007061796C6F61642E7368
type=SYSCALL msg=audit(1769493097.495:2125): arch=c000003e syscall=59 success=yes exit=0 a0=5da302dcc190 a1=5da302dc79b0 a2=5da302dc08f0 a3=8 items=2 ppid=3886 pid=4080 auid=1000 uid=1000 gid=1000 euid=1000 suid=1000 fsuid=1000 egid=1000 sgid=1000 fsgid=1000 tty=pts0 ses=3 comm="curl" exe="/usr/bin/curl" subj=unconfined key="process_exec"ARCH=x86_64 SYSCALL=execve AUID="heroic" UID="heroic" GID="heroic" EUID="heroic" SUID="heroic" FSUID="heroic" EGID="heroic" SGID="heroic" FSGID="heroic"
type=EXECVE msg=audit(1769493097.495:2125): argc=3 a0="curl" a1="-s" a2="file:///tmp/hids_malicious/payload.sh"
type=CWD msg=audit(1769493097.495:2125): cwd="/tmp/hids_malicious"
type=PATH msg=audit(1769493097.495:2125): item=0 name="/usr/bin/curl" inode=1573697 dev=08:02 mode=0100755 ouid=0 ogid=0 rdev=00:00 nametype=NORMAL cap_fp=0 cap_fi=0 cap_fe=0 cap_fver=0 cap_frootid=0OUID="root" OGID="root"
type=PATH msg=audit(1769493097.495:2125): item=1 name="/lib64/ld-linux-x86-64.so.2" inode=1575340 dev=08:02 mode=0100755 ouid=0 ogid=0 rdev=00:00 nametype=NORMAL cap_fp=0 cap_fi=0 cap_fe=0 cap_fver=0 cap_frootid=0OUID="root" OGID="root"
type=PROCTITLE msg=audit(1769493097.495:2125): proctitle=6375726C002D730066696C653A2F2F2F746D702F686964735F6D616C6963696F75732F7061796C6F61642E7368
type=SYSCALL msg=audit(1769493097.497:2126): arch=c000003e syscall=59 success=yes exit=0 a0=5da302dcc190 a1=5da302dc7480 a2=5da302dc08f0 a3=8 items=2 ppid=3886 pid=4081 auid=1000 uid=1000 gid=1000 euid=1000 suid=1000 fsuid=1000 egid=1000 sgid=1000 fsgid=1000 tty=pts0 ses=3 comm="bash" exe="/usr/bin/bash" subj=unconfined key="process_exec"ARCH=x86_64 SYSCALL=execve AUID="heroic" UID="heroic" GID="heroic" EUID="heroic" SUID="heroic" FSUID="heroic" EGID="heroic" SGID="heroic" FSGID="heroic"
type=EXECVE msg=audit(1769493097.497:2126): argc=1 a0="bash"
type=CWD msg=audit(1769493097.497:2126): cwd="/tmp/hids_malicious"
type=PATH msg=audit(1769493097.497:2126): item=0 name="/usr/bin/bash" inode=1573437 dev=08:02 mode=0100755 ouid=0 ogid=0 rdev=00:00 nametype=NORMAL cap_fp=0 cap_fi=0 cap_fe=0 cap_fver=0 cap_frootid=0OUID="root" OGID="root"
type=PATH msg=audit(1769493097.497:2126): item=1 name="/lib64/ld-linux-x86-64.so.2" inode=1575340 dev=08:02 mode=0100755 ouid=0 ogid=0 rdev=00:00 nametype=NORMAL cap_fp=0 cap_fi=0 cap_fe=0 cap_fver=0 cap_frootid=0OUID="root" OGID="root"
type=PROCTITLE msg=audit(1769493097.497:2126): proctitle="bash"
type=SYSCALL msg=audit(1769493097.539:2127): arch=c000003e syscall=59 success=yes exit=0 a0=5da302dc8960 a1=5da302dc7460 a2=5da302dc08f0 a3=5da302dc7460 items=2 ppid=3886 pid=4082 auid=1000 uid=1000 gid=1000 euid=0 suid=0 fsuid=0 egid=1000 sgid=1000 fsgid=1000 tty=pts0 ses=3 comm="sudo" exe="/usr/bin/sudo" subj=unconfined key="process_exec"ARCH=x86_64 SYSCALL=execve AUID="heroic" UID="heroic" GID="heroic" EUID="root" SUID="root" FSUID="root" EGID="heroic" SGID="heroic" FSGID="heroic"
type=EXECVE msg=audit(1769493097.539:2127): argc=2 a0="sudo" a1="-l"
type=CWD msg=audit(1769493097.539:2127): cwd="/tmp/hids_malicious"
type=PATH msg=audit(1769493097.539:2127): item=0 name="/usr/bin/sudo" inode=1574274 dev=08:02 mode=0104755 ouid=0 ogid=0 rdev=00:00 nametype=NORMAL cap_fp=0 cap_fi=0 cap_fe=0 cap_fver=0 cap_frootid=0OUID="root" OGID="root"
type=PATH msg=audit(1769493097.539:2127): item=1 name="/lib64/ld-linux-x86-64.so.2" inode=1575340 dev=08:02 mode=0100755 ouid=0 ogid=0 rdev=00:00 nametype=NORMAL cap_fp=0 cap_fi=0 cap_fe=0 cap_fver=0 cap_frootid=0OUID="root" OGID="root"
type=PROCTITLE msg=audit(1769493097.539:2127): proctitle=7375646F002D6C
type=USER_ACCT msg=audit(1769493097.611:2128): pid=4082 uid=1000 auid=1000 ses=3 subj=unconfined msg='op=PAM:accounting grantors=pam_permit,pam_localuser acct="heroic" exe="/usr/bin/sudo" hostname=? addr=? terminal=/dev/pts/0 res=success'UID="heroic" AUID="heroic"
type=SYSCALL msg=audit(1769493097.614:2129): arch=c000003e syscall=59 success=yes exit=0 a0=5da302dc7420 a1=5da302dc8980 a2=5da302dc08f0 a3=5da302dc8980 items=2 ppid=3886 pid=4083 auid=1000 uid=1000 gid=1000 euid=0 suid=0 fsuid=0 egid=1000 sgid=1000 fsgid=1000 tty=pts0 ses=3 comm="sudo" exe="/usr/bin/sudo" subj=unconfined key="process_exec"ARCH=x86_64 SYSCALL=execve AUID="heroic" UID="heroic" GID="heroic" EUID="root" SUID="root" FSUID="root" EGID="heroic" SGID="heroic" FSGID="heroic"
type=EXECVE msg=audit(1769493097.614:2129): argc=2 a0="sudo" a1="whoami"
type=CWD msg=audit(1769493097.614:2129): cwd="/tmp/hids_malicious"
type=PATH msg=audit(1769493097.614:2129): item=0 name="/usr/bin/sudo" inode=1574274 dev=08:02 mode=0104755 ouid=0 ogid=0 rdev=00:00 nametype=NORMAL cap_fp=0 cap_fi=0 cap_fe=0 cap_fver=0 cap_frootid=0OUID="root" OGID="root"
type=PATH msg=audit(1769493097.614:2129): item=1 name="/lib64/ld-linux-x86-64.so.2" inode=1575340 dev=08:02 mode=0100755 ouid=0 ogid=0 rdev=00:00 nametype=NORMAL cap_fp=0 cap_fi=0 cap_fe=0 cap_fver=0 cap_frootid=0OUID="root" OGID="root"
type=PROCTITLE msg=audit(1769493097.614:2129): proctitle=7375646F0077686F616D69
type=USER_ACCT msg=audit(1769493097.683:2130): pid=4083 uid=1000 auid=1000 ses=3 subj=unconfined msg='op=PAM:accounting grantors=pam_permit,pam_localuser acct="heroic" exe="/usr/bin/sudo" hostname=? addr=? terminal=/dev/pts/0 res=success'UID="heroic" AUID="heroic"
type=USER_CMD msg=audit(1769493097.700:2131): pid=4083 uid=1000 auid=1000 ses=3 subj=unconfined msg='cwd="/tmp/hids_malicious" cmd="whoami" exe="/usr/bin/sudo" terminal=pts/0 res=success'UID="heroic" AUID="heroic"
type=CRED_REFR msg=audit(1769493097.700:2132): pid=4083 uid=1000 auid=1000 ses=3 subj=unconfined msg='op=PAM:setcred grantors=pam_permit,pam_cap acct="root" exe="/usr/bin/sudo" hostname=? addr=? terminal=/dev/pts/0 res=success'UID="heroic" AUID="heroic"
type=USER_START msg=audit(1769493097.700:2133): pid=4083 uid=1000 auid=1000 ses=3 subj=unconfined msg='op=PAM:session_open grantors=pam_limits,pam_env,pam_env,pam_permit,pam_umask,pam_unix acct="root" exe="/usr/bin/sudo" hostname=? addr=? terminal=/dev/pts/0 res=success'UID="heroic" AUID="heroic"
type=SYSCALL msg=audit(1769493097.713:2134): arch=c000003e syscall=59 success=yes exit=0 a0=5805f9588b68 a1=5805f9598ba0 a2=5805f95ab340 a3=64 items=2 ppid=4084 pid=4085 auid=1000 uid=0 gid=0 euid=0 suid=0 fsuid=0 egid=0 sgid=0 fsgid=0 tty=pts4 ses=3 comm="whoami" exe="/usr/bin/whoami" subj=unconfined key="process_exec"ARCH=x86_64 SYSCALL=execve AUID="heroic" UID="root" GID="root" EUID="root" SUID="root" FSUID="root" EGID="root" SGID="root" FSGID="root"
type=EXECVE msg=audit(1769493097.713:2134): argc=1 a0="whoami"
type=CWD msg=audit(1769493097.713:2134): cwd="/tmp/hids_malicious"
type=PATH msg=audit(1769493097.713:2134): item=0 name="/usr/bin/whoami" inode=1578239 dev=08:02 mode=0100755 ouid=0 ogid=0 rdev=00:00 nametype=NORMAL cap_fp=0 cap_fi=0 cap_fe=0 cap_fver=0 cap_frootid=0OUID="root" OGID="root"
type=PATH msg=audit(1769493097.713:2134): item=1 name="/lib64/ld-linux-x86-64.so.2" inode=1575340 dev=08:02 mode=0100755 ouid=0 ogid=0 rdev=00:00 nametype=NORMAL cap_fp=0 cap_fi=0 cap_fe=0 cap_fver=0 cap_frootid=0OUID="root" OGID="root"
type=PROCTITLE msg=audit(1769493097.713:2134): proctitle="whoami"
type=USER_END msg=audit(1769493097.776:2135): pid=4083 uid=1000 auid=1000 ses=3 subj=unconfined msg='op=PAM:session_close grantors=pam_limits,pam_env,pam_env,pam_permit,pam_umask,pam_unix acct="root" exe="/usr/bin/sudo" hostname=? addr=? terminal=/dev/pts/0 res=success'UID="heroic" AUID="heroic"
type=CRED_DISP msg=audit(1769493097.776:2136): pid=4083 uid=1000 auid=1000 ses=3 subj=unconfined msg='op=PAM:setcred grantors=pam_permit acct="root" exe="/usr/bin/sudo" hostname=? addr=? terminal=/dev/pts/0 res=success'UID="heroic" AUID="heroic"
type=SYSCALL msg=audit(1769493097.803:2137): arch=c000003e syscall=59 success=yes exit=0 a0=5da302dc8960 a1=5da302dced00 a2=5da302dc08f0 a3=5da302dc7460 items=2 ppid=3886 pid=4087 auid=1000 uid=1000 gid=1000 euid=0 suid=0 fsuid=0 egid=1000 sgid=1000 fsgid=1000 tty=pts0 ses=3 comm="sudo" exe="/usr/bin/sudo" subj=unconfined key="process_exec"ARCH=x86_64 SYSCALL=execve AUID="heroic" UID="heroic" GID="heroic" EUID="root" SUID="root" FSUID="root" EGID="heroic" SGID="heroic" FSGID="heroic"
type=EXECVE msg=audit(1769493097.803:2137): argc=3 a0="sudo" a1="tee" a2="/etc/cron.d/hids_persist"
type=CWD msg=audit(1769493097.803:2137): cwd="/tmp/hids_malicious"
type=PATH msg=audit(1769493097.803:2137): item=0 name="/usr/bin/sudo" inode=1574274 dev=08:02 mode=0104755 ouid=0 ogid=0 rdev=00:00 nametype=NORMAL cap_fp=0 cap_fi=0 cap_fe=0 cap_fver=0 cap_frootid=0OUID="root" OGID="root"
type=PATH msg=audit(1769493097.803:2137): item=1 name="/lib64/ld-linux-x86-64.so.2" inode=1575340 dev=08:02 mode=0100755 ouid=0 ogid=0 rdev=00:00 nametype=NORMAL cap_fp=0 cap_fi=0 cap_fe=0 cap_fver=0 cap_frootid=0OUID="root" OGID="root"
type=PROCTITLE msg=audit(1769493097.803:2137): proctitle=7375646F00746565002F6574632F63726F6E2E642F686964735F70657273697374
type=USER_ACCT msg=audit(1769493097.834:2138): pid=4087 uid=1000 auid=1000 ses=3 subj=unconfined msg='op=PAM:accounting grantors=pam_permit,pam_localuser acct="heroic" exe="/usr/bin/sudo" hostname=? addr=? terminal=/dev/pts/0 res=success'UID="heroic" AUID="heroic"
type=USER_CMD msg=audit(1769493097.834:2139): pid=4087 uid=1000 auid=1000 ses=3 subj=unconfined msg='cwd="/tmp/hids_malicious" cmd=746565202F6574632F63726F6E2E642F686964735F70657273697374 exe="/usr/bin/sudo" terminal=pts/0 res=success'UID="heroic" AUID="heroic"
type=CRED_REFR msg=audit(1769493097.839:2140): pid=4087 uid=1000 auid=1000 ses=3 subj=unconfined msg='op=PAM:setcred grantors=pam_permit,pam_cap acct="root" exe="/usr/bin/sudo" hostname=? addr=? terminal=/dev/pts/0 res=success'UID="heroic" AUID="heroic"
type=USER_START msg=audit(1769493097.839:2141): pid=4087 uid=1000 auid=1000 ses=3 subj=unconfined msg='op=PAM:session_open grantors=pam_limits,pam_env,pam_env,pam_permit,pam_umask,pam_unix acct="root" exe="/usr/bin/sudo" hostname=? addr=? terminal=/dev/pts/0 res=success'UID="heroic" AUID="heroic"
type=SYSCALL msg=audit(1769493097.843:2142): arch=c000003e syscall=59 success=yes exit=0 a0=58655a7a9b68 a1=58655a7b9ba0 a2=58655a7cc7a0 a3=64 items=2 ppid=4088 pid=4089 auid=1000 uid=0 gid=0 euid=0 suid=0 fsuid=0 egid=0 sgid=0 fsgid=0 tty=pts4 ses=3 comm="tee" exe="/usr/bin/tee" subj=unconfined key="process_exec"ARCH=x86_64 SYSCALL=execve AUID="heroic" UID="root" GID="root" EUID="root" SUID="root" FSUID="root" EGID="root" SGID="root" FSGID="root"
type=EXECVE msg=audit(1769493097.843:2142): argc=2 a0="tee" a1="/etc/cron.d/hids_persist"
type=CWD msg=audit(1769493097.843:2142): cwd="/tmp/hids_malicious"
type=PATH msg=audit(1769493097.843:2142): item=0 name="/usr/bin/tee" inode=1578148 dev=08:02 mode=0100755 ouid=0 ogid=0 rdev=00:00 nametype=NORMAL cap_fp=0 cap_fi=0 cap_fe=0 cap_fver=0 cap_frootid=0OUID="root" OGID="root"
type=PATH msg=audit(1769493097.843:2142): item=1 name="/lib64/ld-linux-x86-64.so.2" inode=1575340 dev=08:02 mode=0100755 ouid=0 ogid=0 rdev=00:00 nametype=NORMAL cap_fp=0 cap_fi=0 cap_fe=0 cap_fver=0 cap_frootid=0OUID="root" OGID="root"
type=PROCTITLE msg=audit(1769493097.843:2142): proctitle=746565002F6574632F63726F6E2E642F686964735F70657273697374
type=SYSCALL msg=audit(1769493097.854:2143): arch=c000003e syscall=257 success=yes exit=3 a0=ffffff9c a1=7ffd4975272c a2=241 a3=1b6 items=2 ppid=4088 pid=4089 auid=1000 uid=0 gid=0 euid=0 suid=0 fsuid=0 egid=0 sgid=0 fsgid=0 tty=pts4 ses=3 comm="tee" exe="/usr/bin/tee" subj=unconfined key="persistence"ARCH=x86_64 SYSCALL=openat AUID="heroic" UID="root" GID="root" EUID="root" SUID="root" FSUID="root" EGID="root" SGID="root" FSGID="root"
type=CWD msg=audit(1769493097.854:2143): cwd="/tmp/hids_malicious"
type=PATH msg=audit(1769493097.854:2143): item=0 name="/etc/cron.d/" inode=1703968 dev=08:02 mode=040755 ouid=0 ogid=0 rdev=00:00 nametype=PARENT cap_fp=0 cap_fi=0 cap_fe=0 cap_fver=0 cap_frootid=0OUID="root" OGID="root"
type=PATH msg=audit(1769493097.854:2143): item=1 name="/etc/cron.d/hids_persist" inode=1704205 dev=08:02 mode=0100644 ouid=0 ogid=0 rdev=00:00 nametype=CREATE cap_fp=0 cap_fi=0 cap_fe=0 cap_fver=0 cap_frootid=0OUID="root" OGID="root"
type=PROCTITLE msg=audit(1769493097.854:2143): proctitle=746565002F6574632F63726F6E2E642F686964735F70657273697374
type=USER_END msg=audit(1769493097.903:2144): pid=4087 uid=1000 auid=1000 ses=3 subj=unconfined msg='op=PAM:session_close grantors=pam_limits,pam_env,pam_env,pam_permit,pam_umask,pam_unix acct="root" exe="/usr/bin/sudo" hostname=? addr=? terminal=/dev/pts/0 res=success'UID="heroic" AUID="heroic"
type=CRED_DISP msg=audit(1769493097.903:2145): pid=4087 uid=1000 auid=1000 ses=3 subj=unconfined msg='op=PAM:setcred grantors=pam_permit acct="root" exe="/usr/bin/sudo" hostname=? addr=? terminal=/dev/pts/0 res=success'UID="heroic" AUID="heroic"
type=SYSCALL msg=audit(1769493097.964:2146): arch=c000003e syscall=59 success=yes exit=0 a0=5da302dc8980 a1=5da302dc7460 a2=5da302dc08f0 a3=5da302dc7460 items=2 ppid=3886 pid=4090 auid=1000 uid=1000 gid=1000 euid=1000 suid=1000 fsuid=1000 egid=1000 sgid=1000 fsgid=1000 tty=pts0 ses=3 comm="sleep" exe="/usr/bin/sleep" subj=unconfined key="process_exec"ARCH=x86_64 SYSCALL=execve AUID="heroic" UID="heroic" GID="heroic" EUID="heroic" SUID="heroic" FSUID="heroic" EGID="heroic" SGID="heroic" FSGID="heroic"
type=EXECVE msg=audit(1769493097.964:2146): argc=2 a0="sleep" a1="5"
type=CWD msg=audit(1769493097.964:2146): cwd="/tmp/hids_malicious"
type=PATH msg=audit(1769493097.964:2146): item=0 name="/usr/bin/sleep" inode=1578138 dev=08:02 mode=0100755 ouid=0 ogid=0 rdev=00:00 nametype=NORMAL cap_fp=0 cap_fi=0 cap_fe=0 cap_fver=0 cap_frootid=0OUID="root" OGID="root"
type=PATH msg=audit(1769493097.964:2146): item=1 name="/lib64/ld-linux-x86-64.so.2" inode=1575340 dev=08:02 mode=0100755 ouid=0 ogid=0 rdev=00:00 nametype=NORMAL cap_fp=0 cap_fi=0 cap_fe=0 cap_fver=0 cap_frootid=0OUID="root" OGID="root"
type=PROCTITLE msg=audit(1769493097.964:2146): proctitle=736C6565700035
type=SYSCALL msg=audit(1769493102.988:2147): arch=c000003e syscall=59 success=yes exit=0 a0=5da302dcc790 a1=5da302dcea80 a2=5da302dc08f0 a3=1 items=2 ppid=3886 pid=4091 auid=1000 uid=1000 gid=1000 euid=1000 suid=1000 fsuid=1000 egid=1000 sgid=1000 fsgid=1000 tty=pts0 ses=3 comm="rm" exe="/usr/bin/rm" subj=unconfined key="process_exec"ARCH=x86_64 SYSCALL=execve AUID="heroic" UID="heroic" GID="heroic" EUID="heroic" SUID="heroic" FSUID="heroic" EGID="heroic" SGID="heroic" FSGID="heroic"
type=EXECVE msg=audit(1769493102.988:2147): argc=58 a0="rm" a1="-f" a2="file_10.dat" a3="file_11.dat" a4="file_12.dat" a5="file_13.dat" a6="file_14.dat" a7="file_15.dat" a8="file_16.dat" a9="file_17.dat" a10="file_18.dat" a11="file_19.dat" a12="file_1.dat" a13="file_20.dat" a14="file_21.dat" a15="file_22.dat" a16="file_23.dat" a17="file_24.dat" a18="file_25.dat" a19="file_26.dat" a20="file_27.dat" a21="file_28.dat" a22="file_29.dat" a23="file_2.dat" a24="file_30.dat" a25="file_31.dat" a26="file_32.dat" a27="file_33.dat" a28="file_34.dat" a29="file_35.dat" a30="file_36.dat" a31="file_37.dat" a32="file_38.dat" a33="file_39.dat" a34="file_3.dat" a35="file_40.dat" a36="file_41.dat" a37="file_42.dat" a38="file_43.dat" a39="file_44.dat" a40="file_45.dat" a41="file_46.dat" a42="file_47.dat" a43="file_48.dat" a44="file_49.dat" a45="file_4.dat" a46="file_50.dat" a47="file_5.dat" a48="file_6.dat" a49="file_7.dat" a50="file_8.dat" a51="file_9.dat" a52="payload.sh" a53="recon.txt" a54="netstat.txt" a55="processes.txt" a56="sudo_enum.txt" a57="sudo_test.txt"
type=CWD msg=audit(1769493102.988:2147): cwd="/tmp/hids_malicious"
type=PATH msg=audit(1769493102.988:2147): item=0 name="/usr/bin/rm" inode=1578127 dev=08:02 mode=0100755 ouid=0 ogid=0 rdev=00:00 nametype=NORMAL cap_fp=0 cap_fi=0 cap_fe=0 cap_fver=0 cap_frootid=0OUID="root" OGID="root"
type=PATH msg=audit(1769493102.988:2147): item=1 name="/lib64/ld-linux-x86-64.so.2" inode=1575340 dev=08:02 mode=0100755 ouid=0 ogid=0 rdev=00:00 nametype=NORMAL cap_fp=0 cap_fi=0 cap_fe=0 cap_fver=0 cap_frootid=0OUID="root" OGID="root"
type=PROCTITLE msg=audit(1769493102.988:2147): proctitle=726D002D660066696C655F31302E6461740066696C655F31312E6461740066696C655F31322E6461740066696C655F31332E6461740066696C655F31342E6461740066696C655F31352E6461740066696C655F31362E6461740066696C655F31372E6461740066696C655F31382E6461740066696C655F31392E646174006669
type=SYSCALL msg=audit(1769493103.006:2148): arch=c000003e syscall=59 success=yes exit=0 a0=5da302dc8600 a1=5da302dcde60 a2=5da302dc08f0 a3=5da302dcde60 items=2 ppid=3886 pid=4092 auid=1000 uid=1000 gid=1000 euid=0 suid=0 fsuid=0 egid=1000 sgid=1000 fsgid=1000 tty=pts0 ses=3 comm="sudo" exe="/usr/bin/sudo" subj=unconfined key="process_exec"ARCH=x86_64 SYSCALL=execve AUID="heroic" UID="heroic" GID="heroic" EUID="root" SUID="root" FSUID="root" EGID="heroic" SGID="heroic" FSGID="heroic"
type=EXECVE msg=audit(1769493103.006:2148): argc=4 a0="sudo" a1="rm" a2="-f" a3="/etc/cron.d/hids_persist"
type=CWD msg=audit(1769493103.006:2148): cwd="/tmp/hids_malicious"
type=PATH msg=audit(1769493103.006:2148): item=0 name="/usr/bin/sudo" inode=1574274 dev=08:02 mode=0104755 ouid=0 ogid=0 rdev=00:00 nametype=NORMAL cap_fp=0 cap_fi=0 cap_fe=0 cap_fver=0 cap_frootid=0OUID="root" OGID="root"
type=PATH msg=audit(1769493103.006:2148): item=1 name="/lib64/ld-linux-x86-64.so.2" inode=1575340 dev=08:02 mode=0100755 ouid=0 ogid=0 rdev=00:00 nametype=NORMAL cap_fp=0 cap_fi=0 cap_fe=0 cap_fver=0 cap_frootid=0OUID="root" OGID="root"
type=PROCTITLE msg=audit(1769493103.006:2148): proctitle=7375646F00726D002D66002F6574632F63726F6E2E642F686964735F70657273697374
type=USER_ACCT msg=audit(1769493103.087:2149): pid=4092 uid=1000 auid=1000 ses=3 subj=unconfined msg='op=PAM:accounting grantors=pam_permit,pam_localuser acct="heroic" exe="/usr/bin/sudo" hostname=? addr=? terminal=/dev/pts/0 res=success'UID="heroic" AUID="heroic"
type=USER_CMD msg=audit(1769493103.102:2150): pid=4092 uid=1000 auid=1000 ses=3 subj=unconfined msg='cwd="/tmp/hids_malicious" cmd=726D202D66202F6574632F63726F6E2E642F686964735F70657273697374 exe="/usr/bin/sudo" terminal=pts/0 res=success'UID="heroic" AUID="heroic"
type=CRED_REFR msg=audit(1769493103.104:2151): pid=4092 uid=1000 auid=1000 ses=3 subj=unconfined msg='op=PAM:setcred grantors=pam_permit,pam_cap acct="root" exe="/usr/bin/sudo" hostname=? addr=? terminal=/dev/pts/0 res=success'UID="heroic" AUID="heroic"
type=USER_START msg=audit(1769493103.121:2152): pid=4092 uid=1000 auid=1000 ses=3 subj=unconfined msg='op=PAM:session_open grantors=pam_limits,pam_env,pam_env,pam_permit,pam_umask,pam_unix acct="root" exe="/usr/bin/sudo" hostname=? addr=? terminal=/dev/pts/0 res=success'UID="heroic" AUID="heroic"
type=SYSCALL msg=audit(1769493103.159:2153): arch=c000003e syscall=59 success=yes exit=0 a0=6357fcf76b68 a1=6357fcf86ba0 a2=6357fcf997a0 a3=64 items=2 ppid=4093 pid=4094 auid=1000 uid=0 gid=0 euid=0 suid=0 fsuid=0 egid=0 sgid=0 fsgid=0 tty=pts4 ses=3 comm="rm" exe="/usr/bin/rm" subj=unconfined key="process_exec"ARCH=x86_64 SYSCALL=execve AUID="heroic" UID="root" GID="root" EUID="root" SUID="root" FSUID="root" EGID="root" SGID="root" FSGID="root"
type=EXECVE msg=audit(1769493103.159:2153): argc=3 a0="rm" a1="-f" a2="/etc/cron.d/hids_persist"
type=CWD msg=audit(1769493103.159:2153): cwd="/tmp/hids_malicious"
type=PATH msg=audit(1769493103.159:2153): item=0 name="/usr/bin/rm" inode=1578127 dev=08:02 mode=0100755 ouid=0 ogid=0 rdev=00:00 nametype=NORMAL cap_fp=0 cap_fi=0 cap_fe=0 cap_fver=0 cap_frootid=0OUID="root" OGID="root"
type=PATH msg=audit(1769493103.159:2153): item=1 name="/lib64/ld-linux-x86-64.so.2" inode=1575340 dev=08:02 mode=0100755 ouid=0 ogid=0 rdev=00:00 nametype=NORMAL cap_fp=0 cap_fi=0 cap_fe=0 cap_fver=0 cap_frootid=0OUID="root" OGID="root"
type=PROCTITLE msg=audit(1769493103.159:2153): proctitle=726D002D66002F6574632F63726F6E2E642F686964735F70657273697374
type=SYSCALL msg=audit(1769493103.200:2154): arch=c000003e syscall=263 success=yes exit=0 a0=ffffff9c a1=5aab5d47d4a0 a2=0 a3=5aab5d47e900 items=2 ppid=4093 pid=4094 auid=1000 uid=0 gid=0 euid=0 suid=0 fsuid=0 egid=0 sgid=0 fsgid=0 tty=pts4 ses=3 comm="rm" exe="/usr/bin/rm" subj=unconfined key="persistence"ARCH=x86_64 SYSCALL=unlinkat AUID="heroic" UID="root" GID="root" EUID="root" SUID="root" FSUID="root" EGID="root" SGID="root" FSGID="root"
type=CWD msg=audit(1769493103.200:2154): cwd="/tmp/hids_malicious"
type=PATH msg=audit(1769493103.200:2154): item=0 name="/etc/cron.d/" inode=1703968 dev=08:02 mode=040755 ouid=0 ogid=0 rdev=00:00 nametype=PARENT cap_fp=0 cap_fi=0 cap_fe=0 cap_fver=0 cap_frootid=0OUID="root" OGID="root"
type=PATH msg=audit(1769493103.200:2154): item=1 name="/etc/cron.d/hids_persist" inode=1704205 dev=08:02 mode=0100644 ouid=0 ogid=0 rdev=00:00 nametype=DELETE cap_fp=0 cap_fi=0 cap_fe=0 cap_fver=0 cap_frootid=0OUID="root" OGID="root"
type=PROCTITLE msg=audit(1769493103.200:2154): proctitle=726D002D66002F6574632F63726F6E2E642F686964735F70657273697374
type=USER_END msg=audit(1769493103.205:2155): pid=4092 uid=1000 auid=1000 ses=3 subj=unconfined msg='op=PAM:session_close grantors=pam_limits,pam_env,pam_env,pam_permit,pam_umask,pam_unix acct="root" exe="/usr/bin/sudo" hostname=? addr=? terminal=/dev/pts/0 res=success'UID="heroic" AUID="heroic"
type=CRED_DISP msg=audit(1769493103.205:2156): pid=4092 uid=1000 auid=1000 ses=3 subj=unconfined msg='op=PAM:setcred grantors=pam_permit acct="root" exe="/usr/bin/sudo" hostname=? addr=? terminal=/dev/pts/0 res=success'UID="heroic" AUID="heroic"
type=SYSCALL msg=audit(1769493103.224:2157): arch=c000003e syscall=59 success=yes exit=0 a0=5da302dcc8b0 a1=5da302db9970 a2=5da302dc08f0 a3=5da302db9970 items=2 ppid=3886 pid=4095 auid=1000 uid=1000 gid=1000 euid=1000 suid=1000 fsuid=1000 egid=1000 sgid=1000 fsgid=1000 tty=pts0 ses=3 comm="rmdir" exe="/usr/bin/rmdir" subj=unconfined key="process_exec"ARCH=x86_64 SYSCALL=execve AUID="heroic" UID="heroic" GID="heroic" EUID="heroic" SUID="heroic" FSUID="heroic" EGID="heroic" SGID="heroic" FSGID="heroic"
type=EXECVE msg=audit(1769493103.224:2157): argc=2 a0="rmdir" a1="/tmp/hids_malicious"
type=CWD msg=audit(1769493103.224:2157): cwd="/tmp/hids_malicious"
type=PATH msg=audit(1769493103.224:2157): item=0 name="/usr/bin/rmdir" inode=1578128 dev=08:02 mode=0100755 ouid=0 ogid=0 rdev=00:00 nametype=NORMAL cap_fp=0 cap_fi=0 cap_fe=0 cap_fver=0 cap_frootid=0OUID="root" OGID="root"
type=PATH msg=audit(1769493103.224:2157): item=1 name="/lib64/ld-linux-x86-64.so.2" inode=1575340 dev=08:02 mode=0100755 ouid=0 ogid=0 rdev=00:00 nametype=NORMAL cap_fp=0 cap_fi=0 cap_fe=0 cap_fver=0 cap_frootid=0OUID="root" OGID="root"
type=PROCTITLE msg=audit(1769493103.224:2157): proctitle=726D646972002F746D702F686964735F6D616C6963696F7573
type=SYSCALL msg=audit(1769493103.302:2158): arch=c000003e syscall=59 success=yes exit=0 a0=5da302dc8600 a1=5da302dcc790 a2=5da302dc08f0 a3=5da302dcc790 items=2 ppid=3886 pid=4096 auid=1000 uid=1000 gid=1000 euid=1000 suid=1000 fsuid=1000 egid=1000 sgid=1000 fsgid=1000 tty=pts0 ses=3 comm="sleep" exe="/usr/bin/sleep" subj=unconfined key="process_exec"ARCH=x86_64 SYSCALL=execve AUID="heroic" UID="heroic" GID="heroic" EUID="heroic" SUID="heroic" FSUID="heroic" EGID="heroic" SGID="heroic" FSGID="heroic"
type=EXECVE msg=audit(1769493103.302:2158): argc=2 a0="sleep" a1="90"
type=CWD msg=audit(1769493103.302:2158): cwd=2F746D702F686964735F6D616C6963696F7573202864656C6574656429
type=PATH msg=audit(1769493103.302:2158): item=0 name="/usr/bin/sleep" inode=1578138 dev=08:02 mode=0100755 ouid=0 ogid=0 rdev=00:00 nametype=NORMAL cap_fp=0 cap_fi=0 cap_fe=0 cap_fver=0 cap_frootid=0OUID="root" OGID="root"
type=PATH msg=audit(1769493103.302:2158): item=1 name="/lib64/ld-linux-x86-64.so.2" inode=1575340 dev=08:02 mode=0100755 ouid=0 ogid=0 rdev=00:00 nametype=NORMAL cap_fp=0 cap_fi=0 cap_fe=0 cap_fver=0 cap_frootid=0OUID="root" OGID="root"
type=PROCTITLE msg=audit(1769493103.302:2158): proctitle=736C656570003930
type=SYSCALL msg=audit(1769493116.396:2159): arch=c000003e syscall=59 success=yes exit=0 a0=7ffd2e5d34c0 a1=7ffd2e5d34e0 a2=7ffd2e5d3fd0 a3=8 items=2 ppid=1 pid=4098 auid=4294967295 uid=0 gid=0 euid=0 suid=0 fsuid=0 egid=0 sgid=0 fsgid=0 tty=(none) ses=4294967295 comm="9" exe="/usr/lib/systemd/systemd-executor" subj=unconfined key="process_exec"ARCH=x86_64 SYSCALL=execve AUID="unset" UID="root" GID="root" EUID="root" SUID="root" FSUID="root" EGID="root" SGID="root" FSGID="root"
type=EXECVE msg=audit(1769493116.396:2159): argc=7 a0="/usr/lib/systemd/systemd-executor" a1="--deserialize" a2="119" a3="--log-level" a4="info" a5="--log-target" a6="journal-or-kmsg"
type=CWD msg=audit(1769493116.396:2159): cwd="/"
type=PATH msg=audit(1769493116.396:2159): item=0 name="/proc/self/fd/9" inode=1596504 dev=08:02 mode=0100755 ouid=0 ogid=0 rdev=00:00 nametype=NORMAL cap_fp=0 cap_fi=0 cap_fe=0 cap_fver=0 cap_frootid=0OUID="root" OGID="root"
type=PATH msg=audit(1769493116.396:2159): item=1 name="/lib64/ld-linux-x86-64.so.2" inode=1575340 dev=08:02 mode=0100755 ouid=0 ogid=0 rdev=00:00 nametype=NORMAL cap_fp=0 cap_fi=0 cap_fe=0 cap_fver=0 cap_frootid=0OUID="root" OGID="root"
type=PROCTITLE msg=audit(1769493116.396:2159): proctitle=2F7573722F6C69622F73797374656D642F73797374656D642D6578656375746F72002D2D646573657269616C697A6500313139002D2D6C6F672D6C6576656C00696E666F002D2D6C6F672D746172676574006A6F75726E616C2D6F722D6B6D7367
type=SYSCALL msg=audit(1769493116.430:2160): arch=c000003e syscall=59 success=yes exit=0 a0=64691173a020 a1=64691173a000 a2=646911739db0 a3=64691173a990 items=2 ppid=1 pid=4098 auid=4294967295 uid=0 gid=0 euid=0 suid=0 fsuid=0 egid=0 sgid=0 fsgid=0 tty=(none) ses=4294967295 comm="nm-dispatcher" exe="/usr/libexec/nm-dispatcher" subj=unconfined key="process_exec"ARCH=x86_64 SYSCALL=execve AUID="unset" UID="root" GID="root" EUID="root" SUID="root" FSUID="root" EGID="root" SGID="root" FSGID="root"
type=EXECVE msg=audit(1769493116.430:2160): argc=1 a0="/usr/libexec/nm-dispatcher"
type=CWD msg=audit(1769493116.430:2160): cwd="/"
type=PATH msg=audit(1769493116.430:2160): item=0 name="/usr/libexec/nm-dispatcher" inode=1586222 dev=08:02 mode=0100755 ouid=0 ogid=0 rdev=00:00 nametype=NORMAL cap_fp=0 cap_fi=0 cap_fe=0 cap_fver=0 cap_frootid=0OUID="root" OGID="root"
type=PATH msg=audit(1769493116.430:2160): item=1 name="/lib64/ld-linux-x86-64.so.2" inode=1575340 dev=08:02 mode=0100755 ouid=0 ogid=0 rdev=00:00 nametype=NORMAL cap_fp=0 cap_fi=0 cap_fe=0 cap_fver=0 cap_frootid=0OUID="root" OGID="root"
type=PROCTITLE msg=audit(1769493116.430:2160): proctitle=2F7573722F6C69622F73797374656D642F73797374656D642D6578656375746F72002D2D646573657269616C697A6500313139002D2D6C6F672D6C6576656C00696E666F002D2D6C6F672D746172676574006A6F75726E616C2D6F722D6B6D7367
type=SERVICE_START msg=audit(1769493116.576:2161): pid=1 uid=0 auid=4294967295 ses=4294967295 subj=unconfined msg='unit=NetworkManager-dispatcher comm="systemd" exe="/usr/lib/systemd/systemd" hostname=? addr=? terminal=? res=success'UID="root" AUID="unset"
type=SERVICE_STOP msg=audit(1769493126.613:2162): pid=1 uid=0 auid=4294967295 ses=4294967295 subj=unconfined msg='unit=NetworkManager-dispatcher comm="systemd" exe="/usr/lib/systemd/systemd" hostname=? addr=? terminal=? res=success'UID="root" AUID="unset"
type=SYSCALL msg=audit(1769493137.476:2163): arch=c000003e syscall=59 success=yes exit=0 a0=7ffd2e5d34c0 a1=7ffd2e5d34e0 a2=7ffd2e5d3fd0 a3=8 items=2 ppid=1 pid=4105 auid=4294967295 uid=0 gid=0 euid=0 suid=0 fsuid=0 egid=0 sgid=0 fsgid=0 tty=(none) ses=4294967295 comm="9" exe="/usr/lib/systemd/systemd-executor" subj=unconfined key="process_exec"ARCH=x86_64 SYSCALL=execve AUID="unset" UID="root" GID="root" EUID="root" SUID="root" FSUID="root" EGID="root" SGID="root" FSGID="root"
type=EXECVE msg=audit(1769493137.476:2163): argc=7 a0="/usr/lib/systemd/systemd-executor" a1="--deserialize" a2="119" a3="--log-level" a4="info" a5="--log-target" a6="journal-or-kmsg"
type=CWD msg=audit(1769493137.476:2163): cwd="/"
type=PATH msg=audit(1769493137.476:2163): item=0 name="/proc/self/fd/9" inode=1596504 dev=08:02 mode=0100755 ouid=0 ogid=0 rdev=00:00 nametype=NORMAL cap_fp=0 cap_fi=0 cap_fe=0 cap_fver=0 cap_frootid=0OUID="root" OGID="root"
type=PATH msg=audit(1769493137.476:2163): item=1 name="/lib64/ld-linux-x86-64.so.2" inode=1575340 dev=08:02 mode=0100755 ouid=0 ogid=0 rdev=00:00 nametype=NORMAL cap_fp=0 cap_fi=0 cap_fe=0 cap_fver=0 cap_frootid=0OUID="root" OGID="root"
type=PROCTITLE msg=audit(1769493137.476:2163): proctitle=2F7573722F6C69622F73797374656D642F73797374656D642D6578656375746F72002D2D646573657269616C697A6500313139002D2D6C6F672D6C6576656C00696E666F002D2D6C6F672D746172676574006A6F75726E616C2D6F722D6B6D7367
type=SYSCALL msg=audit(1769493137.500:2164): arch=c000003e syscall=59 success=yes exit=0 a0=6452e97b5020 a1=6452e97b5000 a2=6452e97b4db0 a3=6452e97b5990 items=2 ppid=1 pid=4105 auid=4294967295 uid=0 gid=0 euid=0 suid=0 fsuid=0 egid=0 sgid=0 fsgid=0 tty=(none) ses=4294967295 comm="nm-dispatcher" exe="/usr/libexec/nm-dispatcher" subj=unconfined key="process_exec"ARCH=x86_64 SYSCALL=execve AUID="unset" UID="root" GID="root" EUID="root" SUID="root" FSUID="root" EGID="root" SGID="root" FSGID="root"
type=EXECVE msg=audit(1769493137.500:2164): argc=1 a0="/usr/libexec/nm-dispatcher"
type=CWD msg=audit(1769493137.500:2164): cwd="/"
type=PATH msg=audit(1769493137.500:2164): item=0 name="/usr/libexec/nm-dispatcher" inode=1586222 dev=08:02 mode=0100755 ouid=0 ogid=0 rdev=00:00 nametype=NORMAL cap_fp=0 cap_fi=0 cap_fe=0 cap_fver=0 cap_frootid=0OUID="root" OGID="root"
type=PATH msg=audit(1769493137.500:2164): item=1 name="/lib64/ld-linux-x86-64.so.2" inode=1575340 dev=08:02 mode=0100755 ouid=0 ogid=0 rdev=00:00 nametype=NORMAL cap_fp=0 cap_fi=0 cap_fe=0 cap_fver=0 cap_frootid=0OUID="root" OGID="root"
type=PROCTITLE msg=audit(1769493137.500:2164): proctitle=2F7573722F6C69622F73797374656D642F73797374656D642D6578656375746F72002D2D646573657269616C697A6500313139002D2D6C6F672D6C6576656C00696E666F002D2D6C6F672D746172676574006A6F75726E616C2D6F722D6B6D7367
type=SERVICE_START msg=audit(1769493137.656:2165): pid=1 uid=0 auid=4294967295 ses=4294967295 subj=unconfined msg='unit=NetworkManager-dispatcher comm="systemd" exe="/usr/lib/systemd/systemd" hostname=? addr=? terminal=? res=success'UID="root" AUID="unset"
type=SERVICE_STOP msg=audit(1769493147.780:2166): pid=1 uid=0 auid=4294967295 ses=4294967295 subj=unconfined msg='unit=NetworkManager-dispatcher comm="systemd" exe="/usr/lib/systemd/systemd" hostname=? addr=? terminal=? res=success'UID="root" AUID="unset"
type=SYSCALL msg=audit(1769493193.332:2167): arch=c000003e syscall=59 success=yes exit=0 a0=5da302dcd3b0 a1=5da302dcce70 a2=5da302dc08f0 a3=5da302dc8920 items=2 ppid=3886 pid=4113 auid=1000 uid=1000 gid=1000 euid=1000 suid=1000 fsuid=1000 egid=1000 sgid=1000 fsgid=1000 tty=pts0 ses=3 comm="mkdir" exe="/usr/bin/mkdir" subj=unconfined key="process_exec"ARCH=x86_64 SYSCALL=execve AUID="heroic" UID="heroic" GID="heroic" EUID="heroic" SUID="heroic" FSUID="heroic" EGID="heroic" SGID="heroic" FSGID="heroic"
type=EXECVE msg=audit(1769493193.332:2167): argc=3 a0="mkdir" a1="-p" a2="/tmp/hids_malicious"
type=CWD msg=audit(1769493193.332:2167): cwd=2F746D702F686964735F6D616C6963696F7573202864656C6574656429
type=PATH msg=audit(1769493193.332:2167): item=0 name="/usr/bin/mkdir" inode=1578106 dev=08:02 mode=0100755 ouid=0 ogid=0 rdev=00:00 nametype=NORMAL cap_fp=0 cap_fi=0 cap_fe=0 cap_fver=0 cap_frootid=0OUID="root" OGID="root"
type=PATH msg=audit(1769493193.332:2167): item=1 name="/lib64/ld-linux-x86-64.so.2" inode=1575340 dev=08:02 mode=0100755 ouid=0 ogid=0 rdev=00:00 nametype=NORMAL cap_fp=0 cap_fi=0 cap_fe=0 cap_fver=0 cap_frootid=0OUID="root" OGID="root"
type=PROCTITLE msg=audit(1769493193.332:2167): proctitle=6D6B646972002D70002F746D702F686964735F6D616C6963696F7573
type=SYSCALL msg=audit(1769493193.346:2168): arch=c000003e syscall=59 success=yes exit=0 a0=5da302dc8940 a1=5da302dcca10 a2=5da302dc08f0 a3=5da302dcd3d0 items=2 ppid=3886 pid=4114 auid=1000 uid=1000 gid=1000 euid=1000 suid=1000 fsuid=1000 egid=1000 sgid=1000 fsgid=1000 tty=pts0 ses=3 comm="ps" exe="/usr/bin/ps" subj=unconfined key="process_exec"ARCH=x86_64 SYSCALL=execve AUID="heroic" UID="heroic" GID="heroic" EUID="heroic" SUID="heroic" FSUID="heroic" EGID="heroic" SGID="heroic" FSGID="heroic"
type=EXECVE msg=audit(1769493193.346:2168): argc=2 a0="ps" a1="aux"
type=CWD msg=audit(1769493193.346:2168): cwd="/tmp/hids_malicious"
type=PATH msg=audit(1769493193.346:2168): item=0 name="/usr/bin/ps" inode=1574103 dev=08:02 mode=0100755 ouid=0 ogid=0 rdev=00:00 nametype=NORMAL cap_fp=0 cap_fi=0 cap_fe=0 cap_fver=0 cap_frootid=0OUID="root" OGID="root"
type=PATH msg=audit(1769493193.346:2168): item=1 name="/lib64/ld-linux-x86-64.so.2" inode=1575340 dev=08:02 mode=0100755 ouid=0 ogid=0 rdev=00:00 nametype=NORMAL cap_fp=0 cap_fi=0 cap_fe=0 cap_fver=0 cap_frootid=0OUID="root" OGID="root"
type=PROCTITLE msg=audit(1769493193.346:2168): proctitle=707300617578
type=SYSCALL msg=audit(1769493193.404:2169): arch=c000003e syscall=59 success=yes exit=0 a0=5da302dcd3b0 a1=5da302dcc8b0 a2=5da302dc08f0 a3=5da302dcc8b0 items=2 ppid=3886 pid=4115 auid=1000 uid=1000 gid=1000 euid=1000 suid=1000 fsuid=1000 egid=1000 sgid=1000 fsgid=1000 tty=pts0 ses=3 comm="whoami" exe="/usr/bin/whoami" subj=unconfined key="process_exec"ARCH=x86_64 SYSCALL=execve AUID="heroic" UID="heroic" GID="heroic" EUID="heroic" SUID="heroic" FSUID="heroic" EGID="heroic" SGID="heroic" FSGID="heroic"
type=EXECVE msg=audit(1769493193.404:2169): argc=1 a0="whoami"
type=CWD msg=audit(1769493193.404:2169): cwd="/tmp/hids_malicious"
type=PATH msg=audit(1769493193.404:2169): item=0 name="/usr/bin/whoami" inode=1578239 dev=08:02 mode=0100755 ouid=0 ogid=0 rdev=00:00 nametype=NORMAL cap_fp=0 cap_fi=0 cap_fe=0 cap_fver=0 cap_frootid=0OUID="root" OGID="root"
type=PATH msg=audit(1769493193.404:2169): item=1 name="/lib64/ld-linux-x86-64.so.2" inode=1575340 dev=08:02 mode=0100755 ouid=0 ogid=0 rdev=00:00 nametype=NORMAL cap_fp=0 cap_fi=0 cap_fe=0 cap_fver=0 cap_frootid=0OUID="root" OGID="root"
type=PROCTITLE msg=audit(1769493193.404:2169): proctitle="whoami"
type=SYSCALL msg=audit(1769493193.431:2170): arch=c000003e syscall=59 success=yes exit=0 a0=5da302dcd390 a1=5da302dc87e0 a2=5da302dc08f0 a3=5da302dc87e0 items=2 ppid=3886 pid=4116 auid=1000 uid=1000 gid=1000 euid=1000 suid=1000 fsuid=1000 egid=1000 sgid=1000 fsgid=1000 tty=pts0 ses=3 comm="id" exe="/usr/bin/id" subj=unconfined key="process_exec"ARCH=x86_64 SYSCALL=execve AUID="heroic" UID="heroic" GID="heroic" EUID="heroic" SUID="heroic" FSUID="heroic" EGID="heroic" SGID="heroic" FSGID="heroic"
type=EXECVE msg=audit(1769493193.431:2170): argc=1 a0="id"
type=CWD msg=audit(1769493193.431:2170): cwd="/tmp/hids_malicious"
type=PATH msg=audit(1769493193.431:2170): item=0 name="/usr/bin/id" inode=1578097 dev=08:02 mode=0100755 ouid=0 ogid=0 rdev=00:00 nametype=NORMAL cap_fp=0 cap_fi=0 cap_fe=0 cap_fver=0 cap_frootid=0OUID="root" OGID="root"
type=PATH msg=audit(1769493193.431:2170): item=1 name="/lib64/ld-linux-x86-64.so.2" inode=1575340 dev=08:02 mode=0100755 ouid=0 ogid=0 rdev=00:00 nametype=NORMAL cap_fp=0 cap_fi=0 cap_fe=0 cap_fver=0 cap_frootid=0OUID="root" OGID="root"
type=PROCTITLE msg=audit(1769493193.431:2170): proctitle="id"
type=SYSCALL msg=audit(1769493193.462:2171): arch=c000003e syscall=59 success=yes exit=0 a0=5da302dcd3b0 a1=5da302dcc910 a2=5da302dc08f0 a3=5da302dc8940 items=2 ppid=3886 pid=4117 auid=1000 uid=1000 gid=1000 euid=1000 suid=1000 fsuid=1000 egid=1000 sgid=1000 fsgid=1000 tty=pts0 ses=3 comm="uname" exe="/usr/bin/uname" subj=unconfined key="process_exec"ARCH=x86_64 SYSCALL=execve AUID="heroic" UID="heroic" GID="heroic" EUID="heroic" SUID="heroic" FSUID="heroic" EGID="heroic" SGID="heroic" FSGID="heroic"
type=EXECVE msg=audit(1769493193.462:2171): argc=2 a0="uname" a1="-a"
type=CWD msg=audit(1769493193.462:2171): cwd="/tmp/hids_malicious"
type=PATH msg=audit(1769493193.462:2171): item=0 name="/usr/bin/uname" inode=1578226 dev=08:02 mode=0100755 ouid=0 ogid=0 rdev=00:00 nametype=NORMAL cap_fp=0 cap_fi=0 cap_fe=0 cap_fver=0 cap_frootid=0OUID="root" OGID="root"
type=PATH msg=audit(1769493193.462:2171): item=1 name="/lib64/ld-linux-x86-64.so.2" inode=1575340 dev=08:02 mode=0100755 ouid=0 ogid=0 rdev=00:00 nametype=NORMAL cap_fp=0 cap_fi=0 cap_fe=0 cap_fver=0 cap_frootid=0OUID="root" OGID="root"
type=PROCTITLE msg=audit(1769493193.462:2171): proctitle=756E616D65002D61
type=SYSCALL msg=audit(1769493193.516:2172): arch=c000003e syscall=59 success=yes exit=0 a0=5da302dcc970 a1=5da302dca210 a2=5da302dc08f0 a3=5da302dc8920 items=2 ppid=3886 pid=4118 auid=1000 uid=1000 gid=1000 euid=1000 suid=1000 fsuid=1000 egid=1000 sgid=1000 fsgid=1000 tty=pts0 ses=3 comm="ss" exe="/usr/bin/ss" subj=unconfined key="process_exec"ARCH=x86_64 SYSCALL=execve AUID="heroic" UID="heroic" GID="heroic" EUID="heroic" SUID="heroic" FSUID="heroic" EGID="heroic" SGID="heroic" FSGID="heroic"
type=EXECVE msg=audit(1769493193.516:2172): argc=2 a0="ss" a1="-tulnp"
type=CWD msg=audit(1769493193.516:2172): cwd="/tmp/hids_malicious"
type=PATH msg=audit(1769493193.516:2172): item=0 name="/usr/bin/ss" inode=1574256 dev=08:02 mode=0100755 ouid=0 ogid=0 rdev=00:00 nametype=NORMAL cap_fp=0 cap_fi=0 cap_fe=0 cap_fver=0 cap_frootid=0OUID="root" OGID="root"
type=PATH msg=audit(1769493193.516:2172): item=1 name="/lib64/ld-linux-x86-64.so.2" inode=1575340 dev=08:02 mode=0100755 ouid=0 ogid=0 rdev=00:00 nametype=NORMAL cap_fp=0 cap_fi=0 cap_fe=0 cap_fver=0 cap_frootid=0OUID="root" OGID="root"
type=PROCTITLE msg=audit(1769493193.516:2172): proctitle=7373002D74756C6E70
type=SYSCALL msg=audit(1769493193.557:2173): arch=c000003e syscall=59 success=yes exit=0 a0=5da302dcd3b0 a1=5da302dcc280 a2=5da302dc08f0 a3=5da302dcd390 items=2 ppid=3886 pid=4119 auid=1000 uid=1000 gid=1000 euid=1000 suid=1000 fsuid=1000 egid=1000 sgid=1000 fsgid=1000 tty=pts0 ses=3 comm="chmod" exe="/usr/bin/chmod" subj=unconfined key="process_exec"ARCH=x86_64 SYSCALL=execve AUID="heroic" UID="heroic" GID="heroic" EUID="heroic" SUID="heroic" FSUID="heroic" EGID="heroic" SGID="heroic" FSGID="heroic"
type=EXECVE msg=audit(1769493193.557:2173): argc=3 a0="chmod" a1="+x" a2="payload.sh"
type=CWD msg=audit(1769493193.557:2173): cwd="/tmp/hids_malicious"
type=PATH msg=audit(1769493193.557:2173): item=0 name="/usr/bin/chmod" inode=1578019 dev=08:02 mode=0100755 ouid=0 ogid=0 rdev=00:00 nametype=NORMAL cap_fp=0 cap_fi=0 cap_fe=0 cap_fver=0 cap_frootid=0OUID="root" OGID="root"
type=PATH msg=audit(1769493193.557:2173): item=1 name="/lib64/ld-linux-x86-64.so.2" inode=1575340 dev=08:02 mode=0100755 ouid=0 ogid=0 rdev=00:00 nametype=NORMAL cap_fp=0 cap_fi=0 cap_fe=0 cap_fver=0 cap_frootid=0OUID="root" OGID="root"
type=PROCTITLE msg=audit(1769493193.557:2173): proctitle=63686D6F64002B78007061796C6F61642E7368
type=SYSCALL msg=audit(1769493193.563:2174): arch=c000003e syscall=59 success=yes exit=0 a0=5da302dcc8b0 a1=5da302dcea20 a2=5da302dc08f0 a3=8 items=2 ppid=3886 pid=4120 auid=1000 uid=1000 gid=1000 euid=1000 suid=1000 fsuid=1000 egid=1000 sgid=1000 fsgid=1000 tty=pts0 ses=3 comm="curl" exe="/usr/bin/curl" subj=unconfined key="process_exec"ARCH=x86_64 SYSCALL=execve AUID="heroic" UID="heroic" GID="heroic" EUID="heroic" SUID="heroic" FSUID="heroic" EGID="heroic" SGID="heroic" FSGID="heroic"
type=EXECVE msg=audit(1769493193.563:2174): argc=3 a0="curl" a1="-s" a2="file:///tmp/hids_malicious/payload.sh"
type=CWD msg=audit(1769493193.563:2174): cwd="/tmp/hids_malicious"
type=PATH msg=audit(1769493193.563:2174): item=0 name="/usr/bin/curl" inode=1573697 dev=08:02 mode=0100755 ouid=0 ogid=0 rdev=00:00 nametype=NORMAL cap_fp=0 cap_fi=0 cap_fe=0 cap_fver=0 cap_frootid=0OUID="root" OGID="root"
type=PATH msg=audit(1769493193.563:2174): item=1 name="/lib64/ld-linux-x86-64.so.2" inode=1575340 dev=08:02 mode=0100755 ouid=0 ogid=0 rdev=00:00 nametype=NORMAL cap_fp=0 cap_fi=0 cap_fe=0 cap_fver=0 cap_frootid=0OUID="root" OGID="root"
type=PROCTITLE msg=audit(1769493193.563:2174): proctitle=6375726C002D730066696C653A2F2F2F746D702F686964735F6D616C6963696F75732F7061796C6F61642E7368
type=SYSCALL msg=audit(1769493193.563:2175): arch=c000003e syscall=59 success=yes exit=0 a0=5da302dcc8b0 a1=5da302dcc3d0 a2=5da302dc08f0 a3=8 items=2 ppid=3886 pid=4121 auid=1000 uid=1000 gid=1000 euid=1000 suid=1000 fsuid=1000 egid=1000 sgid=1000 fsgid=1000 tty=pts0 ses=3 comm="bash" exe="/usr/bin/bash" subj=unconfined key="process_exec"ARCH=x86_64 SYSCALL=execve AUID="heroic" UID="heroic" GID="heroic" EUID="heroic" SUID="heroic" FSUID="heroic" EGID="heroic" SGID="heroic" FSGID="heroic"
type=EXECVE msg=audit(1769493193.563:2175): argc=1 a0="bash"
type=CWD msg=audit(1769493193.563:2175): cwd="/tmp/hids_malicious"
type=PATH msg=audit(1769493193.563:2175): item=0 name="/usr/bin/bash" inode=1573437 dev=08:02 mode=0100755 ouid=0 ogid=0 rdev=00:00 nametype=NORMAL cap_fp=0 cap_fi=0 cap_fe=0 cap_fver=0 cap_frootid=0OUID="root" OGID="root"
type=PATH msg=audit(1769493193.563:2175): item=1 name="/lib64/ld-linux-x86-64.so.2" inode=1575340 dev=08:02 mode=0100755 ouid=0 ogid=0 rdev=00:00 nametype=NORMAL cap_fp=0 cap_fi=0 cap_fe=0 cap_fver=0 cap_frootid=0OUID="root" OGID="root"
type=PROCTITLE msg=audit(1769493193.563:2175): proctitle="bash"
type=SYSCALL msg=audit(1769493193.626:2176): arch=c000003e syscall=59 success=yes exit=0 a0=5da302dcc970 a1=5da302dcd3f0 a2=5da302dc08f0 a3=5da302dcd3f0 items=2 ppid=3886 pid=4122 auid=1000 uid=1000 gid=1000 euid=0 suid=0 fsuid=0 egid=1000 sgid=1000 fsgid=1000 tty=pts0 ses=3 comm="sudo" exe="/usr/bin/sudo" subj=unconfined key="process_exec"ARCH=x86_64 SYSCALL=execve AUID="heroic" UID="heroic" GID="heroic" EUID="root" SUID="root" FSUID="root" EGID="heroic" SGID="heroic" FSGID="heroic"
type=EXECVE msg=audit(1769493193.626:2176): argc=2 a0="sudo" a1="-l"
type=CWD msg=audit(1769493193.626:2176): cwd="/tmp/hids_malicious"
type=PATH msg=audit(1769493193.626:2176): item=0 name="/usr/bin/sudo" inode=1574274 dev=08:02 mode=0104755 ouid=0 ogid=0 rdev=00:00 nametype=NORMAL cap_fp=0 cap_fi=0 cap_fe=0 cap_fver=0 cap_frootid=0OUID="root" OGID="root"
type=PATH msg=audit(1769493193.626:2176): item=1 name="/lib64/ld-linux-x86-64.so.2" inode=1575340 dev=08:02 mode=0100755 ouid=0 ogid=0 rdev=00:00 nametype=NORMAL cap_fp=0 cap_fi=0 cap_fe=0 cap_fver=0 cap_frootid=0OUID="root" OGID="root"
type=PROCTITLE msg=audit(1769493193.626:2176): proctitle=7375646F002D6C
type=USER_ACCT msg=audit(1769493193.768:2177): pid=4122 uid=1000 auid=1000 ses=3 subj=unconfined msg='op=PAM:accounting grantors=pam_permit,pam_localuser acct="heroic" exe="/usr/bin/sudo" hostname=? addr=? terminal=/dev/pts/0 res=success'UID="heroic" AUID="heroic"
type=SYSCALL msg=audit(1769493193.780:2178): arch=c000003e syscall=59 success=yes exit=0 a0=5da302dcd3b0 a1=5da302dcd390 a2=5da302dc08f0 a3=5da302dcd390 items=2 ppid=3886 pid=4123 auid=1000 uid=1000 gid=1000 euid=0 suid=0 fsuid=0 egid=1000 sgid=1000 fsgid=1000 tty=pts0 ses=3 comm="sudo" exe="/usr/bin/sudo" subj=unconfined key="process_exec"ARCH=x86_64 SYSCALL=execve AUID="heroic" UID="heroic" GID="heroic" EUID="root" SUID="root" FSUID="root" EGID="heroic" SGID="heroic" FSGID="heroic"
type=EXECVE msg=audit(1769493193.780:2178): argc=2 a0="sudo" a1="whoami"
type=CWD msg=audit(1769493193.780:2178): cwd="/tmp/hids_malicious"
type=PATH msg=audit(1769493193.780:2178): item=0 name="/usr/bin/sudo" inode=1574274 dev=08:02 mode=0104755 ouid=0 ogid=0 rdev=00:00 nametype=NORMAL cap_fp=0 cap_fi=0 cap_fe=0 cap_fver=0 cap_frootid=0OUID="root" OGID="root"
type=PATH msg=audit(1769493193.780:2178): item=1 name="/lib64/ld-linux-x86-64.so.2" inode=1575340 dev=08:02 mode=0100755 ouid=0 ogid=0 rdev=00:00 nametype=NORMAL cap_fp=0 cap_fi=0 cap_fe=0 cap_fver=0 cap_frootid=0OUID="root" OGID="root"
type=PROCTITLE msg=audit(1769493193.780:2178): proctitle=7375646F0077686F616D69
type=USER_ACCT msg=audit(1769493193.934:2179): pid=4123 uid=1000 auid=1000 ses=3 subj=unconfined msg='op=PAM:accounting grantors=pam_permit,pam_localuser acct="heroic" exe="/usr/bin/sudo" hostname=? addr=? terminal=/dev/pts/0 res=success'UID="heroic" AUID="heroic"
type=USER_CMD msg=audit(1769493193.942:2180): pid=4123 uid=1000 auid=1000 ses=3 subj=unconfined msg='cwd="/tmp/hids_malicious" cmd="whoami" exe="/usr/bin/sudo" terminal=pts/0 res=success'UID="heroic" AUID="heroic"
type=CRED_REFR msg=audit(1769493193.947:2181): pid=4123 uid=1000 auid=1000 ses=3 subj=unconfined msg='op=PAM:setcred grantors=pam_permit,pam_cap acct="root" exe="/usr/bin/sudo" hostname=? addr=? terminal=/dev/pts/0 res=success'UID="heroic" AUID="heroic"
type=USER_START msg=audit(1769493193.947:2182): pid=4123 uid=1000 auid=1000 ses=3 subj=unconfined msg='op=PAM:session_open grantors=pam_limits,pam_env,pam_env,pam_permit,pam_umask,pam_unix acct="root" exe="/usr/bin/sudo" hostname=? addr=? terminal=/dev/pts/0 res=success'UID="heroic" AUID="heroic"
type=SYSCALL msg=audit(1769493193.955:2183): arch=c000003e syscall=59 success=yes exit=0 a0=5b6bcc3cab68 a1=5b6bcc3daba0 a2=5b6bcc3ed340 a3=64 items=2 ppid=4124 pid=4125 auid=1000 uid=0 gid=0 euid=0 suid=0 fsuid=0 egid=0 sgid=0 fsgid=0 tty=pts4 ses=3 comm="whoami" exe="/usr/bin/whoami" subj=unconfined key="process_exec"ARCH=x86_64 SYSCALL=execve AUID="heroic" UID="root" GID="root" EUID="root" SUID="root" FSUID="root" EGID="root" SGID="root" FSGID="root"
type=EXECVE msg=audit(1769493193.955:2183): argc=1 a0="whoami"
type=CWD msg=audit(1769493193.955:2183): cwd="/tmp/hids_malicious"
type=PATH msg=audit(1769493193.955:2183): item=0 name="/usr/bin/whoami" inode=1578239 dev=08:02 mode=0100755 ouid=0 ogid=0 rdev=00:00 nametype=NORMAL cap_fp=0 cap_fi=0 cap_fe=0 cap_fver=0 cap_frootid=0OUID="root" OGID="root"
type=PATH msg=audit(1769493193.955:2183): item=1 name="/lib64/ld-linux-x86-64.so.2" inode=1575340 dev=08:02 mode=0100755 ouid=0 ogid=0 rdev=00:00 nametype=NORMAL cap_fp=0 cap_fi=0 cap_fe=0 cap_fver=0 cap_frootid=0OUID="root" OGID="root"
type=PROCTITLE msg=audit(1769493193.955:2183): proctitle="whoami"
type=USER_END msg=audit(1769493193.963:2184): pid=4123 uid=1000 auid=1000 ses=3 subj=unconfined msg='op=PAM:session_close grantors=pam_limits,pam_env,pam_env,pam_permit,pam_umask,pam_unix acct="root" exe="/usr/bin/sudo" hostname=? addr=? terminal=/dev/pts/0 res=success'UID="heroic" AUID="heroic"
type=CRED_DISP msg=audit(1769493193.963:2185): pid=4123 uid=1000 auid=1000 ses=3 subj=unconfined msg='op=PAM:setcred grantors=pam_permit acct="root" exe="/usr/bin/sudo" hostname=? addr=? terminal=/dev/pts/0 res=success'UID="heroic" AUID="heroic"
type=SYSCALL msg=audit(1769493193.991:2186): arch=c000003e syscall=59 success=yes exit=0 a0=5da302dcc970 a1=5da302dc7090 a2=5da302dc08f0 a3=5da302dcd3f0 items=2 ppid=3886 pid=4127 auid=1000 uid=1000 gid=1000 euid=0 suid=0 fsuid=0 egid=1000 sgid=1000 fsgid=1000 tty=pts0 ses=3 comm="sudo" exe="/usr/bin/sudo" subj=unconfined key="process_exec"ARCH=x86_64 SYSCALL=execve AUID="heroic" UID="heroic" GID="heroic" EUID="root" SUID="root" FSUID="root" EGID="heroic" SGID="heroic" FSGID="heroic"
type=EXECVE msg=audit(1769493193.991:2186): argc=3 a0="sudo" a1="tee" a2="/etc/cron.d/hids_persist"
type=CWD msg=audit(1769493193.991:2186): cwd="/tmp/hids_malicious"
type=PATH msg=audit(1769493193.991:2186): item=0 name="/usr/bin/sudo" inode=1574274 dev=08:02 mode=0104755 ouid=0 ogid=0 rdev=00:00 nametype=NORMAL cap_fp=0 cap_fi=0 cap_fe=0 cap_fver=0 cap_frootid=0OUID="root" OGID="root"
type=PATH msg=audit(1769493193.991:2186): item=1 name="/lib64/ld-linux-x86-64.so.2" inode=1575340 dev=08:02 mode=0100755 ouid=0 ogid=0 rdev=00:00 nametype=NORMAL cap_fp=0 cap_fi=0 cap_fe=0 cap_fver=0 cap_frootid=0OUID="root" OGID="root"
type=PROCTITLE msg=audit(1769493193.991:2186): proctitle=7375646F00746565002F6574632F63726F6E2E642F686964735F70657273697374
type=USER_ACCT msg=audit(1769493194.038:2187): pid=4127 uid=1000 auid=1000 ses=3 subj=unconfined msg='op=PAM:accounting grantors=pam_permit,pam_localuser acct="heroic" exe="/usr/bin/sudo" hostname=? addr=? terminal=/dev/pts/0 res=success'UID="heroic" AUID="heroic"
type=USER_CMD msg=audit(1769493194.040:2188): pid=4127 uid=1000 auid=1000 ses=3 subj=unconfined msg='cwd="/tmp/hids_malicious" cmd=746565202F6574632F63726F6E2E642F686964735F70657273697374 exe="/usr/bin/sudo" terminal=pts/0 res=success'UID="heroic" AUID="heroic"
type=CRED_REFR msg=audit(1769493194.045:2189): pid=4127 uid=1000 auid=1000 ses=3 subj=unconfined msg='op=PAM:setcred grantors=pam_permit,pam_cap acct="root" exe="/usr/bin/sudo" hostname=? addr=? terminal=/dev/pts/0 res=success'UID="heroic" AUID="heroic"
type=USER_START msg=audit(1769493194.047:2190): pid=4127 uid=1000 auid=1000 ses=3 subj=unconfined msg='op=PAM:session_open grantors=pam_limits,pam_env,pam_env,pam_permit,pam_umask,pam_unix acct="root" exe="/usr/bin/sudo" hostname=? addr=? terminal=/dev/pts/0 res=success'UID="heroic" AUID="heroic"
type=SYSCALL msg=audit(1769493194.050:2191): arch=c000003e syscall=59 success=yes exit=0 a0=5c1f39926b68 a1=5c1f39936ba0 a2=5c1f399497a0 a3=64 items=2 ppid=4128 pid=4129 auid=1000 uid=0 gid=0 euid=0 suid=0 fsuid=0 egid=0 sgid=0 fsgid=0 tty=pts4 ses=3 comm="tee" exe="/usr/bin/tee" subj=unconfined key="process_exec"ARCH=x86_64 SYSCALL=execve AUID="heroic" UID="root" GID="root" EUID="root" SUID="root" FSUID="root" EGID="root" SGID="root" FSGID="root"
type=EXECVE msg=audit(1769493194.050:2191): argc=2 a0="tee" a1="/etc/cron.d/hids_persist"
type=CWD msg=audit(1769493194.050:2191): cwd="/tmp/hids_malicious"
type=PATH msg=audit(1769493194.050:2191): item=0 name="/usr/bin/tee" inode=1578148 dev=08:02 mode=0100755 ouid=0 ogid=0 rdev=00:00 nametype=NORMAL cap_fp=0 cap_fi=0 cap_fe=0 cap_fver=0 cap_frootid=0OUID="root" OGID="root"
type=PATH msg=audit(1769493194.050:2191): item=1 name="/lib64/ld-linux-x86-64.so.2" inode=1575340 dev=08:02 mode=0100755 ouid=0 ogid=0 rdev=00:00 nametype=NORMAL cap_fp=0 cap_fi=0 cap_fe=0 cap_fver=0 cap_frootid=0OUID="root" OGID="root"
type=PROCTITLE msg=audit(1769493194.050:2191): proctitle=746565002F6574632F63726F6E2E642F686964735F70657273697374
type=SYSCALL msg=audit(1769493194.057:2192): arch=c000003e syscall=257 success=yes exit=3 a0=ffffff9c a1=7ffd4382c72c a2=241 a3=1b6 items=2 ppid=4128 pid=4129 auid=1000 uid=0 gid=0 euid=0 suid=0 fsuid=0 egid=0 sgid=0 fsgid=0 tty=pts4 ses=3 comm="tee" exe="/usr/bin/tee" subj=unconfined key="persistence"ARCH=x86_64 SYSCALL=openat AUID="heroic" UID="root" GID="root" EUID="root" SUID="root" FSUID="root" EGID="root" SGID="root" FSGID="root"
type=CWD msg=audit(1769493194.057:2192): cwd="/tmp/hids_malicious"
type=PATH msg=audit(1769493194.057:2192): item=0 name="/etc/cron.d/" inode=1703968 dev=08:02 mode=040755 ouid=0 ogid=0 rdev=00:00 nametype=PARENT cap_fp=0 cap_fi=0 cap_fe=0 cap_fver=0 cap_frootid=0OUID="root" OGID="root"
type=PATH msg=audit(1769493194.057:2192): item=1 name="/etc/cron.d/hids_persist" inode=1704205 dev=08:02 mode=0100644 ouid=0 ogid=0 rdev=00:00 nametype=CREATE cap_fp=0 cap_fi=0 cap_fe=0 cap_fver=0 cap_frootid=0OUID="root" OGID="root"
type=PROCTITLE msg=audit(1769493194.057:2192): proctitle=746565002F6574632F63726F6E2E642F686964735F70657273697374
type=USER_END msg=audit(1769493194.059:2193): pid=4127 uid=1000 auid=1000 ses=3 subj=unconfined msg='op=PAM:session_close grantors=pam_limits,pam_env,pam_env,pam_permit,pam_umask,pam_unix acct="root" exe="/usr/bin/sudo" hostname=? addr=? terminal=/dev/pts/0 res=success'UID="heroic" AUID="heroic"
type=CRED_DISP msg=audit(1769493194.059:2194): pid=4127 uid=1000 auid=1000 ses=3 subj=unconfined msg='op=PAM:setcred grantors=pam_permit acct="root" exe="/usr/bin/sudo" hostname=? addr=? terminal=/dev/pts/0 res=success'UID="heroic" AUID="heroic"
type=SYSCALL msg=audit(1769493194.066:2195): arch=c000003e syscall=59 success=yes exit=0 a0=5da302dcd390 a1=5da302dcd3f0 a2=5da302dc08f0 a3=5da302dcd3f0 items=2 ppid=3886 pid=4130 auid=1000 uid=1000 gid=1000 euid=1000 suid=1000 fsuid=1000 egid=1000 sgid=1000 fsgid=1000 tty=pts0 ses=3 comm="sleep" exe="/usr/bin/sleep" subj=unconfined key="process_exec"ARCH=x86_64 SYSCALL=execve AUID="heroic" UID="heroic" GID="heroic" EUID="heroic" SUID="heroic" FSUID="heroic" EGID="heroic" SGID="heroic" FSGID="heroic"
type=EXECVE msg=audit(1769493194.066:2195): argc=2 a0="sleep" a1="5"
type=CWD msg=audit(1769493194.066:2195): cwd="/tmp/hids_malicious"
type=PATH msg=audit(1769493194.066:2195): item=0 name="/usr/bin/sleep" inode=1578138 dev=08:02 mode=0100755 ouid=0 ogid=0 rdev=00:00 nametype=NORMAL cap_fp=0 cap_fi=0 cap_fe=0 cap_fver=0 cap_frootid=0OUID="root" OGID="root"
type=PATH msg=audit(1769493194.066:2195): item=1 name="/lib64/ld-linux-x86-64.so.2" inode=1575340 dev=08:02 mode=0100755 ouid=0 ogid=0 rdev=00:00 nametype=NORMAL cap_fp=0 cap_fi=0 cap_fe=0 cap_fver=0 cap_frootid=0OUID="root" OGID="root"
type=PROCTITLE msg=audit(1769493194.066:2195): proctitle=736C6565700035
type=SYSCALL msg=audit(1769493199.084:2196): arch=c000003e syscall=59 success=yes exit=0 a0=5da302dccd10 a1=5da302dcea80 a2=5da302dc08f0 a3=1 items=2 ppid=3886 pid=4131 auid=1000 uid=1000 gid=1000 euid=1000 suid=1000 fsuid=1000 egid=1000 sgid=1000 fsgid=1000 tty=pts0 ses=3 comm="rm" exe="/usr/bin/rm" subj=unconfined key="process_exec"ARCH=x86_64 SYSCALL=execve AUID="heroic" UID="heroic" GID="heroic" EUID="heroic" SUID="heroic" FSUID="heroic" EGID="heroic" SGID="heroic" FSGID="heroic"
type=EXECVE msg=audit(1769493199.084:2196): argc=58 a0="rm" a1="-f" a2="file_10.dat" a3="file_11.dat" a4="file_12.dat" a5="file_13.dat" a6="file_14.dat" a7="file_15.dat" a8="file_16.dat" a9="file_17.dat" a10="file_18.dat" a11="file_19.dat" a12="file_1.dat" a13="file_20.dat" a14="file_21.dat" a15="file_22.dat" a16="file_23.dat" a17="file_24.dat" a18="file_25.dat" a19="file_26.dat" a20="file_27.dat" a21="file_28.dat" a22="file_29.dat" a23="file_2.dat" a24="file_30.dat" a25="file_31.dat" a26="file_32.dat" a27="file_33.dat" a28="file_34.dat" a29="file_35.dat" a30="file_36.dat" a31="file_37.dat" a32="file_38.dat" a33="file_39.dat" a34="file_3.dat" a35="file_40.dat" a36="file_41.dat" a37="file_42.dat" a38="file_43.dat" a39="file_44.dat" a40="file_45.dat" a41="file_46.dat" a42="file_47.dat" a43="file_48.dat" a44="file_49.dat" a45="file_4.dat" a46="file_50.dat" a47="file_5.dat" a48="file_6.dat" a49="file_7.dat" a50="file_8.dat" a51="file_9.dat" a52="payload.sh" a53="recon.txt" a54="netstat.txt" a55="processes.txt" a56="sudo_enum.txt" a57="sudo_test.txt"
type=CWD msg=audit(1769493199.084:2196): cwd="/tmp/hids_malicious"
type=PATH msg=audit(1769493199.084:2196): item=0 name="/usr/bin/rm" inode=1578127 dev=08:02 mode=0100755 ouid=0 ogid=0 rdev=00:00 nametype=NORMAL cap_fp=0 cap_fi=0 cap_fe=0 cap_fver=0 cap_frootid=0OUID="root" OGID="root"
type=PATH msg=audit(1769493199.084:2196): item=1 name="/lib64/ld-linux-x86-64.so.2" inode=1575340 dev=08:02 mode=0100755 ouid=0 ogid=0 rdev=00:00 nametype=NORMAL cap_fp=0 cap_fi=0 cap_fe=0 cap_fver=0 cap_frootid=0OUID="root" OGID="root"
type=PROCTITLE msg=audit(1769493199.084:2196): proctitle=726D002D660066696C655F31302E6461740066696C655F31312E6461740066696C655F31322E6461740066696C655F31332E6461740066696C655F31342E6461740066696C655F31352E6461740066696C655F31362E6461740066696C655F31372E6461740066696C655F31382E6461740066696C655F31392E646174006669
type=SYSCALL msg=audit(1769493199.091:2197): arch=c000003e syscall=59 success=yes exit=0 a0=5da302dc8940 a1=5da302dcdda0 a2=5da302dc08f0 a3=5da302dcdda0 items=2 ppid=3886 pid=4132 auid=1000 uid=1000 gid=1000 euid=0 suid=0 fsuid=0 egid=1000 sgid=1000 fsgid=1000 tty=pts0 ses=3 comm="sudo" exe="/usr/bin/sudo" subj=unconfined key="process_exec"ARCH=x86_64 SYSCALL=execve AUID="heroic" UID="heroic" GID="heroic" EUID="root" SUID="root" FSUID="root" EGID="heroic" SGID="heroic" FSGID="heroic"
type=EXECVE msg=audit(1769493199.091:2197): argc=4 a0="sudo" a1="rm" a2="-f" a3="/etc/cron.d/hids_persist"
type=CWD msg=audit(1769493199.091:2197): cwd="/tmp/hids_malicious"
type=PATH msg=audit(1769493199.091:2197): item=0 name="/usr/bin/sudo" inode=1574274 dev=08:02 mode=0104755 ouid=0 ogid=0 rdev=00:00 nametype=NORMAL cap_fp=0 cap_fi=0 cap_fe=0 cap_fver=0 cap_frootid=0OUID="root" OGID="root"
type=PATH msg=audit(1769493199.091:2197): item=1 name="/lib64/ld-linux-x86-64.so.2" inode=1575340 dev=08:02 mode=0100755 ouid=0 ogid=0 rdev=00:00 nametype=NORMAL cap_fp=0 cap_fi=0 cap_fe=0 cap_fver=0 cap_frootid=0OUID="root" OGID="root"
type=PROCTITLE msg=audit(1769493199.091:2197): proctitle=7375646F00726D002D66002F6574632F63726F6E2E642F686964735F70657273697374
type=USER_ACCT msg=audit(1769493199.246:2198): pid=4132 uid=1000 auid=1000 ses=3 subj=unconfined msg='op=PAM:accounting grantors=pam_permit,pam_localuser acct="heroic" exe="/usr/bin/sudo" hostname=? addr=? terminal=/dev/pts/0 res=success'UID="heroic" AUID="heroic"
type=USER_CMD msg=audit(1769493199.246:2199): pid=4132 uid=1000 auid=1000 ses=3 subj=unconfined msg='cwd="/tmp/hids_malicious" cmd=726D202D66202F6574632F63726F6E2E642F686964735F70657273697374 exe="/usr/bin/sudo" terminal=pts/0 res=success'UID="heroic" AUID="heroic"
type=CRED_REFR msg=audit(1769493199.246:2200): pid=4132 uid=1000 auid=1000 ses=3 subj=unconfined msg='op=PAM:setcred grantors=pam_permit,pam_cap acct="root" exe="/usr/bin/sudo" hostname=? addr=? terminal=/dev/pts/0 res=success'UID="heroic" AUID="heroic"
type=USER_START msg=audit(1769493199.246:2201): pid=4132 uid=1000 auid=1000 ses=3 subj=unconfined msg='op=PAM:session_open grantors=pam_limits,pam_env,pam_env,pam_permit,pam_umask,pam_unix acct="root" exe="/usr/bin/sudo" hostname=? addr=? terminal=/dev/pts/0 res=success'UID="heroic" AUID="heroic"
type=SYSCALL msg=audit(1769493199.288:2202): arch=c000003e syscall=59 success=yes exit=0 a0=55e4d9270b68 a1=55e4d9280ba0 a2=55e4d92937a0 a3=64 items=2 ppid=4133 pid=4134 auid=1000 uid=0 gid=0 euid=0 suid=0 fsuid=0 egid=0 sgid=0 fsgid=0 tty=pts4 ses=3 comm="rm" exe="/usr/bin/rm" subj=unconfined key="process_exec"ARCH=x86_64 SYSCALL=execve AUID="heroic" UID="root" GID="root" EUID="root" SUID="root" FSUID="root" EGID="root" SGID="root" FSGID="root"
type=EXECVE msg=audit(1769493199.288:2202): argc=3 a0="rm" a1="-f" a2="/etc/cron.d/hids_persist"
type=CWD msg=audit(1769493199.288:2202): cwd="/tmp/hids_malicious"
type=PATH msg=audit(1769493199.288:2202): item=0 name="/usr/bin/rm" inode=1578127 dev=08:02 mode=0100755 ouid=0 ogid=0 rdev=00:00 nametype=NORMAL cap_fp=0 cap_fi=0 cap_fe=0 cap_fver=0 cap_frootid=0OUID="root" OGID="root"
type=PATH msg=audit(1769493199.288:2202): item=1 name="/lib64/ld-linux-x86-64.so.2" inode=1575340 dev=08:02 mode=0100755 ouid=0 ogid=0 rdev=00:00 nametype=NORMAL cap_fp=0 cap_fi=0 cap_fe=0 cap_fver=0 cap_frootid=0OUID="root" OGID="root"
type=PROCTITLE msg=audit(1769493199.288:2202): proctitle=726D002D66002F6574632F63726F6E2E642F686964735F70657273697374
type=SYSCALL msg=audit(1769493199.308:2203): arch=c000003e syscall=263 success=yes exit=0 a0=ffffff9c a1=62d740ac04a0 a2=0 a3=62d740ac1900 items=2 ppid=4133 pid=4134 auid=1000 uid=0 gid=0 euid=0 suid=0 fsuid=0 egid=0 sgid=0 fsgid=0 tty=pts4 ses=3 comm="rm" exe="/usr/bin/rm" subj=unconfined key="persistence"ARCH=x86_64 SYSCALL=unlinkat AUID="heroic" UID="root" GID="root" EUID="root" SUID="root" FSUID="root" EGID="root" SGID="root" FSGID="root"
type=CWD msg=audit(1769493199.308:2203): cwd="/tmp/hids_malicious"
type=PATH msg=audit(1769493199.308:2203): item=0 name="/etc/cron.d/" inode=1703968 dev=08:02 mode=040755 ouid=0 ogid=0 rdev=00:00 nametype=PARENT cap_fp=0 cap_fi=0 cap_fe=0 cap_fver=0 cap_frootid=0OUID="root" OGID="root"
type=PATH msg=audit(1769493199.308:2203): item=1 name="/etc/cron.d/hids_persist" inode=1704205 dev=08:02 mode=0100644 ouid=0 ogid=0 rdev=00:00 nametype=DELETE cap_fp=0 cap_fi=0 cap_fe=0 cap_fver=0 cap_frootid=0OUID="root" OGID="root"
type=PROCTITLE msg=audit(1769493199.308:2203): proctitle=726D002D66002F6574632F63726F6E2E642F686964735F70657273697374
type=USER_END msg=audit(1769493199.323:2204): pid=4132 uid=1000 auid=1000 ses=3 subj=unconfined msg='op=PAM:session_close grantors=pam_limits,pam_env,pam_env,pam_permit,pam_umask,pam_unix acct="root" exe="/usr/bin/sudo" hostname=? addr=? terminal=/dev/pts/0 res=success'UID="heroic" AUID="heroic"
type=CRED_DISP msg=audit(1769493199.323:2205): pid=4132 uid=1000 auid=1000 ses=3 subj=unconfined msg='op=PAM:setcred grantors=pam_permit acct="root" exe="/usr/bin/sudo" hostname=? addr=? terminal=/dev/pts/0 res=success'UID="heroic" AUID="heroic"
type=SYSCALL msg=audit(1769493199.338:2206): arch=c000003e syscall=59 success=yes exit=0 a0=5da302dc8920 a1=5da302dca270 a2=5da302dc08f0 a3=5da302dca270 items=2 ppid=3886 pid=4135 auid=1000 uid=1000 gid=1000 euid=1000 suid=1000 fsuid=1000 egid=1000 sgid=1000 fsgid=1000 tty=pts0 ses=3 comm="rmdir" exe="/usr/bin/rmdir" subj=unconfined key="process_exec"ARCH=x86_64 SYSCALL=execve AUID="heroic" UID="heroic" GID="heroic" EUID="heroic" SUID="heroic" FSUID="heroic" EGID="heroic" SGID="heroic" FSGID="heroic"
type=EXECVE msg=audit(1769493199.338:2206): argc=2 a0="rmdir" a1="/tmp/hids_malicious"
type=CWD msg=audit(1769493199.338:2206): cwd="/tmp/hids_malicious"
type=PATH msg=audit(1769493199.338:2206): item=0 name="/usr/bin/rmdir" inode=1578128 dev=08:02 mode=0100755 ouid=0 ogid=0 rdev=00:00 nametype=NORMAL cap_fp=0 cap_fi=0 cap_fe=0 cap_fver=0 cap_frootid=0OUID="root" OGID="root"
type=PATH msg=audit(1769493199.338:2206): item=1 name="/lib64/ld-linux-x86-64.so.2" inode=1575340 dev=08:02 mode=0100755 ouid=0 ogid=0 rdev=00:00 nametype=NORMAL cap_fp=0 cap_fi=0 cap_fe=0 cap_fver=0 cap_frootid=0OUID="root" OGID="root"
type=PROCTITLE msg=audit(1769493199.338:2206): proctitle=726D646972002F746D702F686964735F6D616C6963696F7573
type=SYSCALL msg=audit(1769493199.352:2207): arch=c000003e syscall=59 success=yes exit=0 a0=5da302dc8940 a1=5da302dccd10 a2=5da302dc08f0 a3=5da302dccd10 items=2 ppid=3886 pid=4136 auid=1000 uid=1000 gid=1000 euid=1000 suid=1000 fsuid=1000 egid=1000 sgid=1000 fsgid=1000 tty=pts0 ses=3 comm="sleep" exe="/usr/bin/sleep" subj=unconfined key="process_exec"ARCH=x86_64 SYSCALL=execve AUID="heroic" UID="heroic" GID="heroic" EUID="heroic" SUID="heroic" FSUID="heroic" EGID="heroic" SGID="heroic" FSGID="heroic"
type=EXECVE msg=audit(1769493199.352:2207): argc=2 a0="sleep" a1="90"
type=CWD msg=audit(1769493199.352:2207): cwd=2F746D702F686964735F6D616C6963696F7573202864656C6574656429
type=PATH msg=audit(1769493199.352:2207): item=0 name="/usr/bin/sleep" inode=1578138 dev=08:02 mode=0100755 ouid=0 ogid=0 rdev=00:00 nametype=NORMAL cap_fp=0 cap_fi=0 cap_fe=0 cap_fver=0 cap_frootid=0OUID="root" OGID="root"
type=PATH msg=audit(1769493199.352:2207): item=1 name="/lib64/ld-linux-x86-64.so.2" inode=1575340 dev=08:02 mode=0100755 ouid=0 ogid=0 rdev=00:00 nametype=NORMAL cap_fp=0 cap_fi=0 cap_fe=0 cap_fver=0 cap_frootid=0OUID="root" OGID="root"
type=PROCTITLE msg=audit(1769493199.352:2207): proctitle=736C656570003930
type=SYSCALL msg=audit(1769493289.369:2208): arch=c000003e syscall=59 success=yes exit=0 a0=5da302dccf30 a1=5da302dc70f0 a2=5da302dc08f0 a3=5da302dcd0f0 items=2 ppid=3886 pid=4137 auid=1000 uid=1000 gid=1000 euid=1000 suid=1000 fsuid=1000 egid=1000 sgid=1000 fsgid=1000 tty=pts0 ses=3 comm="mkdir" exe="/usr/bin/mkdir" subj=unconfined key="process_exec"ARCH=x86_64 SYSCALL=execve AUID="heroic" UID="heroic" GID="heroic" EUID="heroic" SUID="heroic" FSUID="heroic" EGID="heroic" SGID="heroic" FSGID="heroic"
type=EXECVE msg=audit(1769493289.369:2208): argc=3 a0="mkdir" a1="-p" a2="/tmp/hids_malicious"
type=CWD msg=audit(1769493289.369:2208): cwd=2F746D702F686964735F6D616C6963696F7573202864656C6574656429
type=PATH msg=audit(1769493289.369:2208): item=0 name="/usr/bin/mkdir" inode=1578106 dev=08:02 mode=0100755 ouid=0 ogid=0 rdev=00:00 nametype=NORMAL cap_fp=0 cap_fi=0 cap_fe=0 cap_fver=0 cap_frootid=0OUID="root" OGID="root"
type=PATH msg=audit(1769493289.369:2208): item=1 name="/lib64/ld-linux-x86-64.so.2" inode=1575340 dev=08:02 mode=0100755 ouid=0 ogid=0 rdev=00:00 nametype=NORMAL cap_fp=0 cap_fi=0 cap_fe=0 cap_fver=0 cap_frootid=0OUID="root" OGID="root"
type=PROCTITLE msg=audit(1769493289.369:2208): proctitle=6D6B646972002D70002F746D702F686964735F6D616C6963696F7573
type=SYSCALL msg=audit(1769493289.374:2209): arch=c000003e syscall=59 success=yes exit=0 a0=5da302dcc950 a1=5da302dcd550 a2=5da302dc08f0 a3=5da302dccf50 items=2 ppid=3886 pid=4138 auid=1000 uid=1000 gid=1000 euid=1000 suid=1000 fsuid=1000 egid=1000 sgid=1000 fsgid=1000 tty=pts0 ses=3 comm="ps" exe="/usr/bin/ps" subj=unconfined key="process_exec"ARCH=x86_64 SYSCALL=execve AUID="heroic" UID="heroic" GID="heroic" EUID="heroic" SUID="heroic" FSUID="heroic" EGID="heroic" SGID="heroic" FSGID="heroic"
type=EXECVE msg=audit(1769493289.374:2209): argc=2 a0="ps" a1="aux"
type=CWD msg=audit(1769493289.374:2209): cwd="/tmp/hids_malicious"
type=PATH msg=audit(1769493289.374:2209): item=0 name="/usr/bin/ps" inode=1574103 dev=08:02 mode=0100755 ouid=0 ogid=0 rdev=00:00 nametype=NORMAL cap_fp=0 cap_fi=0 cap_fe=0 cap_fver=0 cap_frootid=0OUID="root" OGID="root"
type=PATH msg=audit(1769493289.374:2209): item=1 name="/lib64/ld-linux-x86-64.so.2" inode=1575340 dev=08:02 mode=0100755 ouid=0 ogid=0 rdev=00:00 nametype=NORMAL cap_fp=0 cap_fi=0 cap_fe=0 cap_fver=0 cap_frootid=0OUID="root" OGID="root"
type=PROCTITLE msg=audit(1769493289.374:2209): proctitle=707300617578
type=SYSCALL msg=audit(1769493289.388:2210): arch=c000003e syscall=59 success=yes exit=0 a0=5da302dccf30 a1=5da302dc8920 a2=5da302dc08f0 a3=5da302dc8920 items=2 ppid=3886 pid=4139 auid=1000 uid=1000 gid=1000 euid=1000 suid=1000 fsuid=1000 egid=1000 sgid=1000 fsgid=1000 tty=pts0 ses=3 comm="whoami" exe="/usr/bin/whoami" subj=unconfined key="process_exec"ARCH=x86_64 SYSCALL=execve AUID="heroic" UID="heroic" GID="heroic" EUID="heroic" SUID="heroic" FSUID="heroic" EGID="heroic" SGID="heroic" FSGID="heroic"
type=EXECVE msg=audit(1769493289.388:2210): argc=1 a0="whoami"
type=CWD msg=audit(1769493289.388:2210): cwd="/tmp/hids_malicious"
type=PATH msg=audit(1769493289.388:2210): item=0 name="/usr/bin/whoami" inode=1578239 dev=08:02 mode=0100755 ouid=0 ogid=0 rdev=00:00 nametype=NORMAL cap_fp=0 cap_fi=0 cap_fe=0 cap_fver=0 cap_frootid=0OUID="root" OGID="root"
type=PATH msg=audit(1769493289.388:2210): item=1 name="/lib64/ld-linux-x86-64.so.2" inode=1575340 dev=08:02 mode=0100755 ouid=0 ogid=0 rdev=00:00 nametype=NORMAL cap_fp=0 cap_fi=0 cap_fe=0 cap_fver=0 cap_frootid=0OUID="root" OGID="root"
type=PROCTITLE msg=audit(1769493289.388:2210): proctitle="whoami"
type=SYSCALL msg=audit(1769493289.404:2211): arch=c000003e syscall=59 success=yes exit=0 a0=5da302dccf10 a1=5da302dc8880 a2=5da302dc08f0 a3=5da302dc8880 items=2 ppid=3886 pid=4140 auid=1000 uid=1000 gid=1000 euid=1000 suid=1000 fsuid=1000 egid=1000 sgid=1000 fsgid=1000 tty=pts0 ses=3 comm="id" exe="/usr/bin/id" subj=unconfined key="process_exec"ARCH=x86_64 SYSCALL=execve AUID="heroic" UID="heroic" GID="heroic" EUID="heroic" SUID="heroic" FSUID="heroic" EGID="heroic" SGID="heroic" FSGID="heroic"
type=EXECVE msg=audit(1769493289.404:2211): argc=1 a0="id"
type=CWD msg=audit(1769493289.404:2211): cwd="/tmp/hids_malicious"
type=PATH msg=audit(1769493289.404:2211): item=0 name="/usr/bin/id" inode=1578097 dev=08:02 mode=0100755 ouid=0 ogid=0 rdev=00:00 nametype=NORMAL cap_fp=0 cap_fi=0 cap_fe=0 cap_fver=0 cap_frootid=0OUID="root" OGID="root"
type=PATH msg=audit(1769493289.404:2211): item=1 name="/lib64/ld-linux-x86-64.so.2" inode=1575340 dev=08:02 mode=0100755 ouid=0 ogid=0 rdev=00:00 nametype=NORMAL cap_fp=0 cap_fi=0 cap_fe=0 cap_fver=0 cap_frootid=0OUID="root" OGID="root"
type=PROCTITLE msg=audit(1769493289.404:2211): proctitle="id"
type=SYSCALL msg=audit(1769493289.410:2212): arch=c000003e syscall=59 success=yes exit=0 a0=5da302dccf30 a1=5da302dccc10 a2=5da302dc08f0 a3=5da302dcc950 items=2 ppid=3886 pid=4141 auid=1000 uid=1000 gid=1000 euid=1000 suid=1000 fsuid=1000 egid=1000 sgid=1000 fsgid=1000 tty=pts0 ses=3 comm="uname" exe="/usr/bin/uname" subj=unconfined key="process_exec"ARCH=x86_64 SYSCALL=execve AUID="heroic" UID="heroic" GID="heroic" EUID="heroic" SUID="heroic" FSUID="heroic" EGID="heroic" SGID="heroic" FSGID="heroic"
type=EXECVE msg=audit(1769493289.410:2212): argc=2 a0="uname" a1="-a"
type=CWD msg=audit(1769493289.410:2212): cwd="/tmp/hids_malicious"
type=PATH msg=audit(1769493289.410:2212): item=0 name="/usr/bin/uname" inode=1578226 dev=08:02 mode=0100755 ouid=0 ogid=0 rdev=00:00 nametype=NORMAL cap_fp=0 cap_fi=0 cap_fe=0 cap_fver=0 cap_frootid=0OUID="root" OGID="root"
type=PATH msg=audit(1769493289.410:2212): item=1 name="/lib64/ld-linux-x86-64.so.2" inode=1575340 dev=08:02 mode=0100755 ouid=0 ogid=0 rdev=00:00 nametype=NORMAL cap_fp=0 cap_fi=0 cap_fe=0 cap_fver=0 cap_frootid=0OUID="root" OGID="root"
type=PROCTITLE msg=audit(1769493289.410:2212): proctitle=756E616D65002D61
type=SYSCALL msg=audit(1769493289.413:2213): arch=c000003e syscall=59 success=yes exit=0 a0=5da302dccc70 a1=5da302dc7a40 a2=5da302dc08f0 a3=5da302dcd0f0 items=2 ppid=3886 pid=4142 auid=1000 uid=1000 gid=1000 euid=1000 suid=1000 fsuid=1000 egid=1000 sgid=1000 fsgid=1000 tty=pts0 ses=3 comm="ss" exe="/usr/bin/ss" subj=unconfined key="process_exec"ARCH=x86_64 SYSCALL=execve AUID="heroic" UID="heroic" GID="heroic" EUID="heroic" SUID="heroic" FSUID="heroic" EGID="heroic" SGID="heroic" FSGID="heroic"
type=EXECVE msg=audit(1769493289.413:2213): argc=2 a0="ss" a1="-tulnp"
type=CWD msg=audit(1769493289.413:2213): cwd="/tmp/hids_malicious"
type=PATH msg=audit(1769493289.413:2213): item=0 name="/usr/bin/ss" inode=1574256 dev=08:02 mode=0100755 ouid=0 ogid=0 rdev=00:00 nametype=NORMAL cap_fp=0 cap_fi=0 cap_fe=0 cap_fver=0 cap_frootid=0OUID="root" OGID="root"
type=PATH msg=audit(1769493289.413:2213): item=1 name="/lib64/ld-linux-x86-64.so.2" inode=1575340 dev=08:02 mode=0100755 ouid=0 ogid=0 rdev=00:00 nametype=NORMAL cap_fp=0 cap_fi=0 cap_fe=0 cap_fver=0 cap_frootid=0OUID="root" OGID="root"
type=PROCTITLE msg=audit(1769493289.413:2213): proctitle=7373002D74756C6E70
type=SYSCALL msg=audit(1769493289.426:2214): arch=c000003e syscall=59 success=yes exit=0 a0=5da302dccf30 a1=5da302dcde90 a2=5da302dc08f0 a3=5da302dccf10 items=2 ppid=3886 pid=4143 auid=1000 uid=1000 gid=1000 euid=1000 suid=1000 fsuid=1000 egid=1000 sgid=1000 fsgid=1000 tty=pts0 ses=3 comm="chmod" exe="/usr/bin/chmod" subj=unconfined key="process_exec"ARCH=x86_64 SYSCALL=execve AUID="heroic" UID="heroic" GID="heroic" EUID="heroic" SUID="heroic" FSUID="heroic" EGID="heroic" SGID="heroic" FSGID="heroic"
type=EXECVE msg=audit(1769493289.426:2214): argc=3 a0="chmod" a1="+x" a2="payload.sh"
type=CWD msg=audit(1769493289.426:2214): cwd="/tmp/hids_malicious"
type=PATH msg=audit(1769493289.426:2214): item=0 name="/usr/bin/chmod" inode=1578019 dev=08:02 mode=0100755 ouid=0 ogid=0 rdev=00:00 nametype=NORMAL cap_fp=0 cap_fi=0 cap_fe=0 cap_fver=0 cap_frootid=0OUID="root" OGID="root"
type=PATH msg=audit(1769493289.426:2214): item=1 name="/lib64/ld-linux-x86-64.so.2" inode=1575340 dev=08:02 mode=0100755 ouid=0 ogid=0 rdev=00:00 nametype=NORMAL cap_fp=0 cap_fi=0 cap_fe=0 cap_fver=0 cap_frootid=0OUID="root" OGID="root"
type=PROCTITLE msg=audit(1769493289.426:2214): proctitle=63686D6F64002B78007061796C6F61642E7368
type=SYSCALL msg=audit(1769493289.428:2215): arch=c000003e syscall=59 success=yes exit=0 a0=5da302dc8920 a1=5da302dce250 a2=5da302dc08f0 a3=8 items=2 ppid=3886 pid=4144 auid=1000 uid=1000 gid=1000 euid=1000 suid=1000 fsuid=1000 egid=1000 sgid=1000 fsgid=1000 tty=pts0 ses=3 comm="curl" exe="/usr/bin/curl" subj=unconfined key="process_exec"ARCH=x86_64 SYSCALL=execve AUID="heroic" UID="heroic" GID="heroic" EUID="heroic" SUID="heroic" FSUID="heroic" EGID="heroic" SGID="heroic" FSGID="heroic"
type=EXECVE msg=audit(1769493289.428:2215): argc=3 a0="curl" a1="-s" a2="file:///tmp/hids_malicious/payload.sh"
type=CWD msg=audit(1769493289.428:2215): cwd="/tmp/hids_malicious"
type=PATH msg=audit(1769493289.428:2215): item=0 name="/usr/bin/curl" inode=1573697 dev=08:02 mode=0100755 ouid=0 ogid=0 rdev=00:00 nametype=NORMAL cap_fp=0 cap_fi=0 cap_fe=0 cap_fver=0 cap_frootid=0OUID="root" OGID="root"
type=PATH msg=audit(1769493289.428:2215): item=1 name="/lib64/ld-linux-x86-64.so.2" inode=1575340 dev=08:02 mode=0100755 ouid=0 ogid=0 rdev=00:00 nametype=NORMAL cap_fp=0 cap_fi=0 cap_fe=0 cap_fver=0 cap_frootid=0OUID="root" OGID="root"
type=PROCTITLE msg=audit(1769493289.428:2215): proctitle=6375726C002D730066696C653A2F2F2F746D702F686964735F6D616C6963696F75732F7061796C6F61642E7368
type=SYSCALL msg=audit(1769493289.430:2216): arch=c000003e syscall=59 success=yes exit=0 a0=5da302dc8920 a1=5da302dc86e0 a2=5da302dc08f0 a3=8 items=2 ppid=3886 pid=4145 auid=1000 uid=1000 gid=1000 euid=1000 suid=1000 fsuid=1000 egid=1000 sgid=1000 fsgid=1000 tty=pts0 ses=3 comm="bash" exe="/usr/bin/bash" subj=unconfined key="process_exec"ARCH=x86_64 SYSCALL=execve AUID="heroic" UID="heroic" GID="heroic" EUID="heroic" SUID="heroic" FSUID="heroic" EGID="heroic" SGID="heroic" FSGID="heroic"
type=EXECVE msg=audit(1769493289.430:2216): argc=1 a0="bash"
type=CWD msg=audit(1769493289.430:2216): cwd="/tmp/hids_malicious"
type=PATH msg=audit(1769493289.430:2216): item=0 name="/usr/bin/bash" inode=1573437 dev=08:02 mode=0100755 ouid=0 ogid=0 rdev=00:00 nametype=NORMAL cap_fp=0 cap_fi=0 cap_fe=0 cap_fver=0 cap_frootid=0OUID="root" OGID="root"
type=PATH msg=audit(1769493289.430:2216): item=1 name="/lib64/ld-linux-x86-64.so.2" inode=1575340 dev=08:02 mode=0100755 ouid=0 ogid=0 rdev=00:00 nametype=NORMAL cap_fp=0 cap_fi=0 cap_fe=0 cap_fver=0 cap_frootid=0OUID="root" OGID="root"
type=PROCTITLE msg=audit(1769493289.430:2216): proctitle="bash"
type=SYSCALL msg=audit(1769493289.440:2217): arch=c000003e syscall=59 success=yes exit=0 a0=5da302dccc70 a1=5da302dccf70 a2=5da302dc08f0 a3=5da302dccf70 items=2 ppid=3886 pid=4146 auid=1000 uid=1000 gid=1000 euid=0 suid=0 fsuid=0 egid=1000 sgid=1000 fsgid=1000 tty=pts0 ses=3 comm="sudo" exe="/usr/bin/sudo" subj=unconfined key="process_exec"ARCH=x86_64 SYSCALL=execve AUID="heroic" UID="heroic" GID="heroic" EUID="root" SUID="root" FSUID="root" EGID="heroic" SGID="heroic" FSGID="heroic"
type=EXECVE msg=audit(1769493289.440:2217): argc=2 a0="sudo" a1="-l"
type=CWD msg=audit(1769493289.440:2217): cwd="/tmp/hids_malicious"
type=PATH msg=audit(1769493289.440:2217): item=0 name="/usr/bin/sudo" inode=1574274 dev=08:02 mode=0104755 ouid=0 ogid=0 rdev=00:00 nametype=NORMAL cap_fp=0 cap_fi=0 cap_fe=0 cap_fver=0 cap_frootid=0OUID="root" OGID="root"
type=PATH msg=audit(1769493289.440:2217): item=1 name="/lib64/ld-linux-x86-64.so.2" inode=1575340 dev=08:02 mode=0100755 ouid=0 ogid=0 rdev=00:00 nametype=NORMAL cap_fp=0 cap_fi=0 cap_fe=0 cap_fver=0 cap_frootid=0OUID="root" OGID="root"
type=PROCTITLE msg=audit(1769493289.440:2217): proctitle=7375646F002D6C
type=USER_ACCT msg=audit(1769493289.479:2218): pid=4146 uid=1000 auid=1000 ses=3 subj=unconfined msg='op=PAM:accounting grantors=pam_permit,pam_localuser acct="heroic" exe="/usr/bin/sudo" hostname=? addr=? terminal=/dev/pts/0 res=success'UID="heroic" AUID="heroic"
type=SYSCALL msg=audit(1769493289.483:2219): arch=c000003e syscall=59 success=yes exit=0 a0=5da302dccf30 a1=5da302dccf10 a2=5da302dc08f0 a3=5da302dccf10 items=2 ppid=3886 pid=4147 auid=1000 uid=1000 gid=1000 euid=0 suid=0 fsuid=0 egid=1000 sgid=1000 fsgid=1000 tty=pts0 ses=3 comm="sudo" exe="/usr/bin/sudo" subj=unconfined key="process_exec"ARCH=x86_64 SYSCALL=execve AUID="heroic" UID="heroic" GID="heroic" EUID="root" SUID="root" FSUID="root" EGID="heroic" SGID="heroic" FSGID="heroic"
type=EXECVE msg=audit(1769493289.483:2219): argc=2 a0="sudo" a1="whoami"
type=CWD msg=audit(1769493289.483:2219): cwd="/tmp/hids_malicious"
type=PATH msg=audit(1769493289.483:2219): item=0 name="/usr/bin/sudo" inode=1574274 dev=08:02 mode=0104755 ouid=0 ogid=0 rdev=00:00 nametype=NORMAL cap_fp=0 cap_fi=0 cap_fe=0 cap_fver=0 cap_frootid=0OUID="root" OGID="root"
type=PATH msg=audit(1769493289.483:2219): item=1 name="/lib64/ld-linux-x86-64.so.2" inode=1575340 dev=08:02 mode=0100755 ouid=0 ogid=0 rdev=00:00 nametype=NORMAL cap_fp=0 cap_fi=0 cap_fe=0 cap_fver=0 cap_frootid=0OUID="root" OGID="root"
type=PROCTITLE msg=audit(1769493289.483:2219): proctitle=7375646F0077686F616D69
type=USER_ACCT msg=audit(1769493289.513:2220): pid=4147 uid=1000 auid=1000 ses=3 subj=unconfined msg='op=PAM:accounting grantors=pam_permit,pam_localuser acct="heroic" exe="/usr/bin/sudo" hostname=? addr=? terminal=/dev/pts/0 res=success'UID="heroic" AUID="heroic"
type=USER_CMD msg=audit(1769493289.515:2221): pid=4147 uid=1000 auid=1000 ses=3 subj=unconfined msg='cwd="/tmp/hids_malicious" cmd="whoami" exe="/usr/bin/sudo" terminal=pts/0 res=success'UID="heroic" AUID="heroic"
type=CRED_REFR msg=audit(1769493289.516:2222): pid=4147 uid=1000 auid=1000 ses=3 subj=unconfined msg='op=PAM:setcred grantors=pam_permit,pam_cap acct="root" exe="/usr/bin/sudo" hostname=? addr=? terminal=/dev/pts/0 res=success'UID="heroic" AUID="heroic"
type=USER_START msg=audit(1769493289.516:2223): pid=4147 uid=1000 auid=1000 ses=3 subj=unconfined msg='op=PAM:session_open grantors=pam_limits,pam_env,pam_env,pam_permit,pam_umask,pam_unix acct="root" exe="/usr/bin/sudo" hostname=? addr=? terminal=/dev/pts/0 res=success'UID="heroic" AUID="heroic"
type=SYSCALL msg=audit(1769493289.517:2224): arch=c000003e syscall=59 success=yes exit=0 a0=55e443108b68 a1=55e443118ba0 a2=55e44312b340 a3=64 items=2 ppid=4148 pid=4149 auid=1000 uid=0 gid=0 euid=0 suid=0 fsuid=0 egid=0 sgid=0 fsgid=0 tty=pts4 ses=3 comm="whoami" exe="/usr/bin/whoami" subj=unconfined key="process_exec"ARCH=x86_64 SYSCALL=execve AUID="heroic" UID="root" GID="root" EUID="root" SUID="root" FSUID="root" EGID="root" SGID="root" FSGID="root"
type=EXECVE msg=audit(1769493289.517:2224): argc=1 a0="whoami"
type=CWD msg=audit(1769493289.517:2224): cwd="/tmp/hids_malicious"
type=PATH msg=audit(1769493289.517:2224): item=0 name="/usr/bin/whoami" inode=1578239 dev=08:02 mode=0100755 ouid=0 ogid=0 rdev=00:00 nametype=NORMAL cap_fp=0 cap_fi=0 cap_fe=0 cap_fver=0 cap_frootid=0OUID="root" OGID="root"
type=PATH msg=audit(1769493289.517:2224): item=1 name="/lib64/ld-linux-x86-64.so.2" inode=1575340 dev=08:02 mode=0100755 ouid=0 ogid=0 rdev=00:00 nametype=NORMAL cap_fp=0 cap_fi=0 cap_fe=0 cap_fver=0 cap_frootid=0OUID="root" OGID="root"
type=PROCTITLE msg=audit(1769493289.517:2224): proctitle="whoami"
type=USER_END msg=audit(1769493289.520:2225): pid=4147 uid=1000 auid=1000 ses=3 subj=unconfined msg='op=PAM:session_close grantors=pam_limits,pam_env,pam_env,pam_permit,pam_umask,pam_unix acct="root" exe="/usr/bin/sudo" hostname=? addr=? terminal=/dev/pts/0 res=success'UID="heroic" AUID="heroic"
type=CRED_DISP msg=audit(1769493289.520:2226): pid=4147 uid=1000 auid=1000 ses=3 subj=unconfined msg='op=PAM:setcred grantors=pam_permit acct="root" exe="/usr/bin/sudo" hostname=? addr=? terminal=/dev/pts/0 res=success'UID="heroic" AUID="heroic"
type=SYSCALL msg=audit(1769493289.521:2227): arch=c000003e syscall=59 success=yes exit=0 a0=5da302dccc70 a1=5da302dc7900 a2=5da302dc08f0 a3=5da302dccf70 items=2 ppid=3886 pid=4151 auid=1000 uid=1000 gid=1000 euid=0 suid=0 fsuid=0 egid=1000 sgid=1000 fsgid=1000 tty=pts0 ses=3 comm="sudo" exe="/usr/bin/sudo" subj=unconfined key="process_exec"ARCH=x86_64 SYSCALL=execve AUID="heroic" UID="heroic" GID="heroic" EUID="root" SUID="root" FSUID="root" EGID="heroic" SGID="heroic" FSGID="heroic"
type=EXECVE msg=audit(1769493289.521:2227): argc=3 a0="sudo" a1="tee" a2="/etc/cron.d/hids_persist"
type=CWD msg=audit(1769493289.521:2227): cwd="/tmp/hids_malicious"
type=PATH msg=audit(1769493289.521:2227): item=0 name="/usr/bin/sudo" inode=1574274 dev=08:02 mode=0104755 ouid=0 ogid=0 rdev=00:00 nametype=NORMAL cap_fp=0 cap_fi=0 cap_fe=0 cap_fver=0 cap_frootid=0OUID="root" OGID="root"
type=PATH msg=audit(1769493289.521:2227): item=1 name="/lib64/ld-linux-x86-64.so.2" inode=1575340 dev=08:02 mode=0100755 ouid=0 ogid=0 rdev=00:00 nametype=NORMAL cap_fp=0 cap_fi=0 cap_fe=0 cap_fver=0 cap_frootid=0OUID="root" OGID="root"
type=PROCTITLE msg=audit(1769493289.521:2227): proctitle=7375646F00746565002F6574632F63726F6E2E642F686964735F70657273697374
type=USER_ACCT msg=audit(1769493289.541:2228): pid=4151 uid=1000 auid=1000 ses=3 subj=unconfined msg='op=PAM:accounting grantors=pam_permit,pam_localuser acct="heroic" exe="/usr/bin/sudo" hostname=? addr=? terminal=/dev/pts/0 res=success'UID="heroic" AUID="heroic"
type=USER_CMD msg=audit(1769493289.541:2229): pid=4151 uid=1000 auid=1000 ses=3 subj=unconfined msg='cwd="/tmp/hids_malicious" cmd=746565202F6574632F63726F6E2E642F686964735F70657273697374 exe="/usr/bin/sudo" terminal=pts/0 res=success'UID="heroic" AUID="heroic"
type=CRED_REFR msg=audit(1769493289.542:2230): pid=4151 uid=1000 auid=1000 ses=3 subj=unconfined msg='op=PAM:setcred grantors=pam_permit,pam_cap acct="root" exe="/usr/bin/sudo" hostname=? addr=? terminal=/dev/pts/0 res=success'UID="heroic" AUID="heroic"
type=USER_START msg=audit(1769493289.542:2231): pid=4151 uid=1000 auid=1000 ses=3 subj=unconfined msg='op=PAM:session_open grantors=pam_limits,pam_env,pam_env,pam_permit,pam_umask,pam_unix acct="root" exe="/usr/bin/sudo" hostname=? addr=? terminal=/dev/pts/0 res=success'UID="heroic" AUID="heroic"
type=SYSCALL msg=audit(1769493289.543:2232): arch=c000003e syscall=59 success=yes exit=0 a0=5b463bc39b68 a1=5b463bc49ba0 a2=5b463bc5c7a0 a3=64 items=2 ppid=4152 pid=4153 auid=1000 uid=0 gid=0 euid=0 suid=0 fsuid=0 egid=0 sgid=0 fsgid=0 tty=pts4 ses=3 comm="tee" exe="/usr/bin/tee" subj=unconfined key="process_exec"ARCH=x86_64 SYSCALL=execve AUID="heroic" UID="root" GID="root" EUID="root" SUID="root" FSUID="root" EGID="root" SGID="root" FSGID="root"
type=EXECVE msg=audit(1769493289.543:2232): argc=2 a0="tee" a1="/etc/cron.d/hids_persist"
type=CWD msg=audit(1769493289.543:2232): cwd="/tmp/hids_malicious"
type=PATH msg=audit(1769493289.543:2232): item=0 name="/usr/bin/tee" inode=1578148 dev=08:02 mode=0100755 ouid=0 ogid=0 rdev=00:00 nametype=NORMAL cap_fp=0 cap_fi=0 cap_fe=0 cap_fver=0 cap_frootid=0OUID="root" OGID="root"
type=PATH msg=audit(1769493289.543:2232): item=1 name="/lib64/ld-linux-x86-64.so.2" inode=1575340 dev=08:02 mode=0100755 ouid=0 ogid=0 rdev=00:00 nametype=NORMAL cap_fp=0 cap_fi=0 cap_fe=0 cap_fver=0 cap_frootid=0OUID="root" OGID="root"
type=PROCTITLE msg=audit(1769493289.543:2232): proctitle=746565002F6574632F63726F6E2E642F686964735F70657273697374
type=SYSCALL msg=audit(1769493289.546:2233): arch=c000003e syscall=257 success=yes exit=3 a0=ffffff9c a1=7ffcdb83472c a2=241 a3=1b6 items=2 ppid=4152 pid=4153 auid=1000 uid=0 gid=0 euid=0 suid=0 fsuid=0 egid=0 sgid=0 fsgid=0 tty=pts4 ses=3 comm="tee" exe="/usr/bin/tee" subj=unconfined key="persistence"ARCH=x86_64 SYSCALL=openat AUID="heroic" UID="root" GID="root" EUID="root" SUID="root" FSUID="root" EGID="root" SGID="root" FSGID="root"
type=CWD msg=audit(1769493289.546:2233): cwd="/tmp/hids_malicious"
type=PATH msg=audit(1769493289.546:2233): item=0 name="/etc/cron.d/" inode=1703968 dev=08:02 mode=040755 ouid=0 ogid=0 rdev=00:00 nametype=PARENT cap_fp=0 cap_fi=0 cap_fe=0 cap_fver=0 cap_frootid=0OUID="root" OGID="root"
type=PATH msg=audit(1769493289.546:2233): item=1 name="/etc/cron.d/hids_persist" inode=1704205 dev=08:02 mode=0100644 ouid=0 ogid=0 rdev=00:00 nametype=CREATE cap_fp=0 cap_fi=0 cap_fe=0 cap_fver=0 cap_frootid=0OUID="root" OGID="root"
type=PROCTITLE msg=audit(1769493289.546:2233): proctitle=746565002F6574632F63726F6E2E642F686964735F70657273697374
type=USER_END msg=audit(1769493289.547:2234): pid=4151 uid=1000 auid=1000 ses=3 subj=unconfined msg='op=PAM:session_close grantors=pam_limits,pam_env,pam_env,pam_permit,pam_umask,pam_unix acct="root" exe="/usr/bin/sudo" hostname=? addr=? terminal=/dev/pts/0 res=success'UID="heroic" AUID="heroic"
type=CRED_DISP msg=audit(1769493289.547:2235): pid=4151 uid=1000 auid=1000 ses=3 subj=unconfined msg='op=PAM:setcred grantors=pam_permit acct="root" exe="/usr/bin/sudo" hostname=? addr=? terminal=/dev/pts/0 res=success'UID="heroic" AUID="heroic"
type=SYSCALL msg=audit(1769493289.551:2236): arch=c000003e syscall=59 success=yes exit=0 a0=5da302dccf10 a1=5da302dccf70 a2=5da302dc08f0 a3=5da302dccf70 items=2 ppid=3886 pid=4154 auid=1000 uid=1000 gid=1000 euid=1000 suid=1000 fsuid=1000 egid=1000 sgid=1000 fsgid=1000 tty=pts0 ses=3 comm="sleep" exe="/usr/bin/sleep" subj=unconfined key="process_exec"ARCH=x86_64 SYSCALL=execve AUID="heroic" UID="heroic" GID="heroic" EUID="heroic" SUID="heroic" FSUID="heroic" EGID="heroic" SGID="heroic" FSGID="heroic"
type=EXECVE msg=audit(1769493289.551:2236): argc=2 a0="sleep" a1="5"
type=CWD msg=audit(1769493289.551:2236): cwd="/tmp/hids_malicious"
type=PATH msg=audit(1769493289.551:2236): item=0 name="/usr/bin/sleep" inode=1578138 dev=08:02 mode=0100755 ouid=0 ogid=0 rdev=00:00 nametype=NORMAL cap_fp=0 cap_fi=0 cap_fe=0 cap_fver=0 cap_frootid=0OUID="root" OGID="root"
type=PATH msg=audit(1769493289.551:2236): item=1 name="/lib64/ld-linux-x86-64.so.2" inode=1575340 dev=08:02 mode=0100755 ouid=0 ogid=0 rdev=00:00 nametype=NORMAL cap_fp=0 cap_fi=0 cap_fe=0 cap_fver=0 cap_frootid=0OUID="root" OGID="root"
type=PROCTITLE msg=audit(1769493289.551:2236): proctitle=736C6565700035
type=SYSCALL msg=audit(1769493294.558:2237): arch=c000003e syscall=59 success=yes exit=0 a0=5da302dc86e0 a1=5da302dcea80 a2=5da302dc08f0 a3=1 items=2 ppid=3886 pid=4155 auid=1000 uid=1000 gid=1000 euid=1000 suid=1000 fsuid=1000 egid=1000 sgid=1000 fsgid=1000 tty=pts0 ses=3 comm="rm" exe="/usr/bin/rm" subj=unconfined key="process_exec"ARCH=x86_64 SYSCALL=execve AUID="heroic" UID="heroic" GID="heroic" EUID="heroic" SUID="heroic" FSUID="heroic" EGID="heroic" SGID="heroic" FSGID="heroic"
type=EXECVE msg=audit(1769493294.558:2237): argc=58 a0="rm" a1="-f" a2="file_10.dat" a3="file_11.dat" a4="file_12.dat" a5="file_13.dat" a6="file_14.dat" a7="file_15.dat" a8="file_16.dat" a9="file_17.dat" a10="file_18.dat" a11="file_19.dat" a12="file_1.dat" a13="file_20.dat" a14="file_21.dat" a15="file_22.dat" a16="file_23.dat" a17="file_24.dat" a18="file_25.dat" a19="file_26.dat" a20="file_27.dat" a21="file_28.dat" a22="file_29.dat" a23="file_2.dat" a24="file_30.dat" a25="file_31.dat" a26="file_32.dat" a27="file_33.dat" a28="file_34.dat" a29="file_35.dat" a30="file_36.dat" a31="file_37.dat" a32="file_38.dat" a33="file_39.dat" a34="file_3.dat" a35="file_40.dat" a36="file_41.dat" a37="file_42.dat" a38="file_43.dat" a39="file_44.dat" a40="file_45.dat" a41="file_46.dat" a42="file_47.dat" a43="file_48.dat" a44="file_49.dat" a45="file_4.dat" a46="file_50.dat" a47="file_5.dat" a48="file_6.dat" a49="file_7.dat" a50="file_8.dat" a51="file_9.dat" a52="payload.sh" a53="recon.txt" a54="netstat.txt" a55="processes.txt" a56="sudo_enum.txt" a57="sudo_test.txt"
type=CWD msg=audit(1769493294.558:2237): cwd="/tmp/hids_malicious"
type=PATH msg=audit(1769493294.558:2237): item=0 name="/usr/bin/rm" inode=1578127 dev=08:02 mode=0100755 ouid=0 ogid=0 rdev=00:00 nametype=NORMAL cap_fp=0 cap_fi=0 cap_fe=0 cap_fver=0 cap_frootid=0OUID="root" OGID="root"
type=PATH msg=audit(1769493294.558:2237): item=1 name="/lib64/ld-linux-x86-64.so.2" inode=1575340 dev=08:02 mode=0100755 ouid=0 ogid=0 rdev=00:00 nametype=NORMAL cap_fp=0 cap_fi=0 cap_fe=0 cap_fver=0 cap_frootid=0OUID="root" OGID="root"
type=PROCTITLE msg=audit(1769493294.558:2237): proctitle=726D002D660066696C655F31302E6461740066696C655F31312E6461740066696C655F31322E6461740066696C655F31332E6461740066696C655F31342E6461740066696C655F31352E6461740066696C655F31362E6461740066696C655F31372E6461740066696C655F31382E6461740066696C655F31392E646174006669
type=SYSCALL msg=audit(1769493294.563:2238): arch=c000003e syscall=59 success=yes exit=0 a0=5da302dc7420 a1=5da302dcdce0 a2=5da302dc08f0 a3=5da302dcdce0 items=2 ppid=3886 pid=4156 auid=1000 uid=1000 gid=1000 euid=0 suid=0 fsuid=0 egid=1000 sgid=1000 fsgid=1000 tty=pts0 ses=3 comm="sudo" exe="/usr/bin/sudo" subj=unconfined key="process_exec"ARCH=x86_64 SYSCALL=execve AUID="heroic" UID="heroic" GID="heroic" EUID="root" SUID="root" FSUID="root" EGID="heroic" SGID="heroic" FSGID="heroic"
type=EXECVE msg=audit(1769493294.563:2238): argc=4 a0="sudo" a1="rm" a2="-f" a3="/etc/cron.d/hids_persist"
type=CWD msg=audit(1769493294.563:2238): cwd="/tmp/hids_malicious"
type=PATH msg=audit(1769493294.563:2238): item=0 name="/usr/bin/sudo" inode=1574274 dev=08:02 mode=0104755 ouid=0 ogid=0 rdev=00:00 nametype=NORMAL cap_fp=0 cap_fi=0 cap_fe=0 cap_fver=0 cap_frootid=0OUID="root" OGID="root"
type=PATH msg=audit(1769493294.563:2238): item=1 name="/lib64/ld-linux-x86-64.so.2" inode=1575340 dev=08:02 mode=0100755 ouid=0 ogid=0 rdev=00:00 nametype=NORMAL cap_fp=0 cap_fi=0 cap_fe=0 cap_fver=0 cap_frootid=0OUID="root" OGID="root"
type=PROCTITLE msg=audit(1769493294.563:2238): proctitle=7375646F00726D002D66002F6574632F63726F6E2E642F686964735F70657273697374
type=USER_ACCT msg=audit(1769493294.603:2239): pid=4156 uid=1000 auid=1000 ses=3 subj=unconfined msg='op=PAM:accounting grantors=pam_permit,pam_localuser acct="heroic" exe="/usr/bin/sudo" hostname=? addr=? terminal=/dev/pts/0 res=success'UID="heroic" AUID="heroic"
type=USER_CMD msg=audit(1769493294.607:2240): pid=4156 uid=1000 auid=1000 ses=3 subj=unconfined msg='cwd="/tmp/hids_malicious" cmd=726D202D66202F6574632F63726F6E2E642F686964735F70657273697374 exe="/usr/bin/sudo" terminal=pts/0 res=success'UID="heroic" AUID="heroic"
type=CRED_REFR msg=audit(1769493294.608:2241): pid=4156 uid=1000 auid=1000 ses=3 subj=unconfined msg='op=PAM:setcred grantors=pam_permit,pam_cap acct="root" exe="/usr/bin/sudo" hostname=? addr=? terminal=/dev/pts/0 res=success'UID="heroic" AUID="heroic"
type=USER_START msg=audit(1769493294.610:2242): pid=4156 uid=1000 auid=1000 ses=3 subj=unconfined msg='op=PAM:session_open grantors=pam_limits,pam_env,pam_env,pam_permit,pam_umask,pam_unix acct="root" exe="/usr/bin/sudo" hostname=? addr=? terminal=/dev/pts/0 res=success'UID="heroic" AUID="heroic"
type=SYSCALL msg=audit(1769493294.612:2243): arch=c000003e syscall=59 success=yes exit=0 a0=63ac35d51b68 a1=63ac35d61ba0 a2=63ac35d747a0 a3=64 items=2 ppid=4157 pid=4158 auid=1000 uid=0 gid=0 euid=0 suid=0 fsuid=0 egid=0 sgid=0 fsgid=0 tty=pts4 ses=3 comm="rm" exe="/usr/bin/rm" subj=unconfined key="process_exec"ARCH=x86_64 SYSCALL=execve AUID="heroic" UID="root" GID="root" EUID="root" SUID="root" FSUID="root" EGID="root" SGID="root" FSGID="root"
type=EXECVE msg=audit(1769493294.612:2243): argc=3 a0="rm" a1="-f" a2="/etc/cron.d/hids_persist"
type=CWD msg=audit(1769493294.612:2243): cwd="/tmp/hids_malicious"
type=PATH msg=audit(1769493294.612:2243): item=0 name="/usr/bin/rm" inode=1578127 dev=08:02 mode=0100755 ouid=0 ogid=0 rdev=00:00 nametype=NORMAL cap_fp=0 cap_fi=0 cap_fe=0 cap_fver=0 cap_frootid=0OUID="root" OGID="root"
type=PATH msg=audit(1769493294.612:2243): item=1 name="/lib64/ld-linux-x86-64.so.2" inode=1575340 dev=08:02 mode=0100755 ouid=0 ogid=0 rdev=00:00 nametype=NORMAL cap_fp=0 cap_fi=0 cap_fe=0 cap_fver=0 cap_frootid=0OUID="root" OGID="root"
type=PROCTITLE msg=audit(1769493294.612:2243): proctitle=726D002D66002F6574632F63726F6E2E642F686964735F70657273697374
type=SYSCALL msg=audit(1769493294.613:2244): arch=c000003e syscall=263 success=yes exit=0 a0=ffffff9c a1=629b8502c4a0 a2=0 a3=629b8502d900 items=2 ppid=4157 pid=4158 auid=1000 uid=0 gid=0 euid=0 suid=0 fsuid=0 egid=0 sgid=0 fsgid=0 tty=pts4 ses=3 comm="rm" exe="/usr/bin/rm" subj=unconfined key="persistence"ARCH=x86_64 SYSCALL=unlinkat AUID="heroic" UID="root" GID="root" EUID="root" SUID="root" FSUID="root" EGID="root" SGID="root" FSGID="root"
type=CWD msg=audit(1769493294.613:2244): cwd="/tmp/hids_malicious"
type=PATH msg=audit(1769493294.613:2244): item=0 name="/etc/cron.d/" inode=1703968 dev=08:02 mode=040755 ouid=0 ogid=0 rdev=00:00 nametype=PARENT cap_fp=0 cap_fi=0 cap_fe=0 cap_fver=0 cap_frootid=0OUID="root" OGID="root"
type=PATH msg=audit(1769493294.613:2244): item=1 name="/etc/cron.d/hids_persist" inode=1704205 dev=08:02 mode=0100644 ouid=0 ogid=0 rdev=00:00 nametype=DELETE cap_fp=0 cap_fi=0 cap_fe=0 cap_fver=0 cap_frootid=0OUID="root" OGID="root"
type=PROCTITLE msg=audit(1769493294.613:2244): proctitle=726D002D66002F6574632F63726F6E2E642F686964735F70657273697374
type=USER_END msg=audit(1769493294.614:2245): pid=4156 uid=1000 auid=1000 ses=3 subj=unconfined msg='op=PAM:session_close grantors=pam_limits,pam_env,pam_env,pam_permit,pam_umask,pam_unix acct="root" exe="/usr/bin/sudo" hostname=? addr=? terminal=/dev/pts/0 res=success'UID="heroic" AUID="heroic"
type=CRED_DISP msg=audit(1769493294.614:2246): pid=4156 uid=1000 auid=1000 ses=3 subj=unconfined msg='op=PAM:setcred grantors=pam_permit acct="root" exe="/usr/bin/sudo" hostname=? addr=? terminal=/dev/pts/0 res=success'UID="heroic" AUID="heroic"
type=SYSCALL msg=audit(1769493294.615:2247): arch=c000003e syscall=59 success=yes exit=0 a0=5da302dcd0f0 a1=5da302dcc790 a2=5da302dc08f0 a3=5da302dcc790 items=2 ppid=3886 pid=4159 auid=1000 uid=1000 gid=1000 euid=1000 suid=1000 fsuid=1000 egid=1000 sgid=1000 fsgid=1000 tty=pts0 ses=3 comm="rmdir" exe="/usr/bin/rmdir" subj=unconfined key="process_exec"ARCH=x86_64 SYSCALL=execve AUID="heroic" UID="heroic" GID="heroic" EUID="heroic" SUID="heroic" FSUID="heroic" EGID="heroic" SGID="heroic" FSGID="heroic"
type=EXECVE msg=audit(1769493294.615:2247): argc=2 a0="rmdir" a1="/tmp/hids_malicious"
type=CWD msg=audit(1769493294.615:2247): cwd="/tmp/hids_malicious"
type=PATH msg=audit(1769493294.615:2247): item=0 name="/usr/bin/rmdir" inode=1578128 dev=08:02 mode=0100755 ouid=0 ogid=0 rdev=00:00 nametype=NORMAL cap_fp=0 cap_fi=0 cap_fe=0 cap_fver=0 cap_frootid=0OUID="root" OGID="root"
type=PATH msg=audit(1769493294.615:2247): item=1 name="/lib64/ld-linux-x86-64.so.2" inode=1575340 dev=08:02 mode=0100755 ouid=0 ogid=0 rdev=00:00 nametype=NORMAL cap_fp=0 cap_fi=0 cap_fe=0 cap_fver=0 cap_frootid=0OUID="root" OGID="root"
type=PROCTITLE msg=audit(1769493294.615:2247): proctitle=726D646972002F746D702F686964735F6D616C6963696F7573
type=SYSCALL msg=audit(1769493294.619:2248): arch=c000003e syscall=59 success=yes exit=0 a0=5da302dc7420 a1=5da302dc86e0 a2=5da302dc08f0 a3=5da302dc86e0 items=2 ppid=3886 pid=4160 auid=1000 uid=1000 gid=1000 euid=1000 suid=1000 fsuid=1000 egid=1000 sgid=1000 fsgid=1000 tty=pts0 ses=3 comm="sleep" exe="/usr/bin/sleep" subj=unconfined key="process_exec"ARCH=x86_64 SYSCALL=execve AUID="heroic" UID="heroic" GID="heroic" EUID="heroic" SUID="heroic" FSUID="heroic" EGID="heroic" SGID="heroic" FSGID="heroic"
type=EXECVE msg=audit(1769493294.619:2248): argc=2 a0="sleep" a1="90"
type=CWD msg=audit(1769493294.619:2248): cwd=2F746D702F686964735F6D616C6963696F7573202864656C6574656429
type=PATH msg=audit(1769493294.619:2248): item=0 name="/usr/bin/sleep" inode=1578138 dev=08:02 mode=0100755 ouid=0 ogid=0 rdev=00:00 nametype=NORMAL cap_fp=0 cap_fi=0 cap_fe=0 cap_fver=0 cap_frootid=0OUID="root" OGID="root"
type=PATH msg=audit(1769493294.619:2248): item=1 name="/lib64/ld-linux-x86-64.so.2" inode=1575340 dev=08:02 mode=0100755 ouid=0 ogid=0 rdev=00:00 nametype=NORMAL cap_fp=0 cap_fi=0 cap_fe=0 cap_fver=0 cap_frootid=0OUID="root" OGID="root"
type=PROCTITLE msg=audit(1769493294.619:2248): proctitle=736C656570003930
type=USER_ACCT msg=audit(1769493301.742:2249): pid=4161 uid=0 auid=4294967295 ses=4294967295 subj=unconfined msg='op=PAM:accounting grantors=pam_permit,pam_localuser acct="root" exe="/usr/sbin/cron" hostname=? addr=? terminal=cron res=success'UID="root" AUID="unset"
type=CRED_ACQ msg=audit(1769493301.747:2250): pid=4161 uid=0 auid=4294967295 ses=4294967295 subj=unconfined msg='op=PAM:setcred grantors=pam_permit,pam_cap acct="root" exe="/usr/sbin/cron" hostname=? addr=? terminal=cron res=success'UID="root" AUID="unset"
type=LOGIN msg=audit(1769493301.747:2251): pid=4161 uid=0 subj=unconfined old-auid=4294967295 auid=0 tty=(none) old-ses=4294967295 ses=6 res=1UID="root" OLD-AUID="unset" AUID="root"
type=SYSCALL msg=audit(1769493301.747:2251): arch=c000003e syscall=1 success=yes exit=1 a0=7 a1=7ffeb4c10450 a2=1 a3=0 items=0 ppid=912 pid=4161 auid=0 uid=0 gid=0 euid=0 suid=0 fsuid=0 egid=0 sgid=0 fsgid=0 tty=(none) ses=6 comm="cron" exe="/usr/sbin/cron" subj=unconfined key=(null)ARCH=x86_64 SYSCALL=write AUID="root" UID="root" GID="root" EUID="root" SUID="root" FSUID="root" EGID="root" SGID="root" FSGID="root"
type=PROCTITLE msg=audit(1769493301.747:2251): proctitle=2F7573722F7362696E2F43524F4E002D66002D50
type=USER_START msg=audit(1769493301.749:2252): pid=4161 uid=0 auid=0 ses=6 subj=unconfined msg='op=PAM:session_open grantors=pam_loginuid,pam_env,pam_env,pam_permit,pam_umask,pam_unix,pam_limits acct="root" exe="/usr/sbin/cron" hostname=? addr=? terminal=cron res=success'UID="root" AUID="root"
type=CRED_REFR msg=audit(1769493301.751:2253): pid=4162 uid=0 auid=0 ses=6 subj=unconfined msg='op=PAM:setcred grantors=pam_permit,pam_cap acct="root" exe="/usr/sbin/cron" hostname=? addr=? terminal=cron res=success'UID="root" AUID="root"
type=SYSCALL msg=audit(1769493301.753:2254): arch=c000003e syscall=59 success=yes exit=0 a0=56a2cccba8a6 a1=7ffeb4c10500 a2=56a2cccba8e0 a3=56a2cccba8a6 items=2 ppid=4161 pid=4162 auid=0 uid=0 gid=0 euid=0 suid=0 fsuid=0 egid=0 sgid=0 fsgid=0 tty=(none) ses=6 comm="sh" exe="/usr/bin/dash" subj=unconfined key="process_exec"ARCH=x86_64 SYSCALL=execve AUID="root" UID="root" GID="root" EUID="root" SUID="root" FSUID="root" EGID="root" SGID="root" FSGID="root"
type=EXECVE msg=audit(1769493301.753:2254): argc=3 a0="/bin/sh" a1="-c" a2=636F6D6D616E64202D762064656269616E2D736131203E202F6465762F6E756C6C2026262064656269616E2D73613120312031
type=CWD msg=audit(1769493301.753:2254): cwd="/root"
type=PATH msg=audit(1769493301.753:2254): item=0 name="/bin/sh" inode=1573518 dev=08:02 mode=0100755 ouid=0 ogid=0 rdev=00:00 nametype=NORMAL cap_fp=0 cap_fi=0 cap_fe=0 cap_fver=0 cap_frootid=0OUID="root" OGID="root"
type=PATH msg=audit(1769493301.753:2254): item=1 name="/lib64/ld-linux-x86-64.so.2" inode=1575340 dev=08:02 mode=0100755 ouid=0 ogid=0 rdev=00:00 nametype=NORMAL cap_fp=0 cap_fi=0 cap_fe=0 cap_fver=0 cap_frootid=0OUID="root" OGID="root"
type=PROCTITLE msg=audit(1769493301.753:2254): proctitle=2F62696E2F7368002D6300636F6D6D616E64202D762064656269616E2D736131203E202F6465762F6E756C6C2026262064656269616E2D73613120312031
type=SYSCALL msg=audit(1769493301.762:2255): arch=c000003e syscall=59 success=yes exit=0 a0=6055bf924538 a1=6055bf9244e0 a2=6055bf924500 a3=8 items=3 ppid=4162 pid=4163 auid=0 uid=0 gid=0 euid=0 suid=0 fsuid=0 egid=0 sgid=0 fsgid=0 tty=(none) ses=6 comm="debian-sa1" exe="/usr/bin/dash" subj=unconfined key="process_exec"ARCH=x86_64 SYSCALL=execve AUID="root" UID="root" GID="root" EUID="root" SUID="root" FSUID="root" EGID="root" SGID="root" FSGID="root"
type=EXECVE msg=audit(1769493301.762:2255): argc=4 a0="/bin/sh" a1="/usr/lib/sysstat/debian-sa1" a2="1" a3="1"
type=CWD msg=audit(1769493301.762:2255): cwd="/root"
type=PATH msg=audit(1769493301.762:2255): item=0 name="/usr/lib/sysstat/debian-sa1" inode=1582333 dev=08:02 mode=0100755 ouid=0 ogid=0 rdev=00:00 nametype=NORMAL cap_fp=0 cap_fi=0 cap_fe=0 cap_fver=0 cap_frootid=0OUID="root" OGID="root"
type=PATH msg=audit(1769493301.762:2255): item=1 name="/bin/sh" inode=1573518 dev=08:02 mode=0100755 ouid=0 ogid=0 rdev=00:00 nametype=NORMAL cap_fp=0 cap_fi=0 cap_fe=0 cap_fver=0 cap_frootid=0OUID="root" OGID="root"
type=PATH msg=audit(1769493301.762:2255): item=2 name="/lib64/ld-linux-x86-64.so.2" inode=1575340 dev=08:02 mode=0100755 ouid=0 ogid=0 rdev=00:00 nametype=NORMAL cap_fp=0 cap_fi=0 cap_fe=0 cap_fver=0 cap_frootid=0OUID="root" OGID="root"
type=PROCTITLE msg=audit(1769493301.762:2255): proctitle=2F62696E2F7368002F7573722F6C69622F737973737461742F64656269616E2D73613100310031
type=CRED_DISP msg=audit(1769493301.768:2256): pid=4161 uid=0 auid=0 ses=6 subj=unconfined msg='op=PAM:setcred grantors=pam_permit acct="root" exe="/usr/sbin/cron" hostname=? addr=? terminal=cron res=success'UID="root" AUID="root"
type=USER_END msg=audit(1769493301.768:2257): pid=4161 uid=0 auid=0 ses=6 subj=unconfined msg='op=PAM:session_close grantors=pam_loginuid,pam_env,pam_env,pam_permit,pam_umask,pam_unix,pam_limits acct="root" exe="/usr/sbin/cron" hostname=? addr=? terminal=cron res=success'UID="root" AUID="root"
type=SYSCALL msg=audit(1769493384.628:2258): arch=c000003e syscall=59 success=yes exit=0 a0=5da302dccbb0 a1=5da302dc7120 a2=5da302dc08f0 a3=5da302dc8980 items=2 ppid=3886 pid=4165 auid=1000 uid=1000 gid=1000 euid=1000 suid=1000 fsuid=1000 egid=1000 sgid=1000 fsgid=1000 tty=pts0 ses=3 comm="mkdir" exe="/usr/bin/mkdir" subj=unconfined key="process_exec"ARCH=x86_64 SYSCALL=execve AUID="heroic" UID="heroic" GID="heroic" EUID="heroic" SUID="heroic" FSUID="heroic" EGID="heroic" SGID="heroic" FSGID="heroic"
type=EXECVE msg=audit(1769493384.628:2258): argc=3 a0="mkdir" a1="-p" a2="/tmp/hids_malicious"
type=CWD msg=audit(1769493384.628:2258): cwd=2F746D702F686964735F6D616C6963696F7573202864656C6574656429
type=PATH msg=audit(1769493384.628:2258): item=0 name="/usr/bin/mkdir" inode=1578106 dev=08:02 mode=0100755 ouid=0 ogid=0 rdev=00:00 nametype=NORMAL cap_fp=0 cap_fi=0 cap_fe=0 cap_fver=0 cap_frootid=0OUID="root" OGID="root"
type=PATH msg=audit(1769493384.628:2258): item=1 name="/lib64/ld-linux-x86-64.so.2" inode=1575340 dev=08:02 mode=0100755 ouid=0 ogid=0 rdev=00:00 nametype=NORMAL cap_fp=0 cap_fi=0 cap_fe=0 cap_fver=0 cap_frootid=0OUID="root" OGID="root"
type=PROCTITLE msg=audit(1769493384.628:2258): proctitle=6D6B646972002D70002F746D702F686964735F6D616C6963696F7573
type=SYSCALL msg=audit(1769493384.649:2259): arch=c000003e syscall=59 success=yes exit=0 a0=5da302dccc50 a1=5da302dcc9d0 a2=5da302dc08f0 a3=5da302dcc310 items=2 ppid=3886 pid=4166 auid=1000 uid=1000 gid=1000 euid=1000 suid=1000 fsuid=1000 egid=1000 sgid=1000 fsgid=1000 tty=pts0 ses=3 comm="ps" exe="/usr/bin/ps" subj=unconfined key="process_exec"ARCH=x86_64 SYSCALL=execve AUID="heroic" UID="heroic" GID="heroic" EUID="heroic" SUID="heroic" FSUID="heroic" EGID="heroic" SGID="heroic" FSGID="heroic"
type=EXECVE msg=audit(1769493384.649:2259): argc=2 a0="ps" a1="aux"
type=CWD msg=audit(1769493384.649:2259): cwd="/tmp/hids_malicious"
type=PATH msg=audit(1769493384.649:2259): item=0 name="/usr/bin/ps" inode=1574103 dev=08:02 mode=0100755 ouid=0 ogid=0 rdev=00:00 nametype=NORMAL cap_fp=0 cap_fi=0 cap_fe=0 cap_fver=0 cap_frootid=0OUID="root" OGID="root"
type=PATH msg=audit(1769493384.649:2259): item=1 name="/lib64/ld-linux-x86-64.so.2" inode=1575340 dev=08:02 mode=0100755 ouid=0 ogid=0 rdev=00:00 nametype=NORMAL cap_fp=0 cap_fi=0 cap_fe=0 cap_fver=0 cap_frootid=0OUID="root" OGID="root"
type=PROCTITLE msg=audit(1769493384.649:2259): proctitle=707300617578
type=SYSCALL msg=audit(1769493384.796:2260): arch=c000003e syscall=59 success=yes exit=0 a0=5da302dccbb0 a1=5da302dcd0f0 a2=5da302dc08f0 a3=5da302dcd0f0 items=2 ppid=3886 pid=4167 auid=1000 uid=1000 gid=1000 euid=1000 suid=1000 fsuid=1000 egid=1000 sgid=1000 fsgid=1000 tty=pts0 ses=3 comm="whoami" exe="/usr/bin/whoami" subj=unconfined key="process_exec"ARCH=x86_64 SYSCALL=execve AUID="heroic" UID="heroic" GID="heroic" EUID="heroic" SUID="heroic" FSUID="heroic" EGID="heroic" SGID="heroic" FSGID="heroic"
type=EXECVE msg=audit(1769493384.796:2260): argc=1 a0="whoami"
type=CWD msg=audit(1769493384.796:2260): cwd="/tmp/hids_malicious"
type=PATH msg=audit(1769493384.796:2260): item=0 name="/usr/bin/whoami" inode=1578239 dev=08:02 mode=0100755 ouid=0 ogid=0 rdev=00:00 nametype=NORMAL cap_fp=0 cap_fi=0 cap_fe=0 cap_fver=0 cap_frootid=0OUID="root" OGID="root"
type=PATH msg=audit(1769493384.796:2260): item=1 name="/lib64/ld-linux-x86-64.so.2" inode=1575340 dev=08:02 mode=0100755 ouid=0 ogid=0 rdev=00:00 nametype=NORMAL cap_fp=0 cap_fi=0 cap_fe=0 cap_fver=0 cap_frootid=0OUID="root" OGID="root"
type=PROCTITLE msg=audit(1769493384.796:2260): proctitle="whoami"
type=SYSCALL msg=audit(1769493384.819:2261): arch=c000003e syscall=59 success=yes exit=0 a0=5da302dccb90 a1=5da302dc7440 a2=5da302dc08f0 a3=5da302dc7440 items=2 ppid=3886 pid=4168 auid=1000 uid=1000 gid=1000 euid=1000 suid=1000 fsuid=1000 egid=1000 sgid=1000 fsgid=1000 tty=pts0 ses=3 comm="id" exe="/usr/bin/id" subj=unconfined key="process_exec"ARCH=x86_64 SYSCALL=execve AUID="heroic" UID="heroic" GID="heroic" EUID="heroic" SUID="heroic" FSUID="heroic" EGID="heroic" SGID="heroic" FSGID="heroic"
type=EXECVE msg=audit(1769493384.819:2261): argc=1 a0="id"
type=CWD msg=audit(1769493384.819:2261): cwd="/tmp/hids_malicious"
type=PATH msg=audit(1769493384.819:2261): item=0 name="/usr/bin/id" inode=1578097 dev=08:02 mode=0100755 ouid=0 ogid=0 rdev=00:00 nametype=NORMAL cap_fp=0 cap_fi=0 cap_fe=0 cap_fver=0 cap_frootid=0OUID="root" OGID="root"
type=PATH msg=audit(1769493384.819:2261): item=1 name="/lib64/ld-linux-x86-64.so.2" inode=1575340 dev=08:02 mode=0100755 ouid=0 ogid=0 rdev=00:00 nametype=NORMAL cap_fp=0 cap_fi=0 cap_fe=0 cap_fver=0 cap_frootid=0OUID="root" OGID="root"
type=PROCTITLE msg=audit(1769493384.819:2261): proctitle="id"
type=SYSCALL msg=audit(1769493384.825:2262): arch=c000003e syscall=59 success=yes exit=0 a0=5da302dccbb0 a1=5da302dcca10 a2=5da302dc08f0 a3=5da302dccc50 items=2 ppid=3886 pid=4169 auid=1000 uid=1000 gid=1000 euid=1000 suid=1000 fsuid=1000 egid=1000 sgid=1000 fsgid=1000 tty=pts0 ses=3 comm="uname" exe="/usr/bin/uname" subj=unconfined key="process_exec"ARCH=x86_64 SYSCALL=execve AUID="heroic" UID="heroic" GID="heroic" EUID="heroic" SUID="heroic" FSUID="heroic" EGID="heroic" SGID="heroic" FSGID="heroic"
type=EXECVE msg=audit(1769493384.825:2262): argc=2 a0="uname" a1="-a"
type=CWD msg=audit(1769493384.825:2262): cwd="/tmp/hids_malicious"
type=PATH msg=audit(1769493384.825:2262): item=0 name="/usr/bin/uname" inode=1578226 dev=08:02 mode=0100755 ouid=0 ogid=0 rdev=00:00 nametype=NORMAL cap_fp=0 cap_fi=0 cap_fe=0 cap_fver=0 cap_frootid=0OUID="root" OGID="root"
type=PATH msg=audit(1769493384.825:2262): item=1 name="/lib64/ld-linux-x86-64.so.2" inode=1575340 dev=08:02 mode=0100755 ouid=0 ogid=0 rdev=00:00 nametype=NORMAL cap_fp=0 cap_fi=0 cap_fe=0 cap_fver=0 cap_frootid=0OUID="root" OGID="root"
type=PROCTITLE msg=audit(1769493384.825:2262): proctitle=756E616D65002D61
type=SYSCALL msg=audit(1769493384.836:2263): arch=c000003e syscall=59 success=yes exit=0 a0=5da302dccb70 a1=5da302dcb5d0 a2=5da302dc08f0 a3=5da302dc8980 items=2 ppid=3886 pid=4170 auid=1000 uid=1000 gid=1000 euid=1000 suid=1000 fsuid=1000 egid=1000 sgid=1000 fsgid=1000 tty=pts0 ses=3 comm="ss" exe="/usr/bin/ss" subj=unconfined key="process_exec"ARCH=x86_64 SYSCALL=execve AUID="heroic" UID="heroic" GID="heroic" EUID="heroic" SUID="heroic" FSUID="heroic" EGID="heroic" SGID="heroic" FSGID="heroic"
type=EXECVE msg=audit(1769493384.836:2263): argc=2 a0="ss" a1="-tulnp"
type=CWD msg=audit(1769493384.836:2263): cwd="/tmp/hids_malicious"
type=PATH msg=audit(1769493384.836:2263): item=0 name="/usr/bin/ss" inode=1574256 dev=08:02 mode=0100755 ouid=0 ogid=0 rdev=00:00 nametype=NORMAL cap_fp=0 cap_fi=0 cap_fe=0 cap_fver=0 cap_frootid=0OUID="root" OGID="root"
type=PATH msg=audit(1769493384.836:2263): item=1 name="/lib64/ld-linux-x86-64.so.2" inode=1575340 dev=08:02 mode=0100755 ouid=0 ogid=0 rdev=00:00 nametype=NORMAL cap_fp=0 cap_fi=0 cap_fe=0 cap_fver=0 cap_frootid=0OUID="root" OGID="root"
type=PROCTITLE msg=audit(1769493384.836:2263): proctitle=7373002D74756C6E70
type=SYSCALL msg=audit(1769493384.913:2264): arch=c000003e syscall=59 success=yes exit=0 a0=5da302dccbb0 a1=5da302dcbad0 a2=5da302dc08f0 a3=5da302dccb90 items=2 ppid=3886 pid=4171 auid=1000 uid=1000 gid=1000 euid=1000 suid=1000 fsuid=1000 egid=1000 sgid=1000 fsgid=1000 tty=pts0 ses=3 comm="chmod" exe="/usr/bin/chmod" subj=unconfined key="process_exec"ARCH=x86_64 SYSCALL=execve AUID="heroic" UID="heroic" GID="heroic" EUID="heroic" SUID="heroic" FSUID="heroic" EGID="heroic" SGID="heroic" FSGID="heroic"
type=EXECVE msg=audit(1769493384.913:2264): argc=3 a0="chmod" a1="+x" a2="payload.sh"
type=CWD msg=audit(1769493384.913:2264): cwd="/tmp/hids_malicious"
type=PATH msg=audit(1769493384.913:2264): item=0 name="/usr/bin/chmod" inode=1578019 dev=08:02 mode=0100755 ouid=0 ogid=0 rdev=00:00 nametype=NORMAL cap_fp=0 cap_fi=0 cap_fe=0 cap_fver=0 cap_frootid=0OUID="root" OGID="root"
type=PATH msg=audit(1769493384.913:2264): item=1 name="/lib64/ld-linux-x86-64.so.2" inode=1575340 dev=08:02 mode=0100755 ouid=0 ogid=0 rdev=00:00 nametype=NORMAL cap_fp=0 cap_fi=0 cap_fe=0 cap_fver=0 cap_frootid=0OUID="root" OGID="root"
type=PROCTITLE msg=audit(1769493384.913:2264): proctitle=63686D6F64002B78007061796C6F61642E7368
type=SYSCALL msg=audit(1769493384.940:2265): arch=c000003e syscall=59 success=yes exit=0 a0=5da302dcd0f0 a1=5da302dcc350 a2=5da302dc08f0 a3=8 items=2 ppid=3886 pid=4173 auid=1000 uid=1000 gid=1000 euid=1000 suid=1000 fsuid=1000 egid=1000 sgid=1000 fsgid=1000 tty=pts0 ses=3 comm="bash" exe="/usr/bin/bash" subj=unconfined key="process_exec"ARCH=x86_64 SYSCALL=execve AUID="heroic" UID="heroic" GID="heroic" EUID="heroic" SUID="heroic" FSUID="heroic" EGID="heroic" SGID="heroic" FSGID="heroic"
type=EXECVE msg=audit(1769493384.940:2265): argc=1 a0="bash"
type=CWD msg=audit(1769493384.940:2265): cwd="/tmp/hids_malicious"
type=PATH msg=audit(1769493384.940:2265): item=0 name="/usr/bin/bash" inode=1573437 dev=08:02 mode=0100755 ouid=0 ogid=0 rdev=00:00 nametype=NORMAL cap_fp=0 cap_fi=0 cap_fe=0 cap_fver=0 cap_frootid=0OUID="root" OGID="root"
type=PATH msg=audit(1769493384.940:2265): item=1 name="/lib64/ld-linux-x86-64.so.2" inode=1575340 dev=08:02 mode=0100755 ouid=0 ogid=0 rdev=00:00 nametype=NORMAL cap_fp=0 cap_fi=0 cap_fe=0 cap_fver=0 cap_frootid=0OUID="root" OGID="root"
type=PROCTITLE msg=audit(1769493384.940:2265): proctitle="bash"
type=SYSCALL msg=audit(1769493384.940:2266): arch=c000003e syscall=59 success=yes exit=0 a0=5da302dcd0f0 a1=5da302dc77f0 a2=5da302dc08f0 a3=8 items=2 ppid=3886 pid=4172 auid=1000 uid=1000 gid=1000 euid=1000 suid=1000 fsuid=1000 egid=1000 sgid=1000 fsgid=1000 tty=pts0 ses=3 comm="curl" exe="/usr/bin/curl" subj=unconfined key="process_exec"ARCH=x86_64 SYSCALL=execve AUID="heroic" UID="heroic" GID="heroic" EUID="heroic" SUID="heroic" FSUID="heroic" EGID="heroic" SGID="heroic" FSGID="heroic"
type=EXECVE msg=audit(1769493384.940:2266): argc=3 a0="curl" a1="-s" a2="file:///tmp/hids_malicious/payload.sh"
type=CWD msg=audit(1769493384.940:2266): cwd="/tmp/hids_malicious"
type=PATH msg=audit(1769493384.940:2266): item=0 name="/usr/bin/curl" inode=1573697 dev=08:02 mode=0100755 ouid=0 ogid=0 rdev=00:00 nametype=NORMAL cap_fp=0 cap_fi=0 cap_fe=0 cap_fver=0 cap_frootid=0OUID="root" OGID="root"
type=PATH msg=audit(1769493384.940:2266): item=1 name="/lib64/ld-linux-x86-64.so.2" inode=1575340 dev=08:02 mode=0100755 ouid=0 ogid=0 rdev=00:00 nametype=NORMAL cap_fp=0 cap_fi=0 cap_fe=0 cap_fver=0 cap_frootid=0OUID="root" OGID="root"
type=PROCTITLE msg=audit(1769493384.940:2266): proctitle=6375726C002D730066696C653A2F2F2F746D702F686964735F6D616C6963696F75732F7061796C6F61642E7368
type=SYSCALL msg=audit(1769493385.075:2267): arch=c000003e syscall=59 success=yes exit=0 a0=5da302dccb70 a1=5da302dcc330 a2=5da302dc08f0 a3=5da302dcc330 items=2 ppid=3886 pid=4174 auid=1000 uid=1000 gid=1000 euid=0 suid=0 fsuid=0 egid=1000 sgid=1000 fsgid=1000 tty=pts0 ses=3 comm="sudo" exe="/usr/bin/sudo" subj=unconfined key="process_exec"ARCH=x86_64 SYSCALL=execve AUID="heroic" UID="heroic" GID="heroic" EUID="root" SUID="root" FSUID="root" EGID="heroic" SGID="heroic" FSGID="heroic"
type=EXECVE msg=audit(1769493385.075:2267): argc=2 a0="sudo" a1="-l"
type=CWD msg=audit(1769493385.075:2267): cwd="/tmp/hids_malicious"
type=PATH msg=audit(1769493385.075:2267): item=0 name="/usr/bin/sudo" inode=1574274 dev=08:02 mode=0104755 ouid=0 ogid=0 rdev=00:00 nametype=NORMAL cap_fp=0 cap_fi=0 cap_fe=0 cap_fver=0 cap_frootid=0OUID="root" OGID="root"
type=PATH msg=audit(1769493385.075:2267): item=1 name="/lib64/ld-linux-x86-64.so.2" inode=1575340 dev=08:02 mode=0100755 ouid=0 ogid=0 rdev=00:00 nametype=NORMAL cap_fp=0 cap_fi=0 cap_fe=0 cap_fver=0 cap_frootid=0OUID="root" OGID="root"
type=PROCTITLE msg=audit(1769493385.075:2267): proctitle=7375646F002D6C
type=USER_ACCT msg=audit(1769493385.228:2268): pid=4174 uid=1000 auid=1000 ses=3 subj=unconfined msg='op=PAM:accounting grantors=pam_permit,pam_localuser acct="heroic" exe="/usr/bin/sudo" hostname=? addr=? terminal=/dev/pts/0 res=success'UID="heroic" AUID="heroic"
type=SYSCALL msg=audit(1769493385.231:2269): arch=c000003e syscall=59 success=yes exit=0 a0=5da302dccbb0 a1=5da302dccb90 a2=5da302dc08f0 a3=5da302dccb90 items=2 ppid=3886 pid=4175 auid=1000 uid=1000 gid=1000 euid=0 suid=0 fsuid=0 egid=1000 sgid=1000 fsgid=1000 tty=pts0 ses=3 comm="sudo" exe="/usr/bin/sudo" subj=unconfined key="process_exec"ARCH=x86_64 SYSCALL=execve AUID="heroic" UID="heroic" GID="heroic" EUID="root" SUID="root" FSUID="root" EGID="heroic" SGID="heroic" FSGID="heroic"
type=EXECVE msg=audit(1769493385.231:2269): argc=2 a0="sudo" a1="whoami"
type=CWD msg=audit(1769493385.231:2269): cwd="/tmp/hids_malicious"
type=PATH msg=audit(1769493385.231:2269): item=0 name="/usr/bin/sudo" inode=1574274 dev=08:02 mode=0104755 ouid=0 ogid=0 rdev=00:00 nametype=NORMAL cap_fp=0 cap_fi=0 cap_fe=0 cap_fver=0 cap_frootid=0OUID="root" OGID="root"
type=PATH msg=audit(1769493385.231:2269): item=1 name="/lib64/ld-linux-x86-64.so.2" inode=1575340 dev=08:02 mode=0100755 ouid=0 ogid=0 rdev=00:00 nametype=NORMAL cap_fp=0 cap_fi=0 cap_fe=0 cap_fver=0 cap_frootid=0OUID="root" OGID="root"
type=PROCTITLE msg=audit(1769493385.231:2269): proctitle=7375646F0077686F616D69
type=USER_ACCT msg=audit(1769493385.288:2270): pid=4175 uid=1000 auid=1000 ses=3 subj=unconfined msg='op=PAM:accounting grantors=pam_permit,pam_localuser acct="heroic" exe="/usr/bin/sudo" hostname=? addr=? terminal=/dev/pts/0 res=success'UID="heroic" AUID="heroic"
type=USER_CMD msg=audit(1769493385.391:2271): pid=4175 uid=1000 auid=1000 ses=3 subj=unconfined msg='cwd="/tmp/hids_malicious" cmd="whoami" exe="/usr/bin/sudo" terminal=pts/0 res=success'UID="heroic" AUID="heroic"
type=CRED_REFR msg=audit(1769493385.391:2272): pid=4175 uid=1000 auid=1000 ses=3 subj=unconfined msg='op=PAM:setcred grantors=pam_permit,pam_cap acct="root" exe="/usr/bin/sudo" hostname=? addr=? terminal=/dev/pts/0 res=success'UID="heroic" AUID="heroic"
type=USER_START msg=audit(1769493385.391:2273): pid=4175 uid=1000 auid=1000 ses=3 subj=unconfined msg='op=PAM:session_open grantors=pam_limits,pam_env,pam_env,pam_permit,pam_umask,pam_unix acct="root" exe="/usr/bin/sudo" hostname=? addr=? terminal=/dev/pts/0 res=success'UID="heroic" AUID="heroic"
type=SYSCALL msg=audit(1769493385.446:2274): arch=c000003e syscall=59 success=yes exit=0 a0=5ea55750ab68 a1=5ea55751aba0 a2=5ea55752d340 a3=64 items=2 ppid=4176 pid=4177 auid=1000 uid=0 gid=0 euid=0 suid=0 fsuid=0 egid=0 sgid=0 fsgid=0 tty=pts4 ses=3 comm="whoami" exe="/usr/bin/whoami" subj=unconfined key="process_exec"ARCH=x86_64 SYSCALL=execve AUID="heroic" UID="root" GID="root" EUID="root" SUID="root" FSUID="root" EGID="root" SGID="root" FSGID="root"
type=EXECVE msg=audit(1769493385.446:2274): argc=1 a0="whoami"
type=CWD msg=audit(1769493385.446:2274): cwd="/tmp/hids_malicious"
type=PATH msg=audit(1769493385.446:2274): item=0 name="/usr/bin/whoami" inode=1578239 dev=08:02 mode=0100755 ouid=0 ogid=0 rdev=00:00 nametype=NORMAL cap_fp=0 cap_fi=0 cap_fe=0 cap_fver=0 cap_frootid=0OUID="root" OGID="root"
type=PATH msg=audit(1769493385.446:2274): item=1 name="/lib64/ld-linux-x86-64.so.2" inode=1575340 dev=08:02 mode=0100755 ouid=0 ogid=0 rdev=00:00 nametype=NORMAL cap_fp=0 cap_fi=0 cap_fe=0 cap_fver=0 cap_frootid=0OUID="root" OGID="root"
type=PROCTITLE msg=audit(1769493385.446:2274): proctitle="whoami"
type=USER_END msg=audit(1769493385.487:2275): pid=4175 uid=1000 auid=1000 ses=3 subj=unconfined msg='op=PAM:session_close grantors=pam_limits,pam_env,pam_env,pam_permit,pam_umask,pam_unix acct="root" exe="/usr/bin/sudo" hostname=? addr=? terminal=/dev/pts/0 res=success'UID="heroic" AUID="heroic"
type=CRED_DISP msg=audit(1769493385.487:2276): pid=4175 uid=1000 auid=1000 ses=3 subj=unconfined msg='op=PAM:setcred grantors=pam_permit acct="root" exe="/usr/bin/sudo" hostname=? addr=? terminal=/dev/pts/0 res=success'UID="heroic" AUID="heroic"
type=SYSCALL msg=audit(1769493385.507:2277): arch=c000003e syscall=59 success=yes exit=0 a0=5da302dccb70 a1=5da302dca620 a2=5da302dc08f0 a3=5da302dcc330 items=2 ppid=3886 pid=4179 auid=1000 uid=1000 gid=1000 euid=0 suid=0 fsuid=0 egid=1000 sgid=1000 fsgid=1000 tty=pts0 ses=3 comm="sudo" exe="/usr/bin/sudo" subj=unconfined key="process_exec"ARCH=x86_64 SYSCALL=execve AUID="heroic" UID="heroic" GID="heroic" EUID="root" SUID="root" FSUID="root" EGID="heroic" SGID="heroic" FSGID="heroic"
type=EXECVE msg=audit(1769493385.507:2277): argc=3 a0="sudo" a1="tee" a2="/etc/cron.d/hids_persist"
type=CWD msg=audit(1769493385.507:2277): cwd="/tmp/hids_malicious"
type=PATH msg=audit(1769493385.507:2277): item=0 name="/usr/bin/sudo" inode=1574274 dev=08:02 mode=0104755 ouid=0 ogid=0 rdev=00:00 nametype=NORMAL cap_fp=0 cap_fi=0 cap_fe=0 cap_fver=0 cap_frootid=0OUID="root" OGID="root"
type=PATH msg=audit(1769493385.507:2277): item=1 name="/lib64/ld-linux-x86-64.so.2" inode=1575340 dev=08:02 mode=0100755 ouid=0 ogid=0 rdev=00:00 nametype=NORMAL cap_fp=0 cap_fi=0 cap_fe=0 cap_fver=0 cap_frootid=0OUID="root" OGID="root"
type=PROCTITLE msg=audit(1769493385.507:2277): proctitle=7375646F00746565002F6574632F63726F6E2E642F686964735F70657273697374
type=USER_ACCT msg=audit(1769493385.622:2278): pid=4179 uid=1000 auid=1000 ses=3 subj=unconfined msg='op=PAM:accounting grantors=pam_permit,pam_localuser acct="heroic" exe="/usr/bin/sudo" hostname=? addr=? terminal=/dev/pts/0 res=success'UID="heroic" AUID="heroic"
type=USER_CMD msg=audit(1769493385.627:2279): pid=4179 uid=1000 auid=1000 ses=3 subj=unconfined msg='cwd="/tmp/hids_malicious" cmd=746565202F6574632F63726F6E2E642F686964735F70657273697374 exe="/usr/bin/sudo" terminal=pts/0 res=success'UID="heroic" AUID="heroic"
type=CRED_REFR msg=audit(1769493385.643:2280): pid=4179 uid=1000 auid=1000 ses=3 subj=unconfined msg='op=PAM:setcred grantors=pam_permit,pam_cap acct="root" exe="/usr/bin/sudo" hostname=? addr=? terminal=/dev/pts/0 res=success'UID="heroic" AUID="heroic"
type=USER_START msg=audit(1769493385.647:2281): pid=4179 uid=1000 auid=1000 ses=3 subj=unconfined msg='op=PAM:session_open grantors=pam_limits,pam_env,pam_env,pam_permit,pam_umask,pam_unix acct="root" exe="/usr/bin/sudo" hostname=? addr=? terminal=/dev/pts/0 res=success'UID="heroic" AUID="heroic"
type=SYSCALL msg=audit(1769493385.652:2282): arch=c000003e syscall=59 success=yes exit=0 a0=61ff4a0afb68 a1=61ff4a0bfba0 a2=61ff4a0d27a0 a3=64 items=2 ppid=4180 pid=4181 auid=1000 uid=0 gid=0 euid=0 suid=0 fsuid=0 egid=0 sgid=0 fsgid=0 tty=pts4 ses=3 comm="tee" exe="/usr/bin/tee" subj=unconfined key="process_exec"ARCH=x86_64 SYSCALL=execve AUID="heroic" UID="root" GID="root" EUID="root" SUID="root" FSUID="root" EGID="root" SGID="root" FSGID="root"
type=EXECVE msg=audit(1769493385.652:2282): argc=2 a0="tee" a1="/etc/cron.d/hids_persist"
type=CWD msg=audit(1769493385.652:2282): cwd="/tmp/hids_malicious"
type=PATH msg=audit(1769493385.652:2282): item=0 name="/usr/bin/tee" inode=1578148 dev=08:02 mode=0100755 ouid=0 ogid=0 rdev=00:00 nametype=NORMAL cap_fp=0 cap_fi=0 cap_fe=0 cap_fver=0 cap_frootid=0OUID="root" OGID="root"
type=PATH msg=audit(1769493385.652:2282): item=1 name="/lib64/ld-linux-x86-64.so.2" inode=1575340 dev=08:02 mode=0100755 ouid=0 ogid=0 rdev=00:00 nametype=NORMAL cap_fp=0 cap_fi=0 cap_fe=0 cap_fver=0 cap_frootid=0OUID="root" OGID="root"
type=PROCTITLE msg=audit(1769493385.652:2282): proctitle=746565002F6574632F63726F6E2E642F686964735F70657273697374
type=SYSCALL msg=audit(1769493385.659:2283): arch=c000003e syscall=257 success=yes exit=3 a0=ffffff9c a1=7ffe817ba72c a2=241 a3=1b6 items=2 ppid=4180 pid=4181 auid=1000 uid=0 gid=0 euid=0 suid=0 fsuid=0 egid=0 sgid=0 fsgid=0 tty=pts4 ses=3 comm="tee" exe="/usr/bin/tee" subj=unconfined key="persistence"ARCH=x86_64 SYSCALL=openat AUID="heroic" UID="root" GID="root" EUID="root" SUID="root" FSUID="root" EGID="root" SGID="root" FSGID="root"
type=CWD msg=audit(1769493385.659:2283): cwd="/tmp/hids_malicious"
type=PATH msg=audit(1769493385.659:2283): item=0 name="/etc/cron.d/" inode=1703968 dev=08:02 mode=040755 ouid=0 ogid=0 rdev=00:00 nametype=PARENT cap_fp=0 cap_fi=0 cap_fe=0 cap_fver=0 cap_frootid=0OUID="root" OGID="root"
type=PATH msg=audit(1769493385.659:2283): item=1 name="/etc/cron.d/hids_persist" inode=1704205 dev=08:02 mode=0100644 ouid=0 ogid=0 rdev=00:00 nametype=CREATE cap_fp=0 cap_fi=0 cap_fe=0 cap_fver=0 cap_frootid=0OUID="root" OGID="root"
type=PROCTITLE msg=audit(1769493385.659:2283): proctitle=746565002F6574632F63726F6E2E642F686964735F70657273697374
type=USER_END msg=audit(1769493385.665:2284): pid=4179 uid=1000 auid=1000 ses=3 subj=unconfined msg='op=PAM:session_close grantors=pam_limits,pam_env,pam_env,pam_permit,pam_umask,pam_unix acct="root" exe="/usr/bin/sudo" hostname=? addr=? terminal=/dev/pts/0 res=success'UID="heroic" AUID="heroic"
type=CRED_DISP msg=audit(1769493385.665:2285): pid=4179 uid=1000 auid=1000 ses=3 subj=unconfined msg='op=PAM:setcred grantors=pam_permit acct="root" exe="/usr/bin/sudo" hostname=? addr=? terminal=/dev/pts/0 res=success'UID="heroic" AUID="heroic"
type=SYSCALL msg=audit(1769493385.670:2286): arch=c000003e syscall=59 success=yes exit=0 a0=5da302dccb90 a1=5da302dcc330 a2=5da302dc08f0 a3=5da302dcc330 items=2 ppid=3886 pid=4182 auid=1000 uid=1000 gid=1000 euid=1000 suid=1000 fsuid=1000 egid=1000 sgid=1000 fsgid=1000 tty=pts0 ses=3 comm="sleep" exe="/usr/bin/sleep" subj=unconfined key="process_exec"ARCH=x86_64 SYSCALL=execve AUID="heroic" UID="heroic" GID="heroic" EUID="heroic" SUID="heroic" FSUID="heroic" EGID="heroic" SGID="heroic" FSGID="heroic"
type=EXECVE msg=audit(1769493385.670:2286): argc=2 a0="sleep" a1="5"
type=CWD msg=audit(1769493385.670:2286): cwd="/tmp/hids_malicious"
type=PATH msg=audit(1769493385.670:2286): item=0 name="/usr/bin/sleep" inode=1578138 dev=08:02 mode=0100755 ouid=0 ogid=0 rdev=00:00 nametype=NORMAL cap_fp=0 cap_fi=0 cap_fe=0 cap_fver=0 cap_frootid=0OUID="root" OGID="root"
type=PATH msg=audit(1769493385.670:2286): item=1 name="/lib64/ld-linux-x86-64.so.2" inode=1575340 dev=08:02 mode=0100755 ouid=0 ogid=0 rdev=00:00 nametype=NORMAL cap_fp=0 cap_fi=0 cap_fe=0 cap_fver=0 cap_frootid=0OUID="root" OGID="root"
type=PROCTITLE msg=audit(1769493385.670:2286): proctitle=736C6565700035
type=SYSCALL msg=audit(1769493390.760:2287): arch=c000003e syscall=59 success=yes exit=0 a0=5da302dc8740 a1=5da302dca360 a2=5da302dc08f0 a3=1 items=2 ppid=3886 pid=4184 auid=1000 uid=1000 gid=1000 euid=1000 suid=1000 fsuid=1000 egid=1000 sgid=1000 fsgid=1000 tty=pts0 ses=3 comm="rm" exe="/usr/bin/rm" subj=unconfined key="process_exec"ARCH=x86_64 SYSCALL=execve AUID="heroic" UID="heroic" GID="heroic" EUID="heroic" SUID="heroic" FSUID="heroic" EGID="heroic" SGID="heroic" FSGID="heroic"
type=EXECVE msg=audit(1769493390.760:2287): argc=58 a0="rm" a1="-f" a2="file_10.dat" a3="file_11.dat" a4="file_12.dat" a5="file_13.dat" a6="file_14.dat" a7="file_15.dat" a8="file_16.dat" a9="file_17.dat" a10="file_18.dat" a11="file_19.dat" a12="file_1.dat" a13="file_20.dat" a14="file_21.dat" a15="file_22.dat" a16="file_23.dat" a17="file_24.dat" a18="file_25.dat" a19="file_26.dat" a20="file_27.dat" a21="file_28.dat" a22="file_29.dat" a23="file_2.dat" a24="file_30.dat" a25="file_31.dat" a26="file_32.dat" a27="file_33.dat" a28="file_34.dat" a29="file_35.dat" a30="file_36.dat" a31="file_37.dat" a32="file_38.dat" a33="file_39.dat" a34="file_3.dat" a35="file_40.dat" a36="file_41.dat" a37="file_42.dat" a38="file_43.dat" a39="file_44.dat" a40="file_45.dat" a41="file_46.dat" a42="file_47.dat" a43="file_48.dat" a44="file_49.dat" a45="file_4.dat" a46="file_50.dat" a47="file_5.dat" a48="file_6.dat" a49="file_7.dat" a50="file_8.dat" a51="file_9.dat" a52="payload.sh" a53="recon.txt" a54="netstat.txt" a55="processes.txt" a56="sudo_enum.txt" a57="sudo_test.txt"
type=CWD msg=audit(1769493390.760:2287): cwd="/tmp/hids_malicious"
type=PATH msg=audit(1769493390.760:2287): item=0 name="/usr/bin/rm" inode=1578127 dev=08:02 mode=0100755 ouid=0 ogid=0 rdev=00:00 nametype=NORMAL cap_fp=0 cap_fi=0 cap_fe=0 cap_fver=0 cap_frootid=0OUID="root" OGID="root"
type=PATH msg=audit(1769493390.760:2287): item=1 name="/lib64/ld-linux-x86-64.so.2" inode=1575340 dev=08:02 mode=0100755 ouid=0 ogid=0 rdev=00:00 nametype=NORMAL cap_fp=0 cap_fi=0 cap_fe=0 cap_fver=0 cap_frootid=0OUID="root" OGID="root"
type=PROCTITLE msg=audit(1769493390.760:2287): proctitle=726D002D660066696C655F31302E6461740066696C655F31312E6461740066696C655F31322E6461740066696C655F31332E6461740066696C655F31342E6461740066696C655F31352E6461740066696C655F31362E6461740066696C655F31372E6461740066696C655F31382E6461740066696C655F31392E646174006669
type=SYSCALL msg=audit(1769493390.799:2288): arch=c000003e syscall=59 success=yes exit=0 a0=5da302dca310 a1=5da302dcdc20 a2=5da302dc08f0 a3=5da302dcdc20 items=2 ppid=3886 pid=4185 auid=1000 uid=1000 gid=1000 euid=0 suid=0 fsuid=0 egid=1000 sgid=1000 fsgid=1000 tty=pts0 ses=3 comm="sudo" exe="/usr/bin/sudo" subj=unconfined key="process_exec"ARCH=x86_64 SYSCALL=execve AUID="heroic" UID="heroic" GID="heroic" EUID="root" SUID="root" FSUID="root" EGID="heroic" SGID="heroic" FSGID="heroic"
type=EXECVE msg=audit(1769493390.799:2288): argc=4 a0="sudo" a1="rm" a2="-f" a3="/etc/cron.d/hids_persist"
type=CWD msg=audit(1769493390.799:2288): cwd="/tmp/hids_malicious"
type=PATH msg=audit(1769493390.799:2288): item=0 name="/usr/bin/sudo" inode=1574274 dev=08:02 mode=0104755 ouid=0 ogid=0 rdev=00:00 nametype=NORMAL cap_fp=0 cap_fi=0 cap_fe=0 cap_fver=0 cap_frootid=0OUID="root" OGID="root"
type=PATH msg=audit(1769493390.799:2288): item=1 name="/lib64/ld-linux-x86-64.so.2" inode=1575340 dev=08:02 mode=0100755 ouid=0 ogid=0 rdev=00:00 nametype=NORMAL cap_fp=0 cap_fi=0 cap_fe=0 cap_fver=0 cap_frootid=0OUID="root" OGID="root"
type=PROCTITLE msg=audit(1769493390.799:2288): proctitle=7375646F00726D002D66002F6574632F63726F6E2E642F686964735F70657273697374
type=USER_ACCT msg=audit(1769493390.903:2289): pid=4185 uid=1000 auid=1000 ses=3 subj=unconfined msg='op=PAM:accounting grantors=pam_permit,pam_localuser acct="heroic" exe="/usr/bin/sudo" hostname=? addr=? terminal=/dev/pts/0 res=success'UID="heroic" AUID="heroic"
type=USER_CMD msg=audit(1769493390.903:2290): pid=4185 uid=1000 auid=1000 ses=3 subj=unconfined msg='cwd="/tmp/hids_malicious" cmd=726D202D66202F6574632F63726F6E2E642F686964735F70657273697374 exe="/usr/bin/sudo" terminal=pts/0 res=success'UID="heroic" AUID="heroic"
type=CRED_REFR msg=audit(1769493390.908:2291): pid=4185 uid=1000 auid=1000 ses=3 subj=unconfined msg='op=PAM:setcred grantors=pam_permit,pam_cap acct="root" exe="/usr/bin/sudo" hostname=? addr=? terminal=/dev/pts/0 res=success'UID="heroic" AUID="heroic"
type=USER_START msg=audit(1769493390.908:2292): pid=4185 uid=1000 auid=1000 ses=3 subj=unconfined msg='op=PAM:session_open grantors=pam_limits,pam_env,pam_env,pam_permit,pam_umask,pam_unix acct="root" exe="/usr/bin/sudo" hostname=? addr=? terminal=/dev/pts/0 res=success'UID="heroic" AUID="heroic"
type=SYSCALL msg=audit(1769493390.914:2293): arch=c000003e syscall=59 success=yes exit=0 a0=626d28f8eb68 a1=626d28f9eba0 a2=626d28fb17a0 a3=64 items=2 ppid=4186 pid=4187 auid=1000 uid=0 gid=0 euid=0 suid=0 fsuid=0 egid=0 sgid=0 fsgid=0 tty=pts4 ses=3 comm="rm" exe="/usr/bin/rm" subj=unconfined key="process_exec"ARCH=x86_64 SYSCALL=execve AUID="heroic" UID="root" GID="root" EUID="root" SUID="root" FSUID="root" EGID="root" SGID="root" FSGID="root"
type=EXECVE msg=audit(1769493390.914:2293): argc=3 a0="rm" a1="-f" a2="/etc/cron.d/hids_persist"
type=CWD msg=audit(1769493390.914:2293): cwd="/tmp/hids_malicious"
type=PATH msg=audit(1769493390.914:2293): item=0 name="/usr/bin/rm" inode=1578127 dev=08:02 mode=0100755 ouid=0 ogid=0 rdev=00:00 nametype=NORMAL cap_fp=0 cap_fi=0 cap_fe=0 cap_fver=0 cap_frootid=0OUID="root" OGID="root"
type=PATH msg=audit(1769493390.914:2293): item=1 name="/lib64/ld-linux-x86-64.so.2" inode=1575340 dev=08:02 mode=0100755 ouid=0 ogid=0 rdev=00:00 nametype=NORMAL cap_fp=0 cap_fi=0 cap_fe=0 cap_fver=0 cap_frootid=0OUID="root" OGID="root"
type=PROCTITLE msg=audit(1769493390.914:2293): proctitle=726D002D66002F6574632F63726F6E2E642F686964735F70657273697374
type=SYSCALL msg=audit(1769493390.923:2294): arch=c000003e syscall=263 success=yes exit=0 a0=ffffff9c a1=5910fa6b24a0 a2=0 a3=5910fa6b3900 items=2 ppid=4186 pid=4187 auid=1000 uid=0 gid=0 euid=0 suid=0 fsuid=0 egid=0 sgid=0 fsgid=0 tty=pts4 ses=3 comm="rm" exe="/usr/bin/rm" subj=unconfined key="persistence"ARCH=x86_64 SYSCALL=unlinkat AUID="heroic" UID="root" GID="root" EUID="root" SUID="root" FSUID="root" EGID="root" SGID="root" FSGID="root"
type=CWD msg=audit(1769493390.923:2294): cwd="/tmp/hids_malicious"
type=PATH msg=audit(1769493390.923:2294): item=0 name="/etc/cron.d/" inode=1703968 dev=08:02 mode=040755 ouid=0 ogid=0 rdev=00:00 nametype=PARENT cap_fp=0 cap_fi=0 cap_fe=0 cap_fver=0 cap_frootid=0OUID="root" OGID="root"
type=PATH msg=audit(1769493390.923:2294): item=1 name="/etc/cron.d/hids_persist" inode=1704205 dev=08:02 mode=0100644 ouid=0 ogid=0 rdev=00:00 nametype=DELETE cap_fp=0 cap_fi=0 cap_fe=0 cap_fver=0 cap_frootid=0OUID="root" OGID="root"
type=PROCTITLE msg=audit(1769493390.923:2294): proctitle=726D002D66002F6574632F63726F6E2E642F686964735F70657273697374
type=USER_END msg=audit(1769493390.931:2295): pid=4185 uid=1000 auid=1000 ses=3 subj=unconfined msg='op=PAM:session_close grantors=pam_limits,pam_env,pam_env,pam_permit,pam_umask,pam_unix acct="root" exe="/usr/bin/sudo" hostname=? addr=? terminal=/dev/pts/0 res=success'UID="heroic" AUID="heroic"
type=CRED_DISP msg=audit(1769493390.931:2296): pid=4185 uid=1000 auid=1000 ses=3 subj=unconfined msg='op=PAM:setcred grantors=pam_permit acct="root" exe="/usr/bin/sudo" hostname=? addr=? terminal=/dev/pts/0 res=success'UID="heroic" AUID="heroic"
type=SYSCALL msg=audit(1769493390.950:2297): arch=c000003e syscall=59 success=yes exit=0 a0=5da302dc8980 a1=5da302dcc2b0 a2=5da302dc08f0 a3=5da302dcc2b0 items=2 ppid=3886 pid=4188 auid=1000 uid=1000 gid=1000 euid=1000 suid=1000 fsuid=1000 egid=1000 sgid=1000 fsgid=1000 tty=pts0 ses=3 comm="rmdir" exe="/usr/bin/rmdir" subj=unconfined key="process_exec"ARCH=x86_64 SYSCALL=execve AUID="heroic" UID="heroic" GID="heroic" EUID="heroic" SUID="heroic" FSUID="heroic" EGID="heroic" SGID="heroic" FSGID="heroic"
type=EXECVE msg=audit(1769493390.950:2297): argc=2 a0="rmdir" a1="/tmp/hids_malicious"
type=CWD msg=audit(1769493390.950:2297): cwd="/tmp/hids_malicious"
type=PATH msg=audit(1769493390.950:2297): item=0 name="/usr/bin/rmdir" inode=1578128 dev=08:02 mode=0100755 ouid=0 ogid=0 rdev=00:00 nametype=NORMAL cap_fp=0 cap_fi=0 cap_fe=0 cap_fver=0 cap_frootid=0OUID="root" OGID="root"
type=PATH msg=audit(1769493390.950:2297): item=1 name="/lib64/ld-linux-x86-64.so.2" inode=1575340 dev=08:02 mode=0100755 ouid=0 ogid=0 rdev=00:00 nametype=NORMAL cap_fp=0 cap_fi=0 cap_fe=0 cap_fver=0 cap_frootid=0OUID="root" OGID="root"
type=PROCTITLE msg=audit(1769493390.950:2297): proctitle=726D646972002F746D702F686964735F6D616C6963696F7573
type=SYSCALL msg=audit(1769493390.967:2298): arch=c000003e syscall=59 success=yes exit=0 a0=5da302dca310 a1=5da302dc8740 a2=5da302dc08f0 a3=5da302dc8740 items=2 ppid=3886 pid=4189 auid=1000 uid=1000 gid=1000 euid=1000 suid=1000 fsuid=1000 egid=1000 sgid=1000 fsgid=1000 tty=pts0 ses=3 comm="sleep" exe="/usr/bin/sleep" subj=unconfined key="process_exec"ARCH=x86_64 SYSCALL=execve AUID="heroic" UID="heroic" GID="heroic" EUID="heroic" SUID="heroic" FSUID="heroic" EGID="heroic" SGID="heroic" FSGID="heroic"
type=EXECVE msg=audit(1769493390.967:2298): argc=2 a0="sleep" a1="90"
type=CWD msg=audit(1769493390.967:2298): cwd=2F746D702F686964735F6D616C6963696F7573202864656C6574656429
type=PATH msg=audit(1769493390.967:2298): item=0 name="/usr/bin/sleep" inode=1578138 dev=08:02 mode=0100755 ouid=0 ogid=0 rdev=00:00 nametype=NORMAL cap_fp=0 cap_fi=0 cap_fe=0 cap_fver=0 cap_frootid=0OUID="root" OGID="root"
type=PATH msg=audit(1769493390.967:2298): item=1 name="/lib64/ld-linux-x86-64.so.2" inode=1575340 dev=08:02 mode=0100755 ouid=0 ogid=0 rdev=00:00 nametype=NORMAL cap_fp=0 cap_fi=0 cap_fe=0 cap_fver=0 cap_frootid=0OUID="root" OGID="root"
type=PROCTITLE msg=audit(1769493390.967:2298): proctitle=736C656570003930
type=SYSCALL msg=audit(1769493457.377:2299): arch=c000003e syscall=59 success=yes exit=0 a0=7ffd2e5d34c0 a1=7ffd2e5d34e0 a2=7ffd2e5d3fd0 a3=8 items=2 ppid=1 pid=4193 auid=4294967295 uid=0 gid=0 euid=0 suid=0 fsuid=0 egid=0 sgid=0 fsgid=0 tty=(none) ses=4294967295 comm="9" exe="/usr/lib/systemd/systemd-executor" subj=unconfined key="process_exec"ARCH=x86_64 SYSCALL=execve AUID="unset" UID="root" GID="root" EUID="root" SUID="root" FSUID="root" EGID="root" SGID="root" FSGID="root"
type=EXECVE msg=audit(1769493457.377:2299): argc=7 a0="/usr/lib/systemd/systemd-executor" a1="--deserialize" a2="119" a3="--log-level" a4="info" a5="--log-target" a6="journal-or-kmsg"
type=CWD msg=audit(1769493457.377:2299): cwd="/"
type=PATH msg=audit(1769493457.377:2299): item=0 name="/proc/self/fd/9" inode=1596504 dev=08:02 mode=0100755 ouid=0 ogid=0 rdev=00:00 nametype=NORMAL cap_fp=0 cap_fi=0 cap_fe=0 cap_fver=0 cap_frootid=0OUID="root" OGID="root"
type=PATH msg=audit(1769493457.377:2299): item=1 name="/lib64/ld-linux-x86-64.so.2" inode=1575340 dev=08:02 mode=0100755 ouid=0 ogid=0 rdev=00:00 nametype=NORMAL cap_fp=0 cap_fi=0 cap_fe=0 cap_fver=0 cap_frootid=0OUID="root" OGID="root"
type=PROCTITLE msg=audit(1769493457.377:2299): proctitle=2F7573722F6C69622F73797374656D642F73797374656D642D6578656375746F72002D2D646573657269616C697A6500313139002D2D6C6F672D6C6576656C00696E666F002D2D6C6F672D746172676574006A6F75726E616C2D6F722D6B6D7367
type=SYSCALL msg=audit(1769493457.400:2300): arch=c000003e syscall=59 success=yes exit=0 a0=645ecc9b5020 a1=645ecc9b5000 a2=645ecc9b4db0 a3=645ecc9b5990 items=2 ppid=1 pid=4193 auid=4294967295 uid=0 gid=0 euid=0 suid=0 fsuid=0 egid=0 sgid=0 fsgid=0 tty=(none) ses=4294967295 comm="nm-dispatcher" exe="/usr/libexec/nm-dispatcher" subj=unconfined key="process_exec"ARCH=x86_64 SYSCALL=execve AUID="unset" UID="root" GID="root" EUID="root" SUID="root" FSUID="root" EGID="root" SGID="root" FSGID="root"
type=EXECVE msg=audit(1769493457.400:2300): argc=1 a0="/usr/libexec/nm-dispatcher"
type=CWD msg=audit(1769493457.400:2300): cwd="/"
type=PATH msg=audit(1769493457.400:2300): item=0 name="/usr/libexec/nm-dispatcher" inode=1586222 dev=08:02 mode=0100755 ouid=0 ogid=0 rdev=00:00 nametype=NORMAL cap_fp=0 cap_fi=0 cap_fe=0 cap_fver=0 cap_frootid=0OUID="root" OGID="root"
type=PATH msg=audit(1769493457.400:2300): item=1 name="/lib64/ld-linux-x86-64.so.2" inode=1575340 dev=08:02 mode=0100755 ouid=0 ogid=0 rdev=00:00 nametype=NORMAL cap_fp=0 cap_fi=0 cap_fe=0 cap_fver=0 cap_frootid=0OUID="root" OGID="root"
type=PROCTITLE msg=audit(1769493457.400:2300): proctitle=2F7573722F6C69622F73797374656D642F73797374656D642D6578656375746F72002D2D646573657269616C697A6500313139002D2D6C6F672D6C6576656C00696E666F002D2D6C6F672D746172676574006A6F75726E616C2D6F722D6B6D7367
type=SERVICE_START msg=audit(1769493457.484:2301): pid=1 uid=0 auid=4294967295 ses=4294967295 subj=unconfined msg='unit=NetworkManager-dispatcher comm="systemd" exe="/usr/lib/systemd/systemd" hostname=? addr=? terminal=? res=success'UID="root" AUID="unset"
type=SERVICE_STOP msg=audit(1769493467.596:2302): pid=1 uid=0 auid=4294967295 ses=4294967295 subj=unconfined msg='unit=NetworkManager-dispatcher comm="systemd" exe="/usr/lib/systemd/systemd" hostname=? addr=? terminal=? res=success'UID="root" AUID="unset"
type=SYSCALL msg=audit(1769493480.986:2303): arch=c000003e syscall=59 success=yes exit=0 a0=5da302dcd5f0 a1=5da302dced00 a2=5da302dc08f0 a3=5da302dccd10 items=2 ppid=3886 pid=4199 auid=1000 uid=1000 gid=1000 euid=1000 suid=1000 fsuid=1000 egid=1000 sgid=1000 fsgid=1000 tty=pts0 ses=3 comm="mkdir" exe="/usr/bin/mkdir" subj=unconfined key="process_exec"ARCH=x86_64 SYSCALL=execve AUID="heroic" UID="heroic" GID="heroic" EUID="heroic" SUID="heroic" FSUID="heroic" EGID="heroic" SGID="heroic" FSGID="heroic"
type=EXECVE msg=audit(1769493480.986:2303): argc=3 a0="mkdir" a1="-p" a2="/tmp/hids_malicious"
type=CWD msg=audit(1769493480.986:2303): cwd=2F746D702F686964735F6D616C6963696F7573202864656C6574656429
type=PATH msg=audit(1769493480.986:2303): item=0 name="/usr/bin/mkdir" inode=1578106 dev=08:02 mode=0100755 ouid=0 ogid=0 rdev=00:00 nametype=NORMAL cap_fp=0 cap_fi=0 cap_fe=0 cap_fver=0 cap_frootid=0OUID="root" OGID="root"
type=PATH msg=audit(1769493480.986:2303): item=1 name="/lib64/ld-linux-x86-64.so.2" inode=1575340 dev=08:02 mode=0100755 ouid=0 ogid=0 rdev=00:00 nametype=NORMAL cap_fp=0 cap_fi=0 cap_fe=0 cap_fver=0 cap_frootid=0OUID="root" OGID="root"
type=PROCTITLE msg=audit(1769493480.986:2303): proctitle=6D6B646972002D70002F746D702F686964735F6D616C6963696F7573
type=SYSCALL msg=audit(1769493480.993:2304): arch=c000003e syscall=59 success=yes exit=0 a0=5da302dccb50 a1=5da302dcca10 a2=5da302dc08f0 a3=5da302dcd610 items=2 ppid=3886 pid=4200 auid=1000 uid=1000 gid=1000 euid=1000 suid=1000 fsuid=1000 egid=1000 sgid=1000 fsgid=1000 tty=pts0 ses=3 comm="ps" exe="/usr/bin/ps" subj=unconfined key="process_exec"ARCH=x86_64 SYSCALL=execve AUID="heroic" UID="heroic" GID="heroic" EUID="heroic" SUID="heroic" FSUID="heroic" EGID="heroic" SGID="heroic" FSGID="heroic"
type=EXECVE msg=audit(1769493480.993:2304): argc=2 a0="ps" a1="aux"
type=CWD msg=audit(1769493480.993:2304): cwd="/tmp/hids_malicious"
type=PATH msg=audit(1769493480.993:2304): item=0 name="/usr/bin/ps" inode=1574103 dev=08:02 mode=0100755 ouid=0 ogid=0 rdev=00:00 nametype=NORMAL cap_fp=0 cap_fi=0 cap_fe=0 cap_fver=0 cap_frootid=0OUID="root" OGID="root"
type=PATH msg=audit(1769493480.993:2304): item=1 name="/lib64/ld-linux-x86-64.so.2" inode=1575340 dev=08:02 mode=0100755 ouid=0 ogid=0 rdev=00:00 nametype=NORMAL cap_fp=0 cap_fi=0 cap_fe=0 cap_fver=0 cap_frootid=0OUID="root" OGID="root"
type=PROCTITLE msg=audit(1769493480.993:2304): proctitle=707300617578
type=SYSCALL msg=audit(1769493481.012:2305): arch=c000003e syscall=59 success=yes exit=0 a0=5da302dcd5f0 a1=5da302dc8980 a2=5da302dc08f0 a3=5da302dc8980 items=2 ppid=3886 pid=4201 auid=1000 uid=1000 gid=1000 euid=1000 suid=1000 fsuid=1000 egid=1000 sgid=1000 fsgid=1000 tty=pts0 ses=3 comm="whoami" exe="/usr/bin/whoami" subj=unconfined key="process_exec"ARCH=x86_64 SYSCALL=execve AUID="heroic" UID="heroic" GID="heroic" EUID="heroic" SUID="heroic" FSUID="heroic" EGID="heroic" SGID="heroic" FSGID="heroic"
type=EXECVE msg=audit(1769493481.012:2305): argc=1 a0="whoami"
type=CWD msg=audit(1769493481.012:2305): cwd="/tmp/hids_malicious"
type=PATH msg=audit(1769493481.012:2305): item=0 name="/usr/bin/whoami" inode=1578239 dev=08:02 mode=0100755 ouid=0 ogid=0 rdev=00:00 nametype=NORMAL cap_fp=0 cap_fi=0 cap_fe=0 cap_fver=0 cap_frootid=0OUID="root" OGID="root"
type=PATH msg=audit(1769493481.012:2305): item=1 name="/lib64/ld-linux-x86-64.so.2" inode=1575340 dev=08:02 mode=0100755 ouid=0 ogid=0 rdev=00:00 nametype=NORMAL cap_fp=0 cap_fi=0 cap_fe=0 cap_fver=0 cap_frootid=0OUID="root" OGID="root"
type=PROCTITLE msg=audit(1769493481.012:2305): proctitle="whoami"
type=SYSCALL msg=audit(1769493481.012:2306): arch=c000003e syscall=59 success=yes exit=0 a0=5da302dcd5d0 a1=5da302dcd3d0 a2=5da302dc08f0 a3=5da302dcd3d0 items=2 ppid=3886 pid=4202 auid=1000 uid=1000 gid=1000 euid=1000 suid=1000 fsuid=1000 egid=1000 sgid=1000 fsgid=1000 tty=pts0 ses=3 comm="id" exe="/usr/bin/id" subj=unconfined key="process_exec"ARCH=x86_64 SYSCALL=execve AUID="heroic" UID="heroic" GID="heroic" EUID="heroic" SUID="heroic" FSUID="heroic" EGID="heroic" SGID="heroic" FSGID="heroic"
type=EXECVE msg=audit(1769493481.012:2306): argc=1 a0="id"
type=CWD msg=audit(1769493481.012:2306): cwd="/tmp/hids_malicious"
type=PATH msg=audit(1769493481.012:2306): item=0 name="/usr/bin/id" inode=1578097 dev=08:02 mode=0100755 ouid=0 ogid=0 rdev=00:00 nametype=NORMAL cap_fp=0 cap_fi=0 cap_fe=0 cap_fver=0 cap_frootid=0OUID="root" OGID="root"
type=PATH msg=audit(1769493481.012:2306): item=1 name="/lib64/ld-linux-x86-64.so.2" inode=1575340 dev=08:02 mode=0100755 ouid=0 ogid=0 rdev=00:00 nametype=NORMAL cap_fp=0 cap_fi=0 cap_fe=0 cap_fver=0 cap_frootid=0OUID="root" OGID="root"
type=PROCTITLE msg=audit(1769493481.012:2306): proctitle="id"
type=SYSCALL msg=audit(1769493481.012:2307): arch=c000003e syscall=59 success=yes exit=0 a0=5da302dcd5f0 a1=5da302dcc490 a2=5da302dc08f0 a3=5da302dccb50 items=2 ppid=3886 pid=4203 auid=1000 uid=1000 gid=1000 euid=1000 suid=1000 fsuid=1000 egid=1000 sgid=1000 fsgid=1000 tty=pts0 ses=3 comm="uname" exe="/usr/bin/uname" subj=unconfined key="process_exec"ARCH=x86_64 SYSCALL=execve AUID="heroic" UID="heroic" GID="heroic" EUID="heroic" SUID="heroic" FSUID="heroic" EGID="heroic" SGID="heroic" FSGID="heroic"
type=EXECVE msg=audit(1769493481.012:2307): argc=2 a0="uname" a1="-a"
type=CWD msg=audit(1769493481.012:2307): cwd="/tmp/hids_malicious"
type=PATH msg=audit(1769493481.012:2307): item=0 name="/usr/bin/uname" inode=1578226 dev=08:02 mode=0100755 ouid=0 ogid=0 rdev=00:00 nametype=NORMAL cap_fp=0 cap_fi=0 cap_fe=0 cap_fver=0 cap_frootid=0OUID="root" OGID="root"
type=PATH msg=audit(1769493481.012:2307): item=1 name="/lib64/ld-linux-x86-64.so.2" inode=1575340 dev=08:02 mode=0100755 ouid=0 ogid=0 rdev=00:00 nametype=NORMAL cap_fp=0 cap_fi=0 cap_fe=0 cap_fver=0 cap_frootid=0OUID="root" OGID="root"
type=PROCTITLE msg=audit(1769493481.012:2307): proctitle=756E616D65002D61
type=SYSCALL msg=audit(1769493481.012:2308): arch=c000003e syscall=59 success=yes exit=0 a0=5da302dcc4f0 a1=5da302dc7b20 a2=5da302dc08f0 a3=5da302dccd10 items=2 ppid=3886 pid=4204 auid=1000 uid=1000 gid=1000 euid=1000 suid=1000 fsuid=1000 egid=1000 sgid=1000 fsgid=1000 tty=pts0 ses=3 comm="ss" exe="/usr/bin/ss" subj=unconfined key="process_exec"ARCH=x86_64 SYSCALL=execve AUID="heroic" UID="heroic" GID="heroic" EUID="heroic" SUID="heroic" FSUID="heroic" EGID="heroic" SGID="heroic" FSGID="heroic"
type=EXECVE msg=audit(1769493481.012:2308): argc=2 a0="ss" a1="-tulnp"
type=CWD msg=audit(1769493481.012:2308): cwd="/tmp/hids_malicious"
type=PATH msg=audit(1769493481.012:2308): item=0 name="/usr/bin/ss" inode=1574256 dev=08:02 mode=0100755 ouid=0 ogid=0 rdev=00:00 nametype=NORMAL cap_fp=0 cap_fi=0 cap_fe=0 cap_fver=0 cap_frootid=0OUID="root" OGID="root"
type=PATH msg=audit(1769493481.012:2308): item=1 name="/lib64/ld-linux-x86-64.so.2" inode=1575340 dev=08:02 mode=0100755 ouid=0 ogid=0 rdev=00:00 nametype=NORMAL cap_fp=0 cap_fi=0 cap_fe=0 cap_fver=0 cap_frootid=0OUID="root" OGID="root"
type=PROCTITLE msg=audit(1769493481.012:2308): proctitle=7373002D74756C6E70
type=SYSCALL msg=audit(1769493481.029:2309): arch=c000003e syscall=59 success=yes exit=0 a0=5da302dcd5f0 a1=5da302dcc400 a2=5da302dc08f0 a3=5da302dcd5d0 items=2 ppid=3886 pid=4205 auid=1000 uid=1000 gid=1000 euid=1000 suid=1000 fsuid=1000 egid=1000 sgid=1000 fsgid=1000 tty=pts0 ses=3 comm="chmod" exe="/usr/bin/chmod" subj=unconfined key="process_exec"ARCH=x86_64 SYSCALL=execve AUID="heroic" UID="heroic" GID="heroic" EUID="heroic" SUID="heroic" FSUID="heroic" EGID="heroic" SGID="heroic" FSGID="heroic"
type=EXECVE msg=audit(1769493481.029:2309): argc=3 a0="chmod" a1="+x" a2="payload.sh"
type=CWD msg=audit(1769493481.029:2309): cwd="/tmp/hids_malicious"
type=PATH msg=audit(1769493481.029:2309): item=0 name="/usr/bin/chmod" inode=1578019 dev=08:02 mode=0100755 ouid=0 ogid=0 rdev=00:00 nametype=NORMAL cap_fp=0 cap_fi=0 cap_fe=0 cap_fver=0 cap_frootid=0OUID="root" OGID="root"
type=PATH msg=audit(1769493481.029:2309): item=1 name="/lib64/ld-linux-x86-64.so.2" inode=1575340 dev=08:02 mode=0100755 ouid=0 ogid=0 rdev=00:00 nametype=NORMAL cap_fp=0 cap_fi=0 cap_fe=0 cap_fver=0 cap_frootid=0OUID="root" OGID="root"
type=PROCTITLE msg=audit(1769493481.029:2309): proctitle=63686D6F64002B78007061796C6F61642E7368
type=SYSCALL msg=audit(1769493481.037:2310): arch=c000003e syscall=59 success=yes exit=0 a0=5da302dc8980 a1=5da302dcd510 a2=5da302dc08f0 a3=8 items=2 ppid=3886 pid=4207 auid=1000 uid=1000 gid=1000 euid=1000 suid=1000 fsuid=1000 egid=1000 sgid=1000 fsgid=1000 tty=pts0 ses=3 comm="bash" exe="/usr/bin/bash" subj=unconfined key="process_exec"ARCH=x86_64 SYSCALL=execve AUID="heroic" UID="heroic" GID="heroic" EUID="heroic" SUID="heroic" FSUID="heroic" EGID="heroic" SGID="heroic" FSGID="heroic"
type=EXECVE msg=audit(1769493481.037:2310): argc=1 a0="bash"
type=CWD msg=audit(1769493481.037:2310): cwd="/tmp/hids_malicious"
type=PATH msg=audit(1769493481.037:2310): item=0 name="/usr/bin/bash" inode=1573437 dev=08:02 mode=0100755 ouid=0 ogid=0 rdev=00:00 nametype=NORMAL cap_fp=0 cap_fi=0 cap_fe=0 cap_fver=0 cap_frootid=0OUID="root" OGID="root"
type=PATH msg=audit(1769493481.037:2310): item=1 name="/lib64/ld-linux-x86-64.so.2" inode=1575340 dev=08:02 mode=0100755 ouid=0 ogid=0 rdev=00:00 nametype=NORMAL cap_fp=0 cap_fi=0 cap_fe=0 cap_fver=0 cap_frootid=0OUID="root" OGID="root"
type=PROCTITLE msg=audit(1769493481.037:2310): proctitle="bash"
type=SYSCALL msg=audit(1769493481.037:2311): arch=c000003e syscall=59 success=yes exit=0 a0=5da302dc8980 a1=5da302dc78d0 a2=5da302dc08f0 a3=8 items=2 ppid=3886 pid=4206 auid=1000 uid=1000 gid=1000 euid=1000 suid=1000 fsuid=1000 egid=1000 sgid=1000 fsgid=1000 tty=pts0 ses=3 comm="curl" exe="/usr/bin/curl" subj=unconfined key="process_exec"ARCH=x86_64 SYSCALL=execve AUID="heroic" UID="heroic" GID="heroic" EUID="heroic" SUID="heroic" FSUID="heroic" EGID="heroic" SGID="heroic" FSGID="heroic"
type=EXECVE msg=audit(1769493481.037:2311): argc=3 a0="curl" a1="-s" a2="file:///tmp/hids_malicious/payload.sh"
type=CWD msg=audit(1769493481.037:2311): cwd="/tmp/hids_malicious"
type=PATH msg=audit(1769493481.037:2311): item=0 name="/usr/bin/curl" inode=1573697 dev=08:02 mode=0100755 ouid=0 ogid=0 rdev=00:00 nametype=NORMAL cap_fp=0 cap_fi=0 cap_fe=0 cap_fver=0 cap_frootid=0OUID="root" OGID="root"
type=PATH msg=audit(1769493481.037:2311): item=1 name="/lib64/ld-linux-x86-64.so.2" inode=1575340 dev=08:02 mode=0100755 ouid=0 ogid=0 rdev=00:00 nametype=NORMAL cap_fp=0 cap_fi=0 cap_fe=0 cap_fver=0 cap_frootid=0OUID="root" OGID="root"
type=PROCTITLE msg=audit(1769493481.037:2311): proctitle=6375726C002D730066696C653A2F2F2F746D702F686964735F6D616C6963696F75732F7061796C6F61642E7368
type=SYSCALL msg=audit(1769493481.065:2312): arch=c000003e syscall=59 success=yes exit=0 a0=5da302dcc4f0 a1=5da302dcd630 a2=5da302dc08f0 a3=5da302dcd630 items=2 ppid=3886 pid=4208 auid=1000 uid=1000 gid=1000 euid=0 suid=0 fsuid=0 egid=1000 sgid=1000 fsgid=1000 tty=pts0 ses=3 comm="sudo" exe="/usr/bin/sudo" subj=unconfined key="process_exec"ARCH=x86_64 SYSCALL=execve AUID="heroic" UID="heroic" GID="heroic" EUID="root" SUID="root" FSUID="root" EGID="heroic" SGID="heroic" FSGID="heroic"
type=EXECVE msg=audit(1769493481.065:2312): argc=2 a0="sudo" a1="-l"
type=CWD msg=audit(1769493481.065:2312): cwd="/tmp/hids_malicious"
type=PATH msg=audit(1769493481.065:2312): item=0 name="/usr/bin/sudo" inode=1574274 dev=08:02 mode=0104755 ouid=0 ogid=0 rdev=00:00 nametype=NORMAL cap_fp=0 cap_fi=0 cap_fe=0 cap_fver=0 cap_frootid=0OUID="root" OGID="root"
type=PATH msg=audit(1769493481.065:2312): item=1 name="/lib64/ld-linux-x86-64.so.2" inode=1575340 dev=08:02 mode=0100755 ouid=0 ogid=0 rdev=00:00 nametype=NORMAL cap_fp=0 cap_fi=0 cap_fe=0 cap_fver=0 cap_frootid=0OUID="root" OGID="root"
type=PROCTITLE msg=audit(1769493481.065:2312): proctitle=7375646F002D6C
type=USER_ACCT msg=audit(1769493481.093:2313): pid=4208 uid=1000 auid=1000 ses=3 subj=unconfined msg='op=PAM:accounting grantors=pam_permit,pam_localuser acct="heroic" exe="/usr/bin/sudo" hostname=? addr=? terminal=/dev/pts/0 res=success'UID="heroic" AUID="heroic"
type=SYSCALL msg=audit(1769493481.095:2314): arch=c000003e syscall=59 success=yes exit=0 a0=5da302dcd5f0 a1=5da302dcd5d0 a2=5da302dc08f0 a3=5da302dcd5d0 items=2 ppid=3886 pid=4209 auid=1000 uid=1000 gid=1000 euid=0 suid=0 fsuid=0 egid=1000 sgid=1000 fsgid=1000 tty=pts0 ses=3 comm="sudo" exe="/usr/bin/sudo" subj=unconfined key="process_exec"ARCH=x86_64 SYSCALL=execve AUID="heroic" UID="heroic" GID="heroic" EUID="root" SUID="root" FSUID="root" EGID="heroic" SGID="heroic" FSGID="heroic"
type=EXECVE msg=audit(1769493481.095:2314): argc=2 a0="sudo" a1="whoami"
type=CWD msg=audit(1769493481.095:2314): cwd="/tmp/hids_malicious"
type=PATH msg=audit(1769493481.095:2314): item=0 name="/usr/bin/sudo" inode=1574274 dev=08:02 mode=0104755 ouid=0 ogid=0 rdev=00:00 nametype=NORMAL cap_fp=0 cap_fi=0 cap_fe=0 cap_fver=0 cap_frootid=0OUID="root" OGID="root"
type=PATH msg=audit(1769493481.095:2314): item=1 name="/lib64/ld-linux-x86-64.so.2" inode=1575340 dev=08:02 mode=0100755 ouid=0 ogid=0 rdev=00:00 nametype=NORMAL cap_fp=0 cap_fi=0 cap_fe=0 cap_fver=0 cap_frootid=0OUID="root" OGID="root"
type=PROCTITLE msg=audit(1769493481.095:2314): proctitle=7375646F0077686F616D69
type=USER_ACCT msg=audit(1769493481.119:2315): pid=4209 uid=1000 auid=1000 ses=3 subj=unconfined msg='op=PAM:accounting grantors=pam_permit,pam_localuser acct="heroic" exe="/usr/bin/sudo" hostname=? addr=? terminal=/dev/pts/0 res=success'UID="heroic" AUID="heroic"
type=USER_CMD msg=audit(1769493481.119:2316): pid=4209 uid=1000 auid=1000 ses=3 subj=unconfined msg='cwd="/tmp/hids_malicious" cmd="whoami" exe="/usr/bin/sudo" terminal=pts/0 res=success'UID="heroic" AUID="heroic"
type=CRED_REFR msg=audit(1769493481.122:2317): pid=4209 uid=1000 auid=1000 ses=3 subj=unconfined msg='op=PAM:setcred grantors=pam_permit,pam_cap acct="root" exe="/usr/bin/sudo" hostname=? addr=? terminal=/dev/pts/0 res=success'UID="heroic" AUID="heroic"
type=USER_START msg=audit(1769493481.122:2318): pid=4209 uid=1000 auid=1000 ses=3 subj=unconfined msg='op=PAM:session_open grantors=pam_limits,pam_env,pam_env,pam_permit,pam_umask,pam_unix acct="root" exe="/usr/bin/sudo" hostname=? addr=? terminal=/dev/pts/0 res=success'UID="heroic" AUID="heroic"
type=SYSCALL msg=audit(1769493481.130:2319): arch=c000003e syscall=59 success=yes exit=0 a0=60276c50eb68 a1=60276c51eba0 a2=60276c531340 a3=64 items=2 ppid=4210 pid=4211 auid=1000 uid=0 gid=0 euid=0 suid=0 fsuid=0 egid=0 sgid=0 fsgid=0 tty=pts4 ses=3 comm="whoami" exe="/usr/bin/whoami" subj=unconfined key="process_exec"ARCH=x86_64 SYSCALL=execve AUID="heroic" UID="root" GID="root" EUID="root" SUID="root" FSUID="root" EGID="root" SGID="root" FSGID="root"
type=EXECVE msg=audit(1769493481.130:2319): argc=1 a0="whoami"
type=CWD msg=audit(1769493481.130:2319): cwd="/tmp/hids_malicious"
type=PATH msg=audit(1769493481.130:2319): item=0 name="/usr/bin/whoami" inode=1578239 dev=08:02 mode=0100755 ouid=0 ogid=0 rdev=00:00 nametype=NORMAL cap_fp=0 cap_fi=0 cap_fe=0 cap_fver=0 cap_frootid=0OUID="root" OGID="root"
type=PATH msg=audit(1769493481.130:2319): item=1 name="/lib64/ld-linux-x86-64.so.2" inode=1575340 dev=08:02 mode=0100755 ouid=0 ogid=0 rdev=00:00 nametype=NORMAL cap_fp=0 cap_fi=0 cap_fe=0 cap_fver=0 cap_frootid=0OUID="root" OGID="root"
type=PROCTITLE msg=audit(1769493481.130:2319): proctitle="whoami"
type=USER_END msg=audit(1769493481.134:2320): pid=4209 uid=1000 auid=1000 ses=3 subj=unconfined msg='op=PAM:session_close grantors=pam_limits,pam_env,pam_env,pam_permit,pam_umask,pam_unix acct="root" exe="/usr/bin/sudo" hostname=? addr=? terminal=/dev/pts/0 res=success'UID="heroic" AUID="heroic"
type=CRED_DISP msg=audit(1769493481.134:2321): pid=4209 uid=1000 auid=1000 ses=3 subj=unconfined msg='op=PAM:setcred grantors=pam_permit acct="root" exe="/usr/bin/sudo" hostname=? addr=? terminal=/dev/pts/0 res=success'UID="heroic" AUID="heroic"
type=SYSCALL msg=audit(1769493481.136:2322): arch=c000003e syscall=59 success=yes exit=0 a0=5da302dcc4f0 a1=5da302dcdec0 a2=5da302dc08f0 a3=5da302dcd630 items=2 ppid=3886 pid=4213 auid=1000 uid=1000 gid=1000 euid=0 suid=0 fsuid=0 egid=1000 sgid=1000 fsgid=1000 tty=pts0 ses=3 comm="sudo" exe="/usr/bin/sudo" subj=unconfined key="process_exec"ARCH=x86_64 SYSCALL=execve AUID="heroic" UID="heroic" GID="heroic" EUID="root" SUID="root" FSUID="root" EGID="heroic" SGID="heroic" FSGID="heroic"
type=EXECVE msg=audit(1769493481.136:2322): argc=3 a0="sudo" a1="tee" a2="/etc/cron.d/hids_persist"
type=CWD msg=audit(1769493481.136:2322): cwd="/tmp/hids_malicious"
type=PATH msg=audit(1769493481.136:2322): item=0 name="/usr/bin/sudo" inode=1574274 dev=08:02 mode=0104755 ouid=0 ogid=0 rdev=00:00 nametype=NORMAL cap_fp=0 cap_fi=0 cap_fe=0 cap_fver=0 cap_frootid=0OUID="root" OGID="root"
type=PATH msg=audit(1769493481.136:2322): item=1 name="/lib64/ld-linux-x86-64.so.2" inode=1575340 dev=08:02 mode=0100755 ouid=0 ogid=0 rdev=00:00 nametype=NORMAL cap_fp=0 cap_fi=0 cap_fe=0 cap_fver=0 cap_frootid=0OUID="root" OGID="root"
type=PROCTITLE msg=audit(1769493481.136:2322): proctitle=7375646F00746565002F6574632F63726F6E2E642F686964735F70657273697374
type=USER_ACCT msg=audit(1769493481.169:2323): pid=4213 uid=1000 auid=1000 ses=3 subj=unconfined msg='op=PAM:accounting grantors=pam_permit,pam_localuser acct="heroic" exe="/usr/bin/sudo" hostname=? addr=? terminal=/dev/pts/0 res=success'UID="heroic" AUID="heroic"
type=USER_CMD msg=audit(1769493481.169:2324): pid=4213 uid=1000 auid=1000 ses=3 subj=unconfined msg='cwd="/tmp/hids_malicious" cmd=746565202F6574632F63726F6E2E642F686964735F70657273697374 exe="/usr/bin/sudo" terminal=pts/0 res=success'UID="heroic" AUID="heroic"
type=CRED_REFR msg=audit(1769493481.169:2325): pid=4213 uid=1000 auid=1000 ses=3 subj=unconfined msg='op=PAM:setcred grantors=pam_permit,pam_cap acct="root" exe="/usr/bin/sudo" hostname=? addr=? terminal=/dev/pts/0 res=success'UID="heroic" AUID="heroic"
type=USER_START msg=audit(1769493481.169:2326): pid=4213 uid=1000 auid=1000 ses=3 subj=unconfined msg='op=PAM:session_open grantors=pam_limits,pam_env,pam_env,pam_permit,pam_umask,pam_unix acct="root" exe="/usr/bin/sudo" hostname=? addr=? terminal=/dev/pts/0 res=success'UID="heroic" AUID="heroic"
type=SYSCALL msg=audit(1769493481.169:2327): arch=c000003e syscall=59 success=yes exit=0 a0=60589dedfb68 a1=60589deefba0 a2=60589df027a0 a3=64 items=2 ppid=4214 pid=4215 auid=1000 uid=0 gid=0 euid=0 suid=0 fsuid=0 egid=0 sgid=0 fsgid=0 tty=pts4 ses=3 comm="tee" exe="/usr/bin/tee" subj=unconfined key="process_exec"ARCH=x86_64 SYSCALL=execve AUID="heroic" UID="root" GID="root" EUID="root" SUID="root" FSUID="root" EGID="root" SGID="root" FSGID="root"
type=EXECVE msg=audit(1769493481.169:2327): argc=2 a0="tee" a1="/etc/cron.d/hids_persist"
type=CWD msg=audit(1769493481.169:2327): cwd="/tmp/hids_malicious"
type=PATH msg=audit(1769493481.169:2327): item=0 name="/usr/bin/tee" inode=1578148 dev=08:02 mode=0100755 ouid=0 ogid=0 rdev=00:00 nametype=NORMAL cap_fp=0 cap_fi=0 cap_fe=0 cap_fver=0 cap_frootid=0OUID="root" OGID="root"
type=PATH msg=audit(1769493481.169:2327): item=1 name="/lib64/ld-linux-x86-64.so.2" inode=1575340 dev=08:02 mode=0100755 ouid=0 ogid=0 rdev=00:00 nametype=NORMAL cap_fp=0 cap_fi=0 cap_fe=0 cap_fver=0 cap_frootid=0OUID="root" OGID="root"
type=PROCTITLE msg=audit(1769493481.169:2327): proctitle=746565002F6574632F63726F6E2E642F686964735F70657273697374
type=SYSCALL msg=audit(1769493481.174:2328): arch=c000003e syscall=257 success=yes exit=3 a0=ffffff9c a1=7ffd2610a72c a2=241 a3=1b6 items=2 ppid=4214 pid=4215 auid=1000 uid=0 gid=0 euid=0 suid=0 fsuid=0 egid=0 sgid=0 fsgid=0 tty=pts4 ses=3 comm="tee" exe="/usr/bin/tee" subj=unconfined key="persistence"ARCH=x86_64 SYSCALL=openat AUID="heroic" UID="root" GID="root" EUID="root" SUID="root" FSUID="root" EGID="root" SGID="root" FSGID="root"
type=CWD msg=audit(1769493481.174:2328): cwd="/tmp/hids_malicious"
type=PATH msg=audit(1769493481.174:2328): item=0 name="/etc/cron.d/" inode=1703968 dev=08:02 mode=040755 ouid=0 ogid=0 rdev=00:00 nametype=PARENT cap_fp=0 cap_fi=0 cap_fe=0 cap_fver=0 cap_frootid=0OUID="root" OGID="root"
type=PATH msg=audit(1769493481.174:2328): item=1 name="/etc/cron.d/hids_persist" inode=1704205 dev=08:02 mode=0100644 ouid=0 ogid=0 rdev=00:00 nametype=CREATE cap_fp=0 cap_fi=0 cap_fe=0 cap_fver=0 cap_frootid=0OUID="root" OGID="root"
type=PROCTITLE msg=audit(1769493481.174:2328): proctitle=746565002F6574632F63726F6E2E642F686964735F70657273697374
type=USER_END msg=audit(1769493481.174:2329): pid=4213 uid=1000 auid=1000 ses=3 subj=unconfined msg='op=PAM:session_close grantors=pam_limits,pam_env,pam_env,pam_permit,pam_umask,pam_unix acct="root" exe="/usr/bin/sudo" hostname=? addr=? terminal=/dev/pts/0 res=success'UID="heroic" AUID="heroic"
type=CRED_DISP msg=audit(1769493481.174:2330): pid=4213 uid=1000 auid=1000 ses=3 subj=unconfined msg='op=PAM:setcred grantors=pam_permit acct="root" exe="/usr/bin/sudo" hostname=? addr=? terminal=/dev/pts/0 res=success'UID="heroic" AUID="heroic"
type=SYSCALL msg=audit(1769493481.177:2331): arch=c000003e syscall=59 success=yes exit=0 a0=5da302dcd5d0 a1=5da302dcd630 a2=5da302dc08f0 a3=5da302dcd630 items=2 ppid=3886 pid=4216 auid=1000 uid=1000 gid=1000 euid=1000 suid=1000 fsuid=1000 egid=1000 sgid=1000 fsgid=1000 tty=pts0 ses=3 comm="sleep" exe="/usr/bin/sleep" subj=unconfined key="process_exec"ARCH=x86_64 SYSCALL=execve AUID="heroic" UID="heroic" GID="heroic" EUID="heroic" SUID="heroic" FSUID="heroic" EGID="heroic" SGID="heroic" FSGID="heroic"
type=EXECVE msg=audit(1769493481.177:2331): argc=2 a0="sleep" a1="5"
type=CWD msg=audit(1769493481.177:2331): cwd="/tmp/hids_malicious"
type=PATH msg=audit(1769493481.177:2331): item=0 name="/usr/bin/sleep" inode=1578138 dev=08:02 mode=0100755 ouid=0 ogid=0 rdev=00:00 nametype=NORMAL cap_fp=0 cap_fi=0 cap_fe=0 cap_fver=0 cap_frootid=0OUID="root" OGID="root"
type=PATH msg=audit(1769493481.177:2331): item=1 name="/lib64/ld-linux-x86-64.so.2" inode=1575340 dev=08:02 mode=0100755 ouid=0 ogid=0 rdev=00:00 nametype=NORMAL cap_fp=0 cap_fi=0 cap_fe=0 cap_fver=0 cap_frootid=0OUID="root" OGID="root"
type=PROCTITLE msg=audit(1769493481.177:2331): proctitle=736C6565700035
type=SYSCALL msg=audit(1769493486.185:2332): arch=c000003e syscall=59 success=yes exit=0 a0=5da302dcc970 a1=5da302dca650 a2=5da302dc08f0 a3=1 items=2 ppid=3886 pid=4218 auid=1000 uid=1000 gid=1000 euid=1000 suid=1000 fsuid=1000 egid=1000 sgid=1000 fsgid=1000 tty=pts0 ses=3 comm="rm" exe="/usr/bin/rm" subj=unconfined key="process_exec"ARCH=x86_64 SYSCALL=execve AUID="heroic" UID="heroic" GID="heroic" EUID="heroic" SUID="heroic" FSUID="heroic" EGID="heroic" SGID="heroic" FSGID="heroic"
type=EXECVE msg=audit(1769493486.185:2332): argc=58 a0="rm" a1="-f" a2="file_10.dat" a3="file_11.dat" a4="file_12.dat" a5="file_13.dat" a6="file_14.dat" a7="file_15.dat" a8="file_16.dat" a9="file_17.dat" a10="file_18.dat" a11="file_19.dat" a12="file_1.dat" a13="file_20.dat" a14="file_21.dat" a15="file_22.dat" a16="file_23.dat" a17="file_24.dat" a18="file_25.dat" a19="file_26.dat" a20="file_27.dat" a21="file_28.dat" a22="file_29.dat" a23="file_2.dat" a24="file_30.dat" a25="file_31.dat" a26="file_32.dat" a27="file_33.dat" a28="file_34.dat" a29="file_35.dat" a30="file_36.dat" a31="file_37.dat" a32="file_38.dat" a33="file_39.dat" a34="file_3.dat" a35="file_40.dat" a36="file_41.dat" a37="file_42.dat" a38="file_43.dat" a39="file_44.dat" a40="file_45.dat" a41="file_46.dat" a42="file_47.dat" a43="file_48.dat" a44="file_49.dat" a45="file_4.dat" a46="file_50.dat" a47="file_5.dat" a48="file_6.dat" a49="file_7.dat" a50="file_8.dat" a51="file_9.dat" a52="payload.sh" a53="recon.txt" a54="netstat.txt" a55="processes.txt" a56="sudo_enum.txt" a57="sudo_test.txt"
type=CWD msg=audit(1769493486.185:2332): cwd="/tmp/hids_malicious"
type=PATH msg=audit(1769493486.185:2332): item=0 name="/usr/bin/rm" inode=1578127 dev=08:02 mode=0100755 ouid=0 ogid=0 rdev=00:00 nametype=NORMAL cap_fp=0 cap_fi=0 cap_fe=0 cap_fver=0 cap_frootid=0OUID="root" OGID="root"
type=PATH msg=audit(1769493486.185:2332): item=1 name="/lib64/ld-linux-x86-64.so.2" inode=1575340 dev=08:02 mode=0100755 ouid=0 ogid=0 rdev=00:00 nametype=NORMAL cap_fp=0 cap_fi=0 cap_fe=0 cap_fver=0 cap_frootid=0OUID="root" OGID="root"
type=PROCTITLE msg=audit(1769493486.185:2332): proctitle=726D002D660066696C655F31302E6461740066696C655F31312E6461740066696C655F31322E6461740066696C655F31332E6461740066696C655F31342E6461740066696C655F31352E6461740066696C655F31362E6461740066696C655F31372E6461740066696C655F31382E6461740066696C655F31392E646174006669
type=SYSCALL msg=audit(1769493486.231:2333): arch=c000003e syscall=59 success=yes exit=0 a0=5da302dcc190 a1=5da302dcdb60 a2=5da302dc08f0 a3=5da302dcdb60 items=2 ppid=3886 pid=4219 auid=1000 uid=1000 gid=1000 euid=0 suid=0 fsuid=0 egid=1000 sgid=1000 fsgid=1000 tty=pts0 ses=3 comm="sudo" exe="/usr/bin/sudo" subj=unconfined key="process_exec"ARCH=x86_64 SYSCALL=execve AUID="heroic" UID="heroic" GID="heroic" EUID="root" SUID="root" FSUID="root" EGID="heroic" SGID="heroic" FSGID="heroic"
type=EXECVE msg=audit(1769493486.231:2333): argc=4 a0="sudo" a1="rm" a2="-f" a3="/etc/cron.d/hids_persist"
type=CWD msg=audit(1769493486.231:2333): cwd="/tmp/hids_malicious"
type=PATH msg=audit(1769493486.231:2333): item=0 name="/usr/bin/sudo" inode=1574274 dev=08:02 mode=0104755 ouid=0 ogid=0 rdev=00:00 nametype=NORMAL cap_fp=0 cap_fi=0 cap_fe=0 cap_fver=0 cap_frootid=0OUID="root" OGID="root"
type=PATH msg=audit(1769493486.231:2333): item=1 name="/lib64/ld-linux-x86-64.so.2" inode=1575340 dev=08:02 mode=0100755 ouid=0 ogid=0 rdev=00:00 nametype=NORMAL cap_fp=0 cap_fi=0 cap_fe=0 cap_fver=0 cap_frootid=0OUID="root" OGID="root"
type=PROCTITLE msg=audit(1769493486.231:2333): proctitle=7375646F00726D002D66002F6574632F63726F6E2E642F686964735F70657273697374
type=USER_ACCT msg=audit(1769493486.255:2334): pid=4219 uid=1000 auid=1000 ses=3 subj=unconfined msg='op=PAM:accounting grantors=pam_permit,pam_localuser acct="heroic" exe="/usr/bin/sudo" hostname=? addr=? terminal=/dev/pts/0 res=success'UID="heroic" AUID="heroic"
type=USER_CMD msg=audit(1769493486.255:2335): pid=4219 uid=1000 auid=1000 ses=3 subj=unconfined msg='cwd="/tmp/hids_malicious" cmd=726D202D66202F6574632F63726F6E2E642F686964735F70657273697374 exe="/usr/bin/sudo" terminal=pts/0 res=success'UID="heroic" AUID="heroic"
type=CRED_REFR msg=audit(1769493486.255:2336): pid=4219 uid=1000 auid=1000 ses=3 subj=unconfined msg='op=PAM:setcred grantors=pam_permit,pam_cap acct="root" exe="/usr/bin/sudo" hostname=? addr=? terminal=/dev/pts/0 res=success'UID="heroic" AUID="heroic"
type=USER_START msg=audit(1769493486.255:2337): pid=4219 uid=1000 auid=1000 ses=3 subj=unconfined msg='op=PAM:session_open grantors=pam_limits,pam_env,pam_env,pam_permit,pam_umask,pam_unix acct="root" exe="/usr/bin/sudo" hostname=? addr=? terminal=/dev/pts/0 res=success'UID="heroic" AUID="heroic"
type=SYSCALL msg=audit(1769493486.258:2338): arch=c000003e syscall=59 success=yes exit=0 a0=5bf432dd3b68 a1=5bf432de3ba0 a2=5bf432df67a0 a3=64 items=2 ppid=4220 pid=4221 auid=1000 uid=0 gid=0 euid=0 suid=0 fsuid=0 egid=0 sgid=0 fsgid=0 tty=pts4 ses=3 comm="rm" exe="/usr/bin/rm" subj=unconfined key="process_exec"ARCH=x86_64 SYSCALL=execve AUID="heroic" UID="root" GID="root" EUID="root" SUID="root" FSUID="root" EGID="root" SGID="root" FSGID="root"
type=EXECVE msg=audit(1769493486.258:2338): argc=3 a0="rm" a1="-f" a2="/etc/cron.d/hids_persist"
type=CWD msg=audit(1769493486.258:2338): cwd="/tmp/hids_malicious"
type=PATH msg=audit(1769493486.258:2338): item=0 name="/usr/bin/rm" inode=1578127 dev=08:02 mode=0100755 ouid=0 ogid=0 rdev=00:00 nametype=NORMAL cap_fp=0 cap_fi=0 cap_fe=0 cap_fver=0 cap_frootid=0OUID="root" OGID="root"
type=PATH msg=audit(1769493486.258:2338): item=1 name="/lib64/ld-linux-x86-64.so.2" inode=1575340 dev=08:02 mode=0100755 ouid=0 ogid=0 rdev=00:00 nametype=NORMAL cap_fp=0 cap_fi=0 cap_fe=0 cap_fver=0 cap_frootid=0OUID="root" OGID="root"
type=PROCTITLE msg=audit(1769493486.258:2338): proctitle=726D002D66002F6574632F63726F6E2E642F686964735F70657273697374
type=SYSCALL msg=audit(1769493486.259:2339): arch=c000003e syscall=263 success=yes exit=0 a0=ffffff9c a1=5ab45d0fd4a0 a2=0 a3=5ab45d0fe900 items=2 ppid=4220 pid=4221 auid=1000 uid=0 gid=0 euid=0 suid=0 fsuid=0 egid=0 sgid=0 fsgid=0 tty=pts4 ses=3 comm="rm" exe="/usr/bin/rm" subj=unconfined key="persistence"ARCH=x86_64 SYSCALL=unlinkat AUID="heroic" UID="root" GID="root" EUID="root" SUID="root" FSUID="root" EGID="root" SGID="root" FSGID="root"
type=CWD msg=audit(1769493486.259:2339): cwd="/tmp/hids_malicious"
type=PATH msg=audit(1769493486.259:2339): item=0 name="/etc/cron.d/" inode=1703968 dev=08:02 mode=040755 ouid=0 ogid=0 rdev=00:00 nametype=PARENT cap_fp=0 cap_fi=0 cap_fe=0 cap_fver=0 cap_frootid=0OUID="root" OGID="root"
type=PATH msg=audit(1769493486.259:2339): item=1 name="/etc/cron.d/hids_persist" inode=1704205 dev=08:02 mode=0100644 ouid=0 ogid=0 rdev=00:00 nametype=DELETE cap_fp=0 cap_fi=0 cap_fe=0 cap_fver=0 cap_frootid=0OUID="root" OGID="root"
type=PROCTITLE msg=audit(1769493486.259:2339): proctitle=726D002D66002F6574632F63726F6E2E642F686964735F70657273697374
type=USER_END msg=audit(1769493486.262:2340): pid=4219 uid=1000 auid=1000 ses=3 subj=unconfined msg='op=PAM:session_close grantors=pam_limits,pam_env,pam_env,pam_permit,pam_umask,pam_unix acct="root" exe="/usr/bin/sudo" hostname=? addr=? terminal=/dev/pts/0 res=success'UID="heroic" AUID="heroic"
type=CRED_DISP msg=audit(1769493486.262:2341): pid=4219 uid=1000 auid=1000 ses=3 subj=unconfined msg='op=PAM:setcred grantors=pam_permit acct="root" exe="/usr/bin/sudo" hostname=? addr=? terminal=/dev/pts/0 res=success'UID="heroic" AUID="heroic"
type=SYSCALL msg=audit(1769493486.272:2342): arch=c000003e syscall=59 success=yes exit=0 a0=5da302dccd10 a1=5da302dcba10 a2=5da302dc08f0 a3=5da302dcba10 items=2 ppid=3886 pid=4222 auid=1000 uid=1000 gid=1000 euid=1000 suid=1000 fsuid=1000 egid=1000 sgid=1000 fsgid=1000 tty=pts0 ses=3 comm="rmdir" exe="/usr/bin/rmdir" subj=unconfined key="process_exec"ARCH=x86_64 SYSCALL=execve AUID="heroic" UID="heroic" GID="heroic" EUID="heroic" SUID="heroic" FSUID="heroic" EGID="heroic" SGID="heroic" FSGID="heroic"
type=EXECVE msg=audit(1769493486.272:2342): argc=2 a0="rmdir" a1="/tmp/hids_malicious"
type=CWD msg=audit(1769493486.272:2342): cwd="/tmp/hids_malicious"
type=PATH msg=audit(1769493486.272:2342): item=0 name="/usr/bin/rmdir" inode=1578128 dev=08:02 mode=0100755 ouid=0 ogid=0 rdev=00:00 nametype=NORMAL cap_fp=0 cap_fi=0 cap_fe=0 cap_fver=0 cap_frootid=0OUID="root" OGID="root"
type=PATH msg=audit(1769493486.272:2342): item=1 name="/lib64/ld-linux-x86-64.so.2" inode=1575340 dev=08:02 mode=0100755 ouid=0 ogid=0 rdev=00:00 nametype=NORMAL cap_fp=0 cap_fi=0 cap_fe=0 cap_fver=0 cap_frootid=0OUID="root" OGID="root"
type=PROCTITLE msg=audit(1769493486.272:2342): proctitle=726D646972002F746D702F686964735F6D616C6963696F7573
type=SYSCALL msg=audit(1769493486.272:2343): arch=c000003e syscall=59 success=yes exit=0 a0=5da302dcc190 a1=5da302dcc970 a2=5da302dc08f0 a3=5da302dcc970 items=2 ppid=3886 pid=4223 auid=1000 uid=1000 gid=1000 euid=1000 suid=1000 fsuid=1000 egid=1000 sgid=1000 fsgid=1000 tty=pts0 ses=3 comm="sleep" exe="/usr/bin/sleep" subj=unconfined key="process_exec"ARCH=x86_64 SYSCALL=execve AUID="heroic" UID="heroic" GID="heroic" EUID="heroic" SUID="heroic" FSUID="heroic" EGID="heroic" SGID="heroic" FSGID="heroic"
type=EXECVE msg=audit(1769493486.272:2343): argc=2 a0="sleep" a1="90"
type=CWD msg=audit(1769493486.272:2343): cwd=2F746D702F686964735F6D616C6963696F7573202864656C6574656429
type=PATH msg=audit(1769493486.272:2343): item=0 name="/usr/bin/sleep" inode=1578138 dev=08:02 mode=0100755 ouid=0 ogid=0 rdev=00:00 nametype=NORMAL cap_fp=0 cap_fi=0 cap_fe=0 cap_fver=0 cap_frootid=0OUID="root" OGID="root"
type=PATH msg=audit(1769493486.272:2343): item=1 name="/lib64/ld-linux-x86-64.so.2" inode=1575340 dev=08:02 mode=0100755 ouid=0 ogid=0 rdev=00:00 nametype=NORMAL cap_fp=0 cap_fi=0 cap_fe=0 cap_fver=0 cap_frootid=0OUID="root" OGID="root"
type=PROCTITLE msg=audit(1769493486.272:2343): proctitle=736C656570003930
type=SYSCALL msg=audit(1769493576.282:2344): arch=c000003e syscall=59 success=yes exit=0 a0=5da302dcbd10 a1=5da302dc70f0 a2=5da302dc08f0 a3=5da302dca210 items=2 ppid=3886 pid=4226 auid=1000 uid=1000 gid=1000 euid=1000 suid=1000 fsuid=1000 egid=1000 sgid=1000 fsgid=1000 tty=pts0 ses=3 comm="mkdir" exe="/usr/bin/mkdir" subj=unconfined key="process_exec"ARCH=x86_64 SYSCALL=execve AUID="heroic" UID="heroic" GID="heroic" EUID="heroic" SUID="heroic" FSUID="heroic" EGID="heroic" SGID="heroic" FSGID="heroic"
type=EXECVE msg=audit(1769493576.282:2344): argc=3 a0="mkdir" a1="-p" a2="/tmp/hids_malicious"
type=CWD msg=audit(1769493576.282:2344): cwd=2F746D702F686964735F6D616C6963696F7573202864656C6574656429
type=PATH msg=audit(1769493576.282:2344): item=0 name="/usr/bin/mkdir" inode=1578106 dev=08:02 mode=0100755 ouid=0 ogid=0 rdev=00:00 nametype=NORMAL cap_fp=0 cap_fi=0 cap_fe=0 cap_fver=0 cap_frootid=0OUID="root" OGID="root"
type=PATH msg=audit(1769493576.282:2344): item=1 name="/lib64/ld-linux-x86-64.so.2" inode=1575340 dev=08:02 mode=0100755 ouid=0 ogid=0 rdev=00:00 nametype=NORMAL cap_fp=0 cap_fi=0 cap_fe=0 cap_fver=0 cap_frootid=0OUID="root" OGID="root"
type=PROCTITLE msg=audit(1769493576.282:2344): proctitle=6D6B646972002D70002F746D702F686964735F6D616C6963696F7573
type=SYSCALL msg=audit(1769493576.292:2345): arch=c000003e syscall=59 success=yes exit=0 a0=5da302dcc4d0 a1=5da302dcc9f0 a2=5da302dc08f0 a3=5da302dcbd30 items=2 ppid=3886 pid=4227 auid=1000 uid=1000 gid=1000 euid=1000 suid=1000 fsuid=1000 egid=1000 sgid=1000 fsgid=1000 tty=pts0 ses=3 comm="ps" exe="/usr/bin/ps" subj=unconfined key="process_exec"ARCH=x86_64 SYSCALL=execve AUID="heroic" UID="heroic" GID="heroic" EUID="heroic" SUID="heroic" FSUID="heroic" EGID="heroic" SGID="heroic" FSGID="heroic"
type=EXECVE msg=audit(1769493576.292:2345): argc=2 a0="ps" a1="aux"
type=CWD msg=audit(1769493576.292:2345): cwd="/tmp/hids_malicious"
type=PATH msg=audit(1769493576.292:2345): item=0 name="/usr/bin/ps" inode=1574103 dev=08:02 mode=0100755 ouid=0 ogid=0 rdev=00:00 nametype=NORMAL cap_fp=0 cap_fi=0 cap_fe=0 cap_fver=0 cap_frootid=0OUID="root" OGID="root"
type=PATH msg=audit(1769493576.292:2345): item=1 name="/lib64/ld-linux-x86-64.so.2" inode=1575340 dev=08:02 mode=0100755 ouid=0 ogid=0 rdev=00:00 nametype=NORMAL cap_fp=0 cap_fi=0 cap_fe=0 cap_fver=0 cap_frootid=0OUID="root" OGID="root"
type=PROCTITLE msg=audit(1769493576.292:2345): proctitle=707300617578
type=SYSCALL msg=audit(1769493576.314:2346): arch=c000003e syscall=59 success=yes exit=0 a0=5da302dcbd10 a1=5da302dccd10 a2=5da302dc08f0 a3=5da302dccd10 items=2 ppid=3886 pid=4228 auid=1000 uid=1000 gid=1000 euid=1000 suid=1000 fsuid=1000 egid=1000 sgid=1000 fsgid=1000 tty=pts0 ses=3 comm="whoami" exe="/usr/bin/whoami" subj=unconfined key="process_exec"ARCH=x86_64 SYSCALL=execve AUID="heroic" UID="heroic" GID="heroic" EUID="heroic" SUID="heroic" FSUID="heroic" EGID="heroic" SGID="heroic" FSGID="heroic"
type=EXECVE msg=audit(1769493576.314:2346): argc=1 a0="whoami"
type=CWD msg=audit(1769493576.314:2346): cwd="/tmp/hids_malicious"
type=PATH msg=audit(1769493576.314:2346): item=0 name="/usr/bin/whoami" inode=1578239 dev=08:02 mode=0100755 ouid=0 ogid=0 rdev=00:00 nametype=NORMAL cap_fp=0 cap_fi=0 cap_fe=0 cap_fver=0 cap_frootid=0OUID="root" OGID="root"
type=PATH msg=audit(1769493576.314:2346): item=1 name="/lib64/ld-linux-x86-64.so.2" inode=1575340 dev=08:02 mode=0100755 ouid=0 ogid=0 rdev=00:00 nametype=NORMAL cap_fp=0 cap_fi=0 cap_fe=0 cap_fver=0 cap_frootid=0OUID="root" OGID="root"
type=PROCTITLE msg=audit(1769493576.314:2346): proctitle="whoami"
type=SYSCALL msg=audit(1769493576.317:2347): arch=c000003e syscall=59 success=yes exit=0 a0=5da302dc8980 a1=5da302dccf50 a2=5da302dc08f0 a3=5da302dccf50 items=2 ppid=3886 pid=4229 auid=1000 uid=1000 gid=1000 euid=1000 suid=1000 fsuid=1000 egid=1000 sgid=1000 fsgid=1000 tty=pts0 ses=3 comm="id" exe="/usr/bin/id" subj=unconfined key="process_exec"ARCH=x86_64 SYSCALL=execve AUID="heroic" UID="heroic" GID="heroic" EUID="heroic" SUID="heroic" FSUID="heroic" EGID="heroic" SGID="heroic" FSGID="heroic"
type=EXECVE msg=audit(1769493576.317:2347): argc=1 a0="id"
type=CWD msg=audit(1769493576.317:2347): cwd="/tmp/hids_malicious"
type=PATH msg=audit(1769493576.317:2347): item=0 name="/usr/bin/id" inode=1578097 dev=08:02 mode=0100755 ouid=0 ogid=0 rdev=00:00 nametype=NORMAL cap_fp=0 cap_fi=0 cap_fe=0 cap_fver=0 cap_frootid=0OUID="root" OGID="root"
type=PATH msg=audit(1769493576.317:2347): item=1 name="/lib64/ld-linux-x86-64.so.2" inode=1575340 dev=08:02 mode=0100755 ouid=0 ogid=0 rdev=00:00 nametype=NORMAL cap_fp=0 cap_fi=0 cap_fe=0 cap_fver=0 cap_frootid=0OUID="root" OGID="root"
type=PROCTITLE msg=audit(1769493576.317:2347): proctitle="id"
type=SYSCALL msg=audit(1769493576.320:2348): arch=c000003e syscall=59 success=yes exit=0 a0=5da302dcbd10 a1=5da302dcca30 a2=5da302dc08f0 a3=5da302dcc4d0 items=2 ppid=3886 pid=4230 auid=1000 uid=1000 gid=1000 euid=1000 suid=1000 fsuid=1000 egid=1000 sgid=1000 fsgid=1000 tty=pts0 ses=3 comm="uname" exe="/usr/bin/uname" subj=unconfined key="process_exec"ARCH=x86_64 SYSCALL=execve AUID="heroic" UID="heroic" GID="heroic" EUID="heroic" SUID="heroic" FSUID="heroic" EGID="heroic" SGID="heroic" FSGID="heroic"
type=EXECVE msg=audit(1769493576.320:2348): argc=2 a0="uname" a1="-a"
type=CWD msg=audit(1769493576.320:2348): cwd="/tmp/hids_malicious"
type=PATH msg=audit(1769493576.320:2348): item=0 name="/usr/bin/uname" inode=1578226 dev=08:02 mode=0100755 ouid=0 ogid=0 rdev=00:00 nametype=NORMAL cap_fp=0 cap_fi=0 cap_fe=0 cap_fver=0 cap_frootid=0OUID="root" OGID="root"
type=PATH msg=audit(1769493576.320:2348): item=1 name="/lib64/ld-linux-x86-64.so.2" inode=1575340 dev=08:02 mode=0100755 ouid=0 ogid=0 rdev=00:00 nametype=NORMAL cap_fp=0 cap_fi=0 cap_fe=0 cap_fver=0 cap_frootid=0OUID="root" OGID="root"
type=PROCTITLE msg=audit(1769493576.320:2348): proctitle=756E616D65002D61
type=SYSCALL msg=audit(1769493576.323:2349): arch=c000003e syscall=59 success=yes exit=0 a0=5da302dc8960 a1=5da302dcc950 a2=5da302dc08f0 a3=5da302dca210 items=2 ppid=3886 pid=4231 auid=1000 uid=1000 gid=1000 euid=1000 suid=1000 fsuid=1000 egid=1000 sgid=1000 fsgid=1000 tty=pts0 ses=3 comm="ss" exe="/usr/bin/ss" subj=unconfined key="process_exec"ARCH=x86_64 SYSCALL=execve AUID="heroic" UID="heroic" GID="heroic" EUID="heroic" SUID="heroic" FSUID="heroic" EGID="heroic" SGID="heroic" FSGID="heroic"
type=EXECVE msg=audit(1769493576.323:2349): argc=2 a0="ss" a1="-tulnp"
type=CWD msg=audit(1769493576.323:2349): cwd="/tmp/hids_malicious"
type=PATH msg=audit(1769493576.323:2349): item=0 name="/usr/bin/ss" inode=1574256 dev=08:02 mode=0100755 ouid=0 ogid=0 rdev=00:00 nametype=NORMAL cap_fp=0 cap_fi=0 cap_fe=0 cap_fver=0 cap_frootid=0OUID="root" OGID="root"
type=PATH msg=audit(1769493576.323:2349): item=1 name="/lib64/ld-linux-x86-64.so.2" inode=1575340 dev=08:02 mode=0100755 ouid=0 ogid=0 rdev=00:00 nametype=NORMAL cap_fp=0 cap_fi=0 cap_fe=0 cap_fver=0 cap_frootid=0OUID="root" OGID="root"
type=PROCTITLE msg=audit(1769493576.323:2349): proctitle=7373002D74756C6E70
type=SYSCALL msg=audit(1769493576.361:2350): arch=c000003e syscall=59 success=yes exit=0 a0=5da302dcbd10 a1=5da302dce0f0 a2=5da302dc08f0 a3=5da302dc8980 items=2 ppid=3886 pid=4232 auid=1000 uid=1000 gid=1000 euid=1000 suid=1000 fsuid=1000 egid=1000 sgid=1000 fsgid=1000 tty=pts0 ses=3 comm="chmod" exe="/usr/bin/chmod" subj=unconfined key="process_exec"ARCH=x86_64 SYSCALL=execve AUID="heroic" UID="heroic" GID="heroic" EUID="heroic" SUID="heroic" FSUID="heroic" EGID="heroic" SGID="heroic" FSGID="heroic"
type=EXECVE msg=audit(1769493576.361:2350): argc=3 a0="chmod" a1="+x" a2="payload.sh"
type=CWD msg=audit(1769493576.361:2350): cwd="/tmp/hids_malicious"
type=PATH msg=audit(1769493576.361:2350): item=0 name="/usr/bin/chmod" inode=1578019 dev=08:02 mode=0100755 ouid=0 ogid=0 rdev=00:00 nametype=NORMAL cap_fp=0 cap_fi=0 cap_fe=0 cap_fver=0 cap_frootid=0OUID="root" OGID="root"
type=PATH msg=audit(1769493576.361:2350): item=1 name="/lib64/ld-linux-x86-64.so.2" inode=1575340 dev=08:02 mode=0100755 ouid=0 ogid=0 rdev=00:00 nametype=NORMAL cap_fp=0 cap_fi=0 cap_fe=0 cap_fver=0 cap_frootid=0OUID="root" OGID="root"
type=PROCTITLE msg=audit(1769493576.361:2350): proctitle=63686D6F64002B78007061796C6F61642E7368
type=SYSCALL msg=audit(1769493576.363:2351): arch=c000003e syscall=59 success=yes exit=0 a0=5da302dccd10 a1=5da302dc7090 a2=5da302dc08f0 a3=8 items=2 ppid=3886 pid=4233 auid=1000 uid=1000 gid=1000 euid=1000 suid=1000 fsuid=1000 egid=1000 sgid=1000 fsgid=1000 tty=pts0 ses=3 comm="curl" exe="/usr/bin/curl" subj=unconfined key="process_exec"ARCH=x86_64 SYSCALL=execve AUID="heroic" UID="heroic" GID="heroic" EUID="heroic" SUID="heroic" FSUID="heroic" EGID="heroic" SGID="heroic" FSGID="heroic"
type=EXECVE msg=audit(1769493576.363:2351): argc=3 a0="curl" a1="-s" a2="file:///tmp/hids_malicious/payload.sh"
type=CWD msg=audit(1769493576.363:2351): cwd="/tmp/hids_malicious"
type=PATH msg=audit(1769493576.363:2351): item=0 name="/usr/bin/curl" inode=1573697 dev=08:02 mode=0100755 ouid=0 ogid=0 rdev=00:00 nametype=NORMAL cap_fp=0 cap_fi=0 cap_fe=0 cap_fver=0 cap_frootid=0OUID="root" OGID="root"
type=PATH msg=audit(1769493576.363:2351): item=1 name="/lib64/ld-linux-x86-64.so.2" inode=1575340 dev=08:02 mode=0100755 ouid=0 ogid=0 rdev=00:00 nametype=NORMAL cap_fp=0 cap_fi=0 cap_fe=0 cap_fver=0 cap_frootid=0OUID="root" OGID="root"
type=PROCTITLE msg=audit(1769493576.363:2351): proctitle=6375726C002D730066696C653A2F2F2F746D702F686964735F6D616C6963696F75732F7061796C6F61642E7368
type=SYSCALL msg=audit(1769493576.366:2352): arch=c000003e syscall=59 success=yes exit=0 a0=5da302dccd10 a1=5da302dcbd70 a2=5da302dc08f0 a3=8 items=2 ppid=3886 pid=4234 auid=1000 uid=1000 gid=1000 euid=1000 suid=1000 fsuid=1000 egid=1000 sgid=1000 fsgid=1000 tty=pts0 ses=3 comm="bash" exe="/usr/bin/bash" subj=unconfined key="process_exec"ARCH=x86_64 SYSCALL=execve AUID="heroic" UID="heroic" GID="heroic" EUID="heroic" SUID="heroic" FSUID="heroic" EGID="heroic" SGID="heroic" FSGID="heroic"
type=EXECVE msg=audit(1769493576.366:2352): argc=1 a0="bash"
type=CWD msg=audit(1769493576.366:2352): cwd="/tmp/hids_malicious"
type=PATH msg=audit(1769493576.366:2352): item=0 name="/usr/bin/bash" inode=1573437 dev=08:02 mode=0100755 ouid=0 ogid=0 rdev=00:00 nametype=NORMAL cap_fp=0 cap_fi=0 cap_fe=0 cap_fver=0 cap_frootid=0OUID="root" OGID="root"
type=PATH msg=audit(1769493576.366:2352): item=1 name="/lib64/ld-linux-x86-64.so.2" inode=1575340 dev=08:02 mode=0100755 ouid=0 ogid=0 rdev=00:00 nametype=NORMAL cap_fp=0 cap_fi=0 cap_fe=0 cap_fver=0 cap_frootid=0OUID="root" OGID="root"
type=PROCTITLE msg=audit(1769493576.366:2352): proctitle="bash"
type=SYSCALL msg=audit(1769493576.380:2353): arch=c000003e syscall=59 success=yes exit=0 a0=5da302dc8960 a1=5da302dcbd50 a2=5da302dc08f0 a3=5da302dcbd50 items=2 ppid=3886 pid=4235 auid=1000 uid=1000 gid=1000 euid=0 suid=0 fsuid=0 egid=1000 sgid=1000 fsgid=1000 tty=pts0 ses=3 comm="sudo" exe="/usr/bin/sudo" subj=unconfined key="process_exec"ARCH=x86_64 SYSCALL=execve AUID="heroic" UID="heroic" GID="heroic" EUID="root" SUID="root" FSUID="root" EGID="heroic" SGID="heroic" FSGID="heroic"
type=EXECVE msg=audit(1769493576.380:2353): argc=2 a0="sudo" a1="-l"
type=CWD msg=audit(1769493576.380:2353): cwd="/tmp/hids_malicious"
type=PATH msg=audit(1769493576.380:2353): item=0 name="/usr/bin/sudo" inode=1574274 dev=08:02 mode=0104755 ouid=0 ogid=0 rdev=00:00 nametype=NORMAL cap_fp=0 cap_fi=0 cap_fe=0 cap_fver=0 cap_frootid=0OUID="root" OGID="root"
type=PATH msg=audit(1769493576.380:2353): item=1 name="/lib64/ld-linux-x86-64.so.2" inode=1575340 dev=08:02 mode=0100755 ouid=0 ogid=0 rdev=00:00 nametype=NORMAL cap_fp=0 cap_fi=0 cap_fe=0 cap_fver=0 cap_frootid=0OUID="root" OGID="root"
type=PROCTITLE msg=audit(1769493576.380:2353): proctitle=7375646F002D6C
type=USER_ACCT msg=audit(1769493576.461:2354): pid=4235 uid=1000 auid=1000 ses=3 subj=unconfined msg='op=PAM:accounting grantors=pam_permit,pam_localuser acct="heroic" exe="/usr/bin/sudo" hostname=? addr=? terminal=/dev/pts/0 res=success'UID="heroic" AUID="heroic"
type=SYSCALL msg=audit(1769493576.464:2355): arch=c000003e syscall=59 success=yes exit=0 a0=5da302dcbd10 a1=5da302dc8980 a2=5da302dc08f0 a3=5da302dc8980 items=2 ppid=3886 pid=4236 auid=1000 uid=1000 gid=1000 euid=0 suid=0 fsuid=0 egid=1000 sgid=1000 fsgid=1000 tty=pts0 ses=3 comm="sudo" exe="/usr/bin/sudo" subj=unconfined key="process_exec"ARCH=x86_64 SYSCALL=execve AUID="heroic" UID="heroic" GID="heroic" EUID="root" SUID="root" FSUID="root" EGID="heroic" SGID="heroic" FSGID="heroic"
type=EXECVE msg=audit(1769493576.464:2355): argc=2 a0="sudo" a1="whoami"
type=CWD msg=audit(1769493576.464:2355): cwd="/tmp/hids_malicious"
type=PATH msg=audit(1769493576.464:2355): item=0 name="/usr/bin/sudo" inode=1574274 dev=08:02 mode=0104755 ouid=0 ogid=0 rdev=00:00 nametype=NORMAL cap_fp=0 cap_fi=0 cap_fe=0 cap_fver=0 cap_frootid=0OUID="root" OGID="root"
type=PATH msg=audit(1769493576.464:2355): item=1 name="/lib64/ld-linux-x86-64.so.2" inode=1575340 dev=08:02 mode=0100755 ouid=0 ogid=0 rdev=00:00 nametype=NORMAL cap_fp=0 cap_fi=0 cap_fe=0 cap_fver=0 cap_frootid=0OUID="root" OGID="root"
type=PROCTITLE msg=audit(1769493576.464:2355): proctitle=7375646F0077686F616D69
type=USER_ACCT msg=audit(1769493576.478:2356): pid=4236 uid=1000 auid=1000 ses=3 subj=unconfined msg='op=PAM:accounting grantors=pam_permit,pam_localuser acct="heroic" exe="/usr/bin/sudo" hostname=? addr=? terminal=/dev/pts/0 res=success'UID="heroic" AUID="heroic"
type=USER_CMD msg=audit(1769493576.481:2357): pid=4236 uid=1000 auid=1000 ses=3 subj=unconfined msg='cwd="/tmp/hids_malicious" cmd="whoami" exe="/usr/bin/sudo" terminal=pts/0 res=success'UID="heroic" AUID="heroic"
type=CRED_REFR msg=audit(1769493576.482:2358): pid=4236 uid=1000 auid=1000 ses=3 subj=unconfined msg='op=PAM:setcred grantors=pam_permit,pam_cap acct="root" exe="/usr/bin/sudo" hostname=? addr=? terminal=/dev/pts/0 res=success'UID="heroic" AUID="heroic"
type=USER_START msg=audit(1769493576.483:2359): pid=4236 uid=1000 auid=1000 ses=3 subj=unconfined msg='op=PAM:session_open grantors=pam_limits,pam_env,pam_env,pam_permit,pam_umask,pam_unix acct="root" exe="/usr/bin/sudo" hostname=? addr=? terminal=/dev/pts/0 res=success'UID="heroic" AUID="heroic"
type=SYSCALL msg=audit(1769493576.485:2360): arch=c000003e syscall=59 success=yes exit=0 a0=5b2ac3941b68 a1=5b2ac3951ba0 a2=5b2ac3964340 a3=64 items=2 ppid=4237 pid=4238 auid=1000 uid=0 gid=0 euid=0 suid=0 fsuid=0 egid=0 sgid=0 fsgid=0 tty=pts4 ses=3 comm="whoami" exe="/usr/bin/whoami" subj=unconfined key="process_exec"ARCH=x86_64 SYSCALL=execve AUID="heroic" UID="root" GID="root" EUID="root" SUID="root" FSUID="root" EGID="root" SGID="root" FSGID="root"
type=EXECVE msg=audit(1769493576.485:2360): argc=1 a0="whoami"
type=CWD msg=audit(1769493576.485:2360): cwd="/tmp/hids_malicious"
type=PATH msg=audit(1769493576.485:2360): item=0 name="/usr/bin/whoami" inode=1578239 dev=08:02 mode=0100755 ouid=0 ogid=0 rdev=00:00 nametype=NORMAL cap_fp=0 cap_fi=0 cap_fe=0 cap_fver=0 cap_frootid=0OUID="root" OGID="root"
type=PATH msg=audit(1769493576.485:2360): item=1 name="/lib64/ld-linux-x86-64.so.2" inode=1575340 dev=08:02 mode=0100755 ouid=0 ogid=0 rdev=00:00 nametype=NORMAL cap_fp=0 cap_fi=0 cap_fe=0 cap_fver=0 cap_frootid=0OUID="root" OGID="root"
type=PROCTITLE msg=audit(1769493576.485:2360): proctitle="whoami"
type=USER_END msg=audit(1769493576.492:2361): pid=4236 uid=1000 auid=1000 ses=3 subj=unconfined msg='op=PAM:session_close grantors=pam_limits,pam_env,pam_env,pam_permit,pam_umask,pam_unix acct="root" exe="/usr/bin/sudo" hostname=? addr=? terminal=/dev/pts/0 res=success'UID="heroic" AUID="heroic"
type=CRED_DISP msg=audit(1769493576.492:2362): pid=4236 uid=1000 auid=1000 ses=3 subj=unconfined msg='op=PAM:setcred grantors=pam_permit acct="root" exe="/usr/bin/sudo" hostname=? addr=? terminal=/dev/pts/0 res=success'UID="heroic" AUID="heroic"
type=SYSCALL msg=audit(1769493576.496:2363): arch=c000003e syscall=59 success=yes exit=0 a0=5da302dc8960 a1=5da302dca980 a2=5da302dc08f0 a3=5da302dcbd50 items=2 ppid=3886 pid=4240 auid=1000 uid=1000 gid=1000 euid=0 suid=0 fsuid=0 egid=1000 sgid=1000 fsgid=1000 tty=pts0 ses=3 comm="sudo" exe="/usr/bin/sudo" subj=unconfined key="process_exec"ARCH=x86_64 SYSCALL=execve AUID="heroic" UID="heroic" GID="heroic" EUID="root" SUID="root" FSUID="root" EGID="heroic" SGID="heroic" FSGID="heroic"
type=EXECVE msg=audit(1769493576.496:2363): argc=3 a0="sudo" a1="tee" a2="/etc/cron.d/hids_persist"
type=CWD msg=audit(1769493576.496:2363): cwd="/tmp/hids_malicious"
type=PATH msg=audit(1769493576.496:2363): item=0 name="/usr/bin/sudo" inode=1574274 dev=08:02 mode=0104755 ouid=0 ogid=0 rdev=00:00 nametype=NORMAL cap_fp=0 cap_fi=0 cap_fe=0 cap_fver=0 cap_frootid=0OUID="root" OGID="root"
type=PATH msg=audit(1769493576.496:2363): item=1 name="/lib64/ld-linux-x86-64.so.2" inode=1575340 dev=08:02 mode=0100755 ouid=0 ogid=0 rdev=00:00 nametype=NORMAL cap_fp=0 cap_fi=0 cap_fe=0 cap_fver=0 cap_frootid=0OUID="root" OGID="root"
type=PROCTITLE msg=audit(1769493576.496:2363): proctitle=7375646F00746565002F6574632F63726F6E2E642F686964735F70657273697374
type=USER_ACCT msg=audit(1769493576.683:2364): pid=4240 uid=1000 auid=1000 ses=3 subj=unconfined msg='op=PAM:accounting grantors=pam_permit,pam_localuser acct="heroic" exe="/usr/bin/sudo" hostname=? addr=? terminal=/dev/pts/0 res=success'UID="heroic" AUID="heroic"
type=USER_CMD msg=audit(1769493576.686:2365): pid=4240 uid=1000 auid=1000 ses=3 subj=unconfined msg='cwd="/tmp/hids_malicious" cmd=746565202F6574632F63726F6E2E642F686964735F70657273697374 exe="/usr/bin/sudo" terminal=pts/0 res=success'UID="heroic" AUID="heroic"
type=CRED_REFR msg=audit(1769493576.688:2366): pid=4240 uid=1000 auid=1000 ses=3 subj=unconfined msg='op=PAM:setcred grantors=pam_permit,pam_cap acct="root" exe="/usr/bin/sudo" hostname=? addr=? terminal=/dev/pts/0 res=success'UID="heroic" AUID="heroic"
type=USER_START msg=audit(1769493576.688:2367): pid=4240 uid=1000 auid=1000 ses=3 subj=unconfined msg='op=PAM:session_open grantors=pam_limits,pam_env,pam_env,pam_permit,pam_umask,pam_unix acct="root" exe="/usr/bin/sudo" hostname=? addr=? terminal=/dev/pts/0 res=success'UID="heroic" AUID="heroic"
type=SYSCALL msg=audit(1769493576.714:2368): arch=c000003e syscall=59 success=yes exit=0 a0=5c06891cbb68 a1=5c06891dbba0 a2=5c06891ee7a0 a3=64 items=2 ppid=4241 pid=4242 auid=1000 uid=0 gid=0 euid=0 suid=0 fsuid=0 egid=0 sgid=0 fsgid=0 tty=pts4 ses=3 comm="tee" exe="/usr/bin/tee" subj=unconfined key="process_exec"ARCH=x86_64 SYSCALL=execve AUID="heroic" UID="root" GID="root" EUID="root" SUID="root" FSUID="root" EGID="root" SGID="root" FSGID="root"
type=EXECVE msg=audit(1769493576.714:2368): argc=2 a0="tee" a1="/etc/cron.d/hids_persist"
type=CWD msg=audit(1769493576.714:2368): cwd="/tmp/hids_malicious"
type=PATH msg=audit(1769493576.714:2368): item=0 name="/usr/bin/tee" inode=1578148 dev=08:02 mode=0100755 ouid=0 ogid=0 rdev=00:00 nametype=NORMAL cap_fp=0 cap_fi=0 cap_fe=0 cap_fver=0 cap_frootid=0OUID="root" OGID="root"
type=PATH msg=audit(1769493576.714:2368): item=1 name="/lib64/ld-linux-x86-64.so.2" inode=1575340 dev=08:02 mode=0100755 ouid=0 ogid=0 rdev=00:00 nametype=NORMAL cap_fp=0 cap_fi=0 cap_fe=0 cap_fver=0 cap_frootid=0OUID="root" OGID="root"
type=PROCTITLE msg=audit(1769493576.714:2368): proctitle=746565002F6574632F63726F6E2E642F686964735F70657273697374
type=SYSCALL msg=audit(1769493576.725:2369): arch=c000003e syscall=257 success=yes exit=3 a0=ffffff9c a1=7ffeaeddd72c a2=241 a3=1b6 items=2 ppid=4241 pid=4242 auid=1000 uid=0 gid=0 euid=0 suid=0 fsuid=0 egid=0 sgid=0 fsgid=0 tty=pts4 ses=3 comm="tee" exe="/usr/bin/tee" subj=unconfined key="persistence"ARCH=x86_64 SYSCALL=openat AUID="heroic" UID="root" GID="root" EUID="root" SUID="root" FSUID="root" EGID="root" SGID="root" FSGID="root"
type=CWD msg=audit(1769493576.725:2369): cwd="/tmp/hids_malicious"
type=PATH msg=audit(1769493576.725:2369): item=0 name="/etc/cron.d/" inode=1703968 dev=08:02 mode=040755 ouid=0 ogid=0 rdev=00:00 nametype=PARENT cap_fp=0 cap_fi=0 cap_fe=0 cap_fver=0 cap_frootid=0OUID="root" OGID="root"
type=PATH msg=audit(1769493576.725:2369): item=1 name="/etc/cron.d/hids_persist" inode=1704205 dev=08:02 mode=0100644 ouid=0 ogid=0 rdev=00:00 nametype=CREATE cap_fp=0 cap_fi=0 cap_fe=0 cap_fver=0 cap_frootid=0OUID="root" OGID="root"
type=PROCTITLE msg=audit(1769493576.725:2369): proctitle=746565002F6574632F63726F6E2E642F686964735F70657273697374
type=USER_END msg=audit(1769493576.730:2370): pid=4240 uid=1000 auid=1000 ses=3 subj=unconfined msg='op=PAM:session_close grantors=pam_limits,pam_env,pam_env,pam_permit,pam_umask,pam_unix acct="root" exe="/usr/bin/sudo" hostname=? addr=? terminal=/dev/pts/0 res=success'UID="heroic" AUID="heroic"
type=CRED_DISP msg=audit(1769493576.730:2371): pid=4240 uid=1000 auid=1000 ses=3 subj=unconfined msg='op=PAM:setcred grantors=pam_permit acct="root" exe="/usr/bin/sudo" hostname=? addr=? terminal=/dev/pts/0 res=success'UID="heroic" AUID="heroic"
type=SYSCALL msg=audit(1769493576.734:2372): arch=c000003e syscall=59 success=yes exit=0 a0=5da302dc8980 a1=5da302dcbd50 a2=5da302dc08f0 a3=5da302dcbd50 items=2 ppid=3886 pid=4243 auid=1000 uid=1000 gid=1000 euid=1000 suid=1000 fsuid=1000 egid=1000 sgid=1000 fsgid=1000 tty=pts0 ses=3 comm="sleep" exe="/usr/bin/sleep" subj=unconfined key="process_exec"ARCH=x86_64 SYSCALL=execve AUID="heroic" UID="heroic" GID="heroic" EUID="heroic" SUID="heroic" FSUID="heroic" EGID="heroic" SGID="heroic" FSGID="heroic"
type=EXECVE msg=audit(1769493576.734:2372): argc=2 a0="sleep" a1="5"
type=CWD msg=audit(1769493576.734:2372): cwd="/tmp/hids_malicious"
type=PATH msg=audit(1769493576.734:2372): item=0 name="/usr/bin/sleep" inode=1578138 dev=08:02 mode=0100755 ouid=0 ogid=0 rdev=00:00 nametype=NORMAL cap_fp=0 cap_fi=0 cap_fe=0 cap_fver=0 cap_frootid=0OUID="root" OGID="root"
type=PATH msg=audit(1769493576.734:2372): item=1 name="/lib64/ld-linux-x86-64.so.2" inode=1575340 dev=08:02 mode=0100755 ouid=0 ogid=0 rdev=00:00 nametype=NORMAL cap_fp=0 cap_fi=0 cap_fe=0 cap_fver=0 cap_frootid=0OUID="root" OGID="root"
type=PROCTITLE msg=audit(1769493576.734:2372): proctitle=736C6565700035
type=SYSCALL msg=audit(1769493581.746:2373): arch=c000003e syscall=59 success=yes exit=0 a0=5da302dc8920 a1=5da302dcea80 a2=5da302dc08f0 a3=1 items=2 ppid=3886 pid=4244 auid=1000 uid=1000 gid=1000 euid=1000 suid=1000 fsuid=1000 egid=1000 sgid=1000 fsgid=1000 tty=pts0 ses=3 comm="rm" exe="/usr/bin/rm" subj=unconfined key="process_exec"ARCH=x86_64 SYSCALL=execve AUID="heroic" UID="heroic" GID="heroic" EUID="heroic" SUID="heroic" FSUID="heroic" EGID="heroic" SGID="heroic" FSGID="heroic"
type=EXECVE msg=audit(1769493581.746:2373): argc=58 a0="rm" a1="-f" a2="file_10.dat" a3="file_11.dat" a4="file_12.dat" a5="file_13.dat" a6="file_14.dat" a7="file_15.dat" a8="file_16.dat" a9="file_17.dat" a10="file_18.dat" a11="file_19.dat" a12="file_1.dat" a13="file_20.dat" a14="file_21.dat" a15="file_22.dat" a16="file_23.dat" a17="file_24.dat" a18="file_25.dat" a19="file_26.dat" a20="file_27.dat" a21="file_28.dat" a22="file_29.dat" a23="file_2.dat" a24="file_30.dat" a25="file_31.dat" a26="file_32.dat" a27="file_33.dat" a28="file_34.dat" a29="file_35.dat" a30="file_36.dat" a31="file_37.dat" a32="file_38.dat" a33="file_39.dat" a34="file_3.dat" a35="file_40.dat" a36="file_41.dat" a37="file_42.dat" a38="file_43.dat" a39="file_44.dat" a40="file_45.dat" a41="file_46.dat" a42="file_47.dat" a43="file_48.dat" a44="file_49.dat" a45="file_4.dat" a46="file_50.dat" a47="file_5.dat" a48="file_6.dat" a49="file_7.dat" a50="file_8.dat" a51="file_9.dat" a52="payload.sh" a53="recon.txt" a54="netstat.txt" a55="processes.txt" a56="sudo_enum.txt" a57="sudo_test.txt"
type=CWD msg=audit(1769493581.746:2373): cwd="/tmp/hids_malicious"
type=PATH msg=audit(1769493581.746:2373): item=0 name="/usr/bin/rm" inode=1578127 dev=08:02 mode=0100755 ouid=0 ogid=0 rdev=00:00 nametype=NORMAL cap_fp=0 cap_fi=0 cap_fe=0 cap_fver=0 cap_frootid=0OUID="root" OGID="root"
type=PATH msg=audit(1769493581.746:2373): item=1 name="/lib64/ld-linux-x86-64.so.2" inode=1575340 dev=08:02 mode=0100755 ouid=0 ogid=0 rdev=00:00 nametype=NORMAL cap_fp=0 cap_fi=0 cap_fe=0 cap_fver=0 cap_frootid=0OUID="root" OGID="root"
type=PROCTITLE msg=audit(1769493581.746:2373): proctitle=726D002D660066696C655F31302E6461740066696C655F31312E6461740066696C655F31322E6461740066696C655F31332E6461740066696C655F31342E6461740066696C655F31352E6461740066696C655F31362E6461740066696C655F31372E6461740066696C655F31382E6461740066696C655F31392E646174006669
type=SYSCALL msg=audit(1769493581.749:2374): arch=c000003e syscall=59 success=yes exit=0 a0=5da302dcc950 a1=5da302dc7240 a2=5da302dc08f0 a3=5da302dc7240 items=2 ppid=3886 pid=4245 auid=1000 uid=1000 gid=1000 euid=0 suid=0 fsuid=0 egid=1000 sgid=1000 fsgid=1000 tty=pts0 ses=3 comm="sudo" exe="/usr/bin/sudo" subj=unconfined key="process_exec"ARCH=x86_64 SYSCALL=execve AUID="heroic" UID="heroic" GID="heroic" EUID="root" SUID="root" FSUID="root" EGID="heroic" SGID="heroic" FSGID="heroic"
type=EXECVE msg=audit(1769493581.749:2374): argc=4 a0="sudo" a1="rm" a2="-f" a3="/etc/cron.d/hids_persist"
type=CWD msg=audit(1769493581.749:2374): cwd="/tmp/hids_malicious"
type=PATH msg=audit(1769493581.749:2374): item=0 name="/usr/bin/sudo" inode=1574274 dev=08:02 mode=0104755 ouid=0 ogid=0 rdev=00:00 nametype=NORMAL cap_fp=0 cap_fi=0 cap_fe=0 cap_fver=0 cap_frootid=0OUID="root" OGID="root"
type=PATH msg=audit(1769493581.749:2374): item=1 name="/lib64/ld-linux-x86-64.so.2" inode=1575340 dev=08:02 mode=0100755 ouid=0 ogid=0 rdev=00:00 nametype=NORMAL cap_fp=0 cap_fi=0 cap_fe=0 cap_fver=0 cap_frootid=0OUID="root" OGID="root"
type=PROCTITLE msg=audit(1769493581.749:2374): proctitle=7375646F00726D002D66002F6574632F63726F6E2E642F686964735F70657273697374
type=USER_ACCT msg=audit(1769493581.789:2375): pid=4245 uid=1000 auid=1000 ses=3 subj=unconfined msg='op=PAM:accounting grantors=pam_permit,pam_localuser acct="heroic" exe="/usr/bin/sudo" hostname=? addr=? terminal=/dev/pts/0 res=success'UID="heroic" AUID="heroic"
type=USER_CMD msg=audit(1769493581.789:2376): pid=4245 uid=1000 auid=1000 ses=3 subj=unconfined msg='cwd="/tmp/hids_malicious" cmd=726D202D66202F6574632F63726F6E2E642F686964735F70657273697374 exe="/usr/bin/sudo" terminal=pts/0 res=success'UID="heroic" AUID="heroic"
type=CRED_REFR msg=audit(1769493581.789:2377): pid=4245 uid=1000 auid=1000 ses=3 subj=unconfined msg='op=PAM:setcred grantors=pam_permit,pam_cap acct="root" exe="/usr/bin/sudo" hostname=? addr=? terminal=/dev/pts/0 res=success'UID="heroic" AUID="heroic"
type=USER_START msg=audit(1769493581.789:2378): pid=4245 uid=1000 auid=1000 ses=3 subj=unconfined msg='op=PAM:session_open grantors=pam_limits,pam_env,pam_env,pam_permit,pam_umask,pam_unix acct="root" exe="/usr/bin/sudo" hostname=? addr=? terminal=/dev/pts/0 res=success'UID="heroic" AUID="heroic"
type=SYSCALL msg=audit(1769493581.789:2379): arch=c000003e syscall=59 success=yes exit=0 a0=57fe868a3b68 a1=57fe868b3ba0 a2=57fe868c67a0 a3=64 items=2 ppid=4246 pid=4247 auid=1000 uid=0 gid=0 euid=0 suid=0 fsuid=0 egid=0 sgid=0 fsgid=0 tty=pts4 ses=3 comm="rm" exe="/usr/bin/rm" subj=unconfined key="process_exec"ARCH=x86_64 SYSCALL=execve AUID="heroic" UID="root" GID="root" EUID="root" SUID="root" FSUID="root" EGID="root" SGID="root" FSGID="root"
type=EXECVE msg=audit(1769493581.789:2379): argc=3 a0="rm" a1="-f" a2="/etc/cron.d/hids_persist"
type=CWD msg=audit(1769493581.789:2379): cwd="/tmp/hids_malicious"
type=PATH msg=audit(1769493581.789:2379): item=0 name="/usr/bin/rm" inode=1578127 dev=08:02 mode=0100755 ouid=0 ogid=0 rdev=00:00 nametype=NORMAL cap_fp=0 cap_fi=0 cap_fe=0 cap_fver=0 cap_frootid=0OUID="root" OGID="root"
type=PATH msg=audit(1769493581.789:2379): item=1 name="/lib64/ld-linux-x86-64.so.2" inode=1575340 dev=08:02 mode=0100755 ouid=0 ogid=0 rdev=00:00 nametype=NORMAL cap_fp=0 cap_fi=0 cap_fe=0 cap_fver=0 cap_frootid=0OUID="root" OGID="root"
type=PROCTITLE msg=audit(1769493581.789:2379): proctitle=726D002D66002F6574632F63726F6E2E642F686964735F70657273697374
type=SYSCALL msg=audit(1769493581.789:2380): arch=c000003e syscall=263 success=yes exit=0 a0=ffffff9c a1=58fc131a44a0 a2=0 a3=58fc131a5900 items=2 ppid=4246 pid=4247 auid=1000 uid=0 gid=0 euid=0 suid=0 fsuid=0 egid=0 sgid=0 fsgid=0 tty=pts4 ses=3 comm="rm" exe="/usr/bin/rm" subj=unconfined key="persistence"ARCH=x86_64 SYSCALL=unlinkat AUID="heroic" UID="root" GID="root" EUID="root" SUID="root" FSUID="root" EGID="root" SGID="root" FSGID="root"
type=CWD msg=audit(1769493581.789:2380): cwd="/tmp/hids_malicious"
type=PATH msg=audit(1769493581.789:2380): item=0 name="/etc/cron.d/" inode=1703968 dev=08:02 mode=040755 ouid=0 ogid=0 rdev=00:00 nametype=PARENT cap_fp=0 cap_fi=0 cap_fe=0 cap_fver=0 cap_frootid=0OUID="root" OGID="root"
type=PATH msg=audit(1769493581.789:2380): item=1 name="/etc/cron.d/hids_persist" inode=1704205 dev=08:02 mode=0100644 ouid=0 ogid=0 rdev=00:00 nametype=DELETE cap_fp=0 cap_fi=0 cap_fe=0 cap_fver=0 cap_frootid=0OUID="root" OGID="root"
type=PROCTITLE msg=audit(1769493581.789:2380): proctitle=726D002D66002F6574632F63726F6E2E642F686964735F70657273697374
type=USER_END msg=audit(1769493581.801:2381): pid=4245 uid=1000 auid=1000 ses=3 subj=unconfined msg='op=PAM:session_close grantors=pam_limits,pam_env,pam_env,pam_permit,pam_umask,pam_unix acct="root" exe="/usr/bin/sudo" hostname=? addr=? terminal=/dev/pts/0 res=success'UID="heroic" AUID="heroic"
type=CRED_DISP msg=audit(1769493581.801:2382): pid=4245 uid=1000 auid=1000 ses=3 subj=unconfined msg='op=PAM:setcred grantors=pam_permit acct="root" exe="/usr/bin/sudo" hostname=? addr=? terminal=/dev/pts/0 res=success'UID="heroic" AUID="heroic"
type=SYSCALL msg=audit(1769493581.804:2383): arch=c000003e syscall=59 success=yes exit=0 a0=5da302dca210 a1=5da302dc7a40 a2=5da302dc08f0 a3=5da302dc7a40 items=2 ppid=3886 pid=4248 auid=1000 uid=1000 gid=1000 euid=1000 suid=1000 fsuid=1000 egid=1000 sgid=1000 fsgid=1000 tty=pts0 ses=3 comm="rmdir" exe="/usr/bin/rmdir" subj=unconfined key="process_exec"ARCH=x86_64 SYSCALL=execve AUID="heroic" UID="heroic" GID="heroic" EUID="heroic" SUID="heroic" FSUID="heroic" EGID="heroic" SGID="heroic" FSGID="heroic"
type=EXECVE msg=audit(1769493581.804:2383): argc=2 a0="rmdir" a1="/tmp/hids_malicious"
type=CWD msg=audit(1769493581.804:2383): cwd="/tmp/hids_malicious"
type=PATH msg=audit(1769493581.804:2383): item=0 name="/usr/bin/rmdir" inode=1578128 dev=08:02 mode=0100755 ouid=0 ogid=0 rdev=00:00 nametype=NORMAL cap_fp=0 cap_fi=0 cap_fe=0 cap_fver=0 cap_frootid=0OUID="root" OGID="root"
type=PATH msg=audit(1769493581.804:2383): item=1 name="/lib64/ld-linux-x86-64.so.2" inode=1575340 dev=08:02 mode=0100755 ouid=0 ogid=0 rdev=00:00 nametype=NORMAL cap_fp=0 cap_fi=0 cap_fe=0 cap_fver=0 cap_frootid=0OUID="root" OGID="root"
type=PROCTITLE msg=audit(1769493581.804:2383): proctitle=726D646972002F746D702F686964735F6D616C6963696F7573
type=SYSCALL msg=audit(1769493581.845:2384): arch=c000003e syscall=59 success=yes exit=0 a0=5da302dcc950 a1=5da302dc8920 a2=5da302dc08f0 a3=5da302dc8920 items=2 ppid=3886 pid=4249 auid=1000 uid=1000 gid=1000 euid=1000 suid=1000 fsuid=1000 egid=1000 sgid=1000 fsgid=1000 tty=pts0 ses=3 comm="sleep" exe="/usr/bin/sleep" subj=unconfined key="process_exec"ARCH=x86_64 SYSCALL=execve AUID="heroic" UID="heroic" GID="heroic" EUID="heroic" SUID="heroic" FSUID="heroic" EGID="heroic" SGID="heroic" FSGID="heroic"
type=EXECVE msg=audit(1769493581.845:2384): argc=2 a0="sleep" a1="90"
type=CWD msg=audit(1769493581.845:2384): cwd=2F746D702F686964735F6D616C6963696F7573202864656C6574656429
type=PATH msg=audit(1769493581.845:2384): item=0 name="/usr/bin/sleep" inode=1578138 dev=08:02 mode=0100755 ouid=0 ogid=0 rdev=00:00 nametype=NORMAL cap_fp=0 cap_fi=0 cap_fe=0 cap_fver=0 cap_frootid=0OUID="root" OGID="root"
type=PATH msg=audit(1769493581.845:2384): item=1 name="/lib64/ld-linux-x86-64.so.2" inode=1575340 dev=08:02 mode=0100755 ouid=0 ogid=0 rdev=00:00 nametype=NORMAL cap_fp=0 cap_fi=0 cap_fe=0 cap_fver=0 cap_frootid=0OUID="root" OGID="root"
type=PROCTITLE msg=audit(1769493581.845:2384): proctitle=736C656570003930
type=USER_ACCT msg=audit(1769493601.791:2385): pid=4250 uid=0 auid=4294967295 ses=4294967295 subj=unconfined msg='op=PAM:accounting grantors=pam_permit,pam_localuser acct="root" exe="/usr/sbin/cron" hostname=? addr=? terminal=cron res=success'UID="root" AUID="unset"
type=CRED_ACQ msg=audit(1769493601.794:2386): pid=4250 uid=0 auid=4294967295 ses=4294967295 subj=unconfined msg='op=PAM:setcred grantors=pam_permit,pam_cap acct="root" exe="/usr/sbin/cron" hostname=? addr=? terminal=cron res=success'UID="root" AUID="unset"
type=LOGIN msg=audit(1769493601.794:2387): pid=4250 uid=0 subj=unconfined old-auid=4294967295 auid=0 tty=(none) old-ses=4294967295 ses=7 res=1UID="root" OLD-AUID="unset" AUID="root"
type=SYSCALL msg=audit(1769493601.794:2387): arch=c000003e syscall=1 success=yes exit=1 a0=7 a1=7ffeb4c10450 a2=1 a3=0 items=0 ppid=912 pid=4250 auid=0 uid=0 gid=0 euid=0 suid=0 fsuid=0 egid=0 sgid=0 fsgid=0 tty=(none) ses=7 comm="cron" exe="/usr/sbin/cron" subj=unconfined key=(null)ARCH=x86_64 SYSCALL=write AUID="root" UID="root" GID="root" EUID="root" SUID="root" FSUID="root" EGID="root" SGID="root" FSGID="root"
type=PROCTITLE msg=audit(1769493601.794:2387): proctitle=2F7573722F7362696E2F43524F4E002D66002D50
type=USER_START msg=audit(1769493601.795:2388): pid=4250 uid=0 auid=0 ses=7 subj=unconfined msg='op=PAM:session_open grantors=pam_loginuid,pam_env,pam_env,pam_permit,pam_umask,pam_unix,pam_limits acct="root" exe="/usr/sbin/cron" hostname=? addr=? terminal=cron res=success'UID="root" AUID="root"
type=CRED_REFR msg=audit(1769493601.795:2389): pid=4251 uid=0 auid=0 ses=7 subj=unconfined msg='op=PAM:setcred grantors=pam_permit,pam_cap acct="root" exe="/usr/sbin/cron" hostname=? addr=? terminal=cron res=success'UID="root" AUID="root"
type=SYSCALL msg=audit(1769493601.795:2390): arch=c000003e syscall=59 success=yes exit=0 a0=56a2ccca8536 a1=7ffeb4c10500 a2=56a2ccca8570 a3=56a2ccca8536 items=2 ppid=4250 pid=4251 auid=0 uid=0 gid=0 euid=0 suid=0 fsuid=0 egid=0 sgid=0 fsgid=0 tty=(none) ses=7 comm="sh" exe="/usr/bin/dash" subj=unconfined key="process_exec"ARCH=x86_64 SYSCALL=execve AUID="root" UID="root" GID="root" EUID="root" SUID="root" FSUID="root" EGID="root" SGID="root" FSGID="root"
type=EXECVE msg=audit(1769493601.795:2390): argc=3 a0="/bin/sh" a1="-c" a2=5B202D78202F6574632F696E69742E642F616E6163726F6E205D202626206966205B2021202D64202F72756E2F73797374656D642F73797374656D205D3B207468656E202F7573722F7362696E2F696E766F6B652D72632E6420616E6163726F6E207374617274203E2F6465762F6E756C6C3B206669
type=CWD msg=audit(1769493601.795:2390): cwd="/root"
type=PATH msg=audit(1769493601.795:2390): item=0 name="/bin/sh" inode=1573518 dev=08:02 mode=0100755 ouid=0 ogid=0 rdev=00:00 nametype=NORMAL cap_fp=0 cap_fi=0 cap_fe=0 cap_fver=0 cap_frootid=0OUID="root" OGID="root"
type=PATH msg=audit(1769493601.795:2390): item=1 name="/lib64/ld-linux-x86-64.so.2" inode=1575340 dev=08:02 mode=0100755 ouid=0 ogid=0 rdev=00:00 nametype=NORMAL cap_fp=0 cap_fi=0 cap_fe=0 cap_fver=0 cap_frootid=0OUID="root" OGID="root"
type=PROCTITLE msg=audit(1769493601.795:2390): proctitle=2F62696E2F7368002D63005B202D78202F6574632F696E69742E642F616E6163726F6E205D202626206966205B2021202D64202F72756E2F73797374656D642F73797374656D205D3B207468656E202F7573722F7362696E2F696E766F6B652D72632E6420616E6163726F6E207374617274203E2F6465762F6E756C6C3B2066
type=CRED_DISP msg=audit(1769493601.801:2391): pid=4250 uid=0 auid=0 ses=7 subj=unconfined msg='op=PAM:setcred grantors=pam_permit acct="root" exe="/usr/sbin/cron" hostname=? addr=? terminal=cron res=success'UID="root" AUID="root"
type=USER_END msg=audit(1769493601.801:2392): pid=4250 uid=0 auid=0 ses=7 subj=unconfined msg='op=PAM:session_close grantors=pam_loginuid,pam_env,pam_env,pam_permit,pam_umask,pam_unix,pam_limits acct="root" exe="/usr/sbin/cron" hostname=? addr=? terminal=cron res=success'UID="root" AUID="root"
type=SYSCALL msg=audit(1769493610.676:2393): arch=c000003e syscall=59 success=yes exit=0 a0=7ffd2e5d34c0 a1=7ffd2e5d34e0 a2=7ffd2e5d3fd0 a3=8 items=2 ppid=1 pid=4252 auid=4294967295 uid=0 gid=0 euid=0 suid=0 fsuid=0 egid=0 sgid=0 fsgid=0 tty=(none) ses=4294967295 comm="9" exe="/usr/lib/systemd/systemd-executor" subj=unconfined key="process_exec"ARCH=x86_64 SYSCALL=execve AUID="unset" UID="root" GID="root" EUID="root" SUID="root" FSUID="root" EGID="root" SGID="root" FSGID="root"
type=EXECVE msg=audit(1769493610.676:2393): argc=7 a0="/usr/lib/systemd/systemd-executor" a1="--deserialize" a2="119" a3="--log-level" a4="info" a5="--log-target" a6="journal-or-kmsg"
type=CWD msg=audit(1769493610.676:2393): cwd="/"
type=PATH msg=audit(1769493610.676:2393): item=0 name="/proc/self/fd/9" inode=1596504 dev=08:02 mode=0100755 ouid=0 ogid=0 rdev=00:00 nametype=NORMAL cap_fp=0 cap_fi=0 cap_fe=0 cap_fver=0 cap_frootid=0OUID="root" OGID="root"
type=PATH msg=audit(1769493610.676:2393): item=1 name="/lib64/ld-linux-x86-64.so.2" inode=1575340 dev=08:02 mode=0100755 ouid=0 ogid=0 rdev=00:00 nametype=NORMAL cap_fp=0 cap_fi=0 cap_fe=0 cap_fver=0 cap_frootid=0OUID="root" OGID="root"
type=PROCTITLE msg=audit(1769493610.676:2393): proctitle=2F7573722F6C69622F73797374656D642F73797374656D642D6578656375746F72002D2D646573657269616C697A6500313139002D2D6C6F672D6C6576656C00696E666F002D2D6C6F672D746172676574006A6F75726E616C2D6F722D6B6D7367
type=SYSCALL msg=audit(1769493610.756:2394): arch=c000003e syscall=59 success=yes exit=0 a0=652e50f580c0 a1=652e50f581c0 a2=652e50f574b0 a3=652e50f58990 items=3 ppid=1 pid=4252 auid=4294967295 uid=0 gid=0 euid=0 suid=0 fsuid=0 egid=0 sgid=0 fsgid=0 tty=(none) ses=4294967295 comm="sa1" exe="/usr/bin/dash" subj=unconfined key="process_exec"ARCH=x86_64 SYSCALL=execve AUID="unset" UID="root" GID="root" EUID="root" SUID="root" FSUID="root" EGID="root" SGID="root" FSGID="root"
type=EXECVE msg=audit(1769493610.756:2394): argc=4 a0="/bin/sh" a1="/usr/lib/sysstat/sa1" a2="1" a3="1"
type=CWD msg=audit(1769493610.756:2394): cwd="/"
type=PATH msg=audit(1769493610.756:2394): item=0 name="/usr/lib/sysstat/sa1" inode=1582334 dev=08:02 mode=0100755 ouid=0 ogid=0 rdev=00:00 nametype=NORMAL cap_fp=0 cap_fi=0 cap_fe=0 cap_fver=0 cap_frootid=0OUID="root" OGID="root"
type=PATH msg=audit(1769493610.756:2394): item=1 name="/bin/sh" inode=1573518 dev=08:02 mode=0100755 ouid=0 ogid=0 rdev=00:00 nametype=NORMAL cap_fp=0 cap_fi=0 cap_fe=0 cap_fver=0 cap_frootid=0OUID="root" OGID="root"
type=PATH msg=audit(1769493610.756:2394): item=2 name="/lib64/ld-linux-x86-64.so.2" inode=1575340 dev=08:02 mode=0100755 ouid=0 ogid=0 rdev=00:00 nametype=NORMAL cap_fp=0 cap_fi=0 cap_fe=0 cap_fver=0 cap_frootid=0OUID="root" OGID="root"
type=PROCTITLE msg=audit(1769493610.756:2394): proctitle=2F7573722F6C69622F73797374656D642F73797374656D642D6578656375746F72002D2D646573657269616C697A6500313139002D2D6C6F672D6C6576656C00696E666F002D2D6C6F672D746172676574006A6F75726E616C2D6F722D6B6D7367
type=SYSCALL msg=audit(1769493610.786:2395): arch=c000003e syscall=59 success=yes exit=0 a0=557171056148 a1=557171056228 a2=557171056270 a3=0 items=2 ppid=1 pid=4252 auid=4294967295 uid=0 gid=0 euid=0 suid=0 fsuid=0 egid=0 sgid=0 fsgid=0 tty=(none) ses=4294967295 comm="sadc" exe="/usr/lib/sysstat/sadc" subj=unconfined key="process_exec"ARCH=x86_64 SYSCALL=execve AUID="unset" UID="root" GID="root" EUID="root" SUID="root" FSUID="root" EGID="root" SGID="root" FSGID="root"
type=EXECVE msg=audit(1769493610.786:2395): argc=8 a0="/usr/lib/sysstat/sadc" a1="-F" a2="-L" a3="-S" a4="DISK" a5="1" a6="1" a7="/var/log/sysstat"
type=CWD msg=audit(1769493610.786:2395): cwd="/usr/lib/sysstat"
type=PATH msg=audit(1769493610.786:2395): item=0 name="/usr/lib/sysstat/sadc" inode=1582336 dev=08:02 mode=0100755 ouid=0 ogid=0 rdev=00:00 nametype=NORMAL cap_fp=0 cap_fi=0 cap_fe=0 cap_fver=0 cap_frootid=0OUID="root" OGID="root"
type=PATH msg=audit(1769493610.786:2395): item=1 name="/lib64/ld-linux-x86-64.so.2" inode=1575340 dev=08:02 mode=0100755 ouid=0 ogid=0 rdev=00:00 nametype=NORMAL cap_fp=0 cap_fi=0 cap_fe=0 cap_fver=0 cap_frootid=0OUID="root" OGID="root"
type=PROCTITLE msg=audit(1769493610.786:2395): proctitle=2F7573722F6C69622F73797374656D642F73797374656D642D6578656375746F72002D2D646573657269616C697A6500313139002D2D6C6F672D6C6576656C00696E666F002D2D6C6F672D746172676574006A6F75726E616C2D6F722D6B6D7367
type=SERVICE_START msg=audit(1769493610.845:2396): pid=1 uid=0 auid=4294967295 ses=4294967295 subj=unconfined msg='unit=sysstat-collect comm="systemd" exe="/usr/lib/systemd/systemd" hostname=? addr=? terminal=? res=success'UID="root" AUID="unset"
type=SERVICE_STOP msg=audit(1769493610.845:2397): pid=1 uid=0 auid=4294967295 ses=4294967295 subj=unconfined msg='unit=sysstat-collect comm="systemd" exe="/usr/lib/systemd/systemd" hostname=? addr=? terminal=? res=success'UID="root" AUID="unset"
type=SYSCALL msg=audit(1769493637.971:2398): arch=c000003e syscall=59 success=yes exit=0 a0=7ffd2e5d34c0 a1=7ffd2e5d34e0 a2=7ffd2e5d3fd0 a3=8 items=2 ppid=1 pid=4258 auid=4294967295 uid=0 gid=0 euid=0 suid=0 fsuid=0 egid=0 sgid=0 fsgid=0 tty=(none) ses=4294967295 comm="9" exe="/usr/lib/systemd/systemd-executor" subj=unconfined key="process_exec"ARCH=x86_64 SYSCALL=execve AUID="unset" UID="root" GID="root" EUID="root" SUID="root" FSUID="root" EGID="root" SGID="root" FSGID="root"
type=EXECVE msg=audit(1769493637.971:2398): argc=7 a0="/usr/lib/systemd/systemd-executor" a1="--deserialize" a2="119" a3="--log-level" a4="info" a5="--log-target" a6="journal-or-kmsg"
type=CWD msg=audit(1769493637.971:2398): cwd="/"
type=PATH msg=audit(1769493637.971:2398): item=0 name="/proc/self/fd/9" inode=1596504 dev=08:02 mode=0100755 ouid=0 ogid=0 rdev=00:00 nametype=NORMAL cap_fp=0 cap_fi=0 cap_fe=0 cap_fver=0 cap_frootid=0OUID="root" OGID="root"
type=PATH msg=audit(1769493637.971:2398): item=1 name="/lib64/ld-linux-x86-64.so.2" inode=1575340 dev=08:02 mode=0100755 ouid=0 ogid=0 rdev=00:00 nametype=NORMAL cap_fp=0 cap_fi=0 cap_fe=0 cap_fver=0 cap_frootid=0OUID="root" OGID="root"
type=PROCTITLE msg=audit(1769493637.971:2398): proctitle=2F7573722F6C69622F73797374656D642F73797374656D642D6578656375746F72002D2D646573657269616C697A6500313139002D2D6C6F672D6C6576656C00696E666F002D2D6C6F672D746172676574006A6F75726E616C2D6F722D6B6D7367
type=SERVICE_START msg=audit(1769493637.990:2399): pid=1 uid=0 auid=4294967295 ses=4294967295 subj=unconfined msg='unit=anacron comm="systemd" exe="/usr/lib/systemd/systemd" hostname=? addr=? terminal=? res=success'UID="root" AUID="unset"
type=SYSCALL msg=audit(1769493637.988:2400): arch=c000003e syscall=59 success=yes exit=0 a0=624b72f0d050 a1=624b72f0d150 a2=624b72f0c4b0 a3=624b72f0d1e0 items=2 ppid=1 pid=4258 auid=4294967295 uid=0 gid=0 euid=0 suid=0 fsuid=0 egid=0 sgid=0 fsgid=0 tty=(none) ses=4294967295 comm="anacron" exe="/usr/sbin/anacron" subj=unconfined key="process_exec"ARCH=x86_64 SYSCALL=execve AUID="unset" UID="root" GID="root" EUID="root" SUID="root" FSUID="root" EGID="root" SGID="root" FSGID="root"
type=EXECVE msg=audit(1769493637.988:2400): argc=4 a0="/usr/sbin/anacron" a1="-d" a2="-q" a3="-s"
type=CWD msg=audit(1769493637.988:2400): cwd="/"
type=PATH msg=audit(1769493637.988:2400): item=0 name="/usr/sbin/anacron" inode=1589391 dev=08:02 mode=0100755 ouid=0 ogid=0 rdev=00:00 nametype=NORMAL cap_fp=0 cap_fi=0 cap_fe=0 cap_fver=0 cap_frootid=0OUID="root" OGID="root"
type=PATH msg=audit(1769493637.988:2400): item=1 name="/lib64/ld-linux-x86-64.so.2" inode=1575340 dev=08:02 mode=0100755 ouid=0 ogid=0 rdev=00:00 nametype=NORMAL cap_fp=0 cap_fi=0 cap_fe=0 cap_fver=0 cap_frootid=0OUID="root" OGID="root"
type=PROCTITLE msg=audit(1769493637.988:2400): proctitle=2F7573722F6C69622F73797374656D642F73797374656D642D6578656375746F72002D2D646573657269616C697A6500313139002D2D6C6F672D6C6576656C00696E666F002D2D6C6F672D746172676574006A6F75726E616C2D6F722D6B6D7367
type=SERVICE_STOP msg=audit(1769493638.025:2401): pid=1 uid=0 auid=4294967295 ses=4294967295 subj=unconfined msg='unit=anacron comm="systemd" exe="/usr/lib/systemd/systemd" hostname=? addr=? terminal=? res=success'UID="root" AUID="unset"
type=SYSCALL msg=audit(1769493675.695:2402): arch=c000003e syscall=59 success=yes exit=0 a0=64cc67334730 a1=64cc67329b70 a2=64cc6731a630 a3=64cc67329b70 items=3 ppid=3847 pid=4260 auid=1000 uid=1000 gid=1000 euid=1000 suid=1000 fsuid=1000 egid=1000 sgid=1000 fsgid=1000 tty=pts0 ses=3 comm="malicious_local" exe="/usr/bin/bash" subj=unconfined key="process_exec"ARCH=x86_64 SYSCALL=execve AUID="heroic" UID="heroic" GID="heroic" EUID="heroic" SUID="heroic" FSUID="heroic" EGID="heroic" SGID="heroic" FSGID="heroic"
type=EXECVE msg=audit(1769493675.695:2402): argc=2 a0="/bin/bash" a1="./malicious_local.sh"
type=CWD msg=audit(1769493675.695:2402): cwd="/home/heroic/Desktop/scripts-for-data-generation"
type=PATH msg=audit(1769493675.695:2402): item=0 name="./malicious_local.sh" inode=1197100 dev=08:02 mode=0100775 ouid=1000 ogid=1000 rdev=00:00 nametype=NORMAL cap_fp=0 cap_fi=0 cap_fe=0 cap_fver=0 cap_frootid=0OUID="heroic" OGID="heroic"
type=PATH msg=audit(1769493675.695:2402): item=1 name="/bin/bash" inode=1573437 dev=08:02 mode=0100755 ouid=0 ogid=0 rdev=00:00 nametype=NORMAL cap_fp=0 cap_fi=0 cap_fe=0 cap_fver=0 cap_frootid=0OUID="root" OGID="root"
type=PATH msg=audit(1769493675.695:2402): item=2 name="/lib64/ld-linux-x86-64.so.2" inode=1575340 dev=08:02 mode=0100755 ouid=0 ogid=0 rdev=00:00 nametype=NORMAL cap_fp=0 cap_fi=0 cap_fe=0 cap_fver=0 cap_frootid=0OUID="root" OGID="root"
type=PROCTITLE msg=audit(1769493675.695:2402): proctitle=2F62696E2F62617368002E2F6D616C6963696F75735F6C6F63616C2E7368
type=SYSCALL msg=audit(1769493675.700:2403): arch=c000003e syscall=59 success=yes exit=0 a0=64e1754cb9e0 a1=64e1754c38c0 a2=64e1754c38f0 a3=64e1754c38c0 items=2 ppid=4260 pid=4261 auid=1000 uid=1000 gid=1000 euid=1000 suid=1000 fsuid=1000 egid=1000 sgid=1000 fsgid=1000 tty=pts0 ses=3 comm="mkdir" exe="/usr/bin/mkdir" subj=unconfined key="process_exec"ARCH=x86_64 SYSCALL=execve AUID="heroic" UID="heroic" GID="heroic" EUID="heroic" SUID="heroic" FSUID="heroic" EGID="heroic" SGID="heroic" FSGID="heroic"
type=EXECVE msg=audit(1769493675.700:2403): argc=3 a0="mkdir" a1="-p" a2="/tmp/hids_malicious"
type=CWD msg=audit(1769493675.700:2403): cwd="/home/heroic/Desktop/scripts-for-data-generation"
type=PATH msg=audit(1769493675.700:2403): item=0 name="/usr/bin/mkdir" inode=1578106 dev=08:02 mode=0100755 ouid=0 ogid=0 rdev=00:00 nametype=NORMAL cap_fp=0 cap_fi=0 cap_fe=0 cap_fver=0 cap_frootid=0OUID="root" OGID="root"
type=PATH msg=audit(1769493675.700:2403): item=1 name="/lib64/ld-linux-x86-64.so.2" inode=1575340 dev=08:02 mode=0100755 ouid=0 ogid=0 rdev=00:00 nametype=NORMAL cap_fp=0 cap_fi=0 cap_fe=0 cap_fver=0 cap_frootid=0OUID="root" OGID="root"
type=PROCTITLE msg=audit(1769493675.700:2403): proctitle=6D6B646972002D70002F746D702F686964735F6D616C6963696F7573
type=SYSCALL msg=audit(1769493675.711:2404): arch=c000003e syscall=59 success=yes exit=0 a0=64e1754ccbc0 a1=64e1754c38a0 a2=64e1754c38f0 a3=64e1754c38a0 items=2 ppid=4260 pid=4262 auid=1000 uid=1000 gid=1000 euid=1000 suid=1000 fsuid=1000 egid=1000 sgid=1000 fsgid=1000 tty=pts0 ses=3 comm="ps" exe="/usr/bin/ps" subj=unconfined key="process_exec"ARCH=x86_64 SYSCALL=execve AUID="heroic" UID="heroic" GID="heroic" EUID="heroic" SUID="heroic" FSUID="heroic" EGID="heroic" SGID="heroic" FSGID="heroic"
type=EXECVE msg=audit(1769493675.711:2404): argc=2 a0="ps" a1="aux"
type=CWD msg=audit(1769493675.711:2404): cwd="/tmp/hids_malicious"
type=PATH msg=audit(1769493675.711:2404): item=0 name="/usr/bin/ps" inode=1574103 dev=08:02 mode=0100755 ouid=0 ogid=0 rdev=00:00 nametype=NORMAL cap_fp=0 cap_fi=0 cap_fe=0 cap_fver=0 cap_frootid=0OUID="root" OGID="root"
type=PATH msg=audit(1769493675.711:2404): item=1 name="/lib64/ld-linux-x86-64.so.2" inode=1575340 dev=08:02 mode=0100755 ouid=0 ogid=0 rdev=00:00 nametype=NORMAL cap_fp=0 cap_fi=0 cap_fe=0 cap_fver=0 cap_frootid=0OUID="root" OGID="root"
type=PROCTITLE msg=audit(1769493675.711:2404): proctitle=707300617578
type=SYSCALL msg=audit(1769493675.741:2405): arch=c000003e syscall=59 success=yes exit=0 a0=64e1754ccb60 a1=64e1754cd190 a2=64e1754c38f0 a3=64e1754cd190 items=2 ppid=4260 pid=4263 auid=1000 uid=1000 gid=1000 euid=1000 suid=1000 fsuid=1000 egid=1000 sgid=1000 fsgid=1000 tty=pts0 ses=3 comm="whoami" exe="/usr/bin/whoami" subj=unconfined key="process_exec"ARCH=x86_64 SYSCALL=execve AUID="heroic" UID="heroic" GID="heroic" EUID="heroic" SUID="heroic" FSUID="heroic" EGID="heroic" SGID="heroic" FSGID="heroic"
type=EXECVE msg=audit(1769493675.741:2405): argc=1 a0="whoami"
type=CWD msg=audit(1769493675.741:2405): cwd="/tmp/hids_malicious"
type=PATH msg=audit(1769493675.741:2405): item=0 name="/usr/bin/whoami" inode=1578239 dev=08:02 mode=0100755 ouid=0 ogid=0 rdev=00:00 nametype=NORMAL cap_fp=0 cap_fi=0 cap_fe=0 cap_fver=0 cap_frootid=0OUID="root" OGID="root"
type=PATH msg=audit(1769493675.741:2405): item=1 name="/lib64/ld-linux-x86-64.so.2" inode=1575340 dev=08:02 mode=0100755 ouid=0 ogid=0 rdev=00:00 nametype=NORMAL cap_fp=0 cap_fi=0 cap_fe=0 cap_fver=0 cap_frootid=0OUID="root" OGID="root"
type=PROCTITLE msg=audit(1769493675.741:2405): proctitle="whoami"
type=SYSCALL msg=audit(1769493675.751:2406): arch=c000003e syscall=59 success=yes exit=0 a0=64e1754c67e0 a1=64e1754cd1d0 a2=64e1754c38f0 a3=64e1754cd1d0 items=2 ppid=4260 pid=4264 auid=1000 uid=1000 gid=1000 euid=1000 suid=1000 fsuid=1000 egid=1000 sgid=1000 fsgid=1000 tty=pts0 ses=3 comm="id" exe="/usr/bin/id" subj=unconfined key="process_exec"ARCH=x86_64 SYSCALL=execve AUID="heroic" UID="heroic" GID="heroic" EUID="heroic" SUID="heroic" FSUID="heroic" EGID="heroic" SGID="heroic" FSGID="heroic"
type=EXECVE msg=audit(1769493675.751:2406): argc=1 a0="id"
type=CWD msg=audit(1769493675.751:2406): cwd="/tmp/hids_malicious"
type=PATH msg=audit(1769493675.751:2406): item=0 name="/usr/bin/id" inode=1578097 dev=08:02 mode=0100755 ouid=0 ogid=0 rdev=00:00 nametype=NORMAL cap_fp=0 cap_fi=0 cap_fe=0 cap_fver=0 cap_frootid=0OUID="root" OGID="root"
type=PATH msg=audit(1769493675.751:2406): item=1 name="/lib64/ld-linux-x86-64.so.2" inode=1575340 dev=08:02 mode=0100755 ouid=0 ogid=0 rdev=00:00 nametype=NORMAL cap_fp=0 cap_fi=0 cap_fe=0 cap_fver=0 cap_frootid=0OUID="root" OGID="root"
type=PROCTITLE msg=audit(1769493675.751:2406): proctitle="id"
type=SYSCALL msg=audit(1769493675.757:2407): arch=c000003e syscall=59 success=yes exit=0 a0=64e1754ccb60 a1=64e1754cd210 a2=64e1754c38f0 a3=64e1754cd210 items=2 ppid=4260 pid=4265 auid=1000 uid=1000 gid=1000 euid=1000 suid=1000 fsuid=1000 egid=1000 sgid=1000 fsgid=1000 tty=pts0 ses=3 comm="uname" exe="/usr/bin/uname" subj=unconfined key="process_exec"ARCH=x86_64 SYSCALL=execve AUID="heroic" UID="heroic" GID="heroic" EUID="heroic" SUID="heroic" FSUID="heroic" EGID="heroic" SGID="heroic" FSGID="heroic"
type=EXECVE msg=audit(1769493675.757:2407): argc=2 a0="uname" a1="-a"
type=CWD msg=audit(1769493675.757:2407): cwd="/tmp/hids_malicious"
type=PATH msg=audit(1769493675.757:2407): item=0 name="/usr/bin/uname" inode=1578226 dev=08:02 mode=0100755 ouid=0 ogid=0 rdev=00:00 nametype=NORMAL cap_fp=0 cap_fi=0 cap_fe=0 cap_fver=0 cap_frootid=0OUID="root" OGID="root"
type=PATH msg=audit(1769493675.757:2407): item=1 name="/lib64/ld-linux-x86-64.so.2" inode=1575340 dev=08:02 mode=0100755 ouid=0 ogid=0 rdev=00:00 nametype=NORMAL cap_fp=0 cap_fi=0 cap_fe=0 cap_fver=0 cap_frootid=0OUID="root" OGID="root"
type=PROCTITLE msg=audit(1769493675.757:2407): proctitle=756E616D65002D61
type=SYSCALL msg=audit(1769493675.760:2408): arch=c000003e syscall=59 success=yes exit=0 a0=64e1754caf80 a1=64e1754cd270 a2=64e1754c38f0 a3=64e1754cd270 items=2 ppid=4260 pid=4266 auid=1000 uid=1000 gid=1000 euid=1000 suid=1000 fsuid=1000 egid=1000 sgid=1000 fsgid=1000 tty=pts0 ses=3 comm="ss" exe="/usr/bin/ss" subj=unconfined key="process_exec"ARCH=x86_64 SYSCALL=execve AUID="heroic" UID="heroic" GID="heroic" EUID="heroic" SUID="heroic" FSUID="heroic" EGID="heroic" SGID="heroic" FSGID="heroic"
type=EXECVE msg=audit(1769493675.760:2408): argc=2 a0="ss" a1="-tulnp"
type=CWD msg=audit(1769493675.760:2408): cwd="/tmp/hids_malicious"
type=PATH msg=audit(1769493675.760:2408): item=0 name="/usr/bin/ss" inode=1574256 dev=08:02 mode=0100755 ouid=0 ogid=0 rdev=00:00 nametype=NORMAL cap_fp=0 cap_fi=0 cap_fe=0 cap_fver=0 cap_frootid=0OUID="root" OGID="root"
type=PATH msg=audit(1769493675.760:2408): item=1 name="/lib64/ld-linux-x86-64.so.2" inode=1575340 dev=08:02 mode=0100755 ouid=0 ogid=0 rdev=00:00 nametype=NORMAL cap_fp=0 cap_fi=0 cap_fe=0 cap_fver=0 cap_frootid=0OUID="root" OGID="root"
type=PROCTITLE msg=audit(1769493675.760:2408): proctitle=7373002D74756C6E70
type=SYSCALL msg=audit(1769493675.782:2409): arch=c000003e syscall=59 success=yes exit=0 a0=64e1754ccb60 a1=64e1754bc990 a2=64e1754c38f0 a3=64e1754cd2b0 items=2 ppid=4260 pid=4267 auid=1000 uid=1000 gid=1000 euid=1000 suid=1000 fsuid=1000 egid=1000 sgid=1000 fsgid=1000 tty=pts0 ses=3 comm="chmod" exe="/usr/bin/chmod" subj=unconfined key="process_exec"ARCH=x86_64 SYSCALL=execve AUID="heroic" UID="heroic" GID="heroic" EUID="heroic" SUID="heroic" FSUID="heroic" EGID="heroic" SGID="heroic" FSGID="heroic"
type=EXECVE msg=audit(1769493675.782:2409): argc=3 a0="chmod" a1="+x" a2="payload.sh"
type=CWD msg=audit(1769493675.782:2409): cwd="/tmp/hids_malicious"
type=PATH msg=audit(1769493675.782:2409): item=0 name="/usr/bin/chmod" inode=1578019 dev=08:02 mode=0100755 ouid=0 ogid=0 rdev=00:00 nametype=NORMAL cap_fp=0 cap_fi=0 cap_fe=0 cap_fver=0 cap_frootid=0OUID="root" OGID="root"
type=PATH msg=audit(1769493675.782:2409): item=1 name="/lib64/ld-linux-x86-64.so.2" inode=1575340 dev=08:02 mode=0100755 ouid=0 ogid=0 rdev=00:00 nametype=NORMAL cap_fp=0 cap_fi=0 cap_fe=0 cap_fver=0 cap_frootid=0OUID="root" OGID="root"
type=PROCTITLE msg=audit(1769493675.782:2409): proctitle=63686D6F64002B78007061796C6F61642E7368
type=SYSCALL msg=audit(1769493675.784:2410): arch=c000003e syscall=59 success=yes exit=0 a0=64e1754cadc0 a1=64e1754c5360 a2=64e1754c38f0 a3=64e1754c5950 items=2 ppid=4260 pid=4268 auid=1000 uid=1000 gid=1000 euid=1000 suid=1000 fsuid=1000 egid=1000 sgid=1000 fsgid=1000 tty=pts0 ses=3 comm="curl" exe="/usr/bin/curl" subj=unconfined key="process_exec"ARCH=x86_64 SYSCALL=execve AUID="heroic" UID="heroic" GID="heroic" EUID="heroic" SUID="heroic" FSUID="heroic" EGID="heroic" SGID="heroic" FSGID="heroic"
type=EXECVE msg=audit(1769493675.784:2410): argc=3 a0="curl" a1="-s" a2="file:///tmp/hids_malicious/payload.sh"
type=CWD msg=audit(1769493675.784:2410): cwd="/tmp/hids_malicious"
type=PATH msg=audit(1769493675.784:2410): item=0 name="/usr/bin/curl" inode=1573697 dev=08:02 mode=0100755 ouid=0 ogid=0 rdev=00:00 nametype=NORMAL cap_fp=0 cap_fi=0 cap_fe=0 cap_fver=0 cap_frootid=0OUID="root" OGID="root"
type=PATH msg=audit(1769493675.784:2410): item=1 name="/lib64/ld-linux-x86-64.so.2" inode=1575340 dev=08:02 mode=0100755 ouid=0 ogid=0 rdev=00:00 nametype=NORMAL cap_fp=0 cap_fi=0 cap_fe=0 cap_fver=0 cap_frootid=0OUID="root" OGID="root"
type=PROCTITLE msg=audit(1769493675.784:2410): proctitle=6375726C002D730066696C653A2F2F2F746D702F686964735F6D616C6963696F75732F7061796C6F61642E7368
type=SYSCALL msg=audit(1769493675.785:2411): arch=c000003e syscall=59 success=yes exit=0 a0=64e1754cd1d0 a1=64e1754cd310 a2=64e1754c38f0 a3=8 items=2 ppid=4260 pid=4269 auid=1000 uid=1000 gid=1000 euid=1000 suid=1000 fsuid=1000 egid=1000 sgid=1000 fsgid=1000 tty=pts0 ses=3 comm="bash" exe="/usr/bin/bash" subj=unconfined key="process_exec"ARCH=x86_64 SYSCALL=execve AUID="heroic" UID="heroic" GID="heroic" EUID="heroic" SUID="heroic" FSUID="heroic" EGID="heroic" SGID="heroic" FSGID="heroic"
type=EXECVE msg=audit(1769493675.785:2411): argc=1 a0="bash"
type=CWD msg=audit(1769493675.785:2411): cwd="/tmp/hids_malicious"
type=PATH msg=audit(1769493675.785:2411): item=0 name="/usr/bin/bash" inode=1573437 dev=08:02 mode=0100755 ouid=0 ogid=0 rdev=00:00 nametype=NORMAL cap_fp=0 cap_fi=0 cap_fe=0 cap_fver=0 cap_frootid=0OUID="root" OGID="root"
type=PATH msg=audit(1769493675.785:2411): item=1 name="/lib64/ld-linux-x86-64.so.2" inode=1575340 dev=08:02 mode=0100755 ouid=0 ogid=0 rdev=00:00 nametype=NORMAL cap_fp=0 cap_fi=0 cap_fe=0 cap_fver=0 cap_frootid=0OUID="root" OGID="root"
type=PROCTITLE msg=audit(1769493675.785:2411): proctitle="bash"
type=SYSCALL msg=audit(1769493675.791:2412): arch=c000003e syscall=59 success=yes exit=0 a0=64e1754cd2b0 a1=64e1754cd310 a2=64e1754c38f0 a3=64e1754cd310 items=2 ppid=4260 pid=4270 auid=1000 uid=1000 gid=1000 euid=0 suid=0 fsuid=0 egid=1000 sgid=1000 fsgid=1000 tty=pts0 ses=3 comm="sudo" exe="/usr/bin/sudo" subj=unconfined key="process_exec"ARCH=x86_64 SYSCALL=execve AUID="heroic" UID="heroic" GID="heroic" EUID="root" SUID="root" FSUID="root" EGID="heroic" SGID="heroic" FSGID="heroic"
type=EXECVE msg=audit(1769493675.791:2412): argc=2 a0="sudo" a1="-l"
type=CWD msg=audit(1769493675.791:2412): cwd="/tmp/hids_malicious"
type=PATH msg=audit(1769493675.791:2412): item=0 name="/usr/bin/sudo" inode=1574274 dev=08:02 mode=0104755 ouid=0 ogid=0 rdev=00:00 nametype=NORMAL cap_fp=0 cap_fi=0 cap_fe=0 cap_fver=0 cap_frootid=0OUID="root" OGID="root"
type=PATH msg=audit(1769493675.791:2412): item=1 name="/lib64/ld-linux-x86-64.so.2" inode=1575340 dev=08:02 mode=0100755 ouid=0 ogid=0 rdev=00:00 nametype=NORMAL cap_fp=0 cap_fi=0 cap_fe=0 cap_fver=0 cap_frootid=0OUID="root" OGID="root"
type=PROCTITLE msg=audit(1769493675.791:2412): proctitle=7375646F002D6C
type=USER_ACCT msg=audit(1769493675.913:2413): pid=4270 uid=1000 auid=1000 ses=3 subj=unconfined msg='op=PAM:accounting grantors=pam_permit,pam_localuser acct="heroic" exe="/usr/bin/sudo" hostname=? addr=? terminal=/dev/pts/0 res=success'UID="heroic" AUID="heroic"
type=SYSCALL msg=audit(1769493675.916:2414): arch=c000003e syscall=59 success=yes exit=0 a0=64e1754c67c0 a1=64e1754cd190 a2=64e1754c38f0 a3=64e1754cd190 items=2 ppid=4260 pid=4271 auid=1000 uid=1000 gid=1000 euid=0 suid=0 fsuid=0 egid=1000 sgid=1000 fsgid=1000 tty=pts0 ses=3 comm="sudo" exe="/usr/bin/sudo" subj=unconfined key="process_exec"ARCH=x86_64 SYSCALL=execve AUID="heroic" UID="heroic" GID="heroic" EUID="root" SUID="root" FSUID="root" EGID="heroic" SGID="heroic" FSGID="heroic"
type=EXECVE msg=audit(1769493675.916:2414): argc=2 a0="sudo" a1="whoami"
type=CWD msg=audit(1769493675.916:2414): cwd="/tmp/hids_malicious"
type=PATH msg=audit(1769493675.916:2414): item=0 name="/usr/bin/sudo" inode=1574274 dev=08:02 mode=0104755 ouid=0 ogid=0 rdev=00:00 nametype=NORMAL cap_fp=0 cap_fi=0 cap_fe=0 cap_fver=0 cap_frootid=0OUID="root" OGID="root"
type=PATH msg=audit(1769493675.916:2414): item=1 name="/lib64/ld-linux-x86-64.so.2" inode=1575340 dev=08:02 mode=0100755 ouid=0 ogid=0 rdev=00:00 nametype=NORMAL cap_fp=0 cap_fi=0 cap_fe=0 cap_fver=0 cap_frootid=0OUID="root" OGID="root"
type=PROCTITLE msg=audit(1769493675.916:2414): proctitle=7375646F0077686F616D69
type=USER_ACCT msg=audit(1769493675.960:2415): pid=4271 uid=1000 auid=1000 ses=3 subj=unconfined msg='op=PAM:accounting grantors=pam_permit,pam_localuser acct="heroic" exe="/usr/bin/sudo" hostname=? addr=? terminal=/dev/pts/0 res=success'UID="heroic" AUID="heroic"
type=USER_CMD msg=audit(1769493675.961:2416): pid=4271 uid=1000 auid=1000 ses=3 subj=unconfined msg='cwd="/tmp/hids_malicious" cmd="whoami" exe="/usr/bin/sudo" terminal=pts/0 res=success'UID="heroic" AUID="heroic"
type=CRED_REFR msg=audit(1769493675.961:2417): pid=4271 uid=1000 auid=1000 ses=3 subj=unconfined msg='op=PAM:setcred grantors=pam_permit,pam_cap acct="root" exe="/usr/bin/sudo" hostname=? addr=? terminal=/dev/pts/0 res=success'UID="heroic" AUID="heroic"
type=USER_START msg=audit(1769493675.961:2418): pid=4271 uid=1000 auid=1000 ses=3 subj=unconfined msg='op=PAM:session_open grantors=pam_limits,pam_env,pam_env,pam_permit,pam_umask,pam_unix acct="root" exe="/usr/bin/sudo" hostname=? addr=? terminal=/dev/pts/0 res=success'UID="heroic" AUID="heroic"
type=SYSCALL msg=audit(1769493675.963:2419): arch=c000003e syscall=59 success=yes exit=0 a0=5f4129ea3b68 a1=5f4129eb3ba0 a2=5f4129ec6340 a3=64 items=2 ppid=4272 pid=4273 auid=1000 uid=0 gid=0 euid=0 suid=0 fsuid=0 egid=0 sgid=0 fsgid=0 tty=pts4 ses=3 comm="whoami" exe="/usr/bin/whoami" subj=unconfined key="process_exec"ARCH=x86_64 SYSCALL=execve AUID="heroic" UID="root" GID="root" EUID="root" SUID="root" FSUID="root" EGID="root" SGID="root" FSGID="root"
type=EXECVE msg=audit(1769493675.963:2419): argc=1 a0="whoami"
type=CWD msg=audit(1769493675.963:2419): cwd="/tmp/hids_malicious"
type=PATH msg=audit(1769493675.963:2419): item=0 name="/usr/bin/whoami" inode=1578239 dev=08:02 mode=0100755 ouid=0 ogid=0 rdev=00:00 nametype=NORMAL cap_fp=0 cap_fi=0 cap_fe=0 cap_fver=0 cap_frootid=0OUID="root" OGID="root"
type=PATH msg=audit(1769493675.963:2419): item=1 name="/lib64/ld-linux-x86-64.so.2" inode=1575340 dev=08:02 mode=0100755 ouid=0 ogid=0 rdev=00:00 nametype=NORMAL cap_fp=0 cap_fi=0 cap_fe=0 cap_fver=0 cap_frootid=0OUID="root" OGID="root"
type=PROCTITLE msg=audit(1769493675.963:2419): proctitle="whoami"
type=USER_END msg=audit(1769493675.965:2420): pid=4271 uid=1000 auid=1000 ses=3 subj=unconfined msg='op=PAM:session_close grantors=pam_limits,pam_env,pam_env,pam_permit,pam_umask,pam_unix acct="root" exe="/usr/bin/sudo" hostname=? addr=? terminal=/dev/pts/0 res=success'UID="heroic" AUID="heroic"
type=CRED_DISP msg=audit(1769493675.965:2421): pid=4271 uid=1000 auid=1000 ses=3 subj=unconfined msg='op=PAM:setcred grantors=pam_permit acct="root" exe="/usr/bin/sudo" hostname=? addr=? terminal=/dev/pts/0 res=success'UID="heroic" AUID="heroic"
type=SYSCALL msg=audit(1769493675.967:2422): arch=c000003e syscall=59 success=yes exit=0 a0=64e1754cace0 a1=64e1754ca8a0 a2=64e1754c38f0 a3=64e1754cd270 items=2 ppid=4260 pid=4275 auid=1000 uid=1000 gid=1000 euid=0 suid=0 fsuid=0 egid=1000 sgid=1000 fsgid=1000 tty=pts0 ses=3 comm="sudo" exe="/usr/bin/sudo" subj=unconfined key="process_exec"ARCH=x86_64 SYSCALL=execve AUID="heroic" UID="heroic" GID="heroic" EUID="root" SUID="root" FSUID="root" EGID="heroic" SGID="heroic" FSGID="heroic"
type=EXECVE msg=audit(1769493675.967:2422): argc=3 a0="sudo" a1="tee" a2="/etc/cron.d/hids_persist"
type=CWD msg=audit(1769493675.967:2422): cwd="/tmp/hids_malicious"
type=PATH msg=audit(1769493675.967:2422): item=0 name="/usr/bin/sudo" inode=1574274 dev=08:02 mode=0104755 ouid=0 ogid=0 rdev=00:00 nametype=NORMAL cap_fp=0 cap_fi=0 cap_fe=0 cap_fver=0 cap_frootid=0OUID="root" OGID="root"
type=PATH msg=audit(1769493675.967:2422): item=1 name="/lib64/ld-linux-x86-64.so.2" inode=1575340 dev=08:02 mode=0100755 ouid=0 ogid=0 rdev=00:00 nametype=NORMAL cap_fp=0 cap_fi=0 cap_fe=0 cap_fver=0 cap_frootid=0OUID="root" OGID="root"
type=PROCTITLE msg=audit(1769493675.967:2422): proctitle=7375646F00746565002F6574632F63726F6E2E642F686964735F70657273697374
type=USER_ACCT msg=audit(1769493676.052:2423): pid=4275 uid=1000 auid=1000 ses=3 subj=unconfined msg='op=PAM:accounting grantors=pam_permit,pam_localuser acct="heroic" exe="/usr/bin/sudo" hostname=? addr=? terminal=/dev/pts/0 res=success'UID="heroic" AUID="heroic"
type=USER_CMD msg=audit(1769493676.052:2424): pid=4275 uid=1000 auid=1000 ses=3 subj=unconfined msg='cwd="/tmp/hids_malicious" cmd=746565202F6574632F63726F6E2E642F686964735F70657273697374 exe="/usr/bin/sudo" terminal=pts/0 res=success'UID="heroic" AUID="heroic"
type=CRED_REFR msg=audit(1769493676.053:2425): pid=4275 uid=1000 auid=1000 ses=3 subj=unconfined msg='op=PAM:setcred grantors=pam_permit,pam_cap acct="root" exe="/usr/bin/sudo" hostname=? addr=? terminal=/dev/pts/0 res=success'UID="heroic" AUID="heroic"
type=USER_START msg=audit(1769493676.054:2426): pid=4275 uid=1000 auid=1000 ses=3 subj=unconfined msg='op=PAM:session_open grantors=pam_limits,pam_env,pam_env,pam_permit,pam_umask,pam_unix acct="root" exe="/usr/bin/sudo" hostname=? addr=? terminal=/dev/pts/0 res=success'UID="heroic" AUID="heroic"
type=SYSCALL msg=audit(1769493676.055:2427): arch=c000003e syscall=59 success=yes exit=0 a0=5732e69abb68 a1=5732e69bbba0 a2=5732e69ce7a0 a3=64 items=2 ppid=4276 pid=4277 auid=1000 uid=0 gid=0 euid=0 suid=0 fsuid=0 egid=0 sgid=0 fsgid=0 tty=pts4 ses=3 comm="tee" exe="/usr/bin/tee" subj=unconfined key="process_exec"ARCH=x86_64 SYSCALL=execve AUID="heroic" UID="root" GID="root" EUID="root" SUID="root" FSUID="root" EGID="root" SGID="root" FSGID="root"
type=EXECVE msg=audit(1769493676.055:2427): argc=2 a0="tee" a1="/etc/cron.d/hids_persist"
type=CWD msg=audit(1769493676.055:2427): cwd="/tmp/hids_malicious"
type=PATH msg=audit(1769493676.055:2427): item=0 name="/usr/bin/tee" inode=1578148 dev=08:02 mode=0100755 ouid=0 ogid=0 rdev=00:00 nametype=NORMAL cap_fp=0 cap_fi=0 cap_fe=0 cap_fver=0 cap_frootid=0OUID="root" OGID="root"
type=PATH msg=audit(1769493676.055:2427): item=1 name="/lib64/ld-linux-x86-64.so.2" inode=1575340 dev=08:02 mode=0100755 ouid=0 ogid=0 rdev=00:00 nametype=NORMAL cap_fp=0 cap_fi=0 cap_fe=0 cap_fver=0 cap_frootid=0OUID="root" OGID="root"
type=PROCTITLE msg=audit(1769493676.055:2427): proctitle=746565002F6574632F63726F6E2E642F686964735F70657273697374
type=SYSCALL msg=audit(1769493676.058:2428): arch=c000003e syscall=257 success=yes exit=3 a0=ffffff9c a1=7fffe185f72c a2=241 a3=1b6 items=2 ppid=4276 pid=4277 auid=1000 uid=0 gid=0 euid=0 suid=0 fsuid=0 egid=0 sgid=0 fsgid=0 tty=pts4 ses=3 comm="tee" exe="/usr/bin/tee" subj=unconfined key="persistence"ARCH=x86_64 SYSCALL=openat AUID="heroic" UID="root" GID="root" EUID="root" SUID="root" FSUID="root" EGID="root" SGID="root" FSGID="root"
type=CWD msg=audit(1769493676.058:2428): cwd="/tmp/hids_malicious"
type=PATH msg=audit(1769493676.058:2428): item=0 name="/etc/cron.d/" inode=1703968 dev=08:02 mode=040755 ouid=0 ogid=0 rdev=00:00 nametype=PARENT cap_fp=0 cap_fi=0 cap_fe=0 cap_fver=0 cap_frootid=0OUID="root" OGID="root"
type=PATH msg=audit(1769493676.058:2428): item=1 name="/etc/cron.d/hids_persist" inode=1704205 dev=08:02 mode=0100644 ouid=0 ogid=0 rdev=00:00 nametype=CREATE cap_fp=0 cap_fi=0 cap_fe=0 cap_fver=0 cap_frootid=0OUID="root" OGID="root"
type=PROCTITLE msg=audit(1769493676.058:2428): proctitle=746565002F6574632F63726F6E2E642F686964735F70657273697374
type=USER_END msg=audit(1769493676.063:2429): pid=4275 uid=1000 auid=1000 ses=3 subj=unconfined msg='op=PAM:session_close grantors=pam_limits,pam_env,pam_env,pam_permit,pam_umask,pam_unix acct="root" exe="/usr/bin/sudo" hostname=? addr=? terminal=/dev/pts/0 res=success'UID="heroic" AUID="heroic"
type=CRED_DISP msg=audit(1769493676.063:2430): pid=4275 uid=1000 auid=1000 ses=3 subj=unconfined msg='op=PAM:setcred grantors=pam_permit acct="root" exe="/usr/bin/sudo" hostname=? addr=? terminal=/dev/pts/0 res=success'UID="heroic" AUID="heroic"
type=SYSCALL msg=audit(1769493676.067:2431): arch=c000003e syscall=59 success=yes exit=0 a0=64e1754d0830 a1=64e1754cd270 a2=64e1754c38f0 a3=64e1754cd270 items=2 ppid=4260 pid=4278 auid=1000 uid=1000 gid=1000 euid=1000 suid=1000 fsuid=1000 egid=1000 sgid=1000 fsgid=1000 tty=pts0 ses=3 comm="sleep" exe="/usr/bin/sleep" subj=unconfined key="process_exec"ARCH=x86_64 SYSCALL=execve AUID="heroic" UID="heroic" GID="heroic" EUID="heroic" SUID="heroic" FSUID="heroic" EGID="heroic" SGID="heroic" FSGID="heroic"
type=EXECVE msg=audit(1769493676.067:2431): argc=2 a0="sleep" a1="5"
type=CWD msg=audit(1769493676.067:2431): cwd="/tmp/hids_malicious"
type=PATH msg=audit(1769493676.067:2431): item=0 name="/usr/bin/sleep" inode=1578138 dev=08:02 mode=0100755 ouid=0 ogid=0 rdev=00:00 nametype=NORMAL cap_fp=0 cap_fi=0 cap_fe=0 cap_fver=0 cap_frootid=0OUID="root" OGID="root"
type=PATH msg=audit(1769493676.067:2431): item=1 name="/lib64/ld-linux-x86-64.so.2" inode=1575340 dev=08:02 mode=0100755 ouid=0 ogid=0 rdev=00:00 nametype=NORMAL cap_fp=0 cap_fi=0 cap_fe=0 cap_fver=0 cap_frootid=0OUID="root" OGID="root"
type=PROCTITLE msg=audit(1769493676.067:2431): proctitle=736C6565700035
type=SYSCALL msg=audit(1769493681.089:2432): arch=c000003e syscall=59 success=yes exit=0 a0=64e1754cfff0 a1=64e1754cd550 a2=64e1754c38f0 a3=1 items=2 ppid=4260 pid=4279 auid=1000 uid=1000 gid=1000 euid=1000 suid=1000 fsuid=1000 egid=1000 sgid=1000 fsgid=1000 tty=pts0 ses=3 comm="rm" exe="/usr/bin/rm" subj=unconfined key="process_exec"ARCH=x86_64 SYSCALL=execve AUID="heroic" UID="heroic" GID="heroic" EUID="heroic" SUID="heroic" FSUID="heroic" EGID="heroic" SGID="heroic" FSGID="heroic"
type=EXECVE msg=audit(1769493681.089:2432): argc=58 a0="rm" a1="-f" a2="file_10.dat" a3="file_11.dat" a4="file_12.dat" a5="file_13.dat" a6="file_14.dat" a7="file_15.dat" a8="file_16.dat" a9="file_17.dat" a10="file_18.dat" a11="file_19.dat" a12="file_1.dat" a13="file_20.dat" a14="file_21.dat" a15="file_22.dat" a16="file_23.dat" a17="file_24.dat" a18="file_25.dat" a19="file_26.dat" a20="file_27.dat" a21="file_28.dat" a22="file_29.dat" a23="file_2.dat" a24="file_30.dat" a25="file_31.dat" a26="file_32.dat" a27="file_33.dat" a28="file_34.dat" a29="file_35.dat" a30="file_36.dat" a31="file_37.dat" a32="file_38.dat" a33="file_39.dat" a34="file_3.dat" a35="file_40.dat" a36="file_41.dat" a37="file_42.dat" a38="file_43.dat" a39="file_44.dat" a40="file_45.dat" a41="file_46.dat" a42="file_47.dat" a43="file_48.dat" a44="file_49.dat" a45="file_4.dat" a46="file_50.dat" a47="file_5.dat" a48="file_6.dat" a49="file_7.dat" a50="file_8.dat" a51="file_9.dat" a52="payload.sh" a53="recon.txt" a54="netstat.txt" a55="processes.txt" a56="sudo_enum.txt" a57="sudo_test.txt"
type=CWD msg=audit(1769493681.089:2432): cwd="/tmp/hids_malicious"
type=PATH msg=audit(1769493681.089:2432): item=0 name="/usr/bin/rm" inode=1578127 dev=08:02 mode=0100755 ouid=0 ogid=0 rdev=00:00 nametype=NORMAL cap_fp=0 cap_fi=0 cap_fe=0 cap_fver=0 cap_frootid=0OUID="root" OGID="root"
type=PATH msg=audit(1769493681.089:2432): item=1 name="/lib64/ld-linux-x86-64.so.2" inode=1575340 dev=08:02 mode=0100755 ouid=0 ogid=0 rdev=00:00 nametype=NORMAL cap_fp=0 cap_fi=0 cap_fe=0 cap_fver=0 cap_frootid=0OUID="root" OGID="root"
type=PROCTITLE msg=audit(1769493681.089:2432): proctitle=726D002D660066696C655F31302E6461740066696C655F31312E6461740066696C655F31322E6461740066696C655F31332E6461740066696C655F31342E6461740066696C655F31352E6461740066696C655F31362E6461740066696C655F31372E6461740066696C655F31382E6461740066696C655F31392E646174006669
type=SYSCALL msg=audit(1769493681.111:2433): arch=c000003e syscall=59 success=yes exit=0 a0=64e1754d0750 a1=64e1754ca850 a2=64e1754c38f0 a3=64e1754ca850 items=2 ppid=4260 pid=4280 auid=1000 uid=1000 gid=1000 euid=0 suid=0 fsuid=0 egid=1000 sgid=1000 fsgid=1000 tty=pts0 ses=3 comm="sudo" exe="/usr/bin/sudo" subj=unconfined key="process_exec"ARCH=x86_64 SYSCALL=execve AUID="heroic" UID="heroic" GID="heroic" EUID="root" SUID="root" FSUID="root" EGID="heroic" SGID="heroic" FSGID="heroic"
type=EXECVE msg=audit(1769493681.111:2433): argc=4 a0="sudo" a1="rm" a2="-f" a3="/etc/cron.d/hids_persist"
type=CWD msg=audit(1769493681.111:2433): cwd="/tmp/hids_malicious"
type=PATH msg=audit(1769493681.111:2433): item=0 name="/usr/bin/sudo" inode=1574274 dev=08:02 mode=0104755 ouid=0 ogid=0 rdev=00:00 nametype=NORMAL cap_fp=0 cap_fi=0 cap_fe=0 cap_fver=0 cap_frootid=0OUID="root" OGID="root"
type=PATH msg=audit(1769493681.111:2433): item=1 name="/lib64/ld-linux-x86-64.so.2" inode=1575340 dev=08:02 mode=0100755 ouid=0 ogid=0 rdev=00:00 nametype=NORMAL cap_fp=0 cap_fi=0 cap_fe=0 cap_fver=0 cap_frootid=0OUID="root" OGID="root"
type=PROCTITLE msg=audit(1769493681.111:2433): proctitle=7375646F00726D002D66002F6574632F63726F6E2E642F686964735F70657273697374
type=USER_ACCT msg=audit(1769493681.178:2434): pid=4280 uid=1000 auid=1000 ses=3 subj=unconfined msg='op=PAM:accounting grantors=pam_permit,pam_localuser acct="heroic" exe="/usr/bin/sudo" hostname=? addr=? terminal=/dev/pts/0 res=success'UID="heroic" AUID="heroic"
type=USER_CMD msg=audit(1769493681.178:2435): pid=4280 uid=1000 auid=1000 ses=3 subj=unconfined msg='cwd="/tmp/hids_malicious" cmd=726D202D66202F6574632F63726F6E2E642F686964735F70657273697374 exe="/usr/bin/sudo" terminal=pts/0 res=success'UID="heroic" AUID="heroic"
type=CRED_REFR msg=audit(1769493681.178:2436): pid=4280 uid=1000 auid=1000 ses=3 subj=unconfined msg='op=PAM:setcred grantors=pam_permit,pam_cap acct="root" exe="/usr/bin/sudo" hostname=? addr=? terminal=/dev/pts/0 res=success'UID="heroic" AUID="heroic"
type=USER_START msg=audit(1769493681.178:2437): pid=4280 uid=1000 auid=1000 ses=3 subj=unconfined msg='op=PAM:session_open grantors=pam_limits,pam_env,pam_env,pam_permit,pam_umask,pam_unix acct="root" exe="/usr/bin/sudo" hostname=? addr=? terminal=/dev/pts/0 res=success'UID="heroic" AUID="heroic"
type=SYSCALL msg=audit(1769493681.217:2438): arch=c000003e syscall=59 success=yes exit=0 a0=5825e4fd6b68 a1=5825e4fe6ba0 a2=5825e4ff97a0 a3=64 items=2 ppid=4281 pid=4282 auid=1000 uid=0 gid=0 euid=0 suid=0 fsuid=0 egid=0 sgid=0 fsgid=0 tty=pts4 ses=3 comm="rm" exe="/usr/bin/rm" subj=unconfined key="process_exec"ARCH=x86_64 SYSCALL=execve AUID="heroic" UID="root" GID="root" EUID="root" SUID="root" FSUID="root" EGID="root" SGID="root" FSGID="root"
type=EXECVE msg=audit(1769493681.217:2438): argc=3 a0="rm" a1="-f" a2="/etc/cron.d/hids_persist"
type=CWD msg=audit(1769493681.217:2438): cwd="/tmp/hids_malicious"
type=PATH msg=audit(1769493681.217:2438): item=0 name="/usr/bin/rm" inode=1578127 dev=08:02 mode=0100755 ouid=0 ogid=0 rdev=00:00 nametype=NORMAL cap_fp=0 cap_fi=0 cap_fe=0 cap_fver=0 cap_frootid=0OUID="root" OGID="root"
type=PATH msg=audit(1769493681.217:2438): item=1 name="/lib64/ld-linux-x86-64.so.2" inode=1575340 dev=08:02 mode=0100755 ouid=0 ogid=0 rdev=00:00 nametype=NORMAL cap_fp=0 cap_fi=0 cap_fe=0 cap_fver=0 cap_frootid=0OUID="root" OGID="root"
type=PROCTITLE msg=audit(1769493681.217:2438): proctitle=726D002D66002F6574632F63726F6E2E642F686964735F70657273697374
type=SYSCALL msg=audit(1769493681.231:2439): arch=c000003e syscall=263 success=yes exit=0 a0=ffffff9c a1=5c17cc45a4a0 a2=0 a3=5c17cc45b900 items=2 ppid=4281 pid=4282 auid=1000 uid=0 gid=0 euid=0 suid=0 fsuid=0 egid=0 sgid=0 fsgid=0 tty=pts4 ses=3 comm="rm" exe="/usr/bin/rm" subj=unconfined key="persistence"ARCH=x86_64 SYSCALL=unlinkat AUID="heroic" UID="root" GID="root" EUID="root" SUID="root" FSUID="root" EGID="root" SGID="root" FSGID="root"
type=CWD msg=audit(1769493681.231:2439): cwd="/tmp/hids_malicious"
type=PATH msg=audit(1769493681.231:2439): item=0 name="/etc/cron.d/" inode=1703968 dev=08:02 mode=040755 ouid=0 ogid=0 rdev=00:00 nametype=PARENT cap_fp=0 cap_fi=0 cap_fe=0 cap_fver=0 cap_frootid=0OUID="root" OGID="root"
type=PATH msg=audit(1769493681.231:2439): item=1 name="/etc/cron.d/hids_persist" inode=1704205 dev=08:02 mode=0100644 ouid=0 ogid=0 rdev=00:00 nametype=DELETE cap_fp=0 cap_fi=0 cap_fe=0 cap_fver=0 cap_frootid=0OUID="root" OGID="root"
type=PROCTITLE msg=audit(1769493681.231:2439): proctitle=726D002D66002F6574632F63726F6E2E642F686964735F70657273697374
type=USER_END msg=audit(1769493681.281:2440): pid=4280 uid=1000 auid=1000 ses=3 subj=unconfined msg='op=PAM:session_close grantors=pam_limits,pam_env,pam_env,pam_permit,pam_umask,pam_unix acct="root" exe="/usr/bin/sudo" hostname=? addr=? terminal=/dev/pts/0 res=success'UID="heroic" AUID="heroic"
type=CRED_DISP msg=audit(1769493681.281:2441): pid=4280 uid=1000 auid=1000 ses=3 subj=unconfined msg='op=PAM:setcred grantors=pam_permit acct="root" exe="/usr/bin/sudo" hostname=? addr=? terminal=/dev/pts/0 res=success'UID="heroic" AUID="heroic"
type=SYSCALL msg=audit(1769493681.308:2442): arch=c000003e syscall=59 success=yes exit=0 a0=64e1754cfff0 a1=64e1754cfe70 a2=64e1754c38f0 a3=64e1754c67c0 items=2 ppid=4260 pid=4283 auid=1000 uid=1000 gid=1000 euid=1000 suid=1000 fsuid=1000 egid=1000 sgid=1000 fsgid=1000 tty=pts0 ses=3 comm="rmdir" exe="/usr/bin/rmdir" subj=unconfined key="process_exec"ARCH=x86_64 SYSCALL=execve AUID="heroic" UID="heroic" GID="heroic" EUID="heroic" SUID="heroic" FSUID="heroic" EGID="heroic" SGID="heroic" FSGID="heroic"
type=EXECVE msg=audit(1769493681.308:2442): argc=2 a0="rmdir" a1="/tmp/hids_malicious"
type=CWD msg=audit(1769493681.308:2442): cwd="/tmp/hids_malicious"
type=PATH msg=audit(1769493681.308:2442): item=0 name="/usr/bin/rmdir" inode=1578128 dev=08:02 mode=0100755 ouid=0 ogid=0 rdev=00:00 nametype=NORMAL cap_fp=0 cap_fi=0 cap_fe=0 cap_fver=0 cap_frootid=0OUID="root" OGID="root"
type=PATH msg=audit(1769493681.308:2442): item=1 name="/lib64/ld-linux-x86-64.so.2" inode=1575340 dev=08:02 mode=0100755 ouid=0 ogid=0 rdev=00:00 nametype=NORMAL cap_fp=0 cap_fi=0 cap_fe=0 cap_fver=0 cap_frootid=0OUID="root" OGID="root"
type=PROCTITLE msg=audit(1769493681.308:2442): proctitle=726D646972002F746D702F686964735F6D616C6963696F7573
type=SYSCALL msg=audit(1769493681.369:2443): arch=c000003e syscall=59 success=yes exit=0 a0=64e1754cfa90 a1=64e1754cd510 a2=64e1754c38f0 a3=64e1754cd510 items=2 ppid=4260 pid=4284 auid=1000 uid=1000 gid=1000 euid=1000 suid=1000 fsuid=1000 egid=1000 sgid=1000 fsgid=1000 tty=pts0 ses=3 comm="sleep" exe="/usr/bin/sleep" subj=unconfined key="process_exec"ARCH=x86_64 SYSCALL=execve AUID="heroic" UID="heroic" GID="heroic" EUID="heroic" SUID="heroic" FSUID="heroic" EGID="heroic" SGID="heroic" FSGID="heroic"
type=EXECVE msg=audit(1769493681.369:2443): argc=2 a0="sleep" a1="90"
type=CWD msg=audit(1769493681.369:2443): cwd=2F746D702F686964735F6D616C6963696F7573202864656C6574656429
type=PATH msg=audit(1769493681.369:2443): item=0 name="/usr/bin/sleep" inode=1578138 dev=08:02 mode=0100755 ouid=0 ogid=0 rdev=00:00 nametype=NORMAL cap_fp=0 cap_fi=0 cap_fe=0 cap_fver=0 cap_frootid=0OUID="root" OGID="root"
type=PATH msg=audit(1769493681.369:2443): item=1 name="/lib64/ld-linux-x86-64.so.2" inode=1575340 dev=08:02 mode=0100755 ouid=0 ogid=0 rdev=00:00 nametype=NORMAL cap_fp=0 cap_fi=0 cap_fe=0 cap_fver=0 cap_frootid=0OUID="root" OGID="root"
type=PROCTITLE msg=audit(1769493681.369:2443): proctitle=736C656570003930
type=SYSCALL msg=audit(1769493771.416:2444): arch=c000003e syscall=59 success=yes exit=0 a0=64e1754cf410 a1=64e1754ca360 a2=64e1754c38f0 a3=64e1754cab20 items=2 ppid=4260 pid=4289 auid=1000 uid=1000 gid=1000 euid=1000 suid=1000 fsuid=1000 egid=1000 sgid=1000 fsgid=1000 tty=pts0 ses=3 comm="mkdir" exe="/usr/bin/mkdir" subj=unconfined key="process_exec"ARCH=x86_64 SYSCALL=execve AUID="heroic" UID="heroic" GID="heroic" EUID="heroic" SUID="heroic" FSUID="heroic" EGID="heroic" SGID="heroic" FSGID="heroic"
type=EXECVE msg=audit(1769493771.416:2444): argc=3 a0="mkdir" a1="-p" a2="/tmp/hids_malicious"
type=CWD msg=audit(1769493771.416:2444): cwd=2F746D702F686964735F6D616C6963696F7573202864656C6574656429
type=PATH msg=audit(1769493771.416:2444): item=0 name="/usr/bin/mkdir" inode=1578106 dev=08:02 mode=0100755 ouid=0 ogid=0 rdev=00:00 nametype=NORMAL cap_fp=0 cap_fi=0 cap_fe=0 cap_fver=0 cap_frootid=0OUID="root" OGID="root"
type=PATH msg=audit(1769493771.416:2444): item=1 name="/lib64/ld-linux-x86-64.so.2" inode=1575340 dev=08:02 mode=0100755 ouid=0 ogid=0 rdev=00:00 nametype=NORMAL cap_fp=0 cap_fi=0 cap_fe=0 cap_fver=0 cap_frootid=0OUID="root" OGID="root"
type=PROCTITLE msg=audit(1769493771.416:2444): proctitle=6D6B646972002D70002F746D702F686964735F6D616C6963696F7573
type=SYSCALL msg=audit(1769493771.454:2445): arch=c000003e syscall=59 success=yes exit=0 a0=64e1754cfa90 a1=64e1754cf570 a2=64e1754c38f0 a3=64e1754cf430 items=2 ppid=4260 pid=4290 auid=1000 uid=1000 gid=1000 euid=1000 suid=1000 fsuid=1000 egid=1000 sgid=1000 fsgid=1000 tty=pts0 ses=3 comm="ps" exe="/usr/bin/ps" subj=unconfined key="process_exec"ARCH=x86_64 SYSCALL=execve AUID="heroic" UID="heroic" GID="heroic" EUID="heroic" SUID="heroic" FSUID="heroic" EGID="heroic" SGID="heroic" FSGID="heroic"
type=EXECVE msg=audit(1769493771.454:2445): argc=2 a0="ps" a1="aux"
type=CWD msg=audit(1769493771.454:2445): cwd="/tmp/hids_malicious"
type=PATH msg=audit(1769493771.454:2445): item=0 name="/usr/bin/ps" inode=1574103 dev=08:02 mode=0100755 ouid=0 ogid=0 rdev=00:00 nametype=NORMAL cap_fp=0 cap_fi=0 cap_fe=0 cap_fver=0 cap_frootid=0OUID="root" OGID="root"
type=PATH msg=audit(1769493771.454:2445): item=1 name="/lib64/ld-linux-x86-64.so.2" inode=1575340 dev=08:02 mode=0100755 ouid=0 ogid=0 rdev=00:00 nametype=NORMAL cap_fp=0 cap_fi=0 cap_fe=0 cap_fver=0 cap_frootid=0OUID="root" OGID="root"
type=PROCTITLE msg=audit(1769493771.454:2445): proctitle=707300617578
type=SYSCALL msg=audit(1769493771.515:2446): arch=c000003e syscall=59 success=yes exit=0 a0=64e1754cb600 a1=64e1754c9e20 a2=64e1754c38f0 a3=64e1754c9e20 items=2 ppid=4260 pid=4291 auid=1000 uid=1000 gid=1000 euid=1000 suid=1000 fsuid=1000 egid=1000 sgid=1000 fsgid=1000 tty=pts0 ses=3 comm="whoami" exe="/usr/bin/whoami" subj=unconfined key="process_exec"ARCH=x86_64 SYSCALL=execve AUID="heroic" UID="heroic" GID="heroic" EUID="heroic" SUID="heroic" FSUID="heroic" EGID="heroic" SGID="heroic" FSGID="heroic"
type=EXECVE msg=audit(1769493771.515:2446): argc=1 a0="whoami"
type=CWD msg=audit(1769493771.515:2446): cwd="/tmp/hids_malicious"
type=PATH msg=audit(1769493771.515:2446): item=0 name="/usr/bin/whoami" inode=1578239 dev=08:02 mode=0100755 ouid=0 ogid=0 rdev=00:00 nametype=NORMAL cap_fp=0 cap_fi=0 cap_fe=0 cap_fver=0 cap_frootid=0OUID="root" OGID="root"
type=PATH msg=audit(1769493771.515:2446): item=1 name="/lib64/ld-linux-x86-64.so.2" inode=1575340 dev=08:02 mode=0100755 ouid=0 ogid=0 rdev=00:00 nametype=NORMAL cap_fp=0 cap_fi=0 cap_fe=0 cap_fver=0 cap_frootid=0OUID="root" OGID="root"
type=PROCTITLE msg=audit(1769493771.515:2446): proctitle="whoami"
type=SYSCALL msg=audit(1769493771.545:2447): arch=c000003e syscall=59 success=yes exit=0 a0=64e1754cf3f0 a1=64e1754cfff0 a2=64e1754c38f0 a3=64e1754cfff0 items=2 ppid=4260 pid=4292 auid=1000 uid=1000 gid=1000 euid=1000 suid=1000 fsuid=1000 egid=1000 sgid=1000 fsgid=1000 tty=pts0 ses=3 comm="id" exe="/usr/bin/id" subj=unconfined key="process_exec"ARCH=x86_64 SYSCALL=execve AUID="heroic" UID="heroic" GID="heroic" EUID="heroic" SUID="heroic" FSUID="heroic" EGID="heroic" SGID="heroic" FSGID="heroic"
type=EXECVE msg=audit(1769493771.545:2447): argc=1 a0="id"
type=CWD msg=audit(1769493771.545:2447): cwd="/tmp/hids_malicious"
type=PATH msg=audit(1769493771.545:2447): item=0 name="/usr/bin/id" inode=1578097 dev=08:02 mode=0100755 ouid=0 ogid=0 rdev=00:00 nametype=NORMAL cap_fp=0 cap_fi=0 cap_fe=0 cap_fver=0 cap_frootid=0OUID="root" OGID="root"
type=PATH msg=audit(1769493771.545:2447): item=1 name="/lib64/ld-linux-x86-64.so.2" inode=1575340 dev=08:02 mode=0100755 ouid=0 ogid=0 rdev=00:00 nametype=NORMAL cap_fp=0 cap_fi=0 cap_fe=0 cap_fver=0 cap_frootid=0OUID="root" OGID="root"
type=PROCTITLE msg=audit(1769493771.545:2447): proctitle="id"
type=SYSCALL msg=audit(1769493771.617:2448): arch=c000003e syscall=59 success=yes exit=0 a0=64e1754cb600 a1=64e1754cf5b0 a2=64e1754c38f0 a3=64e1754cfa90 items=2 ppid=4260 pid=4293 auid=1000 uid=1000 gid=1000 euid=1000 suid=1000 fsuid=1000 egid=1000 sgid=1000 fsgid=1000 tty=pts0 ses=3 comm="uname" exe="/usr/bin/uname" subj=unconfined key="process_exec"ARCH=x86_64 SYSCALL=execve AUID="heroic" UID="heroic" GID="heroic" EUID="heroic" SUID="heroic" FSUID="heroic" EGID="heroic" SGID="heroic" FSGID="heroic"
type=EXECVE msg=audit(1769493771.617:2448): argc=2 a0="uname" a1="-a"
type=CWD msg=audit(1769493771.617:2448): cwd="/tmp/hids_malicious"
type=PATH msg=audit(1769493771.617:2448): item=0 name="/usr/bin/uname" inode=1578226 dev=08:02 mode=0100755 ouid=0 ogid=0 rdev=00:00 nametype=NORMAL cap_fp=0 cap_fi=0 cap_fe=0 cap_fver=0 cap_frootid=0OUID="root" OGID="root"
type=PATH msg=audit(1769493771.617:2448): item=1 name="/lib64/ld-linux-x86-64.so.2" inode=1575340 dev=08:02 mode=0100755 ouid=0 ogid=0 rdev=00:00 nametype=NORMAL cap_fp=0 cap_fi=0 cap_fe=0 cap_fver=0 cap_frootid=0OUID="root" OGID="root"
type=PROCTITLE msg=audit(1769493771.617:2448): proctitle=756E616D65002D61
type=SYSCALL msg=audit(1769493771.653:2449): arch=c000003e syscall=59 success=yes exit=0 a0=64e1754cf4d0 a1=64e1754cf490 a2=64e1754c38f0 a3=64e1754cf410 items=2 ppid=4260 pid=4294 auid=1000 uid=1000 gid=1000 euid=1000 suid=1000 fsuid=1000 egid=1000 sgid=1000 fsgid=1000 tty=pts0 ses=3 comm="ss" exe="/usr/bin/ss" subj=unconfined key="process_exec"ARCH=x86_64 SYSCALL=execve AUID="heroic" UID="heroic" GID="heroic" EUID="heroic" SUID="heroic" FSUID="heroic" EGID="heroic" SGID="heroic" FSGID="heroic"
type=EXECVE msg=audit(1769493771.653:2449): argc=2 a0="ss" a1="-tulnp"
type=CWD msg=audit(1769493771.653:2449): cwd="/tmp/hids_malicious"
type=PATH msg=audit(1769493771.653:2449): item=0 name="/usr/bin/ss" inode=1574256 dev=08:02 mode=0100755 ouid=0 ogid=0 rdev=00:00 nametype=NORMAL cap_fp=0 cap_fi=0 cap_fe=0 cap_fver=0 cap_frootid=0OUID="root" OGID="root"
type=PATH msg=audit(1769493771.653:2449): item=1 name="/lib64/ld-linux-x86-64.so.2" inode=1575340 dev=08:02 mode=0100755 ouid=0 ogid=0 rdev=00:00 nametype=NORMAL cap_fp=0 cap_fi=0 cap_fe=0 cap_fver=0 cap_frootid=0OUID="root" OGID="root"
type=PROCTITLE msg=audit(1769493771.653:2449): proctitle=7373002D74756C6E70
type=SYSCALL msg=audit(1769493771.730:2450): arch=c000003e syscall=59 success=yes exit=0 a0=64e1754cb600 a1=64e1754ca0f0 a2=64e1754c38f0 a3=64e1754cf3f0 items=2 ppid=4260 pid=4295 auid=1000 uid=1000 gid=1000 euid=1000 suid=1000 fsuid=1000 egid=1000 sgid=1000 fsgid=1000 tty=pts0 ses=3 comm="chmod" exe="/usr/bin/chmod" subj=unconfined key="process_exec"ARCH=x86_64 SYSCALL=execve AUID="heroic" UID="heroic" GID="heroic" EUID="heroic" SUID="heroic" FSUID="heroic" EGID="heroic" SGID="heroic" FSGID="heroic"
type=EXECVE msg=audit(1769493771.730:2450): argc=3 a0="chmod" a1="+x" a2="payload.sh"
type=CWD msg=audit(1769493771.730:2450): cwd="/tmp/hids_malicious"
type=PATH msg=audit(1769493771.730:2450): item=0 name="/usr/bin/chmod" inode=1578019 dev=08:02 mode=0100755 ouid=0 ogid=0 rdev=00:00 nametype=NORMAL cap_fp=0 cap_fi=0 cap_fe=0 cap_fver=0 cap_frootid=0OUID="root" OGID="root"
type=PATH msg=audit(1769493771.730:2450): item=1 name="/lib64/ld-linux-x86-64.so.2" inode=1575340 dev=08:02 mode=0100755 ouid=0 ogid=0 rdev=00:00 nametype=NORMAL cap_fp=0 cap_fi=0 cap_fe=0 cap_fver=0 cap_frootid=0OUID="root" OGID="root"
type=PROCTITLE msg=audit(1769493771.730:2450): proctitle=63686D6F64002B78007061796C6F61642E7368
type=SYSCALL msg=audit(1769493771.759:2451): arch=c000003e syscall=59 success=yes exit=0 a0=64e1754c9e20 a1=64e1754ca8d0 a2=64e1754c38f0 a3=8 items=2 ppid=4260 pid=4296 auid=1000 uid=1000 gid=1000 euid=1000 suid=1000 fsuid=1000 egid=1000 sgid=1000 fsgid=1000 tty=pts0 ses=3 comm="curl" exe="/usr/bin/curl" subj=unconfined key="process_exec"ARCH=x86_64 SYSCALL=execve AUID="heroic" UID="heroic" GID="heroic" EUID="heroic" SUID="heroic" FSUID="heroic" EGID="heroic" SGID="heroic" FSGID="heroic"
type=SYSCALL msg=audit(1769493771.759:2452): arch=c000003e syscall=59 success=yes exit=0 a0=64e1754c9e20 a1=64e1754cf330 a2=64e1754c38f0 a3=8 items=2 ppid=4260 pid=4297 auid=1000 uid=1000 gid=1000 euid=1000 suid=1000 fsuid=1000 egid=1000 sgid=1000 fsgid=1000 tty=pts0 ses=3 comm="bash" exe="/usr/bin/bash" subj=unconfined key="process_exec"ARCH=x86_64 SYSCALL=execve AUID="heroic" UID="heroic" GID="heroic" EUID="heroic" SUID="heroic" FSUID="heroic" EGID="heroic" SGID="heroic" FSGID="heroic"
type=EXECVE msg=audit(1769493771.759:2451): argc=3 a0="curl" a1="-s" a2="file:///tmp/hids_malicious/payload.sh"
type=CWD msg=audit(1769493771.759:2451): cwd="/tmp/hids_malicious"
type=PATH msg=audit(1769493771.759:2451): item=0 name="/usr/bin/curl" inode=1573697 dev=08:02 mode=0100755 ouid=0 ogid=0 rdev=00:00 nametype=NORMAL cap_fp=0 cap_fi=0 cap_fe=0 cap_fver=0 cap_frootid=0OUID="root" OGID="root"
type=PATH msg=audit(1769493771.759:2451): item=1 name="/lib64/ld-linux-x86-64.so.2" inode=1575340 dev=08:02 mode=0100755 ouid=0 ogid=0 rdev=00:00 nametype=NORMAL cap_fp=0 cap_fi=0 cap_fe=0 cap_fver=0 cap_frootid=0OUID="root" OGID="root"
type=PROCTITLE msg=audit(1769493771.759:2451): proctitle=6375726C002D730066696C653A2F2F2F746D702F686964735F6D616C6963696F75732F7061796C6F61642E7368
type=EXECVE msg=audit(1769493771.759:2452): argc=1 a0="bash"
type=CWD msg=audit(1769493771.759:2452): cwd="/tmp/hids_malicious"
type=PATH msg=audit(1769493771.759:2452): item=0 name="/usr/bin/bash" inode=1573437 dev=08:02 mode=0100755 ouid=0 ogid=0 rdev=00:00 nametype=NORMAL cap_fp=0 cap_fi=0 cap_fe=0 cap_fver=0 cap_frootid=0OUID="root" OGID="root"
type=PATH msg=audit(1769493771.759:2452): item=1 name="/lib64/ld-linux-x86-64.so.2" inode=1575340 dev=08:02 mode=0100755 ouid=0 ogid=0 rdev=00:00 nametype=NORMAL cap_fp=0 cap_fi=0 cap_fe=0 cap_fver=0 cap_frootid=0OUID="root" OGID="root"
type=PROCTITLE msg=audit(1769493771.759:2452): proctitle="bash"
type=SYSCALL msg=audit(1769493771.814:2453): arch=c000003e syscall=59 success=yes exit=0 a0=64e1754cf4d0 a1=64e1754cf310 a2=64e1754c38f0 a3=64e1754cf310 items=2 ppid=4260 pid=4298 auid=1000 uid=1000 gid=1000 euid=0 suid=0 fsuid=0 egid=1000 sgid=1000 fsgid=1000 tty=pts0 ses=3 comm="sudo" exe="/usr/bin/sudo" subj=unconfined key="process_exec"ARCH=x86_64 SYSCALL=execve AUID="heroic" UID="heroic" GID="heroic" EUID="root" SUID="root" FSUID="root" EGID="heroic" SGID="heroic" FSGID="heroic"
type=EXECVE msg=audit(1769493771.814:2453): argc=2 a0="sudo" a1="-l"
type=CWD msg=audit(1769493771.814:2453): cwd="/tmp/hids_malicious"
type=PATH msg=audit(1769493771.814:2453): item=0 name="/usr/bin/sudo" inode=1574274 dev=08:02 mode=0104755 ouid=0 ogid=0 rdev=00:00 nametype=NORMAL cap_fp=0 cap_fi=0 cap_fe=0 cap_fver=0 cap_frootid=0OUID="root" OGID="root"
type=PATH msg=audit(1769493771.814:2453): item=1 name="/lib64/ld-linux-x86-64.so.2" inode=1575340 dev=08:02 mode=0100755 ouid=0 ogid=0 rdev=00:00 nametype=NORMAL cap_fp=0 cap_fi=0 cap_fe=0 cap_fver=0 cap_frootid=0OUID="root" OGID="root"
type=PROCTITLE msg=audit(1769493771.814:2453): proctitle=7375646F002D6C
type=USER_ACCT msg=audit(1769493771.936:2454): pid=4298 uid=1000 auid=1000 ses=3 subj=unconfined msg='op=PAM:accounting grantors=pam_permit,pam_localuser acct="heroic" exe="/usr/bin/sudo" hostname=? addr=? terminal=/dev/pts/0 res=success'UID="heroic" AUID="heroic"
type=SYSCALL msg=audit(1769493771.981:2455): arch=c000003e syscall=59 success=yes exit=0 a0=64e1754cb600 a1=64e1754cf3f0 a2=64e1754c38f0 a3=64e1754cf3f0 items=2 ppid=4260 pid=4299 auid=1000 uid=1000 gid=1000 euid=0 suid=0 fsuid=0 egid=1000 sgid=1000 fsgid=1000 tty=pts0 ses=3 comm="sudo" exe="/usr/bin/sudo" subj=unconfined key="process_exec"ARCH=x86_64 SYSCALL=execve AUID="heroic" UID="heroic" GID="heroic" EUID="root" SUID="root" FSUID="root" EGID="heroic" SGID="heroic" FSGID="heroic"
type=EXECVE msg=audit(1769493771.981:2455): argc=2 a0="sudo" a1="whoami"
type=CWD msg=audit(1769493771.981:2455): cwd="/tmp/hids_malicious"
type=PATH msg=audit(1769493771.981:2455): item=0 name="/usr/bin/sudo" inode=1574274 dev=08:02 mode=0104755 ouid=0 ogid=0 rdev=00:00 nametype=NORMAL cap_fp=0 cap_fi=0 cap_fe=0 cap_fver=0 cap_frootid=0OUID="root" OGID="root"
type=PATH msg=audit(1769493771.981:2455): item=1 name="/lib64/ld-linux-x86-64.so.2" inode=1575340 dev=08:02 mode=0100755 ouid=0 ogid=0 rdev=00:00 nametype=NORMAL cap_fp=0 cap_fi=0 cap_fe=0 cap_fver=0 cap_frootid=0OUID="root" OGID="root"
type=PROCTITLE msg=audit(1769493771.981:2455): proctitle=7375646F0077686F616D69
type=USER_ACCT msg=audit(1769493772.171:2456): pid=4299 uid=1000 auid=1000 ses=3 subj=unconfined msg='op=PAM:accounting grantors=pam_permit,pam_localuser acct="heroic" exe="/usr/bin/sudo" hostname=? addr=? terminal=/dev/pts/0 res=success'UID="heroic" AUID="heroic"
type=USER_CMD msg=audit(1769493772.171:2457): pid=4299 uid=1000 auid=1000 ses=3 subj=unconfined msg='cwd="/tmp/hids_malicious" cmd="whoami" exe="/usr/bin/sudo" terminal=pts/0 res=success'UID="heroic" AUID="heroic"
type=CRED_REFR msg=audit(1769493772.180:2458): pid=4299 uid=1000 auid=1000 ses=3 subj=unconfined msg='op=PAM:setcred grantors=pam_permit,pam_cap acct="root" exe="/usr/bin/sudo" hostname=? addr=? terminal=/dev/pts/0 res=success'UID="heroic" AUID="heroic"
type=USER_START msg=audit(1769493772.180:2459): pid=4299 uid=1000 auid=1000 ses=3 subj=unconfined msg='op=PAM:session_open grantors=pam_limits,pam_env,pam_env,pam_permit,pam_umask,pam_unix acct="root" exe="/usr/bin/sudo" hostname=? addr=? terminal=/dev/pts/0 res=success'UID="heroic" AUID="heroic"
type=SYSCALL msg=audit(1769493772.188:2460): arch=c000003e syscall=59 success=yes exit=0 a0=5ac714ffdb68 a1=5ac71500dba0 a2=5ac715020340 a3=64 items=2 ppid=4300 pid=4301 auid=1000 uid=0 gid=0 euid=0 suid=0 fsuid=0 egid=0 sgid=0 fsgid=0 tty=pts4 ses=3 comm="whoami" exe="/usr/bin/whoami" subj=unconfined key="process_exec"ARCH=x86_64 SYSCALL=execve AUID="heroic" UID="root" GID="root" EUID="root" SUID="root" FSUID="root" EGID="root" SGID="root" FSGID="root"
type=EXECVE msg=audit(1769493772.188:2460): argc=1 a0="whoami"
type=CWD msg=audit(1769493772.188:2460): cwd="/tmp/hids_malicious"
type=PATH msg=audit(1769493772.188:2460): item=0 name="/usr/bin/whoami" inode=1578239 dev=08:02 mode=0100755 ouid=0 ogid=0 rdev=00:00 nametype=NORMAL cap_fp=0 cap_fi=0 cap_fe=0 cap_fver=0 cap_frootid=0OUID="root" OGID="root"
type=PATH msg=audit(1769493772.188:2460): item=1 name="/lib64/ld-linux-x86-64.so.2" inode=1575340 dev=08:02 mode=0100755 ouid=0 ogid=0 rdev=00:00 nametype=NORMAL cap_fp=0 cap_fi=0 cap_fe=0 cap_fver=0 cap_frootid=0OUID="root" OGID="root"
type=PROCTITLE msg=audit(1769493772.188:2460): proctitle="whoami"
type=USER_END msg=audit(1769493772.212:2461): pid=4299 uid=1000 auid=1000 ses=3 subj=unconfined msg='op=PAM:session_close grantors=pam_limits,pam_env,pam_env,pam_permit,pam_umask,pam_unix acct="root" exe="/usr/bin/sudo" hostname=? addr=? terminal=/dev/pts/0 res=success'UID="heroic" AUID="heroic"
type=CRED_DISP msg=audit(1769493772.212:2462): pid=4299 uid=1000 auid=1000 ses=3 subj=unconfined msg='op=PAM:setcred grantors=pam_permit acct="root" exe="/usr/bin/sudo" hostname=? addr=? terminal=/dev/pts/0 res=success'UID="heroic" AUID="heroic"
type=SYSCALL msg=audit(1769493772.233:2463): arch=c000003e syscall=59 success=yes exit=0 a0=64e1754cf4d0 a1=64e1754ca390 a2=64e1754c38f0 a3=64e1754cf310 items=2 ppid=4260 pid=4303 auid=1000 uid=1000 gid=1000 euid=0 suid=0 fsuid=0 egid=1000 sgid=1000 fsgid=1000 tty=pts0 ses=3 comm="sudo" exe="/usr/bin/sudo" subj=unconfined key="process_exec"ARCH=x86_64 SYSCALL=execve AUID="heroic" UID="heroic" GID="heroic" EUID="root" SUID="root" FSUID="root" EGID="heroic" SGID="heroic" FSGID="heroic"
type=EXECVE msg=audit(1769493772.233:2463): argc=3 a0="sudo" a1="tee" a2="/etc/cron.d/hids_persist"
type=CWD msg=audit(1769493772.233:2463): cwd="/tmp/hids_malicious"
type=PATH msg=audit(1769493772.233:2463): item=0 name="/usr/bin/sudo" inode=1574274 dev=08:02 mode=0104755 ouid=0 ogid=0 rdev=00:00 nametype=NORMAL cap_fp=0 cap_fi=0 cap_fe=0 cap_fver=0 cap_frootid=0OUID="root" OGID="root"
type=PATH msg=audit(1769493772.233:2463): item=1 name="/lib64/ld-linux-x86-64.so.2" inode=1575340 dev=08:02 mode=0100755 ouid=0 ogid=0 rdev=00:00 nametype=NORMAL cap_fp=0 cap_fi=0 cap_fe=0 cap_fver=0 cap_frootid=0OUID="root" OGID="root"
type=PROCTITLE msg=audit(1769493772.233:2463): proctitle=7375646F00746565002F6574632F63726F6E2E642F686964735F70657273697374
type=USER_ACCT msg=audit(1769493772.309:2464): pid=4303 uid=1000 auid=1000 ses=3 subj=unconfined msg='op=PAM:accounting grantors=pam_permit,pam_localuser acct="heroic" exe="/usr/bin/sudo" hostname=? addr=? terminal=/dev/pts/0 res=success'UID="heroic" AUID="heroic"
type=USER_CMD msg=audit(1769493772.311:2465): pid=4303 uid=1000 auid=1000 ses=3 subj=unconfined msg='cwd="/tmp/hids_malicious" cmd=746565202F6574632F63726F6E2E642F686964735F70657273697374 exe="/usr/bin/sudo" terminal=pts/0 res=success'UID="heroic" AUID="heroic"
type=CRED_REFR msg=audit(1769493772.311:2466): pid=4303 uid=1000 auid=1000 ses=3 subj=unconfined msg='op=PAM:setcred grantors=pam_permit,pam_cap acct="root" exe="/usr/bin/sudo" hostname=? addr=? terminal=/dev/pts/0 res=success'UID="heroic" AUID="heroic"
type=USER_START msg=audit(1769493772.313:2467): pid=4303 uid=1000 auid=1000 ses=3 subj=unconfined msg='op=PAM:session_open grantors=pam_limits,pam_env,pam_env,pam_permit,pam_umask,pam_unix acct="root" exe="/usr/bin/sudo" hostname=? addr=? terminal=/dev/pts/0 res=success'UID="heroic" AUID="heroic"
type=SYSCALL msg=audit(1769493772.314:2468): arch=c000003e syscall=59 success=yes exit=0 a0=5f93eeb5cb68 a1=5f93eeb6cba0 a2=5f93eeb7f7a0 a3=64 items=2 ppid=4304 pid=4305 auid=1000 uid=0 gid=0 euid=0 suid=0 fsuid=0 egid=0 sgid=0 fsgid=0 tty=pts4 ses=3 comm="tee" exe="/usr/bin/tee" subj=unconfined key="process_exec"ARCH=x86_64 SYSCALL=execve AUID="heroic" UID="root" GID="root" EUID="root" SUID="root" FSUID="root" EGID="root" SGID="root" FSGID="root"
type=EXECVE msg=audit(1769493772.314:2468): argc=2 a0="tee" a1="/etc/cron.d/hids_persist"
type=CWD msg=audit(1769493772.314:2468): cwd="/tmp/hids_malicious"
type=PATH msg=audit(1769493772.314:2468): item=0 name="/usr/bin/tee" inode=1578148 dev=08:02 mode=0100755 ouid=0 ogid=0 rdev=00:00 nametype=NORMAL cap_fp=0 cap_fi=0 cap_fe=0 cap_fver=0 cap_frootid=0OUID="root" OGID="root"
type=PATH msg=audit(1769493772.314:2468): item=1 name="/lib64/ld-linux-x86-64.so.2" inode=1575340 dev=08:02 mode=0100755 ouid=0 ogid=0 rdev=00:00 nametype=NORMAL cap_fp=0 cap_fi=0 cap_fe=0 cap_fver=0 cap_frootid=0OUID="root" OGID="root"
type=PROCTITLE msg=audit(1769493772.314:2468): proctitle=746565002F6574632F63726F6E2E642F686964735F70657273697374
type=SYSCALL msg=audit(1769493772.325:2469): arch=c000003e syscall=257 success=yes exit=3 a0=ffffff9c a1=7ffe4b63d72c a2=241 a3=1b6 items=2 ppid=4304 pid=4305 auid=1000 uid=0 gid=0 euid=0 suid=0 fsuid=0 egid=0 sgid=0 fsgid=0 tty=pts4 ses=3 comm="tee" exe="/usr/bin/tee" subj=unconfined key="persistence"ARCH=x86_64 SYSCALL=openat AUID="heroic" UID="root" GID="root" EUID="root" SUID="root" FSUID="root" EGID="root" SGID="root" FSGID="root"
type=CWD msg=audit(1769493772.325:2469): cwd="/tmp/hids_malicious"
type=PATH msg=audit(1769493772.325:2469): item=0 name="/etc/cron.d/" inode=1703968 dev=08:02 mode=040755 ouid=0 ogid=0 rdev=00:00 nametype=PARENT cap_fp=0 cap_fi=0 cap_fe=0 cap_fver=0 cap_frootid=0OUID="root" OGID="root"
type=PATH msg=audit(1769493772.325:2469): item=1 name="/etc/cron.d/hids_persist" inode=1704205 dev=08:02 mode=0100644 ouid=0 ogid=0 rdev=00:00 nametype=CREATE cap_fp=0 cap_fi=0 cap_fe=0 cap_fver=0 cap_frootid=0OUID="root" OGID="root"
type=PROCTITLE msg=audit(1769493772.325:2469): proctitle=746565002F6574632F63726F6E2E642F686964735F70657273697374
type=USER_END msg=audit(1769493772.329:2470): pid=4303 uid=1000 auid=1000 ses=3 subj=unconfined msg='op=PAM:session_close grantors=pam_limits,pam_env,pam_env,pam_permit,pam_umask,pam_unix acct="root" exe="/usr/bin/sudo" hostname=? addr=? terminal=/dev/pts/0 res=success'UID="heroic" AUID="heroic"
type=CRED_DISP msg=audit(1769493772.329:2471): pid=4303 uid=1000 auid=1000 ses=3 subj=unconfined msg='op=PAM:setcred grantors=pam_permit acct="root" exe="/usr/bin/sudo" hostname=? addr=? terminal=/dev/pts/0 res=success'UID="heroic" AUID="heroic"
type=SYSCALL msg=audit(1769493772.334:2472): arch=c000003e syscall=59 success=yes exit=0 a0=64e1754cfeb0 a1=64e1754cf310 a2=64e1754c38f0 a3=64e1754cf310 items=2 ppid=4260 pid=4306 auid=1000 uid=1000 gid=1000 euid=1000 suid=1000 fsuid=1000 egid=1000 sgid=1000 fsgid=1000 tty=pts0 ses=3 comm="sleep" exe="/usr/bin/sleep" subj=unconfined key="process_exec"ARCH=x86_64 SYSCALL=execve AUID="heroic" UID="heroic" GID="heroic" EUID="heroic" SUID="heroic" FSUID="heroic" EGID="heroic" SGID="heroic" FSGID="heroic"
type=EXECVE msg=audit(1769493772.334:2472): argc=2 a0="sleep" a1="5"
type=CWD msg=audit(1769493772.334:2472): cwd="/tmp/hids_malicious"
type=PATH msg=audit(1769493772.334:2472): item=0 name="/usr/bin/sleep" inode=1578138 dev=08:02 mode=0100755 ouid=0 ogid=0 rdev=00:00 nametype=NORMAL cap_fp=0 cap_fi=0 cap_fe=0 cap_fver=0 cap_frootid=0OUID="root" OGID="root"
type=PATH msg=audit(1769493772.334:2472): item=1 name="/lib64/ld-linux-x86-64.so.2" inode=1575340 dev=08:02 mode=0100755 ouid=0 ogid=0 rdev=00:00 nametype=NORMAL cap_fp=0 cap_fi=0 cap_fe=0 cap_fver=0 cap_frootid=0OUID="root" OGID="root"
type=PROCTITLE msg=audit(1769493772.334:2472): proctitle=736C6565700035
type=SYSCALL msg=audit(1769493777.347:2473): arch=c000003e syscall=59 success=yes exit=0 a0=64e1754cf310 a1=64e1754c52c0 a2=64e1754c38f0 a3=1 items=2 ppid=4260 pid=4307 auid=1000 uid=1000 gid=1000 euid=1000 suid=1000 fsuid=1000 egid=1000 sgid=1000 fsgid=1000 tty=pts0 ses=3 comm="rm" exe="/usr/bin/rm" subj=unconfined key="process_exec"ARCH=x86_64 SYSCALL=execve AUID="heroic" UID="heroic" GID="heroic" EUID="heroic" SUID="heroic" FSUID="heroic" EGID="heroic" SGID="heroic" FSGID="heroic"
type=EXECVE msg=audit(1769493777.347:2473): argc=58 a0="rm" a1="-f" a2="file_10.dat" a3="file_11.dat" a4="file_12.dat" a5="file_13.dat" a6="file_14.dat" a7="file_15.dat" a8="file_16.dat" a9="file_17.dat" a10="file_18.dat" a11="file_19.dat" a12="file_1.dat" a13="file_20.dat" a14="file_21.dat" a15="file_22.dat" a16="file_23.dat" a17="file_24.dat" a18="file_25.dat" a19="file_26.dat" a20="file_27.dat" a21="file_28.dat" a22="file_29.dat" a23="file_2.dat" a24="file_30.dat" a25="file_31.dat" a26="file_32.dat" a27="file_33.dat" a28="file_34.dat" a29="file_35.dat" a30="file_36.dat" a31="file_37.dat" a32="file_38.dat" a33="file_39.dat" a34="file_3.dat" a35="file_40.dat" a36="file_41.dat" a37="file_42.dat" a38="file_43.dat" a39="file_44.dat" a40="file_45.dat" a41="file_46.dat" a42="file_47.dat" a43="file_48.dat" a44="file_49.dat" a45="file_4.dat" a46="file_50.dat" a47="file_5.dat" a48="file_6.dat" a49="file_7.dat" a50="file_8.dat" a51="file_9.dat" a52="payload.sh" a53="recon.txt" a54="netstat.txt" a55="processes.txt" a56="sudo_enum.txt" a57="sudo_test.txt"
type=CWD msg=audit(1769493777.347:2473): cwd="/tmp/hids_malicious"
type=PATH msg=audit(1769493777.347:2473): item=0 name="/usr/bin/rm" inode=1578127 dev=08:02 mode=0100755 ouid=0 ogid=0 rdev=00:00 nametype=NORMAL cap_fp=0 cap_fi=0 cap_fe=0 cap_fver=0 cap_frootid=0OUID="root" OGID="root"
type=PATH msg=audit(1769493777.347:2473): item=1 name="/lib64/ld-linux-x86-64.so.2" inode=1575340 dev=08:02 mode=0100755 ouid=0 ogid=0 rdev=00:00 nametype=NORMAL cap_fp=0 cap_fi=0 cap_fe=0 cap_fver=0 cap_frootid=0OUID="root" OGID="root"
type=PROCTITLE msg=audit(1769493777.347:2473): proctitle=726D002D660066696C655F31302E6461740066696C655F31312E6461740066696C655F31322E6461740066696C655F31332E6461740066696C655F31342E6461740066696C655F31352E6461740066696C655F31362E6461740066696C655F31372E6461740066696C655F31382E6461740066696C655F31392E646174006669
type=SYSCALL msg=audit(1769493777.481:2474): arch=c000003e syscall=59 success=yes exit=0 a0=64e1754cfff0 a1=64e1754d11c0 a2=64e1754c38f0 a3=64e1754d11c0 items=2 ppid=4260 pid=4308 auid=1000 uid=1000 gid=1000 euid=0 suid=0 fsuid=0 egid=1000 sgid=1000 fsgid=1000 tty=pts0 ses=3 comm="sudo" exe="/usr/bin/sudo" subj=unconfined key="process_exec"ARCH=x86_64 SYSCALL=execve AUID="heroic" UID="heroic" GID="heroic" EUID="root" SUID="root" FSUID="root" EGID="heroic" SGID="heroic" FSGID="heroic"
type=EXECVE msg=audit(1769493777.481:2474): argc=4 a0="sudo" a1="rm" a2="-f" a3="/etc/cron.d/hids_persist"
type=CWD msg=audit(1769493777.481:2474): cwd="/tmp/hids_malicious"
type=PATH msg=audit(1769493777.481:2474): item=0 name="/usr/bin/sudo" inode=1574274 dev=08:02 mode=0104755 ouid=0 ogid=0 rdev=00:00 nametype=NORMAL cap_fp=0 cap_fi=0 cap_fe=0 cap_fver=0 cap_frootid=0OUID="root" OGID="root"
type=PATH msg=audit(1769493777.481:2474): item=1 name="/lib64/ld-linux-x86-64.so.2" inode=1575340 dev=08:02 mode=0100755 ouid=0 ogid=0 rdev=00:00 nametype=NORMAL cap_fp=0 cap_fi=0 cap_fe=0 cap_fver=0 cap_frootid=0OUID="root" OGID="root"
type=PROCTITLE msg=audit(1769493777.481:2474): proctitle=7375646F00726D002D66002F6574632F63726F6E2E642F686964735F70657273697374
type=USER_ACCT msg=audit(1769493777.628:2475): pid=4308 uid=1000 auid=1000 ses=3 subj=unconfined msg='op=PAM:accounting grantors=pam_permit,pam_localuser acct="heroic" exe="/usr/bin/sudo" hostname=? addr=? terminal=/dev/pts/0 res=success'UID="heroic" AUID="heroic"
type=USER_CMD msg=audit(1769493777.628:2476): pid=4308 uid=1000 auid=1000 ses=3 subj=unconfined msg='cwd="/tmp/hids_malicious" cmd=726D202D66202F6574632F63726F6E2E642F686964735F70657273697374 exe="/usr/bin/sudo" terminal=pts/0 res=success'UID="heroic" AUID="heroic"
type=CRED_REFR msg=audit(1769493777.628:2477): pid=4308 uid=1000 auid=1000 ses=3 subj=unconfined msg='op=PAM:setcred grantors=pam_permit,pam_cap acct="root" exe="/usr/bin/sudo" hostname=? addr=? terminal=/dev/pts/0 res=success'UID="heroic" AUID="heroic"
type=USER_START msg=audit(1769493777.628:2478): pid=4308 uid=1000 auid=1000 ses=3 subj=unconfined msg='op=PAM:session_open grantors=pam_limits,pam_env,pam_env,pam_permit,pam_umask,pam_unix acct="root" exe="/usr/bin/sudo" hostname=? addr=? terminal=/dev/pts/0 res=success'UID="heroic" AUID="heroic"
type=SYSCALL msg=audit(1769493777.682:2479): arch=c000003e syscall=59 success=yes exit=0 a0=63673b5e6b68 a1=63673b5f6ba0 a2=63673b6097a0 a3=64 items=2 ppid=4309 pid=4310 auid=1000 uid=0 gid=0 euid=0 suid=0 fsuid=0 egid=0 sgid=0 fsgid=0 tty=pts4 ses=3 comm="rm" exe="/usr/bin/rm" subj=unconfined key="process_exec"ARCH=x86_64 SYSCALL=execve AUID="heroic" UID="root" GID="root" EUID="root" SUID="root" FSUID="root" EGID="root" SGID="root" FSGID="root"
type=EXECVE msg=audit(1769493777.682:2479): argc=3 a0="rm" a1="-f" a2="/etc/cron.d/hids_persist"
type=CWD msg=audit(1769493777.682:2479): cwd="/tmp/hids_malicious"
type=PATH msg=audit(1769493777.682:2479): item=0 name="/usr/bin/rm" inode=1578127 dev=08:02 mode=0100755 ouid=0 ogid=0 rdev=00:00 nametype=NORMAL cap_fp=0 cap_fi=0 cap_fe=0 cap_fver=0 cap_frootid=0OUID="root" OGID="root"
type=PATH msg=audit(1769493777.682:2479): item=1 name="/lib64/ld-linux-x86-64.so.2" inode=1575340 dev=08:02 mode=0100755 ouid=0 ogid=0 rdev=00:00 nametype=NORMAL cap_fp=0 cap_fi=0 cap_fe=0 cap_fver=0 cap_frootid=0OUID="root" OGID="root"
type=PROCTITLE msg=audit(1769493777.682:2479): proctitle=726D002D66002F6574632F63726F6E2E642F686964735F70657273697374
type=SYSCALL msg=audit(1769493777.699:2480): arch=c000003e syscall=263 success=yes exit=0 a0=ffffff9c a1=561d0cde44a0 a2=0 a3=561d0cde5900 items=2 ppid=4309 pid=4310 auid=1000 uid=0 gid=0 euid=0 suid=0 fsuid=0 egid=0 sgid=0 fsgid=0 tty=pts4 ses=3 comm="rm" exe="/usr/bin/rm" subj=unconfined key="persistence"ARCH=x86_64 SYSCALL=unlinkat AUID="heroic" UID="root" GID="root" EUID="root" SUID="root" FSUID="root" EGID="root" SGID="root" FSGID="root"
type=CWD msg=audit(1769493777.699:2480): cwd="/tmp/hids_malicious"
type=PATH msg=audit(1769493777.699:2480): item=0 name="/etc/cron.d/" inode=1703968 dev=08:02 mode=040755 ouid=0 ogid=0 rdev=00:00 nametype=PARENT cap_fp=0 cap_fi=0 cap_fe=0 cap_fver=0 cap_frootid=0OUID="root" OGID="root"
type=PATH msg=audit(1769493777.699:2480): item=1 name="/etc/cron.d/hids_persist" inode=1704205 dev=08:02 mode=0100644 ouid=0 ogid=0 rdev=00:00 nametype=DELETE cap_fp=0 cap_fi=0 cap_fe=0 cap_fver=0 cap_frootid=0OUID="root" OGID="root"
type=PROCTITLE msg=audit(1769493777.699:2480): proctitle=726D002D66002F6574632F63726F6E2E642F686964735F70657273697374
type=USER_END msg=audit(1769493777.712:2481): pid=4308 uid=1000 auid=1000 ses=3 subj=unconfined msg='op=PAM:session_close grantors=pam_limits,pam_env,pam_env,pam_permit,pam_umask,pam_unix acct="root" exe="/usr/bin/sudo" hostname=? addr=? terminal=/dev/pts/0 res=success'UID="heroic" AUID="heroic"
type=CRED_DISP msg=audit(1769493777.712:2482): pid=4308 uid=1000 auid=1000 ses=3 subj=unconfined msg='op=PAM:setcred grantors=pam_permit acct="root" exe="/usr/bin/sudo" hostname=? addr=? terminal=/dev/pts/0 res=success'UID="heroic" AUID="heroic"
type=SYSCALL msg=audit(1769493777.748:2483): arch=c000003e syscall=59 success=yes exit=0 a0=64e1754cf410 a1=64e1754cf2b0 a2=64e1754c38f0 a3=64e1754cf2b0 items=2 ppid=4260 pid=4311 auid=1000 uid=1000 gid=1000 euid=1000 suid=1000 fsuid=1000 egid=1000 sgid=1000 fsgid=1000 tty=pts0 ses=3 comm="rmdir" exe="/usr/bin/rmdir" subj=unconfined key="process_exec"ARCH=x86_64 SYSCALL=execve AUID="heroic" UID="heroic" GID="heroic" EUID="heroic" SUID="heroic" FSUID="heroic" EGID="heroic" SGID="heroic" FSGID="heroic"
type=EXECVE msg=audit(1769493777.748:2483): argc=2 a0="rmdir" a1="/tmp/hids_malicious"
type=CWD msg=audit(1769493777.748:2483): cwd="/tmp/hids_malicious"
type=PATH msg=audit(1769493777.748:2483): item=0 name="/usr/bin/rmdir" inode=1578128 dev=08:02 mode=0100755 ouid=0 ogid=0 rdev=00:00 nametype=NORMAL cap_fp=0 cap_fi=0 cap_fe=0 cap_fver=0 cap_frootid=0OUID="root" OGID="root"
type=PATH msg=audit(1769493777.748:2483): item=1 name="/lib64/ld-linux-x86-64.so.2" inode=1575340 dev=08:02 mode=0100755 ouid=0 ogid=0 rdev=00:00 nametype=NORMAL cap_fp=0 cap_fi=0 cap_fe=0 cap_fver=0 cap_frootid=0OUID="root" OGID="root"
type=PROCTITLE msg=audit(1769493777.748:2483): proctitle=726D646972002F746D702F686964735F6D616C6963696F7573
type=SYSCALL msg=audit(1769493777.768:2484): arch=c000003e syscall=59 success=yes exit=0 a0=64e1754cfff0 a1=64e1754cf310 a2=64e1754c38f0 a3=64e1754cf310 items=2 ppid=4260 pid=4312 auid=1000 uid=1000 gid=1000 euid=1000 suid=1000 fsuid=1000 egid=1000 sgid=1000 fsgid=1000 tty=pts0 ses=3 comm="sleep" exe="/usr/bin/sleep" subj=unconfined key="process_exec"ARCH=x86_64 SYSCALL=execve AUID="heroic" UID="heroic" GID="heroic" EUID="heroic" SUID="heroic" FSUID="heroic" EGID="heroic" SGID="heroic" FSGID="heroic"
type=EXECVE msg=audit(1769493777.768:2484): argc=2 a0="sleep" a1="90"
type=CWD msg=audit(1769493777.768:2484): cwd=2F746D702F686964735F6D616C6963696F7573202864656C6574656429
type=PATH msg=audit(1769493777.768:2484): item=0 name="/usr/bin/sleep" inode=1578138 dev=08:02 mode=0100755 ouid=0 ogid=0 rdev=00:00 nametype=NORMAL cap_fp=0 cap_fi=0 cap_fe=0 cap_fver=0 cap_frootid=0OUID="root" OGID="root"
type=PATH msg=audit(1769493777.768:2484): item=1 name="/lib64/ld-linux-x86-64.so.2" inode=1575340 dev=08:02 mode=0100755 ouid=0 ogid=0 rdev=00:00 nametype=NORMAL cap_fp=0 cap_fi=0 cap_fe=0 cap_fver=0 cap_frootid=0OUID="root" OGID="root"
type=PROCTITLE msg=audit(1769493777.768:2484): proctitle=736C656570003930
type=SYSCALL msg=audit(1769493778.401:2485): arch=c000003e syscall=59 success=yes exit=0 a0=7ffd2e5d34c0 a1=7ffd2e5d34e0 a2=7ffd2e5d3fd0 a3=8 items=2 ppid=1 pid=4313 auid=4294967295 uid=0 gid=0 euid=0 suid=0 fsuid=0 egid=0 sgid=0 fsgid=0 tty=(none) ses=4294967295 comm="9" exe="/usr/lib/systemd/systemd-executor" subj=unconfined key="process_exec"ARCH=x86_64 SYSCALL=execve AUID="unset" UID="root" GID="root" EUID="root" SUID="root" FSUID="root" EGID="root" SGID="root" FSGID="root"
type=EXECVE msg=audit(1769493778.401:2485): argc=7 a0="/usr/lib/systemd/systemd-executor" a1="--deserialize" a2="119" a3="--log-level" a4="info" a5="--log-target" a6="journal-or-kmsg"
type=CWD msg=audit(1769493778.401:2485): cwd="/"
type=PATH msg=audit(1769493778.401:2485): item=0 name="/proc/self/fd/9" inode=1596504 dev=08:02 mode=0100755 ouid=0 ogid=0 rdev=00:00 nametype=NORMAL cap_fp=0 cap_fi=0 cap_fe=0 cap_fver=0 cap_frootid=0OUID="root" OGID="root"
type=PATH msg=audit(1769493778.401:2485): item=1 name="/lib64/ld-linux-x86-64.so.2" inode=1575340 dev=08:02 mode=0100755 ouid=0 ogid=0 rdev=00:00 nametype=NORMAL cap_fp=0 cap_fi=0 cap_fe=0 cap_fver=0 cap_frootid=0OUID="root" OGID="root"
type=PROCTITLE msg=audit(1769493778.401:2485): proctitle=2F7573722F6C69622F73797374656D642F73797374656D642D6578656375746F72002D2D646573657269616C697A6500313139002D2D6C6F672D6C6576656C00696E666F002D2D6C6F672D746172676574006A6F75726E616C2D6F722D6B6D7367
type=SYSCALL msg=audit(1769493778.544:2486): arch=c000003e syscall=59 success=yes exit=0 a0=5dcc53f79020 a1=5dcc53f79000 a2=5dcc53f78db0 a3=5dcc53f79990 items=2 ppid=1 pid=4313 auid=4294967295 uid=0 gid=0 euid=0 suid=0 fsuid=0 egid=0 sgid=0 fsgid=0 tty=(none) ses=4294967295 comm="nm-dispatcher" exe="/usr/libexec/nm-dispatcher" subj=unconfined key="process_exec"ARCH=x86_64 SYSCALL=execve AUID="unset" UID="root" GID="root" EUID="root" SUID="root" FSUID="root" EGID="root" SGID="root" FSGID="root"
type=EXECVE msg=audit(1769493778.544:2486): argc=1 a0="/usr/libexec/nm-dispatcher"
type=CWD msg=audit(1769493778.544:2486): cwd="/"
type=PATH msg=audit(1769493778.544:2486): item=0 name="/usr/libexec/nm-dispatcher" inode=1586222 dev=08:02 mode=0100755 ouid=0 ogid=0 rdev=00:00 nametype=NORMAL cap_fp=0 cap_fi=0 cap_fe=0 cap_fver=0 cap_frootid=0OUID="root" OGID="root"
type=PATH msg=audit(1769493778.544:2486): item=1 name="/lib64/ld-linux-x86-64.so.2" inode=1575340 dev=08:02 mode=0100755 ouid=0 ogid=0 rdev=00:00 nametype=NORMAL cap_fp=0 cap_fi=0 cap_fe=0 cap_fver=0 cap_frootid=0OUID="root" OGID="root"
type=PROCTITLE msg=audit(1769493778.544:2486): proctitle=2F7573722F6C69622F73797374656D642F73797374656D642D6578656375746F72002D2D646573657269616C697A6500313139002D2D6C6F672D6C6576656C00696E666F002D2D6C6F672D746172676574006A6F75726E616C2D6F722D6B6D7367
type=SERVICE_START msg=audit(1769493778.682:2487): pid=1 uid=0 auid=4294967295 ses=4294967295 subj=unconfined msg='unit=NetworkManager-dispatcher comm="systemd" exe="/usr/lib/systemd/systemd" hostname=? addr=? terminal=? res=success'UID="root" AUID="unset"
type=SERVICE_STOP msg=audit(1769493788.725:2488): pid=1 uid=0 auid=4294967295 ses=4294967295 subj=unconfined msg='unit=NetworkManager-dispatcher comm="systemd" exe="/usr/lib/systemd/systemd" hostname=? addr=? terminal=? res=success'UID="root" AUID="unset"
type=SYSCALL msg=audit(1769493867.779:2489): arch=c000003e syscall=59 success=yes exit=0 a0=64e1754cb7c0 a1=64e1754d14c0 a2=64e1754c38f0 a3=64e1754caa40 items=2 ppid=4260 pid=4321 auid=1000 uid=1000 gid=1000 euid=1000 suid=1000 fsuid=1000 egid=1000 sgid=1000 fsgid=1000 tty=pts0 ses=3 comm="mkdir" exe="/usr/bin/mkdir" subj=unconfined key="process_exec"ARCH=x86_64 SYSCALL=execve AUID="heroic" UID="heroic" GID="heroic" EUID="heroic" SUID="heroic" FSUID="heroic" EGID="heroic" SGID="heroic" FSGID="heroic"
type=EXECVE msg=audit(1769493867.779:2489): argc=3 a0="mkdir" a1="-p" a2="/tmp/hids_malicious"
type=CWD msg=audit(1769493867.779:2489): cwd=2F746D702F686964735F6D616C6963696F7573202864656C6574656429
type=PATH msg=audit(1769493867.779:2489): item=0 name="/usr/bin/mkdir" inode=1578106 dev=08:02 mode=0100755 ouid=0 ogid=0 rdev=00:00 nametype=NORMAL cap_fp=0 cap_fi=0 cap_fe=0 cap_fver=0 cap_frootid=0OUID="root" OGID="root"
type=PATH msg=audit(1769493867.779:2489): item=1 name="/lib64/ld-linux-x86-64.so.2" inode=1575340 dev=08:02 mode=0100755 ouid=0 ogid=0 rdev=00:00 nametype=NORMAL cap_fp=0 cap_fi=0 cap_fe=0 cap_fver=0 cap_frootid=0OUID="root" OGID="root"
type=PROCTITLE msg=audit(1769493867.779:2489): proctitle=6D6B646972002D70002F746D702F686964735F6D616C6963696F7573
type=SYSCALL msg=audit(1769493867.784:2490): arch=c000003e syscall=59 success=yes exit=0 a0=64e1754cf3d0 a1=64e1754cb960 a2=64e1754c38f0 a3=64e1754cb7e0 items=2 ppid=4260 pid=4322 auid=1000 uid=1000 gid=1000 euid=1000 suid=1000 fsuid=1000 egid=1000 sgid=1000 fsgid=1000 tty=pts0 ses=3 comm="ps" exe="/usr/bin/ps" subj=unconfined key="process_exec"ARCH=x86_64 SYSCALL=execve AUID="heroic" UID="heroic" GID="heroic" EUID="heroic" SUID="heroic" FSUID="heroic" EGID="heroic" SGID="heroic" FSGID="heroic"
type=EXECVE msg=audit(1769493867.784:2490): argc=2 a0="ps" a1="aux"
type=CWD msg=audit(1769493867.784:2490): cwd="/tmp/hids_malicious"
type=PATH msg=audit(1769493867.784:2490): item=0 name="/usr/bin/ps" inode=1574103 dev=08:02 mode=0100755 ouid=0 ogid=0 rdev=00:00 nametype=NORMAL cap_fp=0 cap_fi=0 cap_fe=0 cap_fver=0 cap_frootid=0OUID="root" OGID="root"
type=PATH msg=audit(1769493867.784:2490): item=1 name="/lib64/ld-linux-x86-64.so.2" inode=1575340 dev=08:02 mode=0100755 ouid=0 ogid=0 rdev=00:00 nametype=NORMAL cap_fp=0 cap_fi=0 cap_fe=0 cap_fver=0 cap_frootid=0OUID="root" OGID="root"
type=PROCTITLE msg=audit(1769493867.784:2490): proctitle=707300617578
type=SYSCALL msg=audit(1769493867.828:2491): arch=c000003e syscall=59 success=yes exit=0 a0=64e1754cb7c0 a1=64e1754cf410 a2=64e1754c38f0 a3=64e1754cf410 items=2 ppid=4260 pid=4323 auid=1000 uid=1000 gid=1000 euid=1000 suid=1000 fsuid=1000 egid=1000 sgid=1000 fsgid=1000 tty=pts0 ses=3 comm="whoami" exe="/usr/bin/whoami" subj=unconfined key="process_exec"ARCH=x86_64 SYSCALL=execve AUID="heroic" UID="heroic" GID="heroic" EUID="heroic" SUID="heroic" FSUID="heroic" EGID="heroic" SGID="heroic" FSGID="heroic"
type=EXECVE msg=audit(1769493867.828:2491): argc=1 a0="whoami"
type=CWD msg=audit(1769493867.828:2491): cwd="/tmp/hids_malicious"
type=PATH msg=audit(1769493867.828:2491): item=0 name="/usr/bin/whoami" inode=1578239 dev=08:02 mode=0100755 ouid=0 ogid=0 rdev=00:00 nametype=NORMAL cap_fp=0 cap_fi=0 cap_fe=0 cap_fver=0 cap_frootid=0OUID="root" OGID="root"
type=PATH msg=audit(1769493867.828:2491): item=1 name="/lib64/ld-linux-x86-64.so.2" inode=1575340 dev=08:02 mode=0100755 ouid=0 ogid=0 rdev=00:00 nametype=NORMAL cap_fp=0 cap_fi=0 cap_fe=0 cap_fver=0 cap_frootid=0OUID="root" OGID="root"
type=PROCTITLE msg=audit(1769493867.828:2491): proctitle="whoami"
type=SYSCALL msg=audit(1769493867.838:2492): arch=c000003e syscall=59 success=yes exit=0 a0=64e1754cb7a0 a1=64e1754cb600 a2=64e1754c38f0 a3=64e1754cb600 items=2 ppid=4260 pid=4324 auid=1000 uid=1000 gid=1000 euid=1000 suid=1000 fsuid=1000 egid=1000 sgid=1000 fsgid=1000 tty=pts0 ses=3 comm="id" exe="/usr/bin/id" subj=unconfined key="process_exec"ARCH=x86_64 SYSCALL=execve AUID="heroic" UID="heroic" GID="heroic" EUID="heroic" SUID="heroic" FSUID="heroic" EGID="heroic" SGID="heroic" FSGID="heroic"
type=EXECVE msg=audit(1769493867.838:2492): argc=1 a0="id"
type=CWD msg=audit(1769493867.838:2492): cwd="/tmp/hids_malicious"
type=PATH msg=audit(1769493867.838:2492): item=0 name="/usr/bin/id" inode=1578097 dev=08:02 mode=0100755 ouid=0 ogid=0 rdev=00:00 nametype=NORMAL cap_fp=0 cap_fi=0 cap_fe=0 cap_fver=0 cap_frootid=0OUID="root" OGID="root"
type=PATH msg=audit(1769493867.838:2492): item=1 name="/lib64/ld-linux-x86-64.so.2" inode=1575340 dev=08:02 mode=0100755 ouid=0 ogid=0 rdev=00:00 nametype=NORMAL cap_fp=0 cap_fi=0 cap_fe=0 cap_fver=0 cap_frootid=0OUID="root" OGID="root"
type=PROCTITLE msg=audit(1769493867.838:2492): proctitle="id"
type=SYSCALL msg=audit(1769493867.842:2493): arch=c000003e syscall=59 success=yes exit=0 a0=64e1754cb7c0 a1=64e1754cb860 a2=64e1754c38f0 a3=64e1754cf3d0 items=2 ppid=4260 pid=4325 auid=1000 uid=1000 gid=1000 euid=1000 suid=1000 fsuid=1000 egid=1000 sgid=1000 fsgid=1000 tty=pts0 ses=3 comm="uname" exe="/usr/bin/uname" subj=unconfined key="process_exec"ARCH=x86_64 SYSCALL=execve AUID="heroic" UID="heroic" GID="heroic" EUID="heroic" SUID="heroic" FSUID="heroic" EGID="heroic" SGID="heroic" FSGID="heroic"
type=EXECVE msg=audit(1769493867.842:2493): argc=2 a0="uname" a1="-a"
type=CWD msg=audit(1769493867.842:2493): cwd="/tmp/hids_malicious"
type=PATH msg=audit(1769493867.842:2493): item=0 name="/usr/bin/uname" inode=1578226 dev=08:02 mode=0100755 ouid=0 ogid=0 rdev=00:00 nametype=NORMAL cap_fp=0 cap_fi=0 cap_fe=0 cap_fver=0 cap_frootid=0OUID="root" OGID="root"
type=PATH msg=audit(1769493867.842:2493): item=1 name="/lib64/ld-linux-x86-64.so.2" inode=1575340 dev=08:02 mode=0100755 ouid=0 ogid=0 rdev=00:00 nametype=NORMAL cap_fp=0 cap_fi=0 cap_fe=0 cap_fver=0 cap_frootid=0OUID="root" OGID="root"
type=PROCTITLE msg=audit(1769493867.842:2493): proctitle=756E616D65002D61
type=SYSCALL msg=audit(1769493867.859:2494): arch=c000003e syscall=59 success=yes exit=0 a0=64e1754cb8c0 a1=64e1754cfab0 a2=64e1754c38f0 a3=64e1754caa40 items=2 ppid=4260 pid=4326 auid=1000 uid=1000 gid=1000 euid=1000 suid=1000 fsuid=1000 egid=1000 sgid=1000 fsgid=1000 tty=pts0 ses=3 comm="ss" exe="/usr/bin/ss" subj=unconfined key="process_exec"ARCH=x86_64 SYSCALL=execve AUID="heroic" UID="heroic" GID="heroic" EUID="heroic" SUID="heroic" FSUID="heroic" EGID="heroic" SGID="heroic" FSGID="heroic"
type=EXECVE msg=audit(1769493867.859:2494): argc=2 a0="ss" a1="-tulnp"
type=CWD msg=audit(1769493867.859:2494): cwd="/tmp/hids_malicious"
type=PATH msg=audit(1769493867.859:2494): item=0 name="/usr/bin/ss" inode=1574256 dev=08:02 mode=0100755 ouid=0 ogid=0 rdev=00:00 nametype=NORMAL cap_fp=0 cap_fi=0 cap_fe=0 cap_fver=0 cap_frootid=0OUID="root" OGID="root"
type=PATH msg=audit(1769493867.859:2494): item=1 name="/lib64/ld-linux-x86-64.so.2" inode=1575340 dev=08:02 mode=0100755 ouid=0 ogid=0 rdev=00:00 nametype=NORMAL cap_fp=0 cap_fi=0 cap_fe=0 cap_fver=0 cap_frootid=0OUID="root" OGID="root"
type=PROCTITLE msg=audit(1769493867.859:2494): proctitle=7373002D74756C6E70
type=SYSCALL msg=audit(1769493867.905:2495): arch=c000003e syscall=59 success=yes exit=0 a0=64e1754cb7c0 a1=64e1754ca270 a2=64e1754c38f0 a3=64e1754cb7a0 items=2 ppid=4260 pid=4327 auid=1000 uid=1000 gid=1000 euid=1000 suid=1000 fsuid=1000 egid=1000 sgid=1000 fsgid=1000 tty=pts0 ses=3 comm="chmod" exe="/usr/bin/chmod" subj=unconfined key="process_exec"ARCH=x86_64 SYSCALL=execve AUID="heroic" UID="heroic" GID="heroic" EUID="heroic" SUID="heroic" FSUID="heroic" EGID="heroic" SGID="heroic" FSGID="heroic"
type=EXECVE msg=audit(1769493867.905:2495): argc=3 a0="chmod" a1="+x" a2="payload.sh"
type=CWD msg=audit(1769493867.905:2495): cwd="/tmp/hids_malicious"
type=PATH msg=audit(1769493867.905:2495): item=0 name="/usr/bin/chmod" inode=1578019 dev=08:02 mode=0100755 ouid=0 ogid=0 rdev=00:00 nametype=NORMAL cap_fp=0 cap_fi=0 cap_fe=0 cap_fver=0 cap_frootid=0OUID="root" OGID="root"
type=PATH msg=audit(1769493867.905:2495): item=1 name="/lib64/ld-linux-x86-64.so.2" inode=1575340 dev=08:02 mode=0100755 ouid=0 ogid=0 rdev=00:00 nametype=NORMAL cap_fp=0 cap_fi=0 cap_fe=0 cap_fver=0 cap_frootid=0OUID="root" OGID="root"
type=PROCTITLE msg=audit(1769493867.905:2495): proctitle=63686D6F64002B78007061796C6F61642E7368
type=SYSCALL msg=audit(1769493867.910:2496): arch=c000003e syscall=59 success=yes exit=0 a0=64e1754cf410 a1=64e1754d1610 a2=64e1754c38f0 a3=8 items=2 ppid=4260 pid=4328 auid=1000 uid=1000 gid=1000 euid=1000 suid=1000 fsuid=1000 egid=1000 sgid=1000 fsgid=1000 tty=pts0 ses=3 comm="curl" exe="/usr/bin/curl" subj=unconfined key="process_exec"ARCH=x86_64 SYSCALL=execve AUID="heroic" UID="heroic" GID="heroic" EUID="heroic" SUID="heroic" FSUID="heroic" EGID="heroic" SGID="heroic" FSGID="heroic"
type=EXECVE msg=audit(1769493867.910:2496): argc=3 a0="curl" a1="-s" a2="file:///tmp/hids_malicious/payload.sh"
type=CWD msg=audit(1769493867.910:2496): cwd="/tmp/hids_malicious"
type=PATH msg=audit(1769493867.910:2496): item=0 name="/usr/bin/curl" inode=1573697 dev=08:02 mode=0100755 ouid=0 ogid=0 rdev=00:00 nametype=NORMAL cap_fp=0 cap_fi=0 cap_fe=0 cap_fver=0 cap_frootid=0OUID="root" OGID="root"
type=PATH msg=audit(1769493867.910:2496): item=1 name="/lib64/ld-linux-x86-64.so.2" inode=1575340 dev=08:02 mode=0100755 ouid=0 ogid=0 rdev=00:00 nametype=NORMAL cap_fp=0 cap_fi=0 cap_fe=0 cap_fver=0 cap_frootid=0OUID="root" OGID="root"
type=PROCTITLE msg=audit(1769493867.910:2496): proctitle=6375726C002D730066696C653A2F2F2F746D702F686964735F6D616C6963696F75732F7061796C6F61642E7368
type=SYSCALL msg=audit(1769493867.912:2497): arch=c000003e syscall=59 success=yes exit=0 a0=64e1754cf410 a1=64e1754cb6e0 a2=64e1754c38f0 a3=8 items=2 ppid=4260 pid=4329 auid=1000 uid=1000 gid=1000 euid=1000 suid=1000 fsuid=1000 egid=1000 sgid=1000 fsgid=1000 tty=pts0 ses=3 comm="bash" exe="/usr/bin/bash" subj=unconfined key="process_exec"ARCH=x86_64 SYSCALL=execve AUID="heroic" UID="heroic" GID="heroic" EUID="heroic" SUID="heroic" FSUID="heroic" EGID="heroic" SGID="heroic" FSGID="heroic"
type=EXECVE msg=audit(1769493867.912:2497): argc=1 a0="bash"
type=CWD msg=audit(1769493867.912:2497): cwd="/tmp/hids_malicious"
type=PATH msg=audit(1769493867.912:2497): item=0 name="/usr/bin/bash" inode=1573437 dev=08:02 mode=0100755 ouid=0 ogid=0 rdev=00:00 nametype=NORMAL cap_fp=0 cap_fi=0 cap_fe=0 cap_fver=0 cap_frootid=0OUID="root" OGID="root"
type=PATH msg=audit(1769493867.912:2497): item=1 name="/lib64/ld-linux-x86-64.so.2" inode=1575340 dev=08:02 mode=0100755 ouid=0 ogid=0 rdev=00:00 nametype=NORMAL cap_fp=0 cap_fi=0 cap_fe=0 cap_fver=0 cap_frootid=0OUID="root" OGID="root"
type=PROCTITLE msg=audit(1769493867.912:2497): proctitle="bash"
type=SYSCALL msg=audit(1769493867.949:2498): arch=c000003e syscall=59 success=yes exit=0 a0=64e1754cb8c0 a1=64e1754cb800 a2=64e1754c38f0 a3=64e1754cb800 items=2 ppid=4260 pid=4330 auid=1000 uid=1000 gid=1000 euid=0 suid=0 fsuid=0 egid=1000 sgid=1000 fsgid=1000 tty=pts0 ses=3 comm="sudo" exe="/usr/bin/sudo" subj=unconfined key="process_exec"ARCH=x86_64 SYSCALL=execve AUID="heroic" UID="heroic" GID="heroic" EUID="root" SUID="root" FSUID="root" EGID="heroic" SGID="heroic" FSGID="heroic"
type=EXECVE msg=audit(1769493867.949:2498): argc=2 a0="sudo" a1="-l"
type=CWD msg=audit(1769493867.949:2498): cwd="/tmp/hids_malicious"
type=PATH msg=audit(1769493867.949:2498): item=0 name="/usr/bin/sudo" inode=1574274 dev=08:02 mode=0104755 ouid=0 ogid=0 rdev=00:00 nametype=NORMAL cap_fp=0 cap_fi=0 cap_fe=0 cap_fver=0 cap_frootid=0OUID="root" OGID="root"
type=PATH msg=audit(1769493867.949:2498): item=1 name="/lib64/ld-linux-x86-64.so.2" inode=1575340 dev=08:02 mode=0100755 ouid=0 ogid=0 rdev=00:00 nametype=NORMAL cap_fp=0 cap_fi=0 cap_fe=0 cap_fver=0 cap_frootid=0OUID="root" OGID="root"
type=PROCTITLE msg=audit(1769493867.949:2498): proctitle=7375646F002D6C
type=USER_ACCT msg=audit(1769493868.071:2499): pid=4330 uid=1000 auid=1000 ses=3 subj=unconfined msg='op=PAM:accounting grantors=pam_permit,pam_localuser acct="heroic" exe="/usr/bin/sudo" hostname=? addr=? terminal=/dev/pts/0 res=success'UID="heroic" AUID="heroic"
type=SYSCALL msg=audit(1769493868.080:2500): arch=c000003e syscall=59 success=yes exit=0 a0=64e1754cb7c0 a1=64e1754cb7a0 a2=64e1754c38f0 a3=64e1754cb7a0 items=2 ppid=4260 pid=4331 auid=1000 uid=1000 gid=1000 euid=0 suid=0 fsuid=0 egid=1000 sgid=1000 fsgid=1000 tty=pts0 ses=3 comm="sudo" exe="/usr/bin/sudo" subj=unconfined key="process_exec"ARCH=x86_64 SYSCALL=execve AUID="heroic" UID="heroic" GID="heroic" EUID="root" SUID="root" FSUID="root" EGID="heroic" SGID="heroic" FSGID="heroic"
type=EXECVE msg=audit(1769493868.080:2500): argc=2 a0="sudo" a1="whoami"
type=CWD msg=audit(1769493868.080:2500): cwd="/tmp/hids_malicious"
type=PATH msg=audit(1769493868.080:2500): item=0 name="/usr/bin/sudo" inode=1574274 dev=08:02 mode=0104755 ouid=0 ogid=0 rdev=00:00 nametype=NORMAL cap_fp=0 cap_fi=0 cap_fe=0 cap_fver=0 cap_frootid=0OUID="root" OGID="root"
type=PATH msg=audit(1769493868.080:2500): item=1 name="/lib64/ld-linux-x86-64.so.2" inode=1575340 dev=08:02 mode=0100755 ouid=0 ogid=0 rdev=00:00 nametype=NORMAL cap_fp=0 cap_fi=0 cap_fe=0 cap_fver=0 cap_frootid=0OUID="root" OGID="root"
type=PROCTITLE msg=audit(1769493868.080:2500): proctitle=7375646F0077686F616D69
type=USER_ACCT msg=audit(1769493868.147:2501): pid=4331 uid=1000 auid=1000 ses=3 subj=unconfined msg='op=PAM:accounting grantors=pam_permit,pam_localuser acct="heroic" exe="/usr/bin/sudo" hostname=? addr=? terminal=/dev/pts/0 res=success'UID="heroic" AUID="heroic"
type=USER_CMD msg=audit(1769493868.149:2502): pid=4331 uid=1000 auid=1000 ses=3 subj=unconfined msg='cwd="/tmp/hids_malicious" cmd="whoami" exe="/usr/bin/sudo" terminal=pts/0 res=success'UID="heroic" AUID="heroic"
type=CRED_REFR msg=audit(1769493868.150:2503): pid=4331 uid=1000 auid=1000 ses=3 subj=unconfined msg='op=PAM:setcred grantors=pam_permit,pam_cap acct="root" exe="/usr/bin/sudo" hostname=? addr=? terminal=/dev/pts/0 res=success'UID="heroic" AUID="heroic"
type=USER_START msg=audit(1769493868.150:2504): pid=4331 uid=1000 auid=1000 ses=3 subj=unconfined msg='op=PAM:session_open grantors=pam_limits,pam_env,pam_env,pam_permit,pam_umask,pam_unix acct="root" exe="/usr/bin/sudo" hostname=? addr=? terminal=/dev/pts/0 res=success'UID="heroic" AUID="heroic"
type=SYSCALL msg=audit(1769493868.155:2505): arch=c000003e syscall=59 success=yes exit=0 a0=5712e494ab68 a1=5712e495aba0 a2=5712e496d340 a3=64 items=2 ppid=4332 pid=4333 auid=1000 uid=0 gid=0 euid=0 suid=0 fsuid=0 egid=0 sgid=0 fsgid=0 tty=pts4 ses=3 comm="whoami" exe="/usr/bin/whoami" subj=unconfined key="process_exec"ARCH=x86_64 SYSCALL=execve AUID="heroic" UID="root" GID="root" EUID="root" SUID="root" FSUID="root" EGID="root" SGID="root" FSGID="root"
type=EXECVE msg=audit(1769493868.155:2505): argc=1 a0="whoami"
type=CWD msg=audit(1769493868.155:2505): cwd="/tmp/hids_malicious"
type=PATH msg=audit(1769493868.155:2505): item=0 name="/usr/bin/whoami" inode=1578239 dev=08:02 mode=0100755 ouid=0 ogid=0 rdev=00:00 nametype=NORMAL cap_fp=0 cap_fi=0 cap_fe=0 cap_fver=0 cap_frootid=0OUID="root" OGID="root"
type=PATH msg=audit(1769493868.155:2505): item=1 name="/lib64/ld-linux-x86-64.so.2" inode=1575340 dev=08:02 mode=0100755 ouid=0 ogid=0 rdev=00:00 nametype=NORMAL cap_fp=0 cap_fi=0 cap_fe=0 cap_fver=0 cap_frootid=0OUID="root" OGID="root"
type=PROCTITLE msg=audit(1769493868.155:2505): proctitle="whoami"
type=USER_END msg=audit(1769493868.160:2506): pid=4331 uid=1000 auid=1000 ses=3 subj=unconfined msg='op=PAM:session_close grantors=pam_limits,pam_env,pam_env,pam_permit,pam_umask,pam_unix acct="root" exe="/usr/bin/sudo" hostname=? addr=? terminal=/dev/pts/0 res=success'UID="heroic" AUID="heroic"
type=CRED_DISP msg=audit(1769493868.160:2507): pid=4331 uid=1000 auid=1000 ses=3 subj=unconfined msg='op=PAM:setcred grantors=pam_permit acct="root" exe="/usr/bin/sudo" hostname=? addr=? terminal=/dev/pts/0 res=success'UID="heroic" AUID="heroic"
type=SYSCALL msg=audit(1769493868.229:2508): arch=c000003e syscall=59 success=yes exit=0 a0=64e1754cb8c0 a1=64e1754d15b0 a2=64e1754c38f0 a3=64e1754cb800 items=2 ppid=4260 pid=4335 auid=1000 uid=1000 gid=1000 euid=0 suid=0 fsuid=0 egid=1000 sgid=1000 fsgid=1000 tty=pts0 ses=3 comm="sudo" exe="/usr/bin/sudo" subj=unconfined key="process_exec"ARCH=x86_64 SYSCALL=execve AUID="heroic" UID="heroic" GID="heroic" EUID="root" SUID="root" FSUID="root" EGID="heroic" SGID="heroic" FSGID="heroic"
type=EXECVE msg=audit(1769493868.229:2508): argc=3 a0="sudo" a1="tee" a2="/etc/cron.d/hids_persist"
type=CWD msg=audit(1769493868.229:2508): cwd="/tmp/hids_malicious"
type=PATH msg=audit(1769493868.229:2508): item=0 name="/usr/bin/sudo" inode=1574274 dev=08:02 mode=0104755 ouid=0 ogid=0 rdev=00:00 nametype=NORMAL cap_fp=0 cap_fi=0 cap_fe=0 cap_fver=0 cap_frootid=0OUID="root" OGID="root"
type=PATH msg=audit(1769493868.229:2508): item=1 name="/lib64/ld-linux-x86-64.so.2" inode=1575340 dev=08:02 mode=0100755 ouid=0 ogid=0 rdev=00:00 nametype=NORMAL cap_fp=0 cap_fi=0 cap_fe=0 cap_fver=0 cap_frootid=0OUID="root" OGID="root"
type=PROCTITLE msg=audit(1769493868.229:2508): proctitle=7375646F00746565002F6574632F63726F6E2E642F686964735F70657273697374
type=USER_ACCT msg=audit(1769493868.325:2509): pid=4335 uid=1000 auid=1000 ses=3 subj=unconfined msg='op=PAM:accounting grantors=pam_permit,pam_localuser acct="heroic" exe="/usr/bin/sudo" hostname=? addr=? terminal=/dev/pts/0 res=success'UID="heroic" AUID="heroic"
type=USER_CMD msg=audit(1769493868.326:2510): pid=4335 uid=1000 auid=1000 ses=3 subj=unconfined msg='cwd="/tmp/hids_malicious" cmd=746565202F6574632F63726F6E2E642F686964735F70657273697374 exe="/usr/bin/sudo" terminal=pts/0 res=success'UID="heroic" AUID="heroic"
type=CRED_REFR msg=audit(1769493868.341:2511): pid=4335 uid=1000 auid=1000 ses=3 subj=unconfined msg='op=PAM:setcred grantors=pam_permit,pam_cap acct="root" exe="/usr/bin/sudo" hostname=? addr=? terminal=/dev/pts/0 res=success'UID="heroic" AUID="heroic"
type=USER_START msg=audit(1769493868.341:2512): pid=4335 uid=1000 auid=1000 ses=3 subj=unconfined msg='op=PAM:session_open grantors=pam_limits,pam_env,pam_env,pam_permit,pam_umask,pam_unix acct="root" exe="/usr/bin/sudo" hostname=? addr=? terminal=/dev/pts/0 res=success'UID="heroic" AUID="heroic"
type=SYSCALL msg=audit(1769493868.344:2513): arch=c000003e syscall=59 success=yes exit=0 a0=648e6f733b68 a1=648e6f743ba0 a2=648e6f7567a0 a3=64 items=2 ppid=4336 pid=4337 auid=1000 uid=0 gid=0 euid=0 suid=0 fsuid=0 egid=0 sgid=0 fsgid=0 tty=pts4 ses=3 comm="tee" exe="/usr/bin/tee" subj=unconfined key="process_exec"ARCH=x86_64 SYSCALL=execve AUID="heroic" UID="root" GID="root" EUID="root" SUID="root" FSUID="root" EGID="root" SGID="root" FSGID="root"
type=EXECVE msg=audit(1769493868.344:2513): argc=2 a0="tee" a1="/etc/cron.d/hids_persist"
type=CWD msg=audit(1769493868.344:2513): cwd="/tmp/hids_malicious"
type=PATH msg=audit(1769493868.344:2513): item=0 name="/usr/bin/tee" inode=1578148 dev=08:02 mode=0100755 ouid=0 ogid=0 rdev=00:00 nametype=NORMAL cap_fp=0 cap_fi=0 cap_fe=0 cap_fver=0 cap_frootid=0OUID="root" OGID="root"
type=PATH msg=audit(1769493868.344:2513): item=1 name="/lib64/ld-linux-x86-64.so.2" inode=1575340 dev=08:02 mode=0100755 ouid=0 ogid=0 rdev=00:00 nametype=NORMAL cap_fp=0 cap_fi=0 cap_fe=0 cap_fver=0 cap_frootid=0OUID="root" OGID="root"
type=PROCTITLE msg=audit(1769493868.344:2513): proctitle=746565002F6574632F63726F6E2E642F686964735F70657273697374
type=SYSCALL msg=audit(1769493868.348:2514): arch=c000003e syscall=257 success=yes exit=3 a0=ffffff9c a1=7ffe4942672c a2=241 a3=1b6 items=2 ppid=4336 pid=4337 auid=1000 uid=0 gid=0 euid=0 suid=0 fsuid=0 egid=0 sgid=0 fsgid=0 tty=pts4 ses=3 comm="tee" exe="/usr/bin/tee" subj=unconfined key="persistence"ARCH=x86_64 SYSCALL=openat AUID="heroic" UID="root" GID="root" EUID="root" SUID="root" FSUID="root" EGID="root" SGID="root" FSGID="root"
type=CWD msg=audit(1769493868.348:2514): cwd="/tmp/hids_malicious"
type=PATH msg=audit(1769493868.348:2514): item=0 name="/etc/cron.d/" inode=1703968 dev=08:02 mode=040755 ouid=0 ogid=0 rdev=00:00 nametype=PARENT cap_fp=0 cap_fi=0 cap_fe=0 cap_fver=0 cap_frootid=0OUID="root" OGID="root"
type=PATH msg=audit(1769493868.348:2514): item=1 name="/etc/cron.d/hids_persist" inode=1704205 dev=08:02 mode=0100644 ouid=0 ogid=0 rdev=00:00 nametype=CREATE cap_fp=0 cap_fi=0 cap_fe=0 cap_fver=0 cap_frootid=0OUID="root" OGID="root"
type=PROCTITLE msg=audit(1769493868.348:2514): proctitle=746565002F6574632F63726F6E2E642F686964735F70657273697374
type=USER_END msg=audit(1769493868.359:2515): pid=4335 uid=1000 auid=1000 ses=3 subj=unconfined msg='op=PAM:session_close grantors=pam_limits,pam_env,pam_env,pam_permit,pam_umask,pam_unix acct="root" exe="/usr/bin/sudo" hostname=? addr=? terminal=/dev/pts/0 res=success'UID="heroic" AUID="heroic"
type=CRED_DISP msg=audit(1769493868.359:2516): pid=4335 uid=1000 auid=1000 ses=3 subj=unconfined msg='op=PAM:setcred grantors=pam_permit acct="root" exe="/usr/bin/sudo" hostname=? addr=? terminal=/dev/pts/0 res=success'UID="heroic" AUID="heroic"
type=SYSCALL msg=audit(1769493868.367:2517): arch=c000003e syscall=59 success=yes exit=0 a0=64e1754cb7a0 a1=64e1754cb800 a2=64e1754c38f0 a3=64e1754cb800 items=2 ppid=4260 pid=4338 auid=1000 uid=1000 gid=1000 euid=1000 suid=1000 fsuid=1000 egid=1000 sgid=1000 fsgid=1000 tty=pts0 ses=3 comm="sleep" exe="/usr/bin/sleep" subj=unconfined key="process_exec"ARCH=x86_64 SYSCALL=execve AUID="heroic" UID="heroic" GID="heroic" EUID="heroic" SUID="heroic" FSUID="heroic" EGID="heroic" SGID="heroic" FSGID="heroic"
type=EXECVE msg=audit(1769493868.367:2517): argc=2 a0="sleep" a1="5"
type=CWD msg=audit(1769493868.367:2517): cwd="/tmp/hids_malicious"
type=PATH msg=audit(1769493868.367:2517): item=0 name="/usr/bin/sleep" inode=1578138 dev=08:02 mode=0100755 ouid=0 ogid=0 rdev=00:00 nametype=NORMAL cap_fp=0 cap_fi=0 cap_fe=0 cap_fver=0 cap_frootid=0OUID="root" OGID="root"
type=PATH msg=audit(1769493868.367:2517): item=1 name="/lib64/ld-linux-x86-64.so.2" inode=1575340 dev=08:02 mode=0100755 ouid=0 ogid=0 rdev=00:00 nametype=NORMAL cap_fp=0 cap_fi=0 cap_fe=0 cap_fver=0 cap_frootid=0OUID="root" OGID="root"
type=PROCTITLE msg=audit(1769493868.367:2517): proctitle=736C6565700035
type=SYSCALL msg=audit(1769493873.380:2518): arch=c000003e syscall=59 success=yes exit=0 a0=64e1754cb6e0 a1=64e1754cd550 a2=64e1754c38f0 a3=1 items=2 ppid=4260 pid=4339 auid=1000 uid=1000 gid=1000 euid=1000 suid=1000 fsuid=1000 egid=1000 sgid=1000 fsgid=1000 tty=pts0 ses=3 comm="rm" exe="/usr/bin/rm" subj=unconfined key="process_exec"ARCH=x86_64 SYSCALL=execve AUID="heroic" UID="heroic" GID="heroic" EUID="heroic" SUID="heroic" FSUID="heroic" EGID="heroic" SGID="heroic" FSGID="heroic"
type=EXECVE msg=audit(1769493873.380:2518): argc=58 a0="rm" a1="-f" a2="file_10.dat" a3="file_11.dat" a4="file_12.dat" a5="file_13.dat" a6="file_14.dat" a7="file_15.dat" a8="file_16.dat" a9="file_17.dat" a10="file_18.dat" a11="file_19.dat" a12="file_1.dat" a13="file_20.dat" a14="file_21.dat" a15="file_22.dat" a16="file_23.dat" a17="file_24.dat" a18="file_25.dat" a19="file_26.dat" a20="file_27.dat" a21="file_28.dat" a22="file_29.dat" a23="file_2.dat" a24="file_30.dat" a25="file_31.dat" a26="file_32.dat" a27="file_33.dat" a28="file_34.dat" a29="file_35.dat" a30="file_36.dat" a31="file_37.dat" a32="file_38.dat" a33="file_39.dat" a34="file_3.dat" a35="file_40.dat" a36="file_41.dat" a37="file_42.dat" a38="file_43.dat" a39="file_44.dat" a40="file_45.dat" a41="file_46.dat" a42="file_47.dat" a43="file_48.dat" a44="file_49.dat" a45="file_4.dat" a46="file_50.dat" a47="file_5.dat" a48="file_6.dat" a49="file_7.dat" a50="file_8.dat" a51="file_9.dat" a52="payload.sh" a53="recon.txt" a54="netstat.txt" a55="processes.txt" a56="sudo_enum.txt" a57="sudo_test.txt"
type=CWD msg=audit(1769493873.380:2518): cwd="/tmp/hids_malicious"
type=PATH msg=audit(1769493873.380:2518): item=0 name="/usr/bin/rm" inode=1578127 dev=08:02 mode=0100755 ouid=0 ogid=0 rdev=00:00 nametype=NORMAL cap_fp=0 cap_fi=0 cap_fe=0 cap_fver=0 cap_frootid=0OUID="root" OGID="root"
type=PATH msg=audit(1769493873.380:2518): item=1 name="/lib64/ld-linux-x86-64.so.2" inode=1575340 dev=08:02 mode=0100755 ouid=0 ogid=0 rdev=00:00 nametype=NORMAL cap_fp=0 cap_fi=0 cap_fe=0 cap_fver=0 cap_frootid=0OUID="root" OGID="root"
type=PROCTITLE msg=audit(1769493873.380:2518): proctitle=726D002D660066696C655F31302E6461740066696C655F31312E6461740066696C655F31322E6461740066696C655F31332E6461740066696C655F31342E6461740066696C655F31352E6461740066696C655F31362E6461740066696C655F31372E6461740066696C655F31382E6461740066696C655F31392E646174006669
type=SYSCALL msg=audit(1769493873.477:2519): arch=c000003e syscall=59 success=yes exit=0 a0=64e1754c9e20 a1=64e1754d10a0 a2=64e1754c38f0 a3=64e1754d10a0 items=2 ppid=4260 pid=4340 auid=1000 uid=1000 gid=1000 euid=0 suid=0 fsuid=0 egid=1000 sgid=1000 fsgid=1000 tty=pts0 ses=3 comm="sudo" exe="/usr/bin/sudo" subj=unconfined key="process_exec"ARCH=x86_64 SYSCALL=execve AUID="heroic" UID="heroic" GID="heroic" EUID="root" SUID="root" FSUID="root" EGID="heroic" SGID="heroic" FSGID="heroic"
type=EXECVE msg=audit(1769493873.477:2519): argc=4 a0="sudo" a1="rm" a2="-f" a3="/etc/cron.d/hids_persist"
type=CWD msg=audit(1769493873.477:2519): cwd="/tmp/hids_malicious"
type=PATH msg=audit(1769493873.477:2519): item=0 name="/usr/bin/sudo" inode=1574274 dev=08:02 mode=0104755 ouid=0 ogid=0 rdev=00:00 nametype=NORMAL cap_fp=0 cap_fi=0 cap_fe=0 cap_fver=0 cap_frootid=0OUID="root" OGID="root"
type=PATH msg=audit(1769493873.477:2519): item=1 name="/lib64/ld-linux-x86-64.so.2" inode=1575340 dev=08:02 mode=0100755 ouid=0 ogid=0 rdev=00:00 nametype=NORMAL cap_fp=0 cap_fi=0 cap_fe=0 cap_fver=0 cap_frootid=0OUID="root" OGID="root"
type=PROCTITLE msg=audit(1769493873.477:2519): proctitle=7375646F00726D002D66002F6574632F63726F6E2E642F686964735F70657273697374
type=USER_ACCT msg=audit(1769493873.607:2520): pid=4340 uid=1000 auid=1000 ses=3 subj=unconfined msg='op=PAM:accounting grantors=pam_permit,pam_localuser acct="heroic" exe="/usr/bin/sudo" hostname=? addr=? terminal=/dev/pts/0 res=success'UID="heroic" AUID="heroic"
type=USER_CMD msg=audit(1769493873.622:2521): pid=4340 uid=1000 auid=1000 ses=3 subj=unconfined msg='cwd="/tmp/hids_malicious" cmd=726D202D66202F6574632F63726F6E2E642F686964735F70657273697374 exe="/usr/bin/sudo" terminal=pts/0 res=success'UID="heroic" AUID="heroic"
type=CRED_REFR msg=audit(1769493873.622:2522): pid=4340 uid=1000 auid=1000 ses=3 subj=unconfined msg='op=PAM:setcred grantors=pam_permit,pam_cap acct="root" exe="/usr/bin/sudo" hostname=? addr=? terminal=/dev/pts/0 res=success'UID="heroic" AUID="heroic"
type=USER_START msg=audit(1769493873.634:2523): pid=4340 uid=1000 auid=1000 ses=3 subj=unconfined msg='op=PAM:session_open grantors=pam_limits,pam_env,pam_env,pam_permit,pam_umask,pam_unix acct="root" exe="/usr/bin/sudo" hostname=? addr=? terminal=/dev/pts/0 res=success'UID="heroic" AUID="heroic"
type=SYSCALL msg=audit(1769493873.678:2524): arch=c000003e syscall=59 success=yes exit=0 a0=6350d512ab68 a1=6350d513aba0 a2=6350d514d7a0 a3=64 items=2 ppid=4341 pid=4342 auid=1000 uid=0 gid=0 euid=0 suid=0 fsuid=0 egid=0 sgid=0 fsgid=0 tty=pts4 ses=3 comm="rm" exe="/usr/bin/rm" subj=unconfined key="process_exec"ARCH=x86_64 SYSCALL=execve AUID="heroic" UID="root" GID="root" EUID="root" SUID="root" FSUID="root" EGID="root" SGID="root" FSGID="root"
type=EXECVE msg=audit(1769493873.678:2524): argc=3 a0="rm" a1="-f" a2="/etc/cron.d/hids_persist"
type=CWD msg=audit(1769493873.678:2524): cwd="/tmp/hids_malicious"
type=PATH msg=audit(1769493873.678:2524): item=0 name="/usr/bin/rm" inode=1578127 dev=08:02 mode=0100755 ouid=0 ogid=0 rdev=00:00 nametype=NORMAL cap_fp=0 cap_fi=0 cap_fe=0 cap_fver=0 cap_frootid=0OUID="root" OGID="root"
type=PATH msg=audit(1769493873.678:2524): item=1 name="/lib64/ld-linux-x86-64.so.2" inode=1575340 dev=08:02 mode=0100755 ouid=0 ogid=0 rdev=00:00 nametype=NORMAL cap_fp=0 cap_fi=0 cap_fe=0 cap_fver=0 cap_frootid=0OUID="root" OGID="root"
type=PROCTITLE msg=audit(1769493873.678:2524): proctitle=726D002D66002F6574632F63726F6E2E642F686964735F70657273697374
type=SYSCALL msg=audit(1769493873.699:2525): arch=c000003e syscall=263 success=yes exit=0 a0=ffffff9c a1=62b816a614a0 a2=0 a3=62b816a62900 items=2 ppid=4341 pid=4342 auid=1000 uid=0 gid=0 euid=0 suid=0 fsuid=0 egid=0 sgid=0 fsgid=0 tty=pts4 ses=3 comm="rm" exe="/usr/bin/rm" subj=unconfined key="persistence"ARCH=x86_64 SYSCALL=unlinkat AUID="heroic" UID="root" GID="root" EUID="root" SUID="root" FSUID="root" EGID="root" SGID="root" FSGID="root"
type=CWD msg=audit(1769493873.699:2525): cwd="/tmp/hids_malicious"
type=PATH msg=audit(1769493873.699:2525): item=0 name="/etc/cron.d/" inode=1703968 dev=08:02 mode=040755 ouid=0 ogid=0 rdev=00:00 nametype=PARENT cap_fp=0 cap_fi=0 cap_fe=0 cap_fver=0 cap_frootid=0OUID="root" OGID="root"
type=PATH msg=audit(1769493873.699:2525): item=1 name="/etc/cron.d/hids_persist" inode=1704205 dev=08:02 mode=0100644 ouid=0 ogid=0 rdev=00:00 nametype=DELETE cap_fp=0 cap_fi=0 cap_fe=0 cap_fver=0 cap_frootid=0OUID="root" OGID="root"
type=PROCTITLE msg=audit(1769493873.699:2525): proctitle=726D002D66002F6574632F63726F6E2E642F686964735F70657273697374
type=USER_END msg=audit(1769493873.708:2526): pid=4340 uid=1000 auid=1000 ses=3 subj=unconfined msg='op=PAM:session_close grantors=pam_limits,pam_env,pam_env,pam_permit,pam_umask,pam_unix acct="root" exe="/usr/bin/sudo" hostname=? addr=? terminal=/dev/pts/0 res=success'UID="heroic" AUID="heroic"
type=CRED_DISP msg=audit(1769493873.708:2527): pid=4340 uid=1000 auid=1000 ses=3 subj=unconfined msg='op=PAM:setcred grantors=pam_permit acct="root" exe="/usr/bin/sudo" hostname=? addr=? terminal=/dev/pts/0 res=success'UID="heroic" AUID="heroic"
type=SYSCALL msg=audit(1769493873.719:2528): arch=c000003e syscall=59 success=yes exit=0 a0=64e1754caa40 a1=64e1754ca010 a2=64e1754c38f0 a3=64e1754ca010 items=2 ppid=4260 pid=4343 auid=1000 uid=1000 gid=1000 euid=1000 suid=1000 fsuid=1000 egid=1000 sgid=1000 fsgid=1000 tty=pts0 ses=3 comm="rmdir" exe="/usr/bin/rmdir" subj=unconfined key="process_exec"ARCH=x86_64 SYSCALL=execve AUID="heroic" UID="heroic" GID="heroic" EUID="heroic" SUID="heroic" FSUID="heroic" EGID="heroic" SGID="heroic" FSGID="heroic"
type=EXECVE msg=audit(1769493873.719:2528): argc=2 a0="rmdir" a1="/tmp/hids_malicious"
type=CWD msg=audit(1769493873.719:2528): cwd="/tmp/hids_malicious"
type=PATH msg=audit(1769493873.719:2528): item=0 name="/usr/bin/rmdir" inode=1578128 dev=08:02 mode=0100755 ouid=0 ogid=0 rdev=00:00 nametype=NORMAL cap_fp=0 cap_fi=0 cap_fe=0 cap_fver=0 cap_frootid=0OUID="root" OGID="root"
type=PATH msg=audit(1769493873.719:2528): item=1 name="/lib64/ld-linux-x86-64.so.2" inode=1575340 dev=08:02 mode=0100755 ouid=0 ogid=0 rdev=00:00 nametype=NORMAL cap_fp=0 cap_fi=0 cap_fe=0 cap_fver=0 cap_frootid=0OUID="root" OGID="root"
type=PROCTITLE msg=audit(1769493873.719:2528): proctitle=726D646972002F746D702F686964735F6D616C6963696F7573
type=SYSCALL msg=audit(1769493873.731:2529): arch=c000003e syscall=59 success=yes exit=0 a0=64e1754c9e20 a1=64e1754cb6e0 a2=64e1754c38f0 a3=64e1754cb6e0 items=2 ppid=4260 pid=4344 auid=1000 uid=1000 gid=1000 euid=1000 suid=1000 fsuid=1000 egid=1000 sgid=1000 fsgid=1000 tty=pts0 ses=3 comm="sleep" exe="/usr/bin/sleep" subj=unconfined key="process_exec"ARCH=x86_64 SYSCALL=execve AUID="heroic" UID="heroic" GID="heroic" EUID="heroic" SUID="heroic" FSUID="heroic" EGID="heroic" SGID="heroic" FSGID="heroic"
type=EXECVE msg=audit(1769493873.731:2529): argc=2 a0="sleep" a1="90"
type=CWD msg=audit(1769493873.731:2529): cwd=2F746D702F686964735F6D616C6963696F7573202864656C6574656429
type=PATH msg=audit(1769493873.731:2529): item=0 name="/usr/bin/sleep" inode=1578138 dev=08:02 mode=0100755 ouid=0 ogid=0 rdev=00:00 nametype=NORMAL cap_fp=0 cap_fi=0 cap_fe=0 cap_fver=0 cap_frootid=0OUID="root" OGID="root"
type=PATH msg=audit(1769493873.731:2529): item=1 name="/lib64/ld-linux-x86-64.so.2" inode=1575340 dev=08:02 mode=0100755 ouid=0 ogid=0 rdev=00:00 nametype=NORMAL cap_fp=0 cap_fi=0 cap_fe=0 cap_fver=0 cap_frootid=0OUID="root" OGID="root"
type=PROCTITLE msg=audit(1769493873.731:2529): proctitle=736C656570003930
type=USER_ACCT msg=audit(1769493901.817:2530): pid=4347 uid=0 auid=4294967295 ses=4294967295 subj=unconfined msg='op=PAM:accounting grantors=pam_permit,pam_localuser acct="root" exe="/usr/sbin/cron" hostname=? addr=? terminal=cron res=success'UID="root" AUID="unset"
type=CRED_ACQ msg=audit(1769493901.822:2531): pid=4347 uid=0 auid=4294967295 ses=4294967295 subj=unconfined msg='op=PAM:setcred grantors=pam_permit,pam_cap acct="root" exe="/usr/sbin/cron" hostname=? addr=? terminal=cron res=success'UID="root" AUID="unset"
type=LOGIN msg=audit(1769493901.825:2532): pid=4347 uid=0 subj=unconfined old-auid=4294967295 auid=0 tty=(none) old-ses=4294967295 ses=8 res=1UID="root" OLD-AUID="unset" AUID="root"
type=SYSCALL msg=audit(1769493901.825:2532): arch=c000003e syscall=1 success=yes exit=1 a0=7 a1=7ffeb4c10450 a2=1 a3=0 items=0 ppid=912 pid=4347 auid=0 uid=0 gid=0 euid=0 suid=0 fsuid=0 egid=0 sgid=0 fsgid=0 tty=(none) ses=8 comm="cron" exe="/usr/sbin/cron" subj=unconfined key=(null)ARCH=x86_64 SYSCALL=write AUID="root" UID="root" GID="root" EUID="root" SUID="root" FSUID="root" EGID="root" SGID="root" FSGID="root"
type=PROCTITLE msg=audit(1769493901.825:2532): proctitle=2F7573722F7362696E2F43524F4E002D66002D50
type=USER_START msg=audit(1769493901.825:2533): pid=4347 uid=0 auid=0 ses=8 subj=unconfined msg='op=PAM:session_open grantors=pam_loginuid,pam_env,pam_env,pam_permit,pam_umask,pam_unix,pam_limits acct="root" exe="/usr/sbin/cron" hostname=? addr=? terminal=cron res=success'UID="root" AUID="root"
type=CRED_REFR msg=audit(1769493901.829:2534): pid=4348 uid=0 auid=0 ses=8 subj=unconfined msg='op=PAM:setcred grantors=pam_permit,pam_cap acct="root" exe="/usr/sbin/cron" hostname=? addr=? terminal=cron res=success'UID="root" AUID="root"
type=SYSCALL msg=audit(1769493901.829:2535): arch=c000003e syscall=59 success=yes exit=0 a0=56a2ccca82d6 a1=7ffeb4c10500 a2=56a2ccca8380 a3=56a2ccca82d6 items=2 ppid=4347 pid=4348 auid=0 uid=0 gid=0 euid=0 suid=0 fsuid=0 egid=0 sgid=0 fsgid=0 tty=(none) ses=8 comm="sh" exe="/usr/bin/dash" subj=unconfined key="process_exec"ARCH=x86_64 SYSCALL=execve AUID="root" UID="root" GID="root" EUID="root" SUID="root" FSUID="root" EGID="root" SGID="root" FSGID="root"
type=EXECVE msg=audit(1769493901.829:2535): argc=3 a0="/bin/sh" a1="-c" a2=636F6D6D616E64202D762064656269616E2D736131203E202F6465762F6E756C6C2026262064656269616E2D73613120312031
type=CWD msg=audit(1769493901.829:2535): cwd="/root"
type=PATH msg=audit(1769493901.829:2535): item=0 name="/bin/sh" inode=1573518 dev=08:02 mode=0100755 ouid=0 ogid=0 rdev=00:00 nametype=NORMAL cap_fp=0 cap_fi=0 cap_fe=0 cap_fver=0 cap_frootid=0OUID="root" OGID="root"
type=PATH msg=audit(1769493901.829:2535): item=1 name="/lib64/ld-linux-x86-64.so.2" inode=1575340 dev=08:02 mode=0100755 ouid=0 ogid=0 rdev=00:00 nametype=NORMAL cap_fp=0 cap_fi=0 cap_fe=0 cap_fver=0 cap_frootid=0OUID="root" OGID="root"
type=PROCTITLE msg=audit(1769493901.829:2535): proctitle=2F62696E2F7368002D6300636F6D6D616E64202D762064656269616E2D736131203E202F6465762F6E756C6C2026262064656269616E2D73613120312031
type=SYSCALL msg=audit(1769493901.842:2536): arch=c000003e syscall=59 success=yes exit=0 a0=644cd4b45538 a1=644cd4b454e0 a2=644cd4b45500 a3=8 items=3 ppid=4348 pid=4349 auid=0 uid=0 gid=0 euid=0 suid=0 fsuid=0 egid=0 sgid=0 fsgid=0 tty=(none) ses=8 comm="debian-sa1" exe="/usr/bin/dash" subj=unconfined key="process_exec"ARCH=x86_64 SYSCALL=execve AUID="root" UID="root" GID="root" EUID="root" SUID="root" FSUID="root" EGID="root" SGID="root" FSGID="root"
type=EXECVE msg=audit(1769493901.842:2536): argc=4 a0="/bin/sh" a1="/usr/lib/sysstat/debian-sa1" a2="1" a3="1"
type=CWD msg=audit(1769493901.842:2536): cwd="/root"
type=PATH msg=audit(1769493901.842:2536): item=0 name="/usr/lib/sysstat/debian-sa1" inode=1582333 dev=08:02 mode=0100755 ouid=0 ogid=0 rdev=00:00 nametype=NORMAL cap_fp=0 cap_fi=0 cap_fe=0 cap_fver=0 cap_frootid=0OUID="root" OGID="root"
type=PATH msg=audit(1769493901.842:2536): item=1 name="/bin/sh" inode=1573518 dev=08:02 mode=0100755 ouid=0 ogid=0 rdev=00:00 nametype=NORMAL cap_fp=0 cap_fi=0 cap_fe=0 cap_fver=0 cap_frootid=0OUID="root" OGID="root"
type=PATH msg=audit(1769493901.842:2536): item=2 name="/lib64/ld-linux-x86-64.so.2" inode=1575340 dev=08:02 mode=0100755 ouid=0 ogid=0 rdev=00:00 nametype=NORMAL cap_fp=0 cap_fi=0 cap_fe=0 cap_fver=0 cap_frootid=0OUID="root" OGID="root"
type=PROCTITLE msg=audit(1769493901.842:2536): proctitle=2F62696E2F7368002F7573722F6C69622F737973737461742F64656269616E2D73613100310031
type=CRED_DISP msg=audit(1769493901.849:2537): pid=4347 uid=0 auid=0 ses=8 subj=unconfined msg='op=PAM:setcred grantors=pam_permit acct="root" exe="/usr/sbin/cron" hostname=? addr=? terminal=cron res=success'UID="root" AUID="root"
type=USER_END msg=audit(1769493901.849:2538): pid=4347 uid=0 auid=0 ses=8 subj=unconfined msg='op=PAM:session_close grantors=pam_loginuid,pam_env,pam_env,pam_permit,pam_umask,pam_unix,pam_limits acct="root" exe="/usr/sbin/cron" hostname=? addr=? terminal=cron res=success'UID="root" AUID="root"
type=SYSCALL msg=audit(1769493963.751:2539): arch=c000003e syscall=59 success=yes exit=0 a0=64e1754cf870 a1=64e1754d1870 a2=64e1754c38f0 a3=64e1754cf190 items=2 ppid=4260 pid=4350 auid=1000 uid=1000 gid=1000 euid=1000 suid=1000 fsuid=1000 egid=1000 sgid=1000 fsgid=1000 tty=pts0 ses=3 comm="mkdir" exe="/usr/bin/mkdir" subj=unconfined key="process_exec"ARCH=x86_64 SYSCALL=execve AUID="heroic" UID="heroic" GID="heroic" EUID="heroic" SUID="heroic" FSUID="heroic" EGID="heroic" SGID="heroic" FSGID="heroic"
type=EXECVE msg=audit(1769493963.751:2539): argc=3 a0="mkdir" a1="-p" a2="/tmp/hids_malicious"
type=CWD msg=audit(1769493963.751:2539): cwd=2F746D702F686964735F6D616C6963696F7573202864656C6574656429
type=PATH msg=audit(1769493963.751:2539): item=0 name="/usr/bin/mkdir" inode=1578106 dev=08:02 mode=0100755 ouid=0 ogid=0 rdev=00:00 nametype=NORMAL cap_fp=0 cap_fi=0 cap_fe=0 cap_fver=0 cap_frootid=0OUID="root" OGID="root"
type=PATH msg=audit(1769493963.751:2539): item=1 name="/lib64/ld-linux-x86-64.so.2" inode=1575340 dev=08:02 mode=0100755 ouid=0 ogid=0 rdev=00:00 nametype=NORMAL cap_fp=0 cap_fi=0 cap_fe=0 cap_fver=0 cap_frootid=0OUID="root" OGID="root"
type=PROCTITLE msg=audit(1769493963.751:2539): proctitle=6D6B646972002D70002F746D702F686964735F6D616C6963696F7573
type=SYSCALL msg=audit(1769493963.765:2540): arch=c000003e syscall=59 success=yes exit=0 a0=64e1754cb8a0 a1=64e1754d03d0 a2=64e1754c38f0 a3=64e1754cf890 items=2 ppid=4260 pid=4351 auid=1000 uid=1000 gid=1000 euid=1000 suid=1000 fsuid=1000 egid=1000 sgid=1000 fsgid=1000 tty=pts0 ses=3 comm="ps" exe="/usr/bin/ps" subj=unconfined key="process_exec"ARCH=x86_64 SYSCALL=execve AUID="heroic" UID="heroic" GID="heroic" EUID="heroic" SUID="heroic" FSUID="heroic" EGID="heroic" SGID="heroic" FSGID="heroic"
type=EXECVE msg=audit(1769493963.765:2540): argc=2 a0="ps" a1="aux"
type=CWD msg=audit(1769493963.765:2540): cwd="/tmp/hids_malicious"
type=PATH msg=audit(1769493963.765:2540): item=0 name="/usr/bin/ps" inode=1574103 dev=08:02 mode=0100755 ouid=0 ogid=0 rdev=00:00 nametype=NORMAL cap_fp=0 cap_fi=0 cap_fe=0 cap_fver=0 cap_frootid=0OUID="root" OGID="root"
type=PATH msg=audit(1769493963.765:2540): item=1 name="/lib64/ld-linux-x86-64.so.2" inode=1575340 dev=08:02 mode=0100755 ouid=0 ogid=0 rdev=00:00 nametype=NORMAL cap_fp=0 cap_fi=0 cap_fe=0 cap_fver=0 cap_frootid=0OUID="root" OGID="root"
type=PROCTITLE msg=audit(1769493963.765:2540): proctitle=707300617578
type=SYSCALL msg=audit(1769493963.869:2541): arch=c000003e syscall=59 success=yes exit=0 a0=64e1754cf870 a1=64e1754caa40 a2=64e1754c38f0 a3=64e1754caa40 items=2 ppid=4260 pid=4352 auid=1000 uid=1000 gid=1000 euid=1000 suid=1000 fsuid=1000 egid=1000 sgid=1000 fsgid=1000 tty=pts0 ses=3 comm="whoami" exe="/usr/bin/whoami" subj=unconfined key="process_exec"ARCH=x86_64 SYSCALL=execve AUID="heroic" UID="heroic" GID="heroic" EUID="heroic" SUID="heroic" FSUID="heroic" EGID="heroic" SGID="heroic" FSGID="heroic"
type=EXECVE msg=audit(1769493963.869:2541): argc=1 a0="whoami"
type=CWD msg=audit(1769493963.869:2541): cwd="/tmp/hids_malicious"
type=PATH msg=audit(1769493963.869:2541): item=0 name="/usr/bin/whoami" inode=1578239 dev=08:02 mode=0100755 ouid=0 ogid=0 rdev=00:00 nametype=NORMAL cap_fp=0 cap_fi=0 cap_fe=0 cap_fver=0 cap_frootid=0OUID="root" OGID="root"
type=PATH msg=audit(1769493963.869:2541): item=1 name="/lib64/ld-linux-x86-64.so.2" inode=1575340 dev=08:02 mode=0100755 ouid=0 ogid=0 rdev=00:00 nametype=NORMAL cap_fp=0 cap_fi=0 cap_fe=0 cap_fver=0 cap_frootid=0OUID="root" OGID="root"
type=PROCTITLE msg=audit(1769493963.869:2541): proctitle="whoami"
type=SYSCALL msg=audit(1769493963.878:2542): arch=c000003e syscall=59 success=yes exit=0 a0=64e1754cf850 a1=64e1754c9f00 a2=64e1754c38f0 a3=64e1754c9f00 items=2 ppid=4260 pid=4353 auid=1000 uid=1000 gid=1000 euid=1000 suid=1000 fsuid=1000 egid=1000 sgid=1000 fsgid=1000 tty=pts0 ses=3 comm="id" exe="/usr/bin/id" subj=unconfined key="process_exec"ARCH=x86_64 SYSCALL=execve AUID="heroic" UID="heroic" GID="heroic" EUID="heroic" SUID="heroic" FSUID="heroic" EGID="heroic" SGID="heroic" FSGID="heroic"
type=EXECVE msg=audit(1769493963.878:2542): argc=1 a0="id"
type=CWD msg=audit(1769493963.878:2542): cwd="/tmp/hids_malicious"
type=PATH msg=audit(1769493963.878:2542): item=0 name="/usr/bin/id" inode=1578097 dev=08:02 mode=0100755 ouid=0 ogid=0 rdev=00:00 nametype=NORMAL cap_fp=0 cap_fi=0 cap_fe=0 cap_fver=0 cap_frootid=0OUID="root" OGID="root"
type=PATH msg=audit(1769493963.878:2542): item=1 name="/lib64/ld-linux-x86-64.so.2" inode=1575340 dev=08:02 mode=0100755 ouid=0 ogid=0 rdev=00:00 nametype=NORMAL cap_fp=0 cap_fi=0 cap_fe=0 cap_fver=0 cap_frootid=0OUID="root" OGID="root"
type=PROCTITLE msg=audit(1769493963.878:2542): proctitle="id"
type=SYSCALL msg=audit(1769493963.887:2543): arch=c000003e syscall=59 success=yes exit=0 a0=64e1754cf870 a1=64e1754ce4d0 a2=64e1754c38f0 a3=64e1754cb8a0 items=2 ppid=4260 pid=4354 auid=1000 uid=1000 gid=1000 euid=1000 suid=1000 fsuid=1000 egid=1000 sgid=1000 fsgid=1000 tty=pts0 ses=3 comm="uname" exe="/usr/bin/uname" subj=unconfined key="process_exec"ARCH=x86_64 SYSCALL=execve AUID="heroic" UID="heroic" GID="heroic" EUID="heroic" SUID="heroic" FSUID="heroic" EGID="heroic" SGID="heroic" FSGID="heroic"
type=EXECVE msg=audit(1769493963.887:2543): argc=2 a0="uname" a1="-a"
type=CWD msg=audit(1769493963.887:2543): cwd="/tmp/hids_malicious"
type=PATH msg=audit(1769493963.887:2543): item=0 name="/usr/bin/uname" inode=1578226 dev=08:02 mode=0100755 ouid=0 ogid=0 rdev=00:00 nametype=NORMAL cap_fp=0 cap_fi=0 cap_fe=0 cap_fver=0 cap_frootid=0OUID="root" OGID="root"
type=PATH msg=audit(1769493963.887:2543): item=1 name="/lib64/ld-linux-x86-64.so.2" inode=1575340 dev=08:02 mode=0100755 ouid=0 ogid=0 rdev=00:00 nametype=NORMAL cap_fp=0 cap_fi=0 cap_fe=0 cap_fver=0 cap_frootid=0OUID="root" OGID="root"
type=PROCTITLE msg=audit(1769493963.887:2543): proctitle=756E616D65002D61
type=SYSCALL msg=audit(1769493963.912:2544): arch=c000003e syscall=59 success=yes exit=0 a0=64e1754ce530 a1=64e1754cd270 a2=64e1754c38f0 a3=64e1754cf190 items=2 ppid=4260 pid=4355 auid=1000 uid=1000 gid=1000 euid=1000 suid=1000 fsuid=1000 egid=1000 sgid=1000 fsgid=1000 tty=pts0 ses=3 comm="ss" exe="/usr/bin/ss" subj=unconfined key="process_exec"ARCH=x86_64 SYSCALL=execve AUID="heroic" UID="heroic" GID="heroic" EUID="heroic" SUID="heroic" FSUID="heroic" EGID="heroic" SGID="heroic" FSGID="heroic"
type=EXECVE msg=audit(1769493963.912:2544): argc=2 a0="ss" a1="-tulnp"
type=CWD msg=audit(1769493963.912:2544): cwd="/tmp/hids_malicious"
type=PATH msg=audit(1769493963.912:2544): item=0 name="/usr/bin/ss" inode=1574256 dev=08:02 mode=0100755 ouid=0 ogid=0 rdev=00:00 nametype=NORMAL cap_fp=0 cap_fi=0 cap_fe=0 cap_fver=0 cap_frootid=0OUID="root" OGID="root"
type=PATH msg=audit(1769493963.912:2544): item=1 name="/lib64/ld-linux-x86-64.so.2" inode=1575340 dev=08:02 mode=0100755 ouid=0 ogid=0 rdev=00:00 nametype=NORMAL cap_fp=0 cap_fi=0 cap_fe=0 cap_fver=0 cap_frootid=0OUID="root" OGID="root"
type=PROCTITLE msg=audit(1769493963.912:2544): proctitle=7373002D74756C6E70
type=SYSCALL msg=audit(1769493963.960:2545): arch=c000003e syscall=59 success=yes exit=0 a0=64e1754cf870 a1=64e1754d1a50 a2=64e1754c38f0 a3=64e1754cf850 items=2 ppid=4260 pid=4356 auid=1000 uid=1000 gid=1000 euid=1000 suid=1000 fsuid=1000 egid=1000 sgid=1000 fsgid=1000 tty=pts0 ses=3 comm="chmod" exe="/usr/bin/chmod" subj=unconfined key="process_exec"ARCH=x86_64 SYSCALL=execve AUID="heroic" UID="heroic" GID="heroic" EUID="heroic" SUID="heroic" FSUID="heroic" EGID="heroic" SGID="heroic" FSGID="heroic"
type=EXECVE msg=audit(1769493963.960:2545): argc=3 a0="chmod" a1="+x" a2="payload.sh"
type=CWD msg=audit(1769493963.960:2545): cwd="/tmp/hids_malicious"
type=PATH msg=audit(1769493963.960:2545): item=0 name="/usr/bin/chmod" inode=1578019 dev=08:02 mode=0100755 ouid=0 ogid=0 rdev=00:00 nametype=NORMAL cap_fp=0 cap_fi=0 cap_fe=0 cap_fver=0 cap_frootid=0OUID="root" OGID="root"
type=PATH msg=audit(1769493963.960:2545): item=1 name="/lib64/ld-linux-x86-64.so.2" inode=1575340 dev=08:02 mode=0100755 ouid=0 ogid=0 rdev=00:00 nametype=NORMAL cap_fp=0 cap_fi=0 cap_fe=0 cap_fver=0 cap_frootid=0OUID="root" OGID="root"
type=PROCTITLE msg=audit(1769493963.960:2545): proctitle=63686D6F64002B78007061796C6F61642E7368
type=SYSCALL msg=audit(1769493963.965:2546): arch=c000003e syscall=59 success=yes exit=0 a0=64e1754caa40 a1=64e1754d1870 a2=64e1754c38f0 a3=8 items=2 ppid=4260 pid=4357 auid=1000 uid=1000 gid=1000 euid=1000 suid=1000 fsuid=1000 egid=1000 sgid=1000 fsgid=1000 tty=pts0 ses=3 comm="curl" exe="/usr/bin/curl" subj=unconfined key="process_exec"ARCH=x86_64 SYSCALL=execve AUID="heroic" UID="heroic" GID="heroic" EUID="heroic" SUID="heroic" FSUID="heroic" EGID="heroic" SGID="heroic" FSGID="heroic"
type=EXECVE msg=audit(1769493963.965:2546): argc=3 a0="curl" a1="-s" a2="file:///tmp/hids_malicious/payload.sh"
type=CWD msg=audit(1769493963.965:2546): cwd="/tmp/hids_malicious"
type=PATH msg=audit(1769493963.965:2546): item=0 name="/usr/bin/curl" inode=1573697 dev=08:02 mode=0100755 ouid=0 ogid=0 rdev=00:00 nametype=NORMAL cap_fp=0 cap_fi=0 cap_fe=0 cap_fver=0 cap_frootid=0OUID="root" OGID="root"
type=PATH msg=audit(1769493963.965:2546): item=1 name="/lib64/ld-linux-x86-64.so.2" inode=1575340 dev=08:02 mode=0100755 ouid=0 ogid=0 rdev=00:00 nametype=NORMAL cap_fp=0 cap_fi=0 cap_fe=0 cap_fver=0 cap_frootid=0OUID="root" OGID="root"
type=PROCTITLE msg=audit(1769493963.965:2546): proctitle=6375726C002D730066696C653A2F2F2F746D702F686964735F6D616C6963696F75732F7061796C6F61642E7368
type=SYSCALL msg=audit(1769493963.965:2547): arch=c000003e syscall=59 success=yes exit=0 a0=64e1754caa40 a1=64e1754cf610 a2=64e1754c38f0 a3=8 items=2 ppid=4260 pid=4358 auid=1000 uid=1000 gid=1000 euid=1000 suid=1000 fsuid=1000 egid=1000 sgid=1000 fsgid=1000 tty=pts0 ses=3 comm="bash" exe="/usr/bin/bash" subj=unconfined key="process_exec"ARCH=x86_64 SYSCALL=execve AUID="heroic" UID="heroic" GID="heroic" EUID="heroic" SUID="heroic" FSUID="heroic" EGID="heroic" SGID="heroic" FSGID="heroic"
type=EXECVE msg=audit(1769493963.965:2547): argc=1 a0="bash"
type=CWD msg=audit(1769493963.965:2547): cwd="/tmp/hids_malicious"
type=PATH msg=audit(1769493963.965:2547): item=0 name="/usr/bin/bash" inode=1573437 dev=08:02 mode=0100755 ouid=0 ogid=0 rdev=00:00 nametype=NORMAL cap_fp=0 cap_fi=0 cap_fe=0 cap_fver=0 cap_frootid=0OUID="root" OGID="root"
type=PATH msg=audit(1769493963.965:2547): item=1 name="/lib64/ld-linux-x86-64.so.2" inode=1575340 dev=08:02 mode=0100755 ouid=0 ogid=0 rdev=00:00 nametype=NORMAL cap_fp=0 cap_fi=0 cap_fe=0 cap_fver=0 cap_frootid=0OUID="root" OGID="root"
type=PROCTITLE msg=audit(1769493963.965:2547): proctitle="bash"
type=SYSCALL msg=audit(1769493963.995:2548): arch=c000003e syscall=59 success=yes exit=0 a0=64e1754ce530 a1=64e1754cf8b0 a2=64e1754c38f0 a3=64e1754cf8b0 items=2 ppid=4260 pid=4359 auid=1000 uid=1000 gid=1000 euid=0 suid=0 fsuid=0 egid=1000 sgid=1000 fsgid=1000 tty=pts0 ses=3 comm="sudo" exe="/usr/bin/sudo" subj=unconfined key="process_exec"ARCH=x86_64 SYSCALL=execve AUID="heroic" UID="heroic" GID="heroic" EUID="root" SUID="root" FSUID="root" EGID="heroic" SGID="heroic" FSGID="heroic"
type=EXECVE msg=audit(1769493963.995:2548): argc=2 a0="sudo" a1="-l"
type=CWD msg=audit(1769493963.995:2548): cwd="/tmp/hids_malicious"
type=PATH msg=audit(1769493963.995:2548): item=0 name="/usr/bin/sudo" inode=1574274 dev=08:02 mode=0104755 ouid=0 ogid=0 rdev=00:00 nametype=NORMAL cap_fp=0 cap_fi=0 cap_fe=0 cap_fver=0 cap_frootid=0OUID="root" OGID="root"
type=PATH msg=audit(1769493963.995:2548): item=1 name="/lib64/ld-linux-x86-64.so.2" inode=1575340 dev=08:02 mode=0100755 ouid=0 ogid=0 rdev=00:00 nametype=NORMAL cap_fp=0 cap_fi=0 cap_fe=0 cap_fver=0 cap_frootid=0OUID="root" OGID="root"
type=PROCTITLE msg=audit(1769493963.995:2548): proctitle=7375646F002D6C
type=USER_ACCT msg=audit(1769493964.076:2549): pid=4359 uid=1000 auid=1000 ses=3 subj=unconfined msg='op=PAM:accounting grantors=pam_permit,pam_localuser acct="heroic" exe="/usr/bin/sudo" hostname=? addr=? terminal=/dev/pts/0 res=success'UID="heroic" AUID="heroic"
type=SYSCALL msg=audit(1769493964.082:2550): arch=c000003e syscall=59 success=yes exit=0 a0=64e1754cf870 a1=64e1754cf850 a2=64e1754c38f0 a3=64e1754cf850 items=2 ppid=4260 pid=4360 auid=1000 uid=1000 gid=1000 euid=0 suid=0 fsuid=0 egid=1000 sgid=1000 fsgid=1000 tty=pts0 ses=3 comm="sudo" exe="/usr/bin/sudo" subj=unconfined key="process_exec"ARCH=x86_64 SYSCALL=execve AUID="heroic" UID="heroic" GID="heroic" EUID="root" SUID="root" FSUID="root" EGID="heroic" SGID="heroic" FSGID="heroic"
type=EXECVE msg=audit(1769493964.082:2550): argc=2 a0="sudo" a1="whoami"
type=CWD msg=audit(1769493964.082:2550): cwd="/tmp/hids_malicious"
type=PATH msg=audit(1769493964.082:2550): item=0 name="/usr/bin/sudo" inode=1574274 dev=08:02 mode=0104755 ouid=0 ogid=0 rdev=00:00 nametype=NORMAL cap_fp=0 cap_fi=0 cap_fe=0 cap_fver=0 cap_frootid=0OUID="root" OGID="root"
type=PATH msg=audit(1769493964.082:2550): item=1 name="/lib64/ld-linux-x86-64.so.2" inode=1575340 dev=08:02 mode=0100755 ouid=0 ogid=0 rdev=00:00 nametype=NORMAL cap_fp=0 cap_fi=0 cap_fe=0 cap_fver=0 cap_frootid=0OUID="root" OGID="root"
type=PROCTITLE msg=audit(1769493964.082:2550): proctitle=7375646F0077686F616D69
type=USER_ACCT msg=audit(1769493964.136:2551): pid=4360 uid=1000 auid=1000 ses=3 subj=unconfined msg='op=PAM:accounting grantors=pam_permit,pam_localuser acct="heroic" exe="/usr/bin/sudo" hostname=? addr=? terminal=/dev/pts/0 res=success'UID="heroic" AUID="heroic"
type=USER_CMD msg=audit(1769493964.136:2552): pid=4360 uid=1000 auid=1000 ses=3 subj=unconfined msg='cwd="/tmp/hids_malicious" cmd="whoami" exe="/usr/bin/sudo" terminal=pts/0 res=success'UID="heroic" AUID="heroic"
type=CRED_REFR msg=audit(1769493964.139:2553): pid=4360 uid=1000 auid=1000 ses=3 subj=unconfined msg='op=PAM:setcred grantors=pam_permit,pam_cap acct="root" exe="/usr/bin/sudo" hostname=? addr=? terminal=/dev/pts/0 res=success'UID="heroic" AUID="heroic"
type=USER_START msg=audit(1769493964.139:2554): pid=4360 uid=1000 auid=1000 ses=3 subj=unconfined msg='op=PAM:session_open grantors=pam_limits,pam_env,pam_env,pam_permit,pam_umask,pam_unix acct="root" exe="/usr/bin/sudo" hostname=? addr=? terminal=/dev/pts/0 res=success'UID="heroic" AUID="heroic"
type=SYSCALL msg=audit(1769493964.141:2555): arch=c000003e syscall=59 success=yes exit=0 a0=5b0e1f035b68 a1=5b0e1f045ba0 a2=5b0e1f058340 a3=64 items=2 ppid=4361 pid=4362 auid=1000 uid=0 gid=0 euid=0 suid=0 fsuid=0 egid=0 sgid=0 fsgid=0 tty=pts4 ses=3 comm="whoami" exe="/usr/bin/whoami" subj=unconfined key="process_exec"ARCH=x86_64 SYSCALL=execve AUID="heroic" UID="root" GID="root" EUID="root" SUID="root" FSUID="root" EGID="root" SGID="root" FSGID="root"
type=EXECVE msg=audit(1769493964.141:2555): argc=1 a0="whoami"
type=CWD msg=audit(1769493964.141:2555): cwd="/tmp/hids_malicious"
type=PATH msg=audit(1769493964.141:2555): item=0 name="/usr/bin/whoami" inode=1578239 dev=08:02 mode=0100755 ouid=0 ogid=0 rdev=00:00 nametype=NORMAL cap_fp=0 cap_fi=0 cap_fe=0 cap_fver=0 cap_frootid=0OUID="root" OGID="root"
type=PATH msg=audit(1769493964.141:2555): item=1 name="/lib64/ld-linux-x86-64.so.2" inode=1575340 dev=08:02 mode=0100755 ouid=0 ogid=0 rdev=00:00 nametype=NORMAL cap_fp=0 cap_fi=0 cap_fe=0 cap_fver=0 cap_frootid=0OUID="root" OGID="root"
type=PROCTITLE msg=audit(1769493964.141:2555): proctitle="whoami"
type=USER_END msg=audit(1769493964.223:2556): pid=4360 uid=1000 auid=1000 ses=3 subj=unconfined msg='op=PAM:session_close grantors=pam_limits,pam_env,pam_env,pam_permit,pam_umask,pam_unix acct="root" exe="/usr/bin/sudo" hostname=? addr=? terminal=/dev/pts/0 res=success'UID="heroic" AUID="heroic"
type=CRED_DISP msg=audit(1769493964.223:2557): pid=4360 uid=1000 auid=1000 ses=3 subj=unconfined msg='op=PAM:setcred grantors=pam_permit acct="root" exe="/usr/bin/sudo" hostname=? addr=? terminal=/dev/pts/0 res=success'UID="heroic" AUID="heroic"
type=SYSCALL msg=audit(1769493964.266:2558): arch=c000003e syscall=59 success=yes exit=0 a0=64e1754ce530 a1=64e1754d1930 a2=64e1754c38f0 a3=64e1754cf8b0 items=2 ppid=4260 pid=4364 auid=1000 uid=1000 gid=1000 euid=0 suid=0 fsuid=0 egid=1000 sgid=1000 fsgid=1000 tty=pts0 ses=3 comm="sudo" exe="/usr/bin/sudo" subj=unconfined key="process_exec"ARCH=x86_64 SYSCALL=execve AUID="heroic" UID="heroic" GID="heroic" EUID="root" SUID="root" FSUID="root" EGID="heroic" SGID="heroic" FSGID="heroic"
type=EXECVE msg=audit(1769493964.266:2558): argc=3 a0="sudo" a1="tee" a2="/etc/cron.d/hids_persist"
type=CWD msg=audit(1769493964.266:2558): cwd="/tmp/hids_malicious"
type=PATH msg=audit(1769493964.266:2558): item=0 name="/usr/bin/sudo" inode=1574274 dev=08:02 mode=0104755 ouid=0 ogid=0 rdev=00:00 nametype=NORMAL cap_fp=0 cap_fi=0 cap_fe=0 cap_fver=0 cap_frootid=0OUID="root" OGID="root"
type=PATH msg=audit(1769493964.266:2558): item=1 name="/lib64/ld-linux-x86-64.so.2" inode=1575340 dev=08:02 mode=0100755 ouid=0 ogid=0 rdev=00:00 nametype=NORMAL cap_fp=0 cap_fi=0 cap_fe=0 cap_fver=0 cap_frootid=0OUID="root" OGID="root"
type=PROCTITLE msg=audit(1769493964.266:2558): proctitle=7375646F00746565002F6574632F63726F6E2E642F686964735F70657273697374
type=USER_ACCT msg=audit(1769493964.434:2559): pid=4364 uid=1000 auid=1000 ses=3 subj=unconfined msg='op=PAM:accounting grantors=pam_permit,pam_localuser acct="heroic" exe="/usr/bin/sudo" hostname=? addr=? terminal=/dev/pts/0 res=success'UID="heroic" AUID="heroic"
type=USER_CMD msg=audit(1769493964.434:2560): pid=4364 uid=1000 auid=1000 ses=3 subj=unconfined msg='cwd="/tmp/hids_malicious" cmd=746565202F6574632F63726F6E2E642F686964735F70657273697374 exe="/usr/bin/sudo" terminal=pts/0 res=success'UID="heroic" AUID="heroic"
type=CRED_REFR msg=audit(1769493964.434:2561): pid=4364 uid=1000 auid=1000 ses=3 subj=unconfined msg='op=PAM:setcred grantors=pam_permit,pam_cap acct="root" exe="/usr/bin/sudo" hostname=? addr=? terminal=/dev/pts/0 res=success'UID="heroic" AUID="heroic"
type=USER_START msg=audit(1769493964.434:2562): pid=4364 uid=1000 auid=1000 ses=3 subj=unconfined msg='op=PAM:session_open grantors=pam_limits,pam_env,pam_env,pam_permit,pam_umask,pam_unix acct="root" exe="/usr/bin/sudo" hostname=? addr=? terminal=/dev/pts/0 res=success'UID="heroic" AUID="heroic"
type=SYSCALL msg=audit(1769493964.498:2563): arch=c000003e syscall=59 success=yes exit=0 a0=61d18ebc0b68 a1=61d18ebd0ba0 a2=61d18ebe37a0 a3=64 items=2 ppid=4365 pid=4366 auid=1000 uid=0 gid=0 euid=0 suid=0 fsuid=0 egid=0 sgid=0 fsgid=0 tty=pts4 ses=3 comm="tee" exe="/usr/bin/tee" subj=unconfined key="process_exec"ARCH=x86_64 SYSCALL=execve AUID="heroic" UID="root" GID="root" EUID="root" SUID="root" FSUID="root" EGID="root" SGID="root" FSGID="root"
type=EXECVE msg=audit(1769493964.498:2563): argc=2 a0="tee" a1="/etc/cron.d/hids_persist"
type=CWD msg=audit(1769493964.498:2563): cwd="/tmp/hids_malicious"
type=PATH msg=audit(1769493964.498:2563): item=0 name="/usr/bin/tee" inode=1578148 dev=08:02 mode=0100755 ouid=0 ogid=0 rdev=00:00 nametype=NORMAL cap_fp=0 cap_fi=0 cap_fe=0 cap_fver=0 cap_frootid=0OUID="root" OGID="root"
type=PATH msg=audit(1769493964.498:2563): item=1 name="/lib64/ld-linux-x86-64.so.2" inode=1575340 dev=08:02 mode=0100755 ouid=0 ogid=0 rdev=00:00 nametype=NORMAL cap_fp=0 cap_fi=0 cap_fe=0 cap_fver=0 cap_frootid=0OUID="root" OGID="root"
type=PROCTITLE msg=audit(1769493964.498:2563): proctitle=746565002F6574632F63726F6E2E642F686964735F70657273697374
type=SYSCALL msg=audit(1769493964.511:2564): arch=c000003e syscall=257 success=yes exit=3 a0=ffffff9c a1=7fff1a2da72c a2=241 a3=1b6 items=2 ppid=4365 pid=4366 auid=1000 uid=0 gid=0 euid=0 suid=0 fsuid=0 egid=0 sgid=0 fsgid=0 tty=pts4 ses=3 comm="tee" exe="/usr/bin/tee" subj=unconfined key="persistence"ARCH=x86_64 SYSCALL=openat AUID="heroic" UID="root" GID="root" EUID="root" SUID="root" FSUID="root" EGID="root" SGID="root" FSGID="root"
type=CWD msg=audit(1769493964.511:2564): cwd="/tmp/hids_malicious"
type=PATH msg=audit(1769493964.511:2564): item=0 name="/etc/cron.d/" inode=1703968 dev=08:02 mode=040755 ouid=0 ogid=0 rdev=00:00 nametype=PARENT cap_fp=0 cap_fi=0 cap_fe=0 cap_fver=0 cap_frootid=0OUID="root" OGID="root"
type=PATH msg=audit(1769493964.511:2564): item=1 name="/etc/cron.d/hids_persist" inode=1704205 dev=08:02 mode=0100644 ouid=0 ogid=0 rdev=00:00 nametype=CREATE cap_fp=0 cap_fi=0 cap_fe=0 cap_fver=0 cap_frootid=0OUID="root" OGID="root"
type=PROCTITLE msg=audit(1769493964.511:2564): proctitle=746565002F6574632F63726F6E2E642F686964735F70657273697374
type=USER_END msg=audit(1769493964.513:2565): pid=4364 uid=1000 auid=1000 ses=3 subj=unconfined msg='op=PAM:session_close grantors=pam_limits,pam_env,pam_env,pam_permit,pam_umask,pam_unix acct="root" exe="/usr/bin/sudo" hostname=? addr=? terminal=/dev/pts/0 res=success'UID="heroic" AUID="heroic"
type=CRED_DISP msg=audit(1769493964.518:2566): pid=4364 uid=1000 auid=1000 ses=3 subj=unconfined msg='op=PAM:setcred grantors=pam_permit acct="root" exe="/usr/bin/sudo" hostname=? addr=? terminal=/dev/pts/0 res=success'UID="heroic" AUID="heroic"
type=SYSCALL msg=audit(1769493964.526:2567): arch=c000003e syscall=59 success=yes exit=0 a0=64e1754cf850 a1=64e1754cf8b0 a2=64e1754c38f0 a3=64e1754cf8b0 items=2 ppid=4260 pid=4367 auid=1000 uid=1000 gid=1000 euid=1000 suid=1000 fsuid=1000 egid=1000 sgid=1000 fsgid=1000 tty=pts0 ses=3 comm="sleep" exe="/usr/bin/sleep" subj=unconfined key="process_exec"ARCH=x86_64 SYSCALL=execve AUID="heroic" UID="heroic" GID="heroic" EUID="heroic" SUID="heroic" FSUID="heroic" EGID="heroic" SGID="heroic" FSGID="heroic"
type=EXECVE msg=audit(1769493964.526:2567): argc=2 a0="sleep" a1="5"
type=CWD msg=audit(1769493964.526:2567): cwd="/tmp/hids_malicious"
type=PATH msg=audit(1769493964.526:2567): item=0 name="/usr/bin/sleep" inode=1578138 dev=08:02 mode=0100755 ouid=0 ogid=0 rdev=00:00 nametype=NORMAL cap_fp=0 cap_fi=0 cap_fe=0 cap_fver=0 cap_frootid=0OUID="root" OGID="root"
type=PATH msg=audit(1769493964.526:2567): item=1 name="/lib64/ld-linux-x86-64.so.2" inode=1575340 dev=08:02 mode=0100755 ouid=0 ogid=0 rdev=00:00 nametype=NORMAL cap_fp=0 cap_fi=0 cap_fe=0 cap_fver=0 cap_frootid=0OUID="root" OGID="root"
type=PROCTITLE msg=audit(1769493964.526:2567): proctitle=736C6565700035
type=SYSCALL msg=audit(1769493969.530:2568): arch=c000003e syscall=59 success=yes exit=0 a0=64e1754d00f0 a1=64e1754cd360 a2=64e1754c38f0 a3=1 items=2 ppid=4260 pid=4369 auid=1000 uid=1000 gid=1000 euid=1000 suid=1000 fsuid=1000 egid=1000 sgid=1000 fsgid=1000 tty=pts0 ses=3 comm="rm" exe="/usr/bin/rm" subj=unconfined key="process_exec"ARCH=x86_64 SYSCALL=execve AUID="heroic" UID="heroic" GID="heroic" EUID="heroic" SUID="heroic" FSUID="heroic" EGID="heroic" SGID="heroic" FSGID="heroic"
type=EXECVE msg=audit(1769493969.530:2568): argc=58 a0="rm" a1="-f" a2="file_10.dat" a3="file_11.dat" a4="file_12.dat" a5="file_13.dat" a6="file_14.dat" a7="file_15.dat" a8="file_16.dat" a9="file_17.dat" a10="file_18.dat" a11="file_19.dat" a12="file_1.dat" a13="file_20.dat" a14="file_21.dat" a15="file_22.dat" a16="file_23.dat" a17="file_24.dat" a18="file_25.dat" a19="file_26.dat" a20="file_27.dat" a21="file_28.dat" a22="file_29.dat" a23="file_2.dat" a24="file_30.dat" a25="file_31.dat" a26="file_32.dat" a27="file_33.dat" a28="file_34.dat" a29="file_35.dat" a30="file_36.dat" a31="file_37.dat" a32="file_38.dat" a33="file_39.dat" a34="file_3.dat" a35="file_40.dat" a36="file_41.dat" a37="file_42.dat" a38="file_43.dat" a39="file_44.dat" a40="file_45.dat" a41="file_46.dat" a42="file_47.dat" a43="file_48.dat" a44="file_49.dat" a45="file_4.dat" a46="file_50.dat" a47="file_5.dat" a48="file_6.dat" a49="file_7.dat" a50="file_8.dat" a51="file_9.dat" a52="payload.sh" a53="recon.txt" a54="netstat.txt" a55="processes.txt" a56="sudo_enum.txt" a57="sudo_test.txt"
type=CWD msg=audit(1769493969.530:2568): cwd="/tmp/hids_malicious"
type=PATH msg=audit(1769493969.530:2568): item=0 name="/usr/bin/rm" inode=1578127 dev=08:02 mode=0100755 ouid=0 ogid=0 rdev=00:00 nametype=NORMAL cap_fp=0 cap_fi=0 cap_fe=0 cap_fver=0 cap_frootid=0OUID="root" OGID="root"
type=PATH msg=audit(1769493969.530:2568): item=1 name="/lib64/ld-linux-x86-64.so.2" inode=1575340 dev=08:02 mode=0100755 ouid=0 ogid=0 rdev=00:00 nametype=NORMAL cap_fp=0 cap_fi=0 cap_fe=0 cap_fver=0 cap_frootid=0OUID="root" OGID="root"
type=PROCTITLE msg=audit(1769493969.530:2568): proctitle=726D002D660066696C655F31302E6461740066696C655F31312E6461740066696C655F31322E6461740066696C655F31332E6461740066696C655F31342E6461740066696C655F31352E6461740066696C655F31362E6461740066696C655F31372E6461740066696C655F31382E6461740066696C655F31392E646174006669
type=SYSCALL msg=audit(1769493969.534:2569): arch=c000003e syscall=59 success=yes exit=0 a0=64e1754cd270 a1=64e1754d0f80 a2=64e1754c38f0 a3=64e1754d0f80 items=2 ppid=4260 pid=4370 auid=1000 uid=1000 gid=1000 euid=0 suid=0 fsuid=0 egid=1000 sgid=1000 fsgid=1000 tty=pts0 ses=3 comm="sudo" exe="/usr/bin/sudo" subj=unconfined key="process_exec"ARCH=x86_64 SYSCALL=execve AUID="heroic" UID="heroic" GID="heroic" EUID="root" SUID="root" FSUID="root" EGID="heroic" SGID="heroic" FSGID="heroic"
type=EXECVE msg=audit(1769493969.534:2569): argc=4 a0="sudo" a1="rm" a2="-f" a3="/etc/cron.d/hids_persist"
type=CWD msg=audit(1769493969.534:2569): cwd="/tmp/hids_malicious"
type=PATH msg=audit(1769493969.534:2569): item=0 name="/usr/bin/sudo" inode=1574274 dev=08:02 mode=0104755 ouid=0 ogid=0 rdev=00:00 nametype=NORMAL cap_fp=0 cap_fi=0 cap_fe=0 cap_fver=0 cap_frootid=0OUID="root" OGID="root"
type=PATH msg=audit(1769493969.534:2569): item=1 name="/lib64/ld-linux-x86-64.so.2" inode=1575340 dev=08:02 mode=0100755 ouid=0 ogid=0 rdev=00:00 nametype=NORMAL cap_fp=0 cap_fi=0 cap_fe=0 cap_fver=0 cap_frootid=0OUID="root" OGID="root"
type=PROCTITLE msg=audit(1769493969.534:2569): proctitle=7375646F00726D002D66002F6574632F63726F6E2E642F686964735F70657273697374
type=USER_ACCT msg=audit(1769493969.633:2570): pid=4370 uid=1000 auid=1000 ses=3 subj=unconfined msg='op=PAM:accounting grantors=pam_permit,pam_localuser acct="heroic" exe="/usr/bin/sudo" hostname=? addr=? terminal=/dev/pts/0 res=success'UID="heroic" AUID="heroic"
type=USER_CMD msg=audit(1769493969.633:2571): pid=4370 uid=1000 auid=1000 ses=3 subj=unconfined msg='cwd="/tmp/hids_malicious" cmd=726D202D66202F6574632F63726F6E2E642F686964735F70657273697374 exe="/usr/bin/sudo" terminal=pts/0 res=success'UID="heroic" AUID="heroic"
type=CRED_REFR msg=audit(1769493969.633:2572): pid=4370 uid=1000 auid=1000 ses=3 subj=unconfined msg='op=PAM:setcred grantors=pam_permit,pam_cap acct="root" exe="/usr/bin/sudo" hostname=? addr=? terminal=/dev/pts/0 res=success'UID="heroic" AUID="heroic"
type=USER_START msg=audit(1769493969.633:2573): pid=4370 uid=1000 auid=1000 ses=3 subj=unconfined msg='op=PAM:session_open grantors=pam_limits,pam_env,pam_env,pam_permit,pam_umask,pam_unix acct="root" exe="/usr/bin/sudo" hostname=? addr=? terminal=/dev/pts/0 res=success'UID="heroic" AUID="heroic"
type=SYSCALL msg=audit(1769493969.650:2574): arch=c000003e syscall=59 success=yes exit=0 a0=55cec47b6b68 a1=55cec47c6ba0 a2=55cec47d97a0 a3=64 items=2 ppid=4371 pid=4372 auid=1000 uid=0 gid=0 euid=0 suid=0 fsuid=0 egid=0 sgid=0 fsgid=0 tty=pts4 ses=3 comm="rm" exe="/usr/bin/rm" subj=unconfined key="process_exec"ARCH=x86_64 SYSCALL=execve AUID="heroic" UID="root" GID="root" EUID="root" SUID="root" FSUID="root" EGID="root" SGID="root" FSGID="root"
type=EXECVE msg=audit(1769493969.650:2574): argc=3 a0="rm" a1="-f" a2="/etc/cron.d/hids_persist"
type=CWD msg=audit(1769493969.650:2574): cwd="/tmp/hids_malicious"
type=PATH msg=audit(1769493969.650:2574): item=0 name="/usr/bin/rm" inode=1578127 dev=08:02 mode=0100755 ouid=0 ogid=0 rdev=00:00 nametype=NORMAL cap_fp=0 cap_fi=0 cap_fe=0 cap_fver=0 cap_frootid=0OUID="root" OGID="root"
type=PATH msg=audit(1769493969.650:2574): item=1 name="/lib64/ld-linux-x86-64.so.2" inode=1575340 dev=08:02 mode=0100755 ouid=0 ogid=0 rdev=00:00 nametype=NORMAL cap_fp=0 cap_fi=0 cap_fe=0 cap_fver=0 cap_frootid=0OUID="root" OGID="root"
type=PROCTITLE msg=audit(1769493969.650:2574): proctitle=726D002D66002F6574632F63726F6E2E642F686964735F70657273697374
type=SYSCALL msg=audit(1769493969.671:2575): arch=c000003e syscall=263 success=yes exit=0 a0=ffffff9c a1=5793b24db4a0 a2=0 a3=5793b24dc900 items=2 ppid=4371 pid=4372 auid=1000 uid=0 gid=0 euid=0 suid=0 fsuid=0 egid=0 sgid=0 fsgid=0 tty=pts4 ses=3 comm="rm" exe="/usr/bin/rm" subj=unconfined key="persistence"ARCH=x86_64 SYSCALL=unlinkat AUID="heroic" UID="root" GID="root" EUID="root" SUID="root" FSUID="root" EGID="root" SGID="root" FSGID="root"
type=CWD msg=audit(1769493969.671:2575): cwd="/tmp/hids_malicious"
type=PATH msg=audit(1769493969.671:2575): item=0 name="/etc/cron.d/" inode=1703968 dev=08:02 mode=040755 ouid=0 ogid=0 rdev=00:00 nametype=PARENT cap_fp=0 cap_fi=0 cap_fe=0 cap_fver=0 cap_frootid=0OUID="root" OGID="root"
type=PATH msg=audit(1769493969.671:2575): item=1 name="/etc/cron.d/hids_persist" inode=1704205 dev=08:02 mode=0100644 ouid=0 ogid=0 rdev=00:00 nametype=DELETE cap_fp=0 cap_fi=0 cap_fe=0 cap_fver=0 cap_frootid=0OUID="root" OGID="root"
type=PROCTITLE msg=audit(1769493969.671:2575): proctitle=726D002D66002F6574632F63726F6E2E642F686964735F70657273697374
type=USER_END msg=audit(1769493969.682:2576): pid=4370 uid=1000 auid=1000 ses=3 subj=unconfined msg='op=PAM:session_close grantors=pam_limits,pam_env,pam_env,pam_permit,pam_umask,pam_unix acct="root" exe="/usr/bin/sudo" hostname=? addr=? terminal=/dev/pts/0 res=success'UID="heroic" AUID="heroic"
type=CRED_DISP msg=audit(1769493969.684:2577): pid=4370 uid=1000 auid=1000 ses=3 subj=unconfined msg='op=PAM:setcred grantors=pam_permit acct="root" exe="/usr/bin/sudo" hostname=? addr=? terminal=/dev/pts/0 res=success'UID="heroic" AUID="heroic"
type=SYSCALL msg=audit(1769493969.714:2578): arch=c000003e syscall=59 success=yes exit=0 a0=64e1754cf190 a1=64e1754ccbe0 a2=64e1754c38f0 a3=64e1754ccbe0 items=2 ppid=4260 pid=4373 auid=1000 uid=1000 gid=1000 euid=1000 suid=1000 fsuid=1000 egid=1000 sgid=1000 fsgid=1000 tty=pts0 ses=3 comm="rmdir" exe="/usr/bin/rmdir" subj=unconfined key="process_exec"ARCH=x86_64 SYSCALL=execve AUID="heroic" UID="heroic" GID="heroic" EUID="heroic" SUID="heroic" FSUID="heroic" EGID="heroic" SGID="heroic" FSGID="heroic"
type=EXECVE msg=audit(1769493969.714:2578): argc=2 a0="rmdir" a1="/tmp/hids_malicious"
type=CWD msg=audit(1769493969.714:2578): cwd="/tmp/hids_malicious"
type=PATH msg=audit(1769493969.714:2578): item=0 name="/usr/bin/rmdir" inode=1578128 dev=08:02 mode=0100755 ouid=0 ogid=0 rdev=00:00 nametype=NORMAL cap_fp=0 cap_fi=0 cap_fe=0 cap_fver=0 cap_frootid=0OUID="root" OGID="root"
type=PATH msg=audit(1769493969.714:2578): item=1 name="/lib64/ld-linux-x86-64.so.2" inode=1575340 dev=08:02 mode=0100755 ouid=0 ogid=0 rdev=00:00 nametype=NORMAL cap_fp=0 cap_fi=0 cap_fe=0 cap_fver=0 cap_frootid=0OUID="root" OGID="root"
type=PROCTITLE msg=audit(1769493969.714:2578): proctitle=726D646972002F746D702F686964735F6D616C6963696F7573
type=SYSCALL msg=audit(1769493969.725:2579): arch=c000003e syscall=59 success=yes exit=0 a0=64e1754cd270 a1=64e1754d00f0 a2=64e1754c38f0 a3=64e1754d00f0 items=2 ppid=4260 pid=4374 auid=1000 uid=1000 gid=1000 euid=1000 suid=1000 fsuid=1000 egid=1000 sgid=1000 fsgid=1000 tty=pts0 ses=3 comm="sleep" exe="/usr/bin/sleep" subj=unconfined key="process_exec"ARCH=x86_64 SYSCALL=execve AUID="heroic" UID="heroic" GID="heroic" EUID="heroic" SUID="heroic" FSUID="heroic" EGID="heroic" SGID="heroic" FSGID="heroic"
type=EXECVE msg=audit(1769493969.725:2579): argc=2 a0="sleep" a1="90"
type=CWD msg=audit(1769493969.725:2579): cwd=2F746D702F686964735F6D616C6963696F7573202864656C6574656429
type=PATH msg=audit(1769493969.725:2579): item=0 name="/usr/bin/sleep" inode=1578138 dev=08:02 mode=0100755 ouid=0 ogid=0 rdev=00:00 nametype=NORMAL cap_fp=0 cap_fi=0 cap_fe=0 cap_fver=0 cap_frootid=0OUID="root" OGID="root"
type=PATH msg=audit(1769493969.725:2579): item=1 name="/lib64/ld-linux-x86-64.so.2" inode=1575340 dev=08:02 mode=0100755 ouid=0 ogid=0 rdev=00:00 nametype=NORMAL cap_fp=0 cap_fi=0 cap_fe=0 cap_fver=0 cap_frootid=0OUID="root" OGID="root"
type=PROCTITLE msg=audit(1769493969.725:2579): proctitle=736C656570003930
type=SYSCALL msg=audit(1769494059.742:2580): arch=c000003e syscall=59 success=yes exit=0 a0=64e1754ca420 a1=64e1754d1610 a2=64e1754c38f0 a3=64e1754cf8b0 items=2 ppid=4260 pid=4377 auid=1000 uid=1000 gid=1000 euid=1000 suid=1000 fsuid=1000 egid=1000 sgid=1000 fsgid=1000 tty=pts0 ses=3 comm="mkdir" exe="/usr/bin/mkdir" subj=unconfined key="process_exec"ARCH=x86_64 SYSCALL=execve AUID="heroic" UID="heroic" GID="heroic" EUID="heroic" SUID="heroic" FSUID="heroic" EGID="heroic" SGID="heroic" FSGID="heroic"
type=EXECVE msg=audit(1769494059.742:2580): argc=3 a0="mkdir" a1="-p" a2="/tmp/hids_malicious"
type=CWD msg=audit(1769494059.742:2580): cwd=2F746D702F686964735F6D616C6963696F7573202864656C6574656429
type=PATH msg=audit(1769494059.742:2580): item=0 name="/usr/bin/mkdir" inode=1578106 dev=08:02 mode=0100755 ouid=0 ogid=0 rdev=00:00 nametype=NORMAL cap_fp=0 cap_fi=0 cap_fe=0 cap_fver=0 cap_frootid=0OUID="root" OGID="root"
type=PATH msg=audit(1769494059.742:2580): item=1 name="/lib64/ld-linux-x86-64.so.2" inode=1575340 dev=08:02 mode=0100755 ouid=0 ogid=0 rdev=00:00 nametype=NORMAL cap_fp=0 cap_fi=0 cap_fe=0 cap_fver=0 cap_frootid=0OUID="root" OGID="root"
type=PROCTITLE msg=audit(1769494059.742:2580): proctitle=6D6B646972002D70002F746D702F686964735F6D616C6963696F7573
type=SYSCALL msg=audit(1769494059.748:2581): arch=c000003e syscall=59 success=yes exit=0 a0=64e1754ce510 a1=64e1754cff30 a2=64e1754c38f0 a3=64e1754ca440 items=2 ppid=4260 pid=4378 auid=1000 uid=1000 gid=1000 euid=1000 suid=1000 fsuid=1000 egid=1000 sgid=1000 fsgid=1000 tty=pts0 ses=3 comm="ps" exe="/usr/bin/ps" subj=unconfined key="process_exec"ARCH=x86_64 SYSCALL=execve AUID="heroic" UID="heroic" GID="heroic" EUID="heroic" SUID="heroic" FSUID="heroic" EGID="heroic" SGID="heroic" FSGID="heroic"
type=EXECVE msg=audit(1769494059.748:2581): argc=2 a0="ps" a1="aux"
type=CWD msg=audit(1769494059.748:2581): cwd="/tmp/hids_malicious"
type=PATH msg=audit(1769494059.748:2581): item=0 name="/usr/bin/ps" inode=1574103 dev=08:02 mode=0100755 ouid=0 ogid=0 rdev=00:00 nametype=NORMAL cap_fp=0 cap_fi=0 cap_fe=0 cap_fver=0 cap_frootid=0OUID="root" OGID="root"
type=PATH msg=audit(1769494059.748:2581): item=1 name="/lib64/ld-linux-x86-64.so.2" inode=1575340 dev=08:02 mode=0100755 ouid=0 ogid=0 rdev=00:00 nametype=NORMAL cap_fp=0 cap_fi=0 cap_fe=0 cap_fver=0 cap_frootid=0OUID="root" OGID="root"
type=PROCTITLE msg=audit(1769494059.748:2581): proctitle=707300617578
type=SYSCALL msg=audit(1769494059.775:2582): arch=c000003e syscall=59 success=yes exit=0 a0=64e1754ca420 a1=64e1754cf190 a2=64e1754c38f0 a3=64e1754cf190 items=2 ppid=4260 pid=4379 auid=1000 uid=1000 gid=1000 euid=1000 suid=1000 fsuid=1000 egid=1000 sgid=1000 fsgid=1000 tty=pts0 ses=3 comm="whoami" exe="/usr/bin/whoami" subj=unconfined key="process_exec"ARCH=x86_64 SYSCALL=execve AUID="heroic" UID="heroic" GID="heroic" EUID="heroic" SUID="heroic" FSUID="heroic" EGID="heroic" SGID="heroic" FSGID="heroic"
type=EXECVE msg=audit(1769494059.775:2582): argc=1 a0="whoami"
type=CWD msg=audit(1769494059.775:2582): cwd="/tmp/hids_malicious"
type=PATH msg=audit(1769494059.775:2582): item=0 name="/usr/bin/whoami" inode=1578239 dev=08:02 mode=0100755 ouid=0 ogid=0 rdev=00:00 nametype=NORMAL cap_fp=0 cap_fi=0 cap_fe=0 cap_fver=0 cap_frootid=0OUID="root" OGID="root"
type=PATH msg=audit(1769494059.775:2582): item=1 name="/lib64/ld-linux-x86-64.so.2" inode=1575340 dev=08:02 mode=0100755 ouid=0 ogid=0 rdev=00:00 nametype=NORMAL cap_fp=0 cap_fi=0 cap_fe=0 cap_fver=0 cap_frootid=0OUID="root" OGID="root"
type=PROCTITLE msg=audit(1769494059.775:2582): proctitle="whoami"
type=SYSCALL msg=audit(1769494059.781:2583): arch=c000003e syscall=59 success=yes exit=0 a0=64e1754cb980 a1=64e1754c9f40 a2=64e1754c38f0 a3=64e1754c9f40 items=2 ppid=4260 pid=4380 auid=1000 uid=1000 gid=1000 euid=1000 suid=1000 fsuid=1000 egid=1000 sgid=1000 fsgid=1000 tty=pts0 ses=3 comm="id" exe="/usr/bin/id" subj=unconfined key="process_exec"ARCH=x86_64 SYSCALL=execve AUID="heroic" UID="heroic" GID="heroic" EUID="heroic" SUID="heroic" FSUID="heroic" EGID="heroic" SGID="heroic" FSGID="heroic"
type=EXECVE msg=audit(1769494059.781:2583): argc=1 a0="id"
type=CWD msg=audit(1769494059.781:2583): cwd="/tmp/hids_malicious"
type=PATH msg=audit(1769494059.781:2583): item=0 name="/usr/bin/id" inode=1578097 dev=08:02 mode=0100755 ouid=0 ogid=0 rdev=00:00 nametype=NORMAL cap_fp=0 cap_fi=0 cap_fe=0 cap_fver=0 cap_frootid=0OUID="root" OGID="root"
type=PATH msg=audit(1769494059.781:2583): item=1 name="/lib64/ld-linux-x86-64.so.2" inode=1575340 dev=08:02 mode=0100755 ouid=0 ogid=0 rdev=00:00 nametype=NORMAL cap_fp=0 cap_fi=0 cap_fe=0 cap_fver=0 cap_frootid=0OUID="root" OGID="root"
type=PROCTITLE msg=audit(1769494059.781:2583): proctitle="id"
type=SYSCALL msg=audit(1769494059.784:2584): arch=c000003e syscall=59 success=yes exit=0 a0=64e1754ca420 a1=64e1754cff70 a2=64e1754c38f0 a3=64e1754ce510 items=2 ppid=4260 pid=4381 auid=1000 uid=1000 gid=1000 euid=1000 suid=1000 fsuid=1000 egid=1000 sgid=1000 fsgid=1000 tty=pts0 ses=3 comm="uname" exe="/usr/bin/uname" subj=unconfined key="process_exec"ARCH=x86_64 SYSCALL=execve AUID="heroic" UID="heroic" GID="heroic" EUID="heroic" SUID="heroic" FSUID="heroic" EGID="heroic" SGID="heroic" FSGID="heroic"
type=EXECVE msg=audit(1769494059.784:2584): argc=2 a0="uname" a1="-a"
type=CWD msg=audit(1769494059.784:2584): cwd="/tmp/hids_malicious"
type=PATH msg=audit(1769494059.784:2584): item=0 name="/usr/bin/uname" inode=1578226 dev=08:02 mode=0100755 ouid=0 ogid=0 rdev=00:00 nametype=NORMAL cap_fp=0 cap_fi=0 cap_fe=0 cap_fver=0 cap_frootid=0OUID="root" OGID="root"
type=PATH msg=audit(1769494059.784:2584): item=1 name="/lib64/ld-linux-x86-64.so.2" inode=1575340 dev=08:02 mode=0100755 ouid=0 ogid=0 rdev=00:00 nametype=NORMAL cap_fp=0 cap_fi=0 cap_fe=0 cap_fver=0 cap_frootid=0OUID="root" OGID="root"
type=PROCTITLE msg=audit(1769494059.784:2584): proctitle=756E616D65002D61
type=SYSCALL msg=audit(1769494059.794:2585): arch=c000003e syscall=59 success=yes exit=0 a0=64e1754cb960 a1=64e1754cf3f0 a2=64e1754c38f0 a3=64e1754cf8b0 items=2 ppid=4260 pid=4382 auid=1000 uid=1000 gid=1000 euid=1000 suid=1000 fsuid=1000 egid=1000 sgid=1000 fsgid=1000 tty=pts0 ses=3 comm="ss" exe="/usr/bin/ss" subj=unconfined key="process_exec"ARCH=x86_64 SYSCALL=execve AUID="heroic" UID="heroic" GID="heroic" EUID="heroic" SUID="heroic" FSUID="heroic" EGID="heroic" SGID="heroic" FSGID="heroic"
type=EXECVE msg=audit(1769494059.794:2585): argc=2 a0="ss" a1="-tulnp"
type=CWD msg=audit(1769494059.794:2585): cwd="/tmp/hids_malicious"
type=PATH msg=audit(1769494059.794:2585): item=0 name="/usr/bin/ss" inode=1574256 dev=08:02 mode=0100755 ouid=0 ogid=0 rdev=00:00 nametype=NORMAL cap_fp=0 cap_fi=0 cap_fe=0 cap_fver=0 cap_frootid=0OUID="root" OGID="root"
type=PATH msg=audit(1769494059.794:2585): item=1 name="/lib64/ld-linux-x86-64.so.2" inode=1575340 dev=08:02 mode=0100755 ouid=0 ogid=0 rdev=00:00 nametype=NORMAL cap_fp=0 cap_fi=0 cap_fe=0 cap_fver=0 cap_frootid=0OUID="root" OGID="root"
type=PROCTITLE msg=audit(1769494059.794:2585): proctitle=7373002D74756C6E70
type=SYSCALL msg=audit(1769494059.836:2586): arch=c000003e syscall=59 success=yes exit=0 a0=64e1754ca420 a1=64e1754d1d90 a2=64e1754c38f0 a3=64e1754cb980 items=2 ppid=4260 pid=4383 auid=1000 uid=1000 gid=1000 euid=1000 suid=1000 fsuid=1000 egid=1000 sgid=1000 fsgid=1000 tty=pts0 ses=3 comm="chmod" exe="/usr/bin/chmod" subj=unconfined key="process_exec"ARCH=x86_64 SYSCALL=execve AUID="heroic" UID="heroic" GID="heroic" EUID="heroic" SUID="heroic" FSUID="heroic" EGID="heroic" SGID="heroic" FSGID="heroic"
type=EXECVE msg=audit(1769494059.836:2586): argc=3 a0="chmod" a1="+x" a2="payload.sh"
type=CWD msg=audit(1769494059.836:2586): cwd="/tmp/hids_malicious"
type=PATH msg=audit(1769494059.836:2586): item=0 name="/usr/bin/chmod" inode=1578019 dev=08:02 mode=0100755 ouid=0 ogid=0 rdev=00:00 nametype=NORMAL cap_fp=0 cap_fi=0 cap_fe=0 cap_fver=0 cap_frootid=0OUID="root" OGID="root"
type=PATH msg=audit(1769494059.836:2586): item=1 name="/lib64/ld-linux-x86-64.so.2" inode=1575340 dev=08:02 mode=0100755 ouid=0 ogid=0 rdev=00:00 nametype=NORMAL cap_fp=0 cap_fi=0 cap_fe=0 cap_fver=0 cap_frootid=0OUID="root" OGID="root"
type=PROCTITLE msg=audit(1769494059.836:2586): proctitle=63686D6F64002B78007061796C6F61642E7368
type=SYSCALL msg=audit(1769494059.851:2587): arch=c000003e syscall=59 success=yes exit=0 a0=64e1754cf190 a1=64e1754ca9b0 a2=64e1754c38f0 a3=8 items=2 ppid=4260 pid=4384 auid=1000 uid=1000 gid=1000 euid=1000 suid=1000 fsuid=1000 egid=1000 sgid=1000 fsgid=1000 tty=pts0 ses=3 comm="curl" exe="/usr/bin/curl" subj=unconfined key="process_exec"ARCH=x86_64 SYSCALL=execve AUID="heroic" UID="heroic" GID="heroic" EUID="heroic" SUID="heroic" FSUID="heroic" EGID="heroic" SGID="heroic" FSGID="heroic"
type=EXECVE msg=audit(1769494059.851:2587): argc=3 a0="curl" a1="-s" a2="file:///tmp/hids_malicious/payload.sh"
type=CWD msg=audit(1769494059.851:2587): cwd="/tmp/hids_malicious"
type=PATH msg=audit(1769494059.851:2587): item=0 name="/usr/bin/curl" inode=1573697 dev=08:02 mode=0100755 ouid=0 ogid=0 rdev=00:00 nametype=NORMAL cap_fp=0 cap_fi=0 cap_fe=0 cap_fver=0 cap_frootid=0OUID="root" OGID="root"
type=PATH msg=audit(1769494059.851:2587): item=1 name="/lib64/ld-linux-x86-64.so.2" inode=1575340 dev=08:02 mode=0100755 ouid=0 ogid=0 rdev=00:00 nametype=NORMAL cap_fp=0 cap_fi=0 cap_fe=0 cap_fver=0 cap_frootid=0OUID="root" OGID="root"
type=PROCTITLE msg=audit(1769494059.851:2587): proctitle=6375726C002D730066696C653A2F2F2F746D702F686964735F6D616C6963696F75732F7061796C6F61642E7368
type=SYSCALL msg=audit(1769494059.853:2588): arch=c000003e syscall=59 success=yes exit=0 a0=64e1754cf190 a1=64e1754ca480 a2=64e1754c38f0 a3=8 items=2 ppid=4260 pid=4385 auid=1000 uid=1000 gid=1000 euid=1000 suid=1000 fsuid=1000 egid=1000 sgid=1000 fsgid=1000 tty=pts0 ses=3 comm="bash" exe="/usr/bin/bash" subj=unconfined key="process_exec"ARCH=x86_64 SYSCALL=execve AUID="heroic" UID="heroic" GID="heroic" EUID="heroic" SUID="heroic" FSUID="heroic" EGID="heroic" SGID="heroic" FSGID="heroic"
type=EXECVE msg=audit(1769494059.853:2588): argc=1 a0="bash"
type=CWD msg=audit(1769494059.853:2588): cwd="/tmp/hids_malicious"
type=PATH msg=audit(1769494059.853:2588): item=0 name="/usr/bin/bash" inode=1573437 dev=08:02 mode=0100755 ouid=0 ogid=0 rdev=00:00 nametype=NORMAL cap_fp=0 cap_fi=0 cap_fe=0 cap_fver=0 cap_frootid=0OUID="root" OGID="root"
type=PATH msg=audit(1769494059.853:2588): item=1 name="/lib64/ld-linux-x86-64.so.2" inode=1575340 dev=08:02 mode=0100755 ouid=0 ogid=0 rdev=00:00 nametype=NORMAL cap_fp=0 cap_fi=0 cap_fe=0 cap_fver=0 cap_frootid=0OUID="root" OGID="root"
type=PROCTITLE msg=audit(1769494059.853:2588): proctitle="bash"
type=SYSCALL msg=audit(1769494059.866:2589): arch=c000003e syscall=59 success=yes exit=0 a0=64e1754cb960 a1=64e1754ca460 a2=64e1754c38f0 a3=64e1754ca460 items=2 ppid=4260 pid=4386 auid=1000 uid=1000 gid=1000 euid=0 suid=0 fsuid=0 egid=1000 sgid=1000 fsgid=1000 tty=pts0 ses=3 comm="sudo" exe="/usr/bin/sudo" subj=unconfined key="process_exec"ARCH=x86_64 SYSCALL=execve AUID="heroic" UID="heroic" GID="heroic" EUID="root" SUID="root" FSUID="root" EGID="heroic" SGID="heroic" FSGID="heroic"
type=EXECVE msg=audit(1769494059.866:2589): argc=2 a0="sudo" a1="-l"
type=CWD msg=audit(1769494059.866:2589): cwd="/tmp/hids_malicious"
type=PATH msg=audit(1769494059.866:2589): item=0 name="/usr/bin/sudo" inode=1574274 dev=08:02 mode=0104755 ouid=0 ogid=0 rdev=00:00 nametype=NORMAL cap_fp=0 cap_fi=0 cap_fe=0 cap_fver=0 cap_frootid=0OUID="root" OGID="root"
type=PATH msg=audit(1769494059.866:2589): item=1 name="/lib64/ld-linux-x86-64.so.2" inode=1575340 dev=08:02 mode=0100755 ouid=0 ogid=0 rdev=00:00 nametype=NORMAL cap_fp=0 cap_fi=0 cap_fe=0 cap_fver=0 cap_frootid=0OUID="root" OGID="root"
type=PROCTITLE msg=audit(1769494059.866:2589): proctitle=7375646F002D6C
type=USER_ACCT msg=audit(1769494059.904:2590): pid=4386 uid=1000 auid=1000 ses=3 subj=unconfined msg='op=PAM:accounting grantors=pam_permit,pam_localuser acct="heroic" exe="/usr/bin/sudo" hostname=? addr=? terminal=/dev/pts/0 res=success'UID="heroic" AUID="heroic"
type=SYSCALL msg=audit(1769494059.907:2591): arch=c000003e syscall=59 success=yes exit=0 a0=64e1754ca420 a1=64e1754cb980 a2=64e1754c38f0 a3=64e1754cb980 items=2 ppid=4260 pid=4387 auid=1000 uid=1000 gid=1000 euid=0 suid=0 fsuid=0 egid=1000 sgid=1000 fsgid=1000 tty=pts0 ses=3 comm="sudo" exe="/usr/bin/sudo" subj=unconfined key="process_exec"ARCH=x86_64 SYSCALL=execve AUID="heroic" UID="heroic" GID="heroic" EUID="root" SUID="root" FSUID="root" EGID="heroic" SGID="heroic" FSGID="heroic"
type=EXECVE msg=audit(1769494059.907:2591): argc=2 a0="sudo" a1="whoami"
type=CWD msg=audit(1769494059.907:2591): cwd="/tmp/hids_malicious"
type=PATH msg=audit(1769494059.907:2591): item=0 name="/usr/bin/sudo" inode=1574274 dev=08:02 mode=0104755 ouid=0 ogid=0 rdev=00:00 nametype=NORMAL cap_fp=0 cap_fi=0 cap_fe=0 cap_fver=0 cap_frootid=0OUID="root" OGID="root"
type=PATH msg=audit(1769494059.907:2591): item=1 name="/lib64/ld-linux-x86-64.so.2" inode=1575340 dev=08:02 mode=0100755 ouid=0 ogid=0 rdev=00:00 nametype=NORMAL cap_fp=0 cap_fi=0 cap_fe=0 cap_fver=0 cap_frootid=0OUID="root" OGID="root"
type=PROCTITLE msg=audit(1769494059.907:2591): proctitle=7375646F0077686F616D69
type=USER_ACCT msg=audit(1769494059.959:2592): pid=4387 uid=1000 auid=1000 ses=3 subj=unconfined msg='op=PAM:accounting grantors=pam_permit,pam_localuser acct="heroic" exe="/usr/bin/sudo" hostname=? addr=? terminal=/dev/pts/0 res=success'UID="heroic" AUID="heroic"
type=USER_CMD msg=audit(1769494059.963:2593): pid=4387 uid=1000 auid=1000 ses=3 subj=unconfined msg='cwd="/tmp/hids_malicious" cmd="whoami" exe="/usr/bin/sudo" terminal=pts/0 res=success'UID="heroic" AUID="heroic"
type=CRED_REFR msg=audit(1769494059.964:2594): pid=4387 uid=1000 auid=1000 ses=3 subj=unconfined msg='op=PAM:setcred grantors=pam_permit,pam_cap acct="root" exe="/usr/bin/sudo" hostname=? addr=? terminal=/dev/pts/0 res=success'UID="heroic" AUID="heroic"
type=USER_START msg=audit(1769494059.964:2595): pid=4387 uid=1000 auid=1000 ses=3 subj=unconfined msg='op=PAM:session_open grantors=pam_limits,pam_env,pam_env,pam_permit,pam_umask,pam_unix acct="root" exe="/usr/bin/sudo" hostname=? addr=? terminal=/dev/pts/0 res=success'UID="heroic" AUID="heroic"
type=SYSCALL msg=audit(1769494059.964:2596): arch=c000003e syscall=59 success=yes exit=0 a0=55a01b67fb68 a1=55a01b68fba0 a2=55a01b6a2340 a3=64 items=2 ppid=4388 pid=4389 auid=1000 uid=0 gid=0 euid=0 suid=0 fsuid=0 egid=0 sgid=0 fsgid=0 tty=pts4 ses=3 comm="whoami" exe="/usr/bin/whoami" subj=unconfined key="process_exec"ARCH=x86_64 SYSCALL=execve AUID="heroic" UID="root" GID="root" EUID="root" SUID="root" FSUID="root" EGID="root" SGID="root" FSGID="root"
type=EXECVE msg=audit(1769494059.964:2596): argc=1 a0="whoami"
type=CWD msg=audit(1769494059.964:2596): cwd="/tmp/hids_malicious"
type=PATH msg=audit(1769494059.964:2596): item=0 name="/usr/bin/whoami" inode=1578239 dev=08:02 mode=0100755 ouid=0 ogid=0 rdev=00:00 nametype=NORMAL cap_fp=0 cap_fi=0 cap_fe=0 cap_fver=0 cap_frootid=0OUID="root" OGID="root"
type=PATH msg=audit(1769494059.964:2596): item=1 name="/lib64/ld-linux-x86-64.so.2" inode=1575340 dev=08:02 mode=0100755 ouid=0 ogid=0 rdev=00:00 nametype=NORMAL cap_fp=0 cap_fi=0 cap_fe=0 cap_fver=0 cap_frootid=0OUID="root" OGID="root"
type=PROCTITLE msg=audit(1769494059.964:2596): proctitle="whoami"
type=USER_END msg=audit(1769494059.970:2597): pid=4387 uid=1000 auid=1000 ses=3 subj=unconfined msg='op=PAM:session_close grantors=pam_limits,pam_env,pam_env,pam_permit,pam_umask,pam_unix acct="root" exe="/usr/bin/sudo" hostname=? addr=? terminal=/dev/pts/0 res=success'UID="heroic" AUID="heroic"
type=CRED_DISP msg=audit(1769494059.970:2598): pid=4387 uid=1000 auid=1000 ses=3 subj=unconfined msg='op=PAM:setcred grantors=pam_permit acct="root" exe="/usr/bin/sudo" hostname=? addr=? terminal=/dev/pts/0 res=success'UID="heroic" AUID="heroic"
type=SYSCALL msg=audit(1769494059.972:2599): arch=c000003e syscall=59 success=yes exit=0 a0=64e1754cb960 a1=64e1754d1d00 a2=64e1754c38f0 a3=64e1754ca460 items=2 ppid=4260 pid=4391 auid=1000 uid=1000 gid=1000 euid=0 suid=0 fsuid=0 egid=1000 sgid=1000 fsgid=1000 tty=pts0 ses=3 comm="sudo" exe="/usr/bin/sudo" subj=unconfined key="process_exec"ARCH=x86_64 SYSCALL=execve AUID="heroic" UID="heroic" GID="heroic" EUID="root" SUID="root" FSUID="root" EGID="heroic" SGID="heroic" FSGID="heroic"
type=EXECVE msg=audit(1769494059.972:2599): argc=3 a0="sudo" a1="tee" a2="/etc/cron.d/hids_persist"
type=CWD msg=audit(1769494059.972:2599): cwd="/tmp/hids_malicious"
type=PATH msg=audit(1769494059.972:2599): item=0 name="/usr/bin/sudo" inode=1574274 dev=08:02 mode=0104755 ouid=0 ogid=0 rdev=00:00 nametype=NORMAL cap_fp=0 cap_fi=0 cap_fe=0 cap_fver=0 cap_frootid=0OUID="root" OGID="root"
type=PATH msg=audit(1769494059.972:2599): item=1 name="/lib64/ld-linux-x86-64.so.2" inode=1575340 dev=08:02 mode=0100755 ouid=0 ogid=0 rdev=00:00 nametype=NORMAL cap_fp=0 cap_fi=0 cap_fe=0 cap_fver=0 cap_frootid=0OUID="root" OGID="root"
type=PROCTITLE msg=audit(1769494059.972:2599): proctitle=7375646F00746565002F6574632F63726F6E2E642F686964735F70657273697374
type=USER_ACCT msg=audit(1769494060.000:2600): pid=4391 uid=1000 auid=1000 ses=3 subj=unconfined msg='op=PAM:accounting grantors=pam_permit,pam_localuser acct="heroic" exe="/usr/bin/sudo" hostname=? addr=? terminal=/dev/pts/0 res=success'UID="heroic" AUID="heroic"
type=USER_CMD msg=audit(1769494060.000:2601): pid=4391 uid=1000 auid=1000 ses=3 subj=unconfined msg='cwd="/tmp/hids_malicious" cmd=746565202F6574632F63726F6E2E642F686964735F70657273697374 exe="/usr/bin/sudo" terminal=pts/0 res=success'UID="heroic" AUID="heroic"
type=CRED_REFR msg=audit(1769494060.000:2602): pid=4391 uid=1000 auid=1000 ses=3 subj=unconfined msg='op=PAM:setcred grantors=pam_permit,pam_cap acct="root" exe="/usr/bin/sudo" hostname=? addr=? terminal=/dev/pts/0 res=success'UID="heroic" AUID="heroic"
type=USER_START msg=audit(1769494060.000:2603): pid=4391 uid=1000 auid=1000 ses=3 subj=unconfined msg='op=PAM:session_open grantors=pam_limits,pam_env,pam_env,pam_permit,pam_umask,pam_unix acct="root" exe="/usr/bin/sudo" hostname=? addr=? terminal=/dev/pts/0 res=success'UID="heroic" AUID="heroic"
type=SYSCALL msg=audit(1769494060.011:2604): arch=c000003e syscall=59 success=yes exit=0 a0=56902aa9bb68 a1=56902aaabba0 a2=56902aabe7a0 a3=64 items=2 ppid=4392 pid=4393 auid=1000 uid=0 gid=0 euid=0 suid=0 fsuid=0 egid=0 sgid=0 fsgid=0 tty=pts4 ses=3 comm="tee" exe="/usr/bin/tee" subj=unconfined key="process_exec"ARCH=x86_64 SYSCALL=execve AUID="heroic" UID="root" GID="root" EUID="root" SUID="root" FSUID="root" EGID="root" SGID="root" FSGID="root"
type=EXECVE msg=audit(1769494060.011:2604): argc=2 a0="tee" a1="/etc/cron.d/hids_persist"
type=CWD msg=audit(1769494060.011:2604): cwd="/tmp/hids_malicious"
type=PATH msg=audit(1769494060.011:2604): item=0 name="/usr/bin/tee" inode=1578148 dev=08:02 mode=0100755 ouid=0 ogid=0 rdev=00:00 nametype=NORMAL cap_fp=0 cap_fi=0 cap_fe=0 cap_fver=0 cap_frootid=0OUID="root" OGID="root"
type=PATH msg=audit(1769494060.011:2604): item=1 name="/lib64/ld-linux-x86-64.so.2" inode=1575340 dev=08:02 mode=0100755 ouid=0 ogid=0 rdev=00:00 nametype=NORMAL cap_fp=0 cap_fi=0 cap_fe=0 cap_fver=0 cap_frootid=0OUID="root" OGID="root"
type=PROCTITLE msg=audit(1769494060.011:2604): proctitle=746565002F6574632F63726F6E2E642F686964735F70657273697374
type=SYSCALL msg=audit(1769494060.014:2605): arch=c000003e syscall=257 success=yes exit=3 a0=ffffff9c a1=7ffd3ba1772c a2=241 a3=1b6 items=2 ppid=4392 pid=4393 auid=1000 uid=0 gid=0 euid=0 suid=0 fsuid=0 egid=0 sgid=0 fsgid=0 tty=pts4 ses=3 comm="tee" exe="/usr/bin/tee" subj=unconfined key="persistence"ARCH=x86_64 SYSCALL=openat AUID="heroic" UID="root" GID="root" EUID="root" SUID="root" FSUID="root" EGID="root" SGID="root" FSGID="root"
type=CWD msg=audit(1769494060.014:2605): cwd="/tmp/hids_malicious"
type=PATH msg=audit(1769494060.014:2605): item=0 name="/etc/cron.d/" inode=1703968 dev=08:02 mode=040755 ouid=0 ogid=0 rdev=00:00 nametype=PARENT cap_fp=0 cap_fi=0 cap_fe=0 cap_fver=0 cap_frootid=0OUID="root" OGID="root"
type=PATH msg=audit(1769494060.014:2605): item=1 name="/etc/cron.d/hids_persist" inode=1704205 dev=08:02 mode=0100644 ouid=0 ogid=0 rdev=00:00 nametype=CREATE cap_fp=0 cap_fi=0 cap_fe=0 cap_fver=0 cap_frootid=0OUID="root" OGID="root"
type=PROCTITLE msg=audit(1769494060.014:2605): proctitle=746565002F6574632F63726F6E2E642F686964735F70657273697374
type=USER_END msg=audit(1769494060.015:2606): pid=4391 uid=1000 auid=1000 ses=3 subj=unconfined msg='op=PAM:session_close grantors=pam_limits,pam_env,pam_env,pam_permit,pam_umask,pam_unix acct="root" exe="/usr/bin/sudo" hostname=? addr=? terminal=/dev/pts/0 res=success'UID="heroic" AUID="heroic"
type=CRED_DISP msg=audit(1769494060.015:2607): pid=4391 uid=1000 auid=1000 ses=3 subj=unconfined msg='op=PAM:setcred grantors=pam_permit acct="root" exe="/usr/bin/sudo" hostname=? addr=? terminal=/dev/pts/0 res=success'UID="heroic" AUID="heroic"
type=SYSCALL msg=audit(1769494060.028:2608): arch=c000003e syscall=59 success=yes exit=0 a0=64e1754cb980 a1=64e1754ca460 a2=64e1754c38f0 a3=64e1754ca460 items=2 ppid=4260 pid=4394 auid=1000 uid=1000 gid=1000 euid=1000 suid=1000 fsuid=1000 egid=1000 sgid=1000 fsgid=1000 tty=pts0 ses=3 comm="sleep" exe="/usr/bin/sleep" subj=unconfined key="process_exec"ARCH=x86_64 SYSCALL=execve AUID="heroic" UID="heroic" GID="heroic" EUID="heroic" SUID="heroic" FSUID="heroic" EGID="heroic" SGID="heroic" FSGID="heroic"
type=EXECVE msg=audit(1769494060.028:2608): argc=2 a0="sleep" a1="5"
type=CWD msg=audit(1769494060.028:2608): cwd="/tmp/hids_malicious"
type=PATH msg=audit(1769494060.028:2608): item=0 name="/usr/bin/sleep" inode=1578138 dev=08:02 mode=0100755 ouid=0 ogid=0 rdev=00:00 nametype=NORMAL cap_fp=0 cap_fi=0 cap_fe=0 cap_fver=0 cap_frootid=0OUID="root" OGID="root"
type=PATH msg=audit(1769494060.028:2608): item=1 name="/lib64/ld-linux-x86-64.so.2" inode=1575340 dev=08:02 mode=0100755 ouid=0 ogid=0 rdev=00:00 nametype=NORMAL cap_fp=0 cap_fi=0 cap_fe=0 cap_fver=0 cap_frootid=0OUID="root" OGID="root"
type=PROCTITLE msg=audit(1769494060.028:2608): proctitle=736C6565700035
type=SYSCALL msg=audit(1769494065.033:2609): arch=c000003e syscall=59 success=yes exit=0 a0=64e1754cf790 a1=64e1754d1a80 a2=64e1754c38f0 a3=1 items=2 ppid=4260 pid=4395 auid=1000 uid=1000 gid=1000 euid=1000 suid=1000 fsuid=1000 egid=1000 sgid=1000 fsgid=1000 tty=pts0 ses=3 comm="rm" exe="/usr/bin/rm" subj=unconfined key="process_exec"ARCH=x86_64 SYSCALL=execve AUID="heroic" UID="heroic" GID="heroic" EUID="heroic" SUID="heroic" FSUID="heroic" EGID="heroic" SGID="heroic" FSGID="heroic"
type=EXECVE msg=audit(1769494065.033:2609): argc=58 a0="rm" a1="-f" a2="file_10.dat" a3="file_11.dat" a4="file_12.dat" a5="file_13.dat" a6="file_14.dat" a7="file_15.dat" a8="file_16.dat" a9="file_17.dat" a10="file_18.dat" a11="file_19.dat" a12="file_1.dat" a13="file_20.dat" a14="file_21.dat" a15="file_22.dat" a16="file_23.dat" a17="file_24.dat" a18="file_25.dat" a19="file_26.dat" a20="file_27.dat" a21="file_28.dat" a22="file_29.dat" a23="file_2.dat" a24="file_30.dat" a25="file_31.dat" a26="file_32.dat" a27="file_33.dat" a28="file_34.dat" a29="file_35.dat" a30="file_36.dat" a31="file_37.dat" a32="file_38.dat" a33="file_39.dat" a34="file_3.dat" a35="file_40.dat" a36="file_41.dat" a37="file_42.dat" a38="file_43.dat" a39="file_44.dat" a40="file_45.dat" a41="file_46.dat" a42="file_47.dat" a43="file_48.dat" a44="file_49.dat" a45="file_4.dat" a46="file_50.dat" a47="file_5.dat" a48="file_6.dat" a49="file_7.dat" a50="file_8.dat" a51="file_9.dat" a52="payload.sh" a53="recon.txt" a54="netstat.txt" a55="processes.txt" a56="sudo_enum.txt" a57="sudo_test.txt"
type=CWD msg=audit(1769494065.033:2609): cwd="/tmp/hids_malicious"
type=PATH msg=audit(1769494065.033:2609): item=0 name="/usr/bin/rm" inode=1578127 dev=08:02 mode=0100755 ouid=0 ogid=0 rdev=00:00 nametype=NORMAL cap_fp=0 cap_fi=0 cap_fe=0 cap_fver=0 cap_frootid=0OUID="root" OGID="root"
type=PATH msg=audit(1769494065.033:2609): item=1 name="/lib64/ld-linux-x86-64.so.2" inode=1575340 dev=08:02 mode=0100755 ouid=0 ogid=0 rdev=00:00 nametype=NORMAL cap_fp=0 cap_fi=0 cap_fe=0 cap_fver=0 cap_frootid=0OUID="root" OGID="root"
type=PROCTITLE msg=audit(1769494065.033:2609): proctitle=726D002D660066696C655F31302E6461740066696C655F31312E6461740066696C655F31322E6461740066696C655F31332E6461740066696C655F31342E6461740066696C655F31352E6461740066696C655F31362E6461740066696C655F31372E6461740066696C655F31382E6461740066696C655F31392E646174006669
type=SYSCALL msg=audit(1769494065.042:2610): arch=c000003e syscall=59 success=yes exit=0 a0=64e1754cb600 a1=64e1754d0e60 a2=64e1754c38f0 a3=64e1754d0e60 items=2 ppid=4260 pid=4396 auid=1000 uid=1000 gid=1000 euid=0 suid=0 fsuid=0 egid=1000 sgid=1000 fsgid=1000 tty=pts0 ses=3 comm="sudo" exe="/usr/bin/sudo" subj=unconfined key="process_exec"ARCH=x86_64 SYSCALL=execve AUID="heroic" UID="heroic" GID="heroic" EUID="root" SUID="root" FSUID="root" EGID="heroic" SGID="heroic" FSGID="heroic"
type=EXECVE msg=audit(1769494065.042:2610): argc=4 a0="sudo" a1="rm" a2="-f" a3="/etc/cron.d/hids_persist"
type=CWD msg=audit(1769494065.042:2610): cwd="/tmp/hids_malicious"
type=PATH msg=audit(1769494065.042:2610): item=0 name="/usr/bin/sudo" inode=1574274 dev=08:02 mode=0104755 ouid=0 ogid=0 rdev=00:00 nametype=NORMAL cap_fp=0 cap_fi=0 cap_fe=0 cap_fver=0 cap_frootid=0OUID="root" OGID="root"
type=PATH msg=audit(1769494065.042:2610): item=1 name="/lib64/ld-linux-x86-64.so.2" inode=1575340 dev=08:02 mode=0100755 ouid=0 ogid=0 rdev=00:00 nametype=NORMAL cap_fp=0 cap_fi=0 cap_fe=0 cap_fver=0 cap_frootid=0OUID="root" OGID="root"
type=PROCTITLE msg=audit(1769494065.042:2610): proctitle=7375646F00726D002D66002F6574632F63726F6E2E642F686964735F70657273697374
type=USER_ACCT msg=audit(1769494065.102:2611): pid=4396 uid=1000 auid=1000 ses=3 subj=unconfined msg='op=PAM:accounting grantors=pam_permit,pam_localuser acct="heroic" exe="/usr/bin/sudo" hostname=? addr=? terminal=/dev/pts/0 res=success'UID="heroic" AUID="heroic"
type=USER_CMD msg=audit(1769494065.105:2612): pid=4396 uid=1000 auid=1000 ses=3 subj=unconfined msg='cwd="/tmp/hids_malicious" cmd=726D202D66202F6574632F63726F6E2E642F686964735F70657273697374 exe="/usr/bin/sudo" terminal=pts/0 res=success'UID="heroic" AUID="heroic"
type=CRED_REFR msg=audit(1769494065.107:2613): pid=4396 uid=1000 auid=1000 ses=3 subj=unconfined msg='op=PAM:setcred grantors=pam_permit,pam_cap acct="root" exe="/usr/bin/sudo" hostname=? addr=? terminal=/dev/pts/0 res=success'UID="heroic" AUID="heroic"
type=USER_START msg=audit(1769494065.107:2614): pid=4396 uid=1000 auid=1000 ses=3 subj=unconfined msg='op=PAM:session_open grantors=pam_limits,pam_env,pam_env,pam_permit,pam_umask,pam_unix acct="root" exe="/usr/bin/sudo" hostname=? addr=? terminal=/dev/pts/0 res=success'UID="heroic" AUID="heroic"
type=SYSCALL msg=audit(1769494065.113:2615): arch=c000003e syscall=59 success=yes exit=0 a0=636ec018db68 a1=636ec019dba0 a2=636ec01b07a0 a3=64 items=2 ppid=4397 pid=4398 auid=1000 uid=0 gid=0 euid=0 suid=0 fsuid=0 egid=0 sgid=0 fsgid=0 tty=pts4 ses=3 comm="rm" exe="/usr/bin/rm" subj=unconfined key="process_exec"ARCH=x86_64 SYSCALL=execve AUID="heroic" UID="root" GID="root" EUID="root" SUID="root" FSUID="root" EGID="root" SGID="root" FSGID="root"
type=EXECVE msg=audit(1769494065.113:2615): argc=3 a0="rm" a1="-f" a2="/etc/cron.d/hids_persist"
type=CWD msg=audit(1769494065.113:2615): cwd="/tmp/hids_malicious"
type=PATH msg=audit(1769494065.113:2615): item=0 name="/usr/bin/rm" inode=1578127 dev=08:02 mode=0100755 ouid=0 ogid=0 rdev=00:00 nametype=NORMAL cap_fp=0 cap_fi=0 cap_fe=0 cap_fver=0 cap_frootid=0OUID="root" OGID="root"
type=PATH msg=audit(1769494065.113:2615): item=1 name="/lib64/ld-linux-x86-64.so.2" inode=1575340 dev=08:02 mode=0100755 ouid=0 ogid=0 rdev=00:00 nametype=NORMAL cap_fp=0 cap_fi=0 cap_fe=0 cap_fver=0 cap_frootid=0OUID="root" OGID="root"
type=PROCTITLE msg=audit(1769494065.113:2615): proctitle=726D002D66002F6574632F63726F6E2E642F686964735F70657273697374
type=SYSCALL msg=audit(1769494065.115:2616): arch=c000003e syscall=263 success=yes exit=0 a0=ffffff9c a1=641071f224a0 a2=0 a3=641071f23900 items=2 ppid=4397 pid=4398 auid=1000 uid=0 gid=0 euid=0 suid=0 fsuid=0 egid=0 sgid=0 fsgid=0 tty=pts4 ses=3 comm="rm" exe="/usr/bin/rm" subj=unconfined key="persistence"ARCH=x86_64 SYSCALL=unlinkat AUID="heroic" UID="root" GID="root" EUID="root" SUID="root" FSUID="root" EGID="root" SGID="root" FSGID="root"
type=CWD msg=audit(1769494065.115:2616): cwd="/tmp/hids_malicious"
type=PATH msg=audit(1769494065.115:2616): item=0 name="/etc/cron.d/" inode=1703968 dev=08:02 mode=040755 ouid=0 ogid=0 rdev=00:00 nametype=PARENT cap_fp=0 cap_fi=0 cap_fe=0 cap_fver=0 cap_frootid=0OUID="root" OGID="root"
type=PATH msg=audit(1769494065.115:2616): item=1 name="/etc/cron.d/hids_persist" inode=1704205 dev=08:02 mode=0100644 ouid=0 ogid=0 rdev=00:00 nametype=DELETE cap_fp=0 cap_fi=0 cap_fe=0 cap_fver=0 cap_frootid=0OUID="root" OGID="root"
type=PROCTITLE msg=audit(1769494065.115:2616): proctitle=726D002D66002F6574632F63726F6E2E642F686964735F70657273697374
type=USER_END msg=audit(1769494065.116:2617): pid=4396 uid=1000 auid=1000 ses=3 subj=unconfined msg='op=PAM:session_close grantors=pam_limits,pam_env,pam_env,pam_permit,pam_umask,pam_unix acct="root" exe="/usr/bin/sudo" hostname=? addr=? terminal=/dev/pts/0 res=success'UID="heroic" AUID="heroic"
type=CRED_DISP msg=audit(1769494065.116:2618): pid=4396 uid=1000 auid=1000 ses=3 subj=unconfined msg='op=PAM:setcred grantors=pam_permit acct="root" exe="/usr/bin/sudo" hostname=? addr=? terminal=/dev/pts/0 res=success'UID="heroic" AUID="heroic"
type=SYSCALL msg=audit(1769494065.123:2619): arch=c000003e syscall=59 success=yes exit=0 a0=64e1754cf8b0 a1=64e1754bc970 a2=64e1754c38f0 a3=64e1754bc970 items=2 ppid=4260 pid=4399 auid=1000 uid=1000 gid=1000 euid=1000 suid=1000 fsuid=1000 egid=1000 sgid=1000 fsgid=1000 tty=pts0 ses=3 comm="rmdir" exe="/usr/bin/rmdir" subj=unconfined key="process_exec"ARCH=x86_64 SYSCALL=execve AUID="heroic" UID="heroic" GID="heroic" EUID="heroic" SUID="heroic" FSUID="heroic" EGID="heroic" SGID="heroic" FSGID="heroic"
type=EXECVE msg=audit(1769494065.123:2619): argc=2 a0="rmdir" a1="/tmp/hids_malicious"
type=CWD msg=audit(1769494065.123:2619): cwd="/tmp/hids_malicious"
type=PATH msg=audit(1769494065.123:2619): item=0 name="/usr/bin/rmdir" inode=1578128 dev=08:02 mode=0100755 ouid=0 ogid=0 rdev=00:00 nametype=NORMAL cap_fp=0 cap_fi=0 cap_fe=0 cap_fver=0 cap_frootid=0OUID="root" OGID="root"
type=PATH msg=audit(1769494065.123:2619): item=1 name="/lib64/ld-linux-x86-64.so.2" inode=1575340 dev=08:02 mode=0100755 ouid=0 ogid=0 rdev=00:00 nametype=NORMAL cap_fp=0 cap_fi=0 cap_fe=0 cap_fver=0 cap_frootid=0OUID="root" OGID="root"
type=PROCTITLE msg=audit(1769494065.123:2619): proctitle=726D646972002F746D702F686964735F6D616C6963696F7573
type=SYSCALL msg=audit(1769494065.129:2620): arch=c000003e syscall=59 success=yes exit=0 a0=64e1754cb600 a1=64e1754cf790 a2=64e1754c38f0 a3=64e1754cf790 items=2 ppid=4260 pid=4400 auid=1000 uid=1000 gid=1000 euid=1000 suid=1000 fsuid=1000 egid=1000 sgid=1000 fsgid=1000 tty=pts0 ses=3 comm="sleep" exe="/usr/bin/sleep" subj=unconfined key="process_exec"ARCH=x86_64 SYSCALL=execve AUID="heroic" UID="heroic" GID="heroic" EUID="heroic" SUID="heroic" FSUID="heroic" EGID="heroic" SGID="heroic" FSGID="heroic"
type=EXECVE msg=audit(1769494065.129:2620): argc=2 a0="sleep" a1="90"
type=CWD msg=audit(1769494065.129:2620): cwd=2F746D702F686964735F6D616C6963696F7573202864656C6574656429
type=PATH msg=audit(1769494065.129:2620): item=0 name="/usr/bin/sleep" inode=1578138 dev=08:02 mode=0100755 ouid=0 ogid=0 rdev=00:00 nametype=NORMAL cap_fp=0 cap_fi=0 cap_fe=0 cap_fver=0 cap_frootid=0OUID="root" OGID="root"
type=PATH msg=audit(1769494065.129:2620): item=1 name="/lib64/ld-linux-x86-64.so.2" inode=1575340 dev=08:02 mode=0100755 ouid=0 ogid=0 rdev=00:00 nametype=NORMAL cap_fp=0 cap_fi=0 cap_fe=0 cap_fver=0 cap_frootid=0OUID="root" OGID="root"
type=PROCTITLE msg=audit(1769494065.129:2620): proctitle=736C656570003930
type=SYSCALL msg=audit(1769494155.140:2621): arch=c000003e syscall=59 success=yes exit=0 a0=64e1754d03b0 a1=64e1754cfe70 a2=64e1754c38f0 a3=64e1754cb920 items=2 ppid=4260 pid=4404 auid=1000 uid=1000 gid=1000 euid=1000 suid=1000 fsuid=1000 egid=1000 sgid=1000 fsgid=1000 tty=pts0 ses=3 comm="mkdir" exe="/usr/bin/mkdir" subj=unconfined key="process_exec"ARCH=x86_64 SYSCALL=execve AUID="heroic" UID="heroic" GID="heroic" EUID="heroic" SUID="heroic" FSUID="heroic" EGID="heroic" SGID="heroic" FSGID="heroic"
type=EXECVE msg=audit(1769494155.140:2621): argc=3 a0="mkdir" a1="-p" a2="/tmp/hids_malicious"
type=CWD msg=audit(1769494155.140:2621): cwd=2F746D702F686964735F6D616C6963696F7573202864656C6574656429
type=PATH msg=audit(1769494155.140:2621): item=0 name="/usr/bin/mkdir" inode=1578106 dev=08:02 mode=0100755 ouid=0 ogid=0 rdev=00:00 nametype=NORMAL cap_fp=0 cap_fi=0 cap_fe=0 cap_fver=0 cap_frootid=0OUID="root" OGID="root"
type=PATH msg=audit(1769494155.140:2621): item=1 name="/lib64/ld-linux-x86-64.so.2" inode=1575340 dev=08:02 mode=0100755 ouid=0 ogid=0 rdev=00:00 nametype=NORMAL cap_fp=0 cap_fi=0 cap_fe=0 cap_fver=0 cap_frootid=0OUID="root" OGID="root"
type=PROCTITLE msg=audit(1769494155.140:2621): proctitle=6D6B646972002D70002F746D702F686964735F6D616C6963696F7573
type=SYSCALL msg=audit(1769494155.147:2622): arch=c000003e syscall=59 success=yes exit=0 a0=64e1754cb940 a1=64e1754cfa10 a2=64e1754c38f0 a3=64e1754d03d0 items=2 ppid=4260 pid=4405 auid=1000 uid=1000 gid=1000 euid=1000 suid=1000 fsuid=1000 egid=1000 sgid=1000 fsgid=1000 tty=pts0 ses=3 comm="ps" exe="/usr/bin/ps" subj=unconfined key="process_exec"ARCH=x86_64 SYSCALL=execve AUID="heroic" UID="heroic" GID="heroic" EUID="heroic" SUID="heroic" FSUID="heroic" EGID="heroic" SGID="heroic" FSGID="heroic"
type=EXECVE msg=audit(1769494155.147:2622): argc=2 a0="ps" a1="aux"
type=CWD msg=audit(1769494155.147:2622): cwd="/tmp/hids_malicious"
type=PATH msg=audit(1769494155.147:2622): item=0 name="/usr/bin/ps" inode=1574103 dev=08:02 mode=0100755 ouid=0 ogid=0 rdev=00:00 nametype=NORMAL cap_fp=0 cap_fi=0 cap_fe=0 cap_fver=0 cap_frootid=0OUID="root" OGID="root"
type=PATH msg=audit(1769494155.147:2622): item=1 name="/lib64/ld-linux-x86-64.so.2" inode=1575340 dev=08:02 mode=0100755 ouid=0 ogid=0 rdev=00:00 nametype=NORMAL cap_fp=0 cap_fi=0 cap_fe=0 cap_fver=0 cap_frootid=0OUID="root" OGID="root"
type=PROCTITLE msg=audit(1769494155.147:2622): proctitle=707300617578
type=SYSCALL msg=audit(1769494155.201:2623): arch=c000003e syscall=59 success=yes exit=0 a0=64e1754d03b0 a1=64e1754cf8b0 a2=64e1754c38f0 a3=64e1754cf8b0 items=2 ppid=4260 pid=4406 auid=1000 uid=1000 gid=1000 euid=1000 suid=1000 fsuid=1000 egid=1000 sgid=1000 fsgid=1000 tty=pts0 ses=3 comm="whoami" exe="/usr/bin/whoami" subj=unconfined key="process_exec"ARCH=x86_64 SYSCALL=execve AUID="heroic" UID="heroic" GID="heroic" EUID="heroic" SUID="heroic" FSUID="heroic" EGID="heroic" SGID="heroic" FSGID="heroic"
type=EXECVE msg=audit(1769494155.201:2623): argc=1 a0="whoami"
type=CWD msg=audit(1769494155.201:2623): cwd="/tmp/hids_malicious"
type=PATH msg=audit(1769494155.201:2623): item=0 name="/usr/bin/whoami" inode=1578239 dev=08:02 mode=0100755 ouid=0 ogid=0 rdev=00:00 nametype=NORMAL cap_fp=0 cap_fi=0 cap_fe=0 cap_fver=0 cap_frootid=0OUID="root" OGID="root"
type=PATH msg=audit(1769494155.201:2623): item=1 name="/lib64/ld-linux-x86-64.so.2" inode=1575340 dev=08:02 mode=0100755 ouid=0 ogid=0 rdev=00:00 nametype=NORMAL cap_fp=0 cap_fi=0 cap_fe=0 cap_fver=0 cap_frootid=0OUID="root" OGID="root"
type=PROCTITLE msg=audit(1769494155.201:2623): proctitle="whoami"
type=SYSCALL msg=audit(1769494155.205:2624): arch=c000003e syscall=59 success=yes exit=0 a0=64e1754d0390 a1=64e1754cb7e0 a2=64e1754c38f0 a3=64e1754cb7e0 items=2 ppid=4260 pid=4407 auid=1000 uid=1000 gid=1000 euid=1000 suid=1000 fsuid=1000 egid=1000 sgid=1000 fsgid=1000 tty=pts0 ses=3 comm="id" exe="/usr/bin/id" subj=unconfined key="process_exec"ARCH=x86_64 SYSCALL=execve AUID="heroic" UID="heroic" GID="heroic" EUID="heroic" SUID="heroic" FSUID="heroic" EGID="heroic" SGID="heroic" FSGID="heroic"
type=EXECVE msg=audit(1769494155.205:2624): argc=1 a0="id"
type=CWD msg=audit(1769494155.205:2624): cwd="/tmp/hids_malicious"
type=PATH msg=audit(1769494155.205:2624): item=0 name="/usr/bin/id" inode=1578097 dev=08:02 mode=0100755 ouid=0 ogid=0 rdev=00:00 nametype=NORMAL cap_fp=0 cap_fi=0 cap_fe=0 cap_fver=0 cap_frootid=0OUID="root" OGID="root"
type=PATH msg=audit(1769494155.205:2624): item=1 name="/lib64/ld-linux-x86-64.so.2" inode=1575340 dev=08:02 mode=0100755 ouid=0 ogid=0 rdev=00:00 nametype=NORMAL cap_fp=0 cap_fi=0 cap_fe=0 cap_fver=0 cap_frootid=0OUID="root" OGID="root"
type=PROCTITLE msg=audit(1769494155.205:2624): proctitle="id"
type=SYSCALL msg=audit(1769494155.210:2625): arch=c000003e syscall=59 success=yes exit=0 a0=64e1754d03b0 a1=64e1754cf910 a2=64e1754c38f0 a3=64e1754cb940 items=2 ppid=4260 pid=4408 auid=1000 uid=1000 gid=1000 euid=1000 suid=1000 fsuid=1000 egid=1000 sgid=1000 fsgid=1000 tty=pts0 ses=3 comm="uname" exe="/usr/bin/uname" subj=unconfined key="process_exec"ARCH=x86_64 SYSCALL=execve AUID="heroic" UID="heroic" GID="heroic" EUID="heroic" SUID="heroic" FSUID="heroic" EGID="heroic" SGID="heroic" FSGID="heroic"
type=EXECVE msg=audit(1769494155.210:2625): argc=2 a0="uname" a1="-a"
type=CWD msg=audit(1769494155.210:2625): cwd="/tmp/hids_malicious"
type=PATH msg=audit(1769494155.210:2625): item=0 name="/usr/bin/uname" inode=1578226 dev=08:02 mode=0100755 ouid=0 ogid=0 rdev=00:00 nametype=NORMAL cap_fp=0 cap_fi=0 cap_fe=0 cap_fver=0 cap_frootid=0OUID="root" OGID="root"
type=PATH msg=audit(1769494155.210:2625): item=1 name="/lib64/ld-linux-x86-64.so.2" inode=1575340 dev=08:02 mode=0100755 ouid=0 ogid=0 rdev=00:00 nametype=NORMAL cap_fp=0 cap_fi=0 cap_fe=0 cap_fver=0 cap_frootid=0OUID="root" OGID="root"
type=PROCTITLE msg=audit(1769494155.210:2625): proctitle=756E616D65002D61
type=SYSCALL msg=audit(1769494155.218:2626): arch=c000003e syscall=59 success=yes exit=0 a0=64e1754cf970 a1=64e1754cd210 a2=64e1754c38f0 a3=64e1754cb920 items=2 ppid=4260 pid=4409 auid=1000 uid=1000 gid=1000 euid=1000 suid=1000 fsuid=1000 egid=1000 sgid=1000 fsgid=1000 tty=pts0 ses=3 comm="ss" exe="/usr/bin/ss" subj=unconfined key="process_exec"ARCH=x86_64 SYSCALL=execve AUID="heroic" UID="heroic" GID="heroic" EUID="heroic" SUID="heroic" FSUID="heroic" EGID="heroic" SGID="heroic" FSGID="heroic"
type=EXECVE msg=audit(1769494155.218:2626): argc=2 a0="ss" a1="-tulnp"
type=CWD msg=audit(1769494155.218:2626): cwd="/tmp/hids_malicious"
type=PATH msg=audit(1769494155.218:2626): item=0 name="/usr/bin/ss" inode=1574256 dev=08:02 mode=0100755 ouid=0 ogid=0 rdev=00:00 nametype=NORMAL cap_fp=0 cap_fi=0 cap_fe=0 cap_fver=0 cap_frootid=0OUID="root" OGID="root"
type=PATH msg=audit(1769494155.218:2626): item=1 name="/lib64/ld-linux-x86-64.so.2" inode=1575340 dev=08:02 mode=0100755 ouid=0 ogid=0 rdev=00:00 nametype=NORMAL cap_fp=0 cap_fi=0 cap_fe=0 cap_fver=0 cap_frootid=0OUID="root" OGID="root"
type=PROCTITLE msg=audit(1769494155.218:2626): proctitle=7373002D74756C6E70
type=SYSCALL msg=audit(1769494155.319:2627): arch=c000003e syscall=59 success=yes exit=0 a0=64e1754d03b0 a1=64e1754cf280 a2=64e1754c38f0 a3=64e1754d0390 items=2 ppid=4260 pid=4410 auid=1000 uid=1000 gid=1000 euid=1000 suid=1000 fsuid=1000 egid=1000 sgid=1000 fsgid=1000 tty=pts0 ses=3 comm="chmod" exe="/usr/bin/chmod" subj=unconfined key="process_exec"ARCH=x86_64 SYSCALL=execve AUID="heroic" UID="heroic" GID="heroic" EUID="heroic" SUID="heroic" FSUID="heroic" EGID="heroic" SGID="heroic" FSGID="heroic"
type=EXECVE msg=audit(1769494155.319:2627): argc=3 a0="chmod" a1="+x" a2="payload.sh"
type=CWD msg=audit(1769494155.319:2627): cwd="/tmp/hids_malicious"
type=PATH msg=audit(1769494155.319:2627): item=0 name="/usr/bin/chmod" inode=1578019 dev=08:02 mode=0100755 ouid=0 ogid=0 rdev=00:00 nametype=NORMAL cap_fp=0 cap_fi=0 cap_fe=0 cap_fver=0 cap_frootid=0OUID="root" OGID="root"
type=PATH msg=audit(1769494155.319:2627): item=1 name="/lib64/ld-linux-x86-64.so.2" inode=1575340 dev=08:02 mode=0100755 ouid=0 ogid=0 rdev=00:00 nametype=NORMAL cap_fp=0 cap_fi=0 cap_fe=0 cap_fver=0 cap_frootid=0OUID="root" OGID="root"
type=PROCTITLE msg=audit(1769494155.319:2627): proctitle=63686D6F64002B78007061796C6F61642E7368
type=SYSCALL msg=audit(1769494155.342:2628): arch=c000003e syscall=59 success=yes exit=0 a0=64e1754cf8b0 a1=64e1754d1a20 a2=64e1754c38f0 a3=8 items=2 ppid=4260 pid=4411 auid=1000 uid=1000 gid=1000 euid=1000 suid=1000 fsuid=1000 egid=1000 sgid=1000 fsgid=1000 tty=pts0 ses=3 comm="curl" exe="/usr/bin/curl" subj=unconfined key="process_exec"ARCH=x86_64 SYSCALL=execve AUID="heroic" UID="heroic" GID="heroic" EUID="heroic" SUID="heroic" FSUID="heroic" EGID="heroic" SGID="heroic" FSGID="heroic"
type=EXECVE msg=audit(1769494155.342:2628): argc=3 a0="curl" a1="-s" a2="file:///tmp/hids_malicious/payload.sh"
type=CWD msg=audit(1769494155.342:2628): cwd="/tmp/hids_malicious"
type=PATH msg=audit(1769494155.342:2628): item=0 name="/usr/bin/curl" inode=1573697 dev=08:02 mode=0100755 ouid=0 ogid=0 rdev=00:00 nametype=NORMAL cap_fp=0 cap_fi=0 cap_fe=0 cap_fver=0 cap_frootid=0OUID="root" OGID="root"
type=PATH msg=audit(1769494155.342:2628): item=1 name="/lib64/ld-linux-x86-64.so.2" inode=1575340 dev=08:02 mode=0100755 ouid=0 ogid=0 rdev=00:00 nametype=NORMAL cap_fp=0 cap_fi=0 cap_fe=0 cap_fver=0 cap_frootid=0OUID="root" OGID="root"
type=PROCTITLE msg=audit(1769494155.342:2628): proctitle=6375726C002D730066696C653A2F2F2F746D702F686964735F6D616C6963696F75732F7061796C6F61642E7368
type=SYSCALL msg=audit(1769494155.342:2629): arch=c000003e syscall=59 success=yes exit=0 a0=64e1754cf8b0 a1=64e1754cf3d0 a2=64e1754c38f0 a3=8 items=2 ppid=4260 pid=4412 auid=1000 uid=1000 gid=1000 euid=1000 suid=1000 fsuid=1000 egid=1000 sgid=1000 fsgid=1000 tty=pts0 ses=3 comm="bash" exe="/usr/bin/bash" subj=unconfined key="process_exec"ARCH=x86_64 SYSCALL=execve AUID="heroic" UID="heroic" GID="heroic" EUID="heroic" SUID="heroic" FSUID="heroic" EGID="heroic" SGID="heroic" FSGID="heroic"
type=EXECVE msg=audit(1769494155.342:2629): argc=1 a0="bash"
type=CWD msg=audit(1769494155.342:2629): cwd="/tmp/hids_malicious"
type=PATH msg=audit(1769494155.342:2629): item=0 name="/usr/bin/bash" inode=1573437 dev=08:02 mode=0100755 ouid=0 ogid=0 rdev=00:00 nametype=NORMAL cap_fp=0 cap_fi=0 cap_fe=0 cap_fver=0 cap_frootid=0OUID="root" OGID="root"
type=PATH msg=audit(1769494155.342:2629): item=1 name="/lib64/ld-linux-x86-64.so.2" inode=1575340 dev=08:02 mode=0100755 ouid=0 ogid=0 rdev=00:00 nametype=NORMAL cap_fp=0 cap_fi=0 cap_fe=0 cap_fver=0 cap_frootid=0OUID="root" OGID="root"
type=PROCTITLE msg=audit(1769494155.342:2629): proctitle="bash"
type=SYSCALL msg=audit(1769494155.363:2630): arch=c000003e syscall=59 success=yes exit=0 a0=64e1754cf970 a1=64e1754d03f0 a2=64e1754c38f0 a3=64e1754d03f0 items=2 ppid=4260 pid=4413 auid=1000 uid=1000 gid=1000 euid=0 suid=0 fsuid=0 egid=1000 sgid=1000 fsgid=1000 tty=pts0 ses=3 comm="sudo" exe="/usr/bin/sudo" subj=unconfined key="process_exec"ARCH=x86_64 SYSCALL=execve AUID="heroic" UID="heroic" GID="heroic" EUID="root" SUID="root" FSUID="root" EGID="heroic" SGID="heroic" FSGID="heroic"
type=EXECVE msg=audit(1769494155.363:2630): argc=2 a0="sudo" a1="-l"
type=CWD msg=audit(1769494155.363:2630): cwd="/tmp/hids_malicious"
type=PATH msg=audit(1769494155.363:2630): item=0 name="/usr/bin/sudo" inode=1574274 dev=08:02 mode=0104755 ouid=0 ogid=0 rdev=00:00 nametype=NORMAL cap_fp=0 cap_fi=0 cap_fe=0 cap_fver=0 cap_frootid=0OUID="root" OGID="root"
type=PATH msg=audit(1769494155.363:2630): item=1 name="/lib64/ld-linux-x86-64.so.2" inode=1575340 dev=08:02 mode=0100755 ouid=0 ogid=0 rdev=00:00 nametype=NORMAL cap_fp=0 cap_fi=0 cap_fe=0 cap_fver=0 cap_frootid=0OUID="root" OGID="root"
type=PROCTITLE msg=audit(1769494155.363:2630): proctitle=7375646F002D6C
type=USER_ACCT msg=audit(1769494155.451:2631): pid=4413 uid=1000 auid=1000 ses=3 subj=unconfined msg='op=PAM:accounting grantors=pam_permit,pam_localuser acct="heroic" exe="/usr/bin/sudo" hostname=? addr=? terminal=/dev/pts/0 res=success'UID="heroic" AUID="heroic"
type=SYSCALL msg=audit(1769494155.481:2632): arch=c000003e syscall=59 success=yes exit=0 a0=64e1754d03b0 a1=64e1754d0390 a2=64e1754c38f0 a3=64e1754d0390 items=2 ppid=4260 pid=4414 auid=1000 uid=1000 gid=1000 euid=0 suid=0 fsuid=0 egid=1000 sgid=1000 fsgid=1000 tty=pts0 ses=3 comm="sudo" exe="/usr/bin/sudo" subj=unconfined key="process_exec"ARCH=x86_64 SYSCALL=execve AUID="heroic" UID="heroic" GID="heroic" EUID="root" SUID="root" FSUID="root" EGID="heroic" SGID="heroic" FSGID="heroic"
type=EXECVE msg=audit(1769494155.481:2632): argc=2 a0="sudo" a1="whoami"
type=CWD msg=audit(1769494155.481:2632): cwd="/tmp/hids_malicious"
type=PATH msg=audit(1769494155.481:2632): item=0 name="/usr/bin/sudo" inode=1574274 dev=08:02 mode=0104755 ouid=0 ogid=0 rdev=00:00 nametype=NORMAL cap_fp=0 cap_fi=0 cap_fe=0 cap_fver=0 cap_frootid=0OUID="root" OGID="root"
type=PATH msg=audit(1769494155.481:2632): item=1 name="/lib64/ld-linux-x86-64.so.2" inode=1575340 dev=08:02 mode=0100755 ouid=0 ogid=0 rdev=00:00 nametype=NORMAL cap_fp=0 cap_fi=0 cap_fe=0 cap_fver=0 cap_frootid=0OUID="root" OGID="root"
type=PROCTITLE msg=audit(1769494155.481:2632): proctitle=7375646F0077686F616D69
type=USER_ACCT msg=audit(1769494155.542:2633): pid=4414 uid=1000 auid=1000 ses=3 subj=unconfined msg='op=PAM:accounting grantors=pam_permit,pam_localuser acct="heroic" exe="/usr/bin/sudo" hostname=? addr=? terminal=/dev/pts/0 res=success'UID="heroic" AUID="heroic"
type=USER_CMD msg=audit(1769494155.544:2634): pid=4414 uid=1000 auid=1000 ses=3 subj=unconfined msg='cwd="/tmp/hids_malicious" cmd="whoami" exe="/usr/bin/sudo" terminal=pts/0 res=success'UID="heroic" AUID="heroic"
type=CRED_REFR msg=audit(1769494155.546:2635): pid=4414 uid=1000 auid=1000 ses=3 subj=unconfined msg='op=PAM:setcred grantors=pam_permit,pam_cap acct="root" exe="/usr/bin/sudo" hostname=? addr=? terminal=/dev/pts/0 res=success'UID="heroic" AUID="heroic"
type=USER_START msg=audit(1769494155.546:2636): pid=4414 uid=1000 auid=1000 ses=3 subj=unconfined msg='op=PAM:session_open grantors=pam_limits,pam_env,pam_env,pam_permit,pam_umask,pam_unix acct="root" exe="/usr/bin/sudo" hostname=? addr=? terminal=/dev/pts/0 res=success'UID="heroic" AUID="heroic"
type=SYSCALL msg=audit(1769494155.555:2637): arch=c000003e syscall=59 success=yes exit=0 a0=595f65525b68 a1=595f65535ba0 a2=595f65548340 a3=64 items=2 ppid=4415 pid=4416 auid=1000 uid=0 gid=0 euid=0 suid=0 fsuid=0 egid=0 sgid=0 fsgid=0 tty=pts4 ses=3 comm="whoami" exe="/usr/bin/whoami" subj=unconfined key="process_exec"ARCH=x86_64 SYSCALL=execve AUID="heroic" UID="root" GID="root" EUID="root" SUID="root" FSUID="root" EGID="root" SGID="root" FSGID="root"
type=EXECVE msg=audit(1769494155.555:2637): argc=1 a0="whoami"
type=CWD msg=audit(1769494155.555:2637): cwd="/tmp/hids_malicious"
type=PATH msg=audit(1769494155.555:2637): item=0 name="/usr/bin/whoami" inode=1578239 dev=08:02 mode=0100755 ouid=0 ogid=0 rdev=00:00 nametype=NORMAL cap_fp=0 cap_fi=0 cap_fe=0 cap_fver=0 cap_frootid=0OUID="root" OGID="root"
type=PATH msg=audit(1769494155.555:2637): item=1 name="/lib64/ld-linux-x86-64.so.2" inode=1575340 dev=08:02 mode=0100755 ouid=0 ogid=0 rdev=00:00 nametype=NORMAL cap_fp=0 cap_fi=0 cap_fe=0 cap_fver=0 cap_frootid=0OUID="root" OGID="root"
type=PROCTITLE msg=audit(1769494155.555:2637): proctitle="whoami"
type=USER_END msg=audit(1769494155.568:2638): pid=4414 uid=1000 auid=1000 ses=3 subj=unconfined msg='op=PAM:session_close grantors=pam_limits,pam_env,pam_env,pam_permit,pam_umask,pam_unix acct="root" exe="/usr/bin/sudo" hostname=? addr=? terminal=/dev/pts/0 res=success'UID="heroic" AUID="heroic"
type=CRED_DISP msg=audit(1769494155.568:2639): pid=4414 uid=1000 auid=1000 ses=3 subj=unconfined msg='op=PAM:setcred grantors=pam_permit acct="root" exe="/usr/bin/sudo" hostname=? addr=? terminal=/dev/pts/0 res=success'UID="heroic" AUID="heroic"
type=SYSCALL msg=audit(1769494155.631:2640): arch=c000003e syscall=59 success=yes exit=0 a0=64e1754cf970 a1=64e1754ca090 a2=64e1754c38f0 a3=64e1754d03f0 items=2 ppid=4260 pid=4418 auid=1000 uid=1000 gid=1000 euid=0 suid=0 fsuid=0 egid=1000 sgid=1000 fsgid=1000 tty=pts0 ses=3 comm="sudo" exe="/usr/bin/sudo" subj=unconfined key="process_exec"ARCH=x86_64 SYSCALL=execve AUID="heroic" UID="heroic" GID="heroic" EUID="root" SUID="root" FSUID="root" EGID="heroic" SGID="heroic" FSGID="heroic"
type=EXECVE msg=audit(1769494155.631:2640): argc=3 a0="sudo" a1="tee" a2="/etc/cron.d/hids_persist"
type=CWD msg=audit(1769494155.631:2640): cwd="/tmp/hids_malicious"
type=PATH msg=audit(1769494155.631:2640): item=0 name="/usr/bin/sudo" inode=1574274 dev=08:02 mode=0104755 ouid=0 ogid=0 rdev=00:00 nametype=NORMAL cap_fp=0 cap_fi=0 cap_fe=0 cap_fver=0 cap_frootid=0OUID="root" OGID="root"
type=PATH msg=audit(1769494155.631:2640): item=1 name="/lib64/ld-linux-x86-64.so.2" inode=1575340 dev=08:02 mode=0100755 ouid=0 ogid=0 rdev=00:00 nametype=NORMAL cap_fp=0 cap_fi=0 cap_fe=0 cap_fver=0 cap_frootid=0OUID="root" OGID="root"
type=PROCTITLE msg=audit(1769494155.631:2640): proctitle=7375646F00746565002F6574632F63726F6E2E642F686964735F70657273697374
type=USER_ACCT msg=audit(1769494155.715:2641): pid=4418 uid=1000 auid=1000 ses=3 subj=unconfined msg='op=PAM:accounting grantors=pam_permit,pam_localuser acct="heroic" exe="/usr/bin/sudo" hostname=? addr=? terminal=/dev/pts/0 res=success'UID="heroic" AUID="heroic"
type=USER_CMD msg=audit(1769494155.715:2642): pid=4418 uid=1000 auid=1000 ses=3 subj=unconfined msg='cwd="/tmp/hids_malicious" cmd=746565202F6574632F63726F6E2E642F686964735F70657273697374 exe="/usr/bin/sudo" terminal=pts/0 res=success'UID="heroic" AUID="heroic"
type=CRED_REFR msg=audit(1769494155.717:2643): pid=4418 uid=1000 auid=1000 ses=3 subj=unconfined msg='op=PAM:setcred grantors=pam_permit,pam_cap acct="root" exe="/usr/bin/sudo" hostname=? addr=? terminal=/dev/pts/0 res=success'UID="heroic" AUID="heroic"
type=USER_START msg=audit(1769494155.719:2644): pid=4418 uid=1000 auid=1000 ses=3 subj=unconfined msg='op=PAM:session_open grantors=pam_limits,pam_env,pam_env,pam_permit,pam_umask,pam_unix acct="root" exe="/usr/bin/sudo" hostname=? addr=? terminal=/dev/pts/0 res=success'UID="heroic" AUID="heroic"
type=SYSCALL msg=audit(1769494155.724:2645): arch=c000003e syscall=59 success=yes exit=0 a0=5defd0c76b68 a1=5defd0c86ba0 a2=5defd0c997a0 a3=64 items=2 ppid=4419 pid=4420 auid=1000 uid=0 gid=0 euid=0 suid=0 fsuid=0 egid=0 sgid=0 fsgid=0 tty=pts4 ses=3 comm="tee" exe="/usr/bin/tee" subj=unconfined key="process_exec"ARCH=x86_64 SYSCALL=execve AUID="heroic" UID="root" GID="root" EUID="root" SUID="root" FSUID="root" EGID="root" SGID="root" FSGID="root"
type=EXECVE msg=audit(1769494155.724:2645): argc=2 a0="tee" a1="/etc/cron.d/hids_persist"
type=CWD msg=audit(1769494155.724:2645): cwd="/tmp/hids_malicious"
type=PATH msg=audit(1769494155.724:2645): item=0 name="/usr/bin/tee" inode=1578148 dev=08:02 mode=0100755 ouid=0 ogid=0 rdev=00:00 nametype=NORMAL cap_fp=0 cap_fi=0 cap_fe=0 cap_fver=0 cap_frootid=0OUID="root" OGID="root"
type=PATH msg=audit(1769494155.724:2645): item=1 name="/lib64/ld-linux-x86-64.so.2" inode=1575340 dev=08:02 mode=0100755 ouid=0 ogid=0 rdev=00:00 nametype=NORMAL cap_fp=0 cap_fi=0 cap_fe=0 cap_fver=0 cap_frootid=0OUID="root" OGID="root"
type=PROCTITLE msg=audit(1769494155.724:2645): proctitle=746565002F6574632F63726F6E2E642F686964735F70657273697374
type=SYSCALL msg=audit(1769494155.726:2646): arch=c000003e syscall=257 success=yes exit=3 a0=ffffff9c a1=7ffe44fd772c a2=241 a3=1b6 items=2 ppid=4419 pid=4420 auid=1000 uid=0 gid=0 euid=0 suid=0 fsuid=0 egid=0 sgid=0 fsgid=0 tty=pts4 ses=3 comm="tee" exe="/usr/bin/tee" subj=unconfined key="persistence"ARCH=x86_64 SYSCALL=openat AUID="heroic" UID="root" GID="root" EUID="root" SUID="root" FSUID="root" EGID="root" SGID="root" FSGID="root"
type=CWD msg=audit(1769494155.726:2646): cwd="/tmp/hids_malicious"
type=PATH msg=audit(1769494155.726:2646): item=0 name="/etc/cron.d/" inode=1703968 dev=08:02 mode=040755 ouid=0 ogid=0 rdev=00:00 nametype=PARENT cap_fp=0 cap_fi=0 cap_fe=0 cap_fver=0 cap_frootid=0OUID="root" OGID="root"
type=PATH msg=audit(1769494155.726:2646): item=1 name="/etc/cron.d/hids_persist" inode=1704205 dev=08:02 mode=0100644 ouid=0 ogid=0 rdev=00:00 nametype=CREATE cap_fp=0 cap_fi=0 cap_fe=0 cap_fver=0 cap_frootid=0OUID="root" OGID="root"
type=PROCTITLE msg=audit(1769494155.726:2646): proctitle=746565002F6574632F63726F6E2E642F686964735F70657273697374
type=USER_END msg=audit(1769494155.726:2647): pid=4418 uid=1000 auid=1000 ses=3 subj=unconfined msg='op=PAM:session_close grantors=pam_limits,pam_env,pam_env,pam_permit,pam_umask,pam_unix acct="root" exe="/usr/bin/sudo" hostname=? addr=? terminal=/dev/pts/0 res=success'UID="heroic" AUID="heroic"
type=CRED_DISP msg=audit(1769494155.726:2648): pid=4418 uid=1000 auid=1000 ses=3 subj=unconfined msg='op=PAM:setcred grantors=pam_permit acct="root" exe="/usr/bin/sudo" hostname=? addr=? terminal=/dev/pts/0 res=success'UID="heroic" AUID="heroic"
type=SYSCALL msg=audit(1769494155.736:2649): arch=c000003e syscall=59 success=yes exit=0 a0=64e1754d0390 a1=64e1754d03f0 a2=64e1754c38f0 a3=64e1754d03f0 items=2 ppid=4260 pid=4421 auid=1000 uid=1000 gid=1000 euid=1000 suid=1000 fsuid=1000 egid=1000 sgid=1000 fsgid=1000 tty=pts0 ses=3 comm="sleep" exe="/usr/bin/sleep" subj=unconfined key="process_exec"ARCH=x86_64 SYSCALL=execve AUID="heroic" UID="heroic" GID="heroic" EUID="heroic" SUID="heroic" FSUID="heroic" EGID="heroic" SGID="heroic" FSGID="heroic"
type=EXECVE msg=audit(1769494155.736:2649): argc=2 a0="sleep" a1="5"
type=CWD msg=audit(1769494155.736:2649): cwd="/tmp/hids_malicious"
type=PATH msg=audit(1769494155.736:2649): item=0 name="/usr/bin/sleep" inode=1578138 dev=08:02 mode=0100755 ouid=0 ogid=0 rdev=00:00 nametype=NORMAL cap_fp=0 cap_fi=0 cap_fe=0 cap_fver=0 cap_frootid=0OUID="root" OGID="root"
type=PATH msg=audit(1769494155.736:2649): item=1 name="/lib64/ld-linux-x86-64.so.2" inode=1575340 dev=08:02 mode=0100755 ouid=0 ogid=0 rdev=00:00 nametype=NORMAL cap_fp=0 cap_fi=0 cap_fe=0 cap_fver=0 cap_frootid=0OUID="root" OGID="root"
type=PROCTITLE msg=audit(1769494155.736:2649): proctitle=736C6565700035
type=SYSCALL msg=audit(1769494160.775:2650): arch=c000003e syscall=59 success=yes exit=0 a0=64e1754cfd10 a1=64e1754d1a80 a2=64e1754c38f0 a3=1 items=2 ppid=4260 pid=4422 auid=1000 uid=1000 gid=1000 euid=1000 suid=1000 fsuid=1000 egid=1000 sgid=1000 fsgid=1000 tty=pts0 ses=3 comm="rm" exe="/usr/bin/rm" subj=unconfined key="process_exec"ARCH=x86_64 SYSCALL=execve AUID="heroic" UID="heroic" GID="heroic" EUID="heroic" SUID="heroic" FSUID="heroic" EGID="heroic" SGID="heroic" FSGID="heroic"
type=EXECVE msg=audit(1769494160.775:2650): argc=58 a0="rm" a1="-f" a2="file_10.dat" a3="file_11.dat" a4="file_12.dat" a5="file_13.dat" a6="file_14.dat" a7="file_15.dat" a8="file_16.dat" a9="file_17.dat" a10="file_18.dat" a11="file_19.dat" a12="file_1.dat" a13="file_20.dat" a14="file_21.dat" a15="file_22.dat" a16="file_23.dat" a17="file_24.dat" a18="file_25.dat" a19="file_26.dat" a20="file_27.dat" a21="file_28.dat" a22="file_29.dat" a23="file_2.dat" a24="file_30.dat" a25="file_31.dat" a26="file_32.dat" a27="file_33.dat" a28="file_34.dat" a29="file_35.dat" a30="file_36.dat" a31="file_37.dat" a32="file_38.dat" a33="file_39.dat" a34="file_3.dat" a35="file_40.dat" a36="file_41.dat" a37="file_42.dat" a38="file_43.dat" a39="file_44.dat" a40="file_45.dat" a41="file_46.dat" a42="file_47.dat" a43="file_48.dat" a44="file_49.dat" a45="file_4.dat" a46="file_50.dat" a47="file_5.dat" a48="file_6.dat" a49="file_7.dat" a50="file_8.dat" a51="file_9.dat" a52="payload.sh" a53="recon.txt" a54="netstat.txt" a55="processes.txt" a56="sudo_enum.txt" a57="sudo_test.txt"
type=CWD msg=audit(1769494160.775:2650): cwd="/tmp/hids_malicious"
type=PATH msg=audit(1769494160.775:2650): item=0 name="/usr/bin/rm" inode=1578127 dev=08:02 mode=0100755 ouid=0 ogid=0 rdev=00:00 nametype=NORMAL cap_fp=0 cap_fi=0 cap_fe=0 cap_fver=0 cap_frootid=0OUID="root" OGID="root"
type=PATH msg=audit(1769494160.775:2650): item=1 name="/lib64/ld-linux-x86-64.so.2" inode=1575340 dev=08:02 mode=0100755 ouid=0 ogid=0 rdev=00:00 nametype=NORMAL cap_fp=0 cap_fi=0 cap_fe=0 cap_fver=0 cap_frootid=0OUID="root" OGID="root"
type=PROCTITLE msg=audit(1769494160.775:2650): proctitle=726D002D660066696C655F31302E6461740066696C655F31312E6461740066696C655F31322E6461740066696C655F31332E6461740066696C655F31342E6461740066696C655F31352E6461740066696C655F31362E6461740066696C655F31372E6461740066696C655F31382E6461740066696C655F31392E646174006669
type=SYSCALL msg=audit(1769494160.780:2651): arch=c000003e syscall=59 success=yes exit=0 a0=64e1754cb940 a1=64e1754d0da0 a2=64e1754c38f0 a3=64e1754d0da0 items=2 ppid=4260 pid=4423 auid=1000 uid=1000 gid=1000 euid=0 suid=0 fsuid=0 egid=1000 sgid=1000 fsgid=1000 tty=pts0 ses=3 comm="sudo" exe="/usr/bin/sudo" subj=unconfined key="process_exec"ARCH=x86_64 SYSCALL=execve AUID="heroic" UID="heroic" GID="heroic" EUID="root" SUID="root" FSUID="root" EGID="heroic" SGID="heroic" FSGID="heroic"
type=EXECVE msg=audit(1769494160.780:2651): argc=4 a0="sudo" a1="rm" a2="-f" a3="/etc/cron.d/hids_persist"
type=CWD msg=audit(1769494160.780:2651): cwd="/tmp/hids_malicious"
type=PATH msg=audit(1769494160.780:2651): item=0 name="/usr/bin/sudo" inode=1574274 dev=08:02 mode=0104755 ouid=0 ogid=0 rdev=00:00 nametype=NORMAL cap_fp=0 cap_fi=0 cap_fe=0 cap_fver=0 cap_frootid=0OUID="root" OGID="root"
type=PATH msg=audit(1769494160.780:2651): item=1 name="/lib64/ld-linux-x86-64.so.2" inode=1575340 dev=08:02 mode=0100755 ouid=0 ogid=0 rdev=00:00 nametype=NORMAL cap_fp=0 cap_fi=0 cap_fe=0 cap_fver=0 cap_frootid=0OUID="root" OGID="root"
type=PROCTITLE msg=audit(1769494160.780:2651): proctitle=7375646F00726D002D66002F6574632F63726F6E2E642F686964735F70657273697374
type=USER_ACCT msg=audit(1769494160.897:2652): pid=4423 uid=1000 auid=1000 ses=3 subj=unconfined msg='op=PAM:accounting grantors=pam_permit,pam_localuser acct="heroic" exe="/usr/bin/sudo" hostname=? addr=? terminal=/dev/pts/0 res=success'UID="heroic" AUID="heroic"
type=USER_CMD msg=audit(1769494160.903:2653): pid=4423 uid=1000 auid=1000 ses=3 subj=unconfined msg='cwd="/tmp/hids_malicious" cmd=726D202D66202F6574632F63726F6E2E642F686964735F70657273697374 exe="/usr/bin/sudo" terminal=pts/0 res=success'UID="heroic" AUID="heroic"
type=CRED_REFR msg=audit(1769494160.911:2654): pid=4423 uid=1000 auid=1000 ses=3 subj=unconfined msg='op=PAM:setcred grantors=pam_permit,pam_cap acct="root" exe="/usr/bin/sudo" hostname=? addr=? terminal=/dev/pts/0 res=success'UID="heroic" AUID="heroic"
type=USER_START msg=audit(1769494160.912:2655): pid=4423 uid=1000 auid=1000 ses=3 subj=unconfined msg='op=PAM:session_open grantors=pam_limits,pam_env,pam_env,pam_permit,pam_umask,pam_unix acct="root" exe="/usr/bin/sudo" hostname=? addr=? terminal=/dev/pts/0 res=success'UID="heroic" AUID="heroic"
type=SYSCALL msg=audit(1769494160.929:2656): arch=c000003e syscall=59 success=yes exit=0 a0=641339d58b68 a1=641339d68ba0 a2=641339d7b7a0 a3=64 items=2 ppid=4424 pid=4425 auid=1000 uid=0 gid=0 euid=0 suid=0 fsuid=0 egid=0 sgid=0 fsgid=0 tty=pts4 ses=3 comm="rm" exe="/usr/bin/rm" subj=unconfined key="process_exec"ARCH=x86_64 SYSCALL=execve AUID="heroic" UID="root" GID="root" EUID="root" SUID="root" FSUID="root" EGID="root" SGID="root" FSGID="root"
type=EXECVE msg=audit(1769494160.929:2656): argc=3 a0="rm" a1="-f" a2="/etc/cron.d/hids_persist"
type=CWD msg=audit(1769494160.929:2656): cwd="/tmp/hids_malicious"
type=PATH msg=audit(1769494160.929:2656): item=0 name="/usr/bin/rm" inode=1578127 dev=08:02 mode=0100755 ouid=0 ogid=0 rdev=00:00 nametype=NORMAL cap_fp=0 cap_fi=0 cap_fe=0 cap_fver=0 cap_frootid=0OUID="root" OGID="root"
type=PATH msg=audit(1769494160.929:2656): item=1 name="/lib64/ld-linux-x86-64.so.2" inode=1575340 dev=08:02 mode=0100755 ouid=0 ogid=0 rdev=00:00 nametype=NORMAL cap_fp=0 cap_fi=0 cap_fe=0 cap_fver=0 cap_frootid=0OUID="root" OGID="root"
type=PROCTITLE msg=audit(1769494160.929:2656): proctitle=726D002D66002F6574632F63726F6E2E642F686964735F70657273697374
type=SYSCALL msg=audit(1769494160.944:2657): arch=c000003e syscall=263 success=yes exit=0 a0=ffffff9c a1=5a10dae744a0 a2=0 a3=5a10dae75900 items=2 ppid=4424 pid=4425 auid=1000 uid=0 gid=0 euid=0 suid=0 fsuid=0 egid=0 sgid=0 fsgid=0 tty=pts4 ses=3 comm="rm" exe="/usr/bin/rm" subj=unconfined key="persistence"ARCH=x86_64 SYSCALL=unlinkat AUID="heroic" UID="root" GID="root" EUID="root" SUID="root" FSUID="root" EGID="root" SGID="root" FSGID="root"
type=CWD msg=audit(1769494160.944:2657): cwd="/tmp/hids_malicious"
type=PATH msg=audit(1769494160.944:2657): item=0 name="/etc/cron.d/" inode=1703968 dev=08:02 mode=040755 ouid=0 ogid=0 rdev=00:00 nametype=PARENT cap_fp=0 cap_fi=0 cap_fe=0 cap_fver=0 cap_frootid=0OUID="root" OGID="root"
type=PATH msg=audit(1769494160.944:2657): item=1 name="/etc/cron.d/hids_persist" inode=1704205 dev=08:02 mode=0100644 ouid=0 ogid=0 rdev=00:00 nametype=DELETE cap_fp=0 cap_fi=0 cap_fe=0 cap_fver=0 cap_frootid=0OUID="root" OGID="root"
type=PROCTITLE msg=audit(1769494160.944:2657): proctitle=726D002D66002F6574632F63726F6E2E642F686964735F70657273697374
type=USER_END msg=audit(1769494160.956:2658): pid=4423 uid=1000 auid=1000 ses=3 subj=unconfined msg='op=PAM:session_close grantors=pam_limits,pam_env,pam_env,pam_permit,pam_umask,pam_unix acct="root" exe="/usr/bin/sudo" hostname=? addr=? terminal=/dev/pts/0 res=success'UID="heroic" AUID="heroic"
type=CRED_DISP msg=audit(1769494160.960:2659): pid=4423 uid=1000 auid=1000 ses=3 subj=unconfined msg='op=PAM:setcred grantors=pam_permit acct="root" exe="/usr/bin/sudo" hostname=? addr=? terminal=/dev/pts/0 res=success'UID="heroic" AUID="heroic"
type=SYSCALL msg=audit(1769494160.965:2660): arch=c000003e syscall=59 success=yes exit=0 a0=64e1754cb920 a1=64e1754cd270 a2=64e1754c38f0 a3=64e1754cd270 items=2 ppid=4260 pid=4426 auid=1000 uid=1000 gid=1000 euid=1000 suid=1000 fsuid=1000 egid=1000 sgid=1000 fsgid=1000 tty=pts0 ses=3 comm="rmdir" exe="/usr/bin/rmdir" subj=unconfined key="process_exec"ARCH=x86_64 SYSCALL=execve AUID="heroic" UID="heroic" GID="heroic" EUID="heroic" SUID="heroic" FSUID="heroic" EGID="heroic" SGID="heroic" FSGID="heroic"
type=EXECVE msg=audit(1769494160.965:2660): argc=2 a0="rmdir" a1="/tmp/hids_malicious"
type=CWD msg=audit(1769494160.965:2660): cwd="/tmp/hids_malicious"
type=PATH msg=audit(1769494160.965:2660): item=0 name="/usr/bin/rmdir" inode=1578128 dev=08:02 mode=0100755 ouid=0 ogid=0 rdev=00:00 nametype=NORMAL cap_fp=0 cap_fi=0 cap_fe=0 cap_fver=0 cap_frootid=0OUID="root" OGID="root"
type=PATH msg=audit(1769494160.965:2660): item=1 name="/lib64/ld-linux-x86-64.so.2" inode=1575340 dev=08:02 mode=0100755 ouid=0 ogid=0 rdev=00:00 nametype=NORMAL cap_fp=0 cap_fi=0 cap_fe=0 cap_fver=0 cap_frootid=0OUID="root" OGID="root"
type=PROCTITLE msg=audit(1769494160.965:2660): proctitle=726D646972002F746D702F686964735F6D616C6963696F7573
type=SYSCALL msg=audit(1769494160.997:2661): arch=c000003e syscall=59 success=yes exit=0 a0=64e1754cb940 a1=64e1754cfd10 a2=64e1754c38f0 a3=64e1754cfd10 items=2 ppid=4260 pid=4427 auid=1000 uid=1000 gid=1000 euid=1000 suid=1000 fsuid=1000 egid=1000 sgid=1000 fsgid=1000 tty=pts0 ses=3 comm="sleep" exe="/usr/bin/sleep" subj=unconfined key="process_exec"ARCH=x86_64 SYSCALL=execve AUID="heroic" UID="heroic" GID="heroic" EUID="heroic" SUID="heroic" FSUID="heroic" EGID="heroic" SGID="heroic" FSGID="heroic"
type=EXECVE msg=audit(1769494160.997:2661): argc=2 a0="sleep" a1="90"
type=CWD msg=audit(1769494160.997:2661): cwd=2F746D702F686964735F6D616C6963696F7573202864656C6574656429
type=PATH msg=audit(1769494160.997:2661): item=0 name="/usr/bin/sleep" inode=1578138 dev=08:02 mode=0100755 ouid=0 ogid=0 rdev=00:00 nametype=NORMAL cap_fp=0 cap_fi=0 cap_fe=0 cap_fver=0 cap_frootid=0OUID="root" OGID="root"
type=PATH msg=audit(1769494160.997:2661): item=1 name="/lib64/ld-linux-x86-64.so.2" inode=1575340 dev=08:02 mode=0100755 ouid=0 ogid=0 rdev=00:00 nametype=NORMAL cap_fp=0 cap_fi=0 cap_fe=0 cap_fver=0 cap_frootid=0OUID="root" OGID="root"
type=PROCTITLE msg=audit(1769494160.997:2661): proctitle=736C656570003930
type=SYSCALL msg=audit(1769494206.269:2662): arch=c000003e syscall=59 success=yes exit=0 a0=7ffd2e5d34c0 a1=7ffd2e5d34e0 a2=7ffd2e5d3fd0 a3=8 items=2 ppid=1 pid=4429 auid=4294967295 uid=0 gid=0 euid=0 suid=0 fsuid=0 egid=0 sgid=0 fsgid=0 tty=(none) ses=4294967295 comm="9" exe="/usr/lib/systemd/systemd-executor" subj=unconfined key="process_exec"ARCH=x86_64 SYSCALL=execve AUID="unset" UID="root" GID="root" EUID="root" SUID="root" FSUID="root" EGID="root" SGID="root" FSGID="root"
type=EXECVE msg=audit(1769494206.269:2662): argc=7 a0="/usr/lib/systemd/systemd-executor" a1="--deserialize" a2="119" a3="--log-level" a4="info" a5="--log-target" a6="journal-or-kmsg"
type=CWD msg=audit(1769494206.269:2662): cwd="/"
type=PATH msg=audit(1769494206.269:2662): item=0 name="/proc/self/fd/9" inode=1596504 dev=08:02 mode=0100755 ouid=0 ogid=0 rdev=00:00 nametype=NORMAL cap_fp=0 cap_fi=0 cap_fe=0 cap_fver=0 cap_frootid=0OUID="root" OGID="root"
type=PATH msg=audit(1769494206.269:2662): item=1 name="/lib64/ld-linux-x86-64.so.2" inode=1575340 dev=08:02 mode=0100755 ouid=0 ogid=0 rdev=00:00 nametype=NORMAL cap_fp=0 cap_fi=0 cap_fe=0 cap_fver=0 cap_frootid=0OUID="root" OGID="root"
type=PROCTITLE msg=audit(1769494206.269:2662): proctitle=2F7573722F6C69622F73797374656D642F73797374656D642D6578656375746F72002D2D646573657269616C697A6500313139002D2D6C6F672D6C6576656C00696E666F002D2D6C6F672D746172676574006A6F75726E616C2D6F722D6B6D7367
type=SYSCALL msg=audit(1769494206.362:2663): arch=c000003e syscall=59 success=yes exit=0 a0=611cadac10c0 a1=611cadac11c0 a2=611cadac04b0 a3=611cadac1990 items=3 ppid=1 pid=4429 auid=4294967295 uid=0 gid=0 euid=0 suid=0 fsuid=0 egid=0 sgid=0 fsgid=0 tty=(none) ses=4294967295 comm="sa1" exe="/usr/bin/dash" subj=unconfined key="process_exec"ARCH=x86_64 SYSCALL=execve AUID="unset" UID="root" GID="root" EUID="root" SUID="root" FSUID="root" EGID="root" SGID="root" FSGID="root"
type=EXECVE msg=audit(1769494206.362:2663): argc=4 a0="/bin/sh" a1="/usr/lib/sysstat/sa1" a2="1" a3="1"
type=CWD msg=audit(1769494206.362:2663): cwd="/"
type=PATH msg=audit(1769494206.362:2663): item=0 name="/usr/lib/sysstat/sa1" inode=1582334 dev=08:02 mode=0100755 ouid=0 ogid=0 rdev=00:00 nametype=NORMAL cap_fp=0 cap_fi=0 cap_fe=0 cap_fver=0 cap_frootid=0OUID="root" OGID="root"
type=PATH msg=audit(1769494206.362:2663): item=1 name="/bin/sh" inode=1573518 dev=08:02 mode=0100755 ouid=0 ogid=0 rdev=00:00 nametype=NORMAL cap_fp=0 cap_fi=0 cap_fe=0 cap_fver=0 cap_frootid=0OUID="root" OGID="root"
type=PATH msg=audit(1769494206.362:2663): item=2 name="/lib64/ld-linux-x86-64.so.2" inode=1575340 dev=08:02 mode=0100755 ouid=0 ogid=0 rdev=00:00 nametype=NORMAL cap_fp=0 cap_fi=0 cap_fe=0 cap_fver=0 cap_frootid=0OUID="root" OGID="root"
type=PROCTITLE msg=audit(1769494206.362:2663): proctitle=2F7573722F6C69622F73797374656D642F73797374656D642D6578656375746F72002D2D646573657269616C697A6500313139002D2D6C6F672D6C6576656C00696E666F002D2D6C6F672D746172676574006A6F75726E616C2D6F722D6B6D7367
type=SYSCALL msg=audit(1769494206.393:2664): arch=c000003e syscall=59 success=yes exit=0 a0=5d4170966148 a1=5d4170966228 a2=5d4170966270 a3=0 items=2 ppid=1 pid=4429 auid=4294967295 uid=0 gid=0 euid=0 suid=0 fsuid=0 egid=0 sgid=0 fsgid=0 tty=(none) ses=4294967295 comm="sadc" exe="/usr/lib/sysstat/sadc" subj=unconfined key="process_exec"ARCH=x86_64 SYSCALL=execve AUID="unset" UID="root" GID="root" EUID="root" SUID="root" FSUID="root" EGID="root" SGID="root" FSGID="root"
type=EXECVE msg=audit(1769494206.393:2664): argc=8 a0="/usr/lib/sysstat/sadc" a1="-F" a2="-L" a3="-S" a4="DISK" a5="1" a6="1" a7="/var/log/sysstat"
type=CWD msg=audit(1769494206.393:2664): cwd="/usr/lib/sysstat"
type=PATH msg=audit(1769494206.393:2664): item=0 name="/usr/lib/sysstat/sadc" inode=1582336 dev=08:02 mode=0100755 ouid=0 ogid=0 rdev=00:00 nametype=NORMAL cap_fp=0 cap_fi=0 cap_fe=0 cap_fver=0 cap_frootid=0OUID="root" OGID="root"
type=PATH msg=audit(1769494206.393:2664): item=1 name="/lib64/ld-linux-x86-64.so.2" inode=1575340 dev=08:02 mode=0100755 ouid=0 ogid=0 rdev=00:00 nametype=NORMAL cap_fp=0 cap_fi=0 cap_fe=0 cap_fver=0 cap_frootid=0OUID="root" OGID="root"
type=PROCTITLE msg=audit(1769494206.393:2664): proctitle=2F7573722F6C69622F73797374656D642F73797374656D642D6578656375746F72002D2D646573657269616C697A6500313139002D2D6C6F672D6C6576656C00696E666F002D2D6C6F672D746172676574006A6F75726E616C2D6F722D6B6D7367
type=SERVICE_START msg=audit(1769494206.406:2665): pid=1 uid=0 auid=4294967295 ses=4294967295 subj=unconfined msg='unit=sysstat-collect comm="systemd" exe="/usr/lib/systemd/systemd" hostname=? addr=? terminal=? res=success'UID="root" AUID="unset"
type=SERVICE_STOP msg=audit(1769494206.406:2666): pid=1 uid=0 auid=4294967295 ses=4294967295 subj=unconfined msg='unit=sysstat-collect comm="systemd" exe="/usr/lib/systemd/systemd" hostname=? addr=? terminal=? res=success'UID="root" AUID="unset"
type=SYSCALL msg=audit(1769494251.077:2667): arch=c000003e syscall=59 success=yes exit=0 a0=64e1754cff30 a1=64e1754ca0f0 a2=64e1754c38f0 a3=64e1754d00f0 items=2 ppid=4260 pid=4434 auid=1000 uid=1000 gid=1000 euid=1000 suid=1000 fsuid=1000 egid=1000 sgid=1000 fsgid=1000 tty=pts0 ses=3 comm="mkdir" exe="/usr/bin/mkdir" subj=unconfined key="process_exec"ARCH=x86_64 SYSCALL=execve AUID="heroic" UID="heroic" GID="heroic" EUID="heroic" SUID="heroic" FSUID="heroic" EGID="heroic" SGID="heroic" FSGID="heroic"
type=EXECVE msg=audit(1769494251.077:2667): argc=3 a0="mkdir" a1="-p" a2="/tmp/hids_malicious"
type=CWD msg=audit(1769494251.077:2667): cwd=2F746D702F686964735F6D616C6963696F7573202864656C6574656429
type=PATH msg=audit(1769494251.077:2667): item=0 name="/usr/bin/mkdir" inode=1578106 dev=08:02 mode=0100755 ouid=0 ogid=0 rdev=00:00 nametype=NORMAL cap_fp=0 cap_fi=0 cap_fe=0 cap_fver=0 cap_frootid=0OUID="root" OGID="root"
type=PATH msg=audit(1769494251.077:2667): item=1 name="/lib64/ld-linux-x86-64.so.2" inode=1575340 dev=08:02 mode=0100755 ouid=0 ogid=0 rdev=00:00 nametype=NORMAL cap_fp=0 cap_fi=0 cap_fe=0 cap_fver=0 cap_frootid=0OUID="root" OGID="root"
type=PROCTITLE msg=audit(1769494251.077:2667): proctitle=6D6B646972002D70002F746D702F686964735F6D616C6963696F7573
type=SYSCALL msg=audit(1769494251.128:2668): arch=c000003e syscall=59 success=yes exit=0 a0=64e1754cf950 a1=64e1754d0550 a2=64e1754c38f0 a3=64e1754cff50 items=2 ppid=4260 pid=4435 auid=1000 uid=1000 gid=1000 euid=1000 suid=1000 fsuid=1000 egid=1000 sgid=1000 fsgid=1000 tty=pts0 ses=3 comm="ps" exe="/usr/bin/ps" subj=unconfined key="process_exec"ARCH=x86_64 SYSCALL=execve AUID="heroic" UID="heroic" GID="heroic" EUID="heroic" SUID="heroic" FSUID="heroic" EGID="heroic" SGID="heroic" FSGID="heroic"
type=EXECVE msg=audit(1769494251.128:2668): argc=2 a0="ps" a1="aux"
type=CWD msg=audit(1769494251.128:2668): cwd="/tmp/hids_malicious"
type=PATH msg=audit(1769494251.128:2668): item=0 name="/usr/bin/ps" inode=1574103 dev=08:02 mode=0100755 ouid=0 ogid=0 rdev=00:00 nametype=NORMAL cap_fp=0 cap_fi=0 cap_fe=0 cap_fver=0 cap_frootid=0OUID="root" OGID="root"
type=PATH msg=audit(1769494251.128:2668): item=1 name="/lib64/ld-linux-x86-64.so.2" inode=1575340 dev=08:02 mode=0100755 ouid=0 ogid=0 rdev=00:00 nametype=NORMAL cap_fp=0 cap_fi=0 cap_fe=0 cap_fver=0 cap_frootid=0OUID="root" OGID="root"
type=PROCTITLE msg=audit(1769494251.128:2668): proctitle=707300617578
type=SYSCALL msg=audit(1769494251.282:2669): arch=c000003e syscall=59 success=yes exit=0 a0=64e1754cff30 a1=64e1754cb920 a2=64e1754c38f0 a3=64e1754cb920 items=2 ppid=4260 pid=4436 auid=1000 uid=1000 gid=1000 euid=1000 suid=1000 fsuid=1000 egid=1000 sgid=1000 fsgid=1000 tty=pts0 ses=3 comm="whoami" exe="/usr/bin/whoami" subj=unconfined key="process_exec"ARCH=x86_64 SYSCALL=execve AUID="heroic" UID="heroic" GID="heroic" EUID="heroic" SUID="heroic" FSUID="heroic" EGID="heroic" SGID="heroic" FSGID="heroic"
type=EXECVE msg=audit(1769494251.282:2669): argc=1 a0="whoami"
type=CWD msg=audit(1769494251.282:2669): cwd="/tmp/hids_malicious"
type=PATH msg=audit(1769494251.282:2669): item=0 name="/usr/bin/whoami" inode=1578239 dev=08:02 mode=0100755 ouid=0 ogid=0 rdev=00:00 nametype=NORMAL cap_fp=0 cap_fi=0 cap_fe=0 cap_fver=0 cap_frootid=0OUID="root" OGID="root"
type=PATH msg=audit(1769494251.282:2669): item=1 name="/lib64/ld-linux-x86-64.so.2" inode=1575340 dev=08:02 mode=0100755 ouid=0 ogid=0 rdev=00:00 nametype=NORMAL cap_fp=0 cap_fi=0 cap_fe=0 cap_fver=0 cap_frootid=0OUID="root" OGID="root"
type=PROCTITLE msg=audit(1769494251.282:2669): proctitle="whoami"
type=SYSCALL msg=audit(1769494251.299:2670): arch=c000003e syscall=59 success=yes exit=0 a0=64e1754cff10 a1=64e1754cb880 a2=64e1754c38f0 a3=64e1754cb880 items=2 ppid=4260 pid=4437 auid=1000 uid=1000 gid=1000 euid=1000 suid=1000 fsuid=1000 egid=1000 sgid=1000 fsgid=1000 tty=pts0 ses=3 comm="id" exe="/usr/bin/id" subj=unconfined key="process_exec"ARCH=x86_64 SYSCALL=execve AUID="heroic" UID="heroic" GID="heroic" EUID="heroic" SUID="heroic" FSUID="heroic" EGID="heroic" SGID="heroic" FSGID="heroic"
type=EXECVE msg=audit(1769494251.299:2670): argc=1 a0="id"
type=CWD msg=audit(1769494251.299:2670): cwd="/tmp/hids_malicious"
type=PATH msg=audit(1769494251.299:2670): item=0 name="/usr/bin/id" inode=1578097 dev=08:02 mode=0100755 ouid=0 ogid=0 rdev=00:00 nametype=NORMAL cap_fp=0 cap_fi=0 cap_fe=0 cap_fver=0 cap_frootid=0OUID="root" OGID="root"
type=PATH msg=audit(1769494251.299:2670): item=1 name="/lib64/ld-linux-x86-64.so.2" inode=1575340 dev=08:02 mode=0100755 ouid=0 ogid=0 rdev=00:00 nametype=NORMAL cap_fp=0 cap_fi=0 cap_fe=0 cap_fver=0 cap_frootid=0OUID="root" OGID="root"
type=PROCTITLE msg=audit(1769494251.299:2670): proctitle="id"
type=SYSCALL msg=audit(1769494251.368:2671): arch=c000003e syscall=59 success=yes exit=0 a0=64e1754cff30 a1=64e1754cfc10 a2=64e1754c38f0 a3=64e1754cf950 items=2 ppid=4260 pid=4438 auid=1000 uid=1000 gid=1000 euid=1000 suid=1000 fsuid=1000 egid=1000 sgid=1000 fsgid=1000 tty=pts0 ses=3 comm="uname" exe="/usr/bin/uname" subj=unconfined key="process_exec"ARCH=x86_64 SYSCALL=execve AUID="heroic" UID="heroic" GID="heroic" EUID="heroic" SUID="heroic" FSUID="heroic" EGID="heroic" SGID="heroic" FSGID="heroic"
type=EXECVE msg=audit(1769494251.368:2671): argc=2 a0="uname" a1="-a"
type=CWD msg=audit(1769494251.368:2671): cwd="/tmp/hids_malicious"
type=PATH msg=audit(1769494251.368:2671): item=0 name="/usr/bin/uname" inode=1578226 dev=08:02 mode=0100755 ouid=0 ogid=0 rdev=00:00 nametype=NORMAL cap_fp=0 cap_fi=0 cap_fe=0 cap_fver=0 cap_frootid=0OUID="root" OGID="root"
type=PATH msg=audit(1769494251.368:2671): item=1 name="/lib64/ld-linux-x86-64.so.2" inode=1575340 dev=08:02 mode=0100755 ouid=0 ogid=0 rdev=00:00 nametype=NORMAL cap_fp=0 cap_fi=0 cap_fe=0 cap_fver=0 cap_frootid=0OUID="root" OGID="root"
type=PROCTITLE msg=audit(1769494251.368:2671): proctitle=756E616D65002D61
type=SYSCALL msg=audit(1769494251.425:2672): arch=c000003e syscall=59 success=yes exit=0 a0=64e1754cfc70 a1=64e1754caa40 a2=64e1754c38f0 a3=64e1754d00f0 items=2 ppid=4260 pid=4439 auid=1000 uid=1000 gid=1000 euid=1000 suid=1000 fsuid=1000 egid=1000 sgid=1000 fsgid=1000 tty=pts0 ses=3 comm="ss" exe="/usr/bin/ss" subj=unconfined key="process_exec"ARCH=x86_64 SYSCALL=execve AUID="heroic" UID="heroic" GID="heroic" EUID="heroic" SUID="heroic" FSUID="heroic" EGID="heroic" SGID="heroic" FSGID="heroic"
type=EXECVE msg=audit(1769494251.425:2672): argc=2 a0="ss" a1="-tulnp"
type=CWD msg=audit(1769494251.425:2672): cwd="/tmp/hids_malicious"
type=PATH msg=audit(1769494251.425:2672): item=0 name="/usr/bin/ss" inode=1574256 dev=08:02 mode=0100755 ouid=0 ogid=0 rdev=00:00 nametype=NORMAL cap_fp=0 cap_fi=0 cap_fe=0 cap_fver=0 cap_frootid=0OUID="root" OGID="root"
type=PATH msg=audit(1769494251.425:2672): item=1 name="/lib64/ld-linux-x86-64.so.2" inode=1575340 dev=08:02 mode=0100755 ouid=0 ogid=0 rdev=00:00 nametype=NORMAL cap_fp=0 cap_fi=0 cap_fe=0 cap_fver=0 cap_frootid=0OUID="root" OGID="root"
type=PROCTITLE msg=audit(1769494251.425:2672): proctitle=7373002D74756C6E70
type=SYSCALL msg=audit(1769494251.478:2673): arch=c000003e syscall=59 success=yes exit=0 a0=64e1754cff30 a1=64e1754d0e90 a2=64e1754c38f0 a3=64e1754cff10 items=2 ppid=4260 pid=4440 auid=1000 uid=1000 gid=1000 euid=1000 suid=1000 fsuid=1000 egid=1000 sgid=1000 fsgid=1000 tty=pts0 ses=3 comm="chmod" exe="/usr/bin/chmod" subj=unconfined key="process_exec"ARCH=x86_64 SYSCALL=execve AUID="heroic" UID="heroic" GID="heroic" EUID="heroic" SUID="heroic" FSUID="heroic" EGID="heroic" SGID="heroic" FSGID="heroic"
type=EXECVE msg=audit(1769494251.478:2673): argc=3 a0="chmod" a1="+x" a2="payload.sh"
type=CWD msg=audit(1769494251.478:2673): cwd="/tmp/hids_malicious"
type=PATH msg=audit(1769494251.478:2673): item=0 name="/usr/bin/chmod" inode=1578019 dev=08:02 mode=0100755 ouid=0 ogid=0 rdev=00:00 nametype=NORMAL cap_fp=0 cap_fi=0 cap_fe=0 cap_fver=0 cap_frootid=0OUID="root" OGID="root"
type=PATH msg=audit(1769494251.478:2673): item=1 name="/lib64/ld-linux-x86-64.so.2" inode=1575340 dev=08:02 mode=0100755 ouid=0 ogid=0 rdev=00:00 nametype=NORMAL cap_fp=0 cap_fi=0 cap_fe=0 cap_fver=0 cap_frootid=0OUID="root" OGID="root"
type=PROCTITLE msg=audit(1769494251.478:2673): proctitle=63686D6F64002B78007061796C6F61642E7368
type=SYSCALL msg=audit(1769494251.520:2674): arch=c000003e syscall=59 success=yes exit=0 a0=64e1754cb920 a1=64e1754d1250 a2=64e1754c38f0 a3=8 items=2 ppid=4260 pid=4441 auid=1000 uid=1000 gid=1000 euid=1000 suid=1000 fsuid=1000 egid=1000 sgid=1000 fsgid=1000 tty=pts0 ses=3 comm="curl" exe="/usr/bin/curl" subj=unconfined key="process_exec"ARCH=x86_64 SYSCALL=execve AUID="heroic" UID="heroic" GID="heroic" EUID="heroic" SUID="heroic" FSUID="heroic" EGID="heroic" SGID="heroic" FSGID="heroic"
type=EXECVE msg=audit(1769494251.520:2674): argc=3 a0="curl" a1="-s" a2="file:///tmp/hids_malicious/payload.sh"
type=CWD msg=audit(1769494251.520:2674): cwd="/tmp/hids_malicious"
type=PATH msg=audit(1769494251.520:2674): item=0 name="/usr/bin/curl" inode=1573697 dev=08:02 mode=0100755 ouid=0 ogid=0 rdev=00:00 nametype=NORMAL cap_fp=0 cap_fi=0 cap_fe=0 cap_fver=0 cap_frootid=0OUID="root" OGID="root"
type=PATH msg=audit(1769494251.520:2674): item=1 name="/lib64/ld-linux-x86-64.so.2" inode=1575340 dev=08:02 mode=0100755 ouid=0 ogid=0 rdev=00:00 nametype=NORMAL cap_fp=0 cap_fi=0 cap_fe=0 cap_fver=0 cap_frootid=0OUID="root" OGID="root"
type=PROCTITLE msg=audit(1769494251.520:2674): proctitle=6375726C002D730066696C653A2F2F2F746D702F686964735F6D616C6963696F75732F7061796C6F61642E7368
type=SYSCALL msg=audit(1769494251.545:2675): arch=c000003e syscall=59 success=yes exit=0 a0=64e1754cb920 a1=64e1754cb6e0 a2=64e1754c38f0 a3=8 items=2 ppid=4260 pid=4442 auid=1000 uid=1000 gid=1000 euid=1000 suid=1000 fsuid=1000 egid=1000 sgid=1000 fsgid=1000 tty=pts0 ses=3 comm="bash" exe="/usr/bin/bash" subj=unconfined key="process_exec"ARCH=x86_64 SYSCALL=execve AUID="heroic" UID="heroic" GID="heroic" EUID="heroic" SUID="heroic" FSUID="heroic" EGID="heroic" SGID="heroic" FSGID="heroic"
type=EXECVE msg=audit(1769494251.545:2675): argc=1 a0="bash"
type=CWD msg=audit(1769494251.545:2675): cwd="/tmp/hids_malicious"
type=PATH msg=audit(1769494251.545:2675): item=0 name="/usr/bin/bash" inode=1573437 dev=08:02 mode=0100755 ouid=0 ogid=0 rdev=00:00 nametype=NORMAL cap_fp=0 cap_fi=0 cap_fe=0 cap_fver=0 cap_frootid=0OUID="root" OGID="root"
type=PATH msg=audit(1769494251.545:2675): item=1 name="/lib64/ld-linux-x86-64.so.2" inode=1575340 dev=08:02 mode=0100755 ouid=0 ogid=0 rdev=00:00 nametype=NORMAL cap_fp=0 cap_fi=0 cap_fe=0 cap_fver=0 cap_frootid=0OUID="root" OGID="root"
type=PROCTITLE msg=audit(1769494251.545:2675): proctitle="bash"
type=SYSCALL msg=audit(1769494251.575:2676): arch=c000003e syscall=59 success=yes exit=0 a0=64e1754cfc70 a1=64e1754cff70 a2=64e1754c38f0 a3=64e1754cff70 items=2 ppid=4260 pid=4443 auid=1000 uid=1000 gid=1000 euid=0 suid=0 fsuid=0 egid=1000 sgid=1000 fsgid=1000 tty=pts0 ses=3 comm="sudo" exe="/usr/bin/sudo" subj=unconfined key="process_exec"ARCH=x86_64 SYSCALL=execve AUID="heroic" UID="heroic" GID="heroic" EUID="root" SUID="root" FSUID="root" EGID="heroic" SGID="heroic" FSGID="heroic"
type=EXECVE msg=audit(1769494251.575:2676): argc=2 a0="sudo" a1="-l"
type=CWD msg=audit(1769494251.575:2676): cwd="/tmp/hids_malicious"
type=PATH msg=audit(1769494251.575:2676): item=0 name="/usr/bin/sudo" inode=1574274 dev=08:02 mode=0104755 ouid=0 ogid=0 rdev=00:00 nametype=NORMAL cap_fp=0 cap_fi=0 cap_fe=0 cap_fver=0 cap_frootid=0OUID="root" OGID="root"
type=PATH msg=audit(1769494251.575:2676): item=1 name="/lib64/ld-linux-x86-64.so.2" inode=1575340 dev=08:02 mode=0100755 ouid=0 ogid=0 rdev=00:00 nametype=NORMAL cap_fp=0 cap_fi=0 cap_fe=0 cap_fver=0 cap_frootid=0OUID="root" OGID="root"
type=PROCTITLE msg=audit(1769494251.575:2676): proctitle=7375646F002D6C
type=USER_ACCT msg=audit(1769494251.618:2677): pid=4443 uid=1000 auid=1000 ses=3 subj=unconfined msg='op=PAM:accounting grantors=pam_permit,pam_localuser acct="heroic" exe="/usr/bin/sudo" hostname=? addr=? terminal=/dev/pts/0 res=success'UID="heroic" AUID="heroic"
type=SYSCALL msg=audit(1769494251.628:2678): arch=c000003e syscall=59 success=yes exit=0 a0=64e1754cff30 a1=64e1754cff10 a2=64e1754c38f0 a3=64e1754cff10 items=2 ppid=4260 pid=4444 auid=1000 uid=1000 gid=1000 euid=0 suid=0 fsuid=0 egid=1000 sgid=1000 fsgid=1000 tty=pts0 ses=3 comm="sudo" exe="/usr/bin/sudo" subj=unconfined key="process_exec"ARCH=x86_64 SYSCALL=execve AUID="heroic" UID="heroic" GID="heroic" EUID="root" SUID="root" FSUID="root" EGID="heroic" SGID="heroic" FSGID="heroic"
type=EXECVE msg=audit(1769494251.628:2678): argc=2 a0="sudo" a1="whoami"
type=CWD msg=audit(1769494251.628:2678): cwd="/tmp/hids_malicious"
type=PATH msg=audit(1769494251.628:2678): item=0 name="/usr/bin/sudo" inode=1574274 dev=08:02 mode=0104755 ouid=0 ogid=0 rdev=00:00 nametype=NORMAL cap_fp=0 cap_fi=0 cap_fe=0 cap_fver=0 cap_frootid=0OUID="root" OGID="root"
type=PATH msg=audit(1769494251.628:2678): item=1 name="/lib64/ld-linux-x86-64.so.2" inode=1575340 dev=08:02 mode=0100755 ouid=0 ogid=0 rdev=00:00 nametype=NORMAL cap_fp=0 cap_fi=0 cap_fe=0 cap_fver=0 cap_frootid=0OUID="root" OGID="root"
type=PROCTITLE msg=audit(1769494251.628:2678): proctitle=7375646F0077686F616D69
type=USER_ACCT msg=audit(1769494251.853:2679): pid=4444 uid=1000 auid=1000 ses=3 subj=unconfined msg='op=PAM:accounting grantors=pam_permit,pam_localuser acct="heroic" exe="/usr/bin/sudo" hostname=? addr=? terminal=/dev/pts/0 res=success'UID="heroic" AUID="heroic"
type=USER_CMD msg=audit(1769494251.863:2680): pid=4444 uid=1000 auid=1000 ses=3 subj=unconfined msg='cwd="/tmp/hids_malicious" cmd="whoami" exe="/usr/bin/sudo" terminal=pts/0 res=success'UID="heroic" AUID="heroic"
type=CRED_REFR msg=audit(1769494251.870:2681): pid=4444 uid=1000 auid=1000 ses=3 subj=unconfined msg='op=PAM:setcred grantors=pam_permit,pam_cap acct="root" exe="/usr/bin/sudo" hostname=? addr=? terminal=/dev/pts/0 res=success'UID="heroic" AUID="heroic"
type=USER_START msg=audit(1769494251.871:2682): pid=4444 uid=1000 auid=1000 ses=3 subj=unconfined msg='op=PAM:session_open grantors=pam_limits,pam_env,pam_env,pam_permit,pam_umask,pam_unix acct="root" exe="/usr/bin/sudo" hostname=? addr=? terminal=/dev/pts/0 res=success'UID="heroic" AUID="heroic"
type=SYSCALL msg=audit(1769494251.881:2683): arch=c000003e syscall=59 success=yes exit=0 a0=57d4fff51b68 a1=57d4fff61ba0 a2=57d4fff74340 a3=64 items=2 ppid=4445 pid=4446 auid=1000 uid=0 gid=0 euid=0 suid=0 fsuid=0 egid=0 sgid=0 fsgid=0 tty=pts4 ses=3 comm="whoami" exe="/usr/bin/whoami" subj=unconfined key="process_exec"ARCH=x86_64 SYSCALL=execve AUID="heroic" UID="root" GID="root" EUID="root" SUID="root" FSUID="root" EGID="root" SGID="root" FSGID="root"
type=EXECVE msg=audit(1769494251.881:2683): argc=1 a0="whoami"
type=CWD msg=audit(1769494251.881:2683): cwd="/tmp/hids_malicious"
type=PATH msg=audit(1769494251.881:2683): item=0 name="/usr/bin/whoami" inode=1578239 dev=08:02 mode=0100755 ouid=0 ogid=0 rdev=00:00 nametype=NORMAL cap_fp=0 cap_fi=0 cap_fe=0 cap_fver=0 cap_frootid=0OUID="root" OGID="root"
type=PATH msg=audit(1769494251.881:2683): item=1 name="/lib64/ld-linux-x86-64.so.2" inode=1575340 dev=08:02 mode=0100755 ouid=0 ogid=0 rdev=00:00 nametype=NORMAL cap_fp=0 cap_fi=0 cap_fe=0 cap_fver=0 cap_frootid=0OUID="root" OGID="root"
type=PROCTITLE msg=audit(1769494251.881:2683): proctitle="whoami"
type=USER_END msg=audit(1769494251.904:2684): pid=4444 uid=1000 auid=1000 ses=3 subj=unconfined msg='op=PAM:session_close grantors=pam_limits,pam_env,pam_env,pam_permit,pam_umask,pam_unix acct="root" exe="/usr/bin/sudo" hostname=? addr=? terminal=/dev/pts/0 res=success'UID="heroic" AUID="heroic"
type=CRED_DISP msg=audit(1769494251.904:2685): pid=4444 uid=1000 auid=1000 ses=3 subj=unconfined msg='op=PAM:setcred grantors=pam_permit acct="root" exe="/usr/bin/sudo" hostname=? addr=? terminal=/dev/pts/0 res=success'UID="heroic" AUID="heroic"
type=SYSCALL msg=audit(1769494251.908:2686): arch=c000003e syscall=59 success=yes exit=0 a0=64e1754cfc70 a1=64e1754ca900 a2=64e1754c38f0 a3=64e1754cff70 items=2 ppid=4260 pid=4448 auid=1000 uid=1000 gid=1000 euid=0 suid=0 fsuid=0 egid=1000 sgid=1000 fsgid=1000 tty=pts0 ses=3 comm="sudo" exe="/usr/bin/sudo" subj=unconfined key="process_exec"ARCH=x86_64 SYSCALL=execve AUID="heroic" UID="heroic" GID="heroic" EUID="root" SUID="root" FSUID="root" EGID="heroic" SGID="heroic" FSGID="heroic"
type=EXECVE msg=audit(1769494251.908:2686): argc=3 a0="sudo" a1="tee" a2="/etc/cron.d/hids_persist"
type=CWD msg=audit(1769494251.908:2686): cwd="/tmp/hids_malicious"
type=PATH msg=audit(1769494251.908:2686): item=0 name="/usr/bin/sudo" inode=1574274 dev=08:02 mode=0104755 ouid=0 ogid=0 rdev=00:00 nametype=NORMAL cap_fp=0 cap_fi=0 cap_fe=0 cap_fver=0 cap_frootid=0OUID="root" OGID="root"
type=PATH msg=audit(1769494251.908:2686): item=1 name="/lib64/ld-linux-x86-64.so.2" inode=1575340 dev=08:02 mode=0100755 ouid=0 ogid=0 rdev=00:00 nametype=NORMAL cap_fp=0 cap_fi=0 cap_fe=0 cap_fver=0 cap_frootid=0OUID="root" OGID="root"
type=PROCTITLE msg=audit(1769494251.908:2686): proctitle=7375646F00746565002F6574632F63726F6E2E642F686964735F70657273697374
type=USER_ACCT msg=audit(1769494251.933:2687): pid=4448 uid=1000 auid=1000 ses=3 subj=unconfined msg='op=PAM:accounting grantors=pam_permit,pam_localuser acct="heroic" exe="/usr/bin/sudo" hostname=? addr=? terminal=/dev/pts/0 res=success'UID="heroic" AUID="heroic"
type=USER_CMD msg=audit(1769494251.934:2688): pid=4448 uid=1000 auid=1000 ses=3 subj=unconfined msg='cwd="/tmp/hids_malicious" cmd=746565202F6574632F63726F6E2E642F686964735F70657273697374 exe="/usr/bin/sudo" terminal=pts/0 res=success'UID="heroic" AUID="heroic"
type=CRED_REFR msg=audit(1769494251.938:2689): pid=4448 uid=1000 auid=1000 ses=3 subj=unconfined msg='op=PAM:setcred grantors=pam_permit,pam_cap acct="root" exe="/usr/bin/sudo" hostname=? addr=? terminal=/dev/pts/0 res=success'UID="heroic" AUID="heroic"
type=USER_START msg=audit(1769494251.938:2690): pid=4448 uid=1000 auid=1000 ses=3 subj=unconfined msg='op=PAM:session_open grantors=pam_limits,pam_env,pam_env,pam_permit,pam_umask,pam_unix acct="root" exe="/usr/bin/sudo" hostname=? addr=? terminal=/dev/pts/0 res=success'UID="heroic" AUID="heroic"
type=SYSCALL msg=audit(1769494251.942:2691): arch=c000003e syscall=59 success=yes exit=0 a0=62a716367b68 a1=62a716377ba0 a2=62a71638a7a0 a3=64 items=2 ppid=4449 pid=4450 auid=1000 uid=0 gid=0 euid=0 suid=0 fsuid=0 egid=0 sgid=0 fsgid=0 tty=pts4 ses=3 comm="tee" exe="/usr/bin/tee" subj=unconfined key="process_exec"ARCH=x86_64 SYSCALL=execve AUID="heroic" UID="root" GID="root" EUID="root" SUID="root" FSUID="root" EGID="root" SGID="root" FSGID="root"
type=EXECVE msg=audit(1769494251.942:2691): argc=2 a0="tee" a1="/etc/cron.d/hids_persist"
type=CWD msg=audit(1769494251.942:2691): cwd="/tmp/hids_malicious"
type=PATH msg=audit(1769494251.942:2691): item=0 name="/usr/bin/tee" inode=1578148 dev=08:02 mode=0100755 ouid=0 ogid=0 rdev=00:00 nametype=NORMAL cap_fp=0 cap_fi=0 cap_fe=0 cap_fver=0 cap_frootid=0OUID="root" OGID="root"
type=PATH msg=audit(1769494251.942:2691): item=1 name="/lib64/ld-linux-x86-64.so.2" inode=1575340 dev=08:02 mode=0100755 ouid=0 ogid=0 rdev=00:00 nametype=NORMAL cap_fp=0 cap_fi=0 cap_fe=0 cap_fver=0 cap_frootid=0OUID="root" OGID="root"
type=PROCTITLE msg=audit(1769494251.942:2691): proctitle=746565002F6574632F63726F6E2E642F686964735F70657273697374
type=SYSCALL msg=audit(1769494251.946:2692): arch=c000003e syscall=257 success=yes exit=3 a0=ffffff9c a1=7ffe152dd72c a2=241 a3=1b6 items=2 ppid=4449 pid=4450 auid=1000 uid=0 gid=0 euid=0 suid=0 fsuid=0 egid=0 sgid=0 fsgid=0 tty=pts4 ses=3 comm="tee" exe="/usr/bin/tee" subj=unconfined key="persistence"ARCH=x86_64 SYSCALL=openat AUID="heroic" UID="root" GID="root" EUID="root" SUID="root" FSUID="root" EGID="root" SGID="root" FSGID="root"
type=CWD msg=audit(1769494251.946:2692): cwd="/tmp/hids_malicious"
type=PATH msg=audit(1769494251.946:2692): item=0 name="/etc/cron.d/" inode=1703968 dev=08:02 mode=040755 ouid=0 ogid=0 rdev=00:00 nametype=PARENT cap_fp=0 cap_fi=0 cap_fe=0 cap_fver=0 cap_frootid=0OUID="root" OGID="root"
type=PATH msg=audit(1769494251.946:2692): item=1 name="/etc/cron.d/hids_persist" inode=1704205 dev=08:02 mode=0100644 ouid=0 ogid=0 rdev=00:00 nametype=CREATE cap_fp=0 cap_fi=0 cap_fe=0 cap_fver=0 cap_frootid=0OUID="root" OGID="root"
type=PROCTITLE msg=audit(1769494251.946:2692): proctitle=746565002F6574632F63726F6E2E642F686964735F70657273697374
type=USER_END msg=audit(1769494251.950:2693): pid=4448 uid=1000 auid=1000 ses=3 subj=unconfined msg='op=PAM:session_close grantors=pam_limits,pam_env,pam_env,pam_permit,pam_umask,pam_unix acct="root" exe="/usr/bin/sudo" hostname=? addr=? terminal=/dev/pts/0 res=success'UID="heroic" AUID="heroic"
type=CRED_DISP msg=audit(1769494251.950:2694): pid=4448 uid=1000 auid=1000 ses=3 subj=unconfined msg='op=PAM:setcred grantors=pam_permit acct="root" exe="/usr/bin/sudo" hostname=? addr=? terminal=/dev/pts/0 res=success'UID="heroic" AUID="heroic"
type=SYSCALL msg=audit(1769494251.960:2695): arch=c000003e syscall=59 success=yes exit=0 a0=64e1754cff10 a1=64e1754cff70 a2=64e1754c38f0 a3=64e1754cff70 items=2 ppid=4260 pid=4451 auid=1000 uid=1000 gid=1000 euid=1000 suid=1000 fsuid=1000 egid=1000 sgid=1000 fsgid=1000 tty=pts0 ses=3 comm="sleep" exe="/usr/bin/sleep" subj=unconfined key="process_exec"ARCH=x86_64 SYSCALL=execve AUID="heroic" UID="heroic" GID="heroic" EUID="heroic" SUID="heroic" FSUID="heroic" EGID="heroic" SGID="heroic" FSGID="heroic"
type=EXECVE msg=audit(1769494251.960:2695): argc=2 a0="sleep" a1="5"
type=CWD msg=audit(1769494251.960:2695): cwd="/tmp/hids_malicious"
type=PATH msg=audit(1769494251.960:2695): item=0 name="/usr/bin/sleep" inode=1578138 dev=08:02 mode=0100755 ouid=0 ogid=0 rdev=00:00 nametype=NORMAL cap_fp=0 cap_fi=0 cap_fe=0 cap_fver=0 cap_frootid=0OUID="root" OGID="root"
type=PATH msg=audit(1769494251.960:2695): item=1 name="/lib64/ld-linux-x86-64.so.2" inode=1575340 dev=08:02 mode=0100755 ouid=0 ogid=0 rdev=00:00 nametype=NORMAL cap_fp=0 cap_fi=0 cap_fe=0 cap_fver=0 cap_frootid=0OUID="root" OGID="root"
type=PROCTITLE msg=audit(1769494251.960:2695): proctitle=736C6565700035
type=SYSCALL msg=audit(1769494256.974:2696): arch=c000003e syscall=59 success=yes exit=0 a0=64e1754cb6e0 a1=64e1754d1a80 a2=64e1754c38f0 a3=1 items=2 ppid=4260 pid=4452 auid=1000 uid=1000 gid=1000 euid=1000 suid=1000 fsuid=1000 egid=1000 sgid=1000 fsgid=1000 tty=pts0 ses=3 comm="rm" exe="/usr/bin/rm" subj=unconfined key="process_exec"ARCH=x86_64 SYSCALL=execve AUID="heroic" UID="heroic" GID="heroic" EUID="heroic" SUID="heroic" FSUID="heroic" EGID="heroic" SGID="heroic" FSGID="heroic"
type=EXECVE msg=audit(1769494256.974:2696): argc=58 a0="rm" a1="-f" a2="file_10.dat" a3="file_11.dat" a4="file_12.dat" a5="file_13.dat" a6="file_14.dat" a7="file_15.dat" a8="file_16.dat" a9="file_17.dat" a10="file_18.dat" a11="file_19.dat" a12="file_1.dat" a13="file_20.dat" a14="file_21.dat" a15="file_22.dat" a16="file_23.dat" a17="file_24.dat" a18="file_25.dat" a19="file_26.dat" a20="file_27.dat" a21="file_28.dat" a22="file_29.dat" a23="file_2.dat" a24="file_30.dat" a25="file_31.dat" a26="file_32.dat" a27="file_33.dat" a28="file_34.dat" a29="file_35.dat" a30="file_36.dat" a31="file_37.dat" a32="file_38.dat" a33="file_39.dat" a34="file_3.dat" a35="file_40.dat" a36="file_41.dat" a37="file_42.dat" a38="file_43.dat" a39="file_44.dat" a40="file_45.dat" a41="file_46.dat" a42="file_47.dat" a43="file_48.dat" a44="file_49.dat" a45="file_4.dat" a46="file_50.dat" a47="file_5.dat" a48="file_6.dat" a49="file_7.dat" a50="file_8.dat" a51="file_9.dat" a52="payload.sh" a53="recon.txt" a54="netstat.txt" a55="processes.txt" a56="sudo_enum.txt" a57="sudo_test.txt"
type=CWD msg=audit(1769494256.974:2696): cwd="/tmp/hids_malicious"
type=PATH msg=audit(1769494256.974:2696): item=0 name="/usr/bin/rm" inode=1578127 dev=08:02 mode=0100755 ouid=0 ogid=0 rdev=00:00 nametype=NORMAL cap_fp=0 cap_fi=0 cap_fe=0 cap_fver=0 cap_frootid=0OUID="root" OGID="root"
type=PATH msg=audit(1769494256.974:2696): item=1 name="/lib64/ld-linux-x86-64.so.2" inode=1575340 dev=08:02 mode=0100755 ouid=0 ogid=0 rdev=00:00 nametype=NORMAL cap_fp=0 cap_fi=0 cap_fe=0 cap_fver=0 cap_frootid=0OUID="root" OGID="root"
type=PROCTITLE msg=audit(1769494256.974:2696): proctitle=726D002D660066696C655F31302E6461740066696C655F31312E6461740066696C655F31322E6461740066696C655F31332E6461740066696C655F31342E6461740066696C655F31352E6461740066696C655F31362E6461740066696C655F31372E6461740066696C655F31382E6461740066696C655F31392E646174006669
type=SYSCALL msg=audit(1769494256.984:2697): arch=c000003e syscall=59 success=yes exit=0 a0=64e1754ca420 a1=64e1754d0ce0 a2=64e1754c38f0 a3=64e1754d0ce0 items=2 ppid=4260 pid=4453 auid=1000 uid=1000 gid=1000 euid=0 suid=0 fsuid=0 egid=1000 sgid=1000 fsgid=1000 tty=pts0 ses=3 comm="sudo" exe="/usr/bin/sudo" subj=unconfined key="process_exec"ARCH=x86_64 SYSCALL=execve AUID="heroic" UID="heroic" GID="heroic" EUID="root" SUID="root" FSUID="root" EGID="heroic" SGID="heroic" FSGID="heroic"
type=EXECVE msg=audit(1769494256.984:2697): argc=4 a0="sudo" a1="rm" a2="-f" a3="/etc/cron.d/hids_persist"
type=CWD msg=audit(1769494256.984:2697): cwd="/tmp/hids_malicious"
type=PATH msg=audit(1769494256.984:2697): item=0 name="/usr/bin/sudo" inode=1574274 dev=08:02 mode=0104755 ouid=0 ogid=0 rdev=00:00 nametype=NORMAL cap_fp=0 cap_fi=0 cap_fe=0 cap_fver=0 cap_frootid=0OUID="root" OGID="root"
type=PATH msg=audit(1769494256.984:2697): item=1 name="/lib64/ld-linux-x86-64.so.2" inode=1575340 dev=08:02 mode=0100755 ouid=0 ogid=0 rdev=00:00 nametype=NORMAL cap_fp=0 cap_fi=0 cap_fe=0 cap_fver=0 cap_frootid=0OUID="root" OGID="root"
type=PROCTITLE msg=audit(1769494256.984:2697): proctitle=7375646F00726D002D66002F6574632F63726F6E2E642F686964735F70657273697374
type=USER_ACCT msg=audit(1769494257.109:2698): pid=4453 uid=1000 auid=1000 ses=3 subj=unconfined msg='op=PAM:accounting grantors=pam_permit,pam_localuser acct="heroic" exe="/usr/bin/sudo" hostname=? addr=? terminal=/dev/pts/0 res=success'UID="heroic" AUID="heroic"
type=USER_CMD msg=audit(1769494257.118:2699): pid=4453 uid=1000 auid=1000 ses=3 subj=unconfined msg='cwd="/tmp/hids_malicious" cmd=726D202D66202F6574632F63726F6E2E642F686964735F70657273697374 exe="/usr/bin/sudo" terminal=pts/0 res=success'UID="heroic" AUID="heroic"
type=CRED_REFR msg=audit(1769494257.118:2700): pid=4453 uid=1000 auid=1000 ses=3 subj=unconfined msg='op=PAM:setcred grantors=pam_permit,pam_cap acct="root" exe="/usr/bin/sudo" hostname=? addr=? terminal=/dev/pts/0 res=success'UID="heroic" AUID="heroic"
type=USER_START msg=audit(1769494257.124:2701): pid=4453 uid=1000 auid=1000 ses=3 subj=unconfined msg='op=PAM:session_open grantors=pam_limits,pam_env,pam_env,pam_permit,pam_umask,pam_unix acct="root" exe="/usr/bin/sudo" hostname=? addr=? terminal=/dev/pts/0 res=success'UID="heroic" AUID="heroic"
type=SYSCALL msg=audit(1769494257.147:2702): arch=c000003e syscall=59 success=yes exit=0 a0=5df8b09ddb68 a1=5df8b09edba0 a2=5df8b0a007a0 a3=64 items=2 ppid=4454 pid=4455 auid=1000 uid=0 gid=0 euid=0 suid=0 fsuid=0 egid=0 sgid=0 fsgid=0 tty=pts4 ses=3 comm="rm" exe="/usr/bin/rm" subj=unconfined key="process_exec"ARCH=x86_64 SYSCALL=execve AUID="heroic" UID="root" GID="root" EUID="root" SUID="root" FSUID="root" EGID="root" SGID="root" FSGID="root"
type=EXECVE msg=audit(1769494257.147:2702): argc=3 a0="rm" a1="-f" a2="/etc/cron.d/hids_persist"
type=CWD msg=audit(1769494257.147:2702): cwd="/tmp/hids_malicious"
type=PATH msg=audit(1769494257.147:2702): item=0 name="/usr/bin/rm" inode=1578127 dev=08:02 mode=0100755 ouid=0 ogid=0 rdev=00:00 nametype=NORMAL cap_fp=0 cap_fi=0 cap_fe=0 cap_fver=0 cap_frootid=0OUID="root" OGID="root"
type=PATH msg=audit(1769494257.147:2702): item=1 name="/lib64/ld-linux-x86-64.so.2" inode=1575340 dev=08:02 mode=0100755 ouid=0 ogid=0 rdev=00:00 nametype=NORMAL cap_fp=0 cap_fi=0 cap_fe=0 cap_fver=0 cap_frootid=0OUID="root" OGID="root"
type=PROCTITLE msg=audit(1769494257.147:2702): proctitle=726D002D66002F6574632F63726F6E2E642F686964735F70657273697374
type=SYSCALL msg=audit(1769494257.151:2703): arch=c000003e syscall=263 success=yes exit=0 a0=ffffff9c a1=5a6a7b1204a0 a2=0 a3=5a6a7b121900 items=2 ppid=4454 pid=4455 auid=1000 uid=0 gid=0 euid=0 suid=0 fsuid=0 egid=0 sgid=0 fsgid=0 tty=pts4 ses=3 comm="rm" exe="/usr/bin/rm" subj=unconfined key="persistence"ARCH=x86_64 SYSCALL=unlinkat AUID="heroic" UID="root" GID="root" EUID="root" SUID="root" FSUID="root" EGID="root" SGID="root" FSGID="root"
type=CWD msg=audit(1769494257.151:2703): cwd="/tmp/hids_malicious"
type=PATH msg=audit(1769494257.151:2703): item=0 name="/etc/cron.d/" inode=1703968 dev=08:02 mode=040755 ouid=0 ogid=0 rdev=00:00 nametype=PARENT cap_fp=0 cap_fi=0 cap_fe=0 cap_fver=0 cap_frootid=0OUID="root" OGID="root"
type=PATH msg=audit(1769494257.151:2703): item=1 name="/etc/cron.d/hids_persist" inode=1704205 dev=08:02 mode=0100644 ouid=0 ogid=0 rdev=00:00 nametype=DELETE cap_fp=0 cap_fi=0 cap_fe=0 cap_fver=0 cap_frootid=0OUID="root" OGID="root"
type=PROCTITLE msg=audit(1769494257.151:2703): proctitle=726D002D66002F6574632F63726F6E2E642F686964735F70657273697374
type=USER_END msg=audit(1769494257.156:2704): pid=4453 uid=1000 auid=1000 ses=3 subj=unconfined msg='op=PAM:session_close grantors=pam_limits,pam_env,pam_env,pam_permit,pam_umask,pam_unix acct="root" exe="/usr/bin/sudo" hostname=? addr=? terminal=/dev/pts/0 res=success'UID="heroic" AUID="heroic"
type=CRED_DISP msg=audit(1769494257.156:2705): pid=4453 uid=1000 auid=1000 ses=3 subj=unconfined msg='op=PAM:setcred grantors=pam_permit acct="root" exe="/usr/bin/sudo" hostname=? addr=? terminal=/dev/pts/0 res=success'UID="heroic" AUID="heroic"
type=SYSCALL msg=audit(1769494257.163:2706): arch=c000003e syscall=59 success=yes exit=0 a0=64e1754d00f0 a1=64e1754cf790 a2=64e1754c38f0 a3=64e1754cf790 items=2 ppid=4260 pid=4456 auid=1000 uid=1000 gid=1000 euid=1000 suid=1000 fsuid=1000 egid=1000 sgid=1000 fsgid=1000 tty=pts0 ses=3 comm="rmdir" exe="/usr/bin/rmdir" subj=unconfined key="process_exec"ARCH=x86_64 SYSCALL=execve AUID="heroic" UID="heroic" GID="heroic" EUID="heroic" SUID="heroic" FSUID="heroic" EGID="heroic" SGID="heroic" FSGID="heroic"
type=EXECVE msg=audit(1769494257.163:2706): argc=2 a0="rmdir" a1="/tmp/hids_malicious"
type=CWD msg=audit(1769494257.163:2706): cwd="/tmp/hids_malicious"
type=PATH msg=audit(1769494257.163:2706): item=0 name="/usr/bin/rmdir" inode=1578128 dev=08:02 mode=0100755 ouid=0 ogid=0 rdev=00:00 nametype=NORMAL cap_fp=0 cap_fi=0 cap_fe=0 cap_fver=0 cap_frootid=0OUID="root" OGID="root"
type=PATH msg=audit(1769494257.163:2706): item=1 name="/lib64/ld-linux-x86-64.so.2" inode=1575340 dev=08:02 mode=0100755 ouid=0 ogid=0 rdev=00:00 nametype=NORMAL cap_fp=0 cap_fi=0 cap_fe=0 cap_fver=0 cap_frootid=0OUID="root" OGID="root"
type=PROCTITLE msg=audit(1769494257.163:2706): proctitle=726D646972002F746D702F686964735F6D616C6963696F7573
type=SYSCALL msg=audit(1769494257.164:2707): arch=c000003e syscall=59 success=yes exit=0 a0=64e1754ca420 a1=64e1754cb6e0 a2=64e1754c38f0 a3=64e1754cb6e0 items=2 ppid=4260 pid=4457 auid=1000 uid=1000 gid=1000 euid=1000 suid=1000 fsuid=1000 egid=1000 sgid=1000 fsgid=1000 tty=pts0 ses=3 comm="sleep" exe="/usr/bin/sleep" subj=unconfined key="process_exec"ARCH=x86_64 SYSCALL=execve AUID="heroic" UID="heroic" GID="heroic" EUID="heroic" SUID="heroic" FSUID="heroic" EGID="heroic" SGID="heroic" FSGID="heroic"
type=EXECVE msg=audit(1769494257.164:2707): argc=2 a0="sleep" a1="90"
type=CWD msg=audit(1769494257.164:2707): cwd=2F746D702F686964735F6D616C6963696F7573202864656C6574656429
type=PATH msg=audit(1769494257.164:2707): item=0 name="/usr/bin/sleep" inode=1578138 dev=08:02 mode=0100755 ouid=0 ogid=0 rdev=00:00 nametype=NORMAL cap_fp=0 cap_fi=0 cap_fe=0 cap_fver=0 cap_frootid=0OUID="root" OGID="root"
type=PATH msg=audit(1769494257.164:2707): item=1 name="/lib64/ld-linux-x86-64.so.2" inode=1575340 dev=08:02 mode=0100755 ouid=0 ogid=0 rdev=00:00 nametype=NORMAL cap_fp=0 cap_fi=0 cap_fe=0 cap_fver=0 cap_frootid=0OUID="root" OGID="root"
type=PROCTITLE msg=audit(1769494257.164:2707): proctitle=736C656570003930
type=SYSCALL msg=audit(1769494347.178:2708): arch=c000003e syscall=59 success=yes exit=0 a0=64e1754cfbb0 a1=64e1754ca120 a2=64e1754c38f0 a3=64e1754cb980 items=2 ppid=4260 pid=4458 auid=1000 uid=1000 gid=1000 euid=1000 suid=1000 fsuid=1000 egid=1000 sgid=1000 fsgid=1000 tty=pts0 ses=3 comm="mkdir" exe="/usr/bin/mkdir" subj=unconfined key="process_exec"ARCH=x86_64 SYSCALL=execve AUID="heroic" UID="heroic" GID="heroic" EUID="heroic" SUID="heroic" FSUID="heroic" EGID="heroic" SGID="heroic" FSGID="heroic"
type=EXECVE msg=audit(1769494347.178:2708): argc=3 a0="mkdir" a1="-p" a2="/tmp/hids_malicious"
type=CWD msg=audit(1769494347.178:2708): cwd=2F746D702F686964735F6D616C6963696F7573202864656C6574656429
type=PATH msg=audit(1769494347.178:2708): item=0 name="/usr/bin/mkdir" inode=1578106 dev=08:02 mode=0100755 ouid=0 ogid=0 rdev=00:00 nametype=NORMAL cap_fp=0 cap_fi=0 cap_fe=0 cap_fver=0 cap_frootid=0OUID="root" OGID="root"
type=PATH msg=audit(1769494347.178:2708): item=1 name="/lib64/ld-linux-x86-64.so.2" inode=1575340 dev=08:02 mode=0100755 ouid=0 ogid=0 rdev=00:00 nametype=NORMAL cap_fp=0 cap_fi=0 cap_fe=0 cap_fver=0 cap_frootid=0OUID="root" OGID="root"
type=PROCTITLE msg=audit(1769494347.178:2708): proctitle=6D6B646972002D70002F746D702F686964735F6D616C6963696F7573
type=SYSCALL msg=audit(1769494347.192:2709): arch=c000003e syscall=59 success=yes exit=0 a0=64e1754cfc50 a1=64e1754cf9d0 a2=64e1754c38f0 a3=64e1754cf310 items=2 ppid=4260 pid=4459 auid=1000 uid=1000 gid=1000 euid=1000 suid=1000 fsuid=1000 egid=1000 sgid=1000 fsgid=1000 tty=pts0 ses=3 comm="ps" exe="/usr/bin/ps" subj=unconfined key="process_exec"ARCH=x86_64 SYSCALL=execve AUID="heroic" UID="heroic" GID="heroic" EUID="heroic" SUID="heroic" FSUID="heroic" EGID="heroic" SGID="heroic" FSGID="heroic"
type=EXECVE msg=audit(1769494347.192:2709): argc=2 a0="ps" a1="aux"
type=CWD msg=audit(1769494347.192:2709): cwd="/tmp/hids_malicious"
type=PATH msg=audit(1769494347.192:2709): item=0 name="/usr/bin/ps" inode=1574103 dev=08:02 mode=0100755 ouid=0 ogid=0 rdev=00:00 nametype=NORMAL cap_fp=0 cap_fi=0 cap_fe=0 cap_fver=0 cap_frootid=0OUID="root" OGID="root"
type=PATH msg=audit(1769494347.192:2709): item=1 name="/lib64/ld-linux-x86-64.so.2" inode=1575340 dev=08:02 mode=0100755 ouid=0 ogid=0 rdev=00:00 nametype=NORMAL cap_fp=0 cap_fi=0 cap_fe=0 cap_fver=0 cap_frootid=0OUID="root" OGID="root"
type=PROCTITLE msg=audit(1769494347.192:2709): proctitle=707300617578
type=SYSCALL msg=audit(1769494347.228:2710): arch=c000003e syscall=59 success=yes exit=0 a0=64e1754cfbb0 a1=64e1754d00f0 a2=64e1754c38f0 a3=64e1754d00f0 items=2 ppid=4260 pid=4460 auid=1000 uid=1000 gid=1000 euid=1000 suid=1000 fsuid=1000 egid=1000 sgid=1000 fsgid=1000 tty=pts0 ses=3 comm="whoami" exe="/usr/bin/whoami" subj=unconfined key="process_exec"ARCH=x86_64 SYSCALL=execve AUID="heroic" UID="heroic" GID="heroic" EUID="heroic" SUID="heroic" FSUID="heroic" EGID="heroic" SGID="heroic" FSGID="heroic"
type=EXECVE msg=audit(1769494347.228:2710): argc=1 a0="whoami"
type=CWD msg=audit(1769494347.228:2710): cwd="/tmp/hids_malicious"
type=PATH msg=audit(1769494347.228:2710): item=0 name="/usr/bin/whoami" inode=1578239 dev=08:02 mode=0100755 ouid=0 ogid=0 rdev=00:00 nametype=NORMAL cap_fp=0 cap_fi=0 cap_fe=0 cap_fver=0 cap_frootid=0OUID="root" OGID="root"
type=PATH msg=audit(1769494347.228:2710): item=1 name="/lib64/ld-linux-x86-64.so.2" inode=1575340 dev=08:02 mode=0100755 ouid=0 ogid=0 rdev=00:00 nametype=NORMAL cap_fp=0 cap_fi=0 cap_fe=0 cap_fver=0 cap_frootid=0OUID="root" OGID="root"
type=PROCTITLE msg=audit(1769494347.228:2710): proctitle="whoami"
type=SYSCALL msg=audit(1769494347.375:2711): arch=c000003e syscall=59 success=yes exit=0 a0=64e1754cfb90 a1=64e1754ca440 a2=64e1754c38f0 a3=64e1754ca440 items=2 ppid=4260 pid=4461 auid=1000 uid=1000 gid=1000 euid=1000 suid=1000 fsuid=1000 egid=1000 sgid=1000 fsgid=1000 tty=pts0 ses=3 comm="id" exe="/usr/bin/id" subj=unconfined key="process_exec"ARCH=x86_64 SYSCALL=execve AUID="heroic" UID="heroic" GID="heroic" EUID="heroic" SUID="heroic" FSUID="heroic" EGID="heroic" SGID="heroic" FSGID="heroic"
type=EXECVE msg=audit(1769494347.375:2711): argc=1 a0="id"
type=CWD msg=audit(1769494347.375:2711): cwd="/tmp/hids_malicious"
type=PATH msg=audit(1769494347.375:2711): item=0 name="/usr/bin/id" inode=1578097 dev=08:02 mode=0100755 ouid=0 ogid=0 rdev=00:00 nametype=NORMAL cap_fp=0 cap_fi=0 cap_fe=0 cap_fver=0 cap_frootid=0OUID="root" OGID="root"
type=PATH msg=audit(1769494347.375:2711): item=1 name="/lib64/ld-linux-x86-64.so.2" inode=1575340 dev=08:02 mode=0100755 ouid=0 ogid=0 rdev=00:00 nametype=NORMAL cap_fp=0 cap_fi=0 cap_fe=0 cap_fver=0 cap_frootid=0OUID="root" OGID="root"
type=PROCTITLE msg=audit(1769494347.375:2711): proctitle="id"
type=SYSCALL msg=audit(1769494347.381:2712): arch=c000003e syscall=59 success=yes exit=0 a0=64e1754cfbb0 a1=64e1754cfa10 a2=64e1754c38f0 a3=64e1754cfc50 items=2 ppid=4260 pid=4462 auid=1000 uid=1000 gid=1000 euid=1000 suid=1000 fsuid=1000 egid=1000 sgid=1000 fsgid=1000 tty=pts0 ses=3 comm="uname" exe="/usr/bin/uname" subj=unconfined key="process_exec"ARCH=x86_64 SYSCALL=execve AUID="heroic" UID="heroic" GID="heroic" EUID="heroic" SUID="heroic" FSUID="heroic" EGID="heroic" SGID="heroic" FSGID="heroic"
type=EXECVE msg=audit(1769494347.381:2712): argc=2 a0="uname" a1="-a"
type=CWD msg=audit(1769494347.381:2712): cwd="/tmp/hids_malicious"
type=PATH msg=audit(1769494347.381:2712): item=0 name="/usr/bin/uname" inode=1578226 dev=08:02 mode=0100755 ouid=0 ogid=0 rdev=00:00 nametype=NORMAL cap_fp=0 cap_fi=0 cap_fe=0 cap_fver=0 cap_frootid=0OUID="root" OGID="root"
type=PATH msg=audit(1769494347.381:2712): item=1 name="/lib64/ld-linux-x86-64.so.2" inode=1575340 dev=08:02 mode=0100755 ouid=0 ogid=0 rdev=00:00 nametype=NORMAL cap_fp=0 cap_fi=0 cap_fe=0 cap_fver=0 cap_frootid=0OUID="root" OGID="root"
type=PROCTITLE msg=audit(1769494347.381:2712): proctitle=756E616D65002D61
type=SYSCALL msg=audit(1769494347.393:2713): arch=c000003e syscall=59 success=yes exit=0 a0=64e1754cfb70 a1=64e1754ce5d0 a2=64e1754c38f0 a3=64e1754cb980 items=2 ppid=4260 pid=4463 auid=1000 uid=1000 gid=1000 euid=1000 suid=1000 fsuid=1000 egid=1000 sgid=1000 fsgid=1000 tty=pts0 ses=3 comm="ss" exe="/usr/bin/ss" subj=unconfined key="process_exec"ARCH=x86_64 SYSCALL=execve AUID="heroic" UID="heroic" GID="heroic" EUID="heroic" SUID="heroic" FSUID="heroic" EGID="heroic" SGID="heroic" FSGID="heroic"
type=EXECVE msg=audit(1769494347.393:2713): argc=2 a0="ss" a1="-tulnp"
type=CWD msg=audit(1769494347.393:2713): cwd="/tmp/hids_malicious"
type=PATH msg=audit(1769494347.393:2713): item=0 name="/usr/bin/ss" inode=1574256 dev=08:02 mode=0100755 ouid=0 ogid=0 rdev=00:00 nametype=NORMAL cap_fp=0 cap_fi=0 cap_fe=0 cap_fver=0 cap_frootid=0OUID="root" OGID="root"
type=PATH msg=audit(1769494347.393:2713): item=1 name="/lib64/ld-linux-x86-64.so.2" inode=1575340 dev=08:02 mode=0100755 ouid=0 ogid=0 rdev=00:00 nametype=NORMAL cap_fp=0 cap_fi=0 cap_fe=0 cap_fver=0 cap_frootid=0OUID="root" OGID="root"
type=PROCTITLE msg=audit(1769494347.393:2713): proctitle=7373002D74756C6E70
type=SYSCALL msg=audit(1769494347.491:2714): arch=c000003e syscall=59 success=yes exit=0 a0=64e1754cfbb0 a1=64e1754cead0 a2=64e1754c38f0 a3=64e1754cfb90 items=2 ppid=4260 pid=4464 auid=1000 uid=1000 gid=1000 euid=1000 suid=1000 fsuid=1000 egid=1000 sgid=1000 fsgid=1000 tty=pts0 ses=3 comm="chmod" exe="/usr/bin/chmod" subj=unconfined key="process_exec"ARCH=x86_64 SYSCALL=execve AUID="heroic" UID="heroic" GID="heroic" EUID="heroic" SUID="heroic" FSUID="heroic" EGID="heroic" SGID="heroic" FSGID="heroic"
type=EXECVE msg=audit(1769494347.491:2714): argc=3 a0="chmod" a1="+x" a2="payload.sh"
type=CWD msg=audit(1769494347.491:2714): cwd="/tmp/hids_malicious"
type=PATH msg=audit(1769494347.491:2714): item=0 name="/usr/bin/chmod" inode=1578019 dev=08:02 mode=0100755 ouid=0 ogid=0 rdev=00:00 nametype=NORMAL cap_fp=0 cap_fi=0 cap_fe=0 cap_fver=0 cap_frootid=0OUID="root" OGID="root"
type=PATH msg=audit(1769494347.491:2714): item=1 name="/lib64/ld-linux-x86-64.so.2" inode=1575340 dev=08:02 mode=0100755 ouid=0 ogid=0 rdev=00:00 nametype=NORMAL cap_fp=0 cap_fi=0 cap_fe=0 cap_fver=0 cap_frootid=0OUID="root" OGID="root"
type=PROCTITLE msg=audit(1769494347.491:2714): proctitle=63686D6F64002B78007061796C6F61642E7368
type=SYSCALL msg=audit(1769494347.502:2715): arch=c000003e syscall=59 success=yes exit=0 a0=64e1754d00f0 a1=64e1754cf350 a2=64e1754c38f0 a3=8 items=2 ppid=4260 pid=4466 auid=1000 uid=1000 gid=1000 euid=1000 suid=1000 fsuid=1000 egid=1000 sgid=1000 fsgid=1000 tty=pts0 ses=3 comm="bash" exe="/usr/bin/bash" subj=unconfined key="process_exec"ARCH=x86_64 SYSCALL=execve AUID="heroic" UID="heroic" GID="heroic" EUID="heroic" SUID="heroic" FSUID="heroic" EGID="heroic" SGID="heroic" FSGID="heroic"
type=EXECVE msg=audit(1769494347.502:2715): argc=1 a0="bash"
type=CWD msg=audit(1769494347.502:2715): cwd="/tmp/hids_malicious"
type=PATH msg=audit(1769494347.502:2715): item=0 name="/usr/bin/bash" inode=1573437 dev=08:02 mode=0100755 ouid=0 ogid=0 rdev=00:00 nametype=NORMAL cap_fp=0 cap_fi=0 cap_fe=0 cap_fver=0 cap_frootid=0OUID="root" OGID="root"
type=PATH msg=audit(1769494347.502:2715): item=1 name="/lib64/ld-linux-x86-64.so.2" inode=1575340 dev=08:02 mode=0100755 ouid=0 ogid=0 rdev=00:00 nametype=NORMAL cap_fp=0 cap_fi=0 cap_fe=0 cap_fver=0 cap_frootid=0OUID="root" OGID="root"
type=PROCTITLE msg=audit(1769494347.502:2715): proctitle="bash"
type=SYSCALL msg=audit(1769494347.502:2716): arch=c000003e syscall=59 success=yes exit=0 a0=64e1754d00f0 a1=64e1754ca7f0 a2=64e1754c38f0 a3=8 items=2 ppid=4260 pid=4465 auid=1000 uid=1000 gid=1000 euid=1000 suid=1000 fsuid=1000 egid=1000 sgid=1000 fsgid=1000 tty=pts0 ses=3 comm="curl" exe="/usr/bin/curl" subj=unconfined key="process_exec"ARCH=x86_64 SYSCALL=execve AUID="heroic" UID="heroic" GID="heroic" EUID="heroic" SUID="heroic" FSUID="heroic" EGID="heroic" SGID="heroic" FSGID="heroic"
type=EXECVE msg=audit(1769494347.502:2716): argc=3 a0="curl" a1="-s" a2="file:///tmp/hids_malicious/payload.sh"
type=CWD msg=audit(1769494347.502:2716): cwd="/tmp/hids_malicious"
type=PATH msg=audit(1769494347.502:2716): item=0 name="/usr/bin/curl" inode=1573697 dev=08:02 mode=0100755 ouid=0 ogid=0 rdev=00:00 nametype=NORMAL cap_fp=0 cap_fi=0 cap_fe=0 cap_fver=0 cap_frootid=0OUID="root" OGID="root"
type=PATH msg=audit(1769494347.502:2716): item=1 name="/lib64/ld-linux-x86-64.so.2" inode=1575340 dev=08:02 mode=0100755 ouid=0 ogid=0 rdev=00:00 nametype=NORMAL cap_fp=0 cap_fi=0 cap_fe=0 cap_fver=0 cap_frootid=0OUID="root" OGID="root"
type=PROCTITLE msg=audit(1769494347.502:2716): proctitle=6375726C002D730066696C653A2F2F2F746D702F686964735F6D616C6963696F75732F7061796C6F61642E7368
type=SYSCALL msg=audit(1769494347.554:2717): arch=c000003e syscall=59 success=yes exit=0 a0=64e1754cfb70 a1=64e1754cf330 a2=64e1754c38f0 a3=64e1754cf330 items=2 ppid=4260 pid=4467 auid=1000 uid=1000 gid=1000 euid=0 suid=0 fsuid=0 egid=1000 sgid=1000 fsgid=1000 tty=pts0 ses=3 comm="sudo" exe="/usr/bin/sudo" subj=unconfined key="process_exec"ARCH=x86_64 SYSCALL=execve AUID="heroic" UID="heroic" GID="heroic" EUID="root" SUID="root" FSUID="root" EGID="heroic" SGID="heroic" FSGID="heroic"
type=EXECVE msg=audit(1769494347.554:2717): argc=2 a0="sudo" a1="-l"
type=CWD msg=audit(1769494347.554:2717): cwd="/tmp/hids_malicious"
type=PATH msg=audit(1769494347.554:2717): item=0 name="/usr/bin/sudo" inode=1574274 dev=08:02 mode=0104755 ouid=0 ogid=0 rdev=00:00 nametype=NORMAL cap_fp=0 cap_fi=0 cap_fe=0 cap_fver=0 cap_frootid=0OUID="root" OGID="root"
type=PATH msg=audit(1769494347.554:2717): item=1 name="/lib64/ld-linux-x86-64.so.2" inode=1575340 dev=08:02 mode=0100755 ouid=0 ogid=0 rdev=00:00 nametype=NORMAL cap_fp=0 cap_fi=0 cap_fe=0 cap_fver=0 cap_frootid=0OUID="root" OGID="root"
type=PROCTITLE msg=audit(1769494347.554:2717): proctitle=7375646F002D6C
type=USER_ACCT msg=audit(1769494347.652:2718): pid=4467 uid=1000 auid=1000 ses=3 subj=unconfined msg='op=PAM:accounting grantors=pam_permit,pam_localuser acct="heroic" exe="/usr/bin/sudo" hostname=? addr=? terminal=/dev/pts/0 res=success'UID="heroic" AUID="heroic"
type=SYSCALL msg=audit(1769494347.702:2719): arch=c000003e syscall=59 success=yes exit=0 a0=64e1754cfbb0 a1=64e1754cfb90 a2=64e1754c38f0 a3=64e1754cfb90 items=2 ppid=4260 pid=4468 auid=1000 uid=1000 gid=1000 euid=0 suid=0 fsuid=0 egid=1000 sgid=1000 fsgid=1000 tty=pts0 ses=3 comm="sudo" exe="/usr/bin/sudo" subj=unconfined key="process_exec"ARCH=x86_64 SYSCALL=execve AUID="heroic" UID="heroic" GID="heroic" EUID="root" SUID="root" FSUID="root" EGID="heroic" SGID="heroic" FSGID="heroic"
type=EXECVE msg=audit(1769494347.702:2719): argc=2 a0="sudo" a1="whoami"
type=CWD msg=audit(1769494347.702:2719): cwd="/tmp/hids_malicious"
type=PATH msg=audit(1769494347.702:2719): item=0 name="/usr/bin/sudo" inode=1574274 dev=08:02 mode=0104755 ouid=0 ogid=0 rdev=00:00 nametype=NORMAL cap_fp=0 cap_fi=0 cap_fe=0 cap_fver=0 cap_frootid=0OUID="root" OGID="root"
type=PATH msg=audit(1769494347.702:2719): item=1 name="/lib64/ld-linux-x86-64.so.2" inode=1575340 dev=08:02 mode=0100755 ouid=0 ogid=0 rdev=00:00 nametype=NORMAL cap_fp=0 cap_fi=0 cap_fe=0 cap_fver=0 cap_frootid=0OUID="root" OGID="root"
type=PROCTITLE msg=audit(1769494347.702:2719): proctitle=7375646F0077686F616D69
type=USER_ACCT msg=audit(1769494347.736:2720): pid=4468 uid=1000 auid=1000 ses=3 subj=unconfined msg='op=PAM:accounting grantors=pam_permit,pam_localuser acct="heroic" exe="/usr/bin/sudo" hostname=? addr=? terminal=/dev/pts/0 res=success'UID="heroic" AUID="heroic"
type=USER_CMD msg=audit(1769494347.740:2721): pid=4468 uid=1000 auid=1000 ses=3 subj=unconfined msg='cwd="/tmp/hids_malicious" cmd="whoami" exe="/usr/bin/sudo" terminal=pts/0 res=success'UID="heroic" AUID="heroic"
type=CRED_REFR msg=audit(1769494347.740:2722): pid=4468 uid=1000 auid=1000 ses=3 subj=unconfined msg='op=PAM:setcred grantors=pam_permit,pam_cap acct="root" exe="/usr/bin/sudo" hostname=? addr=? terminal=/dev/pts/0 res=success'UID="heroic" AUID="heroic"
type=USER_START msg=audit(1769494347.740:2723): pid=4468 uid=1000 auid=1000 ses=3 subj=unconfined msg='op=PAM:session_open grantors=pam_limits,pam_env,pam_env,pam_permit,pam_umask,pam_unix acct="root" exe="/usr/bin/sudo" hostname=? addr=? terminal=/dev/pts/0 res=success'UID="heroic" AUID="heroic"
type=SYSCALL msg=audit(1769494347.747:2724): arch=c000003e syscall=59 success=yes exit=0 a0=597512eb1b68 a1=597512ec1ba0 a2=597512ed4340 a3=64 items=2 ppid=4469 pid=4470 auid=1000 uid=0 gid=0 euid=0 suid=0 fsuid=0 egid=0 sgid=0 fsgid=0 tty=pts4 ses=3 comm="whoami" exe="/usr/bin/whoami" subj=unconfined key="process_exec"ARCH=x86_64 SYSCALL=execve AUID="heroic" UID="root" GID="root" EUID="root" SUID="root" FSUID="root" EGID="root" SGID="root" FSGID="root"
type=EXECVE msg=audit(1769494347.747:2724): argc=1 a0="whoami"
type=CWD msg=audit(1769494347.747:2724): cwd="/tmp/hids_malicious"
type=PATH msg=audit(1769494347.747:2724): item=0 name="/usr/bin/whoami" inode=1578239 dev=08:02 mode=0100755 ouid=0 ogid=0 rdev=00:00 nametype=NORMAL cap_fp=0 cap_fi=0 cap_fe=0 cap_fver=0 cap_frootid=0OUID="root" OGID="root"
type=PATH msg=audit(1769494347.747:2724): item=1 name="/lib64/ld-linux-x86-64.so.2" inode=1575340 dev=08:02 mode=0100755 ouid=0 ogid=0 rdev=00:00 nametype=NORMAL cap_fp=0 cap_fi=0 cap_fe=0 cap_fver=0 cap_frootid=0OUID="root" OGID="root"
type=PROCTITLE msg=audit(1769494347.747:2724): proctitle="whoami"
type=USER_END msg=audit(1769494347.754:2725): pid=4468 uid=1000 auid=1000 ses=3 subj=unconfined msg='op=PAM:session_close grantors=pam_limits,pam_env,pam_env,pam_permit,pam_umask,pam_unix acct="root" exe="/usr/bin/sudo" hostname=? addr=? terminal=/dev/pts/0 res=success'UID="heroic" AUID="heroic"
type=CRED_DISP msg=audit(1769494347.754:2726): pid=4468 uid=1000 auid=1000 ses=3 subj=unconfined msg='op=PAM:setcred grantors=pam_permit acct="root" exe="/usr/bin/sudo" hostname=? addr=? terminal=/dev/pts/0 res=success'UID="heroic" AUID="heroic"
type=SYSCALL msg=audit(1769494347.757:2727): arch=c000003e syscall=59 success=yes exit=0 a0=64e1754cfb70 a1=64e1754cd620 a2=64e1754c38f0 a3=64e1754cf330 items=2 ppid=4260 pid=4472 auid=1000 uid=1000 gid=1000 euid=0 suid=0 fsuid=0 egid=1000 sgid=1000 fsgid=1000 tty=pts0 ses=3 comm="sudo" exe="/usr/bin/sudo" subj=unconfined key="process_exec"ARCH=x86_64 SYSCALL=execve AUID="heroic" UID="heroic" GID="heroic" EUID="root" SUID="root" FSUID="root" EGID="heroic" SGID="heroic" FSGID="heroic"
type=EXECVE msg=audit(1769494347.757:2727): argc=3 a0="sudo" a1="tee" a2="/etc/cron.d/hids_persist"
type=CWD msg=audit(1769494347.757:2727): cwd="/tmp/hids_malicious"
type=PATH msg=audit(1769494347.757:2727): item=0 name="/usr/bin/sudo" inode=1574274 dev=08:02 mode=0104755 ouid=0 ogid=0 rdev=00:00 nametype=NORMAL cap_fp=0 cap_fi=0 cap_fe=0 cap_fver=0 cap_frootid=0OUID="root" OGID="root"
type=PATH msg=audit(1769494347.757:2727): item=1 name="/lib64/ld-linux-x86-64.so.2" inode=1575340 dev=08:02 mode=0100755 ouid=0 ogid=0 rdev=00:00 nametype=NORMAL cap_fp=0 cap_fi=0 cap_fe=0 cap_fver=0 cap_frootid=0OUID="root" OGID="root"
type=PROCTITLE msg=audit(1769494347.757:2727): proctitle=7375646F00746565002F6574632F63726F6E2E642F686964735F70657273697374
type=USER_ACCT msg=audit(1769494347.909:2728): pid=4472 uid=1000 auid=1000 ses=3 subj=unconfined msg='op=PAM:accounting grantors=pam_permit,pam_localuser acct="heroic" exe="/usr/bin/sudo" hostname=? addr=? terminal=/dev/pts/0 res=success'UID="heroic" AUID="heroic"
type=USER_CMD msg=audit(1769494347.909:2729): pid=4472 uid=1000 auid=1000 ses=3 subj=unconfined msg='cwd="/tmp/hids_malicious" cmd=746565202F6574632F63726F6E2E642F686964735F70657273697374 exe="/usr/bin/sudo" terminal=pts/0 res=success'UID="heroic" AUID="heroic"
type=CRED_REFR msg=audit(1769494347.913:2730): pid=4472 uid=1000 auid=1000 ses=3 subj=unconfined msg='op=PAM:setcred grantors=pam_permit,pam_cap acct="root" exe="/usr/bin/sudo" hostname=? addr=? terminal=/dev/pts/0 res=success'UID="heroic" AUID="heroic"
type=USER_START msg=audit(1769494347.916:2731): pid=4472 uid=1000 auid=1000 ses=3 subj=unconfined msg='op=PAM:session_open grantors=pam_limits,pam_env,pam_env,pam_permit,pam_umask,pam_unix acct="root" exe="/usr/bin/sudo" hostname=? addr=? terminal=/dev/pts/0 res=success'UID="heroic" AUID="heroic"
type=SYSCALL msg=audit(1769494347.926:2732): arch=c000003e syscall=59 success=yes exit=0 a0=56e5c5096b68 a1=56e5c50a6ba0 a2=56e5c50b97a0 a3=64 items=2 ppid=4473 pid=4474 auid=1000 uid=0 gid=0 euid=0 suid=0 fsuid=0 egid=0 sgid=0 fsgid=0 tty=pts4 ses=3 comm="tee" exe="/usr/bin/tee" subj=unconfined key="process_exec"ARCH=x86_64 SYSCALL=execve AUID="heroic" UID="root" GID="root" EUID="root" SUID="root" FSUID="root" EGID="root" SGID="root" FSGID="root"
type=EXECVE msg=audit(1769494347.926:2732): argc=2 a0="tee" a1="/etc/cron.d/hids_persist"
type=CWD msg=audit(1769494347.926:2732): cwd="/tmp/hids_malicious"
type=PATH msg=audit(1769494347.926:2732): item=0 name="/usr/bin/tee" inode=1578148 dev=08:02 mode=0100755 ouid=0 ogid=0 rdev=00:00 nametype=NORMAL cap_fp=0 cap_fi=0 cap_fe=0 cap_fver=0 cap_frootid=0OUID="root" OGID="root"
type=PATH msg=audit(1769494347.926:2732): item=1 name="/lib64/ld-linux-x86-64.so.2" inode=1575340 dev=08:02 mode=0100755 ouid=0 ogid=0 rdev=00:00 nametype=NORMAL cap_fp=0 cap_fi=0 cap_fe=0 cap_fver=0 cap_frootid=0OUID="root" OGID="root"
type=PROCTITLE msg=audit(1769494347.926:2732): proctitle=746565002F6574632F63726F6E2E642F686964735F70657273697374
type=SYSCALL msg=audit(1769494347.933:2733): arch=c000003e syscall=257 success=yes exit=3 a0=ffffff9c a1=7ffffd8e272c a2=241 a3=1b6 items=2 ppid=4473 pid=4474 auid=1000 uid=0 gid=0 euid=0 suid=0 fsuid=0 egid=0 sgid=0 fsgid=0 tty=pts4 ses=3 comm="tee" exe="/usr/bin/tee" subj=unconfined key="persistence"ARCH=x86_64 SYSCALL=openat AUID="heroic" UID="root" GID="root" EUID="root" SUID="root" FSUID="root" EGID="root" SGID="root" FSGID="root"
type=CWD msg=audit(1769494347.933:2733): cwd="/tmp/hids_malicious"
type=PATH msg=audit(1769494347.933:2733): item=0 name="/etc/cron.d/" inode=1703968 dev=08:02 mode=040755 ouid=0 ogid=0 rdev=00:00 nametype=PARENT cap_fp=0 cap_fi=0 cap_fe=0 cap_fver=0 cap_frootid=0OUID="root" OGID="root"
type=PATH msg=audit(1769494347.933:2733): item=1 name="/etc/cron.d/hids_persist" inode=1704205 dev=08:02 mode=0100644 ouid=0 ogid=0 rdev=00:00 nametype=CREATE cap_fp=0 cap_fi=0 cap_fe=0 cap_fver=0 cap_frootid=0OUID="root" OGID="root"
type=PROCTITLE msg=audit(1769494347.933:2733): proctitle=746565002F6574632F63726F6E2E642F686964735F70657273697374
type=USER_END msg=audit(1769494347.935:2734): pid=4472 uid=1000 auid=1000 ses=3 subj=unconfined msg='op=PAM:session_close grantors=pam_limits,pam_env,pam_env,pam_permit,pam_umask,pam_unix acct="root" exe="/usr/bin/sudo" hostname=? addr=? terminal=/dev/pts/0 res=success'UID="heroic" AUID="heroic"
type=CRED_DISP msg=audit(1769494347.935:2735): pid=4472 uid=1000 auid=1000 ses=3 subj=unconfined msg='op=PAM:setcred grantors=pam_permit acct="root" exe="/usr/bin/sudo" hostname=? addr=? terminal=/dev/pts/0 res=success'UID="heroic" AUID="heroic"
type=SYSCALL msg=audit(1769494347.944:2736): arch=c000003e syscall=59 success=yes exit=0 a0=64e1754cfb90 a1=64e1754cf330 a2=64e1754c38f0 a3=64e1754cf330 items=2 ppid=4260 pid=4475 auid=1000 uid=1000 gid=1000 euid=1000 suid=1000 fsuid=1000 egid=1000 sgid=1000 fsgid=1000 tty=pts0 ses=3 comm="sleep" exe="/usr/bin/sleep" subj=unconfined key="process_exec"ARCH=x86_64 SYSCALL=execve AUID="heroic" UID="heroic" GID="heroic" EUID="heroic" SUID="heroic" FSUID="heroic" EGID="heroic" SGID="heroic" FSGID="heroic"
type=EXECVE msg=audit(1769494347.944:2736): argc=2 a0="sleep" a1="5"
type=CWD msg=audit(1769494347.944:2736): cwd="/tmp/hids_malicious"
type=PATH msg=audit(1769494347.944:2736): item=0 name="/usr/bin/sleep" inode=1578138 dev=08:02 mode=0100755 ouid=0 ogid=0 rdev=00:00 nametype=NORMAL cap_fp=0 cap_fi=0 cap_fe=0 cap_fver=0 cap_frootid=0OUID="root" OGID="root"
type=PATH msg=audit(1769494347.944:2736): item=1 name="/lib64/ld-linux-x86-64.so.2" inode=1575340 dev=08:02 mode=0100755 ouid=0 ogid=0 rdev=00:00 nametype=NORMAL cap_fp=0 cap_fi=0 cap_fe=0 cap_fver=0 cap_frootid=0OUID="root" OGID="root"
type=PROCTITLE msg=audit(1769494347.944:2736): proctitle=736C6565700035
type=SYSCALL msg=audit(1769494352.998:2737): arch=c000003e syscall=59 success=yes exit=0 a0=64e1754cb740 a1=64e1754cd360 a2=64e1754c38f0 a3=1 items=2 ppid=4260 pid=4476 auid=1000 uid=1000 gid=1000 euid=1000 suid=1000 fsuid=1000 egid=1000 sgid=1000 fsgid=1000 tty=pts0 ses=3 comm="rm" exe="/usr/bin/rm" subj=unconfined key="process_exec"ARCH=x86_64 SYSCALL=execve AUID="heroic" UID="heroic" GID="heroic" EUID="heroic" SUID="heroic" FSUID="heroic" EGID="heroic" SGID="heroic" FSGID="heroic"
type=EXECVE msg=audit(1769494352.998:2737): argc=58 a0="rm" a1="-f" a2="file_10.dat" a3="file_11.dat" a4="file_12.dat" a5="file_13.dat" a6="file_14.dat" a7="file_15.dat" a8="file_16.dat" a9="file_17.dat" a10="file_18.dat" a11="file_19.dat" a12="file_1.dat" a13="file_20.dat" a14="file_21.dat" a15="file_22.dat" a16="file_23.dat" a17="file_24.dat" a18="file_25.dat" a19="file_26.dat" a20="file_27.dat" a21="file_28.dat" a22="file_29.dat" a23="file_2.dat" a24="file_30.dat" a25="file_31.dat" a26="file_32.dat" a27="file_33.dat" a28="file_34.dat" a29="file_35.dat" a30="file_36.dat" a31="file_37.dat" a32="file_38.dat" a33="file_39.dat" a34="file_3.dat" a35="file_40.dat" a36="file_41.dat" a37="file_42.dat" a38="file_43.dat" a39="file_44.dat" a40="file_45.dat" a41="file_46.dat" a42="file_47.dat" a43="file_48.dat" a44="file_49.dat" a45="file_4.dat" a46="file_50.dat" a47="file_5.dat" a48="file_6.dat" a49="file_7.dat" a50="file_8.dat" a51="file_9.dat" a52="payload.sh" a53="recon.txt" a54="netstat.txt" a55="processes.txt" a56="sudo_enum.txt" a57="sudo_test.txt"
type=CWD msg=audit(1769494352.998:2737): cwd="/tmp/hids_malicious"
type=PATH msg=audit(1769494352.998:2737): item=0 name="/usr/bin/rm" inode=1578127 dev=08:02 mode=0100755 ouid=0 ogid=0 rdev=00:00 nametype=NORMAL cap_fp=0 cap_fi=0 cap_fe=0 cap_fver=0 cap_frootid=0OUID="root" OGID="root"
type=PATH msg=audit(1769494352.998:2737): item=1 name="/lib64/ld-linux-x86-64.so.2" inode=1575340 dev=08:02 mode=0100755 ouid=0 ogid=0 rdev=00:00 nametype=NORMAL cap_fp=0 cap_fi=0 cap_fe=0 cap_fver=0 cap_frootid=0OUID="root" OGID="root"
type=PROCTITLE msg=audit(1769494352.998:2737): proctitle=726D002D660066696C655F31302E6461740066696C655F31312E6461740066696C655F31322E6461740066696C655F31332E6461740066696C655F31342E6461740066696C655F31352E6461740066696C655F31362E6461740066696C655F31372E6461740066696C655F31382E6461740066696C655F31392E646174006669
type=SYSCALL msg=audit(1769494353.047:2738): arch=c000003e syscall=59 success=yes exit=0 a0=64e1754cd310 a1=64e1754d0c20 a2=64e1754c38f0 a3=64e1754d0c20 items=2 ppid=4260 pid=4477 auid=1000 uid=1000 gid=1000 euid=0 suid=0 fsuid=0 egid=1000 sgid=1000 fsgid=1000 tty=pts0 ses=3 comm="sudo" exe="/usr/bin/sudo" subj=unconfined key="process_exec"ARCH=x86_64 SYSCALL=execve AUID="heroic" UID="heroic" GID="heroic" EUID="root" SUID="root" FSUID="root" EGID="heroic" SGID="heroic" FSGID="heroic"
type=EXECVE msg=audit(1769494353.047:2738): argc=4 a0="sudo" a1="rm" a2="-f" a3="/etc/cron.d/hids_persist"
type=CWD msg=audit(1769494353.047:2738): cwd="/tmp/hids_malicious"
type=PATH msg=audit(1769494353.047:2738): item=0 name="/usr/bin/sudo" inode=1574274 dev=08:02 mode=0104755 ouid=0 ogid=0 rdev=00:00 nametype=NORMAL cap_fp=0 cap_fi=0 cap_fe=0 cap_fver=0 cap_frootid=0OUID="root" OGID="root"
type=PATH msg=audit(1769494353.047:2738): item=1 name="/lib64/ld-linux-x86-64.so.2" inode=1575340 dev=08:02 mode=0100755 ouid=0 ogid=0 rdev=00:00 nametype=NORMAL cap_fp=0 cap_fi=0 cap_fe=0 cap_fver=0 cap_frootid=0OUID="root" OGID="root"
type=PROCTITLE msg=audit(1769494353.047:2738): proctitle=7375646F00726D002D66002F6574632F63726F6E2E642F686964735F70657273697374
type=USER_ACCT msg=audit(1769494353.114:2739): pid=4477 uid=1000 auid=1000 ses=3 subj=unconfined msg='op=PAM:accounting grantors=pam_permit,pam_localuser acct="heroic" exe="/usr/bin/sudo" hostname=? addr=? terminal=/dev/pts/0 res=success'UID="heroic" AUID="heroic"
type=USER_CMD msg=audit(1769494353.120:2740): pid=4477 uid=1000 auid=1000 ses=3 subj=unconfined msg='cwd="/tmp/hids_malicious" cmd=726D202D66202F6574632F63726F6E2E642F686964735F70657273697374 exe="/usr/bin/sudo" terminal=pts/0 res=success'UID="heroic" AUID="heroic"
type=CRED_REFR msg=audit(1769494353.138:2741): pid=4477 uid=1000 auid=1000 ses=3 subj=unconfined msg='op=PAM:setcred grantors=pam_permit,pam_cap acct="root" exe="/usr/bin/sudo" hostname=? addr=? terminal=/dev/pts/0 res=success'UID="heroic" AUID="heroic"
type=USER_START msg=audit(1769494353.138:2742): pid=4477 uid=1000 auid=1000 ses=3 subj=unconfined msg='op=PAM:session_open grantors=pam_limits,pam_env,pam_env,pam_permit,pam_umask,pam_unix acct="root" exe="/usr/bin/sudo" hostname=? addr=? terminal=/dev/pts/0 res=success'UID="heroic" AUID="heroic"
type=SYSCALL msg=audit(1769494353.176:2743): arch=c000003e syscall=59 success=yes exit=0 a0=5602ea212b68 a1=5602ea222ba0 a2=5602ea2357a0 a3=64 items=2 ppid=4478 pid=4479 auid=1000 uid=0 gid=0 euid=0 suid=0 fsuid=0 egid=0 sgid=0 fsgid=0 tty=pts4 ses=3 comm="rm" exe="/usr/bin/rm" subj=unconfined key="process_exec"ARCH=x86_64 SYSCALL=execve AUID="heroic" UID="root" GID="root" EUID="root" SUID="root" FSUID="root" EGID="root" SGID="root" FSGID="root"
type=EXECVE msg=audit(1769494353.176:2743): argc=3 a0="rm" a1="-f" a2="/etc/cron.d/hids_persist"
type=CWD msg=audit(1769494353.176:2743): cwd="/tmp/hids_malicious"
type=PATH msg=audit(1769494353.176:2743): item=0 name="/usr/bin/rm" inode=1578127 dev=08:02 mode=0100755 ouid=0 ogid=0 rdev=00:00 nametype=NORMAL cap_fp=0 cap_fi=0 cap_fe=0 cap_fver=0 cap_frootid=0OUID="root" OGID="root"
type=PATH msg=audit(1769494353.176:2743): item=1 name="/lib64/ld-linux-x86-64.so.2" inode=1575340 dev=08:02 mode=0100755 ouid=0 ogid=0 rdev=00:00 nametype=NORMAL cap_fp=0 cap_fi=0 cap_fe=0 cap_fver=0 cap_frootid=0OUID="root" OGID="root"
type=PROCTITLE msg=audit(1769494353.176:2743): proctitle=726D002D66002F6574632F63726F6E2E642F686964735F70657273697374
type=SYSCALL msg=audit(1769494353.189:2744): arch=c000003e syscall=263 success=yes exit=0 a0=ffffff9c a1=5bbf6866e4a0 a2=0 a3=5bbf6866f900 items=2 ppid=4478 pid=4479 auid=1000 uid=0 gid=0 euid=0 suid=0 fsuid=0 egid=0 sgid=0 fsgid=0 tty=pts4 ses=3 comm="rm" exe="/usr/bin/rm" subj=unconfined key="persistence"ARCH=x86_64 SYSCALL=unlinkat AUID="heroic" UID="root" GID="root" EUID="root" SUID="root" FSUID="root" EGID="root" SGID="root" FSGID="root"
type=CWD msg=audit(1769494353.189:2744): cwd="/tmp/hids_malicious"
type=PATH msg=audit(1769494353.189:2744): item=0 name="/etc/cron.d/" inode=1703968 dev=08:02 mode=040755 ouid=0 ogid=0 rdev=00:00 nametype=PARENT cap_fp=0 cap_fi=0 cap_fe=0 cap_fver=0 cap_frootid=0OUID="root" OGID="root"
type=PATH msg=audit(1769494353.189:2744): item=1 name="/etc/cron.d/hids_persist" inode=1704205 dev=08:02 mode=0100644 ouid=0 ogid=0 rdev=00:00 nametype=DELETE cap_fp=0 cap_fi=0 cap_fe=0 cap_fver=0 cap_frootid=0OUID="root" OGID="root"
type=PROCTITLE msg=audit(1769494353.189:2744): proctitle=726D002D66002F6574632F63726F6E2E642F686964735F70657273697374
type=USER_END msg=audit(1769494353.195:2745): pid=4477 uid=1000 auid=1000 ses=3 subj=unconfined msg='op=PAM:session_close grantors=pam_limits,pam_env,pam_env,pam_permit,pam_umask,pam_unix acct="root" exe="/usr/bin/sudo" hostname=? addr=? terminal=/dev/pts/0 res=success'UID="heroic" AUID="heroic"
type=CRED_DISP msg=audit(1769494353.198:2746): pid=4477 uid=1000 auid=1000 ses=3 subj=unconfined msg='op=PAM:setcred grantors=pam_permit acct="root" exe="/usr/bin/sudo" hostname=? addr=? terminal=/dev/pts/0 res=success'UID="heroic" AUID="heroic"
type=SYSCALL msg=audit(1769494353.202:2747): arch=c000003e syscall=59 success=yes exit=0 a0=64e1754cb980 a1=64e1754cf2b0 a2=64e1754c38f0 a3=64e1754cf2b0 items=2 ppid=4260 pid=4480 auid=1000 uid=1000 gid=1000 euid=1000 suid=1000 fsuid=1000 egid=1000 sgid=1000 fsgid=1000 tty=pts0 ses=3 comm="rmdir" exe="/usr/bin/rmdir" subj=unconfined key="process_exec"ARCH=x86_64 SYSCALL=execve AUID="heroic" UID="heroic" GID="heroic" EUID="heroic" SUID="heroic" FSUID="heroic" EGID="heroic" SGID="heroic" FSGID="heroic"
type=EXECVE msg=audit(1769494353.202:2747): argc=2 a0="rmdir" a1="/tmp/hids_malicious"
type=CWD msg=audit(1769494353.202:2747): cwd="/tmp/hids_malicious"
type=PATH msg=audit(1769494353.202:2747): item=0 name="/usr/bin/rmdir" inode=1578128 dev=08:02 mode=0100755 ouid=0 ogid=0 rdev=00:00 nametype=NORMAL cap_fp=0 cap_fi=0 cap_fe=0 cap_fver=0 cap_frootid=0OUID="root" OGID="root"
type=PATH msg=audit(1769494353.202:2747): item=1 name="/lib64/ld-linux-x86-64.so.2" inode=1575340 dev=08:02 mode=0100755 ouid=0 ogid=0 rdev=00:00 nametype=NORMAL cap_fp=0 cap_fi=0 cap_fe=0 cap_fver=0 cap_frootid=0OUID="root" OGID="root"
type=PROCTITLE msg=audit(1769494353.202:2747): proctitle=726D646972002F746D702F686964735F6D616C6963696F7573
type=SYSCALL msg=audit(1769494353.216:2748): arch=c000003e syscall=59 success=yes exit=0 a0=64e1754cd310 a1=64e1754cb740 a2=64e1754c38f0 a3=64e1754cb740 items=2 ppid=4260 pid=4481 auid=1000 uid=1000 gid=1000 euid=1000 suid=1000 fsuid=1000 egid=1000 sgid=1000 fsgid=1000 tty=pts0 ses=3 comm="sleep" exe="/usr/bin/sleep" subj=unconfined key="process_exec"ARCH=x86_64 SYSCALL=execve AUID="heroic" UID="heroic" GID="heroic" EUID="heroic" SUID="heroic" FSUID="heroic" EGID="heroic" SGID="heroic" FSGID="heroic"
type=EXECVE msg=audit(1769494353.216:2748): argc=2 a0="sleep" a1="90"
type=CWD msg=audit(1769494353.216:2748): cwd=2F746D702F686964735F6D616C6963696F7573202864656C6574656429
type=PATH msg=audit(1769494353.216:2748): item=0 name="/usr/bin/sleep" inode=1578138 dev=08:02 mode=0100755 ouid=0 ogid=0 rdev=00:00 nametype=NORMAL cap_fp=0 cap_fi=0 cap_fe=0 cap_fver=0 cap_frootid=0OUID="root" OGID="root"
type=PATH msg=audit(1769494353.216:2748): item=1 name="/lib64/ld-linux-x86-64.so.2" inode=1575340 dev=08:02 mode=0100755 ouid=0 ogid=0 rdev=00:00 nametype=NORMAL cap_fp=0 cap_fi=0 cap_fe=0 cap_fver=0 cap_frootid=0OUID="root" OGID="root"
type=PROCTITLE msg=audit(1769494353.216:2748): proctitle=736C656570003930
type=SYSCALL msg=audit(1769494399.405:2749): arch=c000003e syscall=59 success=yes exit=0 a0=7ffd2e5d34c0 a1=7ffd2e5d34e0 a2=7ffd2e5d3fd0 a3=8 items=2 ppid=1 pid=4484 auid=4294967295 uid=0 gid=0 euid=0 suid=0 fsuid=0 egid=0 sgid=0 fsgid=0 tty=(none) ses=4294967295 comm="9" exe="/usr/lib/systemd/systemd-executor" subj=unconfined key="process_exec"ARCH=x86_64 SYSCALL=execve AUID="unset" UID="root" GID="root" EUID="root" SUID="root" FSUID="root" EGID="root" SGID="root" FSGID="root"
type=EXECVE msg=audit(1769494399.405:2749): argc=7 a0="/usr/lib/systemd/systemd-executor" a1="--deserialize" a2="119" a3="--log-level" a4="info" a5="--log-target" a6="journal-or-kmsg"
type=CWD msg=audit(1769494399.405:2749): cwd="/"
type=PATH msg=audit(1769494399.405:2749): item=0 name="/proc/self/fd/9" inode=1596504 dev=08:02 mode=0100755 ouid=0 ogid=0 rdev=00:00 nametype=NORMAL cap_fp=0 cap_fi=0 cap_fe=0 cap_fver=0 cap_frootid=0OUID="root" OGID="root"
type=PATH msg=audit(1769494399.405:2749): item=1 name="/lib64/ld-linux-x86-64.so.2" inode=1575340 dev=08:02 mode=0100755 ouid=0 ogid=0 rdev=00:00 nametype=NORMAL cap_fp=0 cap_fi=0 cap_fe=0 cap_fver=0 cap_frootid=0OUID="root" OGID="root"
type=PROCTITLE msg=audit(1769494399.405:2749): proctitle=2F7573722F6C69622F73797374656D642F73797374656D642D6578656375746F72002D2D646573657269616C697A6500313139002D2D6C6F672D6C6576656C00696E666F002D2D6C6F672D746172676574006A6F75726E616C2D6F722D6B6D7367
type=SYSCALL msg=audit(1769494399.426:2750): arch=c000003e syscall=59 success=yes exit=0 a0=5c267de4d020 a1=5c267de4d000 a2=5c267de4cdb0 a3=5c267de4d990 items=2 ppid=1 pid=4484 auid=4294967295 uid=0 gid=0 euid=0 suid=0 fsuid=0 egid=0 sgid=0 fsgid=0 tty=(none) ses=4294967295 comm="nm-dispatcher" exe="/usr/libexec/nm-dispatcher" subj=unconfined key="process_exec"ARCH=x86_64 SYSCALL=execve AUID="unset" UID="root" GID="root" EUID="root" SUID="root" FSUID="root" EGID="root" SGID="root" FSGID="root"
type=EXECVE msg=audit(1769494399.426:2750): argc=1 a0="/usr/libexec/nm-dispatcher"
type=CWD msg=audit(1769494399.426:2750): cwd="/"
type=PATH msg=audit(1769494399.426:2750): item=0 name="/usr/libexec/nm-dispatcher" inode=1586222 dev=08:02 mode=0100755 ouid=0 ogid=0 rdev=00:00 nametype=NORMAL cap_fp=0 cap_fi=0 cap_fe=0 cap_fver=0 cap_frootid=0OUID="root" OGID="root"
type=PATH msg=audit(1769494399.426:2750): item=1 name="/lib64/ld-linux-x86-64.so.2" inode=1575340 dev=08:02 mode=0100755 ouid=0 ogid=0 rdev=00:00 nametype=NORMAL cap_fp=0 cap_fi=0 cap_fe=0 cap_fver=0 cap_frootid=0OUID="root" OGID="root"
type=PROCTITLE msg=audit(1769494399.426:2750): proctitle=2F7573722F6C69622F73797374656D642F73797374656D642D6578656375746F72002D2D646573657269616C697A6500313139002D2D6C6F672D6C6576656C00696E666F002D2D6C6F672D746172676574006A6F75726E616C2D6F722D6B6D7367
type=SERVICE_START msg=audit(1769494399.601:2751): pid=1 uid=0 auid=4294967295 ses=4294967295 subj=unconfined msg='unit=NetworkManager-dispatcher comm="systemd" exe="/usr/lib/systemd/systemd" hostname=? addr=? terminal=? res=success'UID="root" AUID="unset"
type=SERVICE_STOP msg=audit(1769494409.641:2752): pid=1 uid=0 auid=4294967295 ses=4294967295 subj=unconfined msg='unit=NetworkManager-dispatcher comm="systemd" exe="/usr/lib/systemd/systemd" hostname=? addr=? terminal=? res=success'UID="root" AUID="unset"
type=SYSCALL msg=audit(1769494443.244:2753): arch=c000003e syscall=59 success=yes exit=0 a0=64e1754d05f0 a1=64e1754d1d00 a2=64e1754c38f0 a3=64e1754cfd10 items=2 ppid=4260 pid=4490 auid=1000 uid=1000 gid=1000 euid=1000 suid=1000 fsuid=1000 egid=1000 sgid=1000 fsgid=1000 tty=pts0 ses=3 comm="mkdir" exe="/usr/bin/mkdir" subj=unconfined key="process_exec"ARCH=x86_64 SYSCALL=execve AUID="heroic" UID="heroic" GID="heroic" EUID="heroic" SUID="heroic" FSUID="heroic" EGID="heroic" SGID="heroic" FSGID="heroic"
type=EXECVE msg=audit(1769494443.244:2753): argc=3 a0="mkdir" a1="-p" a2="/tmp/hids_malicious"
type=CWD msg=audit(1769494443.244:2753): cwd=2F746D702F686964735F6D616C6963696F7573202864656C6574656429
type=PATH msg=audit(1769494443.244:2753): item=0 name="/usr/bin/mkdir" inode=1578106 dev=08:02 mode=0100755 ouid=0 ogid=0 rdev=00:00 nametype=NORMAL cap_fp=0 cap_fi=0 cap_fe=0 cap_fver=0 cap_frootid=0OUID="root" OGID="root"
type=PATH msg=audit(1769494443.244:2753): item=1 name="/lib64/ld-linux-x86-64.so.2" inode=1575340 dev=08:02 mode=0100755 ouid=0 ogid=0 rdev=00:00 nametype=NORMAL cap_fp=0 cap_fi=0 cap_fe=0 cap_fver=0 cap_frootid=0OUID="root" OGID="root"
type=PROCTITLE msg=audit(1769494443.244:2753): proctitle=6D6B646972002D70002F746D702F686964735F6D616C6963696F7573
type=SYSCALL msg=audit(1769494443.254:2754): arch=c000003e syscall=59 success=yes exit=0 a0=64e1754cfb50 a1=64e1754cfa10 a2=64e1754c38f0 a3=64e1754d0610 items=2 ppid=4260 pid=4491 auid=1000 uid=1000 gid=1000 euid=1000 suid=1000 fsuid=1000 egid=1000 sgid=1000 fsgid=1000 tty=pts0 ses=3 comm="ps" exe="/usr/bin/ps" subj=unconfined key="process_exec"ARCH=x86_64 SYSCALL=execve AUID="heroic" UID="heroic" GID="heroic" EUID="heroic" SUID="heroic" FSUID="heroic" EGID="heroic" SGID="heroic" FSGID="heroic"
type=EXECVE msg=audit(1769494443.254:2754): argc=2 a0="ps" a1="aux"
type=CWD msg=audit(1769494443.254:2754): cwd="/tmp/hids_malicious"
type=PATH msg=audit(1769494443.254:2754): item=0 name="/usr/bin/ps" inode=1574103 dev=08:02 mode=0100755 ouid=0 ogid=0 rdev=00:00 nametype=NORMAL cap_fp=0 cap_fi=0 cap_fe=0 cap_fver=0 cap_frootid=0OUID="root" OGID="root"
type=PATH msg=audit(1769494443.254:2754): item=1 name="/lib64/ld-linux-x86-64.so.2" inode=1575340 dev=08:02 mode=0100755 ouid=0 ogid=0 rdev=00:00 nametype=NORMAL cap_fp=0 cap_fi=0 cap_fe=0 cap_fver=0 cap_frootid=0OUID="root" OGID="root"
type=PROCTITLE msg=audit(1769494443.254:2754): proctitle=707300617578
type=SYSCALL msg=audit(1769494443.319:2755): arch=c000003e syscall=59 success=yes exit=0 a0=64e1754d05f0 a1=64e1754cb980 a2=64e1754c38f0 a3=64e1754cb980 items=2 ppid=4260 pid=4492 auid=1000 uid=1000 gid=1000 euid=1000 suid=1000 fsuid=1000 egid=1000 sgid=1000 fsgid=1000 tty=pts0 ses=3 comm="whoami" exe="/usr/bin/whoami" subj=unconfined key="process_exec"ARCH=x86_64 SYSCALL=execve AUID="heroic" UID="heroic" GID="heroic" EUID="heroic" SUID="heroic" FSUID="heroic" EGID="heroic" SGID="heroic" FSGID="heroic"
type=EXECVE msg=audit(1769494443.319:2755): argc=1 a0="whoami"
type=CWD msg=audit(1769494443.319:2755): cwd="/tmp/hids_malicious"
type=PATH msg=audit(1769494443.319:2755): item=0 name="/usr/bin/whoami" inode=1578239 dev=08:02 mode=0100755 ouid=0 ogid=0 rdev=00:00 nametype=NORMAL cap_fp=0 cap_fi=0 cap_fe=0 cap_fver=0 cap_frootid=0OUID="root" OGID="root"
type=PATH msg=audit(1769494443.319:2755): item=1 name="/lib64/ld-linux-x86-64.so.2" inode=1575340 dev=08:02 mode=0100755 ouid=0 ogid=0 rdev=00:00 nametype=NORMAL cap_fp=0 cap_fi=0 cap_fe=0 cap_fver=0 cap_frootid=0OUID="root" OGID="root"
type=PROCTITLE msg=audit(1769494443.319:2755): proctitle="whoami"
type=SYSCALL msg=audit(1769494443.353:2756): arch=c000003e syscall=59 success=yes exit=0 a0=64e1754d05d0 a1=64e1754d03d0 a2=64e1754c38f0 a3=64e1754d03d0 items=2 ppid=4260 pid=4493 auid=1000 uid=1000 gid=1000 euid=1000 suid=1000 fsuid=1000 egid=1000 sgid=1000 fsgid=1000 tty=pts0 ses=3 comm="id" exe="/usr/bin/id" subj=unconfined key="process_exec"ARCH=x86_64 SYSCALL=execve AUID="heroic" UID="heroic" GID="heroic" EUID="heroic" SUID="heroic" FSUID="heroic" EGID="heroic" SGID="heroic" FSGID="heroic"
type=EXECVE msg=audit(1769494443.353:2756): argc=1 a0="id"
type=CWD msg=audit(1769494443.353:2756): cwd="/tmp/hids_malicious"
type=PATH msg=audit(1769494443.353:2756): item=0 name="/usr/bin/id" inode=1578097 dev=08:02 mode=0100755 ouid=0 ogid=0 rdev=00:00 nametype=NORMAL cap_fp=0 cap_fi=0 cap_fe=0 cap_fver=0 cap_frootid=0OUID="root" OGID="root"
type=PATH msg=audit(1769494443.353:2756): item=1 name="/lib64/ld-linux-x86-64.so.2" inode=1575340 dev=08:02 mode=0100755 ouid=0 ogid=0 rdev=00:00 nametype=NORMAL cap_fp=0 cap_fi=0 cap_fe=0 cap_fver=0 cap_frootid=0OUID="root" OGID="root"
type=PROCTITLE msg=audit(1769494443.353:2756): proctitle="id"
type=SYSCALL msg=audit(1769494443.402:2757): arch=c000003e syscall=59 success=yes exit=0 a0=64e1754d05f0 a1=64e1754cf490 a2=64e1754c38f0 a3=64e1754cfb50 items=2 ppid=4260 pid=4494 auid=1000 uid=1000 gid=1000 euid=1000 suid=1000 fsuid=1000 egid=1000 sgid=1000 fsgid=1000 tty=pts0 ses=3 comm="uname" exe="/usr/bin/uname" subj=unconfined key="process_exec"ARCH=x86_64 SYSCALL=execve AUID="heroic" UID="heroic" GID="heroic" EUID="heroic" SUID="heroic" FSUID="heroic" EGID="heroic" SGID="heroic" FSGID="heroic"
type=EXECVE msg=audit(1769494443.402:2757): argc=2 a0="uname" a1="-a"
type=CWD msg=audit(1769494443.402:2757): cwd="/tmp/hids_malicious"
type=PATH msg=audit(1769494443.402:2757): item=0 name="/usr/bin/uname" inode=1578226 dev=08:02 mode=0100755 ouid=0 ogid=0 rdev=00:00 nametype=NORMAL cap_fp=0 cap_fi=0 cap_fe=0 cap_fver=0 cap_frootid=0OUID="root" OGID="root"
type=PATH msg=audit(1769494443.402:2757): item=1 name="/lib64/ld-linux-x86-64.so.2" inode=1575340 dev=08:02 mode=0100755 ouid=0 ogid=0 rdev=00:00 nametype=NORMAL cap_fp=0 cap_fi=0 cap_fe=0 cap_fver=0 cap_frootid=0OUID="root" OGID="root"
type=PROCTITLE msg=audit(1769494443.402:2757): proctitle=756E616D65002D61
type=SYSCALL msg=audit(1769494443.423:2758): arch=c000003e syscall=59 success=yes exit=0 a0=64e1754cf4f0 a1=64e1754cab20 a2=64e1754c38f0 a3=64e1754cfd10 items=2 ppid=4260 pid=4495 auid=1000 uid=1000 gid=1000 euid=1000 suid=1000 fsuid=1000 egid=1000 sgid=1000 fsgid=1000 tty=pts0 ses=3 comm="ss" exe="/usr/bin/ss" subj=unconfined key="process_exec"ARCH=x86_64 SYSCALL=execve AUID="heroic" UID="heroic" GID="heroic" EUID="heroic" SUID="heroic" FSUID="heroic" EGID="heroic" SGID="heroic" FSGID="heroic"
type=EXECVE msg=audit(1769494443.423:2758): argc=2 a0="ss" a1="-tulnp"
type=CWD msg=audit(1769494443.423:2758): cwd="/tmp/hids_malicious"
type=PATH msg=audit(1769494443.423:2758): item=0 name="/usr/bin/ss" inode=1574256 dev=08:02 mode=0100755 ouid=0 ogid=0 rdev=00:00 nametype=NORMAL cap_fp=0 cap_fi=0 cap_fe=0 cap_fver=0 cap_frootid=0OUID="root" OGID="root"
type=PATH msg=audit(1769494443.423:2758): item=1 name="/lib64/ld-linux-x86-64.so.2" inode=1575340 dev=08:02 mode=0100755 ouid=0 ogid=0 rdev=00:00 nametype=NORMAL cap_fp=0 cap_fi=0 cap_fe=0 cap_fver=0 cap_frootid=0OUID="root" OGID="root"
type=PROCTITLE msg=audit(1769494443.423:2758): proctitle=7373002D74756C6E70
type=SYSCALL msg=audit(1769494443.543:2759): arch=c000003e syscall=59 success=yes exit=0 a0=64e1754d05f0 a1=64e1754cf400 a2=64e1754c38f0 a3=64e1754d05d0 items=2 ppid=4260 pid=4496 auid=1000 uid=1000 gid=1000 euid=1000 suid=1000 fsuid=1000 egid=1000 sgid=1000 fsgid=1000 tty=pts0 ses=3 comm="chmod" exe="/usr/bin/chmod" subj=unconfined key="process_exec"ARCH=x86_64 SYSCALL=execve AUID="heroic" UID="heroic" GID="heroic" EUID="heroic" SUID="heroic" FSUID="heroic" EGID="heroic" SGID="heroic" FSGID="heroic"
type=EXECVE msg=audit(1769494443.543:2759): argc=3 a0="chmod" a1="+x" a2="payload.sh"
type=CWD msg=audit(1769494443.543:2759): cwd="/tmp/hids_malicious"
type=PATH msg=audit(1769494443.543:2759): item=0 name="/usr/bin/chmod" inode=1578019 dev=08:02 mode=0100755 ouid=0 ogid=0 rdev=00:00 nametype=NORMAL cap_fp=0 cap_fi=0 cap_fe=0 cap_fver=0 cap_frootid=0OUID="root" OGID="root"
type=PATH msg=audit(1769494443.543:2759): item=1 name="/lib64/ld-linux-x86-64.so.2" inode=1575340 dev=08:02 mode=0100755 ouid=0 ogid=0 rdev=00:00 nametype=NORMAL cap_fp=0 cap_fi=0 cap_fe=0 cap_fver=0 cap_frootid=0OUID="root" OGID="root"
type=PROCTITLE msg=audit(1769494443.543:2759): proctitle=63686D6F64002B78007061796C6F61642E7368
type=SYSCALL msg=audit(1769494443.637:2760): arch=c000003e syscall=59 success=yes exit=0 a0=64e1754cb980 a1=64e1754ca8d0 a2=64e1754c38f0 a3=8 items=2 ppid=4260 pid=4497 auid=1000 uid=1000 gid=1000 euid=1000 suid=1000 fsuid=1000 egid=1000 sgid=1000 fsgid=1000 tty=pts0 ses=3 comm="curl" exe="/usr/bin/curl" subj=unconfined key="process_exec"ARCH=x86_64 SYSCALL=execve AUID="heroic" UID="heroic" GID="heroic" EUID="heroic" SUID="heroic" FSUID="heroic" EGID="heroic" SGID="heroic" FSGID="heroic"
type=EXECVE msg=audit(1769494443.637:2760): argc=3 a0="curl" a1="-s" a2="file:///tmp/hids_malicious/payload.sh"
type=SYSCALL msg=audit(1769494443.637:2761): arch=c000003e syscall=59 success=yes exit=0 a0=64e1754cb980 a1=64e1754d0510 a2=64e1754c38f0 a3=8 items=2 ppid=4260 pid=4498 auid=1000 uid=1000 gid=1000 euid=1000 suid=1000 fsuid=1000 egid=1000 sgid=1000 fsgid=1000 tty=pts0 ses=3 comm="bash" exe="/usr/bin/bash" subj=unconfined key="process_exec"ARCH=x86_64 SYSCALL=execve AUID="heroic" UID="heroic" GID="heroic" EUID="heroic" SUID="heroic" FSUID="heroic" EGID="heroic" SGID="heroic" FSGID="heroic"
type=EXECVE msg=audit(1769494443.637:2761): argc=1 a0="bash"
type=CWD msg=audit(1769494443.637:2761): cwd="/tmp/hids_malicious"
type=PATH msg=audit(1769494443.637:2761): item=0 name="/usr/bin/bash" inode=1573437 dev=08:02 mode=0100755 ouid=0 ogid=0 rdev=00:00 nametype=NORMAL cap_fp=0 cap_fi=0 cap_fe=0 cap_fver=0 cap_frootid=0OUID="root" OGID="root"
type=PATH msg=audit(1769494443.637:2761): item=1 name="/lib64/ld-linux-x86-64.so.2" inode=1575340 dev=08:02 mode=0100755 ouid=0 ogid=0 rdev=00:00 nametype=NORMAL cap_fp=0 cap_fi=0 cap_fe=0 cap_fver=0 cap_frootid=0OUID="root" OGID="root"
type=PROCTITLE msg=audit(1769494443.637:2761): proctitle="bash"
type=CWD msg=audit(1769494443.637:2760): cwd="/tmp/hids_malicious"
type=PATH msg=audit(1769494443.637:2760): item=0 name="/usr/bin/curl" inode=1573697 dev=08:02 mode=0100755 ouid=0 ogid=0 rdev=00:00 nametype=NORMAL cap_fp=0 cap_fi=0 cap_fe=0 cap_fver=0 cap_frootid=0OUID="root" OGID="root"
type=PATH msg=audit(1769494443.637:2760): item=1 name="/lib64/ld-linux-x86-64.so.2" inode=1575340 dev=08:02 mode=0100755 ouid=0 ogid=0 rdev=00:00 nametype=NORMAL cap_fp=0 cap_fi=0 cap_fe=0 cap_fver=0 cap_frootid=0OUID="root" OGID="root"
type=PROCTITLE msg=audit(1769494443.637:2760): proctitle=6375726C002D730066696C653A2F2F2F746D702F686964735F6D616C6963696F75732F7061796C6F61642E7368
type=SYSCALL msg=audit(1769494443.680:2762): arch=c000003e syscall=59 success=yes exit=0 a0=64e1754cf4f0 a1=64e1754d0630 a2=64e1754c38f0 a3=64e1754d0630 items=2 ppid=4260 pid=4499 auid=1000 uid=1000 gid=1000 euid=0 suid=0 fsuid=0 egid=1000 sgid=1000 fsgid=1000 tty=pts0 ses=3 comm="sudo" exe="/usr/bin/sudo" subj=unconfined key="process_exec"ARCH=x86_64 SYSCALL=execve AUID="heroic" UID="heroic" GID="heroic" EUID="root" SUID="root" FSUID="root" EGID="heroic" SGID="heroic" FSGID="heroic"
type=EXECVE msg=audit(1769494443.680:2762): argc=2 a0="sudo" a1="-l"
type=CWD msg=audit(1769494443.680:2762): cwd="/tmp/hids_malicious"
type=PATH msg=audit(1769494443.680:2762): item=0 name="/usr/bin/sudo" inode=1574274 dev=08:02 mode=0104755 ouid=0 ogid=0 rdev=00:00 nametype=NORMAL cap_fp=0 cap_fi=0 cap_fe=0 cap_fver=0 cap_frootid=0OUID="root" OGID="root"
type=PATH msg=audit(1769494443.680:2762): item=1 name="/lib64/ld-linux-x86-64.so.2" inode=1575340 dev=08:02 mode=0100755 ouid=0 ogid=0 rdev=00:00 nametype=NORMAL cap_fp=0 cap_fi=0 cap_fe=0 cap_fver=0 cap_frootid=0OUID="root" OGID="root"
type=PROCTITLE msg=audit(1769494443.680:2762): proctitle=7375646F002D6C
type=USER_ACCT msg=audit(1769494443.717:2763): pid=4499 uid=1000 auid=1000 ses=3 subj=unconfined msg='op=PAM:accounting grantors=pam_permit,pam_localuser acct="heroic" exe="/usr/bin/sudo" hostname=? addr=? terminal=/dev/pts/0 res=success'UID="heroic" AUID="heroic"
type=SYSCALL msg=audit(1769494443.729:2764): arch=c000003e syscall=59 success=yes exit=0 a0=64e1754d05f0 a1=64e1754d05d0 a2=64e1754c38f0 a3=64e1754d05d0 items=2 ppid=4260 pid=4500 auid=1000 uid=1000 gid=1000 euid=0 suid=0 fsuid=0 egid=1000 sgid=1000 fsgid=1000 tty=pts0 ses=3 comm="sudo" exe="/usr/bin/sudo" subj=unconfined key="process_exec"ARCH=x86_64 SYSCALL=execve AUID="heroic" UID="heroic" GID="heroic" EUID="root" SUID="root" FSUID="root" EGID="heroic" SGID="heroic" FSGID="heroic"
type=EXECVE msg=audit(1769494443.729:2764): argc=2 a0="sudo" a1="whoami"
type=CWD msg=audit(1769494443.729:2764): cwd="/tmp/hids_malicious"
type=PATH msg=audit(1769494443.729:2764): item=0 name="/usr/bin/sudo" inode=1574274 dev=08:02 mode=0104755 ouid=0 ogid=0 rdev=00:00 nametype=NORMAL cap_fp=0 cap_fi=0 cap_fe=0 cap_fver=0 cap_frootid=0OUID="root" OGID="root"
type=PATH msg=audit(1769494443.729:2764): item=1 name="/lib64/ld-linux-x86-64.so.2" inode=1575340 dev=08:02 mode=0100755 ouid=0 ogid=0 rdev=00:00 nametype=NORMAL cap_fp=0 cap_fi=0 cap_fe=0 cap_fver=0 cap_frootid=0OUID="root" OGID="root"
type=PROCTITLE msg=audit(1769494443.729:2764): proctitle=7375646F0077686F616D69
type=USER_ACCT msg=audit(1769494443.904:2765): pid=4500 uid=1000 auid=1000 ses=3 subj=unconfined msg='op=PAM:accounting grantors=pam_permit,pam_localuser acct="heroic" exe="/usr/bin/sudo" hostname=? addr=? terminal=/dev/pts/0 res=success'UID="heroic" AUID="heroic"
type=USER_CMD msg=audit(1769494443.909:2766): pid=4500 uid=1000 auid=1000 ses=3 subj=unconfined msg='cwd="/tmp/hids_malicious" cmd="whoami" exe="/usr/bin/sudo" terminal=pts/0 res=success'UID="heroic" AUID="heroic"
type=CRED_REFR msg=audit(1769494443.914:2767): pid=4500 uid=1000 auid=1000 ses=3 subj=unconfined msg='op=PAM:setcred grantors=pam_permit,pam_cap acct="root" exe="/usr/bin/sudo" hostname=? addr=? terminal=/dev/pts/0 res=success'UID="heroic" AUID="heroic"
type=USER_START msg=audit(1769494443.914:2768): pid=4500 uid=1000 auid=1000 ses=3 subj=unconfined msg='op=PAM:session_open grantors=pam_limits,pam_env,pam_env,pam_permit,pam_umask,pam_unix acct="root" exe="/usr/bin/sudo" hostname=? addr=? terminal=/dev/pts/0 res=success'UID="heroic" AUID="heroic"
type=SYSCALL msg=audit(1769494443.924:2769): arch=c000003e syscall=59 success=yes exit=0 a0=61c7fe198b68 a1=61c7fe1a8ba0 a2=61c7fe1bb340 a3=64 items=2 ppid=4501 pid=4502 auid=1000 uid=0 gid=0 euid=0 suid=0 fsuid=0 egid=0 sgid=0 fsgid=0 tty=pts4 ses=3 comm="whoami" exe="/usr/bin/whoami" subj=unconfined key="process_exec"ARCH=x86_64 SYSCALL=execve AUID="heroic" UID="root" GID="root" EUID="root" SUID="root" FSUID="root" EGID="root" SGID="root" FSGID="root"
type=EXECVE msg=audit(1769494443.924:2769): argc=1 a0="whoami"
type=CWD msg=audit(1769494443.924:2769): cwd="/tmp/hids_malicious"
type=PATH msg=audit(1769494443.924:2769): item=0 name="/usr/bin/whoami" inode=1578239 dev=08:02 mode=0100755 ouid=0 ogid=0 rdev=00:00 nametype=NORMAL cap_fp=0 cap_fi=0 cap_fe=0 cap_fver=0 cap_frootid=0OUID="root" OGID="root"
type=PATH msg=audit(1769494443.924:2769): item=1 name="/lib64/ld-linux-x86-64.so.2" inode=1575340 dev=08:02 mode=0100755 ouid=0 ogid=0 rdev=00:00 nametype=NORMAL cap_fp=0 cap_fi=0 cap_fe=0 cap_fver=0 cap_frootid=0OUID="root" OGID="root"
type=PROCTITLE msg=audit(1769494443.924:2769): proctitle="whoami"
type=USER_END msg=audit(1769494443.935:2770): pid=4500 uid=1000 auid=1000 ses=3 subj=unconfined msg='op=PAM:session_close grantors=pam_limits,pam_env,pam_env,pam_permit,pam_umask,pam_unix acct="root" exe="/usr/bin/sudo" hostname=? addr=? terminal=/dev/pts/0 res=success'UID="heroic" AUID="heroic"
type=CRED_DISP msg=audit(1769494443.935:2771): pid=4500 uid=1000 auid=1000 ses=3 subj=unconfined msg='op=PAM:setcred grantors=pam_permit acct="root" exe="/usr/bin/sudo" hostname=? addr=? terminal=/dev/pts/0 res=success'UID="heroic" AUID="heroic"
type=SYSCALL msg=audit(1769494444.049:2772): arch=c000003e syscall=59 success=yes exit=0 a0=64e1754cf4f0 a1=64e1754d0ec0 a2=64e1754c38f0 a3=64e1754d0630 items=2 ppid=4260 pid=4504 auid=1000 uid=1000 gid=1000 euid=0 suid=0 fsuid=0 egid=1000 sgid=1000 fsgid=1000 tty=pts0 ses=3 comm="sudo" exe="/usr/bin/sudo" subj=unconfined key="process_exec"ARCH=x86_64 SYSCALL=execve AUID="heroic" UID="heroic" GID="heroic" EUID="root" SUID="root" FSUID="root" EGID="heroic" SGID="heroic" FSGID="heroic"
type=EXECVE msg=audit(1769494444.049:2772): argc=3 a0="sudo" a1="tee" a2="/etc/cron.d/hids_persist"
type=CWD msg=audit(1769494444.049:2772): cwd="/tmp/hids_malicious"
type=PATH msg=audit(1769494444.049:2772): item=0 name="/usr/bin/sudo" inode=1574274 dev=08:02 mode=0104755 ouid=0 ogid=0 rdev=00:00 nametype=NORMAL cap_fp=0 cap_fi=0 cap_fe=0 cap_fver=0 cap_frootid=0OUID="root" OGID="root"
type=PATH msg=audit(1769494444.049:2772): item=1 name="/lib64/ld-linux-x86-64.so.2" inode=1575340 dev=08:02 mode=0100755 ouid=0 ogid=0 rdev=00:00 nametype=NORMAL cap_fp=0 cap_fi=0 cap_fe=0 cap_fver=0 cap_frootid=0OUID="root" OGID="root"
type=PROCTITLE msg=audit(1769494444.049:2772): proctitle=7375646F00746565002F6574632F63726F6E2E642F686964735F70657273697374
type=USER_ACCT msg=audit(1769494444.131:2773): pid=4504 uid=1000 auid=1000 ses=3 subj=unconfined msg='op=PAM:accounting grantors=pam_permit,pam_localuser acct="heroic" exe="/usr/bin/sudo" hostname=? addr=? terminal=/dev/pts/0 res=success'UID="heroic" AUID="heroic"
type=USER_CMD msg=audit(1769494444.137:2774): pid=4504 uid=1000 auid=1000 ses=3 subj=unconfined msg='cwd="/tmp/hids_malicious" cmd=746565202F6574632F63726F6E2E642F686964735F70657273697374 exe="/usr/bin/sudo" terminal=pts/0 res=success'UID="heroic" AUID="heroic"
type=CRED_REFR msg=audit(1769494444.137:2775): pid=4504 uid=1000 auid=1000 ses=3 subj=unconfined msg='op=PAM:setcred grantors=pam_permit,pam_cap acct="root" exe="/usr/bin/sudo" hostname=? addr=? terminal=/dev/pts/0 res=success'UID="heroic" AUID="heroic"
type=USER_START msg=audit(1769494444.137:2776): pid=4504 uid=1000 auid=1000 ses=3 subj=unconfined msg='op=PAM:session_open grantors=pam_limits,pam_env,pam_env,pam_permit,pam_umask,pam_unix acct="root" exe="/usr/bin/sudo" hostname=? addr=? terminal=/dev/pts/0 res=success'UID="heroic" AUID="heroic"
type=SYSCALL msg=audit(1769494444.150:2777): arch=c000003e syscall=59 success=yes exit=0 a0=5b1d09c7db68 a1=5b1d09c8dba0 a2=5b1d09ca07a0 a3=64 items=2 ppid=4505 pid=4506 auid=1000 uid=0 gid=0 euid=0 suid=0 fsuid=0 egid=0 sgid=0 fsgid=0 tty=pts4 ses=3 comm="tee" exe="/usr/bin/tee" subj=unconfined key="process_exec"ARCH=x86_64 SYSCALL=execve AUID="heroic" UID="root" GID="root" EUID="root" SUID="root" FSUID="root" EGID="root" SGID="root" FSGID="root"
type=EXECVE msg=audit(1769494444.150:2777): argc=2 a0="tee" a1="/etc/cron.d/hids_persist"
type=CWD msg=audit(1769494444.150:2777): cwd="/tmp/hids_malicious"
type=PATH msg=audit(1769494444.150:2777): item=0 name="/usr/bin/tee" inode=1578148 dev=08:02 mode=0100755 ouid=0 ogid=0 rdev=00:00 nametype=NORMAL cap_fp=0 cap_fi=0 cap_fe=0 cap_fver=0 cap_frootid=0OUID="root" OGID="root"
type=PATH msg=audit(1769494444.150:2777): item=1 name="/lib64/ld-linux-x86-64.so.2" inode=1575340 dev=08:02 mode=0100755 ouid=0 ogid=0 rdev=00:00 nametype=NORMAL cap_fp=0 cap_fi=0 cap_fe=0 cap_fver=0 cap_frootid=0OUID="root" OGID="root"
type=PROCTITLE msg=audit(1769494444.150:2777): proctitle=746565002F6574632F63726F6E2E642F686964735F70657273697374
type=SYSCALL msg=audit(1769494444.157:2778): arch=c000003e syscall=257 success=yes exit=3 a0=ffffff9c a1=7ffe6a74372c a2=241 a3=1b6 items=2 ppid=4505 pid=4506 auid=1000 uid=0 gid=0 euid=0 suid=0 fsuid=0 egid=0 sgid=0 fsgid=0 tty=pts4 ses=3 comm="tee" exe="/usr/bin/tee" subj=unconfined key="persistence"ARCH=x86_64 SYSCALL=openat AUID="heroic" UID="root" GID="root" EUID="root" SUID="root" FSUID="root" EGID="root" SGID="root" FSGID="root"
type=CWD msg=audit(1769494444.157:2778): cwd="/tmp/hids_malicious"
type=PATH msg=audit(1769494444.157:2778): item=0 name="/etc/cron.d/" inode=1703968 dev=08:02 mode=040755 ouid=0 ogid=0 rdev=00:00 nametype=PARENT cap_fp=0 cap_fi=0 cap_fe=0 cap_fver=0 cap_frootid=0OUID="root" OGID="root"
type=PATH msg=audit(1769494444.157:2778): item=1 name="/etc/cron.d/hids_persist" inode=1704205 dev=08:02 mode=0100644 ouid=0 ogid=0 rdev=00:00 nametype=CREATE cap_fp=0 cap_fi=0 cap_fe=0 cap_fver=0 cap_frootid=0OUID="root" OGID="root"
type=PROCTITLE msg=audit(1769494444.157:2778): proctitle=746565002F6574632F63726F6E2E642F686964735F70657273697374
type=USER_END msg=audit(1769494444.163:2779): pid=4504 uid=1000 auid=1000 ses=3 subj=unconfined msg='op=PAM:session_close grantors=pam_limits,pam_env,pam_env,pam_permit,pam_umask,pam_unix acct="root" exe="/usr/bin/sudo" hostname=? addr=? terminal=/dev/pts/0 res=success'UID="heroic" AUID="heroic"
type=CRED_DISP msg=audit(1769494444.163:2780): pid=4504 uid=1000 auid=1000 ses=3 subj=unconfined msg='op=PAM:setcred grantors=pam_permit acct="root" exe="/usr/bin/sudo" hostname=? addr=? terminal=/dev/pts/0 res=success'UID="heroic" AUID="heroic"
type=SYSCALL msg=audit(1769494444.178:2781): arch=c000003e syscall=59 success=yes exit=0 a0=64e1754d05d0 a1=64e1754d0630 a2=64e1754c38f0 a3=64e1754d0630 items=2 ppid=4260 pid=4507 auid=1000 uid=1000 gid=1000 euid=1000 suid=1000 fsuid=1000 egid=1000 sgid=1000 fsgid=1000 tty=pts0 ses=3 comm="sleep" exe="/usr/bin/sleep" subj=unconfined key="process_exec"ARCH=x86_64 SYSCALL=execve AUID="heroic" UID="heroic" GID="heroic" EUID="heroic" SUID="heroic" FSUID="heroic" EGID="heroic" SGID="heroic" FSGID="heroic"
type=EXECVE msg=audit(1769494444.178:2781): argc=2 a0="sleep" a1="5"
type=CWD msg=audit(1769494444.178:2781): cwd="/tmp/hids_malicious"
type=PATH msg=audit(1769494444.178:2781): item=0 name="/usr/bin/sleep" inode=1578138 dev=08:02 mode=0100755 ouid=0 ogid=0 rdev=00:00 nametype=NORMAL cap_fp=0 cap_fi=0 cap_fe=0 cap_fver=0 cap_frootid=0OUID="root" OGID="root"
type=PATH msg=audit(1769494444.178:2781): item=1 name="/lib64/ld-linux-x86-64.so.2" inode=1575340 dev=08:02 mode=0100755 ouid=0 ogid=0 rdev=00:00 nametype=NORMAL cap_fp=0 cap_fi=0 cap_fe=0 cap_fver=0 cap_frootid=0OUID="root" OGID="root"
type=PROCTITLE msg=audit(1769494444.178:2781): proctitle=736C6565700035
type=SYSCALL msg=audit(1769494449.191:2782): arch=c000003e syscall=59 success=yes exit=0 a0=64e1754cf970 a1=64e1754cd650 a2=64e1754c38f0 a3=1 items=2 ppid=4260 pid=4508 auid=1000 uid=1000 gid=1000 euid=1000 suid=1000 fsuid=1000 egid=1000 sgid=1000 fsgid=1000 tty=pts0 ses=3 comm="rm" exe="/usr/bin/rm" subj=unconfined key="process_exec"ARCH=x86_64 SYSCALL=execve AUID="heroic" UID="heroic" GID="heroic" EUID="heroic" SUID="heroic" FSUID="heroic" EGID="heroic" SGID="heroic" FSGID="heroic"
type=EXECVE msg=audit(1769494449.191:2782): argc=58 a0="rm" a1="-f" a2="file_10.dat" a3="file_11.dat" a4="file_12.dat" a5="file_13.dat" a6="file_14.dat" a7="file_15.dat" a8="file_16.dat" a9="file_17.dat" a10="file_18.dat" a11="file_19.dat" a12="file_1.dat" a13="file_20.dat" a14="file_21.dat" a15="file_22.dat" a16="file_23.dat" a17="file_24.dat" a18="file_25.dat" a19="file_26.dat" a20="file_27.dat" a21="file_28.dat" a22="file_29.dat" a23="file_2.dat" a24="file_30.dat" a25="file_31.dat" a26="file_32.dat" a27="file_33.dat" a28="file_34.dat" a29="file_35.dat" a30="file_36.dat" a31="file_37.dat" a32="file_38.dat" a33="file_39.dat" a34="file_3.dat" a35="file_40.dat" a36="file_41.dat" a37="file_42.dat" a38="file_43.dat" a39="file_44.dat" a40="file_45.dat" a41="file_46.dat" a42="file_47.dat" a43="file_48.dat" a44="file_49.dat" a45="file_4.dat" a46="file_50.dat" a47="file_5.dat" a48="file_6.dat" a49="file_7.dat" a50="file_8.dat" a51="file_9.dat" a52="payload.sh" a53="recon.txt" a54="netstat.txt" a55="processes.txt" a56="sudo_enum.txt" a57="sudo_test.txt"
type=CWD msg=audit(1769494449.191:2782): cwd="/tmp/hids_malicious"
type=PATH msg=audit(1769494449.191:2782): item=0 name="/usr/bin/rm" inode=1578127 dev=08:02 mode=0100755 ouid=0 ogid=0 rdev=00:00 nametype=NORMAL cap_fp=0 cap_fi=0 cap_fe=0 cap_fver=0 cap_frootid=0OUID="root" OGID="root"
type=PATH msg=audit(1769494449.191:2782): item=1 name="/lib64/ld-linux-x86-64.so.2" inode=1575340 dev=08:02 mode=0100755 ouid=0 ogid=0 rdev=00:00 nametype=NORMAL cap_fp=0 cap_fi=0 cap_fe=0 cap_fver=0 cap_frootid=0OUID="root" OGID="root"
type=PROCTITLE msg=audit(1769494449.191:2782): proctitle=726D002D660066696C655F31302E6461740066696C655F31312E6461740066696C655F31322E6461740066696C655F31332E6461740066696C655F31342E6461740066696C655F31352E6461740066696C655F31362E6461740066696C655F31372E6461740066696C655F31382E6461740066696C655F31392E646174006669
type=SYSCALL msg=audit(1769494449.209:2783): arch=c000003e syscall=59 success=yes exit=0 a0=64e1754cf190 a1=64e1754d0b60 a2=64e1754c38f0 a3=64e1754d0b60 items=2 ppid=4260 pid=4509 auid=1000 uid=1000 gid=1000 euid=0 suid=0 fsuid=0 egid=1000 sgid=1000 fsgid=1000 tty=pts0 ses=3 comm="sudo" exe="/usr/bin/sudo" subj=unconfined key="process_exec"ARCH=x86_64 SYSCALL=execve AUID="heroic" UID="heroic" GID="heroic" EUID="root" SUID="root" FSUID="root" EGID="heroic" SGID="heroic" FSGID="heroic"
type=EXECVE msg=audit(1769494449.209:2783): argc=4 a0="sudo" a1="rm" a2="-f" a3="/etc/cron.d/hids_persist"
type=CWD msg=audit(1769494449.209:2783): cwd="/tmp/hids_malicious"
type=PATH msg=audit(1769494449.209:2783): item=0 name="/usr/bin/sudo" inode=1574274 dev=08:02 mode=0104755 ouid=0 ogid=0 rdev=00:00 nametype=NORMAL cap_fp=0 cap_fi=0 cap_fe=0 cap_fver=0 cap_frootid=0OUID="root" OGID="root"
type=PATH msg=audit(1769494449.209:2783): item=1 name="/lib64/ld-linux-x86-64.so.2" inode=1575340 dev=08:02 mode=0100755 ouid=0 ogid=0 rdev=00:00 nametype=NORMAL cap_fp=0 cap_fi=0 cap_fe=0 cap_fver=0 cap_frootid=0OUID="root" OGID="root"
type=PROCTITLE msg=audit(1769494449.209:2783): proctitle=7375646F00726D002D66002F6574632F63726F6E2E642F686964735F70657273697374
type=USER_ACCT msg=audit(1769494449.354:2784): pid=4509 uid=1000 auid=1000 ses=3 subj=unconfined msg='op=PAM:accounting grantors=pam_permit,pam_localuser acct="heroic" exe="/usr/bin/sudo" hostname=? addr=? terminal=/dev/pts/0 res=success'UID="heroic" AUID="heroic"
type=USER_CMD msg=audit(1769494449.355:2785): pid=4509 uid=1000 auid=1000 ses=3 subj=unconfined msg='cwd="/tmp/hids_malicious" cmd=726D202D66202F6574632F63726F6E2E642F686964735F70657273697374 exe="/usr/bin/sudo" terminal=pts/0 res=success'UID="heroic" AUID="heroic"
type=CRED_REFR msg=audit(1769494449.355:2786): pid=4509 uid=1000 auid=1000 ses=3 subj=unconfined msg='op=PAM:setcred grantors=pam_permit,pam_cap acct="root" exe="/usr/bin/sudo" hostname=? addr=? terminal=/dev/pts/0 res=success'UID="heroic" AUID="heroic"
type=USER_START msg=audit(1769494449.357:2787): pid=4509 uid=1000 auid=1000 ses=3 subj=unconfined msg='op=PAM:session_open grantors=pam_limits,pam_env,pam_env,pam_permit,pam_umask,pam_unix acct="root" exe="/usr/bin/sudo" hostname=? addr=? terminal=/dev/pts/0 res=success'UID="heroic" AUID="heroic"
type=SYSCALL msg=audit(1769494449.362:2788): arch=c000003e syscall=59 success=yes exit=0 a0=5a12dcad3b68 a1=5a12dcae3ba0 a2=5a12dcaf67a0 a3=64 items=2 ppid=4510 pid=4511 auid=1000 uid=0 gid=0 euid=0 suid=0 fsuid=0 egid=0 sgid=0 fsgid=0 tty=pts4 ses=3 comm="rm" exe="/usr/bin/rm" subj=unconfined key="process_exec"ARCH=x86_64 SYSCALL=execve AUID="heroic" UID="root" GID="root" EUID="root" SUID="root" FSUID="root" EGID="root" SGID="root" FSGID="root"
type=EXECVE msg=audit(1769494449.362:2788): argc=3 a0="rm" a1="-f" a2="/etc/cron.d/hids_persist"
type=CWD msg=audit(1769494449.362:2788): cwd="/tmp/hids_malicious"
type=PATH msg=audit(1769494449.362:2788): item=0 name="/usr/bin/rm" inode=1578127 dev=08:02 mode=0100755 ouid=0 ogid=0 rdev=00:00 nametype=NORMAL cap_fp=0 cap_fi=0 cap_fe=0 cap_fver=0 cap_frootid=0OUID="root" OGID="root"
type=PATH msg=audit(1769494449.362:2788): item=1 name="/lib64/ld-linux-x86-64.so.2" inode=1575340 dev=08:02 mode=0100755 ouid=0 ogid=0 rdev=00:00 nametype=NORMAL cap_fp=0 cap_fi=0 cap_fe=0 cap_fver=0 cap_frootid=0OUID="root" OGID="root"
type=PROCTITLE msg=audit(1769494449.362:2788): proctitle=726D002D66002F6574632F63726F6E2E642F686964735F70657273697374
type=SYSCALL msg=audit(1769494449.367:2789): arch=c000003e syscall=263 success=yes exit=0 a0=ffffff9c a1=63c3a8b004a0 a2=0 a3=63c3a8b01900 items=2 ppid=4510 pid=4511 auid=1000 uid=0 gid=0 euid=0 suid=0 fsuid=0 egid=0 sgid=0 fsgid=0 tty=pts4 ses=3 comm="rm" exe="/usr/bin/rm" subj=unconfined key="persistence"ARCH=x86_64 SYSCALL=unlinkat AUID="heroic" UID="root" GID="root" EUID="root" SUID="root" FSUID="root" EGID="root" SGID="root" FSGID="root"
type=CWD msg=audit(1769494449.367:2789): cwd="/tmp/hids_malicious"
type=PATH msg=audit(1769494449.367:2789): item=0 name="/etc/cron.d/" inode=1703968 dev=08:02 mode=040755 ouid=0 ogid=0 rdev=00:00 nametype=PARENT cap_fp=0 cap_fi=0 cap_fe=0 cap_fver=0 cap_frootid=0OUID="root" OGID="root"
type=PATH msg=audit(1769494449.367:2789): item=1 name="/etc/cron.d/hids_persist" inode=1704205 dev=08:02 mode=0100644 ouid=0 ogid=0 rdev=00:00 nametype=DELETE cap_fp=0 cap_fi=0 cap_fe=0 cap_fver=0 cap_frootid=0OUID="root" OGID="root"
type=PROCTITLE msg=audit(1769494449.367:2789): proctitle=726D002D66002F6574632F63726F6E2E642F686964735F70657273697374
type=USER_END msg=audit(1769494449.369:2790): pid=4509 uid=1000 auid=1000 ses=3 subj=unconfined msg='op=PAM:session_close grantors=pam_limits,pam_env,pam_env,pam_permit,pam_umask,pam_unix acct="root" exe="/usr/bin/sudo" hostname=? addr=? terminal=/dev/pts/0 res=success'UID="heroic" AUID="heroic"
type=CRED_DISP msg=audit(1769494449.369:2791): pid=4509 uid=1000 auid=1000 ses=3 subj=unconfined msg='op=PAM:setcred grantors=pam_permit acct="root" exe="/usr/bin/sudo" hostname=? addr=? terminal=/dev/pts/0 res=success'UID="heroic" AUID="heroic"
type=SYSCALL msg=audit(1769494449.380:2792): arch=c000003e syscall=59 success=yes exit=0 a0=64e1754cfd10 a1=64e1754cea10 a2=64e1754c38f0 a3=64e1754cea10 items=2 ppid=4260 pid=4512 auid=1000 uid=1000 gid=1000 euid=1000 suid=1000 fsuid=1000 egid=1000 sgid=1000 fsgid=1000 tty=pts0 ses=3 comm="rmdir" exe="/usr/bin/rmdir" subj=unconfined key="process_exec"ARCH=x86_64 SYSCALL=execve AUID="heroic" UID="heroic" GID="heroic" EUID="heroic" SUID="heroic" FSUID="heroic" EGID="heroic" SGID="heroic" FSGID="heroic"
type=EXECVE msg=audit(1769494449.380:2792): argc=2 a0="rmdir" a1="/tmp/hids_malicious"
type=CWD msg=audit(1769494449.380:2792): cwd="/tmp/hids_malicious"
type=PATH msg=audit(1769494449.380:2792): item=0 name="/usr/bin/rmdir" inode=1578128 dev=08:02 mode=0100755 ouid=0 ogid=0 rdev=00:00 nametype=NORMAL cap_fp=0 cap_fi=0 cap_fe=0 cap_fver=0 cap_frootid=0OUID="root" OGID="root"
type=PATH msg=audit(1769494449.380:2792): item=1 name="/lib64/ld-linux-x86-64.so.2" inode=1575340 dev=08:02 mode=0100755 ouid=0 ogid=0 rdev=00:00 nametype=NORMAL cap_fp=0 cap_fi=0 cap_fe=0 cap_fver=0 cap_frootid=0OUID="root" OGID="root"
type=PROCTITLE msg=audit(1769494449.380:2792): proctitle=726D646972002F746D702F686964735F6D616C6963696F7573
type=SYSCALL msg=audit(1769494449.386:2793): arch=c000003e syscall=59 success=yes exit=0 a0=64e1754cf190 a1=64e1754cf970 a2=64e1754c38f0 a3=64e1754cf970 items=2 ppid=4260 pid=4513 auid=1000 uid=1000 gid=1000 euid=1000 suid=1000 fsuid=1000 egid=1000 sgid=1000 fsgid=1000 tty=pts0 ses=3 comm="sleep" exe="/usr/bin/sleep" subj=unconfined key="process_exec"ARCH=x86_64 SYSCALL=execve AUID="heroic" UID="heroic" GID="heroic" EUID="heroic" SUID="heroic" FSUID="heroic" EGID="heroic" SGID="heroic" FSGID="heroic"
type=EXECVE msg=audit(1769494449.386:2793): argc=2 a0="sleep" a1="90"
type=CWD msg=audit(1769494449.386:2793): cwd=2F746D702F686964735F6D616C6963696F7573202864656C6574656429
type=PATH msg=audit(1769494449.386:2793): item=0 name="/usr/bin/sleep" inode=1578138 dev=08:02 mode=0100755 ouid=0 ogid=0 rdev=00:00 nametype=NORMAL cap_fp=0 cap_fi=0 cap_fe=0 cap_fver=0 cap_frootid=0OUID="root" OGID="root"
type=PATH msg=audit(1769494449.386:2793): item=1 name="/lib64/ld-linux-x86-64.so.2" inode=1575340 dev=08:02 mode=0100755 ouid=0 ogid=0 rdev=00:00 nametype=NORMAL cap_fp=0 cap_fi=0 cap_fe=0 cap_fver=0 cap_frootid=0OUID="root" OGID="root"
type=PROCTITLE msg=audit(1769494449.386:2793): proctitle=736C656570003930
type=USER_ACCT msg=audit(1769494501.961:2794): pid=4516 uid=0 auid=4294967295 ses=4294967295 subj=unconfined msg='op=PAM:accounting grantors=pam_permit,pam_localuser acct="root" exe="/usr/sbin/cron" hostname=? addr=? terminal=cron res=success'UID="root" AUID="unset"
type=CRED_ACQ msg=audit(1769494501.964:2795): pid=4516 uid=0 auid=4294967295 ses=4294967295 subj=unconfined msg='op=PAM:setcred grantors=pam_permit,pam_cap acct="root" exe="/usr/sbin/cron" hostname=? addr=? terminal=cron res=success'UID="root" AUID="unset"
type=LOGIN msg=audit(1769494501.964:2796): pid=4516 uid=0 subj=unconfined old-auid=4294967295 auid=0 tty=(none) old-ses=4294967295 ses=9 res=1UID="root" OLD-AUID="unset" AUID="root"
type=SYSCALL msg=audit(1769494501.964:2796): arch=c000003e syscall=1 success=yes exit=1 a0=7 a1=7ffeb4c10450 a2=1 a3=0 items=0 ppid=912 pid=4516 auid=0 uid=0 gid=0 euid=0 suid=0 fsuid=0 egid=0 sgid=0 fsgid=0 tty=(none) ses=9 comm="cron" exe="/usr/sbin/cron" subj=unconfined key=(null)ARCH=x86_64 SYSCALL=write AUID="root" UID="root" GID="root" EUID="root" SUID="root" FSUID="root" EGID="root" SGID="root" FSGID="root"
type=PROCTITLE msg=audit(1769494501.964:2796): proctitle=2F7573722F7362696E2F43524F4E002D66002D50
type=USER_START msg=audit(1769494501.965:2797): pid=4516 uid=0 auid=0 ses=9 subj=unconfined msg='op=PAM:session_open grantors=pam_loginuid,pam_env,pam_env,pam_permit,pam_umask,pam_unix,pam_limits acct="root" exe="/usr/sbin/cron" hostname=? addr=? terminal=cron res=success'UID="root" AUID="root"
type=CRED_REFR msg=audit(1769494501.966:2798): pid=4517 uid=0 auid=0 ses=9 subj=unconfined msg='op=PAM:setcred grantors=pam_permit,pam_cap acct="root" exe="/usr/sbin/cron" hostname=? addr=? terminal=cron res=success'UID="root" AUID="root"
type=SYSCALL msg=audit(1769494501.966:2799): arch=c000003e syscall=59 success=yes exit=0 a0=56a2ccca82d6 a1=7ffeb4c10500 a2=56a2ccca8380 a3=56a2ccca82d6 items=2 ppid=4516 pid=4517 auid=0 uid=0 gid=0 euid=0 suid=0 fsuid=0 egid=0 sgid=0 fsgid=0 tty=(none) ses=9 comm="sh" exe="/usr/bin/dash" subj=unconfined key="process_exec"ARCH=x86_64 SYSCALL=execve AUID="root" UID="root" GID="root" EUID="root" SUID="root" FSUID="root" EGID="root" SGID="root" FSGID="root"
type=EXECVE msg=audit(1769494501.966:2799): argc=3 a0="/bin/sh" a1="-c" a2=636F6D6D616E64202D762064656269616E2D736131203E202F6465762F6E756C6C2026262064656269616E2D73613120312031
type=CWD msg=audit(1769494501.966:2799): cwd="/root"
type=PATH msg=audit(1769494501.966:2799): item=0 name="/bin/sh" inode=1573518 dev=08:02 mode=0100755 ouid=0 ogid=0 rdev=00:00 nametype=NORMAL cap_fp=0 cap_fi=0 cap_fe=0 cap_fver=0 cap_frootid=0OUID="root" OGID="root"
type=PATH msg=audit(1769494501.966:2799): item=1 name="/lib64/ld-linux-x86-64.so.2" inode=1575340 dev=08:02 mode=0100755 ouid=0 ogid=0 rdev=00:00 nametype=NORMAL cap_fp=0 cap_fi=0 cap_fe=0 cap_fver=0 cap_frootid=0OUID="root" OGID="root"
type=PROCTITLE msg=audit(1769494501.966:2799): proctitle=2F62696E2F7368002D6300636F6D6D616E64202D762064656269616E2D736131203E202F6465762F6E756C6C2026262064656269616E2D73613120312031
type=SYSCALL msg=audit(1769494501.985:2800): arch=c000003e syscall=59 success=yes exit=0 a0=5e0287c70538 a1=5e0287c704e0 a2=5e0287c70500 a3=8 items=3 ppid=4517 pid=4518 auid=0 uid=0 gid=0 euid=0 suid=0 fsuid=0 egid=0 sgid=0 fsgid=0 tty=(none) ses=9 comm="debian-sa1" exe="/usr/bin/dash" subj=unconfined key="process_exec"ARCH=x86_64 SYSCALL=execve AUID="root" UID="root" GID="root" EUID="root" SUID="root" FSUID="root" EGID="root" SGID="root" FSGID="root"
type=EXECVE msg=audit(1769494501.985:2800): argc=4 a0="/bin/sh" a1="/usr/lib/sysstat/debian-sa1" a2="1" a3="1"
type=CWD msg=audit(1769494501.985:2800): cwd="/root"
type=PATH msg=audit(1769494501.985:2800): item=0 name="/usr/lib/sysstat/debian-sa1" inode=1582333 dev=08:02 mode=0100755 ouid=0 ogid=0 rdev=00:00 nametype=NORMAL cap_fp=0 cap_fi=0 cap_fe=0 cap_fver=0 cap_frootid=0OUID="root" OGID="root"
type=PATH msg=audit(1769494501.985:2800): item=1 name="/bin/sh" inode=1573518 dev=08:02 mode=0100755 ouid=0 ogid=0 rdev=00:00 nametype=NORMAL cap_fp=0 cap_fi=0 cap_fe=0 cap_fver=0 cap_frootid=0OUID="root" OGID="root"
type=PATH msg=audit(1769494501.985:2800): item=2 name="/lib64/ld-linux-x86-64.so.2" inode=1575340 dev=08:02 mode=0100755 ouid=0 ogid=0 rdev=00:00 nametype=NORMAL cap_fp=0 cap_fi=0 cap_fe=0 cap_fver=0 cap_frootid=0OUID="root" OGID="root"
type=PROCTITLE msg=audit(1769494501.985:2800): proctitle=2F62696E2F7368002F7573722F6C69622F737973737461742F64656269616E2D73613100310031
type=CRED_DISP msg=audit(1769494501.991:2801): pid=4516 uid=0 auid=0 ses=9 subj=unconfined msg='op=PAM:setcred grantors=pam_permit acct="root" exe="/usr/sbin/cron" hostname=? addr=? terminal=cron res=success'UID="root" AUID="root"
type=USER_END msg=audit(1769494501.991:2802): pid=4516 uid=0 auid=0 ses=9 subj=unconfined msg='op=PAM:session_close grantors=pam_loginuid,pam_env,pam_env,pam_permit,pam_umask,pam_unix,pam_limits acct="root" exe="/usr/sbin/cron" hostname=? addr=? terminal=cron res=success'UID="root" AUID="root"
type=SYSCALL msg=audit(1769494539.401:2803): arch=c000003e syscall=59 success=yes exit=0 a0=64e1754ced10 a1=64e1754ca0f0 a2=64e1754c38f0 a3=64e1754cd210 items=2 ppid=4260 pid=4520 auid=1000 uid=1000 gid=1000 euid=1000 suid=1000 fsuid=1000 egid=1000 sgid=1000 fsgid=1000 tty=pts0 ses=3 comm="mkdir" exe="/usr/bin/mkdir" subj=unconfined key="process_exec"ARCH=x86_64 SYSCALL=execve AUID="heroic" UID="heroic" GID="heroic" EUID="heroic" SUID="heroic" FSUID="heroic" EGID="heroic" SGID="heroic" FSGID="heroic"
type=EXECVE msg=audit(1769494539.401:2803): argc=3 a0="mkdir" a1="-p" a2="/tmp/hids_malicious"
type=CWD msg=audit(1769494539.401:2803): cwd=2F746D702F686964735F6D616C6963696F7573202864656C6574656429
type=PATH msg=audit(1769494539.401:2803): item=0 name="/usr/bin/mkdir" inode=1578106 dev=08:02 mode=0100755 ouid=0 ogid=0 rdev=00:00 nametype=NORMAL cap_fp=0 cap_fi=0 cap_fe=0 cap_fver=0 cap_frootid=0OUID="root" OGID="root"
type=PATH msg=audit(1769494539.401:2803): item=1 name="/lib64/ld-linux-x86-64.so.2" inode=1575340 dev=08:02 mode=0100755 ouid=0 ogid=0 rdev=00:00 nametype=NORMAL cap_fp=0 cap_fi=0 cap_fe=0 cap_fver=0 cap_frootid=0OUID="root" OGID="root"
type=PROCTITLE msg=audit(1769494539.401:2803): proctitle=6D6B646972002D70002F746D702F686964735F6D616C6963696F7573
type=SYSCALL msg=audit(1769494539.412:2804): arch=c000003e syscall=59 success=yes exit=0 a0=64e1754cf4d0 a1=64e1754cf9f0 a2=64e1754c38f0 a3=64e1754ced30 items=2 ppid=4260 pid=4521 auid=1000 uid=1000 gid=1000 euid=1000 suid=1000 fsuid=1000 egid=1000 sgid=1000 fsgid=1000 tty=pts0 ses=3 comm="ps" exe="/usr/bin/ps" subj=unconfined key="process_exec"ARCH=x86_64 SYSCALL=execve AUID="heroic" UID="heroic" GID="heroic" EUID="heroic" SUID="heroic" FSUID="heroic" EGID="heroic" SGID="heroic" FSGID="heroic"
type=EXECVE msg=audit(1769494539.412:2804): argc=2 a0="ps" a1="aux"
type=CWD msg=audit(1769494539.412:2804): cwd="/tmp/hids_malicious"
type=PATH msg=audit(1769494539.412:2804): item=0 name="/usr/bin/ps" inode=1574103 dev=08:02 mode=0100755 ouid=0 ogid=0 rdev=00:00 nametype=NORMAL cap_fp=0 cap_fi=0 cap_fe=0 cap_fver=0 cap_frootid=0OUID="root" OGID="root"
type=PATH msg=audit(1769494539.412:2804): item=1 name="/lib64/ld-linux-x86-64.so.2" inode=1575340 dev=08:02 mode=0100755 ouid=0 ogid=0 rdev=00:00 nametype=NORMAL cap_fp=0 cap_fi=0 cap_fe=0 cap_fver=0 cap_frootid=0OUID="root" OGID="root"
type=PROCTITLE msg=audit(1769494539.412:2804): proctitle=707300617578
type=SYSCALL msg=audit(1769494539.547:2805): arch=c000003e syscall=59 success=yes exit=0 a0=64e1754ced10 a1=64e1754cfd10 a2=64e1754c38f0 a3=64e1754cfd10 items=2 ppid=4260 pid=4522 auid=1000 uid=1000 gid=1000 euid=1000 suid=1000 fsuid=1000 egid=1000 sgid=1000 fsgid=1000 tty=pts0 ses=3 comm="whoami" exe="/usr/bin/whoami" subj=unconfined key="process_exec"ARCH=x86_64 SYSCALL=execve AUID="heroic" UID="heroic" GID="heroic" EUID="heroic" SUID="heroic" FSUID="heroic" EGID="heroic" SGID="heroic" FSGID="heroic"
type=EXECVE msg=audit(1769494539.547:2805): argc=1 a0="whoami"
type=CWD msg=audit(1769494539.547:2805): cwd="/tmp/hids_malicious"
type=PATH msg=audit(1769494539.547:2805): item=0 name="/usr/bin/whoami" inode=1578239 dev=08:02 mode=0100755 ouid=0 ogid=0 rdev=00:00 nametype=NORMAL cap_fp=0 cap_fi=0 cap_fe=0 cap_fver=0 cap_frootid=0OUID="root" OGID="root"
type=PATH msg=audit(1769494539.547:2805): item=1 name="/lib64/ld-linux-x86-64.so.2" inode=1575340 dev=08:02 mode=0100755 ouid=0 ogid=0 rdev=00:00 nametype=NORMAL cap_fp=0 cap_fi=0 cap_fe=0 cap_fver=0 cap_frootid=0OUID="root" OGID="root"
type=PROCTITLE msg=audit(1769494539.547:2805): proctitle="whoami"
type=SYSCALL msg=audit(1769494539.587:2806): arch=c000003e syscall=59 success=yes exit=0 a0=64e1754cb980 a1=64e1754cff50 a2=64e1754c38f0 a3=64e1754cff50 items=2 ppid=4260 pid=4523 auid=1000 uid=1000 gid=1000 euid=1000 suid=1000 fsuid=1000 egid=1000 sgid=1000 fsgid=1000 tty=pts0 ses=3 comm="id" exe="/usr/bin/id" subj=unconfined key="process_exec"ARCH=x86_64 SYSCALL=execve AUID="heroic" UID="heroic" GID="heroic" EUID="heroic" SUID="heroic" FSUID="heroic" EGID="heroic" SGID="heroic" FSGID="heroic"
type=EXECVE msg=audit(1769494539.587:2806): argc=1 a0="id"
type=CWD msg=audit(1769494539.587:2806): cwd="/tmp/hids_malicious"
type=PATH msg=audit(1769494539.587:2806): item=0 name="/usr/bin/id" inode=1578097 dev=08:02 mode=0100755 ouid=0 ogid=0 rdev=00:00 nametype=NORMAL cap_fp=0 cap_fi=0 cap_fe=0 cap_fver=0 cap_frootid=0OUID="root" OGID="root"
type=PATH msg=audit(1769494539.587:2806): item=1 name="/lib64/ld-linux-x86-64.so.2" inode=1575340 dev=08:02 mode=0100755 ouid=0 ogid=0 rdev=00:00 nametype=NORMAL cap_fp=0 cap_fi=0 cap_fe=0 cap_fver=0 cap_frootid=0OUID="root" OGID="root"
type=PROCTITLE msg=audit(1769494539.587:2806): proctitle="id"
type=SYSCALL msg=audit(1769494539.604:2807): arch=c000003e syscall=59 success=yes exit=0 a0=64e1754ced10 a1=64e1754cfa30 a2=64e1754c38f0 a3=64e1754cf4d0 items=2 ppid=4260 pid=4524 auid=1000 uid=1000 gid=1000 euid=1000 suid=1000 fsuid=1000 egid=1000 sgid=1000 fsgid=1000 tty=pts0 ses=3 comm="uname" exe="/usr/bin/uname" subj=unconfined key="process_exec"ARCH=x86_64 SYSCALL=execve AUID="heroic" UID="heroic" GID="heroic" EUID="heroic" SUID="heroic" FSUID="heroic" EGID="heroic" SGID="heroic" FSGID="heroic"
type=EXECVE msg=audit(1769494539.604:2807): argc=2 a0="uname" a1="-a"
type=CWD msg=audit(1769494539.604:2807): cwd="/tmp/hids_malicious"
type=PATH msg=audit(1769494539.604:2807): item=0 name="/usr/bin/uname" inode=1578226 dev=08:02 mode=0100755 ouid=0 ogid=0 rdev=00:00 nametype=NORMAL cap_fp=0 cap_fi=0 cap_fe=0 cap_fver=0 cap_frootid=0OUID="root" OGID="root"
type=PATH msg=audit(1769494539.604:2807): item=1 name="/lib64/ld-linux-x86-64.so.2" inode=1575340 dev=08:02 mode=0100755 ouid=0 ogid=0 rdev=00:00 nametype=NORMAL cap_fp=0 cap_fi=0 cap_fe=0 cap_fver=0 cap_frootid=0OUID="root" OGID="root"
type=PROCTITLE msg=audit(1769494539.604:2807): proctitle=756E616D65002D61
type=SYSCALL msg=audit(1769494539.610:2808): arch=c000003e syscall=59 success=yes exit=0 a0=64e1754cb960 a1=64e1754cf950 a2=64e1754c38f0 a3=64e1754cd210 items=2 ppid=4260 pid=4525 auid=1000 uid=1000 gid=1000 euid=1000 suid=1000 fsuid=1000 egid=1000 sgid=1000 fsgid=1000 tty=pts0 ses=3 comm="ss" exe="/usr/bin/ss" subj=unconfined key="process_exec"ARCH=x86_64 SYSCALL=execve AUID="heroic" UID="heroic" GID="heroic" EUID="heroic" SUID="heroic" FSUID="heroic" EGID="heroic" SGID="heroic" FSGID="heroic"
type=EXECVE msg=audit(1769494539.610:2808): argc=2 a0="ss" a1="-tulnp"
type=CWD msg=audit(1769494539.610:2808): cwd="/tmp/hids_malicious"
type=PATH msg=audit(1769494539.610:2808): item=0 name="/usr/bin/ss" inode=1574256 dev=08:02 mode=0100755 ouid=0 ogid=0 rdev=00:00 nametype=NORMAL cap_fp=0 cap_fi=0 cap_fe=0 cap_fver=0 cap_frootid=0OUID="root" OGID="root"
type=PATH msg=audit(1769494539.610:2808): item=1 name="/lib64/ld-linux-x86-64.so.2" inode=1575340 dev=08:02 mode=0100755 ouid=0 ogid=0 rdev=00:00 nametype=NORMAL cap_fp=0 cap_fi=0 cap_fe=0 cap_fver=0 cap_frootid=0OUID="root" OGID="root"
type=PROCTITLE msg=audit(1769494539.610:2808): proctitle=7373002D74756C6E70
type=SYSCALL msg=audit(1769494539.656:2809): arch=c000003e syscall=59 success=yes exit=0 a0=64e1754ced10 a1=64e1754d10f0 a2=64e1754c38f0 a3=64e1754cb980 items=2 ppid=4260 pid=4526 auid=1000 uid=1000 gid=1000 euid=1000 suid=1000 fsuid=1000 egid=1000 sgid=1000 fsgid=1000 tty=pts0 ses=3 comm="chmod" exe="/usr/bin/chmod" subj=unconfined key="process_exec"ARCH=x86_64 SYSCALL=execve AUID="heroic" UID="heroic" GID="heroic" EUID="heroic" SUID="heroic" FSUID="heroic" EGID="heroic" SGID="heroic" FSGID="heroic"
type=EXECVE msg=audit(1769494539.656:2809): argc=3 a0="chmod" a1="+x" a2="payload.sh"
type=CWD msg=audit(1769494539.656:2809): cwd="/tmp/hids_malicious"
type=PATH msg=audit(1769494539.656:2809): item=0 name="/usr/bin/chmod" inode=1578019 dev=08:02 mode=0100755 ouid=0 ogid=0 rdev=00:00 nametype=NORMAL cap_fp=0 cap_fi=0 cap_fe=0 cap_fver=0 cap_frootid=0OUID="root" OGID="root"
type=PATH msg=audit(1769494539.656:2809): item=1 name="/lib64/ld-linux-x86-64.so.2" inode=1575340 dev=08:02 mode=0100755 ouid=0 ogid=0 rdev=00:00 nametype=NORMAL cap_fp=0 cap_fi=0 cap_fe=0 cap_fver=0 cap_frootid=0OUID="root" OGID="root"
type=PROCTITLE msg=audit(1769494539.656:2809): proctitle=63686D6F64002B78007061796C6F61642E7368
type=SYSCALL msg=audit(1769494539.667:2810): arch=c000003e syscall=59 success=yes exit=0 a0=64e1754cfd10 a1=64e1754ca090 a2=64e1754c38f0 a3=8 items=2 ppid=4260 pid=4527 auid=1000 uid=1000 gid=1000 euid=1000 suid=1000 fsuid=1000 egid=1000 sgid=1000 fsgid=1000 tty=pts0 ses=3 comm="curl" exe="/usr/bin/curl" subj=unconfined key="process_exec"ARCH=x86_64 SYSCALL=execve AUID="heroic" UID="heroic" GID="heroic" EUID="heroic" SUID="heroic" FSUID="heroic" EGID="heroic" SGID="heroic" FSGID="heroic"
type=EXECVE msg=audit(1769494539.667:2810): argc=3 a0="curl" a1="-s" a2="file:///tmp/hids_malicious/payload.sh"
type=CWD msg=audit(1769494539.667:2810): cwd="/tmp/hids_malicious"
type=PATH msg=audit(1769494539.667:2810): item=0 name="/usr/bin/curl" inode=1573697 dev=08:02 mode=0100755 ouid=0 ogid=0 rdev=00:00 nametype=NORMAL cap_fp=0 cap_fi=0 cap_fe=0 cap_fver=0 cap_frootid=0OUID="root" OGID="root"
type=PATH msg=audit(1769494539.667:2810): item=1 name="/lib64/ld-linux-x86-64.so.2" inode=1575340 dev=08:02 mode=0100755 ouid=0 ogid=0 rdev=00:00 nametype=NORMAL cap_fp=0 cap_fi=0 cap_fe=0 cap_fver=0 cap_frootid=0OUID="root" OGID="root"
type=PROCTITLE msg=audit(1769494539.667:2810): proctitle=6375726C002D730066696C653A2F2F2F746D702F686964735F6D616C6963696F75732F7061796C6F61642E7368
type=SYSCALL msg=audit(1769494539.667:2811): arch=c000003e syscall=59 success=yes exit=0 a0=64e1754cfd10 a1=64e1754ced70 a2=64e1754c38f0 a3=8 items=2 ppid=4260 pid=4528 auid=1000 uid=1000 gid=1000 euid=1000 suid=1000 fsuid=1000 egid=1000 sgid=1000 fsgid=1000 tty=pts0 ses=3 comm="bash" exe="/usr/bin/bash" subj=unconfined key="process_exec"ARCH=x86_64 SYSCALL=execve AUID="heroic" UID="heroic" GID="heroic" EUID="heroic" SUID="heroic" FSUID="heroic" EGID="heroic" SGID="heroic" FSGID="heroic"
type=EXECVE msg=audit(1769494539.667:2811): argc=1 a0="bash"
type=CWD msg=audit(1769494539.667:2811): cwd="/tmp/hids_malicious"
type=PATH msg=audit(1769494539.667:2811): item=0 name="/usr/bin/bash" inode=1573437 dev=08:02 mode=0100755 ouid=0 ogid=0 rdev=00:00 nametype=NORMAL cap_fp=0 cap_fi=0 cap_fe=0 cap_fver=0 cap_frootid=0OUID="root" OGID="root"
type=PATH msg=audit(1769494539.667:2811): item=1 name="/lib64/ld-linux-x86-64.so.2" inode=1575340 dev=08:02 mode=0100755 ouid=0 ogid=0 rdev=00:00 nametype=NORMAL cap_fp=0 cap_fi=0 cap_fe=0 cap_fver=0 cap_frootid=0OUID="root" OGID="root"
type=PROCTITLE msg=audit(1769494539.667:2811): proctitle="bash"
type=SYSCALL msg=audit(1769494539.701:2812): arch=c000003e syscall=59 success=yes exit=0 a0=64e1754cb960 a1=64e1754ced50 a2=64e1754c38f0 a3=64e1754ced50 items=2 ppid=4260 pid=4529 auid=1000 uid=1000 gid=1000 euid=0 suid=0 fsuid=0 egid=1000 sgid=1000 fsgid=1000 tty=pts0 ses=3 comm="sudo" exe="/usr/bin/sudo" subj=unconfined key="process_exec"ARCH=x86_64 SYSCALL=execve AUID="heroic" UID="heroic" GID="heroic" EUID="root" SUID="root" FSUID="root" EGID="heroic" SGID="heroic" FSGID="heroic"
type=EXECVE msg=audit(1769494539.701:2812): argc=2 a0="sudo" a1="-l"
type=CWD msg=audit(1769494539.701:2812): cwd="/tmp/hids_malicious"
type=PATH msg=audit(1769494539.701:2812): item=0 name="/usr/bin/sudo" inode=1574274 dev=08:02 mode=0104755 ouid=0 ogid=0 rdev=00:00 nametype=NORMAL cap_fp=0 cap_fi=0 cap_fe=0 cap_fver=0 cap_frootid=0OUID="root" OGID="root"
type=PATH msg=audit(1769494539.701:2812): item=1 name="/lib64/ld-linux-x86-64.so.2" inode=1575340 dev=08:02 mode=0100755 ouid=0 ogid=0 rdev=00:00 nametype=NORMAL cap_fp=0 cap_fi=0 cap_fe=0 cap_fver=0 cap_frootid=0OUID="root" OGID="root"
type=PROCTITLE msg=audit(1769494539.701:2812): proctitle=7375646F002D6C
type=USER_ACCT msg=audit(1769494539.732:2813): pid=4529 uid=1000 auid=1000 ses=3 subj=unconfined msg='op=PAM:accounting grantors=pam_permit,pam_localuser acct="heroic" exe="/usr/bin/sudo" hostname=? addr=? terminal=/dev/pts/0 res=success'UID="heroic" AUID="heroic"
type=SYSCALL msg=audit(1769494539.736:2814): arch=c000003e syscall=59 success=yes exit=0 a0=64e1754ced10 a1=64e1754cb980 a2=64e1754c38f0 a3=64e1754cb980 items=2 ppid=4260 pid=4530 auid=1000 uid=1000 gid=1000 euid=0 suid=0 fsuid=0 egid=1000 sgid=1000 fsgid=1000 tty=pts0 ses=3 comm="sudo" exe="/usr/bin/sudo" subj=unconfined key="process_exec"ARCH=x86_64 SYSCALL=execve AUID="heroic" UID="heroic" GID="heroic" EUID="root" SUID="root" FSUID="root" EGID="heroic" SGID="heroic" FSGID="heroic"
type=EXECVE msg=audit(1769494539.736:2814): argc=2 a0="sudo" a1="whoami"
type=CWD msg=audit(1769494539.736:2814): cwd="/tmp/hids_malicious"
type=PATH msg=audit(1769494539.736:2814): item=0 name="/usr/bin/sudo" inode=1574274 dev=08:02 mode=0104755 ouid=0 ogid=0 rdev=00:00 nametype=NORMAL cap_fp=0 cap_fi=0 cap_fe=0 cap_fver=0 cap_frootid=0OUID="root" OGID="root"
type=PATH msg=audit(1769494539.736:2814): item=1 name="/lib64/ld-linux-x86-64.so.2" inode=1575340 dev=08:02 mode=0100755 ouid=0 ogid=0 rdev=00:00 nametype=NORMAL cap_fp=0 cap_fi=0 cap_fe=0 cap_fver=0 cap_frootid=0OUID="root" OGID="root"
type=PROCTITLE msg=audit(1769494539.736:2814): proctitle=7375646F0077686F616D69
type=USER_ACCT msg=audit(1769494539.777:2815): pid=4530 uid=1000 auid=1000 ses=3 subj=unconfined msg='op=PAM:accounting grantors=pam_permit,pam_localuser acct="heroic" exe="/usr/bin/sudo" hostname=? addr=? terminal=/dev/pts/0 res=success'UID="heroic" AUID="heroic"
type=USER_CMD msg=audit(1769494539.781:2816): pid=4530 uid=1000 auid=1000 ses=3 subj=unconfined msg='cwd="/tmp/hids_malicious" cmd="whoami" exe="/usr/bin/sudo" terminal=pts/0 res=success'UID="heroic" AUID="heroic"
type=CRED_REFR msg=audit(1769494539.783:2817): pid=4530 uid=1000 auid=1000 ses=3 subj=unconfined msg='op=PAM:setcred grantors=pam_permit,pam_cap acct="root" exe="/usr/bin/sudo" hostname=? addr=? terminal=/dev/pts/0 res=success'UID="heroic" AUID="heroic"
type=USER_START msg=audit(1769494539.786:2818): pid=4530 uid=1000 auid=1000 ses=3 subj=unconfined msg='op=PAM:session_open grantors=pam_limits,pam_env,pam_env,pam_permit,pam_umask,pam_unix acct="root" exe="/usr/bin/sudo" hostname=? addr=? terminal=/dev/pts/0 res=success'UID="heroic" AUID="heroic"
type=SYSCALL msg=audit(1769494539.788:2819): arch=c000003e syscall=59 success=yes exit=0 a0=5b934d5f1b68 a1=5b934d601ba0 a2=5b934d614340 a3=64 items=2 ppid=4531 pid=4532 auid=1000 uid=0 gid=0 euid=0 suid=0 fsuid=0 egid=0 sgid=0 fsgid=0 tty=pts4 ses=3 comm="whoami" exe="/usr/bin/whoami" subj=unconfined key="process_exec"ARCH=x86_64 SYSCALL=execve AUID="heroic" UID="root" GID="root" EUID="root" SUID="root" FSUID="root" EGID="root" SGID="root" FSGID="root"
type=EXECVE msg=audit(1769494539.788:2819): argc=1 a0="whoami"
type=CWD msg=audit(1769494539.788:2819): cwd="/tmp/hids_malicious"
type=PATH msg=audit(1769494539.788:2819): item=0 name="/usr/bin/whoami" inode=1578239 dev=08:02 mode=0100755 ouid=0 ogid=0 rdev=00:00 nametype=NORMAL cap_fp=0 cap_fi=0 cap_fe=0 cap_fver=0 cap_frootid=0OUID="root" OGID="root"
type=PATH msg=audit(1769494539.788:2819): item=1 name="/lib64/ld-linux-x86-64.so.2" inode=1575340 dev=08:02 mode=0100755 ouid=0 ogid=0 rdev=00:00 nametype=NORMAL cap_fp=0 cap_fi=0 cap_fe=0 cap_fver=0 cap_frootid=0OUID="root" OGID="root"
type=PROCTITLE msg=audit(1769494539.788:2819): proctitle="whoami"
type=USER_END msg=audit(1769494539.797:2820): pid=4530 uid=1000 auid=1000 ses=3 subj=unconfined msg='op=PAM:session_close grantors=pam_limits,pam_env,pam_env,pam_permit,pam_umask,pam_unix acct="root" exe="/usr/bin/sudo" hostname=? addr=? terminal=/dev/pts/0 res=success'UID="heroic" AUID="heroic"
type=CRED_DISP msg=audit(1769494539.797:2821): pid=4530 uid=1000 auid=1000 ses=3 subj=unconfined msg='op=PAM:setcred grantors=pam_permit acct="root" exe="/usr/bin/sudo" hostname=? addr=? terminal=/dev/pts/0 res=success'UID="heroic" AUID="heroic"
type=SYSCALL msg=audit(1769494539.799:2822): arch=c000003e syscall=59 success=yes exit=0 a0=64e1754cb960 a1=64e1754cd980 a2=64e1754c38f0 a3=64e1754ced50 items=2 ppid=4260 pid=4534 auid=1000 uid=1000 gid=1000 euid=0 suid=0 fsuid=0 egid=1000 sgid=1000 fsgid=1000 tty=pts0 ses=3 comm="sudo" exe="/usr/bin/sudo" subj=unconfined key="process_exec"ARCH=x86_64 SYSCALL=execve AUID="heroic" UID="heroic" GID="heroic" EUID="root" SUID="root" FSUID="root" EGID="heroic" SGID="heroic" FSGID="heroic"
type=EXECVE msg=audit(1769494539.799:2822): argc=3 a0="sudo" a1="tee" a2="/etc/cron.d/hids_persist"
type=CWD msg=audit(1769494539.799:2822): cwd="/tmp/hids_malicious"
type=PATH msg=audit(1769494539.799:2822): item=0 name="/usr/bin/sudo" inode=1574274 dev=08:02 mode=0104755 ouid=0 ogid=0 rdev=00:00 nametype=NORMAL cap_fp=0 cap_fi=0 cap_fe=0 cap_fver=0 cap_frootid=0OUID="root" OGID="root"
type=PATH msg=audit(1769494539.799:2822): item=1 name="/lib64/ld-linux-x86-64.so.2" inode=1575340 dev=08:02 mode=0100755 ouid=0 ogid=0 rdev=00:00 nametype=NORMAL cap_fp=0 cap_fi=0 cap_fe=0 cap_fver=0 cap_frootid=0OUID="root" OGID="root"
type=PROCTITLE msg=audit(1769494539.799:2822): proctitle=7375646F00746565002F6574632F63726F6E2E642F686964735F70657273697374
type=USER_ACCT msg=audit(1769494539.815:2823): pid=4534 uid=1000 auid=1000 ses=3 subj=unconfined msg='op=PAM:accounting grantors=pam_permit,pam_localuser acct="heroic" exe="/usr/bin/sudo" hostname=? addr=? terminal=/dev/pts/0 res=success'UID="heroic" AUID="heroic"
type=USER_CMD msg=audit(1769494539.815:2824): pid=4534 uid=1000 auid=1000 ses=3 subj=unconfined msg='cwd="/tmp/hids_malicious" cmd=746565202F6574632F63726F6E2E642F686964735F70657273697374 exe="/usr/bin/sudo" terminal=pts/0 res=success'UID="heroic" AUID="heroic"
type=CRED_REFR msg=audit(1769494539.816:2825): pid=4534 uid=1000 auid=1000 ses=3 subj=unconfined msg='op=PAM:setcred grantors=pam_permit,pam_cap acct="root" exe="/usr/bin/sudo" hostname=? addr=? terminal=/dev/pts/0 res=success'UID="heroic" AUID="heroic"
type=USER_START msg=audit(1769494539.816:2826): pid=4534 uid=1000 auid=1000 ses=3 subj=unconfined msg='op=PAM:session_open grantors=pam_limits,pam_env,pam_env,pam_permit,pam_umask,pam_unix acct="root" exe="/usr/bin/sudo" hostname=? addr=? terminal=/dev/pts/0 res=success'UID="heroic" AUID="heroic"
type=SYSCALL msg=audit(1769494539.818:2827): arch=c000003e syscall=59 success=yes exit=0 a0=5f046b8cdb68 a1=5f046b8ddba0 a2=5f046b8f07a0 a3=64 items=2 ppid=4535 pid=4536 auid=1000 uid=0 gid=0 euid=0 suid=0 fsuid=0 egid=0 sgid=0 fsgid=0 tty=pts4 ses=3 comm="tee" exe="/usr/bin/tee" subj=unconfined key="process_exec"ARCH=x86_64 SYSCALL=execve AUID="heroic" UID="root" GID="root" EUID="root" SUID="root" FSUID="root" EGID="root" SGID="root" FSGID="root"
type=EXECVE msg=audit(1769494539.818:2827): argc=2 a0="tee" a1="/etc/cron.d/hids_persist"
type=CWD msg=audit(1769494539.818:2827): cwd="/tmp/hids_malicious"
type=PATH msg=audit(1769494539.818:2827): item=0 name="/usr/bin/tee" inode=1578148 dev=08:02 mode=0100755 ouid=0 ogid=0 rdev=00:00 nametype=NORMAL cap_fp=0 cap_fi=0 cap_fe=0 cap_fver=0 cap_frootid=0OUID="root" OGID="root"
type=PATH msg=audit(1769494539.818:2827): item=1 name="/lib64/ld-linux-x86-64.so.2" inode=1575340 dev=08:02 mode=0100755 ouid=0 ogid=0 rdev=00:00 nametype=NORMAL cap_fp=0 cap_fi=0 cap_fe=0 cap_fver=0 cap_frootid=0OUID="root" OGID="root"
type=PROCTITLE msg=audit(1769494539.818:2827): proctitle=746565002F6574632F63726F6E2E642F686964735F70657273697374
type=SYSCALL msg=audit(1769494539.818:2828): arch=c000003e syscall=257 success=yes exit=3 a0=ffffff9c a1=7ffcb36aa72c a2=241 a3=1b6 items=2 ppid=4535 pid=4536 auid=1000 uid=0 gid=0 euid=0 suid=0 fsuid=0 egid=0 sgid=0 fsgid=0 tty=pts4 ses=3 comm="tee" exe="/usr/bin/tee" subj=unconfined key="persistence"ARCH=x86_64 SYSCALL=openat AUID="heroic" UID="root" GID="root" EUID="root" SUID="root" FSUID="root" EGID="root" SGID="root" FSGID="root"
type=CWD msg=audit(1769494539.818:2828): cwd="/tmp/hids_malicious"
type=PATH msg=audit(1769494539.818:2828): item=0 name="/etc/cron.d/" inode=1703968 dev=08:02 mode=040755 ouid=0 ogid=0 rdev=00:00 nametype=PARENT cap_fp=0 cap_fi=0 cap_fe=0 cap_fver=0 cap_frootid=0OUID="root" OGID="root"
type=PATH msg=audit(1769494539.818:2828): item=1 name="/etc/cron.d/hids_persist" inode=1704205 dev=08:02 mode=0100644 ouid=0 ogid=0 rdev=00:00 nametype=CREATE cap_fp=0 cap_fi=0 cap_fe=0 cap_fver=0 cap_frootid=0OUID="root" OGID="root"
type=PROCTITLE msg=audit(1769494539.818:2828): proctitle=746565002F6574632F63726F6E2E642F686964735F70657273697374
type=USER_END msg=audit(1769494539.823:2829): pid=4534 uid=1000 auid=1000 ses=3 subj=unconfined msg='op=PAM:session_close grantors=pam_limits,pam_env,pam_env,pam_permit,pam_umask,pam_unix acct="root" exe="/usr/bin/sudo" hostname=? addr=? terminal=/dev/pts/0 res=success'UID="heroic" AUID="heroic"
type=CRED_DISP msg=audit(1769494539.823:2830): pid=4534 uid=1000 auid=1000 ses=3 subj=unconfined msg='op=PAM:setcred grantors=pam_permit acct="root" exe="/usr/bin/sudo" hostname=? addr=? terminal=/dev/pts/0 res=success'UID="heroic" AUID="heroic"
type=SYSCALL msg=audit(1769494539.825:2831): arch=c000003e syscall=59 success=yes exit=0 a0=64e1754cb980 a1=64e1754ced50 a2=64e1754c38f0 a3=64e1754ced50 items=2 ppid=4260 pid=4537 auid=1000 uid=1000 gid=1000 euid=1000 suid=1000 fsuid=1000 egid=1000 sgid=1000 fsgid=1000 tty=pts0 ses=3 comm="sleep" exe="/usr/bin/sleep" subj=unconfined key="process_exec"ARCH=x86_64 SYSCALL=execve AUID="heroic" UID="heroic" GID="heroic" EUID="heroic" SUID="heroic" FSUID="heroic" EGID="heroic" SGID="heroic" FSGID="heroic"
type=EXECVE msg=audit(1769494539.825:2831): argc=2 a0="sleep" a1="5"
type=CWD msg=audit(1769494539.825:2831): cwd="/tmp/hids_malicious"
type=PATH msg=audit(1769494539.825:2831): item=0 name="/usr/bin/sleep" inode=1578138 dev=08:02 mode=0100755 ouid=0 ogid=0 rdev=00:00 nametype=NORMAL cap_fp=0 cap_fi=0 cap_fe=0 cap_fver=0 cap_frootid=0OUID="root" OGID="root"
type=PATH msg=audit(1769494539.825:2831): item=1 name="/lib64/ld-linux-x86-64.so.2" inode=1575340 dev=08:02 mode=0100755 ouid=0 ogid=0 rdev=00:00 nametype=NORMAL cap_fp=0 cap_fi=0 cap_fe=0 cap_fver=0 cap_frootid=0OUID="root" OGID="root"
type=PROCTITLE msg=audit(1769494539.825:2831): proctitle=736C6565700035
type=SYSCALL msg=audit(1769494544.854:2832): arch=c000003e syscall=59 success=yes exit=0 a0=64e1754cb920 a1=64e1754d1a80 a2=64e1754c38f0 a3=1 items=2 ppid=4260 pid=4538 auid=1000 uid=1000 gid=1000 euid=1000 suid=1000 fsuid=1000 egid=1000 sgid=1000 fsgid=1000 tty=pts0 ses=3 comm="rm" exe="/usr/bin/rm" subj=unconfined key="process_exec"ARCH=x86_64 SYSCALL=execve AUID="heroic" UID="heroic" GID="heroic" EUID="heroic" SUID="heroic" FSUID="heroic" EGID="heroic" SGID="heroic" FSGID="heroic"
type=EXECVE msg=audit(1769494544.854:2832): argc=58 a0="rm" a1="-f" a2="file_10.dat" a3="file_11.dat" a4="file_12.dat" a5="file_13.dat" a6="file_14.dat" a7="file_15.dat" a8="file_16.dat" a9="file_17.dat" a10="file_18.dat" a11="file_19.dat" a12="file_1.dat" a13="file_20.dat" a14="file_21.dat" a15="file_22.dat" a16="file_23.dat" a17="file_24.dat" a18="file_25.dat" a19="file_26.dat" a20="file_27.dat" a21="file_28.dat" a22="file_29.dat" a23="file_2.dat" a24="file_30.dat" a25="file_31.dat" a26="file_32.dat" a27="file_33.dat" a28="file_34.dat" a29="file_35.dat" a30="file_36.dat" a31="file_37.dat" a32="file_38.dat" a33="file_39.dat" a34="file_3.dat" a35="file_40.dat" a36="file_41.dat" a37="file_42.dat" a38="file_43.dat" a39="file_44.dat" a40="file_45.dat" a41="file_46.dat" a42="file_47.dat" a43="file_48.dat" a44="file_49.dat" a45="file_4.dat" a46="file_50.dat" a47="file_5.dat" a48="file_6.dat" a49="file_7.dat" a50="file_8.dat" a51="file_9.dat" a52="payload.sh" a53="recon.txt" a54="netstat.txt" a55="processes.txt" a56="sudo_enum.txt" a57="sudo_test.txt"
type=CWD msg=audit(1769494544.854:2832): cwd="/tmp/hids_malicious"
type=PATH msg=audit(1769494544.854:2832): item=0 name="/usr/bin/rm" inode=1578127 dev=08:02 mode=0100755 ouid=0 ogid=0 rdev=00:00 nametype=NORMAL cap_fp=0 cap_fi=0 cap_fe=0 cap_fver=0 cap_frootid=0OUID="root" OGID="root"
type=PATH msg=audit(1769494544.854:2832): item=1 name="/lib64/ld-linux-x86-64.so.2" inode=1575340 dev=08:02 mode=0100755 ouid=0 ogid=0 rdev=00:00 nametype=NORMAL cap_fp=0 cap_fi=0 cap_fe=0 cap_fver=0 cap_frootid=0OUID="root" OGID="root"
type=PROCTITLE msg=audit(1769494544.854:2832): proctitle=726D002D660066696C655F31302E6461740066696C655F31312E6461740066696C655F31322E6461740066696C655F31332E6461740066696C655F31342E6461740066696C655F31352E6461740066696C655F31362E6461740066696C655F31372E6461740066696C655F31382E6461740066696C655F31392E646174006669
type=SYSCALL msg=audit(1769494544.920:2833): arch=c000003e syscall=59 success=yes exit=0 a0=64e1754cf950 a1=64e1754ca240 a2=64e1754c38f0 a3=64e1754ca240 items=2 ppid=4260 pid=4539 auid=1000 uid=1000 gid=1000 euid=0 suid=0 fsuid=0 egid=1000 sgid=1000 fsgid=1000 tty=pts0 ses=3 comm="sudo" exe="/usr/bin/sudo" subj=unconfined key="process_exec"ARCH=x86_64 SYSCALL=execve AUID="heroic" UID="heroic" GID="heroic" EUID="root" SUID="root" FSUID="root" EGID="heroic" SGID="heroic" FSGID="heroic"
type=EXECVE msg=audit(1769494544.920:2833): argc=4 a0="sudo" a1="rm" a2="-f" a3="/etc/cron.d/hids_persist"
type=CWD msg=audit(1769494544.920:2833): cwd="/tmp/hids_malicious"
type=PATH msg=audit(1769494544.920:2833): item=0 name="/usr/bin/sudo" inode=1574274 dev=08:02 mode=0104755 ouid=0 ogid=0 rdev=00:00 nametype=NORMAL cap_fp=0 cap_fi=0 cap_fe=0 cap_fver=0 cap_frootid=0OUID="root" OGID="root"
type=PATH msg=audit(1769494544.920:2833): item=1 name="/lib64/ld-linux-x86-64.so.2" inode=1575340 dev=08:02 mode=0100755 ouid=0 ogid=0 rdev=00:00 nametype=NORMAL cap_fp=0 cap_fi=0 cap_fe=0 cap_fver=0 cap_frootid=0OUID="root" OGID="root"
type=PROCTITLE msg=audit(1769494544.920:2833): proctitle=7375646F00726D002D66002F6574632F63726F6E2E642F686964735F70657273697374
type=USER_ACCT msg=audit(1769494545.022:2834): pid=4539 uid=1000 auid=1000 ses=3 subj=unconfined msg='op=PAM:accounting grantors=pam_permit,pam_localuser acct="heroic" exe="/usr/bin/sudo" hostname=? addr=? terminal=/dev/pts/0 res=success'UID="heroic" AUID="heroic"
type=USER_CMD msg=audit(1769494545.026:2835): pid=4539 uid=1000 auid=1000 ses=3 subj=unconfined msg='cwd="/tmp/hids_malicious" cmd=726D202D66202F6574632F63726F6E2E642F686964735F70657273697374 exe="/usr/bin/sudo" terminal=pts/0 res=success'UID="heroic" AUID="heroic"
type=CRED_REFR msg=audit(1769494545.029:2836): pid=4539 uid=1000 auid=1000 ses=3 subj=unconfined msg='op=PAM:setcred grantors=pam_permit,pam_cap acct="root" exe="/usr/bin/sudo" hostname=? addr=? terminal=/dev/pts/0 res=success'UID="heroic" AUID="heroic"
type=USER_START msg=audit(1769494545.029:2837): pid=4539 uid=1000 auid=1000 ses=3 subj=unconfined msg='op=PAM:session_open grantors=pam_limits,pam_env,pam_env,pam_permit,pam_umask,pam_unix acct="root" exe="/usr/bin/sudo" hostname=? addr=? terminal=/dev/pts/0 res=success'UID="heroic" AUID="heroic"
type=SYSCALL msg=audit(1769494545.034:2838): arch=c000003e syscall=59 success=yes exit=0 a0=5c784d993b68 a1=5c784d9a3ba0 a2=5c784d9b67a0 a3=64 items=2 ppid=4540 pid=4541 auid=1000 uid=0 gid=0 euid=0 suid=0 fsuid=0 egid=0 sgid=0 fsgid=0 tty=pts4 ses=3 comm="rm" exe="/usr/bin/rm" subj=unconfined key="process_exec"ARCH=x86_64 SYSCALL=execve AUID="heroic" UID="root" GID="root" EUID="root" SUID="root" FSUID="root" EGID="root" SGID="root" FSGID="root"
type=EXECVE msg=audit(1769494545.034:2838): argc=3 a0="rm" a1="-f" a2="/etc/cron.d/hids_persist"
type=CWD msg=audit(1769494545.034:2838): cwd="/tmp/hids_malicious"
type=PATH msg=audit(1769494545.034:2838): item=0 name="/usr/bin/rm" inode=1578127 dev=08:02 mode=0100755 ouid=0 ogid=0 rdev=00:00 nametype=NORMAL cap_fp=0 cap_fi=0 cap_fe=0 cap_fver=0 cap_frootid=0OUID="root" OGID="root"
type=PATH msg=audit(1769494545.034:2838): item=1 name="/lib64/ld-linux-x86-64.so.2" inode=1575340 dev=08:02 mode=0100755 ouid=0 ogid=0 rdev=00:00 nametype=NORMAL cap_fp=0 cap_fi=0 cap_fe=0 cap_fver=0 cap_frootid=0OUID="root" OGID="root"
type=PROCTITLE msg=audit(1769494545.034:2838): proctitle=726D002D66002F6574632F63726F6E2E642F686964735F70657273697374
type=SYSCALL msg=audit(1769494545.040:2839): arch=c000003e syscall=263 success=yes exit=0 a0=ffffff9c a1=564d7de854a0 a2=0 a3=564d7de86900 items=2 ppid=4540 pid=4541 auid=1000 uid=0 gid=0 euid=0 suid=0 fsuid=0 egid=0 sgid=0 fsgid=0 tty=pts4 ses=3 comm="rm" exe="/usr/bin/rm" subj=unconfined key="persistence"ARCH=x86_64 SYSCALL=unlinkat AUID="heroic" UID="root" GID="root" EUID="root" SUID="root" FSUID="root" EGID="root" SGID="root" FSGID="root"
type=CWD msg=audit(1769494545.040:2839): cwd="/tmp/hids_malicious"
type=PATH msg=audit(1769494545.040:2839): item=0 name="/etc/cron.d/" inode=1703968 dev=08:02 mode=040755 ouid=0 ogid=0 rdev=00:00 nametype=PARENT cap_fp=0 cap_fi=0 cap_fe=0 cap_fver=0 cap_frootid=0OUID="root" OGID="root"
type=PATH msg=audit(1769494545.040:2839): item=1 name="/etc/cron.d/hids_persist" inode=1704205 dev=08:02 mode=0100644 ouid=0 ogid=0 rdev=00:00 nametype=DELETE cap_fp=0 cap_fi=0 cap_fe=0 cap_fver=0 cap_frootid=0OUID="root" OGID="root"
type=PROCTITLE msg=audit(1769494545.040:2839): proctitle=726D002D66002F6574632F63726F6E2E642F686964735F70657273697374
type=USER_END msg=audit(1769494545.049:2840): pid=4539 uid=1000 auid=1000 ses=3 subj=unconfined msg='op=PAM:session_close grantors=pam_limits,pam_env,pam_env,pam_permit,pam_umask,pam_unix acct="root" exe="/usr/bin/sudo" hostname=? addr=? terminal=/dev/pts/0 res=success'UID="heroic" AUID="heroic"
type=CRED_DISP msg=audit(1769494545.049:2841): pid=4539 uid=1000 auid=1000 ses=3 subj=unconfined msg='op=PAM:setcred grantors=pam_permit acct="root" exe="/usr/bin/sudo" hostname=? addr=? terminal=/dev/pts/0 res=success'UID="heroic" AUID="heroic"
type=SYSCALL msg=audit(1769494545.055:2842): arch=c000003e syscall=59 success=yes exit=0 a0=64e1754cd210 a1=64e1754caa40 a2=64e1754c38f0 a3=64e1754caa40 items=2 ppid=4260 pid=4542 auid=1000 uid=1000 gid=1000 euid=1000 suid=1000 fsuid=1000 egid=1000 sgid=1000 fsgid=1000 tty=pts0 ses=3 comm="rmdir" exe="/usr/bin/rmdir" subj=unconfined key="process_exec"ARCH=x86_64 SYSCALL=execve AUID="heroic" UID="heroic" GID="heroic" EUID="heroic" SUID="heroic" FSUID="heroic" EGID="heroic" SGID="heroic" FSGID="heroic"
type=EXECVE msg=audit(1769494545.055:2842): argc=2 a0="rmdir" a1="/tmp/hids_malicious"
type=CWD msg=audit(1769494545.055:2842): cwd="/tmp/hids_malicious"
type=PATH msg=audit(1769494545.055:2842): item=0 name="/usr/bin/rmdir" inode=1578128 dev=08:02 mode=0100755 ouid=0 ogid=0 rdev=00:00 nametype=NORMAL cap_fp=0 cap_fi=0 cap_fe=0 cap_fver=0 cap_frootid=0OUID="root" OGID="root"
type=PATH msg=audit(1769494545.055:2842): item=1 name="/lib64/ld-linux-x86-64.so.2" inode=1575340 dev=08:02 mode=0100755 ouid=0 ogid=0 rdev=00:00 nametype=NORMAL cap_fp=0 cap_fi=0 cap_fe=0 cap_fver=0 cap_frootid=0OUID="root" OGID="root"
type=PROCTITLE msg=audit(1769494545.055:2842): proctitle=726D646972002F746D702F686964735F6D616C6963696F7573
type=SYSCALL msg=audit(1769494545.150:2843): arch=c000003e syscall=59 success=yes exit=0 a0=64e1754cf950 a1=64e1754cb920 a2=64e1754c38f0 a3=64e1754cb920 items=2 ppid=4260 pid=4543 auid=1000 uid=1000 gid=1000 euid=1000 suid=1000 fsuid=1000 egid=1000 sgid=1000 fsgid=1000 tty=pts0 ses=3 comm="sleep" exe="/usr/bin/sleep" subj=unconfined key="process_exec"ARCH=x86_64 SYSCALL=execve AUID="heroic" UID="heroic" GID="heroic" EUID="heroic" SUID="heroic" FSUID="heroic" EGID="heroic" SGID="heroic" FSGID="heroic"
type=EXECVE msg=audit(1769494545.150:2843): argc=2 a0="sleep" a1="90"
type=CWD msg=audit(1769494545.150:2843): cwd=2F746D702F686964735F6D616C6963696F7573202864656C6574656429
type=PATH msg=audit(1769494545.150:2843): item=0 name="/usr/bin/sleep" inode=1578138 dev=08:02 mode=0100755 ouid=0 ogid=0 rdev=00:00 nametype=NORMAL cap_fp=0 cap_fi=0 cap_fe=0 cap_fver=0 cap_frootid=0OUID="root" OGID="root"
type=PATH msg=audit(1769494545.150:2843): item=1 name="/lib64/ld-linux-x86-64.so.2" inode=1575340 dev=08:02 mode=0100755 ouid=0 ogid=0 rdev=00:00 nametype=NORMAL cap_fp=0 cap_fi=0 cap_fe=0 cap_fver=0 cap_frootid=0OUID="root" OGID="root"
type=PROCTITLE msg=audit(1769494545.150:2843): proctitle=736C656570003930
type=SYSCALL msg=audit(1769494662.529:2844): arch=c000003e syscall=59 success=yes exit=0 a0=64cc6724d370 a1=64cc67321190 a2=64cc6731a630 a3=64cc67321190 items=2 ppid=3847 pid=4547 auid=1000 uid=1000 gid=1000 euid=0 suid=0 fsuid=0 egid=1000 sgid=1000 fsgid=1000 tty=pts0 ses=3 comm="sudo" exe="/usr/bin/sudo" subj=unconfined key="process_exec"ARCH=x86_64 SYSCALL=execve AUID="heroic" UID="heroic" GID="heroic" EUID="root" SUID="root" FSUID="root" EGID="heroic" SGID="heroic" FSGID="heroic"
type=EXECVE msg=audit(1769494662.529:2844): argc=2 a0="sudo" a1="su"
type=CWD msg=audit(1769494662.529:2844): cwd="/home/heroic/Desktop/scripts-for-data-generation"
type=PATH msg=audit(1769494662.529:2844): item=0 name="/usr/bin/sudo" inode=1574274 dev=08:02 mode=0104755 ouid=0 ogid=0 rdev=00:00 nametype=NORMAL cap_fp=0 cap_fi=0 cap_fe=0 cap_fver=0 cap_frootid=0OUID="root" OGID="root"
type=PATH msg=audit(1769494662.529:2844): item=1 name="/lib64/ld-linux-x86-64.so.2" inode=1575340 dev=08:02 mode=0100755 ouid=0 ogid=0 rdev=00:00 nametype=NORMAL cap_fp=0 cap_fi=0 cap_fe=0 cap_fver=0 cap_frootid=0OUID="root" OGID="root"
type=PROCTITLE msg=audit(1769494662.529:2844): proctitle=7375646F007375
type=USER_ACCT msg=audit(1769494662.572:2845): pid=4547 uid=1000 auid=1000 ses=3 subj=unconfined msg='op=PAM:accounting grantors=pam_permit,pam_localuser acct="heroic" exe="/usr/bin/sudo" hostname=? addr=? terminal=/dev/pts/0 res=success'UID="heroic" AUID="heroic"
type=USER_CMD msg=audit(1769494662.575:2846): pid=4547 uid=1000 auid=1000 ses=3 subj=unconfined msg='cwd="/home/heroic/Desktop/scripts-for-data-generation" cmd="su" exe="/usr/bin/sudo" terminal=pts/0 res=success'UID="heroic" AUID="heroic"
type=CRED_REFR msg=audit(1769494662.576:2847): pid=4547 uid=1000 auid=1000 ses=3 subj=unconfined msg='op=PAM:setcred grantors=pam_permit,pam_cap acct="root" exe="/usr/bin/sudo" hostname=? addr=? terminal=/dev/pts/0 res=success'UID="heroic" AUID="heroic"
type=USER_START msg=audit(1769494662.576:2848): pid=4547 uid=1000 auid=1000 ses=3 subj=unconfined msg='op=PAM:session_open grantors=pam_limits,pam_env,pam_env,pam_permit,pam_umask,pam_unix acct="root" exe="/usr/bin/sudo" hostname=? addr=? terminal=/dev/pts/0 res=success'UID="heroic" AUID="heroic"
type=SYSCALL msg=audit(1769494662.578:2849): arch=c000003e syscall=59 success=yes exit=0 a0=568a2f28ab68 a1=568a2f29abe0 a2=568a2f2ad360 a3=64 items=2 ppid=4548 pid=4549 auid=1000 uid=0 gid=0 euid=0 suid=0 fsuid=0 egid=0 sgid=0 fsgid=0 tty=pts4 ses=3 comm="su" exe="/usr/bin/su" subj=unconfined key="process_exec"ARCH=x86_64 SYSCALL=execve AUID="heroic" UID="root" GID="root" EUID="root" SUID="root" FSUID="root" EGID="root" SGID="root" FSGID="root"
type=EXECVE msg=audit(1769494662.578:2849): argc=1 a0="su"
type=CWD msg=audit(1769494662.578:2849): cwd="/home/heroic/Desktop/scripts-for-data-generation"
type=PATH msg=audit(1769494662.578:2849): item=0 name="/usr/bin/su" inode=1578335 dev=08:02 mode=0104755 ouid=0 ogid=0 rdev=00:00 nametype=NORMAL cap_fp=0 cap_fi=0 cap_fe=0 cap_fver=0 cap_frootid=0OUID="root" OGID="root"
type=PATH msg=audit(1769494662.578:2849): item=1 name="/lib64/ld-linux-x86-64.so.2" inode=1575340 dev=08:02 mode=0100755 ouid=0 ogid=0 rdev=00:00 nametype=NORMAL cap_fp=0 cap_fi=0 cap_fe=0 cap_fver=0 cap_frootid=0OUID="root" OGID="root"
type=PROCTITLE msg=audit(1769494662.578:2849): proctitle="su"
type=USER_AUTH msg=audit(1769494662.579:2850): pid=4549 uid=0 auid=1000 ses=3 subj=unconfined msg='op=PAM:authentication grantors=pam_rootok acct="root" exe="/usr/bin/su" hostname=? addr=? terminal=/dev/pts/4 res=success'UID="root" AUID="heroic"
type=USER_ACCT msg=audit(1769494662.579:2851): pid=4549 uid=0 auid=1000 ses=3 subj=unconfined msg='op=PAM:accounting grantors=pam_permit,pam_localuser acct="root" exe="/usr/bin/su" hostname=? addr=? terminal=/dev/pts/4 res=success'UID="root" AUID="heroic"
type=CRED_ACQ msg=audit(1769494662.582:2852): pid=4549 uid=0 auid=1000 ses=3 subj=unconfined msg='op=PAM:setcred grantors=pam_rootok acct="root" exe="/usr/bin/su" hostname=? addr=? terminal=/dev/pts/4 res=success'UID="root" AUID="heroic"
type=USER_START msg=audit(1769494662.587:2853): pid=4549 uid=0 auid=1000 ses=3 subj=unconfined msg='op=PAM:session_open grantors=pam_env,pam_env,pam_mail,pam_limits,pam_permit,pam_umask,pam_unix,pam_systemd acct="root" exe="/usr/bin/su" hostname=? addr=? terminal=/dev/pts/4 res=success'UID="root" AUID="heroic"
type=SYSCALL msg=audit(1769494662.587:2854): arch=c000003e syscall=59 success=yes exit=0 a0=587d8a4a8c90 a1=587d8a49bdb0 a2=7fffac6e37f8 a3=587d8a49bbe0 items=2 ppid=4549 pid=4550 auid=1000 uid=0 gid=0 euid=0 suid=0 fsuid=0 egid=0 sgid=0 fsgid=0 tty=pts4 ses=3 comm="bash" exe="/usr/bin/bash" subj=unconfined key="process_exec"ARCH=x86_64 SYSCALL=execve AUID="heroic" UID="root" GID="root" EUID="root" SUID="root" FSUID="root" EGID="root" SGID="root" FSGID="root"
type=EXECVE msg=audit(1769494662.587:2854): argc=1 a0="bash"
type=CWD msg=audit(1769494662.587:2854): cwd="/home/heroic/Desktop/scripts-for-data-generation"
type=PATH msg=audit(1769494662.587:2854): item=0 name="/bin/bash" inode=1573437 dev=08:02 mode=0100755 ouid=0 ogid=0 rdev=00:00 nametype=NORMAL cap_fp=0 cap_fi=0 cap_fe=0 cap_fver=0 cap_frootid=0OUID="root" OGID="root"
type=PATH msg=audit(1769494662.587:2854): item=1 name="/lib64/ld-linux-x86-64.so.2" inode=1575340 dev=08:02 mode=0100755 ouid=0 ogid=0 rdev=00:00 nametype=NORMAL cap_fp=0 cap_fi=0 cap_fe=0 cap_fver=0 cap_frootid=0OUID="root" OGID="root"
type=PROCTITLE msg=audit(1769494662.587:2854): proctitle="bash"
type=SYSCALL msg=audit(1769494662.595:2855): arch=c000003e syscall=59 success=yes exit=0 a0=5e8dd7c3f2b0 a1=5e8dd7c3cfa0 a2=5e8dd7c3c160 a3=5e8dd7c3cff0 items=2 ppid=4550 pid=4551 auid=1000 uid=0 gid=0 euid=0 suid=0 fsuid=0 egid=0 sgid=0 fsgid=0 tty=pts4 ses=3 comm="groups" exe="/usr/bin/groups" subj=unconfined key="process_exec"ARCH=x86_64 SYSCALL=execve AUID="heroic" UID="root" GID="root" EUID="root" SUID="root" FSUID="root" EGID="root" SGID="root" FSGID="root"
type=EXECVE msg=audit(1769494662.595:2855): argc=1 a0="groups"
type=CWD msg=audit(1769494662.595:2855): cwd="/home/heroic/Desktop/scripts-for-data-generation"
type=PATH msg=audit(1769494662.595:2855): item=0 name="/usr/bin/groups" inode=1578094 dev=08:02 mode=0100755 ouid=0 ogid=0 rdev=00:00 nametype=NORMAL cap_fp=0 cap_fi=0 cap_fe=0 cap_fver=0 cap_frootid=0OUID="root" OGID="root"
type=PATH msg=audit(1769494662.595:2855): item=1 name="/lib64/ld-linux-x86-64.so.2" inode=1575340 dev=08:02 mode=0100755 ouid=0 ogid=0 rdev=00:00 nametype=NORMAL cap_fp=0 cap_fi=0 cap_fe=0 cap_fver=0 cap_frootid=0OUID="root" OGID="root"
type=PROCTITLE msg=audit(1769494662.595:2855): proctitle="groups"
type=SYSCALL msg=audit(1769494662.599:2856): arch=c000003e syscall=59 success=yes exit=0 a0=5e8dd7c3e7a0 a1=5e8dd7c3db00 a2=5e8dd7c3c820 a3=8 items=3 ppid=4550 pid=4552 auid=1000 uid=0 gid=0 euid=0 suid=0 fsuid=0 egid=0 sgid=0 fsgid=0 tty=pts4 ses=3 comm="lesspipe" exe="/usr/bin/dash" subj=unconfined key="process_exec"ARCH=x86_64 SYSCALL=execve AUID="heroic" UID="root" GID="root" EUID="root" SUID="root" FSUID="root" EGID="root" SGID="root" FSGID="root"
type=EXECVE msg=audit(1769494662.599:2856): argc=2 a0="/bin/sh" a1="/usr/bin/lesspipe"
type=CWD msg=audit(1769494662.599:2856): cwd="/home/heroic/Desktop/scripts-for-data-generation"
type=PATH msg=audit(1769494662.599:2856): item=0 name="/usr/bin/lesspipe" inode=1573866 dev=08:02 mode=0100755 ouid=0 ogid=0 rdev=00:00 nametype=NORMAL cap_fp=0 cap_fi=0 cap_fe=0 cap_fver=0 cap_frootid=0OUID="root" OGID="root"
type=PATH msg=audit(1769494662.599:2856): item=1 name="/bin/sh" inode=1573518 dev=08:02 mode=0100755 ouid=0 ogid=0 rdev=00:00 nametype=NORMAL cap_fp=0 cap_fi=0 cap_fe=0 cap_fver=0 cap_frootid=0OUID="root" OGID="root"
type=PATH msg=audit(1769494662.599:2856): item=2 name="/lib64/ld-linux-x86-64.so.2" inode=1575340 dev=08:02 mode=0100755 ouid=0 ogid=0 rdev=00:00 nametype=NORMAL cap_fp=0 cap_fi=0 cap_fe=0 cap_fver=0 cap_frootid=0OUID="root" OGID="root"
type=PROCTITLE msg=audit(1769494662.599:2856): proctitle=2F62696E2F7368002F7573722F62696E2F6C65737370697065
type=SYSCALL msg=audit(1769494662.606:2857): arch=c000003e syscall=59 success=yes exit=0 a0=56e3bda03990 a1=56e396010600 a2=56e3bda038e8 a3=1 items=2 ppid=4552 pid=4553 auid=1000 uid=0 gid=0 euid=0 suid=0 fsuid=0 egid=0 sgid=0 fsgid=0 tty=pts4 ses=3 comm="basename" exe="/usr/bin/basename" subj=unconfined key="process_exec"ARCH=x86_64 SYSCALL=execve AUID="heroic" UID="root" GID="root" EUID="root" SUID="root" FSUID="root" EGID="root" SGID="root" FSGID="root"
type=EXECVE msg=audit(1769494662.606:2857): argc=2 a0="basename" a1="/usr/bin/lesspipe"
type=CWD msg=audit(1769494662.606:2857): cwd="/home/heroic/Desktop/scripts-for-data-generation"
type=PATH msg=audit(1769494662.606:2857): item=0 name="/usr/bin/basename" inode=1578014 dev=08:02 mode=0100755 ouid=0 ogid=0 rdev=00:00 nametype=NORMAL cap_fp=0 cap_fi=0 cap_fe=0 cap_fver=0 cap_frootid=0OUID="root" OGID="root"
type=PATH msg=audit(1769494662.606:2857): item=1 name="/lib64/ld-linux-x86-64.so.2" inode=1575340 dev=08:02 mode=0100755 ouid=0 ogid=0 rdev=00:00 nametype=NORMAL cap_fp=0 cap_fi=0 cap_fe=0 cap_fver=0 cap_frootid=0OUID="root" OGID="root"
type=PROCTITLE msg=audit(1769494662.606:2857): proctitle=626173656E616D65002F7573722F62696E2F6C65737370697065
type=SYSCALL msg=audit(1769494662.608:2858): arch=c000003e syscall=59 success=yes exit=0 a0=56e3bda0f910 a1=56e3bda0f850 a2=56e3bda0f868 a3=1 items=2 ppid=4554 pid=4555 auid=1000 uid=0 gid=0 euid=0 suid=0 fsuid=0 egid=0 sgid=0 fsgid=0 tty=pts4 ses=3 comm="dirname" exe="/usr/bin/dirname" subj=unconfined key="process_exec"ARCH=x86_64 SYSCALL=execve AUID="heroic" UID="root" GID="root" EUID="root" SUID="root" FSUID="root" EGID="root" SGID="root" FSGID="root"
type=EXECVE msg=audit(1769494662.608:2858): argc=2 a0="dirname" a1="/usr/bin/lesspipe"
type=CWD msg=audit(1769494662.608:2858): cwd="/home/heroic/Desktop/scripts-for-data-generation"
type=PATH msg=audit(1769494662.608:2858): item=0 name="/usr/bin/dirname" inode=1578074 dev=08:02 mode=0100755 ouid=0 ogid=0 rdev=00:00 nametype=NORMAL cap_fp=0 cap_fi=0 cap_fe=0 cap_fver=0 cap_frootid=0OUID="root" OGID="root"
type=PATH msg=audit(1769494662.608:2858): item=1 name="/lib64/ld-linux-x86-64.so.2" inode=1575340 dev=08:02 mode=0100755 ouid=0 ogid=0 rdev=00:00 nametype=NORMAL cap_fp=0 cap_fi=0 cap_fe=0 cap_fver=0 cap_frootid=0OUID="root" OGID="root"
type=PROCTITLE msg=audit(1769494662.608:2858): proctitle=6469726E616D65002F7573722F62696E2F6C65737370697065
type=SYSCALL msg=audit(1769494662.615:2859): arch=c000003e syscall=59 success=yes exit=0 a0=5e8dd7c3ce30 a1=5e8dd7c44ca0 a2=5e8dd7c3c820 a3=8 items=2 ppid=4550 pid=4556 auid=1000 uid=0 gid=0 euid=0 suid=0 fsuid=0 egid=0 sgid=0 fsgid=0 tty=pts4 ses=3 comm="dircolors" exe="/usr/bin/dircolors" subj=unconfined key="process_exec"ARCH=x86_64 SYSCALL=execve AUID="heroic" UID="root" GID="root" EUID="root" SUID="root" FSUID="root" EGID="root" SGID="root" FSGID="root"
type=EXECVE msg=audit(1769494662.615:2859): argc=2 a0="dircolors" a1="-b"
type=CWD msg=audit(1769494662.615:2859): cwd="/home/heroic/Desktop/scripts-for-data-generation"
type=PATH msg=audit(1769494662.615:2859): item=0 name="/usr/bin/dircolors" inode=1578073 dev=08:02 mode=0100755 ouid=0 ogid=0 rdev=00:00 nametype=NORMAL cap_fp=0 cap_fi=0 cap_fe=0 cap_fver=0 cap_frootid=0OUID="root" OGID="root"
type=PATH msg=audit(1769494662.615:2859): item=1 name="/lib64/ld-linux-x86-64.so.2" inode=1575340 dev=08:02 mode=0100755 ouid=0 ogid=0 rdev=00:00 nametype=NORMAL cap_fp=0 cap_fi=0 cap_fe=0 cap_fver=0 cap_frootid=0OUID="root" OGID="root"
type=PROCTITLE msg=audit(1769494662.615:2859): proctitle=646972636F6C6F7273002D62
type=SYSCALL msg=audit(1769494707.889:2860): arch=c000003e syscall=59 success=yes exit=0 a0=5e8dd7c68760 a1=5e8dd7c3ff30 a2=5e8dd7c3c820 a3=5e8dd7c68110 items=2 ppid=4550 pid=4561 auid=1000 uid=0 gid=0 euid=0 suid=0 fsuid=0 egid=0 sgid=0 fsgid=0 tty=pts4 ses=3 comm="sudo" exe="/usr/bin/sudo" subj=unconfined key="process_exec"ARCH=x86_64 SYSCALL=execve AUID="heroic" UID="root" GID="root" EUID="root" SUID="root" FSUID="root" EGID="root" SGID="root" FSGID="root"
type=EXECVE msg=audit(1769494707.889:2860): argc=4 a0="sudo" a1="cp" a2="/var/log/audit/audit.log" a3="/home/heroic/Desktop/scripts-for-data-generation/"
type=CWD msg=audit(1769494707.889:2860): cwd="/home/heroic/Desktop/scripts-for-data-generation"
type=PATH msg=audit(1769494707.889:2860): item=0 name="/usr/bin/sudo" inode=1574274 dev=08:02 mode=0104755 ouid=0 ogid=0 rdev=00:00 nametype=NORMAL cap_fp=0 cap_fi=0 cap_fe=0 cap_fver=0 cap_frootid=0OUID="root" OGID="root"
type=PATH msg=audit(1769494707.889:2860): item=1 name="/lib64/ld-linux-x86-64.so.2" inode=1575340 dev=08:02 mode=0100755 ouid=0 ogid=0 rdev=00:00 nametype=NORMAL cap_fp=0 cap_fi=0 cap_fe=0 cap_fver=0 cap_frootid=0OUID="root" OGID="root"
type=PROCTITLE msg=audit(1769494707.889:2860): proctitle=7375646F006370002F7661722F6C6F672F61756469742F61756469742E6C6F67002F686F6D652F6865726F69632F4465736B746F702F736372697074732D666F722D646174612D67656E65726174696F6E2F
type=USER_ACCT msg=audit(1769494707.916:2861): pid=4561 uid=0 auid=1000 ses=3 subj=unconfined msg='op=PAM:accounting grantors=pam_permit,pam_localuser acct="root" exe="/usr/bin/sudo" hostname=? addr=? terminal=/dev/pts/4 res=success'UID="root" AUID="heroic"
type=USER_CMD msg=audit(1769494707.918:2862): pid=4561 uid=0 auid=1000 ses=3 subj=unconfined msg='cwd="/home/heroic/Desktop/scripts-for-data-generation" cmd=6370202F7661722F6C6F672F61756469742F61756469742E6C6F67202F686F6D652F6865726F69632F4465736B746F702F736372697074732D666F722D646174612D67656E65726174696F6E2F exe="/usr/bin/sudo" terminal=pts/4 res=success'UID="root" AUID="heroic"
type=CRED_REFR msg=audit(1769494707.919:2863): pid=4561 uid=0 auid=1000 ses=3 subj=unconfined msg='op=PAM:setcred grantors=pam_permit,pam_cap acct="root" exe="/usr/bin/sudo" hostname=? addr=? terminal=/dev/pts/4 res=success'UID="root" AUID="heroic"
type=USER_START msg=audit(1769494707.919:2864): pid=4561 uid=0 auid=1000 ses=3 subj=unconfined msg='op=PAM:session_open grantors=pam_limits,pam_env,pam_env,pam_permit,pam_umask,pam_unix acct="root" exe="/usr/bin/sudo" hostname=? addr=? terminal=/dev/pts/4 res=success'UID="root" AUID="heroic"
type=SYSCALL msg=audit(1769494707.920:2865): arch=c000003e syscall=59 success=yes exit=0 a0=64f361c8bb68 a1=64f361c9ba10 a2=64f361d2f6b0 a3=64 items=2 ppid=4562 pid=4563 auid=1000 uid=0 gid=0 euid=0 suid=0 fsuid=0 egid=0 sgid=0 fsgid=0 tty=pts5 ses=3 comm="cp" exe="/usr/bin/cp" subj=unconfined key="process_exec"ARCH=x86_64 SYSCALL=execve AUID="heroic" UID="root" GID="root" EUID="root" SUID="root" FSUID="root" EGID="root" SGID="root" FSGID="root"
type=EXECVE msg=audit(1769494707.920:2865): argc=3 a0="cp" a1="/var/log/audit/audit.log" a2="/home/heroic/Desktop/scripts-for-data-generation/"
type=CWD msg=audit(1769494707.920:2865): cwd="/home/heroic/Desktop/scripts-for-data-generation"
type=PATH msg=audit(1769494707.920:2865): item=0 name="/usr/bin/cp" inode=1578056 dev=08:02 mode=0100755 ouid=0 ogid=0 rdev=00:00 nametype=NORMAL cap_fp=0 cap_fi=0 cap_fe=0 cap_fver=0 cap_frootid=0OUID="root" OGID="root"
type=PATH msg=audit(1769494707.920:2865): item=1 name="/lib64/ld-linux-x86-64.so.2" inode=1575340 dev=08:02 mode=0100755 ouid=0 ogid=0 rdev=00:00 nametype=NORMAL cap_fp=0 cap_fi=0 cap_fe=0 cap_fver=0 cap_frootid=0OUID="root" OGID="root"
type=PROCTITLE msg=audit(1769494707.920:2865): proctitle=6370002F7661722F6C6F672F61756469742F61756469742E6C6F67002F686F6D652F6865726F69632F4465736B746F702F736372697074732D666F722D646174612D67656E65726174696F6E2F
